渔船ID,lat,lon,速度,方向,time,type
10087,30.09036111111111,123.37483333333331,1.7,181.0,2020-09-05 18:38:28,围网
10087,30.084805555555555,123.37263888888887,4.8,224.0,2020-09-05 18:48:28,围网
10087,30.079527777777766,123.3695,1.5,194.0,2020-09-05 18:58:28,围网
10087,30.07441666666667,123.36577777777777,1.9,174.0,2020-09-05 19:08:28,围网
10087,30.069805555555554,123.36105555555555,2.2,223.0,2020-09-05 19:18:28,围网
10087,30.06594444444445,123.35527777777777,2.8,251.0,2020-09-05 19:28:28,围网
10087,30.06269444444445,123.34905555555555,1.9,244.0,2020-09-05 19:38:28,围网
10087,30.05988888888889,123.34236111111107,2.0,239.0,2020-09-05 19:48:28,围网
10087,30.05866666666667,123.33822222222223,1.6,317.0,2020-09-05 19:58:29,围网
10087,30.05966666666667,123.33461111111113,1.0,249.0,2020-09-05 20:18:28,围网
10087,30.058777777777767,123.3287222222222,2.3,270.0,2020-09-05 20:28:28,围网
10087,30.05808333333333,123.32288888888887,2.5,278.0,2020-09-05 20:38:27,围网
10087,30.06355555555556,123.2985277777778,8.6,284.0,2020-09-05 20:48:28,围网
10087,30.06636111111111,123.26836111111106,9.9,268.0,2020-09-05 20:58:27,围网
10087,30.069277777777767,123.23788888888888,8.5,283.0,2020-09-05 21:08:27,围网
10087,30.07352777777778,123.20786111111113,9.5,310.0,2020-09-05 21:18:27,围网
10087,30.078861111111113,123.17883333333332,9.3,273.0,2020-09-05 21:28:27,围网
10087,30.084138888888887,123.12061111111113,9.1,268.0,2020-09-05 21:48:27,围网
10087,30.086416666666665,123.09144444444445,9.0,284.0,2020-09-05 21:58:27,围网
10087,30.088916666666666,123.06266666666669,8.8,286.0,2020-09-05 22:08:27,围网
10087,30.09283333333333,123.03399999999999,7.9,274.0,2020-09-05 22:18:27,围网
10087,30.09761111111111,123.00588888888888,8.1,275.0,2020-09-05 22:28:27,围网
10087,30.10083333333333,122.97686111111112,8.5,265.0,2020-09-05 22:38:30,围网
10087,30.10027777777778,122.94633333333331,9.0,265.0,2020-09-05 22:48:32,围网
10087,30.101861111111113,122.91638888888887,8.9,281.0,2020-09-05 22:58:29,围网
10087,30.104388888888888,122.88697222222223,8.9,284.0,2020-09-05 23:08:27,围网
10087,30.10730555555556,122.8562777777778,8.5,276.0,2020-09-05 23:18:57,围网
10087,30.110138888888887,122.82780555555556,10.5,280.0,2020-09-05 23:28:27,围网
10087,30.11594444444445,122.7987777777778,9.2,274.0,2020-09-05 23:38:27,围网
10087,30.11991666666667,122.77686111111113,1.4,208.0,2020-09-05 23:48:27,围网
10087,30.117472222222233,122.77411111111113,0.6,205.0,2020-09-05 23:58:27,围网
10087,30.11725,122.774,1.6,151.0,2020-09-06 00:08:27,围网
10087,30.11713888888889,122.77402777777776,0.1,0.0,2020-09-06 00:18:27,围网
10087,30.116972222222234,122.77405555555555,0.5,0.0,2020-09-06 00:28:27,围网
10087,30.116888888888887,122.77422222222219,0.4,0.0,2020-09-06 00:38:27,围网
10087,30.11691666666667,122.77402777777776,2.0,299.0,2020-09-06 00:48:57,围网
10087,30.11683333333333,122.77413888888887,2.4,109.0,2020-09-06 00:58:27,围网
10087,30.11675,122.77425,0.1,0.0,2020-09-06 01:08:27,围网
10087,30.11669444444445,122.77438888888888,0.1,0.0,2020-09-06 01:18:27,围网
10087,30.11663888888889,122.7747777777778,1.9,329.0,2020-09-06 01:28:26,围网
10087,30.11661111111113,122.77469444444445,1.3,142.0,2020-09-06 01:38:26,围网
10087,30.11663888888889,122.77463888888887,0.9,203.0,2020-09-06 01:48:26,围网
10087,30.11663888888889,122.77480555555556,0.3,0.0,2020-09-06 01:58:26,围网
10087,30.11658333333333,122.77486111111112,2.8,73.0,2020-09-06 02:08:27,围网
10087,30.11663888888889,122.77455555555555,2.2,20.0,2020-09-06 02:18:27,围网
10087,30.11663888888889,122.77466666666666,1.1,0.0,2020-09-06 02:28:26,围网
10087,30.11661111111113,122.77511111111113,0.6,0.0,2020-09-06 02:38:26,围网
10087,30.11663888888889,122.77527777777777,1.2,0.0,2020-09-06 02:48:26,围网
10087,30.116777777777767,122.77558333333332,0.0,0.0,2020-09-06 02:58:26,围网
10087,30.116972222222234,122.77586111111113,1.8,202.0,2020-09-06 03:08:27,围网
10087,30.117027777777786,122.77594444444445,1.3,0.0,2020-09-06 03:18:27,围网
10087,30.117,122.77588888888893,2.7,98.0,2020-09-06 03:28:28,围网
10087,30.11708333333333,122.77591666666667,0.7,0.0,2020-09-06 03:38:39,围网
10087,30.11733333333333,122.77605555555556,0.2,0.0,2020-09-06 03:48:26,围网
10087,30.117305555555554,122.77613888888888,0.3,0.0,2020-09-06 03:58:26,围网
10087,30.117555555555555,122.77625,0.5,0.0,2020-09-06 04:08:38,围网
10087,30.11727777777777,122.77622222222222,1.1,134.0,2020-09-06 04:18:26,围网
10087,30.11741666666667,122.77622222222222,1.7,314.0,2020-09-06 04:28:26,围网
10087,30.117722222222234,122.77630555555555,0.7,238.0,2020-09-06 04:38:26,围网
10087,30.11758333333333,122.77630555555555,0.6,272.0,2020-09-06 04:48:38,围网
10087,30.11780555555556,122.77630555555555,0.5,0.0,2020-09-06 04:58:26,围网
10087,30.11783333333333,122.7762777777778,0.4,0.0,2020-09-06 05:08:26,围网
10087,30.11705555555556,122.77605555555556,2.2,165.0,2020-09-06 05:18:26,围网
10087,30.117611111111113,122.77486111111112,2.0,305.0,2020-09-06 05:28:26,围网
10087,30.121944444444445,122.75763888888888,6.2,293.0,2020-09-06 05:38:26,围网
10087,30.13091666666667,122.74127777777778,6.9,304.0,2020-09-06 05:48:25,围网
10087,30.14269444444445,122.7235,7.3,322.0,2020-09-06 05:58:25,围网
10087,30.15886111111111,122.71025,4.9,333.0,2020-09-06 06:08:38,围网
10087,30.174,122.70308333333334,6.3,321.0,2020-09-06 06:18:25,围网
10087,30.18047222222223,122.69625,0.6,0.0,2020-09-06 06:28:25,围网
10087,30.180222222222234,122.69619444444444,1.1,72.0,2020-09-06 06:38:25,围网
10087,30.180222222222234,122.69633333333331,0.1,0.0,2020-09-06 06:48:25,围网
10087,30.180222222222234,122.69622222222222,0.4,0.0,2020-09-06 06:58:25,围网
10087,30.180194444444453,122.69630555555555,0.2,0.0,2020-09-06 07:08:25,围网
10087,30.180194444444453,122.69611111111112,0.4,0.0,2020-09-06 07:18:25,围网
10087,30.180194444444453,122.69622222222222,0.2,0.0,2020-09-06 07:28:25,围网
10087,30.180166666666665,122.69630555555555,0.8,131.0,2020-09-06 07:38:25,围网
10087,30.180138888888887,122.69630555555555,0.1,0.0,2020-09-06 07:48:25,围网
10087,30.180111111111113,122.69625,0.6,60.0,2020-09-06 07:58:25,围网
10087,30.18008333333333,122.69622222222222,0.8,294.0,2020-09-06 08:08:25,围网
10087,30.18008333333333,122.69616666666668,0.4,0.0,2020-09-06 08:18:25,围网
10087,30.18008333333333,122.6959722222222,0.7,0.0,2020-09-06 08:28:39,围网
10087,30.180055555555555,122.6960277777778,0.5,0.0,2020-09-06 08:38:25,围网
10087,30.18008333333333,122.69594444444445,0.7,111.0,2020-09-06 08:48:25,围网
10087,30.180027777777767,122.69594444444445,0.9,126.0,2020-09-06 08:58:39,围网
10087,30.180027777777767,122.69591666666668,0.4,0.0,2020-09-06 09:08:25,围网
10087,30.180055555555555,122.69580555555555,1.0,0.0,2020-09-06 09:18:25,围网
10087,30.18008333333333,122.69575,0.7,0.0,2020-09-06 09:28:24,围网
10087,30.180111111111113,122.69563888888894,1.4,72.0,2020-09-06 09:38:25,围网
10087,30.180138888888887,122.69552777777777,0.3,0.0,2020-09-06 09:48:25,围网
10087,30.180166666666665,122.6955,0.2,0.0,2020-09-06 09:58:25,围网
10087,30.180138888888887,122.69536111111113,1.0,126.0,2020-09-06 10:09:03,围网
10087,30.180055555555555,122.6955,0.3,0.0,2020-09-06 10:18:25,围网
10087,30.180055555555555,122.6954722222222,0.1,0.0,2020-09-06 10:28:24,围网
10087,30.180138888888887,122.69536111111113,0.8,198.0,2020-09-06 10:38:24,围网
10087,30.180138888888887,122.69536111111113,1.7,359.0,2020-09-06 10:48:25,围网
10087,30.180194444444453,122.69530555555555,0.6,0.0,2020-09-06 10:58:25,围网
10087,30.180111111111113,122.69544444444445,2.4,79.0,2020-09-06 11:08:24,围网
10087,30.180055555555555,122.69552777777777,0.4,0.0,2020-09-06 11:18:24,围网
10087,30.179972222222233,122.69569444444444,0.4,0.0,2020-09-06 11:28:24,围网
10087,30.17991666666667,122.69586111111113,0.1,0.0,2020-09-06 11:39:09,围网
10087,30.17991666666667,122.696,0.7,357.0,2020-09-06 11:48:24,围网
10087,30.17991666666667,122.69608333333332,0.7,81.0,2020-09-06 11:58:24,围网
10087,30.17991666666667,122.69627777777778,1.5,310.0,2020-09-06 12:08:24,围网
10087,30.17991666666667,122.69638888888888,0.4,0.0,2020-09-06 12:18:24,围网
10087,30.17988888888889,122.69622222222222,0.2,0.0,2020-09-06 12:28:24,围网
10087,30.179861111111112,122.69627777777778,0.3,0.0,2020-09-06 12:38:24,围网
10087,30.17991666666667,122.69633333333331,1.2,141.0,2020-09-06 12:48:24,围网
10087,30.17991666666667,122.69636111111107,0.1,0.0,2020-09-06 12:58:24,围网
10087,30.17991666666667,122.69647222222223,1.0,0.0,2020-09-06 13:08:24,围网
10087,30.17991666666667,122.69658333333334,0.5,164.0,2020-09-06 13:18:39,围网
10087,30.179805555555557,122.6965,0.8,333.0,2020-09-06 13:28:24,围网
10087,30.17955555555556,122.6965,0.5,0.0,2020-09-06 13:38:24,围网
10087,30.182361111111113,122.69591666666668,1.6,163.0,2020-09-06 13:48:24,围网
10087,30.181305555555557,122.69658333333334,0.6,0.0,2020-09-06 13:58:24,围网
10087,30.18141666666667,122.69655555555555,0.7,0.0,2020-09-06 14:08:24,围网
10087,30.181277777777765,122.69652777777776,0.8,0.0,2020-09-06 14:18:24,围网
10087,30.18141666666667,122.69652777777776,0.8,0.0,2020-09-06 14:28:39,围网
10087,30.181527777777767,122.69680555555556,0.8,0.0,2020-09-06 14:38:24,围网
10087,30.18141666666667,122.69697222222223,1.7,340.0,2020-09-06 14:48:24,围网
10087,30.181444444444452,122.69697222222223,1.6,0.0,2020-09-06 14:58:24,围网
10087,30.181305555555557,122.69675,1.2,0.0,2020-09-06 15:08:23,围网
10087,30.18125,122.69636111111107,0.1,0.0,2020-09-06 15:18:23,围网
10087,30.18119444444445,122.69619444444444,1.0,0.0,2020-09-06 15:28:23,围网
10087,30.181277777777765,122.69619444444444,0.2,0.0,2020-09-06 15:38:24,围网
10087,30.18119444444445,122.69627777777778,1.1,0.0,2020-09-06 15:48:24,围网
10087,30.18122222222221,122.69619444444444,0.0,0.0,2020-09-06 15:58:25,围网
10087,30.18113888888889,122.69619444444444,0.7,0.0,2020-09-06 16:08:23,围网
10087,30.18111111111111,122.69622222222222,0.5,0.0,2020-09-06 16:18:23,围网
10087,30.18108333333333,122.69630555555555,0.4,0.0,2020-09-06 16:28:24,围网
10087,30.18105555555556,122.69627777777778,0.6,0.0,2020-09-06 16:38:23,围网
10087,30.18105555555556,122.69627777777778,0.3,0.0,2020-09-06 16:48:39,围网
10087,30.18108333333333,122.69633333333331,0.0,0.0,2020-09-06 16:58:23,围网
10087,30.18105555555556,122.69619444444444,0.2,0.0,2020-09-06 17:08:23,围网
10087,30.18108333333333,122.69630555555555,0.3,0.0,2020-09-06 17:18:23,围网
10087,30.18105555555556,122.69619444444444,0.1,0.0,2020-09-06 17:28:23,围网
10087,30.18111111111111,122.69647222222223,0.5,0.0,2020-09-06 17:38:23,围网
10087,30.18111111111111,122.69661111111112,1.1,132.0,2020-09-06 17:48:23,围网
10087,30.18119444444445,122.6965,0.4,0.0,2020-09-06 17:58:25,围网
10087,30.18111111111111,122.69672222222223,0.5,0.0,2020-09-06 18:09:09,围网
10087,30.18111111111111,122.69666666666667,0.1,0.0,2020-09-06 18:18:23,围网
10087,30.181027777777786,122.69655555555555,0.1,0.0,2020-09-06 18:28:23,围网
10087,30.18108333333333,122.69661111111112,0.5,0.0,2020-09-06 18:38:23,围网
10087,30.18108333333333,122.69666666666667,0.0,0.0,2020-09-06 18:48:23,围网
10087,30.18108333333333,122.69661111111112,0.3,0.0,2020-09-06 18:58:23,围网
10087,30.18105555555556,122.69652777777776,0.2,0.0,2020-09-06 19:08:23,围网
10087,30.181027777777786,122.6965,1.3,259.0,2020-09-06 19:18:23,围网
10087,30.181,122.69647222222223,1.0,66.0,2020-09-06 19:28:23,围网
10087,30.181,122.6965,0.0,0.0,2020-09-06 19:38:22,围网
10087,30.181,122.69661111111112,0.3,0.0,2020-09-06 19:48:22,围网
10087,30.180972222222234,122.6965,0.2,0.0,2020-09-06 19:58:22,围网
10087,30.180944444444453,122.69655555555555,0.0,0.0,2020-09-06 20:08:22,围网
10087,30.180944444444453,122.69655555555555,0.6,81.0,2020-09-06 20:18:22,围网
10087,30.18091666666667,122.69652777777776,0.8,46.0,2020-09-06 20:28:22,围网
10087,30.18091666666667,122.69655555555555,0.1,0.0,2020-09-06 20:38:39,围网
10087,30.180972222222234,122.69669444444445,0.2,0.0,2020-09-06 20:48:22,围网
10087,30.18091666666667,122.69666666666667,0.2,0.0,2020-09-06 20:58:22,围网
10087,30.18091666666667,122.69661111111112,1.1,91.0,2020-09-06 21:08:22,围网
10087,30.18091666666667,122.69661111111112,0.7,248.0,2020-09-06 21:18:22,围网
10087,30.180888888888887,122.69655555555555,0.6,268.0,2020-09-06 21:28:22,围网
10087,30.180888888888887,122.69647222222223,0.2,0.0,2020-09-06 21:38:22,围网
10087,30.180861111111113,122.6965,0.5,0.0,2020-09-06 21:48:22,围网
10087,30.180888888888887,122.69647222222223,0.3,0.0,2020-09-06 21:58:22,围网
10087,30.180888888888887,122.69644444444445,0.8,348.0,2020-09-06 22:08:22,围网
10087,30.180861111111113,122.69647222222223,0.3,0.0,2020-09-06 22:18:22,围网
10087,30.180833333333336,122.69619444444444,0.6,351.0,2020-09-06 22:28:22,围网
10087,30.180861111111113,122.696,0.3,0.0,2020-09-06 22:38:22,围网
10087,30.180888888888887,122.69563888888894,0.8,322.0,2020-09-06 22:48:22,围网
10087,30.18091666666667,122.69555555555556,0.4,0.0,2020-09-06 22:58:22,围网
10087,30.180861111111113,122.69575,0.5,0.0,2020-09-06 23:08:22,围网
10087,30.180861111111113,122.6957777777778,0.2,0.0,2020-09-06 23:18:22,围网
10087,30.180861111111113,122.6957777777778,0.6,14.0,2020-09-06 23:28:22,围网
10087,30.180888888888887,122.69638888888888,0.6,0.0,2020-09-06 23:38:22,围网
10087,30.181,122.69680555555556,0.1,0.0,2020-09-06 23:48:22,围网
10087,30.18105555555556,122.69694444444444,0.2,0.0,2020-09-06 23:58:22,围网
10087,30.18113888888889,122.69708333333334,0.6,97.0,2020-09-07 00:08:38,围网
10087,30.18125,122.69719444444445,1.7,39.0,2020-09-07 00:18:21,围网
10087,30.181638888888887,122.69755555555555,0.2,0.0,2020-09-07 00:28:22,围网
10087,30.182222222222233,122.69766666666668,0.3,0.0,2020-09-07 00:38:21,围网
10087,30.18216666666667,122.69769444444445,0.3,0.0,2020-09-07 00:48:21,围网
10087,30.182111111111112,122.69772222222224,0.1,0.0,2020-09-07 00:58:21,围网
10087,30.182222222222233,122.69772222222224,0.1,0.0,2020-09-07 01:08:21,围网
10087,30.18233333333333,122.69772222222224,0.3,0.0,2020-09-07 01:18:21,围网
10087,30.1825,122.69769444444445,0.2,0.0,2020-09-07 01:28:21,围网
10087,30.182722222222232,122.69766666666668,0.2,0.0,2020-09-07 01:38:21,围网
10087,30.182944444444445,122.69755555555555,0.3,0.0,2020-09-07 01:48:21,围网
10087,30.182666666666666,122.69772222222224,0.7,155.0,2020-09-07 01:58:21,围网
10087,30.18263888888889,122.69769444444445,0.5,0.0,2020-09-07 02:08:22,围网
10087,30.18263888888889,122.69769444444445,0.8,0.0,2020-09-07 02:18:21,围网
10087,30.18241666666667,122.69769444444445,0.3,0.0,2020-09-07 02:28:21,围网
10087,30.182,122.69744444444444,2.1,145.0,2020-09-07 02:38:21,围网
10087,30.18113888888889,122.69641666666666,0.4,0.0,2020-09-07 02:48:22,围网
10087,30.180972222222234,122.69644444444445,1.0,140.0,2020-09-07 02:58:22,围网
10087,30.180972222222234,122.69647222222223,0.4,0.0,2020-09-07 03:08:21,围网
10087,30.181027777777786,122.69652777777776,0.2,0.0,2020-09-07 03:18:22,围网
10087,30.181027777777786,122.69655555555555,0.8,127.0,2020-09-07 03:28:22,围网
10087,30.18091666666667,122.69630555555555,0.8,0.0,2020-09-07 03:38:21,围网
10087,30.180888888888887,122.69655555555555,0.5,0.0,2020-09-07 03:48:39,围网
10087,30.180861111111113,122.69630555555555,0.2,0.0,2020-09-07 03:58:21,围网
10087,30.180888888888887,122.69658333333334,0.6,0.0,2020-09-07 04:08:21,围网
10087,30.180888888888887,122.69658333333334,0.8,320.0,2020-09-07 04:18:21,围网
10087,30.180861111111113,122.69655555555555,0.1,0.0,2020-09-07 04:28:21,围网
10087,30.18119444444445,122.6972222222222,0.5,0.0,2020-09-07 04:38:20,围网
10087,30.18108333333333,122.69705555555555,0.4,0.0,2020-09-07 04:48:20,围网
10087,30.18105555555556,122.69697222222223,0.5,0.0,2020-09-07 04:58:20,围网
10087,30.18111111111111,122.69711111111113,0.4,0.0,2020-09-07 05:08:20,围网
10087,30.181027777777786,122.69691666666668,1.0,0.0,2020-09-07 05:18:20,围网
10087,30.18108333333333,122.6970277777778,0.4,0.0,2020-09-07 05:28:20,围网
10087,30.181277777777765,122.6972222222222,0.3,0.0,2020-09-07 05:38:20,围网
10087,30.18261111111111,122.69583333333334,2.8,41.0,2020-09-07 05:48:20,围网
10087,30.166,122.718,7.5,64.0,2020-09-07 05:58:20,围网
10087,30.170305555555558,122.74469444444445,7.2,70.0,2020-09-07 06:09:08,围网
10087,30.174611111111112,122.76647222222222,7.1,65.0,2020-09-07 06:18:20,围网
10087,30.181472222222233,122.78858333333332,7.5,73.0,2020-09-07 06:28:20,围网
10087,30.18686111111111,122.81275,7.0,72.0,2020-09-07 06:38:20,围网
10087,30.19308333333333,122.83588888888887,8.5,75.0,2020-09-07 06:48:20,围网
10087,30.19983333333333,122.85794444444444,7.9,78.0,2020-09-07 06:58:20,围网
10087,30.20697222222222,122.88072222222222,7.5,64.0,2020-09-07 07:08:20,围网
10087,30.214527777777768,122.90305555555555,7.6,75.0,2020-09-07 07:18:20,围网
10087,30.222805555555553,122.92608333333334,7.6,64.0,2020-09-07 07:28:20,围网
10087,30.23147222222222,122.94869444444444,7.4,53.0,2020-09-07 07:38:20,围网
10087,30.24130555555556,122.97080555555556,7.8,63.0,2020-09-07 07:48:20,围网
10087,30.25111111111111,122.99238888888893,7.1,65.0,2020-09-07 07:58:20,围网
10087,30.261194444444445,123.01225,5.9,58.0,2020-09-07 08:08:20,围网
10087,30.27105555555556,123.03213888888894,8.8,62.0,2020-09-07 08:18:20,围网
10087,30.2805,123.05269444444444,6.6,70.0,2020-09-07 08:28:20,围网
10087,30.28983333333333,123.07333333333332,7.2,56.0,2020-09-07 08:38:20,围网
10087,30.29875,123.0937222222222,8.3,69.0,2020-09-07 08:48:20,围网
10087,30.30755555555556,123.11361111111113,7.7,73.0,2020-09-07 08:58:20,围网
10087,30.316111111111113,123.13319444444444,7.3,69.0,2020-09-07 09:08:19,围网
10087,30.3245,123.1525,6.3,60.0,2020-09-07 09:18:20,围网
10087,30.33275,123.17158333333334,6.8,68.0,2020-09-07 09:28:19,围网
10087,30.340944444444442,123.19047222222223,8.0,78.0,2020-09-07 09:38:19,围网
10087,30.349777777777767,123.21016666666668,7.4,75.0,2020-09-07 09:48:20,围网
10087,30.35886111111111,123.23100000000001,8.1,75.0,2020-09-07 09:58:19,围网
10087,30.368416666666665,123.25277777777778,8.1,77.0,2020-09-07 10:09:09,围网
10087,30.37641666666667,123.27091666666666,6.3,66.0,2020-09-07 10:18:19,围网
10087,30.38513888888889,123.29086111111107,6.6,71.0,2020-09-07 10:28:19,围网
10087,30.394,123.31069444444445,7.2,67.0,2020-09-07 10:38:19,围网
10087,30.40286111111111,123.33113888888887,7.5,74.0,2020-09-07 10:48:19,围网
10087,30.412,123.3517222222222,7.1,70.0,2020-09-07 10:58:19,围网
10087,30.42088888888889,123.37202777777777,7.8,63.0,2020-09-07 11:08:19,围网
10087,30.430111111111113,123.3935277777778,8.1,65.0,2020-09-07 11:18:19,围网
10087,30.44033333333333,123.41630555555555,7.4,65.0,2020-09-07 11:28:39,围网
10087,30.449638888888888,123.43830555555556,7.9,71.0,2020-09-07 11:38:19,围网
10087,30.459972222222234,123.46161111111113,7.9,77.0,2020-09-07 11:48:19,围网
10087,30.470388888888888,123.4844722222222,8.1,59.0,2020-09-07 11:58:19,围网
10087,30.48097222222221,123.50841666666668,8.7,56.0,2020-09-07 12:08:19,围网
10087,30.49158333333333,123.53313888888887,8.9,74.0,2020-09-07 12:18:19,围网
10087,30.502027777777766,123.55788888888887,9.3,85.0,2020-09-07 12:28:19,围网
10087,30.51205555555555,123.58119444444445,8.1,60.0,2020-09-07 12:38:19,围网
10087,30.522444444444453,123.60530555555556,9.6,68.0,2020-09-07 12:48:20,围网
10087,30.534722222222232,123.63138888888888,8.1,58.0,2020-09-07 12:59:09,围网
10087,30.54516666666667,123.65347222222222,8.6,63.0,2020-09-07 13:08:19,围网
10087,30.556555555555555,123.67613888888887,8.5,65.0,2020-09-07 13:18:19,围网
10087,30.56933333333333,123.70094444444445,8.0,60.0,2020-09-07 13:28:19,围网
10087,30.58205555555556,123.7260277777778,10.6,63.0,2020-09-07 13:38:19,围网
10087,30.59469444444445,123.75080555555556,8.9,50.0,2020-09-07 13:48:19,围网
10087,30.608888888888888,123.77433333333332,9.5,66.0,2020-09-07 13:58:19,围网
10087,30.620361111111112,123.80047222222224,11.2,68.0,2020-09-07 14:08:18,围网
10087,30.63208333333333,123.82702777777777,9.5,63.0,2020-09-07 14:18:18,围网
10087,30.643583333333336,123.85319444444444,9.6,68.0,2020-09-07 14:28:21,围网
10087,30.65572222222222,123.87791666666664,10.0,64.0,2020-09-07 14:38:19,围网
10087,30.66844444444445,123.90269444444445,10.9,63.0,2020-09-07 14:48:19,围网
10087,30.681611111111113,123.92638888888894,9.7,68.0,2020-09-07 14:58:18,围网
10087,30.694972222222226,123.95025,8.9,61.0,2020-09-07 15:08:18,围网
10087,30.70819444444444,123.97191666666666,9.6,51.0,2020-09-07 15:18:18,围网
10087,30.722222222222207,123.99511111111113,9.7,54.0,2020-09-07 15:28:18,围网
10087,30.736555555555555,124.01925,8.2,60.0,2020-09-07 15:38:39,围网
10087,30.74966666666667,124.04213888888887,8.6,57.0,2020-09-07 15:48:18,围网
10087,30.76313888888889,124.06636111111106,8.4,51.0,2020-09-07 15:58:18,围网
10087,30.77663888888889,124.09091666666666,9.3,55.0,2020-09-07 16:08:18,围网
10087,30.790055555555558,124.11552777777777,9.3,48.0,2020-09-07 16:18:18,围网
10087,30.8035,124.14013888888887,9.4,55.0,2020-09-07 16:28:19,围网
10087,30.817277777777768,124.16547222222223,8.6,49.0,2020-09-07 16:38:39,围网
10087,30.83055555555556,124.18827777777778,8.0,56.0,2020-09-07 16:48:18,围网
10087,30.843888888888888,124.21219444444445,9.9,55.0,2020-09-07 16:58:18,围网
10087,30.857083333333332,124.23505555555555,8.5,50.0,2020-09-07 17:08:18,围网
10087,30.870222222222232,124.25647222222223,7.9,56.0,2020-09-07 17:18:18,围网
10087,30.883416666666665,124.27727777777778,8.5,61.0,2020-09-07 17:28:18,围网
10087,30.896583333333336,124.29819444444445,7.7,65.0,2020-09-07 17:38:18,围网
10087,30.909805555555554,124.3195,8.3,63.0,2020-09-07 17:48:18,围网
10087,30.9225,124.34072222222223,8.2,67.0,2020-09-07 17:58:18,围网
10087,30.935027777777766,124.362,7.1,50.0,2020-09-07 18:08:18,围网
10087,30.94675,124.38294444444445,8.1,62.0,2020-09-07 18:18:18,围网
10087,30.95877777777777,124.40369444444444,7.2,53.0,2020-09-07 18:28:18,围网
10087,30.97213888888889,124.4235,7.4,46.0,2020-09-07 18:38:18,围网
10087,30.98577777777778,124.44358333333334,8.1,56.0,2020-09-07 18:48:18,围网
10087,30.99855555555556,124.46458333333334,8.9,63.0,2020-09-07 18:58:18,围网
10087,31.01327777777778,124.48236111111108,8.3,54.0,2020-09-07 19:08:18,围网
10087,31.02708333333333,124.50097222222222,8.1,50.0,2020-09-07 19:18:19,围网
10087,31.041722222222226,124.51941666666666,6.6,47.0,2020-09-07 19:28:39,围网
10087,31.055722222222233,124.53505555555556,7.5,39.0,2020-09-07 19:38:17,围网
10087,31.06558333333333,124.55547222222219,8.3,79.0,2020-09-07 19:48:17,围网
10087,31.085611111111113,124.59566666666666,6.9,56.0,2020-09-07 20:08:17,围网
10087,31.098722222222207,124.61361111111113,7.4,43.0,2020-09-07 20:18:17,围网
10087,31.113055555555558,124.6302777777778,7.2,44.0,2020-09-07 20:28:17,围网
10087,31.126472222222233,124.64908333333334,7.6,54.0,2020-09-07 20:38:17,围网
10087,31.13936111111111,124.6677777777778,8.2,51.0,2020-09-07 20:48:17,围网
10087,31.155666666666665,124.68261111111113,8.5,46.0,2020-09-07 20:58:17,围网
10087,31.17275,124.69652777777776,7.5,49.0,2020-09-07 21:08:17,围网
10087,31.18555555555556,124.71486111111106,7.6,43.0,2020-09-07 21:18:17,围网
10087,31.19919444444445,124.73219444444445,6.2,44.0,2020-09-07 21:28:17,围网
10087,31.215555555555554,124.74672222222223,7.9,44.0,2020-09-07 21:38:17,围网
10087,31.227305555555553,124.76644444444445,7.6,54.0,2020-09-07 21:48:17,围网
10087,31.238916666666668,124.78594444444445,7.2,54.0,2020-09-07 21:58:17,围网
10087,31.25075,124.80661111111112,7.8,63.0,2020-09-07 22:08:38,围网
10087,31.261861111111113,124.8262222222222,7.8,49.0,2020-09-07 22:18:17,围网
10087,31.274166666666666,124.84638888888887,7.6,66.0,2020-09-07 22:28:17,围网
10087,31.28455555555556,124.86783333333334,7.9,47.0,2020-09-07 22:38:17,围网
10087,31.297305555555557,124.88844444444445,8.3,49.0,2020-09-07 22:48:17,围网
10087,31.312,124.90836111111112,8.5,45.0,2020-09-07 22:58:17,围网
10087,31.328194444444442,124.92733333333334,8.5,33.0,2020-09-07 23:08:17,围网
10087,31.34194444444445,124.94741666666668,7.0,72.0,2020-09-07 23:18:17,围网
10087,31.355722222222226,124.96855555555555,8.2,51.0,2020-09-07 23:28:16,围网
10087,31.36875,124.99069444444444,8.1,62.0,2020-09-07 23:38:17,围网
10087,31.382638888888888,125.0125277777778,8.0,46.0,2020-09-07 23:48:16,围网
10087,31.397305555555555,125.03441666666666,8.7,45.0,2020-09-07 23:58:16,围网
10087,31.41188888888889,125.0569722222222,8.7,60.0,2020-09-08 00:08:16,围网
10087,31.427,125.07994444444445,11.4,55.0,2020-09-08 00:18:16,围网
10087,31.44236111111111,125.10294444444445,8.6,49.0,2020-09-08 00:28:16,围网
10087,31.459055555555555,125.12799999999999,9.5,52.0,2020-09-08 00:39:03,围网
10087,31.473527777777786,125.1495277777778,8.7,45.0,2020-09-08 00:48:16,围网
10087,31.489361111111112,125.17327777777778,9.1,58.0,2020-09-08 00:58:16,围网
10087,31.506888888888888,125.19572222222223,9.5,35.0,2020-09-08 01:08:16,围网
10087,31.529694444444445,125.21269444444445,9.6,29.0,2020-09-08 01:18:16,围网
10087,31.553,125.22980555555556,9.8,34.0,2020-09-08 01:28:17,围网
10087,31.576777777777767,125.24730555555556,10.6,38.0,2020-09-08 01:38:16,围网
10087,31.600805555555556,125.26516666666667,9.9,34.0,2020-09-08 01:48:16,围网
10087,31.62519444444445,125.28361111111113,10.5,29.0,2020-09-08 01:58:16,围网
10087,31.64994444444445,125.30275,10.5,29.0,2020-09-08 02:08:16,围网
10087,31.67441666666667,125.32144444444445,9.7,30.0,2020-09-08 02:18:16,围网
10087,31.69747222222223,125.33872222222222,9.9,26.0,2020-09-08 02:28:16,围网
10087,31.71958333333333,125.35563888888888,9.1,31.0,2020-09-08 02:38:18,围网
10087,31.74288888888889,125.3724722222222,9.8,33.0,2020-09-08 02:48:39,围网
10087,31.764083333333332,125.38855555555556,9.0,31.0,2020-09-08 02:58:16,围网
10087,31.78608333333333,125.40494444444445,9.6,31.0,2020-09-08 03:08:16,围网
10087,31.80802777777778,125.42161111111112,9.6,41.0,2020-09-08 03:18:16,围网
10087,31.83002777777777,125.43780555555556,9.2,34.0,2020-09-08 03:28:16,围网
10087,31.85144444444445,125.45419444444444,9.4,35.0,2020-09-08 03:38:16,围网
10087,31.87372222222222,125.46905555555556,9.3,28.0,2020-09-08 03:48:16,围网
10087,31.897055555555553,125.48205555555555,10.0,18.0,2020-09-08 03:58:15,围网
10087,31.920388888888887,125.49405555555555,9.0,28.0,2020-09-08 04:08:15,围网
10087,31.943361111111113,125.50525,8.9,22.0,2020-09-08 04:18:15,围网
10087,31.954638888888887,125.51511111111112,1.7,94.0,2020-09-08 04:28:15,围网
10087,31.9545,125.51899999999999,0.4,0.0,2020-09-08 04:38:15,围网
10087,31.955277777777766,125.52194444444444,4.2,39.0,2020-09-08 04:48:15,围网
10087,31.959416666666666,125.53416666666666,2.2,76.0,2020-09-08 04:58:15,围网
10087,31.95936111111111,125.54072222222223,2.1,81.0,2020-09-08 05:08:16,围网
10087,31.959611111111112,125.54694444444445,2.3,80.0,2020-09-08 05:18:15,围网
10087,31.95944444444445,125.55341666666666,2.1,88.0,2020-09-08 05:28:15,围网
10087,31.95877777777777,125.55991666666668,2.1,102.0,2020-09-08 05:38:16,围网
10087,31.958361111111113,125.56613888888887,1.7,0.0,2020-09-08 05:48:15,围网
10087,31.95788888888889,125.57216666666666,2.1,84.0,2020-09-08 05:58:15,围网
10087,31.95788888888889,125.57830555555556,1.7,90.0,2020-09-08 06:08:38,围网
10087,31.95786111111111,125.58408333333333,2.2,108.0,2020-09-08 06:18:15,围网
10087,31.95794444444445,125.58988888888894,1.8,80.0,2020-09-08 06:28:15,围网
10087,31.957916666666666,125.59561111111113,1.7,90.0,2020-09-08 06:38:15,围网
10087,31.95783333333333,125.60125,1.6,102.0,2020-09-08 06:48:15,围网
10087,31.95652777777777,125.607,1.9,95.0,2020-09-08 06:58:15,围网
10087,31.95458333333333,125.61258333333332,1.9,111.0,2020-09-08 07:08:15,围网
10087,31.95275,125.61791666666666,1.6,133.0,2020-09-08 07:18:15,围网
10087,31.95105555555556,125.62302777777776,2.1,108.0,2020-09-08 07:28:15,围网
10087,31.949472222222226,125.6279722222222,1.3,114.0,2020-09-08 07:38:15,围网
10087,31.947722222222232,125.6327222222222,1.3,113.0,2020-09-08 07:48:15,围网
10087,31.94522222222223,125.63705555555555,1.8,109.0,2020-09-08 07:58:15,围网
10087,31.94219444444445,125.64088888888894,1.7,142.0,2020-09-08 08:08:15,围网
10087,31.938666666666666,125.64397222222223,2.4,111.0,2020-09-08 08:18:15,围网
10087,31.93666666666667,125.64475,1.3,290.0,2020-09-08 08:28:14,围网
10087,31.938250000000004,125.63908333333336,1.8,301.0,2020-09-08 08:38:14,围网
10087,31.93891666666667,125.63636111111113,0.6,0.0,2020-09-08 08:48:19,围网
10087,31.939138888888888,125.63638888888893,0.4,0.0,2020-09-08 08:58:39,围网
10087,31.93983333333333,125.63663888888892,0.7,13.0,2020-09-08 09:08:14,围网
10087,31.96258333333333,125.65138888888887,2.9,36.0,2020-09-08 09:28:14,围网
10087,31.96686111111111,125.64175000000002,1.9,314.0,2020-09-08 09:38:14,围网
10087,31.968777777777767,125.63541666666669,2.0,303.0,2020-09-08 09:48:14,围网
10087,31.970472222222234,125.62899999999999,2.1,34.0,2020-09-08 09:58:14,围网
10087,31.97213888888889,125.62316666666666,1.6,280.0,2020-09-08 10:08:14,围网
10087,31.972972222222207,125.61727777777777,1.9,272.0,2020-09-08 10:18:14,围网
10087,31.97408333333333,125.61116666666666,2.4,289.0,2020-09-08 10:28:14,围网
10087,31.976277777777767,125.60555555555555,2.0,297.0,2020-09-08 10:38:14,围网
10087,31.978666666666665,125.60002777777777,1.3,306.0,2020-09-08 10:48:14,围网
10087,31.981444444444442,125.59411111111108,1.7,293.0,2020-09-08 10:58:15,围网
10087,31.98386111111111,125.58841666666666,1.4,271.0,2020-09-08 11:08:17,围网
10087,31.986527777777766,125.58241666666666,2.5,307.0,2020-09-08 11:18:39,围网
10087,31.98905555555556,125.57680555555555,1.8,287.0,2020-09-08 11:28:14,围网
10087,31.99169444444445,125.57116666666668,1.7,294.0,2020-09-08 11:38:14,围网
10087,31.99463888888889,125.56572222222222,2.6,314.0,2020-09-08 11:48:14,围网
10087,32.001305555555554,125.5555,1.7,305.0,2020-09-08 12:08:14,围网
10087,32.00519444444445,125.55111111111113,1.5,305.0,2020-09-08 12:18:14,围网
10087,32.00911111111111,125.54658333333332,2.1,319.0,2020-09-08 12:28:14,围网
10087,32.014027777777784,125.54305555555555,2.9,354.0,2020-09-08 12:38:14,围网
10087,32.02013888888889,125.54219444444445,2.0,8.0,2020-09-08 12:48:14,围网
10087,32.026027777777784,125.54261111111113,2.0,3.0,2020-09-08 12:58:14,围网
10087,32.03158333333334,125.54305555555555,1.9,0.0,2020-09-08 13:08:14,围网
10087,32.03708333333333,125.54355555555556,2.0,13.0,2020-09-08 13:18:14,围网
10087,32.04252777777778,125.54413888888888,2.0,14.0,2020-09-08 13:28:13,围网
10087,32.047916666666666,125.54480555555556,1.9,353.0,2020-09-08 13:38:14,围网
10087,32.05294444444444,125.54544444444444,1.5,0.0,2020-09-08 13:48:13,围网
10087,32.057916666666664,125.54613888888888,2.0,47.0,2020-09-08 13:58:14,围网
10087,32.06297222222222,125.5469722222222,2.5,359.0,2020-09-08 14:08:38,围网
10087,32.0625,125.54680555555555,1.3,154.0,2020-09-08 14:18:13,围网
10087,32.06113888888889,125.54727777777778,2.7,58.0,2020-09-08 14:28:13,围网
10087,32.065,125.54955555555556,1.0,147.0,2020-09-08 14:38:13,围网
10087,32.06955555555556,125.55227777777776,1.5,34.0,2020-09-08 14:48:13,围网
10087,32.073916666666676,125.55602777777777,1.4,56.0,2020-09-08 14:58:13,围网
10087,32.071722222222235,125.53994444444444,6.4,253.0,2020-09-08 15:08:13,围网
10087,32.06563888888889,125.52041666666666,6.5,248.0,2020-09-08 15:18:13,围网
10087,32.065666666666665,125.52016666666668,4.7,105.0,2020-09-08 15:28:13,围网
10087,32.062916666666666,125.53180555555555,3.4,65.0,2020-09-08 15:38:13,围网
10087,32.065055555555546,125.53852777777777,2.2,62.0,2020-09-08 15:48:13,围网
10087,32.06761111111111,125.54416666666668,1.8,74.0,2020-09-08 15:58:13,围网
10087,32.07019444444445,125.54941666666666,1.8,59.0,2020-09-08 16:08:13,围网
10087,32.07241666666667,125.555,2.2,68.0,2020-09-08 16:18:13,围网
10087,32.074472222222234,125.56083333333332,2.0,64.0,2020-09-08 16:28:13,围网
10087,32.076388888888886,125.56666666666666,2.1,78.0,2020-09-08 16:38:13,围网
10087,32.078222222222216,125.57261111111107,2.1,73.0,2020-09-08 16:48:13,围网
10087,32.078222222222216,125.57938888888887,2.1,109.0,2020-09-08 16:58:13,围网
10087,32.075638888888896,125.59227777777778,3.7,127.0,2020-09-08 17:18:13,围网
10087,32.071555555555555,125.6045277777778,2.2,111.0,2020-09-08 17:38:13,围网
10087,32.06875000000001,125.61027777777777,2.0,117.0,2020-09-08 17:48:12,围网
10087,32.065055555555546,125.61511111111106,1.8,147.0,2020-09-08 17:58:12,围网
10087,32.059583333333336,125.6172222222222,2.0,173.0,2020-09-08 18:08:12,围网
10087,32.051888888888875,125.62441666666665,1.7,130.0,2020-09-08 18:28:12,围网
10087,32.04944444444444,125.62952777777777,1.8,106.0,2020-09-08 18:38:12,围网
10087,32.04772222222222,125.63475,1.7,103.0,2020-09-08 18:48:12,围网
10087,32.046416666666666,125.64,1.9,126.0,2020-09-08 18:58:12,围网
10087,32.04486111111111,125.64505555555556,1.3,105.0,2020-09-08 19:08:12,围网
10087,32.04308333333333,125.65005555555555,1.5,112.0,2020-09-08 19:18:12,围网
10087,32.04066666666667,125.65472222222223,1.6,136.0,2020-09-08 19:28:12,围网
10087,32.037972222222216,125.65930555555555,1.4,134.0,2020-09-08 19:38:12,围网
10087,32.03522222222222,125.66372222222223,1.8,127.0,2020-09-08 19:48:12,围网
10087,32.03230555555556,125.66775,2.1,116.0,2020-09-08 19:58:12,围网
10087,32.02883333333333,125.67155555555556,1.5,138.0,2020-09-08 20:08:38,围网
10087,32.025194444444445,125.67458333333332,2.0,138.0,2020-09-08 20:18:12,围网
10087,32.020861111111124,125.67683333333336,1.6,163.0,2020-09-08 20:28:12,围网
10087,32.02222222222222,125.67347222222222,2.0,294.0,2020-09-08 20:38:12,围网
10087,32.02222222222222,125.6725,3.0,217.0,2020-09-08 20:48:12,围网
10087,32.02191666666667,125.67200000000001,1.9,258.0,2020-09-08 20:58:12,围网
10087,32.02227777777777,125.67347222222222,1.0,99.0,2020-09-08 21:08:12,围网
10087,32.02047222222223,125.68930555555555,8.8,108.0,2020-09-08 21:18:12,围网
10087,32.01730555555556,125.7030277777778,4.2,212.0,2020-09-08 21:28:12,围网
10087,32.012722222222216,125.69155555555555,2.3,290.0,2020-09-08 21:38:12,围网
10087,32.01363888888889,125.68483333333332,2.0,285.0,2020-09-08 21:48:12,围网
10087,32.01525,125.6785,2.3,292.0,2020-09-08 21:58:12,围网
10087,32.016277777777766,125.67230555555555,2.1,264.0,2020-09-08 22:08:12,围网
10087,32.01763888888889,125.666,2.0,281.0,2020-09-08 22:18:39,围网
10087,32.02,125.66044444444445,2.2,301.0,2020-09-08 22:28:11,围网
10087,32.021722222222216,125.65436111111113,2.2,282.0,2020-09-08 22:38:11,围网
10087,32.023277777777764,125.64819444444444,1.8,308.0,2020-09-08 22:48:11,围网
10087,32.026361111111115,125.64258333333336,2.0,300.0,2020-09-08 22:58:11,围网
10087,32.02975,125.63733333333334,2.1,320.0,2020-09-08 23:08:12,围网
10087,32.03325,125.63205555555555,2.1,304.0,2020-09-08 23:18:12,围网
10087,32.03711111111111,125.62702777777777,2.0,320.0,2020-09-08 23:28:11,围网
10087,32.041916666666665,125.62316666666666,2.1,323.0,2020-09-08 23:38:11,围网
10087,32.046499999999995,125.61933333333332,2.1,330.0,2020-09-08 23:48:11,围网
10087,32.050999999999995,125.61516666666668,2.0,333.0,2020-09-08 23:58:11,围网
10087,32.05513888888889,125.61011111111112,2.4,312.0,2020-09-09 00:08:39,围网
10087,32.058416666666666,125.60486111111106,2.4,321.0,2020-09-09 00:18:11,围网
10087,32.062916666666666,125.60077777777776,2.4,343.0,2020-09-09 00:28:11,围网
10087,32.067722222222216,125.59755555555556,1.7,312.0,2020-09-09 00:38:11,围网
10087,32.07258333333334,125.59388888888887,3.0,341.0,2020-09-09 00:48:11,围网
10087,32.07741666666667,125.59063888888888,2.1,334.0,2020-09-09 00:58:11,围网
10087,32.08244444444445,125.58738888888894,1.4,329.0,2020-09-09 01:08:11,围网
10087,32.087527777777794,125.58469444444445,2.0,337.0,2020-09-09 01:18:11,围网
10087,32.092694444444454,125.58219444444444,2.3,339.0,2020-09-09 01:28:11,围网
10087,32.09788888888889,125.57980555555555,1.8,332.0,2020-09-09 01:38:11,围网
10087,32.102944444444454,125.57716666666666,1.6,331.0,2020-09-09 01:48:11,围网
10087,32.10808333333334,125.57458333333332,2.7,353.0,2020-09-09 01:58:11,围网
10087,32.113444444444454,125.57247222222222,1.3,335.0,2020-09-09 02:08:11,围网
10087,32.119,125.57072222222223,2.2,349.0,2020-09-09 02:18:11,围网
10087,32.12433333333333,125.56872222222222,1.6,343.0,2020-09-09 02:28:11,围网
10087,32.125777777777785,125.56958333333333,1.6,158.0,2020-09-09 02:38:11,围网
10087,32.12275,125.57108333333332,1.9,32.0,2020-09-09 02:48:10,围网
10087,32.12572222222221,125.57313888888888,3.6,58.0,2020-09-09 02:58:11,围网
10087,32.12880555555556,125.57633333333332,1.2,0.0,2020-09-09 03:08:10,围网
10087,32.12522222222222,125.56994444444445,5.9,232.0,2020-09-09 03:18:10,围网
10087,32.12008333333333,125.56419444444445,2.7,117.0,2020-09-09 03:28:10,围网
10087,32.11263888888889,125.57055555555556,2.0,107.0,2020-09-09 03:38:10,围网
10087,32.109527777777785,125.57444444444445,1.9,135.0,2020-09-09 03:48:11,围网
10087,32.10652777777778,125.57916666666668,2.4,112.0,2020-09-09 03:58:39,围网
10087,32.10372222222223,125.58311111111112,1.5,126.0,2020-09-09 04:08:10,围网
10087,32.10102777777778,125.58783333333334,1.3,117.0,2020-09-09 04:18:10,围网
10087,32.09827777777778,125.59263888888887,1.1,125.0,2020-09-09 04:28:10,围网
10087,32.0955,125.59736111111107,1.7,132.0,2020-09-09 04:38:10,围网
10087,32.09283333333334,125.6020277777778,2.0,116.0,2020-09-09 04:48:10,围网
10087,32.08997222222221,125.60680555555555,2.2,113.0,2020-09-09 04:58:10,围网
10087,32.08697222222223,125.61186111111112,2.2,122.0,2020-09-09 05:08:10,围网
10087,32.083972222222236,125.61705555555555,1.7,122.0,2020-09-09 05:18:10,围网
10087,32.080972222222236,125.62233333333332,2.4,107.0,2020-09-09 05:28:10,围网
10087,32.07794444444445,125.62761111111112,1.9,131.0,2020-09-09 05:38:10,围网
10087,32.074916666666674,125.6327777777778,1.8,123.0,2020-09-09 05:48:10,围网
10087,32.07183333333334,125.63805555555555,1.7,128.0,2020-09-09 05:58:10,围网
10087,32.06869444444445,125.64341666666668,1.7,124.0,2020-09-09 06:08:38,围网
10087,32.065888888888885,125.6482777777778,2.4,133.0,2020-09-09 06:18:10,围网
10087,32.06305555555555,125.65344444444445,2.1,138.0,2020-09-09 06:28:10,围网
10087,32.0605,125.65869444444445,2.5,124.0,2020-09-09 06:38:10,围网
10087,32.05797222222222,125.66377777777781,2.2,132.0,2020-09-09 06:48:10,围网
10087,32.055416666666666,125.66866666666668,2.4,135.0,2020-09-09 06:58:10,围网
10087,32.05258333333333,125.67347222222222,2.3,128.0,2020-09-09 07:08:10,围网
10087,32.04958333333333,125.67813888888894,3.0,141.0,2020-09-09 07:18:09,围网
10087,32.04647222222222,125.68269444444445,1.5,128.0,2020-09-09 07:28:39,围网
10087,32.04375,125.6867777777778,1.9,155.0,2020-09-09 07:38:09,围网
10087,32.04083333333333,125.6910277777778,1.3,125.0,2020-09-09 07:48:09,围网
10087,32.03791666666667,125.69516666666668,1.5,124.0,2020-09-09 07:58:09,围网
10087,32.03472222222222,125.69908333333332,1.3,137.0,2020-09-09 08:08:09,围网
10087,32.03152777777778,125.70291666666668,1.5,124.0,2020-09-09 08:18:09,围网
10087,32.02852777777777,125.70680555555555,1.6,119.0,2020-09-09 08:28:09,围网
10087,32.02722222222222,125.70594444444444,1.9,282.0,2020-09-09 08:38:09,围网
10087,32.02844444444444,125.70111111111113,1.7,149.0,2020-09-09 08:48:09,围网
10087,32.027166666666666,125.69972222222222,0.2,0.0,2020-09-09 08:58:09,围网
10087,32.02658333333333,125.70030555555556,1.2,115.0,2020-09-09 09:08:09,围网
10087,32.02552777777777,125.71369444444444,8.1,99.0,2020-09-09 09:18:09,围网
10087,32.023305555555545,125.72569444444444,3.9,302.0,2020-09-09 09:28:09,围网
10087,32.02702777777778,125.71450000000002,1.6,306.0,2020-09-09 09:38:09,围网
10087,32.028888888888886,125.70888888888894,1.5,294.0,2020-09-09 09:48:09,围网
10087,32.030388888888886,125.70291666666668,2.0,295.0,2020-09-09 09:58:09,围网
10087,32.03213888888889,125.69669444444445,1.9,295.0,2020-09-09 10:08:38,围网
10087,32.034166666666664,125.69127777777778,2.0,288.0,2020-09-09 10:18:09,围网
10087,32.03625,125.68547222222223,2.0,295.0,2020-09-09 10:28:09,围网
10087,32.03838888888889,125.67958333333333,2.4,276.0,2020-09-09 10:38:09,围网
10087,32.04066666666667,125.67386111111112,2.2,300.0,2020-09-09 10:48:09,围网
10087,32.04361111111111,125.668,2.2,304.0,2020-09-09 10:58:09,围网
10087,32.04694444444444,125.6625,2.5,308.0,2020-09-09 11:08:09,围网
10087,32.050666666666665,125.65705555555556,2.0,281.0,2020-09-09 11:18:09,围网
10087,32.05425,125.65158333333332,2.1,306.0,2020-09-09 11:28:09,围网
10087,32.058166666666665,125.64686111111112,2.0,301.0,2020-09-09 11:38:09,围网
10087,32.06172222222221,125.64186111111113,2.1,298.0,2020-09-09 11:48:09,围网
10087,32.065416666666664,125.63661111111112,2.4,316.0,2020-09-09 11:58:09,围网
10087,32.06933333333333,125.63144444444444,2.7,327.0,2020-09-09 12:08:08,围网
10087,32.074444444444445,125.62822222222222,2.6,352.0,2020-09-09 12:18:09,围网
10087,32.079472222222236,125.62491666666666,2.1,218.0,2020-09-09 12:28:09,围网
10087,32.08325000000001,125.61933333333332,2.0,274.0,2020-09-09 12:38:08,围网
10087,32.086694444444454,125.61355555555555,1.3,0.0,2020-09-09 12:48:08,围网
10087,32.09013888888889,125.60802777777776,1.8,287.0,2020-09-09 12:58:08,围网
10087,32.093861111111124,125.60252777777777,2.2,309.0,2020-09-09 13:08:39,围网
10087,32.097277777777784,125.59769444444444,1.8,301.0,2020-09-09 13:18:08,围网
10087,32.10102777777778,125.59280555555556,1.4,303.0,2020-09-09 13:28:08,围网
10087,32.10488888888889,125.58808333333332,2.3,318.0,2020-09-09 13:38:08,围网
10087,32.108805555555556,125.58338888888888,2.7,322.0,2020-09-09 13:48:08,围网
10087,32.11286111111112,125.57891666666666,2.2,317.0,2020-09-09 13:58:08,围网
10087,32.116972222222216,125.57475,2.4,327.0,2020-09-09 14:08:08,围网
10087,32.12116666666667,125.57080555555555,1.3,316.0,2020-09-09 14:18:08,围网
10087,32.12441666666667,125.5659722222222,2.1,301.0,2020-09-09 14:28:08,围网
10087,32.12827777777777,125.56188888888887,2.4,352.0,2020-09-09 14:38:08,围网
10087,32.12636111111112,125.56538888888888,1.2,148.0,2020-09-09 14:48:08,围网
10087,32.12744444444444,125.56838888888888,1.8,36.0,2020-09-09 14:58:08,围网
10087,32.13075,125.57038888888887,1.3,34.0,2020-09-09 15:08:08,围网
10087,32.13463888888889,125.57311111111113,1.7,42.0,2020-09-09 15:18:08,围网
10087,32.13852777777778,125.57777777777777,3.4,92.0,2020-09-09 15:28:08,围网
10087,32.13458333333333,125.58797222222222,2.7,90.0,2020-09-09 15:38:08,围网
10087,32.13366666666666,125.59327777777777,2.1,102.0,2020-09-09 15:48:08,围网
10087,32.13269444444445,125.5987222222222,1.7,111.0,2020-09-09 15:58:08,围网
10087,32.13194444444444,125.60444444444445,1.6,97.0,2020-09-09 16:08:38,围网
10087,32.13133333333333,125.60994444444445,2.0,98.0,2020-09-09 16:18:08,围网
10087,32.130944444444445,125.61575,2.3,72.0,2020-09-09 16:28:08,围网
10087,32.13033333333333,125.62163888888887,1.7,101.0,2020-09-09 16:38:08,围网
10087,32.12952777777778,125.62766666666668,1.5,101.0,2020-09-09 16:48:07,围网
10087,32.12866666666667,125.63369444444444,1.9,89.0,2020-09-09 16:58:07,围网
10087,32.12791666666667,125.63972222222223,1.5,107.0,2020-09-09 17:08:07,围网
10087,32.126916666666666,125.64586111111113,2.4,92.0,2020-09-09 17:18:07,围网
10087,32.12580555555556,125.65205555555555,2.2,105.0,2020-09-09 17:28:07,围网
10087,32.12441666666667,125.65822222222224,2.5,117.0,2020-09-09 17:38:07,围网
10087,32.12280555555556,125.66430555555556,1.8,0.0,2020-09-09 17:48:09,围网
10087,32.119416666666666,125.67583333333334,1.5,113.0,2020-09-09 18:08:07,围网
10087,32.11772222222222,125.68158333333334,1.8,107.0,2020-09-09 18:18:07,围网
10087,32.11575000000001,125.68733333333334,1.8,115.0,2020-09-09 18:28:07,围网
10087,32.11375,125.69302777777777,1.7,119.0,2020-09-09 18:38:07,围网
10087,32.111916666666666,125.69866666666668,2.1,114.0,2020-09-09 18:48:07,围网
10087,32.110166666666665,125.70425,1.9,107.0,2020-09-09 18:58:07,围网
10087,32.107472222222235,125.70944444444444,1.9,126.0,2020-09-09 19:08:07,围网
10087,32.104777777777784,125.71461111111113,1.9,116.0,2020-09-09 19:18:07,围网
10087,32.10197222222223,125.71963888888894,1.9,127.0,2020-09-09 19:28:07,围网
10087,32.09930555555556,125.72472222222223,1.8,106.0,2020-09-09 19:38:07,围网
10087,32.096000000000004,125.72913888888887,1.9,141.0,2020-09-09 19:48:07,围网
10087,32.092194444444445,125.73288888888894,1.8,160.0,2020-09-09 19:58:07,围网
10087,32.087361111111115,125.73577777777777,1.4,159.0,2020-09-09 20:08:38,围网
10087,32.08330555555556,125.73827777777778,1.6,150.0,2020-09-09 20:18:07,围网
10087,32.079,125.74083333333333,2.0,154.0,2020-09-09 20:28:07,围网
10087,32.07458333333334,125.74291666666666,1.8,160.0,2020-09-09 20:38:07,围网
10087,32.06983333333333,125.74425,1.9,157.0,2020-09-09 20:48:07,围网
10087,32.07322222222222,125.74055555555556,2.0,315.0,2020-09-09 20:58:07,围网
10087,32.073750000000004,125.73719444444444,3.0,316.0,2020-09-09 21:08:07,围网
10087,32.07463888888889,125.73730555555555,0.6,83.0,2020-09-09 21:18:06,围网
10087,32.07569444444445,125.73733333333334,0.3,0.0,2020-09-09 21:28:06,围网
10087,32.06375,125.74397222222223,8.2,148.0,2020-09-09 21:38:06,围网
10087,32.05586111111111,125.74302777777777,7.6,248.0,2020-09-09 21:48:06,围网
10087,32.054944444444445,125.73386111111112,1.9,282.0,2020-09-09 21:58:06,围网
10087,32.055611111111105,125.72777777777776,1.5,269.0,2020-09-09 22:08:06,围网
10087,32.055638888888886,125.72163888888888,1.9,261.0,2020-09-09 22:18:09,围网
10087,32.05558333333333,125.7155,1.3,281.0,2020-09-09 22:28:07,围网
10087,32.055638888888886,125.70938888888894,0.9,266.0,2020-09-09 22:38:06,围网
10087,32.05580555555555,125.70330555555556,1.5,282.0,2020-09-09 22:48:08,围网
10087,32.05588888888889,125.69736111111106,1.2,268.0,2020-09-09 22:58:06,围网
10087,32.056,125.69144444444444,1.1,0.0,2020-09-09 23:08:10,围网
10087,32.056055555555545,125.68513888888887,1.7,273.0,2020-09-09 23:18:39,围网
10087,32.056916666666666,125.6795277777778,2.0,296.0,2020-09-09 23:28:06,围网
10087,32.05802777777777,125.67358333333333,1.8,279.0,2020-09-09 23:38:06,围网
10087,32.05952777777778,125.66761111111113,1.8,280.0,2020-09-09 23:48:06,围网
10087,32.06097222222222,125.66175,1.7,281.0,2020-09-09 23:58:06,围网
10087,32.0625,125.65586111111112,1.7,285.0,2020-09-10 00:08:06,围网
10087,32.063944444444445,125.65011111111113,1.5,296.0,2020-09-10 00:18:07,围网
10087,32.06536111111111,125.64433333333336,1.7,290.0,2020-09-10 00:28:14,围网
10087,32.066722222222225,125.63888888888893,1.6,289.0,2020-09-10 00:38:07,围网
10087,32.069527777777786,125.63361111111112,1.9,318.0,2020-09-10 00:48:06,围网
10087,32.07427777777778,125.62963888888888,1.9,329.0,2020-09-10 00:58:06,围网
10087,32.078833333333336,125.62591666666668,2.0,332.0,2020-09-10 01:08:07,围网
10087,32.08263888888889,125.62163888888887,1.7,308.0,2020-09-10 01:18:06,围网
10087,32.08533333333334,125.61613888888887,1.8,312.0,2020-09-10 01:28:08,围网
10087,32.088055555555556,125.6110277777778,1.9,322.0,2020-09-10 01:38:06,围网
10087,32.09144444444445,125.60638888888887,1.6,308.0,2020-09-10 01:48:06,围网
10087,32.09477777777778,125.602,1.3,318.0,2020-09-10 01:58:06,围网
10087,32.098,125.59691666666666,1.6,308.0,2020-09-10 02:08:38,围网
10087,32.10388888888889,125.58780555555555,1.4,309.0,2020-09-10 02:28:05,围网
10087,32.10669444444445,125.58322222222222,1.5,301.0,2020-09-10 02:38:05,围网
10087,32.10919444444445,125.57861111111107,1.4,290.0,2020-09-10 02:48:05,围网
10087,32.112472222222216,125.57511111111113,1.4,81.0,2020-09-10 02:58:05,围网
10087,32.10963888888889,125.58016666666668,2.2,122.0,2020-09-10 03:08:05,围网
10087,32.11163888888889,125.58252777777777,0.5,0.0,2020-09-10 03:18:05,围网
10087,32.11283333333333,125.58436111111112,0.8,69.0,2020-09-10 03:28:05,围网
10087,32.11436111111112,125.58641666666666,0.7,0.0,2020-09-10 03:38:05,围网
10087,32.11133333333333,125.57230555555556,7.0,252.0,2020-09-10 03:48:05,围网
10087,32.10558333333333,125.54938888888887,7.0,256.0,2020-09-10 03:58:05,围网
10087,32.10402777777778,125.54675,7.8,90.0,2020-09-10 04:08:05,围网
10087,32.103277777777784,125.55558333333332,1.8,113.0,2020-09-10 04:18:39,围网
10087,32.10155555555556,125.56066666666666,1.5,120.0,2020-09-10 04:28:05,围网
10087,32.099833333333336,125.56613888888887,1.6,107.0,2020-09-10 04:38:05,围网
10087,32.09858333333334,125.57186111111106,2.0,98.0,2020-09-10 04:48:05,围网
10087,32.09769444444445,125.57777777777777,2.1,95.0,2020-09-10 04:58:05,围网
10087,32.09755555555556,125.58388888888888,1.8,93.0,2020-09-10 05:08:05,围网
10087,32.097527777777785,125.58997222222222,1.8,97.0,2020-09-10 05:18:05,围网
10087,32.097472222222216,125.59586111111106,1.9,96.0,2020-09-10 05:28:05,围网
10087,32.09744444444444,125.60163888888887,1.7,99.0,2020-09-10 05:38:05,围网
10087,32.09738888888889,125.60722222222222,1.7,90.0,2020-09-10 05:48:05,围网
10087,32.097138888888885,125.613,1.6,103.0,2020-09-10 05:58:05,围网
10087,32.09675000000001,125.61886111111107,1.8,98.0,2020-09-10 06:08:05,围网
10087,32.09630555555556,125.62469444444444,1.7,93.0,2020-09-10 06:18:05,围网
10087,32.09583333333334,125.63055555555556,2.1,112.0,2020-09-10 06:28:04,围网
10087,32.093972222222234,125.64219444444444,2.3,116.0,2020-09-10 06:48:04,围网
10087,32.093,125.64797222222224,2.1,110.0,2020-09-10 06:58:04,围网
10087,32.09225000000001,125.65366666666668,2.2,106.0,2020-09-10 07:08:04,围网
10087,32.091166666666666,125.65938888888893,2.2,109.0,2020-09-10 07:18:05,围网
10087,32.08977777777777,125.665,2.4,122.0,2020-09-10 07:28:04,围网
10087,32.08836111111112,125.67066666666668,2.1,110.0,2020-09-10 07:38:05,围网
10087,32.08716666666667,125.6760277777778,2.2,89.0,2020-09-10 07:48:04,围网
10087,32.08341666666667,125.69163888888887,1.6,107.0,2020-09-10 08:18:04,围网
10087,32.082194444444454,125.69655555555555,1.5,108.0,2020-09-10 08:28:04,围网
10087,32.080472222222234,125.70136111111113,1.6,117.0,2020-09-10 08:38:04,围网
10087,32.07813888888889,125.706,1.7,123.0,2020-09-10 08:48:04,围网
10087,32.075944444444445,125.7105,1.6,111.0,2020-09-10 08:58:04,围网
10087,32.07516666666667,125.70897222222223,1.6,318.0,2020-09-10 09:08:04,围网
10087,32.07655555555556,125.7055,1.6,110.0,2020-09-10 09:18:04,围网
10087,32.07475000000001,125.70558333333334,1.0,153.0,2020-09-10 09:28:04,围网
10087,32.074666666666666,125.7210277777778,1.1,261.0,2020-09-10 09:48:04,围网
10087,32.07666666666667,125.7125,1.7,297.0,2020-09-10 09:58:04,围网
10087,32.07794444444445,125.70591666666668,1.7,282.0,2020-09-10 10:09:02,围网
10087,32.078833333333336,125.70072222222224,1.8,278.0,2020-09-10 10:18:04,围网
10087,32.079722222222216,125.69491666666669,1.6,283.0,2020-09-10 10:28:04,围网
10087,32.080666666666666,125.68894444444445,1.9,279.0,2020-09-10 10:38:04,围网
10087,32.08161111111112,125.6827777777778,1.8,282.0,2020-09-10 10:48:04,围网
10087,32.08263888888889,125.67661111111113,1.8,289.0,2020-09-10 10:58:03,围网
10087,32.08416666666667,125.6705,1.8,291.0,2020-09-10 11:08:03,围网
10087,32.08569444444445,125.66427777777778,1.8,291.0,2020-09-10 11:18:03,围网
10087,32.087250000000004,125.65788888888888,2.0,283.0,2020-09-10 11:28:03,围网
10087,32.088750000000005,125.65144444444445,1.9,285.0,2020-09-10 11:38:03,围网
10087,32.090222222222216,125.64508333333336,2.2,284.0,2020-09-10 11:48:03,围网
10087,32.09172222222223,125.63861111111113,2.0,289.0,2020-09-10 11:58:03,围网
10087,32.09322222222223,125.63230555555555,2.0,281.0,2020-09-10 12:08:03,围网
10087,32.09477777777778,125.62597222222222,2.2,291.0,2020-09-10 12:18:03,围网
10087,32.096361111111115,125.61963888888887,1.8,282.0,2020-09-10 12:28:03,围网
10087,32.097861111111115,125.61333333333332,1.8,289.0,2020-09-10 12:38:03,围网
10087,32.10002777777778,125.60713888888887,1.6,299.0,2020-09-10 12:48:03,围网
10087,32.10219444444445,125.60080555555555,1.8,288.0,2020-09-10 12:58:33,围网
10087,32.10419444444445,125.595,1.7,285.0,2020-09-10 13:08:03,围网
10087,32.10622222222222,125.58902777777777,1.9,294.0,2020-09-10 13:18:03,围网
10087,32.10819444444445,125.58319444444444,1.7,284.0,2020-09-10 13:28:03,围网
10087,32.11205555555556,125.57141666666666,2.1,295.0,2020-09-10 13:48:03,围网
10087,32.11413888888889,125.56511111111112,2.0,291.0,2020-09-10 13:58:03,围网
10087,32.12030555555556,125.54725,1.6,284.0,2020-09-10 14:28:03,围网
10087,32.122416666666666,125.54147222222224,1.8,293.0,2020-09-10 14:38:03,围网
10087,32.12502777777778,125.53605555555555,1.8,300.0,2020-09-10 14:48:03,围网
10087,32.12758333333333,125.53094444444444,1.6,299.0,2020-09-10 14:58:03,围网
10087,32.13011111111111,125.52605555555556,2.0,318.0,2020-09-10 15:08:03,围网
10087,32.1295,125.5317777777778,2.5,99.0,2020-09-10 15:18:03,围网
10087,32.13102777777778,125.53416666666666,0.8,15.0,2020-09-10 15:28:03,围网
10087,32.13366666666666,125.53463888888888,3.3,67.0,2020-09-10 15:38:03,围网
10087,32.135555555555555,125.53616666666667,0.8,0.0,2020-09-10 15:48:03,围网
10087,32.137861111111114,125.53761111111106,1.3,0.0,2020-09-10 15:58:03,围网
10087,32.13166666666667,125.51558333333332,7.2,241.0,2020-09-10 16:09:09,围网
10087,32.128527777777784,125.49552777777777,2.4,240.0,2020-09-10 16:18:02,围网
10087,32.13072222222222,125.50561111111112,2.4,76.0,2020-09-10 16:28:02,围网
10087,32.131472222222236,125.51169444444444,1.8,78.0,2020-09-10 16:38:02,围网
10087,32.131416666666674,125.51775,1.8,89.0,2020-09-10 16:48:02,围网
10087,32.131388888888885,125.52375,1.8,86.0,2020-09-10 16:58:02,围网
10087,32.13163888888889,125.52963888888887,1.6,83.0,2020-09-10 17:08:02,围网
10087,32.13191666666667,125.53558333333332,1.8,81.0,2020-09-10 17:18:02,围网
10087,32.132222222222225,125.54186111111113,1.9,91.0,2020-09-10 17:28:02,围网
10087,32.131472222222236,125.54841666666668,2.2,93.0,2020-09-10 17:38:03,围网
10087,32.13086111111112,125.55552777777777,1.8,95.0,2020-09-10 17:49:03,围网
10087,32.130277777777785,125.56105555555555,1.8,98.0,2020-09-10 17:58:02,围网
10087,32.12977777777777,125.56708333333331,1.7,95.0,2020-09-10 18:08:02,围网
10087,32.12927777777778,125.57294444444445,1.8,97.0,2020-09-10 18:18:02,围网
10087,32.128750000000004,125.57866666666666,1.6,101.0,2020-09-10 18:28:02,围网
10087,32.12819444444445,125.58461111111113,1.8,97.0,2020-09-10 18:38:02,围网
10087,32.12763888888889,125.59075,1.9,97.0,2020-09-10 18:48:02,围网
10087,32.12708333333334,125.59669444444445,1.7,94.0,2020-09-10 18:58:02,围网
10087,32.12663888888889,125.60238888888887,1.7,91.0,2020-09-10 19:08:02,围网
10087,32.126055555555546,125.60808333333333,1.7,102.0,2020-09-10 19:18:02,围网
10087,32.12552777777777,125.61399999999999,1.9,91.0,2020-09-10 19:28:02,围网
10087,32.12502777777778,125.62041666666666,2.0,95.0,2020-09-10 19:38:02,围网
10087,32.124555555555546,125.62633333333332,1.9,88.0,2020-09-10 19:48:02,围网
10087,32.12405555555556,125.63227777777777,1.8,111.0,2020-09-10 19:58:02,围网
10087,32.12361111111111,125.63813888888893,1.6,96.0,2020-09-10 20:08:32,围网
10087,32.12294444444444,125.64336111111112,1.6,104.0,2020-09-10 20:18:02,围网
10087,32.12083333333334,125.64855555555555,1.9,130.0,2020-09-10 20:28:02,围网
10087,32.11797222222222,125.65316666666668,1.7,127.0,2020-09-10 20:38:02,围网
10087,32.11525,125.65772222222222,1.8,128.0,2020-09-10 20:48:02,围网
10087,32.11263888888889,125.66236111111112,1.8,123.0,2020-09-10 20:58:02,围网
10087,32.10983333333333,125.6670277777778,1.7,125.0,2020-09-10 21:08:02,围网
10087,32.10713888888889,125.67186111111113,1.7,117.0,2020-09-10 21:18:02,围网
10087,32.10441666666667,125.67655555555555,1.9,124.0,2020-09-10 21:28:02,围网
10087,32.10180555555556,125.68108333333332,1.5,126.0,2020-09-10 21:38:02,围网
10087,32.10372222222223,125.67638888888894,2.0,318.0,2020-09-10 21:48:02,围网
10087,32.10408333333333,125.67408333333334,0.8,357.0,2020-09-10 21:58:02,围网
10087,32.10380555555556,125.674,0.1,0.0,2020-09-10 22:08:02,围网
10087,32.103944444444444,125.67369444444445,0.2,0.0,2020-09-10 22:18:02,围网
10087,32.10227777777778,125.663,8.3,277.0,2020-09-10 22:28:02,围网
10087,32.10366666666667,125.63541666666669,8.2,264.0,2020-09-10 22:38:02,围网
10087,32.08777777777778,125.61986111111106,8.2,198.0,2020-09-10 22:48:02,围网
10087,32.08302777777778,125.61494444444445,3.6,282.0,2020-09-10 22:58:02,围网
10087,32.08327777777778,125.60252777777777,1.6,277.0,2020-09-10 23:08:02,围网
10087,32.08491666666667,125.5962222222222,1.5,287.0,2020-09-10 23:18:02,围网
10087,32.08644444444445,125.59013888888887,1.6,285.0,2020-09-10 23:28:02,围网
10087,32.087861111111124,125.58402777777776,1.8,280.0,2020-09-10 23:38:02,围网
10087,32.08938888888889,125.57783333333332,1.8,287.0,2020-09-10 23:48:02,围网
10087,32.09094444444445,125.57147222222223,1.6,287.0,2020-09-10 23:58:02,围网
10087,32.092555555555556,125.5647777777778,1.9,283.0,2020-09-11 00:08:32,围网
10087,32.09330555555556,125.5585,2.1,274.0,2020-09-11 00:18:02,围网
10087,32.09377777777778,125.55163888888887,2.0,270.0,2020-09-11 00:28:02,围网
10087,32.09458333333334,125.54516666666667,1.8,277.0,2020-09-11 00:38:02,围网
10087,32.095166666666664,125.53894444444445,1.8,276.0,2020-09-11 00:48:02,围网
10087,32.09561111111111,125.53286111111113,1.6,277.0,2020-09-11 00:58:01,围网
10087,32.09613888888889,125.52691666666666,1.6,277.0,2020-09-11 01:08:02,围网
10087,32.09663888888889,125.52102777777776,1.8,282.0,2020-09-11 01:18:01,围网
10087,32.097194444444455,125.51502777777776,1.7,278.0,2020-09-11 01:28:01,围网
10087,32.09769444444445,125.50916666666667,1.6,274.0,2020-09-11 01:38:01,围网
10087,32.09819444444445,125.50311111111112,1.7,280.0,2020-09-11 01:48:01,围网
10087,32.09852777777778,125.49711111111112,1.6,268.0,2020-09-11 01:58:01,围网
10087,32.09858333333334,125.49138888888888,1.6,270.0,2020-09-11 02:08:01,围网
10087,32.09852777777778,125.48563888888887,1.6,274.0,2020-09-11 02:18:02,围网
10087,32.098694444444455,125.47980555555556,1.8,267.0,2020-09-11 02:28:33,围网
10087,32.09866666666667,125.4745,1.8,273.0,2020-09-11 02:38:01,围网
10087,32.098777777777784,125.46891666666666,1.7,270.0,2020-09-11 02:48:01,围网
10087,32.09883333333333,125.46358333333332,1.5,269.0,2020-09-11 02:58:01,围网
10087,32.09894444444445,125.45833333333334,1.7,277.0,2020-09-11 03:08:01,围网
10087,32.1,125.453,1.5,270.0,2020-09-11 03:18:01,围网
10087,32.10066666666667,125.44797222222223,1.5,270.0,2020-09-11 03:28:01,围网
10087,32.10133333333333,125.44302777777777,1.4,285.0,2020-09-11 03:38:01,围网
10087,32.10241666666667,125.43811111111113,1.3,281.0,2020-09-11 03:48:01,围网
10087,32.10333333333333,125.43322222222223,1.4,289.0,2020-09-11 03:58:01,围网
10087,32.105027777777785,125.42847222222224,1.5,303.0,2020-09-11 04:08:01,围网
10087,32.10725000000001,125.4237777777778,1.6,312.0,2020-09-11 04:18:01,围网
10087,32.10794444444444,125.42463888888894,2.4,95.0,2020-09-11 04:28:02,围网
10087,32.10780555555556,125.42975,2.0,351.0,2020-09-11 04:38:01,围网
10087,32.109944444444444,125.43044444444445,2.8,98.0,2020-09-11 04:48:02,围网
10087,32.111805555555556,125.42991666666668,0.5,0.0,2020-09-11 04:58:01,围网
10087,32.11530555555556,125.42455555555556,8.1,277.0,2020-09-11 05:08:01,围网
10087,32.12116666666667,125.39891666666666,7.9,293.0,2020-09-11 05:18:01,围网
10087,32.123000000000005,125.40636111111112,4.4,94.0,2020-09-11 05:27:59,围网
10087,32.12283333333333,125.41311111111112,2.5,103.0,2020-09-11 05:38:01,围网
10087,32.12219444444445,125.41938888888888,2.2,106.0,2020-09-11 05:47:59,围网
10087,32.12180555555556,125.42561111111112,1.6,0.0,2020-09-11 05:58:02,围网
10087,32.12119444444445,125.43225,1.8,101.0,2020-09-11 06:08:32,围网
10087,32.12072222222222,125.43805555555555,1.7,101.0,2020-09-11 06:17:59,围网
10087,32.12013888888889,125.44408333333334,1.7,90.0,2020-09-11 06:27:59,围网
10087,32.11952777777778,125.45019444444445,2.0,97.0,2020-09-11 06:38:01,围网
10087,32.119083333333336,125.45633333333332,1.9,89.0,2020-09-11 06:47:59,围网
10087,32.1185,125.46272222222223,2.0,94.0,2020-09-11 06:57:59,围网
10087,32.117916666666666,125.46902777777777,1.7,84.0,2020-09-11 07:07:59,围网
10087,32.117444444444445,125.47541666666666,2.1,103.0,2020-09-11 07:17:59,围网
10087,32.11683333333333,125.48155555555556,1.8,96.0,2020-09-11 07:27:59,围网
10087,32.116305555555556,125.48769444444444,1.8,96.0,2020-09-11 07:37:59,围网
10087,32.11577777777778,125.49375,2.1,89.0,2020-09-11 07:47:59,围网
10087,32.11530555555556,125.49963888888892,1.6,93.0,2020-09-11 07:58:01,围网
10087,32.11475000000001,125.50572222222223,1.8,91.0,2020-09-11 08:08:01,围网
10087,32.11425000000001,125.51141666666666,1.9,100.0,2020-09-11 08:17:59,围网
10087,32.113305555555556,125.51711111111112,2.0,102.0,2020-09-11 08:27:59,围网
10087,32.111972222222235,125.5227222222222,2.2,108.0,2020-09-11 08:37:59,围网
10087,32.11013888888889,125.52825,2.3,107.0,2020-09-11 08:47:59,围网
10087,32.10830555555556,125.53355555555555,2.5,112.0,2020-09-11 08:58:03,围网
10087,32.105444444444444,125.53886111111107,1.8,128.0,2020-09-11 09:08:27,围网
10087,32.10291666666667,125.54305555555555,1.5,117.0,2020-09-11 09:17:59,围网
10087,32.09961111111111,125.5469722222222,1.6,142.0,2020-09-11 09:27:59,围网
10087,32.09652777777778,125.55075,1.6,0.0,2020-09-11 09:37:59,围网
10087,32.08883333333333,125.5565,1.8,171.0,2020-09-11 09:57:59,围网
10087,32.08358333333334,125.55613888888887,1.9,203.0,2020-09-11 10:07:58,围网
10087,32.07847222222223,125.55322222222223,1.8,222.0,2020-09-11 10:17:58,围网
10087,32.074888888888886,125.55030555555555,0.9,21.0,2020-09-11 10:27:58,围网
10087,32.07911111111111,125.5529722222222,2.4,20.0,2020-09-11 10:37:58,围网
10087,32.07969444444445,125.55283333333334,0.5,93.0,2020-09-11 10:47:58,围网
10087,32.07963888888889,125.55308333333332,3.1,225.0,2020-09-11 10:57:58,围网
10087,32.08016666666667,125.55133333333332,0.6,292.0,2020-09-11 11:07:58,围网
10087,32.08563888888889,125.54363888888888,8.7,294.0,2020-09-11 11:17:58,围网
10087,32.098222222222226,125.51925,8.6,300.0,2020-09-11 11:27:58,围网
10087,32.11033333333334,125.49455555555555,8.8,299.0,2020-09-11 11:37:58,围网
10087,32.12075,125.4687777777778,8.8,297.0,2020-09-11 11:47:58,围网
10087,32.131861111111114,125.44322222222223,9.0,300.0,2020-09-11 11:57:59,围网
10087,32.14911111111111,125.41936111111113,8.6,327.0,2020-09-11 12:09:03,围网
10087,32.16672222222222,125.40472222222223,0.4,0.0,2020-09-11 12:18:31,围网
10087,32.17413888888889,125.39747222222222,1.8,302.0,2020-09-11 12:27:58,围网
10087,32.17605555555555,125.39091666666668,2.3,280.0,2020-09-11 12:37:58,围网
10087,32.17780555555556,125.38438888888888,2.0,288.0,2020-09-11 12:47:58,围网
10087,32.179888888888875,125.37822222222222,2.1,292.0,2020-09-11 12:57:58,围网
10087,32.18219444444444,125.37219444444445,2.0,286.0,2020-09-11 13:07:58,围网
10087,32.18449999999999,125.36627777777778,2.0,300.0,2020-09-11 13:17:58,围网
10087,32.18747222222222,125.36055555555555,2.1,304.0,2020-09-11 13:27:58,围网
10087,32.19025,125.35491666666668,2.1,301.0,2020-09-11 13:37:58,围网
10087,32.19336111111111,125.34916666666666,2.7,309.0,2020-09-11 13:47:58,围网
10087,32.198166666666665,125.3449722222222,2.5,329.0,2020-09-11 13:57:58,围网
10087,32.20216666666667,125.34027777777777,2.6,312.0,2020-09-11 14:07:58,围网
10087,32.20508333333334,125.3342222222222,2.1,297.0,2020-09-11 14:18:27,围网
10087,32.207722222222216,125.32883333333332,2.0,299.0,2020-09-11 14:27:58,围网
10087,32.2105,125.32313888888888,2.0,300.0,2020-09-11 14:37:57,围网
10087,32.213527777777784,125.31716666666668,2.1,302.0,2020-09-11 14:47:57,围网
10087,32.21691666666667,125.31166666666668,2.0,318.0,2020-09-11 14:57:57,围网
10087,32.22169444444445,125.30736111111106,2.1,326.0,2020-09-11 15:07:57,围网
10087,32.22641666666667,125.30322222222223,2.1,320.0,2020-09-11 15:17:57,围网
10087,32.231277777777784,125.29916666666666,2.0,328.0,2020-09-11 15:27:57,围网
10087,32.23588888888889,125.29452777777777,2.0,311.0,2020-09-11 15:37:57,围网
10087,32.23963888888889,125.28880555555556,1.8,310.0,2020-09-11 15:47:57,围网
10087,32.24375000000001,125.28341666666668,2.1,315.0,2020-09-11 15:57:57,围网
10087,32.24788888888889,125.27813888888888,2.2,310.0,2020-09-11 16:07:57,围网
10087,32.251888888888885,125.2732777777778,1.9,318.0,2020-09-11 16:17:57,围网
10087,32.255694444444444,125.2687777777778,1.8,330.0,2020-09-11 16:27:57,围网
10087,32.259527777777784,125.2644722222222,2.0,325.0,2020-09-11 16:37:57,围网
10087,32.26380555555556,125.26058333333332,2.0,314.0,2020-09-11 16:47:57,围网
10087,32.268194444444454,125.25702777777781,2.0,328.0,2020-09-11 16:57:57,围网
10087,32.271527777777784,125.25386111111106,0.1,0.0,2020-09-11 17:07:57,围网
10087,32.26963888888889,125.25569444444444,1.0,152.0,2020-09-11 17:17:57,围网
10087,32.269416666666665,125.25591666666666,1.7,147.0,2020-09-11 17:27:57,围网
10087,32.27144444444444,125.25602777777777,3.0,162.0,2020-09-11 17:37:57,围网
10087,32.273555555555554,125.25491666666667,3.7,203.0,2020-09-11 17:48:39,围网
10087,32.27619444444445,125.25125,0.7,336.0,2020-09-11 17:57:57,围网
10087,32.27916666666667,125.24930555555555,1.1,0.0,2020-09-11 18:08:27,围网
10087,32.282,125.24791666666668,1.7,319.0,2020-09-11 18:17:57,围网
10087,32.285,125.24619444444444,1.3,0.0,2020-09-11 18:27:57,围网
10087,32.28713888888889,125.23563888888887,5.9,257.0,2020-09-11 18:37:57,围网
10087,32.28458333333333,125.21866666666668,2.3,224.0,2020-09-11 18:47:57,围网
10087,32.28630555555556,125.21777777777778,1.9,279.0,2020-09-11 18:57:58,围网
10087,32.28691666666666,125.21663888888888,0.4,0.0,2020-09-11 19:08:39,围网
10087,32.286472222222216,125.21575,0.4,0.0,2020-09-11 19:17:56,围网
10087,32.28625,125.21541666666668,0.3,0.0,2020-09-11 19:27:56,围网
10087,32.28608333333333,125.2152777777778,0.1,0.0,2020-09-11 19:37:56,围网
10087,32.28586111111111,125.21508333333334,0.1,0.0,2020-09-11 19:47:56,围网
10087,32.28588888888889,125.21511111111113,0.3,0.0,2020-09-11 19:57:56,围网
10087,32.28577777777777,125.21505555555555,0.6,110.0,2020-09-11 20:07:56,围网
10087,32.28572222222222,125.215,0.2,0.0,2020-09-11 20:17:56,围网
10087,32.285555555555554,125.21488888888894,0.3,0.0,2020-09-11 20:27:56,围网
10087,32.285555555555554,125.21494444444444,0.5,0.0,2020-09-11 20:37:56,围网
10087,32.28572222222222,125.21491666666668,0.6,111.0,2020-09-11 20:47:56,围网
10087,32.285555555555554,125.21488888888894,1.3,111.0,2020-09-11 20:57:56,围网
10087,32.285555555555554,125.21458333333334,2.3,114.0,2020-09-11 21:17:57,围网
10087,32.28525,125.21486111111106,0.4,0.0,2020-09-11 21:28:09,围网
10087,32.28513888888889,125.21477777777778,0.2,0.0,2020-09-11 21:37:56,围网
10087,32.285,125.21475,0.6,0.0,2020-09-11 21:47:56,围网
10087,32.28488888888889,125.21475,0.2,0.0,2020-09-11 21:57:56,围网
10087,32.28491666666667,125.21469444444445,0.2,0.0,2020-09-11 22:08:26,围网
10087,32.28480555555556,125.21472222222219,0.2,0.0,2020-09-11 22:17:56,围网
10087,32.28475,125.21469444444445,0.5,312.0,2020-09-11 22:27:56,围网
10087,32.284499999999994,125.21469444444445,0.4,0.0,2020-09-11 22:37:56,围网
10087,32.28475,125.21469444444445,0.2,0.0,2020-09-11 22:47:56,围网
10087,32.28458333333333,125.21472222222219,0.2,0.0,2020-09-11 22:57:56,围网
10087,32.28447222222222,125.21469444444445,0.8,329.0,2020-09-11 23:07:56,围网
10087,32.28438888888889,125.21469444444445,1.1,276.0,2020-09-11 23:17:56,围网
10087,32.284194444444445,125.21472222222219,0.8,293.0,2020-09-11 23:27:56,围网
10087,32.284166666666664,125.2180277777778,0.3,0.0,2020-09-11 23:37:55,围网
10087,32.282361111111115,125.22277777777781,7.8,139.0,2020-09-11 23:47:55,围网
10087,32.268055555555556,125.2395,8.4,126.0,2020-09-11 23:57:55,围网
10087,32.25472222222222,125.25766666666668,5.7,131.0,2020-09-12 00:07:56,围网
10087,32.237972222222226,125.27505555555555,8.1,134.0,2020-09-12 00:18:27,围网
10087,32.22338888888889,125.29161111111112,6.8,145.0,2020-09-12 00:27:55,围网
10087,32.206361111111114,125.30855555555556,8.1,138.0,2020-09-12 00:37:55,围网
10087,32.18975,125.32263888888887,4.9,131.0,2020-09-12 00:47:55,围网
10087,32.19125,125.32208333333332,2.1,331.0,2020-09-12 00:57:55,围网
10087,32.19991666666667,125.31713888888888,2.2,303.0,2020-09-12 01:07:55,围网
10087,32.20294444444445,125.31158333333332,1.7,312.0,2020-09-12 01:17:55,围网
10087,32.206361111111114,125.3069722222222,1.8,318.0,2020-09-12 01:27:55,围网
10087,32.209861111111124,125.30263888888888,1.7,311.0,2020-09-12 01:37:55,围网
10087,32.21336111111112,125.2982222222222,1.7,329.0,2020-09-12 01:47:55,围网
10087,32.21680555555556,125.29386111111107,1.8,311.0,2020-09-12 01:57:55,围网
10087,32.220166666666664,125.2895277777778,1.9,341.0,2020-09-12 02:07:55,围网
10087,32.223694444444455,125.28527777777781,2.3,314.0,2020-09-12 02:17:55,围网
10087,32.227111111111114,125.28097222222222,2.2,330.0,2020-09-12 02:27:56,围网
10087,32.230472222222225,125.27675,2.0,341.0,2020-09-12 02:37:55,围网
10087,32.23391666666667,125.27244444444445,1.3,328.0,2020-09-12 02:47:55,围网
10087,32.23733333333333,125.26825,1.9,303.0,2020-09-12 02:57:55,围网
10087,32.24077777777778,125.26408333333332,1.6,311.0,2020-09-12 03:07:55,围网
10087,32.24425,125.25991666666668,1.7,324.0,2020-09-12 03:17:55,围网
10087,32.247638888888886,125.25577777777778,1.7,324.0,2020-09-12 03:27:55,围网
10087,32.25097222222223,125.25163888888888,1.7,336.0,2020-09-12 03:37:55,围网
10087,32.25427777777778,125.2474722222222,1.7,315.0,2020-09-12 03:47:55,围网
10087,32.25752777777778,125.24344444444445,1.7,296.0,2020-09-12 03:57:55,围网
10087,32.26075,125.23936111111112,1.8,324.0,2020-09-12 04:08:08,围网
10087,32.26380555555556,125.23555555555555,1.7,339.0,2020-09-12 04:17:54,围网
10087,32.26677777777777,125.23172222222223,1.5,315.0,2020-09-12 04:27:54,围网
10087,32.26972222222222,125.22805555555556,1.4,317.0,2020-09-12 04:37:54,围网
10087,32.27361111111111,125.22583333333334,2.1,342.0,2020-09-12 04:47:54,围网
10087,32.278055555555554,125.22497222222222,1.7,334.0,2020-09-12 04:57:54,围网
10087,32.28208333333333,125.2240277777778,1.8,341.0,2020-09-12 05:07:54,围网
10087,32.28616666666667,125.22291666666666,1.7,337.0,2020-09-12 05:17:54,围网
10087,32.29022222222222,125.22177777777777,1.6,327.0,2020-09-12 05:27:55,围网
10087,32.286805555555546,125.22397222222223,2.1,163.0,2020-09-12 05:37:54,围网
10087,32.28347222222221,125.2270277777778,2.7,151.0,2020-09-12 05:47:54,围网
10087,32.28294444444444,125.22922222222223,4.1,188.0,2020-09-12 05:58:09,围网
10087,32.28194444444444,125.22852777777778,1.2,113.0,2020-09-12 06:07:54,围网
10087,32.28091666666667,125.2295277777778,0.3,0.0,2020-09-12 06:17:54,围网
10087,32.28,125.23044444444444,0.4,107.0,2020-09-12 06:27:54,围网
10087,32.289944444444444,125.22230555555555,2.8,0.0,2020-09-12 06:37:54,围网
10087,32.30552777777777,125.20986111111112,7.4,331.0,2020-09-12 06:47:54,围网
10087,32.30244444444444,125.2122222222222,4.9,145.0,2020-09-12 06:57:54,围网
10087,32.29725,125.2162777777778,1.9,147.0,2020-09-12 07:07:54,围网
10087,32.288666666666664,125.22294444444445,1.9,133.0,2020-09-12 07:27:54,围网
10087,32.28447222222222,125.22672222222224,1.8,151.0,2020-09-12 07:37:54,围网
10087,32.28036111111111,125.23061111111113,1.8,122.0,2020-09-12 07:47:54,围网
10087,32.27613888888889,125.23413888888888,2.2,146.0,2020-09-12 07:57:54,围网
10087,32.27127777777777,125.23769444444444,2.1,144.0,2020-09-12 08:08:08,围网
10087,32.26672222222222,125.24133333333332,1.9,164.0,2020-09-12 08:17:54,围网
10087,32.261944444444445,125.24508333333334,1.8,149.0,2020-09-12 08:27:54,围网
10087,32.25680555555556,125.24791666666668,2.0,151.0,2020-09-12 08:37:54,围网
10087,32.25244444444444,125.25216666666668,2.3,127.0,2020-09-12 08:47:53,围网
10087,32.24975000000001,125.25863888888887,2.3,106.0,2020-09-12 08:57:53,围网
10087,32.24591666666667,125.2639722222222,2.0,140.0,2020-09-12 09:08:09,围网
10087,32.240611111111114,125.26675,2.5,147.0,2020-09-12 09:17:53,围网
10087,32.23533333333334,125.26980555555555,2.5,139.0,2020-09-12 09:27:53,围网
10087,32.230250000000005,125.27341666666666,2.2,147.0,2020-09-12 09:37:53,围网
10087,32.225277777777784,125.27730555555556,2.2,156.0,2020-09-12 09:47:55,围网
10087,32.2205,125.28108333333331,3.1,89.0,2020-09-12 09:57:54,围网
10087,32.215833333333336,125.2847777777778,1.8,134.0,2020-09-12 10:07:54,围网
10087,32.21141666666667,125.28891666666668,2.1,153.0,2020-09-12 10:18:09,围网
10087,32.207166666666666,125.2925,1.7,149.0,2020-09-12 10:27:53,围网
10087,32.202472222222234,125.296,1.6,153.0,2020-09-12 10:37:53,围网
10087,32.19763888888889,125.29919444444445,1.9,155.0,2020-09-12 10:47:53,围网
10087,32.19269444444444,125.30208333333331,1.7,155.0,2020-09-12 10:57:53,围网
10087,32.187555555555555,125.3045277777778,2.2,156.0,2020-09-12 11:07:53,围网
10087,32.182111111111105,125.30580555555555,2.4,174.0,2020-09-12 11:17:53,围网
10087,32.17663888888889,125.30683333333332,1.7,173.0,2020-09-12 11:27:53,围网
10087,32.171055555555554,125.30766666666666,1.9,168.0,2020-09-12 11:37:53,围网
10087,32.16566666666667,125.30891666666666,2.2,166.0,2020-09-12 11:47:53,围网
10087,32.16063888888889,125.31102777777778,1.9,132.0,2020-09-12 11:57:53,围网
10087,32.15691666666667,125.31611111111113,1.8,161.0,2020-09-12 12:07:53,围网
10087,32.152055555555556,125.31794444444445,1.8,173.0,2020-09-12 12:17:53,围网
10087,32.146861111111114,125.31916666666666,2.0,176.0,2020-09-12 12:28:09,围网
10087,32.14663888888889,125.31875,1.9,331.0,2020-09-12 12:37:53,围网
10087,32.150888888888886,125.31688888888887,1.3,200.0,2020-09-12 12:47:53,围网
10087,32.14883333333333,125.31641666666664,4.6,191.0,2020-09-12 12:57:53,围网
10087,32.147166666666664,125.31563888888887,4.2,211.0,2020-09-12 13:07:53,围网
10087,32.145833333333336,125.31441666666666,0.8,202.0,2020-09-12 13:17:52,围网
10087,32.14408333333333,125.31305555555555,4.8,250.0,2020-09-12 13:27:52,围网
10087,32.14363888888889,125.31058333333333,4.3,70.0,2020-09-12 13:37:52,围网
10087,32.13983333333333,125.30916666666668,0.9,214.0,2020-09-12 13:47:52,围网
10087,32.13725,125.30747222222222,1.1,207.0,2020-09-12 13:57:52,围网
10087,32.144194444444445,125.32280555555555,6.8,348.0,2020-09-12 14:17:52,围网
10087,32.15172222222222,125.32083333333333,1.7,348.0,2020-09-12 14:27:52,围网
10087,32.15627777777777,125.31905555555555,1.7,358.0,2020-09-12 14:37:52,围网
10087,32.16111111111111,125.31708333333331,2.6,327.0,2020-09-12 14:47:52,围网
10087,32.16591666666667,125.31522222222222,2.0,333.0,2020-09-12 14:57:52,围网
10087,32.17038888888889,125.31172222222223,1.7,323.0,2020-09-12 15:07:52,围网
10087,32.17475,125.30777777777777,2.0,333.0,2020-09-12 15:17:52,围网
10087,32.17908333333333,125.30386111111108,2.0,316.0,2020-09-12 15:27:52,围网
10087,32.183972222222216,125.30077777777777,2.2,3.0,2020-09-12 15:38:09,围网
10087,32.188694444444444,125.2982222222222,2.3,318.0,2020-09-12 15:47:52,围网
10087,32.19358333333333,125.2955,2.4,311.0,2020-09-12 15:57:52,围网
10087,32.198527777777784,125.2927222222222,2.6,318.0,2020-09-12 16:07:52,围网
10087,32.2035,125.28991666666668,2.4,341.0,2020-09-12 16:17:52,围网
10087,32.208472222222234,125.28713888888888,2.0,312.0,2020-09-12 16:27:52,围网
10087,32.21347222222223,125.28441666666666,1.9,354.0,2020-09-12 16:37:52,围网
10087,32.21858333333333,125.28161111111108,2.0,339.0,2020-09-12 16:47:52,围网
10087,32.223555555555556,125.27863888888888,1.8,323.0,2020-09-12 16:57:52,围网
10087,32.22838888888889,125.27533333333334,1.9,325.0,2020-09-12 17:07:52,围网
10087,32.23136111111111,125.26941666666666,2.0,294.0,2020-09-12 17:17:52,围网
10087,32.233944444444454,125.26358333333332,2.0,278.0,2020-09-12 17:27:52,围网
10087,32.23688888888889,125.25738888888893,1.8,299.0,2020-09-12 17:38:33,围网
10087,32.239472222222226,125.25225,1.8,303.0,2020-09-12 17:47:52,围网
10087,32.24261111111111,125.2470277777778,1.8,325.0,2020-09-12 17:57:51,围网
10087,32.246611111111115,125.24247222222222,2.7,352.0,2020-09-12 18:07:51,围网
10087,32.25172222222222,125.23947222222222,2.5,14.0,2020-09-12 18:17:51,围网
10087,32.25727777777778,125.23775,1.9,351.0,2020-09-12 18:27:51,围网
10087,32.262194444444454,125.23530555555556,1.9,343.0,2020-09-12 18:37:51,围网
10087,32.26533333333333,125.23030555555556,1.7,300.0,2020-09-12 18:47:51,围网
10087,32.26811111111111,125.2255,1.7,314.0,2020-09-12 18:57:51,围网
10087,32.27213888888889,125.22233333333334,1.3,354.0,2020-09-12 19:07:51,围网
10087,32.27686111111111,125.22016666666669,2.0,343.0,2020-09-12 19:17:51,围网
10087,32.281055555555554,125.2175,2.0,298.0,2020-09-12 19:27:51,围网
10087,32.28505555555555,125.21497222222222,2.1,321.0,2020-09-12 19:37:51,围网
10087,32.28983333333333,125.21455555555555,1.8,13.0,2020-09-12 19:47:51,围网
10087,32.294305555555546,125.21447222222223,0.2,0.0,2020-09-12 19:57:51,围网
10087,32.28963888888889,125.21663888888888,2.4,142.0,2020-09-12 20:08:38,围网
10087,32.28877777777777,125.21875,0.9,98.0,2020-09-12 20:17:51,围网
10087,32.28925,125.21977777777781,4.1,245.0,2020-09-12 20:27:51,围网
10087,32.290305555555555,125.2205277777778,0.3,0.0,2020-09-12 20:37:51,围网
10087,32.29055555555556,125.22138888888892,0.5,0.0,2020-09-12 20:47:51,围网
10087,32.290638888888886,125.22233333333334,0.5,92.0,2020-09-12 20:57:51,围网
10087,32.291694444444445,125.22125,5.5,312.0,2020-09-12 21:07:51,围网
10087,32.30475,125.20225,7.4,297.0,2020-09-12 21:17:51,围网
10087,32.31763888888889,125.18205555555555,8.0,310.0,2020-09-12 21:27:51,围网
10087,32.32483333333334,125.16908333333332,3.8,226.0,2020-09-12 21:37:51,围网
10087,32.31797222222223,125.17105555555555,2.1,153.0,2020-09-12 21:47:51,围网
10087,32.312916666666666,125.17247222222224,1.7,142.0,2020-09-12 21:57:52,围网
10087,32.303277777777765,125.17591666666668,1.6,180.0,2020-09-12 22:17:50,围网
10087,32.298611111111114,125.17825,1.4,153.0,2020-09-12 22:27:50,围网
10087,32.29408333333333,125.18113888888894,2.0,145.0,2020-09-12 22:37:50,围网
10087,32.28955555555555,125.184,1.5,164.0,2020-09-12 22:47:50,围网
10087,32.284972222222216,125.1867777777778,1.8,150.0,2020-09-12 22:57:50,围网
10087,32.28044444444444,125.18961111111112,2.3,149.0,2020-09-12 23:07:50,围网
10087,32.27577777777777,125.1924722222222,1.8,150.0,2020-09-12 23:17:50,围网
10087,32.27127777777777,125.19513888888888,2.7,164.0,2020-09-12 23:27:50,围网
10087,32.266888888888886,125.19788888888893,2.4,171.0,2020-09-12 23:37:51,围网
10087,32.26241666666667,125.20055555555555,2.2,165.0,2020-09-12 23:47:53,围网
10087,32.258027777777784,125.20333333333332,1.6,164.0,2020-09-12 23:58:09,围网
10087,32.25355555555555,125.20536111111113,1.8,163.0,2020-09-13 00:07:50,围网
10087,32.24875,125.2072777777778,1.7,163.0,2020-09-13 00:17:50,围网
10087,32.24402777777778,125.2092777777778,1.9,146.0,2020-09-13 00:27:50,围网
10087,32.23930555555556,125.21125,2.1,146.0,2020-09-13 00:37:50,围网
10087,32.23466666666666,125.21333333333334,1.5,158.0,2020-09-13 00:47:50,围网
10087,32.230111111111114,125.21536111111112,1.5,163.0,2020-09-13 00:57:50,围网
10087,32.225611111111114,125.21719444444444,1.7,168.0,2020-09-13 01:07:50,围网
10087,32.221111111111114,125.21916666666668,2.1,136.0,2020-09-13 01:17:50,围网
10087,32.21666666666667,125.221,1.6,148.0,2020-09-13 01:27:50,围网
10087,32.21230555555556,125.22280555555555,1.3,168.0,2020-09-13 01:37:50,围网
10087,32.208,125.22483333333334,1.8,165.0,2020-09-13 01:47:50,围网
10087,32.20380555555556,125.22661111111113,1.7,157.0,2020-09-13 01:57:50,围网
10087,32.1996111111111,125.22855555555556,1.7,184.0,2020-09-13 02:08:08,围网
10087,32.19580555555555,125.23019444444445,1.6,126.0,2020-09-13 02:17:50,围网
10087,32.191916666666664,125.23180555555555,1.3,164.0,2020-09-13 02:27:50,围网
10087,32.187666666666665,125.23191666666666,2.0,167.0,2020-09-13 02:37:50,围网
10087,32.18352777777777,125.23183333333334,1.5,182.0,2020-09-13 02:47:50,围网
10087,32.18197222222222,125.23183333333334,1.9,347.0,2020-09-13 02:57:49,围网
10087,32.18747222222222,125.2282777777778,2.2,72.0,2020-09-13 03:17:49,围网
10087,32.186861111111114,125.22808333333332,4.0,320.0,2020-09-13 03:27:49,围网
10087,32.18716666666666,125.22958333333332,2.3,230.0,2020-09-13 03:37:49,围网
10087,32.186416666666666,125.22836111111113,0.3,0.0,2020-09-13 03:47:49,围网
10087,32.18572222222222,125.22719444444445,0.3,0.0,2020-09-13 03:57:49,围网
10087,32.184999999999995,125.22558333333332,0.8,0.0,2020-09-13 04:07:50,围网
10087,32.19222222222222,125.22344444444445,2.6,4.0,2020-09-13 04:18:09,围网
10087,32.1975,125.22133333333332,2.3,329.0,2020-09-13 04:27:49,围网
10087,32.20286111111112,125.21938888888887,2.0,352.0,2020-09-13 04:37:49,围网
10087,32.21363888888889,125.21544444444444,2.2,354.0,2020-09-13 04:57:49,围网
10087,32.219,125.21358333333332,2.2,350.0,2020-09-13 05:07:49,围网
10087,32.22461111111111,125.21161111111113,2.2,345.0,2020-09-13 05:17:49,围网
10087,32.23008333333334,125.20966666666666,2.2,338.0,2020-09-13 05:27:49,围网
10087,32.235472222222235,125.20780555555555,2.0,349.0,2020-09-13 05:37:49,围网
10087,32.241,125.20580555555556,2.0,354.0,2020-09-13 05:47:49,围网
10087,32.24630555555556,125.2037777777778,2.2,342.0,2020-09-13 05:57:49,围网
10087,32.25133333333333,125.2014722222222,2.1,323.0,2020-09-13 06:07:49,围网
10087,32.25658333333333,125.19905555555556,1.7,345.0,2020-09-13 06:17:49,围网
10087,32.26130555555556,125.19686111111113,2.3,311.0,2020-09-13 06:27:49,围网
10087,32.26602777777778,125.19472222222224,2.0,355.0,2020-09-13 06:37:49,围网
10087,32.270833333333336,125.19244444444445,1.6,336.0,2020-09-13 06:47:49,围网
10087,32.275166666666664,125.18958333333332,1.4,325.0,2020-09-13 06:57:49,围网
10087,32.27905555555555,125.18597222222222,1.5,328.0,2020-09-13 07:07:49,围网
10087,32.28275,125.18258333333334,1.8,314.0,2020-09-13 07:17:49,围网
10087,32.28625,125.17936111111112,1.2,318.0,2020-09-13 07:27:50,围网
10087,32.29113888888889,125.17883333333332,1.1,0.0,2020-09-13 07:37:48,围网
10087,32.29602777777778,125.17861111111112,1.6,351.0,2020-09-13 07:48:09,围网
10087,32.300444444444445,125.17905555555555,1.8,353.0,2020-09-13 07:57:48,围网
10087,32.304805555555554,125.18033333333337,1.3,0.0,2020-09-13 08:07:48,围网
10087,32.30511111111111,125.18038888888893,1.8,186.0,2020-09-13 08:17:49,围网
10087,32.30183333333333,125.18113888888894,1.3,71.0,2020-09-13 08:27:48,围网
10087,32.30097222222222,125.18558333333333,2.1,145.0,2020-09-13 08:37:48,围网
10087,32.29652777777777,125.18816666666667,2.0,139.0,2020-09-13 08:47:48,围网
10087,32.29463888888889,125.18708333333332,2.4,74.0,2020-09-13 08:57:48,围网
10087,32.293055555555554,125.1925,2.6,139.0,2020-09-13 09:07:49,围网
10087,32.288305555555546,125.19558333333332,4.8,141.0,2020-09-13 09:17:48,围网
10087,32.284055555555554,125.19661111111112,1.8,129.0,2020-09-13 09:27:48,围网
10087,32.28197222222221,125.19797222222223,4.4,128.0,2020-09-13 09:37:49,围网
10087,32.278888888888886,125.19936111111113,1.2,162.0,2020-09-13 09:48:09,围网
10087,32.27577777777777,125.20038888888894,1.1,166.0,2020-09-13 09:57:48,围网
10087,32.27763888888889,125.19555555555556,7.6,316.0,2020-09-13 10:07:48,围网
10087,32.29625,125.18475,7.4,322.0,2020-09-13 10:17:48,围网
10087,32.31172222222221,125.16827777777776,7.8,315.0,2020-09-13 10:27:48,围网
10087,32.330472222222234,125.15705555555556,7.5,342.0,2020-09-13 10:37:48,围网
10087,32.348555555555556,125.14502777777778,7.4,321.0,2020-09-13 10:47:48,围网
10087,32.358250000000005,125.1415,2.6,125.0,2020-09-13 10:57:48,围网
10087,32.35011111111111,125.145,3.4,169.0,2020-09-13 11:07:48,围网
10087,32.34388888888889,125.14638888888894,2.2,165.0,2020-09-13 11:17:48,围网
10087,32.338166666666666,125.14716666666668,1.9,180.0,2020-09-13 11:27:48,围网
10087,32.33244444444445,125.14752777777778,2.1,190.0,2020-09-13 11:37:48,围网
10087,32.32683333333333,125.148,2.1,178.0,2020-09-13 11:47:48,围网
10087,32.321222222222225,125.1484722222222,1.9,184.0,2020-09-13 11:57:48,围网
10087,32.315194444444444,125.14894444444445,1.7,0.0,2020-09-13 12:08:32,围网
10087,32.31002777777777,125.14925,1.4,0.0,2020-09-13 12:17:48,围网
10087,32.30430555555556,125.14950000000002,2.1,0.0,2020-09-13 12:27:56,围网
10087,32.298611111111114,125.15011111111113,2.1,166.0,2020-09-13 12:38:09,围网
10087,32.29322222222222,125.15036111111112,2.1,175.0,2020-09-13 12:47:47,围网
10087,32.28758333333334,125.1509722222222,2.2,167.0,2020-09-13 12:57:47,围网
10087,32.282,125.15136111111113,2.0,190.0,2020-09-13 13:07:47,围网
10087,32.27652777777778,125.15180555555555,2.0,171.0,2020-09-13 13:17:47,围网
10087,32.27094444444445,125.15227777777778,2.2,187.0,2020-09-13 13:27:47,围网
10087,32.26536111111111,125.15266666666668,2.0,165.0,2020-09-13 13:37:47,围网
10087,32.259861111111114,125.15297222222223,1.9,172.0,2020-09-13 13:47:47,围网
10087,32.25438888888889,125.15291666666668,1.9,168.0,2020-09-13 13:57:47,围网
10087,32.24886111111111,125.15258333333334,2.0,186.0,2020-09-13 14:07:47,围网
10087,32.243472222222216,125.15180555555555,1.9,183.0,2020-09-13 14:17:47,围网
10087,32.238083333333336,125.15119444444444,2.2,179.0,2020-09-13 14:27:47,围网
10087,32.23291666666667,125.15016666666668,2.1,188.0,2020-09-13 14:37:47,围网
10087,32.22775,125.14888888888888,1.9,188.0,2020-09-13 14:47:47,围网
10087,32.22263888888889,125.1475,1.9,190.0,2020-09-13 14:57:47,围网
10087,32.21758333333334,125.14716666666668,1.9,204.0,2020-09-13 15:07:47,围网
10087,32.21277777777778,125.14630555555556,2.0,185.0,2020-09-13 15:17:47,围网
10087,32.2081388888889,125.14569444444444,2.1,177.0,2020-09-13 15:27:47,围网
10087,32.205222222222226,125.14388888888894,2.0,327.0,2020-09-13 15:37:47,围网
10087,32.21080555555556,125.14344444444444,1.9,35.0,2020-09-13 15:47:47,围网
10087,32.21091666666667,125.14069444444445,0.3,0.0,2020-09-13 15:57:48,围网
10087,32.2111388888889,125.13716666666667,4.1,163.0,2020-09-13 16:09:03,围网
10087,32.20991666666667,125.13469444444445,0.7,0.0,2020-09-13 16:17:47,围网
10087,32.209250000000004,125.13244444444445,0.6,0.0,2020-09-13 16:27:47,围网
10087,32.213972222222225,125.12580555555556,9.3,343.0,2020-09-13 16:37:47,围网
10087,32.23872222222222,125.11922222222222,8.3,357.0,2020-09-13 16:47:46,围网
10087,32.26263888888889,125.11483333333332,8.2,344.0,2020-09-13 16:58:09,围网
10087,32.26677777777777,125.13883333333334,7.8,80.0,2020-09-13 17:07:46,围网
10087,32.26861111111111,125.16533333333336,8.1,82.0,2020-09-13 17:17:46,围网
10087,32.26991666666667,125.19136111111106,7.9,86.0,2020-09-13 17:27:46,围网
10087,32.27091666666667,125.21680555555555,7.7,84.0,2020-09-13 17:37:46,围网
10087,32.26986111111111,125.24244444444444,7.3,99.0,2020-09-13 17:47:46,围网
10087,32.26675,125.26744444444445,5.1,79.0,2020-09-13 17:57:46,围网
10087,32.27194444444444,125.26422222222223,7.3,358.0,2020-09-13 18:07:46,围网
10087,32.28044444444444,125.26188888888888,1.9,355.0,2020-09-13 18:17:46,围网
10087,32.28572222222222,125.25966666666666,2.0,342.0,2020-09-13 18:27:46,围网
10087,32.29083333333333,125.25775,1.7,353.0,2020-09-13 18:37:46,围网
10087,32.295611111111114,125.25388888888894,2.2,306.0,2020-09-13 18:47:46,围网
10087,32.29975,125.24891666666666,2.1,308.0,2020-09-13 18:57:46,围网
10087,32.30383333333333,125.24427777777778,2.0,310.0,2020-09-13 19:07:46,围网
10087,32.30797222222222,125.23983333333334,1.9,329.0,2020-09-13 19:17:46,围网
10087,32.312305555555554,125.23527777777778,1.7,334.0,2020-09-13 19:28:09,围网
10087,32.31616666666666,125.23102777777778,2.0,312.0,2020-09-13 19:37:46,围网
10087,32.320083333333336,125.22627777777778,2.0,309.0,2020-09-13 19:47:46,围网
10087,32.32388888888889,125.22158333333334,1.8,308.0,2020-09-13 19:57:46,围网
10087,32.32758333333334,125.21708333333332,1.7,334.0,2020-09-13 20:07:46,围网
10087,32.331527777777794,125.21302777777777,1.9,315.0,2020-09-13 20:17:46,围网
10087,32.33544444444445,125.2090277777778,1.9,328.0,2020-09-13 20:27:46,围网
10087,32.339305555555555,125.20513888888887,1.9,329.0,2020-09-13 20:37:46,围网
10087,32.34308333333334,125.20119444444444,1.9,330.0,2020-09-13 20:47:46,围网
10087,32.346833333333336,125.19733333333332,1.8,326.0,2020-09-13 20:57:46,围网
10087,32.35055555555556,125.19333333333334,1.8,319.0,2020-09-13 21:07:46,围网
10087,32.35408333333333,125.18911111111113,1.0,319.0,2020-09-13 21:17:45,围网
10087,32.35827777777778,125.18527777777778,1.6,334.0,2020-09-13 21:28:09,围网
10087,32.36141666666667,125.18138888888888,2.1,273.0,2020-09-13 21:37:45,围网
10087,32.35258333333333,125.18047222222224,3.5,146.0,2020-09-13 21:47:45,围网
10087,32.34711111111111,125.18555555555555,1.9,128.0,2020-09-13 21:57:45,围网
10087,32.343027777777785,125.18922222222223,1.7,153.0,2020-09-13 22:07:45,围网
10087,32.33888888888889,125.19241666666667,1.5,145.0,2020-09-13 22:17:45,围网
10087,32.334805555555555,125.19541666666666,1.5,144.0,2020-09-13 22:27:45,围网
10087,32.33077777777777,125.19875,2.2,123.0,2020-09-13 22:37:45,围网
10087,32.327027777777786,125.20269444444445,1.7,129.0,2020-09-13 22:47:45,围网
10087,32.32363888888889,125.20711111111113,1.2,139.0,2020-09-13 22:57:45,围网
10087,32.32733333333333,125.2049722222222,1.9,339.0,2020-09-13 23:07:45,围网
10087,32.328722222222225,125.20491666666668,0.5,0.0,2020-09-13 23:17:45,围网
10087,32.33016666666667,125.20491666666668,5.1,44.0,2020-09-13 23:27:45,围网
10087,32.32858333333333,125.20697222222222,0.6,100.0,2020-09-13 23:37:45,围网
10087,32.32761111111111,125.20844444444445,0.7,130.0,2020-09-13 23:47:45,围网
10087,32.32627777777778,125.20969444444445,0.7,155.0,2020-09-13 23:57:45,围网
10087,32.32266666666667,125.21125,6.8,174.0,2020-09-14 00:08:08,围网
10087,32.31408333333333,125.21536111111112,2.2,120.0,2020-09-14 00:17:45,围网
10087,32.31083333333333,125.2212222222222,1.9,123.0,2020-09-14 00:27:45,围网
10087,32.30786111111111,125.22644444444445,2.0,135.0,2020-09-14 00:37:45,围网
10087,32.304944444444445,125.23141666666666,1.9,112.0,2020-09-14 00:47:45,围网
10087,32.30152777777778,125.2360277777778,1.8,121.0,2020-09-14 00:57:45,围网
10087,32.29825,125.24041666666666,1.7,132.0,2020-09-14 01:07:45,围网
10087,32.29488888888889,125.24494444444444,1.5,112.0,2020-09-14 01:17:45,围网
10087,32.291666666666664,125.2495,1.9,137.0,2020-09-14 01:27:45,围网
10087,32.28858333333333,125.25386111111106,2.0,120.0,2020-09-14 01:37:45,围网
10087,32.2855,125.25808333333332,1.5,140.0,2020-09-14 01:47:45,围网
10087,32.282555555555554,125.26236111111106,1.6,128.0,2020-09-14 01:57:44,围网
10087,32.279666666666664,125.26652777777777,2.1,149.0,2020-09-14 02:07:44,围网
10087,32.27688888888889,125.27063888888893,2.5,155.0,2020-09-14 02:17:44,围网
10087,32.27283333333333,125.27358333333332,2.0,161.0,2020-09-14 02:27:44,围网
10087,32.26908333333333,125.27666666666669,2.2,148.0,2020-09-14 02:37:44,围网
10087,32.266305555555554,125.28033333333336,1.7,130.0,2020-09-14 02:47:44,围网
10087,32.263555555555556,125.28397222222222,1.4,127.0,2020-09-14 02:57:44,围网
10087,32.26083333333333,125.28766666666668,1.7,145.0,2020-09-14 03:07:44,围网
10087,32.25819444444445,125.29122222222222,1.5,141.0,2020-09-14 03:17:44,围网
10087,32.25469444444445,125.2937777777778,1.7,181.0,2020-09-14 03:27:55,围网
10087,32.24930555555556,125.29363888888888,1.7,176.0,2020-09-14 03:38:09,围网
10087,32.24486111111111,125.29338888888893,2.1,183.0,2020-09-14 03:47:44,围网
10087,32.24041666666667,125.2937777777778,1.7,180.0,2020-09-14 03:57:44,围网
10087,32.23608333333333,125.294,2.2,190.0,2020-09-14 04:07:44,围网
10087,32.23172222222223,125.29347222222222,1.6,195.0,2020-09-14 04:17:44,围网
10087,32.22730555555556,125.29133333333333,1.7,214.0,2020-09-14 04:27:44,围网
10087,32.22383333333333,125.28483333333332,1.8,223.0,2020-09-14 04:37:44,围网
10087,32.22011111111111,125.27983333333331,1.6,239.0,2020-09-14 04:47:44,围网
10087,32.217055555555554,125.27494444444444,1.8,247.0,2020-09-14 04:57:44,围网
10087,32.21425000000001,125.26994444444445,1.4,245.0,2020-09-14 05:07:44,围网
10087,32.215472222222225,125.26263888888887,3.6,298.0,2020-09-14 05:17:44,围网
10087,32.22075,125.2565,2.4,338.0,2020-09-14 05:27:44,围网
10087,32.22658333333334,125.2535,2.1,353.0,2020-09-14 05:37:44,围网
10087,32.23180555555556,125.25141666666666,1.9,344.0,2020-09-14 05:47:44,围网
10087,32.236250000000005,125.24863888888888,1.7,315.0,2020-09-14 05:57:44,围网
10087,32.242444444444445,125.25722222222224,7.5,61.0,2020-09-14 07:27:43,围网
10087,32.270861111111124,125.28688888888887,2.5,0.0,2020-09-14 07:57:43,围网
10087,32.275499999999994,125.28241666666666,2.4,313.0,2020-09-14 08:07:43,围网
10087,32.278166666666664,125.27608333333332,2.0,301.0,2020-09-14 08:17:43,围网
10087,32.28041666666667,125.2705,1.9,287.0,2020-09-14 08:27:44,围网
10087,32.283055555555556,125.26530555555556,1.5,297.0,2020-09-14 08:38:09,围网
10087,32.28541666666667,125.26072222222223,1.4,301.0,2020-09-14 08:47:43,围网
10087,32.28838888888889,125.25619444444445,1.6,302.0,2020-09-14 08:57:43,围网
10087,32.29175,125.25219444444444,1.8,308.0,2020-09-14 09:07:43,围网
10087,32.29508333333333,125.2482222222222,1.4,313.0,2020-09-14 09:17:43,围网
10087,32.29830555555556,125.24441666666668,1.6,310.0,2020-09-14 09:27:43,围网
10087,32.301361111111106,125.24066666666668,1.7,308.0,2020-09-14 09:37:43,围网
10087,32.30405555555555,125.23638888888892,1.8,313.0,2020-09-14 09:47:44,围网
10087,32.298138888888886,125.23169444444444,2.7,200.0,2020-09-14 09:57:43,围网
10087,32.29052777777777,125.23722222222223,2.0,147.0,2020-09-14 10:07:43,围网
10087,32.28663888888889,125.24275,2.2,128.0,2020-09-14 10:17:43,围网
10087,32.28294444444444,125.2474722222222,1.8,133.0,2020-09-14 10:27:43,围网
10087,32.27905555555555,125.25169444444445,2.1,148.0,2020-09-14 10:37:43,围网
10087,32.27527777777777,125.25613888888887,2.1,120.0,2020-09-14 10:47:43,围网
10087,32.27133333333333,125.26055555555556,2.2,140.0,2020-09-14 10:57:42,围网
10087,32.26727777777778,125.26488888888888,2.2,128.0,2020-09-14 11:07:42,围网
10087,32.26269444444445,125.26844444444444,2.0,145.0,2020-09-14 11:17:42,围网
10087,32.25730555555556,125.27083333333331,1.9,156.0,2020-09-14 11:27:42,围网
10087,32.25211111111111,125.27308333333332,1.8,153.0,2020-09-14 11:37:42,围网
10087,32.246972222222226,125.27533333333334,2.5,173.0,2020-09-14 11:47:42,围网
10087,32.24188888888889,125.27816666666666,2.4,126.0,2020-09-14 11:57:42,围网
10087,32.23636111111111,125.28152777777777,2.0,151.0,2020-09-14 12:08:32,围网
10087,32.23177777777778,125.28444444444445,2.0,147.0,2020-09-14 12:17:42,围网
10087,32.22680555555556,125.28794444444445,2.2,118.0,2020-09-14 12:27:42,围网
10087,32.22177777777778,125.29136111111107,2.4,131.0,2020-09-14 12:37:42,围网
10087,32.21691666666667,125.295,2.2,125.0,2020-09-14 12:47:42,围网
10087,32.21186111111111,125.29855555555555,2.2,145.0,2020-09-14 12:57:43,围网
10087,32.206861111111124,125.30197222222222,2.5,132.0,2020-09-14 13:07:43,围网
10087,32.20194444444445,125.30536111111113,2.4,135.0,2020-09-14 13:17:42,围网
10087,32.19708333333333,125.30855555555556,2.3,134.0,2020-09-14 13:27:42,围网
10087,32.194361111111114,125.31025,1.6,36.0,2020-09-14 13:37:42,围网
10087,32.19766666666666,125.30855555555556,1.9,297.0,2020-09-14 13:47:42,围网
10087,32.194777777777766,125.30761111111107,0.9,0.0,2020-09-14 13:57:43,围网
10087,32.19247222222222,125.30891666666666,5.5,195.0,2020-09-14 14:08:09,围网
10087,32.18975,125.30575,0.6,190.0,2020-09-14 14:17:42,围网
10087,32.18680555555555,125.30391666666668,1.3,216.0,2020-09-14 14:27:45,围网
10087,32.20408333333334,125.30036111111113,7.3,340.0,2020-09-14 14:37:43,围网
10087,32.22361111111111,125.29088888888887,7.9,337.0,2020-09-14 14:47:42,围网
10087,32.233972222222235,125.28269444444445,3.9,123.0,2020-09-14 14:57:42,围网
10087,32.22397222222223,125.28891666666668,2.4,154.0,2020-09-14 15:07:42,围网
10087,32.218111111111114,125.29,2.1,161.0,2020-09-14 15:18:09,围网
10087,32.212361111111115,125.28936111111106,2.2,181.0,2020-09-14 15:27:42,围网
10087,32.20661111111111,125.28838888888887,2.1,151.0,2020-09-14 15:37:42,围网
10087,32.20130555555556,125.2897222222222,1.9,170.0,2020-09-14 15:47:41,围网
10087,32.19625,125.29133333333333,1.8,147.0,2020-09-14 15:57:41,围网
10087,32.20013888888889,125.29733333333333,3.2,19.0,2020-09-14 16:07:41,围网
10087,32.2065,125.29727777777778,2.6,349.0,2020-09-14 16:17:41,围网
10087,32.21205555555556,125.29325,2.2,339.0,2020-09-14 16:27:41,围网
10087,32.21661111111111,125.28958333333333,2.0,312.0,2020-09-14 16:37:41,围网
10087,32.22108333333334,125.28627777777778,1.9,334.0,2020-09-14 16:47:41,围网
10087,32.22541666666667,125.28272222222222,2.8,144.0,2020-09-14 16:57:41,围网
10087,32.23008333333334,125.27847222222222,1.7,324.0,2020-09-14 17:07:42,围网
10087,32.23480555555556,125.27436111111106,1.7,332.0,2020-09-14 17:17:44,围网
10087,32.23972222222222,125.27002777777777,2.2,321.0,2020-09-14 17:28:09,围网
10087,32.24425,125.26602777777778,2.1,341.0,2020-09-14 17:37:41,围网
10087,32.24902777777778,125.26158333333332,1.9,321.0,2020-09-14 17:47:41,围网
10087,32.25394444444444,125.2572777777778,2.2,332.0,2020-09-14 17:57:41,围网
10087,32.25886111111111,125.25313888888893,3.0,330.0,2020-09-14 18:07:41,围网
10087,32.26463888888889,125.25066666666666,2.3,337.0,2020-09-14 18:17:41,围网
10087,32.26975,125.24663888888887,2.5,330.0,2020-09-14 18:27:41,围网
10087,32.273111111111106,125.23941666666666,2.3,306.0,2020-09-14 18:37:41,围网
10087,32.27822222222222,125.23511111111112,2.2,326.0,2020-09-14 18:47:41,围网
10087,32.28372222222222,125.23155555555556,2.5,333.0,2020-09-14 18:57:41,围网
10087,32.28922222222222,125.22794444444445,2.4,333.0,2020-09-14 19:07:41,围网
10087,32.294277777777765,125.22336111111107,2.3,312.0,2020-09-14 19:17:41,围网
10087,32.298944444444444,125.21861111111113,2.0,329.0,2020-09-14 19:27:41,围网
10087,32.30386111111111,125.21413888888887,2.4,313.0,2020-09-14 19:37:41,围网
10087,32.30880555555555,125.2097777777778,2.1,329.0,2020-09-14 19:47:41,围网
10087,32.31402777777777,125.20541666666666,2.0,326.0,2020-09-14 19:57:41,围网
10087,32.31933333333333,125.20113888888888,2.1,325.0,2020-09-14 20:08:08,围网
10087,32.324000000000005,125.19736111111106,2.5,321.0,2020-09-14 20:17:40,围网
10087,32.328833333333336,125.19325,2.0,323.0,2020-09-14 20:27:40,围网
10087,32.333638888888885,125.18911111111113,2.1,320.0,2020-09-14 20:37:40,围网
10087,32.338861111111115,125.18602777777778,2.4,326.0,2020-09-14 20:47:40,围网
10087,32.343972222222234,125.18313888888888,0.5,315.0,2020-09-14 20:57:40,围网
10087,32.34125,125.18633333333334,1.2,141.0,2020-09-14 21:07:40,围网
10087,32.34352777777778,125.18577777777777,2.8,92.0,2020-09-14 21:17:40,围网
10087,32.344944444444444,125.186,3.1,140.0,2020-09-14 21:27:40,围网
10087,32.34633333333333,125.18275,1.0,344.0,2020-09-14 21:37:40,围网
10087,32.348333333333336,125.1809722222222,0.8,329.0,2020-09-14 21:47:40,围网
10087,32.35016666666667,125.17911111111113,1.1,326.0,2020-09-14 21:57:40,围网
10087,32.35213888888889,125.17863888888887,3.7,215.0,2020-09-14 22:07:40,围网
10087,32.35102777777778,125.1765,5.9,217.0,2020-09-14 22:17:40,围网
10087,32.34694444444445,125.17097222222222,0.3,0.0,2020-09-14 22:27:40,围网
10087,32.34777777777778,125.17036111111112,1.0,291.0,2020-09-14 22:37:40,围网
10087,32.34561111111111,125.17530555555555,7.1,136.0,2020-09-14 22:47:40,围网
10087,32.33463888888889,125.19775,6.2,123.0,2020-09-14 22:57:40,围网
10087,32.33527777777778,125.20397222222223,7.0,130.0,2020-09-14 23:07:40,围网
10087,32.32925000000001,125.21072222222223,2.0,159.0,2020-09-14 23:17:40,围网
10087,32.32475000000001,125.21313888888888,1.8,166.0,2020-09-14 23:27:40,围网
10087,32.320750000000004,125.21669444444444,2.1,118.0,2020-09-14 23:37:40,围网
10087,32.31702777777778,125.22086111111106,2.5,123.0,2020-09-14 23:47:40,围网
10087,32.31322222222221,125.22516666666668,3.0,127.0,2020-09-14 23:57:40,围网
10087,32.30922222222222,125.22969444444445,1.9,136.0,2020-09-15 00:08:08,围网
10087,32.30547222222222,125.23375,2.3,130.0,2020-09-15 00:17:40,围网
10087,32.30163888888889,125.23811111111112,1.6,146.0,2020-09-15 00:27:40,围网
10087,32.29772222222222,125.24233333333332,1.9,136.0,2020-09-15 00:37:40,围网
10087,32.29388888888889,125.24663888888887,2.1,136.0,2020-09-15 00:47:39,围网
10087,32.29,125.25094444444444,1.5,139.0,2020-09-15 00:57:39,围网
10087,32.28611111111111,125.25522222222222,2.1,147.0,2020-09-15 01:07:39,围网
10087,32.28219444444444,125.25944444444444,2.3,141.0,2020-09-15 01:17:39,围网
10087,32.27827777777777,125.26386111111113,1.8,120.0,2020-09-15 01:27:39,围网
10087,32.27436111111111,125.26825,2.1,124.0,2020-09-15 01:37:39,围网
10087,32.27047222222223,125.27266666666668,1.9,127.0,2020-09-15 01:47:39,围网
10087,32.26661111111111,125.2769722222222,1.8,142.0,2020-09-15 01:57:39,围网
10087,32.262861111111114,125.28119444444445,2.3,149.0,2020-09-15 02:07:39,围网
10087,32.25911111111111,125.28533333333334,2.4,137.0,2020-09-15 02:17:39,围网
10087,32.25547222222223,125.28941666666664,2.0,135.0,2020-09-15 02:27:39,围网
10087,32.251916666666666,125.29347222222222,2.3,133.0,2020-09-15 02:37:39,围网
10087,32.248444444444445,125.29744444444445,1.6,140.0,2020-09-15 02:47:39,围网
10087,32.24513888888889,125.30127777777778,2.1,142.0,2020-09-15 02:57:39,围网
10087,32.24125,125.3045,1.9,142.0,2020-09-15 03:07:39,围网
10087,32.23741666666667,125.30747222222222,2.0,144.0,2020-09-15 03:17:39,围网
10087,32.233472222222225,125.31058333333333,1.4,146.0,2020-09-15 03:28:09,围网
10087,32.23005555555556,125.31333333333332,1.5,147.0,2020-09-15 03:37:39,围网
10087,32.22661111111111,125.31613888888887,1.1,139.0,2020-09-15 03:47:39,围网
10087,32.223194444444445,125.31875,1.6,146.0,2020-09-15 03:57:39,围网
10087,32.2156388888889,125.32230555555556,1.7,173.0,2020-09-15 04:17:39,围网
10087,32.212527777777794,125.32274999999998,1.8,312.0,2020-09-15 04:27:39,围网
10087,32.21741666666667,125.31927777777777,3.0,306.0,2020-09-15 04:37:39,围网
10087,32.216833333333334,125.31702777777778,1.0,292.0,2020-09-15 04:47:39,围网
10087,32.21758333333334,125.31433333333334,1.3,277.0,2020-09-15 04:57:39,围网
10087,32.218250000000005,125.311,1.0,281.0,2020-09-15 05:07:39,围网
10087,32.219055555555556,125.309,6.3,181.0,2020-09-15 05:17:38,围网
10087,32.22758333333333,125.28083333333332,9.5,305.0,2020-09-15 05:27:38,围网
10087,32.24152777777778,125.25363888888887,9.7,302.0,2020-09-15 05:37:38,围网
10087,32.25461111111111,125.22544444444445,9.9,294.0,2020-09-15 05:47:38,围网
10087,32.266666666666666,125.19627777777778,9.8,294.0,2020-09-15 05:57:38,围网
10087,32.279444444444444,125.16563888888888,10.0,295.0,2020-09-15 06:08:08,围网
10087,32.29047222222222,125.13797222222223,9.5,300.0,2020-09-15 06:17:38,围网
10087,32.30452777777778,125.1110277777778,9.5,300.0,2020-09-15 06:27:38,围网
10087,32.31788888888889,125.08505555555556,7.4,305.0,2020-09-15 06:37:38,围网
10087,32.32936111111112,125.07091666666666,3.3,320.0,2020-09-15 06:47:38,围网
10087,32.33716666666667,125.062,6.9,318.0,2020-09-15 06:57:38,围网
10087,32.34447222222223,125.04472222222222,4.5,224.0,2020-09-15 07:07:38,围网
10087,32.34172222222223,125.03880555555556,1.5,287.0,2020-09-15 07:17:38,围网
10087,32.343861111111124,125.0335277777778,2.1,328.0,2020-09-15 07:27:38,围网
10087,32.348,125.02963888888887,0.7,0.0,2020-09-15 07:37:38,围网
10087,32.35827777777778,125.03219444444444,3.1,346.0,2020-09-15 07:47:39,围网
10087,32.36511111111111,125.03083333333332,4.2,351.0,2020-09-15 07:57:39,围网
10087,32.37186111111112,125.02958333333332,2.3,353.0,2020-09-15 08:08:09,围网
10087,32.377944444444445,125.02875,2.2,354.0,2020-09-15 08:17:38,围网
10087,32.38433333333333,125.02783333333332,2.7,342.0,2020-09-15 08:27:38,围网
10087,32.39044444444444,125.02708333333332,1.9,359.0,2020-09-15 08:37:38,围网
10087,32.3965,125.0262777777778,2.4,351.0,2020-09-15 08:47:38,围网
10087,32.40275,125.02555555555556,2.2,353.0,2020-09-15 08:57:38,围网
10087,32.409,125.0247777777778,2.0,349.0,2020-09-15 09:07:38,围网
10087,32.415055555555554,125.02394444444445,2.3,353.0,2020-09-15 09:17:38,围网
10087,32.420972222222225,125.02313888888894,1.9,341.0,2020-09-15 09:27:38,围网
10087,32.42686111111111,125.02238888888893,2.1,352.0,2020-09-15 09:37:38,围网
10087,32.432777777777765,125.02163888888887,2.1,344.0,2020-09-15 09:47:37,围网
10087,32.438555555555546,125.02080555555555,2.1,355.0,2020-09-15 09:57:37,围网
10087,32.44413888888889,125.02008333333332,2.1,10.0,2020-09-15 10:07:37,围网
10087,32.44955555555555,125.01936111111112,1.8,4.0,2020-09-15 10:17:37,围网
10087,32.45497222222223,125.0187222222222,1.8,353.0,2020-09-15 10:27:37,围网
10087,32.460194444444454,125.01811111111112,1.8,11.0,2020-09-15 10:37:37,围网
10087,32.46508333333334,125.01758333333332,1.8,14.0,2020-09-15 10:47:37,围网
10087,32.46983333333333,125.01744444444445,1.8,20.0,2020-09-15 10:57:39,围网
10087,32.47386111111111,125.01744444444445,0.6,0.0,2020-09-15 11:07:38,围网
10087,32.46908333333334,125.02077777777778,2.0,164.0,2020-09-15 11:17:37,围网
10087,32.47044444444445,125.02183333333332,1.9,40.0,2020-09-15 11:27:37,围网
10087,32.47230555555556,125.023,0.8,0.0,2020-09-15 11:37:37,围网
10087,32.473777777777784,125.02336111111107,0.8,0.0,2020-09-15 11:47:37,围网
10087,32.475472222222216,125.024,0.7,27.0,2020-09-15 11:58:39,围网
10087,32.48319444444445,125.0187777777778,8.1,317.0,2020-09-15 12:07:37,围网
10087,32.49561111111111,125.0065,8.7,319.0,2020-09-15 12:17:37,围网
10087,32.51377777777777,124.9884722222222,8.4,314.0,2020-09-15 12:27:37,围网
10087,32.53294444444444,124.97269444444444,8.4,330.0,2020-09-15 12:37:37,围网
10087,32.54025,124.97391666666668,2.6,145.0,2020-09-15 12:47:37,围网
10087,32.530972222222225,124.98030555555556,2.2,147.0,2020-09-15 12:57:37,围网
10087,32.526027777777784,124.98461111111112,2.1,145.0,2020-09-15 13:07:37,围网
10087,32.52147222222221,124.98961111111113,2.4,133.0,2020-09-15 13:17:37,围网
10087,32.51713888888889,124.99511111111113,2.2,141.0,2020-09-15 13:27:37,围网
10087,32.512861111111114,125.00036111111113,2.4,141.0,2020-09-15 13:37:37,围网
10087,32.50863888888889,125.00552777777777,2.2,130.0,2020-09-15 13:47:37,围网
10087,32.504583333333336,125.01058333333332,2.1,135.0,2020-09-15 13:57:37,围网
10087,32.50036111111111,125.01591666666668,2.0,136.0,2020-09-15 14:08:08,围网
10087,32.49641666666667,125.02016666666668,2.2,144.0,2020-09-15 14:17:36,围网
10087,32.49236111111112,125.02466666666666,2.0,137.0,2020-09-15 14:27:36,围网
10087,32.48791666666667,125.02902777777777,2.1,148.0,2020-09-15 14:37:36,围网
10087,32.48363888888889,125.03338888888894,2.3,144.0,2020-09-15 14:47:36,围网
10087,32.479361111111125,125.03769444444444,2.1,138.0,2020-09-15 14:57:36,围网
10087,32.47477777777778,125.04152777777777,2.0,143.0,2020-09-15 15:07:36,围网
10087,32.46944444444445,125.04480555555556,2.3,154.0,2020-09-15 15:17:36,围网
10087,32.465861111111124,125.04941666666666,1.5,0.0,2020-09-15 15:27:38,围网
10087,32.460722222222216,125.05166666666666,2.4,171.0,2020-09-15 15:37:36,围网
10087,32.455000000000005,125.05130555555556,2.2,197.0,2020-09-15 15:47:36,围网
10087,32.45055555555556,125.05041666666666,0.6,0.0,2020-09-15 15:57:36,围网
10087,32.455361111111124,125.04988888888887,0.4,0.0,2020-09-15 16:07:36,围网
10087,32.45344444444444,125.04861111111113,0.6,0.0,2020-09-15 16:17:36,围网
10087,32.45369444444445,125.04719444444444,0.3,0.0,2020-09-15 16:27:36,围网
10087,32.45430555555557,125.04541666666664,0.4,0.0,2020-09-15 16:37:39,围网
10087,32.45877777777777,125.04116666666668,9.1,301.0,2020-09-15 16:48:03,围网
10087,32.47691666666667,125.0195,9.5,311.0,2020-09-15 16:58:09,围网
10087,32.49308333333334,124.99783333333336,9.6,309.0,2020-09-15 17:07:36,围网
10087,32.513888888888886,124.98052777777778,9.3,324.0,2020-09-15 17:17:36,围网
10087,32.53586111111111,124.96686111111113,8.7,338.0,2020-09-15 17:27:36,围网
10087,32.54433333333333,124.96411111111112,3.5,36.0,2020-09-15 17:37:36,围网
10087,32.550527777777766,124.95647222222223,1.8,313.0,2020-09-15 17:47:36,围网
10087,32.55422222222221,124.95102777777778,2.2,309.0,2020-09-15 17:57:36,围网
10087,32.55799999999999,124.94541666666666,2.3,304.0,2020-09-15 18:07:36,围网
10087,32.561611111111105,124.93958333333332,2.1,307.0,2020-09-15 18:17:36,围网
10087,32.56508333333333,124.93375,2.3,307.0,2020-09-15 18:27:36,围网
10087,32.56875000000001,124.928,2.0,307.0,2020-09-15 18:37:36,围网
10087,32.57205555555556,124.92188888888887,2.1,308.0,2020-09-15 18:47:36,围网
10087,32.57547222222223,124.91575,2.5,315.0,2020-09-15 18:57:35,围网
10087,32.579722222222216,124.91033333333334,2.2,309.0,2020-09-15 19:07:35,围网
10087,32.583666666666666,124.90463888888893,2.3,306.0,2020-09-15 19:17:35,围网
10087,32.58750000000001,124.89869444444444,2.1,306.0,2020-09-15 19:27:35,围网
10087,32.59158333333334,124.89325,2.1,312.0,2020-09-15 19:37:35,围网
10087,32.595694444444455,124.88791666666668,2.1,302.0,2020-09-15 19:47:35,围网
10087,32.599833333333336,124.88238888888887,2.1,312.0,2020-09-15 19:57:35,围网
10087,32.60411111111111,124.87672222222223,1.8,309.0,2020-09-15 20:08:08,围网
10087,32.60813888888889,124.87188888888888,2.1,310.0,2020-09-15 20:17:35,围网
10087,32.612277777777784,124.86669444444445,2.0,310.0,2020-09-15 20:27:35,围网
10087,32.616,124.8610277777778,1.8,304.0,2020-09-15 20:37:35,围网
10087,32.61975,124.85530555555556,2.1,303.0,2020-09-15 20:47:35,围网
10087,32.62408333333334,124.8502222222222,2.1,316.0,2020-09-15 20:57:35,围网
10087,32.629111111111115,124.84580555555556,2.4,329.0,2020-09-15 21:07:35,围网
10087,32.63444444444444,124.84166666666668,2.2,328.0,2020-09-15 21:17:35,围网
10087,32.64,124.83775,1.5,333.0,2020-09-15 21:27:35,围网
10087,32.64577777777777,124.8347222222222,2.6,340.0,2020-09-15 21:37:35,围网
10087,32.65183333333333,124.83252777777777,2.4,347.0,2020-09-15 21:47:37,围网
10087,32.65794444444444,124.83091666666668,2.3,350.0,2020-09-15 21:57:35,围网
10087,32.664194444444455,124.83008333333332,1.8,350.0,2020-09-15 22:07:35,围网
10087,32.67044444444444,124.82925,2.1,355.0,2020-09-15 22:17:35,围网
10087,32.67402777777778,124.82972222222222,0.9,144.0,2020-09-15 22:27:35,围网
10087,32.67186111111111,124.83163888888888,0.7,70.0,2020-09-15 22:37:35,围网
10087,32.676944444444445,124.83411111111107,2.0,21.0,2020-09-15 22:47:35,围网
10087,32.682611111111115,124.83780555555555,2.4,22.0,2020-09-15 22:57:36,围网
10087,32.688944444444445,124.8415,2.6,34.0,2020-09-15 23:07:35,围网
10087,32.68263888888889,124.83913888888887,6.8,180.0,2020-09-15 23:17:34,围网
10087,32.664111111111104,124.84475,7.8,156.0,2020-09-15 23:27:34,围网
10087,32.64841666666667,124.85475,8.4,136.0,2020-09-15 23:37:34,围网
10087,32.630277777777785,124.87144444444445,7.8,143.0,2020-09-15 23:48:02,围网
10087,32.61338888888889,124.88697222222223,8.4,140.0,2020-09-15 23:57:34,围网
10087,32.59513888888889,124.90336111111112,8.5,146.0,2020-09-16 00:07:34,围网
10087,32.57741666666667,124.92233333333334,9.0,133.0,2020-09-16 00:17:34,围网
10087,32.56047222222223,124.9409722222222,9.1,138.0,2020-09-16 00:27:34,围网
10087,32.54288888888889,124.95919444444445,8.2,137.0,2020-09-16 00:37:34,围网
10087,32.52511111111111,124.97766666666668,8.2,141.0,2020-09-16 00:47:35,围网
10087,32.50708333333333,124.99658333333332,8.7,137.0,2020-09-16 00:57:34,围网
10087,32.48822222222222,125.0144722222222,8.4,140.0,2020-09-16 01:07:35,围网
10087,32.469166666666666,125.03291666666668,9.3,139.0,2020-09-16 01:17:34,围网
10087,32.450027777777784,125.05186111111112,9.1,137.0,2020-09-16 01:27:34,围网
10087,32.43102777777778,125.07025,8.6,150.0,2020-09-16 01:37:34,围网
10087,32.413555555555554,125.0919722222222,9.6,136.0,2020-09-16 01:47:34,围网
10087,32.39411111111111,125.10158333333332,7.4,196.0,2020-09-16 01:57:34,围网
10087,32.369638888888886,125.10752777777776,9.0,161.0,2020-09-16 02:08:02,围网
10087,32.34791666666667,125.11922222222222,9.1,158.0,2020-09-16 02:17:34,围网
10087,32.330972222222236,125.139,9.1,106.0,2020-09-16 02:27:34,围网
10087,32.327138888888896,125.14963888888893,1.2,199.0,2020-09-16 02:37:34,围网
10087,32.31836111111112,125.15675,2.8,111.0,2020-09-16 02:47:34,围网
10087,32.31769444444445,125.16508333333334,1.9,95.0,2020-09-16 02:57:34,围网
10087,32.31358333333333,125.16975,2.0,149.0,2020-09-16 03:07:34,围网
10087,32.30852777777777,125.17338888888894,2.0,144.0,2020-09-16 03:17:34,围网
10087,32.303916666666666,125.17708333333331,2.3,140.0,2020-09-16 03:27:34,围网
10087,32.29955555555555,125.1807777777778,1.7,138.0,2020-09-16 03:37:34,围网
10087,32.2955,125.18419444444444,1.9,147.0,2020-09-16 03:47:33,围网
10087,32.291305555555546,125.18747222222223,2.4,113.0,2020-09-16 03:57:36,围网
10087,32.28691666666666,125.19002777777777,1.7,0.0,2020-09-16 04:07:35,围网
10087,32.28275,125.19205555555556,2.7,208.0,2020-09-16 04:17:35,围网
10087,32.278638888888885,125.19433333333336,2.4,0.0,2020-09-16 04:27:34,围网
10087,32.27469444444444,125.19641666666666,1.5,0.0,2020-09-16 04:37:34,围网
10087,32.270027777777784,125.19675,1.3,0.0,2020-09-16 04:47:33,围网
10087,32.265055555555556,125.19411111111113,1.1,0.0,2020-09-16 04:57:37,围网
10087,32.26072222222222,125.18833333333332,2.3,234.0,2020-09-16 05:08:03,围网
10087,32.258250000000004,125.18152777777777,2.3,257.0,2020-09-16 05:17:33,围网
10087,32.25838888888889,125.17263888888887,2.8,280.0,2020-09-16 05:27:33,围网
10087,32.26213888888889,125.16483333333332,2.7,308.0,2020-09-16 05:37:33,围网
10087,32.26716666666666,125.15913888888888,2.5,319.0,2020-09-16 05:47:33,围网
10087,32.272194444444445,125.15463888888893,2.0,322.0,2020-09-16 05:57:33,围网
10087,32.277166666666666,125.15086111111113,1.7,323.0,2020-09-16 06:07:33,围网
10087,32.281888888888886,125.14744444444445,2.0,325.0,2020-09-16 06:17:33,围网
10087,32.28658333333333,125.14319444444445,2.0,315.0,2020-09-16 06:27:33,围网
10087,32.29125,125.13830555555555,2.2,316.0,2020-09-16 06:37:33,围网
10087,32.295972222222225,125.13302777777777,2.0,322.0,2020-09-16 06:47:33,围网
10087,32.30072222222222,125.12758333333332,2.2,323.0,2020-09-16 06:57:33,围网
10087,32.30588888888889,125.12286111111106,2.1,321.0,2020-09-16 07:07:33,围网
10087,32.31111111111111,125.11813888888888,2.1,325.0,2020-09-16 07:17:33,围网
10087,32.315999999999995,125.1135,3.5,319.0,2020-09-16 07:27:34,围网
10087,32.321027777777786,125.10805555555555,2.4,325.0,2020-09-16 07:37:33,围网
10087,32.32508333333334,125.10322222222223,0.8,128.0,2020-09-16 07:47:33,围网
10087,32.32219444444445,125.10458333333332,2.3,120.0,2020-09-16 07:57:33,围网
10087,32.323,125.10408333333334,2.0,342.0,2020-09-16 08:08:02,围网
10087,32.32680555555556,125.10041666666666,1.5,344.0,2020-09-16 08:17:32,围网
10087,32.328722222222225,125.09869444444445,1.4,347.0,2020-09-16 08:27:32,围网
10087,32.331500000000005,125.09808333333332,1.5,357.0,2020-09-16 08:37:32,围网
10087,32.32175000000001,125.10322222222223,6.7,172.0,2020-09-16 08:47:32,围网
10087,32.30416666666667,125.11002777777777,6.4,121.0,2020-09-16 08:57:32,围网
10087,32.30572222222221,125.10475,4.8,287.0,2020-09-16 09:07:32,围网
10087,32.31022222222221,125.09888888888888,3.0,344.0,2020-09-16 09:17:32,围网
10087,32.31613888888889,125.09555555555555,2.4,336.0,2020-09-16 09:27:32,围网
10087,32.322222222222216,125.0932222222222,2.3,0.0,2020-09-16 09:37:34,围网
10087,32.3275,125.09063888888888,2.4,343.0,2020-09-16 09:47:32,围网
10087,32.33280555555556,125.08763888888888,2.5,332.0,2020-09-16 09:57:32,围网
10087,32.33808333333334,125.08497222222219,2.3,347.0,2020-09-16 10:07:32,围网
10087,32.34341666666667,125.08269444444444,2.1,327.0,2020-09-16 10:17:32,围网
10087,32.34791666666667,125.0795,2.0,332.0,2020-09-16 10:27:32,围网
10087,32.35219444444445,125.07638888888887,1.3,274.0,2020-09-16 10:37:32,围网
10087,32.344750000000005,125.07758333333334,3.6,157.0,2020-09-16 10:47:32,围网
10087,32.33972222222222,125.08283333333334,2.7,108.0,2020-09-16 10:57:32,围网
10087,32.338138888888885,125.08994444444444,2.4,93.0,2020-09-16 11:07:33,围网
10087,32.33733333333333,125.09677777777777,2.2,95.0,2020-09-16 11:17:34,围网
10087,32.33625000000001,125.10305555555556,1.3,0.0,2020-09-16 11:27:35,围网
10087,32.3345,125.10897222222222,2.6,82.0,2020-09-16 11:37:36,围网
10087,32.33225000000001,125.11483333333332,2.2,131.0,2020-09-16 11:47:39,围网
10087,32.329722222222216,125.12083333333332,1.6,116.0,2020-09-16 11:58:03,围网
10087,32.327138888888896,125.12655555555556,2.0,119.0,2020-09-16 12:07:32,围网
10087,32.32436111111112,125.1327222222222,2.0,131.0,2020-09-16 12:17:32,围网
10087,32.321111111111115,125.13875,2.5,108.0,2020-09-16 12:27:32,围网
10087,32.317416666666674,125.14447222222222,2.6,131.0,2020-09-16 12:37:32,围网
10087,32.31363888888889,125.15019444444445,2.1,129.0,2020-09-16 12:47:32,围网
10087,32.309999999999995,125.15608333333331,2.1,136.0,2020-09-16 12:57:31,围网
10087,32.306305555555554,125.16208333333331,2.6,129.0,2020-09-16 13:07:31,围网
10087,32.302499999999995,125.16786111111112,2.5,126.0,2020-09-16 13:17:31,围网
10087,32.29797222222222,125.17291666666668,2.7,129.0,2020-09-16 13:27:31,围网
10087,32.29327777777777,125.1777777777778,2.3,134.0,2020-09-16 13:37:31,围网
10087,32.288444444444444,125.1825277777778,2.2,136.0,2020-09-16 13:47:31,围网
10087,32.28366666666666,125.18741666666668,2.0,143.0,2020-09-16 13:57:31,围网
10087,32.278499999999994,125.19233333333334,2.3,145.0,2020-09-16 14:08:02,围网
10087,32.27316666666666,125.19583333333334,2.5,144.0,2020-09-16 14:17:31,围网
10087,32.2675,125.19922222222223,2.2,143.0,2020-09-16 14:27:31,围网
10087,32.261916666666664,125.2025,2.5,151.0,2020-09-16 14:37:31,围网
10087,32.25625,125.20575,2.6,142.0,2020-09-16 14:47:31,围网
10087,32.25472222222222,125.20713888888888,1.5,15.0,2020-09-16 14:57:31,围网
10087,32.25519444444445,125.20697222222222,2.6,135.0,2020-09-16 15:07:32,围网
10087,32.250750000000004,125.21041666666666,2.1,157.0,2020-09-16 15:17:31,围网
10087,32.245972222222235,125.21466666666667,2.6,130.0,2020-09-16 15:28:03,围网
10087,32.24225000000001,125.21844444444444,1.7,141.0,2020-09-16 15:37:31,围网
10087,32.24033333333333,125.21808333333333,4.4,323.0,2020-09-16 15:47:31,围网
10087,32.256861111111114,125.21122222222222,6.6,339.0,2020-09-16 15:57:31,围网
10087,32.261888888888876,125.206,1.2,243.0,2020-09-16 16:07:31,围网
10087,32.25452777777778,125.1982777777778,2.1,173.0,2020-09-16 16:17:31,围网
10087,32.247416666666666,125.19544444444445,1.6,261.0,2020-09-16 16:27:31,围网
10087,32.24722222222222,125.19358333333334,0.2,0.0,2020-09-16 16:37:31,围网
10087,32.24538888888889,125.19472222222224,1.5,140.0,2020-09-16 16:47:31,围网
10087,32.24591666666667,125.19569444444444,2.4,351.0,2020-09-16 16:57:31,围网
10087,32.249361111111114,125.20025,1.7,124.0,2020-09-16 17:07:31,围网
10087,32.24641666666667,125.20391666666669,4.4,177.0,2020-09-16 17:17:31,围网
10087,32.243722222222225,125.20830555555555,1.0,131.0,2020-09-16 17:27:30,围网
10087,32.23997222222222,125.20961111111113,9.0,174.0,2020-09-16 17:37:30,围网
10087,32.215361111111115,125.21430555555555,9.5,180.0,2020-09-16 17:47:32,围网
10087,32.19072222222222,125.22141666666668,9.5,164.0,2020-09-16 17:57:34,围网
10087,32.16555555555556,125.23088888888893,8.9,164.0,2020-09-16 18:08:02,围网
10087,32.151277777777764,125.24680555555555,7.5,113.0,2020-09-16 18:17:30,围网
10087,32.13480555555556,125.26158333333332,8.0,163.0,2020-09-16 18:27:30,围网
10087,32.11188888888889,125.26463888888892,8.7,175.0,2020-09-16 18:37:30,围网
10087,32.096861111111124,125.27486111111112,6.9,63.0,2020-09-16 18:47:30,围网
10087,32.09677777777778,125.2957222222222,6.6,98.0,2020-09-16 18:57:30,围网
10087,32.08694444444445,125.31425,6.7,93.0,2020-09-16 19:07:30,围网
10087,32.082861111111114,125.3352777777778,7.1,153.0,2020-09-16 19:17:30,围网
10087,32.06297222222222,125.34041666666666,7.6,172.0,2020-09-16 19:27:30,围网
10087,32.04186111111111,125.3414722222222,7.7,178.0,2020-09-16 19:37:30,围网
10087,32.02047222222223,125.34069444444445,7.6,182.0,2020-09-16 19:47:30,围网
10087,32.00138888888889,125.34591666666668,7.2,157.0,2020-09-16 19:57:30,围网
10087,31.985277777777767,125.35675,6.5,154.0,2020-09-16 20:07:30,围网
10087,31.967,125.36333333333332,6.8,168.0,2020-09-16 20:17:30,围网
10087,31.94836111111111,125.36744444444444,6.9,173.0,2020-09-16 20:27:30,围网
10087,31.928916666666666,125.36938888888888,7.1,169.0,2020-09-16 20:37:30,围网
10087,31.91063888888889,125.37119444444444,7.1,170.0,2020-09-16 20:47:30,围网
10087,31.890694444444442,125.37108333333332,7.5,190.0,2020-09-16 20:57:30,围网
10087,31.870555555555555,125.36994444444444,8.1,172.0,2020-09-16 21:07:30,围网
10087,31.849722222222233,125.37152777777777,7.2,180.0,2020-09-16 21:18:03,围网
10087,31.83175,125.375,6.7,144.0,2020-09-16 21:27:30,围网
10087,31.825388888888888,125.3955,7.0,97.0,2020-09-16 21:37:30,围网
10087,31.83825,125.4117777777778,9.0,13.0,2020-09-16 21:47:30,围网
10087,31.86466666666667,125.41427777777778,9.4,11.0,2020-09-16 21:57:29,围网
10087,31.884305555555553,125.42752777777778,8.3,77.0,2020-09-16 22:07:29,围网
10087,31.883416666666665,125.45236111111107,7.5,110.0,2020-09-16 22:17:29,围网
10087,31.8775,125.47555555555556,7.5,107.0,2020-09-16 22:27:29,围网
10087,31.85019444444445,125.50675,7.2,160.0,2020-09-16 22:47:29,围网
10087,31.83894444444445,125.5234722222222,8.4,71.0,2020-09-16 22:57:29,围网
10087,31.84966666666667,125.54847222222222,8.6,67.0,2020-09-16 23:07:29,围网
10087,31.856972222222232,125.57455555555555,8.6,57.0,2020-09-16 23:17:29,围网
10087,31.86569444444445,125.60111111111112,8.5,44.0,2020-09-16 23:27:29,围网
10087,31.87536111111111,125.62788888888888,9.0,70.0,2020-09-16 23:37:29,围网
10087,31.88358333333333,125.65586111111112,9.3,73.0,2020-09-16 23:47:29,围网
10087,31.89236111111111,125.68580555555555,9.0,66.0,2020-09-16 23:58:03,围网
10087,31.900027777777765,125.71263888888888,9.1,70.0,2020-09-17 00:07:29,围网
10087,31.91408333333333,125.73677777777776,8.8,52.0,2020-09-17 00:17:29,围网
10087,31.92716666666667,125.7609722222222,8.5,61.0,2020-09-17 00:27:29,围网
10087,31.934722222222234,125.7885,9.0,75.0,2020-09-17 00:37:29,围网
10087,31.94086111111111,125.81730555555555,9.0,78.0,2020-09-17 00:47:29,围网
10087,31.94677777777777,125.84527777777777,8.7,76.0,2020-09-17 00:57:29,围网
10087,31.95175,125.87261111111107,8.3,80.0,2020-09-17 01:07:29,围网
10087,31.955111111111112,125.8997777777778,8.4,76.0,2020-09-17 01:17:29,围网
10087,31.959,125.9267777777778,8.3,77.0,2020-09-17 01:27:29,围网
10087,31.965,125.95355555555555,8.4,69.0,2020-09-17 01:37:29,围网
10087,31.97438888888889,125.9795,8.7,71.0,2020-09-17 01:47:29,围网
10087,31.982777777777766,125.9977222222222,1.8,169.0,2020-09-17 01:57:29,围网
10087,31.98188888888889,126.00616666666667,6.4,107.0,2020-09-17 02:07:56,围网
10087,31.98188888888889,126.01386111111113,1.8,97.0,2020-09-17 02:17:29,围网
10087,31.97975,126.01955555555556,2.0,138.0,2020-09-17 02:27:28,围网
10087,31.977527777777766,126.02488888888894,1.8,120.0,2020-09-17 02:37:28,围网
10087,31.974638888888887,126.02980555555555,2.0,135.0,2020-09-17 02:47:28,围网
10087,31.971777777777767,126.0347222222222,1.7,132.0,2020-09-17 02:57:28,围网
10087,31.969,126.0395,1.8,119.0,2020-09-17 03:07:28,围网
10087,31.966444444444445,126.0439722222222,1.7,127.0,2020-09-17 03:17:28,围网
10087,31.963916666666666,126.04830555555556,1.6,123.0,2020-09-17 03:27:28,围网
10087,31.961361111111113,126.05261111111106,1.5,125.0,2020-09-17 03:37:28,围网
10087,31.95894444444445,126.05680555555556,1.5,122.0,2020-09-17 03:47:28,围网
10087,31.956555555555553,126.06077777777777,1.6,123.0,2020-09-17 03:57:28,围网
10087,31.95425,126.06463888888894,1.4,131.0,2020-09-17 04:07:28,围网
10087,31.95180555555555,126.06872222222222,1.7,112.0,2020-09-17 04:17:28,围网
10087,31.94916666666667,126.07319444444445,2.0,116.0,2020-09-17 04:27:28,围网
10087,31.946583333333336,126.0775,1.8,126.0,2020-09-17 04:37:28,围网
10087,31.943638888888888,126.0812222222222,1.9,136.0,2020-09-17 04:47:28,围网
10087,31.940416666666664,126.08411111111107,1.5,139.0,2020-09-17 04:57:28,围网
10087,31.937444444444445,126.08647222222223,1.7,141.0,2020-09-17 05:07:28,围网
10087,31.934555555555555,126.08891666666666,1.9,150.0,2020-09-17 05:17:28,围网
10087,31.931611111111113,126.09077777777777,1.8,162.0,2020-09-17 05:27:28,围网
10087,31.92833333333333,126.09183333333334,1.4,155.0,2020-09-17 05:37:28,围网
10087,31.924527777777786,126.09158333333332,1.5,201.0,2020-09-17 05:47:57,围网
10087,31.92091666666667,126.09044444444444,1.0,189.0,2020-09-17 05:57:28,围网
10087,31.917222222222208,126.0882777777778,1.6,203.0,2020-09-17 06:07:28,围网
10087,31.91375,126.08572222222222,1.5,218.0,2020-09-17 06:17:28,围网
10087,31.91038888888889,126.08330555555555,1.1,219.0,2020-09-17 06:27:28,围网
10087,31.907305555555553,126.07933333333334,1.7,226.0,2020-09-17 06:37:28,围网
10087,31.913527777777766,126.07780555555556,2.3,10.0,2020-09-17 06:47:28,围网
10087,31.91975,126.07619444444444,1.8,58.0,2020-09-17 06:57:27,围网
10087,31.922916666666666,126.07236111111106,1.8,311.0,2020-09-17 07:07:27,围网
10087,31.92666666666667,126.06783333333334,1.8,314.0,2020-09-17 07:17:27,围网
10087,31.920777777777786,126.07766666666667,6.3,140.0,2020-09-17 07:27:27,围网
10087,31.90786111111111,126.09261111111113,6.5,132.0,2020-09-17 07:37:27,围网
10087,31.894277777777766,126.10680555555555,5.9,142.0,2020-09-17 07:47:27,围网
10087,31.8785,126.11755555555555,6.0,157.0,2020-09-17 07:57:27,围网
10087,31.871944444444445,126.11463888888888,1.9,343.0,2020-09-17 08:07:56,围网
10087,31.8835,126.10730555555556,2.8,316.0,2020-09-17 08:17:27,围网
10087,31.88813888888889,126.10227777777777,2.0,309.0,2020-09-17 08:27:27,围网
10087,31.89158333333333,126.09716666666668,1.8,309.0,2020-09-17 08:37:27,围网
10087,31.89544444444445,126.09230555555555,2.3,345.0,2020-09-17 08:47:27,围网
10087,31.90169444444444,126.08986111111106,2.6,350.0,2020-09-17 08:57:27,围网
10087,31.90811111111111,126.08825,2.3,348.0,2020-09-17 09:07:27,围网
10087,31.91444444444444,126.08711111111113,2.2,0.0,2020-09-17 09:17:27,围网
10087,31.92055555555556,126.08619444444444,2.8,11.0,2020-09-17 09:27:27,围网
10087,31.92608333333333,126.08491666666666,2.1,357.0,2020-09-17 09:37:27,围网
10087,31.931361111111112,126.08333333333331,1.7,1.0,2020-09-17 09:47:27,围网
10087,31.936805555555555,126.08111111111113,2.3,349.0,2020-09-17 09:57:57,围网
10087,31.942611111111113,126.08136111111112,2.1,4.0,2020-09-17 10:07:27,围网
10087,31.94825,126.08263888888888,1.8,29.0,2020-09-17 10:17:27,围网
10087,31.952472222222234,126.08425,2.0,26.0,2020-09-17 10:27:27,围网
10087,31.95647222222221,126.08591666666666,2.2,37.0,2020-09-17 10:37:27,围网
10087,31.96022222222223,126.08780555555555,1.9,52.0,2020-09-17 10:47:27,围网
10087,31.96230555555555,126.08880555555555,5.6,318.0,2020-09-17 10:57:27,围网
10087,31.96669444444445,126.09041666666666,2.0,30.0,2020-09-17 11:07:27,围网
10087,31.97013888888889,126.09266666666667,2.2,20.0,2020-09-17 11:17:27,围网
10087,31.97438888888889,126.09624999999998,1.3,42.0,2020-09-17 11:27:26,围网
10087,31.978222222222207,126.10044444444445,1.9,47.0,2020-09-17 11:37:26,围网
10087,31.982277777777767,126.10383333333333,1.8,25.0,2020-09-17 11:47:26,围网
10087,31.986555555555555,126.1062777777778,2.0,26.0,2020-09-17 11:57:26,围网
10087,31.99072222222221,126.10933333333334,1.7,28.0,2020-09-17 12:07:57,围网
10087,31.99430555555556,126.11225,1.9,34.0,2020-09-17 12:17:26,围网
10087,31.998305555555557,126.11552777777777,1.7,23.0,2020-09-17 12:27:26,围网
10087,32.001972222222236,126.11872222222222,2.6,79.0,2020-09-17 12:37:26,围网
10087,32.00022222222222,126.12647222222222,1.8,101.0,2020-09-17 12:47:26,围网
10087,31.99966666666667,126.13236111111107,1.7,90.0,2020-09-17 12:57:26,围网
10087,31.99841666666667,126.13797222222223,1.6,102.0,2020-09-17 13:07:26,围网
10087,31.9965,126.14358333333334,1.7,117.0,2020-09-17 13:17:26,围网
10087,31.99463888888889,126.14902777777776,0.7,0.0,2020-09-17 13:27:26,围网
10087,31.99719444444445,126.1447777777778,1.9,299.0,2020-09-17 13:37:26,围网
10087,31.99719444444445,126.14183333333335,0.5,0.0,2020-09-17 13:47:26,围网
10087,31.997722222222233,126.13977777777781,0.7,296.0,2020-09-17 13:57:26,围网
10087,31.998444444444445,126.137,1.0,322.0,2020-09-17 14:07:26,围网
10087,31.999861111111112,126.13413888888887,4.2,22.0,2020-09-17 14:17:26,围网
10087,31.99672222222221,126.14611111111113,1.9,109.0,2020-09-17 14:27:26,围网
10087,31.994861111111113,126.15138888888887,1.7,109.0,2020-09-17 14:37:26,围网
10087,31.993250000000003,126.15644444444445,1.7,108.0,2020-09-17 14:47:26,围网
10087,31.99158333333333,126.16147222222223,1.8,105.0,2020-09-17 14:57:26,围网
10087,31.98988888888889,126.16669444444445,1.2,116.0,2020-09-17 15:07:39,围网
10087,31.988138888888887,126.17161111111112,1.5,115.0,2020-09-17 15:17:26,围网
10087,31.98530555555556,126.17633333333332,2.0,129.0,2020-09-17 15:27:26,围网
10087,31.9825,126.181,2.2,128.0,2020-09-17 15:37:26,围网
10087,31.979805555555554,126.18558333333333,1.3,113.0,2020-09-17 15:47:26,围网
10087,31.97725,126.19008333333332,1.6,134.0,2020-09-17 15:57:26,围网
10087,31.97458333333333,126.19452777777781,1.5,120.0,2020-09-17 16:07:38,围网
10087,31.97147222222221,126.19833333333334,1.9,142.0,2020-09-17 16:17:25,围网
10087,31.96775,126.20175,1.5,140.0,2020-09-17 16:27:25,围网
10087,31.96433333333333,126.205,1.7,136.0,2020-09-17 16:37:25,围网
10087,31.96033333333333,126.20755555555556,1.9,162.0,2020-09-17 16:47:25,围网
10087,31.955666666666666,126.20880555555556,1.4,159.0,2020-09-17 16:57:25,围网
10087,31.95122222222221,126.20991666666669,1.1,168.0,2020-09-17 17:07:25,围网
10087,31.946638888888888,126.2105,1.5,178.0,2020-09-17 17:17:25,围网
10087,31.94211111111111,126.21088888888893,2.0,179.0,2020-09-17 17:27:25,围网
10087,31.93733333333333,126.20919444444445,1.7,208.0,2020-09-17 17:37:25,围网
10087,31.93008333333333,126.19775,2.4,250.0,2020-09-17 17:57:25,围网
10087,31.929055555555554,126.18991666666668,2.4,269.0,2020-09-17 18:07:38,围网
10087,31.929111111111112,126.18241666666668,2.3,266.0,2020-09-17 18:17:25,围网
10087,31.929805555555557,126.17491666666668,2.3,285.0,2020-09-17 18:27:25,围网
10087,31.93091666666667,126.1675277777778,2.2,285.0,2020-09-17 18:37:25,围网
10087,31.932277777777767,126.16025,2.0,286.0,2020-09-17 18:47:25,围网
10087,31.934027777777768,126.15291666666668,2.1,293.0,2020-09-17 18:57:25,围网
10087,31.935944444444445,126.14544444444445,2.0,289.0,2020-09-17 19:07:37,围网
10087,31.937972222222232,126.1382777777778,2.2,294.0,2020-09-17 19:17:25,围网
10087,31.94038888888889,126.13111111111112,2.7,296.0,2020-09-17 19:27:25,围网
10087,31.942916666666665,126.12405555555556,2.1,294.0,2020-09-17 19:37:25,围网
10087,31.94533333333333,126.11836111111107,0.4,0.0,2020-09-17 19:47:25,围网
10087,31.94655555555555,126.12111111111106,0.9,0.0,2020-09-17 19:57:25,围网
10087,31.95216666666667,126.10863888888888,2.5,300.0,2020-09-17 20:17:25,围网
10087,31.955444444444442,126.10077777777776,2.6,292.0,2020-09-17 20:27:25,围网
10087,31.95358333333333,126.10652777777777,7.0,111.0,2020-09-17 20:37:25,围网
10087,31.94441666666667,126.12238888888888,6.2,122.0,2020-09-17 20:47:26,围网
10087,31.93769444444445,126.13897222222224,7.8,115.0,2020-09-17 20:57:26,围网
10087,31.931305555555557,126.15805555555555,6.0,105.0,2020-09-17 21:07:39,围网
10087,31.92866666666667,126.17691666666668,5.5,85.0,2020-09-17 21:17:24,围网
10087,31.930972222222234,126.18105555555556,2.4,289.0,2020-09-17 21:27:24,围网
10087,31.938111111111112,126.17125,8.2,318.0,2020-09-17 21:37:24,围网
10087,31.942638888888887,126.16380555555556,1.5,318.0,2020-09-17 21:47:24,围网
10087,31.94544444444445,126.15827777777778,2.6,286.0,2020-09-17 21:57:24,围网
10087,31.94841666666667,126.15302777777778,1.4,328.0,2020-09-17 22:07:24,围网
10087,31.95144444444445,126.14794444444445,1.5,323.0,2020-09-17 22:17:24,围网
10087,31.95458333333333,126.14319444444445,2.3,298.0,2020-09-17 22:27:24,围网
10087,31.95802777777779,126.1387777777778,2.4,302.0,2020-09-17 22:37:24,围网
10087,31.96386111111111,126.13616666666668,2.0,6.0,2020-09-17 22:47:24,围网
10087,31.96725,126.14305555555555,2.1,87.0,2020-09-17 22:57:24,围网
10087,31.967388888888888,126.14961111111113,2.2,73.0,2020-09-17 23:07:24,围网
10087,31.96697222222221,126.15508333333334,1.8,83.0,2020-09-17 23:17:24,围网
10087,31.966361111111112,126.16038888888887,1.5,139.0,2020-09-17 23:27:24,围网
10087,31.966166666666666,126.16566666666668,2.2,91.0,2020-09-17 23:37:24,围网
10087,31.96586111111111,126.17111111111113,2.3,83.0,2020-09-17 23:47:24,围网
10087,31.965611111111112,126.17661111111113,2.2,113.0,2020-09-17 23:57:38,围网
10087,31.965277777777786,126.1822222222222,2.2,113.0,2020-09-18 00:07:24,围网
10087,31.96563888888889,126.18797222222223,0.7,81.0,2020-09-18 00:17:24,围网
10087,31.966166666666666,126.19391666666668,1.9,58.0,2020-09-18 00:27:24,围网
10087,31.96672222222222,126.2000277777778,2.2,63.0,2020-09-18 00:37:24,围网
10087,31.96708333333333,126.20608333333332,2.4,103.0,2020-09-18 00:47:24,围网
10087,31.967111111111112,126.21230555555556,2.4,104.0,2020-09-18 00:57:24,围网
10087,31.96713888888889,126.21844444444444,1.4,86.0,2020-09-18 01:07:23,围网
10087,31.96708333333333,126.2245,2.3,100.0,2020-09-18 01:17:23,围网
10087,31.96697222222221,126.23041666666668,1.9,93.0,2020-09-18 01:27:23,围网
10087,31.966777777777768,126.23625,1.3,84.0,2020-09-18 01:37:23,围网
10087,31.96625,126.24225,2.0,105.0,2020-09-18 01:47:23,围网
10087,31.965277777777786,126.24841666666669,1.6,104.0,2020-09-18 01:57:23,围网
10087,31.964111111111112,126.25472222222223,2.4,115.0,2020-09-18 02:07:38,围网
10087,31.962861111111113,126.26058333333332,2.6,117.0,2020-09-18 02:17:23,围网
10087,31.961277777777767,126.2665,2.0,109.0,2020-09-18 02:27:23,围网
10087,31.959416666666666,126.2725,2.1,122.0,2020-09-18 02:37:23,围网
10087,31.95633333333333,126.27855555555556,2.9,130.0,2020-09-18 02:47:23,围网
10087,31.94919444444445,126.28675,0.3,0.0,2020-09-18 03:07:23,围网
10087,31.94986111111111,126.28327777777777,0.5,287.0,2020-09-18 03:17:23,围网
10087,31.945999999999998,126.28288888888888,0.5,0.0,2020-09-18 03:27:23,围网
10087,31.94108333333333,126.2815,3.0,189.0,2020-09-18 03:37:24,围网
10087,31.939027777777767,126.28105555555555,1.6,0.0,2020-09-18 03:47:23,围网
10087,31.947555555555557,126.29583333333332,7.3,53.0,2020-09-18 03:57:24,围网
10087,31.956861111111113,126.31063888888887,5.9,36.0,2020-09-18 04:07:24,围网
10087,31.97069444444444,126.3149722222222,6.7,346.0,2020-09-18 04:17:24,围网
10087,31.964222222222233,126.31030555555556,5.5,191.0,2020-09-18 04:27:23,围网
10087,31.957666666666665,126.30713888888887,2.6,212.0,2020-09-18 04:37:23,围网
10087,31.952361111111113,126.30438888888888,1.6,0.0,2020-09-18 04:47:23,围网
10087,31.947,126.30155555555555,1.8,0.0,2020-09-18 04:57:24,围网
10087,31.941944444444445,126.2982222222222,2.1,0.0,2020-09-18 05:07:24,围网
10087,31.937027777777786,126.29494444444444,0.9,0.0,2020-09-18 05:17:24,围网
10087,31.932361111111113,126.29136111111107,0.8,0.0,2020-09-18 05:27:24,围网
10087,31.927722222222233,126.28716666666666,1.4,223.0,2020-09-18 05:37:39,围网
10087,31.919611111111113,126.27813888888888,1.9,224.0,2020-09-18 05:57:22,围网
10087,31.91569444444444,126.27311111111112,1.8,214.0,2020-09-18 06:07:22,围网
10087,31.912194444444445,126.26788888888888,2.2,235.0,2020-09-18 06:17:22,围网
10087,31.909055555555554,126.26269444444445,2.0,238.0,2020-09-18 06:27:22,围网
10087,31.906111111111112,126.25747222222222,2.0,249.0,2020-09-18 06:37:22,围网
10087,31.903277777777767,126.25161111111107,2.2,243.0,2020-09-18 06:47:22,围网
10087,31.900416666666665,126.24555555555555,1.9,251.0,2020-09-18 06:57:22,围网
10087,31.897861111111112,126.23972222222223,1.6,236.0,2020-09-18 07:07:22,围网
10087,31.89552777777779,126.2337777777778,1.7,256.0,2020-09-18 07:17:22,围网
10087,31.893361111111112,126.22788888888887,1.8,245.0,2020-09-18 07:27:22,围网
10087,31.891416666666665,126.22191666666666,1.7,262.0,2020-09-18 07:37:22,围网
10087,31.889805555555554,126.21586111111112,1.7,255.0,2020-09-18 07:47:22,围网
10087,31.88827777777778,126.20991666666669,1.9,256.0,2020-09-18 07:57:22,围网
10087,31.886777777777766,126.20344444444444,1.6,239.0,2020-09-18 08:08:09,围网
10087,31.88555555555555,126.19805555555556,1.6,262.0,2020-09-18 08:17:22,围网
10087,31.8845,126.19208333333331,2.1,266.0,2020-09-18 08:27:22,围网
10087,31.883555555555557,126.18538888888894,2.4,264.0,2020-09-18 08:37:22,围网
10087,31.88283333333333,126.17863888888887,2.3,269.0,2020-09-18 08:47:22,围网
10087,31.88211111111111,126.1719722222222,1.8,270.0,2020-09-18 08:57:22,围网
10087,31.8815,126.16538888888893,1.9,264.0,2020-09-18 09:07:22,围网
10087,31.88102777777778,126.15888888888892,2.6,292.0,2020-09-18 09:17:22,围网
10087,31.88044444444445,126.15258333333334,3.6,242.0,2020-09-18 09:27:22,围网
10087,31.88133333333333,126.14891666666666,1.8,18.0,2020-09-18 09:37:22,围网
10087,31.88422222222221,126.15175,2.0,41.0,2020-09-18 09:47:22,围网
10087,31.88441666666667,126.14708333333334,1.5,291.0,2020-09-18 09:57:22,围网
10087,31.88383333333333,126.14161111111113,2.0,252.0,2020-09-18 10:07:21,围网
10087,31.883250000000004,126.13575,2.4,241.0,2020-09-18 10:17:21,围网
10087,31.873638888888888,126.14216666666668,6.4,148.0,2020-09-18 10:27:21,围网
10087,31.865305555555558,126.14694444444444,3.4,218.0,2020-09-18 10:37:21,围网
10087,31.874388888888888,126.14811111111112,2.5,28.0,2020-09-18 10:47:21,围网
10087,31.87938888888889,126.14663888888887,1.0,38.0,2020-09-18 10:57:21,围网
10087,31.884027777777767,126.14619444444445,1.5,346.0,2020-09-18 11:07:21,围网
10087,31.888333333333332,126.14763888888888,3.0,19.0,2020-09-18 11:17:21,围网
10087,31.89244444444445,126.14969444444445,1.8,49.0,2020-09-18 11:27:21,围网
10087,31.89644444444445,126.15172222222223,1.8,57.0,2020-09-18 11:37:21,围网
10087,31.90058333333333,126.1535,1.4,48.0,2020-09-18 11:47:21,围网
10087,31.904694444444445,126.15572222222224,1.6,11.0,2020-09-18 11:57:21,围网
10087,31.909416666666665,126.15794444444445,1.3,26.0,2020-09-18 12:08:26,围网
10087,31.91319444444445,126.1597777777778,1.9,23.0,2020-09-18 12:17:21,围网
10087,31.917027777777786,126.16238888888893,1.7,50.0,2020-09-18 12:27:39,围网
10087,31.920666666666666,126.16511111111113,1.7,38.0,2020-09-18 12:37:21,围网
10087,31.92438888888889,126.168,1.7,21.0,2020-09-18 12:47:21,围网
10087,31.928027777777785,126.17083333333332,1.5,36.0,2020-09-18 12:57:21,围网
10087,31.931694444444453,126.17366666666668,1.7,34.0,2020-09-18 13:07:21,围网
10087,31.935166666666664,126.1767777777778,1.3,33.0,2020-09-18 13:17:21,围网
10087,31.938388888888888,126.18011111111113,1.6,33.0,2020-09-18 13:27:21,围网
10087,31.941222222222233,126.18433333333334,2.1,66.0,2020-09-18 13:37:21,围网
10087,31.94369444444445,126.18919444444445,2.6,88.0,2020-09-18 13:47:22,围网
10087,31.945999999999998,126.1940277777778,1.1,48.0,2020-09-18 13:57:21,围网
10087,31.94811111111111,126.19883333333334,1.8,69.0,2020-09-18 14:07:21,围网
10087,31.949972222222232,126.2037777777778,1.7,64.0,2020-09-18 14:17:21,围网
10087,31.9515,126.20888888888894,2.1,88.0,2020-09-18 14:27:21,围网
10087,31.95294444444444,126.21394444444445,1.4,83.0,2020-09-18 14:37:20,围网
10087,31.95425,126.21894444444445,2.1,98.0,2020-09-18 14:47:21,围网
10087,31.955416666666665,126.2242222222222,2.0,80.0,2020-09-18 14:57:39,围网
10087,31.956555555555553,126.22919444444445,1.9,87.0,2020-09-18 15:07:20,围网
10087,31.957611111111113,126.23425,1.3,61.0,2020-09-18 15:17:20,围网
10087,31.95861111111111,126.23925,1.4,67.0,2020-09-18 15:27:20,围网
10087,31.959611111111112,126.24419444444445,2.3,80.0,2020-09-18 15:37:20,围网
10087,31.959027777777766,126.24941666666666,1.7,105.0,2020-09-18 15:47:20,围网
10087,31.959944444444453,126.25402777777781,2.3,108.0,2020-09-18 15:57:20,围网
10087,31.95786111111111,126.2585,1.5,271.0,2020-09-18 16:07:29,围网
10087,31.95497222222223,126.2555,1.5,292.0,2020-09-18 16:17:20,围网
10087,31.953888888888887,126.25091666666668,3.4,192.0,2020-09-18 16:27:27,围网
10087,31.950166666666664,126.24986111111107,1.6,206.0,2020-09-18 16:37:20,围网
10087,31.94572222222222,126.24797222222223,1.1,0.0,2020-09-18 16:47:20,围网
10087,31.94761111111111,126.26263888888887,6.1,75.0,2020-09-18 16:57:21,围网
10087,31.94955555555555,126.26952777777778,2.7,112.0,2020-09-18 17:07:21,围网
10087,31.94908333333333,126.28305555555555,2.8,146.0,2020-09-18 17:27:20,围网
10087,31.94388888888889,126.2860277777778,2.4,150.0,2020-09-18 17:37:20,围网
10087,31.93875,126.28755555555556,2.4,181.0,2020-09-18 17:47:20,围网
10087,31.932527777777786,126.28638888888894,1.9,183.0,2020-09-18 17:57:20,围网
10087,31.926472222222234,126.28286111111113,2.4,216.0,2020-09-18 18:07:39,围网
10087,31.922,126.27825,2.8,232.0,2020-09-18 18:17:20,围网
10087,31.918083333333332,126.27263888888888,2.4,235.0,2020-09-18 18:27:20,围网
10087,31.91469444444445,126.26686111111113,1.9,233.0,2020-09-18 18:37:20,围网
10087,31.91177777777777,126.26100000000001,2.2,250.0,2020-09-18 18:47:20,围网
10087,31.90936111111111,126.25461111111113,2.1,249.0,2020-09-18 18:57:20,围网
10087,31.911805555555553,126.25533333333334,1.8,55.0,2020-09-18 19:07:19,围网
10087,31.914527777777767,126.25805555555556,1.9,69.0,2020-09-18 19:17:19,围网
10087,31.91488888888889,126.26155555555556,1.8,51.0,2020-09-18 19:27:19,围网
10087,31.915055555555554,126.26136111111107,1.2,86.0,2020-09-18 19:37:19,围网
10087,31.914,126.2614722222222,1.0,281.0,2020-09-18 19:47:19,围网
10087,31.91408333333333,126.25611111111112,0.8,279.0,2020-09-18 19:57:19,围网
10087,31.913666666666664,126.2505277777778,1.6,266.0,2020-09-18 20:07:39,围网
10087,31.91333333333333,126.24536111111112,1.6,262.0,2020-09-18 20:17:19,围网
10087,31.913138888888888,126.2397777777778,1.8,271.0,2020-09-18 20:27:19,围网
10087,31.912888888888887,126.23436111111113,1.7,271.0,2020-09-18 20:37:19,围网
10087,31.91294444444444,126.22902777777777,2.0,280.0,2020-09-18 20:47:19,围网
10087,31.90933333333333,126.23366666666668,5.9,115.0,2020-09-18 20:57:19,围网
10087,31.90169444444444,126.2485,6.3,137.0,2020-09-18 21:07:19,围网
10087,31.88208333333333,126.24816666666666,8.0,189.0,2020-09-18 21:17:19,围网
10087,31.86569444444445,126.24458333333332,3.8,228.0,2020-09-18 21:27:19,围网
10087,31.86733333333333,126.23502777777777,7.7,324.0,2020-09-18 21:37:19,围网
10087,31.87661111111111,126.22577777777781,2.4,322.0,2020-09-18 21:47:19,围网
10087,31.880027777777766,126.22002777777777,2.0,332.0,2020-09-18 21:57:19,围网
10087,31.882666666666665,126.21402777777777,2.0,294.0,2020-09-18 22:07:19,围网
10087,31.885416666666664,126.20827777777778,1.7,310.0,2020-09-18 22:17:19,围网
10087,31.88825000000001,126.20286111111112,2.1,298.0,2020-09-18 22:27:19,围网
10087,31.89108333333333,126.19744444444444,2.1,301.0,2020-09-18 22:37:19,围网
10087,31.894222222222233,126.19233333333334,1.5,314.0,2020-09-18 22:47:19,围网
10087,31.89758333333333,126.18763888888887,1.8,311.0,2020-09-18 22:57:19,围网
10087,31.901,126.18305555555555,1.4,313.0,2020-09-18 23:07:19,围网
10087,31.904694444444445,126.17894444444444,2.1,306.0,2020-09-18 23:17:19,围网
10087,31.90894444444445,126.17561111111112,1.9,318.0,2020-09-18 23:27:39,围网
10087,31.91311111111111,126.17297222222223,1.7,330.0,2020-09-18 23:37:18,围网
10087,31.917527777777767,126.17091666666668,1.7,341.0,2020-09-18 23:47:18,围网
10087,31.92233333333333,126.17008333333334,1.4,357.0,2020-09-18 23:57:18,围网
10087,31.92708333333333,126.17013888888887,1.6,3.0,2020-09-19 00:07:18,围网
10087,31.931694444444453,126.17038888888894,1.7,356.0,2020-09-19 00:17:18,围网
10087,31.93619444444445,126.17066666666668,1.6,18.0,2020-09-19 00:27:18,围网
10087,31.940555555555555,126.1719722222222,1.5,25.0,2020-09-19 00:37:18,围网
10087,31.94466666666667,126.17508333333336,1.9,28.0,2020-09-19 00:47:18,围网
10087,31.94844444444445,126.178,1.7,37.0,2020-09-19 00:57:18,围网
10087,31.951999999999998,126.18091666666668,1.5,35.0,2020-09-19 01:07:18,围网
10087,31.955,126.18519444444445,1.6,55.0,2020-09-19 01:17:18,围网
10087,31.956166666666665,126.19144444444444,2.4,92.0,2020-09-19 01:27:18,围网
10087,31.95575,126.19816666666668,2.0,101.0,2020-09-19 01:37:18,围网
10087,31.95422222222221,126.2045,2.2,130.0,2020-09-19 01:47:18,围网
10087,31.94969444444445,126.21022222222223,2.4,138.0,2020-09-19 01:57:18,围网
10087,31.94552777777778,126.21566666666666,2.1,136.0,2020-09-19 02:07:38,围网
10087,31.94130555555556,126.22027777777778,2.3,157.0,2020-09-19 02:17:18,围网
10087,31.93572222222221,126.22366666666667,2.2,148.0,2020-09-19 02:27:18,围网
10087,31.93033333333333,126.22725,2.2,140.0,2020-09-19 02:37:18,围网
10087,31.92511111111111,126.23066666666666,0.5,0.0,2020-09-19 02:47:18,围网
10087,31.92844444444445,126.2282777777778,2.1,317.0,2020-09-19 02:57:18,围网
10087,31.92769444444445,126.22644444444445,1.5,194.0,2020-09-19 03:07:18,围网
10087,31.92519444444445,126.22688888888894,1.1,177.0,2020-09-19 03:17:18,围网
10087,31.92166666666667,126.22686111111112,1.1,182.0,2020-09-19 03:27:18,围网
10087,31.917972222222232,126.22669444444445,1.2,182.0,2020-09-19 03:37:18,围网
10087,31.9145,126.22555555555556,3.2,13.0,2020-09-19 03:47:18,围网
10087,31.91111111111111,126.23797222222224,2.2,129.0,2020-09-19 03:57:18,围网
10087,31.907666666666664,126.24305555555556,2.1,133.0,2020-09-19 04:07:18,围网
10087,31.903527777777786,126.24758333333334,1.7,137.0,2020-09-19 04:17:18,围网
10087,31.89847222222221,126.25111111111113,2.5,156.0,2020-09-19 04:27:17,围网
10087,31.89258333333333,126.25258333333332,2.2,148.0,2020-09-19 04:37:18,围网
10087,31.887555555555554,126.25519444444444,2.1,139.0,2020-09-19 04:47:17,围网
10087,31.88272222222223,126.2579722222222,1.7,152.0,2020-09-19 04:57:19,围网
10087,31.877972222222233,126.26061111111113,1.7,142.0,2020-09-19 05:07:18,围网
10087,31.87333333333333,126.26327777777777,2.8,148.0,2020-09-19 05:17:17,围网
10087,31.868805555555557,126.26591666666668,2.1,157.0,2020-09-19 05:27:17,围网
10087,31.864472222222233,126.26899999999999,1.7,141.0,2020-09-19 05:37:37,围网
10087,31.85933333333333,126.27,1.7,178.0,2020-09-19 05:47:17,围网
10087,31.853583333333336,126.26947222222222,2.2,184.0,2020-09-19 05:57:17,围网
10087,31.848055555555554,126.26858333333332,2.3,191.0,2020-09-19 06:07:17,围网
10087,31.842666666666666,126.26752777777777,2.0,194.0,2020-09-19 06:17:17,围网
10087,31.83733333333333,126.26602777777778,1.7,193.0,2020-09-19 06:27:17,围网
10087,31.832027777777785,126.26372222222223,1.7,210.0,2020-09-19 06:37:17,围网
10087,31.82686111111111,126.26002777777781,2.0,210.0,2020-09-19 06:47:17,围网
10087,31.822,126.25536111111113,2.8,233.0,2020-09-19 06:57:17,围网
10087,31.817666666666664,126.24966666666668,2.6,239.0,2020-09-19 07:07:17,围网
10087,31.81513888888889,126.24166666666667,2.8,263.0,2020-09-19 07:17:17,围网
10087,31.814027777777767,126.23338888888892,2.4,268.0,2020-09-19 07:27:17,围网
10087,31.81327777777778,126.22563888888894,2.6,271.0,2020-09-19 07:37:17,围网
10087,31.815777777777786,126.22625,0.6,0.0,2020-09-19 07:47:17,围网
10087,31.817277777777768,126.22580555555555,2.8,269.0,2020-09-19 07:57:17,围网
10087,31.817694444444445,126.21716666666669,2.1,255.0,2020-09-19 08:07:38,围网
10087,31.816972222222233,126.2092777777778,2.5,261.0,2020-09-19 08:17:17,围网
10087,31.817055555555555,126.20344444444444,5.3,115.0,2020-09-19 08:27:17,围网
10087,31.81308333333333,126.22005555555555,5.4,113.0,2020-09-19 08:37:16,围网
10087,31.810277777777767,126.23688888888887,5.2,97.0,2020-09-19 08:47:16,围网
10087,31.80308333333333,126.25222222222222,5.4,117.0,2020-09-19 08:57:16,围网
10087,31.77813888888889,126.28263888888887,6.7,141.0,2020-09-19 09:17:16,围网
10087,31.764194444444453,126.29711111111112,5.8,133.0,2020-09-19 09:27:16,围网
10087,31.76388888888889,126.2949722222222,7.1,350.0,2020-09-19 09:37:16,围网
10087,31.77575,126.29330555555555,2.6,335.0,2020-09-19 09:47:16,围网
10087,31.782277777777768,126.29055555555556,2.8,338.0,2020-09-19 09:57:16,围网
10087,31.7885,126.28747222222222,2.4,347.0,2020-09-19 10:07:16,围网
10087,31.794777777777767,126.28538888888887,2.3,346.0,2020-09-19 10:17:16,围网
10087,31.80097222222221,126.28338888888894,2.1,340.0,2020-09-19 10:27:16,围网
10087,31.80688888888889,126.28144444444445,2.1,343.0,2020-09-19 10:37:17,围网
10087,31.81283333333333,126.27844444444445,2.3,332.0,2020-09-19 10:47:39,围网
10087,31.81819444444445,126.2755,2.1,332.0,2020-09-19 10:57:16,围网
10087,31.823694444444442,126.27258333333332,2.0,339.0,2020-09-19 11:07:16,围网
10087,31.829,126.26986111111113,2.1,340.0,2020-09-19 11:17:16,围网
10087,31.834055555555548,126.26719444444444,2.0,329.0,2020-09-19 11:27:16,围网
10087,31.838611111111113,126.2639722222222,1.8,330.0,2020-09-19 11:37:16,围网
10087,31.84241666666667,126.25977777777778,2.1,306.0,2020-09-19 11:47:16,围网
10087,31.84583333333333,126.25538888888887,1.7,316.0,2020-09-19 11:57:16,围网
10087,31.84933333333333,126.25111111111113,1.4,316.0,2020-09-19 12:07:16,围网
10087,31.85236111111111,126.24669444444444,1.6,326.0,2020-09-19 12:17:16,围网
10087,31.855166666666666,126.2422222222222,1.5,308.0,2020-09-19 12:27:16,围网
10087,31.85769444444445,126.23775,1.4,305.0,2020-09-19 12:37:16,围网
10087,31.85988888888889,126.23325,1.3,319.0,2020-09-19 12:47:16,围网
10087,31.862277777777766,126.22880555555555,1.3,310.0,2020-09-19 12:57:16,围网
10087,31.86486111111111,126.22433333333332,1.2,0.0,2020-09-19 13:07:16,围网
10087,31.863416666666666,126.2187777777778,2.0,232.0,2020-09-19 13:17:15,围网
10087,31.85958333333333,126.21419444444444,1.6,0.0,2020-09-19 13:27:15,围网
10087,31.85475000000001,126.2115,2.7,158.0,2020-09-19 13:37:15,围网
10087,31.848805555555558,126.21277777777777,2.2,153.0,2020-09-19 13:47:39,围网
10087,31.84394444444445,126.2150277777778,2.0,155.0,2020-09-19 13:57:15,围网
10087,31.83908333333333,126.21794444444444,1.9,151.0,2020-09-19 14:07:15,围网
10087,31.8345,126.2215,1.7,166.0,2020-09-19 14:17:15,围网
10087,31.839027777777765,126.2224722222222,1.8,358.0,2020-09-19 14:27:15,围网
10087,31.84175,126.22416666666666,2.1,124.0,2020-09-19 14:37:15,围网
10087,31.84019444444445,126.22655555555555,0.8,88.0,2020-09-19 14:47:15,围网
10087,31.839527777777768,126.22805555555556,0.6,110.0,2020-09-19 14:57:15,围网
10087,31.835666666666665,126.22519444444444,7.4,229.0,2020-09-19 15:07:15,围网
10087,31.81630555555556,126.20969444444445,8.3,220.0,2020-09-19 15:17:15,围网
10087,31.797361111111112,126.1945,8.3,214.0,2020-09-19 15:27:15,围网
10087,31.778305555555555,126.18052777777778,7.9,214.0,2020-09-19 15:37:15,围网
10087,31.759777777777767,126.16488888888892,8.2,210.0,2020-09-19 15:47:15,围网
10087,31.74063888888889,126.14922222222224,8.3,218.0,2020-09-19 15:57:15,围网
10087,31.71758333333333,126.13586111111113,8.7,213.0,2020-09-19 16:07:38,围网
10087,31.698833333333337,126.1189722222222,8.8,214.0,2020-09-19 16:17:15,围网
10087,31.68213888888889,126.09855555555555,8.2,238.0,2020-09-19 16:27:15,围网
10087,31.67508333333333,126.07313888888888,7.7,269.0,2020-09-19 16:37:15,围网
10087,31.66038888888889,126.05352777777777,8.9,185.0,2020-09-19 16:47:15,围网
10087,31.632972222222232,126.05036111111113,8.7,195.0,2020-09-19 16:57:15,围网
10087,31.612361111111113,126.03541666666666,7.9,270.0,2020-09-19 17:07:15,围网
10087,31.6115,126.03288888888888,3.7,172.0,2020-09-19 17:17:15,围网
10087,31.599611111111113,126.03163888888888,1.8,175.0,2020-09-19 17:27:15,围网
10087,31.59369444444444,126.03116666666668,1.8,188.0,2020-09-19 17:37:15,围网
10087,31.587944444444442,126.03083333333332,1.9,192.0,2020-09-19 17:47:14,围网
10087,31.58227777777777,126.03013888888887,1.9,176.0,2020-09-19 17:57:14,围网
10087,31.57683333333333,126.02952777777777,1.8,176.0,2020-09-19 18:07:14,围网
10087,31.571638888888888,126.02891666666666,1.8,177.0,2020-09-19 18:17:14,围网
10087,31.566527777777786,126.02788888888887,2.0,0.0,2020-09-19 18:27:18,围网
10087,31.55641666666667,126.02569444444444,1.6,187.0,2020-09-19 18:47:39,围网
10087,31.55183333333333,126.02388888888888,1.6,203.0,2020-09-19 18:57:14,围网
10087,31.54733333333333,126.02180555555556,1.8,199.0,2020-09-19 19:07:14,围网
10087,31.54283333333333,126.01944444444445,1.6,201.0,2020-09-19 19:17:14,围网
10087,31.538555555555558,126.01700000000001,1.6,217.0,2020-09-19 19:27:14,围网
10087,31.53441666666667,126.01425,1.6,0.0,2020-09-19 19:37:14,围网
10087,31.53038888888889,126.01105555555556,1.4,0.0,2020-09-19 19:47:18,围网
10087,31.52633333333333,126.00758333333332,1.7,224.0,2020-09-19 19:57:39,围网
10087,31.52269444444445,126.00452777777778,1.6,0.0,2020-09-19 20:07:14,围网
10087,31.519416666666668,126.00097222222222,1.5,0.0,2020-09-19 20:17:14,围网
10087,31.515361111111112,125.99658333333332,1.9,235.0,2020-09-19 20:28:03,围网
10087,31.5125,125.9925,1.7,226.0,2020-09-19 20:37:14,围网
10087,31.509638888888887,125.98805555555555,1.5,231.0,2020-09-19 20:47:14,围网
10087,31.50788888888889,125.98205555555555,2.0,258.0,2020-09-19 20:57:14,围网
10087,31.508166666666664,125.974,2.7,287.0,2020-09-19 21:07:14,围网
10087,31.509555555555554,125.96675,2.1,290.0,2020-09-19 21:17:14,围网
10087,31.510777777777786,125.96008333333334,1.9,285.0,2020-09-19 21:27:14,围网
10087,31.511805555555554,125.95369444444445,1.9,280.0,2020-09-19 21:37:14,围网
10087,31.512777777777767,125.9487777777778,1.1,71.0,2020-09-19 21:47:14,围网
10087,31.514111111111113,125.95205555555556,2.3,72.0,2020-09-19 21:57:14,围网
10087,31.515138888888888,125.95461111111112,1.3,119.0,2020-09-19 22:07:14,围网
10087,31.516361111111113,125.95475,0.4,330.0,2020-09-19 22:17:13,围网
10087,31.51683333333333,125.95469444444444,0.4,0.0,2020-09-19 22:27:13,围网
10087,31.50627777777777,125.95883333333332,8.1,166.0,2020-09-19 22:37:13,围网
10087,31.48569444444445,125.96772222222219,8.0,173.0,2020-09-19 22:47:13,围网
10087,31.492722222222234,125.96872222222223,4.3,359.0,2020-09-19 22:57:13,围网
10087,31.499472222222234,125.96986111111113,2.6,3.0,2020-09-19 23:07:13,围网
10087,31.50536111111111,125.97105555555555,2.0,6.0,2020-09-19 23:17:14,围网
10087,31.51075,125.97225,2.0,18.0,2020-09-19 23:27:21,围网
10087,31.51580555555556,125.9735277777778,1.9,31.0,2020-09-19 23:37:14,围网
10087,31.518027777777768,125.97516666666668,2.2,15.0,2020-09-19 23:47:38,围网
10087,31.52325,125.97522222222223,2.1,354.0,2020-09-19 23:57:13,围网
10087,31.52822222222222,125.9737222222222,2.0,12.0,2020-09-20 00:07:13,围网
10087,31.533638888888888,125.9752777777778,1.9,18.0,2020-09-20 00:17:13,围网
10087,31.53875,125.97733333333332,2.0,21.0,2020-09-20 00:27:13,围网
10087,31.543805555555558,125.97966666666666,1.9,24.0,2020-09-20 00:37:13,围网
10087,31.54869444444445,125.98297222222223,2.2,30.0,2020-09-20 00:47:13,围网
10087,31.55341666666667,125.98630555555556,2.0,29.0,2020-09-20 00:57:13,围网
10087,31.558055555555555,125.98994444444445,1.9,32.0,2020-09-20 01:07:13,围网
10087,31.56258333333333,125.99375,1.9,29.0,2020-09-20 01:17:13,围网
10087,31.56669444444445,125.99416666666669,2.3,344.0,2020-09-20 01:27:13,围网
10087,31.566222222222233,125.98830555555556,1.9,240.0,2020-09-20 01:37:13,围网
10087,31.562972222222232,125.98455555555556,1.8,203.0,2020-09-20 01:47:13,围网
10087,31.557,125.98375,2.2,179.0,2020-09-20 01:57:13,围网
10087,31.550555555555555,125.98619444444445,1.8,162.0,2020-09-20 02:07:38,围网
10087,31.54516666666667,125.98788888888888,2.5,160.0,2020-09-20 02:17:13,围网
10087,31.539638888888888,125.98975,1.9,168.0,2020-09-20 02:27:13,围网
10087,31.533916666666666,125.99125,2.0,172.0,2020-09-20 02:37:13,围网
10087,31.528000000000002,125.99280555555555,1.9,163.0,2020-09-20 02:47:12,围网
10087,31.522111111111112,125.99416666666669,2.2,165.0,2020-09-20 02:57:12,围网
10087,31.516055555555557,125.99563888888888,2.1,176.0,2020-09-20 03:07:12,围网
10087,31.509777777777767,125.99708333333334,2.0,173.0,2020-09-20 03:17:12,围网
10087,31.50330555555556,125.99861111111113,2.1,168.0,2020-09-20 03:27:12,围网
10087,31.49675,125.9999722222222,2.4,173.0,2020-09-20 03:37:12,围网
10087,31.490277777777766,125.99986111111107,2.1,175.0,2020-09-20 03:47:12,围网
10087,31.48380555555556,125.99994444444445,2.4,173.0,2020-09-20 03:57:12,围网
10087,31.482972222222234,126.00408333333334,1.9,44.0,2020-09-20 04:07:12,围网
10087,31.481055555555557,126.00697222222222,3.2,157.0,2020-09-20 04:17:12,围网
10087,31.47575,126.01083333333334,2.3,148.0,2020-09-20 04:27:12,围网
10087,31.470277777777767,126.01372222222223,2.2,151.0,2020-09-20 04:37:12,围网
10087,31.45983333333333,126.01144444444445,6.0,185.0,2020-09-20 04:47:12,围网
10087,31.455444444444442,126.00513888888888,4.4,304.0,2020-09-20 04:57:12,围网
10087,31.45180555555555,126.00302777777777,1.7,171.0,2020-09-20 05:07:12,围网
10087,31.45208333333333,125.98961111111113,5.2,272.0,2020-09-20 05:17:12,围网
10087,31.452277777777766,125.9694722222222,6.5,266.0,2020-09-20 05:27:12,围网
10087,31.451472222222232,125.94752777777781,7.1,254.0,2020-09-20 05:37:13,围网
10087,31.442138888888888,125.92455555555556,8.5,215.0,2020-09-20 05:47:12,围网
10087,31.4265,125.90513888888887,9.1,212.0,2020-09-20 05:57:12,围网
10087,31.41791666666667,125.8795,8.8,246.0,2020-09-20 06:07:38,围网
10087,31.402361111111112,125.85891666666666,9.1,225.0,2020-09-20 06:17:12,围网
10087,31.38225,125.84036111111112,9.2,219.0,2020-09-20 06:27:12,围网
10087,31.3675,125.81700000000001,8.9,247.0,2020-09-20 06:37:12,围网
10087,31.349472222222207,125.79552777777776,9.4,221.0,2020-09-20 06:47:12,围网
10087,31.33055555555556,125.7755,9.2,231.0,2020-09-20 06:57:12,围网
10087,31.315472222222233,125.75111111111113,9.5,239.0,2020-09-20 07:07:12,围网
10087,31.302,125.72533333333334,9.2,236.0,2020-09-20 07:17:12,围网
10087,31.28605555555556,125.70161111111106,9.2,235.0,2020-09-20 07:27:12,围网
10087,31.26919444444445,125.67866666666669,9.2,229.0,2020-09-20 07:37:12,围网
10087,31.25225,125.65711111111112,8.7,222.0,2020-09-20 07:47:11,围网
10087,31.235805555555558,125.63494444444444,8.8,216.0,2020-09-20 07:57:11,围网
10087,31.21586111111111,125.62016666666666,8.5,215.0,2020-09-20 08:07:12,围网
10087,31.19841666666667,125.59980555555555,9.2,230.0,2020-09-20 08:17:11,围网
10087,31.181444444444452,125.57655555555556,8.6,216.0,2020-09-20 08:27:39,围网
10087,31.165055555555554,125.55769444444445,9.0,237.0,2020-09-20 08:37:11,围网
10087,31.148916666666665,125.53691666666666,8.8,228.0,2020-09-20 08:47:11,围网
10087,31.13158333333333,125.51899999999999,8.3,215.0,2020-09-20 08:57:11,围网
10087,31.11369444444445,125.5024722222222,8.0,214.0,2020-09-20 09:07:11,围网
10087,31.09438888888889,125.49369444444444,7.8,201.0,2020-09-20 09:17:11,围网
10087,31.07691666666667,125.47594444444445,8.8,222.0,2020-09-20 09:27:11,围网
10087,31.05933333333333,125.45991666666669,9.0,231.0,2020-09-20 09:37:11,围网
10087,31.043333333333337,125.43902777777778,9.2,232.0,2020-09-20 09:47:11,围网
10087,31.025166666666664,125.43241666666668,6.3,176.0,2020-09-20 09:57:11,围网
10087,31.00697222222221,125.43313888888888,7.0,182.0,2020-09-20 10:07:11,围网
10087,30.988722222222233,125.43319444444445,6.3,170.0,2020-09-20 10:17:11,围网
10087,30.970527777777786,125.43444444444445,6.9,194.0,2020-09-20 10:27:11,围网
10087,30.951527777777766,125.43302777777778,6.5,180.0,2020-09-20 10:37:11,围网
10087,30.93225,125.43080555555555,7.2,186.0,2020-09-20 10:47:11,围网
10087,30.913138888888888,125.42719444444445,6.8,172.0,2020-09-20 10:57:11,围网
10087,30.903027777777766,125.40494444444445,9.2,260.0,2020-09-20 11:07:11,围网
10087,30.88958333333333,125.38855555555556,7.7,204.0,2020-09-20 11:17:11,围网
10087,30.870361111111112,125.38519444444445,7.7,222.0,2020-09-20 11:27:11,围网
10087,30.854805555555558,125.36783333333334,7.6,228.0,2020-09-20 11:37:11,围网
10087,30.842388888888888,125.34702777777778,7.9,236.0,2020-09-20 11:47:11,围网
10087,30.829694444444453,125.32691666666666,7.6,228.0,2020-09-20 11:57:10,围网
10087,30.8225,125.3017222222222,8.4,259.0,2020-09-20 12:07:38,围网
10087,30.817666666666664,125.28116666666668,5.0,237.0,2020-09-20 12:17:10,围网
10087,30.802805555555555,125.26336111111112,7.7,225.0,2020-09-20 12:27:10,围网
10087,30.787305555555548,125.24677777777778,7.4,224.0,2020-09-20 12:37:10,围网
10087,30.77325,125.22919444444445,7.5,228.0,2020-09-20 12:47:10,围网
10087,30.75911111111111,125.21163888888887,8.1,215.0,2020-09-20 12:57:10,围网
10087,30.74163888888889,125.19830555555555,7.9,202.0,2020-09-20 13:07:10,围网
10087,30.724055555555548,125.18505555555555,7.5,208.0,2020-09-20 13:17:10,围网
10087,30.707555555555555,125.17208333333332,7.7,212.0,2020-09-20 13:27:10,围网
10087,30.69163888888889,125.15580555555556,7.6,233.0,2020-09-20 13:37:10,围网
10087,30.67769444444445,125.13705555555555,7.6,224.0,2020-09-20 13:47:10,围网
10087,30.66372222222222,125.11888888888888,8.4,227.0,2020-09-20 13:57:10,围网
10087,30.64988888888889,125.10111111111112,8.1,208.0,2020-09-20 14:07:10,围网
10087,30.63283333333333,125.08575,8.0,220.0,2020-09-20 14:17:10,围网
10087,30.618194444444452,125.06808333333332,7.7,225.0,2020-09-20 14:27:11,围网
10087,30.604972222222226,125.04947222222222,7.6,222.0,2020-09-20 14:37:10,围网
10087,30.58722222222222,125.03538888888887,8.1,201.0,2020-09-20 14:47:12,围网
10087,30.566666666666666,125.025,7.1,212.0,2020-09-20 14:57:17,围网
10087,30.558972222222234,125.00297222222223,6.2,265.0,2020-09-20 15:07:39,围网
10087,30.543138888888887,124.99380555555555,8.3,181.0,2020-09-20 15:17:10,围网
10087,30.522472222222234,124.98594444444444,8.2,235.0,2020-09-20 15:27:10,围网
10087,30.48036111111111,124.9634722222222,8.4,229.0,2020-09-20 15:47:10,围网
10087,30.46258333333333,124.94941666666666,7.9,202.0,2020-09-20 15:57:10,围网
10087,30.44369444444445,124.93569444444445,8.2,199.0,2020-09-20 16:07:10,围网
10087,30.428027777777785,124.91794444444444,7.7,231.0,2020-09-20 16:17:10,围网
10087,30.41125,124.90022222222223,8.1,227.0,2020-09-20 16:27:09,围网
10087,30.39605555555556,124.87966666666664,8.6,235.0,2020-09-20 16:37:09,围网
10087,30.38411111111111,124.85652777777777,8.3,232.0,2020-09-20 16:47:09,围网
10087,30.357527777777786,124.81125,8.3,232.0,2020-09-20 17:07:39,围网
10087,30.336111111111112,124.80119444444445,9.5,185.0,2020-09-20 17:17:09,围网
10087,30.310388888888887,124.80013888888887,8.9,191.0,2020-09-20 17:27:09,围网
10087,30.28469444444445,124.79488888888888,9.0,206.0,2020-09-20 17:37:09,围网
10087,30.2625,124.78238888888887,9.1,217.0,2020-09-20 17:47:09,围网
10087,30.24286111111111,124.76425,8.7,223.0,2020-09-20 17:57:09,围网
10087,30.223527777777786,124.74519444444445,9.0,213.0,2020-09-20 18:07:09,围网
10087,30.20375,124.72566666666668,10.8,209.0,2020-09-20 18:17:14,围网
10087,30.182444444444453,124.70819444444444,9.5,199.0,2020-09-20 18:27:10,围网
10087,30.160305555555553,124.6870277777778,10.0,229.0,2020-09-20 18:38:03,围网
10087,30.14208333333333,124.66816666666666,8.6,211.0,2020-09-20 18:47:09,围网
10087,30.12058333333333,124.64950000000002,9.7,216.0,2020-09-20 18:57:09,围网
10087,30.09800000000001,124.6315,9.7,212.0,2020-09-20 19:07:09,围网
10087,30.075861111111113,124.6129722222222,9.4,210.0,2020-09-20 19:17:09,围网
10087,30.05388888888889,124.59683333333334,9.6,219.0,2020-09-20 19:27:09,围网
10087,30.03236111111111,124.58,10.0,217.0,2020-09-20 19:37:09,围网
10087,30.011083333333332,124.56336111111106,8.7,206.0,2020-09-20 19:47:09,围网
10087,29.99002777777779,124.54875,8.6,209.0,2020-09-20 19:57:09,围网
10087,29.97044444444445,124.53094444444444,9.4,215.0,2020-09-20 20:07:09,围网
10087,29.94975,124.51561111111113,9.2,201.0,2020-09-20 20:17:09,围网
10087,29.9275,124.50030555555556,8.6,200.0,2020-09-20 20:27:39,围网
10087,29.90811111111111,124.486,8.4,199.0,2020-09-20 20:37:09,围网
10087,29.888027777777786,124.47336111111107,8.1,211.0,2020-09-20 20:47:09,围网
10087,29.869055555555555,124.4577777777778,7.6,209.0,2020-09-20 20:57:09,围网
10087,29.84897222222222,124.45102777777778,7.7,198.0,2020-09-20 21:07:08,围网
10087,29.829138888888888,124.44027777777778,7.5,194.0,2020-09-20 21:17:08,围网
10087,29.80913888888889,124.42969444444445,7.5,196.0,2020-09-20 21:27:08,围网
10087,29.788611111111113,124.41955555555555,7.7,191.0,2020-09-20 21:37:08,围网
10087,29.770194444444453,124.41330555555555,7.1,158.0,2020-09-20 21:47:08,围网
10087,29.766638888888888,124.41494444444444,1.5,272.0,2020-09-20 21:57:08,围网
10087,29.767916666666665,124.41169444444445,1.2,284.0,2020-09-20 22:07:08,围网
10087,29.76933333333333,124.40844444444444,1.6,296.0,2020-09-20 22:17:08,围网
10087,29.77383333333333,124.38694444444445,2.6,309.0,2020-09-20 22:47:08,围网
10087,29.777444444444445,124.38180555555556,2.5,310.0,2020-09-20 22:57:08,围网
10087,29.78169444444445,124.37730555555555,1.8,334.0,2020-09-20 23:07:08,围网
10087,29.78577777777778,124.37283333333332,2.0,304.0,2020-09-20 23:17:08,围网
10087,29.789527777777767,124.36836111111107,2.5,325.0,2020-09-20 23:27:08,围网
10087,29.79347222222223,124.36388888888888,1.8,283.0,2020-09-20 23:37:39,围网
10087,29.796861111111113,124.36002777777777,1.7,316.0,2020-09-20 23:47:08,围网
10087,29.800694444444442,124.3562222222222,1.6,323.0,2020-09-20 23:57:08,围网
10087,29.80475,124.35275,1.3,312.0,2020-09-21 00:07:08,围网
10087,29.809027777777786,124.34977777777777,2.3,306.0,2020-09-21 00:17:08,围网
10087,29.81316666666667,124.3472777777778,1.8,339.0,2020-09-21 00:27:08,围网
10087,29.81758333333333,124.34544444444445,2.1,322.0,2020-09-21 00:37:08,围网
10087,29.82169444444445,124.34363888888888,1.9,7.0,2020-09-21 00:47:08,围网
10087,29.82597222222222,124.34236111111107,1.0,317.0,2020-09-21 00:57:08,围网
10087,29.829027777777767,124.35058333333332,3.8,78.0,2020-09-21 01:07:08,围网
10087,29.830416666666665,124.35963888888888,2.0,80.0,2020-09-21 01:17:08,围网
10087,29.831277777777768,124.36677777777777,2.0,100.0,2020-09-21 01:27:08,围网
10087,29.832,124.37363888888888,2.3,89.0,2020-09-21 01:37:07,围网
10087,29.83288888888889,124.38011111111106,2.1,77.0,2020-09-21 01:47:07,围网
10087,29.833805555555557,124.38661111111112,2.5,73.0,2020-09-21 01:57:07,围网
10087,29.83447222222221,124.39344444444444,1.7,87.0,2020-09-21 02:07:38,围网
10087,29.83511111111111,124.39983333333332,1.7,68.0,2020-09-21 02:17:07,围网
10087,29.834111111111113,124.40719444444444,2.4,100.0,2020-09-21 02:27:07,围网
10087,29.83,124.41450000000002,2.4,136.0,2020-09-21 02:37:07,围网
10087,29.82605555555556,124.4207777777778,2.6,118.0,2020-09-21 02:47:07,围网
10087,29.82252777777777,124.42680555555555,2.5,107.0,2020-09-21 02:57:07,围网
10087,29.819194444444445,124.43291666666669,2.0,132.0,2020-09-21 03:07:07,围网
10087,29.816,124.43894444444445,1.7,94.0,2020-09-21 03:17:07,围网
10087,29.812722222222234,124.44483333333334,1.8,100.0,2020-09-21 03:27:07,围网
10087,29.80975,124.45069444444445,2.4,137.0,2020-09-21 03:37:07,围网
10087,29.80666666666667,124.45652777777778,1.8,147.0,2020-09-21 03:47:07,围网
10087,29.806277777777765,124.45711111111113,2.1,324.0,2020-09-21 03:57:06,围网
10087,29.80563888888889,124.45680555555555,4.5,142.0,2020-09-21 04:07:07,围网
10087,29.80163888888889,124.45869444444445,1.0,163.0,2020-09-21 04:17:07,围网
10087,29.798361111111113,124.45980555555555,1.6,153.0,2020-09-21 04:27:07,围网
10087,29.795222222222232,124.46030555555555,1.1,0.0,2020-09-21 04:37:07,围网
10087,29.79358333333333,124.46894444444445,5.9,89.0,2020-09-21 04:47:07,围网
10087,29.78955555555555,124.47558333333332,2.1,132.0,2020-09-21 04:57:07,围网
10087,29.78466666666667,124.47980555555556,1.7,139.0,2020-09-21 05:07:07,围网
10087,29.78019444444445,124.484,2.0,137.0,2020-09-21 05:17:07,围网
10087,29.775444444444442,124.48780555555555,1.8,135.0,2020-09-21 05:27:07,围网
10087,29.769972222222233,124.49108333333332,2.1,149.0,2020-09-21 05:37:39,围网
10087,29.765027777777767,124.49369444444444,2.5,166.0,2020-09-21 05:47:07,围网
10087,29.75986111111111,124.49630555555555,1.2,148.0,2020-09-21 05:57:07,围网
10087,29.75488888888889,124.49875,2.3,155.0,2020-09-21 06:07:06,围网
10087,29.74916666666667,124.50005555555555,3.1,174.0,2020-09-21 06:17:06,围网
10087,29.74302777777779,124.49316666666668,3.0,236.0,2020-09-21 06:27:06,围网
10087,29.74102777777778,124.48488888888888,2.9,301.0,2020-09-21 06:37:06,围网
10087,29.741611111111112,124.47697222222222,3.5,264.0,2020-09-21 06:47:06,围网
10087,29.742638888888887,124.46991666666668,2.9,276.0,2020-09-21 06:57:06,围网
10087,29.74375,124.46322222222223,1.9,302.0,2020-09-21 07:07:06,围网
10087,29.74511111111111,124.45655555555555,2.4,285.0,2020-09-21 07:17:06,围网
10087,29.74675,124.44961111111112,3.8,347.0,2020-09-21 07:27:06,围网
10087,29.74783333333333,124.44291666666666,1.5,304.0,2020-09-21 07:37:06,围网
10087,29.74908333333333,124.436,2.2,294.0,2020-09-21 07:47:06,围网
10087,29.75072222222222,124.429,3.3,296.0,2020-09-21 07:57:07,围网
10087,29.75255555555556,124.42108333333331,2.2,284.0,2020-09-21 08:08:08,围网
10087,29.754305555555554,124.41469444444445,3.1,285.0,2020-09-21 08:17:06,围网
10087,29.756305555555556,124.40761111111112,3.8,263.0,2020-09-21 08:27:24,围网
10087,29.75858333333333,124.40041666666669,2.4,295.0,2020-09-21 08:37:24,围网
10087,29.760666666666665,124.39319444444445,2.5,294.0,2020-09-21 08:47:24,围网
10087,29.762666666666664,124.38572222222223,2.4,273.0,2020-09-21 08:57:24,围网
10087,29.763638888888888,124.37883333333332,3.1,286.0,2020-09-21 09:07:24,围网
10087,29.765,124.37186111111107,2.4,269.0,2020-09-21 09:17:25,围网
10087,29.76661111111111,124.36511111111106,2.1,273.0,2020-09-21 09:27:06,围网
10087,29.76822222222221,124.35838888888892,2.6,273.0,2020-09-21 09:37:06,围网
10087,29.769805555555553,124.35169444444445,2.1,260.0,2020-09-21 09:47:06,围网
10087,29.771305555555557,124.34513888888887,2.2,285.0,2020-09-21 09:57:06,围网
10087,29.77213888888889,124.34130555555555,0.4,0.0,2020-09-21 10:07:06,围网
10087,29.772916666666664,124.34452777777777,1.3,70.0,2020-09-21 10:17:06,围网
10087,29.773611111111112,124.34286111111106,1.8,256.0,2020-09-21 10:27:06,围网
10087,29.77419444444445,124.33972222222219,1.5,263.0,2020-09-21 10:37:05,围网
10087,29.77483333333333,124.33633333333331,1.4,301.0,2020-09-21 10:47:05,围网
10087,29.777666666666665,124.3172222222222,8.9,277.0,2020-09-21 10:57:05,围网
10087,29.77975,124.28869444444445,8.7,273.0,2020-09-21 11:07:05,围网
10087,29.78144444444445,124.25997222222222,8.2,274.0,2020-09-21 11:17:05,围网
10087,29.784194444444445,124.23130555555555,9.0,269.0,2020-09-21 11:27:06,围网
10087,29.785750000000004,124.20233333333331,9.5,272.0,2020-09-21 11:37:05,围网
10087,29.78700000000001,124.1737777777778,9.1,279.0,2020-09-21 11:47:06,围网
10087,29.78819444444445,124.14613888888887,9.0,266.0,2020-09-21 11:57:05,围网
10087,29.78769444444445,124.11747222222219,9.1,276.0,2020-09-21 12:07:38,围网
10087,29.787222222222233,124.09175,8.9,258.0,2020-09-21 12:17:05,围网
10087,29.787277777777767,124.06452777777778,9.5,262.0,2020-09-21 12:27:05,围网
10087,29.78805555555556,124.04055555555556,2.2,311.0,2020-09-21 12:37:05,围网
10087,29.78966666666667,124.04555555555555,6.5,95.0,2020-09-21 12:47:05,围网
10087,29.788777777777767,124.05383333333332,1.4,102.0,2020-09-21 12:57:14,围网
10087,29.78841666666667,124.05969444444445,1.9,61.0,2020-09-21 13:07:05,围网
10087,29.78925,124.06605555555555,2.1,80.0,2020-09-21 13:17:05,围网
10087,29.790388888888888,124.07266666666666,2.0,85.0,2020-09-21 13:27:05,围网
10087,29.79144444444445,124.07936111111113,2.1,65.0,2020-09-21 13:37:05,围网
10087,29.792527777777767,124.08616666666668,2.8,83.0,2020-09-21 13:47:05,围网
10087,29.7935,124.09277777777777,2.1,78.0,2020-09-21 13:57:05,围网
10087,29.79441666666667,124.09888888888888,2.2,91.0,2020-09-21 14:07:05,围网
10087,29.795333333333332,124.10505555555555,2.2,73.0,2020-09-21 14:17:05,围网
10087,29.796138888888887,124.11083333333332,1.4,78.0,2020-09-21 14:27:05,围网
10087,29.796972222222234,124.1164722222222,1.9,84.0,2020-09-21 14:37:05,围网
10087,29.79691666666667,124.12241666666668,2.1,93.0,2020-09-21 14:47:05,围网
10087,29.79555555555556,124.12866666666666,2.7,122.0,2020-09-21 14:57:05,围网
10087,29.79441666666667,124.1347222222222,2.2,108.0,2020-09-21 15:07:05,围网
10087,29.793194444444445,124.14075,1.8,104.0,2020-09-21 15:17:04,围网
10087,29.79211111111111,124.14680555555556,2.3,98.0,2020-09-21 15:27:05,围网
10087,29.79000000000001,124.15336111111112,2.5,101.0,2020-09-21 15:37:33,围网
10087,29.78744444444445,124.15938888888893,2.5,117.0,2020-09-21 15:47:04,围网
10087,29.784277777777767,124.1657777777778,2.3,101.0,2020-09-21 15:57:04,围网
10087,29.780166666666666,124.17230555555555,2.5,125.0,2020-09-21 16:07:33,围网
10087,29.7765,124.17816666666668,2.5,107.0,2020-09-21 16:17:04,围网
10087,29.77272222222221,124.18433333333334,2.6,101.0,2020-09-21 16:27:04,围网
10087,29.768666666666665,124.19044444444445,2.4,131.0,2020-09-21 16:37:04,围网
10087,29.76372222222221,124.19575,2.9,156.0,2020-09-21 16:47:04,围网
10087,29.75836111111111,124.20019444444445,2.7,153.0,2020-09-21 16:57:04,围网
10087,29.753166666666665,124.20433333333334,2.7,171.0,2020-09-21 17:07:04,围网
10087,29.74825,124.20825,2.2,129.0,2020-09-21 17:17:04,围网
10087,29.742777777777786,124.21166666666667,3.6,187.0,2020-09-21 17:27:04,围网
10087,29.73675,124.21441666666666,2.3,170.0,2020-09-21 17:37:04,围网
10087,29.730999999999998,124.21675,1.8,141.0,2020-09-21 17:47:04,围网
10087,29.725555555555548,124.21905555555556,2.1,161.0,2020-09-21 17:57:04,围网
10087,29.72725,124.21861111111113,1.2,312.0,2020-09-21 18:07:04,围网
10087,29.72397222222222,124.21794444444444,1.3,211.0,2020-09-21 18:27:04,围网
10087,29.721777777777767,124.21694444444445,1.1,146.0,2020-09-21 18:37:04,围网
10087,29.737527777777785,124.21755555555555,7.0,3.0,2020-09-21 18:47:04,围网
10087,29.75525,124.21286111111112,6.8,326.0,2020-09-21 18:57:04,围网
10087,29.75869444444445,124.20541666666666,6.3,246.0,2020-09-21 19:07:07,围网
10087,29.75544444444445,124.19619444444444,3.3,257.0,2020-09-21 19:17:11,围网
10087,29.752,124.19063888888893,2.1,0.0,2020-09-21 19:27:04,围网
10087,29.74808333333333,124.1855277777778,2.2,0.0,2020-09-21 19:37:04,围网
10087,29.743805555555557,124.18044444444445,2.7,242.0,2020-09-21 19:47:33,围网
10087,29.73983333333333,124.17666666666668,2.2,183.0,2020-09-21 19:57:03,围网
10087,29.735527777777786,124.17308333333334,1.7,226.0,2020-09-21 20:07:03,围网
10087,29.73177777777777,124.16802777777778,1.7,218.0,2020-09-21 20:17:03,围网
10087,29.72833333333333,124.16202777777778,1.6,236.0,2020-09-21 20:27:03,围网
10087,29.726416666666665,124.1555277777778,2.3,250.0,2020-09-21 20:37:03,围网
10087,29.726805555555554,124.14802777777778,3.2,310.0,2020-09-21 20:47:03,围网
10087,29.73033333333333,124.14069444444445,1.9,302.0,2020-09-21 20:57:03,围网
10087,29.73352777777778,124.134,2.6,272.0,2020-09-21 21:07:03,围网
10087,29.736472222222233,124.12736111111107,2.1,291.0,2020-09-21 21:17:03,围网
10087,29.739694444444453,124.12105555555556,2.1,311.0,2020-09-21 21:27:03,围网
10087,29.743444444444453,124.11475,2.2,310.0,2020-09-21 21:37:33,围网
10087,29.74688888888889,124.10919444444444,2.2,319.0,2020-09-21 21:47:03,围网
10087,29.75397222222222,124.09786111111113,1.9,312.0,2020-09-21 22:07:03,围网
10087,29.756888888888888,124.09188888888887,2.5,288.0,2020-09-21 22:17:03,围网
10087,29.75991666666667,124.08611111111112,2.3,290.0,2020-09-21 22:27:03,围网
10087,29.763027777777786,124.08033333333334,1.7,299.0,2020-09-21 22:37:03,围网
10087,29.76608333333333,124.07477777777778,2.2,307.0,2020-09-21 22:47:03,围网
10087,29.76933333333333,124.06938888888888,1.8,325.0,2020-09-21 22:57:03,围网
10087,29.772666666666666,124.06425,2.4,311.0,2020-09-21 23:07:03,围网
10087,29.776277777777768,124.05922222222223,2.0,319.0,2020-09-21 23:17:03,围网
10087,29.78011111111111,124.05458333333333,1.8,289.0,2020-09-21 23:27:03,围网
10087,29.78386111111111,124.0499722222222,1.5,323.0,2020-09-21 23:37:03,围网
10087,29.78733333333333,124.045,2.7,318.0,2020-09-21 23:47:33,围网
10087,29.790722222222207,124.04066666666668,1.6,317.0,2020-09-21 23:57:03,围网
10087,29.794638888888887,124.0365,1.6,316.0,2020-09-22 00:07:03,围网
10087,29.79855555555556,124.03230555555555,2.3,328.0,2020-09-22 00:17:02,围网
10087,29.802194444444453,124.02819444444445,2.3,309.0,2020-09-22 00:27:02,围网
10087,29.802888888888887,124.03130555555555,1.6,87.0,2020-09-22 00:37:02,围网
10087,29.80325,124.03397222222222,2.8,0.0,2020-09-22 00:47:02,围网
10087,29.80533333333333,124.03536111111113,0.8,0.0,2020-09-22 00:57:02,围网
10087,29.806583333333336,124.03561111111112,0.7,0.0,2020-09-22 01:07:02,围网
10087,29.80791666666667,124.03555555555555,0.7,0.0,2020-09-22 01:17:02,围网
10087,29.809972222222232,124.04611111111107,2.5,83.0,2020-09-22 01:27:02,围网
10087,29.80919444444445,124.05247222222219,2.4,98.0,2020-09-22 01:37:02,围网
10087,29.807222222222233,124.05855555555556,2.2,112.0,2020-09-22 01:47:02,围网
10087,29.8045,124.06425,1.9,120.0,2020-09-22 01:57:02,围网
10087,29.801305555555558,124.06994444444445,2.1,139.0,2020-09-22 02:07:32,围网
10087,29.79827777777778,124.07516666666668,2.4,126.0,2020-09-22 02:17:02,围网
10087,29.795805555555557,124.08133333333332,2.0,124.0,2020-09-22 02:27:02,围网
10087,29.79358333333333,124.08763888888888,2.3,120.0,2020-09-22 02:37:02,围网
10087,29.79105555555556,124.09383333333332,2.5,117.0,2020-09-22 02:47:02,围网
10087,29.788305555555556,124.09994444444445,2.2,111.0,2020-09-22 02:57:02,围网
10087,29.786,124.10611111111106,2.3,94.0,2020-09-22 03:07:02,围网
10087,29.78333333333333,124.11219444444444,2.8,115.0,2020-09-22 03:17:02,围网
10087,29.78013888888889,124.11788888888887,2.3,114.0,2020-09-22 03:27:02,围网
10087,29.776694444444445,124.1233611111111,2.5,124.0,2020-09-22 03:37:02,围网
10087,29.77336111111111,124.12877777777777,2.9,129.0,2020-09-22 03:47:02,围网
10087,29.76972222222221,124.13405555555555,2.8,135.0,2020-09-22 03:57:02,围网
10087,29.76597222222221,124.13922222222223,2.7,132.0,2020-09-22 04:07:02,围网
10087,29.76225,124.14433333333336,2.2,107.0,2020-09-22 04:17:02,围网
10087,29.75825,124.14927777777778,0.7,118.0,2020-09-22 04:27:02,围网
10087,29.754305555555554,124.15425,2.6,135.0,2020-09-22 04:37:02,围网
10087,29.7505,124.15922222222223,2.4,135.0,2020-09-22 04:47:01,围网
10087,29.74616666666667,124.16394444444445,2.6,140.0,2020-09-22 04:57:01,围网
10087,29.74102777777778,124.16780555555556,2.7,124.0,2020-09-22 05:07:02,围网
10087,29.73536111111111,124.17111111111113,2.5,129.0,2020-09-22 05:17:01,围网
10087,29.729166666666664,124.17363888888887,2.4,147.0,2020-09-22 05:27:33,围网
10087,29.72336111111111,124.17552777777777,2.5,155.0,2020-09-22 05:37:01,围网
10087,29.71744444444445,124.17755555555556,2.4,169.0,2020-09-22 05:47:01,围网
10087,29.71155555555555,124.17980555555555,2.7,166.0,2020-09-22 05:57:01,围网
10087,29.705916666666663,124.18211111111113,2.3,167.0,2020-09-22 06:07:01,围网
10087,29.700194444444445,124.18427777777778,1.7,170.0,2020-09-22 06:17:01,围网
10087,29.69461111111111,124.18608333333331,1.3,167.0,2020-09-22 06:27:01,围网
10087,29.693361111111113,124.18583333333332,1.5,7.0,2020-09-22 06:37:01,围网
10087,29.69458333333333,124.18475,1.9,173.0,2020-09-22 06:47:01,围网
10087,29.690166666666666,124.18358333333332,0.7,173.0,2020-09-22 06:57:01,围网
10087,29.68602777777778,124.18155555555555,1.0,204.0,2020-09-22 07:07:01,围网
10087,29.68788888888889,124.16466666666668,8.2,288.0,2020-09-22 07:17:01,围网
10087,29.69080555555556,124.13708333333334,7.7,273.0,2020-09-22 07:27:01,围网
10087,29.69080555555556,124.10825,9.7,269.0,2020-09-22 07:37:01,围网
10087,29.69136111111111,124.07930555555555,8.7,270.0,2020-09-22 07:47:01,围网
10087,29.69283333333333,124.04983333333332,8.7,276.0,2020-09-22 07:57:01,围网
10087,29.696027777777786,124.01861111111113,9.2,272.0,2020-09-22 08:07:32,围网
10087,29.696027777777786,123.99008333333332,9.0,285.0,2020-09-22 08:17:01,围网
10087,29.696805555555553,123.9597777777778,9.2,262.0,2020-09-22 08:27:01,围网
10087,29.695999999999998,123.92927777777778,9.3,269.0,2020-09-22 08:37:01,围网
10087,29.69819444444445,123.89913888888887,9.5,273.0,2020-09-22 08:47:01,围网
10087,29.7005,123.86908333333332,9.3,260.0,2020-09-22 08:57:02,围网
10087,29.693444444444445,123.84024999999998,9.0,250.0,2020-09-22 09:07:01,围网
10087,29.684638888888887,123.81141666666666,8.9,248.0,2020-09-22 09:17:00,围网
10087,29.676361111111113,123.78183333333334,9.5,245.0,2020-09-22 09:27:00,围网
10087,29.674527777777786,123.75111111111113,10.2,259.0,2020-09-22 09:37:00,围网
10087,29.673861111111112,123.72022222222222,10.4,269.0,2020-09-22 09:47:00,围网
10087,29.675166666666666,123.70805555555555,3.9,0.0,2020-09-22 09:57:00,围网
10087,29.685111111111112,123.70230555555555,2.3,324.0,2020-09-22 10:07:01,围网
10087,29.68986111111111,123.69772222222224,1.7,0.0,2020-09-22 10:17:02,围网
10087,29.69469444444445,123.69347222222223,2.8,19.0,2020-09-22 10:27:02,围网
10087,29.69958333333333,123.68933333333334,2.1,326.0,2020-09-22 10:37:01,围网
10087,29.7045,123.68516666666667,1.9,312.0,2020-09-22 10:47:03,围网
10087,29.70969444444445,123.68133333333334,3.0,320.0,2020-09-22 10:57:02,围网
10087,29.714805555555554,123.67738888888893,1.6,314.0,2020-09-22 11:07:02,围网
10087,29.719638888888888,123.6730277777778,2.1,311.0,2020-09-22 11:17:01,围网
10087,29.72436111111111,123.66869444444444,1.8,299.0,2020-09-22 11:27:00,围网
10087,29.73027777777777,123.66413888888887,1.9,334.0,2020-09-22 11:37:33,围网
10087,29.734,123.65961111111113,2.2,319.0,2020-09-22 11:47:00,围网
10087,29.73830555555556,123.65536111111112,2.3,312.0,2020-09-22 11:57:00,围网
10087,29.743111111111112,123.6515,2.1,355.0,2020-09-22 12:07:00,围网
10087,29.748027777777786,123.64797222222224,2.5,303.0,2020-09-22 12:17:00,围网
10087,29.752805555555554,123.644,2.1,340.0,2020-09-22 12:27:00,围网
10087,29.757388888888887,123.63986111111113,2.4,311.0,2020-09-22 12:37:00,围网
10087,29.76163888888889,123.63555555555556,2.3,336.0,2020-09-22 12:47:00,围网
10087,29.76580555555556,123.63141666666664,1.8,345.0,2020-09-22 12:57:00,围网
10087,29.77052777777779,123.62819444444445,3.1,15.0,2020-09-22 13:07:00,围网
10087,29.777555555555555,123.62861111111107,2.3,13.0,2020-09-22 13:17:00,围网
10087,29.78352777777778,123.62788888888888,2.0,336.0,2020-09-22 13:27:00,围网
10087,29.78880555555556,123.62544444444444,1.9,316.0,2020-09-22 13:37:00,围网
10087,29.793777777777766,123.62327777777777,2.1,343.0,2020-09-22 13:47:00,围网
10087,29.798222222222233,123.62136111111107,2.1,306.0,2020-09-22 13:57:00,围网
10087,29.803027777777785,123.61991666666668,1.6,7.0,2020-09-22 14:07:32,围网
10087,29.807861111111112,123.6205,1.9,7.0,2020-09-22 14:17:00,围网
10087,29.80811111111111,123.62163888888887,1.1,0.0,2020-09-22 14:27:00,围网
10087,29.80525,123.62386111111107,3.3,1.0,2020-09-22 14:37:04,围网
10087,29.80475,123.62427777777776,0.6,198.0,2020-09-22 14:47:33,围网
10087,29.803583333333336,123.62402777777777,0.8,196.0,2020-09-22 14:56:59,围网
10087,29.802,123.62361111111107,4.2,314.0,2020-09-22 15:06:59,围网
10087,29.79630555555556,123.63319444444444,2.1,178.0,2020-09-22 15:16:59,围网
10087,29.790222222222226,123.63430555555556,2.7,119.0,2020-09-22 15:26:59,围网
10087,29.78633333333333,123.63988888888893,2.1,131.0,2020-09-22 15:36:59,围网
10087,29.78216666666667,123.64438888888893,2.1,137.0,2020-09-22 15:47:00,围网
10087,29.777527777777767,123.64816666666668,2.2,146.0,2020-09-22 15:56:59,围网
10087,29.77277777777777,123.65172222222223,2.1,155.0,2020-09-22 16:06:59,围网
10087,29.76808333333333,123.65541666666668,2.0,138.0,2020-09-22 16:16:59,围网
10087,29.76325000000001,123.65919444444445,2.5,156.0,2020-09-22 16:26:59,围网
10087,29.75847222222221,123.66333333333334,2.8,158.0,2020-09-22 16:36:59,围网
10087,29.752722222222232,123.6647777777778,1.9,190.0,2020-09-22 16:46:59,围网
10087,29.746972222222233,123.66347222222224,1.9,198.0,2020-09-22 16:57:27,围网
10087,29.74219444444445,123.66216666666666,1.8,191.0,2020-09-22 17:06:59,围网
10087,29.737111111111112,123.66127777777778,1.8,177.0,2020-09-22 17:16:59,围网
10087,29.731305555555554,123.66252777777778,2.3,143.0,2020-09-22 17:26:59,围网
10087,29.72561111111111,123.66644444444445,3.3,167.0,2020-09-22 17:36:59,围网
10087,29.7205,123.67058333333334,2.0,140.0,2020-09-22 17:46:59,围网
10087,29.71569444444444,123.6745,2.7,163.0,2020-09-22 17:56:59,围网
10087,29.710916666666666,123.67847222222224,2.2,148.0,2020-09-22 18:06:59,围网
10087,29.70622222222222,123.68227777777778,2.7,162.0,2020-09-22 18:16:59,围网
10087,29.701638888888887,123.68588888888893,1.8,143.0,2020-09-22 18:26:59,围网
10087,29.697055555555554,123.68936111111113,1.8,141.0,2020-09-22 18:36:58,围网
10087,29.692222222222235,123.69208333333331,1.6,133.0,2020-09-22 18:46:58,围网
10087,29.68741666666667,123.69475,1.4,162.0,2020-09-22 18:56:58,围网
10087,29.68283333333333,123.69727777777778,1.7,169.0,2020-09-22 19:06:58,围网
10087,29.678027777777785,123.69888888888887,2.3,165.0,2020-09-22 19:16:58,围网
10087,29.673027777777786,123.70008333333334,2.8,178.0,2020-09-22 19:26:58,围网
10087,29.66788888888889,123.70138888888887,1.6,150.0,2020-09-22 19:36:58,围网
10087,29.662972222222226,123.7024722222222,2.2,172.0,2020-09-22 19:46:58,围网
10087,29.65833333333333,123.70338888888894,1.2,127.0,2020-09-22 19:56:58,围网
10087,29.65369444444445,123.70455555555556,1.8,144.0,2020-09-22 20:07:26,围网
10087,29.649166666666666,123.70461111111112,1.6,0.0,2020-09-22 20:16:58,围网
10087,29.650861111111112,123.703,1.7,325.0,2020-09-22 20:27:27,围网
10087,29.65138888888889,123.70119444444444,0.6,142.0,2020-09-22 20:36:58,围网
10087,29.649722222222234,123.69836111111113,1.7,222.0,2020-09-22 20:46:58,围网
10087,29.648000000000003,123.69530555555555,1.1,238.0,2020-09-22 20:56:58,围网
10087,29.643027777777768,123.68602777777778,3.3,254.0,2020-09-22 21:06:58,围网
10087,29.64027777777777,123.68058333333332,1.7,219.0,2020-09-22 21:16:58,围网
10087,29.63736111111111,123.67544444444445,1.5,233.0,2020-09-22 21:26:58,围网
10087,29.63425,123.67016666666667,2.1,253.0,2020-09-22 21:36:58,围网
10087,29.631083333333336,123.6647222222222,2.4,249.0,2020-09-22 21:46:58,围网
10087,29.62833333333333,123.65988888888893,1.5,241.0,2020-09-22 21:56:58,围网
10087,29.62894444444445,123.65308333333334,1.9,258.0,2020-09-22 22:06:58,围网
10087,29.630527777777786,123.64669444444445,2.4,297.0,2020-09-22 22:16:58,围网
10087,29.63513888888889,123.64091666666668,3.5,351.0,2020-09-22 22:26:58,围网
10087,29.639194444444442,123.63625,3.1,305.0,2020-09-22 22:36:58,围网
10087,29.643472222222233,123.63197222222222,2.3,308.0,2020-09-22 22:46:58,围网
10087,29.64777777777777,123.6279722222222,2.3,323.0,2020-09-22 22:56:58,围网
10087,29.652361111111112,123.62408333333332,2.7,313.0,2020-09-22 23:06:57,围网
10087,29.657138888888888,123.6205,2.2,308.0,2020-09-22 23:16:59,围网
10087,29.66275,123.61755555555555,2.2,10.0,2020-09-22 23:27:27,围网
10087,29.667527777777767,123.61475,1.7,327.0,2020-09-22 23:36:57,围网
10087,29.67280555555556,123.61233333333332,1.9,356.0,2020-09-22 23:46:57,围网
10087,29.67805555555556,123.61019444444445,1.9,340.0,2020-09-22 23:56:57,围网
10087,29.682805555555557,123.60683333333333,2.3,333.0,2020-09-23 00:06:57,围网
10087,29.68775,123.60416666666666,1.9,346.0,2020-09-23 00:16:57,围网
10087,29.69283333333333,123.60191666666664,2.0,340.0,2020-09-23 00:26:57,围网
10087,29.697805555555554,123.59975,2.2,327.0,2020-09-23 00:36:57,围网
10087,29.702861111111112,123.59780555555555,1.5,305.0,2020-09-23 00:46:57,围网
10087,29.70802777777779,123.59588888888894,1.9,316.0,2020-09-23 00:56:57,围网
10087,29.71322222222221,123.59394444444445,2.1,320.0,2020-09-23 01:06:57,围网
10087,29.71808333333333,123.59180555555555,1.9,344.0,2020-09-23 01:16:57,围网
10087,29.72308333333333,123.59005555555555,2.1,2.0,2020-09-23 01:26:57,围网
10087,29.728222222222207,123.58852777777777,1.6,336.0,2020-09-23 01:36:57,围网
10087,29.73325,123.58725,1.0,333.0,2020-09-23 01:46:57,围网
10087,29.73833333333333,123.58611111111112,1.6,347.0,2020-09-23 01:56:57,围网
10087,29.742722222222234,123.58477777777777,1.2,84.0,2020-09-23 02:07:26,围网
10087,29.739527777777766,123.5889722222222,1.9,164.0,2020-09-23 02:16:57,围网
10087,29.739166666666666,123.59080555555555,1.3,29.0,2020-09-23 02:26:57,围网
10087,29.73997222222223,123.59161111111106,0.3,0.0,2020-09-23 02:36:57,围网
10087,29.74019444444445,123.59188888888887,1.1,68.0,2020-09-23 02:46:57,围网
10087,29.732833333333332,123.60408333333334,7.6,105.0,2020-09-23 02:56:57,围网
10087,29.722222222222207,123.62488888888888,8.4,92.0,2020-09-23 03:06:57,围网
10087,29.711055555555557,123.64541666666666,7.6,134.0,2020-09-23 03:16:57,围网
10087,29.69886111111111,123.66563888888888,8.4,135.0,2020-09-23 03:26:57,围网
10087,29.687638888888888,123.68227777777778,0.6,0.0,2020-09-23 03:36:56,围网
10087,29.68619444444445,123.68716666666668,6.7,126.0,2020-09-23 03:46:56,围网
10087,29.679111111111112,123.69269444444444,2.1,158.0,2020-09-23 03:56:56,围网
10087,29.67383333333333,123.69411111111113,1.6,175.0,2020-09-23 04:06:56,围网
10087,29.66863888888889,123.69522222222223,4.0,118.0,2020-09-23 04:16:56,围网
10087,29.663805555555548,123.69813888888888,1.9,147.0,2020-09-23 04:26:56,围网
10087,29.65922222222222,123.70180555555555,2.1,137.0,2020-09-23 04:36:56,围网
10087,29.655,123.7062777777778,1.4,127.0,2020-09-23 04:46:56,围网
10087,29.65094444444444,123.71075,2.8,114.0,2020-09-23 04:56:56,围网
10087,29.646777777777768,123.71497222222222,2.2,150.0,2020-09-23 05:06:56,围网
10087,29.642277777777768,123.71863888888888,2.8,124.0,2020-09-23 05:16:57,围网
10087,29.636944444444445,123.72072222222224,2.6,160.0,2020-09-23 05:26:57,围网
10087,29.63136111111111,123.72169444444445,3.0,165.0,2020-09-23 05:36:57,围网
10087,29.625750000000004,123.72205555555556,2.1,141.0,2020-09-23 05:46:58,围网
10087,29.61436111111113,123.72063888888893,1.6,196.0,2020-09-23 06:07:08,围网
10087,29.609277777777766,123.71780555555556,1.4,0.0,2020-09-23 06:16:56,围网
10087,29.60538888888889,123.71252777777778,1.9,0.0,2020-09-23 06:26:56,围网
10087,29.60125,123.70830555555555,0.9,0.0,2020-09-23 06:36:56,围网
10087,29.59694444444445,123.705,1.1,0.0,2020-09-23 06:46:56,围网
10087,29.592194444444445,123.70213888888892,1.0,0.0,2020-09-23 06:56:56,围网
10087,29.58722222222222,123.69969444444445,2.4,218.0,2020-09-23 07:06:58,围网
10087,29.581944444444453,123.69766666666668,1.8,0.0,2020-09-23 07:16:58,围网
10087,29.575805555555558,123.69652777777776,2.7,177.0,2020-09-23 07:27:09,围网
10087,29.570138888888888,123.69675,2.2,185.0,2020-09-23 07:36:56,围网
10087,29.564722222222233,123.69683333333334,2.5,154.0,2020-09-23 07:46:56,围网
10087,29.559361111111112,123.6972222222222,1.9,155.0,2020-09-23 07:56:56,围网
10087,29.55416666666667,123.69766666666668,1.9,142.0,2020-09-23 08:06:56,围网
10087,29.549083333333336,123.69797222222223,2.0,191.0,2020-09-23 08:16:55,围网
10087,29.54411111111111,123.69816666666668,1.3,152.0,2020-09-23 08:26:55,围网
10087,29.54141666666667,123.69730555555556,1.9,3.0,2020-09-23 08:36:55,围网
10087,29.54416666666667,123.69611111111112,0.9,359.0,2020-09-23 08:46:55,围网
10087,29.54291666666667,123.69383333333332,0.4,0.0,2020-09-23 08:56:55,围网
10087,29.540805555555558,123.69036111111113,1.7,240.0,2020-09-23 09:07:09,围网
10087,29.53916666666667,123.69358333333334,7.8,161.0,2020-09-23 09:16:55,围网
10087,29.51969444444445,123.70194444444445,7.1,167.0,2020-09-23 09:26:56,围网
10087,29.497888888888887,123.7024722222222,8.8,194.0,2020-09-23 09:36:55,围网
10087,29.48852777777779,123.69852777777778,7.3,246.0,2020-09-23 09:47:09,围网
10087,29.48472222222223,123.68841666666668,2.1,265.0,2020-09-23 09:56:55,围网
10087,29.48244444444445,123.68227777777778,2.7,259.0,2020-09-23 10:06:55,围网
10087,29.48036111111111,123.6760277777778,2.7,239.0,2020-09-23 10:16:55,围网
10087,29.47883333333333,123.66944444444445,3.1,271.0,2020-09-23 10:26:55,围网
10087,29.477611111111113,123.66272222222223,2.5,241.0,2020-09-23 10:36:55,围网
10087,29.47658333333333,123.65597222222222,2.5,273.0,2020-09-23 10:46:55,围网
10087,29.4765,123.64913888888887,2.0,265.0,2020-09-23 10:56:55,围网
10087,29.477138888888888,123.64230555555555,2.3,256.0,2020-09-23 11:06:55,围网
10087,29.47816666666667,123.63558333333332,2.4,294.0,2020-09-23 11:16:55,围网
10087,29.47963888888889,123.62908333333333,2.8,265.0,2020-09-23 11:26:55,围网
10087,29.4815,123.62291666666664,2.2,288.0,2020-09-23 11:36:55,围网
10087,29.483583333333332,123.61697222222222,1.7,298.0,2020-09-23 11:46:55,围网
10087,29.486,123.61108333333333,2.6,273.0,2020-09-23 11:57:09,围网
10087,29.488416666666666,123.60563888888888,1.9,286.0,2020-09-23 12:06:55,围网
10087,29.491111111111113,123.60025,2.3,291.0,2020-09-23 12:16:55,围网
10087,29.494277777777786,123.59508333333332,2.2,327.0,2020-09-23 12:26:55,围网
10087,29.49758333333333,123.59024999999998,2.2,312.0,2020-09-23 12:36:55,围网
10087,29.500888888888888,123.58569444444444,2.0,333.0,2020-09-23 12:46:55,围网
10087,29.506999999999998,123.57630555555555,2.2,281.0,2020-09-23 13:06:54,围网
10087,29.510027777777786,123.57183333333332,3.0,301.0,2020-09-23 13:16:54,围网
10087,29.51313888888889,123.56761111111106,3.1,324.0,2020-09-23 13:26:54,围网
10087,29.517777777777766,123.5647777777778,1.8,351.0,2020-09-23 13:36:54,围网
10087,29.52277777777777,123.5629722222222,1.8,341.0,2020-09-23 13:46:56,围网
10087,29.527305555555554,123.56075,1.6,342.0,2020-09-23 13:56:54,围网
10087,29.53238888888889,123.55941666666666,1.8,345.0,2020-09-23 14:07:27,围网
10087,29.537111111111113,123.55930555555555,1.6,346.0,2020-09-23 14:16:54,围网
10087,29.54194444444445,123.55952777777777,1.7,4.0,2020-09-23 14:26:54,围网
10087,29.54666666666667,123.55952777777777,1.8,350.0,2020-09-23 14:36:54,围网
10087,29.551277777777766,123.5595,1.4,350.0,2020-09-23 14:46:54,围网
10087,29.55461111111111,123.55911111111112,1.6,144.0,2020-09-23 14:56:54,围网
10087,29.55191666666667,123.56275,1.7,168.0,2020-09-23 15:06:54,围网
10087,29.55072222222222,123.56452777777778,0.3,0.0,2020-09-23 15:16:54,围网
10087,29.549555555555557,123.56466666666668,1.5,177.0,2020-09-23 15:26:54,围网
10087,29.54813888888889,123.56313888888887,4.5,263.0,2020-09-23 15:36:54,围网
10087,29.542333333333332,123.54236111111106,8.6,253.0,2020-09-23 15:46:55,围网
10087,29.535055555555555,123.53575,4.9,179.0,2020-09-23 15:56:54,围网
10087,29.52991666666667,123.54063888888888,2.1,98.0,2020-09-23 16:06:54,围网
10087,29.527555555555555,123.54730555555555,2.6,0.0,2020-09-23 16:16:55,围网
10087,29.52383333333333,123.55886111111107,2.6,81.0,2020-09-23 16:36:54,围网
10087,29.522,123.56430555555555,1.6,110.0,2020-09-23 16:46:54,围网
10087,29.520138888888887,123.56972222222224,2.5,131.0,2020-09-23 16:56:54,围网
10087,29.51775,123.5749722222222,2.2,148.0,2020-09-23 17:06:54,围网
10087,29.5145,123.58005555555556,2.7,163.0,2020-09-23 17:16:54,围网
10087,29.51116666666667,123.58488888888887,1.9,118.0,2020-09-23 17:26:53,围网
10087,29.508138888888887,123.58991666666668,2.7,163.0,2020-09-23 17:36:53,围网
10087,29.50533333333333,123.59502777777777,2.3,99.0,2020-09-23 17:46:53,围网
10087,29.503166666666665,123.6005,1.9,118.0,2020-09-23 17:56:53,围网
10087,29.500277777777786,123.60558333333331,1.7,94.0,2020-09-23 18:06:53,围网
10087,29.49716666666667,123.6105,2.0,130.0,2020-09-23 18:16:53,围网
10087,29.494111111111113,123.61544444444445,1.7,127.0,2020-09-23 18:26:54,围网
10087,29.491194444444453,123.62030555555555,2.0,131.0,2020-09-23 18:36:55,围网
10087,29.48838888888889,123.62513888888887,2.1,137.0,2020-09-23 18:46:53,围网
10087,29.4855,123.6302777777778,2.9,125.0,2020-09-23 18:56:56,围网
10087,29.48252777777777,123.63522222222224,2.9,112.0,2020-09-23 19:06:53,围网
10087,29.47952777777777,123.64005555555555,2.1,118.0,2020-09-23 19:16:55,围网
10087,29.47647222222221,123.64483333333334,1.1,135.0,2020-09-23 19:27:09,围网
10087,29.473749999999995,123.64925,1.4,114.0,2020-09-23 19:36:53,围网
10087,29.470194444444445,123.65305555555555,2.0,164.0,2020-09-23 19:46:53,围网
10087,29.46538888888889,123.65566666666668,2.6,183.0,2020-09-23 19:56:53,围网
10087,29.46088888888889,123.65741666666668,1.6,110.0,2020-09-23 20:06:53,围网
10087,29.45652777777777,123.65855555555555,3.9,213.0,2020-09-23 20:16:53,围网
10087,29.452222222222233,123.65886111111112,1.9,185.0,2020-09-23 20:26:53,围网
10087,29.450138888888887,123.65763888888887,1.2,0.0,2020-09-23 20:36:53,围网
10087,29.454305555555553,123.65616666666668,1.7,351.0,2020-09-23 20:46:53,围网
10087,29.4535,123.65422222222223,1.8,222.0,2020-09-23 20:56:53,围网
10087,29.452861111111112,123.6525277777778,4.1,144.0,2020-09-23 21:06:53,围网
10087,29.44886111111111,123.64916666666667,1.4,223.0,2020-09-23 21:16:53,围网
10087,29.449,123.64833333333334,6.4,51.0,2020-09-23 21:26:53,围网
10087,29.45808333333333,123.66466666666668,6.8,71.0,2020-09-23 21:36:53,围网
10087,29.467416666666665,123.68108333333332,5.9,56.0,2020-09-23 21:46:53,围网
10087,29.47513888888889,123.69716666666667,5.2,47.0,2020-09-23 21:56:52,围网
10087,29.479833333333332,123.70866666666667,0.5,0.0,2020-09-23 22:07:08,围网
10087,29.48258333333333,123.69925,3.3,307.0,2020-09-23 22:16:52,围网
10087,29.482972222222234,123.69202777777778,2.9,234.0,2020-09-23 22:26:52,围网
10087,29.481638888888888,123.68547222222223,2.3,245.0,2020-09-23 22:36:54,围网
10087,29.48038888888889,123.67905555555555,1.5,270.0,2020-09-23 22:47:09,围网
10087,29.479555555555553,123.673,2.4,268.0,2020-09-23 22:56:52,围网
10087,29.47736111111111,123.66711111111113,2.9,216.0,2020-09-23 23:06:52,围网
10087,29.475527777777767,123.66125,1.6,263.0,2020-09-23 23:16:52,围网
10087,29.474777777777767,123.6548888888889,2.5,244.0,2020-09-23 23:26:52,围网
10087,29.474638888888887,123.6485277777778,1.9,277.0,2020-09-23 23:36:52,围网
10087,29.47575,123.64200000000001,2.5,268.0,2020-09-23 23:47:09,围网
10087,29.477555555555554,123.63619444444444,1.9,284.0,2020-09-23 23:56:52,围网
10087,29.479861111111113,123.63044444444445,1.4,283.0,2020-09-24 00:06:52,围网
10087,29.48169444444445,123.6249722222222,1.5,299.0,2020-09-24 00:16:52,围网
10087,29.48386111111111,123.61969444444445,0.7,0.0,2020-09-24 00:26:52,围网
10087,29.48611111111111,123.61461111111113,1.9,336.0,2020-09-24 00:36:52,围网
10087,29.488944444444453,123.60969444444444,1.5,0.0,2020-09-24 00:46:52,围网
10087,29.49211111111111,123.60488888888894,1.7,0.0,2020-09-24 00:56:52,围网
10087,29.49552777777778,123.6002777777778,1.6,0.0,2020-09-24 01:06:52,围网
10087,29.499,123.59561111111113,1.3,0.0,2020-09-24 01:16:52,围网
10087,29.50213888888889,123.59111111111108,2.0,338.0,2020-09-24 01:26:53,围网
10087,29.505416666666665,123.58647222222223,1.4,0.0,2020-09-24 01:36:53,围网
10087,29.508527777777786,123.58191666666666,1.6,342.0,2020-09-24 01:46:53,围网
10087,29.51152777777777,123.5775,1.8,0.0,2020-09-24 01:56:54,围网
10087,29.51466666666667,123.57319444444445,1.5,331.0,2020-09-24 02:07:08,围网
10087,29.51763888888889,123.56919444444445,2.0,338.0,2020-09-24 02:16:51,围网
10087,29.52072222222222,123.56522222222222,2.8,4.0,2020-09-24 02:26:51,围网
10087,29.523555555555557,123.56130555555555,2.0,5.0,2020-09-24 02:36:52,围网
10087,29.52647222222221,123.55774999999998,1.8,0.0,2020-09-24 02:46:51,围网
10087,29.53058333333333,123.55530555555555,1.9,347.0,2020-09-24 02:56:51,围网
10087,29.535,123.55366666666669,3.2,359.0,2020-09-24 03:06:51,围网
10087,29.537472222222235,123.55305555555556,1.6,105.0,2020-09-24 03:16:54,围网
10087,29.535972222222235,123.55761111111107,2.1,98.0,2020-09-24 03:26:52,围网
10087,29.53594444444445,123.55902777777777,1.5,143.0,2020-09-24 03:36:53,围网
10087,29.53483333333333,123.55963888888887,1.2,162.0,2020-09-24 03:46:54,围网
10087,29.533361111111113,123.55986111111108,0.8,0.0,2020-09-24 03:56:58,围网
10087,29.53061111111111,123.56675,5.5,119.0,2020-09-24 04:06:52,围网
10087,29.527027777777768,123.57247222222222,1.9,0.0,2020-09-24 04:16:52,围网
10087,29.523027777777767,123.57652777777777,2.5,176.0,2020-09-24 04:27:08,围网
10087,29.517055555555554,123.57597222222222,2.0,203.0,2020-09-24 04:36:51,围网
10087,29.51211111111111,123.57316666666668,1.8,228.0,2020-09-24 04:46:51,围网
10087,29.508722222222207,123.56886111111106,1.7,227.0,2020-09-24 04:56:51,围网
10087,29.505222222222233,123.56505555555556,1.8,212.0,2020-09-24 05:06:51,围网
10087,29.50133333333333,123.56102777777778,2.5,226.0,2020-09-24 05:16:51,围网
10087,29.49655555555556,123.55813888888888,2.1,200.0,2020-09-24 05:26:51,围网
10087,29.49144444444445,123.55605555555556,1.7,190.0,2020-09-24 05:36:51,围网
10087,29.48622222222221,123.55425,2.1,183.0,2020-09-24 05:46:51,围网
10087,29.480611111111113,123.55355555555555,2.2,180.0,2020-09-24 05:56:51,围网
10087,29.47494444444445,123.553,1.7,179.0,2020-09-24 06:06:51,围网
10087,29.469305555555554,123.55241666666666,2.0,214.0,2020-09-24 06:16:51,围网
10087,29.463638888888887,123.55169444444445,2.3,183.0,2020-09-24 06:26:51,围网
10087,29.45797222222223,123.55116666666667,2.4,192.0,2020-09-24 06:36:51,围网
10087,29.446472222222226,123.54980555555555,2.5,173.0,2020-09-24 06:56:50,围网
10087,29.44075,123.54861111111113,2.1,0.0,2020-09-24 07:06:52,围网
10087,29.43513888888889,123.54655555555556,1.7,201.0,2020-09-24 07:17:09,围网
10087,29.43,123.54413888888888,2.3,196.0,2020-09-24 07:26:50,围网
10087,29.42508333333333,123.54094444444445,1.6,214.0,2020-09-24 07:36:50,围网
10087,29.421,123.53669444444445,1.9,228.0,2020-09-24 07:46:50,围网
10087,29.41869444444445,123.53125,1.8,236.0,2020-09-24 07:56:50,围网
10087,29.41836111111111,123.52594444444445,2.5,337.0,2020-09-24 08:06:50,围网
10087,29.41558333333333,123.52375,1.0,93.0,2020-09-24 08:16:57,围网
10087,29.41641666666667,123.52733333333332,0.6,0.0,2020-09-24 08:26:51,围网
10087,29.413888888888888,123.52775,3.2,173.0,2020-09-24 08:36:52,围网
10087,29.410166666666665,123.52730555555556,1.6,188.0,2020-09-24 08:46:50,围网
10087,29.406999999999996,123.5255,3.4,25.0,2020-09-24 08:56:50,围网
10087,29.415277777777767,123.54569444444445,8.0,61.0,2020-09-24 09:06:50,围网
10087,29.42441666666667,123.56533333333334,8.1,67.0,2020-09-24 09:16:50,围网
10087,29.433222222222234,123.58463888888888,6.9,77.0,2020-09-24 09:26:50,围网
10087,29.443472222222233,123.6032777777778,7.2,24.0,2020-09-24 09:37:09,围网
10087,29.45572222222221,123.61733333333332,4.7,37.0,2020-09-24 09:46:50,围网
10087,29.468055555555555,123.6325,7.0,61.0,2020-09-24 09:56:50,围网
10087,29.476277777777767,123.65225,7.1,45.0,2020-09-24 10:06:50,围网
10087,29.485388888888888,123.67166666666668,7.0,60.0,2020-09-24 10:16:50,围网
10087,29.49280555555556,123.69211111111113,7.1,58.0,2020-09-24 10:26:50,围网
10087,29.499472222222234,123.71311111111113,6.8,81.0,2020-09-24 10:36:50,围网
10087,29.50611111111111,123.7332222222222,7.6,74.0,2020-09-24 10:46:50,围网
10087,29.511111111111113,123.75508333333332,7.0,75.0,2020-09-24 10:56:50,围网
10087,29.51444444444445,123.77497222222222,5.3,89.0,2020-09-24 11:06:50,围网
10087,29.50719444444445,123.77775,3.9,167.0,2020-09-24 11:16:50,围网
10087,29.50733333333333,123.78444444444445,0.9,286.0,2020-09-24 11:26:49,围网
10087,29.51416666666667,123.77980555555555,3.5,332.0,2020-09-24 11:36:49,围网
10087,29.51822222222221,123.77799999999999,1.6,0.0,2020-09-24 11:46:49,围网
10087,29.522666666666666,123.7762777777778,2.1,33.0,2020-09-24 11:56:50,围网
10087,29.52697222222222,123.77466666666666,1.3,337.0,2020-09-24 12:07:08,围网
10087,29.53119444444444,123.77322222222223,2.0,308.0,2020-09-24 12:16:49,围网
10087,29.535416666666666,123.7715,2.1,342.0,2020-09-24 12:26:49,围网
10087,29.53966666666667,123.77002777777777,1.3,12.0,2020-09-24 12:36:49,围网
10087,29.543833333333332,123.7685277777778,2.3,22.0,2020-09-24 12:46:49,围网
10087,29.548055555555557,123.76705555555556,1.7,17.0,2020-09-24 12:56:49,围网
10087,29.55216666666667,123.76555555555555,1.9,344.0,2020-09-24 13:06:49,围网
10087,29.55633333333333,123.76413888888888,1.2,334.0,2020-09-24 13:16:49,围网
10087,29.56033333333333,123.76283333333332,1.4,356.0,2020-09-24 13:26:49,围网
10087,29.56441666666667,123.7615,0.8,0.0,2020-09-24 13:36:49,围网
10087,29.56825000000001,123.75980555555556,1.9,348.0,2020-09-24 13:46:49,围网
10087,29.57241666666667,123.7584722222222,1.7,353.0,2020-09-24 13:56:49,围网
10087,29.57686111111111,123.75883333333331,1.5,0.0,2020-09-24 14:06:50,围网
10087,29.58136111111111,123.75908333333334,1.4,16.0,2020-09-24 14:16:49,围网
10087,29.585611111111113,123.7595,1.0,0.0,2020-09-24 14:26:51,围网
10087,29.589972222222233,123.76011111111113,2.1,49.0,2020-09-24 14:36:49,围网
10087,29.59769444444445,123.76102777777778,1.1,345.0,2020-09-24 14:57:10,围网
10087,29.600305555555558,123.76177777777778,1.1,41.0,2020-09-24 15:06:49,围网
10087,29.60244444444445,123.76508333333334,2.2,72.0,2020-09-24 15:16:49,围网
10087,29.601388888888888,123.76491666666666,2.9,208.0,2020-09-24 15:26:49,围网
10087,29.597361111111113,123.76194444444445,0.5,0.0,2020-09-24 15:36:49,围网
10087,29.595388888888888,123.7625277777778,2.1,125.0,2020-09-24 15:46:49,围网
10087,29.59347222222221,123.76344444444445,1.7,142.0,2020-09-24 15:56:48,围网
10087,29.591361111111112,123.76405555555556,1.6,172.0,2020-09-24 16:07:09,围网
10087,29.589111111111112,123.76477777777778,0.6,101.0,2020-09-24 16:16:48,围网
10087,29.586777777777765,123.76569444444445,0.8,160.0,2020-09-24 16:26:48,围网
10087,29.58430555555555,123.76563888888887,0.6,0.0,2020-09-24 16:36:48,围网
10087,29.585472222222233,123.7645277777778,5.0,358.0,2020-09-24 16:46:48,围网
10087,29.58827777777779,123.76466666666668,0.2,0.0,2020-09-24 16:56:48,围网
10087,29.593666666666664,123.76630555555555,3.0,8.0,2020-09-24 17:06:48,围网
10087,29.60252777777778,123.76636111111112,1.6,159.0,2020-09-24 17:16:48,围网
10087,29.606388888888887,123.76752777777777,3.4,323.0,2020-09-24 17:26:48,围网
10087,29.617027777777786,123.76380555555555,4.7,332.0,2020-09-24 17:36:48,围网
10087,29.62783333333333,123.76041666666666,2.7,1.0,2020-09-24 17:46:48,围网
10087,29.6385,123.75688888888888,3.1,299.0,2020-09-24 17:56:48,围网
10087,29.64275,123.74700000000001,2.9,291.0,2020-09-24 18:06:48,围网
10087,29.64011111111111,123.74786111111112,1.0,152.0,2020-09-24 18:16:48,围网
10087,29.63719444444445,123.74888888888887,3.2,129.0,2020-09-24 18:27:09,围网
10087,29.629444444444445,123.75275,3.8,160.0,2020-09-24 18:36:48,围网
10087,29.62441666666667,123.75694444444444,2.8,120.0,2020-09-24 18:46:48,围网
10087,29.62011111111111,123.76133333333333,2.6,149.0,2020-09-24 18:56:48,围网
10087,29.615861111111112,123.76586111111112,2.1,138.0,2020-09-24 19:06:49,围网
10087,29.611694444444453,123.77,2.2,129.0,2020-09-24 19:16:48,围网
10087,29.607111111111113,123.77427777777777,1.7,141.0,2020-09-24 19:27:09,围网
10087,29.60294444444445,123.77830555555555,2.2,157.0,2020-09-24 19:36:48,围网
10087,29.59858333333333,123.78216666666668,1.7,93.0,2020-09-24 19:46:48,围网
10087,29.59408333333333,123.786,2.3,126.0,2020-09-24 19:56:48,围网
10087,29.589666666666666,123.78980555555556,2.3,140.0,2020-09-24 20:06:48,围网
10087,29.585305555555554,123.79369444444444,1.6,129.0,2020-09-24 20:16:48,围网
10087,29.581055555555558,123.79769444444445,2.1,154.0,2020-09-24 20:26:47,围网
10087,29.576888888888888,123.80138888888888,1.9,146.0,2020-09-24 20:36:47,围网
10087,29.572777777777766,123.80494444444444,1.9,127.0,2020-09-24 20:46:47,围网
10087,29.568416666666664,123.80830555555555,1.7,146.0,2020-09-24 20:56:47,围网
10087,29.563388888888888,123.81069444444445,1.8,147.0,2020-09-24 21:06:47,围网
10087,29.558694444444445,123.81347222222222,2.1,162.0,2020-09-24 21:16:47,围网
10087,29.55225,123.81136111111107,2.2,178.0,2020-09-24 21:26:47,围网
10087,29.546527777777786,123.80941666666666,2.7,178.0,2020-09-24 21:36:47,围网
10087,29.54111111111111,123.8077222222222,2.2,193.0,2020-09-24 21:46:47,围网
10087,29.53580555555556,123.80563888888894,1.7,188.0,2020-09-24 21:56:47,围网
10087,29.53061111111111,123.80352777777777,1.7,180.0,2020-09-24 22:07:08,围网
10087,29.52594444444444,123.80161111111107,2.3,205.0,2020-09-24 22:16:47,围网
10087,29.521305555555557,123.79980555555555,2.8,175.0,2020-09-24 22:26:47,围网
10087,29.517027777777766,123.79725,2.5,201.0,2020-09-24 22:36:46,围网
10087,29.512888888888888,123.79430555555555,1.9,228.0,2020-09-24 22:46:47,围网
10087,29.50869444444445,123.79152777777777,2.1,220.0,2020-09-24 22:56:47,围网
10087,29.504527777777767,123.78855555555555,2.0,201.0,2020-09-24 23:06:47,围网
10087,29.50030555555556,123.78566666666666,2.8,213.0,2020-09-24 23:16:47,围网
10087,29.495916666666666,123.78291666666668,1.1,0.0,2020-09-24 23:26:47,围网
10087,29.49169444444445,123.78022222222219,1.5,244.0,2020-09-24 23:36:47,围网
10087,29.48788888888889,123.77788888888887,0.5,0.0,2020-09-24 23:46:47,围网
10087,29.490388888888887,123.77902777777777,0.9,0.0,2020-09-24 23:56:47,围网
10087,29.490805555555557,123.7789722222222,1.4,243.0,2020-09-25 00:06:47,围网
10087,29.488861111111113,123.77655555555555,1.1,275.0,2020-09-25 00:16:47,围网
10087,29.48683333333333,123.774,2.5,243.0,2020-09-25 00:26:47,围网
10087,29.485527777777786,123.78716666666666,7.5,86.0,2020-09-25 00:36:47,围网
10087,29.487444444444453,123.81130555555555,8.7,83.0,2020-09-25 00:46:47,围网
10087,29.48941666666667,123.83519444444444,7.7,88.0,2020-09-25 00:56:47,围网
10087,29.49133333333333,123.85958333333332,7.9,86.0,2020-09-25 01:06:46,围网
10087,29.493055555555557,123.88433333333334,7.7,97.0,2020-09-25 01:16:46,围网
10087,29.494861111111113,123.90933333333336,7.7,74.0,2020-09-25 01:26:49,围网
10087,29.49519444444445,123.93583333333332,7.7,75.0,2020-09-25 01:37:27,围网
10087,29.49525,123.95952777777778,7.9,86.0,2020-09-25 01:46:46,围网
10087,29.495361111111112,123.98511111111112,8.2,94.0,2020-09-25 01:56:46,围网
10087,29.49533333333333,124.01030555555555,7.9,82.0,2020-09-25 02:06:46,围网
10087,29.495222222222232,124.03572222222222,7.3,100.0,2020-09-25 02:16:46,围网
10087,29.494861111111113,124.08725,9.1,94.0,2020-09-25 02:36:46,围网
10087,29.49463888888889,124.11269444444444,7.8,92.0,2020-09-25 02:46:46,围网
10087,29.494722222222233,124.13869444444444,8.3,79.0,2020-09-25 02:56:46,围网
10087,29.49447222222223,124.1655,8.4,88.0,2020-09-25 03:06:46,围网
10087,29.494555555555557,124.1917777777778,9.6,101.0,2020-09-25 03:16:46,围网
10087,29.49430555555556,124.21819444444445,8.2,103.0,2020-09-25 03:26:46,围网
10087,29.49447222222223,124.24458333333332,8.4,96.0,2020-09-25 03:36:46,围网
10087,29.49444444444445,124.27111111111113,9.3,94.0,2020-09-25 03:46:46,围网
10087,29.492638888888887,124.29761111111112,9.1,86.0,2020-09-25 03:56:46,围网
10087,29.49233333333333,124.3249722222222,7.1,95.0,2020-09-25 04:07:08,围网
10087,29.492305555555557,124.35075,8.4,93.0,2020-09-25 04:16:46,围网
10087,29.494138888888887,124.3665,0.6,28.0,2020-09-25 04:26:46,围网
10087,29.48783333333333,124.36869444444444,4.3,156.0,2020-09-25 04:36:46,围网
10087,29.48269444444445,124.37230555555556,2.0,127.0,2020-09-25 04:46:46,围网
10087,29.47855555555555,124.37522222222222,1.5,155.0,2020-09-25 04:56:46,围网
10087,29.474777777777767,124.37888888888888,3.1,162.0,2020-09-25 05:06:46,围网
10087,29.47130555555556,124.38255555555556,1.6,157.0,2020-09-25 05:16:46,围网
10087,29.468055555555555,124.3862777777778,2.3,155.0,2020-09-25 05:26:45,围网
10087,29.46463888888889,124.38983333333334,3.2,93.0,2020-09-25 05:36:45,围网
10087,29.461277777777767,124.39363888888887,3.0,92.0,2020-09-25 05:46:45,围网
10087,29.45786111111111,124.39736111111112,3.1,176.0,2020-09-25 05:56:45,围网
10087,29.45427777777777,124.40102777777778,2.0,152.0,2020-09-25 06:06:45,围网
10087,29.45047222222223,124.40466666666669,2.1,159.0,2020-09-25 06:16:45,围网
10087,29.446444444444445,124.408,2.3,157.0,2020-09-25 06:26:45,围网
10087,29.442222222222235,124.41094444444445,2.5,162.0,2020-09-25 06:36:45,围网
10087,29.437555555555555,124.41319444444444,1.4,171.0,2020-09-25 06:46:45,围网
10087,29.432944444444445,124.41516666666668,2.4,172.0,2020-09-25 06:56:47,围网
10087,29.42811111111111,124.4170277777778,4.2,22.0,2020-09-25 07:06:47,围网
10087,29.42319444444445,124.41872222222223,1.4,0.0,2020-09-25 07:16:55,围网
10087,29.41844444444445,124.42027777777778,1.6,0.0,2020-09-25 07:26:45,围网
10087,29.41358333333333,124.42205555555556,0.4,0.0,2020-09-25 07:36:45,围网
10087,29.408638888888888,124.42405555555555,3.1,117.0,2020-09-25 07:47:09,围网
10087,29.40408333333333,124.42616666666667,3.5,182.0,2020-09-25 07:56:45,围网
10087,29.3995,124.4285277777778,2.6,122.0,2020-09-25 08:06:45,围网
10087,29.395027777777766,124.43105555555556,2.7,120.0,2020-09-25 08:16:45,围网
10087,29.390777777777767,124.43380555555555,2.9,128.0,2020-09-25 08:26:46,围网
10087,29.38666666666667,124.43658333333336,2.1,151.0,2020-09-25 08:36:45,围网
10087,29.38269444444445,124.4394722222222,2.9,130.0,2020-09-25 08:46:45,围网
10087,29.377944444444445,124.44127777777778,2.0,135.0,2020-09-25 08:57:09,围网
10087,29.37338888888889,124.4422777777778,1.6,129.0,2020-09-25 09:06:45,围网
10087,29.368527777777786,124.44316666666668,1.8,155.0,2020-09-25 09:16:45,围网
10087,29.363611111111112,124.44394444444444,2.4,177.0,2020-09-25 09:26:45,围网
10087,29.363194444444453,124.44283333333334,1.0,313.0,2020-09-25 09:36:45,围网
10087,29.36516666666667,124.44152777777781,3.3,213.0,2020-09-25 09:46:45,围网
10087,29.36261111111111,124.44033333333334,0.3,0.0,2020-09-25 09:56:44,围网
10087,29.35969444444445,124.43819444444445,2.0,201.0,2020-09-25 10:07:09,围网
10087,29.35919444444445,124.43566666666666,4.8,353.0,2020-09-25 10:16:44,围网
10087,29.366555555555557,124.43458333333334,1.0,335.0,2020-09-25 10:26:44,围网
10087,29.37019444444445,124.43297222222223,1.2,351.0,2020-09-25 10:36:44,围网
10087,29.373916666666666,124.43163888888887,1.8,339.0,2020-09-25 10:46:44,围网
10087,29.377388888888888,124.42980555555555,1.2,15.0,2020-09-25 10:56:44,围网
10087,29.379972222222232,124.42791666666666,3.0,283.0,2020-09-25 11:06:44,围网
10087,29.38369444444445,124.42383333333332,2.9,284.0,2020-09-25 11:16:44,围网
10087,29.386,124.41863888888888,0.8,314.0,2020-09-25 11:26:44,围网
10087,29.389194444444442,124.41502777777778,1.6,348.0,2020-09-25 11:36:44,围网
10087,29.39283333333333,124.41161111111113,2.8,315.0,2020-09-25 11:46:44,围网
10087,29.39688888888889,124.40916666666668,1.6,338.0,2020-09-25 11:56:44,围网
10087,29.401,124.40680555555555,1.2,330.0,2020-09-25 12:07:09,围网
10087,29.40466666666667,124.40475,1.8,323.0,2020-09-25 12:16:44,围网
10087,29.408555555555555,124.40222222222219,1.8,340.0,2020-09-25 12:26:44,围网
10087,29.41244444444445,124.39936111111112,1.5,318.0,2020-09-25 12:36:44,围网
10087,29.41633333333333,124.39658333333334,1.7,328.0,2020-09-25 12:46:44,围网
10087,29.420305555555558,124.39344444444444,2.1,302.0,2020-09-25 12:56:44,围网
10087,29.424222222222234,124.39044444444444,1.7,14.0,2020-09-25 13:06:44,围网
10087,29.42825,124.38761111111113,1.7,332.0,2020-09-25 13:16:44,围网
10087,29.432527777777786,124.38444444444444,1.9,310.0,2020-09-25 13:27:31,围网
10087,29.436277777777768,124.38169444444445,2.4,313.0,2020-09-25 13:36:44,围网
10087,29.440416666666664,124.37975,1.2,348.0,2020-09-25 13:46:44,围网
10087,29.444555555555556,124.37763888888887,2.2,2.0,2020-09-25 13:56:44,围网
10087,29.448583333333332,124.37580555555556,2.0,335.0,2020-09-25 14:06:44,围网
10087,29.45277777777777,124.37355555555555,1.1,301.0,2020-09-25 14:16:44,围网
10087,29.45683333333333,124.37133333333333,1.9,336.0,2020-09-25 14:26:44,围网
10087,29.46075,124.36922222222222,2.0,310.0,2020-09-25 14:36:43,围网
10087,29.46469444444445,124.36708333333333,1.8,314.0,2020-09-25 14:46:43,围网
10087,29.468805555555555,124.36511111111106,1.8,331.0,2020-09-25 14:56:43,围网
10087,29.470027777777766,124.36475,2.9,150.0,2020-09-25 15:06:43,围网
10087,29.46763888888889,124.3647222222222,0.3,0.0,2020-09-25 15:16:43,围网
10087,29.467361111111106,124.36377777777778,1.1,217.0,2020-09-25 15:26:43,围网
10087,29.46622222222221,124.36263888888887,0.9,176.0,2020-09-25 15:36:43,围网
10087,29.465,124.36141666666666,0.9,176.0,2020-09-25 15:46:43,围网
10087,29.470805555555554,124.367,1.7,39.0,2020-09-25 15:56:43,围网
10087,29.47122222222222,124.37299999999999,2.1,108.0,2020-09-25 16:07:08,围网
10087,29.46938888888889,124.3779722222222,2.5,92.0,2020-09-25 16:16:44,围网
10087,29.46641666666667,124.38236111111107,2.6,101.0,2020-09-25 16:26:43,围网
10087,29.46158333333333,124.3852777777778,1.6,163.0,2020-09-25 16:37:09,围网
10087,29.456916666666668,124.38647222222224,1.4,173.0,2020-09-25 16:46:43,围网
10087,29.45241666666667,124.38813888888893,2.6,162.0,2020-09-25 16:56:43,围网
10087,29.447861111111113,124.3894722222222,2.5,135.0,2020-09-25 17:06:43,围网
10087,29.443166666666666,124.3907777777778,1.6,188.0,2020-09-25 17:16:43,围网
10087,29.43861111111111,124.39136111111112,1.8,187.0,2020-09-25 17:26:43,围网
10087,29.43419444444445,124.39213888888894,2.1,142.0,2020-09-25 17:36:43,围网
10087,29.429805555555557,124.39394444444444,2.0,139.0,2020-09-25 17:46:43,围网
10087,29.42552777777778,124.39580555555555,1.7,122.0,2020-09-25 17:56:43,围网
10087,29.421111111111113,124.39788888888893,2.1,175.0,2020-09-25 18:06:43,围网
10087,29.416694444444445,124.39983333333332,2.9,197.0,2020-09-25 18:16:43,围网
10087,29.41225,124.40180555555555,1.3,161.0,2020-09-25 18:26:43,围网
10087,29.407694444444445,124.40397222222224,2.0,162.0,2020-09-25 18:36:43,围网
10087,29.40288888888889,124.40602777777778,1.6,164.0,2020-09-25 18:46:43,围网
10087,29.39808333333333,124.40794444444445,1.5,137.0,2020-09-25 18:56:43,围网
10087,29.39338888888889,124.4097777777778,4.1,122.0,2020-09-25 19:06:43,围网
10087,29.388666666666666,124.41166666666668,2.5,137.0,2020-09-25 19:16:42,围网
10087,29.38375,124.41361111111112,2.3,139.0,2020-09-25 19:27:09,围网
10087,29.379222222222207,124.41533333333336,1.8,139.0,2020-09-25 19:36:42,围网
10087,29.37444444444445,124.41727777777778,1.4,138.0,2020-09-25 19:46:42,围网
10087,29.36938888888889,124.41788888888892,2.2,188.0,2020-09-25 19:56:42,围网
10087,29.36441666666667,124.41813888888888,2.0,209.0,2020-09-25 20:06:42,围网
10087,29.359527777777767,124.41813888888888,2.0,168.0,2020-09-25 20:16:42,围网
10087,29.35461111111111,124.41908333333332,2.6,128.0,2020-09-25 20:26:42,围网
10087,29.34975,124.42055555555555,1.8,165.0,2020-09-25 20:36:42,围网
10087,29.34497222222221,124.42230555555555,1.7,136.0,2020-09-25 20:46:42,围网
10087,29.34033333333333,124.42419444444445,2.2,150.0,2020-09-25 20:56:42,围网
10087,29.335916666666666,124.42572222222223,1.6,167.0,2020-09-25 21:06:42,围网
10087,29.331083333333336,124.42494444444445,1.1,167.0,2020-09-25 21:16:42,围网
10087,29.326694444444453,124.42422222222223,1.2,177.0,2020-09-25 21:26:42,围网
10087,29.329694444444453,124.4247777777778,2.2,4.0,2020-09-25 21:36:42,围网
10087,29.330861111111112,124.42608333333334,4.1,187.0,2020-09-25 21:56:42,围网
10087,29.32847222222221,124.42402777777778,0.5,0.0,2020-09-25 22:07:08,围网
10087,29.326638888888887,124.42280555555556,0.3,0.0,2020-09-25 22:16:43,围网
10087,29.331722222222233,124.42311111111113,5.4,13.0,2020-09-25 22:26:43,围网
10087,29.337111111111113,124.42222222222223,2.2,323.0,2020-09-25 22:37:09,围网
10087,29.34083333333333,124.41919444444444,1.6,343.0,2020-09-25 22:46:42,围网
10087,29.344472222222233,124.41605555555556,2.0,307.0,2020-09-25 22:56:42,围网
10087,29.348166666666664,124.41305555555556,1.9,332.0,2020-09-25 23:06:42,围网
10087,29.351111111111113,124.4085277777778,1.8,303.0,2020-09-25 23:16:42,围网
10087,29.3535,124.40336111111112,1.3,309.0,2020-09-25 23:26:42,围网
10087,29.3565,124.39894444444445,2.1,315.0,2020-09-25 23:36:42,围网
10087,29.359805555555557,124.39472222222223,2.7,280.0,2020-09-25 23:46:42,围网
10087,29.363138888888887,124.39044444444444,1.8,314.0,2020-09-25 23:56:41,围网
10087,29.366555555555557,124.38616666666668,1.1,313.0,2020-09-26 00:06:41,围网
10087,29.40138888888889,124.34111111111108,1.7,316.0,2020-09-26 01:46:41,围网
10087,29.40511111111111,124.33641666666666,1.8,320.0,2020-09-26 01:56:41,围网
10087,29.40888888888889,124.33172222222224,2.3,303.0,2020-09-26 02:06:40,围网
10087,29.41261111111111,124.3269722222222,2.0,330.0,2020-09-26 02:16:41,围网
10087,29.41644444444445,124.32233333333332,1.9,317.0,2020-09-26 02:26:41,围网
10087,29.42013888888889,124.31763888888888,2.4,290.0,2020-09-26 02:36:41,围网
10087,29.42388888888889,124.31291666666664,3.2,282.0,2020-09-26 02:46:41,围网
10087,29.42769444444445,124.30819444444445,2.2,323.0,2020-09-26 02:56:41,围网
10087,29.43141666666667,124.30352777777777,2.0,317.0,2020-09-26 03:06:41,围网
10087,29.435111111111112,124.29891666666666,2.1,313.0,2020-09-26 03:16:41,围网
10087,29.438777777777766,124.29422222222223,1.9,309.0,2020-09-26 03:26:41,围网
10087,29.4425,124.28969444444445,2.1,314.0,2020-09-26 03:36:41,围网
10087,29.446055555555557,124.28502777777777,1.9,321.0,2020-09-26 03:46:41,围网
10087,29.44597222222221,124.28736111111112,2.3,132.0,2020-09-26 03:56:41,围网
10087,29.446805555555553,124.28930555555556,3.6,100.0,2020-09-26 04:07:08,围网
10087,29.44583333333333,124.28905555555555,1.0,193.0,2020-09-26 04:16:40,围网
10087,29.44525,124.2877777777778,0.8,248.0,2020-09-26 04:26:40,围网
10087,29.44491666666667,124.28616666666667,3.4,245.0,2020-09-26 04:36:40,围网
10087,29.450777777777766,124.26108333333332,8.5,281.0,2020-09-26 04:46:40,围网
10087,29.455111111111112,124.23441666666666,8.6,272.0,2020-09-26 04:56:40,围网
10087,29.46072222222222,124.20788888888887,9.2,283.0,2020-09-26 05:06:40,围网
10087,29.46763888888889,124.18188888888888,8.7,283.0,2020-09-26 05:16:40,围网
10087,29.475055555555553,124.15594444444444,8.5,292.0,2020-09-26 05:26:40,围网
10087,29.48577777777778,124.13177777777777,8.3,312.0,2020-09-26 05:36:40,围网
10087,29.498,124.10897222222222,8.2,290.0,2020-09-26 05:46:40,围网
10087,29.50986111111111,124.08638888888888,8.5,298.0,2020-09-26 05:56:40,围网
10087,29.521777777777768,124.06361111111113,7.9,301.0,2020-09-26 06:06:40,围网
10087,29.53380555555556,124.04111111111106,8.1,307.0,2020-09-26 06:16:40,围网
10087,29.545666666666666,124.01897222222222,7.8,302.0,2020-09-26 06:26:40,围网
10087,29.55725,123.99677777777778,8.2,300.0,2020-09-26 06:36:40,围网
10087,29.56891666666667,123.97444444444444,7.6,305.0,2020-09-26 06:46:40,围网
10087,29.581194444444442,123.95055555555555,8.1,301.0,2020-09-26 06:57:09,围网
10087,29.592555555555553,123.92927777777778,8.2,301.0,2020-09-26 07:06:40,围网
10087,29.604555555555557,123.90680555555555,8.7,294.0,2020-09-26 07:16:40,围网
10087,29.61708333333333,123.88483333333332,7.7,305.0,2020-09-26 07:26:40,围网
10087,29.629722222222235,123.8659722222222,2.2,322.0,2020-09-26 07:36:40,围网
10087,29.624,123.8634722222222,4.9,205.0,2020-09-26 07:46:40,围网
10087,29.618222222222233,123.86105555555555,2.1,204.0,2020-09-26 07:56:40,围网
10087,29.613416666666666,123.85919444444444,2.1,188.0,2020-09-26 08:06:40,围网
10087,29.60880555555556,123.85766666666666,2.1,175.0,2020-09-26 08:16:40,围网
10087,29.604222222222226,123.85619444444444,1.8,201.0,2020-09-26 08:26:40,围网
10087,29.59938888888889,123.85519444444445,1.7,193.0,2020-09-26 08:36:39,围网
10087,29.594305555555554,123.85458333333332,2.0,179.0,2020-09-26 08:46:39,围网
10087,29.589166666666664,123.85444444444445,2.3,205.0,2020-09-26 08:56:39,围网
10087,29.584027777777766,123.8547222222222,2.1,196.0,2020-09-26 09:06:39,围网
10087,29.57922222222221,123.85313888888888,1.9,186.0,2020-09-26 09:16:39,围网
10087,29.57569444444445,123.84877777777778,1.8,240.0,2020-09-26 09:26:39,围网
10087,29.57311111111111,123.84402777777777,2.2,218.0,2020-09-26 09:36:40,围网
10087,29.570777777777767,123.83919444444444,3.3,0.0,2020-09-26 09:46:43,围网
10087,29.56875,123.83433333333332,1.7,229.0,2020-09-26 09:56:39,围网
10087,29.567055555555555,123.82913888888888,1.8,263.0,2020-09-26 10:07:08,围网
10087,29.564722222222233,123.82472222222222,1.8,224.0,2020-09-26 10:16:39,围网
10087,29.561527777777766,123.82041666666666,1.6,216.0,2020-09-26 10:26:39,围网
10087,29.557972222222233,123.8162222222222,1.0,222.0,2020-09-26 10:36:39,围网
10087,29.55638888888889,123.81041666666664,2.5,247.0,2020-09-26 10:46:39,围网
10087,29.55563888888889,123.80416666666666,1.7,268.0,2020-09-26 10:56:39,围网
10087,29.555166666666665,123.79808333333332,1.8,276.0,2020-09-26 11:06:39,围网
10087,29.55413888888889,123.786,2.6,249.0,2020-09-26 11:26:39,围网
10087,29.554222222222233,123.78019444444445,1.7,292.0,2020-09-26 11:36:39,围网
10087,29.55597222222222,123.77483333333332,1.3,317.0,2020-09-26 11:46:39,围网
10087,29.55808333333333,123.76986111111113,2.0,308.0,2020-09-26 11:56:39,围网
10087,29.56213888888889,123.75983333333332,1.5,321.0,2020-09-26 12:16:39,围网
10087,29.564083333333336,123.75480555555555,1.4,0.0,2020-09-26 12:26:39,围网
10087,29.56369444444445,123.75411111111113,2.1,112.0,2020-09-26 12:36:39,围网
10087,29.56186111111111,123.75625,1.3,140.0,2020-09-26 12:46:39,围网
10087,29.56044444444445,123.75422222222224,0.5,0.0,2020-09-26 12:56:39,围网
10087,29.558194444444442,123.75166666666668,1.9,0.0,2020-09-26 13:06:41,围网
10087,29.55863888888889,123.74758333333334,6.0,328.0,2020-09-26 13:16:38,围网
10087,29.56511111111111,123.74072222222223,0.7,0.0,2020-09-26 13:26:38,围网
10087,29.56900000000001,123.73772222222222,1.5,0.0,2020-09-26 13:36:38,围网
10087,29.572972222222226,123.73486111111107,1.0,0.0,2020-09-26 13:46:38,围网
10087,29.57697222222221,123.73222222222222,1.5,0.0,2020-09-26 13:56:39,围网
10087,29.58102777777778,123.72938888888888,2.1,329.0,2020-09-26 14:07:08,围网
10087,29.585027777777768,123.7282777777778,1.5,334.0,2020-09-26 14:16:38,围网
10087,29.589111111111112,123.72675,1.6,0.0,2020-09-26 14:26:41,围网
10087,29.592805555555554,123.72280555555555,1.5,356.0,2020-09-26 14:36:38,围网
10087,29.597527777777767,123.72230555555555,1.7,0.0,2020-09-26 14:46:43,围网
10087,29.60225,123.72219444444444,1.6,0.0,2020-09-26 14:56:38,围网
10087,29.60694444444445,123.72152777777778,1.6,348.0,2020-09-26 15:06:38,围网
10087,29.61069444444445,123.72058333333334,1.3,0.0,2020-09-26 15:16:38,围网
10087,29.606805555555557,123.72075,2.0,160.0,2020-09-26 15:27:09,围网
10087,29.60447222222223,123.72116666666668,1.1,274.0,2020-09-26 15:36:38,围网
10087,29.603361111111113,123.71722222222222,2.2,357.0,2020-09-26 15:46:38,围网
10087,29.610388888888888,123.72363888888887,3.2,12.0,2020-09-26 15:56:38,围网
10087,29.61591666666667,123.72080555555556,2.9,313.0,2020-09-26 16:06:38,围网
10087,29.619944444444453,123.71536111111112,1.8,318.0,2020-09-26 16:16:38,围网
10087,29.62275,123.70986111111112,2.0,293.0,2020-09-26 16:26:38,围网
10087,29.624527777777786,123.70380555555555,1.9,297.0,2020-09-26 16:36:38,围网
10087,29.62688888888889,123.69861111111112,1.9,314.0,2020-09-26 16:46:38,围网
10087,29.62908333333333,123.69347222222223,1.7,281.0,2020-09-26 16:56:38,围网
10087,29.631555555555554,123.68847222222222,1.5,308.0,2020-09-26 17:06:38,围网
10087,29.63516666666667,123.68455555555555,1.8,300.0,2020-09-26 17:16:38,围网
10087,29.63811111111111,123.68030555555555,1.8,354.0,2020-09-26 17:26:38,围网
10087,29.64388888888889,123.68138888888888,2.8,26.0,2020-09-26 17:36:38,围网
10087,29.649,123.68516666666667,2.2,52.0,2020-09-26 17:46:37,围网
10087,29.65275,123.69011111111112,2.3,60.0,2020-09-26 17:56:37,围网
10087,29.656111111111112,123.69536111111113,2.2,64.0,2020-09-26 18:07:08,围网
10087,29.65888888888889,123.7002777777778,1.5,42.0,2020-09-26 18:16:37,围网
10087,29.66186111111111,123.70516666666668,2.1,58.0,2020-09-26 18:26:37,围网
10087,29.659416666666665,123.71163888888887,3.4,97.0,2020-09-26 18:36:37,围网
