渔船ID,lat,lon,速度,方向,time,type
10297,29.94008333333333,122.28866666666669,0.0,0.0,2020-02-17 17:49:22,刺网
10297,29.93936111111111,122.28891666666668,0.5,165.0,2020-02-17 17:59:22,刺网
10297,29.939694444444445,122.28872222222222,0.8,0.0,2020-02-17 18:09:22,刺网
10297,29.94,122.28872222222222,0.0,0.0,2020-02-17 18:19:22,刺网
10297,29.940027777777786,122.28869444444445,0.0,0.0,2020-02-17 18:29:22,刺网
10297,29.93983333333333,122.28863888888887,0.1,0.0,2020-02-17 18:39:22,刺网
10297,29.939972222222234,122.28869444444445,0.1,0.0,2020-02-17 18:49:22,刺网
10297,29.939972222222234,122.28872222222222,0.0,0.0,2020-02-17 18:59:22,刺网
10297,29.93983333333333,122.28869444444445,0.0,0.0,2020-02-17 19:09:22,刺网
10297,29.94005555555556,122.28863888888887,0.1,0.0,2020-02-17 19:19:22,刺网
10297,29.94,122.28866666666669,0.0,0.0,2020-02-17 19:29:22,刺网
10297,29.94,122.28866666666669,0.0,0.0,2020-02-17 19:39:22,刺网
10297,29.94,122.28863888888887,0.0,0.0,2020-02-17 19:49:22,刺网
10297,29.940027777777786,122.28861111111112,0.1,0.0,2020-02-17 19:59:22,刺网
10297,29.94005555555556,122.28861111111112,0.0,0.0,2020-02-17 20:09:22,刺网
10297,29.94,122.28869444444445,0.0,0.0,2020-02-17 20:19:22,刺网
10297,29.93963888888889,122.28891666666668,0.0,0.0,2020-02-17 20:29:22,刺网
10297,29.93994444444445,122.28869444444445,0.0,0.0,2020-02-17 20:39:22,刺网
10297,29.93994444444445,122.28872222222222,0.0,0.0,2020-02-17 20:49:22,刺网
10297,29.93994444444445,122.28869444444445,0.0,0.0,2020-02-17 20:59:22,刺网
10297,29.93994444444445,122.28866666666669,0.0,0.0,2020-02-17 21:09:22,刺网
10297,29.93994444444445,122.28869444444445,0.0,0.0,2020-02-17 21:19:22,刺网
10297,29.93994444444445,122.28869444444445,0.1,0.0,2020-02-17 21:29:22,刺网
10297,29.94080555555556,122.28816666666668,0.1,0.0,2020-02-17 21:39:22,刺网
10297,29.94,122.28869444444445,0.0,0.0,2020-02-17 21:49:22,刺网
10297,29.94,122.28866666666669,0.0,0.0,2020-02-17 21:59:22,刺网
10297,29.93991666666667,122.28863888888887,0.0,0.0,2020-02-17 22:09:22,刺网
10297,29.940027777777786,122.28863888888887,0.0,0.0,2020-02-17 22:19:22,刺网
10297,29.93983333333333,122.28866666666669,0.1,0.0,2020-02-17 22:29:22,刺网
10297,29.93983333333333,122.28866666666669,0.0,0.0,2020-02-17 22:39:22,刺网
10297,29.93991666666667,122.28869444444445,0.0,0.0,2020-02-17 22:49:21,刺网
10297,29.93994444444445,122.28866666666669,0.0,0.0,2020-02-17 22:59:22,刺网
10297,29.939972222222234,122.28869444444445,0.0,0.0,2020-02-17 23:09:22,刺网
10297,29.940027777777786,122.28869444444445,0.0,0.0,2020-02-17 23:19:22,刺网
10297,29.93994444444445,122.28869444444445,0.0,0.0,2020-02-17 23:29:22,刺网
10297,29.93991666666667,122.28869444444445,0.2,0.0,2020-02-17 23:39:22,刺网
10297,29.94005555555556,122.28877777777778,0.1,0.0,2020-02-17 23:49:22,刺网
10297,29.94005555555556,122.28872222222222,0.2,0.0,2020-02-17 23:59:22,刺网
10297,29.939972222222234,122.28869444444445,0.2,0.0,2020-02-18 00:09:22,刺网
10297,29.93991666666667,122.28866666666669,0.1,0.0,2020-02-18 00:19:22,刺网
10297,29.939805555555555,122.28852777777777,0.0,0.0,2020-02-18 00:29:22,刺网
10297,29.94,122.28872222222222,0.0,0.0,2020-02-18 00:39:22,刺网
10297,29.94,122.28863888888887,0.0,0.0,2020-02-18 00:49:22,刺网
10297,29.94,122.28866666666669,0.0,0.0,2020-02-18 00:59:22,刺网
10297,29.939972222222234,122.28866666666669,0.0,0.0,2020-02-18 01:09:22,刺网
10297,29.93991666666667,122.28863888888887,0.0,0.0,2020-02-18 01:19:22,刺网
10297,29.93994444444445,122.28866666666669,0.1,0.0,2020-02-18 01:29:22,刺网
10297,29.93991666666667,122.28863888888887,0.0,0.0,2020-02-18 01:39:22,刺网
10297,29.93994444444445,122.28866666666669,0.0,0.0,2020-02-18 01:49:22,刺网
10297,29.93994444444445,122.28869444444445,0.0,0.0,2020-02-18 01:59:22,刺网
10297,29.939888888888888,122.28863888888887,0.0,0.0,2020-02-18 02:09:22,刺网
10297,29.94,122.28869444444445,0.0,0.0,2020-02-18 02:19:22,刺网
10297,29.93994444444445,122.28866666666669,0.0,0.0,2020-02-18 02:29:22,刺网
10297,29.940222222222232,122.28880555555556,0.4,0.0,2020-02-18 02:39:22,刺网
10297,29.94013888888889,122.28880555555556,0.1,0.0,2020-02-18 02:49:22,刺网
10297,29.93994444444445,122.28869444444445,0.0,0.0,2020-02-18 02:59:22,刺网
10297,29.93994444444445,122.28869444444445,0.0,0.0,2020-02-18 03:09:22,刺网
10297,29.93991666666667,122.28866666666669,0.0,0.0,2020-02-18 03:19:22,刺网
10297,29.939972222222234,122.28866666666669,0.1,0.0,2020-02-18 03:29:21,刺网
10297,29.93986111111111,122.28863888888887,0.0,0.0,2020-02-18 03:39:21,刺网
10297,29.939972222222234,122.28869444444445,0.0,0.0,2020-02-18 03:49:21,刺网
10297,29.93991666666667,122.28869444444445,0.0,0.0,2020-02-18 03:59:21,刺网
10297,29.94008333333333,122.28863888888887,0.0,0.0,2020-02-18 04:09:21,刺网
10297,29.94025,122.28855555555555,0.0,0.0,2020-02-18 04:19:22,刺网
10297,29.940361111111113,122.2885,0.2,0.0,2020-02-18 04:29:22,刺网
10297,29.939777777777767,122.28872222222222,0.2,0.0,2020-02-18 04:39:22,刺网
10297,29.94008333333333,122.28852777777777,0.3,0.0,2020-02-18 04:49:22,刺网
10297,29.93963888888889,122.28894444444445,0.3,0.0,2020-02-18 04:59:22,刺网
10297,29.93991666666667,122.28877777777778,0.1,0.0,2020-02-18 05:09:22,刺网
10297,29.93994444444445,122.28869444444445,0.0,0.0,2020-02-18 05:19:22,刺网
10297,29.93991666666667,122.28869444444445,0.0,0.0,2020-02-18 05:29:22,刺网
10297,29.939972222222234,122.28863888888887,0.0,0.0,2020-02-18 05:39:22,刺网
10297,29.94008333333333,122.28863888888887,0.0,0.0,2020-02-18 05:49:22,刺网
10297,29.93991666666667,122.28866666666669,0.0,0.0,2020-02-18 05:59:22,刺网
10297,29.939888888888888,122.28872222222222,0.1,0.0,2020-02-18 06:09:22,刺网
10297,29.93994444444445,122.28869444444445,0.0,0.0,2020-02-18 06:19:22,刺网
10297,29.940027777777786,122.28877777777778,0.0,0.0,2020-02-18 06:29:22,刺网
10297,29.93991666666667,122.28869444444445,0.1,0.0,2020-02-18 06:39:22,刺网
10297,29.94013888888889,122.28863888888887,15.9,354.0,2020-02-18 06:49:22,刺网
10297,29.94005555555556,122.28875,0.0,0.0,2020-02-18 06:59:22,刺网
10297,29.94005555555556,122.28866666666669,0.1,0.0,2020-02-18 07:19:22,刺网
10297,29.94005555555556,122.28869444444445,0.0,0.0,2020-02-18 07:29:22,刺网
10297,29.94008333333333,122.28872222222222,0.0,0.0,2020-02-18 07:39:22,刺网
10297,29.94008333333333,122.28869444444445,0.0,0.0,2020-02-18 07:49:22,刺网
10297,29.94005555555556,122.28866666666669,0.0,0.0,2020-02-18 07:59:22,刺网
10297,29.940027777777786,122.28866666666669,0.0,0.0,2020-02-18 08:09:22,刺网
10297,29.94,122.28869444444445,0.0,0.0,2020-02-18 08:19:22,刺网
10297,29.94008333333333,122.28744444444445,0.0,0.0,2020-02-18 08:29:22,刺网
10297,29.94011111111111,122.28747222222222,0.0,0.0,2020-02-18 08:39:21,刺网
10297,29.940166666666666,122.28744444444445,0.1,0.0,2020-02-18 08:49:21,刺网
10297,29.94005555555556,122.28738888888893,0.0,0.0,2020-02-18 08:59:21,刺网
10297,29.940222222222232,122.28758333333332,0.0,0.0,2020-02-18 09:09:21,刺网
10297,29.94019444444445,122.28741666666667,0.1,0.0,2020-02-18 09:19:21,刺网
10297,29.94011111111111,122.28738888888893,0.3,0.0,2020-02-18 09:29:21,刺网
10297,29.94019444444445,122.28741666666667,0.0,0.0,2020-02-18 09:39:21,刺网
10297,29.93858333333333,122.2735,0.5,0.0,2020-02-18 09:49:21,刺网
10297,29.93858333333333,122.2734722222222,0.0,0.0,2020-02-18 09:59:22,刺网
10297,29.93947222222221,122.27322222222223,5.7,28.0,2020-02-18 10:09:22,刺网
10297,29.943305555555558,122.29461111111112,7.9,80.0,2020-02-18 10:19:22,刺网
10297,29.943472222222233,122.31858333333332,7.3,47.0,2020-02-18 10:29:22,刺网
10297,29.96,122.33155555555555,7.0,37.0,2020-02-18 10:39:22,刺网
10297,29.967805555555554,122.3515,7.9,89.0,2020-02-18 10:49:22,刺网
10297,29.97319444444444,122.40969444444444,7.8,78.0,2020-02-18 11:09:22,刺网
10297,29.976805555555554,122.43419444444444,8.1,83.0,2020-02-18 11:19:22,刺网
10297,29.98344444444445,122.45733333333334,6.3,77.0,2020-02-18 11:29:22,刺网
10297,29.989777777777785,122.47961111111113,7.4,72.0,2020-02-18 11:39:22,刺网
10297,29.997055555555555,122.50558333333332,8.0,70.0,2020-02-18 11:49:22,刺网
10297,30.003916666666665,122.52788888888887,7.6,63.0,2020-02-18 11:59:22,刺网
10297,30.011722222222208,122.55125,7.7,68.0,2020-02-18 12:09:22,刺网
10297,30.020277777777785,122.57333333333332,7.1,65.0,2020-02-18 12:19:22,刺网
10297,30.02925,122.59344444444444,7.2,63.0,2020-02-18 12:29:22,刺网
10297,30.038638888888887,122.61355555555555,7.2,50.0,2020-02-18 12:39:22,刺网
10297,30.0485,122.63263888888888,6.4,48.0,2020-02-18 12:49:22,刺网
10297,30.05958333333333,122.65033333333336,6.8,50.0,2020-02-18 12:59:21,刺网
10297,30.07169444444445,122.66697222222223,6.5,41.0,2020-02-18 13:09:21,刺网
10297,30.08508333333333,122.68291666666669,6.8,41.0,2020-02-18 13:19:21,刺网
10297,30.09813888888889,122.69916666666668,6.7,42.0,2020-02-18 13:29:21,刺网
10297,30.11141666666667,122.71497222222222,7.0,45.0,2020-02-18 13:39:21,刺网
10297,30.125222222222234,122.73008333333334,6.7,50.0,2020-02-18 13:49:21,刺网
10297,30.140888888888888,122.74186111111112,6.4,42.0,2020-02-18 13:59:21,刺网
10297,30.15147222222221,122.75755555555556,6.3,61.0,2020-02-18 14:09:21,刺网
10297,30.159722222222207,122.77769444444445,7.4,68.0,2020-02-18 14:19:21,刺网
10297,30.16844444444445,122.79827777777777,7.1,61.0,2020-02-18 14:29:21,刺网
10297,30.177944444444453,122.81861111111112,6.5,57.0,2020-02-18 14:39:21,刺网
10297,30.18725,122.83927777777777,6.9,62.0,2020-02-18 14:49:22,刺网
10297,30.19655555555555,122.86077777777777,7.3,63.0,2020-02-18 14:59:22,刺网
10297,30.205666666666666,122.88275,8.0,66.0,2020-02-18 15:09:22,刺网
10297,30.21375,122.9055277777778,7.2,59.0,2020-02-18 15:19:22,刺网
10297,30.221555555555554,122.92877777777778,7.8,77.0,2020-02-18 15:29:22,刺网
10297,30.228805555555557,122.95322222222224,8.0,58.0,2020-02-18 15:39:22,刺网
10297,30.23644444444445,122.97666666666667,8.3,68.0,2020-02-18 15:49:22,刺网
10297,30.244111111111113,122.99925,7.8,47.0,2020-02-18 15:59:22,刺网
10297,30.256055555555548,123.02038888888887,7.3,70.0,2020-02-18 16:09:22,刺网
10297,30.26222222222221,123.04258333333334,8.1,68.0,2020-02-18 16:19:22,刺网
10297,30.26958333333333,123.0660277777778,7.7,72.0,2020-02-18 16:29:22,刺网
10297,30.27636111111111,123.08988888888894,8.1,75.0,2020-02-18 16:39:22,刺网
10297,30.28397222222221,123.11397222222222,8.0,73.0,2020-02-18 16:49:22,刺网
10297,30.29083333333333,123.13802777777778,8.2,72.0,2020-02-18 16:59:22,刺网
10297,30.29944444444445,123.16127777777778,8.1,65.0,2020-02-18 17:09:22,刺网
10297,30.296277777777767,123.18130555555555,7.0,128.0,2020-02-18 17:19:22,刺网
10297,30.301222222222233,123.20438888888887,8.1,59.0,2020-02-18 17:29:22,刺网
10297,30.30858333333333,123.22805555555556,8.2,68.0,2020-02-18 17:39:21,刺网
10297,30.315555555555555,123.25233333333333,7.5,76.0,2020-02-18 17:49:21,刺网
10297,30.32186111111111,123.27736111111106,8.6,54.0,2020-02-18 17:59:21,刺网
10297,30.32822222222222,123.30144444444444,7.2,69.0,2020-02-18 18:09:21,刺网
10297,30.335027777777768,123.32758333333334,8.6,68.0,2020-02-18 18:19:21,刺网
10297,30.340416666666666,123.35125,7.9,78.0,2020-02-18 18:29:21,刺网
10297,30.34644444444445,123.37633333333332,8.4,73.0,2020-02-18 18:39:21,刺网
10297,30.353,123.40119444444444,8.3,69.0,2020-02-18 18:49:21,刺网
10297,30.35886111111111,123.4265277777778,8.4,69.0,2020-02-18 18:59:21,刺网
10297,30.36588888888889,123.4514722222222,8.5,76.0,2020-02-18 19:09:21,刺网
10297,30.37275,123.47597222222224,8.2,68.0,2020-02-18 19:19:21,刺网
10297,30.380305555555548,123.50055555555555,8.4,71.0,2020-02-18 19:29:21,刺网
10297,30.387611111111113,123.52519444444445,8.9,76.0,2020-02-18 19:39:21,刺网
10297,30.39433333333333,123.55058333333332,8.3,71.0,2020-02-18 19:49:21,刺网
10297,30.40183333333333,123.57566666666666,8.4,69.0,2020-02-18 19:59:22,刺网
10297,30.40913888888889,123.60091666666666,8.3,70.0,2020-02-18 20:09:22,刺网
10297,30.41525,123.62663888888888,8.4,72.0,2020-02-18 20:19:22,刺网
10297,30.422722222222234,123.65408333333336,8.5,65.0,2020-02-18 20:29:22,刺网
10297,30.429277777777767,123.67816666666668,8.5,85.0,2020-02-18 20:39:22,刺网
10297,30.4355,123.70416666666668,8.7,80.0,2020-02-18 20:49:22,刺网
10297,30.44236111111111,123.73030555555556,8.3,79.0,2020-02-18 20:59:22,刺网
10297,30.44844444444445,123.75663888888887,9.0,71.0,2020-02-18 21:09:22,刺网
10297,30.45433333333333,123.78291666666668,8.7,83.0,2020-02-18 21:19:22,刺网
10297,30.460166666666666,123.80913888888887,8.6,71.0,2020-02-18 21:29:22,刺网
10297,30.46572222222222,123.83552777777777,8.6,65.0,2020-02-18 21:39:22,刺网
10297,30.47094444444444,123.86202777777777,8.5,81.0,2020-02-18 21:49:22,刺网
10297,30.47619444444444,123.88861111111113,8.8,83.0,2020-02-18 21:59:22,刺网
10297,30.48263888888889,123.91475,8.6,74.0,2020-02-18 22:09:22,刺网
10297,30.489027777777785,123.94088888888888,8.3,78.0,2020-02-18 22:19:21,刺网
10297,30.49458333333333,123.9675277777778,8.3,70.0,2020-02-18 22:29:21,刺网
10297,30.501166666666666,123.99486111111106,9.1,81.0,2020-02-18 22:39:21,刺网
10297,30.506777777777767,124.01888888888887,8.5,70.0,2020-02-18 22:49:21,刺网
10297,30.51325000000001,124.04441666666666,8.3,77.0,2020-02-18 22:59:21,刺网
10297,30.51919444444445,124.07013888888888,8.5,73.0,2020-02-18 23:09:21,刺网
10297,30.525361111111113,124.09555555555555,8.6,75.0,2020-02-18 23:19:21,刺网
10297,30.53172222222221,124.12077777777776,8.3,73.0,2020-02-18 23:29:21,刺网
10297,30.53836111111111,124.14580555555555,8.6,76.0,2020-02-18 23:39:21,刺网
10297,30.54569444444445,124.17025,7.9,77.0,2020-02-18 23:49:21,刺网
10297,30.552944444444442,124.19461111111113,8.0,72.0,2020-02-18 23:59:21,刺网
10297,30.56069444444445,124.21819444444445,8.2,76.0,2020-02-19 00:09:21,刺网
10297,30.56877777777777,124.24172222222224,8.0,72.0,2020-02-19 00:19:21,刺网
10297,30.57694444444445,124.26491666666666,7.7,60.0,2020-02-19 00:29:21,刺网
10297,30.58538888888889,124.28747222222222,7.8,68.0,2020-02-19 00:39:21,刺网
10297,30.594527777777767,124.31130555555555,7.3,63.0,2020-02-19 00:49:21,刺网
10297,30.60241666666667,124.33238888888887,7.6,68.0,2020-02-19 00:59:21,刺网
10297,30.611,124.3545277777778,7.2,57.0,2020-02-19 01:09:21,刺网
10297,30.618944444444452,124.37711111111106,7.7,64.0,2020-02-19 01:19:22,刺网
10297,30.62761111111111,124.39955555555555,7.1,66.0,2020-02-19 01:29:22,刺网
10297,30.635638888888888,124.42211111111112,7.5,71.0,2020-02-19 01:39:22,刺网
10297,30.64425,124.44441666666668,7.6,68.0,2020-02-19 01:49:22,刺网
10297,30.65269444444445,124.4665,6.6,74.0,2020-02-19 01:59:22,刺网
10297,30.66063888888889,124.48880555555556,6.5,57.0,2020-02-19 02:09:22,刺网
10297,30.669,124.51075,7.1,66.0,2020-02-19 02:19:22,刺网
10297,30.678027777777785,124.53325,7.9,68.0,2020-02-19 02:29:22,刺网
10297,30.68663888888889,124.5540277777778,6.8,61.0,2020-02-19 02:39:22,刺网
10297,30.695638888888887,124.57594444444445,7.3,54.0,2020-02-19 02:49:22,刺网
10297,30.704694444444453,124.59791666666666,7.3,59.0,2020-02-19 02:59:22,刺网
10297,30.71325,124.61752777777777,7.4,61.0,2020-02-19 03:09:21,刺网
10297,30.722305555555554,124.638,7.5,57.0,2020-02-19 03:19:21,刺网
10297,30.732,124.65875,7.3,55.0,2020-02-19 03:29:21,刺网
10297,30.74158333333333,124.67961111111113,7.6,60.0,2020-02-19 03:39:21,刺网
10297,30.750277777777786,124.70080555555555,7.3,64.0,2020-02-19 03:49:21,刺网
10297,30.75911111111111,124.72241666666667,7.3,61.0,2020-02-19 03:59:21,刺网
10297,30.769111111111112,124.74302777777777,7.6,38.0,2020-02-19 04:09:21,刺网
10297,30.783583333333336,124.76005555555555,7.4,47.0,2020-02-19 04:19:21,刺网
10297,30.793861111111113,124.78066666666666,7.9,61.0,2020-02-19 04:29:21,刺网
10297,30.80305555555556,124.80227777777776,7.7,60.0,2020-02-19 04:39:21,刺网
10297,30.812027777777786,124.82408333333332,7.6,60.0,2020-02-19 04:49:21,刺网
10297,30.82083333333333,124.8463611111111,7.9,62.0,2020-02-19 04:59:21,刺网
10297,30.830861111111112,124.86988888888894,7.7,60.0,2020-02-19 05:09:21,刺网
10297,30.839055555555554,124.89125,7.8,79.0,2020-02-19 05:19:21,刺网
10297,30.847527777777767,124.91413888888887,7.9,74.0,2020-02-19 05:29:21,刺网
10297,30.856305555555558,124.93705555555556,7.9,55.0,2020-02-19 05:39:21,刺网
10297,30.86558333333333,124.95991666666669,7.9,61.0,2020-02-19 05:49:21,刺网
10297,30.876583333333336,124.98172222222223,7.8,60.0,2020-02-19 05:59:21,刺网
10297,30.887472222222208,125.00397222222223,7.9,64.0,2020-02-19 06:09:21,刺网
10297,30.899277777777765,125.02619444444444,8.3,57.0,2020-02-19 06:19:21,刺网
10297,30.90147222222221,125.05086111111108,8.0,89.0,2020-02-19 06:29:21,刺网
10297,30.90136111111111,125.07619444444444,8.0,83.0,2020-02-19 06:39:21,刺网
10297,30.91161111111111,125.09866666666667,8.8,37.0,2020-02-19 06:49:22,刺网
10297,30.92725,125.1194722222222,8.7,53.0,2020-02-19 06:59:22,刺网
10297,30.942666666666664,125.14075,8.5,52.0,2020-02-19 07:09:22,刺网
10297,30.954611111111113,125.16697222222223,8.6,68.0,2020-02-19 07:19:22,刺网
10297,30.96038888888889,125.19213888888888,8.5,84.0,2020-02-19 07:29:22,刺网
10297,30.960472222222233,125.21986111111113,8.6,88.0,2020-02-19 07:39:22,刺网
10297,30.947722222222232,125.23144444444445,7.3,181.0,2020-02-19 07:49:22,刺网
10297,30.926972222222233,125.23161111111106,6.6,178.0,2020-02-19 07:59:21,刺网
10297,30.91258333333333,125.22772222222223,6.1,286.0,2020-02-19 08:09:21,刺网
10297,30.92825,125.22369444444445,6.4,1.0,2020-02-19 08:19:21,刺网
10297,30.93241666666667,125.21830555555556,1.0,219.0,2020-02-19 08:29:21,刺网
10297,30.931611111111113,125.21986111111113,1.3,124.0,2020-02-19 08:39:21,刺网
10297,30.931361111111112,125.22169444444445,1.2,113.0,2020-02-19 08:49:21,刺网
10297,30.93141666666667,125.22355555555555,0.9,0.0,2020-02-19 08:59:21,刺网
10297,30.931472222222233,125.22569444444444,0.9,239.0,2020-02-19 09:09:21,刺网
10297,30.931527777777767,125.22788888888887,1.1,19.0,2020-02-19 09:19:21,刺网
10297,30.931555555555555,125.22994444444444,0.6,96.0,2020-02-19 09:29:21,刺网
10297,30.931527777777767,125.23208333333334,0.9,97.0,2020-02-19 09:39:21,刺网
10297,30.93175,125.23469444444444,1.5,31.0,2020-02-19 09:49:21,刺网
10297,30.93202777777779,125.23744444444445,0.8,19.0,2020-02-19 09:59:21,刺网
10297,30.932,125.23955555555555,0.6,117.0,2020-02-19 10:09:21,刺网
10297,30.931527777777767,125.24194444444444,0.7,131.0,2020-02-19 10:19:21,刺网
10297,30.930861111111113,125.2444722222222,0.8,57.0,2020-02-19 10:29:21,刺网
10297,30.93033333333333,125.24652777777777,0.7,126.0,2020-02-19 10:39:21,刺网
10297,30.92975,125.24861111111113,0.5,109.0,2020-02-19 10:49:21,刺网
10297,30.9265,125.25091666666668,7.9,180.0,2020-02-19 10:59:21,刺网
10297,30.91827777777778,125.23941666666666,1.2,305.0,2020-02-19 11:09:21,刺网
10297,30.921055555555558,125.24041666666666,1.7,23.0,2020-02-19 11:19:21,刺网
10297,30.92475,125.24038888888887,1.9,316.0,2020-02-19 11:29:21,刺网
10297,30.92880555555556,125.2405,1.3,351.0,2020-02-19 11:39:22,刺网
10297,30.932472222222234,125.24069444444444,2.1,15.0,2020-02-19 11:49:22,刺网
10297,30.935666666666666,125.24005555555556,1.4,319.0,2020-02-19 11:59:22,刺网
10297,30.93891666666667,125.23975,1.8,19.0,2020-02-19 12:09:22,刺网
10297,30.9425,125.23980555555555,1.6,331.0,2020-02-19 12:19:22,刺网
10297,30.945555555555554,125.23963888888888,0.4,2.0,2020-02-19 12:29:21,刺网
10297,30.94836111111111,125.23955555555555,1.3,347.0,2020-02-19 12:39:21,刺网
10297,30.951472222222232,125.24111111111112,1.5,8.0,2020-02-19 12:49:21,刺网
10297,30.95433333333333,125.24041666666666,1.1,331.0,2020-02-19 12:59:21,刺网
10297,30.95652777777777,125.23819444444445,1.2,297.0,2020-02-19 13:09:21,刺网
10297,30.95125,125.25294444444445,9.3,108.0,2020-02-19 13:19:21,刺网
10297,30.934277777777766,125.2662777777778,8.2,176.0,2020-02-19 13:29:21,刺网
10297,30.91183333333333,125.2662777777778,7.2,177.0,2020-02-19 13:39:21,刺网
10297,30.891416666666665,125.2697777777778,6.7,87.0,2020-02-19 13:49:21,刺网
10297,30.89908333333333,125.28266666666669,4.3,99.0,2020-02-19 13:59:21,刺网
10297,30.898000000000003,125.28563888888887,1.5,175.0,2020-02-19 14:09:21,刺网
10297,30.89608333333333,125.28608333333332,1.7,188.0,2020-02-19 14:19:21,刺网
10297,30.894416666666668,125.28619444444445,0.5,199.0,2020-02-19 14:29:21,刺网
10297,30.89283333333333,125.28611111111113,1.4,120.0,2020-02-19 14:39:21,刺网
10297,30.891444444444442,125.2859722222222,0.6,190.0,2020-02-19 14:49:21,刺网
10297,30.890138888888888,125.28608333333332,1.5,193.0,2020-02-19 14:59:21,刺网
10297,30.889,125.2860277777778,0.3,0.0,2020-02-19 15:09:21,刺网
10297,30.888027777777786,125.28536111111113,1.0,177.0,2020-02-19 15:19:21,刺网
10297,30.886972222222226,125.28494444444445,0.8,57.0,2020-02-19 15:29:21,刺网
10297,30.885472222222226,125.28427777777777,1.2,247.0,2020-02-19 15:49:21,刺网
10297,30.885,125.28338888888894,1.6,219.0,2020-02-19 15:59:21,刺网
10297,30.884555555555554,125.283,0.8,247.0,2020-02-19 16:09:21,刺网
10297,30.884166666666665,125.2824722222222,0.1,0.0,2020-02-19 16:19:21,刺网
10297,30.88363888888889,125.28175,0.6,194.0,2020-02-19 16:29:21,刺网
10297,30.883111111111113,125.28097222222222,2.0,160.0,2020-02-19 16:39:22,刺网
10297,30.88658333333333,125.26425,9.2,304.0,2020-02-19 16:49:21,刺网
10297,30.894472222222234,125.25266666666668,2.2,295.0,2020-02-19 16:59:21,刺网
10297,30.89844444444445,125.25105555555555,2.2,340.0,2020-02-19 17:09:21,刺网
10297,30.903305555555555,125.25105555555555,1.8,352.0,2020-02-19 17:19:21,刺网
10297,30.90783333333333,125.2512777777778,1.4,9.0,2020-02-19 17:29:21,刺网
10297,30.911805555555553,125.25016666666669,1.8,344.0,2020-02-19 17:39:21,刺网
10297,30.91658333333333,125.25013888888887,1.7,343.0,2020-02-19 17:49:21,刺网
10297,30.92136111111111,125.25075,2.1,11.0,2020-02-19 17:59:21,刺网
10297,30.926305555555558,125.25008333333334,1.5,344.0,2020-02-19 18:09:21,刺网
10297,30.9305,125.24994444444445,2.3,343.0,2020-02-19 18:19:21,刺网
10297,30.935,125.24888888888887,1.6,346.0,2020-02-19 18:29:21,刺网
10297,30.93947222222221,125.24861111111113,0.6,29.0,2020-02-19 18:39:21,刺网
10297,30.94327777777778,125.25005555555555,1.6,46.0,2020-02-19 18:49:21,刺网
10297,30.943638888888888,125.25119444444445,4.8,177.0,2020-02-19 18:59:21,刺网
10297,30.92608333333333,125.26288888888888,7.9,156.0,2020-02-19 19:09:21,刺网
10297,30.905361111111112,125.27294444444445,7.8,187.0,2020-02-19 19:19:21,刺网
10297,30.883138888888887,125.27394444444445,9.2,174.0,2020-02-19 19:29:21,刺网
10297,30.857888888888887,125.27394444444445,5.8,173.0,2020-02-19 19:39:21,刺网
10297,30.86408333333333,125.264,6.7,348.0,2020-02-19 19:49:21,刺网
10297,30.86527777777778,125.26013888888887,0.2,0.0,2020-02-19 19:59:21,刺网
10297,30.86488888888889,125.26011111111113,0.6,114.0,2020-02-19 20:09:21,刺网
10297,30.86458333333333,125.26038888888887,0.5,97.0,2020-02-19 20:19:21,刺网
10297,30.86427777777779,125.26069444444445,1.4,256.0,2020-02-19 20:29:21,刺网
10297,30.864,125.26102777777778,0.5,144.0,2020-02-19 20:39:21,刺网
10297,30.86352777777779,125.26161111111112,0.4,99.0,2020-02-19 20:49:21,刺网
10297,30.86263888888889,125.26233333333332,0.6,100.0,2020-02-19 20:59:21,刺网
10297,30.861777777777768,125.26325,0.7,113.0,2020-02-19 21:09:21,刺网
10297,30.860972222222234,125.26436111111113,1.0,121.0,2020-02-19 21:19:20,刺网
10297,30.85991666666667,125.26558333333332,1.0,156.0,2020-02-19 21:29:20,刺网
10297,30.858694444444453,125.26700000000001,1.2,129.0,2020-02-19 21:39:20,刺网
10297,30.85741666666667,125.26880555555556,1.5,177.0,2020-02-19 21:49:21,刺网
10297,30.856055555555557,125.27063888888893,1.2,99.0,2020-02-19 21:59:21,刺网
10297,30.8545,125.27286111111113,1.3,159.0,2020-02-19 22:09:21,刺网
10297,30.85311111111111,125.27488888888894,1.0,115.0,2020-02-19 22:19:21,刺网
10297,30.85136111111111,125.27691666666666,1.1,113.0,2020-02-19 22:29:21,刺网
10297,30.84986111111111,125.27905555555556,1.4,151.0,2020-02-19 22:39:21,刺网
10297,30.84800000000001,125.28130555555555,1.4,118.0,2020-02-19 22:49:21,刺网
10297,30.84583333333333,125.2837222222222,4.6,84.0,2020-02-19 22:59:21,刺网
10297,30.860083333333336,125.28938888888888,1.2,37.0,2020-02-19 23:09:21,刺网
10297,30.86047222222223,125.2897222222222,1.7,26.0,2020-02-19 23:19:21,刺网
10297,30.863944444444453,125.2905,1.8,343.0,2020-02-19 23:29:21,刺网
10297,30.86630555555556,125.29122222222222,0.7,106.0,2020-02-19 23:39:21,刺网
10297,30.868972222222233,125.2925,1.2,17.0,2020-02-19 23:49:21,刺网
10297,30.872055555555555,125.29391666666666,1.1,21.0,2020-02-19 23:59:21,刺网
10297,30.87508333333333,125.29416666666668,1.0,32.0,2020-02-20 00:09:21,刺网
10297,30.877972222222233,125.29361111111106,1.1,17.0,2020-02-20 00:19:21,刺网
10297,30.88044444444445,125.29305555555555,1.1,329.0,2020-02-20 00:29:21,刺网
10297,30.883194444444445,125.2925,0.8,352.0,2020-02-20 00:39:21,刺网
10297,30.88575,125.29255555555555,1.1,54.0,2020-02-20 00:49:21,刺网
10297,30.88786111111111,125.29244444444444,1.0,351.0,2020-02-20 00:59:21,刺网
10297,30.889027777777766,125.29225,0.9,311.0,2020-02-20 01:09:21,刺网
10297,30.89469444444445,125.29666666666668,8.0,39.0,2020-02-20 01:19:21,刺网
10297,30.91375,125.31194444444445,8.4,32.0,2020-02-20 01:29:21,刺网
10297,30.934361111111112,125.32583333333334,8.4,27.0,2020-02-20 01:39:21,刺网
10297,30.95555555555556,125.33866666666668,8.5,26.0,2020-02-20 01:49:21,刺网
10297,30.97588888888889,125.3523611111111,8.2,2.0,2020-02-20 01:59:20,刺网
10297,30.99838888888889,125.35280555555555,7.4,3.0,2020-02-20 02:09:20,刺网
10297,31.019055555555553,125.35266666666666,7.4,3.0,2020-02-20 02:19:20,刺网
10297,31.03661111111111,125.35575,6.8,98.0,2020-02-20 02:29:20,刺网
10297,31.01444444444445,125.35963888888888,8.7,181.0,2020-02-20 02:39:20,刺网
10297,31.00491666666667,125.36275,1.0,158.0,2020-02-20 02:49:21,刺网
10297,31.00233333333333,125.36230555555555,1.5,200.0,2020-02-20 02:59:21,刺网
10297,30.9995,125.36116666666666,1.1,148.0,2020-02-20 03:09:21,刺网
10297,30.996777777777766,125.36002777777777,0.8,233.0,2020-02-20 03:19:21,刺网
10297,30.99425,125.35844444444444,0.3,0.0,2020-02-20 03:29:21,刺网
10297,30.991805555555555,125.3569722222222,0.7,206.0,2020-02-20 03:39:21,刺网
10297,30.98941666666667,125.35555555555555,1.4,192.0,2020-02-20 03:49:21,刺网
10297,30.98713888888889,125.35405555555555,1.5,209.0,2020-02-20 03:59:21,刺网
10297,30.984777777777786,125.35238888888887,0.7,207.0,2020-02-20 04:09:21,刺网
10297,30.982416666666666,125.3504722222222,1.6,215.0,2020-02-20 04:19:21,刺网
10297,30.979972222222226,125.34838888888888,1.1,202.0,2020-02-20 04:29:21,刺网
10297,30.977638888888887,125.3465,1.5,191.0,2020-02-20 04:39:21,刺网
10297,30.975416666666664,125.34444444444445,0.5,210.0,2020-02-20 04:49:21,刺网
10297,30.97333333333333,125.34236111111107,1.3,204.0,2020-02-20 04:59:21,刺网
10297,30.9715,125.34044444444444,1.1,230.0,2020-02-20 05:09:21,刺网
10297,30.96969444444445,125.33863888888888,3.1,64.0,2020-02-20 05:19:21,刺网
10297,30.98508333333333,125.33713888888887,1.0,102.0,2020-02-20 05:29:21,刺网
10297,30.98627777777777,125.33641666666666,2.1,241.0,2020-02-20 05:39:21,刺网
10297,30.98922222222221,125.3329722222222,1.7,277.0,2020-02-20 05:49:21,刺网
10297,30.99283333333333,125.33075,1.9,327.0,2020-02-20 05:59:21,刺网
10297,30.997277777777786,125.32980555555555,1.4,346.0,2020-02-20 06:09:21,刺网
10297,31.001277777777766,125.33002777777777,1.1,332.0,2020-02-20 06:19:21,刺网
10297,31.00441666666667,125.32861111111107,1.7,341.0,2020-02-20 06:29:20,刺网
10297,31.00858333333333,125.32619444444444,2.2,336.0,2020-02-20 06:39:20,刺网
10297,31.01236111111111,125.32452777777776,1.7,35.0,2020-02-20 06:49:20,刺网
10297,31.01694444444445,125.32505555555555,1.4,13.0,2020-02-20 06:59:20,刺网
10297,31.020111111111113,125.32708333333332,1.5,39.0,2020-02-20 07:09:20,刺网
10297,31.02261111111111,125.32636111111107,1.5,303.0,2020-02-20 07:19:20,刺网
10297,31.026027777777767,125.32269444444445,1.8,340.0,2020-02-20 07:29:20,刺网
10297,31.02808333333333,125.3209722222222,2.7,327.0,2020-02-20 07:39:20,刺网
10297,31.035888888888888,125.34833333333331,9.6,71.0,2020-02-20 07:49:20,刺网
10297,31.02575,125.35777777777777,7.7,179.0,2020-02-20 07:59:21,刺网
10297,31.004166666666666,125.35763888888887,7.8,182.0,2020-02-20 08:09:21,刺网
10297,30.994861111111113,125.351,6.9,340.0,2020-02-20 08:19:21,刺网
10297,31.01358333333333,125.34647222222222,6.7,346.0,2020-02-20 08:29:21,刺网
10297,31.01675,125.34208333333332,0.8,237.0,2020-02-20 08:39:21,刺网
10297,31.016027777777786,125.3402222222222,0.7,212.0,2020-02-20 08:49:21,刺网
10297,31.01538888888889,125.33891666666666,0.7,262.0,2020-02-20 08:59:21,刺网
10297,31.01469444444445,125.33725,0.5,0.0,2020-02-20 09:09:21,刺网
10297,31.01388888888889,125.33588888888887,0.3,0.0,2020-02-20 09:19:21,刺网
10297,31.01316666666667,125.335,0.6,193.0,2020-02-20 09:29:21,刺网
10297,31.012472222222208,125.33397222222222,1.4,206.0,2020-02-20 09:39:21,刺网
10297,31.011861111111113,125.33283333333334,0.6,204.0,2020-02-20 09:49:21,刺网
10297,31.011194444444445,125.33188888888887,0.7,113.0,2020-02-20 09:59:21,刺网
10297,31.0105,125.33133333333332,0.4,240.0,2020-02-20 10:09:21,刺网
10297,31.009611111111113,125.33105555555555,1.0,186.0,2020-02-20 10:19:21,刺网
10297,31.00861111111111,125.3310277777778,0.3,0.0,2020-02-20 10:29:21,刺网
10297,31.007444444444445,125.33113888888887,1.1,142.0,2020-02-20 10:39:21,刺网
10297,31.00619444444445,125.3312777777778,0.4,0.0,2020-02-20 10:49:20,刺网
10297,31.004972222222232,125.33152777777777,0.6,0.0,2020-02-20 10:59:20,刺网
10297,31.00366666666667,125.33175,0.5,0.0,2020-02-20 11:09:20,刺网
10297,31.00216666666667,125.33230555555555,1.5,119.0,2020-02-20 11:19:20,刺网
10297,31.00336111111111,125.33941666666664,8.7,89.0,2020-02-20 11:29:20,刺网
10297,31.00083333333333,125.3647222222222,6.1,140.0,2020-02-20 11:39:20,刺网
10297,31.00275,125.36530555555555,1.7,37.0,2020-02-20 11:49:20,刺网
10297,31.006777777777767,125.36644444444444,1.7,344.0,2020-02-20 11:59:20,刺网
10297,31.01061111111111,125.36633333333332,1.7,2.0,2020-02-20 12:09:20,刺网
10297,31.014111111111113,125.36636111111108,1.5,330.0,2020-02-20 12:19:20,刺网
10297,31.017861111111113,125.36719444444445,1.0,19.0,2020-02-20 12:29:20,刺网
10297,31.02144444444445,125.36752777777777,1.9,7.0,2020-02-20 12:39:21,刺网
10297,31.025305555555555,125.36755555555555,0.7,352.0,2020-02-20 12:49:21,刺网
10297,31.02869444444445,125.36730555555555,1.3,342.0,2020-02-20 12:59:21,刺网
10297,31.03225,125.3672222222222,1.0,347.0,2020-02-20 13:09:21,刺网
10297,31.035611111111113,125.36780555555555,0.8,356.0,2020-02-20 13:19:21,刺网
10297,31.038222222222235,125.36827777777776,0.9,351.0,2020-02-20 13:29:21,刺网
10297,31.04047222222223,125.36758333333331,0.9,176.0,2020-02-20 13:39:21,刺网
10297,31.04438888888889,125.36280555555555,7.2,331.0,2020-02-20 13:49:21,刺网
10297,31.06333333333333,125.35902777777777,7.5,357.0,2020-02-20 13:59:21,刺网
10297,31.08452777777777,125.35983333333333,7.8,6.0,2020-02-20 14:09:21,刺网
10297,31.10441666666667,125.36108333333333,5.0,96.0,2020-02-20 14:19:21,刺网
10297,31.087722222222233,125.36741666666666,7.5,172.0,2020-02-20 14:29:21,刺网
10297,31.08102777777778,125.37094444444445,0.9,175.0,2020-02-20 14:39:21,刺网
10297,31.07725,125.37061111111113,1.5,189.0,2020-02-20 14:49:21,刺网
10297,31.07352777777778,125.37002777777776,1.0,185.0,2020-02-20 14:59:20,刺网
10297,31.06975,125.36933333333332,1.6,243.0,2020-02-20 15:09:20,刺网
10297,31.06602777777778,125.36830555555555,1.7,200.0,2020-02-20 15:19:20,刺网
10297,31.062361111111112,125.3672222222222,1.1,198.0,2020-02-20 15:29:20,刺网
10297,31.058694444444445,125.36594444444445,0.8,192.0,2020-02-20 15:39:20,刺网
10297,31.05191666666667,125.36261111111112,1.7,204.0,2020-02-20 15:59:20,刺网
10297,31.04858333333333,125.36088888888894,1.2,200.0,2020-02-20 16:09:20,刺网
10297,31.045444444444453,125.35886111111107,1.5,204.0,2020-02-20 16:19:20,刺网
10297,31.042305555555558,125.35694444444445,1.0,205.0,2020-02-20 16:29:20,刺网
10297,31.039527777777767,125.35458333333332,0.8,211.0,2020-02-20 16:39:20,刺网
10297,31.03680555555556,125.35211111111113,0.8,202.0,2020-02-20 16:49:20,刺网
10297,31.034194444444445,125.34975,1.2,208.0,2020-02-20 16:59:20,刺网
10297,31.031555555555553,125.34738888888887,1.1,207.0,2020-02-20 17:09:20,刺网
10297,31.02936111111111,125.34605555555555,5.3,41.0,2020-02-20 17:19:21,刺网
10297,31.05072222222222,125.34366666666666,8.1,347.0,2020-02-20 17:29:21,刺网
10297,31.056444444444452,125.34438888888887,1.6,355.0,2020-02-20 17:39:21,刺网
10297,31.06083333333333,125.34352777777778,1.9,53.0,2020-02-20 17:49:21,刺网
10297,31.065222222222232,125.3425277777778,1.6,7.0,2020-02-20 17:59:21,刺网
10297,31.06825000000001,125.34194444444445,2.0,349.0,2020-02-20 18:09:21,刺网
10297,31.07169444444445,125.33916666666666,1.8,328.0,2020-02-20 18:19:21,刺网
10297,31.075944444444442,125.33719444444445,1.3,341.0,2020-02-20 18:29:21,刺网
10297,31.08061111111111,125.33683333333332,2.2,2.0,2020-02-20 18:39:21,刺网
10297,31.084944444444453,125.3352777777778,1.3,345.0,2020-02-20 18:49:21,刺网
10297,31.088666666666665,125.33555555555556,1.4,351.0,2020-02-20 18:59:21,刺网
10297,31.09272222222221,125.33611111111112,2.1,21.0,2020-02-20 19:09:21,刺网
10297,31.09672222222222,125.33605555555555,1.6,324.0,2020-02-20 19:19:20,刺网
10297,31.10019444444445,125.33558333333332,0.4,0.0,2020-02-20 19:29:20,刺网
10297,31.10244444444445,125.33716666666666,0.7,0.0,2020-02-20 19:39:20,刺网
10297,31.103388888888887,125.33822222222223,0.3,0.0,2020-02-20 19:49:20,刺网
10297,31.108583333333332,125.35002777777777,8.2,61.0,2020-02-20 19:59:20,刺网
10297,31.12563888888889,125.35952777777777,5.9,55.0,2020-02-20 20:09:20,刺网
10297,31.107944444444453,125.36052777777776,7.3,174.0,2020-02-20 20:19:20,刺网
10297,31.087138888888887,125.36086111111106,7.2,180.0,2020-02-20 20:29:20,刺网
10297,31.087055555555555,125.35425,6.2,355.0,2020-02-20 20:39:20,刺网
10297,31.104861111111113,125.35238888888887,6.6,354.0,2020-02-20 20:49:20,刺网
10297,31.11047222222223,125.34791666666666,1.1,334.0,2020-02-20 20:59:20,刺网
10297,31.111555555555555,125.34624999999998,0.7,284.0,2020-02-20 21:09:20,刺网
10297,31.112416666666668,125.34469444444444,0.7,314.0,2020-02-20 21:19:20,刺网
10297,31.113194444444453,125.34333333333332,2.2,252.0,2020-02-20 21:29:20,刺网
10297,31.113972222222234,125.34194444444445,1.3,254.0,2020-02-20 21:39:20,刺网
10297,31.114611111111113,125.34077777777777,0.3,0.0,2020-02-20 21:49:20,刺网
10297,31.115222222222233,125.33975,1.3,0.0,2020-02-20 21:59:20,刺网
10297,31.11561111111111,125.33891666666666,1.6,340.0,2020-02-20 22:09:20,刺网
10297,31.11605555555556,125.33808333333332,0.7,287.0,2020-02-20 22:19:20,刺网
10297,31.116222222222234,125.33744444444444,1.1,245.0,2020-02-20 22:29:21,刺网
10297,31.116138888888887,125.33705555555555,0.3,0.0,2020-02-20 22:39:21,刺网
10297,31.116083333333336,125.33666666666666,1.0,82.0,2020-02-20 22:49:21,刺网
10297,31.11588888888889,125.33675,0.2,0.0,2020-02-20 22:59:21,刺网
10297,31.115500000000004,125.33713888888887,0.3,0.0,2020-02-20 23:09:21,刺网
10297,31.11519444444445,125.33747222222222,0.3,0.0,2020-02-20 23:19:21,刺网
10297,31.114777777777785,125.33802777777777,0.7,92.0,2020-02-20 23:29:21,刺网
10297,31.11419444444445,125.33861111111106,0.7,89.0,2020-02-20 23:39:21,刺网
10297,31.113611111111112,125.33922222222222,0.6,102.0,2020-02-20 23:49:20,刺网
10297,31.11288888888889,125.33983333333332,2.2,320.0,2020-02-20 23:59:20,刺网
10297,31.10366666666667,125.36233333333332,8.9,119.0,2020-02-21 00:09:20,刺网
10297,31.09,125.3787222222222,1.4,91.0,2020-02-21 00:19:20,刺网
10297,31.091416666666664,125.37594444444444,1.4,291.0,2020-02-21 00:29:20,刺网
10297,31.09213888888889,125.37666666666668,2.1,83.0,2020-02-21 00:39:20,刺网
10297,31.09283333333333,125.38063888888887,0.7,44.0,2020-02-21 00:49:20,刺网
10297,31.09497222222221,125.3827222222222,1.5,23.0,2020-02-21 00:59:20,刺网
10297,31.09769444444445,125.38466666666667,0.9,317.0,2020-02-21 01:09:20,刺网
10297,31.09983333333333,125.38361111111112,1.6,314.0,2020-02-21 01:19:20,刺网
10297,31.10216666666667,125.38263888888888,1.6,10.0,2020-02-21 01:29:20,刺网
10297,31.104388888888888,125.38177777777777,1.5,345.0,2020-02-21 01:39:20,刺网
10297,31.10608333333333,125.3814722222222,0.7,8.0,2020-02-21 01:49:20,刺网
10297,31.1075,125.38344444444445,0.7,35.0,2020-02-21 01:59:20,刺网
10297,31.108888888888888,125.38561111111113,0.6,0.0,2020-02-21 02:09:20,刺网
10297,31.110416666666666,125.38638888888893,1.4,9.0,2020-02-21 02:19:20,刺网
10297,31.112111111111112,125.38555555555556,1.4,217.0,2020-02-21 02:29:20,刺网
10297,31.10391666666667,125.38669444444444,8.7,187.0,2020-02-21 02:39:20,刺网
10297,31.08347222222222,125.38561111111113,8.2,183.0,2020-02-21 02:49:20,刺网
10297,31.06125,125.38525,8.0,181.0,2020-02-21 02:59:20,刺网
10297,31.03933333333333,125.38469444444445,8.0,183.0,2020-02-21 03:09:20,刺网
10297,31.047583333333336,125.376,6.8,357.0,2020-02-21 03:19:21,刺网
10297,31.06494444444445,125.37991666666666,6.9,40.0,2020-02-21 03:29:21,刺网
10297,31.069722222222207,125.38958333333332,1.1,208.0,2020-02-21 03:39:21,刺网
10297,31.067472222222207,125.38686111111113,0.7,215.0,2020-02-21 03:49:21,刺网
10297,31.06572222222222,125.38363888888892,2.0,147.0,2020-02-21 03:59:21,刺网
10297,31.064,125.3802777777778,0.7,0.0,2020-02-21 04:09:21,刺网
10297,31.062777777777786,125.37661111111107,1.6,0.0,2020-02-21 04:19:20,刺网
10297,31.06111111111111,125.37305555555555,0.9,0.0,2020-02-21 04:29:20,刺网
10297,31.05994444444445,125.36911111111107,1.0,0.0,2020-02-21 04:39:20,刺网
10297,31.05863888888889,125.36494444444445,2.1,249.0,2020-02-21 04:49:20,刺网
10297,31.05775,125.36119444444445,1.5,262.0,2020-02-21 04:59:20,刺网
10297,31.057277777777767,125.35688888888888,1.1,263.0,2020-02-21 05:09:20,刺网
10297,31.057055555555554,125.35247222222219,1.8,262.0,2020-02-21 05:19:20,刺网
10297,31.057027777777765,125.348,1.4,273.0,2020-02-21 05:29:20,刺网
10297,31.05716666666667,125.34344444444444,1.9,263.0,2020-02-21 05:39:20,刺网
10297,31.057222222222233,125.33875,1.1,281.0,2020-02-21 05:49:20,刺网
10297,31.050166666666666,125.34733333333332,6.8,140.0,2020-02-21 05:59:20,刺网
10297,31.033722222222234,125.35913888888888,6.5,169.0,2020-02-21 06:09:20,刺网
10297,31.035277777777786,125.35866666666666,2.6,332.0,2020-02-21 06:19:20,刺网
10297,31.03991666666667,125.35866666666666,1.8,12.0,2020-02-21 06:29:20,刺网
10297,31.043250000000004,125.3577222222222,0.7,311.0,2020-02-21 06:39:20,刺网
10297,31.04725,125.35611111111106,1.9,335.0,2020-02-21 06:49:20,刺网
10297,31.052138888888887,125.35372222222222,2.4,7.0,2020-02-21 06:59:20,刺网
10297,31.055944444444442,125.35355555555556,1.7,6.0,2020-02-21 07:09:20,刺网
10297,31.059555555555555,125.35338888888887,1.1,334.0,2020-02-21 07:19:20,刺网
10297,31.063944444444445,125.353,1.8,3.0,2020-02-21 07:29:20,刺网
10297,31.06783333333333,125.35288888888887,1.8,7.0,2020-02-21 07:39:20,刺网
10297,31.07247222222223,125.35233333333332,1.7,344.0,2020-02-21 07:49:20,刺网
10297,31.076527777777766,125.35219444444445,1.3,333.0,2020-02-21 07:59:20,刺网
10297,31.080277777777766,125.352,0.4,5.0,2020-02-21 08:09:21,刺网
10297,31.0825,125.351,1.5,346.0,2020-02-21 08:19:21,刺网
10297,31.08683333333333,125.34986111111107,1.1,315.0,2020-02-21 08:29:21,刺网
10297,31.08505555555555,125.355,7.9,111.0,2020-02-21 08:39:21,刺网
10297,31.075194444444445,125.37738888888887,7.9,120.0,2020-02-21 08:49:20,刺网
10297,31.064722222222233,125.39919444444445,8.1,111.0,2020-02-21 08:59:20,刺网
10297,31.06008333333333,125.42619444444445,8.4,89.0,2020-02-21 09:09:20,刺网
10297,31.059777777777786,125.4515,8.5,94.0,2020-02-21 09:19:20,刺网
10297,31.0665,125.47844444444445,8.8,78.0,2020-02-21 09:29:20,刺网
10297,31.07177777777777,125.50580555555555,8.6,71.0,2020-02-21 09:39:20,刺网
10297,31.081861111111113,125.53213888888894,8.0,65.0,2020-02-21 09:49:20,刺网
10297,31.07258333333333,125.51047222222222,7.7,198.0,2020-02-21 09:59:20,刺网
10297,31.05038888888889,125.51102777777778,7.3,176.0,2020-02-21 10:09:20,刺网
10297,31.029,125.51144444444445,7.8,177.0,2020-02-21 10:19:20,刺网
10297,31.01386111111111,125.51616666666668,7.9,33.0,2020-02-21 10:29:20,刺网
10297,31.02925,125.51733333333333,1.3,293.0,2020-02-21 10:39:20,刺网
10297,31.030277777777766,125.51513888888887,0.2,0.0,2020-02-21 10:49:20,刺网
10297,31.03086111111111,125.51486111111107,0.5,0.0,2020-02-21 10:59:20,刺网
10297,31.031555555555553,125.51469444444444,1.4,336.0,2020-02-21 11:09:20,刺网
10297,31.031944444444445,125.51475,0.2,0.0,2020-02-21 11:19:20,刺网
10297,31.03211111111111,125.51491666666666,0.5,43.0,2020-02-21 11:29:20,刺网
10297,31.0325,125.51505555555555,0.3,0.0,2020-02-21 11:39:20,刺网
10297,31.032611111111112,125.51544444444444,0.5,204.0,2020-02-21 11:49:20,刺网
10297,31.03236111111111,125.51555555555555,0.5,141.0,2020-02-21 11:59:20,刺网
10297,31.031944444444445,125.51602777777778,0.5,218.0,2020-02-21 12:09:20,刺网
10297,31.031666666666666,125.51636111111112,0.2,0.0,2020-02-21 12:19:20,刺网
10297,31.03133333333333,125.5167777777778,1.2,131.0,2020-02-21 12:29:20,刺网
10297,31.03069444444445,125.51702777777778,0.4,0.0,2020-02-21 12:39:20,刺网
10297,31.030305555555554,125.51736111111107,0.4,73.0,2020-02-21 12:49:21,刺网
10297,31.029972222222234,125.5174722222222,1.3,243.0,2020-02-21 12:59:20,刺网
10297,31.02269444444445,125.52686111111113,9.1,122.0,2020-02-21 13:09:20,刺网
10297,31.02183333333333,125.53255555555555,1.3,307.0,2020-02-21 13:19:20,刺网
10297,31.025027777777765,125.53258333333332,1.3,346.0,2020-02-21 13:29:20,刺网
10297,31.02761111111111,125.53163888888888,1.0,320.0,2020-02-21 13:39:20,刺网
10297,31.02897222222222,125.52980555555555,1.1,317.0,2020-02-21 13:49:20,刺网
10297,31.031555555555553,125.53038888888894,0.8,32.0,2020-02-21 13:59:20,刺网
10297,31.03413888888889,125.53258333333332,0.6,47.0,2020-02-21 14:09:20,刺网
10297,31.037305555555548,125.53269444444445,1.6,344.0,2020-02-21 14:19:20,刺网
10297,31.040555555555557,125.5319722222222,1.5,336.0,2020-02-21 14:29:20,刺网
10297,31.043222222222226,125.53125,0.8,349.0,2020-02-21 14:39:20,刺网
10297,31.04616666666667,125.53094444444444,1.2,330.0,2020-02-21 14:49:20,刺网
10297,31.04819444444445,125.53294444444445,0.9,18.0,2020-02-21 14:59:20,刺网
10297,31.05088888888889,125.5335,1.1,334.0,2020-02-21 15:09:20,刺网
10297,31.05341666666667,125.53313888888887,1.2,323.0,2020-02-21 15:19:20,刺网
10297,31.05177777777777,125.54280555555556,8.3,102.0,2020-02-21 15:29:20,刺网
10297,31.051333333333336,125.57041666666666,8.8,185.0,2020-02-21 15:39:20,刺网
10297,31.03058333333333,125.57130555555555,8.5,182.0,2020-02-21 15:49:20,刺网
10297,31.00794444444445,125.57158333333334,8.2,180.0,2020-02-21 15:59:20,刺网
10297,31.00419444444445,125.58161111111107,7.1,52.0,2020-02-21 16:09:20,刺网
10297,31.020194444444453,125.59494444444445,6.6,5.0,2020-02-21 16:19:20,刺网
10297,31.028111111111112,125.59633333333332,0.3,0.0,2020-02-21 16:29:20,刺网
10297,31.02975,125.59480555555555,1.4,305.0,2020-02-21 16:39:20,刺网
10297,31.032055555555555,125.59277777777777,1.0,309.0,2020-02-21 16:49:20,刺网
10297,31.034111111111113,125.58977777777778,1.1,276.0,2020-02-21 16:59:20,刺网
10297,31.03441666666667,125.58575,1.6,252.0,2020-02-21 17:09:19,刺网
10297,31.035055555555555,125.58180555555555,2.1,290.0,2020-02-21 17:19:19,刺网
10297,31.035972222222235,125.57811111111113,1.1,279.0,2020-02-21 17:29:20,刺网
10297,31.03700000000001,125.57394444444445,1.2,277.0,2020-02-21 17:39:20,刺网
10297,31.03805555555556,125.56941666666664,2.0,244.0,2020-02-21 17:49:19,刺网
10297,31.03886111111111,125.56586111111106,0.9,277.0,2020-02-21 17:59:20,刺网
10297,31.03961111111111,125.56263888888887,1.0,303.0,2020-02-21 18:09:20,刺网
10297,31.040888888888887,125.55919444444444,0.9,276.0,2020-02-21 18:19:20,刺网
10297,31.042388888888887,125.55558333333332,1.5,293.0,2020-02-21 18:29:20,刺网
10297,31.04416666666667,125.55175,1.3,295.0,2020-02-21 18:39:20,刺网
10297,31.046194444444453,125.54813888888887,1.2,305.0,2020-02-21 18:49:20,刺网
10297,31.04866666666667,125.54488888888888,1.7,318.0,2020-02-21 18:59:20,刺网
10297,31.05230555555556,125.54136111111107,6.2,59.0,2020-02-21 19:09:20,刺网
10297,31.052611111111112,125.5587777777778,0.8,0.0,2020-02-21 19:19:20,刺网
10297,31.05266666666667,125.55769444444445,1.7,315.0,2020-02-21 19:29:20,刺网
10297,31.05083333333333,125.5557777777778,0.7,129.0,2020-02-21 19:39:20,刺网
10297,31.048055555555557,125.55613888888887,1.7,140.0,2020-02-21 19:49:20,刺网
10297,31.04480555555556,125.556,1.5,178.0,2020-02-21 19:59:20,刺网
10297,31.042388888888887,125.55558333333332,1.2,137.0,2020-02-21 20:09:20,刺网
10297,31.03986111111111,125.55569444444444,1.4,214.0,2020-02-21 20:19:20,刺网
10297,31.037138888888887,125.55583333333333,1.4,156.0,2020-02-21 20:29:20,刺网
10297,31.03455555555556,125.55569444444444,1.5,176.0,2020-02-21 20:39:20,刺网
10297,31.03172222222221,125.55591666666666,0.6,172.0,2020-02-21 20:49:20,刺网
10297,31.029777777777767,125.55611111111112,1.1,176.0,2020-02-21 20:59:20,刺网
10297,31.02813888888889,125.5559722222222,1.3,257.0,2020-02-21 21:09:20,刺网
10297,31.02666666666667,125.55572222222223,0.4,135.0,2020-02-21 21:19:20,刺网
10297,31.026999999999997,125.55711111111113,1.8,78.0,2020-02-21 21:29:19,刺网
10297,31.022972222222233,125.53738888888893,7.2,267.0,2020-02-21 21:39:19,刺网
10297,31.02175,125.51355555555556,7.3,265.0,2020-02-21 21:49:19,刺网
10297,31.020166666666665,125.46402777777777,7.3,273.0,2020-02-21 22:09:20,刺网
10297,31.020055555555555,125.4415,7.2,269.0,2020-02-21 22:19:20,刺网
10297,31.020111111111113,125.41769444444445,7.1,273.0,2020-02-21 22:29:20,刺网
10297,31.0205,125.37,7.3,273.0,2020-02-21 22:49:20,刺网
10297,31.01019444444445,125.35208333333333,7.2,225.0,2020-02-21 22:59:20,刺网
10297,30.99475,125.33625,7.4,224.0,2020-02-21 23:09:20,刺网
10297,30.980777777777767,125.32008333333332,6.3,214.0,2020-02-21 23:19:20,刺网
10297,30.99636111111111,125.31808333333332,7.9,355.0,2020-02-21 23:29:20,刺网
10297,31.01838888888889,125.31816666666666,7.5,357.0,2020-02-21 23:39:20,刺网
10297,31.032722222222233,125.31275,4.7,263.0,2020-02-21 23:49:20,刺网
10297,31.02372222222222,125.29788888888888,2.7,180.0,2020-02-21 23:59:20,刺网
10297,31.021166666666666,125.3045,2.5,102.0,2020-02-22 00:09:20,刺网
10297,31.019055555555553,125.31225,2.5,120.0,2020-02-22 00:19:20,刺网
10297,31.01677777777777,125.31891666666664,1.6,129.0,2020-02-22 00:29:20,刺网
10297,31.01377777777777,125.32605555555556,1.5,125.0,2020-02-22 00:39:20,刺网
10297,31.01025000000001,125.33302777777777,1.0,119.0,2020-02-22 00:49:20,刺网
10297,31.0065,125.3395,1.1,128.0,2020-02-22 00:59:20,刺网
10297,31.00294444444444,125.34586111111106,1.9,123.0,2020-02-22 01:09:20,刺网
10297,30.998916666666666,125.3520277777778,2.3,125.0,2020-02-22 01:19:20,刺网
10297,30.99430555555556,125.35777777777777,3.6,124.0,2020-02-22 01:29:20,刺网
10297,30.98944444444445,125.36338888888888,3.9,129.0,2020-02-22 01:39:20,刺网
10297,30.983833333333337,125.36863888888887,3.9,115.0,2020-02-22 01:49:19,刺网
10297,30.978805555555557,125.37383333333332,2.0,127.0,2020-02-22 01:59:19,刺网
10297,30.97336111111111,125.37899999999999,2.4,139.0,2020-02-22 02:09:19,刺网
10297,30.968138888888888,125.38361111111112,1.6,142.0,2020-02-22 02:19:19,刺网
10297,30.962,125.38858333333332,5.1,125.0,2020-02-22 02:29:19,刺网
10297,30.956861111111113,125.39258333333336,2.1,157.0,2020-02-22 02:39:19,刺网
10297,30.951166666666666,125.39641666666668,1.5,144.0,2020-02-22 02:49:19,刺网
10297,30.94538888888889,125.39994444444444,3.8,131.0,2020-02-22 02:59:19,刺网
10297,30.94469444444445,125.39238888888893,7.0,295.0,2020-02-22 03:09:19,刺网
10297,30.95561111111111,125.37702777777777,6.0,314.0,2020-02-22 03:19:20,刺网
10297,30.969277777777766,125.37111111111106,3.5,327.0,2020-02-22 03:29:20,刺网
10297,30.968555555555554,125.37252777777776,0.9,99.0,2020-02-22 03:39:20,刺网
10297,30.967777777777766,125.37294444444444,0.3,0.0,2020-02-22 03:49:20,刺网
10297,30.96708333333333,125.37333333333332,0.8,0.0,2020-02-22 03:59:20,刺网
10297,30.96572222222222,125.37408333333332,0.6,0.0,2020-02-22 04:09:20,刺网
10297,30.964666666666666,125.3745,2.1,0.0,2020-02-22 04:19:20,刺网
10297,30.963527777777767,125.37486111111107,2.0,0.0,2020-02-22 04:29:20,刺网
10297,30.96258333333333,125.37511111111112,1.4,118.0,2020-02-22 04:39:20,刺网
10297,30.96169444444445,125.37516666666669,2.7,194.0,2020-02-22 04:49:20,刺网
10297,30.960611111111113,125.37538888888888,1.5,278.0,2020-02-22 04:59:20,刺网
10297,30.959611111111112,125.37555555555555,2.1,146.0,2020-02-22 05:09:20,刺网
10297,30.959138888888887,125.37544444444444,0.6,86.0,2020-02-22 05:19:20,刺网
10297,30.958972222222233,125.37530555555556,3.2,281.0,2020-02-22 05:29:20,刺网
10297,30.95863888888889,125.37527777777777,1.6,26.0,2020-02-22 05:39:20,刺网
10297,30.95855555555556,125.37508333333334,1.9,186.0,2020-02-22 05:49:20,刺网
10297,30.958444444444442,125.3749722222222,1.8,117.0,2020-02-22 05:59:20,刺网
10297,30.958416666666665,125.37477777777778,0.8,313.0,2020-02-22 06:09:20,刺网
10297,30.958388888888887,125.37475,1.2,45.0,2020-02-22 06:19:19,刺网
10297,30.95847222222222,125.37444444444445,1.1,314.0,2020-02-22 06:39:19,刺网
10297,30.96,125.37472222222222,1.5,325.0,2020-02-22 06:49:19,刺网
10297,30.959138888888887,125.35633333333332,7.7,236.0,2020-02-22 06:59:19,刺网
10297,30.96147222222222,125.33480555555555,6.9,256.0,2020-02-22 07:09:19,刺网
10297,30.96688888888889,125.32233333333332,2.7,4.0,2020-02-22 07:19:19,刺网
10297,30.96919444444445,125.3239722222222,2.0,344.0,2020-02-22 07:29:19,刺网
10297,30.973388888888888,125.32241666666668,1.3,333.0,2020-02-22 07:39:19,刺网
10297,30.977138888888888,125.32172222222222,2.3,300.0,2020-02-22 07:49:19,刺网
10297,30.98147222222222,125.3205,3.1,39.0,2020-02-22 07:59:19,刺网
10297,30.98577777777778,125.31905555555555,2.5,29.0,2020-02-22 08:09:19,刺网
10297,30.989638888888887,125.31844444444445,1.6,35.0,2020-02-22 08:19:20,刺网
10297,30.993250000000003,125.31763888888888,2.3,338.0,2020-02-22 08:29:20,刺网
10297,30.997722222222233,125.31533333333334,1.7,319.0,2020-02-22 08:39:20,刺网
10297,31.00038888888889,125.31680555555555,1.1,80.0,2020-02-22 08:49:20,刺网
10297,31.00194444444445,125.3189722222222,1.4,22.0,2020-02-22 08:59:20,刺网
10297,31.0055,125.31700000000001,1.0,30.0,2020-02-22 09:09:20,刺网
10297,31.00883333333333,125.31702777777778,2.2,142.0,2020-02-22 09:19:20,刺网
10297,31.00644444444445,125.31988888888893,2.3,147.0,2020-02-22 09:29:20,刺网
10297,31.00794444444445,125.31997222222222,0.8,351.0,2020-02-22 09:39:20,刺网
10297,31.015361111111112,125.31327777777777,6.7,287.0,2020-02-22 09:49:20,刺网
10297,31.023416666666666,125.2957222222222,6.8,304.0,2020-02-22 09:59:20,刺网
10297,31.031527777777768,125.287,8.1,187.0,2020-02-22 10:09:20,刺网
10297,31.026027777777767,125.28644444444444,8.1,180.0,2020-02-22 10:19:20,刺网
10297,31.003416666666666,125.28725,8.1,185.0,2020-02-22 10:29:20,刺网
10297,30.98458333333333,125.28386111111112,6.2,261.0,2020-02-22 10:39:20,刺网
10297,30.994805555555555,125.26955555555556,4.7,330.0,2020-02-22 10:49:19,刺网
10297,31.00830555555555,125.2565,6.4,339.0,2020-02-22 10:59:19,刺网
10297,31.01616666666667,125.25397222222223,0.5,140.0,2020-02-22 11:09:19,刺网
10297,31.014611111111112,125.25588888888888,1.2,141.0,2020-02-22 11:19:19,刺网
10297,31.01275,125.25788888888887,0.7,147.0,2020-02-22 11:29:19,刺网
10297,31.01072222222221,125.26005555555555,1.0,170.0,2020-02-22 11:39:19,刺网
10297,31.008777777777766,125.26233333333332,0.4,125.0,2020-02-22 11:49:19,刺网
10297,31.00686111111111,125.26522222222222,3.3,213.0,2020-02-22 11:59:19,刺网
10297,31.004,125.26816666666666,2.2,132.0,2020-02-22 12:09:19,刺网
10297,31.001527777777767,125.27091666666666,3.2,135.0,2020-02-22 12:19:19,刺网
10297,30.99888888888889,125.27394444444445,2.1,131.0,2020-02-22 12:29:19,刺网
10297,30.996,125.27683333333334,2.0,136.0,2020-02-22 12:39:19,刺网
10297,30.992722222222234,125.27983333333331,0.7,189.0,2020-02-22 12:49:19,刺网
10297,30.989527777777766,125.28272222222222,1.3,126.0,2020-02-22 12:59:19,刺网
10297,30.98622222222221,125.28569444444445,0.6,159.0,2020-02-22 13:09:20,刺网
10297,30.98258333333333,125.28905555555555,1.1,156.0,2020-02-22 13:19:19,刺网
10297,30.979055555555547,125.29213888888887,2.7,140.0,2020-02-22 13:29:20,刺网
10297,30.975277777777766,125.29508333333334,3.5,131.0,2020-02-22 13:39:20,刺网
10297,30.97125,125.29811111111113,1.6,175.0,2020-02-22 13:49:20,刺网
10297,30.976555555555553,125.30636111111107,7.5,25.0,2020-02-22 13:59:20,刺网
10297,30.988416666666666,125.31475,4.7,20.0,2020-02-22 14:09:20,刺网
10297,30.98830555555556,125.31430555555555,1.0,61.0,2020-02-22 14:19:20,刺网
10297,30.989166666666666,125.314,0.7,144.0,2020-02-22 14:29:20,刺网
10297,30.99558333333333,125.31438888888887,1.5,11.0,2020-02-22 14:39:20,刺网
10297,30.995027777777786,125.31575,1.3,64.0,2020-02-22 14:49:20,刺网
10297,30.994972222222234,125.31766666666668,2.8,145.0,2020-02-22 14:59:20,刺网
10297,30.995666666666665,125.318,1.8,43.0,2020-02-22 15:09:19,刺网
10297,30.99886111111111,125.31880555555556,2.0,22.0,2020-02-22 15:19:19,刺网
10297,31.00188888888889,125.3184722222222,1.9,340.0,2020-02-22 15:29:19,刺网
10297,31.00525,125.31716666666668,1.7,330.0,2020-02-22 15:39:19,刺网
10297,31.008527777777786,125.31580555555556,1.8,91.0,2020-02-22 15:49:19,刺网
10297,31.01166666666667,125.31541666666666,0.8,292.0,2020-02-22 15:59:19,刺网
10297,31.014722222222233,125.31569444444445,1.6,317.0,2020-02-22 16:09:19,刺网
10297,31.01752777777777,125.31563888888887,1.9,328.0,2020-02-22 16:19:19,刺网
10297,31.020194444444453,125.31475,0.7,292.0,2020-02-22 16:29:19,刺网
10297,31.02219444444445,125.31422222222223,2.5,185.0,2020-02-22 16:39:19,刺网
10297,31.00919444444445,125.32969444444444,9.4,136.0,2020-02-22 16:49:19,刺网
10297,30.99588888888889,125.35269444444445,9.0,114.0,2020-02-22 16:59:19,刺网
10297,30.9845,125.3694722222222,9.4,177.0,2020-02-22 17:09:19,刺网
10297,30.9595,125.36963888888887,8.9,183.0,2020-02-22 17:19:19,刺网
10297,30.93422222222221,125.36866666666668,8.7,187.0,2020-02-22 17:29:19,刺网
10297,30.94075,125.37608333333333,6.6,22.0,2020-02-22 17:39:20,刺网
10297,30.94897222222221,125.38586111111113,1.4,63.0,2020-02-22 17:49:20,刺网
10297,30.94769444444445,125.38586111111113,1.4,172.0,2020-02-22 17:59:20,刺网
10297,30.946388888888887,125.38544444444445,1.3,170.0,2020-02-22 18:09:20,刺网
10297,30.945277777777786,125.38508333333334,0.4,228.0,2020-02-22 18:19:20,刺网
10297,30.944305555555548,125.38461111111113,2.5,51.0,2020-02-22 18:29:20,刺网
10297,30.943472222222233,125.38383333333334,0.6,209.0,2020-02-22 18:39:20,刺网
10297,30.942694444444445,125.38313888888888,0.2,0.0,2020-02-22 18:49:20,刺网
10297,30.942277777777786,125.38258333333332,1.9,272.0,2020-02-22 18:59:20,刺网
10297,30.941972222222233,125.38230555555555,2.3,262.0,2020-02-22 19:09:20,刺网
10297,30.941944444444445,125.38219444444445,1.2,340.0,2020-02-22 19:19:20,刺网
10297,30.942027777777767,125.38233333333332,2.2,337.0,2020-02-22 19:29:19,刺网
10297,30.942277777777786,125.38233333333332,1.5,270.0,2020-02-22 19:39:19,刺网
10297,30.942472222222232,125.38275,0.9,138.0,2020-02-22 19:49:19,刺网
10297,30.942777777777767,125.38322222222222,1.2,140.0,2020-02-22 19:59:19,刺网
10297,30.94333333333333,125.38411111111112,1.5,72.0,2020-02-22 20:09:19,刺网
10297,30.943638888888888,125.38488888888894,1.6,29.0,2020-02-22 20:19:19,刺网
10297,30.944111111111113,125.38600000000001,1.6,12.0,2020-02-22 20:29:19,刺网
10297,30.94533333333333,125.38763888888887,5.1,340.0,2020-02-22 20:39:19,刺网
10297,30.94461111111111,125.35330555555555,0.4,272.0,2020-02-22 20:59:19,刺网
10297,30.9475,125.35316666666668,2.0,330.0,2020-02-22 21:09:19,刺网
10297,30.952472222222234,125.3527222222222,1.6,9.0,2020-02-22 21:19:19,刺网
10297,30.956999999999997,125.3522222222222,1.0,11.0,2020-02-22 21:29:19,刺网
10297,30.96163888888889,125.35219444444445,1.9,347.0,2020-02-22 21:39:19,刺网
10297,30.96683333333333,125.3527222222222,2.2,23.0,2020-02-22 21:49:19,刺网
10297,30.97147222222221,125.35286111111112,2.4,287.0,2020-02-22 21:59:19,刺网
10297,30.976416666666665,125.354,3.6,337.0,2020-02-22 22:09:19,刺网
10297,30.98094444444445,125.35513888888887,1.3,316.0,2020-02-22 22:19:19,刺网
10297,30.985416666666666,125.35505555555555,1.2,351.0,2020-02-22 22:29:19,刺网
10297,30.989722222222234,125.3565,2.1,29.0,2020-02-22 22:39:19,刺网
10297,30.993111111111112,125.35786111111106,1.3,46.0,2020-02-22 22:49:19,刺网
10297,30.99175,125.35936111111113,2.3,164.0,2020-02-22 22:59:20,刺网
10297,30.994694444444452,125.35702777777777,7.2,337.0,2020-02-22 23:09:20,刺网
10297,31.004055555555553,125.34891666666664,7.3,314.0,2020-02-22 23:19:20,刺网
10297,31.01297222222223,125.3412777777778,3.3,107.0,2020-02-22 23:29:20,刺网
10297,31.021555555555555,125.34308333333333,7.9,356.0,2020-02-22 23:39:20,刺网
10297,31.028916666666664,125.33022222222222,6.0,298.0,2020-02-22 23:49:20,刺网
10297,31.049750000000003,125.32761111111112,8.9,354.0,2020-02-22 23:59:19,刺网
10297,31.075555555555557,125.3267777777778,8.5,357.0,2020-02-23 00:09:19,刺网
10297,31.08033333333333,125.31563888888887,7.0,229.0,2020-02-23 00:19:19,刺网
10297,31.07413888888889,125.29947222222222,1.1,184.0,2020-02-23 00:29:19,刺网
10297,31.07113888888889,125.30283333333334,1.2,91.0,2020-02-23 00:39:19,刺网
10297,31.06744444444445,125.30586111111107,2.0,135.0,2020-02-23 00:49:19,刺网
10297,31.06391666666667,125.30927777777778,0.9,138.0,2020-02-23 00:59:19,刺网
10297,31.06,125.3125,0.4,0.0,2020-02-23 01:09:19,刺网
10297,31.055916666666665,125.31588888888888,2.6,139.0,2020-02-23 01:19:19,刺网
10297,31.051805555555553,125.3192222222222,2.4,139.0,2020-02-23 01:29:19,刺网
10297,31.04744444444445,125.32241666666668,2.6,143.0,2020-02-23 01:39:19,刺网
10297,31.04275,125.3252222222222,0.8,147.0,2020-02-23 01:49:19,刺网
10297,31.038000000000004,125.32813888888887,3.8,149.0,2020-02-23 01:59:19,刺网
10297,31.03308333333333,125.33077777777777,2.6,149.0,2020-02-23 02:09:19,刺网
10297,31.027638888888887,125.33319444444444,2.3,178.0,2020-02-23 02:19:19,刺网
10297,31.02275,125.33513888888888,1.1,158.0,2020-02-23 02:29:19,刺网
10297,31.01744444444445,125.33719444444445,1.9,155.0,2020-02-23 02:39:19,刺网
10297,31.013055555555557,125.34269444444445,7.7,75.0,2020-02-23 02:49:19,刺网
10297,31.01730555555555,125.3612222222222,3.1,239.0,2020-02-23 02:59:19,刺网
10297,31.01847222222222,125.35980555555555,1.0,303.0,2020-02-23 03:09:19,刺网
10297,31.02008333333333,125.35916666666668,1.0,344.0,2020-02-23 03:19:19,刺网
10297,31.020944444444442,125.36124999999998,1.2,61.0,2020-02-23 03:29:19,刺网
10297,31.02288888888889,125.36211111111106,1.1,328.0,2020-02-23 03:39:19,刺网
10297,31.025472222222234,125.36238888888887,1.9,27.0,2020-02-23 03:49:19,刺网
10297,31.02725,125.36230555555555,0.5,0.0,2020-02-23 03:59:19,刺网
10297,31.029805555555555,125.36175,1.1,338.0,2020-02-23 04:09:20,刺网
10297,31.03222222222222,125.36124999999998,0.8,304.0,2020-02-23 04:19:20,刺网
10297,31.03436111111111,125.36061111111113,1.6,45.0,2020-02-23 04:29:20,刺网
10297,31.038472222222207,125.35838888888892,2.0,348.0,2020-02-23 04:49:19,刺网
10297,31.040222222222226,125.35761111111107,1.0,327.0,2020-02-23 04:59:19,刺网
10297,31.041472222222207,125.3562777777778,1.3,320.0,2020-02-23 05:09:19,刺网
10297,31.041138888888888,125.35569444444445,2.0,254.0,2020-02-23 05:19:19,刺网
10297,31.05547222222223,125.36236111111107,6.4,40.0,2020-02-23 05:29:19,刺网
10297,31.07216666666667,125.37227777777778,7.2,34.0,2020-02-23 05:39:19,刺网
10297,31.089027777777765,125.38088888888888,6.7,8.0,2020-02-23 05:49:19,刺网
10297,31.107138888888887,125.38186111111106,5.5,5.0,2020-02-23 05:59:19,刺网
10297,31.125,125.37669444444445,7.8,338.0,2020-02-23 06:09:19,刺网
10297,31.128416666666666,125.36752777777777,8.1,177.0,2020-02-23 06:19:19,刺网
10297,31.106222222222208,125.36727777777777,7.9,172.0,2020-02-23 06:29:19,刺网
10297,31.082694444444453,125.36622222222222,7.9,190.0,2020-02-23 06:39:19,刺网
10297,31.089277777777767,125.37269444444445,7.1,22.0,2020-02-23 06:49:19,刺网
10297,31.109222222222233,125.3727222222222,7.9,2.0,2020-02-23 06:59:19,刺网
10297,31.11066666666667,125.37238888888888,3.1,204.0,2020-02-23 07:09:19,刺网
10297,31.10891666666667,125.37086111111107,0.5,156.0,2020-02-23 07:19:19,刺网
10297,31.1075,125.36955555555555,1.0,260.0,2020-02-23 07:29:19,刺网
10297,31.10625,125.36780555555555,0.8,231.0,2020-02-23 07:39:19,刺网
10297,31.105277777777786,125.36591666666666,1.2,215.0,2020-02-23 07:49:19,刺网
10297,31.10441666666667,125.36416666666666,0.9,215.0,2020-02-23 07:59:19,刺网
10297,31.103472222222226,125.3624722222222,1.7,236.0,2020-02-23 08:09:19,刺网
10297,31.102916666666665,125.3610277777778,1.0,336.0,2020-02-23 08:19:19,刺网
10297,31.10252777777778,125.35952777777777,0.6,252.0,2020-02-23 08:29:19,刺网
10297,31.102305555555557,125.35783333333332,0.6,248.0,2020-02-23 08:39:19,刺网
10297,31.102305555555557,125.35638888888887,0.1,0.0,2020-02-23 08:49:19,刺网
10297,31.10244444444445,125.35530555555556,0.4,0.0,2020-02-23 08:59:19,刺网
10297,31.10283333333333,125.35419444444445,0.7,307.0,2020-02-23 09:09:19,刺网
10297,31.103305555555558,125.35311111111113,1.1,15.0,2020-02-23 09:19:19,刺网
10297,31.103638888888888,125.35263888888888,0.9,19.0,2020-02-23 09:29:19,刺网
10297,31.11413888888889,125.34605555555555,8.0,329.0,2020-02-23 09:39:19,刺网
10297,31.135472222222226,125.33652777777776,7.3,339.0,2020-02-23 09:49:19,刺网
10297,31.13588888888889,125.33538888888887,0.5,0.0,2020-02-23 09:59:19,刺网
10297,31.135,125.33519444444444,0.8,127.0,2020-02-23 10:09:19,刺网
10297,31.133138888888887,125.33555555555556,0.7,318.0,2020-02-23 10:19:19,刺网
10297,31.13405555555555,125.33525,1.7,36.0,2020-02-23 10:29:19,刺网
10297,31.13208333333333,125.33577777777776,1.3,188.0,2020-02-23 10:39:19,刺网
10297,31.130666666666666,125.33616666666668,0.4,0.0,2020-02-23 10:49:19,刺网
10297,31.128722222222233,125.33627777777778,0.8,198.0,2020-02-23 10:59:19,刺网
10297,31.12694444444445,125.33672222222219,0.9,169.0,2020-02-23 11:09:19,刺网
10297,31.12425,125.33738888888894,1.5,181.0,2020-02-23 11:19:19,刺网
10297,31.12208333333333,125.33852777777777,1.7,157.0,2020-02-23 11:29:19,刺网
10297,31.11933333333333,125.33905555555555,0.5,139.0,2020-02-23 11:39:19,刺网
10297,31.11675,125.33969444444445,0.7,173.0,2020-02-23 11:49:19,刺网
10297,31.115055555555557,125.34008333333333,1.8,173.0,2020-02-23 11:59:19,刺网
10297,31.112055555555557,125.34055555555555,0.9,169.0,2020-02-23 12:09:19,刺网
10297,31.11077777777778,125.34161111111106,1.4,63.0,2020-02-23 12:19:19,刺网
10297,31.11291666666667,125.31686111111112,8.5,269.0,2020-02-23 12:29:19,刺网
10297,31.119194444444453,125.30013888888887,7.7,170.0,2020-02-23 12:39:19,刺网
10297,31.09769444444445,125.29894444444444,8.1,191.0,2020-02-23 12:49:19,刺网
10297,31.075527777777786,125.29816666666666,7.9,185.0,2020-02-23 12:59:19,刺网
10297,31.084944444444453,125.29172222222223,6.3,356.0,2020-02-23 13:09:19,刺网
10297,31.10108333333333,125.29080555555555,6.5,349.0,2020-02-23 13:19:19,刺网
10297,31.103583333333336,125.28191666666666,0.5,209.0,2020-02-23 13:29:19,刺网
10297,31.103055555555557,125.28338888888894,0.8,110.0,2020-02-23 13:39:18,刺网
10297,31.10222222222223,125.28522222222222,0.7,49.0,2020-02-23 13:49:19,刺网
10297,31.10116666666667,125.28705555555555,1.7,160.0,2020-02-23 13:59:19,刺网
10297,31.09991666666667,125.28891666666668,0.6,0.0,2020-02-23 14:09:19,刺网
10297,31.098388888888888,125.2907777777778,1.9,155.0,2020-02-23 14:19:19,刺网
10297,31.096805555555548,125.29244444444444,0.8,158.0,2020-02-23 14:29:19,刺网
10297,31.09513888888889,125.29411111111106,1.1,131.0,2020-02-23 14:39:19,刺网
10297,31.09325,125.29586111111112,0.3,0.0,2020-02-23 14:49:19,刺网
10297,31.09138888888889,125.29722222222222,1.8,149.0,2020-02-23 14:59:19,刺网
10297,31.08933333333333,125.29875,0.7,161.0,2020-02-23 15:09:19,刺网
10297,31.087111111111113,125.29994444444445,1.6,167.0,2020-02-23 15:19:19,刺网
10297,31.08533333333333,125.30052777777777,1.5,135.0,2020-02-23 15:29:19,刺网
10297,31.083444444444442,125.3010277777778,0.8,173.0,2020-02-23 15:39:19,刺网
10297,31.07719444444445,125.30844444444445,8.3,143.0,2020-02-23 15:49:19,刺网
10297,31.06419444444445,125.32036111111113,0.6,0.0,2020-02-23 15:59:19,刺网
10297,31.066972222222233,125.31877777777778,1.8,12.0,2020-02-23 16:09:19,刺网
10297,31.07086111111111,125.31886111111106,1.4,24.0,2020-02-23 16:19:19,刺网
10297,31.07425,125.31886111111106,1.4,29.0,2020-02-23 16:29:19,刺网
10297,31.07783333333333,125.31863888888887,1.1,0.0,2020-02-23 16:39:19,刺网
10297,31.081916666666668,125.31872222222222,1.0,72.0,2020-02-23 16:49:19,刺网
10297,31.08544444444444,125.31858333333332,1.0,0.0,2020-02-23 16:59:19,刺网
10297,31.08922222222222,125.31827777777777,1.6,33.0,2020-02-23 17:09:19,刺网
10297,31.09311111111111,125.31736111111107,1.2,337.0,2020-02-23 17:19:19,刺网
10297,31.098027777777766,125.31555555555555,2.2,346.0,2020-02-23 17:29:19,刺网
10297,31.10241666666667,125.3147777777778,1.1,4.0,2020-02-23 17:39:19,刺网
10297,31.10686111111111,125.31552777777777,1.9,345.0,2020-02-23 17:49:18,刺网
10297,31.10933333333333,125.31775,1.3,259.0,2020-02-23 17:59:18,刺网
10297,31.10141666666667,125.32225,9.0,131.0,2020-02-23 18:09:18,刺网
10297,31.086388888888887,125.3352777777778,7.0,171.0,2020-02-23 18:19:18,刺网
10297,31.06383333333333,125.33491666666666,7.2,181.0,2020-02-23 18:29:18,刺网
10297,31.04180555555555,125.33511111111108,7.9,186.0,2020-02-23 18:39:18,刺网
10297,31.042333333333332,125.35061111111106,7.0,42.0,2020-02-23 18:49:19,刺网
10297,31.051388888888887,125.3645,2.8,288.0,2020-02-23 18:59:19,刺网
10297,31.052805555555555,125.36022222222222,1.7,0.0,2020-02-23 19:09:19,刺网
10297,31.053638888888887,125.35669444444444,2.3,269.0,2020-02-23 19:19:19,刺网
10297,31.05461111111111,125.35291666666666,1.3,283.0,2020-02-23 19:29:19,刺网
10297,31.055750000000003,125.34880555555556,1.3,315.0,2020-02-23 19:39:19,刺网
10297,31.05713888888889,125.34525,1.2,318.0,2020-02-23 19:49:19,刺网
10297,31.05875,125.3414722222222,1.4,299.0,2020-02-23 19:59:19,刺网
10297,31.060194444444452,125.33758333333333,1.0,286.0,2020-02-23 20:09:19,刺网
10297,31.06125,125.33427777777777,0.3,0.0,2020-02-23 20:19:19,刺网
10297,31.06222222222221,125.33141666666666,2.1,286.0,2020-02-23 20:29:19,刺网
10297,31.063194444444445,125.32905555555556,0.7,300.0,2020-02-23 20:39:19,刺网
10297,31.064611111111113,125.32661111111106,1.5,300.0,2020-02-23 20:49:19,刺网
10297,31.06583333333333,125.32455555555555,1.2,313.0,2020-02-23 20:59:19,刺网
10297,31.06733333333333,125.32269444444445,0.6,325.0,2020-02-23 21:09:19,刺网
10297,31.08225,125.32005555555556,9.5,349.0,2020-02-23 21:19:19,刺网
10297,31.1035,125.3115,3.9,15.0,2020-02-23 21:29:19,刺网
10297,31.10475000000001,125.31277777777777,1.2,245.0,2020-02-23 21:39:19,刺网
10297,31.10211111111111,125.31286111111108,1.4,171.0,2020-02-23 21:49:19,刺网
10297,31.10033333333333,125.31388888888887,1.3,149.0,2020-02-23 21:59:19,刺网
10297,31.09758333333333,125.31491666666666,1.2,225.0,2020-02-23 22:09:19,刺网
10297,31.09472222222222,125.31613888888887,1.4,169.0,2020-02-23 22:19:18,刺网
10297,31.09311111111111,125.3162222222222,2.1,50.0,2020-02-23 22:29:18,刺网
10297,31.09183333333333,125.3172222222222,1.4,60.0,2020-02-23 22:39:18,刺网
10297,31.09011111111111,125.31713888888888,1.0,154.0,2020-02-23 22:49:18,刺网
10297,31.088361111111112,125.3175,0.5,174.0,2020-02-23 22:59:18,刺网
10297,31.087916666666665,125.31808333333332,0.6,120.0,2020-02-23 23:09:18,刺网
10297,31.086305555555555,125.3202777777778,0.8,161.0,2020-02-23 23:19:18,刺网
10297,31.084555555555553,125.32194444444444,0.6,0.0,2020-02-23 23:29:18,刺网
10297,31.08275,125.32391666666666,1.3,119.0,2020-02-23 23:39:18,刺网
10297,31.08055555555556,125.32205555555555,7.1,233.0,2020-02-23 23:49:19,刺网
10297,31.06783333333333,125.3010277777778,7.5,237.0,2020-02-23 23:59:18,刺网
10297,31.058166666666665,125.28158333333332,7.6,238.0,2020-02-24 00:09:19,刺网
10297,31.046972222222234,125.26144444444445,7.6,243.0,2020-02-24 00:19:19,刺网
10297,31.02975,125.25086111111106,7.6,179.0,2020-02-24 00:29:19,刺网
10297,31.00808333333333,125.25058333333332,8.0,178.0,2020-02-24 00:39:19,刺网
10297,30.986472222222233,125.25147222222222,5.5,168.0,2020-02-24 00:49:19,刺网
10297,30.99833333333333,125.24044444444445,7.9,10.0,2020-02-24 00:59:19,刺网
10297,31.00441666666667,125.24,0.8,56.0,2020-02-24 01:09:19,刺网
10297,31.00558333333333,125.24225,1.0,62.0,2020-02-24 01:19:19,刺网
10297,31.00666666666667,125.2445277777778,1.5,109.0,2020-02-24 01:29:19,刺网
10297,31.00741666666667,125.24688888888888,1.5,127.0,2020-02-24 01:39:19,刺网
10297,31.008138888888887,125.24911111111106,1.2,45.0,2020-02-24 01:49:19,刺网
10297,31.008805555555558,125.25141666666666,0.9,58.0,2020-02-24 01:59:19,刺网
10297,31.00927777777777,125.25377777777778,1.3,107.0,2020-02-24 02:09:19,刺网
10297,31.00941666666667,125.25577777777778,0.6,82.0,2020-02-24 02:19:19,刺网
10297,31.0095,125.25791666666666,0.5,88.0,2020-02-24 02:29:19,刺网
10297,31.00927777777777,125.2597222222222,0.8,116.0,2020-02-24 02:39:19,刺网
10297,31.009,125.26166666666668,0.4,0.0,2020-02-24 02:49:18,刺网
10297,31.008416666666665,125.26330555555555,0.5,22.0,2020-02-24 02:59:18,刺网
10297,31.00775,125.26466666666668,0.9,141.0,2020-02-24 03:09:18,刺网
10297,31.00683333333333,125.2657222222222,0.6,47.0,2020-02-24 03:19:18,刺网
10297,31.00594444444444,125.2667777777778,0.7,156.0,2020-02-24 03:29:18,刺网
10297,31.00486111111111,125.26736111111107,0.5,154.0,2020-02-24 03:39:18,刺网
10297,31.00363888888889,125.26780555555555,2.4,241.0,2020-02-24 03:49:18,刺网
10297,30.9845,125.27313888888894,7.2,168.0,2020-02-24 03:59:18,刺网
10297,30.98216666666667,125.27522222222223,0.8,221.0,2020-02-24 04:09:18,刺网
10297,30.97891666666667,125.27761111111113,1.5,177.0,2020-02-24 04:19:18,刺网
10297,30.97855555555555,125.28027777777778,0.4,65.0,2020-02-24 04:29:18,刺网
10297,30.980999999999998,125.28186111111113,0.8,40.0,2020-02-24 04:39:18,刺网
10297,30.98433333333333,125.28213888888894,0.6,352.0,2020-02-24 04:49:19,刺网
10297,30.98644444444445,125.28161111111108,0.5,0.0,2020-02-24 04:59:19,刺网
10297,30.989361111111112,125.28055555555555,1.4,316.0,2020-02-24 05:09:19,刺网
10297,30.992472222222233,125.28005555555555,1.4,10.0,2020-02-24 05:19:19,刺网
10297,30.99491666666667,125.2792777777778,0.2,0.0,2020-02-24 05:29:19,刺网
10297,30.99833333333333,125.27822222222223,0.8,324.0,2020-02-24 05:39:19,刺网
10297,31.001305555555557,125.27761111111113,0.7,57.0,2020-02-24 05:49:19,刺网
10297,31.00419444444445,125.27744444444444,1.2,23.0,2020-02-24 05:59:19,刺网
10297,31.005666666666666,125.27830555555555,1.3,66.0,2020-02-24 06:09:19,刺网
10297,30.99616666666667,125.28113888888888,9.0,158.0,2020-02-24 06:19:19,刺网
10297,30.971527777777766,125.29041666666666,8.5,151.0,2020-02-24 06:29:19,刺网
10297,30.948777777777767,125.29875,9.6,173.0,2020-02-24 06:39:19,刺网
10297,30.92425,125.29927777777776,8.7,193.0,2020-02-24 06:49:19,刺网
10297,30.901277777777768,125.29922222222223,7.7,175.0,2020-02-24 06:59:19,刺网
10297,30.89833333333333,125.3075,7.1,62.0,2020-02-24 07:09:19,刺网
10297,30.90758333333333,125.31791666666666,2.8,282.0,2020-02-24 07:19:19,刺网
10297,30.907611111111112,125.31222222222222,1.6,272.0,2020-02-24 07:29:18,刺网
10297,30.908527777777767,125.30752777777776,1.1,281.0,2020-02-24 07:39:18,刺网
10297,30.90961111111111,125.30275,1.4,288.0,2020-02-24 07:49:18,刺网
10297,30.91097222222221,125.29797222222223,2.0,278.0,2020-02-24 07:59:18,刺网
10297,30.91269444444445,125.29330555555555,1.4,300.0,2020-02-24 08:09:18,刺网
10297,30.91441666666667,125.28836111111107,1.4,291.0,2020-02-24 08:19:18,刺网
10297,30.91636111111111,125.28355555555555,1.7,303.0,2020-02-24 08:29:18,刺网
10297,30.91861111111111,125.27841666666669,1.2,297.0,2020-02-24 08:39:18,刺网
10297,30.92088888888889,125.27422222222219,1.3,300.0,2020-02-24 08:49:18,刺网
10297,30.9235,125.26994444444445,2.1,319.0,2020-02-24 08:59:18,刺网
10297,30.926388888888887,125.26580555555556,1.7,306.0,2020-02-24 09:09:18,刺网
10297,30.929305555555555,125.26175,1.7,313.0,2020-02-24 09:19:18,刺网
10297,30.932472222222234,125.25786111111113,1.6,311.0,2020-02-24 09:29:18,刺网
10297,30.935666666666666,125.25408333333334,1.6,310.0,2020-02-24 09:39:19,刺网
10297,30.93861111111111,125.25013888888887,3.4,203.0,2020-02-24 09:49:19,刺网
10297,30.925555555555558,125.26530555555556,7.2,133.0,2020-02-24 09:59:19,刺网
10297,30.91891666666667,125.27411111111113,0.3,0.0,2020-02-24 10:09:19,刺网
10297,30.922527777777766,125.27413888888887,1.1,342.0,2020-02-24 10:19:19,刺网
10297,30.927888888888887,125.27375,1.9,358.0,2020-02-24 10:29:19,刺网
10297,30.932,125.27558333333332,1.2,131.0,2020-02-24 10:39:19,刺网
10297,30.933777777777767,125.27575,1.1,337.0,2020-02-24 10:49:19,刺网
10297,30.93833333333333,125.27633333333333,2.4,13.0,2020-02-24 10:59:19,刺网
10297,30.94236111111111,125.27613888888888,2.3,354.0,2020-02-24 11:09:19,刺网
10297,30.94730555555555,125.2757777777778,1.8,24.0,2020-02-24 11:19:19,刺网
10297,30.951777777777767,125.27711111111113,2.2,12.0,2020-02-24 11:29:19,刺网
10297,30.95622222222222,125.2775277777778,2.2,1.0,2020-02-24 11:39:18,刺网
10297,30.95975,125.27719444444445,1.0,6.0,2020-02-24 11:49:18,刺网
10297,30.963611111111113,125.27875,1.8,20.0,2020-02-24 11:59:18,刺网
10297,30.96688888888889,125.27861111111108,1.7,58.0,2020-02-24 12:09:18,刺网
10297,30.963027777777786,125.28280555555556,7.9,156.0,2020-02-24 12:19:18,刺网
10297,30.94216666666667,125.29286111111112,7.9,168.0,2020-02-24 12:29:18,刺网
10297,30.92225,125.2965,7.5,186.0,2020-02-24 12:39:18,刺网
10297,30.900861111111112,125.29458333333332,7.9,185.0,2020-02-24 12:49:18,刺网
10297,30.90208333333333,125.28841666666666,8.7,0.0,2020-02-24 12:59:18,刺网
10297,30.91183333333333,125.29030555555555,1.7,22.0,2020-02-24 13:09:18,刺网
10297,30.91494444444445,125.29294444444444,1.2,40.0,2020-02-24 13:19:18,刺网
10297,30.91772222222223,125.29552777777776,1.2,32.0,2020-02-24 13:29:18,刺网
10297,30.920361111111113,125.29813888888887,1.2,38.0,2020-02-24 13:39:18,刺网
10297,30.92280555555556,125.30077777777777,1.3,31.0,2020-02-24 13:49:18,刺网
10297,30.92511111111111,125.30361111111112,1.0,43.0,2020-02-24 13:59:18,刺网
10297,30.92708333333333,125.30622222222222,0.8,43.0,2020-02-24 14:09:18,刺网
10297,30.92897222222221,125.30894444444445,1.0,45.0,2020-02-24 14:19:19,刺网
10297,30.930694444444452,125.31175,0.9,30.0,2020-02-24 14:29:19,刺网
10297,30.93225,125.31444444444445,1.1,63.0,2020-02-24 14:39:19,刺网
10297,30.93366666666667,125.3172222222222,0.9,100.0,2020-02-24 14:49:19,刺网
10297,30.93491666666667,125.31986111111112,0.8,78.0,2020-02-24 14:59:19,刺网
10297,30.93611111111111,125.3225,0.9,77.0,2020-02-24 15:09:19,刺网
10297,30.93713888888889,125.32477777777778,1.0,67.0,2020-02-24 15:19:19,刺网
10297,30.93813888888889,125.327,1.1,76.0,2020-02-24 15:29:19,刺网
10297,30.938972222222233,125.32908333333332,0.7,74.0,2020-02-24 15:39:19,刺网
10297,30.933555555555557,125.31211111111112,2.7,336.0,2020-02-24 15:49:18,刺网
10297,30.935,125.31066666666666,0.9,133.0,2020-02-24 15:59:18,刺网
10297,30.934722222222234,125.31025,1.9,117.0,2020-02-24 16:09:18,刺网
10297,30.92361111111111,125.31316666666666,10.0,165.0,2020-02-24 16:19:18,刺网
10297,30.89619444444445,125.32172222222222,10.4,155.0,2020-02-24 16:29:18,刺网
10297,30.886555555555553,125.3237777777778,0.6,53.0,2020-02-24 16:39:18,刺网
10297,30.889888888888887,125.32313888888888,1.8,336.0,2020-02-24 16:49:18,刺网
10297,30.893583333333336,125.32211111111113,1.3,303.0,2020-02-24 16:59:18,刺网
10297,30.897472222222234,125.32069444444444,1.7,323.0,2020-02-24 17:09:18,刺网
10297,30.902305555555554,125.31955555555555,1.8,342.0,2020-02-24 17:19:18,刺网
10297,30.904416666666666,125.31969444444445,2.8,146.0,2020-02-24 17:29:18,刺网
10297,30.90013888888889,125.32066666666668,1.7,88.0,2020-02-24 17:39:18,刺网
10297,30.899722222222234,125.32319444444445,1.3,52.0,2020-02-24 17:49:18,刺网
10297,30.90233333333333,125.32416666666666,1.1,13.0,2020-02-24 17:59:18,刺网
10297,30.905472222222233,125.32352777777777,1.2,335.0,2020-02-24 18:09:18,刺网
10297,30.90819444444444,125.3227222222222,0.5,323.0,2020-02-24 18:19:18,刺网
10297,30.91072222222222,125.32130555555555,1.2,298.0,2020-02-24 18:29:18,刺网
10297,30.90883333333333,125.32227777777778,7.9,140.0,2020-02-24 18:39:18,刺网
10297,30.89683333333333,125.3444722222222,8.3,125.0,2020-02-24 18:49:18,刺网
10297,30.88194444444445,125.3647222222222,8.5,133.0,2020-02-24 18:59:19,刺网
10297,30.86855555555556,125.3814722222222,6.7,326.0,2020-02-24 19:09:19,刺网
10297,30.890555555555554,125.38152777777776,7.7,357.0,2020-02-24 19:19:19,刺网
10297,30.91433333333333,125.38141666666664,8.3,355.0,2020-02-24 19:29:19,刺网
10297,30.89686111111111,125.40375,7.2,151.0,2020-02-24 19:49:19,刺网
10297,30.887777777777767,125.4014722222222,1.2,284.0,2020-02-24 19:59:18,刺网
10297,30.8905,125.39705555555555,1.7,303.0,2020-02-24 20:09:18,刺网
10297,30.89352777777778,125.39294444444445,1.5,314.0,2020-02-24 20:19:18,刺网
10297,30.896694444444442,125.38883333333334,1.4,310.0,2020-02-24 20:29:18,刺网
10297,30.90008333333333,125.38486111111106,2.1,321.0,2020-02-24 20:39:18,刺网
10297,30.90347222222222,125.38102777777777,0.9,326.0,2020-02-24 20:49:18,刺网
10297,30.90711111111111,125.37761111111112,1.1,319.0,2020-02-24 20:59:18,刺网
10297,30.91075,125.37422222222222,5.3,306.0,2020-02-24 21:09:18,刺网
10297,30.91802777777778,125.36822222222222,1.7,334.0,2020-02-24 21:29:18,刺网
10297,30.922305555555557,125.36558333333332,1.5,333.0,2020-02-24 21:39:18,刺网
10297,30.926305555555558,125.3635,1.3,334.0,2020-02-24 21:49:18,刺网
10297,30.93044444444445,125.36124999999998,2.2,342.0,2020-02-24 21:59:18,刺网
10297,30.93469444444445,125.35958333333332,1.7,335.0,2020-02-24 22:09:18,刺网
10297,30.93891666666667,125.35799999999999,1.4,335.0,2020-02-24 22:19:18,刺网
10297,30.943166666666666,125.35663888888888,1.7,346.0,2020-02-24 22:29:18,刺网
10297,30.94733333333333,125.35588888888887,1.3,353.0,2020-02-24 22:39:18,刺网
10297,30.951555555555554,125.35533333333332,2.0,356.0,2020-02-24 22:49:18,刺网
10297,30.95569444444445,125.35483333333332,1.1,350.0,2020-02-24 22:59:18,刺网
10297,30.95975,125.35455555555555,1.5,354.0,2020-02-24 23:09:18,刺网
10297,30.96383333333333,125.3545277777778,1.7,5.0,2020-02-24 23:19:18,刺网
10297,30.967805555555554,125.35486111111106,1.3,3.0,2020-02-24 23:29:18,刺网
10297,30.97172222222222,125.35538888888887,1.2,11.0,2020-02-24 23:39:18,刺网
10297,30.975972222222207,125.35641666666666,1.8,5.0,2020-02-24 23:49:19,刺网
10297,30.97961111111111,125.35722222222222,1.3,11.0,2020-02-24 23:59:19,刺网
10297,30.98341666666667,125.35858333333331,1.9,14.0,2020-02-25 00:09:19,刺网
10297,30.987055555555557,125.36022222222222,1.2,17.0,2020-02-25 00:19:18,刺网
10297,30.99058333333333,125.36161111111107,1.6,14.0,2020-02-25 00:29:18,刺网
10297,30.99372222222221,125.36327777777777,0.7,16.0,2020-02-25 00:39:18,刺网
10297,30.99683333333333,125.36536111111113,2.1,20.0,2020-02-25 00:49:18,刺网
10297,30.99975,125.36733333333332,1.3,26.0,2020-02-25 00:59:18,刺网
10297,31.00241666666667,125.36933333333332,0.6,29.0,2020-02-25 01:09:18,刺网
10297,31.004972222222232,125.37166666666666,1.1,37.0,2020-02-25 01:19:18,刺网
10297,31.007305555555554,125.37375,0.7,39.0,2020-02-25 01:29:18,刺网
10297,31.009527777777766,125.37594444444444,1.1,20.0,2020-02-25 01:39:18,刺网
10297,31.0115,125.37833333333332,1.0,26.0,2020-02-25 01:49:18,刺网
10297,31.013333333333332,125.38080555555555,1.3,58.0,2020-02-25 01:59:18,刺网
10297,31.01458333333333,125.38305555555556,0.8,59.0,2020-02-25 02:09:18,刺网
10297,31.01597222222221,125.38547222222223,0.7,105.0,2020-02-25 02:19:18,刺网
10297,31.007805555555557,125.38716666666667,8.7,158.0,2020-02-25 02:29:18,刺网
10297,30.985972222222234,125.38905555555556,8.2,173.0,2020-02-25 02:39:18,刺网
10297,30.96386111111111,125.39311111111112,8.3,167.0,2020-02-25 02:49:18,刺网
10297,30.941388888888888,125.39763888888888,8.4,162.0,2020-02-25 02:59:18,刺网
10297,30.93347222222221,125.39925,0.6,171.0,2020-02-25 03:09:18,刺网
10297,30.931555555555555,125.40113888888894,0.4,91.0,2020-02-25 03:19:18,刺网
10297,30.929361111111113,125.40269444444445,1.4,136.0,2020-02-25 03:29:18,刺网
10297,30.926361111111113,125.40311111111113,0.7,170.0,2020-02-25 03:39:18,刺网
10297,30.92283333333333,125.40347222222222,2.5,186.0,2020-02-25 03:49:18,刺网
10297,30.92055555555556,125.40191666666666,1.0,199.0,2020-02-25 03:59:18,刺网
10297,30.91788888888889,125.40011111111113,1.6,207.0,2020-02-25 04:09:18,刺网
10297,30.91419444444445,125.40086111111113,1.8,170.0,2020-02-25 04:19:18,刺网
10297,30.910472222222207,125.40122222222223,1.1,223.0,2020-02-25 04:29:18,刺网
10297,30.90661111111111,125.4009722222222,1.2,158.0,2020-02-25 04:39:19,刺网
10297,30.902916666666666,125.40105555555556,0.7,148.0,2020-02-25 04:49:18,刺网
10297,30.900666666666666,125.4005,0.5,100.0,2020-02-25 04:59:18,刺网
10297,30.90008333333333,125.40161111111112,0.4,0.0,2020-02-25 05:09:18,刺网
10297,30.899555555555555,125.4035,4.5,111.0,2020-02-25 05:19:18,刺网
10297,30.89608333333333,125.39886111111113,1.1,225.0,2020-02-25 05:29:18,刺网
10297,30.89544444444445,125.39688888888894,0.7,253.0,2020-02-25 05:39:18,刺网
10297,30.89552777777779,125.39522222222223,3.5,116.0,2020-02-25 05:49:18,刺网
10297,30.893916666666666,125.39697222222223,1.2,38.0,2020-02-25 05:59:18,刺网
10297,30.89308333333333,125.39658333333334,0.5,0.0,2020-02-25 06:09:18,刺网
10297,30.89208333333333,125.39577777777778,1.8,77.0,2020-02-25 06:19:18,刺网
10297,30.8895,125.39633333333332,2.5,165.0,2020-02-25 06:29:18,刺网
10297,30.88591666666667,125.39425,1.6,239.0,2020-02-25 06:39:18,刺网
10297,30.88327777777778,125.39444444444445,0.3,0.0,2020-02-25 06:49:18,刺网
10297,30.883055555555558,125.39416666666668,0.8,133.0,2020-02-25 06:59:18,刺网
10297,30.89725,125.39166666666668,8.9,348.0,2020-02-25 07:09:18,刺网
10297,30.92125,125.39094444444444,8.6,6.0,2020-02-25 07:19:18,刺网
10297,30.94458333333333,125.38911111111112,7.7,354.0,2020-02-25 07:29:18,刺网
10297,30.965611111111112,125.38816666666668,7.3,356.0,2020-02-25 07:39:18,刺网
10297,30.98708333333333,125.38819444444445,7.5,9.0,2020-02-25 07:49:18,刺网
10297,30.98183333333333,125.39402777777778,8.4,202.0,2020-02-25 07:59:18,刺网
10297,30.962194444444453,125.3952777777778,7.3,163.0,2020-02-25 08:09:18,刺网
10297,30.951,125.39969444444445,1.5,346.0,2020-02-25 08:19:18,刺网
10297,30.95444444444445,125.39794444444445,1.0,338.0,2020-02-25 08:29:18,刺网
10297,30.95788888888889,125.39702777777781,2.0,342.0,2020-02-25 08:39:18,刺网
10297,30.96155555555555,125.39586111111113,1.1,345.0,2020-02-25 08:49:18,刺网
10297,30.965277777777786,125.39411111111113,2.0,335.0,2020-02-25 08:59:17,刺网
10297,30.969305555555554,125.39294444444445,0.6,0.0,2020-02-25 09:09:17,刺网
10297,30.97336111111111,125.3912777777778,0.6,0.0,2020-02-25 09:19:18,刺网
10297,30.977722222222226,125.39075,1.0,9.0,2020-02-25 09:29:18,刺网
10297,30.982083333333332,125.38986111111113,2.0,350.0,2020-02-25 09:39:18,刺网
10297,30.986527777777766,125.38880555555555,2.3,348.0,2020-02-25 09:49:18,刺网
10297,30.991083333333336,125.3882777777778,2.7,350.0,2020-02-25 09:59:18,刺网
10297,30.996,125.3882777777778,1.6,320.0,2020-02-25 10:09:18,刺网
10297,31.000777777777767,125.38813888888893,0.9,334.0,2020-02-25 10:19:18,刺网
10297,31.005472222222235,125.38836111111112,1.3,0.0,2020-02-25 10:29:18,刺网
10297,31.010638888888888,125.38841666666669,1.5,355.0,2020-02-25 10:39:18,刺网
10297,31.015305555555557,125.389,1.9,9.0,2020-02-25 10:49:18,刺网
10297,31.02033333333333,125.39016666666667,2.1,6.0,2020-02-25 10:59:18,刺网
10297,31.025277777777767,125.39163888888888,2.5,1.0,2020-02-25 11:09:18,刺网
10297,31.030166666666666,125.39327777777778,2.1,19.0,2020-02-25 11:19:18,刺网
10297,31.034972222222233,125.39530555555555,3.0,12.0,2020-02-25 11:29:18,刺网
10297,31.03975,125.39747222222222,3.0,12.0,2020-02-25 11:39:18,刺网
10297,31.04450000000001,125.4,2.3,37.0,2020-02-25 11:49:18,刺网
10297,31.04033333333333,125.3985,6.2,189.0,2020-02-25 11:59:18,刺网
10297,31.02213888888889,125.3917777777778,6.7,205.0,2020-02-25 12:09:18,刺网
10297,31.00411111111111,125.38405555555555,6.2,212.0,2020-02-25 12:19:18,刺网
10297,30.985416666666666,125.3772777777778,6.7,218.0,2020-02-25 12:29:18,刺网
10297,30.97211111111111,125.37461111111112,0.5,0.0,2020-02-25 12:39:18,刺网
10297,30.972361111111113,125.37575,0.8,12.0,2020-02-25 12:49:18,刺网
10297,30.975388888888887,125.37686111111113,1.3,7.0,2020-02-25 12:59:18,刺网
10297,30.978416666666664,125.37716666666664,0.9,349.0,2020-02-25 13:09:17,刺网
10297,30.981666666666666,125.37775,0.8,34.0,2020-02-25 13:19:17,刺网
10297,30.985416666666666,125.37886111111106,0.3,0.0,2020-02-25 13:29:17,刺网
10297,30.988722222222233,125.37938888888887,0.9,305.0,2020-02-25 13:39:17,刺网
10297,30.99191666666667,125.3799722222222,1.6,13.0,2020-02-25 13:49:17,刺网
10297,30.995027777777786,125.38069444444444,1.5,56.0,2020-02-25 13:59:18,刺网
10297,30.997611111111112,125.38261111111107,1.6,28.0,2020-02-25 14:09:18,刺网
10297,31.00072222222222,125.38569444444445,2.2,32.0,2020-02-25 14:19:18,刺网
10297,31.00333333333333,125.38705555555555,1.0,251.0,2020-02-25 14:29:18,刺网
10297,31.005666666666666,125.38813888888893,0.5,46.0,2020-02-25 14:39:18,刺网
10297,31.00686111111111,125.39208333333332,1.3,105.0,2020-02-25 14:49:18,刺网
10297,30.992638888888887,125.41183333333336,10.5,94.0,2020-02-25 14:59:18,刺网
10297,30.973027777777766,125.42586111111113,8.8,179.0,2020-02-25 15:09:18,刺网
10297,30.94886111111111,125.4250277777778,8.9,175.0,2020-02-25 15:19:18,刺网
10297,30.927972222222234,125.42330555555556,2.9,275.0,2020-02-25 15:29:18,刺网
10297,30.92394444444445,125.43116666666668,9.2,92.0,2020-02-25 15:39:18,刺网
10297,30.92444444444445,125.44036111111113,1.6,86.0,2020-02-25 15:49:18,刺网
10297,30.92505555555556,125.44405555555555,1.6,85.0,2020-02-25 15:59:18,刺网
10297,30.925694444444453,125.44755555555555,2.0,32.0,2020-02-25 16:09:18,刺网
10297,30.92613888888889,125.45088888888893,0.7,0.0,2020-02-25 16:19:18,刺网
10297,30.926444444444453,125.45419444444444,1.0,127.0,2020-02-25 16:29:18,刺网
10297,30.926805555555557,125.45716666666668,1.3,104.0,2020-02-25 16:39:18,刺网
10297,30.927027777777766,125.46019444444444,1.5,98.0,2020-02-25 16:49:18,刺网
10297,30.927138888888887,125.46333333333334,0.7,109.0,2020-02-25 16:59:18,刺网
10297,30.927194444444453,125.4664722222222,1.5,88.0,2020-02-25 17:09:18,刺网
10297,30.927222222222234,125.469,1.3,91.0,2020-02-25 17:19:18,刺网
10297,30.927138888888887,125.47138888888892,0.9,91.0,2020-02-25 17:29:17,刺网
10297,30.92677777777779,125.4735,0.6,108.0,2020-02-25 17:39:17,刺网
10297,30.92677777777779,125.47552777777777,0.7,60.0,2020-02-25 17:49:17,刺网
10297,30.92669444444445,125.47730555555556,1.1,121.0,2020-02-25 17:59:17,刺网
10297,30.926805555555557,125.47861111111106,0.3,0.0,2020-02-25 18:09:17,刺网
10297,30.927,125.4795,1.6,16.0,2020-02-25 18:19:17,刺网
10297,30.92725,125.48005555555555,2.2,340.0,2020-02-25 18:29:17,刺网
10297,30.928000000000004,125.48008333333334,1.3,345.0,2020-02-25 18:39:18,刺网
10297,30.92822222222221,125.48005555555555,1.1,311.0,2020-02-25 18:49:18,刺网
10297,30.92880555555556,125.47963888888887,0.9,310.0,2020-02-25 18:59:18,刺网
10297,30.92961111111111,125.47913888888887,0.6,295.0,2020-02-25 19:09:18,刺网
10297,30.930833333333336,125.47819444444444,0.6,317.0,2020-02-25 19:19:18,刺网
10297,30.93202777777779,125.47691666666668,1.0,293.0,2020-02-25 19:29:18,刺网
10297,30.933416666666666,125.47558333333332,1.1,316.0,2020-02-25 19:39:18,刺网
10297,30.934777777777786,125.47413888888887,0.6,325.0,2020-02-25 19:49:18,刺网
10297,30.93625,125.47269444444444,1.2,311.0,2020-02-25 19:59:18,刺网
10297,30.93816666666667,125.47097222222222,1.1,338.0,2020-02-25 20:09:18,刺网
10297,30.94011111111111,125.46933333333334,1.3,303.0,2020-02-25 20:19:18,刺网
10297,30.942277777777786,125.46794444444444,2.3,352.0,2020-02-25 20:29:18,刺网
10297,30.944305555555548,125.46711111111112,2.1,315.0,2020-02-25 20:39:18,刺网
10297,30.94597222222221,125.46691666666666,0.4,0.0,2020-02-25 20:49:18,刺网
10297,30.94425,125.45894444444444,6.6,221.0,2020-02-25 20:59:18,刺网
10297,30.944944444444445,125.43647222222224,9.1,302.0,2020-02-25 21:09:18,刺网
10297,30.95891666666667,125.41288888888887,7.9,315.0,2020-02-25 21:19:18,刺网
10297,30.946472222222226,125.40641666666669,8.6,198.0,2020-02-25 21:29:18,刺网
10297,30.92580555555556,125.40336111111112,6.3,190.0,2020-02-25 21:39:18,刺网
10297,30.925166666666666,125.40344444444445,0.6,39.0,2020-02-25 21:49:17,刺网
10297,30.92886111111111,125.40522222222219,1.6,27.0,2020-02-25 21:59:17,刺网
10297,30.933222222222234,125.40630555555555,1.1,342.0,2020-02-25 22:09:17,刺网
10297,30.937972222222232,125.4055,2.3,353.0,2020-02-25 22:19:17,刺网
10297,30.94211111111111,125.40658333333334,1.5,21.0,2020-02-25 22:29:17,刺网
10297,30.94436111111111,125.4080277777778,1.9,331.0,2020-02-25 22:39:17,刺网
10297,30.94911111111111,125.40738888888893,2.0,349.0,2020-02-25 22:49:17,刺网
10297,30.953722222222233,125.40833333333336,0.8,47.0,2020-02-25 22:59:17,刺网
10297,30.95775,125.4092777777778,2.0,0.0,2020-02-25 23:09:17,刺网
10297,30.96225,125.40947222222222,1.8,328.0,2020-02-25 23:19:17,刺网
10297,30.96575,125.41061111111112,0.6,81.0,2020-02-25 23:29:17,刺网
10297,30.96608333333333,125.41044444444445,2.4,20.0,2020-02-25 23:39:18,刺网
10297,30.969027777777768,125.41188888888892,1.1,289.0,2020-02-25 23:49:18,刺网
10297,30.970555555555553,125.4044722222222,7.7,300.0,2020-02-25 23:59:18,刺网
10297,30.97411111111111,125.38183333333332,7.7,276.0,2020-02-26 00:09:18,刺网
10297,30.98466666666667,125.36113888888887,7.9,318.0,2020-02-26 00:19:18,刺网
10297,31.002472222222234,125.34563888888887,8.3,325.0,2020-02-26 00:29:18,刺网
10297,31.020777777777766,125.33161111111107,7.7,324.0,2020-02-26 00:39:18,刺网
10297,31.034027777777766,125.314,7.8,329.0,2020-02-26 00:49:18,刺网
10297,31.053027777777785,125.30336111111107,7.3,334.0,2020-02-26 00:59:18,刺网
10297,31.07305555555555,125.30077777777777,7.0,13.0,2020-02-26 01:09:18,刺网
10297,31.09263888888889,125.29686111111113,7.4,25.0,2020-02-26 01:19:18,刺网
10297,31.073638888888887,125.29813888888887,8.5,176.0,2020-02-26 01:29:18,刺网
10297,31.05022222222223,125.30013888888887,8.3,171.0,2020-02-26 01:39:18,刺网
10297,31.044611111111113,125.2922222222222,6.4,332.0,2020-02-26 01:49:18,刺网
10297,31.058833333333336,125.28958333333333,6.1,13.0,2020-02-26 01:59:18,刺网
10297,31.073583333333332,125.28516666666668,6.4,8.0,2020-02-26 02:09:18,刺网
10297,31.08583333333333,125.28552777777777,2.9,182.0,2020-02-26 02:19:17,刺网
10297,31.082472222222233,125.28980555555556,1.4,82.0,2020-02-26 02:29:17,刺网
10297,31.078916666666665,125.29405555555556,2.9,110.0,2020-02-26 02:39:17,刺网
10297,31.075027777777766,125.29827777777777,1.0,145.0,2020-02-26 02:49:17,刺网
10297,31.07080555555555,125.30225,1.5,0.0,2020-02-26 02:59:17,刺网
10297,31.06636111111111,125.30605555555556,4.5,0.0,2020-02-26 03:09:17,刺网
10297,31.061805555555555,125.31011111111113,1.2,172.0,2020-02-26 03:19:17,刺网
10297,31.05694444444445,125.31369444444445,1.9,151.0,2020-02-26 03:29:17,刺网
10297,31.051972222222233,125.3172222222222,2.7,146.0,2020-02-26 03:39:17,刺网
10297,31.04675,125.32044444444445,2.2,155.0,2020-02-26 03:49:17,刺网
10297,31.04091666666667,125.32361111111106,2.1,212.0,2020-02-26 03:59:17,刺网
10297,31.03550000000001,125.32625,2.4,154.0,2020-02-26 04:09:17,刺网
10297,31.029805555555555,125.32894444444445,3.1,149.0,2020-02-26 04:19:17,刺网
10297,31.024,125.33116666666668,2.8,163.0,2020-02-26 04:29:17,刺网
10297,31.018166666666666,125.33322222222222,3.3,157.0,2020-02-26 04:39:18,刺网
10297,31.01191666666667,125.33497222222219,1.1,162.0,2020-02-26 04:49:18,刺网
10297,31.020555555555553,125.3327777777778,0.9,163.0,2020-02-26 04:59:18,刺网
10297,31.02213888888889,125.33133333333332,0.6,329.0,2020-02-26 05:09:18,刺网
10297,31.02494444444445,125.33022222222222,1.8,76.0,2020-02-26 05:19:18,刺网
10297,31.02708333333333,125.33002777777777,1.5,257.0,2020-02-26 05:29:18,刺网
10297,31.029805555555555,125.32955555555556,1.6,332.0,2020-02-26 05:39:18,刺网
10297,31.032916666666665,125.32888888888887,1.2,37.0,2020-02-26 05:49:18,刺网
10297,31.035555555555558,125.32802777777776,0.7,35.0,2020-02-26 05:59:18,刺网
10297,31.038833333333336,125.32711111111112,1.8,348.0,2020-02-26 06:09:18,刺网
10297,31.041,125.3262777777778,1.2,300.0,2020-02-26 06:19:18,刺网
10297,31.04419444444445,125.32552777777776,1.5,10.0,2020-02-26 06:29:18,刺网
10297,31.047361111111112,125.32469444444445,2.5,328.0,2020-02-26 06:39:17,刺网
10297,31.049944444444453,125.32358333333332,1.9,285.0,2020-02-26 06:49:17,刺网
10297,31.052750000000003,125.32186111111106,1.9,313.0,2020-02-26 06:59:17,刺网
10297,31.052916666666665,125.31861111111112,5.2,315.0,2020-02-26 07:09:17,刺网
10297,31.0615,125.30625,4.2,336.0,2020-02-26 07:19:17,刺网
10297,31.07791666666667,125.30127777777778,7.0,327.0,2020-02-26 07:29:17,刺网
10297,31.09105555555556,125.29772222222222,7.8,159.0,2020-02-26 07:39:17,刺网
10297,31.06725,125.2965,8.8,179.0,2020-02-26 07:49:17,刺网
10297,31.043555555555557,125.28719444444445,6.6,13.0,2020-02-26 08:09:17,刺网
10297,31.05913888888889,125.29058333333332,6.8,74.0,2020-02-26 08:19:17,刺网
10297,31.05880555555556,125.2995,1.2,0.0,2020-02-26 08:29:17,刺网
10297,31.056277777777765,125.29755555555555,3.4,189.0,2020-02-26 08:39:17,刺网
10297,31.054111111111112,125.2955,0.7,209.0,2020-02-26 08:49:17,刺网
10297,31.05225,125.29325,1.3,280.0,2020-02-26 08:59:17,刺网
10297,31.05052777777778,125.29102777777777,1.1,224.0,2020-02-26 09:09:17,刺网
10297,31.049027777777766,125.28869444444445,1.4,207.0,2020-02-26 09:19:17,刺网
10297,31.047750000000004,125.2865277777778,1.1,285.0,2020-02-26 09:29:17,刺网
10297,31.046611111111112,125.28480555555555,1.4,224.0,2020-02-26 09:39:18,刺网
10297,31.04591666666667,125.28294444444445,0.9,257.0,2020-02-26 09:49:18,刺网
10297,31.04555555555556,125.28138888888887,2.2,267.0,2020-02-26 09:59:18,刺网
10297,31.045305555555558,125.2799722222222,2.0,216.0,2020-02-26 10:09:18,刺网
10297,31.045055555555557,125.2787222222222,1.3,244.0,2020-02-26 10:19:18,刺网
10297,31.04480555555556,125.27741666666668,0.8,225.0,2020-02-26 10:29:18,刺网
10297,31.044583333333332,125.27694444444445,0.5,347.0,2020-02-26 10:39:18,刺网
10297,31.049888888888887,125.26905555555555,7.0,282.0,2020-02-26 10:49:18,刺网
10297,31.05675,125.26319444444445,1.0,40.0,2020-02-26 10:59:18,刺网
10297,31.058972222222234,125.26555555555555,2.5,355.0,2020-02-26 11:09:17,刺网
10297,31.06933333333333,125.26472222222222,1.7,14.0,2020-02-26 11:29:17,刺网
10297,31.07469444444445,125.26488888888888,1.6,3.0,2020-02-26 11:39:17,刺网
10297,31.07933333333333,125.26525,3.4,347.0,2020-02-26 11:49:17,刺网
10297,31.084277777777768,125.26563888888887,1.5,48.0,2020-02-26 11:59:17,刺网
10297,31.087805555555555,125.26769444444444,1.6,57.0,2020-02-26 12:09:17,刺网
10297,31.09194444444445,125.2687222222222,2.2,353.0,2020-02-26 12:19:17,刺网
10297,31.096527777777766,125.26966666666668,1.9,41.0,2020-02-26 12:29:17,刺网
10297,31.10086111111111,125.27144444444444,1.8,72.0,2020-02-26 12:39:17,刺网
10297,31.104055555555554,125.27311111111112,0.9,142.0,2020-02-26 12:49:17,刺网
10297,31.10694444444445,125.27505555555555,1.4,42.0,2020-02-26 12:59:17,刺网
10297,31.112277777777766,125.27705555555555,8.0,40.0,2020-02-26 13:09:17,刺网
10297,31.12530555555556,125.29883333333332,9.1,56.0,2020-02-26 13:19:17,刺网
10297,31.137722222222234,125.32091666666666,8.1,37.0,2020-02-26 13:29:17,刺网
10297,31.152444444444445,125.33455555555555,6.1,178.0,2020-02-26 13:39:17,刺网
10297,31.104,125.33461111111113,6.6,197.0,2020-02-26 13:59:17,刺网
10297,31.117,125.33294444444445,5.8,5.0,2020-02-26 14:09:17,刺网
10297,31.13077777777778,125.32488888888888,5.7,323.0,2020-02-26 14:19:18,刺网
10297,31.143555555555558,125.31647222222222,5.8,327.0,2020-02-26 14:29:18,刺网
10297,31.14388888888889,125.31533333333334,2.6,129.0,2020-02-26 14:39:18,刺网
10297,31.14072222222222,125.3179722222222,1.3,49.0,2020-02-26 14:49:18,刺网
10297,31.137666666666664,125.32025,3.1,157.0,2020-02-26 14:59:18,刺网
10297,31.134166666666665,125.32261111111107,1.5,153.0,2020-02-26 15:09:18,刺网
10297,31.130305555555548,125.32480555555556,1.5,151.0,2020-02-26 15:19:18,刺网
10297,31.126305555555557,125.32722222222222,0.9,151.0,2020-02-26 15:29:17,刺网
10297,31.122055555555555,125.32922222222223,1.4,157.0,2020-02-26 15:39:17,刺网
10297,31.117527777777767,125.331,1.0,179.0,2020-02-26 15:49:17,刺网
10297,31.113000000000003,125.33308333333332,1.2,153.0,2020-02-26 15:59:17,刺网
10297,31.10822222222221,125.33519444444444,1.3,156.0,2020-02-26 16:09:17,刺网
10297,31.103361111111113,125.33708333333333,1.8,165.0,2020-02-26 16:19:17,刺网
10297,31.098305555555555,125.33811111111113,3.7,178.0,2020-02-26 16:29:17,刺网
10297,31.09308333333333,125.33927777777777,1.5,167.0,2020-02-26 16:39:17,刺网
10297,31.091638888888887,125.35088888888887,7.4,81.0,2020-02-26 16:49:17,刺网
10297,31.09058333333333,125.35952777777777,1.3,293.0,2020-02-26 16:59:17,刺网
10297,31.092805555555554,125.35958333333332,1.3,324.0,2020-02-26 17:09:17,刺网
10297,31.095,125.36022222222222,0.8,296.0,2020-02-26 17:19:17,刺网
10297,31.097472222222233,125.36080555555556,2.4,36.0,2020-02-26 17:29:17,刺网
10297,31.100472222222226,125.36186111111112,1.5,3.0,2020-02-26 17:39:17,刺网
10297,31.10608333333333,125.36141666666666,2.1,328.0,2020-02-26 17:59:17,刺网
10297,31.10866666666667,125.36063888888887,1.9,338.0,2020-02-26 18:09:17,刺网
10297,31.111527777777766,125.3607222222222,3.0,23.0,2020-02-26 18:19:17,刺网
10297,31.113972222222234,125.35944444444445,1.0,276.0,2020-02-26 18:29:17,刺网
10297,31.11666666666667,125.35844444444444,1.0,0.0,2020-02-26 18:39:17,刺网
10297,31.119194444444453,125.35644444444445,0.9,316.0,2020-02-26 18:49:17,刺网
10297,31.11925,125.35458333333332,5.1,126.0,2020-02-26 18:59:18,刺网
10297,31.103472222222226,125.37044444444444,8.8,120.0,2020-02-26 19:09:18,刺网
10297,31.082027777777785,125.37716666666664,9.2,174.0,2020-02-26 19:19:18,刺网
10297,31.05688888888889,125.37725,9.5,172.0,2020-02-26 19:29:18,刺网
10297,31.0315,125.3767777777778,9.5,188.0,2020-02-26 19:39:18,刺网
10297,31.03577777777778,125.38541666666669,4.5,341.0,2020-02-26 19:49:17,刺网
10297,31.046333333333337,125.39688888888894,6.2,87.0,2020-02-26 19:59:17,刺网
10297,31.04475,125.3997777777778,1.2,181.0,2020-02-26 20:09:17,刺网
10297,31.04138888888889,125.39811111111112,1.0,210.0,2020-02-26 20:19:17,刺网
10297,31.03844444444445,125.39630555555556,0.4,0.0,2020-02-26 20:29:17,刺网
10297,31.035833333333336,125.39441666666669,2.1,225.0,2020-02-26 20:39:17,刺网
10297,31.03352777777778,125.3924722222222,2.0,234.0,2020-02-26 20:49:17,刺网
10297,31.031277777777767,125.39072222222224,1.3,204.0,2020-02-26 20:59:17,刺网
10297,31.029277777777768,125.38888888888893,0.9,219.0,2020-02-26 21:09:17,刺网
10297,31.02722222222221,125.3865277777778,1.1,228.0,2020-02-26 21:19:17,刺网
10297,31.025472222222234,125.38491666666668,1.1,202.0,2020-02-26 21:29:17,刺网
10297,31.02375,125.3835277777778,1.3,204.0,2020-02-26 21:39:17,刺网
10297,31.022,125.38194444444444,0.6,124.0,2020-02-26 21:49:17,刺网
10297,31.020611111111112,125.3805,2.3,187.0,2020-02-26 21:59:17,刺网
10297,31.019416666666668,125.37922222222224,0.6,262.0,2020-02-26 22:09:17,刺网
10297,31.01822222222221,125.37805555555555,1.8,264.0,2020-02-26 22:19:17,刺网
10297,31.017111111111113,125.37722222222222,1.1,339.0,2020-02-26 22:29:17,刺网
10297,31.01597222222221,125.37627777777777,0.6,0.0,2020-02-26 22:39:17,刺网
10297,31.015361111111112,125.37513888888887,1.4,21.0,2020-02-26 22:49:17,刺网
10297,31.01452777777777,125.37441666666665,1.6,201.0,2020-02-26 22:59:17,刺网
10297,31.02686111111111,125.36258333333332,8.2,325.0,2020-02-26 23:09:17,刺网
10297,31.0435,125.34772222222222,7.8,331.0,2020-02-26 23:19:17,刺网
10297,31.051055555555557,125.3475,0.6,235.0,2020-02-26 23:29:17,刺网
10297,31.052138888888887,125.34994444444445,2.7,48.0,2020-02-26 23:39:17,刺网
10297,31.056611111111113,125.35088888888887,2.1,348.0,2020-02-26 23:49:17,刺网
10297,31.060305555555555,125.35080555555555,2.7,328.0,2020-02-26 23:59:17,刺网
10297,31.064527777777766,125.35125,2.1,26.0,2020-02-27 00:09:18,刺网
10297,31.06916666666667,125.35152777777776,2.1,7.0,2020-02-27 00:19:17,刺网
10297,31.073138888888888,125.35061111111106,2.3,108.0,2020-02-27 00:29:17,刺网
10297,31.076722222222234,125.35233333333332,2.4,46.0,2020-02-27 00:39:17,刺网
10297,31.08130555555556,125.35280555555555,2.3,298.0,2020-02-27 00:49:17,刺网
10297,31.084861111111113,125.35330555555555,1.8,0.0,2020-02-27 00:59:17,刺网
10297,31.08894444444445,125.3547222222222,1.6,44.0,2020-02-27 01:09:17,刺网
10297,31.09241666666667,125.35533333333332,1.0,25.0,2020-02-27 01:19:17,刺网
10297,31.09494444444445,125.35580555555555,1.7,92.0,2020-02-27 01:29:17,刺网
10297,31.09588888888889,125.35769444444445,2.5,70.0,2020-02-27 01:39:17,刺网
10297,31.09697222222222,125.3622222222222,1.7,87.0,2020-02-27 01:49:17,刺网
10297,31.095166666666664,125.36530555555555,7.5,355.0,2020-02-27 01:59:17,刺网
10297,31.113888888888887,125.36558333333332,7.1,4.0,2020-02-27 02:09:17,刺网
10297,31.132638888888888,125.37097222222219,7.3,16.0,2020-02-27 02:19:17,刺网
10297,31.15033333333333,125.3817222222222,8.3,46.0,2020-02-27 02:29:17,刺网
10297,31.16536111111111,125.39705555555555,7.3,25.0,2020-02-27 02:39:17,刺网
10297,31.15294444444444,125.40261111111113,7.8,176.0,2020-02-27 02:49:17,刺网
10297,31.12844444444445,125.40266666666668,8.7,175.0,2020-02-27 02:59:17,刺网
10297,31.107138888888887,125.40533333333336,8.9,194.0,2020-02-27 03:09:17,刺网
10297,31.08922222222222,125.39091666666668,8.8,235.0,2020-02-27 03:19:17,刺网
10297,31.08608333333333,125.38580555555555,0.5,0.0,2020-02-27 03:29:17,刺网
10297,31.08580555555556,125.38608333333332,0.9,0.0,2020-02-27 03:39:17,刺网
10297,31.085027777777768,125.38647222222224,1.7,224.0,2020-02-27 03:49:17,刺网
10297,31.0845,125.38680555555555,0.7,200.0,2020-02-27 03:59:17,刺网
10297,31.084138888888887,125.38694444444445,0.8,135.0,2020-02-27 04:09:17,刺网
10297,31.08361111111111,125.38719444444445,0.8,187.0,2020-02-27 04:19:17,刺网
10297,31.08283333333333,125.3875,1.0,0.0,2020-02-27 04:29:17,刺网
10297,31.082,125.38766666666668,1.0,53.0,2020-02-27 04:39:17,刺网
10297,31.081111111111113,125.38791666666668,1.1,130.0,2020-02-27 04:49:16,刺网
10297,31.08002777777777,125.38813888888893,1.2,102.0,2020-02-27 04:59:17,刺网
10297,31.079,125.38838888888893,1.5,135.0,2020-02-27 05:09:17,刺网
10297,31.077777777777786,125.38858333333332,0.9,118.0,2020-02-27 05:19:17,刺网
10297,31.07686111111111,125.38852777777778,1.2,116.0,2020-02-27 05:29:17,刺网
10297,31.075805555555558,125.38855555555556,2.3,152.0,2020-02-27 05:39:17,刺网
10297,31.07477777777777,125.3885,0.7,0.0,2020-02-27 05:49:17,刺网
10297,31.07333333333333,125.38838888888893,1.4,161.0,2020-02-27 05:59:17,刺网
10297,31.071666666666665,125.38822222222224,1.5,140.0,2020-02-27 06:09:17,刺网
10297,31.070166666666665,125.38783333333336,1.9,53.0,2020-02-27 06:19:17,刺网
10297,31.06775,125.38708333333334,1.5,183.0,2020-02-27 06:39:17,刺网
10297,31.066222222222233,125.3865,1.0,218.0,2020-02-27 06:49:17,刺网
10297,31.06475,125.38594444444445,0.8,157.0,2020-02-27 06:59:17,刺网
10297,31.06358333333333,125.38525,0.6,150.0,2020-02-27 07:09:17,刺网
10297,31.0625,125.38466666666667,0.6,187.0,2020-02-27 07:19:17,刺网
10297,31.06136111111111,125.38383333333334,1.7,161.0,2020-02-27 07:29:17,刺网
10297,31.060277777777767,125.38308333333332,1.4,58.0,2020-02-27 07:39:17,刺网
10297,31.059277777777766,125.38208333333333,0.6,0.0,2020-02-27 07:49:17,刺网
10297,31.05858333333333,125.38136111111106,1.0,258.0,2020-02-27 07:59:17,刺网
10297,31.05763888888889,125.3805,0.6,217.0,2020-02-27 08:09:17,刺网
10297,31.056722222222234,125.37938888888887,1.0,186.0,2020-02-27 08:19:17,刺网
10297,31.056027777777786,125.37838888888888,0.7,226.0,2020-02-27 08:29:17,刺网
10297,31.0555,125.37758333333332,0.6,174.0,2020-02-27 08:39:17,刺网
10297,31.055111111111113,125.37666666666668,1.9,149.0,2020-02-27 08:49:17,刺网
10297,31.074638888888888,125.38811111111113,4.3,16.0,2020-02-27 09:09:17,刺网
10297,31.086861111111112,125.39263888888892,5.2,354.0,2020-02-27 09:19:16,刺网
10297,31.093888888888888,125.39202777777778,1.7,23.0,2020-02-27 09:29:16,刺网
10297,31.09536111111111,125.39238888888893,1.8,53.0,2020-02-27 09:39:16,刺网
10297,31.098722222222207,125.39155555555556,1.3,326.0,2020-02-27 09:49:16,刺网
10297,31.10341666666667,125.38955555555556,1.8,45.0,2020-02-27 09:59:17,刺网
10297,31.10825,125.39030555555556,2.1,55.0,2020-02-27 10:09:17,刺网
10297,31.112805555555557,125.39027777777778,2.0,328.0,2020-02-27 10:19:17,刺网
10297,31.11661111111113,125.38911111111112,2.3,26.0,2020-02-27 10:29:17,刺网
10297,31.12080555555556,125.39063888888893,1.0,43.0,2020-02-27 10:39:17,刺网
10297,31.123916666666666,125.39055555555555,1.2,109.0,2020-02-27 10:49:17,刺网
10297,31.12744444444445,125.38972222222223,0.6,0.0,2020-02-27 10:59:17,刺网
10297,31.13211111111111,125.38811111111113,1.8,20.0,2020-02-27 11:09:17,刺网
10297,31.136777777777766,125.38705555555555,2.5,328.0,2020-02-27 11:19:17,刺网
10297,31.139861111111113,125.38855555555556,2.3,30.0,2020-02-27 11:29:17,刺网
10297,31.14113888888889,125.39161111111113,1.2,21.0,2020-02-27 11:39:17,刺网
10297,31.14325,125.39291666666666,1.6,10.0,2020-02-27 11:49:17,刺网
10297,31.14852777777779,125.39875,7.9,64.0,2020-02-27 11:59:17,刺网
10297,31.16338888888889,125.41338888888893,7.3,37.0,2020-02-27 12:09:17,刺网
10297,31.175611111111113,125.42216666666668,6.9,144.0,2020-02-27 12:19:17,刺网
10297,31.151805555555548,125.4235277777778,8.6,186.0,2020-02-27 12:29:17,刺网
10297,31.130305555555548,125.42380555555556,8.9,177.0,2020-02-27 12:39:17,刺网
10297,31.14044444444444,125.41525,7.1,310.0,2020-02-27 12:49:17,刺网
10297,31.154166666666665,125.40022222222223,6.4,338.0,2020-02-27 12:59:17,刺网
10297,31.16769444444445,125.38825,1.7,88.0,2020-02-27 13:09:17,刺网
10297,31.166527777777766,125.39080555555556,0.9,112.0,2020-02-27 13:19:17,刺网
10297,31.165166666666664,125.39319444444445,1.4,118.0,2020-02-27 13:29:16,刺网
10297,31.163777777777767,125.39577777777778,1.2,128.0,2020-02-27 13:39:16,刺网
10297,31.16233333333333,125.39891666666666,1.5,159.0,2020-02-27 13:49:16,刺网
10297,31.16075,125.40241666666668,1.3,156.0,2020-02-27 13:59:16,刺网
10297,31.15908333333333,125.40558333333334,1.4,167.0,2020-02-27 14:09:16,刺网
10297,31.15722222222222,125.40891666666668,2.3,79.0,2020-02-27 14:19:16,刺网
10297,31.155416666666664,125.41252777777778,2.7,63.0,2020-02-27 14:29:16,刺网
10297,31.1535,125.41641666666666,1.6,125.0,2020-02-27 14:39:17,刺网
10297,31.151666666666664,125.42030555555556,2.1,151.0,2020-02-27 14:49:17,刺网
10297,31.149527777777767,125.42458333333332,2.4,60.0,2020-02-27 14:59:17,刺网
10297,31.147444444444453,125.42838888888893,1.7,105.0,2020-02-27 15:09:17,刺网
10297,31.14530555555556,125.43213888888893,1.9,150.0,2020-02-27 15:19:17,刺网
10297,31.142861111111113,125.43636111111113,2.5,114.0,2020-02-27 15:29:17,刺网
10297,31.140416666666663,125.44019444444444,1.7,148.0,2020-02-27 15:39:17,刺网
10297,31.138055555555557,125.44372222222222,1.3,127.0,2020-02-27 15:49:17,刺网
10297,31.13516666666667,125.44738888888894,1.6,148.0,2020-02-27 15:59:17,刺网
10297,31.13233333333333,125.45094444444445,1.5,124.0,2020-02-27 16:09:17,刺网
10297,31.132666666666665,125.45211111111112,1.4,19.0,2020-02-27 16:19:17,刺网
10297,31.134027777777767,125.45261111111112,1.3,0.0,2020-02-27 16:29:17,刺网
10297,31.13711111111111,125.45094444444445,2.1,330.0,2020-02-27 16:39:17,刺网
10297,31.140555555555554,125.44802777777778,2.0,298.0,2020-02-27 16:49:17,刺网
10297,31.14244444444445,125.44633333333331,1.7,16.0,2020-02-27 16:59:17,刺网
10297,31.140305555555553,125.44788888888893,0.7,120.0,2020-02-27 17:09:17,刺网
10297,31.139611111111112,125.45216666666668,0.4,0.0,2020-02-27 17:19:17,刺网
10297,31.13933333333333,125.45463888888894,1.2,119.0,2020-02-27 17:29:17,刺网
10297,31.141333333333336,125.45625,1.5,5.0,2020-02-27 17:39:17,刺网
10297,31.144305555555555,125.45630555555556,2.2,10.0,2020-02-27 17:49:16,刺网
10297,31.147305555555555,125.45552777777776,1.7,333.0,2020-02-27 17:59:16,刺网
10297,31.15013888888889,125.4545,1.5,131.0,2020-02-27 18:09:16,刺网
10297,31.153305555555555,125.45297222222223,1.7,136.0,2020-02-27 18:19:16,刺网
10297,31.15636111111111,125.45163888888888,1.9,311.0,2020-02-27 18:29:16,刺网
10297,31.159777777777766,125.45108333333332,1.7,64.0,2020-02-27 18:39:16,刺网
10297,31.15786111111111,125.45072222222224,1.0,124.0,2020-02-27 18:49:16,刺网
10297,31.155916666666666,125.45172222222223,2.1,199.0,2020-02-27 18:59:16,刺网
10297,31.16458333333333,125.46675,7.7,62.0,2020-02-27 19:09:16,刺网
10297,31.17766666666667,125.48372222222223,7.5,12.0,2020-02-27 19:19:16,刺网
10297,31.172555555555554,125.48908333333334,7.6,170.0,2020-02-27 19:29:17,刺网
10297,31.14913888888889,125.48916666666666,8.5,181.0,2020-02-27 19:39:17,刺网
10297,31.129777777777786,125.49086111111107,8.2,240.0,2020-02-27 19:49:17,刺网
10297,31.13036111111111,125.48561111111113,2.2,144.0,2020-02-27 19:59:17,刺网
10297,31.130722222222207,125.48444444444445,5.3,323.0,2020-02-27 20:09:17,刺网
10297,31.14094444444445,125.49938888888887,7.5,31.0,2020-02-27 20:19:17,刺网
10297,31.14913888888889,125.49894444444445,1.9,211.0,2020-02-27 20:29:17,刺网
10297,31.147527777777785,125.49511111111113,1.8,258.0,2020-02-27 20:39:17,刺网
10297,31.146166666666666,125.49108333333332,1.6,264.0,2020-02-27 20:49:17,刺网
10297,31.14491666666667,125.48688888888887,3.2,199.0,2020-02-27 20:59:17,刺网
10297,31.14383333333333,125.48275,1.2,273.0,2020-02-27 21:09:17,刺网
10297,31.142972222222234,125.47888888888887,1.9,252.0,2020-02-27 21:19:17,刺网
10297,31.14233333333333,125.47472222222223,1.7,229.0,2020-02-27 21:29:17,刺网
10297,31.142,125.47047222222223,1.9,291.0,2020-02-27 21:39:17,刺网
10297,31.14191666666667,125.46644444444445,1.5,315.0,2020-02-27 21:49:17,刺网
10297,31.142222222222234,125.4622777777778,1.2,274.0,2020-02-27 21:59:17,刺网
10297,31.142861111111113,125.45825,2.8,317.0,2020-02-27 22:09:17,刺网
10297,31.14386111111111,125.45413888888888,1.7,280.0,2020-02-27 22:19:16,刺网
10297,31.145,125.45033333333336,1.9,262.0,2020-02-27 22:29:16,刺网
10297,31.146305555555557,125.44666666666667,1.3,296.0,2020-02-27 22:39:16,刺网
10297,31.147861111111112,125.44238888888893,2.2,343.0,2020-02-27 22:49:16,刺网
10297,31.148694444444452,125.43833333333332,0.8,286.0,2020-02-27 22:59:16,刺网
10297,31.14983333333333,125.44397222222223,7.9,64.0,2020-02-27 23:09:16,刺网
10297,31.15175,125.45850000000002,0.7,176.0,2020-02-27 23:19:16,刺网
10297,31.153055555555554,125.46083333333334,1.2,37.0,2020-02-27 23:29:16,刺网
10297,31.15691666666667,125.46172222222224,2.6,23.0,2020-02-27 23:39:16,刺网
10297,31.16680555555555,125.461,1.9,9.0,2020-02-27 23:59:16,刺网
10297,31.17,125.46191666666668,3.0,64.0,2020-02-28 00:09:16,刺网
10297,31.175027777777785,125.4615,1.4,8.0,2020-02-28 00:19:16,刺网
10297,31.1795,125.46322222222223,2.0,41.0,2020-02-28 00:29:17,刺网
10297,31.1825,125.4639722222222,2.0,47.0,2020-02-28 00:39:17,刺网
10297,31.18711111111111,125.46313888888888,2.9,23.0,2020-02-28 00:49:17,刺网
10297,31.19158333333333,125.46311111111113,0.9,288.0,2020-02-28 00:59:17,刺网
10297,31.194111111111113,125.46280555555555,2.8,44.0,2020-02-28 01:09:17,刺网
10297,31.19608333333333,125.46186111111112,2.8,264.0,2020-02-28 01:19:17,刺网
10297,31.19686111111111,125.46086111111113,1.4,334.0,2020-02-28 01:29:17,刺网
10297,31.20213888888889,125.48255555555555,8.7,85.0,2020-02-28 01:39:17,刺网
10297,31.184055555555553,125.48819444444445,7.9,184.0,2020-02-28 01:49:17,刺网
10297,31.161388888888887,125.48822222222223,8.1,187.0,2020-02-28 01:59:17,刺网
10297,31.16147222222222,125.47738888888892,7.9,327.0,2020-02-28 02:09:17,刺网
10297,31.17841666666667,125.46255555555555,7.2,314.0,2020-02-28 02:19:17,刺网
10297,31.18644444444445,125.45741666666667,0.4,0.0,2020-02-28 02:29:17,刺网
10297,31.18769444444445,125.45847222222223,1.3,35.0,2020-02-28 02:39:16,刺网
10297,31.188861111111112,125.45969444444445,1.3,87.0,2020-02-28 02:49:16,刺网
10297,31.189555555555554,125.46086111111113,2.0,32.0,2020-02-28 02:59:16,刺网
10297,31.19019444444445,125.46197222222222,2.2,58.0,2020-02-28 03:09:16,刺网
10297,31.19044444444444,125.46322222222223,2.5,104.0,2020-02-28 03:19:16,刺网
10297,31.19086111111111,125.46447222222223,0.5,129.0,2020-02-28 03:29:16,刺网
10297,31.19083333333333,125.46600000000001,1.2,77.0,2020-02-28 03:39:16,刺网
10297,31.19080555555556,125.46719444444444,0.9,92.0,2020-02-28 03:49:16,刺网
10297,31.19025,125.4685,0.5,145.0,2020-02-28 03:59:16,刺网
10297,31.18958333333333,125.46955555555556,1.0,82.0,2020-02-28 04:09:16,刺网
10297,31.189027777777767,125.47038888888888,2.5,93.0,2020-02-28 04:19:16,刺网
10297,31.187305555555554,125.47161111111113,1.5,176.0,2020-02-28 04:39:16,刺网
10297,31.18663888888889,125.47338888888888,7.4,147.0,2020-02-28 04:49:16,刺网
10297,31.168805555555558,125.49391666666666,9.0,142.0,2020-02-28 04:59:16,刺网
10297,31.15063888888889,125.51361111111113,8.5,132.0,2020-02-28 05:09:16,刺网
10297,31.15225,125.51213888888887,1.6,25.0,2020-02-28 05:19:16,刺网
10297,31.154027777777767,125.51086111111113,1.4,0.0,2020-02-28 05:29:17,刺网
10297,31.15597222222221,125.50930555555556,0.7,71.0,2020-02-28 05:39:17,刺网
10297,31.156861111111112,125.51025,2.0,15.0,2020-02-28 05:49:17,刺网
10297,31.15944444444445,125.51144444444445,1.7,342.0,2020-02-28 05:59:17,刺网
10297,31.16275,125.51158333333332,1.4,348.0,2020-02-28 06:09:17,刺网
10297,31.16494444444445,125.51136111111107,1.0,15.0,2020-02-28 06:19:17,刺网
10297,31.16772222222223,125.51100000000001,1.5,290.0,2020-02-28 06:29:17,刺网
10297,31.17075,125.51066666666668,1.4,313.0,2020-02-28 06:39:17,刺网
10297,31.173305555555558,125.51016666666668,1.9,331.0,2020-02-28 06:49:17,刺网
10297,31.17580555555556,125.50975,1.1,320.0,2020-02-28 06:59:17,刺网
10297,31.177861111111113,125.50977777777778,1.4,36.0,2020-02-28 07:09:16,刺网
10297,31.18077777777778,125.50936111111113,1.6,17.0,2020-02-28 07:19:16,刺网
10297,31.18338888888889,125.5085277777778,1.9,331.0,2020-02-28 07:29:16,刺网
10297,31.18422222222221,125.50666666666666,1.9,334.0,2020-02-28 07:39:16,刺网
10297,31.192916666666665,125.52511111111113,7.3,67.0,2020-02-28 07:49:16,刺网
10297,31.186083333333336,125.54141666666666,9.8,173.0,2020-02-28 07:59:16,刺网
10297,31.162777777777766,125.53991666666668,9.5,193.0,2020-02-28 08:09:16,刺网
10297,31.14208333333333,125.54122222222222,6.7,91.0,2020-02-28 08:19:16,刺网
10297,31.134888888888888,125.55986111111108,6.6,110.0,2020-02-28 08:29:16,刺网
10297,31.12777777777778,125.57536111111106,3.2,226.0,2020-02-28 08:39:16,刺网
10297,31.126472222222233,125.5697777777778,1.6,207.0,2020-02-28 08:49:16,刺网
10297,31.126305555555557,125.56408333333331,2.1,279.0,2020-02-28 08:59:16,刺网
10297,31.126555555555555,125.55805555555555,1.8,271.0,2020-02-28 09:09:16,刺网
10297,31.127111111111113,125.55194444444444,2.3,287.0,2020-02-28 09:19:16,刺网
10297,31.12788888888889,125.5457222222222,2.3,266.0,2020-02-28 09:29:16,刺网
10297,31.128833333333336,125.53930555555556,2.2,277.0,2020-02-28 09:39:16,刺网
10297,31.130027777777766,125.53308333333332,2.5,294.0,2020-02-28 09:49:16,刺网
10297,31.131166666666665,125.5269722222222,1.4,296.0,2020-02-28 09:59:17,刺网
10297,31.132388888888887,125.521,1.3,278.0,2020-02-28 10:09:17,刺网
10297,31.133805555555558,125.51566666666666,1.4,283.0,2020-02-28 10:19:17,刺网
10297,31.135416666666664,125.51,1.9,288.0,2020-02-28 10:29:17,刺网
10297,31.137,125.50438888888887,1.5,296.0,2020-02-28 10:39:17,刺网
10297,31.13883333333333,125.49913888888888,2.5,294.0,2020-02-28 10:49:17,刺网
10297,31.14086111111111,125.49422222222223,1.0,307.0,2020-02-28 10:59:17,刺网
10297,31.14308333333333,125.48883333333332,7.4,301.0,2020-02-28 11:09:17,刺网
10297,31.154138888888887,125.50586111111107,7.2,40.0,2020-02-28 11:19:17,刺网
10297,31.163916666666665,125.51405555555556,2.8,45.0,2020-02-28 11:29:16,刺网
10297,31.16716666666667,125.51586111111112,3.0,323.0,2020-02-28 11:39:16,刺网
10297,31.172694444444453,125.51475,1.7,348.0,2020-02-28 11:49:16,刺网
10297,31.17738888888889,125.51438888888887,2.6,14.0,2020-02-28 11:59:16,刺网
10297,31.18255555555556,125.51405555555556,2.9,3.0,2020-02-28 12:09:16,刺网
10297,31.187027777777786,125.515,1.6,27.0,2020-02-28 12:19:16,刺网
10297,31.19161111111111,125.51516666666667,1.9,1.0,2020-02-28 12:29:16,刺网
10297,31.195611111111113,125.51666666666668,1.5,47.0,2020-02-28 12:39:16,刺网
10297,31.1985,125.51680555555555,2.6,3.0,2020-02-28 12:49:16,刺网
10297,31.203027777777766,125.51766666666668,2.0,47.0,2020-02-28 12:59:16,刺网
10297,31.20725,125.51808333333332,1.3,28.0,2020-02-28 13:09:16,刺网
10297,31.21008333333333,125.51919444444445,1.7,333.0,2020-02-28 13:19:16,刺网
10297,31.213916666666666,125.51883333333332,2.1,19.0,2020-02-28 13:29:16,刺网
10297,31.218277777777786,125.51980555555555,1.7,48.0,2020-02-28 13:39:16,刺网
10297,31.20952777777777,125.51830555555556,7.9,64.0,2020-02-28 13:49:16,刺网
10297,31.2255,125.53463888888888,8.5,104.0,2020-02-28 13:59:16,刺网
10297,31.20369444444445,125.53447222222222,8.0,189.0,2020-02-28 14:09:16,刺网
10297,31.18008333333333,125.5330277777778,6.3,206.0,2020-02-28 14:19:16,刺网
10297,31.19925,125.52925,6.5,67.0,2020-02-28 14:29:16,刺网
10297,31.20025,125.52811111111113,1.0,347.0,2020-02-28 14:39:16,刺网
10297,31.201027777777767,125.52913888888888,1.8,74.0,2020-02-28 14:49:16,刺网
10297,31.20294444444444,125.53138888888887,0.4,79.0,2020-02-28 15:09:17,刺网
10297,31.20375,125.53222222222222,0.5,0.0,2020-02-28 15:19:17,刺网
10297,31.20438888888889,125.53313888888887,1.3,136.0,2020-02-28 15:29:17,刺网
10297,31.204555555555554,125.53422222222223,0.3,0.0,2020-02-28 15:39:17,刺网
10297,31.204611111111113,125.53563888888887,0.7,20.0,2020-02-28 15:49:16,刺网
10297,31.20438888888889,125.53733333333334,0.5,0.0,2020-02-28 15:59:16,刺网
10297,31.203805555555558,125.53933333333332,0.6,0.0,2020-02-28 16:09:16,刺网
10297,31.20272222222223,125.54138888888887,0.3,0.0,2020-02-28 16:19:16,刺网
10297,31.2015,125.54347222222222,0.8,191.0,2020-02-28 16:29:16,刺网
10297,31.200194444444445,125.54525,1.2,140.0,2020-02-28 16:39:16,刺网
10297,31.199277777777766,125.54605555555555,1.0,83.0,2020-02-28 16:49:16,刺网
10297,31.203277777777767,125.55116666666667,8.8,34.0,2020-02-28 16:59:16,刺网
10297,31.21575,125.56016666666667,1.6,209.0,2020-02-28 17:19:16,刺网
10297,31.212055555555555,125.55991666666668,1.1,123.0,2020-02-28 17:29:16,刺网
10297,31.207027777777768,125.56116666666668,2.1,181.0,2020-02-28 17:39:16,刺网
10297,31.202388888888887,125.56066666666666,2.2,158.0,2020-02-28 17:49:16,刺网
10297,31.19741666666667,125.56205555555556,1.7,172.0,2020-02-28 17:59:16,刺网
10297,31.193305555555558,125.5605,1.9,235.0,2020-02-28 18:09:16,刺网
10297,31.188944444444445,125.56066666666666,2.4,140.0,2020-02-28 18:19:16,刺网
10297,31.18461111111111,125.56125,1.7,206.0,2020-02-28 18:29:16,刺网
10297,31.179944444444452,125.56063888888887,2.0,180.0,2020-02-28 18:39:16,刺网
10297,31.17505555555556,125.5602222222222,1.5,184.0,2020-02-28 18:49:16,刺网
10297,31.17163888888889,125.55952777777777,2.1,150.0,2020-02-28 18:59:16,刺网
10297,31.16791666666667,125.56083333333332,2.0,115.0,2020-02-28 19:09:16,刺网
10297,31.15525,125.5497777777778,8.5,203.0,2020-02-28 19:19:16,刺网
10297,31.142805555555555,125.53125,9.4,206.0,2020-02-28 19:29:16,刺网
10297,31.118000000000002,125.52986111111107,8.8,170.0,2020-02-28 19:39:16,刺网
10297,31.094027777777768,125.52902777777777,8.9,186.0,2020-02-28 19:49:17,刺网
10297,31.100444444444445,125.52033333333334,5.8,268.0,2020-02-28 19:59:17,刺网
10297,31.104805555555558,125.5097222222222,1.8,202.0,2020-02-28 20:09:16,刺网
10297,31.10369444444445,125.50933333333334,1.3,220.0,2020-02-28 20:19:16,刺网
10297,31.103388888888887,125.50838888888893,0.8,266.0,2020-02-28 20:29:16,刺网
10297,31.103055555555557,125.50711111111113,0.2,0.0,2020-02-28 20:39:16,刺网
10297,31.102888888888888,125.50577777777778,1.2,129.0,2020-02-28 20:49:16,刺网
10297,31.102777777777767,125.50397222222223,0.4,235.0,2020-02-28 20:59:16,刺网
10297,31.10283333333333,125.50266666666668,0.8,352.0,2020-02-28 21:09:16,刺网
10297,31.102916666666665,125.5012777777778,1.1,268.0,2020-02-28 21:19:16,刺网
10297,31.10333333333333,125.50025,1.4,216.0,2020-02-28 21:29:16,刺网
10297,31.10316666666667,125.49994444444445,0.7,43.0,2020-02-28 21:39:16,刺网
10297,31.10280555555555,125.49983333333331,1.1,105.0,2020-02-28 21:49:16,刺网
10297,31.10297222222223,125.49963888888892,2.3,271.0,2020-02-28 21:59:16,刺网
10297,31.10311111111111,125.4995277777778,0.2,0.0,2020-02-28 22:09:16,刺网
10297,31.103222222222207,125.49938888888887,1.1,1.0,2020-02-28 22:19:16,刺网
10297,31.10297222222223,125.49911111111106,1.4,141.0,2020-02-28 22:29:16,刺网
10297,31.102888888888888,125.499,0.2,0.0,2020-02-28 22:39:16,刺网
10297,31.1095,125.50066666666666,8.6,21.0,2020-02-28 22:49:16,刺网
10297,31.12958333333333,125.51491666666666,8.2,37.0,2020-02-28 22:59:16,刺网
10297,31.139166666666664,125.52230555555555,2.5,114.0,2020-02-28 23:09:16,刺网
10297,31.1365,125.52475,2.3,161.0,2020-02-28 23:19:16,刺网
10297,31.13716666666667,125.52461111111113,0.5,34.0,2020-02-28 23:29:16,刺网
10297,31.139555555555553,125.52480555555556,2.2,240.0,2020-02-28 23:39:16,刺网
10297,31.14083333333333,125.52480555555556,1.1,107.0,2020-02-28 23:49:16,刺网
10297,31.142555555555553,125.52530555555555,2.7,300.0,2020-02-28 23:59:16,刺网
10297,31.14472222222221,125.52108333333332,0.8,154.0,2020-02-29 00:09:16,刺网
10297,31.14469444444445,125.52427777777777,2.0,164.0,2020-02-29 00:19:16,刺网
10297,31.143305555555557,125.52608333333332,0.7,50.0,2020-02-29 00:29:15,刺网
10297,31.143027777777768,125.53080555555556,0.6,0.0,2020-02-29 00:39:15,刺网
10297,31.14627777777777,125.52508333333334,6.8,335.0,2020-02-29 00:49:16,刺网
10297,31.1505,125.52091666666666,1.6,238.0,2020-02-29 00:59:16,刺网
10297,31.149444444444452,125.51766666666668,1.1,223.0,2020-02-29 01:09:16,刺网
10297,31.14694444444445,125.51488888888888,1.8,213.0,2020-02-29 01:19:16,刺网
10297,31.144444444444453,125.51363888888888,1.1,108.0,2020-02-29 01:29:16,刺网
10297,31.141361111111113,125.51311111111113,1.2,194.0,2020-02-29 01:39:16,刺网
10297,31.13783333333333,125.51283333333332,1.1,131.0,2020-02-29 01:49:16,刺网
10297,31.135388888888887,125.51238888888888,1.5,202.0,2020-02-29 01:59:16,刺网
10297,31.13316666666667,125.51211111111112,1.2,160.0,2020-02-29 02:09:16,刺网
10297,31.13008333333333,125.51466666666668,1.2,162.0,2020-02-29 02:19:16,刺网
10297,31.127277777777767,125.51494444444445,1.8,165.0,2020-02-29 02:29:16,刺网
10297,31.12463888888889,125.51472222222222,0.8,172.0,2020-02-29 02:39:16,刺网
10297,31.12508333333333,125.50991666666668,6.4,296.0,2020-02-29 02:49:16,刺网
10297,31.13405555555555,125.49052777777777,6.7,290.0,2020-02-29 02:59:16,刺网
10297,31.146666666666665,125.47197222222222,5.1,273.0,2020-02-29 03:09:16,刺网
10297,31.128166666666665,125.46930555555555,8.3,181.0,2020-02-29 03:19:16,刺网
10297,31.103583333333336,125.46847222222222,8.4,176.0,2020-02-29 03:29:16,刺网
10297,31.09919444444445,125.45841666666668,5.8,311.0,2020-02-29 03:39:16,刺网
10297,31.111583333333336,125.44461111111113,6.3,321.0,2020-02-29 03:49:16,刺网
10297,31.126722222222234,125.43438888888888,1.9,268.0,2020-02-29 03:59:16,刺网
10297,31.123916666666666,125.43761111111112,2.7,113.0,2020-02-29 04:09:16,刺网
10297,31.12136111111111,125.44197222222222,2.3,115.0,2020-02-29 04:19:16,刺网
10297,31.11847222222222,125.44641666666666,3.0,116.0,2020-02-29 04:29:16,刺网
10297,31.115305555555558,125.45044444444444,3.5,123.0,2020-02-29 04:39:16,刺网
10297,31.11194444444445,125.45461111111112,1.8,138.0,2020-02-29 04:49:16,刺网
10297,31.10852777777778,125.45855555555555,3.5,112.0,2020-02-29 04:59:15,刺网
10297,31.10511111111111,125.46258333333334,3.0,128.0,2020-02-29 05:09:15,刺网
10297,31.101388888888888,125.46619444444444,1.6,128.0,2020-02-29 05:19:15,刺网
10297,31.09786111111111,125.46966666666668,1.7,138.0,2020-02-29 05:29:15,刺网
10297,31.093666666666664,125.47327777777778,1.4,157.0,2020-02-29 05:39:16,刺网
10297,31.090166666666665,125.47613888888887,2.1,168.0,2020-02-29 05:49:16,刺网
10297,31.08658333333333,125.47913888888887,1.1,132.0,2020-02-29 05:59:16,刺网
10297,31.08316666666667,125.48194444444445,2.0,119.0,2020-02-29 06:09:16,刺网
10297,31.07927777777777,125.48461111111112,2.8,138.0,2020-02-29 06:19:16,刺网
10297,31.075722222222232,125.48702777777778,1.7,182.0,2020-02-29 06:29:16,刺网
10297,31.07186111111111,125.48947222222222,2.5,179.0,2020-02-29 06:39:16,刺网
10297,31.08316666666667,125.48966666666666,3.5,34.0,2020-02-29 06:49:16,刺网
10297,31.086305555555555,125.48777777777778,1.3,335.0,2020-02-29 06:59:16,刺网
10297,31.089527777777768,125.48680555555555,1.1,319.0,2020-02-29 07:09:16,刺网
10297,31.092111111111112,125.48638888888892,1.5,0.0,2020-02-29 07:19:16,刺网
10297,31.09569444444444,125.4862222222222,0.9,24.0,2020-02-29 07:29:16,刺网
10297,31.098861111111113,125.48594444444444,1.6,162.0,2020-02-29 07:39:16,刺网
10297,31.103027777777786,125.48530555555556,1.9,323.0,2020-02-29 07:49:16,刺网
10297,31.10625,125.48483333333333,1.7,55.0,2020-02-29 07:59:16,刺网
10297,31.10961111111111,125.4842777777778,1.0,332.0,2020-02-29 08:09:16,刺网
10297,31.113194444444453,125.48466666666668,1.9,30.0,2020-02-29 08:19:16,刺网
10297,31.11594444444445,125.48430555555555,1.6,327.0,2020-02-29 08:29:16,刺网
10297,31.11925,125.4842777777778,1.8,305.0,2020-02-29 08:39:16,刺网
10297,31.11775,125.49902777777777,7.8,95.0,2020-02-29 08:59:16,刺网
10297,31.107555555555557,125.50411111111113,10.6,254.0,2020-02-29 09:09:16,刺网
10297,31.09933333333333,125.47286111111113,10.2,250.0,2020-02-29 09:19:16,刺网
10297,31.088666666666665,125.44686111111113,9.9,276.0,2020-02-29 09:29:15,刺网
10297,31.094472222222233,125.42027777777778,8.4,357.0,2020-02-29 09:39:15,刺网
10297,31.118194444444452,125.41913888888888,8.3,350.0,2020-02-29 09:49:15,刺网
10297,31.142027777777766,125.41827777777776,5.7,289.0,2020-02-29 09:59:15,刺网
10297,31.14544444444445,125.40008333333334,1.8,212.0,2020-02-29 10:09:15,刺网
10297,31.14380555555556,125.39838888888893,0.6,152.0,2020-02-29 10:19:15,刺网
10297,31.142555555555553,125.39747222222222,1.6,109.0,2020-02-29 10:29:15,刺网
10297,31.14155555555555,125.3965277777778,0.7,209.0,2020-02-29 10:39:16,刺网
10297,31.14080555555556,125.3955,1.8,255.0,2020-02-29 10:49:16,刺网
10297,31.140305555555553,125.39458333333332,1.0,269.0,2020-02-29 10:59:16,刺网
10297,31.140666666666664,125.39405555555555,1.4,273.0,2020-02-29 11:09:16,刺网
10297,31.140694444444442,125.39338888888894,1.7,78.0,2020-02-29 11:19:16,刺网
10297,31.140777777777767,125.39277777777778,1.2,328.0,2020-02-29 11:29:16,刺网
10297,31.14083333333333,125.39219444444444,0.7,0.0,2020-02-29 11:39:16,刺网
10297,31.14086111111111,125.39158333333334,2.3,333.0,2020-02-29 11:49:16,刺网
10297,31.14125,125.39183333333335,1.1,36.0,2020-02-29 12:09:16,刺网
10297,31.141277777777766,125.39216666666668,1.5,4.0,2020-02-29 12:19:16,刺网
10297,31.14147222222222,125.39286111111113,1.9,124.0,2020-02-29 12:29:16,刺网
10297,31.141444444444442,125.39358333333334,0.8,64.0,2020-02-29 12:39:16,刺网
10297,31.141527777777767,125.3947777777778,2.0,224.0,2020-02-29 12:49:16,刺网
10297,31.14169444444445,125.39627777777778,0.3,0.0,2020-02-29 12:59:16,刺网
10297,31.14155555555555,125.39766666666668,2.5,57.0,2020-02-29 13:09:16,刺网
10297,31.14177777777777,125.39961111111113,0.4,93.0,2020-02-29 13:19:16,刺网
10297,31.14172222222221,125.40125,0.8,50.0,2020-02-29 13:29:16,刺网
10297,31.141527777777767,125.40313888888893,1.4,78.0,2020-02-29 13:39:16,刺网
10297,31.141527777777767,125.40508333333334,1.2,95.0,2020-02-29 13:49:15,刺网
10297,31.141027777777786,125.40700000000001,0.5,0.0,2020-02-29 13:59:15,刺网
10297,31.140638888888887,125.40922222222223,1.4,87.0,2020-02-29 14:09:15,刺网
10297,31.140305555555553,125.41175,0.9,97.0,2020-02-29 14:19:15,刺网
10297,31.139833333333332,125.41413888888887,0.4,94.0,2020-02-29 14:29:15,刺网
10297,31.13930555555555,125.41683333333334,2.0,106.0,2020-02-29 14:39:15,刺网
10297,31.13855555555556,125.41961111111112,1.2,97.0,2020-02-29 14:49:15,刺网
10297,31.13811111111111,125.42269444444445,0.7,73.0,2020-02-29 14:59:15,刺网
10297,31.137472222222208,125.42611111111113,0.9,71.0,2020-02-29 15:09:15,刺网
10297,31.13661111111111,125.42930555555556,1.2,122.0,2020-02-29 15:19:15,刺网
10297,31.13561111111111,125.4327222222222,1.9,163.0,2020-02-29 15:29:16,刺网
10297,31.134138888888888,125.43608333333331,1.3,126.0,2020-02-29 15:39:16,刺网
10297,31.132472222222226,125.4394722222222,3.1,84.0,2020-02-29 15:49:16,刺网
10297,31.124861111111112,125.43286111111112,6.9,231.0,2020-02-29 15:59:16,刺网
10297,31.121,125.42427777777776,0.6,0.0,2020-02-29 16:09:16,刺网
10297,31.12086111111111,125.42516666666668,0.8,95.0,2020-02-29 16:19:16,刺网
10297,31.12380555555556,125.429,1.2,22.0,2020-02-29 16:29:16,刺网
10297,31.126444444444445,125.42944444444444,0.9,63.0,2020-02-29 16:39:16,刺网
10297,31.137,125.43233333333332,0.9,84.0,2020-02-29 17:19:16,刺网
10297,31.139805555555554,125.43136111111113,1.0,38.0,2020-02-29 17:29:16,刺网
10297,31.142722222222233,125.43016666666668,1.1,323.0,2020-02-29 17:39:16,刺网
10297,31.145,125.42955555555555,1.9,18.0,2020-02-29 17:49:16,刺网
10297,31.14463888888889,125.43225,1.1,101.0,2020-02-29 17:59:16,刺网
10297,31.145111111111113,125.43361111111112,1.6,126.0,2020-02-29 18:09:15,刺网
10297,31.13622222222222,125.44469444444445,9.7,137.0,2020-02-29 18:19:15,刺网
10297,31.11366666666667,125.46241666666668,9.8,154.0,2020-02-29 18:29:15,刺网
10297,31.0885,125.463,8.8,187.0,2020-02-29 18:39:15,刺网
10297,31.06636111111111,125.4620277777778,8.3,180.0,2020-02-29 18:49:15,刺网
10297,31.058000000000003,125.46919444444444,7.4,15.0,2020-02-29 18:59:15,刺网
10297,31.07338888888889,125.48313888888887,6.8,26.0,2020-02-29 19:09:15,刺网
10297,31.08508333333333,125.48830555555556,0.4,0.0,2020-02-29 19:19:15,刺网
10297,31.08313888888889,125.49002777777777,2.0,149.0,2020-02-29 19:29:15,刺网
10297,31.080805555555557,125.49136111111108,1.4,134.0,2020-02-29 19:39:15,刺网
10297,31.078722222222233,125.49247222222222,1.6,138.0,2020-02-29 19:49:15,刺网
10297,31.076472222222232,125.4932777777778,0.5,142.0,2020-02-29 19:59:15,刺网
10297,31.074277777777766,125.49386111111107,0.8,163.0,2020-02-29 20:09:15,刺网
10297,31.0725,125.4944722222222,1.7,157.0,2020-02-29 20:19:15,刺网
10297,31.07086111111111,125.49461111111113,0.8,283.0,2020-02-29 20:29:16,刺网
10297,31.069138888888887,125.49475,0.7,0.0,2020-02-29 20:39:16,刺网
10297,31.06744444444445,125.49488888888894,1.5,153.0,2020-02-29 20:49:16,刺网
10297,31.06625,125.49483333333332,2.0,157.0,2020-02-29 20:59:16,刺网
10297,31.06491666666667,125.49455555555555,1.5,170.0,2020-02-29 21:09:16,刺网
10297,31.0635,125.49366666666668,0.9,296.0,2020-02-29 21:19:16,刺网
10297,31.062361111111112,125.49277777777776,0.8,180.0,2020-02-29 21:29:16,刺网
10297,31.06133333333333,125.49172222222224,1.0,270.0,2020-02-29 21:39:16,刺网
10297,31.06061111111111,125.49088888888888,0.8,251.0,2020-02-29 21:49:16,刺网
10297,31.05975,125.48972222222223,0.9,267.0,2020-02-29 21:59:16,刺网
10297,31.05933333333333,125.4885277777778,1.1,225.0,2020-02-29 22:09:16,刺网
10297,31.05938888888889,125.48780555555555,0.9,232.0,2020-02-29 22:19:16,刺网
10297,31.059277777777766,125.4865,2.4,187.0,2020-02-29 22:29:16,刺网
10297,31.05941666666667,125.48541666666668,1.4,189.0,2020-02-29 22:39:15,刺网
10297,31.05966666666667,125.48455555555556,1.0,333.0,2020-02-29 22:49:15,刺网
10297,31.05758333333333,125.47480555555555,8.7,255.0,2020-02-29 22:59:15,刺网
10297,31.05311111111111,125.4472222222222,9.4,265.0,2020-02-29 23:09:15,刺网
10297,31.05366666666667,125.43672222222223,0.4,6.0,2020-02-29 23:19:15,刺网
10297,31.057361111111113,125.43747222222223,0.4,183.0,2020-02-29 23:29:15,刺网
10297,31.061277777777786,125.43777777777778,1.8,346.0,2020-02-29 23:39:15,刺网
10297,31.066222222222233,125.43747222222223,2.0,349.0,2020-02-29 23:49:15,刺网
10297,31.070305555555557,125.43786111111113,2.1,346.0,2020-02-29 23:59:15,刺网
10297,31.075222222222234,125.43825,1.4,353.0,2020-03-01 00:09:15,刺网
10297,31.07866666666667,125.43897222222223,1.9,14.0,2020-03-01 00:19:15,刺网
10297,31.08319444444445,125.43852777777781,1.7,345.0,2020-03-01 00:29:15,刺网
10297,31.087861111111113,125.43733333333334,2.2,334.0,2020-03-01 00:39:15,刺网
10297,31.09236111111111,125.43716666666668,1.9,31.0,2020-03-01 00:49:15,刺网
10297,31.09597222222222,125.4399722222222,2.0,109.0,2020-03-01 00:59:15,刺网
10297,31.09644444444445,125.44133333333332,1.3,20.0,2020-03-01 01:09:15,刺网
10297,31.10019444444445,125.4397777777778,1.5,317.0,2020-03-01 01:19:15,刺网
10297,31.09672222222222,125.44688888888888,8.5,113.0,2020-03-01 01:29:16,刺网
10297,31.080222222222233,125.46413888888887,8.4,164.0,2020-03-01 01:39:16,刺网
10297,31.05725,125.46969444444444,8.7,176.0,2020-03-01 01:49:16,刺网
10297,31.035055555555555,125.46966666666668,7.5,172.0,2020-03-01 01:59:16,刺网
10297,31.013527777777767,125.47016666666669,7.9,185.0,2020-03-01 02:09:16,刺网
10297,31.009888888888888,125.45830555555555,7.8,313.0,2020-03-01 02:19:16,刺网
10297,31.027027777777768,125.4435,7.4,307.0,2020-03-01 02:29:16,刺网
10297,31.03013888888889,125.43786111111113,1.1,25.0,2020-03-01 02:39:16,刺网
10297,31.030055555555553,125.43963888888894,0.7,89.0,2020-03-01 02:49:16,刺网
10297,31.02991666666667,125.44158333333334,0.6,100.0,2020-03-01 02:59:16,刺网
10297,31.029611111111112,125.44358333333334,0.8,0.0,2020-03-01 03:09:16,刺网
10297,31.02925,125.44588888888893,0.8,55.0,2020-03-01 03:19:15,刺网
10297,31.02897222222222,125.44797222222223,1.0,103.0,2020-03-01 03:29:15,刺网
10297,31.028444444444442,125.4502222222222,2.1,93.0,2020-03-01 03:39:15,刺网
10297,31.02761111111111,125.45258333333334,1.0,119.0,2020-03-01 03:49:15,刺网
10297,31.026777777777767,125.455,0.9,122.0,2020-03-01 03:59:15,刺网
10297,31.025666666666666,125.45744444444445,0.4,0.0,2020-03-01 04:09:15,刺网
10297,31.024444444444452,125.45986111111112,0.5,101.0,2020-03-01 04:19:15,刺网
10297,31.023138888888887,125.46197222222222,0.2,139.0,2020-03-01 04:29:15,刺网
10297,31.02180555555555,125.46402777777777,2.0,108.0,2020-03-01 04:39:15,刺网
10297,31.02033333333333,125.46625,0.6,129.0,2020-03-01 04:49:15,刺网
