渔船ID,lat,lon,速度,方向,time,type
11736,29.840055555555555,122.2974722222222,0.0,0.0,2019-10-14 22:25:43,围网
11736,29.840055555555555,122.2974722222222,0.0,0.0,2019-10-14 22:35:43,围网
11736,29.839972222222233,122.29758333333334,0.1,0.0,2019-10-14 22:45:43,围网
11736,29.840055555555555,122.2975,0.1,0.0,2019-10-14 22:55:43,围网
11736,29.840055555555555,122.2974722222222,0.1,0.0,2019-10-14 23:05:43,围网
11736,29.840027777777767,122.2974722222222,0.0,0.0,2019-10-14 23:15:43,围网
11736,29.840055555555555,122.29744444444445,0.0,0.0,2019-10-14 23:25:43,围网
11736,29.840055555555555,122.2974722222222,0.2,0.0,2019-10-14 23:35:43,围网
11736,29.84,122.2974722222222,0.0,0.0,2019-10-14 23:45:43,围网
11736,29.84008333333333,122.2974722222222,0.2,0.0,2019-10-14 23:55:43,围网
11736,29.840027777777767,122.2974722222222,0.1,0.0,2019-10-15 00:05:43,围网
11736,29.840138888888887,122.2974722222222,0.2,0.0,2019-10-15 00:15:44,围网
11736,29.84011111111111,122.2975,0.1,0.0,2019-10-15 00:25:44,围网
11736,29.840055555555555,122.2974722222222,0.0,0.0,2019-10-15 00:35:44,围网
11736,29.84011111111111,122.2974722222222,0.0,0.0,2019-10-15 00:45:43,围网
11736,29.84,122.2974722222222,0.0,0.0,2019-10-15 00:55:43,围网
11736,29.840166666666665,122.29744444444445,0.3,0.0,2019-10-15 01:05:43,围网
11736,29.840416666666666,122.29741666666666,0.3,167.0,2019-10-15 01:15:43,围网
11736,29.840027777777767,122.2975,0.0,0.0,2019-10-15 01:25:43,围网
11736,29.840027777777767,122.29752777777777,0.0,0.0,2019-10-15 01:35:43,围网
11736,29.840055555555555,122.2974722222222,0.0,0.0,2019-10-15 01:45:43,围网
11736,29.840055555555555,122.2975,0.0,0.0,2019-10-15 01:55:43,围网
11736,29.840027777777767,122.2974722222222,0.0,0.0,2019-10-15 02:05:43,围网
11736,29.840055555555555,122.2974722222222,0.0,0.0,2019-10-15 02:15:43,围网
11736,29.840055555555555,122.2974722222222,0.1,0.0,2019-10-15 02:25:43,围网
11736,29.840027777777767,122.2974722222222,0.0,0.0,2019-10-15 02:35:43,围网
11736,29.840027777777767,122.2974722222222,0.1,0.0,2019-10-15 02:45:43,围网
11736,29.840027777777767,122.2974722222222,0.0,0.0,2019-10-15 02:55:43,围网
11736,29.840055555555555,122.29744444444445,0.0,0.0,2019-10-15 03:05:43,围网
11736,29.840055555555555,122.2975,0.1,0.0,2019-10-15 03:15:43,围网
11736,29.840055555555555,122.2975,0.1,0.0,2019-10-15 03:25:43,围网
11736,29.840055555555555,122.2974722222222,0.0,0.0,2019-10-15 03:35:43,围网
11736,29.84008333333333,122.2975,0.0,0.0,2019-10-15 03:45:43,围网
11736,29.84008333333333,122.2975,0.1,0.0,2019-10-15 03:55:43,围网
11736,29.840027777777767,122.2975,0.0,0.0,2019-10-15 04:05:43,围网
11736,29.84008333333333,122.2974722222222,0.0,0.0,2019-10-15 04:15:43,围网
11736,29.840055555555555,122.2975,0.0,0.0,2019-10-15 04:25:43,围网
11736,29.840055555555555,122.29744444444445,0.0,0.0,2019-10-15 04:35:43,围网
11736,29.840055555555555,122.2974722222222,0.0,0.0,2019-10-15 04:45:43,围网
11736,29.840055555555555,122.2974722222222,0.0,0.0,2019-10-15 04:55:43,围网
11736,29.840027777777767,122.2974722222222,0.0,0.0,2019-10-15 05:05:43,围网
11736,29.840138888888887,122.29744444444445,0.0,0.0,2019-10-15 05:15:43,围网
11736,29.840055555555555,122.2974722222222,0.0,0.0,2019-10-15 05:25:43,围网
11736,29.840027777777767,122.2974722222222,0.0,0.0,2019-10-15 05:35:43,围网
11736,29.840027777777767,122.2975,0.0,0.0,2019-10-15 05:45:43,围网
11736,29.840055555555555,122.2975,0.0,0.0,2019-10-15 05:55:43,围网
11736,29.840055555555555,122.2974722222222,0.0,0.0,2019-10-15 06:05:43,围网
11736,29.840027777777767,122.2974722222222,0.0,0.0,2019-10-15 06:15:43,围网
11736,29.84,122.2975,0.0,0.0,2019-10-15 06:25:43,围网
11736,29.84008333333333,122.2975,0.0,0.0,2019-10-15 06:35:43,围网
11736,29.839972222222233,122.29744444444445,0.1,0.0,2019-10-15 06:45:43,围网
11736,29.84,122.2975,0.1,0.0,2019-10-15 06:55:43,围网
11736,29.840055555555555,122.29744444444445,0.1,0.0,2019-10-15 07:05:43,围网
11736,29.840027777777767,122.29738888888888,0.2,0.0,2019-10-15 07:15:43,围网
11736,29.840027777777767,122.29744444444445,0.1,0.0,2019-10-15 07:25:43,围网
11736,29.84008333333333,122.29738888888888,0.0,0.0,2019-10-15 07:35:43,围网
11736,29.840055555555555,122.29744444444445,0.1,0.0,2019-10-15 07:45:43,围网
11736,29.840055555555555,122.29744444444445,0.0,0.0,2019-10-15 07:55:43,围网
11736,29.84008333333333,122.29744444444445,0.1,0.0,2019-10-15 08:05:43,围网
11736,29.84008333333333,122.2974722222222,0.0,0.0,2019-10-15 08:25:43,围网
11736,29.84008333333333,122.2975,0.0,0.0,2019-10-15 08:35:42,围网
11736,29.84008333333333,122.2975,0.0,0.0,2019-10-15 08:45:42,围网
11736,29.84008333333333,122.2975,0.2,0.0,2019-10-15 08:55:43,围网
11736,29.840027777777767,122.29744444444445,0.2,0.0,2019-10-15 09:05:43,围网
11736,29.840027777777767,122.2974722222222,0.0,0.0,2019-10-15 09:15:43,围网
11736,29.84008333333333,122.2975,0.0,0.0,2019-10-15 09:25:43,围网
11736,29.840055555555555,122.29744444444445,0.0,0.0,2019-10-15 09:35:43,围网
11736,29.840055555555555,122.2975,0.0,0.0,2019-10-15 09:45:43,围网
11736,29.840055555555555,122.29744444444445,0.0,0.0,2019-10-15 09:55:43,围网
11736,29.840055555555555,122.2974722222222,0.1,0.0,2019-10-15 10:05:43,围网
11736,29.83983333333333,122.29825,1.3,122.0,2019-10-15 10:15:43,围网
11736,29.83975,122.29825,0.2,0.0,2019-10-15 10:25:43,围网
11736,29.83975,122.29830555555556,0.0,0.0,2019-10-15 10:35:43,围网
11736,29.83972222222221,122.29830555555556,0.0,0.0,2019-10-15 10:45:43,围网
11736,29.83975,122.29830555555556,0.0,0.0,2019-10-15 10:55:43,围网
11736,29.839777777777766,122.29830555555556,0.0,0.0,2019-10-15 11:05:43,围网
11736,29.83969444444445,122.29830555555556,0.0,0.0,2019-10-15 11:15:43,围网
11736,29.83972222222221,122.29838888888894,0.6,0.0,2019-10-15 11:25:43,围网
11736,29.83983333333333,122.29838888888894,0.7,39.0,2019-10-15 11:35:43,围网
11736,29.839805555555554,122.29841666666668,0.6,0.0,2019-10-15 11:45:43,围网
11736,29.83975,122.29836111111106,0.6,0.0,2019-10-15 11:55:43,围网
11736,29.83975,122.29847222222222,0.8,71.0,2019-10-15 12:05:43,围网
11736,29.83972222222221,122.29830555555556,0.1,0.0,2019-10-15 12:15:43,围网
11736,29.83972222222221,122.29827777777777,0.0,0.0,2019-10-15 12:25:42,围网
11736,29.83975,122.29825,0.0,0.0,2019-10-15 12:35:42,围网
11736,29.83975,122.29827777777777,0.0,0.0,2019-10-15 12:45:42,围网
11736,29.83975,122.29827777777777,0.0,0.0,2019-10-15 12:55:42,围网
11736,29.83972222222221,122.29830555555556,0.0,0.0,2019-10-15 13:05:42,围网
11736,29.83969444444445,122.29825,0.0,0.0,2019-10-15 13:15:43,围网
11736,29.839805555555554,122.29830555555556,0.3,0.0,2019-10-15 13:25:43,围网
11736,29.83975,122.29827777777777,0.1,0.0,2019-10-15 13:35:43,围网
11736,29.83969444444445,122.29833333333332,0.0,0.0,2019-10-15 13:45:43,围网
11736,29.83975,122.29827777777777,0.0,0.0,2019-10-15 13:55:43,围网
11736,29.83975,122.29833333333332,0.1,0.0,2019-10-15 14:05:43,围网
11736,29.83983333333333,122.29825,0.0,0.0,2019-10-15 14:15:43,围网
11736,29.83972222222221,122.29833333333332,0.0,0.0,2019-10-15 14:25:43,围网
11736,29.83972222222221,122.29833333333332,0.0,0.0,2019-10-15 14:35:43,围网
11736,29.83972222222221,122.29833333333332,0.0,0.0,2019-10-15 14:45:43,围网
11736,29.83975,122.29830555555556,0.0,0.0,2019-10-15 14:55:43,围网
11736,29.83972222222221,122.29827777777777,0.2,0.0,2019-10-15 15:05:43,围网
11736,29.83972222222221,122.29833333333332,0.1,0.0,2019-10-15 15:15:43,围网
11736,29.83972222222221,122.29830555555556,0.0,0.0,2019-10-15 15:25:43,围网
11736,29.83963888888889,122.29830555555556,0.3,0.0,2019-10-15 15:35:43,围网
11736,29.839805555555554,122.29827777777777,0.1,0.0,2019-10-15 15:45:43,围网
11736,29.839777777777766,122.29827777777777,0.0,0.0,2019-10-15 15:55:43,围网
11736,29.839666666666666,122.29836111111106,0.1,0.0,2019-10-15 16:05:43,围网
11736,29.83969444444445,122.29836111111106,0.2,0.0,2019-10-15 16:15:43,围网
11736,29.83969444444445,122.29833333333332,1.0,144.0,2019-10-15 16:25:42,围网
11736,29.83969444444445,122.29825,0.0,0.0,2019-10-15 16:35:42,围网
11736,29.83969444444445,122.29825,0.0,0.0,2019-10-15 16:45:42,围网
11736,29.839666666666666,122.29825,0.1,0.0,2019-10-15 16:55:42,围网
11736,29.83969444444445,122.29825,0.0,0.0,2019-10-15 17:05:42,围网
11736,29.83969444444445,122.29827777777777,0.0,0.0,2019-10-15 17:15:42,围网
11736,29.83969444444445,122.29825,0.0,0.0,2019-10-15 17:25:42,围网
11736,29.83972222222221,122.29827777777777,0.0,0.0,2019-10-15 17:35:43,围网
11736,29.83972222222221,122.29827777777777,0.0,0.0,2019-10-15 17:45:43,围网
11736,29.83972222222221,122.29825,0.1,0.0,2019-10-15 17:55:43,围网
11736,29.83972222222221,122.29827777777777,0.0,0.0,2019-10-15 18:05:43,围网
11736,29.839666666666666,122.29825,0.0,0.0,2019-10-15 18:15:43,围网
11736,29.839666666666666,122.29825,0.1,0.0,2019-10-15 18:25:43,围网
11736,29.83969444444445,122.2982222222222,0.0,0.0,2019-10-15 18:35:43,围网
11736,29.83969444444445,122.29825,0.0,0.0,2019-10-15 18:45:43,围网
11736,29.83969444444445,122.2982222222222,0.0,0.0,2019-10-15 18:55:43,围网
11736,29.839666666666666,122.29825,0.0,0.0,2019-10-15 19:05:43,围网
11736,29.839666666666666,122.29827777777777,0.0,0.0,2019-10-15 19:15:43,围网
11736,29.83969444444445,122.29819444444445,0.0,0.0,2019-10-15 19:25:43,围网
11736,29.839666666666666,122.29825,0.0,0.0,2019-10-15 19:35:43,围网
11736,29.83972222222221,122.2982222222222,0.0,0.0,2019-10-15 19:45:43,围网
11736,29.83969444444445,122.29825,0.0,0.0,2019-10-15 19:55:43,围网
11736,29.83972222222221,122.29819444444445,0.4,0.0,2019-10-15 20:05:43,围网
11736,29.839666666666666,122.29825,0.6,0.0,2019-10-15 20:15:43,围网
11736,29.83963888888889,122.29825,0.1,0.0,2019-10-15 20:25:42,围网
11736,29.839666666666666,122.29816666666666,0.1,0.0,2019-10-15 20:35:42,围网
11736,29.83969444444445,122.29833333333332,0.1,0.0,2019-10-15 20:45:42,围网
11736,29.83963888888889,122.29825,0.0,0.0,2019-10-15 20:55:42,围网
11736,29.839666666666666,122.29825,0.0,0.0,2019-10-15 21:05:42,围网
11736,29.839666666666666,122.29825,0.0,0.0,2019-10-15 21:15:42,围网
11736,29.83963888888889,122.29827777777777,0.0,0.0,2019-10-15 21:25:42,围网
11736,29.839666666666666,122.29827777777777,0.0,0.0,2019-10-15 21:35:42,围网
11736,29.83963888888889,122.29827777777777,0.0,0.0,2019-10-15 21:45:42,围网
11736,29.83969444444445,122.29827777777777,0.0,0.0,2019-10-15 21:55:43,围网
11736,29.83969444444445,122.29827777777777,0.0,0.0,2019-10-15 22:05:43,围网
11736,29.83969444444445,122.29825,0.0,0.0,2019-10-15 22:15:43,围网
11736,29.839666666666666,122.29825,0.1,0.0,2019-10-15 22:25:43,围网
11736,29.839666666666666,122.29827777777777,0.0,0.0,2019-10-15 22:35:43,围网
11736,29.83969444444445,122.29825,0.0,0.0,2019-10-15 22:45:43,围网
11736,29.839666666666666,122.29827777777777,0.0,0.0,2019-10-15 22:55:43,围网
11736,29.839666666666666,122.29827777777777,0.0,0.0,2019-10-15 23:05:43,围网
11736,29.839666666666666,122.29827777777777,0.0,0.0,2019-10-15 23:15:43,围网
11736,29.839666666666666,122.29825,0.0,0.0,2019-10-15 23:25:43,围网
11736,29.839666666666666,122.29825,0.0,0.0,2019-10-15 23:35:43,围网
11736,29.839666666666666,122.2982222222222,0.0,0.0,2019-10-15 23:45:43,围网
11736,29.83961111111111,122.29825,0.0,0.0,2019-10-15 23:55:43,围网
11736,29.83969444444445,122.29827777777777,0.0,0.0,2019-10-16 00:05:43,围网
11736,29.83969444444445,122.29827777777777,0.0,0.0,2019-10-16 00:15:42,围网
11736,29.83961111111111,122.29827777777777,0.0,0.0,2019-10-16 00:25:42,围网
11736,29.83969444444445,122.29825,0.0,0.0,2019-10-16 00:35:42,围网
11736,29.83963888888889,122.29827777777777,0.2,0.0,2019-10-16 00:45:42,围网
11736,29.839666666666666,122.29825,0.0,0.0,2019-10-16 00:55:42,围网
11736,29.839666666666666,122.29827777777777,0.1,0.0,2019-10-16 01:05:42,围网
11736,29.83969444444445,122.29825,0.0,0.0,2019-10-16 01:15:42,围网
11736,29.83969444444445,122.29825,0.0,0.0,2019-10-16 01:25:42,围网
11736,29.839666666666666,122.29825,0.0,0.0,2019-10-16 01:35:42,围网
11736,29.839666666666666,122.29827777777777,0.1,0.0,2019-10-16 01:45:42,围网
11736,29.839666666666666,122.29827777777777,0.0,0.0,2019-10-16 01:55:42,围网
11736,29.83969444444445,122.29827777777777,0.0,0.0,2019-10-16 02:05:42,围网
11736,29.839666666666666,122.29819444444445,0.2,0.0,2019-10-16 02:15:43,围网
11736,29.83969444444445,122.29825,0.1,0.0,2019-10-16 02:25:43,围网
11736,29.839666666666666,122.29827777777777,0.1,0.0,2019-10-16 02:35:43,围网
11736,29.839666666666666,122.29825,0.1,0.0,2019-10-16 02:45:43,围网
11736,29.83969444444445,122.29819444444445,0.1,0.0,2019-10-16 02:55:43,围网
11736,29.83963888888889,122.29816666666666,0.2,0.0,2019-10-16 03:05:43,围网
11736,29.83958333333333,122.29830555555556,0.3,0.0,2019-10-16 03:15:43,围网
11736,29.839666666666666,122.2982222222222,0.0,0.0,2019-10-16 03:25:43,围网
11736,29.83969444444445,122.2982222222222,0.0,0.0,2019-10-16 03:35:43,围网
11736,29.839666666666666,122.29819444444445,0.0,0.0,2019-10-16 03:55:43,围网
11736,29.839666666666666,122.2982222222222,0.0,0.0,2019-10-16 04:05:43,围网
11736,29.83969444444445,122.29825,0.0,0.0,2019-10-16 04:25:42,围网
11736,29.839666666666666,122.29825,0.0,0.0,2019-10-16 04:35:42,围网
11736,29.839666666666666,122.29827777777777,0.0,0.0,2019-10-16 04:45:42,围网
11736,29.839666666666666,122.2982222222222,0.0,0.0,2019-10-16 04:55:42,围网
11736,29.83969444444445,122.2982222222222,0.0,0.0,2019-10-16 05:05:42,围网
11736,29.839666666666666,122.29825,0.0,0.0,2019-10-16 05:15:42,围网
11736,29.83972222222221,122.29825,0.0,0.0,2019-10-16 05:25:42,围网
11736,29.83969444444445,122.29825,0.0,0.0,2019-10-16 05:35:42,围网
11736,29.83969444444445,122.29825,0.0,0.0,2019-10-16 05:45:42,围网
11736,29.83969444444445,122.29825,0.0,0.0,2019-10-16 05:55:42,围网
11736,29.839666666666666,122.2982222222222,0.0,0.0,2019-10-16 06:05:42,围网
11736,29.83969444444445,122.29825,0.0,0.0,2019-10-16 06:15:42,围网
11736,29.83961111111111,122.29827777777777,0.1,0.0,2019-10-16 06:25:42,围网
11736,29.839666666666666,122.2982222222222,0.3,0.0,2019-10-16 06:35:42,围网
11736,29.83963888888889,122.29825,0.1,0.0,2019-10-16 06:45:43,围网
11736,29.83961111111111,122.29825,0.1,0.0,2019-10-16 06:55:43,围网
11736,29.839666666666666,122.29827777777777,0.1,0.0,2019-10-16 07:05:43,围网
11736,29.83969444444445,122.29830555555556,0.1,0.0,2019-10-16 07:15:43,围网
11736,29.83963888888889,122.29838888888894,0.2,0.0,2019-10-16 07:25:43,围网
11736,29.839666666666666,122.29827777777777,0.0,0.0,2019-10-16 07:35:43,围网
11736,29.83969444444445,122.29825,0.0,0.0,2019-10-16 07:45:43,围网
11736,29.839666666666666,122.29825,0.0,0.0,2019-10-16 07:55:43,围网
11736,29.84069444444444,122.30036111111113,5.9,335.0,2019-10-16 08:05:43,围网
11736,29.839666666666666,122.29819444444445,0.2,0.0,2019-10-16 08:15:42,围网
11736,29.83961111111111,122.29825,0.0,0.0,2019-10-16 08:25:42,围网
11736,29.83972222222221,122.29830555555556,0.1,0.0,2019-10-16 08:35:42,围网
11736,29.83961111111111,122.29825,0.1,0.0,2019-10-16 08:45:42,围网
11736,29.839666666666666,122.29836111111106,1.3,104.0,2019-10-16 08:55:42,围网
11736,29.84369444444444,122.31266666666669,4.8,79.0,2019-10-16 09:05:42,围网
11736,29.84461111111111,122.32369444444444,6.0,53.0,2019-10-16 09:15:42,围网
11736,29.85425,122.34458333333332,8.2,76.0,2019-10-16 09:25:42,围网
11736,29.85408333333333,122.36686111111106,5.2,115.0,2019-10-16 09:35:42,围网
11736,29.831138888888887,122.38747222222223,6.9,128.0,2019-10-16 09:55:42,围网
11736,29.825555555555557,122.40505555555555,5.4,107.0,2019-10-16 10:05:42,围网
11736,29.82486111111111,122.4235277777778,5.7,78.0,2019-10-16 10:15:42,围网
11736,29.82794444444445,122.44116666666667,5.7,66.0,2019-10-16 10:25:42,围网
11736,29.832722222222234,122.45783333333334,5.1,70.0,2019-10-16 10:35:42,围网
11736,29.83583333333333,122.47469444444445,5.5,84.0,2019-10-16 10:45:42,围网
11736,29.83838888888889,122.49330555555555,6.2,68.0,2019-10-16 10:55:42,围网
11736,29.84608333333333,122.51091666666667,6.4,67.0,2019-10-16 11:05:43,围网
11736,29.854027777777766,122.52819444444445,6.2,63.0,2019-10-16 11:15:43,围网
11736,29.86219444444445,122.54591666666668,6.1,50.0,2019-10-16 11:25:43,围网
11736,29.87008333333333,122.5637222222222,6.6,63.0,2019-10-16 11:35:43,围网
11736,29.877527777777786,122.58180555555555,6.9,66.0,2019-10-16 11:45:43,围网
11736,29.88644444444445,122.60055555555556,8.3,59.0,2019-10-16 11:55:43,围网
11736,29.893916666666666,122.62113888888888,5.7,67.0,2019-10-16 12:05:43,围网
11736,29.900861111111112,122.6392777777778,7.0,60.0,2019-10-16 12:15:42,围网
11736,29.91038888888889,122.65727777777781,6.8,56.0,2019-10-16 12:25:42,围网
11736,29.91833333333333,122.67605555555555,6.6,67.0,2019-10-16 12:35:42,围网
11736,29.925361111111112,122.69561111111112,6.8,72.0,2019-10-16 12:45:42,围网
11736,29.932361111111113,122.71444444444445,6.2,69.0,2019-10-16 12:55:42,围网
11736,29.93816666666667,122.73266666666667,6.0,70.0,2019-10-16 13:05:42,围网
11736,29.94491666666667,122.75011111111112,6.3,66.0,2019-10-16 13:15:42,围网
11736,29.951694444444442,122.76783333333334,6.3,63.0,2019-10-16 13:25:42,围网
11736,29.95891666666667,122.78530555555555,5.7,66.0,2019-10-16 13:35:42,围网
11736,29.96605555555556,122.80355555555555,6.2,65.0,2019-10-16 13:45:42,围网
11736,29.9725,122.8234722222222,6.7,84.0,2019-10-16 13:55:42,围网
11736,29.97494444444445,122.84533333333331,7.7,79.0,2019-10-16 14:05:42,围网
11736,29.97783333333333,122.86852777777777,6.9,85.0,2019-10-16 14:15:42,围网
11736,29.98041666666667,122.88913888888894,6.7,85.0,2019-10-16 14:25:42,围网
11736,29.98305555555556,122.91058333333334,7.0,82.0,2019-10-16 14:35:42,围网
11736,29.98544444444445,122.93275,6.5,82.0,2019-10-16 14:45:42,围网
11736,29.987805555555557,122.95461111111112,6.3,80.0,2019-10-16 14:55:42,围网
11736,29.990222222222233,122.97625,6.9,84.0,2019-10-16 15:05:42,围网
11736,29.993194444444452,122.99813888888887,6.5,81.0,2019-10-16 15:15:42,围网
11736,29.99572222222222,123.02038888888887,6.7,88.0,2019-10-16 15:25:42,围网
11736,29.99822222222221,123.0419722222222,7.4,87.0,2019-10-16 15:35:43,围网
11736,30.001305555555557,123.06325,5.7,77.0,2019-10-16 15:45:43,围网
11736,30.003777777777767,123.08430555555556,5.8,78.0,2019-10-16 15:55:43,围网
11736,30.006305555555556,123.10508333333333,6.8,86.0,2019-10-16 16:05:43,围网
11736,30.009305555555553,123.12702777777777,7.3,89.0,2019-10-16 16:15:42,围网
11736,30.01452777777777,123.1677777777778,8.4,85.0,2019-10-16 16:35:42,围网
11736,30.016111111111112,123.18883333333332,6.8,79.0,2019-10-16 16:45:42,围网
11736,30.01919444444445,123.20941666666668,6.3,73.0,2019-10-16 16:55:42,围网
11736,30.01969444444445,123.22913888888887,6.4,94.0,2019-10-16 17:05:42,围网
11736,30.020944444444442,123.24872222222223,6.0,78.0,2019-10-16 17:15:42,围网
11736,30.021777777777768,123.26866666666668,6.6,82.0,2019-10-16 17:25:42,围网
11736,30.022305555555555,123.2884722222222,6.6,84.0,2019-10-16 17:35:42,围网
11736,30.023666666666664,123.30741666666668,6.5,88.0,2019-10-16 17:45:42,围网
11736,30.024444444444452,123.3269722222222,6.1,85.0,2019-10-16 17:55:42,围网
11736,30.02563888888889,123.346,5.9,77.0,2019-10-16 18:05:42,围网
11736,30.026777777777767,123.36469444444445,5.3,97.0,2019-10-16 18:15:42,围网
11736,30.03072222222222,123.38252777777777,5.3,63.0,2019-10-16 18:25:42,围网
11736,30.03852777777778,123.39897222222223,4.9,62.0,2019-10-16 18:35:42,围网
11736,30.044722222222234,123.41458333333334,5.7,67.0,2019-10-16 18:45:42,围网
11736,30.04569444444445,123.43244444444444,5.2,89.0,2019-10-16 18:55:42,围网
11736,30.045444444444453,123.45130555555555,6.1,88.0,2019-10-16 19:05:42,围网
11736,30.04194444444445,123.46852777777778,6.0,136.0,2019-10-16 19:15:42,围网
11736,30.043194444444445,123.48508333333334,5.1,98.0,2019-10-16 19:25:42,围网
11736,30.04219444444445,123.50275,6.4,143.0,2019-10-16 19:35:42,围网
11736,30.032694444444445,123.5135,5.9,93.0,2019-10-16 19:45:42,围网
11736,30.03258333333333,123.53133333333334,5.9,89.0,2019-10-16 19:55:43,围网
11736,30.03244444444445,123.54933333333334,6.3,84.0,2019-10-16 20:05:42,围网
11736,30.03286111111111,123.56752777777777,5.4,89.0,2019-10-16 20:15:42,围网
11736,30.033472222222233,123.58533333333334,5.6,77.0,2019-10-16 20:25:42,围网
11736,30.034194444444445,123.60336111111107,5.7,91.0,2019-10-16 20:35:42,围网
11736,30.035166666666665,123.62263888888887,5.4,89.0,2019-10-16 20:45:42,围网
11736,30.03591666666667,123.6392777777778,5.2,79.0,2019-10-16 20:55:42,围网
11736,30.0375,123.65733333333334,5.7,71.0,2019-10-16 21:05:42,围网
11736,30.038472222222207,123.67544444444445,6.0,84.0,2019-10-16 21:15:42,围网
11736,30.03858333333333,123.69327777777778,5.9,89.0,2019-10-16 21:25:42,围网
11736,30.039638888888888,123.71183333333336,5.0,85.0,2019-10-16 21:35:42,围网
11736,30.040944444444445,123.73036111111112,6.1,75.0,2019-10-16 21:45:42,围网
11736,30.041722222222226,123.74875,5.8,80.0,2019-10-16 21:55:42,围网
11736,30.04341666666667,123.76733333333333,5.5,80.0,2019-10-16 22:05:42,围网
11736,30.044611111111113,123.78638888888894,6.0,83.0,2019-10-16 22:15:42,围网
11736,30.046111111111113,123.80525,6.5,90.0,2019-10-16 22:25:42,围网
11736,30.046722222222233,123.82475,6.0,90.0,2019-10-16 22:35:42,围网
11736,30.047611111111113,123.84369444444445,5.9,83.0,2019-10-16 22:45:42,围网
11736,30.04941666666667,123.86438888888887,5.3,76.0,2019-10-16 22:55:42,围网
11736,30.052111111111113,123.8825,4.9,70.0,2019-10-16 23:05:42,围网
11736,30.05380555555556,123.9014722222222,6.2,84.0,2019-10-16 23:15:42,围网
11736,30.05641666666667,123.92102777777778,6.5,77.0,2019-10-16 23:25:42,围网
11736,30.05638888888889,123.9405,6.2,74.0,2019-10-16 23:35:42,围网
11736,30.059527777777767,123.96105555555555,6.3,96.0,2019-10-16 23:45:42,围网
11736,30.06036111111111,123.98161111111106,6.7,84.0,2019-10-16 23:55:41,围网
11736,30.063222222222233,124.00375,6.1,88.0,2019-10-17 00:05:42,围网
11736,30.06608333333333,124.02430555555556,7.6,84.0,2019-10-17 00:15:42,围网
11736,30.06900000000001,124.04719444444444,6.6,72.0,2019-10-17 00:25:42,围网
11736,30.07233333333333,124.06938888888888,7.0,84.0,2019-10-17 00:35:42,围网
11736,30.0755,124.09125,7.2,94.0,2019-10-17 00:45:42,围网
11736,30.077861111111112,124.11388888888888,7.4,86.0,2019-10-17 00:55:42,围网
11736,30.08063888888889,124.13802777777778,6.6,82.0,2019-10-17 01:05:42,围网
11736,30.08280555555556,124.15963888888888,7.6,79.0,2019-10-17 01:15:42,围网
11736,30.08594444444445,124.18233333333332,7.0,82.0,2019-10-17 01:25:42,围网
11736,30.089000000000002,124.20527777777778,7.5,80.0,2019-10-17 01:35:42,围网
11736,30.092194444444445,124.2285,7.0,94.0,2019-10-17 01:45:42,围网
11736,30.095222222222233,124.25125,6.6,76.0,2019-10-17 01:55:42,围网
11736,30.09855555555556,124.27355555555555,7.5,83.0,2019-10-17 02:05:42,围网
11736,30.099472222222207,124.29638888888887,7.4,95.0,2019-10-17 02:15:42,围网
11736,30.10072222222221,124.31891666666664,7.1,91.0,2019-10-17 02:25:42,围网
11736,30.10130555555556,124.34172222222223,7.3,86.0,2019-10-17 02:35:42,围网
11736,30.10238888888889,124.36416666666666,6.8,80.0,2019-10-17 02:45:42,围网
11736,30.10266666666667,124.38663888888892,7.8,85.0,2019-10-17 02:55:42,围网
11736,30.102888888888888,124.4092777777778,7.4,87.0,2019-10-17 03:05:42,围网
11736,30.10430555555555,124.43297222222223,7.3,92.0,2019-10-17 03:15:42,围网
11736,30.10544444444445,124.45358333333333,7.3,84.0,2019-10-17 03:25:42,围网
11736,30.10683333333333,124.47580555555555,6.9,87.0,2019-10-17 03:35:42,围网
11736,30.107944444444453,124.4974722222222,7.0,78.0,2019-10-17 03:45:42,围网
11736,30.108638888888887,124.51911111111107,6.9,92.0,2019-10-17 03:55:41,围网
11736,30.10916666666667,124.54013888888888,5.7,89.0,2019-10-17 04:05:41,围网
11736,30.11180555555556,124.55994444444444,5.7,74.0,2019-10-17 04:15:41,围网
11736,30.114527777777766,124.57913888888888,6.1,73.0,2019-10-17 04:25:41,围网
11736,30.11713888888889,124.59780555555555,5.9,93.0,2019-10-17 04:35:42,围网
11736,30.119222222222234,124.61619444444445,6.1,81.0,2019-10-17 04:45:42,围网
11736,30.12188888888889,124.63430555555556,6.1,88.0,2019-10-17 04:55:42,围网
11736,30.12463888888889,124.65244444444444,6.6,81.0,2019-10-17 05:05:42,围网
11736,30.127305555555555,124.67066666666668,5.3,82.0,2019-10-17 05:15:42,围网
11736,30.12983333333333,124.68963888888894,5.1,77.0,2019-10-17 05:25:42,围网
11736,30.132361111111113,124.70608333333332,5.5,75.0,2019-10-17 05:35:42,围网
11736,30.137722222222234,124.72194444444445,5.7,67.0,2019-10-17 05:45:42,围网
11736,30.14236111111111,124.73863888888887,4.9,66.0,2019-10-17 05:55:42,围网
11736,30.14675,124.75472222222223,4.5,74.0,2019-10-17 06:05:42,围网
11736,30.15075,124.77061111111112,5.6,62.0,2019-10-17 06:15:42,围网
11736,30.155277777777766,124.78541666666666,6.1,78.0,2019-10-17 06:25:42,围网
11736,30.1585,124.79958333333332,5.0,64.0,2019-10-17 06:35:42,围网
11736,30.164666666666665,124.81266666666669,5.3,47.0,2019-10-17 06:45:42,围网
11736,30.16997222222223,124.82605555555556,6.5,82.0,2019-10-17 06:55:42,围网
11736,30.174777777777766,124.83016666666668,2.6,262.0,2019-10-17 07:05:42,围网
11736,30.17055555555556,124.81819444444444,3.2,231.0,2019-10-17 07:15:42,围网
11736,30.16583333333333,124.80827777777776,2.3,214.0,2019-10-17 07:25:42,围网
11736,30.160472222222207,124.79827777777777,3.0,233.0,2019-10-17 07:35:42,围网
11736,30.155472222222233,124.78966666666666,3.7,244.0,2019-10-17 07:45:41,围网
11736,30.155277777777766,124.7787777777778,2.7,279.0,2019-10-17 07:55:41,围网
11736,30.155916666666666,124.76788888888888,3.3,276.0,2019-10-17 08:05:41,围网
11736,30.15522222222221,124.75697222222222,4.3,254.0,2019-10-17 08:15:41,围网
11736,30.15558333333333,124.74630555555555,3.5,275.0,2019-10-17 08:25:41,围网
11736,30.15644444444445,124.73522222222222,3.7,273.0,2019-10-17 08:35:41,围网
11736,30.15763888888889,124.72416666666666,3.7,275.0,2019-10-17 08:45:41,围网
11736,30.157777777777767,124.71313888888888,3.1,288.0,2019-10-17 08:55:42,围网
11736,30.15883333333333,124.70216666666668,3.8,283.0,2019-10-17 09:05:42,围网
11736,30.159666666666666,124.69144444444444,3.9,266.0,2019-10-17 09:15:42,围网
11736,30.160555555555554,124.68069444444444,3.3,299.0,2019-10-17 09:25:42,围网
11736,30.161805555555553,124.66975,3.0,285.0,2019-10-17 09:35:42,围网
11736,30.16322222222221,124.65827777777778,2.9,290.0,2019-10-17 09:45:42,围网
11736,30.16530555555555,124.6485,3.5,302.0,2019-10-17 09:55:42,围网
11736,30.16633333333333,124.6415,0.7,205.0,2019-10-17 10:05:42,围网
11736,30.165416666666665,124.63691666666666,0.2,0.0,2019-10-17 10:15:42,围网
11736,30.16861111111111,124.63144444444444,5.3,330.0,2019-10-17 10:25:42,围网
11736,30.177972222222234,124.61905555555555,7.2,265.0,2019-10-17 10:35:42,围网
11736,30.183222222222234,124.60908333333332,3.2,327.0,2019-10-17 10:45:42,围网
11736,30.18780555555556,124.59994444444445,3.4,300.0,2019-10-17 10:55:42,围网
11736,30.19319444444445,124.59186111111113,3.8,345.0,2019-10-17 11:05:42,围网
11736,30.199388888888887,124.58463888888888,3.2,0.0,2019-10-17 11:15:42,围网
11736,30.20644444444445,124.57869444444445,3.7,327.0,2019-10-17 11:25:42,围网
11736,30.215138888888887,124.5762222222222,4.3,5.0,2019-10-17 11:35:42,围网
11736,30.223888888888887,124.57577777777777,3.3,336.0,2019-10-17 11:45:41,围网
11736,30.233138888888888,124.576,3.2,335.0,2019-10-17 11:55:41,围网
11736,30.24105555555556,124.57611111111108,3.3,349.0,2019-10-17 12:05:41,围网
11736,30.24827777777778,124.57661111111106,3.6,58.0,2019-10-17 12:15:41,围网
11736,30.249277777777767,124.5872222222222,3.6,80.0,2019-10-17 12:25:41,围网
11736,30.245,124.5962222222222,3.6,163.0,2019-10-17 12:35:41,围网
11736,30.23869444444445,124.6032777777778,3.5,143.0,2019-10-17 12:45:41,围网
11736,30.231972222222232,124.61019444444445,3.5,130.0,2019-10-17 12:55:41,围网
11736,30.224611111111113,124.61630555555556,3.4,150.0,2019-10-17 13:05:41,围网
11736,30.216638888888887,124.62086111111107,3.5,132.0,2019-10-17 13:15:42,围网
11736,30.208444444444442,124.62505555555555,3.4,160.0,2019-10-17 13:25:42,围网
11736,30.201638888888887,124.62861111111107,1.5,122.0,2019-10-17 13:35:42,围网
11736,30.19925,124.63052777777777,2.6,165.0,2019-10-17 13:45:42,围网
11736,30.19519444444445,124.63066666666666,3.8,237.0,2019-10-17 13:55:42,围网
11736,30.183777777777767,124.63008333333332,3.7,161.0,2019-10-17 14:05:42,围网
11736,30.17663888888889,124.63663888888892,3.7,131.0,2019-10-17 14:15:42,围网
11736,30.170055555555557,124.64472222222223,3.6,120.0,2019-10-17 14:25:42,围网
11736,30.164388888888887,124.6537777777778,3.6,125.0,2019-10-17 14:35:42,围网
11736,30.15783333333333,124.66208333333331,3.4,117.0,2019-10-17 14:45:42,围网
11736,30.152027777777768,124.67091666666668,3.4,110.0,2019-10-17 14:55:42,围网
11736,30.14611111111111,124.68005555555555,4.1,125.0,2019-10-17 15:05:42,围网
11736,30.140694444444442,124.68941666666666,3.3,106.0,2019-10-17 15:15:42,围网
11736,30.135277777777766,124.69863888888894,3.7,118.0,2019-10-17 15:25:42,围网
11736,30.12986111111111,124.70755555555556,2.8,128.0,2019-10-17 15:35:42,围网
11736,30.12508333333333,124.7169722222222,4.0,125.0,2019-10-17 15:45:41,围网
11736,30.120027777777786,124.72619444444445,3.2,124.0,2019-10-17 15:55:41,围网
11736,30.114777777777785,124.73538888888888,2.9,115.0,2019-10-17 16:05:41,围网
11736,30.108305555555557,124.74361111111112,3.9,147.0,2019-10-17 16:15:41,围网
11736,30.100305555555558,124.74705555555555,3.5,204.0,2019-10-17 16:25:41,围网
11736,30.093666666666664,124.73991666666667,3.4,208.0,2019-10-17 16:35:41,围网
11736,30.085305555555554,124.73494444444445,4.0,195.0,2019-10-17 16:45:41,围网
11736,30.07622222222221,124.73125,4.5,184.0,2019-10-17 16:55:41,围网
11736,30.07230555555555,124.73133333333334,2.0,168.0,2019-10-17 17:05:41,围网
11736,30.067888888888888,124.72905555555555,3.4,333.0,2019-10-17 17:15:41,围网
11736,30.074361111111113,124.7195,5.3,286.0,2019-10-17 17:25:41,围网
11736,30.076638888888887,124.70408333333334,4.8,286.0,2019-10-17 17:35:42,围网
11736,30.07725,124.6875,5.0,270.0,2019-10-17 17:45:42,围网
11736,30.078166666666664,124.67,5.8,262.0,2019-10-17 17:55:42,围网
11736,30.080055555555553,124.6525277777778,5.7,279.0,2019-10-17 18:05:42,围网
11736,30.081166666666665,124.63422222222223,5.8,277.0,2019-10-17 18:15:42,围网
11736,30.081916666666668,124.61444444444444,6.5,275.0,2019-10-17 18:25:42,围网
11736,30.08225,124.59641666666666,5.1,275.0,2019-10-17 18:35:42,围网
11736,30.09008333333333,124.58186111111112,5.6,311.0,2019-10-17 18:45:42,围网
11736,30.09958333333333,124.56838888888888,5.9,311.0,2019-10-17 18:55:42,围网
11736,30.10833333333333,124.55333333333333,5.9,305.0,2019-10-17 19:05:42,围网
11736,30.117916666666666,124.5437222222222,0.4,309.0,2019-10-17 19:15:42,围网
11736,30.11602777777778,124.54141666666666,0.5,190.0,2019-10-17 19:25:42,围网
11736,30.11616666666667,124.54122222222222,0.8,259.0,2019-10-17 19:35:42,围网
11736,30.116111111111113,124.54125,0.4,127.0,2019-10-17 19:45:41,围网
11736,30.116194444444453,124.54119444444444,0.3,0.0,2019-10-17 19:55:41,围网
11736,30.11625,124.54111111111106,1.0,120.0,2019-10-17 20:05:41,围网
11736,30.11636111111111,124.541,0.7,24.0,2019-10-17 20:15:41,围网
11736,30.116555555555557,124.54083333333332,0.5,0.0,2019-10-17 20:25:41,围网
11736,30.11669444444445,124.5407777777778,0.5,6.0,2019-10-17 20:35:41,围网
11736,30.11683333333333,124.54066666666668,0.4,157.0,2019-10-17 20:45:41,围网
11736,30.116944444444453,124.54061111111113,0.8,63.0,2019-10-17 20:55:41,围网
11736,30.11705555555556,124.54055555555556,1.3,66.0,2019-10-17 21:05:41,围网
11736,30.117305555555554,124.5405,0.2,0.0,2019-10-17 21:15:41,围网
11736,30.117444444444452,124.54044444444445,0.6,16.0,2019-10-17 21:25:41,围网
11736,30.117638888888887,124.54038888888887,0.6,13.0,2019-10-17 21:35:41,围网
11736,30.11780555555556,124.54036111111112,0.5,71.0,2019-10-17 21:45:41,围网
11736,30.117916666666666,124.54038888888887,1.0,110.0,2019-10-17 21:55:42,围网
11736,30.11813888888889,124.54038888888887,1.0,181.0,2019-10-17 22:05:42,围网
11736,30.11827777777778,124.54036111111112,0.8,167.0,2019-10-17 22:15:42,围网
11736,30.118388888888887,124.54038888888887,0.7,194.0,2019-10-17 22:25:42,围网
11736,30.118444444444442,124.54047222222222,1.0,335.0,2019-10-17 22:35:42,围网
11736,30.118527777777786,124.54052777777777,1.7,342.0,2019-10-17 22:45:42,围网
11736,30.11863888888889,124.54069444444444,0.8,27.0,2019-10-17 22:55:42,围网
11736,30.118666666666666,124.54072222222223,0.6,164.0,2019-10-17 23:05:42,围网
11736,30.11858333333333,124.54105555555556,1.1,296.0,2019-10-17 23:15:42,围网
11736,30.118416666666665,124.541,0.7,53.0,2019-10-17 23:25:42,围网
11736,30.11816666666667,124.54113888888888,0.4,191.0,2019-10-17 23:35:41,围网
11736,30.11775,124.54158333333334,0.5,149.0,2019-10-17 23:45:41,围网
11736,30.11738888888889,124.542,1.0,148.0,2019-10-17 23:55:41,围网
11736,30.116777777777767,124.54288888888887,1.9,143.0,2019-10-18 00:05:41,围网
11736,30.11605555555556,124.54405555555556,0.4,0.0,2019-10-18 00:15:41,围网
11736,30.11555555555556,124.5444722222222,0.9,254.0,2019-10-18 00:25:41,围网
11736,30.115444444444453,124.54425,0.2,0.0,2019-10-18 00:35:41,围网
11736,30.115472222222234,124.54416666666668,0.9,325.0,2019-10-18 00:45:41,围网
11736,30.115527777777785,124.54427777777778,0.5,0.0,2019-10-18 00:55:41,围网
11736,30.115527777777785,124.54430555555555,0.7,0.0,2019-10-18 01:05:41,围网
11736,30.11558333333333,124.5445,0.7,0.0,2019-10-18 01:15:41,围网
11736,30.11563888888889,124.54472222222222,0.7,0.0,2019-10-18 01:25:41,围网
11736,30.11563888888889,124.54491666666668,0.5,0.0,2019-10-18 01:35:41,围网
11736,30.11569444444445,124.54505555555555,1.2,112.0,2019-10-18 01:45:41,围网
11736,30.11569444444445,124.54494444444444,2.2,286.0,2019-10-18 01:55:41,围网
11736,30.11563888888889,124.5449722222222,0.9,0.0,2019-10-18 02:05:41,围网
11736,30.11563888888889,124.54508333333334,0.5,0.0,2019-10-18 02:15:42,围网
11736,30.11577777777779,124.54511111111113,0.3,0.0,2019-10-18 02:25:42,围网
11736,30.11575,124.54508333333334,1.2,246.0,2019-10-18 02:35:42,围网
11736,30.11569444444445,124.54494444444444,0.8,121.0,2019-10-18 02:45:42,围网
11736,30.115666666666666,124.54488888888888,0.9,51.0,2019-10-18 02:55:42,围网
11736,30.11558333333333,124.54469444444445,2.1,56.0,2019-10-18 03:05:42,围网
11736,30.11558333333333,124.54475,0.4,271.0,2019-10-18 03:15:42,围网
11736,30.11558333333333,124.54472222222222,0.5,122.0,2019-10-18 03:25:42,围网
11736,30.115500000000004,124.54461111111112,1.0,308.0,2019-10-18 03:35:41,围网
11736,30.115444444444453,124.54438888888888,1.7,237.0,2019-10-18 03:45:41,围网
11736,30.115444444444453,124.54430555555555,0.4,0.0,2019-10-18 03:55:41,围网
11736,30.115444444444453,124.54425,0.7,270.0,2019-10-18 04:05:41,围网
11736,30.11541666666667,124.54425,0.7,170.0,2019-10-18 04:15:41,围网
11736,30.11541666666667,124.54411111111106,0.6,79.0,2019-10-18 04:25:41,围网
11736,30.11541666666667,124.54408333333332,1.4,26.0,2019-10-18 04:35:41,围网
11736,30.115361111111113,124.54380555555555,1.6,100.0,2019-10-18 04:45:41,围网
11736,30.115388888888887,124.54366666666668,1.2,249.0,2019-10-18 04:55:41,围网
11736,30.115388888888887,124.54347222222222,1.4,248.0,2019-10-18 05:05:41,围网
11736,30.115361111111113,124.54333333333334,1.6,114.0,2019-10-18 05:15:41,围网
11736,30.116111111111113,124.543,0.8,301.0,2019-10-18 05:25:41,围网
11736,30.118972222222233,124.5427222222222,1.3,339.0,2019-10-18 05:35:41,围网
11736,30.12394444444445,124.5347777777778,4.3,291.0,2019-10-18 05:45:41,围网
11736,30.12725,124.52052777777777,4.1,293.0,2019-10-18 05:55:41,围网
11736,30.130527777777786,124.51138888888887,2.9,305.0,2019-10-18 06:05:41,围网
11736,30.13308333333333,124.50213888888894,3.5,287.0,2019-10-18 06:15:41,围网
11736,30.135472222222226,124.49252777777778,3.8,277.0,2019-10-18 06:25:41,围网
11736,30.13891666666667,124.484,3.2,296.0,2019-10-18 06:35:42,围网
11736,30.1425,124.47533333333334,2.8,319.0,2019-10-18 06:45:42,围网
11736,30.144527777777785,124.46597222222222,3.0,268.0,2019-10-18 06:55:42,围网
11736,30.14338888888889,124.45505555555556,3.7,264.0,2019-10-18 07:05:42,围网
11736,30.143277777777786,124.44444444444444,3.0,283.0,2019-10-18 07:15:42,围网
11736,30.14338888888889,124.43316666666666,3.4,287.0,2019-10-18 07:25:42,围网
11736,30.14536111111111,124.42330555555556,3.6,271.0,2019-10-18 07:35:41,围网
11736,30.149361111111112,124.40211111111113,3.5,282.0,2019-10-18 07:55:41,围网
11736,30.15144444444445,124.39158333333334,3.5,260.0,2019-10-18 08:05:41,围网
11736,30.149,124.38066666666666,3.7,261.0,2019-10-18 08:15:41,围网
11736,30.14552777777779,124.37030555555555,3.3,239.0,2019-10-18 08:25:41,围网
11736,30.13891666666667,124.35469444444445,2.2,233.0,2019-10-18 08:45:41,围网
11736,30.136194444444442,124.35116666666669,5.8,341.0,2019-10-18 08:55:41,围网
11736,30.14761111111111,124.34455555555556,5.5,332.0,2019-10-18 09:05:41,围网
11736,30.155527777777767,124.33825,3.0,340.0,2019-10-18 09:15:41,围网
11736,30.162722222222207,124.32988888888887,2.5,321.0,2019-10-18 09:25:41,围网
11736,30.170222222222232,124.32133333333331,4.0,309.0,2019-10-18 09:35:41,围网
11736,30.177055555555555,124.31397222222222,2.3,339.0,2019-10-18 09:45:41,围网
11736,30.18438888888889,124.30652777777777,4.1,345.0,2019-10-18 09:55:41,围网
11736,30.19102777777778,124.29761111111112,3.8,290.0,2019-10-18 10:05:41,围网
11736,30.196972222222207,124.2884722222222,3.7,297.0,2019-10-18 10:15:41,围网
11736,30.20419444444445,124.28080555555556,3.5,324.0,2019-10-18 10:25:41,围网
11736,30.21236111111111,124.27483333333332,3.9,318.0,2019-10-18 10:35:41,围网
11736,30.22025,124.26863888888887,3.1,308.0,2019-10-18 10:45:41,围网
11736,30.244083333333336,124.25330555555556,3.2,344.0,2019-10-18 11:15:42,围网
11736,30.28366666666667,124.2295,5.5,276.0,2019-10-18 12:15:41,围网
11736,30.285055555555555,124.21105555555555,5.8,271.0,2019-10-18 12:25:41,围网
11736,30.28591666666667,124.19252777777778,6.3,267.0,2019-10-18 12:35:41,围网
11736,30.28558333333333,124.17436111111112,4.8,195.0,2019-10-18 12:45:41,围网
11736,30.27741666666667,124.17158333333334,3.1,196.0,2019-10-18 12:55:41,围网
11736,30.269972222222233,124.16783333333336,2.9,204.0,2019-10-18 13:05:41,围网
11736,30.262583333333332,124.16388888888888,2.4,199.0,2019-10-18 13:15:41,围网
11736,30.255305555555548,124.15994444444445,2.9,220.0,2019-10-18 13:25:41,围网
11736,30.247611111111112,124.15669444444444,2.5,213.0,2019-10-18 13:35:41,围网
11736,30.23919444444445,124.15391666666667,2.0,210.0,2019-10-18 13:45:41,围网
11736,30.23161111111111,124.15066666666668,4.1,177.0,2019-10-18 13:55:41,围网
11736,30.22438888888889,124.14788888888893,3.2,245.0,2019-10-18 14:05:41,围网
11736,30.217111111111112,124.14358333333334,2.4,218.0,2019-10-18 14:15:41,围网
11736,30.210666666666665,124.13825,3.0,206.0,2019-10-18 14:25:41,围网
11736,30.20441666666667,124.13224999999998,3.5,234.0,2019-10-18 14:35:41,围网
11736,30.198027777777767,124.12647222222222,3.0,219.0,2019-10-18 14:45:41,围网
11736,30.19163888888889,124.1205,2.8,238.0,2019-10-18 14:55:41,围网
11736,30.183722222222233,124.11733333333332,2.4,190.0,2019-10-18 15:05:41,围网
11736,30.18119444444445,124.12041666666666,1.8,156.0,2019-10-18 15:15:42,围网
11736,30.176305555555558,124.12311111111113,1.3,148.0,2019-10-18 15:25:41,围网
11736,30.18333333333333,124.12725,5.1,25.0,2019-10-18 15:35:41,围网
11736,30.19677777777777,124.13141666666664,5.1,33.0,2019-10-18 15:45:41,围网
11736,30.20872222222221,124.1365,4.9,21.0,2019-10-18 15:55:41,围网
11736,30.22213888888889,124.14211111111112,5.0,26.0,2019-10-18 16:05:41,围网
11736,30.233472222222233,124.14722222222224,4.8,12.0,2019-10-18 16:15:41,围网
11736,30.24588888888889,124.15280555555556,4.2,19.0,2019-10-18 16:25:41,围网
11736,30.258138888888887,124.15908333333334,5.0,18.0,2019-10-18 16:35:41,围网
11736,30.27052777777779,124.16475,4.5,354.0,2019-10-18 16:45:41,围网
11736,30.28319444444445,124.17063888888893,5.5,27.0,2019-10-18 16:55:41,围网
11736,30.295861111111112,124.17633333333332,4.3,24.0,2019-10-18 17:05:41,围网
11736,30.307944444444445,124.18188888888888,5.1,39.0,2019-10-18 17:15:41,围网
11736,30.319972222222226,124.18833333333332,5.8,37.0,2019-10-18 17:25:41,围网
11736,30.330972222222233,124.19836111111113,5.0,41.0,2019-10-18 17:35:41,围网
11736,30.341527777777767,124.20877777777778,6.0,48.0,2019-10-18 17:45:41,围网
11736,30.35027777777778,124.22291666666666,6.1,56.0,2019-10-18 17:55:41,围网
11736,30.359055555555557,124.23858333333332,6.2,55.0,2019-10-18 18:05:41,围网
11736,30.368055555555557,124.25469444444445,5.8,63.0,2019-10-18 18:15:41,围网
11736,30.377277777777767,124.26711111111112,5.8,39.0,2019-10-18 18:25:41,围网
11736,30.387583333333332,124.27977777777778,4.7,46.0,2019-10-18 18:35:41,围网
11736,30.39847222222221,124.29158333333334,5.3,45.0,2019-10-18 18:45:41,围网
11736,30.45561111111111,124.33797222222222,5.1,39.0,2019-10-18 19:35:41,围网
11736,30.46683333333333,124.34375,5.2,25.0,2019-10-18 19:45:41,围网
11736,30.479166666666664,124.35041666666666,5.3,29.0,2019-10-18 19:55:41,围网
11736,30.4915,124.35625,5.6,13.0,2019-10-18 20:05:41,围网
11736,30.503416666666666,124.36366666666667,4.2,38.0,2019-10-18 20:15:41,围网
11736,30.516527777777767,124.3715,5.1,13.0,2019-10-18 20:25:41,围网
11736,30.52569444444445,124.37602777777781,4.8,264.0,2019-10-18 20:35:41,围网
11736,30.52822222222222,124.36391666666664,3.4,276.0,2019-10-18 20:45:41,围网
11736,30.52883333333333,124.35441666666664,1.9,227.0,2019-10-18 20:55:41,围网
11736,30.52558333333333,124.35088888888887,1.6,222.0,2019-10-18 21:05:41,围网
11736,30.536277777777766,124.35680555555555,6.3,25.0,2019-10-18 21:15:41,围网
11736,30.53911111111111,124.35305555555556,2.3,274.0,2019-10-18 21:25:41,围网
11736,30.539805555555557,124.34030555555556,2.9,282.0,2019-10-18 21:35:41,围网
11736,30.540888888888887,124.32891666666666,2.5,291.0,2019-10-18 21:45:41,围网
11736,30.541999999999998,124.31755555555556,3.1,290.0,2019-10-18 21:55:41,围网
11736,30.543972222222234,124.3070277777778,3.9,285.0,2019-10-18 22:05:41,围网
11736,30.546861111111113,124.29647222222222,3.8,302.0,2019-10-18 22:15:41,围网
11736,30.550472222222233,124.28588888888888,4.1,288.0,2019-10-18 22:25:41,围网
11736,30.554944444444452,124.2747777777778,3.7,299.0,2019-10-18 22:35:41,围网
11736,30.55988888888889,124.26591666666668,3.5,301.0,2019-10-18 22:45:41,围网
11736,30.56744444444445,124.25927777777778,3.6,341.0,2019-10-18 22:55:41,围网
11736,30.575916666666664,124.25419444444445,4.0,306.0,2019-10-18 23:05:41,围网
11736,30.584111111111113,124.24858333333331,3.6,340.0,2019-10-18 23:15:40,围网
11736,30.59216666666667,124.24283333333334,3.5,337.0,2019-10-18 23:25:40,围网
11736,30.60016666666667,124.23691666666666,2.9,335.0,2019-10-18 23:35:40,围网
11736,30.607972222222234,124.23055555555555,4.3,331.0,2019-10-18 23:45:40,围网
11736,30.61408333333333,124.22397222222223,1.7,268.0,2019-10-18 23:55:41,围网
11736,30.613916666666668,124.21908333333332,1.2,180.0,2019-10-19 00:05:41,围网
11736,30.612416666666668,124.22291666666666,1.6,148.0,2019-10-19 00:15:41,围网
11736,30.60891666666667,124.22913888888887,3.8,146.0,2019-10-19 00:25:41,围网
11736,30.600055555555556,124.23613888888887,4.3,170.0,2019-10-19 00:35:41,围网
11736,30.590055555555555,124.24416666666669,5.3,136.0,2019-10-19 00:45:41,围网
11736,30.57988888888889,124.25283333333334,4.9,143.0,2019-10-19 00:55:41,围网
11736,30.556694444444453,124.27575,6.1,129.0,2019-10-19 01:15:41,围网
11736,30.552111111111113,124.28791666666666,5.9,110.0,2019-10-19 01:25:41,围网
11736,30.54794444444445,124.29861111111113,3.4,98.0,2019-10-19 01:35:41,围网
11736,30.545388888888887,124.30930555555555,3.1,96.0,2019-10-19 01:45:41,围网
11736,30.54227777777778,124.31980555555555,3.8,119.0,2019-10-19 01:55:41,围网
11736,30.5385,124.33022222222222,3.9,131.0,2019-10-19 02:05:41,围网
11736,30.535138888888888,124.34086111111107,3.8,125.0,2019-10-19 02:15:41,围网
11736,30.531666666666666,124.35155555555555,3.8,112.0,2019-10-19 02:25:41,围网
11736,30.52813888888889,124.36208333333332,3.8,130.0,2019-10-19 02:35:41,围网
11736,30.525222222222233,124.37294444444444,3.2,109.0,2019-10-19 02:45:41,围网
11736,30.520916666666665,124.38408333333334,3.6,122.0,2019-10-19 02:55:41,围网
11736,30.51669444444445,124.39388888888894,3.9,104.0,2019-10-19 03:05:40,围网
11736,30.51241666666667,124.40441666666666,3.7,128.0,2019-10-19 03:15:40,围网
11736,30.50808333333333,124.4147777777778,3.7,110.0,2019-10-19 03:25:40,围网
11736,30.50466666666667,124.42519444444444,3.6,120.0,2019-10-19 03:35:40,围网
11736,30.498166666666666,124.43330555555555,3.6,116.0,2019-10-19 03:45:40,围网
11736,30.49075,124.43991666666668,3.6,130.0,2019-10-19 03:55:40,围网
11736,30.48194444444445,124.44308333333332,3.6,136.0,2019-10-19 04:05:40,围网
11736,30.47594444444444,124.4470277777778,0.6,162.0,2019-10-19 04:15:40,围网
11736,30.47036111111111,124.45075,2.5,121.0,2019-10-19 04:25:41,围网
11736,30.473888888888887,124.45125,4.1,329.0,2019-10-19 04:35:41,围网
11736,30.48341666666667,124.44552777777777,4.0,307.0,2019-10-19 04:45:41,围网
11736,30.495916666666666,124.44605555555556,5.5,19.0,2019-10-19 04:55:41,围网
11736,30.51075,124.45133333333334,4.8,19.0,2019-10-19 05:05:41,围网
11736,30.523805555555555,124.45638888888894,5.6,14.0,2019-10-19 05:15:41,围网
11736,30.53783333333333,124.46008333333334,5.6,15.0,2019-10-19 05:25:41,围网
11736,30.55188888888889,124.46491666666668,4.1,15.0,2019-10-19 05:35:41,围网
11736,30.56527777777778,124.46977777777781,4.4,10.0,2019-10-19 05:45:41,围网
11736,30.57875,124.47463888888888,6.7,17.0,2019-10-19 05:55:41,围网
11736,30.59216666666667,124.47955555555555,4.9,13.0,2019-10-19 06:05:41,围网
11736,30.605472222222232,124.4845,6.0,8.0,2019-10-19 06:15:41,围网
11736,30.61883333333333,124.48952777777778,5.3,13.0,2019-10-19 06:25:41,围网
11736,30.63211111111111,124.494,5.2,353.0,2019-10-19 06:35:41,围网
11736,30.645805555555555,124.4974722222222,5.5,354.0,2019-10-19 06:45:41,围网
11736,30.659055555555554,124.50236111111107,5.9,25.0,2019-10-19 06:55:41,围网
11736,30.672722222222234,124.50716666666666,5.4,29.0,2019-10-19 07:05:40,围网
11736,30.68675,124.5119722222222,5.3,19.0,2019-10-19 07:15:40,围网
11736,30.699333333333332,124.51663888888888,5.3,18.0,2019-10-19 07:25:40,围网
11736,30.712916666666665,124.52077777777778,4.3,13.0,2019-10-19 07:35:40,围网
11736,30.72644444444445,124.5255,5.3,10.0,2019-10-19 07:45:40,围网
11736,30.74,124.52988888888888,4.3,12.0,2019-10-19 07:55:40,围网
11736,30.7535,124.53572222222222,5.1,10.0,2019-10-19 08:05:40,围网
11736,30.766805555555553,124.53994444444444,5.7,10.0,2019-10-19 08:15:40,围网
11736,30.78075,124.54411111111106,5.1,13.0,2019-10-19 08:25:40,围网
11736,30.795472222222234,124.54627777777776,6.0,352.0,2019-10-19 08:35:41,围网
11736,30.810666666666666,124.5474722222222,6.1,3.0,2019-10-19 08:45:41,围网
11736,30.826138888888888,124.54894444444444,5.7,8.0,2019-10-19 08:55:41,围网
11736,30.84038888888889,124.55327777777778,5.1,21.0,2019-10-19 09:05:41,围网
11736,30.853805555555557,124.55975,5.2,22.0,2019-10-19 09:15:41,围网
11736,30.868944444444452,124.56658333333333,5.8,17.0,2019-10-19 09:25:41,围网
11736,30.88288888888889,124.57169444444445,5.6,19.0,2019-10-19 09:35:41,围网
11736,30.8975,124.57791666666664,5.5,19.0,2019-10-19 09:45:41,围网
11736,30.9125,124.58391666666664,6.1,14.0,2019-10-19 09:55:41,围网
11736,30.92766666666667,124.58869444444444,6.7,350.0,2019-10-19 10:05:41,围网
11736,30.944111111111113,124.59216666666666,5.8,11.0,2019-10-19 10:15:41,围网
11736,30.96027777777777,124.59677777777777,6.3,20.0,2019-10-19 10:25:41,围网
11736,30.97647222222221,124.60216666666666,6.0,18.0,2019-10-19 10:35:41,围网
11736,30.992305555555557,124.60866666666666,5.5,16.0,2019-10-19 10:45:41,围网
11736,31.00825,124.61588888888888,6.9,8.0,2019-10-19 10:55:40,围网
11736,31.025805555555557,124.62086111111107,4.6,7.0,2019-10-19 11:05:40,围网
11736,31.0435,124.62441666666665,6.1,5.0,2019-10-19 11:15:40,围网
11736,31.049083333333336,124.62288888888888,3.2,217.0,2019-10-19 11:25:40,围网
11736,31.045055555555557,124.61930555555556,1.7,193.0,2019-10-19 11:35:40,围网
11736,31.05433333333333,124.6195,7.0,8.0,2019-10-19 11:45:40,围网
11736,31.07175,124.62661111111107,7.3,20.0,2019-10-19 11:55:40,围网
11736,31.08947222222222,124.63444444444444,7.3,21.0,2019-10-19 12:05:40,围网
11736,31.107555555555557,124.64219444444444,7.0,19.0,2019-10-19 12:15:40,围网
11736,31.125277777777786,124.65013888888888,6.7,20.0,2019-10-19 12:25:40,围网
11736,31.14408333333333,124.656,7.2,17.0,2019-10-19 12:35:40,围网
11736,31.16369444444444,124.66166666666668,6.7,11.0,2019-10-19 12:45:40,围网
11736,31.183194444444453,124.66813888888888,7.6,24.0,2019-10-19 12:55:40,围网
11736,31.20255555555556,124.67433333333334,7.2,11.0,2019-10-19 13:05:41,围网
11736,31.221416666666666,124.68258333333334,6.5,21.0,2019-10-19 13:15:41,围网
11736,31.238277777777785,124.69463888888887,6.5,27.0,2019-10-19 13:25:41,围网
11736,31.25702777777777,124.70219444444444,6.9,78.0,2019-10-19 13:35:41,围网
11736,31.276555555555554,124.71180555555556,6.2,16.0,2019-10-19 13:45:41,围网
11736,31.29391666666667,124.71988888888893,6.5,20.0,2019-10-19 13:55:41,围网
11736,31.313805555555557,124.72844444444445,7.7,26.0,2019-10-19 14:05:41,围网
11736,31.33213888888889,124.73641666666668,7.0,20.0,2019-10-19 14:15:41,围网
11736,31.351055555555558,124.74422222222223,7.4,26.0,2019-10-19 14:25:41,围网
11736,31.369805555555555,124.75194444444445,7.4,17.0,2019-10-19 14:35:41,围网
11736,31.389722222222233,124.75736111111112,7.6,17.0,2019-10-19 14:45:40,围网
11736,31.409722222222207,124.75861111111112,5.7,12.0,2019-10-19 14:55:40,围网
11736,31.42894444444445,124.76544444444444,7.1,14.0,2019-10-19 15:05:40,围网
11736,31.44811111111111,124.77316666666668,7.0,23.0,2019-10-19 15:15:40,围网
11736,31.46697222222221,124.7787777777778,7.4,20.0,2019-10-19 15:25:40,围网
11736,31.485972222222234,124.7860277777778,6.5,12.0,2019-10-19 15:35:40,围网
11736,31.50322222222222,124.79483333333332,6.5,28.0,2019-10-19 15:45:40,围网
11736,31.539361111111113,124.80994444444444,6.9,16.0,2019-10-19 16:05:40,围网
11736,31.55733333333333,124.81608333333332,7.3,17.0,2019-10-19 16:15:40,围网
11736,31.575,124.82172222222222,6.5,19.0,2019-10-19 16:25:40,围网
11736,31.592916666666664,124.82661111111106,7.6,12.0,2019-10-19 16:35:40,围网
11736,31.61030555555556,124.83094444444444,7.0,26.0,2019-10-19 16:45:40,围网
11736,31.628055555555555,124.83630555555555,6.8,9.0,2019-10-19 16:55:40,围网
11736,31.64547222222223,124.84294444444444,6.3,15.0,2019-10-19 17:05:40,围网
11736,31.662916666666664,124.849,6.5,17.0,2019-10-19 17:15:41,围网
11736,31.68025,124.85502777777776,6.8,16.0,2019-10-19 17:25:41,围网
11736,31.69683333333333,124.86105555555555,6.7,19.0,2019-10-19 17:35:41,围网
11736,31.71386111111111,124.86708333333333,4.9,28.0,2019-10-19 17:45:41,围网
11736,31.729805555555554,124.87297222222222,5.8,12.0,2019-10-19 17:55:41,围网
11736,31.74616666666667,124.87933333333334,6.7,21.0,2019-10-19 18:05:41,围网
11736,31.76094444444445,124.8857777777778,6.8,12.0,2019-10-19 18:15:41,围网
11736,31.776277777777768,124.89313888888893,7.5,32.0,2019-10-19 18:25:41,围网
11736,31.791722222222226,124.90136111111113,6.2,20.0,2019-10-19 18:35:41,围网
11736,31.807361111111113,124.90797222222223,6.1,14.0,2019-10-19 18:45:40,围网
11736,31.822388888888888,124.9140277777778,4.3,22.0,2019-10-19 18:55:40,围网
11736,31.837277777777768,124.92083333333332,5.9,13.0,2019-10-19 19:05:40,围网
11736,31.85241666666667,124.92663888888887,5.0,15.0,2019-10-19 19:15:40,围网
11736,31.86788888888889,124.93302777777778,5.7,18.0,2019-10-19 19:25:40,围网
11736,31.88288888888889,124.93925,5.5,18.0,2019-10-19 19:35:40,围网
11736,31.898000000000003,124.94538888888887,5.5,13.0,2019-10-19 19:45:40,围网
11736,31.91325,124.95055555555555,6.1,16.0,2019-10-19 19:55:40,围网
11736,31.92811111111111,124.95672222222224,6.3,24.0,2019-10-19 20:05:40,围网
11736,31.942916666666665,124.95713888888888,5.4,21.0,2019-10-19 20:15:40,围网
11736,31.956416666666666,124.96430555555555,5.9,26.0,2019-10-19 20:25:40,围网
11736,31.970305555555555,124.97386111111106,5.8,27.0,2019-10-19 20:35:40,围网
11736,31.983583333333332,124.98516666666669,6.6,31.0,2019-10-19 20:45:40,围网
11736,31.997694444444452,124.99508333333334,6.1,28.0,2019-10-19 20:55:40,围网
11736,32.01161111111111,125.00583333333331,5.6,34.0,2019-10-19 21:05:40,围网
11736,32.025666666666666,125.01666666666668,5.4,34.0,2019-10-19 21:15:40,围网
11736,32.039611111111114,125.02838888888893,6.2,33.0,2019-10-19 21:25:40,围网
11736,32.053999999999995,125.03944444444444,6.4,39.0,2019-10-19 21:35:40,围网
11736,32.06769444444445,125.05119444444445,5.8,36.0,2019-10-19 21:45:41,围网
11736,32.080555555555556,125.06255555555555,5.5,36.0,2019-10-19 21:55:41,围网
11736,32.09408333333334,125.07302777777777,5.6,34.0,2019-10-19 22:05:41,围网
11736,32.10702777777778,125.08411111111107,5.6,44.0,2019-10-19 22:15:41,围网
11736,32.12369444444445,125.08977777777778,6.0,9.0,2019-10-19 22:25:41,围网
11736,32.136222222222216,125.10011111111106,5.8,39.0,2019-10-19 22:35:41,围网
11736,32.14977777777778,125.11011111111112,5.5,356.0,2019-10-19 22:45:40,围网
11736,32.16333333333333,125.10911111111106,2.1,356.0,2019-10-19 22:55:40,围网
11736,32.17263888888889,125.10819444444445,3.2,348.0,2019-10-19 23:05:40,围网
11736,32.18091666666667,125.10544444444444,2.8,345.0,2019-10-19 23:15:40,围网
11736,32.189388888888885,125.10258333333331,3.7,323.0,2019-10-19 23:25:40,围网
11736,32.19775,125.09886111111106,3.0,343.0,2019-10-19 23:35:40,围网
11736,32.20633333333333,125.09838888888888,3.1,355.0,2019-10-19 23:45:40,围网
11736,32.21513888888889,125.09805555555555,3.3,356.0,2019-10-19 23:55:40,围网
11736,32.22394444444445,125.09758333333332,3.4,1.0,2019-10-20 00:05:40,围网
11736,32.23280555555556,125.09775,2.9,349.0,2019-10-20 00:15:40,围网
11736,32.24158333333334,125.09786111111113,3.4,355.0,2019-10-20 00:25:40,围网
11736,32.25102777777778,125.0985277777778,3.3,353.0,2019-10-20 00:35:40,围网
11736,32.259527777777784,125.09894444444444,3.2,9.0,2019-10-20 00:45:40,围网
11736,32.26855555555555,125.09891666666664,3.2,358.0,2019-10-20 00:55:40,围网
11736,32.27547222222222,125.09811111111112,1.3,323.0,2019-10-20 01:05:40,围网
11736,32.277861111111115,125.09263888888887,1.2,245.0,2019-10-20 01:15:40,围网
11736,32.26961111111111,125.09347222222222,5.4,167.0,2019-10-20 01:25:40,围网
11736,32.254805555555556,125.09488888888887,6.3,189.0,2019-10-20 01:35:40,围网
11736,32.253388888888885,125.09566666666666,6.3,356.0,2019-10-20 01:45:40,围网
11736,32.26386111111111,125.09533333333331,3.4,7.0,2019-10-20 01:55:40,围网
11736,32.29327777777777,125.0944722222222,3.7,14.0,2019-10-20 02:25:41,围网
11736,32.30283333333333,125.09388888888887,3.0,27.0,2019-10-20 02:35:40,围网
11736,32.312666666666665,125.09413888888888,3.0,6.0,2019-10-20 02:45:40,围网
11736,32.321250000000006,125.09461111111106,3.5,2.0,2019-10-20 02:55:40,围网
11736,32.325944444444445,125.09525,0.5,147.0,2019-10-20 03:05:40,围网
11736,32.32577777777778,125.09452777777777,2.0,299.0,2019-10-20 03:15:40,围网
11736,32.32433333333333,125.0935,0.8,103.0,2019-10-20 03:25:40,围网
11736,32.32280555555556,125.09552777777776,0.8,93.0,2019-10-20 03:35:40,围网
11736,32.32783333333334,125.0963611111111,5.3,327.0,2019-10-20 03:45:40,围网
11736,32.334027777777784,125.09227777777778,2.4,151.0,2019-10-20 03:55:40,围网
11736,32.324138888888896,125.09644444444444,3.7,157.0,2019-10-20 04:05:40,围网
11736,32.31447222222222,125.09894444444444,3.4,174.0,2019-10-20 04:15:40,围网
11736,32.30469444444444,125.10088888888887,3.3,176.0,2019-10-20 04:25:40,围网
11736,32.29552777777778,125.1020277777778,1.8,162.0,2019-10-20 04:35:40,围网
11736,32.293166666666664,125.10352777777777,2.0,166.0,2019-10-20 04:45:40,围网
11736,32.293416666666666,125.10691666666663,4.4,3.0,2019-10-20 04:55:40,围网
11736,32.29702777777778,125.10736111111108,1.6,178.0,2019-10-20 05:05:40,围网
11736,32.294111111111114,125.10813888888887,1.4,171.0,2019-10-20 05:15:40,围网
11736,32.29094444444444,125.10869444444445,2.1,185.0,2019-10-20 05:25:40,围网
11736,32.28755555555556,125.10936111111113,1.8,220.0,2019-10-20 05:35:40,围网
11736,32.27730555555556,125.10836111111112,4.4,169.0,2019-10-20 05:45:40,围网
11736,32.266888888888886,125.10894444444445,3.3,176.0,2019-10-20 05:55:40,围网
11736,32.256611111111106,125.10980555555555,2.8,179.0,2019-10-20 06:05:40,围网
11736,32.246472222222216,125.10936111111113,3.3,185.0,2019-10-20 06:15:40,围网
11736,32.23608333333333,125.11013888888887,3.5,173.0,2019-10-20 06:25:41,围网
11736,32.22566666666667,125.11094444444444,3.7,163.0,2019-10-20 06:35:40,围网
11736,32.215333333333334,125.11108333333333,3.4,179.0,2019-10-20 06:45:40,围网
11736,32.20494444444444,125.11158333333331,3.8,170.0,2019-10-20 06:55:40,围网
11736,32.19386111111111,125.11244444444445,3.9,169.0,2019-10-20 07:05:40,围网
11736,32.183861111111106,125.11341666666668,3.6,171.0,2019-10-20 07:15:40,围网
11736,32.176611111111114,125.11413888888887,1.8,185.0,2019-10-20 07:25:40,围网
11736,32.17016666666666,125.11575,4.0,104.0,2019-10-20 07:35:40,围网
11736,32.183638888888886,125.11883333333333,5.8,16.0,2019-10-20 07:45:40,围网
11736,32.198166666666665,125.12344444444444,5.8,10.0,2019-10-20 07:55:40,围网
11736,32.21336111111112,125.1249722222222,5.9,12.0,2019-10-20 08:05:40,围网
11736,32.22855555555555,125.12605555555555,5.6,4.0,2019-10-20 08:15:40,围网
11736,32.243722222222225,125.12555555555555,5.4,3.0,2019-10-20 08:25:40,围网
11736,32.258777777777766,125.12719444444444,5.4,9.0,2019-10-20 08:35:40,围网
11736,32.27372222222222,125.12616666666666,5.6,351.0,2019-10-20 08:45:40,围网
11736,32.288666666666664,125.1224722222222,5.5,3.0,2019-10-20 08:55:40,围网
11736,32.30394444444444,125.1225,4.9,357.0,2019-10-20 09:05:40,围网
11736,32.32030555555557,125.12308333333333,5.7,0.0,2019-10-20 09:15:40,围网
11736,32.337361111111115,125.12072222222223,7.6,180.0,2019-10-20 09:35:40,围网
11736,32.32688888888889,125.1197222222222,3.6,177.0,2019-10-20 09:45:40,围网
11736,32.31680555555556,125.11930555555556,3.7,180.0,2019-10-20 09:55:40,围网
11736,32.306805555555556,125.11888888888888,3.9,186.0,2019-10-20 10:05:40,围网
11736,32.296638888888886,125.11902777777777,3.3,179.0,2019-10-20 10:15:40,围网
11736,32.28669444444444,125.1194722222222,3.6,178.0,2019-10-20 10:25:40,围网
11736,32.27652777777778,125.11880555555555,3.4,181.0,2019-10-20 10:35:39,围网
11736,32.26686111111111,125.12030555555555,3.5,169.0,2019-10-20 10:45:40,围网
11736,32.257055555555546,125.12033333333332,3.4,173.0,2019-10-20 10:55:40,围网
11736,32.251305555555554,125.11808333333332,0.9,325.0,2019-10-20 11:05:40,围网
11736,32.24808333333334,125.11494444444445,1.5,207.0,2019-10-20 11:15:40,围网
11736,32.25530555555556,125.12030555555555,2.2,357.0,2019-10-20 11:25:40,围网
11736,32.2645,125.12063888888888,3.0,358.0,2019-10-20 11:35:40,围网
11736,32.2735,125.11936111111108,3.5,347.0,2019-10-20 11:45:40,围网
11736,32.282694444444445,125.11694444444444,3.4,341.0,2019-10-20 11:55:40,围网
11736,32.291999999999994,125.11444444444444,3.0,351.0,2019-10-20 12:05:40,围网
11736,32.30144444444444,125.11338888888888,3.1,3.0,2019-10-20 12:15:40,围网
11736,32.31086111111111,125.11425,3.1,5.0,2019-10-20 12:25:40,围网
11736,32.320444444444455,125.1142222222222,3.7,349.0,2019-10-20 12:35:40,围网
11736,32.330361111111124,125.11386111111106,3.4,4.0,2019-10-20 12:45:40,围网
11736,32.340250000000005,125.11313888888887,3.5,353.0,2019-10-20 12:55:40,围网
11736,32.34447222222223,125.11080555555556,2.4,290.0,2019-10-20 13:05:40,围网
11736,32.342194444444445,125.10672222222222,5.9,165.0,2019-10-20 13:15:40,围网
11736,32.32544444444444,125.11044444444444,4.8,96.0,2019-10-20 13:25:40,围网
11736,32.336694444444454,125.11216666666664,3.5,1.0,2019-10-20 13:35:40,围网
11736,32.34463888888889,125.11663888888887,3.2,4.0,2019-10-20 13:45:40,围网
11736,32.35480555555556,125.1145,3.3,345.0,2019-10-20 13:55:40,围网
11736,32.36408333333333,125.11019444444445,3.8,338.0,2019-10-20 14:05:40,围网
11736,32.374138888888886,125.11066666666666,3.7,7.0,2019-10-20 14:15:40,围网
11736,32.384083333333336,125.11052777777776,3.8,2.0,2019-10-20 14:25:39,围网
11736,32.39413888888889,125.11180555555555,4.0,358.0,2019-10-20 14:35:39,围网
11736,32.40422222222223,125.11172222222223,3.9,350.0,2019-10-20 14:45:39,围网
11736,32.414111111111104,125.10963888888888,3.0,347.0,2019-10-20 14:55:39,围网
11736,32.41738888888889,125.10727777777778,1.0,314.0,2019-10-20 15:05:40,围网
11736,32.42102777777778,125.10252777777777,3.8,302.0,2019-10-20 15:15:40,围网
11736,32.424166666666665,125.08941666666664,5.8,270.0,2019-10-20 15:25:40,围网
11736,32.41880555555556,125.08191666666666,3.7,188.0,2019-10-20 15:35:40,围网
11736,32.40986111111111,125.08255555555556,3.2,172.0,2019-10-20 15:45:40,围网
11736,32.401694444444445,125.08308333333332,3.1,183.0,2019-10-20 15:55:40,围网
11736,32.39302777777778,125.08397222222222,3.2,176.0,2019-10-20 16:05:40,围网
11736,32.38422222222222,125.08483333333332,3.2,175.0,2019-10-20 16:15:40,围网
11736,32.37525,125.0852222222222,3.2,178.0,2019-10-20 16:25:40,围网
11736,32.366083333333336,125.08583333333333,3.3,171.0,2019-10-20 16:35:40,围网
11736,32.35680555555556,125.08711111111113,3.3,175.0,2019-10-20 16:45:40,围网
11736,32.347527777777785,125.08805555555556,3.2,169.0,2019-10-20 16:55:40,围网
11736,32.337972222222234,125.08952777777776,3.2,174.0,2019-10-20 17:05:40,围网
11736,32.33419444444445,125.08991666666668,0.4,11.0,2019-10-20 17:15:40,围网
11736,32.333222222222226,125.09138888888887,6.2,354.0,2019-10-20 17:25:40,围网
11736,32.35127777777777,125.0894722222222,6.6,2.0,2019-10-20 17:35:40,围网
11736,32.36877777777778,125.09347222222222,7.1,41.0,2019-10-20 17:45:40,围网
11736,32.38425,125.10524999999998,6.5,11.0,2019-10-20 17:55:40,围网
11736,32.3815,125.10883333333332,3.5,164.0,2019-10-20 18:05:40,围网
11736,32.37191666666667,125.11161111111107,3.6,179.0,2019-10-20 18:15:40,围网
11736,32.36225,125.11427777777777,3.6,176.0,2019-10-20 18:25:39,围网
11736,32.35208333333334,125.11611111111112,3.7,179.0,2019-10-20 18:35:39,围网
11736,32.34211111111111,125.11780555555555,3.7,177.0,2019-10-20 18:45:39,围网
11736,32.332194444444454,125.11808333333332,3.6,176.0,2019-10-20 18:55:39,围网
11736,32.322611111111115,125.11913888888887,3.8,179.0,2019-10-20 19:05:39,围网
11736,32.31297222222222,125.12066666666666,3.8,172.0,2019-10-20 19:15:39,围网
11736,32.30352777777777,125.1224722222222,3.3,171.0,2019-10-20 19:25:40,围网
11736,32.29402777777778,125.12394444444445,3.6,172.0,2019-10-20 19:35:40,围网
11736,32.28533333333333,125.12552777777776,0.6,0.0,2019-10-20 19:45:40,围网
11736,32.284305555555555,125.1255,3.0,187.0,2019-10-20 19:55:40,围网
11736,32.27938888888889,125.12552777777776,1.1,167.0,2019-10-20 20:05:40,围网
11736,32.27641666666667,125.12633333333332,1.2,167.0,2019-10-20 20:15:40,围网
11736,32.26944444444445,125.12811111111112,7.6,184.0,2019-10-20 20:25:40,围网
11736,32.24852777777778,125.12488888888888,7.8,189.0,2019-10-20 20:35:40,围网
11736,32.22733333333333,125.12202777777777,7.7,188.0,2019-10-20 20:45:40,围网
11736,32.2065,125.11780555555555,7.6,185.0,2019-10-20 20:55:40,围网
11736,32.18566666666666,125.1129722222222,7.7,199.0,2019-10-20 21:05:40,围网
11736,32.16444444444444,125.10983333333333,7.7,189.0,2019-10-20 21:15:40,围网
11736,32.14261111111111,125.10694444444445,7.9,184.0,2019-10-20 21:25:40,围网
11736,32.12063888888889,125.1032777777778,7.9,189.0,2019-10-20 21:35:40,围网
11736,32.09894444444445,125.09908333333333,7.9,189.0,2019-10-20 21:45:40,围网
11736,32.07752777777778,125.09563888888887,7.7,186.0,2019-10-20 21:55:40,围网
11736,32.056416666666664,125.09100000000001,7.8,194.0,2019-10-20 22:05:40,围网
11736,32.03413888888889,125.0859722222222,7.5,189.0,2019-10-20 22:15:39,围网
11736,32.01452777777778,125.08175,7.6,187.0,2019-10-20 22:25:39,围网
11736,31.99383333333333,125.07686111111113,7.6,188.0,2019-10-20 22:35:39,围网
11736,31.973111111111113,125.07266666666666,7.6,195.0,2019-10-20 22:45:39,围网
11736,31.95275,125.06841666666666,7.2,184.0,2019-10-20 22:55:39,围网
11736,31.93233333333333,125.06641666666664,7.1,181.0,2019-10-20 23:05:39,围网
11736,31.91233333333333,125.06075,7.4,184.0,2019-10-20 23:15:39,围网
11736,31.89238888888889,125.05727777777778,7.0,193.0,2019-10-20 23:25:39,围网
11736,31.872611111111112,125.05344444444445,7.3,192.0,2019-10-20 23:35:39,围网
11736,31.853222222222207,125.04958333333332,7.2,186.0,2019-10-20 23:45:40,围网
11736,31.833527777777785,125.04658333333332,7.1,186.0,2019-10-20 23:55:40,围网
11736,31.81411111111111,125.0435,7.2,189.0,2019-10-21 00:05:40,围网
11736,31.79491666666667,125.03891666666668,6.9,191.0,2019-10-21 00:15:40,围网
11736,31.774694444444453,125.0349722222222,7.0,190.0,2019-10-21 00:25:40,围网
11736,31.757,125.03161111111108,6.8,188.0,2019-10-21 00:35:40,围网
11736,31.738611111111112,125.02758333333334,6.4,186.0,2019-10-21 00:45:40,围网
11736,31.720388888888888,125.02402777777776,6.5,187.0,2019-10-21 00:55:40,围网
11736,31.70241666666667,125.02063888888893,6.5,193.0,2019-10-21 01:05:40,围网
11736,31.68475,125.016,6.4,197.0,2019-10-21 01:15:40,围网
11736,31.66694444444445,125.01211111111112,6.6,188.0,2019-10-21 01:25:40,围网
11736,31.649277777777765,125.00816666666668,6.3,190.0,2019-10-21 01:35:40,围网
11736,31.63175,125.00413888888887,6.4,188.0,2019-10-21 01:45:40,围网
11736,31.61438888888889,124.99891666666666,6.6,185.0,2019-10-21 01:55:40,围网
11736,31.596916666666665,124.99463888888887,6.8,188.0,2019-10-21 02:05:40,围网
11736,31.579166666666666,124.99119444444445,6.6,183.0,2019-10-21 02:15:40,围网
11736,31.56102777777778,124.9885277777778,6.4,183.0,2019-10-21 02:25:39,围网
11736,31.54227777777778,124.98444444444445,6.3,185.0,2019-10-21 02:35:39,围网
11736,31.52583333333333,124.98083333333334,6.3,190.0,2019-10-21 02:45:39,围网
11736,31.508388888888888,124.98152777777777,6.5,190.0,2019-10-21 02:55:39,围网
11736,31.490472222222234,124.97925,6.6,175.0,2019-10-21 03:05:39,围网
11736,31.4725,124.97633333333332,6.7,193.0,2019-10-21 03:15:39,围网
11736,31.454527777777766,124.97241666666667,6.8,196.0,2019-10-21 03:25:39,围网
11736,31.43633333333333,124.96872222222223,6.9,186.0,2019-10-21 03:35:39,围网
11736,31.418111111111113,124.9645277777778,7.3,202.0,2019-10-21 03:45:39,围网
11736,31.40008333333333,124.95944444444444,6.8,210.0,2019-10-21 03:55:39,围网
11736,31.383250000000004,124.95080555555555,6.6,207.0,2019-10-21 04:05:39,围网
11736,31.36605555555556,124.94316666666668,6.8,198.0,2019-10-21 04:15:40,围网
11736,31.34833333333333,124.93575,6.7,209.0,2019-10-21 04:25:40,围网
11736,31.33075,124.92822222222223,6.8,199.0,2019-10-21 04:35:40,围网
11736,31.311805555555555,124.92013888888887,7.4,206.0,2019-10-21 04:45:40,围网
11736,31.29588888888889,124.91180555555556,6.2,194.0,2019-10-21 04:55:40,围网
11736,31.27863888888889,124.90297222222223,6.9,204.0,2019-10-21 05:05:40,围网
11736,31.26008333333333,124.89594444444445,7.0,196.0,2019-10-21 05:15:40,围网
11736,31.241611111111112,124.88844444444445,6.9,194.0,2019-10-21 05:25:40,围网
11736,31.223277777777767,124.88052777777777,7.6,203.0,2019-10-21 05:35:40,围网
11736,31.20427777777777,124.87330555555555,7.4,194.0,2019-10-21 05:45:40,围网
11736,31.18508333333333,124.8659722222222,7.4,196.0,2019-10-21 05:55:40,围网
11736,31.16566666666667,124.85902777777777,7.1,196.0,2019-10-21 06:05:40,围网
11736,31.145416666666666,124.85461111111113,6.8,184.0,2019-10-21 06:15:40,围网
11736,31.124055555555554,124.85377777777781,7.5,184.0,2019-10-21 06:25:39,围网
11736,31.102611111111113,124.85255555555555,7.7,178.0,2019-10-21 06:35:39,围网
11736,31.081138888888887,124.85086111111107,7.5,171.0,2019-10-21 06:45:39,围网
11736,31.05788888888889,124.85044444444445,8.1,180.0,2019-10-21 06:55:39,围网
11736,31.03733333333333,124.84977777777777,8.1,171.0,2019-10-21 07:05:39,围网
11736,31.01519444444445,124.84808333333332,8.0,189.0,2019-10-21 07:15:39,围网
11736,30.993055555555557,124.84775,8.3,176.0,2019-10-21 07:25:39,围网
11736,30.981972222222232,124.85555555555555,4.1,118.0,2019-10-21 07:35:39,围网
11736,30.97741666666667,124.86541666666666,3.2,127.0,2019-10-21 07:45:39,围网
11736,30.97258333333333,124.87516666666669,3.1,114.0,2019-10-21 07:55:39,围网
11736,30.96811111111111,124.88494444444444,3.3,114.0,2019-10-21 08:05:39,围网
11736,30.962527777777765,124.89419444444445,3.8,138.0,2019-10-21 08:15:39,围网
11736,30.95588888888889,124.9027222222222,3.0,136.0,2019-10-21 08:25:39,围网
11736,30.950222222222234,124.91147222222223,3.5,118.0,2019-10-21 08:35:39,围网
11736,30.942805555555548,124.91911111111106,3.8,145.0,2019-10-21 08:45:40,围网
11736,30.93483333333333,124.9260277777778,3.4,142.0,2019-10-21 08:55:40,围网
11736,30.92525,124.93122222222223,3.2,147.0,2019-10-21 09:05:40,围网
11736,30.91644444444445,124.93472222222222,3.8,168.0,2019-10-21 09:15:40,围网
11736,30.906555555555553,124.93633333333334,3.6,174.0,2019-10-21 09:25:40,围网
11736,30.89686111111111,124.93744444444445,3.9,191.0,2019-10-21 09:35:40,围网
11736,30.886972222222226,124.9375,4.1,187.0,2019-10-21 09:45:40,围网
11736,30.879055555555553,124.93575,1.3,218.0,2019-10-21 09:55:40,围网
11736,30.875694444444445,124.93283333333336,2.7,186.0,2019-10-21 10:05:40,围网
11736,30.865388888888887,124.93405555555556,6.5,169.0,2019-10-21 10:15:40,围网
11736,30.849777777777767,124.93455555555555,6.5,175.0,2019-10-21 10:25:39,围网
11736,30.83908333333333,124.93441666666666,3.5,171.0,2019-10-21 10:35:39,围网
11736,30.829138888888888,124.93477777777778,3.4,162.0,2019-10-21 10:45:39,围网
11736,30.81933333333333,124.9349722222222,3.9,190.0,2019-10-21 10:55:39,围网
11736,30.809277777777766,124.93530555555556,3.2,160.0,2019-10-21 11:05:39,围网
11736,30.79958333333333,124.93530555555556,3.4,186.0,2019-10-21 11:15:39,围网
11736,30.79058333333333,124.93441666666666,3.5,188.0,2019-10-21 11:25:39,围网
11736,30.78113888888889,124.93294444444444,3.3,189.0,2019-10-21 11:35:39,围网
11736,30.772472222222234,124.92722222222223,3.1,219.0,2019-10-21 11:45:39,围网
11736,30.76355555555556,124.92366666666668,3.3,212.0,2019-10-21 11:55:39,围网
11736,30.75058333333333,124.90686111111113,3.4,233.0,2019-10-21 12:15:39,围网
11736,30.74738888888889,124.90166666666669,0.2,0.0,2019-10-21 12:25:39,围网
11736,30.744944444444453,124.89755555555556,1.3,233.0,2019-10-21 12:35:39,围网
11736,30.731805555555553,124.90275,4.4,184.0,2019-10-21 12:45:39,围网
11736,30.72294444444444,124.89655555555555,3.1,210.0,2019-10-21 12:55:39,围网
11736,30.715888888888887,124.88933333333334,3.1,226.0,2019-10-21 13:05:39,围网
11736,30.70958333333333,124.88111111111112,3.0,160.0,2019-10-21 13:15:40,围网
11736,30.704638888888887,124.87083333333332,3.5,257.0,2019-10-21 13:25:39,围网
11736,30.702055555555553,124.86108333333333,3.5,246.0,2019-10-21 13:35:40,围网
11736,30.69986111111111,124.8504722222222,3.5,244.0,2019-10-21 13:45:40,围网
11736,30.697944444444442,124.83994444444444,3.5,246.0,2019-10-21 13:55:40,围网
11736,30.698,124.82880555555555,3.2,274.0,2019-10-21 14:05:40,围网
11736,30.70072222222222,124.81913888888887,3.1,293.0,2019-10-21 14:15:40,围网
11736,30.705527777777768,124.80994444444444,3.7,303.0,2019-10-21 14:25:39,围网
11736,30.712666666666664,124.80308333333332,3.1,341.0,2019-10-21 14:35:39,围网
11736,30.7215,124.7997777777778,3.1,342.0,2019-10-21 14:45:39,围网
11736,30.72991666666667,124.80291666666666,3.7,41.0,2019-10-21 14:55:39,围网
11736,30.735611111111112,124.81061111111113,3.7,63.0,2019-10-21 15:05:39,围网
11736,30.73858333333333,124.82005555555556,3.3,70.0,2019-10-21 15:15:39,围网
11736,30.73844444444445,124.82475,1.3,95.0,2019-10-21 15:25:39,围网
11736,30.73758333333333,124.82727777777778,0.4,0.0,2019-10-21 15:35:39,围网
11736,30.736722222222234,124.84036111111112,6.1,119.0,2019-10-21 15:45:39,围网
11736,30.7325,124.85530555555556,4.4,118.0,2019-10-21 15:55:39,围网
11736,30.72966666666667,124.86538888888887,3.8,121.0,2019-10-21 16:05:39,围网
11736,30.72797222222223,124.87633333333332,3.5,95.0,2019-10-21 16:15:39,围网
11736,30.725222222222207,124.88613888888894,3.9,118.0,2019-10-21 16:25:39,围网
11736,30.72158333333333,124.89608333333334,3.3,101.0,2019-10-21 16:35:39,围网
11736,30.71858333333333,124.90644444444445,3.1,114.0,2019-10-21 16:45:39,围网
11736,30.71447222222222,124.91594444444445,3.1,114.0,2019-10-21 16:55:39,围网
11736,30.7105,124.92563888888893,3.4,114.0,2019-10-21 17:05:39,围网
11736,30.706722222222233,124.93536111111112,3.7,126.0,2019-10-21 17:15:39,围网
11736,30.70202777777777,124.94441666666668,3.5,112.0,2019-10-21 17:25:39,围网
11736,30.698472222222208,124.95438888888887,4.2,117.0,2019-10-21 17:35:40,围网
11736,30.694472222222235,124.96516666666668,3.5,133.0,2019-10-21 17:45:39,围网
11736,30.68991666666667,124.97358333333332,3.5,123.0,2019-10-21 17:55:40,围网
11736,30.68494444444445,124.98263888888887,3.2,115.0,2019-10-21 18:05:40,围网
11736,30.679277777777767,124.99119444444445,3.2,140.0,2019-10-21 18:15:40,围网
11736,30.672888888888888,124.99908333333332,3.4,124.0,2019-10-21 18:25:39,围网
11736,30.666138888888888,125.00663888888887,3.5,157.0,2019-10-21 18:35:39,围网
11736,30.658166666666666,125.01172222222223,3.4,166.0,2019-10-21 18:45:39,围网
11736,30.650111111111112,125.01666666666668,3.4,158.0,2019-10-21 18:55:39,围网
11736,30.643555555555558,125.02,0.3,0.0,2019-10-21 19:05:39,围网
11736,30.64038888888889,125.01994444444445,3.5,173.0,2019-10-21 19:15:39,围网
11736,30.63711111111111,125.02211111111113,3.8,143.0,2019-10-21 19:25:39,围网
11736,30.624388888888888,125.02469444444445,6.3,177.0,2019-10-21 19:35:39,围网
11736,30.614527777777766,125.02666666666669,3.2,169.0,2019-10-21 19:45:39,围网
11736,30.604555555555557,125.02838888888893,3.5,176.0,2019-10-21 19:55:39,围网
11736,30.59569444444444,125.0300277777778,3.2,170.0,2019-10-21 20:05:39,围网
11736,30.586277777777767,125.0319722222222,3.7,165.0,2019-10-21 20:15:39,围网
11736,30.57697222222221,125.03491666666666,3.5,179.0,2019-10-21 20:25:39,围网
11736,30.567722222222233,125.03638888888894,3.2,174.0,2019-10-21 20:35:39,围网
11736,30.558694444444445,125.03816666666668,3.1,179.0,2019-10-21 20:45:39,围网
11736,30.549805555555558,125.04080555555555,3.5,166.0,2019-10-21 20:55:39,围网
11736,30.54077777777778,125.04347222222222,3.7,179.0,2019-10-21 21:05:39,围网
11736,30.531666666666666,125.046,3.6,151.0,2019-10-21 21:15:39,围网
11736,30.522472222222234,125.04777777777778,4.3,193.0,2019-10-21 21:25:39,围网
11736,30.513333333333332,125.04925,3.8,181.0,2019-10-21 21:35:39,围网
11736,30.50483333333333,125.0529722222222,3.2,170.0,2019-10-21 21:45:39,围网
11736,30.496055555555557,125.05561111111112,3.4,146.0,2019-10-21 21:55:40,围网
11736,30.48680555555556,125.05847222222219,3.6,183.0,2019-10-21 22:05:39,围网
11736,30.47872222222221,125.06075,3.0,151.0,2019-10-21 22:15:39,围网
11736,30.46997222222221,125.0624722222222,3.2,173.0,2019-10-21 22:25:39,围网
11736,30.46458333333333,125.06205555555556,1.4,61.0,2019-10-21 22:35:39,围网
11736,30.46008333333333,125.05966666666666,3.0,201.0,2019-10-21 22:45:39,围网
11736,30.4525,125.06647222222222,5.6,127.0,2019-10-21 22:55:39,围网
11736,30.44072222222222,125.09691666666666,6.0,113.0,2019-10-21 23:15:39,围网
11736,30.431527777777767,125.1112222222222,5.4,137.0,2019-10-21 23:25:39,围网
11736,30.419527777777766,125.12319444444445,5.7,131.0,2019-10-21 23:35:39,围网
11736,30.40683333333333,125.13425,6.1,147.0,2019-10-21 23:45:39,围网
11736,30.39177777777777,125.14141666666669,6.5,151.0,2019-10-21 23:55:39,围网
11736,30.376277777777766,125.14988888888894,6.7,145.0,2019-10-22 00:05:39,围网
11736,30.35919444444445,125.15736111111113,6.3,162.0,2019-10-22 00:15:39,围网
11736,30.343416666666666,125.16258333333334,6.5,170.0,2019-10-22 00:25:39,围网
11736,30.332361111111112,125.16036111111113,2.8,217.0,2019-10-22 00:35:39,围网
11736,30.326555555555554,125.16372222222223,3.4,61.0,2019-10-22 00:45:39,围网
11736,30.326166666666666,125.1635,0.6,0.0,2019-10-22 00:55:39,围网
11736,30.32608333333333,125.16369444444445,0.7,124.0,2019-10-22 01:05:39,围网
11736,30.326027777777767,125.16380555555556,0.5,283.0,2019-10-22 01:15:39,围网
11736,30.326027777777767,125.16372222222223,0.1,0.0,2019-10-22 01:25:39,围网
11736,30.32605555555556,125.16394444444445,0.6,0.0,2019-10-22 01:35:39,围网
11736,30.32605555555556,125.16408333333334,0.3,0.0,2019-10-22 01:45:39,围网
11736,30.326,125.16408333333334,0.6,0.0,2019-10-22 01:55:39,围网
11736,30.326027777777767,125.164,0.5,0.0,2019-10-22 02:05:39,围网
11736,30.32608333333333,125.16358333333334,0.8,0.0,2019-10-22 02:15:39,围网
11736,30.32608333333333,125.16363888888893,1.2,105.0,2019-10-22 02:25:38,围网
11736,30.326166666666666,125.16347222222224,0.5,147.0,2019-10-22 02:35:39,围网
11736,30.32611111111111,125.16366666666669,0.3,0.0,2019-10-22 02:45:39,围网
11736,30.326166666666666,125.16355555555555,0.2,0.0,2019-10-22 02:55:39,围网
11736,30.32622222222221,125.16338888888893,0.7,123.0,2019-10-22 03:05:39,围网
11736,30.326138888888888,125.1635,0.8,153.0,2019-10-22 03:15:39,围网
11736,30.326027777777767,125.16397222222223,0.4,0.0,2019-10-22 03:25:39,围网
11736,30.326138888888888,125.16366666666669,1.2,249.0,2019-10-22 03:35:39,围网
11736,30.32608333333333,125.16380555555556,1.6,173.0,2019-10-22 03:45:39,围网
11736,30.32611111111111,125.16380555555556,0.9,191.0,2019-10-22 03:55:39,围网
11736,30.326027777777767,125.16394444444445,1.0,61.0,2019-10-22 04:05:39,围网
11736,30.32608333333333,125.16422222222224,1.2,192.0,2019-10-22 04:15:39,围网
11736,30.32605555555556,125.16441666666668,0.5,0.0,2019-10-22 04:25:39,围网
11736,30.32605555555556,125.16444444444444,0.1,0.0,2019-10-22 04:35:39,围网
11736,30.32611111111111,125.16466666666668,0.9,247.0,2019-10-22 04:45:39,围网
11736,30.32608333333333,125.16469444444445,0.5,105.0,2019-10-22 04:55:39,围网
11736,30.32638888888889,125.16450000000002,0.5,24.0,2019-10-22 05:05:39,围网
11736,30.325805555555558,125.16525,0.6,165.0,2019-10-22 05:15:39,围网
11736,30.32194444444445,125.17375,3.3,87.0,2019-10-22 05:25:39,围网
11736,30.318,125.19561111111112,3.6,135.0,2019-10-22 05:45:39,围网
11736,30.312527777777767,125.20480555555555,3.5,134.0,2019-10-22 05:55:39,围网
11736,30.30622222222221,125.21291666666666,3.4,124.0,2019-10-22 06:05:39,围网
11736,30.299222222222234,125.22025,3.2,135.0,2019-10-22 06:15:38,围网
11736,30.291999999999998,125.22711111111113,3.2,144.0,2019-10-22 06:25:38,围网
11736,30.283444444444445,125.23197222222224,3.8,166.0,2019-10-22 06:35:38,围网
11736,30.273777777777767,125.23516666666669,3.2,163.0,2019-10-22 06:45:38,围网
11736,30.265027777777767,125.23744444444445,3.3,183.0,2019-10-22 06:55:39,围网
11736,30.25563888888889,125.23886111111106,3.5,166.0,2019-10-22 07:05:39,围网
11736,30.246194444444445,125.23994444444445,3.5,178.0,2019-10-22 07:15:39,围网
11736,30.236583333333336,125.24163888888887,3.5,173.0,2019-10-22 07:25:39,围网
11736,30.22719444444445,125.24411111111112,3.6,173.0,2019-10-22 07:35:39,围网
11736,30.217916666666664,125.24705555555555,3.3,158.0,2019-10-22 07:45:39,围网
11736,30.208444444444442,125.24936111111113,3.4,169.0,2019-10-22 07:55:39,围网
11736,30.19958333333333,125.25355555555555,3.1,148.0,2019-10-22 08:05:39,围网
11736,30.19444444444445,125.25505555555556,1.1,209.0,2019-10-22 08:15:39,围网
11736,30.18947222222221,125.25541666666666,3.1,128.0,2019-10-22 08:25:39,围网
11736,30.200138888888887,125.256,4.6,2.0,2019-10-22 08:35:39,围网
11736,30.20833333333333,125.25855555555556,4.7,162.0,2019-10-22 08:45:39,围网
11736,30.195777777777767,125.26083333333334,3.7,176.0,2019-10-22 08:55:39,围网
11736,30.186777777777767,125.26219444444445,3.5,151.0,2019-10-22 09:05:39,围网
11736,30.17730555555556,125.26438888888887,3.4,162.0,2019-10-22 09:15:39,围网
11736,30.16769444444445,125.26655555555556,3.8,163.0,2019-10-22 09:25:39,围网
11736,30.158777777777768,125.2702777777778,4.3,177.0,2019-10-22 09:35:39,围网
11736,30.1495,125.273,3.6,179.0,2019-10-22 09:45:39,围网
11736,30.139833333333332,125.27413888888887,3.3,173.0,2019-10-22 09:55:39,围网
11736,30.13025,125.27547222222222,4.0,187.0,2019-10-22 10:05:39,围网
11736,30.12072222222222,125.27677777777778,3.4,181.0,2019-10-22 10:15:38,围网
11736,30.11116666666667,125.27758333333334,3.2,165.0,2019-10-22 10:25:38,围网
11736,30.10169444444445,125.27794444444444,3.6,171.0,2019-10-22 10:35:38,围网
11736,30.092305555555555,125.27827777777777,3.3,182.0,2019-10-22 10:45:38,围网
11736,30.08216666666667,125.27883333333332,3.3,172.0,2019-10-22 10:55:39,围网
11736,30.07233333333333,125.27866666666668,3.6,194.0,2019-10-22 11:05:39,围网
11736,30.06330555555556,125.27691666666666,3.5,184.0,2019-10-22 11:15:39,围网
11736,30.053777777777785,125.27408333333334,3.0,185.0,2019-10-22 11:25:39,围网
11736,30.046861111111113,125.26691666666666,3.6,275.0,2019-10-22 11:35:39,围网
11736,30.049861111111113,125.25586111111107,3.6,307.0,2019-10-22 11:45:39,围网
11736,30.055750000000003,125.24686111111113,3.5,306.0,2019-10-22 11:55:39,围网
11736,30.06241666666667,125.2387222222222,3.9,302.0,2019-10-22 12:05:39,围网
11736,30.068222222222207,125.2295,3.2,310.0,2019-10-22 12:15:39,围网
11736,30.07305555555555,125.21961111111112,3.5,306.0,2019-10-22 12:25:39,围网
11736,30.077527777777767,125.20944444444444,4.0,275.0,2019-10-22 12:35:39,围网
11736,30.076027777777767,125.20611111111113,2.5,232.0,2019-10-22 12:45:39,围网
11736,30.074305555555554,125.20641666666668,3.5,13.0,2019-10-22 12:55:39,围网
11736,30.080166666666663,125.19555555555556,3.3,312.0,2019-10-22 13:05:39,围网
11736,30.08347222222222,125.18461111111112,3.5,276.0,2019-10-22 13:15:39,围网
11736,30.08672222222221,125.17522222222223,3.8,277.0,2019-10-22 13:25:39,围网
11736,30.090555555555554,125.16544444444445,3.3,304.0,2019-10-22 13:35:39,围网
11736,30.093611111111112,125.15538888888894,3.3,283.0,2019-10-22 13:45:39,围网
11736,30.095916666666664,125.14502777777778,3.1,268.0,2019-10-22 13:55:39,围网
11736,30.098305555555555,125.13480555555556,3.1,284.0,2019-10-22 14:05:39,围网
11736,30.101222222222226,125.12483333333331,3.1,299.0,2019-10-22 14:15:39,围网
11736,30.10505555555555,125.11513888888888,2.8,298.0,2019-10-22 14:25:38,围网
11736,30.10966666666667,125.10552777777777,3.4,281.0,2019-10-22 14:35:38,围网
11736,30.1145,125.09733333333332,3.0,311.0,2019-10-22 14:45:38,围网
11736,30.118944444444452,125.0882777777778,3.1,298.0,2019-10-22 14:55:38,围网
11736,30.12380555555556,125.07933333333334,3.0,301.0,2019-10-22 15:05:38,围网
11736,30.12894444444445,125.07069444444444,3.3,324.0,2019-10-22 15:15:38,围网
11736,30.134888888888888,125.06216666666666,3.7,284.0,2019-10-22 15:25:39,围网
11736,30.13922222222222,125.05388888888888,3.0,286.0,2019-10-22 15:35:39,围网
11736,30.143472222222233,125.0450277777778,3.0,293.0,2019-10-22 15:45:39,围网
11736,30.148833333333336,125.03708333333331,3.0,334.0,2019-10-22 15:55:39,围网
11736,30.154027777777767,125.03275,0.8,246.0,2019-10-22 16:05:39,围网
11736,30.15375,125.02902777777777,1.5,186.0,2019-10-22 16:15:39,围网
11736,30.15283333333333,125.02791666666666,0.8,218.0,2019-10-22 16:25:39,围网
11736,30.1595,125.03130555555555,3.4,12.0,2019-10-22 16:35:39,围网
11736,30.166722222222226,125.02619444444444,2.9,296.0,2019-10-22 16:45:39,围网
11736,30.171999999999997,125.01808333333332,3.3,318.0,2019-10-22 16:55:39,围网
11736,30.17741666666667,125.01025,3.1,302.0,2019-10-22 17:05:39,围网
11736,30.18105555555556,125.0012777777778,3.5,322.0,2019-10-22 17:15:39,围网
11736,30.18716666666667,124.99444444444444,3.0,324.0,2019-10-22 17:25:39,围网
11736,30.18413888888889,124.9805,3.7,190.0,2019-10-22 17:45:39,围网
11736,30.17613888888889,124.9855277777778,3.8,124.0,2019-10-22 17:55:39,围网
11736,30.170388888888887,124.99391666666666,3.3,132.0,2019-10-22 18:05:39,围网
11736,30.165888888888887,125.00336111111106,3.7,122.0,2019-10-22 18:15:38,围网
11736,30.16216666666667,125.01305555555555,3.6,130.0,2019-10-22 18:25:38,围网
11736,30.157138888888888,125.02211111111113,3.3,119.0,2019-10-22 18:35:38,围网
11736,30.153277777777767,125.03191666666666,3.6,126.0,2019-10-22 18:45:38,围网
11736,30.14844444444445,125.041,3.6,120.0,2019-10-22 18:55:38,围网
11736,30.143694444444442,125.0497777777778,3.3,128.0,2019-10-22 19:05:38,围网
11736,30.13877777777777,125.0585,3.4,115.0,2019-10-22 19:15:38,围网
11736,30.13363888888889,125.06677777777777,3.0,126.0,2019-10-22 19:25:38,围网
11736,30.12844444444445,125.07513888888887,3.5,127.0,2019-10-22 19:35:38,围网
11736,30.125027777777767,125.07897222222222,1.8,137.0,2019-10-22 19:45:38,围网
11736,30.1215,125.07933333333334,1.0,171.0,2019-10-22 19:55:38,围网
11736,30.11891666666667,125.08536111111113,3.0,102.0,2019-10-22 20:05:39,围网
11736,30.114722222222234,125.09530555555556,2.8,113.0,2019-10-22 20:15:39,围网
11736,30.11113888888889,125.10477777777778,3.6,128.0,2019-10-22 20:25:39,围网
11736,30.107027777777766,125.11419444444445,3.7,122.0,2019-10-22 20:35:39,围网
11736,30.10341666666667,125.12366666666668,3.6,112.0,2019-10-22 20:45:39,围网
11736,30.10019444444445,125.13327777777776,3.7,103.0,2019-10-22 20:55:39,围网
11736,30.09719444444445,125.14305555555555,3.5,101.0,2019-10-22 21:05:39,围网
11736,30.094638888888888,125.15297222222223,3.4,96.0,2019-10-22 21:15:39,围网
11736,30.091805555555553,125.16291666666666,3.6,107.0,2019-10-22 21:25:39,围网
11736,30.088666666666665,125.17269444444445,4.9,119.0,2019-10-22 21:35:39,围网
11736,30.085472222222233,125.18258333333334,3.7,108.0,2019-10-22 21:45:39,围网
11736,30.07927777777777,125.19147222222223,3.5,137.0,2019-10-22 21:55:39,围网
11736,30.07411111111111,125.1995,3.1,117.0,2019-10-22 22:05:39,围网
11736,30.07094444444445,125.20911111111113,3.3,104.0,2019-10-22 22:15:38,围网
11736,30.068305555555558,125.21861111111113,3.2,98.0,2019-10-22 22:25:38,围网
11736,30.066055555555558,125.22813888888888,3.0,100.0,2019-10-22 22:35:38,围网
11736,30.06275,125.23763888888887,3.2,117.0,2019-10-22 22:45:38,围网
11736,30.059027777777786,125.24691666666666,3.1,115.0,2019-10-22 22:55:38,围网
11736,30.054055555555554,125.25422222222224,0.7,141.0,2019-10-22 23:05:38,围网
11736,30.05108333333333,125.25311111111112,3.4,173.0,2019-10-22 23:15:38,围网
11736,30.048333333333336,125.25369444444445,2.1,62.0,2019-10-22 23:25:38,围网
11736,30.04944444444445,125.25041666666668,1.2,226.0,2019-10-22 23:35:38,围网
11736,30.047638888888887,125.24777777777778,1.0,200.0,2019-10-22 23:45:38,围网
11736,30.049055555555555,125.24458333333332,3.5,8.0,2019-10-22 23:55:38,围网
11736,30.05577777777778,125.24247222222222,3.1,20.0,2019-10-23 00:05:38,围网
11736,30.06194444444445,125.23638888888892,3.0,286.0,2019-10-23 00:15:38,围网
11736,30.06594444444445,125.22877777777781,3.0,284.0,2019-10-23 00:25:39,围网
11736,30.069194444444445,125.22077777777778,2.8,288.0,2019-10-23 00:35:39,围网
11736,30.07244444444445,125.21255555555555,3.1,292.0,2019-10-23 00:45:39,围网
11736,30.07544444444445,125.20413888888888,3.0,290.0,2019-10-23 00:55:39,围网
11736,30.07833333333333,125.19580555555555,2.9,289.0,2019-10-23 01:05:39,围网
11736,30.081722222222233,125.18747222222223,3.3,290.0,2019-10-23 01:15:39,围网
11736,30.084777777777767,125.17908333333334,2.7,297.0,2019-10-23 01:25:39,围网
11736,30.08730555555555,125.17041666666668,2.8,286.0,2019-10-23 01:35:39,围网
11736,30.089861111111112,125.16188888888892,3.1,282.0,2019-10-23 01:45:39,围网
11736,30.0925,125.15338888888893,2.8,295.0,2019-10-23 01:55:39,围网
11736,30.09513888888889,125.1449722222222,2.6,287.0,2019-10-23 02:05:39,围网
11736,30.09800000000001,125.13605555555556,2.8,289.0,2019-10-23 02:15:38,围网
11736,30.100666666666665,125.12816666666666,2.9,294.0,2019-10-23 02:25:38,围网
11736,30.103472222222226,125.11983333333332,2.8,306.0,2019-10-23 02:35:38,围网
11736,30.107055555555554,125.11180555555555,2.6,295.0,2019-10-23 02:45:38,围网
11736,30.110861111111113,125.10391666666666,3.3,308.0,2019-10-23 02:55:38,围网
11736,30.11486111111111,125.09619444444445,2.9,300.0,2019-10-23 03:05:38,围网
11736,30.11872222222221,125.08838888888887,2.8,302.0,2019-10-23 03:15:38,围网
11736,30.122722222222233,125.08077777777777,2.7,303.0,2019-10-23 03:25:38,围网
11736,30.12736111111111,125.07375,2.6,302.0,2019-10-23 03:35:38,围网
11736,30.131694444444445,125.06644444444444,2.6,309.0,2019-10-23 03:45:38,围网
11736,30.13583333333333,125.05911111111112,2.5,285.0,2019-10-23 03:55:38,围网
11736,30.139805555555554,125.05161111111107,3.2,289.0,2019-10-23 04:05:38,围网
11736,30.1435,125.04408333333332,2.2,292.0,2019-10-23 04:15:38,围网
11736,30.14761111111111,125.03641666666668,2.8,296.0,2019-10-23 04:25:38,围网
11736,30.15130555555556,125.02963888888887,2.8,322.0,2019-10-23 04:35:38,围网
11736,30.15513888888889,125.02233333333334,2.7,301.0,2019-10-23 04:45:39,围网
11736,30.158777777777768,125.01505555555555,2.6,303.0,2019-10-23 04:55:39,围网
11736,30.16258333333333,125.00775,2.7,299.0,2019-10-23 05:05:39,围网
11736,30.16641666666667,125.00055555555555,1.0,287.0,2019-10-23 05:15:39,围网
11736,30.16547222222223,124.9987777777778,2.3,237.0,2019-10-23 05:25:39,围网
11736,30.1625,124.99688888888888,0.6,143.0,2019-10-23 05:35:39,围网
11736,30.16755555555555,124.99427777777778,5.7,282.0,2019-10-23 05:45:39,围网
11736,30.170333333333332,124.98138888888887,5.0,99.0,2019-10-23 05:55:39,围网
11736,30.167638888888888,124.99261111111113,3.1,127.0,2019-10-23 06:05:38,围网
11736,30.16397222222221,125.00213888888894,3.9,95.0,2019-10-23 06:15:38,围网
11736,30.161,125.01208333333332,3.7,113.0,2019-10-23 06:25:38,围网
11736,30.15672222222221,125.02230555555555,3.5,112.0,2019-10-23 06:35:38,围网
11736,30.152472222222233,125.03088888888892,4.0,121.0,2019-10-23 06:45:38,围网
11736,30.146527777777766,125.03913888888887,3.8,133.0,2019-10-23 06:55:38,围网
11736,30.13991666666667,125.04641666666666,3.7,109.0,2019-10-23 07:05:38,围网
11736,30.13636111111111,125.05644444444445,3.8,111.0,2019-10-23 07:15:38,围网
11736,30.13261111111111,125.06641666666664,3.9,104.0,2019-10-23 07:25:38,围网
11736,30.128000000000004,125.07591666666669,4.1,128.0,2019-10-23 07:35:38,围网
11736,30.123361111111112,125.08508333333332,3.8,125.0,2019-10-23 07:45:38,围网
11736,30.11833333333333,125.09416666666668,4.0,119.0,2019-10-23 07:55:38,围网
11736,30.11347222222221,125.10316666666668,5.5,115.0,2019-10-23 08:05:38,围网
11736,30.10819444444445,125.11244444444445,3.4,121.0,2019-10-23 08:15:38,围网
11736,30.10383333333333,125.12108333333332,3.2,98.0,2019-10-23 08:25:38,围网
11736,30.09983333333333,125.13063888888887,3.9,117.0,2019-10-23 08:35:38,围网
11736,30.09383333333333,125.13958333333332,3.4,137.0,2019-10-23 08:45:38,围网
11736,30.086666666666666,125.14544444444445,3.5,152.0,2019-10-23 08:55:38,围网
11736,30.08069444444445,125.14980555555556,0.1,0.0,2019-10-23 09:05:38,围网
11736,30.077,125.14980555555556,1.7,165.0,2019-10-23 09:15:39,围网
11736,30.08211111111111,125.16108333333334,6.7,27.0,2019-10-23 09:25:39,围网
11736,30.097972222222207,125.17138888888893,6.9,34.0,2019-10-23 09:35:39,围网
11736,30.11411111111111,125.18158333333334,5.9,25.0,2019-10-23 09:45:39,围网
11736,30.130472222222235,125.19052777777777,6.0,20.0,2019-10-23 09:55:39,围网
11736,30.147805555555554,125.196,6.2,8.0,2019-10-23 10:05:39,围网
11736,30.16530555555555,125.20047222222223,5.9,19.0,2019-10-23 10:15:38,围网
11736,30.18166666666667,125.20905555555555,6.1,26.0,2019-10-23 10:25:38,围网
11736,30.194194444444445,125.21488888888894,1.9,90.0,2019-10-23 10:35:38,围网
11736,30.19508333333333,125.22597222222224,3.5,84.0,2019-10-23 10:45:38,围网
11736,30.195666666666664,125.23702777777778,3.2,86.0,2019-10-23 10:55:38,围网
11736,30.19611111111111,125.24680555555555,3.5,99.0,2019-10-23 11:05:38,围网
11736,30.196,125.26725,3.6,90.0,2019-10-23 11:25:38,围网
11736,30.19333333333333,125.2775,2.5,111.0,2019-10-23 11:35:38,围网
11736,30.19094444444445,125.27688888888888,1.6,125.0,2019-10-23 11:45:38,围网
11736,30.18788888888889,125.28016666666667,7.1,96.0,2019-10-23 11:55:38,围网
11736,30.18625,125.29688888888887,1.8,113.0,2019-10-23 12:05:38,围网
11736,30.182944444444445,125.30727777777778,5.5,109.0,2019-10-23 12:15:38,围网
11736,30.178472222222233,125.31725,3.4,118.0,2019-10-23 12:25:38,围网
11736,30.174916666666668,125.32633333333332,3.0,111.0,2019-10-23 12:35:38,围网
11736,30.172888888888888,125.33608333333332,3.3,109.0,2019-10-23 12:45:38,围网
11736,30.169722222222234,125.34561111111113,3.1,121.0,2019-10-23 12:55:38,围网
11736,30.164972222222207,125.35513888888887,3.1,132.0,2019-10-23 13:05:38,围网
11736,30.155472222222233,125.35238888888887,3.7,204.0,2019-10-23 13:15:38,围网
11736,30.15463888888889,125.34072222222223,3.3,285.0,2019-10-23 13:25:38,围网
11736,30.154555555555554,125.3292777777778,3.6,265.0,2019-10-23 13:35:39,围网
11736,30.156555555555553,125.3184722222222,3.5,290.0,2019-10-23 13:45:39,围网
11736,30.15944444444445,125.30791666666666,3.6,281.0,2019-10-23 13:55:39,围网
11736,30.16263888888889,125.29766666666669,3.5,302.0,2019-10-23 14:05:38,围网
11736,30.167277777777766,125.28838888888887,3.2,298.0,2019-10-23 14:15:38,围网
11736,30.17075,125.27836111111112,3.3,303.0,2019-10-23 14:25:38,围网
11736,30.174611111111112,125.2684722222222,3.1,304.0,2019-10-23 14:35:38,围网
11736,30.17966666666667,125.25936111111113,3.2,319.0,2019-10-23 14:45:38,围网
11736,30.18644444444445,125.25255555555556,2.0,0.0,2019-10-23 14:55:38,围网
11736,30.189888888888888,125.24563888888888,2.7,272.0,2019-10-23 15:05:38,围网
11736,30.18708333333333,125.24127777777778,1.3,204.0,2019-10-23 15:15:38,围网
11736,30.188861111111112,125.2357222222222,2.9,289.0,2019-10-23 15:25:38,围网
11736,30.19483333333333,125.22633333333332,3.6,306.0,2019-10-23 15:35:38,围网
11736,30.199527777777767,125.21713888888893,3.5,303.0,2019-10-23 15:45:38,围网
11736,30.203888888888887,125.20758333333332,3.3,284.0,2019-10-23 15:55:38,围网
11736,30.206722222222233,125.19758333333334,3.3,282.0,2019-10-23 16:05:38,围网
11736,30.20936111111111,125.18780555555556,3.6,275.0,2019-10-23 16:15:38,围网
11736,30.212944444444442,125.17816666666668,3.5,286.0,2019-10-23 16:25:38,围网
11736,30.216916666666666,125.16902777777777,3.2,315.0,2019-10-23 16:35:38,围网
11736,30.221055555555555,125.16,3.6,306.0,2019-10-23 16:45:38,围网
11736,30.225277777777766,125.15088888888893,3.5,282.0,2019-10-23 16:55:38,围网
11736,30.229555555555553,125.14194444444445,3.2,301.0,2019-10-23 17:05:38,围网
11736,30.235027777777766,125.13411111111112,3.2,319.0,2019-10-23 17:15:38,围网
11736,30.24013888888889,125.1249722222222,3.5,283.0,2019-10-23 17:25:38,围网
11736,30.244194444444453,125.11644444444444,3.8,305.0,2019-10-23 17:35:38,围网
11736,30.2485,125.10744444444444,3.4,293.0,2019-10-23 17:45:38,围网
11736,30.252527777777786,125.09844444444445,3.4,285.0,2019-10-23 17:55:39,围网
11736,30.257,125.08977777777778,3.1,304.0,2019-10-23 18:05:39,围网
11736,30.261222222222226,125.08116666666668,3.5,308.0,2019-10-23 18:15:38,围网
11736,30.26361111111111,125.07544444444444,0.8,212.0,2019-10-23 18:25:38,围网
11736,30.26208333333333,125.07375,0.8,143.0,2019-10-23 18:35:38,围网
11736,30.265472222222233,125.073,4.1,342.0,2019-10-23 18:45:38,围网
11736,30.276694444444445,125.06680555555555,4.5,348.0,2019-10-23 18:55:38,围网
11736,30.290111111111113,125.06494444444445,5.1,10.0,2019-10-23 19:05:38,围网
11736,30.304111111111112,125.06405555555556,5.1,353.0,2019-10-23 19:15:38,围网
11736,30.317611111111113,125.0624722222222,5.4,7.0,2019-10-23 19:25:38,围网
11736,30.332611111111113,125.06155555555556,5.1,343.0,2019-10-23 19:35:38,围网
11736,30.345416666666665,125.06033333333332,4.9,13.0,2019-10-23 19:45:38,围网
11736,30.35925,125.0595,5.1,8.0,2019-10-23 19:55:38,围网
11736,30.37275,125.05525,5.3,344.0,2019-10-23 20:05:38,围网
11736,30.387916666666666,125.05313888888894,5.8,350.0,2019-10-23 20:15:38,围网
11736,30.403444444444442,125.05175,5.7,352.0,2019-10-23 20:25:38,围网
11736,30.419138888888888,125.05036111111113,5.9,348.0,2019-10-23 20:35:38,围网
11736,30.43336111111111,125.04772222222222,3.3,8.0,2019-10-23 20:45:38,围网
11736,30.446,125.04652777777777,5.7,356.0,2019-10-23 20:55:38,围网
11736,30.46097222222221,125.04575,4.8,349.0,2019-10-23 21:05:38,围网
11736,30.475277777777766,125.04561111111113,5.1,352.0,2019-10-23 21:15:38,围网
11736,30.489722222222234,125.04466666666666,5.8,341.0,2019-10-23 21:25:38,围网
11736,30.50425,125.04322222222223,5.3,346.0,2019-10-23 21:35:38,围网
11736,30.518916666666666,125.04441666666666,5.1,357.0,2019-10-23 21:45:38,围网
11736,30.53216666666667,125.04422222222223,5.3,348.0,2019-10-23 21:55:38,围网
11736,30.545861111111112,125.04369444444444,4.2,353.0,2019-10-23 22:05:37,围网
11736,30.54594444444445,125.04363888888888,1.1,264.0,2019-10-23 22:15:38,围网
11736,30.54591666666667,125.04347222222222,0.6,81.0,2019-10-23 22:25:38,围网
11736,30.54591666666667,125.04361111111106,0.3,0.0,2019-10-23 22:35:38,围网
11736,30.54588888888889,125.04366666666668,0.8,90.0,2019-10-23 22:45:38,围网
11736,30.54588888888889,125.04363888888888,0.4,0.0,2019-10-23 22:55:38,围网
11736,30.54591666666667,125.0435,0.5,110.0,2019-10-23 23:05:38,围网
11736,30.545972222222233,125.04344444444445,1.5,29.0,2019-10-23 23:15:38,围网
11736,30.54594444444445,125.04336111111112,1.5,300.0,2019-10-23 23:25:38,围网
11736,30.545972222222233,125.04330555555555,0.5,0.0,2019-10-23 23:35:38,围网
11736,30.546,125.04327777777776,0.9,144.0,2019-10-23 23:45:38,围网
11736,30.545972222222233,125.04330555555555,0.4,172.0,2019-10-23 23:55:38,围网
11736,30.546,125.04327777777776,1.2,298.0,2019-10-24 00:05:38,围网
11736,30.546083333333332,125.04305555555555,2.2,318.0,2019-10-24 00:25:38,围网
11736,30.546055555555558,125.04311111111113,0.8,0.0,2019-10-24 00:35:38,围网
11736,30.546055555555558,125.04311111111113,1.0,320.0,2019-10-24 00:45:38,围网
11736,30.546055555555558,125.04311111111113,1.4,337.0,2019-10-24 00:55:38,围网
11736,30.546111111111113,125.04297222222222,0.5,0.0,2019-10-24 01:05:38,围网
11736,30.546111111111113,125.043,1.3,132.0,2019-10-24 01:15:38,围网
11736,30.54616666666667,125.04286111111112,0.5,0.0,2019-10-24 01:25:38,围网
11736,30.54625,125.04275,1.2,141.0,2019-10-24 01:45:38,围网
11736,30.546222222222234,125.04277777777777,1.3,163.0,2019-10-24 01:55:38,围网
11736,30.546333333333337,125.04263888888887,0.8,45.0,2019-10-24 02:05:37,围网
11736,30.54630555555556,125.04266666666668,0.1,0.0,2019-10-24 02:15:37,围网
11736,30.54630555555556,125.04263888888887,0.3,0.0,2019-10-24 02:25:38,围网
11736,30.546388888888888,125.04255555555555,0.3,0.0,2019-10-24 02:35:38,围网
11736,30.546333333333337,125.04263888888887,0.4,0.0,2019-10-24 02:45:38,围网
11736,30.54641666666667,125.0425,1.0,12.0,2019-10-24 02:55:38,围网
11736,30.5465,125.04241666666668,0.3,0.0,2019-10-24 03:05:38,围网
11736,30.546611111111112,125.04227777777778,1.5,101.0,2019-10-24 03:15:38,围网
11736,30.546722222222233,125.0422222222222,0.5,0.0,2019-10-24 03:25:38,围网
11736,30.547638888888887,125.04275,2.2,26.0,2019-10-24 03:35:38,围网
11736,30.55083333333333,125.04427777777778,1.5,10.0,2019-10-24 03:45:38,围网
11736,30.55880555555556,125.0392222222222,3.6,295.0,2019-10-24 03:55:38,围网
11736,30.563194444444445,125.02938888888887,4.8,266.0,2019-10-24 04:05:38,围网
11736,30.56688888888889,125.01833333333332,3.3,297.0,2019-10-24 04:15:38,围网
11736,30.570138888888888,125.00883333333331,4.1,279.0,2019-10-24 04:25:38,围网
11736,30.57372222222222,124.99897222222219,2.9,294.0,2019-10-24 04:35:38,围网
11736,30.57761111111111,124.98941666666666,3.5,285.0,2019-10-24 04:45:38,围网
11736,30.581277777777768,124.97963888888887,2.9,308.0,2019-10-24 04:55:38,围网
11736,30.58522222222221,124.97025,3.3,319.0,2019-10-24 05:05:38,围网
11736,30.589305555555548,124.9610277777778,3.7,293.0,2019-10-24 05:15:38,围网
11736,30.59383333333333,124.95180555555555,3.0,292.0,2019-10-24 05:25:38,围网
11736,30.59822222222222,124.94261111111112,3.5,328.0,2019-10-24 05:35:38,围网
11736,30.6035,124.93413888888887,3.6,272.0,2019-10-24 05:45:38,围网
11736,30.608000000000004,124.92541666666666,2.9,294.0,2019-10-24 05:55:37,围网
11736,30.61363888888889,124.91769444444445,3.3,342.0,2019-10-24 06:05:37,围网
11736,30.622138888888887,124.91386111111113,3.9,332.0,2019-10-24 06:15:37,围网
11736,30.639,124.90969444444444,3.2,20.0,2019-10-24 06:35:37,围网
11736,30.64772222222223,124.90913888888888,3.2,17.0,2019-10-24 06:45:38,围网
11736,30.65538888888889,124.9087777777778,1.4,340.0,2019-10-24 06:55:38,围网
11736,30.6575,124.91166666666668,0.7,0.0,2019-10-24 07:05:38,围网
11736,30.666138888888888,124.91316666666668,5.9,347.0,2019-10-24 07:15:38,围网
11736,30.680138888888887,124.91305555555556,3.9,331.0,2019-10-24 07:25:38,围网
11736,30.688944444444445,124.91275,3.1,35.0,2019-10-24 07:35:38,围网
11736,30.697222222222226,124.91411111111113,1.4,43.0,2019-10-24 07:45:38,围网
11736,30.70555555555556,124.91688888888888,3.0,324.0,2019-10-24 07:55:38,围网
11736,30.71344444444444,124.92086111111112,3.1,32.0,2019-10-24 08:05:38,围网
11736,30.720861111111113,124.92627777777778,3.0,42.0,2019-10-24 08:15:38,围网
11736,30.727166666666665,124.93352777777778,4.2,65.0,2019-10-24 08:25:38,围网
11736,30.72877777777777,124.94475,3.6,100.0,2019-10-24 08:35:38,围网
11736,30.727666666666664,124.95502777777777,3.0,97.0,2019-10-24 08:45:38,围网
11736,30.72561111111111,124.96583333333334,2.9,95.0,2019-10-24 08:55:38,围网
11736,30.722805555555553,124.97627777777778,4.1,116.0,2019-10-24 09:05:38,围网
11736,30.71919444444445,124.98658333333334,3.5,102.0,2019-10-24 09:15:38,围网
11736,30.715138888888887,124.99683333333334,3.1,115.0,2019-10-24 09:25:38,围网
11736,30.7115,125.00705555555555,3.7,120.0,2019-10-24 09:35:38,围网
11736,30.70708333333333,125.01675,3.6,133.0,2019-10-24 09:45:38,围网
11736,30.702527777777767,125.02633333333333,3.7,105.0,2019-10-24 09:55:37,围网
11736,30.698,125.0360277777778,3.5,111.0,2019-10-24 10:05:37,围网
11736,30.693,125.04541666666664,4.4,142.0,2019-10-24 10:15:37,围网
11736,30.687722222222234,125.05461111111113,4.0,127.0,2019-10-24 10:25:37,围网
11736,30.68275,125.0632222222222,0.6,0.0,2019-10-24 10:35:37,围网
11736,30.67758333333333,125.06436111111113,2.2,153.0,2019-10-24 10:45:37,围网
11736,30.67827777777779,125.0672777777778,2.1,315.0,2019-10-24 10:55:37,围网
11736,30.68358333333333,125.07180555555556,3.7,86.0,2019-10-24 11:05:37,围网
11736,30.680416666666666,125.08305555555555,2.7,118.0,2019-10-24 11:15:37,围网
11736,30.67508333333333,125.09222222222222,3.9,125.0,2019-10-24 11:25:38,围网
11736,30.66911111111111,125.10105555555555,3.3,136.0,2019-10-24 11:35:38,围网
11736,30.66247222222221,125.10938888888887,3.5,119.0,2019-10-24 11:45:38,围网
11736,30.65494444444445,125.11658333333332,3.9,161.0,2019-10-24 11:55:38,围网
11736,30.64638888888889,125.12200000000001,3.3,136.0,2019-10-24 12:05:38,围网
11736,30.637694444444445,125.12669444444445,3.3,161.0,2019-10-24 12:15:38,围网
11736,30.628694444444445,125.13066666666666,4.2,182.0,2019-10-24 12:25:38,围网
11736,30.619555555555554,125.13402777777776,4.2,164.0,2019-10-24 12:35:38,围网
11736,30.610416666666666,125.13708333333334,3.4,166.0,2019-10-24 12:45:38,围网
11736,30.600777777777786,125.14041666666668,3.1,152.0,2019-10-24 12:55:38,围网
11736,30.59188888888889,125.14277777777778,4.3,195.0,2019-10-24 13:05:38,围网
11736,30.58258333333333,125.14511111111112,3.7,181.0,2019-10-24 13:15:38,围网
11736,30.57305555555555,125.14638888888894,3.6,181.0,2019-10-24 13:25:38,围网
11736,30.564055555555555,125.14969444444445,3.5,157.0,2019-10-24 13:35:38,围网
11736,30.55472222222223,125.15191666666666,4.6,197.0,2019-10-24 13:45:38,围网
11736,30.54525000000001,125.15313888888893,4.5,187.0,2019-10-24 13:55:38,围网
11736,30.53844444444445,125.15200000000002,2.4,245.0,2019-10-24 14:05:37,围网
11736,30.53466666666667,125.14969444444445,0.7,0.0,2019-10-24 14:15:37,围网
11736,30.535833333333336,125.15305555555555,4.3,57.0,2019-10-24 14:25:37,围网
11736,30.54416666666667,125.15519444444445,2.7,270.0,2019-10-24 14:35:37,围网
11736,30.546888888888887,125.145,2.4,291.0,2019-10-24 14:45:37,围网
11736,30.54738888888889,125.13380555555555,4.1,250.0,2019-10-24 14:55:37,围网
11736,30.54725,125.12180555555555,3.2,276.0,2019-10-24 15:05:37,围网
11736,30.54797222222223,125.11138888888887,3.5,295.0,2019-10-24 15:15:37,围网
11736,30.550166666666666,125.10066666666664,2.7,284.0,2019-10-24 15:25:37,围网
11736,30.55269444444445,125.09008333333333,3.3,307.0,2019-10-24 15:35:37,围网
11736,30.55533333333333,125.07952777777777,3.4,301.0,2019-10-24 15:45:38,围网
11736,30.55858333333333,125.06916666666666,3.4,297.0,2019-10-24 15:55:38,围网
11736,30.56216666666667,125.05905555555556,3.3,299.0,2019-10-24 16:05:38,围网
11736,30.56533333333333,125.0487777777778,3.8,318.0,2019-10-24 16:15:38,围网
11736,30.570305555555557,125.03955555555555,3.1,314.0,2019-10-24 16:25:38,围网
11736,30.57375,125.0292777777778,3.9,305.0,2019-10-24 16:35:38,围网
11736,30.578388888888888,125.01983333333334,4.1,294.0,2019-10-24 16:45:38,围网
11736,30.58383333333333,125.01125,3.5,304.0,2019-10-24 16:55:38,围网
11736,30.58886111111111,125.0022777777778,3.3,313.0,2019-10-24 17:05:38,围网
11736,30.594305555555554,124.99269444444445,3.3,318.0,2019-10-24 17:15:38,围网
11736,30.599305555555553,124.9845,4.3,338.0,2019-10-24 17:25:38,围网
11736,30.606277777777766,124.97836111111113,3.2,347.0,2019-10-24 17:35:38,围网
11736,30.60852777777778,124.97358333333332,1.6,272.0,2019-10-24 17:45:38,围网
11736,30.60675,124.96980555555555,2.0,331.0,2019-10-24 17:55:38,围网
11736,30.606527777777767,124.96847222222222,0.8,327.0,2019-10-24 18:05:37,围网
11736,30.606333333333332,124.96761111111113,1.0,178.0,2019-10-24 18:15:37,围网
11736,30.60608333333333,124.967,1.2,200.0,2019-10-24 18:25:37,围网
11736,30.605138888888888,124.96736111111107,1.5,174.0,2019-10-24 18:35:37,围网
11736,30.601333333333336,124.96722222222222,1.4,188.0,2019-10-24 18:45:37,围网
11736,30.59713888888889,124.96563888888888,2.3,211.0,2019-10-24 18:55:37,围网
11736,30.59194444444445,124.96258333333334,2.7,212.0,2019-10-24 19:05:37,围网
11736,30.58491666666667,124.95702777777778,3.3,283.0,2019-10-24 19:15:37,围网
11736,30.595027777777766,124.96105555555555,4.1,346.0,2019-10-24 19:25:37,围网
11736,30.607111111111113,124.961,5.2,319.0,2019-10-24 19:35:37,围网
11736,30.61722222222221,124.96016666666668,2.0,350.0,2019-10-24 19:45:37,围网
11736,30.62625,124.96336111111113,2.1,36.0,2019-10-24 19:55:37,围网
11736,30.631694444444445,124.97141666666668,3.0,63.0,2019-10-24 20:05:38,围网
11736,30.635361111111113,124.98130555555555,3.0,67.0,2019-10-24 20:15:38,围网
11736,30.638055555555557,124.99130555555556,3.3,113.0,2019-10-24 20:25:38,围网
11736,30.636277777777767,125.002,3.2,100.0,2019-10-24 20:35:38,围网
11736,30.635527777777767,125.0125277777778,3.7,64.0,2019-10-24 20:45:38,围网
11736,30.63827777777778,125.03380555555556,3.6,97.0,2019-10-24 21:05:38,围网
11736,30.63991666666667,125.0444722222222,3.3,74.0,2019-10-24 21:15:38,围网
11736,30.64169444444445,125.05516666666666,3.3,87.0,2019-10-24 21:25:38,围网
11736,30.64491666666667,125.0767777777778,3.9,87.0,2019-10-24 21:45:38,围网
11736,30.64672222222222,125.08755555555555,3.2,97.0,2019-10-24 21:55:37,围网
11736,30.64825,125.09855555555555,3.7,83.0,2019-10-24 22:05:37,围网
11736,30.64875,125.10966666666666,3.5,99.0,2019-10-24 22:15:37,围网
11736,30.64769444444445,125.12066666666666,3.5,99.0,2019-10-24 22:25:37,围网
11736,30.645805555555555,125.1314722222222,3.4,101.0,2019-10-24 22:35:37,围网
11736,30.643,125.14219444444444,3.6,108.0,2019-10-24 22:45:37,围网
11736,30.6405,125.14808333333332,1.8,145.0,2019-10-24 22:55:37,围网
11736,30.638416666666664,125.15375,3.3,22.0,2019-10-24 23:05:37,围网
11736,30.641527777777767,125.16127777777778,6.4,105.0,2019-10-24 23:15:37,围网
11736,30.639055555555554,125.17247222222224,3.6,103.0,2019-10-24 23:25:37,围网
11736,30.63633333333333,125.18305555555555,3.7,110.0,2019-10-24 23:35:37,围网
11736,30.63291666666667,125.19388888888888,3.1,122.0,2019-10-24 23:45:37,围网
11736,30.628722222222233,125.20280555555556,3.4,126.0,2019-10-24 23:55:37,围网
11736,30.62283333333333,125.21141666666666,2.8,123.0,2019-10-25 00:05:37,围网
11736,30.61780555555556,125.22033333333334,3.0,127.0,2019-10-25 00:15:37,围网
11736,30.612444444444453,125.22894444444445,2.7,144.0,2019-10-25 00:25:37,围网
11736,30.606333333333332,125.23694444444445,3.5,134.0,2019-10-25 00:35:38,围网
11736,30.599527777777766,125.24430555555556,2.8,127.0,2019-10-25 00:45:38,围网
11736,30.59183333333333,125.25036111111113,2.6,143.0,2019-10-25 00:55:38,围网
11736,30.58316666666667,125.25463888888888,2.8,138.0,2019-10-25 01:05:38,围网
11736,30.57472222222221,125.25891666666666,3.6,169.0,2019-10-25 01:15:38,围网
11736,30.5665,125.26333333333334,4.3,174.0,2019-10-25 01:25:38,围网
11736,30.558833333333336,125.26805555555555,4.3,174.0,2019-10-25 01:35:38,围网
11736,30.551111111111112,125.27283333333334,3.8,174.0,2019-10-25 01:45:38,围网
11736,30.54138888888889,125.27383333333331,3.3,186.0,2019-10-25 01:55:38,围网
11736,30.53283333333333,125.27155555555555,3.0,195.0,2019-10-25 02:05:37,围网
11736,30.52408333333333,125.26780555555555,2.8,191.0,2019-10-25 02:15:37,围网
11736,30.51994444444445,125.26555555555555,1.6,219.0,2019-10-25 02:25:37,围网
11736,30.517166666666668,125.26591666666668,2.6,40.0,2019-10-25 02:35:37,围网
11736,30.525194444444452,125.27033333333334,3.2,42.0,2019-10-25 02:45:37,围网
11736,30.53183333333333,125.27147222222223,2.7,285.0,2019-10-25 02:55:37,围网
11736,30.53383333333333,125.25997222222222,3.8,258.0,2019-10-25 03:05:37,围网
11736,30.53519444444445,125.24891666666666,4.0,270.0,2019-10-25 03:15:37,围网
11736,30.53577777777778,125.23755555555556,3.5,265.0,2019-10-25 03:25:37,围网
11736,30.536222222222207,125.22594444444445,3.8,279.0,2019-10-25 03:35:37,围网
11736,30.536027777777786,125.21419444444444,3.6,254.0,2019-10-25 03:45:37,围网
11736,30.536361111111113,125.2025,3.4,275.0,2019-10-25 03:55:37,围网
11736,30.536583333333336,125.18991666666668,4.0,271.0,2019-10-25 04:05:37,围网
11736,30.537944444444445,125.179,4.4,271.0,2019-10-25 04:15:37,围网
11736,30.540222222222226,125.1675,3.9,287.0,2019-10-25 04:25:37,围网
11736,30.540805555555558,125.15561111111113,3.6,294.0,2019-10-25 04:35:37,围网
11736,30.54180555555555,125.1437777777778,4.2,280.0,2019-10-25 04:45:38,围网
11736,30.543527777777786,125.13213888888887,3.5,271.0,2019-10-25 04:55:38,围网
11736,30.546083333333332,125.12075,4.0,272.0,2019-10-25 05:05:38,围网
11736,30.548305555555558,125.1092777777778,3.6,277.0,2019-10-25 05:15:38,围网
11736,30.550555555555555,125.09802777777777,3.9,283.0,2019-10-25 05:25:38,围网
11736,30.55319444444445,125.08683333333332,3.2,285.0,2019-10-25 05:35:38,围网
11736,30.55547222222223,125.07569444444445,3.4,276.0,2019-10-25 05:45:38,围网
11736,30.55852777777778,125.06502777777777,3.4,288.0,2019-10-25 05:55:37,围网
11736,30.56163888888889,125.05463888888887,2.0,291.0,2019-10-25 06:05:37,围网
11736,30.561999999999998,125.05113888888887,2.6,258.0,2019-10-25 06:15:37,围网
11736,30.561416666666666,125.04933333333334,0.3,0.0,2019-10-25 06:25:37,围网
11736,30.562527777777767,125.04952777777778,3.1,38.0,2019-10-25 06:35:37,围网
11736,30.57191666666667,125.04358333333332,3.2,308.0,2019-10-25 06:45:37,围网
11736,30.577444444444453,125.0349722222222,3.4,305.0,2019-10-25 06:55:37,围网
11736,30.582916666666666,125.0262777777778,3.6,324.0,2019-10-25 07:05:37,围网
11736,30.58922222222222,125.01855555555555,3.1,303.0,2019-10-25 07:15:37,围网
11736,30.59630555555556,125.01158333333332,3.4,324.0,2019-10-25 07:25:37,围网
11736,30.60388888888889,125.00558333333332,3.4,338.0,2019-10-25 07:35:37,围网
11736,30.612388888888887,125.00163888888888,3.6,357.0,2019-10-25 07:45:37,围网
11736,30.621222222222233,124.99888888888887,3.5,5.0,2019-10-25 07:55:37,围网
11736,30.63944444444445,125.0007222222222,3.7,41.0,2019-10-25 08:15:37,围网
11736,30.64475,125.01094444444445,3.5,81.0,2019-10-25 08:25:37,围网
11736,30.64538888888889,125.02127777777778,3.6,94.0,2019-10-25 08:35:37,围网
11736,30.64494444444445,125.03238888888887,4.0,89.0,2019-10-25 08:45:37,围网
11736,30.639138888888887,125.06538888888888,5.3,103.0,2019-10-25 09:15:38,围网
11736,30.63622222222222,125.07594444444445,8.1,101.0,2019-10-25 09:25:38,围网
11736,30.634555555555554,125.08225,1.9,124.0,2019-10-25 09:35:38,围网
11736,30.63261111111111,125.0884722222222,7.0,77.0,2019-10-25 09:45:38,围网
11736,30.643277777777786,125.10152777777776,8.4,82.0,2019-10-25 09:55:37,围网
11736,30.64477777777777,125.11572222222222,3.8,84.0,2019-10-25 10:05:37,围网
11736,30.64477777777777,125.1269722222222,3.6,96.0,2019-10-25 10:15:37,围网
11736,30.64394444444445,125.13847222222222,3.6,118.0,2019-10-25 10:25:37,围网
11736,30.641333333333336,125.15047222222223,3.3,91.0,2019-10-25 10:35:37,围网
11736,30.639555555555553,125.16111111111113,3.4,98.0,2019-10-25 10:45:37,围网
11736,30.63780555555556,125.17236111111113,3.5,101.0,2019-10-25 10:55:37,围网
11736,30.63344444444445,125.19458333333333,3.3,109.0,2019-10-25 11:15:37,围网
11736,30.62961111111111,125.20525,3.7,112.0,2019-10-25 11:25:37,围网
11736,30.62416666666667,125.2152222222222,3.6,118.0,2019-10-25 11:35:37,围网
11736,30.619111111111113,125.22508333333334,3.6,111.0,2019-10-25 11:45:37,围网
11736,30.61441666666667,125.235,3.6,129.0,2019-10-25 11:55:37,围网
11736,30.607972222222234,125.24358333333332,3.5,138.0,2019-10-25 12:05:37,围网
11736,30.60083333333333,125.25163888888888,3.6,145.0,2019-10-25 12:15:37,围网
11736,30.59261111111111,125.25802777777777,4.5,145.0,2019-10-25 12:25:37,围网
11736,30.584027777777766,125.26352777777778,3.6,141.0,2019-10-25 12:35:37,围网
11736,30.57491666666667,125.26925,3.2,150.0,2019-10-25 12:45:37,围网
11736,30.566861111111113,125.27436111111106,3.5,144.0,2019-10-25 12:55:37,围网
11736,30.562527777777767,125.27575,1.7,155.0,2019-10-25 13:05:37,围网
11736,30.559361111111112,125.27875,4.5,347.0,2019-10-25 13:15:37,围网
11736,30.55341666666667,125.27883333333332,3.7,176.0,2019-10-25 13:25:37,围网
11736,30.54405555555556,125.2815,3.8,168.0,2019-10-25 13:35:38,围网
11736,30.53455555555556,125.28375,3.8,163.0,2019-10-25 13:45:38,围网
11736,30.52488888888889,125.28463888888888,3.9,172.0,2019-10-25 13:55:37,围网
11736,30.515166666666666,125.28444444444445,4.0,183.0,2019-10-25 14:05:37,围网
11736,30.50558333333333,125.28430555555555,3.4,177.0,2019-10-25 14:15:37,围网
11736,30.49597222222221,125.28469444444444,4.0,174.0,2019-10-25 14:25:37,围网
11736,30.487055555555557,125.27891666666666,3.5,249.0,2019-10-25 14:35:37,围网
11736,30.48627777777777,125.26805555555555,2.8,278.0,2019-10-25 14:45:37,围网
11736,30.487527777777785,125.25641666666668,3.4,282.0,2019-10-25 14:55:37,围网
11736,30.49069444444445,125.24722222222222,3.5,311.0,2019-10-25 15:05:37,围网
11736,30.494694444444452,125.23786111111113,2.8,284.0,2019-10-25 15:15:37,围网
11736,30.49811111111111,125.22763888888888,3.4,296.0,2019-10-25 15:25:37,围网
11736,30.505194444444445,125.2075,3.4,302.0,2019-10-25 15:45:37,围网
11736,30.508944444444445,125.19669444444445,3.6,294.0,2019-10-25 15:55:37,围网
11736,30.511944444444445,125.18658333333336,3.6,292.0,2019-10-25 16:05:37,围网
11736,30.51541666666667,125.1760277777778,3.6,290.0,2019-10-25 16:15:37,围网
11736,30.518305555555557,125.16502777777778,3.4,271.0,2019-10-25 16:25:37,围网
11736,30.517,125.15375,2.2,247.0,2019-10-25 16:35:37,围网
11736,30.514972222222234,125.14991666666668,3.6,231.0,2019-10-25 16:45:37,围网
11736,30.512916666666666,125.15633333333334,5.4,110.0,2019-10-25 16:55:37,围网
11736,30.51377777777777,125.15644444444445,3.6,280.0,2019-10-25 17:05:37,围网
11736,30.515472222222233,125.14591666666668,3.6,289.0,2019-10-25 17:15:37,围网
11736,30.51847222222222,125.13519444444445,4.1,303.0,2019-10-25 17:25:37,围网
11736,30.52425,125.12633333333332,3.8,322.0,2019-10-25 17:35:37,围网
11736,30.53011111111111,125.11708333333333,3.7,317.0,2019-10-25 17:45:37,围网
11736,30.5385,125.1112222222222,3.6,337.0,2019-10-25 17:55:37,围网
11736,30.547583333333336,125.10813888888887,3.6,341.0,2019-10-25 18:05:37,围网
11736,30.5565,125.10541666666666,3.8,345.0,2019-10-25 18:15:37,围网
11736,30.565555555555555,125.10227777777777,3.6,345.0,2019-10-25 18:25:37,围网
11736,30.57472222222221,125.09961111111113,3.4,345.0,2019-10-25 18:35:37,围网
11736,30.584,125.09769444444444,3.4,351.0,2019-10-25 18:45:37,围网
11736,30.59333333333333,125.0963611111111,3.4,3.0,2019-10-25 18:55:37,围网
11736,30.602777777777767,125.09719444444444,2.9,15.0,2019-10-25 19:05:37,围网
11736,30.6125,125.1,3.4,27.0,2019-10-25 19:15:37,围网
11736,30.62125,125.10155555555555,3.5,27.0,2019-10-25 19:25:37,围网
11736,30.629972222222232,125.10519444444445,3.2,19.0,2019-10-25 19:35:37,围网
11736,30.638972222222232,125.10786111111106,3.5,27.0,2019-10-25 19:45:37,围网
11736,30.647527777777785,125.11208333333332,3.0,19.0,2019-10-25 19:55:37,围网
11736,30.65286111111111,125.1165,1.3,74.0,2019-10-25 20:05:37,围网
11736,30.65388888888889,125.12061111111113,1.5,58.0,2019-10-25 20:15:37,围网
11736,30.65419444444445,125.12305555555555,0.7,85.0,2019-10-25 20:25:37,围网
11736,30.657138888888888,125.12613888888887,3.2,72.0,2019-10-25 20:35:37,围网
11736,30.66033333333333,125.13844444444445,3.7,83.0,2019-10-25 20:45:37,围网
11736,30.66,125.14919444444445,3.1,96.0,2019-10-25 20:55:37,围网
11736,30.65947222222222,125.16005555555556,3.5,90.0,2019-10-25 21:05:37,围网
11736,30.65747222222221,125.17075,3.3,109.0,2019-10-25 21:15:37,围网
11736,30.655,125.18211111111113,3.3,112.0,2019-10-25 21:25:37,围网
11736,30.65208333333333,125.19186111111112,3.3,112.0,2019-10-25 21:35:37,围网
11736,30.64830555555556,125.20194444444445,3.1,121.0,2019-10-25 21:45:36,围网
11736,30.644055555555553,125.21172222222224,3.3,112.0,2019-10-25 21:55:36,围网
11736,30.640166666666666,125.22077777777778,3.1,123.0,2019-10-25 22:05:36,围网
11736,30.635222222222207,125.22925,3.1,134.0,2019-10-25 22:15:37,围网
11736,30.62913888888889,125.23716666666668,3.1,130.0,2019-10-25 22:25:37,围网
11736,30.62286111111111,125.245,3.5,128.0,2019-10-25 22:35:37,围网
11736,30.615666666666666,125.25188888888887,2.9,139.0,2019-10-25 22:45:37,围网
11736,30.608638888888887,125.25886111111107,3.4,133.0,2019-10-25 22:55:37,围网
11736,30.60158333333333,125.26580555555556,3.3,139.0,2019-10-25 23:05:37,围网
11736,30.593888888888888,125.27247222222222,3.6,150.0,2019-10-25 23:15:37,围网
11736,30.586388888888887,125.27838888888893,3.3,144.0,2019-10-25 23:25:37,围网
11736,30.578416666666666,125.28394444444444,3.2,150.0,2019-10-25 23:35:37,围网
11736,30.57844444444445,125.28488888888887,1.4,162.0,2019-10-25 23:45:37,围网
11736,30.574222222222208,125.291,2.3,115.0,2019-10-25 23:55:37,围网
11736,30.57608333333333,125.28188888888887,4.4,285.0,2019-10-26 00:05:37,围网
11736,30.57008333333333,125.27533333333334,6.2,167.0,2019-10-26 00:15:37,围网
11736,30.56013888888889,125.27769444444445,3.0,181.0,2019-10-26 00:25:37,围网
11736,30.550555555555555,125.2794722222222,2.9,165.0,2019-10-26 00:35:37,围网
11736,30.540944444444445,125.28086111111112,3.1,175.0,2019-10-26 00:45:37,围网
11736,30.53125,125.28169444444444,3.5,168.0,2019-10-26 00:55:37,围网
11736,30.521666666666665,125.28163888888888,3.5,174.0,2019-10-26 01:05:37,围网
11736,30.511944444444445,125.28175,3.3,177.0,2019-10-26 01:15:37,围网
11736,30.50258333333333,125.27963888888887,3.2,211.0,2019-10-26 01:25:37,围网
11736,30.495666666666665,125.27238888888893,3.3,226.0,2019-10-26 01:35:37,围网
11736,30.489722222222234,125.26361111111113,3.5,226.0,2019-10-26 01:45:36,围网
11736,30.48425,125.25577777777778,3.9,213.0,2019-10-26 01:55:36,围网
11736,30.47783333333333,125.24827777777777,1.8,161.0,2019-10-26 02:05:36,围网
11736,30.4735,125.24861111111113,3.9,176.0,2019-10-26 02:15:36,围网
11736,30.472222222222207,125.26072222222223,6.2,80.0,2019-10-26 02:25:36,围网
11736,30.47586111111111,125.27972222222222,6.2,79.0,2019-10-26 02:35:37,围网
11736,30.47636111111111,125.30011111111112,6.3,83.0,2019-10-26 02:45:37,围网
11736,30.47786111111111,125.31980555555555,6.0,83.0,2019-10-26 02:55:37,围网
11736,30.48011111111111,125.33916666666666,5.8,83.0,2019-10-26 03:05:37,围网
11736,30.48225,125.3582222222222,6.4,84.0,2019-10-26 03:15:37,围网
11736,30.48475,125.37719444444444,5.7,86.0,2019-10-26 03:25:37,围网
11736,30.48783333333333,125.39583333333334,6.8,90.0,2019-10-26 03:35:37,围网
11736,30.491277777777785,125.4140277777778,6.2,85.0,2019-10-26 03:45:37,围网
11736,30.494083333333336,125.4335,5.9,87.0,2019-10-26 03:55:37,围网
11736,30.49741666666667,125.45052777777778,5.9,81.0,2019-10-26 04:05:37,围网
11736,30.50038888888889,125.469,5.7,78.0,2019-10-26 04:15:37,围网
11736,30.50563888888889,125.4865,6.2,81.0,2019-10-26 04:25:37,围网
11736,30.508111111111113,125.5049722222222,5.9,79.0,2019-10-26 04:35:37,围网
11736,30.509694444444445,125.52355555555555,6.0,84.0,2019-10-26 04:45:37,围网
11736,30.511333333333337,125.54233333333332,5.9,82.0,2019-10-26 04:55:37,围网
11736,30.51163888888889,125.56147222222219,6.0,82.0,2019-10-26 05:05:37,围网
11736,30.511722222222208,125.58047222222223,5.9,89.0,2019-10-26 05:15:37,围网
11736,30.51244444444445,125.5992222222222,6.2,87.0,2019-10-26 05:25:37,围网
11736,30.51327777777778,125.61875,6.9,77.0,2019-10-26 05:35:37,围网
11736,30.51394444444445,125.63886111111113,7.4,107.0,2019-10-26 05:45:36,围网
11736,30.51369444444445,125.65919444444445,7.1,89.0,2019-10-26 05:55:36,围网
11736,30.51444444444445,125.68083333333334,6.1,88.0,2019-10-26 06:05:36,围网
11736,30.514833333333332,125.70011111111113,6.4,86.0,2019-10-26 06:15:36,围网
11736,30.51469444444445,125.72066666666667,6.2,88.0,2019-10-26 06:25:36,围网
11736,30.514611111111112,125.74091666666666,6.0,101.0,2019-10-26 06:35:36,围网
11736,30.514944444444453,125.76102777777778,5.9,100.0,2019-10-26 06:45:36,围网
11736,30.51355555555556,125.78055555555555,6.1,93.0,2019-10-26 06:55:37,围网
11736,30.512694444444445,125.80038888888888,6.1,84.0,2019-10-26 07:05:37,围网
11736,30.5145,125.815,3.6,66.0,2019-10-26 07:15:37,围网
11736,30.518694444444442,125.82436111111107,3.1,46.0,2019-10-26 07:25:37,围网
11736,30.52344444444445,125.8335,3.7,56.0,2019-10-26 07:35:37,围网
11736,30.53013888888889,125.84069444444445,3.6,57.0,2019-10-26 07:45:37,围网
11736,30.53791666666667,125.84680555555555,3.3,33.0,2019-10-26 07:55:37,围网
11736,30.545777777777786,125.853,3.9,43.0,2019-10-26 08:05:37,围网
11736,30.554111111111112,125.85955555555556,3.9,36.0,2019-10-26 08:15:37,围网
11736,30.56191666666667,125.86475,3.5,32.0,2019-10-26 08:25:37,围网
11736,30.56966666666667,125.87080555555555,3.6,21.0,2019-10-26 08:35:37,围网
11736,30.57741666666667,125.87722222222222,3.5,35.0,2019-10-26 08:45:37,围网
11736,30.58238888888889,125.8865,3.7,86.0,2019-10-26 08:55:37,围网
11736,30.58138888888889,125.89780555555555,3.7,93.0,2019-10-26 09:05:37,围网
11736,30.57716666666667,125.92025,3.8,80.0,2019-10-26 09:25:37,围网
11736,30.57694444444445,125.93166666666669,3.5,76.0,2019-10-26 09:35:37,围网
11736,30.57641666666667,125.94275,3.3,110.0,2019-10-26 09:45:36,围网
11736,30.57577777777778,125.95386111111112,3.8,104.0,2019-10-26 09:55:36,围网
11736,30.57375,125.96477777777778,3.6,112.0,2019-10-26 10:05:36,围网
11736,30.57038888888889,125.97511111111113,4.0,142.0,2019-10-26 10:15:36,围网
11736,30.567972222222235,125.9784722222222,2.2,129.0,2019-10-26 10:25:36,围网
11736,30.568027777777786,125.98308333333333,2.5,354.0,2019-10-26 10:35:36,围网
11736,30.56716666666667,125.99486111111106,3.6,130.0,2019-10-26 10:45:36,围网
11736,30.55533333333333,126.01288888888888,3.4,134.0,2019-10-26 11:05:36,围网
11736,30.547694444444453,126.02,3.7,123.0,2019-10-26 11:15:36,围网
11736,30.540555555555557,126.02758333333334,3.2,144.0,2019-10-26 11:25:37,围网
11736,30.5325,126.03386111111112,4.0,135.0,2019-10-26 11:35:37,围网
11736,30.52363888888889,126.03869444444445,3.9,142.0,2019-10-26 11:45:37,围网
11736,30.51452777777777,126.04230555555556,3.6,164.0,2019-10-26 11:55:37,围网
11736,30.505388888888888,126.04655555555556,3.8,162.0,2019-10-26 12:05:37,围网
11736,30.496222222222233,126.05080555555556,3.8,147.0,2019-10-26 12:15:37,围网
11736,30.487277777777766,126.05525,3.3,154.0,2019-10-26 12:25:37,围网
11736,30.47758333333333,126.05913888888887,3.9,157.0,2019-10-26 12:35:37,围网
11736,30.469,126.06227777777778,3.3,173.0,2019-10-26 12:45:37,围网
11736,30.459416666666666,126.06505555555556,3.5,170.0,2019-10-26 12:55:37,围网
11736,30.44969444444445,126.06697222222222,3.5,181.0,2019-10-26 13:05:37,围网
11736,30.440277777777766,126.07,3.2,167.0,2019-10-26 13:15:37,围网
11736,30.430833333333336,126.07247222222222,3.8,158.0,2019-10-26 13:25:37,围网
11736,30.42141666666667,126.07475,3.6,158.0,2019-10-26 13:35:37,围网
11736,30.41494444444445,126.07597222222222,0.3,0.0,2019-10-26 13:45:36,围网
11736,30.409805555555554,126.07644444444445,1.5,161.0,2019-10-26 13:55:36,围网
11736,30.40697222222222,126.07805555555555,2.0,345.0,2019-10-26 14:05:36,围网
11736,30.40163888888889,126.07972222222222,5.7,162.0,2019-10-26 14:15:36,围网
11736,30.391055555555557,126.08136111111112,3.8,165.0,2019-10-26 14:25:36,围网
11736,30.381638888888887,126.0810277777778,3.7,181.0,2019-10-26 14:35:36,围网
11736,30.37175,126.08033333333334,3.7,193.0,2019-10-26 14:45:36,围网
11736,30.36288888888889,126.07880555555555,2.6,189.0,2019-10-26 14:55:36,围网
11736,30.353638888888888,126.07577777777777,3.8,189.0,2019-10-26 15:05:36,围网
11736,30.34422222222221,126.07302777777777,3.4,188.0,2019-10-26 15:15:36,围网
11736,30.335305555555554,126.06877777777778,3.9,181.0,2019-10-26 15:25:36,围网
11736,30.326694444444453,126.06388888888887,3.3,197.0,2019-10-26 15:35:36,围网
11736,30.31844444444444,126.05852777777778,3.8,209.0,2019-10-26 15:45:37,围网
11736,30.31016666666667,126.05355555555555,3.8,196.0,2019-10-26 15:55:37,围网
11736,30.30177777777777,126.04908333333331,3.9,184.0,2019-10-26 16:05:37,围网
11736,30.293250000000004,126.04544444444444,2.8,206.0,2019-10-26 16:15:37,围网
11736,30.28511111111111,126.04047222222222,3.6,191.0,2019-10-26 16:25:37,围网
11736,30.277,126.03588888888888,2.9,211.0,2019-10-26 16:35:37,围网
11736,30.26908333333333,126.02977777777778,2.4,220.0,2019-10-26 16:45:37,围网
11736,30.26475,126.02544444444445,1.4,337.0,2019-10-26 16:55:37,围网
11736,30.26175,126.02497222222222,3.6,149.0,2019-10-26 17:05:37,围网
11736,30.25413888888889,126.01888888888887,2.9,265.0,2019-10-26 17:15:37,围网
11736,30.25525,125.99638888888887,2.7,257.0,2019-10-26 17:35:37,围网
11736,30.25577777777778,125.98544444444444,3.4,269.0,2019-10-26 17:45:36,围网
11736,30.256472222222207,125.97475,3.5,257.0,2019-10-26 17:55:36,围网
11736,30.256527777777766,125.964,3.6,267.0,2019-10-26 18:05:36,围网
11736,30.257277777777766,125.95344444444444,3.4,287.0,2019-10-26 18:15:36,围网
11736,30.25869444444445,125.94325,3.3,277.0,2019-10-26 18:25:36,围网
11736,30.26072222222221,125.93313888888888,3.3,285.0,2019-10-26 18:35:36,围网
11736,30.26227777777777,125.92283333333334,3.4,283.0,2019-10-26 18:45:36,围网
11736,30.26466666666667,125.91294444444445,3.0,274.0,2019-10-26 18:55:36,围网
11736,30.268611111111113,125.90269444444445,3.2,302.0,2019-10-26 19:05:36,围网
11736,30.272444444444453,125.89380555555556,3.5,313.0,2019-10-26 19:15:36,围网
11736,30.2775,125.88513888888887,3.5,300.0,2019-10-26 19:25:36,围网
11736,30.284222222222233,125.8784722222222,3.1,330.0,2019-10-26 19:35:36,围网
11736,30.29347222222223,125.87663888888888,3.5,9.0,2019-10-26 19:45:36,围网
11736,30.3025,125.87925,3.5,18.0,2019-10-26 19:55:36,围网
11736,30.30938888888889,125.8865277777778,4.0,63.0,2019-10-26 20:05:37,围网
11736,30.31486111111111,125.89494444444445,3.3,50.0,2019-10-26 20:15:37,围网
11736,30.316722222222207,125.89958333333334,1.7,73.0,2019-10-26 20:25:37,围网
11736,30.316861111111113,125.90463888888893,1.3,72.0,2019-10-26 20:35:37,围网
11736,30.30477777777779,125.90066666666668,5.5,191.0,2019-10-26 20:45:37,围网
11736,30.29036111111111,125.8960277777778,5.0,200.0,2019-10-26 20:55:37,围网
11736,30.275527777777786,125.89416666666668,5.9,172.0,2019-10-26 21:05:37,围网
11736,30.260305555555554,125.8895,5.7,201.0,2019-10-26 21:15:37,围网
11736,30.25525,125.89830555555555,3.8,83.0,2019-10-26 21:25:37,围网
11736,30.25425,125.90905555555555,3.5,103.0,2019-10-26 21:35:36,围网
11736,30.25319444444445,125.91991666666668,3.4,83.0,2019-10-26 21:45:36,围网
11736,30.25258333333333,125.93061111111112,3.9,111.0,2019-10-26 21:55:36,围网
11736,30.24983333333333,125.94069444444445,3.6,84.0,2019-10-26 22:05:36,围网
11736,30.24691666666667,125.95083333333334,3.5,106.0,2019-10-26 22:15:36,围网
11736,30.24433333333333,125.96119444444444,4.1,97.0,2019-10-26 22:25:36,围网
11736,30.240861111111112,125.97133333333332,3.7,107.0,2019-10-26 22:35:36,围网
11736,30.23719444444445,125.9812777777778,3.5,126.0,2019-10-26 22:45:36,围网
11736,30.23305555555556,125.99108333333332,3.1,108.0,2019-10-26 22:55:36,围网
11736,30.228527777777767,126.00063888888887,4.0,127.0,2019-10-26 23:05:36,围网
11736,30.223666666666666,126.01013888888887,3.3,126.0,2019-10-26 23:15:36,围网
11736,30.21844444444444,126.02011111111106,3.6,124.0,2019-10-26 23:25:36,围网
11736,30.21347222222222,126.02883333333332,2.9,129.0,2019-10-26 23:35:36,围网
11736,30.207722222222234,126.03758333333332,3.3,130.0,2019-10-26 23:45:36,围网
11736,30.20202777777777,126.04597222222222,3.8,152.0,2019-10-26 23:55:36,围网
11736,30.19619444444445,126.05425,3.2,124.0,2019-10-27 00:05:36,围网
11736,30.189055555555555,126.06075,3.3,138.0,2019-10-27 00:15:36,围网
11736,30.182055555555557,126.06744444444445,3.7,132.0,2019-10-27 00:25:37,围网
11736,30.17475,126.07427777777777,3.3,140.0,2019-10-27 00:35:37,围网
11736,30.16938888888889,126.07875,1.0,0.0,2019-10-27 00:45:37,围网
11736,30.16469444444445,126.082,1.3,0.0,2019-10-27 00:55:37,围网
11736,30.170361111111113,126.07891666666666,3.9,337.0,2019-10-27 01:05:37,围网
11736,30.177027777777766,126.07480555555556,5.8,113.0,2019-10-27 01:15:37,围网
11736,30.172027777777767,126.08577777777776,4.2,141.0,2019-10-27 01:25:37,围网
11736,30.16375,126.0924722222222,3.5,142.0,2019-10-27 01:35:36,围网
11736,30.155999999999995,126.09713888888888,2.7,158.0,2019-10-27 01:45:36,围网
11736,30.14775,126.10177777777777,3.6,155.0,2019-10-27 01:55:36,围网
11736,30.13922222222222,126.10644444444445,3.4,147.0,2019-10-27 02:05:36,围网
11736,30.130027777777766,126.10922222222223,3.2,163.0,2019-10-27 02:15:36,围网
11736,30.12075,126.11086111111106,3.4,185.0,2019-10-27 02:25:36,围网
11736,30.11138888888889,126.11152777777777,2.7,189.0,2019-10-27 02:35:36,围网
11736,30.10216666666667,126.11080555555556,3.1,185.0,2019-10-27 02:45:36,围网
11736,30.093277777777786,126.10791666666664,3.8,218.0,2019-10-27 02:55:36,围网
11736,30.085694444444442,126.10125,4.2,213.0,2019-10-27 03:05:36,围网
11736,30.081111111111113,126.09205555555555,3.9,235.0,2019-10-27 03:15:36,围网
11736,30.07875,126.08180555555555,3.7,250.0,2019-10-27 03:25:36,围网
11736,30.07800000000001,126.07130555555555,3.3,253.0,2019-10-27 03:35:36,围网
11736,30.07713888888889,126.06008333333334,3.4,253.0,2019-10-27 03:45:36,围网
11736,30.07641666666667,126.05,3.3,259.0,2019-10-27 03:55:36,围网
11736,30.076638888888887,126.03927777777777,3.1,286.0,2019-10-27 04:05:36,围网
11736,30.077222222222233,126.02838888888893,3.6,278.0,2019-10-27 04:15:36,围网
11736,30.078777777777766,126.01775,3.5,274.0,2019-10-27 04:25:36,围网
11736,30.081166666666665,126.00713888888887,3.5,281.0,2019-10-27 04:35:36,围网
11736,30.08361111111111,125.99677777777778,3.5,280.0,2019-10-27 04:45:37,围网
11736,30.08327777777778,125.99172222222224,1.8,245.0,2019-10-27 04:55:37,围网
11736,30.080444444444442,125.98791666666666,2.1,56.0,2019-10-27 05:05:37,围网
11736,30.09347222222221,125.98997222222219,5.2,11.0,2019-10-27 05:15:37,围网
11736,30.10777777777778,125.99397222222223,6.6,18.0,2019-10-27 05:25:37,围网
11736,30.12163888888889,125.9975,4.7,13.0,2019-10-27 05:35:36,围网
11736,30.131888888888888,125.9975277777778,2.8,9.0,2019-10-27 05:45:36,围网
11736,30.142194444444453,125.99633333333333,3.7,329.0,2019-10-27 05:55:36,围网
11736,30.14875,125.98830555555556,3.7,293.0,2019-10-27 06:05:36,围网
11736,30.154055555555548,125.97925,2.9,311.0,2019-10-27 06:15:36,围网
11736,30.158638888888888,125.96980555555555,3.6,292.0,2019-10-27 06:25:36,围网
11736,30.164055555555553,125.96111111111112,3.6,301.0,2019-10-27 06:35:36,围网
11736,30.16911111111111,125.95225,3.2,293.0,2019-10-27 06:45:36,围网
11736,30.17447222222223,125.94338888888893,3.6,302.0,2019-10-27 06:55:36,围网
11736,30.17852777777778,125.93386111111113,3.2,297.0,2019-10-27 07:05:36,围网
11736,30.18330555555556,125.92486111111113,3.5,308.0,2019-10-27 07:15:36,围网
11736,30.189027777777767,125.91630555555555,3.4,294.0,2019-10-27 07:25:36,围网
11736,30.194472222222235,125.90772222222222,3.3,308.0,2019-10-27 07:35:36,围网
11736,30.2,125.89933333333336,2.8,297.0,2019-10-27 07:45:36,围网
11736,30.206166666666665,125.89155555555556,3.3,323.0,2019-10-27 07:55:36,围网
11736,30.212944444444442,125.88377777777781,3.1,334.0,2019-10-27 08:05:36,围网
11736,30.219277777777766,125.87741666666666,2.8,321.0,2019-10-27 08:15:36,围网
11736,30.22558333333333,125.87058333333331,3.4,314.0,2019-10-27 08:25:36,围网
11736,30.232722222222232,125.86483333333332,2.9,319.0,2019-10-27 08:35:36,围网
11736,30.23458333333333,125.86286111111107,0.9,245.0,2019-10-27 08:45:36,围网
11736,30.23433333333333,125.86486111111107,0.8,38.0,2019-10-27 08:55:36,围网
11736,30.240527777777785,125.87241666666668,3.5,50.0,2019-10-27 09:05:37,围网
11736,30.245666666666665,125.88166666666666,3.5,65.0,2019-10-27 09:15:37,围网
11736,30.249305555555555,125.8917777777778,3.6,86.0,2019-10-27 09:25:37,围网
11736,30.25261111111111,125.90183333333334,3.2,69.0,2019-10-27 09:35:36,围网
11736,30.25408333333333,125.91236111111112,3.4,99.0,2019-10-27 09:45:36,围网
11736,30.25597222222222,125.92288888888888,3.3,74.0,2019-10-27 09:55:36,围网
11736,30.25725,125.93352777777778,3.1,97.0,2019-10-27 10:05:36,围网
11736,30.25597222222222,125.94497222222222,3.5,94.0,2019-10-27 10:15:36,围网
11736,30.25113888888889,125.9545,4.5,113.0,2019-10-27 10:25:36,围网
11736,30.245,125.96419444444444,3.6,104.0,2019-10-27 10:35:36,围网
11736,30.240388888888887,125.98583333333332,3.7,108.0,2019-10-27 10:55:36,围网
11736,30.23791666666667,125.99655555555556,3.3,115.0,2019-10-27 11:05:36,围网
11736,30.233611111111113,126.00647222222223,4.1,106.0,2019-10-27 11:15:36,围网
11736,30.229055555555547,126.01630555555555,3.6,104.0,2019-10-27 11:25:36,围网
11736,30.22486111111111,126.02622222222222,3.7,126.0,2019-10-27 11:35:36,围网
11736,30.219638888888888,126.03563888888887,4.3,118.0,2019-10-27 11:45:36,围网
11736,30.214444444444442,126.0450277777778,4.4,121.0,2019-10-27 11:55:36,围网
11736,30.210666666666665,126.05063888888887,1.8,138.0,2019-10-27 12:05:36,围网
11736,30.20697222222222,126.05630555555555,4.9,40.0,2019-10-27 12:15:36,围网
11736,30.2145,126.04366666666668,3.2,330.0,2019-10-27 12:25:36,围网
11736,30.21080555555556,126.05613888888887,4.6,133.0,2019-10-27 12:35:36,围网
11736,30.205916666666663,126.066,3.8,129.0,2019-10-27 12:45:36,围网
11736,30.200555555555553,126.07538888888888,3.8,127.0,2019-10-27 12:55:36,围网
11736,30.194305555555548,126.08411111111107,3.3,120.0,2019-10-27 13:05:36,围网
11736,30.187666666666665,126.09222222222222,3.5,126.0,2019-10-27 13:15:36,围网
11736,30.180055555555555,126.09897222222222,3.2,144.0,2019-10-27 13:25:36,围网
11736,30.17244444444445,126.10533333333332,3.6,130.0,2019-10-27 13:35:36,围网
11736,30.16544444444445,126.11333333333332,3.5,135.0,2019-10-27 13:45:36,围网
11736,30.159000000000002,126.12058333333331,3.1,134.0,2019-10-27 13:55:36,围网
11736,30.150777777777765,126.126,3.2,148.0,2019-10-27 14:05:36,围网
11736,30.14175,126.12938888888887,3.5,176.0,2019-10-27 14:15:36,围网
11736,30.132472222222226,126.13058333333332,3.4,174.0,2019-10-27 14:25:36,围网
11736,30.122805555555555,126.12919444444445,3.2,182.0,2019-10-27 14:35:36,围网
11736,30.11416666666667,126.12769444444444,3.4,192.0,2019-10-27 14:45:36,围网
11736,30.105583333333332,126.12411111111106,3.2,223.0,2019-10-27 14:55:36,围网
11736,30.098277777777767,126.11777777777776,3.4,209.0,2019-10-27 15:05:36,围网
11736,30.09533333333333,126.11708333333333,2.3,176.0,2019-10-27 15:15:36,围网
11736,30.095166666666664,126.11477777777776,5.2,355.0,2019-10-27 15:25:36,围网
11736,30.11047222222223,126.11180555555555,5.4,351.0,2019-10-27 15:35:36,围网
11736,30.12211111111111,126.10494444444444,4.2,299.0,2019-10-27 15:45:36,围网
11736,30.12641666666667,126.09522222222222,3.2,295.0,2019-10-27 15:55:36,围网
11736,30.13036111111111,126.08536111111113,3.3,288.0,2019-10-27 16:05:36,围网
11736,30.132972222222232,126.0749722222222,3.7,266.0,2019-10-27 16:15:36,围网
11736,30.13511111111111,126.0642777777778,3.4,283.0,2019-10-27 16:25:36,围网
11736,30.137305555555553,126.05341666666666,3.3,287.0,2019-10-27 16:35:36,围网
11736,30.139555555555553,126.04213888888887,3.5,284.0,2019-10-27 16:45:36,围网
11736,30.14158333333333,126.03216666666668,3.6,280.0,2019-10-27 16:55:36,围网
11736,30.14372222222222,126.02158333333334,3.3,284.0,2019-10-27 17:05:36,围网
11736,30.144000000000002,126.01030555555555,3.8,262.0,2019-10-27 17:15:35,围网
11736,30.145666666666664,125.99913888888888,3.5,290.0,2019-10-27 17:25:35,围网
11736,30.149361111111112,125.98908333333334,3.5,305.0,2019-10-27 17:35:35,围网
11736,30.154,125.97969444444445,3.2,302.0,2019-10-27 17:45:35,围网
11736,30.15811111111111,125.97005555555555,3.6,290.0,2019-10-27 17:55:36,围网
11736,30.162027777777766,125.96022222222223,3.3,302.0,2019-10-27 18:05:36,围网
11736,30.166555555555554,125.95072222222224,3.4,297.0,2019-10-27 18:15:36,围网
11736,30.17088888888889,125.94113888888887,3.1,288.0,2019-10-27 18:25:36,围网
11736,30.175305555555557,125.93183333333334,3.4,295.0,2019-10-27 18:35:36,围网
11736,30.17972222222223,125.92247222222224,3.2,298.0,2019-10-27 18:45:36,围网
11736,30.18338888888889,125.91505555555555,1.4,197.0,2019-10-27 18:55:36,围网
11736,30.183083333333336,125.91127777777778,0.3,251.0,2019-10-27 19:05:36,围网
11736,30.18216666666667,125.9225,5.1,47.0,2019-10-27 19:15:36,围网
11736,30.189416666666666,125.91258333333334,3.4,311.0,2019-10-27 19:25:36,围网
11736,30.194972222222226,125.90383333333334,3.4,305.0,2019-10-27 19:35:36,围网
11736,30.201027777777767,125.89566666666668,3.5,318.0,2019-10-27 19:45:36,围网
11736,30.207666666666665,125.88816666666668,3.4,317.0,2019-10-27 19:55:36,围网
11736,30.21425,125.88105555555555,3.3,320.0,2019-10-27 20:05:36,围网
11736,30.22144444444445,125.8745,3.3,325.0,2019-10-27 20:15:36,围网
11736,30.22855555555555,125.86794444444445,3.2,327.0,2019-10-27 20:25:36,围网
11736,30.23622222222221,125.86219444444444,3.1,328.0,2019-10-27 20:35:36,围网
11736,30.24416666666667,125.85708333333332,3.2,336.0,2019-10-27 20:45:36,围网
11736,30.252,125.85208333333333,3.2,333.0,2019-10-27 20:55:36,围网
11736,30.26163888888889,125.85011111111106,3.2,349.0,2019-10-27 21:05:36,围网
11736,30.269527777777768,125.84711111111113,2.9,337.0,2019-10-27 21:15:35,围网
11736,30.278166666666664,125.84533333333331,3.4,6.0,2019-10-27 21:25:35,围网
11736,30.28694444444445,125.849,3.2,28.0,2019-10-27 21:35:35,围网
11736,30.29416666666667,125.85602777777777,3.3,45.0,2019-10-27 21:45:35,围网
11736,30.30022222222223,125.86438888888887,3.2,50.0,2019-10-27 21:55:35,围网
11736,30.30530555555556,125.87297222222222,1.9,58.0,2019-10-27 22:05:36,围网
11736,30.306277777777765,125.87675,2.1,75.0,2019-10-27 22:15:36,围网
11736,30.30269444444445,125.87538888888888,5.6,231.0,2019-10-27 22:25:36,围网
11736,30.293833333333332,125.86261111111112,5.0,234.0,2019-10-27 22:35:36,围网
11736,30.29091666666667,125.84708333333332,5.0,250.0,2019-10-27 22:45:36,围网
11736,30.28591666666667,125.8352777777778,5.0,127.0,2019-10-27 22:55:36,围网
11736,30.278861111111112,125.84438888888887,3.3,132.0,2019-10-27 23:05:36,围网
11736,30.272055555555553,125.85294444444445,3.4,144.0,2019-10-27 23:15:36,围网
11736,30.267194444444453,125.86180555555555,3.7,106.0,2019-10-27 23:25:36,围网
11736,30.26319444444445,125.8719722222222,3.6,132.0,2019-10-27 23:35:36,围网
11736,30.257972222222232,125.88122222222222,3.6,130.0,2019-10-27 23:45:36,围网
11736,30.25244444444445,125.89047222222223,3.3,125.0,2019-10-27 23:55:36,围网
11736,30.24675,125.89961111111113,3.4,121.0,2019-10-28 00:05:36,围网
11736,30.241555555555554,125.90913888888888,3.4,119.0,2019-10-28 00:15:36,围网
11736,30.23644444444445,125.91886111111113,3.1,114.0,2019-10-28 00:25:36,围网
11736,30.2295,125.92666666666668,3.5,148.0,2019-10-28 00:35:36,围网
11736,30.22144444444445,125.93258333333334,3.9,147.0,2019-10-28 00:45:36,围网
11736,30.21322222222221,125.93805555555555,3.3,151.0,2019-10-28 00:55:36,围网
11736,30.20513888888889,125.94388888888888,3.3,147.0,2019-10-28 01:05:36,围网
11736,30.19688888888889,125.94994444444444,4.1,157.0,2019-10-28 01:15:35,围网
11736,30.18783333333333,125.95502777777777,3.4,157.0,2019-10-28 01:25:35,围网
11736,30.179388888888887,125.95783333333334,3.2,157.0,2019-10-28 01:35:35,围网
11736,30.17025000000001,125.96113888888887,3.6,152.0,2019-10-28 01:45:35,围网
11736,30.161388888888887,125.96555555555555,3.2,137.0,2019-10-28 01:55:35,围网
11736,30.15466666666667,125.973,3.2,123.0,2019-10-28 02:05:35,围网
11736,30.149472222222233,125.98166666666668,3.4,133.0,2019-10-28 02:15:35,围网
11736,30.143583333333336,125.98958333333331,3.0,135.0,2019-10-28 02:25:35,围网
11736,30.136972222222226,125.99683333333334,3.2,147.0,2019-10-28 02:35:36,围网
11736,30.130222222222233,126.00391666666668,3.3,137.0,2019-10-28 02:45:36,围网
11736,30.122722222222233,126.01002777777781,3.8,149.0,2019-10-28 02:55:36,围网
11736,30.117305555555554,126.01258333333334,1.3,0.0,2019-10-28 03:05:36,围网
11736,30.112527777777785,126.01277777777777,2.2,160.0,2019-10-28 03:15:36,围网
11736,30.11930555555556,126.02258333333332,5.2,61.0,2019-10-28 03:25:36,围网
11736,30.130527777777786,126.03580555555556,5.5,43.0,2019-10-28 03:35:36,围网
11736,30.140416666666663,126.04866666666668,5.6,43.0,2019-10-28 03:45:36,围网
11736,30.14611111111111,126.04658333333332,4.6,283.0,2019-10-28 03:55:36,围网
11736,30.14638888888889,126.03558333333332,3.2,275.0,2019-10-28 04:05:36,围网
11736,30.146777777777768,126.02466666666666,3.4,265.0,2019-10-28 04:15:36,围网
11736,30.147388888888887,126.01388888888887,3.5,266.0,2019-10-28 04:25:36,围网
11736,30.148111111111113,126.00305555555555,3.4,281.0,2019-10-28 04:35:36,围网
11736,30.149527777777767,125.99219444444445,3.2,294.0,2019-10-28 04:45:36,围网
11736,30.152277777777766,125.98180555555555,3.5,293.0,2019-10-28 04:55:36,围网
11736,30.15561111111111,125.97183333333334,3.4,296.0,2019-10-28 05:05:36,围网
11736,30.15991666666667,125.96236111111112,3.3,306.0,2019-10-28 05:15:35,围网
11736,30.16461111111111,125.95313888888893,3.3,302.0,2019-10-28 05:25:35,围网
11736,30.16911111111111,125.94361111111112,3.6,292.0,2019-10-28 05:35:35,围网
11736,30.174166666666668,125.93344444444445,3.6,298.0,2019-10-28 05:45:35,围网
11736,30.18363888888889,125.91469444444445,3.3,308.0,2019-10-28 06:05:35,围网
11736,30.188527777777786,125.90580555555556,3.6,300.0,2019-10-28 06:15:35,围网
11736,30.193388888888887,125.89627777777778,3.3,306.0,2019-10-28 06:25:35,围网
11736,30.19913888888889,125.8873888888889,3.0,314.0,2019-10-28 06:35:35,围网
11736,30.2055,125.87905555555555,3.1,310.0,2019-10-28 06:45:35,围网
11736,30.21172222222221,125.8705,3.6,313.0,2019-10-28 06:55:36,围网
11736,30.21469444444445,125.86502777777777,0.3,0.0,2019-10-28 07:05:36,围网
11736,30.21572222222222,125.85866666666666,1.0,266.0,2019-10-28 07:15:36,围网
11736,30.217194444444445,125.86108333333333,6.2,302.0,2019-10-28 07:25:36,围网
11736,30.2235,125.85055555555556,3.4,299.0,2019-10-28 07:35:36,围网
11736,30.22825,125.84102777777777,3.5,296.0,2019-10-28 07:45:36,围网
11736,30.232555555555553,125.83066666666666,3.5,296.0,2019-10-28 07:55:36,围网
11736,30.23697222222223,125.82183333333332,3.5,308.0,2019-10-28 08:05:36,围网
11736,30.24169444444445,125.8125,3.2,299.0,2019-10-28 08:15:36,围网
11736,30.247,125.80358333333332,3.1,303.0,2019-10-28 08:25:36,围网
11736,30.25244444444445,125.7949722222222,3.5,315.0,2019-10-28 08:35:36,围网
11736,30.25788888888889,125.78613888888887,3.4,305.0,2019-10-28 08:45:36,围网
11736,30.2635,125.77761111111113,3.5,312.0,2019-10-28 08:55:36,围网
11736,30.27761111111111,125.76355555555556,3.4,334.0,2019-10-28 09:15:35,围网
11736,30.28605555555556,125.75866666666668,3.1,333.0,2019-10-28 09:25:35,围网
11736,30.29441666666667,125.75425,3.0,340.0,2019-10-28 09:35:35,围网
11736,30.31175,125.7474722222222,2.7,347.0,2019-10-28 09:55:35,围网
11736,30.321666666666665,125.74763888888887,3.7,12.0,2019-10-28 10:05:35,围网
11736,30.33033333333333,125.7495,3.1,13.0,2019-10-28 10:15:35,围网
11736,30.33925,125.75266666666668,3.3,23.0,2019-10-28 10:25:35,围网
11736,30.345,125.75580555555555,0.6,160.0,2019-10-28 10:35:35,围网
11736,30.348111111111113,125.75575,0.3,0.0,2019-10-28 10:45:35,围网
11736,30.33575,125.74641666666666,5.5,175.0,2019-10-28 10:55:35,围网
11736,30.328138888888887,125.75522222222222,3.4,124.0,2019-10-28 11:05:35,围网
11736,30.32416666666667,125.76541666666668,3.8,116.0,2019-10-28 11:15:36,围网
11736,30.321222222222207,125.7764722222222,3.6,105.0,2019-10-28 11:25:36,围网
11736,30.318666666666665,125.78736111111112,3.5,100.0,2019-10-28 11:35:36,围网
11736,30.316944444444445,125.79863888888887,3.7,96.0,2019-10-28 11:45:36,围网
11736,30.316472222222234,125.8099722222222,3.5,86.0,2019-10-28 11:55:36,围网
11736,30.317666666666664,125.82119444444444,3.7,90.0,2019-10-28 12:05:36,围网
11736,30.3185,125.833,3.5,85.0,2019-10-28 12:15:36,围网
11736,30.31416666666667,125.85391666666666,3.5,134.0,2019-10-28 12:35:36,围网
11736,30.30988888888889,125.86263888888887,2.9,114.0,2019-10-28 12:45:36,围网
11736,30.30694444444445,125.87136111111107,2.8,114.0,2019-10-28 12:55:36,围网
11736,30.30455555555556,125.88125,3.2,103.0,2019-10-28 13:05:35,围网
11736,30.30263888888889,125.89136111111112,3.4,102.0,2019-10-28 13:15:35,围网
11736,30.29741666666667,125.89963888888893,3.6,141.0,2019-10-28 13:25:35,围网
11736,30.29033333333333,125.90608333333331,3.4,146.0,2019-10-28 13:35:35,围网
11736,30.287194444444452,125.90961111111113,0.9,141.0,2019-10-28 13:45:35,围网
11736,30.28425,125.91438888888894,3.5,79.0,2019-10-28 13:55:35,围网
11736,30.290416666666665,125.92083333333332,7.4,113.0,2019-10-28 14:05:35,围网
11736,30.28566666666667,125.93205555555555,3.6,113.0,2019-10-28 14:15:35,围网
11736,30.280361111111112,125.94272222222223,3.4,122.0,2019-10-28 14:25:35,围网
11736,30.275444444444442,125.95180555555555,3.3,123.0,2019-10-28 14:35:35,围网
11736,30.27,125.96113888888887,3.4,125.0,2019-10-28 14:45:35,围网
11736,30.266,125.9710277777778,3.4,115.0,2019-10-28 14:55:35,围网
11736,30.258972222222226,125.97908333333334,3.8,142.0,2019-10-28 15:05:35,围网
11736,30.251,125.98563888888887,3.7,143.0,2019-10-28 15:15:35,围网
11736,30.24219444444445,125.99141666666668,3.5,150.0,2019-10-28 15:25:36,围网
11736,30.233611111111113,125.99591666666667,3.4,157.0,2019-10-28 15:35:36,围网
11736,30.224416666666666,125.99941666666666,3.5,164.0,2019-10-28 15:45:36,围网
11736,30.214972222222233,126.00208333333332,3.4,167.0,2019-10-28 15:55:36,围网
11736,30.19519444444445,126.00386111111106,3.7,174.0,2019-10-28 16:15:36,围网
11736,30.18563888888889,126.00369444444445,3.4,182.0,2019-10-28 16:25:36,围网
11736,30.17583333333333,126.00088888888894,3.6,208.0,2019-10-28 16:35:36,围网
11736,30.16794444444445,125.99644444444445,3.4,209.0,2019-10-28 16:45:36,围网
11736,30.160166666666665,125.9902777777778,3.4,224.0,2019-10-28 16:55:36,围网
11736,30.15419444444445,125.98177777777778,3.4,234.0,2019-10-28 17:05:35,围网
11736,30.15094444444444,125.97161111111113,3.4,259.0,2019-10-28 17:15:35,围网
11736,30.15013888888889,125.96080555555555,3.4,261.0,2019-10-28 17:25:35,围网
11736,30.149777777777786,125.95691666666666,2.0,254.0,2019-10-28 17:35:35,围网
11736,30.150194444444452,125.95077777777777,4.4,7.0,2019-10-28 17:45:35,围网
11736,30.163472222222207,125.94305555555556,2.8,308.0,2019-10-28 17:55:35,围网
11736,30.16938888888889,125.93208333333334,3.6,298.0,2019-10-28 18:05:35,围网
11736,30.174527777777786,125.92258333333334,3.5,307.0,2019-10-28 18:15:35,围网
11736,30.18038888888889,125.91383333333334,3.4,313.0,2019-10-28 18:25:35,围网
11736,30.18647222222221,125.90527777777778,3.4,297.0,2019-10-28 18:35:35,围网
11736,30.19244444444445,125.89563888888893,3.6,301.0,2019-10-28 18:45:35,围网
11736,30.198027777777767,125.88722222222223,3.4,303.0,2019-10-28 18:55:35,围网
11736,30.204305555555553,125.8785,3.4,312.0,2019-10-28 19:05:35,围网
11736,30.21044444444444,125.86966666666666,3.5,309.0,2019-10-28 19:15:35,围网
11736,30.2165,125.86086111111106,3.3,311.0,2019-10-28 19:25:35,围网
11736,30.222805555555553,125.8525,3.2,310.0,2019-10-28 19:35:35,围网
11736,30.233277777777786,125.83466666666666,3.2,300.0,2019-10-28 19:55:36,围网
11736,30.23802777777778,125.82555555555555,3.1,307.0,2019-10-28 20:05:36,围网
11736,30.24241666666667,125.81636111111106,3.2,295.0,2019-10-28 20:15:36,围网
11736,30.24675,125.8070277777778,3.2,307.0,2019-10-28 20:25:36,围网
11736,30.252111111111113,125.79897222222222,1.4,321.0,2019-10-28 20:45:36,围网
11736,30.255416666666665,125.79330555555555,0.8,333.0,2019-10-28 20:55:36,围网
11736,30.26386111111111,125.79025,6.4,327.0,2019-10-28 21:05:35,围网
11736,30.281166666666664,125.784,6.4,331.0,2019-10-28 21:15:35,围网
11736,30.29494444444445,125.77319444444444,5.9,288.0,2019-10-28 21:25:35,围网
11736,30.301222222222233,125.76069444444445,3.2,322.0,2019-10-28 21:35:35,围网
11736,30.30863888888889,125.75399999999999,3.1,316.0,2019-10-28 21:45:35,围网
11736,30.316972222222233,125.74922222222223,3.4,335.0,2019-10-28 21:55:35,围网
11736,30.325833333333332,125.74575,3.3,352.0,2019-10-28 22:05:35,围网
11736,30.334861111111113,125.74341666666668,3.2,347.0,2019-10-28 22:15:35,围网
11736,30.344,125.74155555555555,3.2,1.0,2019-10-28 22:25:35,围网
11736,30.353055555555557,125.7404722222222,3.1,351.0,2019-10-28 22:35:35,围网
11736,30.36213888888889,125.73986111111113,3.4,2.0,2019-10-28 22:45:35,围网
11736,30.37125,125.74052777777777,2.9,18.0,2019-10-28 22:55:35,围网
11736,30.380666666666666,125.74105555555555,3.2,4.0,2019-10-28 23:05:35,围网
11736,30.388972222222232,125.74141666666668,3.0,357.0,2019-10-28 23:15:35,围网
11736,30.39761111111111,125.74122222222222,2.9,357.0,2019-10-28 23:25:35,围网
11736,30.399444444444452,125.74277777777776,1.1,20.0,2019-10-28 23:35:35,围网
11736,30.39380555555556,125.74058333333332,5.4,212.0,2019-10-28 23:45:35,围网
11736,30.38008333333333,125.73233333333332,5.9,195.0,2019-10-28 23:55:35,围网
11736,30.363000000000003,125.72994444444444,6.3,190.0,2019-10-29 00:05:35,围网
11736,30.34466666666667,125.7349722222222,7.3,146.0,2019-10-29 00:15:36,围网
11736,30.335694444444442,125.74863888888888,3.9,129.0,2019-10-29 00:25:36,围网
11736,30.32908333333333,125.75822222222223,3.8,118.0,2019-10-29 00:35:36,围网
11736,30.32530555555556,125.7699722222222,3.9,117.0,2019-10-29 00:45:36,围网
11736,30.321638888888888,125.7815,3.8,105.0,2019-10-29 00:55:36,围网
11736,30.32113888888889,125.79366666666668,3.6,94.0,2019-10-29 01:05:35,围网
11736,30.32072222222222,125.80636111111107,3.6,91.0,2019-10-29 01:15:35,围网
11736,30.32058333333333,125.81733333333332,3.5,89.0,2019-10-29 01:25:35,围网
11736,30.32008333333333,125.82897222222222,3.7,100.0,2019-10-29 01:35:35,围网
11736,30.31947222222221,125.84041666666666,3.6,93.0,2019-10-29 01:45:35,围网
11736,30.31725,125.85180555555556,3.7,116.0,2019-10-29 01:55:35,围网
11736,30.31125,125.86177777777776,3.6,128.0,2019-10-29 02:05:35,围网
11736,30.30388888888889,125.87044444444444,3.7,134.0,2019-10-29 02:15:35,围网
11736,30.296,125.87816666666666,3.7,142.0,2019-10-29 02:25:35,围网
11736,30.28741666666667,125.88441666666668,3.6,144.0,2019-10-29 02:35:35,围网
11736,30.280361111111112,125.89233333333334,3.4,133.0,2019-10-29 02:45:35,围网
11736,30.274166666666666,125.90094444444445,3.4,130.0,2019-10-29 02:55:35,围网
11736,30.26858333333333,125.90983333333334,3.5,127.0,2019-10-29 03:05:35,围网
11736,30.262527777777766,125.91833333333334,3.7,137.0,2019-10-29 03:15:35,围网
11736,30.25772222222223,125.92163888888888,1.6,187.0,2019-10-29 03:25:35,围网
11736,30.25194444444445,125.92333333333332,1.5,159.0,2019-10-29 03:35:35,围网
11736,30.25558333333333,125.9297222222222,4.8,50.0,2019-10-29 03:45:35,围网
11736,30.26319444444445,125.94269444444444,4.5,28.0,2019-10-29 03:55:35,围网
11736,30.271555555555555,125.94594444444445,2.5,264.0,2019-10-29 04:05:35,围网
11736,30.272388888888887,125.93461111111112,3.2,271.0,2019-10-29 04:15:35,围网
11736,30.27347222222221,125.92419444444445,3.3,278.0,2019-10-29 04:25:35,围网
11736,30.27583333333333,125.91411111111113,3.4,278.0,2019-10-29 04:35:36,围网
11736,30.277055555555553,125.90336111111112,3.2,280.0,2019-10-29 04:45:36,围网
11736,30.27875,125.89280555555555,3.5,277.0,2019-10-29 04:55:35,围网
11736,30.28033333333333,125.88197222222222,3.3,280.0,2019-10-29 05:05:35,围网
11736,30.28144444444445,125.87100000000001,3.4,281.0,2019-10-29 05:15:35,围网
11736,30.283638888888888,125.86038888888888,3.4,290.0,2019-10-29 05:25:35,围网
11736,30.28608333333333,125.84894444444444,3.5,278.0,2019-10-29 05:35:35,围网
11736,30.28783333333333,125.83880555555555,3.3,283.0,2019-10-29 05:45:35,围网
11736,30.290388888888888,125.82816666666666,3.4,284.0,2019-10-29 05:55:35,围网
11736,30.292305555555558,125.81708333333331,3.4,283.0,2019-10-29 06:05:35,围网
11736,30.29552777777778,125.80644444444445,3.6,286.0,2019-10-29 06:15:35,围网
11736,30.297305555555557,125.7950277777778,3.5,278.0,2019-10-29 06:25:35,围网
11736,30.30041666666667,125.78413888888888,3.4,292.0,2019-10-29 06:35:35,围网
11736,30.305,125.77408333333334,3.5,295.0,2019-10-29 06:45:35,围网
11736,30.308722222222233,125.76363888888888,3.5,291.0,2019-10-29 06:55:35,围网
11736,30.31241666666667,125.75375,1.6,266.0,2019-10-29 07:05:35,围网
11736,30.311527777777766,125.74844444444444,3.8,255.0,2019-10-29 07:15:35,围网
11736,30.305694444444452,125.75325,4.6,134.0,2019-10-29 07:25:35,围网
11736,30.31069444444445,125.74677777777778,4.5,297.0,2019-10-29 07:35:35,围网
11736,30.314888888888888,125.73502777777777,3.7,293.0,2019-10-29 07:45:35,围网
11736,30.31869444444445,125.72480555555555,3.7,294.0,2019-10-29 07:55:35,围网
11736,30.322388888888888,125.7139722222222,3.5,288.0,2019-10-29 08:05:35,围网
11736,30.325861111111113,125.70333333333332,3.6,293.0,2019-10-29 08:15:35,围网
11736,30.32958333333333,125.69258333333336,3.6,294.0,2019-10-29 08:25:35,围网
11736,30.33347222222222,125.68197222222223,3.5,295.0,2019-10-29 08:35:35,围网
11736,30.337861111111113,125.67172222222223,3.5,297.0,2019-10-29 08:45:35,围网
11736,30.343027777777767,125.66197222222222,3.6,302.0,2019-10-29 08:55:35,围网
11736,30.34863888888889,125.65269444444445,3.2,302.0,2019-10-29 09:05:35,围网
11736,30.354222222222226,125.64366666666668,3.5,311.0,2019-10-29 09:15:35,围网
11736,30.361472222222233,125.63625,3.2,311.0,2019-10-29 09:25:35,围网
11736,30.369027777777767,125.62944444444445,3.2,314.0,2019-10-29 09:35:35,围网
11736,30.375277777777786,125.62125,3.3,302.0,2019-10-29 09:45:35,围网
11736,30.381527777777766,125.61255555555556,3.3,311.0,2019-10-29 09:55:35,围网
11736,30.38811111111111,125.60608333333332,3.4,323.0,2019-10-29 10:05:35,围网
11736,30.39558333333333,125.60016666666668,1.2,352.0,2019-10-29 10:15:35,围网
11736,30.39838888888889,125.59975,2.7,314.0,2019-10-29 10:25:35,围网
11736,30.39319444444445,125.59616666666666,5.1,218.0,2019-10-29 10:35:35,围网
11736,30.38069444444445,125.58905555555555,5.1,202.0,2019-10-29 10:45:35,围网
11736,30.377305555555555,125.60016666666668,3.3,109.0,2019-10-29 10:55:35,围网
11736,30.37408333333333,125.61038888888888,3.3,117.0,2019-10-29 11:05:35,围网
11736,30.370166666666666,125.62002777777776,3.4,114.0,2019-10-29 11:15:35,围网
11736,30.36569444444445,125.62938888888887,3.1,124.0,2019-10-29 11:25:35,围网
11736,30.360555555555557,125.63833333333334,3.2,123.0,2019-10-29 11:35:35,围网
11736,30.35594444444445,125.64822222222223,3.4,118.0,2019-10-29 11:45:35,围网
11736,30.350972222222207,125.65758333333332,3.5,123.0,2019-10-29 11:55:35,围网
11736,30.345416666666665,125.66744444444444,3.5,122.0,2019-10-29 12:05:35,围网
11736,30.34119444444445,125.677,3.6,112.0,2019-10-29 12:15:35,围网
11736,30.337027777777767,125.68736111111113,3.7,117.0,2019-10-29 12:25:35,围网
11736,30.332361111111112,125.69752777777781,4.0,117.0,2019-10-29 12:35:35,围网
11736,30.32802777777778,125.708,3.6,110.0,2019-10-29 12:45:35,围网
11736,30.324305555555554,125.71863888888888,3.6,112.0,2019-10-29 12:55:34,围网
11736,30.319972222222226,125.72883333333333,3.7,115.0,2019-10-29 13:05:34,围网
11736,30.315555555555555,125.73891666666668,4.1,115.0,2019-10-29 13:15:35,围网
11736,30.31136111111111,125.74922222222223,4.2,113.0,2019-10-29 13:25:35,围网
11736,30.30788888888889,125.76036111111112,3.6,111.0,2019-10-29 13:35:35,围网
11736,30.30508333333333,125.7672777777778,0.9,147.0,2019-10-29 13:45:35,围网
11736,30.30155555555556,125.77241666666669,1.7,127.0,2019-10-29 13:55:35,围网
11736,30.30686111111111,125.77852777777778,6.9,90.0,2019-10-29 14:05:35,围网
11736,30.305222222222234,125.7919722222222,3.4,100.0,2019-10-29 14:15:35,围网
11736,30.302944444444442,125.80227777777776,3.7,107.0,2019-10-29 14:25:35,围网
11736,30.30025,125.81327777777777,3.6,105.0,2019-10-29 14:35:35,围网
11736,30.297305555555557,125.82402777777777,3.5,102.0,2019-10-29 14:45:35,围网
11736,30.29438888888889,125.83461111111113,3.3,106.0,2019-10-29 14:55:35,围网
11736,30.2915,125.845,3.5,107.0,2019-10-29 15:05:35,围网
11736,30.288722222222226,125.85524999999998,3.4,107.0,2019-10-29 15:15:35,围网
11736,30.286472222222233,125.86561111111112,3.4,102.0,2019-10-29 15:25:35,围网
11736,30.28436111111111,125.87594444444444,3.3,108.0,2019-10-29 15:35:35,围网
11736,30.282055555555555,125.88644444444445,3.3,102.0,2019-10-29 15:45:35,围网
11736,30.27994444444445,125.89675,3.0,107.0,2019-10-29 15:55:35,围网
11736,30.276722222222233,125.90666666666668,3.2,112.0,2019-10-29 16:05:35,围网
11736,30.27263888888889,125.91608333333332,3.4,122.0,2019-10-29 16:15:35,围网
11736,30.26744444444445,125.92541666666666,3.1,126.0,2019-10-29 16:25:35,围网
11736,30.262555555555554,125.93227777777778,0.7,235.0,2019-10-29 16:35:35,围网
11736,30.25944444444445,125.93213888888893,1.7,128.0,2019-10-29 16:45:35,围网
11736,30.26675,125.937,4.1,308.0,2019-10-29 16:55:34,围网
11736,30.269222222222233,125.9260277777778,3.3,281.0,2019-10-29 17:05:34,围网
11736,30.26994444444445,125.91522222222223,3.0,267.0,2019-10-29 17:15:34,围网
11736,30.269416666666668,125.90411111111112,3.6,266.0,2019-10-29 17:25:34,围网
11736,30.26894444444445,125.89308333333334,3.3,270.0,2019-10-29 17:35:34,围网
11736,30.268166666666666,125.88263888888888,3.5,270.0,2019-10-29 17:45:35,围网
11736,30.267805555555555,125.87169444444444,3.4,269.0,2019-10-29 17:55:35,围网
11736,30.26730555555555,125.86069444444445,3.7,268.0,2019-10-29 18:05:35,围网
11736,30.26619444444445,125.85077777777776,0.8,101.0,2019-10-29 18:15:35,围网
11736,30.26433333333333,125.84877777777778,0.8,236.0,2019-10-29 18:25:35,围网
11736,30.261722222222208,125.846,1.0,219.0,2019-10-29 18:35:35,围网
11736,30.266444444444453,125.85166666666666,6.3,21.0,2019-10-29 18:45:35,围网
11736,30.281111111111112,125.86288888888888,6.3,31.0,2019-10-29 18:55:35,围网
11736,30.29630555555556,125.87363888888888,6.4,32.0,2019-10-29 19:05:35,围网
11736,30.311777777777767,125.88447222222223,6.5,33.0,2019-10-29 19:15:35,围网
11736,30.32755555555556,125.89538888888887,6.5,30.0,2019-10-29 19:25:35,围网
11736,30.345305555555555,125.90213888888893,6.9,13.0,2019-10-29 19:35:35,围网
11736,30.36427777777779,125.90736111111113,6.7,31.0,2019-10-29 19:45:35,围网
11736,30.38225,125.91575,7.0,22.0,2019-10-29 19:55:35,围网
11736,30.401111111111113,125.92316666666667,7.3,21.0,2019-10-29 20:05:35,围网
11736,30.42061111111111,125.92891666666668,7.5,13.0,2019-10-29 20:15:35,围网
11736,30.440361111111113,125.93425,7.4,16.0,2019-10-29 20:25:35,围网
11736,30.46013888888889,125.93891666666669,7.1,4.0,2019-10-29 20:35:35,围网
11736,30.477777777777767,125.93858333333333,6.3,347.0,2019-10-29 20:45:35,围网
11736,30.48683333333333,125.93466666666669,3.8,336.0,2019-10-29 20:55:34,围网
11736,30.495694444444442,125.93052777777778,3.3,333.0,2019-10-29 21:05:34,围网
11736,30.50441666666667,125.9262222222222,3.6,342.0,2019-10-29 21:15:34,围网
11736,30.51347222222222,125.92233333333334,3.7,339.0,2019-10-29 21:25:34,围网
11736,30.52263888888889,125.91916666666668,3.5,347.0,2019-10-29 21:35:34,围网
11736,30.53191666666667,125.91677777777778,3.4,343.0,2019-10-29 21:45:34,围网
11736,30.541,125.9147777777778,3.3,347.0,2019-10-29 21:55:34,围网
11736,30.55038888888889,125.91313888888894,3.5,356.0,2019-10-29 22:05:35,围网
11736,30.55966666666667,125.91188888888892,3.4,353.0,2019-10-29 22:15:35,围网
11736,30.569027777777766,125.91127777777778,3.3,5.0,2019-10-29 22:25:35,围网
11736,30.578277777777767,125.91377777777781,3.6,25.0,2019-10-29 22:35:35,围网
11736,30.58688888888889,125.91847222222222,3.4,26.0,2019-10-29 22:45:35,围网
11736,30.596055555555555,125.92369444444445,3.5,41.0,2019-10-29 22:55:35,围网
11736,30.60391666666667,125.92888888888888,3.5,16.0,2019-10-29 23:05:35,围网
11736,30.61269444444445,125.93294444444444,3.6,12.0,2019-10-29 23:15:35,围网
11736,30.62130555555556,125.93736111111113,3.2,23.0,2019-10-29 23:25:35,围网
11736,30.624472222222234,125.94308333333332,2.6,71.0,2019-10-29 23:35:35,围网
11736,30.624027777777766,125.94408333333334,6.0,275.0,2019-10-29 23:45:35,围网
11736,30.62425,125.92558333333334,5.7,264.0,2019-10-29 23:55:35,围网
11736,30.62455555555556,125.90744444444445,5.7,277.0,2019-10-30 00:05:35,围网
11736,30.62675,125.89063888888893,4.6,272.0,2019-10-30 00:15:35,围网
11736,30.626361111111112,125.90025,3.9,100.0,2019-10-30 00:25:35,围网
11736,30.62361111111111,125.91161111111113,3.8,116.0,2019-10-30 00:35:35,围网
11736,30.621333333333336,125.92308333333334,3.5,93.0,2019-10-30 00:45:34,围网
11736,30.61872222222221,125.93444444444445,3.6,99.0,2019-10-30 00:55:34,围网
11736,30.61625,125.94675,3.7,105.0,2019-10-30 01:05:34,围网
11736,30.61441666666667,125.95744444444445,3.5,96.0,2019-10-30 01:15:34,围网
11736,30.613277777777785,125.96880555555555,3.6,97.0,2019-10-30 01:25:34,围网
11736,30.613000000000003,125.98,3.5,104.0,2019-10-30 01:35:34,围网
11736,30.612388888888887,125.99122222222222,3.5,94.0,2019-10-30 01:45:34,围网
11736,30.61122222222223,126.0025,4.8,44.0,2019-10-30 01:55:34,围网
11736,30.60991666666667,126.01336111111112,4.0,99.0,2019-10-30 02:05:34,围网
11736,30.604972222222226,126.02361111111112,3.7,125.0,2019-10-30 02:15:34,围网
11736,30.59883333333333,126.03283333333334,3.7,130.0,2019-10-30 02:25:34,围网
11736,30.59225,126.0415,3.8,124.0,2019-10-30 02:35:35,围网
11736,30.58655555555555,126.05136111111106,3.3,125.0,2019-10-30 02:45:35,围网
11736,30.58144444444445,126.06013888888887,3.7,132.0,2019-10-30 02:55:35,围网
11736,30.57691666666667,126.06991666666669,3.4,112.0,2019-10-30 03:05:35,围网
11736,30.572277777777767,126.08033333333334,3.4,121.0,2019-10-30 03:15:35,围网
11736,30.56736111111111,126.08891666666666,3.3,128.0,2019-10-30 03:25:35,围网
11736,30.56344444444445,126.09258333333334,1.2,168.0,2019-10-30 03:35:35,围网
11736,30.55833333333333,126.0972777777778,2.8,80.0,2019-10-30 03:45:35,围网
11736,30.56894444444445,126.10044444444445,4.0,5.0,2019-10-30 03:55:35,围网
11736,30.58138888888889,126.10638888888887,4.9,12.0,2019-10-30 04:05:35,围网
11736,30.594027777777768,126.10972222222222,4.7,18.0,2019-10-30 04:15:35,围网
11736,30.597222222222207,126.1023611111111,3.5,242.0,2019-10-30 04:25:35,围网
11736,30.593777777777767,126.09205555555555,3.2,246.0,2019-10-30 04:35:35,围网
11736,30.588638888888887,126.08244444444445,3.8,225.0,2019-10-30 04:45:34,围网
11736,30.58147222222221,126.0744722222222,4.4,229.0,2019-10-30 04:55:34,围网
11736,30.575138888888887,126.06527777777778,3.8,218.0,2019-10-30 05:05:34,围网
11736,30.567555555555554,126.05763888888887,3.7,216.0,2019-10-30 05:15:34,围网
11736,30.55922222222221,126.04983333333332,3.7,233.0,2019-10-30 05:25:34,围网
11736,30.552805555555555,126.0420277777778,3.6,219.0,2019-10-30 05:35:34,围网
11736,30.547027777777767,126.03286111111113,3.2,238.0,2019-10-30 05:45:34,围网
11736,30.54125,126.02366666666668,3.5,226.0,2019-10-30 05:55:34,围网
11736,30.535722222222233,126.01430555555555,3.6,234.0,2019-10-30 06:05:34,围网
11736,30.53097222222221,126.00430555555555,3.5,238.0,2019-10-30 06:15:34,围网
11736,30.527055555555553,125.99377777777778,3.1,252.0,2019-10-30 06:25:34,围网
11736,30.523916666666665,125.98286111111112,3.7,256.0,2019-10-30 06:35:34,围网
11736,30.52197222222221,125.97141666666668,3.4,249.0,2019-10-30 06:45:34,围网
11736,30.520166666666665,125.9597777777778,3.6,264.0,2019-10-30 06:55:35,围网
11736,30.518611111111113,125.94816666666668,3.4,264.0,2019-10-30 07:05:35,围网
11736,30.517055555555554,125.94194444444445,2.3,241.0,2019-10-30 07:15:35,围网
11736,30.51608333333333,125.94086111111106,5.1,31.0,2019-10-30 07:25:35,围网
11736,30.52480555555555,125.94175,3.5,319.0,2019-10-30 07:35:35,围网
11736,30.53188888888889,125.9327222222222,3.8,301.0,2019-10-30 07:45:35,围网
11736,30.537277777777767,125.92313888888893,3.5,307.0,2019-10-30 07:55:35,围网
11736,30.54294444444445,125.91397222222223,3.4,303.0,2019-10-30 08:05:35,围网
11736,30.548777777777786,125.90497222222223,3.4,311.0,2019-10-30 08:15:35,围网
11736,30.554444444444453,125.89575,3.6,301.0,2019-10-30 08:25:35,围网
11736,30.560388888888887,125.88661111111112,3.7,302.0,2019-10-30 08:35:35,围网
11736,30.572388888888888,125.86894444444445,3.8,309.0,2019-10-30 08:55:34,围网
11736,30.578194444444442,125.86022222222222,3.4,287.0,2019-10-30 09:05:34,围网
11736,30.58433333333333,125.85161111111107,3.3,313.0,2019-10-30 09:15:34,围网
11736,30.590166666666665,125.84269444444445,3.3,296.0,2019-10-30 09:25:34,围网
11736,30.59575,125.8335,3.5,287.0,2019-10-30 09:35:34,围网
11736,30.60252777777778,125.82455555555555,3.1,310.0,2019-10-30 09:45:34,围网
11736,30.60908333333333,125.81736111111107,3.4,325.0,2019-10-30 09:55:34,围网
11736,30.61725,125.81147222222219,2.9,340.0,2019-10-30 10:05:34,围网
11736,30.625416666666666,125.80622222222222,2.9,307.0,2019-10-30 10:15:34,围网
11736,30.633416666666665,125.80069444444445,3.0,325.0,2019-10-30 10:25:34,围网
11736,30.63869444444445,125.79730555555555,1.9,297.0,2019-10-30 10:35:34,围网
11736,30.641222222222233,125.79533333333332,1.0,340.0,2019-10-30 10:45:34,围网
11736,30.64236111111111,125.79263888888887,5.6,256.0,2019-10-30 10:55:34,围网
11736,30.637777777777767,125.78019444444445,1.2,222.0,2019-10-30 11:05:34,围网
11736,30.64119444444445,125.78855555555555,3.5,69.0,2019-10-30 11:15:35,围网
11736,30.643555555555558,125.79916666666666,3.5,69.0,2019-10-30 11:25:35,围网
11736,30.644416666666668,125.81005555555555,3.3,99.0,2019-10-30 11:35:35,围网
11736,30.64352777777778,125.82088888888887,3.7,93.0,2019-10-30 11:45:35,围网
11736,30.64113888888889,125.83208333333332,3.3,108.0,2019-10-30 11:55:35,围网
11736,30.638444444444442,125.84194444444445,3.5,103.0,2019-10-30 12:05:35,围网
11736,30.635805555555557,125.85269444444445,3.5,111.0,2019-10-30 12:15:35,围网
11736,30.63358333333333,125.86355555555555,3.5,100.0,2019-10-30 12:25:35,围网
11736,30.631694444444445,125.87461111111112,3.3,107.0,2019-10-30 12:35:35,围网
11736,30.63025,125.88602777777778,3.5,102.0,2019-10-30 12:45:34,围网
11736,30.62838888888889,125.89855555555555,3.7,95.0,2019-10-30 12:55:34,围网
11736,30.62691666666667,125.91008333333336,3.6,99.0,2019-10-30 13:05:34,围网
11736,30.62536111111111,125.92130555555555,3.7,95.0,2019-10-30 13:15:34,围网
11736,30.62386111111111,125.9327222222222,3.7,98.0,2019-10-30 13:25:34,围网
11736,30.621777777777766,125.944,3.5,106.0,2019-10-30 13:35:34,围网
11736,30.61963888888889,125.95522222222222,3.4,94.0,2019-10-30 13:45:34,围网
11736,30.61588888888889,125.97680555555556,1.5,108.0,2019-10-30 14:05:34,围网
11736,30.61480555555556,125.98077777777776,3.8,84.0,2019-10-30 14:15:34,围网
11736,30.62333333333333,125.98486111111107,8.6,80.0,2019-10-30 14:25:34,围网
11736,30.626472222222233,125.99736111111108,11.6,95.0,2019-10-30 14:35:34,围网
11736,30.626638888888888,126.01947222222222,4.0,98.0,2019-10-30 14:55:34,围网
11736,30.62538888888889,126.0305277777778,4.7,99.0,2019-10-30 15:05:34,围网
11736,30.62236111111111,126.04172222222223,3.3,101.0,2019-10-30 15:15:34,围网
11736,30.619611111111112,126.05175,3.4,109.0,2019-10-30 15:25:34,围网
11736,30.61638888888889,126.06211111111112,3.4,115.0,2019-10-30 15:35:34,围网
11736,30.612361111111113,126.0720277777778,3.3,107.0,2019-10-30 15:45:35,围网
11736,30.60838888888889,126.08186111111112,3.4,122.0,2019-10-30 15:55:35,围网
11736,30.60430555555555,126.09144444444445,3.3,121.0,2019-10-30 16:05:35,围网
11736,30.59991666666667,126.10161111111107,3.1,117.0,2019-10-30 16:15:35,围网
11736,30.59588888888889,126.11033333333332,3.2,114.0,2019-10-30 16:25:35,围网
11736,30.58972222222221,126.11838888888887,3.4,146.0,2019-10-30 16:35:35,围网
11736,30.580777777777786,126.1219722222222,3.5,172.0,2019-10-30 16:45:35,围网
11736,30.571472222222226,126.12119444444444,3.2,197.0,2019-10-30 16:55:34,围网
11736,30.562777777777786,126.1175,3.4,185.0,2019-10-30 17:05:34,围网
11736,30.54541666666667,126.1177222222222,0.1,0.0,2019-10-30 17:25:34,围网
11736,30.543138888888887,126.11888888888888,1.3,128.0,2019-10-30 17:35:34,围网
11736,30.548055555555557,126.11261111111112,6.0,284.0,2019-10-30 17:45:34,围网
11736,30.55080555555556,126.09519444444445,2.7,260.0,2019-10-30 17:55:34,围网
11736,30.549138888888887,126.08305555555555,3.3,265.0,2019-10-30 18:05:34,围网
11736,30.547750000000004,126.07158333333334,3.6,264.0,2019-10-30 18:15:34,围网
11736,30.546083333333332,126.05975,3.4,261.0,2019-10-30 18:25:34,围网
11736,30.54452777777778,126.04922222222223,3.5,260.0,2019-10-30 18:35:34,围网
11736,30.54300000000001,126.03816666666668,3.7,262.0,2019-10-30 18:45:34,围网
11736,30.54241666666667,126.02677777777778,3.5,268.0,2019-10-30 18:55:34,围网
11736,30.541999999999998,126.01530555555556,3.4,262.0,2019-10-30 19:05:34,围网
11736,30.54183333333333,126.00386111111106,3.5,268.0,2019-10-30 19:15:34,围网
11736,30.542055555555557,125.99236111111112,3.6,265.0,2019-10-30 19:25:34,围网
11736,30.54216666666667,125.98111111111113,3.7,284.0,2019-10-30 19:35:34,围网
11736,30.542777777777786,125.96969444444444,3.4,270.0,2019-10-30 19:45:34,围网
11736,30.543777777777766,125.95830555555555,3.4,279.0,2019-10-30 19:55:34,围网
11736,30.545472222222234,125.94719444444445,3.5,285.0,2019-10-30 20:05:35,围网
11736,30.54863888888889,125.93658333333336,3.3,292.0,2019-10-30 20:15:35,围网
11736,30.552111111111113,125.92613888888887,3.2,292.0,2019-10-30 20:25:35,围网
11736,30.556722222222234,125.91572222222223,3.4,301.0,2019-10-30 20:35:35,围网
11736,30.56191666666667,125.9074722222222,3.4,302.0,2019-10-30 20:45:35,围网
11736,30.567277777777768,125.89861111111112,3.4,304.0,2019-10-30 20:55:34,围网
11736,30.57208333333333,125.89075,0.3,84.0,2019-10-30 21:05:34,围网
11736,30.573555555555558,125.88680555555555,2.6,275.0,2019-10-30 21:15:34,围网
11736,30.56630555555556,125.88666666666668,5.7,160.0,2019-10-30 21:25:34,围网
11736,30.552944444444442,125.89605555555555,5.9,140.0,2019-10-30 21:35:34,围网
11736,30.54938888888889,125.88808333333334,3.3,286.0,2019-10-30 21:45:34,围网
11736,30.551444444444453,125.8775,3.1,273.0,2019-10-30 21:55:34,围网
11736,30.553916666666666,125.86713888888887,2.9,277.0,2019-10-30 22:05:34,围网
11736,30.55691666666667,125.8569722222222,2.9,286.0,2019-10-30 22:15:34,围网
11736,30.564611111111113,125.83755555555555,3.1,306.0,2019-10-30 22:35:34,围网
11736,30.57072222222222,125.82869444444445,3.5,315.0,2019-10-30 22:44:34,围网
11736,30.57675,125.82144444444445,3.3,318.0,2019-10-30 22:54:34,围网
11736,30.58372222222221,125.81438888888887,3.3,326.0,2019-10-30 23:04:34,围网
11736,30.591666666666665,125.80886111111107,3.2,329.0,2019-10-30 23:14:34,围网
11736,30.60086111111111,125.80663888888887,3.5,16.0,2019-10-30 23:24:34,围网
11736,30.61044444444445,125.80966666666666,3.3,10.0,2019-10-30 23:34:34,围网
11736,30.61966666666667,125.81352777777781,3.6,27.0,2019-10-30 23:44:34,围网
11736,30.627111111111113,125.82127777777778,3.5,47.0,2019-10-30 23:54:34,围网
11736,30.636833333333332,125.84116666666668,3.4,85.0,2019-10-31 00:14:34,围网
11736,30.637027777777767,125.85269444444445,3.6,91.0,2019-10-31 00:24:35,围网
11736,30.636388888888888,125.86405555555555,3.0,100.0,2019-10-31 00:34:34,围网
11736,30.63633333333333,125.86852777777777,1.7,122.0,2019-10-31 00:44:34,围网
11736,30.63630555555555,125.86680555555556,4.9,248.0,2019-10-31 00:54:34,围网
11736,30.63433333333333,125.85227777777777,5.0,290.0,2019-10-31 01:04:34,围网
11736,30.6285,125.83794444444445,5.3,244.0,2019-10-31 01:14:34,围网
11736,30.62769444444445,125.82166666666666,5.2,272.0,2019-10-31 01:24:34,围网
11736,30.621861111111112,125.83163888888888,3.4,115.0,2019-10-31 01:34:34,围网
11736,30.61669444444445,125.84133333333332,3.5,127.0,2019-10-31 01:44:34,围网
11736,30.61133333333333,125.85072222222222,3.5,121.0,2019-10-31 01:54:34,围网
11736,30.60458333333333,125.85855555555555,3.3,137.0,2019-10-31 02:04:34,围网
11736,30.59761111111111,125.86616666666669,3.3,133.0,2019-10-31 02:14:34,围网
11736,30.59175,125.87530555555556,3.5,123.0,2019-10-31 02:24:34,围网
11736,30.58608333333333,125.88466666666667,3.5,134.0,2019-10-31 02:34:34,围网
11736,30.57905555555555,125.89269444444444,3.6,137.0,2019-10-31 02:44:34,围网
11736,30.571972222222207,125.90061111111113,3.6,138.0,2019-10-31 02:54:34,围网
11736,30.564083333333336,125.90861111111113,3.5,143.0,2019-10-31 03:04:34,围网
11736,30.55716666666667,125.91588888888893,3.5,134.0,2019-10-31 03:14:34,围网
11736,30.550472222222233,125.92438888888887,3.5,127.0,2019-10-31 03:24:34,围网
11736,30.544722222222234,125.93344444444445,3.4,120.0,2019-10-31 03:34:34,围网
11736,30.53911111111111,125.94241666666667,3.1,125.0,2019-10-31 03:44:34,围网
11736,30.53244444444445,125.95025,3.3,135.0,2019-10-31 03:54:34,围网
11736,30.525111111111112,125.95705555555556,3.3,142.0,2019-10-31 04:04:34,围网
11736,30.51736111111111,125.96302777777777,3.4,147.0,2019-10-31 04:14:34,围网
11736,30.508972222222226,125.96783333333336,3.3,158.0,2019-10-31 04:24:34,围网
11736,30.50033333333333,125.97233333333334,3.5,158.0,2019-10-31 04:34:33,围网
11736,30.491555555555554,125.97636111111107,3.4,167.0,2019-10-31 04:44:34,围网
11736,30.48263888888889,125.97969444444445,3.1,163.0,2019-10-31 04:54:34,围网
11736,30.47494444444445,125.98230555555556,0.8,223.0,2019-10-31 05:04:34,围网
11736,30.470055555555554,125.98238888888888,2.5,161.0,2019-10-31 05:14:34,围网
11736,30.47572222222221,125.98605555555555,4.4,52.0,2019-10-31 05:24:34,围网
11736,30.485916666666668,125.99691666666666,5.4,37.0,2019-10-31 05:34:34,围网
11736,30.49738888888889,126.00225,2.3,323.0,2019-10-31 05:44:34,围网
11736,30.50261111111111,125.9934722222222,3.2,287.0,2019-10-31 05:54:34,围网
11736,30.505666666666666,125.98311111111113,3.3,284.0,2019-10-31 06:04:34,围网
11736,30.50944444444445,125.97313888888893,3.0,303.0,2019-10-31 06:14:34,围网
11736,30.513416666666664,125.96291666666666,3.1,308.0,2019-10-31 06:24:34,围网
11736,30.51813888888889,125.95352777777778,3.3,299.0,2019-10-31 06:34:34,围网
11736,30.52294444444444,125.94425,3.3,299.0,2019-10-31 06:44:34,围网
11736,30.52802777777778,125.9345277777778,3.2,307.0,2019-10-31 06:54:34,围网
11736,30.533444444444445,125.92561111111112,2.8,309.0,2019-10-31 07:04:34,围网
11736,30.537222222222233,125.91894444444445,1.6,147.0,2019-10-31 07:14:34,围网
11736,30.534472222222234,125.9152777777778,3.5,239.0,2019-10-31 07:24:34,围网
11736,30.52919444444445,125.91652777777777,5.3,104.0,2019-10-31 07:34:34,围网
11736,30.52263888888889,125.93266666666668,5.3,98.0,2019-10-31 07:44:34,围网
11736,30.524527777777767,125.9424722222222,3.8,311.0,2019-10-31 07:54:34,围网
11736,30.53169444444445,125.9322222222222,3.8,303.0,2019-10-31 08:04:34,围网
11736,30.53736111111111,125.92213888888894,3.8,298.0,2019-10-31 08:14:34,围网
11736,30.543083333333332,125.91247222222222,3.6,307.0,2019-10-31 08:24:34,围网
11736,30.549944444444453,125.90408333333336,3.7,315.0,2019-10-31 08:34:33,围网
11736,30.55686111111111,125.89569444444444,3.6,308.0,2019-10-31 08:44:33,围网
11736,30.56975,125.87791666666664,3.5,320.0,2019-10-31 09:04:34,围网
11736,30.57775,125.87105555555556,3.7,329.0,2019-10-31 09:14:34,围网
11736,30.586,125.86461111111113,3.3,329.0,2019-10-31 09:24:34,围网
11736,30.59525,125.85869444444445,3.5,333.0,2019-10-31 09:34:34,围网
11736,30.603583333333336,125.85391666666666,3.6,334.0,2019-10-31 09:44:34,围网
11736,30.61275,125.85008333333332,3.3,341.0,2019-10-31 09:54:34,围网
11736,30.621944444444445,125.84591666666668,3.6,335.0,2019-10-31 10:04:34,围网
11736,30.63969444444445,125.83622222222222,3.5,339.0,2019-10-31 10:24:34,围网
11736,30.648888888888887,125.8335,3.6,345.0,2019-10-31 10:34:34,围网
11736,30.657916666666665,125.82944444444445,3.8,348.0,2019-10-31 10:44:34,围网
11736,30.660916666666665,125.82686111111113,1.3,320.0,2019-10-31 10:54:34,围网
11736,30.66563888888889,125.81969444444445,5.3,297.0,2019-10-31 11:04:34,围网
11736,30.673666666666666,125.80902777777777,3.4,316.0,2019-10-31 11:14:34,围网
11736,30.681444444444452,125.80238888888887,3.4,321.0,2019-10-31 11:24:34,围网
11736,30.69008333333333,125.79758333333334,3.6,350.0,2019-10-31 11:34:34,围网
11736,30.700111111111113,125.79541666666664,3.5,356.0,2019-10-31 11:44:34,围网
11736,30.709194444444442,125.79563888888887,3.6,10.0,2019-10-31 11:54:34,围网
11736,30.718555555555554,125.79869444444445,3.5,16.0,2019-10-31 12:04:34,围网
11736,30.72652777777777,125.80508333333331,3.5,47.0,2019-10-31 12:14:34,围网
11736,30.73188888888889,125.81425,3.3,66.0,2019-10-31 12:24:34,围网
11736,30.73569444444445,125.82438888888888,3.5,81.0,2019-10-31 12:34:33,围网
11736,30.739472222222233,125.8347222222222,3.4,65.0,2019-10-31 12:44:33,围网
11736,30.74313888888889,125.84522222222222,3.4,73.0,2019-10-31 12:54:33,围网
11736,30.74358333333333,125.85652777777777,3.5,95.0,2019-10-31 13:04:33,围网
11736,30.74138888888889,125.8673611111111,3.2,123.0,2019-10-31 13:14:33,围网
11736,30.73941666666667,125.87658333333331,0.4,0.0,2019-10-31 13:24:34,围网
11736,30.73986111111111,125.87791666666664,1.6,54.0,2019-10-31 13:34:34,围网
11736,30.73991666666667,125.88211111111113,1.0,105.0,2019-10-31 13:44:34,围网
11736,30.736611111111113,125.89483333333334,3.6,99.0,2019-10-31 13:54:34,围网
11736,30.73441666666667,125.90541666666668,3.7,98.0,2019-10-31 14:04:34,围网
11736,30.73188888888889,125.91675,3.3,97.0,2019-10-31 14:14:34,围网
11736,30.73019444444445,125.92819444444444,3.5,76.0,2019-10-31 14:24:34,围网
11736,30.72944444444445,125.93986111111113,3.7,86.0,2019-10-31 14:34:34,围网
11736,30.730138888888888,125.9512777777778,3.5,84.0,2019-10-31 14:44:34,围网
11736,30.73083333333333,125.96266666666668,3.5,83.0,2019-10-31 14:54:34,围网
11736,30.731638888888888,125.97388888888894,3.6,82.0,2019-10-31 15:04:34,围网
11736,30.732194444444445,125.98511111111112,4.0,109.0,2019-10-31 15:14:34,围网
11736,30.73233333333333,125.99630555555555,6.2,128.0,2019-10-31 15:24:34,围网
11736,30.732972222222234,126.00822222222223,3.5,85.0,2019-10-31 15:34:34,围网
11736,30.72811111111111,126.07333333333332,3.4,111.0,2019-10-31 16:34:34,围网
11736,30.706,126.11558333333332,3.7,296.0,2019-10-31 17:44:33,围网
11736,30.707,126.10441666666664,3.2,282.0,2019-10-31 17:54:33,围网
11736,30.708416666666665,126.09377777777777,3.5,280.0,2019-10-31 18:04:34,围网
11736,30.70930555555555,126.08191666666666,3.4,276.0,2019-10-31 18:14:34,围网
11736,30.70991666666667,126.07144444444445,3.4,272.0,2019-10-31 18:24:34,围网
11736,30.71116666666667,126.0605,3.1,277.0,2019-10-31 18:34:34,围网
11736,30.71086111111111,126.04933333333334,3.4,259.0,2019-10-31 18:44:34,围网
11736,30.709861111111113,126.03811111111112,3.3,264.0,2019-10-31 18:54:34,围网
11736,30.710416666666664,126.02683333333334,3.4,270.0,2019-10-31 19:04:34,围网
11736,30.71130555555556,126.0155,3.5,275.0,2019-10-31 19:14:34,围网
11736,30.71319444444445,126.00425,3.6,284.0,2019-10-31 19:24:34,围网
11736,30.71586111111111,125.99308333333332,3.4,282.0,2019-10-31 19:34:34,围网
11736,30.71944444444444,125.98225,3.4,289.0,2019-10-31 19:44:34,围网
11736,30.72241666666667,125.97133333333332,3.5,289.0,2019-10-31 19:54:34,围网
11736,30.725361111111113,125.9605,3.4,287.0,2019-10-31 20:04:34,围网
11736,30.72816666666667,125.9495277777778,3.4,282.0,2019-10-31 20:14:34,围网
11736,30.73175,125.93805555555555,3.6,289.0,2019-10-31 20:24:34,围网
11736,30.73544444444445,125.92838888888893,3.5,296.0,2019-10-31 20:34:33,围网
11736,30.73994444444445,125.91855555555556,3.3,296.0,2019-10-31 20:44:33,围网
11736,30.744138888888887,125.90880555555556,3.3,300.0,2019-10-31 20:54:33,围网
11736,30.749027777777766,125.89980555555556,1.5,285.0,2019-10-31 21:04:33,围网
11736,30.74933333333333,125.89583333333334,2.9,268.0,2019-10-31 21:14:33,围网
11736,30.74808333333333,125.88983333333334,5.0,295.0,2019-10-31 21:24:33,围网
11736,30.750166666666665,125.87708333333332,3.5,279.0,2019-10-31 21:34:33,围网
11736,30.75169444444445,125.86605555555555,3.4,280.0,2019-10-31 21:44:33,围网
11736,30.75338888888889,125.85530555555556,3.3,281.0,2019-10-31 21:54:33,围网
11736,30.75480555555556,125.84466666666664,3.0,269.0,2019-10-31 22:04:33,围网
11736,30.757055555555553,125.83419444444445,3.2,284.0,2019-10-31 22:14:34,围网
11736,30.76086111111111,125.82441666666664,3.1,313.0,2019-10-31 22:24:34,围网
11736,30.76833333333333,125.816,3.5,317.0,2019-10-31 22:34:33,围网
11736,30.774277777777765,125.80836111111113,3.3,308.0,2019-10-31 22:44:34,围网
11736,30.78208333333333,125.80191666666666,3.5,319.0,2019-10-31 22:54:34,围网
11736,30.790527777777786,125.79725,3.4,342.0,2019-10-31 23:04:34,围网
11736,30.79977777777778,125.79391666666666,3.6,342.0,2019-10-31 23:14:34,围网
11736,30.809527777777767,125.79236111111106,3.6,350.0,2019-10-31 23:24:34,围网
11736,30.81933333333333,125.79330555555555,3.6,33.0,2019-10-31 23:34:34,围网
11736,30.828861111111113,125.7965,3.5,12.0,2019-10-31 23:44:34,围网
11736,30.838166666666666,125.80016666666668,3.5,23.0,2019-10-31 23:54:34,围网
11736,30.84658333333333,125.80572222222223,3.5,44.0,2019-11-01 00:04:34,围网
11736,30.849,125.81641666666664,3.5,100.0,2019-11-01 00:14:34,围网
11736,30.84800000000001,125.82722222222222,3.3,104.0,2019-11-01 00:24:34,围网
11736,30.847916666666666,125.83066666666666,2.3,106.0,2019-11-01 00:34:34,围网
11736,30.84488888888889,125.83302777777777,5.9,238.0,2019-11-01 00:44:33,围网
11736,30.832916666666666,125.82186111111106,6.2,210.0,2019-11-01 00:54:33,围网
11736,30.815666666666665,125.81725,6.6,194.0,2019-11-01 01:04:33,围网
11736,30.80538888888889,125.82205555555555,4.0,113.0,2019-11-01 01:14:33,围网
11736,30.8015,125.83272222222222,3.7,107.0,2019-11-01 01:24:33,围网
11736,30.797638888888887,125.84355555555555,3.7,114.0,2019-11-01 01:34:33,围网
11736,30.79316666666667,125.85397222222224,3.6,126.0,2019-11-01 01:44:33,围网
11736,30.786361111111113,125.86216666666664,3.7,135.0,2019-11-01 01:54:33,围网
11736,30.77875,125.86886111111107,3.5,136.0,2019-11-01 02:04:33,围网
11736,30.773805555555555,125.874,0.4,0.0,2019-11-01 02:14:33,围网
11736,30.77194444444445,125.87725,3.2,120.0,2019-11-01 02:24:33,围网
11736,30.761416666666666,125.87830555555556,5.2,200.0,2019-11-01 02:34:33,围网
11736,30.757472222222226,125.89138888888893,3.9,112.0,2019-11-01 02:44:34,围网
11736,30.754444444444445,125.90333333333334,3.6,106.0,2019-11-01 02:54:33,围网
11736,30.75161111111111,125.91377777777781,3.6,110.0,2019-11-01 03:04:34,围网
11736,30.748027777777786,125.92475,3.7,114.0,2019-11-01 03:14:34,围网
11736,30.744083333333336,125.9355,3.6,114.0,2019-11-01 03:24:34,围网
11736,30.740305555555555,125.94625,3.6,111.0,2019-11-01 03:34:34,围网
11736,30.73802777777778,125.95733333333334,3.5,101.0,2019-11-01 03:44:34,围网
11736,30.736777777777768,125.96852777777778,3.5,105.0,2019-11-01 03:54:34,围网
11736,30.7355,125.97994444444444,3.5,102.0,2019-11-01 04:04:34,围网
11736,30.73366666666667,125.99125,3.4,102.0,2019-11-01 04:14:34,围网
11736,30.731444444444442,126.00244444444445,3.6,108.0,2019-11-01 04:24:34,围网
11736,30.72908333333333,126.01347222222222,3.5,99.0,2019-11-01 04:34:33,围网
11736,30.72816666666667,126.02447222222222,3.4,87.0,2019-11-01 04:44:33,围网
11736,30.728,126.03519444444444,3.6,95.0,2019-11-01 04:54:33,围网
11736,30.727138888888888,126.04652777777777,3.2,95.0,2019-11-01 05:04:33,围网
11736,30.722277777777766,126.0552222222222,3.4,130.0,2019-11-01 05:14:33,围网
11736,30.715416666666666,126.06277777777777,3.1,131.0,2019-11-01 05:24:33,围网
11736,30.70883333333333,126.07033333333334,3.3,137.0,2019-11-01 05:34:33,围网
11736,30.70141666666667,126.07611111111108,0.9,196.0,2019-11-01 05:44:33,围网
11736,30.69775000000001,126.07544444444444,3.4,165.0,2019-11-01 05:54:33,围网
11736,30.700277777777767,126.08166666666666,5.0,64.0,2019-11-01 06:04:33,围网
11736,30.70783333333333,126.09463888888888,3.7,314.0,2019-11-01 06:14:33,围网
11736,30.709805555555555,126.08394444444444,3.3,272.0,2019-11-01 06:24:33,围网
11736,30.71008333333333,126.073,3.4,268.0,2019-11-01 06:34:33,围网
11736,30.710666666666665,126.06208333333332,3.4,283.0,2019-11-01 06:44:33,围网
11736,30.711222222222233,126.0509722222222,3.3,268.0,2019-11-01 06:54:33,围网
11736,30.71108333333333,126.03986111111112,3.3,272.0,2019-11-01 07:04:34,围网
11736,30.707555555555555,126.02852777777778,3.6,241.0,2019-11-01 07:14:33,围网
11736,30.702916666666663,126.01908333333333,3.6,242.0,2019-11-01 07:24:34,围网
11736,30.698777777777767,126.00875,3.5,260.0,2019-11-01 07:34:34,围网
11736,30.69072222222222,125.98780555555555,3.4,252.0,2019-11-01 07:54:34,围网
11736,30.68936111111111,125.97666666666667,3.4,261.0,2019-11-01 08:04:34,围网
11736,30.68827777777778,125.96530555555556,3.6,261.0,2019-11-01 08:14:34,围网
11736,30.68911111111111,125.94261111111112,3.6,273.0,2019-11-01 08:34:33,围网
11736,30.689611111111113,125.93122222222223,3.4,269.0,2019-11-01 08:44:33,围网
11736,30.68986111111111,125.91994444444444,3.4,274.0,2019-11-01 08:54:33,围网
11736,30.690527777777767,125.90861111111113,3.5,272.0,2019-11-01 09:04:33,围网
11736,30.69069444444445,125.89916666666667,1.8,254.0,2019-11-01 09:14:33,围网
11736,30.68891666666667,125.89375,2.7,242.0,2019-11-01 09:24:33,围网
11736,30.683250000000005,125.88880555555555,4.4,208.0,2019-11-01 09:34:33,围网
11736,30.67963888888889,125.86241666666666,3.2,265.0,2019-11-01 09:54:33,围网
11736,30.679388888888887,125.851,3.3,272.0,2019-11-01 10:04:33,围网
11736,30.680972222222234,125.83925,3.6,301.0,2019-11-01 10:14:33,围网
11736,30.68783333333333,125.82894444444445,3.6,303.0,2019-11-01 10:24:33,围网
11736,30.692055555555555,125.81805555555556,3.7,279.0,2019-11-01 10:34:33,围网
11736,30.694222222222226,125.80661111111112,3.4,286.0,2019-11-01 10:44:33,围网
11736,30.69744444444445,125.79541666666664,3.2,302.0,2019-11-01 10:54:33,围网
11736,30.702638888888888,125.78538888888887,3.2,304.0,2019-11-01 11:04:33,围网
11736,30.70813888888889,125.77569444444444,3.1,309.0,2019-11-01 11:14:33,围网
11736,30.714055555555554,125.76669444444444,3.4,314.0,2019-11-01 11:24:34,围网
11736,30.719527777777767,125.75661111111113,3.5,303.0,2019-11-01 11:34:33,围网
11736,30.725638888888888,125.74761111111113,3.5,323.0,2019-11-01 11:44:34,围网
11736,30.733555555555558,125.74033333333334,3.5,324.0,2019-11-01 11:54:34,围网
11736,30.74147222222221,125.73316666666666,3.5,313.0,2019-11-01 12:04:34,围网
11736,30.748166666666666,125.72472222222223,3.4,301.0,2019-11-01 12:14:34,围网
11736,30.755111111111113,125.71661111111106,3.3,317.0,2019-11-01 12:24:33,围网
11736,30.75866666666667,125.71175,0.8,263.0,2019-11-01 12:34:33,围网
11736,30.75733333333333,125.7095,4.8,179.0,2019-11-01 12:44:33,围网
11736,30.75038888888889,125.71344444444445,4.4,44.0,2019-11-01 12:54:33,围网
11736,30.76694444444445,125.7074722222222,7.0,349.0,2019-11-01 13:04:33,围网
11736,30.78725,125.70505555555556,7.4,355.0,2019-11-01 13:14:33,围网
11736,30.80791666666667,125.70311111111113,7.4,351.0,2019-11-01 13:24:33,围网
11736,30.82802777777778,125.69838888888893,7.5,357.0,2019-11-01 13:34:33,围网
11736,30.85,125.69666666666667,7.5,355.0,2019-11-01 13:44:33,围网
11736,30.86541666666667,125.68663888888894,6.8,339.0,2019-11-01 13:54:33,围网
11736,30.884138888888888,125.67938888888894,7.4,346.0,2019-11-01 14:04:33,围网
11736,30.903805555555557,125.67486111111113,7.4,349.0,2019-11-01 14:14:33,围网
11736,30.924,125.67180555555555,7.4,351.0,2019-11-01 14:24:33,围网
11736,30.943972222222207,125.66986111111113,7.1,358.0,2019-11-01 14:34:33,围网
11736,30.963777777777768,125.66786111111112,7.1,1.0,2019-11-01 14:44:33,围网
11736,30.98338888888889,125.66441666666668,7.3,355.0,2019-11-01 14:54:33,围网
11736,31.00322222222222,125.66355555555555,7.4,357.0,2019-11-01 15:04:33,围网
11736,31.02075,125.65869444444445,6.4,296.0,2019-11-01 15:14:33,围网
11736,31.027361111111112,125.63905555555556,6.2,302.0,2019-11-01 15:24:33,围网
11736,31.035166666666665,125.62041666666666,6.2,294.0,2019-11-01 15:34:33,围网
11736,31.041611111111113,125.60108333333332,6.3,279.0,2019-11-01 15:44:34,围网
11736,31.057444444444453,125.58988888888894,6.4,338.0,2019-11-01 15:54:33,围网
11736,31.07336111111111,125.58305555555555,6.4,348.0,2019-11-01 16:04:34,围网
11736,31.09105555555556,125.57802777777776,6.4,329.0,2019-11-01 16:14:33,围网
11736,31.10361111111111,125.56380555555555,6.4,326.0,2019-11-01 16:24:33,围网
11736,31.120166666666666,125.55630555555555,6.5,337.0,2019-11-01 16:34:33,围网
11736,31.13786111111111,125.55266666666668,6.5,351.0,2019-11-01 16:44:33,围网
11736,31.15561111111111,125.55152777777776,6.5,357.0,2019-11-01 16:54:33,围网
11736,31.17352777777778,125.55044444444445,6.4,350.0,2019-11-01 17:04:33,围网
11736,31.19088888888889,125.54775,6.2,349.0,2019-11-01 17:14:33,围网
11736,31.207527777777766,125.5422222222222,6.3,346.0,2019-11-01 17:24:33,围网
11736,31.220777777777766,125.53005555555555,6.3,313.0,2019-11-01 17:34:33,围网
11736,31.23491666666667,125.51822222222222,6.3,327.0,2019-11-01 17:44:33,围网
11736,31.25,125.50830555555555,6.3,338.0,2019-11-01 17:54:33,围网
11736,31.266416666666668,125.49852777777778,6.3,334.0,2019-11-01 18:04:33,围网
11736,31.27802777777778,125.48486111111107,6.3,312.0,2019-11-01 18:14:33,围网
11736,31.289305555555554,125.46916666666668,6.6,296.0,2019-11-01 18:24:33,围网
11736,31.298,125.45066666666666,6.5,293.0,2019-11-01 18:34:33,围网
11736,31.30583333333333,125.43163888888887,6.5,304.0,2019-11-01 18:44:33,围网
11736,31.315777777777786,125.41413888888887,7.2,324.0,2019-11-01 18:54:33,围网
11736,31.330277777777766,125.40222222222219,6.9,340.0,2019-11-01 19:04:33,围网
11736,31.34588888888889,125.39211111111112,6.9,351.0,2019-11-01 19:14:33,围网
11736,31.36277777777779,125.38450000000002,6.7,333.0,2019-11-01 19:24:33,围网
11736,31.37975,125.3772777777778,6.5,340.0,2019-11-01 19:34:33,围网
11736,31.39672222222222,125.36958333333332,6.6,342.0,2019-11-01 19:44:33,围网
11736,31.41402777777777,125.36291666666664,6.6,333.0,2019-11-01 19:54:33,围网
11736,31.43113888888889,125.35519444444445,6.6,339.0,2019-11-01 20:04:34,围网
11736,31.449472222222226,125.34672222222223,6.5,340.0,2019-11-01 20:14:33,围网
11736,31.46533333333333,125.33822222222223,6.7,336.0,2019-11-01 20:24:33,围网
11736,31.483472222222233,125.33244444444445,6.5,350.0,2019-11-01 20:34:33,围网
11736,31.50208333333333,125.32791666666664,6.9,347.0,2019-11-01 20:44:33,围网
11736,31.520861111111113,125.3234722222222,6.6,348.0,2019-11-01 20:54:33,围网
11736,31.53961111111111,125.319,6.8,347.0,2019-11-01 21:04:33,围网
11736,31.55802777777778,125.31147222222219,7.0,342.0,2019-11-01 21:14:33,围网
11736,31.576694444444453,125.3042222222222,6.9,343.0,2019-11-01 21:24:33,围网
11736,31.595527777777786,125.29736111111107,7.1,344.0,2019-11-01 21:34:33,围网
11736,31.61438888888889,125.28883333333332,7.2,341.0,2019-11-01 21:44:33,围网
11736,31.63344444444445,125.28008333333334,7.3,339.0,2019-11-01 21:54:33,围网
11736,31.652638888888887,125.27113888888887,7.3,336.0,2019-11-01 22:04:33,围网
11736,31.672027777777767,125.26297222222222,7.3,340.0,2019-11-01 22:14:33,围网
11736,31.692805555555548,125.25394444444444,7.6,339.0,2019-11-01 22:24:33,围网
11736,31.7115,125.246,7.7,342.0,2019-11-01 22:34:33,围网
11736,31.73172222222221,125.23736111111113,7.8,342.0,2019-11-01 22:44:33,围网
11736,31.752527777777786,125.23116666666668,7.7,345.0,2019-11-01 22:54:33,围网
11736,31.77336111111111,125.22647222222223,7.7,346.0,2019-11-01 23:04:33,围网
11736,31.793250000000004,125.219,7.3,344.0,2019-11-01 23:14:33,围网
11736,31.81327777777778,125.21561111111113,7.2,358.0,2019-11-01 23:24:33,围网
11736,31.83375,125.21497222222222,7.8,2.0,2019-11-01 23:34:33,围网
11736,31.85505555555555,125.21011111111113,7.7,338.0,2019-11-01 23:44:33,围网
11736,31.87458333333333,125.19816666666668,7.9,323.0,2019-11-01 23:54:33,围网
11736,31.894055555555553,125.18558333333333,8.0,331.0,2019-11-02 00:04:33,围网
11736,31.91411111111111,125.17430555555555,7.9,332.0,2019-11-02 00:14:32,围网
11736,31.93466666666667,125.16461111111113,7.2,347.0,2019-11-02 00:24:33,围网
11736,31.95708333333333,125.1555,6.8,343.0,2019-11-02 00:34:32,围网
11736,31.96305555555556,125.1635277777778,5.1,87.0,2019-11-02 00:44:33,围网
11736,31.96372222222222,125.18088888888893,6.5,85.0,2019-11-02 00:54:33,围网
11736,31.964444444444442,125.20255555555555,6.7,91.0,2019-11-02 01:04:33,围网
11736,31.965,125.2245,6.7,90.0,2019-11-02 01:14:33,围网
11736,31.96563888888889,125.24686111111113,6.9,83.0,2019-11-02 01:24:33,围网
11736,31.96619444444445,125.2695,7.0,82.0,2019-11-02 01:34:33,围网
11736,31.96744444444445,125.29236111111106,7.4,76.0,2019-11-02 01:44:33,围网
11736,31.96863888888889,125.3155,7.1,84.0,2019-11-02 01:54:33,围网
11736,31.97058333333333,125.33869444444444,7.2,90.0,2019-11-02 02:04:33,围网
11736,31.972527777777767,125.36211111111106,7.4,80.0,2019-11-02 02:14:33,围网
11736,31.973527777777786,125.38580555555555,7.2,91.0,2019-11-02 02:24:33,围网
11736,31.97819444444444,125.40780555555556,7.1,43.0,2019-11-02 02:34:33,围网
11736,31.99002777777779,125.42361111111113,6.5,5.0,2019-11-02 02:44:33,围网
11736,31.994861111111113,125.43730555555555,4.9,97.0,2019-11-02 02:54:33,围网
11736,31.993944444444452,125.44869444444444,3.4,90.0,2019-11-02 03:04:33,围网
11736,31.993527777777786,125.45994444444445,3.4,84.0,2019-11-02 03:14:33,围网
11736,31.9935,125.47133333333332,3.4,84.0,2019-11-02 03:24:33,围网
11736,31.99355555555556,125.48280555555556,3.5,94.0,2019-11-02 03:34:33,围网
11736,31.9935,125.49413888888887,3.4,90.0,2019-11-02 03:44:33,围网
11736,31.992777777777786,125.50538888888887,3.4,98.0,2019-11-02 03:54:33,围网
11736,31.991861111111113,125.51675,3.5,91.0,2019-11-02 04:04:32,围网
11736,31.99016666666667,125.52802777777777,3.6,108.0,2019-11-02 04:14:32,围网
11736,31.98838888888889,125.53936111111106,3.4,90.0,2019-11-02 04:24:32,围网
11736,31.98713888888889,125.55058333333332,3.3,101.0,2019-11-02 04:34:32,围网
11736,31.985555555555557,125.55516666666666,2.1,117.0,2019-11-02 04:44:33,围网
11736,31.985750000000003,125.55583333333333,5.8,267.0,2019-11-02 04:54:32,围网
11736,31.988805555555558,125.53913888888887,5.4,286.0,2019-11-02 05:04:33,围网
11736,31.99213888888889,125.52066666666668,6.1,273.0,2019-11-02 05:14:33,围网
11736,31.99391666666667,125.50094444444444,6.2,283.0,2019-11-02 05:24:33,围网
11736,31.996972222222233,125.48152777777777,5.9,297.0,2019-11-02 05:34:33,围网
11736,32.00047222222222,125.46213888888887,6.1,287.0,2019-11-02 05:44:33,围网
11736,32.00263888888889,125.44222222222223,6.1,273.0,2019-11-02 05:54:33,围网
11736,32.00436111111112,125.42222222222223,6.1,276.0,2019-11-02 06:04:33,围网
11736,32.008250000000004,125.40299999999999,5.8,291.0,2019-11-02 06:14:33,围网
11736,32.01269444444445,125.38366666666668,6.8,275.0,2019-11-02 06:24:33,围网
11736,32.017222222222216,125.36452777777778,6.2,289.0,2019-11-02 06:34:33,围网
11736,32.02158333333333,125.345,6.1,281.0,2019-11-02 06:44:33,围网
11736,32.02616666666667,125.32536111111106,6.3,289.0,2019-11-02 06:54:33,围网
11736,32.03133333333333,125.30480555555555,6.2,286.0,2019-11-02 07:04:33,围网
11736,32.03575,125.28627777777778,6.4,284.0,2019-11-02 07:14:33,围网
11736,32.04088888888889,125.26655555555556,6.3,287.0,2019-11-02 07:24:33,围网
11736,32.046611111111105,125.24725,6.2,293.0,2019-11-02 07:34:33,围网
11736,32.052305555555556,125.22769444444445,6.3,288.0,2019-11-02 07:44:33,围网
11736,32.059083333333334,125.20877777777778,6.1,303.0,2019-11-02 07:54:33,围网
11736,32.068583333333336,125.19455555555555,5.2,336.0,2019-11-02 08:04:32,围网
11736,32.082722222222216,125.19166666666668,5.2,2.0,2019-11-02 08:14:32,围网
11736,32.09163888888889,125.18519444444445,4.6,281.0,2019-11-02 08:24:32,围网
11736,32.09225000000001,125.17422222222223,3.5,271.0,2019-11-02 08:34:32,围网
11736,32.09244444444445,125.16308333333332,3.4,274.0,2019-11-02 08:44:32,围网
11736,32.093444444444444,125.15194444444445,3.6,268.0,2019-11-02 08:54:32,围网
11736,32.09661111111111,125.12927777777777,3.3,270.0,2019-11-02 09:14:32,围网
11736,32.09702777777778,125.11880555555555,3.3,270.0,2019-11-02 09:24:33,围网
11736,32.098777777777784,125.10808333333333,3.6,304.0,2019-11-02 09:34:33,围网
11736,32.105000000000004,125.1002222222222,3.4,321.0,2019-11-02 09:44:33,围网
11736,32.11225,125.09369444444445,2.0,298.0,2019-11-02 09:54:33,围网
11736,32.11186111111111,125.08813888888888,2.5,251.0,2019-11-02 10:04:33,围网
11736,32.109750000000005,125.08672222222219,4.2,89.0,2019-11-02 10:14:33,围网
11736,32.12008333333333,125.0960277777778,4.0,0.0,2019-11-02 10:24:33,围网
11736,32.12952777777778,125.09575,3.1,6.0,2019-11-02 10:34:33,围网
11736,32.1385,125.09558333333332,3.2,5.0,2019-11-02 10:44:33,围网
11736,32.14780555555556,125.09494444444445,3.1,9.0,2019-11-02 10:54:33,围网
11736,32.15713888888889,125.09472222222222,3.3,7.0,2019-11-02 11:04:33,围网
11736,32.16633333333333,125.09394444444445,3.4,7.0,2019-11-02 11:14:33,围网
11736,32.176277777777784,125.09202777777777,3.4,344.0,2019-11-02 11:24:33,围网
11736,32.18508333333333,125.09047222222222,3.4,355.0,2019-11-02 11:34:33,围网
11736,32.19458333333333,125.08858333333332,3.7,345.0,2019-11-02 11:44:33,围网
11736,32.20411111111111,125.08455555555555,3.9,319.0,2019-11-02 11:54:33,围网
11736,32.21219444444445,125.07586111111112,4.0,318.0,2019-11-02 12:04:33,围网
11736,32.22113888888889,125.06858333333332,4.0,325.0,2019-11-02 12:14:32,围网
11736,32.22883333333333,125.05952777777777,3.9,315.0,2019-11-02 12:24:32,围网
11736,32.232972222222216,125.05386111111108,1.5,298.0,2019-11-02 12:34:32,围网
11736,32.23330555555556,125.0485277777778,1.4,220.0,2019-11-02 12:44:32,围网
11736,32.24652777777778,125.04013888888888,2.5,341.0,2019-11-02 12:54:32,围网
11736,32.25688888888889,125.03616666666667,3.3,339.0,2019-11-02 13:04:32,围网
11736,32.266,125.03094444444444,3.6,329.0,2019-11-02 13:14:32,围网
11736,32.27463888888889,125.02488888888894,3.0,311.0,2019-11-02 13:24:32,围网
11736,32.283972222222225,125.01861111111113,3.9,338.0,2019-11-02 13:34:32,围网
11736,32.292277777777784,125.01363888888888,3.4,329.0,2019-11-02 13:44:33,围网
11736,32.30086111111111,125.00922222222223,3.0,347.0,2019-11-02 13:54:33,围网
11736,32.30502777777778,125.00780555555555,1.4,328.0,2019-11-02 14:04:33,围网
11736,32.309305555555554,125.00330555555556,5.8,339.0,2019-11-02 14:14:33,围网
11736,32.31983333333333,124.99666666666668,5.9,345.0,2019-11-02 14:24:33,围网
11736,32.33005555555556,124.99225,3.3,345.0,2019-11-02 14:34:33,围网
11736,32.34041666666667,124.98933333333332,3.8,352.0,2019-11-02 14:44:33,围网
11736,32.350861111111115,124.9872777777778,3.7,351.0,2019-11-02 14:54:33,围网
11736,32.36102777777778,124.98494444444445,3.7,352.0,2019-11-02 15:04:33,围网
11736,32.37125,124.98294444444444,3.7,347.0,2019-11-02 15:14:33,围网
11736,32.38136111111111,124.98102777777778,3.5,357.0,2019-11-02 15:24:33,围网
11736,32.39136111111111,124.9797222222222,3.6,353.0,2019-11-02 15:34:33,围网
11736,32.40208333333334,124.97861111111106,3.7,354.0,2019-11-02 15:44:33,围网
11736,32.41133333333333,124.97786111111112,3.3,355.0,2019-11-02 15:54:33,围网
11736,32.42102777777778,124.97708333333333,3.2,355.0,2019-11-02 16:04:32,围网
11736,32.43058333333333,124.97675,3.4,358.0,2019-11-02 16:14:32,围网
11736,32.44383333333333,124.9775,2.4,353.0,2019-11-02 16:34:32,围网
11736,32.44508333333333,124.97811111111113,0.6,38.0,2019-11-02 16:44:32,围网
11736,32.44566666666666,124.97919444444445,0.6,83.0,2019-11-02 16:54:32,围网
11736,32.44597222222223,124.9805,0.5,78.0,2019-11-02 17:04:32,围网
11736,32.44616666666666,124.98169444444444,1.8,254.0,2019-11-02 17:14:32,围网
11736,32.43819444444444,124.97741666666668,3.1,179.0,2019-11-02 17:24:32,围网
11736,32.428999999999995,124.97730555555556,3.3,180.0,2019-11-02 17:34:32,围网
11736,32.419555555555554,124.97786111111112,3.3,171.0,2019-11-02 17:44:32,围网
11736,32.40952777777778,124.979,3.5,175.0,2019-11-02 17:54:32,围网
11736,32.40047222222222,124.97991666666668,3.6,176.0,2019-11-02 18:04:33,围网
11736,32.39080555555556,124.98136111111113,3.5,170.0,2019-11-02 18:14:33,围网
11736,32.381166666666665,124.98336111111112,3.4,171.0,2019-11-02 18:24:33,围网
11736,32.37144444444444,124.98466666666668,3.4,176.0,2019-11-02 18:34:33,围网
11736,32.361666666666665,124.9862777777778,3.5,170.0,2019-11-02 18:44:33,围网
11736,32.35175,124.98802777777777,3.7,172.0,2019-11-02 18:54:33,围网
11736,32.34180555555556,124.98988888888893,3.5,170.0,2019-11-02 19:04:33,围网
11736,32.33591666666667,124.99161111111113,0.7,147.0,2019-11-02 19:14:33,围网
11736,32.33361111111111,124.99469444444445,4.6,354.0,2019-11-02 19:24:33,围网
11736,32.32961111111111,124.99588888888893,3.8,144.0,2019-11-02 19:34:33,围网
11736,32.321138888888896,125.00172222222223,3.5,152.0,2019-11-02 19:44:33,围网
11736,32.31272222222222,125.00763888888888,3.3,149.0,2019-11-02 19:54:33,围网
11736,32.30369444444445,125.01372222222223,3.5,152.0,2019-11-02 20:04:32,围网
11736,32.29583333333333,125.01919444444445,3.6,149.0,2019-11-02 20:14:32,围网
11736,32.28727777777777,125.02475,3.5,152.0,2019-11-02 20:24:32,围网
11736,32.27861111111111,125.02977777777778,3.4,159.0,2019-11-02 20:34:32,围网
11736,32.269416666666665,125.03316666666666,3.4,163.0,2019-11-02 20:44:32,围网
11736,32.26002777777778,125.03588888888888,3.4,167.0,2019-11-02 20:54:32,围网
11736,32.25036111111111,125.03608333333332,3.6,189.0,2019-11-02 21:04:32,围网
11736,32.24080555555556,125.03316666666666,3.5,190.0,2019-11-02 21:14:32,围网
11736,32.23147222222223,125.0300277777778,3.5,194.0,2019-11-02 21:24:32,围网
11736,32.228472222222216,125.02827777777777,2.4,194.0,2019-11-02 21:34:32,围网
11736,32.22683333333333,125.03272222222222,5.9,81.0,2019-11-02 21:44:32,围网
11736,32.23388888888889,125.04461111111112,1.8,324.0,2019-11-02 21:54:32,围网
11736,32.24277777777778,125.04005555555555,3.2,335.0,2019-11-02 22:04:32,围网
11736,32.251888888888885,125.03491666666666,3.3,338.0,2019-11-02 22:14:33,围网
11736,32.260055555555546,125.03036111111112,3.5,327.0,2019-11-02 22:24:33,围网
11736,32.268527777777784,125.02455555555555,3.4,328.0,2019-11-02 22:34:33,围网
11736,32.27702777777778,125.01861111111113,3.7,325.0,2019-11-02 22:44:33,围网
11736,32.28513888888889,125.01222222222222,3.4,320.0,2019-11-02 22:54:33,围网
11736,32.29344444444444,125.00616666666667,3.4,334.0,2019-11-02 23:04:33,围网
11736,32.301888888888875,125.00005555555555,4.0,329.0,2019-11-02 23:14:33,围网
11736,32.31030555555556,124.99427777777778,3.3,331.0,2019-11-02 23:24:33,围网
11736,32.319,124.98955555555555,3.2,335.0,2019-11-02 23:34:33,围网
11736,32.32780555555557,124.98519444444445,3.2,343.0,2019-11-02 23:44:33,围网
11736,32.33697222222223,124.98197222222224,3.4,339.0,2019-11-02 23:54:33,围网
11736,32.333555555555556,124.9830277777778,4.8,137.0,2019-11-03 00:14:32,围网
11736,32.335722222222216,124.99066666666668,5.3,351.0,2019-11-03 00:24:32,围网
11736,32.344944444444444,124.98880555555556,3.5,349.0,2019-11-03 00:34:32,围网
11736,32.354361111111125,124.98625,3.3,344.0,2019-11-03 00:44:32,围网
11736,32.36394444444444,124.9844722222222,3.4,347.0,2019-11-03 00:54:32,围网
11736,32.37383333333333,124.98288888888894,3.7,350.0,2019-11-03 01:04:32,围网
11736,32.38375,124.98136111111113,3.4,350.0,2019-11-03 01:14:32,围网
11736,32.39366666666667,124.97988888888894,3.5,356.0,2019-11-03 01:24:32,围网
11736,32.40358333333333,124.97875,3.4,354.0,2019-11-03 01:34:32,围网
11736,32.413555555555554,124.978,3.5,353.0,2019-11-03 01:44:32,围网
11736,32.42341666666667,124.97780555555555,3.5,1.0,2019-11-03 01:54:32,围网
11736,32.43327777777777,124.97733333333332,3.6,4.0,2019-11-03 02:04:32,围网
11736,32.44297222222223,124.97786111111112,3.3,3.0,2019-11-03 02:14:32,围网
11736,32.45252777777778,124.9784722222222,3.3,12.0,2019-11-03 02:24:32,围网
11736,32.45988888888889,124.97905555555555,0.2,0.0,2019-11-03 02:34:33,围网
11736,32.46355555555556,124.97825,0.4,270.0,2019-11-03 02:44:33,围网
11736,32.464,124.97841666666667,0.2,0.0,2019-11-03 02:54:33,围网
11736,32.46444444444445,124.97872222222222,0.5,60.0,2019-11-03 03:04:33,围网
11736,32.46369444444445,124.97805555555556,2.0,183.0,2019-11-03 03:14:33,围网
11736,32.46444444444445,124.9785,4.0,242.0,2019-11-03 03:24:33,围网
11736,32.45558333333334,124.97144444444444,4.3,198.0,2019-11-03 03:34:33,围网
11736,32.45230555555556,124.97252777777777,0.5,0.0,2019-11-03 03:44:33,围网
11736,32.44352777777777,124.96911111111108,4.7,221.0,2019-11-03 03:54:33,围网
11736,32.43366666666666,124.9595,4.3,212.0,2019-11-03 04:04:32,围网
11736,32.42444444444444,124.95891666666668,3.4,157.0,2019-11-03 04:14:32,围网
11736,32.415694444444455,124.96294444444445,3.3,160.0,2019-11-03 04:24:32,围网
11736,32.40677777777777,124.9670277777778,3.5,152.0,2019-11-03 04:34:32,围网
11736,32.39738888888889,124.97169444444445,3.7,147.0,2019-11-03 04:44:32,围网
11736,32.38961111111111,124.97833333333334,3.7,143.0,2019-11-03 04:54:32,围网
11736,32.38038888888889,124.98225,3.5,170.0,2019-11-03 05:04:32,围网
11736,32.370944444444454,124.98505555555555,3.7,158.0,2019-11-03 05:14:32,围网
11736,32.36169444444445,124.98986111111113,3.6,154.0,2019-11-03 05:24:32,围网
11736,32.35208333333334,124.99277777777776,3.4,170.0,2019-11-03 05:34:32,围网
11736,32.34227777777778,124.99513888888887,3.6,162.0,2019-11-03 05:44:32,围网
11736,32.33244444444445,124.9995277777778,3.7,160.0,2019-11-03 05:54:32,围网
11736,32.32633333333334,125.00280555555555,1.4,155.0,2019-11-03 06:04:32,围网
11736,32.32127777777778,125.00577777777778,1.5,144.0,2019-11-03 06:14:32,围网
11736,32.33266666666667,125.00691666666664,5.4,54.0,2019-11-03 06:24:32,围网
11736,32.32180555555557,125.01219444444445,3.6,155.0,2019-11-03 06:34:32,围网
11736,32.3125,125.01713888888894,3.7,151.0,2019-11-03 06:44:32,围网
11736,32.30280555555556,125.02205555555555,3.4,150.0,2019-11-03 06:54:33,围网
11736,32.29380555555556,125.0247222222222,3.5,165.0,2019-11-03 07:04:33,围网
11736,32.28433333333333,125.02858333333332,3.5,160.0,2019-11-03 07:14:33,围网
11736,32.27483333333333,125.03263888888887,3.6,156.0,2019-11-03 07:24:33,围网
11736,32.26527777777777,125.03666666666666,3.5,158.0,2019-11-03 07:34:33,围网
11736,32.25586111111112,125.04069444444444,3.5,159.0,2019-11-03 07:44:33,围网
11736,32.24625,125.04394444444445,3.3,165.0,2019-11-03 07:54:32,围网
11736,32.23661111111111,125.04705555555556,3.5,165.0,2019-11-03 08:04:32,围网
11736,32.22980555555556,125.04777777777778,1.2,216.0,2019-11-03 08:14:32,围网
11736,32.22375,125.0470277777778,1.2,179.0,2019-11-03 08:24:32,围网
11736,32.22191666666667,125.05205555555555,5.1,71.0,2019-11-03 08:34:32,围网
11736,32.22602777777778,125.06891666666664,5.7,77.0,2019-11-03 08:44:32,围网
11736,32.22916666666667,125.08675,4.6,50.0,2019-11-03 08:54:32,围网
11736,32.238777777777784,125.10036111111113,4.4,352.0,2019-11-03 09:04:32,围网
11736,32.22888888888889,125.0992222222222,3.6,175.0,2019-11-03 09:14:32,围网
11736,32.21925,125.09969444444445,4.3,179.0,2019-11-03 09:24:32,围网
11736,32.20894444444445,125.10025,3.8,173.0,2019-11-03 09:34:32,围网
11736,32.19925,125.10244444444444,2.7,0.0,2019-11-03 09:44:32,围网
11736,32.18919444444445,125.10480555555556,3.1,175.0,2019-11-03 09:54:32,围网
11736,32.17936111111111,125.10638888888887,4.0,175.0,2019-11-03 10:04:32,围网
11736,32.169111111111114,125.10722222222222,3.5,183.0,2019-11-03 10:14:32,围网
11736,32.159777777777784,125.10755555555555,3.5,178.0,2019-11-03 10:24:32,围网
11736,32.152833333333334,125.1062222222222,0.9,323.0,2019-11-03 10:34:32,围网
11736,32.14977777777778,125.1022222222222,1.8,223.0,2019-11-03 10:44:32,围网
11736,32.16227777777777,125.10808333333333,6.3,4.0,2019-11-03 10:54:32,围网
11736,32.17802777777778,125.11211111111106,5.1,352.0,2019-11-03 11:04:32,围网
11736,32.18827777777777,125.10883333333332,3.1,350.0,2019-11-03 11:14:33,围网
11736,32.196277777777766,125.10430555555556,3.6,327.0,2019-11-03 11:24:33,围网
11736,32.20488888888889,125.10002777777777,3.6,341.0,2019-11-03 11:34:33,围网
11736,32.213750000000005,125.09669444444445,3.2,355.0,2019-11-03 11:44:33,围网
11736,32.22291666666667,125.09491666666666,3.4,346.0,2019-11-03 11:54:32,围网
11736,32.23236111111112,125.09255555555555,3.5,343.0,2019-11-03 12:04:32,围网
11736,32.24186111111111,125.08994444444444,3.4,347.0,2019-11-03 12:14:32,围网
11736,32.251555555555555,125.08741666666668,3.4,343.0,2019-11-03 12:24:32,围网
11736,32.26108333333333,125.08463888888888,3.4,350.0,2019-11-03 12:34:32,围网
11736,32.27072222222222,125.08197222222222,3.5,348.0,2019-11-03 12:44:32,围网
11736,32.28022222222222,125.07875,3.5,337.0,2019-11-03 12:54:32,围网
11736,32.28388888888889,125.07402777777777,2.6,280.0,2019-11-03 13:04:32,围网
11736,32.27952777777778,125.07019444444445,5.7,173.0,2019-11-03 13:14:32,围网
11736,32.267250000000004,125.0794722222222,3.1,156.0,2019-11-03 13:24:32,围网
11736,32.27016666666666,125.06791666666666,3.6,286.0,2019-11-03 13:34:32,围网
11736,32.27480555555556,125.05761111111107,3.3,305.0,2019-11-03 13:44:32,围网
11736,32.28036111111111,125.04799999999999,3.4,297.0,2019-11-03 13:54:32,围网
11736,32.285444444444444,125.03788888888887,3.3,305.0,2019-11-03 14:04:32,围网
11736,32.291555555555554,125.02891666666666,3.3,315.0,2019-11-03 14:14:32,围网
11736,32.29708333333333,125.01969444444444,3.5,312.0,2019-11-03 14:24:32,围网
11736,32.30483333333333,125.01316666666666,3.5,340.0,2019-11-03 14:34:32,围网
11736,32.31375,125.00927777777778,3.2,343.0,2019-11-03 14:44:32,围网
11736,32.322638888888896,125.00380555555556,3.2,331.0,2019-11-03 14:54:32,围网
11736,32.33030555555556,124.99827777777777,3.3,316.0,2019-11-03 15:04:32,围网
11736,32.338166666666666,124.99311111111112,0.6,319.0,2019-11-03 15:14:32,围网
11736,32.33952777777778,124.98938888888887,1.2,259.0,2019-11-03 15:24:32,围网
11736,32.34163888888889,124.98705555555556,3.7,359.0,2019-11-03 15:34:33,围网
11736,32.352472222222225,124.98563888888887,3.6,345.0,2019-11-03 15:44:32,围网
11736,32.36236111111111,124.984,3.5,354.0,2019-11-03 15:54:32,围网
11736,32.37222222222222,124.98294444444444,3.5,350.0,2019-11-03 16:04:32,围网
11736,32.38202777777778,124.98197222222224,3.4,354.0,2019-11-03 16:14:32,围网
11736,32.391694444444454,124.98175,3.3,353.0,2019-11-03 16:24:32,围网
11736,32.40119444444444,124.98327777777777,3.5,16.0,2019-11-03 16:34:32,围网
11736,32.410361111111115,124.98644444444444,3.5,20.0,2019-11-03 16:44:32,围网
11736,32.418194444444445,124.99205555555555,3.5,40.0,2019-11-03 16:54:32,围网
11736,32.42375,125.00088888888894,3.3,64.0,2019-11-03 17:04:32,围网
11736,32.42219444444444,125.01180555555555,3.3,108.0,2019-11-03 17:14:32,围网
11736,32.42063888888889,125.01586111111112,1.5,128.0,2019-11-03 17:24:32,围网
11736,32.41908333333333,125.01786111111113,0.6,163.0,2019-11-03 17:34:32,围网
11736,32.418027777777766,125.01916666666666,0.6,147.0,2019-11-03 17:44:32,围网
11736,32.41688888888889,125.02025,0.5,142.0,2019-11-03 17:54:32,围网
11736,32.41544444444444,125.02161111111113,0.6,61.0,2019-11-03 18:04:32,围网
11736,32.41030555555556,125.01994444444445,4.5,197.0,2019-11-03 18:14:32,围网
11736,32.40741666666667,125.01661111111108,0.9,214.0,2019-11-03 18:24:32,围网
11736,32.405611111111114,125.01586111111112,0.9,195.0,2019-11-03 18:34:32,围网
11736,32.39977777777778,125.01788888888888,5.8,130.0,2019-11-03 18:44:32,围网
11736,32.39366666666667,125.02688888888888,3.1,116.0,2019-11-03 18:54:32,围网
11736,32.38916666666667,125.03661111111113,3.3,116.0,2019-11-03 19:04:32,围网
11736,32.38436111111111,125.04641666666666,3.5,129.0,2019-11-03 19:14:32,围网
11736,32.37897222222223,125.05583333333333,3.3,130.0,2019-11-03 19:24:32,围网
11736,32.37430555555556,125.06575,3.7,128.0,2019-11-03 19:34:32,围网
11736,32.370194444444444,125.07586111111112,3.4,110.0,2019-11-03 19:44:31,围网
11736,32.36580555555556,125.08652777777776,3.3,121.0,2019-11-03 19:54:32,围网
11736,32.36036111111112,125.09516666666669,3.6,140.0,2019-11-03 20:04:32,围网
11736,32.35222222222223,125.10188888888888,3.3,147.0,2019-11-03 20:14:32,围网
11736,32.343,125.10569444444445,3.5,163.0,2019-11-03 20:24:32,围网
11736,32.337833333333336,125.10611111111106,2.5,177.0,2019-11-03 20:34:32,围网
11736,32.33305555555556,125.10600000000001,2.9,141.0,2019-11-03 20:44:32,围网
11736,32.32033333333334,125.10508333333333,3.7,186.0,2019-11-03 20:54:32,围网
11736,32.30913888888889,125.10519444444445,5.9,173.0,2019-11-03 21:04:32,围网
11736,32.298805555555546,125.10541666666666,3.5,181.0,2019-11-03 21:14:32,围网
11736,32.28894444444444,125.10608333333332,3.4,176.0,2019-11-03 21:24:32,围网
11736,32.27880555555556,125.1062777777778,3.7,179.0,2019-11-03 21:34:32,围网
11736,32.26861111111111,125.10613888888888,3.7,177.0,2019-11-03 21:44:32,围网
11736,32.25808333333334,125.10672222222222,3.4,171.0,2019-11-03 21:54:32,围网
11736,32.24791666666667,125.10769444444445,3.5,175.0,2019-11-03 22:04:32,围网
11736,32.23855555555556,125.10855555555555,3.5,170.0,2019-11-03 22:14:32,围网
11736,32.22869444444445,125.11,3.6,179.0,2019-11-03 22:24:32,围网
11736,32.21888888888889,125.11066666666666,3.3,181.0,2019-11-03 22:34:32,围网
11736,32.2105,125.1099722222222,0.6,331.0,2019-11-03 22:44:32,围网
11736,32.207,125.10877777777776,2.4,168.0,2019-11-03 22:54:32,围网
11736,32.19863888888889,125.11158333333331,6.0,183.0,2019-11-03 23:04:32,围网
11736,32.18244444444444,125.11575,6.2,148.0,2019-11-03 23:14:32,围网
11736,32.16594444444444,125.12486111111107,7.0,148.0,2019-11-03 23:24:32,围网
11736,32.147888888888886,125.13208333333333,7.4,172.0,2019-11-03 23:34:31,围网
11736,32.13038888888889,125.14255555555556,6.9,147.0,2019-11-03 23:44:31,围网
11736,32.113638888888886,125.15461111111112,7.5,155.0,2019-11-03 23:54:31,围网
11736,32.096027777777785,125.16591666666667,6.8,157.0,2019-11-04 00:04:32,围网
11736,32.0795,125.17786111111113,6.7,133.0,2019-11-04 00:14:32,围网
11736,32.064416666666666,125.1885,6.9,147.0,2019-11-04 00:24:32,围网
11736,32.04691666666667,125.19738888888894,7.0,158.0,2019-11-04 00:34:32,围网
11736,32.02975,125.20694444444445,6.5,149.0,2019-11-04 00:44:32,围网
11736,32.013555555555556,125.21794444444444,6.7,137.0,2019-11-04 00:54:32,围网
11736,31.99730555555556,125.22869444444444,6.8,145.0,2019-11-04 01:04:32,围网
11736,31.98083333333333,125.23899999999999,7.5,156.0,2019-11-04 01:14:32,围网
11736,31.964666666666666,125.24966666666668,6.6,129.0,2019-11-04 01:24:32,围网
11736,31.949,125.26188888888888,6.7,146.0,2019-11-04 01:34:32,围网
11736,31.932527777777786,125.2715277777778,6.8,153.0,2019-11-04 01:44:32,围网
11736,31.91866666666667,125.2849722222222,6.5,135.0,2019-11-04 01:54:32,围网
11736,31.902916666666666,125.29580555555556,6.7,167.0,2019-11-04 02:04:32,围网
11736,31.8875,125.30675,7.2,149.0,2019-11-04 02:14:32,围网
11736,31.87219444444445,125.32075,6.8,153.0,2019-11-04 02:24:32,围网
11736,31.856777777777786,125.32894444444445,6.7,163.0,2019-11-04 02:34:32,围网
11736,31.83969444444445,125.33666666666666,6.2,151.0,2019-11-04 02:44:32,围网
11736,31.82338888888889,125.34675,6.9,130.0,2019-11-04 02:54:32,围网
11736,31.80597222222222,125.35330555555555,7.2,174.0,2019-11-04 03:04:32,围网
11736,31.78833333333333,125.36083333333332,7.3,167.0,2019-11-04 03:14:32,围网
11736,31.770555555555553,125.36830555555555,6.7,167.0,2019-11-04 03:24:32,围网
11736,31.752666666666666,125.376,6.2,166.0,2019-11-04 03:34:32,围网
11736,31.73413888888889,125.38183333333332,6.8,162.0,2019-11-04 03:44:31,围网
11736,31.71608333333333,125.38925,6.9,166.0,2019-11-04 03:54:31,围网
11736,31.697944444444442,125.39705555555555,7.5,148.0,2019-11-04 04:04:31,围网
11736,31.68080555555556,125.40761111111112,6.4,165.0,2019-11-04 04:14:31,围网
11736,31.66333333333333,125.41725,6.1,149.0,2019-11-04 04:24:31,围网
11736,31.644805555555553,125.42858333333334,6.8,150.0,2019-11-04 04:34:31,围网
11736,31.62838888888889,125.43891666666669,7.1,143.0,2019-11-04 04:44:31,围网
11736,31.61058333333333,125.44958333333334,7.0,148.0,2019-11-04 04:54:32,围网
11736,31.59311111111111,125.46122222222222,7.7,153.0,2019-11-04 05:04:32,围网
11736,31.576027777777767,125.47399999999999,7.7,146.0,2019-11-04 05:14:32,围网
11736,31.55811111111111,125.48502777777777,7.1,148.0,2019-11-04 05:24:32,围网
11736,31.53961111111111,125.49458333333332,7.4,157.0,2019-11-04 05:34:32,围网
11736,31.52069444444444,125.50375,7.5,157.0,2019-11-04 05:44:32,围网
11736,31.50161111111111,125.51275,7.5,157.0,2019-11-04 05:54:32,围网
11736,31.48269444444445,125.52213888888888,7.5,169.0,2019-11-04 06:04:32,围网
11736,31.46327777777779,125.53016666666667,7.5,152.0,2019-11-04 06:14:32,围网
11736,31.443805555555556,125.53908333333334,7.7,154.0,2019-11-04 06:24:32,围网
11736,31.424777777777766,125.54883333333332,7.8,146.0,2019-11-04 06:34:32,围网
11736,31.414361111111113,125.57102777777777,7.4,113.0,2019-11-04 06:44:32,围网
11736,31.40738888888889,125.59175,7.2,108.0,2019-11-04 06:54:32,围网
11736,31.395861111111113,125.60905555555556,6.6,141.0,2019-11-04 07:04:32,围网
11736,31.384694444444445,125.62652777777777,6.6,129.0,2019-11-04 07:14:32,围网
11736,31.376555555555555,125.6394722222222,3.8,130.0,2019-11-04 07:24:32,围网
11736,31.368944444444452,125.64761111111113,3.4,134.0,2019-11-04 07:34:32,围网
11736,31.36119444444445,125.65536111111112,3.5,147.0,2019-11-04 07:44:32,围网
11736,31.35325000000001,125.66252777777778,3.6,153.0,2019-11-04 07:54:32,围网
11736,31.34486111111111,125.66922222222223,3.3,146.0,2019-11-04 08:04:31,围网
11736,31.335777777777786,125.67438888888887,3.7,146.0,2019-11-04 08:14:31,围网
11736,31.328527777777786,125.68200000000002,3.3,140.0,2019-11-04 08:24:31,围网
11736,31.32050000000001,125.68855555555555,3.9,158.0,2019-11-04 08:34:31,围网
11736,31.31219444444445,125.69416666666667,3.3,146.0,2019-11-04 08:44:31,围网
11736,31.303027777777785,125.6999722222222,3.5,158.0,2019-11-04 08:54:31,围网
11736,31.29494444444445,125.70505555555556,3.4,152.0,2019-11-04 09:04:31,围网
11736,31.28591666666667,125.70958333333333,3.8,159.0,2019-11-04 09:14:31,围网
11736,31.28225,125.70861111111113,2.1,195.0,2019-11-04 09:24:31,围网
11736,31.2815,125.70938888888894,1.5,353.0,2019-11-04 09:34:31,围网
11736,31.27783333333333,125.71422222222223,3.4,134.0,2019-11-04 09:44:32,围网
11736,31.26880555555556,125.71863888888888,3.6,169.0,2019-11-04 09:54:32,围网
11736,31.258777777777766,125.72002777777777,3.4,177.0,2019-11-04 10:04:32,围网
11736,31.24875,125.72038888888888,3.3,179.0,2019-11-04 10:14:32,围网
11736,31.23875,125.71891666666666,3.3,182.0,2019-11-04 10:24:32,围网
11736,31.228972222222207,125.7162777777778,3.4,193.0,2019-11-04 10:34:32,围网
11736,31.22,125.71269444444445,2.9,206.0,2019-11-04 10:44:32,围网
11736,31.218805555555555,125.71138888888888,2.4,165.0,2019-11-04 10:54:32,围网
11736,31.225388888888887,125.71619444444444,5.5,23.0,2019-11-04 11:04:32,围网
11736,31.23838888888889,125.71797222222223,4.2,300.0,2019-11-04 11:14:32,围网
11736,31.24191666666667,125.70569444444445,3.7,281.0,2019-11-04 11:24:32,围网
11736,31.24308333333333,125.69341666666668,3.5,273.0,2019-11-04 11:34:32,围网
11736,31.24630555555556,125.68211111111113,3.3,291.0,2019-11-04 11:44:32,围网
11736,31.25186111111111,125.67241666666668,2.8,311.0,2019-11-04 11:54:32,围网
11736,31.25741666666667,125.66286111111113,3.8,298.0,2019-11-04 12:04:32,围网
11736,31.262611111111113,125.65319444444445,3.5,315.0,2019-11-04 12:14:31,围网
11736,31.26880555555556,125.64463888888888,3.7,339.0,2019-11-04 12:24:31,围网
11736,31.275416666666665,125.63869444444444,1.1,218.0,2019-11-04 12:34:31,围网
11736,31.272277777777767,125.63369444444444,1.5,206.0,2019-11-04 12:44:31,围网
11736,31.26661111111111,125.64630555555556,6.0,108.0,2019-11-04 12:54:31,围网
11736,31.25875,125.6608888888889,5.0,125.0,2019-11-04 13:04:31,围网
11736,31.26775,125.65963888888888,3.1,341.0,2019-11-04 13:14:31,围网
11736,31.276138888888887,125.65686111111113,3.2,355.0,2019-11-04 13:24:31,围网
11736,31.285055555555555,125.65513888888887,3.5,340.0,2019-11-04 13:34:31,围网
11736,31.293944444444445,125.65405555555556,3.9,3.0,2019-11-04 13:44:31,围网
11736,31.30269444444445,125.65544444444444,3.7,24.0,2019-11-04 13:54:31,围网
11736,31.308777777777767,125.66266666666668,3.1,55.0,2019-11-04 14:04:31,围网
11736,31.313527777777786,125.67105555555555,3.3,54.0,2019-11-04 14:14:32,围网
11736,31.317416666666666,125.68013888888888,3.5,69.0,2019-11-04 14:24:32,围网
11736,31.32408333333333,125.69894444444445,3.3,54.0,2019-11-04 14:44:32,围网
11736,31.32988888888889,125.70711111111113,3.2,53.0,2019-11-04 14:54:32,围网
11736,31.336388888888887,125.7145277777778,3.5,102.0,2019-11-04 15:04:32,围网
11736,31.33822222222221,125.71788888888894,1.0,128.0,2019-11-04 15:14:32,围网
11736,31.33463888888889,125.71655555555556,6.8,234.0,2019-11-04 15:24:32,围网
11736,31.32627777777777,125.69961111111112,6.3,236.0,2019-11-04 15:34:32,围网
11736,31.32022222222223,125.69455555555555,4.9,102.0,2019-11-04 15:44:32,围网
11736,31.316722222222207,125.70516666666668,3.3,106.0,2019-11-04 15:54:32,围网
11736,31.313222222222233,125.71511111111113,3.4,105.0,2019-11-04 16:04:32,围网
11736,31.310277777777767,125.72530555555555,3.5,116.0,2019-11-04 16:14:31,围网
11736,31.30763888888889,125.73566666666666,3.3,97.0,2019-11-04 16:24:31,围网
11736,31.30402777777777,125.74555555555555,3.3,107.0,2019-11-04 16:34:31,围网
11736,31.30013888888889,125.75530555555555,3.1,121.0,2019-11-04 16:44:31,围网
11736,31.296222222222234,125.76519444444445,3.4,111.0,2019-11-04 16:54:31,围网
11736,31.29227777777778,125.77502777777778,3.6,121.0,2019-11-04 17:04:31,围网
11736,31.288277777777786,125.78488888888887,3.6,109.0,2019-11-04 17:14:31,围网
11736,31.28552777777778,125.79527777777777,3.6,113.0,2019-11-04 17:24:31,围网
11736,31.282972222222234,125.80655555555555,3.3,106.0,2019-11-04 17:34:31,围网
11736,31.28058333333333,125.81652777777776,3.1,102.0,2019-11-04 17:44:31,围网
11736,31.27786111111111,125.82702777777777,3.7,99.0,2019-11-04 17:54:31,围网
11736,31.275305555555555,125.83463888888888,1.0,244.0,2019-11-04 18:04:31,围网
11736,31.27283333333333,125.8365,1.5,144.0,2019-11-04 18:14:31,围网
11736,31.270277777777785,125.8372777777778,3.6,294.0,2019-11-04 18:24:31,围网
11736,31.271583333333336,125.83788888888887,2.1,71.0,2019-11-04 18:34:32,围网
11736,31.269111111111112,125.84819444444445,3.2,99.0,2019-11-04 18:44:32,围网
11736,31.266388888888887,125.85847222222222,3.2,95.0,2019-11-04 18:54:32,围网
11736,31.26358333333333,125.86880555555555,3.3,114.0,2019-11-04 19:04:32,围网
11736,31.26055555555555,125.87930555555555,3.9,119.0,2019-11-04 19:14:32,围网
11736,31.25352777777778,125.88580555555555,3.2,142.0,2019-11-04 19:24:32,围网
11736,31.24438888888889,125.88838888888893,3.1,157.0,2019-11-04 19:34:32,围网
11736,31.235194444444453,125.89230555555555,3.2,151.0,2019-11-04 19:44:32,围网
11736,31.22725,125.89636111111106,3.1,156.0,2019-11-04 19:54:32,围网
11736,31.21886111111111,125.90061111111113,3.2,145.0,2019-11-04 20:04:32,围网
11736,31.21022222222223,125.90411111111112,3.5,170.0,2019-11-04 20:14:31,围网
11736,31.201583333333332,125.90786111111113,3.3,143.0,2019-11-04 20:24:31,围网
11736,31.19308333333333,125.91208333333331,3.6,149.0,2019-11-04 20:34:31,围网
11736,31.184555555555555,125.91627777777781,3.2,150.0,2019-11-04 20:44:31,围网
11736,31.18291666666667,125.91652777777777,1.9,347.0,2019-11-04 20:54:31,围网
11736,31.17966666666667,125.9175277777778,1.9,121.0,2019-11-04 21:04:31,围网
11736,31.17388888888889,125.91852777777778,2.8,180.0,2019-11-04 21:14:31,围网
11736,31.179805555555557,125.90744444444445,4.3,313.0,2019-11-04 21:24:31,围网
11736,31.187722222222234,125.8937777777778,5.0,309.0,2019-11-04 21:34:31,围网
11736,31.195666666666664,125.87883333333332,5.3,293.0,2019-11-04 21:44:31,围网
11736,31.20422222222221,125.86494444444445,5.5,313.0,2019-11-04 21:54:31,围网
11736,31.21188888888889,125.8514722222222,5.5,316.0,2019-11-04 22:04:31,围网
11736,31.219527777777767,125.83616666666668,5.8,304.0,2019-11-04 22:14:31,围网
11736,31.227138888888888,125.82111111111112,4.8,307.0,2019-11-04 22:24:31,围网
11736,31.2355,125.80605555555556,5.3,303.0,2019-11-04 22:34:31,围网
11736,31.24447222222223,125.79194444444445,5.6,291.0,2019-11-04 22:44:31,围网
11736,31.253027777777767,125.77761111111113,6.1,291.0,2019-11-04 22:54:31,围网
11736,31.25175,125.76647222222222,6.1,170.0,2019-11-04 23:04:32,围网
11736,31.23530555555556,125.76972222222223,6.3,188.0,2019-11-04 23:14:32,围网
11736,31.224138888888888,125.76408333333332,6.6,168.0,2019-11-04 23:24:32,围网
11736,31.20780555555556,125.76347222222222,7.3,171.0,2019-11-04 23:34:32,围网
11736,31.191666666666666,125.76302777777776,6.6,168.0,2019-11-04 23:44:32,围网
11736,31.175611111111113,125.76283333333332,7.1,171.0,2019-11-04 23:54:32,围网
11736,31.175611111111113,125.76283333333332,7.1,171.0,2019-11-05 00:04:31,围网
11736,31.142861111111113,125.76269444444445,5.3,181.0,2019-11-05 00:14:31,围网
11736,31.127805555555558,125.76283333333332,5.6,176.0,2019-11-05 00:24:31,围网
11736,31.11191666666667,125.76305555555555,5.6,185.0,2019-11-05 00:34:31,围网
11736,31.096277777777768,125.76269444444445,5.8,185.0,2019-11-05 00:44:31,围网
11736,31.080388888888887,125.76266666666668,5.8,182.0,2019-11-05 00:54:31,围网
11736,31.06483333333333,125.76058333333332,5.6,180.0,2019-11-05 01:04:31,围网
11736,31.049138888888887,125.76108333333332,5.2,168.0,2019-11-05 01:14:31,围网
11736,31.03394444444445,125.75766666666668,5.9,207.0,2019-11-05 01:24:31,围网
11736,31.01875,125.75697222222222,5.3,177.0,2019-11-05 01:34:31,围网
11736,31.003694444444445,125.75611111111112,5.0,179.0,2019-11-05 01:44:31,围网
11736,30.987,125.75591666666666,5.4,176.0,2019-11-05 01:54:31,围网
11736,30.970027777777766,125.75577777777778,6.3,186.0,2019-11-05 02:04:31,围网
11736,30.953027777777766,125.75544444444445,5.1,186.0,2019-11-05 02:14:31,围网
11736,30.935111111111112,125.75522222222222,6.3,175.0,2019-11-05 02:24:31,围网
11736,30.919472222222232,125.7545,6.1,189.0,2019-11-05 02:34:31,围网
11736,30.90275,125.75297222222223,6.3,172.0,2019-11-05 02:44:31,围网
11736,30.885972222222208,125.75055555555555,6.1,180.0,2019-11-05 02:54:31,围网
11736,30.868944444444452,125.74783333333336,6.7,192.0,2019-11-05 03:04:31,围网
11736,30.853,125.74127777777778,5.8,213.0,2019-11-05 03:14:31,围网
11736,30.84186111111111,125.7325,1.2,228.0,2019-11-05 03:24:32,围网
11736,30.839444444444442,125.72880555555555,4.2,214.0,2019-11-05 03:34:32,围网
11736,30.831722222222233,125.71794444444444,4.6,220.0,2019-11-05 03:44:32,围网
11736,30.819777777777766,125.71111111111112,5.1,192.0,2019-11-05 03:54:31,围网
11736,30.806027777777786,125.70841666666668,5.0,187.0,2019-11-05 04:04:31,围网
11736,30.79194444444445,125.70586111111106,5.2,183.0,2019-11-05 04:14:31,围网
11736,30.77769444444445,125.70394444444445,5.1,201.0,2019-11-05 04:24:31,围网
11736,30.76211111111111,125.70308333333334,4.8,180.0,2019-11-05 04:34:31,围网
11736,30.755277777777767,125.70891666666668,5.9,85.0,2019-11-05 04:44:31,围网
11736,30.754305555555554,125.72016666666669,3.1,95.0,2019-11-05 04:54:31,围网
11736,30.75330555555556,125.73061111111113,3.3,99.0,2019-11-05 05:04:31,围网
11736,30.752805555555554,125.74113888888887,3.4,95.0,2019-11-05 05:14:31,围网
11736,30.751777777777768,125.75152777777777,3.1,88.0,2019-11-05 05:24:31,围网
11736,30.75008333333333,125.76188888888888,3.9,85.0,2019-11-05 05:34:31,围网
11736,30.74886111111111,125.77238888888893,3.8,88.0,2019-11-05 05:44:31,围网
11736,30.747472222222232,125.78288888888888,3.8,104.0,2019-11-05 05:54:31,围网
11736,30.746277777777767,125.7935,3.5,96.0,2019-11-05 06:04:31,围网
11736,30.74505555555556,125.8042222222222,3.9,100.0,2019-11-05 06:14:31,围网
11736,30.743805555555557,125.8147777777778,3.7,102.0,2019-11-05 06:24:31,围网
11736,30.742472222222233,125.82536111111106,3.2,109.0,2019-11-05 06:34:31,围网
11736,30.739527777777766,125.83608333333332,3.3,121.0,2019-11-05 06:44:31,围网
11736,30.735888888888887,125.84513888888887,3.5,115.0,2019-11-05 06:54:31,围网
11736,30.73186111111111,125.85469444444445,3.3,113.0,2019-11-05 07:04:31,围网
11736,30.72783333333333,125.86413888888887,3.2,132.0,2019-11-05 07:14:31,围网
11736,30.722305555555554,125.87266666666666,3.5,139.0,2019-11-05 07:24:31,围网
11736,30.71744444444445,125.87933333333334,0.7,227.0,2019-11-05 07:34:31,围网
11736,30.71375,125.88105555555555,1.1,153.0,2019-11-05 07:44:32,围网
11736,30.708666666666666,125.88972222222223,4.0,118.0,2019-11-05 07:54:32,围网
11736,30.70075,125.89991666666668,1.2,148.0,2019-11-05 08:04:31,围网
11736,30.695777777777767,125.91041666666666,3.4,116.0,2019-11-05 08:14:31,围网
11736,30.69116666666667,125.91980555555556,3.1,130.0,2019-11-05 08:24:31,围网
11736,30.686999999999998,125.92944444444444,3.7,124.0,2019-11-05 08:34:31,围网
11736,30.68125,125.93811111111113,3.3,121.0,2019-11-05 08:44:31,围网
11736,30.67433333333333,125.94652777777776,3.2,136.0,2019-11-05 08:54:31,围网
11736,30.667305555555554,125.95291666666668,3.6,139.0,2019-11-05 09:04:31,围网
11736,30.6605,125.96019444444444,3.2,129.0,2019-11-05 09:14:31,围网
11736,30.65522222222221,125.96883333333334,2.9,107.0,2019-11-05 09:24:31,围网
11736,30.649722222222234,125.97741666666668,3.6,130.0,2019-11-05 09:34:31,围网
11736,30.64394444444445,125.9857222222222,3.6,128.0,2019-11-05 09:44:31,围网
11736,30.63716666666667,125.99311111111112,3.6,123.0,2019-11-05 09:54:31,围网
11736,30.62375,126.0077222222222,3.2,138.0,2019-11-05 10:14:31,围网
11736,30.61616666666667,126.01383333333334,3.1,136.0,2019-11-05 10:24:31,围网
11736,30.609777777777786,126.02133333333332,3.7,127.0,2019-11-05 10:34:31,围网
11736,30.603,126.02825,3.2,129.0,2019-11-05 10:44:31,围网
11736,30.59794444444444,126.03180555555555,1.0,0.0,2019-11-05 10:54:31,围网
11736,30.594,126.03158333333332,2.1,130.0,2019-11-05 11:04:31,围网
11736,30.589527777777768,126.0215,6.2,237.0,2019-11-05 11:14:31,围网
11736,30.59413888888889,126.0097222222222,4.2,342.0,2019-11-05 11:24:31,围网
11736,30.59469444444445,126.00452777777778,4.4,337.0,2019-11-05 11:34:31,围网
11736,30.609361111111113,125.99941666666666,5.8,342.0,2019-11-05 11:44:31,围网
11736,30.62388888888889,125.99425,5.8,338.0,2019-11-05 11:54:31,围网
11736,30.638527777777767,125.99136111111108,5.6,5.0,2019-11-05 12:04:30,围网
11736,30.64697222222221,125.98372222222223,2.9,309.0,2019-11-05 12:14:31,围网
11736,30.652472222222233,125.97558333333332,3.1,318.0,2019-11-05 12:24:31,围网
11736,30.65813888888889,125.96736111111107,3.5,320.0,2019-11-05 12:34:31,围网
11736,30.66372222222222,125.95891666666668,2.9,309.0,2019-11-05 12:44:31,围网
11736,30.66919444444445,125.95047222222223,2.8,295.0,2019-11-05 12:54:31,围网
11736,30.674944444444453,125.94222222222223,3.5,321.0,2019-11-05 13:04:31,围网
11736,30.68058333333333,125.93288888888893,3.3,304.0,2019-11-05 13:14:31,围网
11736,30.68561111111111,125.92469444444444,3.1,310.0,2019-11-05 13:24:31,围网
11736,30.690972222222207,125.91591666666667,3.3,328.0,2019-11-05 13:34:31,围网
11736,30.69641666666667,125.90713888888894,3.4,305.0,2019-11-05 13:44:31,围网
11736,30.701777777777767,125.8982777777778,3.5,294.0,2019-11-05 13:54:31,围网
11736,30.70738888888889,125.88969444444444,3.2,312.0,2019-11-05 14:04:31,围网
11736,30.7135,125.88169444444445,3.1,313.0,2019-11-05 14:14:31,围网
11736,30.71913888888889,125.87305555555555,3.3,308.0,2019-11-05 14:24:31,围网
11736,30.72438888888889,125.86425,3.4,310.0,2019-11-05 14:34:31,围网
11736,30.729388888888888,125.85516666666666,3.5,307.0,2019-11-05 14:44:31,围网
11736,30.7345,125.8460277777778,3.7,299.0,2019-11-05 14:54:31,围网
11736,30.73775,125.83583333333333,3.6,273.0,2019-11-05 15:04:31,围网
11736,30.73772222222223,125.83263888888888,1.2,239.0,2019-11-05 15:14:31,围网
11736,30.73688888888889,125.83063888888887,2.6,17.0,2019-11-05 15:24:31,围网
11736,30.737666666666666,125.83019444444444,3.7,113.0,2019-11-05 15:34:31,围网
11736,30.74225,125.82330555555555,4.8,297.0,2019-11-05 15:44:31,围网
11736,30.74583333333333,125.81341666666668,3.2,280.0,2019-11-05 15:54:31,围网
11736,30.74866666666667,125.80333333333333,3.2,295.0,2019-11-05 16:04:30,围网
11736,30.75097222222222,125.79311111111113,3.3,283.0,2019-11-05 16:14:30,围网
11736,30.754222222222207,125.78327777777777,3.3,292.0,2019-11-05 16:24:30,围网
11736,30.75716666666667,125.7734722222222,3.2,297.0,2019-11-05 16:34:30,围网
11736,30.759777777777767,125.76375,3.0,301.0,2019-11-05 16:44:31,围网
11736,30.763,125.75422222222224,3.2,298.0,2019-11-05 16:54:31,围网
11736,30.76544444444445,125.74433333333334,3.3,303.0,2019-11-05 17:04:31,围网
11736,30.76844444444444,125.73463888888894,2.3,278.0,2019-11-05 17:14:31,围网
11736,30.77105555555556,125.72488888888893,3.4,284.0,2019-11-05 17:24:31,围网
11736,30.77525,125.7150277777778,3.0,300.0,2019-11-05 17:34:31,围网
11736,30.78008333333333,125.70711111111113,3.4,302.0,2019-11-05 17:44:31,围网
11736,30.784000000000002,125.69825,1.1,282.0,2019-11-05 17:54:31,围网
11736,30.78355555555556,125.6965,2.5,255.0,2019-11-05 18:04:31,围网
11736,30.78333333333333,125.6915,4.9,169.0,2019-11-05 18:14:31,围网
11736,30.770777777777766,125.68441666666666,4.7,236.0,2019-11-05 18:24:31,围网
11736,30.76625,125.6892777777778,3.5,97.0,2019-11-05 18:34:31,围网
11736,30.76433333333333,125.69902777777777,3.4,92.0,2019-11-05 18:44:31,围网
11736,30.7605,125.71922222222223,3.0,109.0,2019-11-05 19:04:31,围网
11736,30.75869444444445,125.72944444444445,3.1,107.0,2019-11-05 19:14:31,围网
11736,30.756722222222226,125.73961111111113,3.2,103.0,2019-11-05 19:24:31,围网
11736,30.75483333333333,125.74975,3.1,92.0,2019-11-05 19:34:31,围网
11736,30.752916666666664,125.76061111111113,3.2,99.0,2019-11-05 19:44:31,围网
11736,30.75113888888889,125.77036111111113,3.0,101.0,2019-11-05 19:54:30,围网
11736,30.74933333333333,125.7807222222222,3.4,103.0,2019-11-05 20:04:30,围网
11736,30.747611111111112,125.79111111111106,3.4,97.0,2019-11-05 20:14:30,围网
11736,30.74572222222222,125.80158333333333,3.4,89.0,2019-11-05 20:24:30,围网
11736,30.74416666666667,125.81216666666666,3.2,106.0,2019-11-05 20:34:30,围网
11736,30.74225,125.82255555555555,3.5,101.0,2019-11-05 20:44:30,围网
11736,30.739638888888887,125.83275,3.2,112.0,2019-11-05 20:54:30,围网
11736,30.737,125.84275,3.3,113.0,2019-11-05 21:04:31,围网
11736,30.733305555555557,125.85227777777777,3.2,126.0,2019-11-05 21:14:31,围网
11736,30.72925,125.8613611111111,3.7,123.0,2019-11-05 21:24:31,围网
11736,30.724472222222207,125.86977777777778,3.1,130.0,2019-11-05 21:34:31,围网
11736,30.71886111111111,125.87761111111112,3.3,128.0,2019-11-05 21:44:31,围网
11736,30.712722222222233,125.8855,3.0,134.0,2019-11-05 21:54:31,围网
11736,30.71005555555556,125.88855555555556,0.2,0.0,2019-11-05 22:04:31,围网
11736,30.706916666666668,125.88969444444444,2.0,125.0,2019-11-05 22:14:31,围网
11736,30.70938888888889,125.88088888888888,3.8,315.0,2019-11-05 22:24:31,围网
11736,30.712111111111113,125.86780555555555,4.4,307.0,2019-11-05 22:34:31,围网
11736,30.717305555555548,125.86069444444445,1.2,301.0,2019-11-05 22:44:31,围网
11736,30.71572222222222,125.85925,0.6,0.0,2019-11-05 22:54:31,围网
11736,30.713916666666666,125.85766666666666,0.5,0.0,2019-11-05 23:04:31,围网
11736,30.71230555555555,125.85608333333332,1.1,0.0,2019-11-05 23:14:31,围网
11736,30.70922222222222,125.85088888888887,1.7,0.0,2019-11-05 23:24:31,围网
11736,30.70258333333333,125.84141666666666,5.0,214.0,2019-11-05 23:34:31,围网
11736,30.69161111111111,125.83408333333333,2.4,198.0,2019-11-05 23:44:31,围网
11736,30.683722222222233,125.83083333333332,3.4,224.0,2019-11-05 23:54:30,围网
11736,30.68397222222222,125.82419444444444,3.3,2.0,2019-11-06 00:04:30,围网
11736,30.69361111111111,125.82425,3.9,4.0,2019-11-06 00:14:30,围网
11736,30.694388888888888,125.82336111111107,0.2,0.0,2019-11-06 00:24:30,围网
11736,30.694305555555548,125.82333333333332,0.6,236.0,2019-11-06 00:34:30,围网
11736,30.694111111111113,125.82336111111107,0.1,0.0,2019-11-06 00:44:30,围网
11736,30.694027777777766,125.82338888888887,0.3,0.0,2019-11-06 00:54:30,围网
11736,30.693972222222207,125.82322222222223,0.5,156.0,2019-11-06 01:04:30,围网
11736,30.69383333333333,125.82308333333332,0.3,0.0,2019-11-06 01:14:30,围网
11736,30.693666666666665,125.82308333333332,0.2,0.0,2019-11-06 01:24:31,围网
11736,30.693583333333336,125.82294444444445,0.4,0.0,2019-11-06 01:34:31,围网
11736,30.693388888888887,125.82280555555555,0.3,0.0,2019-11-06 01:44:31,围网
11736,30.693305555555558,125.82286111111112,0.4,0.0,2019-11-06 01:54:31,围网
11736,30.69325000000001,125.8227222222222,0.6,0.0,2019-11-06 02:04:31,围网
11736,30.693166666666666,125.82266666666666,0.7,181.0,2019-11-06 02:14:31,围网
11736,30.69311111111111,125.82258333333333,0.6,259.0,2019-11-06 02:24:31,围网
11736,30.69294444444445,125.82263888888887,0.3,0.0,2019-11-06 02:34:31,围网
11736,30.69283333333333,125.82255555555555,1.4,171.0,2019-11-06 02:44:31,围网
11736,30.692777777777767,125.82236111111106,0.4,179.0,2019-11-06 02:54:31,围网
11736,30.692722222222233,125.82227777777778,0.2,0.0,2019-11-06 03:04:31,围网
11736,30.692611111111113,125.82225,0.2,0.0,2019-11-06 03:14:31,围网
11736,30.69258333333333,125.822,0.3,0.0,2019-11-06 03:24:31,围网
11736,30.69241666666667,125.8219722222222,0.2,0.0,2019-11-06 03:34:31,围网
11736,30.69236111111111,125.8220277777778,0.6,174.0,2019-11-06 03:44:30,围网
11736,30.69236111111111,125.82186111111106,0.3,0.0,2019-11-06 03:54:30,围网
11736,30.69225,125.8219722222222,0.2,0.0,2019-11-06 04:04:30,围网
11736,30.692138888888888,125.82183333333332,0.2,0.0,2019-11-06 04:14:30,围网
11736,30.692055555555555,125.82175,0.4,15.0,2019-11-06 04:24:30,围网
11736,30.69283333333333,125.82211111111113,2.5,319.0,2019-11-06 04:34:30,围网
11736,30.699777777777786,125.82241666666668,5.4,347.0,2019-11-06 04:44:30,围网
11736,30.71347222222222,125.82072222222223,2.0,331.0,2019-11-06 04:54:30,围网
11736,30.721,125.81413888888888,3.3,325.0,2019-11-06 05:04:30,围网
11736,30.72786111111111,125.80755555555555,3.4,321.0,2019-11-06 05:14:30,围网
11736,30.734361111111113,125.80066666666666,3.1,310.0,2019-11-06 05:24:30,围网
11736,30.739777777777785,125.79266666666668,3.4,291.0,2019-11-06 05:34:30,围网
11736,30.745444444444445,125.78502777777777,3.2,313.0,2019-11-06 05:44:31,围网
11736,30.751027777777786,125.77747222222222,3.3,301.0,2019-11-06 05:54:31,围网
11736,30.75558333333333,125.76886111111112,3.2,315.0,2019-11-06 06:04:31,围网
11736,30.761138888888887,125.76091666666667,3.1,302.0,2019-11-06 06:14:31,围网
11736,30.76608333333333,125.75272222222222,3.1,312.0,2019-11-06 06:24:31,围网
11736,30.77183333333333,125.74438888888888,3.0,309.0,2019-11-06 06:34:31,围网
11736,30.77633333333333,125.73663888888888,3.0,304.0,2019-11-06 06:44:31,围网
11736,30.78355555555556,125.73119444444444,3.1,318.0,2019-11-06 06:54:31,围网
11736,30.78886111111111,125.72494444444445,1.2,240.0,2019-11-06 07:04:31,围网
11736,30.78775000000001,125.72277777777781,0.9,180.0,2019-11-06 07:14:31,围网
11736,30.784194444444445,125.70955555555555,5.8,272.0,2019-11-06 07:24:31,围网
11736,30.780555555555555,125.71463888888893,3.4,115.0,2019-11-06 07:34:31,围网
11736,30.776611111111112,125.72413888888887,3.3,118.0,2019-11-06 07:44:31,围网
11736,30.770416666666666,125.73186111111113,3.2,137.0,2019-11-06 07:54:31,围网
11736,30.767166666666668,125.74175,3.6,88.0,2019-11-06 08:04:30,围网
11736,30.76444444444445,125.75186111111113,3.5,111.0,2019-11-06 08:14:30,围网
11736,30.761777777777766,125.76213888888887,3.5,107.0,2019-11-06 08:24:30,围网
11736,30.75997222222223,125.77261111111108,3.2,85.0,2019-11-06 08:34:30,围网
11736,30.76013888888889,125.78386111111112,3.3,91.0,2019-11-06 08:44:30,围网
11736,30.75861111111111,125.79388888888887,3.3,96.0,2019-11-06 08:54:30,围网
11736,30.75494444444445,125.80386111111108,3.4,118.0,2019-11-06 09:04:30,围网
11736,30.748361111111112,125.8117777777778,3.4,149.0,2019-11-06 09:14:30,围网
11736,30.741,125.81861111111112,3.3,110.0,2019-11-06 09:24:30,围网
11736,30.738250000000004,125.829,3.4,104.0,2019-11-06 09:34:30,围网
11736,30.734972222222233,125.83913888888887,3.2,107.0,2019-11-06 09:44:30,围网
11736,30.731638888888888,125.84913888888887,3.5,91.0,2019-11-06 09:54:30,围网
11736,30.72719444444445,125.85913888888888,3.5,109.0,2019-11-06 10:04:31,围网
11736,30.723111111111113,125.86825,3.2,114.0,2019-11-06 10:14:31,围网
11736,30.71313888888889,125.88636111111113,3.3,129.0,2019-11-06 10:34:31,围网
11736,30.70983333333333,125.88780555555556,1.7,165.0,2019-11-06 10:44:31,围网
11736,30.70966666666667,125.89188888888893,3.7,48.0,2019-11-06 10:54:31,围网
11736,30.71508333333333,125.88672222222223,3.2,280.0,2019-11-06 11:04:31,围网
11736,30.717305555555548,125.87633333333332,3.5,277.0,2019-11-06 11:14:31,围网
11736,30.719777777777768,125.86619444444445,3.3,304.0,2019-11-06 11:24:31,围网
11736,30.72383333333333,125.85680555555555,3.3,286.0,2019-11-06 11:34:31,围网
11736,30.725277777777766,125.84647222222222,3.6,243.0,2019-11-06 11:44:31,围网
11736,30.71694444444445,125.84,3.6,194.0,2019-11-06 11:54:31,围网
11736,30.70783333333333,125.83625,3.6,226.0,2019-11-06 12:04:30,围网
11736,30.70275,125.82725,3.3,236.0,2019-11-06 12:14:30,围网
11736,30.698888888888888,125.81752777777777,3.2,241.0,2019-11-06 12:24:30,围网
11736,30.694722222222207,125.80794444444444,3.2,249.0,2019-11-06 12:34:30,围网
11736,30.692972222222235,125.78666666666666,3.5,255.0,2019-11-06 12:54:30,围网
11736,30.69386111111111,125.77505555555555,3.1,279.0,2019-11-06 13:04:30,围网
11736,30.69491666666667,125.76488888888888,3.4,279.0,2019-11-06 13:14:30,围网
11736,30.69825,125.75491666666667,3.3,284.0,2019-11-06 13:24:30,围网
11736,30.700055555555554,125.74413888888887,3.3,284.0,2019-11-06 13:34:30,围网
11736,30.703138888888887,125.73386111111112,3.4,286.0,2019-11-06 13:44:30,围网
11736,30.70727777777777,125.7242222222222,3.5,291.0,2019-11-06 13:54:30,围网
11736,30.710916666666666,125.715,0.6,0.0,2019-11-06 14:04:30,围网
11736,30.709777777777767,125.71175,1.8,241.0,2019-11-06 14:14:30,围网
11736,30.708166666666664,125.70886111111106,0.6,0.0,2019-11-06 14:24:30,围网
11736,30.710416666666664,125.69863888888894,3.1,282.0,2019-11-06 14:34:30,围网
11736,30.71319444444445,125.68741666666668,3.5,284.0,2019-11-06 14:44:31,围网
11736,30.71569444444444,125.67730555555555,2.8,285.0,2019-11-06 14:54:31,围网
11736,30.717666666666666,125.66655555555555,3.3,273.0,2019-11-06 15:04:31,围网
11736,30.71933333333333,125.65516666666667,3.5,272.0,2019-11-06 15:14:31,围网
11736,30.720277777777767,125.64505555555556,3.4,276.0,2019-11-06 15:24:31,围网
11736,30.72288888888889,125.6345277777778,3.4,296.0,2019-11-06 15:34:31,围网
11736,30.726777777777766,125.62455555555556,3.1,295.0,2019-11-06 15:44:31,围网
11736,30.735388888888888,125.60552777777777,3.3,299.0,2019-11-06 16:04:30,围网
11736,30.740388888888887,125.59633333333332,3.5,297.0,2019-11-06 16:14:30,围网
11736,30.74533333333333,125.58719444444445,3.3,300.0,2019-11-06 16:24:30,围网
11736,30.75044444444445,125.57827777777777,3.3,299.0,2019-11-06 16:34:30,围网
11736,30.755111111111113,125.56905555555555,3.3,300.0,2019-11-06 16:44:30,围网
11736,30.760027777777786,125.56011111111113,3.1,305.0,2019-11-06 16:54:30,围网
11736,30.76558333333333,125.55163888888887,3.3,311.0,2019-11-06 17:04:30,围网
11736,30.77119444444445,125.54338888888893,3.0,303.0,2019-11-06 17:14:30,围网
11736,30.77555555555556,125.53580555555556,0.5,284.0,2019-11-06 17:24:30,围网
11736,30.776555555555554,125.53252777777777,1.0,262.0,2019-11-06 17:34:30,围网
11736,30.763805555555557,125.54261111111113,4.8,145.0,2019-11-06 17:54:30,围网
11736,30.75244444444445,125.54938888888887,4.7,139.0,2019-11-06 18:04:30,围网
11736,30.74166666666667,125.55891666666666,5.1,145.0,2019-11-06 18:14:30,围网
11736,30.73019444444445,125.56925,5.6,117.0,2019-11-06 18:24:30,围网
11736,30.730777777777767,125.5822222222222,3.2,76.0,2019-11-06 18:34:30,围网
11736,30.733027777777767,125.59238888888888,3.1,77.0,2019-11-06 18:44:30,围网
11736,30.73333333333333,125.60297222222222,3.2,94.0,2019-11-06 18:54:30,围网
11736,30.733361111111112,125.61363888888887,3.2,94.0,2019-11-06 19:04:31,围网
11736,30.73261111111111,125.62430555555555,3.2,95.0,2019-11-06 19:14:31,围网
11736,30.73247222222221,125.63508333333334,3.5,79.0,2019-11-06 19:24:31,围网
11736,30.732416666666666,125.64663888888887,3.4,90.0,2019-11-06 19:34:31,围网
11736,30.732555555555553,125.65691666666666,3.3,85.0,2019-11-06 19:44:31,围网
11736,30.732972222222234,125.66775,3.4,88.0,2019-11-06 19:54:31,围网
11736,30.73308333333333,125.67861111111112,3.3,79.0,2019-11-06 20:04:31,围网
11736,30.733777777777767,125.68958333333332,3.4,85.0,2019-11-06 20:14:31,围网
11736,30.733361111111112,125.70094444444445,3.4,94.0,2019-11-06 20:24:30,围网
11736,30.73252777777777,125.71183333333336,3.1,109.0,2019-11-06 20:34:30,围网
11736,30.731,125.73294444444444,3.2,88.0,2019-11-06 20:54:30,围网
11736,30.730583333333332,125.74363888888887,3.1,89.0,2019-11-06 21:04:30,围网
11736,30.730138888888888,125.75408333333334,3.2,88.0,2019-11-06 21:14:30,围网
11736,30.72966666666667,125.76472222222222,3.0,92.0,2019-11-06 21:24:30,围网
11736,30.729027777777766,125.77566666666668,3.3,89.0,2019-11-06 21:34:30,围网
11736,30.729194444444442,125.78661111111113,3.4,93.0,2019-11-06 21:44:30,围网
11736,30.72872222222221,125.79672222222223,3.3,90.0,2019-11-06 21:54:30,围网
11736,30.728638888888888,125.80758333333333,3.4,93.0,2019-11-06 22:04:30,围网
11736,30.72808333333333,125.81836111111107,3.4,99.0,2019-11-06 22:14:30,围网
11736,30.726805555555554,125.82894444444445,3.3,115.0,2019-11-06 22:24:30,围网
11736,30.72238888888889,125.83830555555555,3.2,114.0,2019-11-06 22:34:30,围网
11736,30.71769444444445,125.84705555555556,3.3,111.0,2019-11-06 22:44:30,围网
11736,30.71375,125.85636111111107,2.9,117.0,2019-11-06 22:54:30,围网
11736,30.71033333333333,125.86577777777777,3.1,119.0,2019-11-06 23:04:30,围网
11736,30.70594444444444,125.87469444444444,2.9,124.0,2019-11-06 23:14:30,围网
11736,30.7,125.88213888888887,3.4,150.0,2019-11-06 23:24:31,围网
11736,30.69163888888889,125.88508333333334,3.2,107.0,2019-11-06 23:34:31,围网
11736,30.68491666666667,125.89180555555555,3.2,134.0,2019-11-06 23:44:31,围网
11736,30.682111111111112,125.89383333333332,1.7,140.0,2019-11-06 23:54:31,围网
11736,30.68105555555556,125.89625,2.6,359.0,2019-11-07 00:04:31,围网
11736,30.68533333333333,125.90683333333334,4.3,70.0,2019-11-07 00:14:30,围网
11736,30.694555555555556,125.91555555555556,4.4,18.0,2019-11-07 00:24:30,围网
11736,30.70486111111111,125.92319444444445,3.9,18.0,2019-11-07 00:34:30,围网
11736,30.708055555555553,125.92066666666668,3.7,268.0,2019-11-07 00:44:30,围网
11736,30.70833333333333,125.9092777777778,3.1,270.0,2019-11-07 00:54:30,围网
11736,30.708444444444442,125.89872222222223,3.2,265.0,2019-11-07 01:04:30,围网
11736,30.708416666666665,125.88808333333334,3.3,268.0,2019-11-07 01:14:30,围网
11736,30.70775,125.87758333333332,3.1,277.0,2019-11-07 01:24:30,围网
11736,30.70869444444445,125.86708333333333,3.2,291.0,2019-11-07 01:34:30,围网
11736,30.71013888888889,125.85661111111106,3.1,276.0,2019-11-07 01:44:30,围网
11736,30.71108333333333,125.84611111111107,2.9,257.0,2019-11-07 01:54:30,围网
11736,30.71175,125.83483333333332,3.3,276.0,2019-11-07 02:04:30,围网
11736,30.712694444444452,125.82494444444444,3.5,277.0,2019-11-07 02:14:30,围网
11736,30.71372222222222,125.81436111111113,3.4,280.0,2019-11-07 02:24:30,围网
11736,30.71475,125.80375,3.2,274.0,2019-11-07 02:34:30,围网
11736,30.715888888888887,125.79313888888888,3.2,281.0,2019-11-07 02:44:30,围网
11736,30.71675,125.78261111111112,3.1,279.0,2019-11-07 02:54:30,围网
11736,30.71847222222221,125.77216666666666,3.3,283.0,2019-11-07 03:04:30,围网
11736,30.719777777777768,125.76175,3.4,268.0,2019-11-07 03:14:30,围网
11736,30.720861111111113,125.75144444444445,3.3,269.0,2019-11-07 03:24:30,围网
11736,30.72133333333333,125.74116666666669,3.3,269.0,2019-11-07 03:34:30,围网
11736,30.72138888888889,125.73347222222222,0.7,73.0,2019-11-07 03:44:31,围网
11736,30.720166666666664,125.73019444444445,1.6,222.0,2019-11-07 03:54:31,围网
11736,30.715222222222234,125.74030555555555,6.1,126.0,2019-11-07 04:04:31,围网
11736,30.70741666666667,125.75944444444444,6.0,126.0,2019-11-07 04:14:30,围网
11736,30.69972222222223,125.77575,6.1,118.0,2019-11-07 04:24:30,围网
11736,30.69983333333333,125.76466666666668,3.4,284.0,2019-11-07 04:34:30,围网
11736,30.702,125.75430555555555,3.4,282.0,2019-11-07 04:44:30,围网
11736,30.704305555555553,125.744,3.1,284.0,2019-11-07 04:54:30,围网
11736,30.706111111111113,125.73358333333331,3.1,281.0,2019-11-07 05:04:30,围网
11736,30.707666666666665,125.72322222222223,3.1,284.0,2019-11-07 05:14:30,围网
11736,30.70952777777777,125.71302777777777,3.0,281.0,2019-11-07 05:24:30,围网
11736,30.711111111111112,125.70294444444444,3.2,271.0,2019-11-07 05:34:30,围网
11736,30.71319444444445,125.69294444444445,3.4,287.0,2019-11-07 05:44:30,围网
11736,30.715166666666665,125.68297222222223,3.3,287.0,2019-11-07 05:54:30,围网
11736,30.71733333333333,125.67325,2.9,280.0,2019-11-07 06:04:30,围网
11736,30.719277777777766,125.66369444444445,2.8,291.0,2019-11-07 06:14:30,围网
11736,30.72136111111111,125.65347222222222,2.9,283.0,2019-11-07 06:24:30,围网
11736,30.723666666666666,125.64458333333332,2.8,289.0,2019-11-07 06:34:30,围网
11736,30.726555555555553,125.63525,3.1,287.0,2019-11-07 06:44:30,围网
11736,30.72952777777777,125.62594444444444,3.2,282.0,2019-11-07 06:54:30,围网
11736,30.73269444444445,125.61694444444444,3.0,281.0,2019-11-07 07:04:30,围网
11736,30.732111111111113,125.61572222222222,0.7,135.0,2019-11-07 07:14:30,围网
11736,30.73108333333333,125.6185,4.0,61.0,2019-11-07 07:24:30,围网
11736,30.73341666666667,125.63063888888887,3.8,83.0,2019-11-07 07:34:30,围网
11736,30.73605555555556,125.64094444444444,3.4,69.0,2019-11-07 07:44:30,围网
11736,30.738888888888887,125.65113888888894,3.6,78.0,2019-11-07 07:54:30,围网
11736,30.74094444444445,125.66166666666668,4.4,80.0,2019-11-07 08:04:31,围网
11736,30.74316666666667,125.67225,4.9,84.0,2019-11-07 08:14:30,围网
11736,30.74475,125.68291666666669,5.5,88.0,2019-11-07 08:24:30,围网
11736,30.74655555555556,125.69413888888887,3.1,89.0,2019-11-07 08:34:30,围网
11736,30.746861111111112,125.7042777777778,3.4,86.0,2019-11-07 08:44:30,围网
11736,30.746861111111112,125.7152777777778,3.6,98.0,2019-11-07 08:54:30,围网
11736,30.74580555555556,125.72611111111112,3.3,93.0,2019-11-07 09:04:30,围网
11736,30.74558333333333,125.73705555555556,3.0,76.0,2019-11-07 09:14:30,围网
11736,30.74580555555556,125.74799999999999,3.4,97.0,2019-11-07 09:24:30,围网
11736,30.74505555555556,125.759,3.4,97.0,2019-11-07 09:34:30,围网
11736,30.74438888888889,125.7699722222222,3.4,92.0,2019-11-07 09:44:30,围网
11736,30.74358333333333,125.781,2.9,94.0,2019-11-07 09:54:30,围网
11736,30.74102777777778,125.79186111111113,3.2,110.0,2019-11-07 10:04:30,围网
11736,30.738055555555558,125.80158333333333,3.5,102.0,2019-11-07 10:14:30,围网
11736,30.73494444444445,125.81161111111106,3.3,121.0,2019-11-07 10:24:30,围网
11736,30.731388888888887,125.81830555555555,1.4,171.0,2019-11-07 10:34:30,围网
11736,30.727666666666664,125.8202777777778,1.1,151.0,2019-11-07 10:44:30,围网
11736,30.729194444444442,125.82488888888888,4.4,72.0,2019-11-07 10:54:30,围网
11736,30.724305555555553,125.83616666666668,3.4,118.0,2019-11-07 11:04:30,围网
11736,30.71908333333333,125.84522222222222,3.3,120.0,2019-11-07 11:14:30,围网
11736,30.71333333333333,125.85336111111107,3.8,172.0,2019-11-07 11:24:30,围网
11736,30.70261111111111,125.83805555555556,3.7,234.0,2019-11-07 11:44:30,围网
11736,30.70025,125.82811111111113,3.3,252.0,2019-11-07 11:54:30,围网
11736,30.69805555555555,125.81802777777777,3.3,249.0,2019-11-07 12:04:30,围网
11736,30.695916666666665,125.80791666666666,3.2,253.0,2019-11-07 12:14:29,围网
11736,30.69483333333333,125.79775,3.0,255.0,2019-11-07 12:24:30,围网
11736,30.695055555555548,125.78783333333334,3.6,257.0,2019-11-07 12:34:30,围网
11736,30.696222222222207,125.77808333333333,2.6,272.0,2019-11-07 12:44:30,围网
11736,30.69730555555555,125.76761111111112,3.3,284.0,2019-11-07 12:54:30,围网
11736,30.69894444444445,125.75844444444445,3.2,278.0,2019-11-07 13:04:30,围网
11736,30.70108333333333,125.74838888888893,3.2,277.0,2019-11-07 13:14:30,围网
11736,30.703055555555554,125.73841666666668,3.1,283.0,2019-11-07 13:24:30,围网
11736,30.70483333333333,125.72838888888893,3.1,276.0,2019-11-07 13:34:30,围网
11736,30.70713888888889,125.71833333333332,3.3,277.0,2019-11-07 13:44:30,围网
11736,30.709083333333336,125.70811111111112,3.4,282.0,2019-11-07 13:54:30,围网
11736,30.70786111111111,125.69869444444444,0.8,0.0,2019-11-07 14:04:30,围网
11736,30.70441666666667,125.69694444444444,1.9,221.0,2019-11-07 14:14:30,围网
11736,30.709972222222234,125.70469444444444,6.9,12.0,2019-11-07 14:24:30,围网
11736,30.71722222222222,125.69736111111106,2.5,299.0,2019-11-07 14:34:30,围网
11736,30.720666666666666,125.68758333333334,3.4,281.0,2019-11-07 14:44:30,围网
11736,30.723277777777767,125.67755555555556,1.9,0.0,2019-11-07 14:54:30,围网
11736,30.726055555555554,125.66641666666666,3.2,280.0,2019-11-07 15:04:30,围网
11736,30.727027777777767,125.65655555555556,3.2,281.0,2019-11-07 15:14:30,围网
11736,30.728361111111113,125.64608333333334,3.0,274.0,2019-11-07 15:24:30,围网
11736,30.72947222222221,125.6355,3.2,267.0,2019-11-07 15:34:30,围网
11736,30.73086111111111,125.62502777777777,3.1,278.0,2019-11-07 15:44:30,围网
11736,30.73263888888889,125.61466666666666,3.2,285.0,2019-11-07 15:54:30,围网
11736,30.734305555555554,125.60416666666666,3.5,280.0,2019-11-07 16:04:30,围网
11736,30.735055555555554,125.59341666666668,3.3,273.0,2019-11-07 16:14:29,围网
11736,30.735388888888888,125.58275,3.2,275.0,2019-11-07 16:24:29,围网
11736,30.73641666666667,125.57205555555555,3.0,287.0,2019-11-07 16:34:29,围网
11736,30.738000000000003,125.56155555555556,3.1,282.0,2019-11-07 16:44:30,围网
11736,30.73975,125.55105555555555,3.1,280.0,2019-11-07 16:54:30,围网
11736,30.74672222222221,125.53097222222222,3.3,304.0,2019-11-07 17:14:30,围网
11736,30.749277777777767,125.52408333333334,1.1,242.0,2019-11-07 17:24:30,围网
11736,30.747555555555557,125.52063888888893,0.8,199.0,2019-11-07 17:34:30,围网
11736,30.741722222222233,125.52847222222222,4.7,112.0,2019-11-07 17:44:30,围网
11736,30.737527777777785,125.54238888888894,5.3,118.0,2019-11-07 17:54:30,围网
11736,30.730472222222208,125.5557777777778,5.5,132.0,2019-11-07 18:04:30,围网
11736,30.72286111111111,125.57011111111107,5.5,132.0,2019-11-07 18:14:30,围网
11736,30.71575,125.58477777777777,5.3,105.0,2019-11-07 18:24:30,围网
11736,30.7085,125.59911111111107,5.2,104.0,2019-11-07 18:34:30,围网
11736,30.705444444444442,125.61477777777776,4.7,89.0,2019-11-07 18:44:30,围网
11736,30.705416666666665,125.63269444444445,6.5,92.0,2019-11-07 18:54:30,围网
11736,30.70419444444445,125.65299999999999,6.9,97.0,2019-11-07 19:04:30,围网
11736,30.70363888888889,125.67222222222223,5.3,104.0,2019-11-07 19:14:30,围网
11736,30.703166666666664,125.69088888888888,6.5,90.0,2019-11-07 19:24:30,围网
11736,30.7,125.7002777777778,1.8,202.0,2019-11-07 19:34:30,围网
11736,30.7045,125.69472222222224,5.5,357.0,2019-11-07 19:44:30,围网
11736,30.71825,125.69086111111106,5.3,347.0,2019-11-07 19:54:30,围网
11736,30.725527777777767,125.69875,3.7,51.0,2019-11-07 20:04:30,围网
11736,30.727527777777766,125.70886111111106,3.9,93.0,2019-11-07 20:14:29,围网
11736,30.72825,125.71958333333332,3.5,101.0,2019-11-07 20:24:29,围网
11736,30.72816666666667,125.73013888888887,3.5,87.0,2019-11-07 20:34:29,围网
11736,30.728638888888888,125.74061111111112,3.7,85.0,2019-11-07 20:44:29,围网
11736,30.72886111111111,125.7512222222222,3.6,99.0,2019-11-07 20:54:29,围网
11736,30.72883333333333,125.76205555555555,3.5,88.0,2019-11-07 21:04:30,围网
11736,30.72858333333333,125.7729722222222,4.0,98.0,2019-11-07 21:14:30,围网
11736,30.727888888888888,125.79525,3.4,90.0,2019-11-07 21:34:30,围网
11736,30.727166666666665,125.80547222222219,3.3,91.0,2019-11-07 21:44:30,围网
11736,30.72669444444445,125.81627777777778,3.4,100.0,2019-11-07 21:54:30,围网
11736,30.726055555555554,125.82700000000001,3.3,90.0,2019-11-07 22:04:30,围网
11736,30.72436111111111,125.83763888888888,3.5,113.0,2019-11-07 22:14:30,围网
11736,30.719166666666666,125.84686111111112,3.6,130.0,2019-11-07 22:24:30,围网
11736,30.71347222222222,125.85569444444445,3.5,114.0,2019-11-07 22:34:30,围网
11736,30.70322222222222,125.87375,3.5,125.0,2019-11-07 22:54:30,围网
11736,30.69013888888889,125.88891666666667,3.8,147.0,2019-11-07 23:14:30,围网
11736,30.67094444444445,125.90219444444445,1.9,160.0,2019-11-07 23:44:30,围网
11736,30.666305555555557,125.90405555555556,1.5,153.0,2019-11-07 23:54:30,围网
11736,30.668555555555557,125.89744444444445,3.8,294.0,2019-11-08 00:04:29,围网
11736,30.67619444444445,125.89111111111113,4.3,346.0,2019-11-08 00:14:29,围网
11736,30.68316666666667,125.88791666666668,1.9,184.0,2019-11-08 00:24:29,围网
11736,30.682,125.88744444444444,0.5,164.0,2019-11-08 00:34:29,围网
11736,30.681611111111113,125.88725,0.1,0.0,2019-11-08 00:44:29,围网
11736,30.681555555555555,125.88708333333334,0.3,0.0,2019-11-08 00:54:29,围网
11736,30.680888888888887,125.88716666666667,1.0,0.0,2019-11-08 01:04:29,围网
11736,30.680555555555557,125.88694444444445,1.0,0.0,2019-11-08 01:14:29,围网
11736,30.68008333333333,125.88688888888888,0.7,0.0,2019-11-08 01:24:30,围网
11736,30.67975,125.88688888888888,0.4,0.0,2019-11-08 01:34:30,围网
11736,30.67933333333333,125.88663888888892,0.6,0.0,2019-11-08 01:44:30,围网
11736,30.67916666666667,125.88655555555556,0.3,0.0,2019-11-08 01:54:30,围网
11736,30.67897222222221,125.8865277777778,0.5,224.0,2019-11-08 02:04:30,围网
11736,30.678722222222234,125.88644444444445,0.2,0.0,2019-11-08 02:14:30,围网
11736,30.67852777777778,125.88636111111113,0.6,163.0,2019-11-08 02:24:30,围网
11736,30.67833333333333,125.88619444444444,0.4,0.0,2019-11-08 02:34:30,围网
11736,30.678166666666666,125.88605555555556,0.2,0.0,2019-11-08 02:44:30,围网
11736,30.677861111111113,125.886,0.5,157.0,2019-11-08 02:54:30,围网
11736,30.67758333333333,125.88583333333334,1.2,269.0,2019-11-08 03:04:30,围网
11736,30.67738888888889,125.88580555555555,0.4,231.0,2019-11-08 03:14:30,围网
11736,30.677111111111113,125.88566666666668,0.5,69.0,2019-11-08 03:34:30,围网
11736,30.676972222222233,125.88541666666669,0.2,0.0,2019-11-08 03:44:30,围网
11736,30.67658333333333,125.88541666666669,0.6,196.0,2019-11-08 03:54:30,围网
11736,30.676388888888887,125.88519444444445,0.9,271.0,2019-11-08 04:04:29,围网
11736,30.67616666666667,125.88505555555555,0.5,5.0,2019-11-08 04:14:29,围网
11736,30.675916666666666,125.88508333333334,0.2,0.0,2019-11-08 04:24:29,围网
11736,30.67580555555556,125.88497222222222,1.4,22.0,2019-11-08 04:34:29,围网
11736,30.67661111111111,125.88516666666668,0.8,285.0,2019-11-08 04:44:29,围网
11736,30.681277777777765,125.88488888888894,4.0,354.0,2019-11-08 04:54:29,围网
11736,30.690277777777766,125.88086111111107,4.6,310.0,2019-11-08 05:04:29,围网
11736,30.694138888888887,125.87097222222219,3.5,289.0,2019-11-08 05:14:29,围网
11736,30.696666666666665,125.86066666666666,3.9,287.0,2019-11-08 05:24:29,围网
11736,30.69908333333333,125.8504722222222,3.5,280.0,2019-11-08 05:34:29,围网
11736,30.70241666666667,125.84075,2.7,286.0,2019-11-08 05:44:29,围网
11736,30.706055555555555,125.83133333333332,3.2,299.0,2019-11-08 05:54:30,围网
11736,30.709972222222234,125.82180555555556,3.0,314.0,2019-11-08 06:04:30,围网
11736,30.71558333333333,125.81283333333332,3.3,301.0,2019-11-08 06:14:30,围网
11736,30.719027777777768,125.804,3.2,291.0,2019-11-08 06:24:30,围网
11736,30.722777777777768,125.79466666666666,3.3,313.0,2019-11-08 06:34:30,围网
11736,30.72558333333333,125.78475,3.4,266.0,2019-11-08 06:44:30,围网
11736,30.72825,125.77475,3.5,277.0,2019-11-08 06:54:30,围网
11736,30.73175,125.76522222222222,2.7,296.0,2019-11-08 07:04:30,围网
11736,30.731333333333332,125.75488888888893,3.6,255.0,2019-11-08 07:14:30,围网
11736,30.73261111111111,125.74508333333334,3.0,268.0,2019-11-08 07:24:30,围网
11736,30.73322222222221,125.73916666666666,1.0,271.0,2019-11-08 07:34:30,围网
11736,30.730305555555553,125.73844444444444,3.6,161.0,2019-11-08 07:44:30,围网
11736,30.73177777777777,125.72027777777778,6.0,295.0,2019-11-08 07:54:30,围网
11736,30.735750000000003,125.70936111111112,4.0,258.0,2019-11-08 08:04:29,围网
11736,30.73775,125.69986111111106,2.8,295.0,2019-11-08 08:14:29,围网
11736,30.740416666666665,125.69002777777777,3.1,283.0,2019-11-08 08:24:29,围网
11736,30.74275,125.68147222222223,3.3,253.0,2019-11-08 08:34:29,围网
11736,30.74463888888889,125.67233333333334,3.7,266.0,2019-11-08 08:44:29,围网
11736,30.745638888888887,125.66294444444445,2.8,285.0,2019-11-08 08:54:29,围网
11736,30.74166666666667,125.6550277777778,3.2,197.0,2019-11-08 09:04:29,围网
11736,30.732916666666664,125.65769444444445,3.4,139.0,2019-11-08 09:14:29,围网
11736,30.729194444444442,125.66783333333336,3.7,114.0,2019-11-08 09:24:29,围网
11736,30.73011111111111,125.68905555555556,3.5,88.0,2019-11-08 09:44:29,围网
11736,30.72991666666667,125.69986111111106,4.3,98.0,2019-11-08 09:54:29,围网
11736,30.729555555555553,125.71063888888894,4.3,119.0,2019-11-08 10:04:29,围网
11736,30.729027777777766,125.7215,4.6,95.0,2019-11-08 10:14:30,围网
11736,30.72872222222221,125.73225,3.6,88.0,2019-11-08 10:24:30,围网
11736,30.72738888888889,125.74361111111112,3.3,108.0,2019-11-08 10:34:30,围网
11736,30.726138888888887,125.7535,3.3,106.0,2019-11-08 10:44:30,围网
11736,30.72472222222222,125.7639722222222,3.5,105.0,2019-11-08 10:54:30,围网
11736,30.721666666666664,125.7725,1.2,127.0,2019-11-08 11:04:30,围网
11736,30.71822222222222,125.77502777777778,1.8,102.0,2019-11-08 11:14:30,围网
11736,30.721277777777768,125.77944444444445,3.7,97.0,2019-11-08 11:24:30,围网
11736,30.718000000000004,125.79105555555556,3.3,79.0,2019-11-08 11:34:30,围网
11736,30.71372222222222,125.80066666666666,3.9,140.0,2019-11-08 11:44:30,围网
11736,30.708055555555553,125.80938888888888,3.4,111.0,2019-11-08 11:54:30,围网
11736,30.70216666666667,125.81780555555555,3.5,132.0,2019-11-08 12:04:29,围网
11736,30.695888888888888,125.82611111111108,3.3,133.0,2019-11-08 12:14:29,围网
11736,30.689055555555555,125.83330555555555,3.4,143.0,2019-11-08 12:24:29,围网
11736,30.682666666666666,125.84113888888888,3.1,138.0,2019-11-08 12:34:29,围网
11736,30.67533333333333,125.84869444444445,2.9,130.0,2019-11-08 12:44:29,围网
11736,30.669611111111113,125.85616666666668,2.6,141.0,2019-11-08 12:54:29,围网
11736,30.661805555555553,125.86208333333332,3.8,163.0,2019-11-08 13:04:29,围网
11736,30.653777777777766,125.86744444444444,3.7,157.0,2019-11-08 13:14:29,围网
11736,30.646638888888887,125.87388888888887,3.3,154.0,2019-11-08 13:24:29,围网
11736,30.6395,125.88044444444445,3.3,140.0,2019-11-08 13:34:29,围网
11736,30.631888888888888,125.88672222222223,3.5,150.0,2019-11-08 13:44:29,围网
11736,30.623444444444445,125.89147222222223,3.7,156.0,2019-11-08 13:54:29,围网
11736,30.614472222222233,125.89452777777778,3.5,166.0,2019-11-08 14:04:29,围网
11736,30.60538888888889,125.89580555555555,3.8,164.0,2019-11-08 14:14:29,围网
11736,30.59819444444444,125.88891666666667,3.5,243.0,2019-11-08 14:24:29,围网
11736,30.594805555555553,125.88727777777781,1.2,161.0,2019-11-08 14:34:30,围网
11736,30.59461111111111,125.88855555555556,4.4,9.0,2019-11-08 14:44:30,围网
11736,30.610111111111113,125.88508333333334,5.8,352.0,2019-11-08 14:54:30,围网
11736,30.618444444444442,125.87863888888887,2.8,312.0,2019-11-08 15:04:30,围网
11736,30.62308333333333,125.87019444444445,2.9,298.0,2019-11-08 15:14:30,围网
11736,30.62688888888889,125.86058333333332,3.6,312.0,2019-11-08 15:24:30,围网
11736,30.630972222222233,125.85130555555556,3.5,306.0,2019-11-08 15:34:30,围网
11736,30.635305555555554,125.84205555555555,3.5,287.0,2019-11-08 15:44:30,围网
11736,30.63952777777777,125.83266666666668,3.2,299.0,2019-11-08 15:54:30,围网
11736,30.643611111111113,125.82338888888887,3.3,294.0,2019-11-08 16:04:29,围网
11736,30.64772222222223,125.81433333333334,3.0,316.0,2019-11-08 16:14:29,围网
11736,30.653527777777786,125.80630555555555,3.1,279.0,2019-11-08 16:24:29,围网
11736,30.66058333333333,125.80052777777777,2.2,315.0,2019-11-08 16:34:29,围网
11736,30.667472222222226,125.79436111111113,2.8,326.0,2019-11-08 16:44:29,围网
11736,30.6745,125.78825,3.9,311.0,2019-11-08 16:54:29,围网
11736,30.68208333333333,125.78175,3.9,316.0,2019-11-08 17:04:29,围网
11736,30.687722222222234,125.77433333333332,3.5,283.0,2019-11-08 17:14:29,围网
11736,30.69244444444445,125.76547222222223,3.4,301.0,2019-11-08 17:24:29,围网
11736,30.69608333333333,125.75613888888887,3.5,287.0,2019-11-08 17:34:29,围网
11736,30.699305555555554,125.74666666666668,3.7,281.0,2019-11-08 17:44:29,围网
11736,30.703611111111112,125.73772222222222,3.6,275.0,2019-11-08 17:54:29,围网
11736,30.70572222222221,125.73108333333332,1.2,295.0,2019-11-08 18:04:29,围网
11736,30.702861111111112,125.72811111111113,0.7,0.0,2019-11-08 18:14:29,围网
11736,30.700861111111113,125.73819444444445,3.8,70.0,2019-11-08 18:24:29,围网
11736,30.70127777777777,125.74836111111112,2.9,90.0,2019-11-08 18:34:29,围网
11736,30.69988888888889,125.75802777777777,3.3,98.0,2019-11-08 18:44:29,围网
11736,30.698138888888888,125.76752777777777,3.3,106.0,2019-11-08 18:54:30,围网
11736,30.69716666666667,125.77725,3.2,85.0,2019-11-08 19:04:30,围网
11736,30.696,125.78758333333332,2.7,101.0,2019-11-08 19:14:30,围网
11736,30.695638888888887,125.79688888888887,3.6,92.0,2019-11-08 19:24:30,围网
11736,30.696472222222226,125.80666666666666,2.9,76.0,2019-11-08 19:34:30,围网
11736,30.697888888888887,125.82641666666666,3.9,103.0,2019-11-08 19:54:30,围网
11736,30.69805555555555,125.83655555555555,3.5,78.0,2019-11-08 20:04:29,围网
11736,30.697972222222226,125.84691666666666,4.0,104.0,2019-11-08 20:14:29,围网
11736,30.698,125.85733333333332,3.2,78.0,2019-11-08 20:24:29,围网
11736,30.69747222222223,125.86783333333334,4.3,69.0,2019-11-08 20:34:29,围网
11736,30.69730555555555,125.87838888888888,3.9,72.0,2019-11-08 20:44:29,围网
11736,30.69691666666667,125.88908333333336,3.4,84.0,2019-11-08 20:54:29,围网
11736,30.69655555555555,125.90002777777778,3.7,84.0,2019-11-08 21:04:29,围网
11736,30.695277777777786,125.9110277777778,3.4,97.0,2019-11-08 21:14:29,围网
11736,30.692805555555548,125.92244444444445,3.5,105.0,2019-11-08 21:24:29,围网
11736,30.68925,125.93183333333334,3.2,114.0,2019-11-08 21:34:29,围网
11736,30.685111111111112,125.94169444444445,3.6,130.0,2019-11-08 21:44:29,围网
11736,30.68066666666667,125.95113888888888,3.2,132.0,2019-11-08 21:54:29,围网
11736,30.67436111111111,125.95786111111113,3.3,131.0,2019-11-08 22:04:29,围网
11736,30.671944444444453,125.96069444444444,1.9,144.0,2019-11-08 22:14:29,围网
11736,30.668111111111113,125.96383333333334,2.2,337.0,2019-11-08 22:24:29,围网
11736,30.666694444444445,125.96525,0.9,60.0,2019-11-08 22:34:29,围网
11736,30.66686111111111,125.96544444444444,0.3,0.0,2019-11-08 22:44:29,围网
11736,30.66680555555555,125.96538888888894,0.4,316.0,2019-11-08 22:54:29,围网
11736,30.666722222222226,125.9652777777778,0.5,0.0,2019-11-08 23:04:29,围网
11736,30.666638888888887,125.96508333333334,0.2,0.0,2019-11-08 23:14:30,围网
11736,30.666694444444445,125.96513888888887,1.1,139.0,2019-11-08 23:24:30,围网
11736,30.666694444444445,125.9652222222222,1.2,166.0,2019-11-08 23:34:30,围网
11736,30.66666666666667,125.96513888888887,0.5,308.0,2019-11-08 23:44:30,围网
11736,30.66658333333333,125.9650277777778,0.8,19.0,2019-11-08 23:54:30,围网
11736,30.666555555555554,125.96497222222222,0.2,0.0,2019-11-09 00:04:29,围网
11736,30.666638888888887,125.96511111111113,0.7,88.0,2019-11-09 00:14:29,围网
11736,30.666555555555554,125.96519444444445,0.4,0.0,2019-11-09 00:24:29,围网
11736,30.66658333333333,125.96508333333334,0.4,0.0,2019-11-09 00:34:29,围网
11736,30.6665,125.96486111111106,0.7,0.0,2019-11-09 00:44:29,围网
11736,30.66641666666667,125.965,0.8,0.0,2019-11-09 00:54:29,围网
11736,30.666472222222207,125.96477777777778,0.4,228.0,2019-11-09 01:04:29,围网
11736,30.66641666666667,125.9645277777778,0.3,0.0,2019-11-09 01:14:29,围网
11736,30.6665,125.96483333333332,0.9,284.0,2019-11-09 01:24:29,围网
11736,30.66644444444445,125.96480555555556,0.2,0.0,2019-11-09 01:34:29,围网
11736,30.66644444444445,125.96461111111113,1.0,68.0,2019-11-09 01:44:29,围网
11736,30.66644444444445,125.96461111111113,0.6,272.0,2019-11-09 01:54:29,围网
11736,30.66644444444445,125.96461111111113,0.5,37.0,2019-11-09 02:04:29,围网
11736,30.66638888888889,125.96444444444445,0.4,0.0,2019-11-09 02:14:29,围网
11736,30.66636111111111,125.96405555555555,0.4,220.0,2019-11-09 02:34:29,围网
11736,30.66633333333333,125.96411111111112,0.2,0.0,2019-11-09 02:44:29,围网
11736,30.66636111111111,125.96419444444444,0.5,133.0,2019-11-09 02:54:29,围网
11736,30.66633333333333,125.964,0.3,0.0,2019-11-09 03:04:29,围网
11736,30.66636111111111,125.96408333333332,0.5,0.0,2019-11-09 03:14:29,围网
11736,30.66633333333333,125.96408333333332,0.7,179.0,2019-11-09 03:24:29,围网
11736,30.66633333333333,125.96416666666669,0.8,147.0,2019-11-09 03:34:29,围网
11736,30.66638888888889,125.96425,0.7,165.0,2019-11-09 03:44:30,围网
11736,30.6685,125.9637777777778,1.2,323.0,2019-11-09 03:54:29,围网
11736,30.668861111111113,125.95505555555556,2.7,266.0,2019-11-09 04:04:29,围网
11736,30.67061111111111,125.94363888888887,2.5,286.0,2019-11-09 04:14:29,围网
11736,30.671805555555554,125.93316666666666,3.1,273.0,2019-11-09 04:24:29,围网
11736,30.671555555555557,125.92288888888888,3.3,296.0,2019-11-09 04:34:29,围网
11736,30.671333333333337,125.91244444444445,2.9,280.0,2019-11-09 04:44:29,围网
11736,30.67222222222223,125.90194444444445,3.4,270.0,2019-11-09 04:54:29,围网
11736,30.6725,125.8915,3.4,288.0,2019-11-09 05:04:29,围网
11736,30.67358333333333,125.88108333333332,3.2,281.0,2019-11-09 05:14:29,围网
11736,30.67377777777777,125.87075,3.3,273.0,2019-11-09 05:24:29,围网
11736,30.674027777777766,125.86058333333332,2.9,274.0,2019-11-09 05:34:29,围网
11736,30.674527777777786,125.85008333333332,4.1,274.0,2019-11-09 05:44:29,围网
11736,30.675166666666666,125.83952777777776,3.1,259.0,2019-11-09 05:54:29,围网
11736,30.676472222222234,125.8285,3.7,295.0,2019-11-09 06:04:29,围网
11736,30.677611111111112,125.81894444444444,2.9,0.0,2019-11-09 06:14:29,围网
11736,30.678611111111113,125.80894444444445,3.5,339.0,2019-11-09 06:24:29,围网
11736,30.680194444444453,125.79913888888888,3.0,302.0,2019-11-09 06:34:29,围网
11736,30.682055555555557,125.78947222222222,3.3,246.0,2019-11-09 06:44:29,围网
11736,30.683888888888887,125.77986111111107,3.0,305.0,2019-11-09 06:54:29,围网
11736,30.68555555555556,125.77013888888888,6.0,252.0,2019-11-09 07:04:29,围网
11736,30.688111111111112,125.7605,2.9,283.0,2019-11-09 07:14:29,围网
11736,30.69094444444445,125.75097222222222,1.7,0.0,2019-11-09 07:24:29,围网
11736,30.691416666666665,125.74819444444445,2.0,174.0,2019-11-09 07:34:29,围网
11736,30.68830555555556,125.74813888888887,3.7,158.0,2019-11-09 07:44:29,围网
11736,30.692472222222232,125.73986111111113,3.4,356.0,2019-11-09 07:54:29,围网
11736,30.70197222222221,125.73669444444445,3.4,348.0,2019-11-09 08:04:30,围网
11736,30.711333333333336,125.73461111111112,3.4,340.0,2019-11-09 08:14:28,围网
11736,30.719638888888888,125.73619444444445,3.5,42.0,2019-11-09 08:24:29,围网
11736,30.72583333333333,125.74397222222223,3.6,41.0,2019-11-09 08:34:29,围网
11736,30.729388888888888,125.75388888888894,3.5,85.0,2019-11-09 08:44:29,围网
11736,30.7325,125.76394444444445,3.4,45.0,2019-11-09 08:54:29,围网
11736,30.735055555555554,125.77419444444445,3.3,74.0,2019-11-09 09:04:29,围网
11736,30.736472222222233,125.7847222222222,3.4,59.0,2019-11-09 09:14:29,围网
11736,30.73777777777779,125.7955,4.0,90.0,2019-11-09 09:24:29,围网
11736,30.738416666666666,125.80647222222223,4.2,98.0,2019-11-09 09:34:29,围网
11736,30.741083333333336,125.81666666666666,2.9,56.0,2019-11-09 09:44:29,围网
11736,30.74505555555556,125.82655555555556,3.7,94.0,2019-11-09 09:54:29,围网
11736,30.74655555555556,125.83669444444445,3.3,88.0,2019-11-09 10:04:29,围网
11736,30.747277777777786,125.84763888888888,3.4,87.0,2019-11-09 10:14:29,围网
11736,30.746972222222233,125.85913888888888,3.3,87.0,2019-11-09 10:24:29,围网
11736,30.74613888888889,125.86936111111108,3.5,89.0,2019-11-09 10:34:29,围网
11736,30.74538888888889,125.88013888888888,3.0,89.0,2019-11-09 10:44:29,围网
11736,30.743444444444453,125.89086111111112,4.2,123.0,2019-11-09 10:54:29,围网
11736,30.741111111111113,125.90138888888887,3.3,86.0,2019-11-09 11:04:29,围网
11736,30.73788888888889,125.90416666666668,1.9,124.0,2019-11-09 11:14:29,围网
11736,30.733361111111112,125.90841666666668,2.9,124.0,2019-11-09 11:24:29,围网
11736,30.731027777777786,125.92066666666668,3.5,114.0,2019-11-09 11:34:29,围网
11736,30.726111111111113,125.92994444444444,3.7,121.0,2019-11-09 11:44:29,围网
11736,30.72013888888889,125.93844444444444,3.2,132.0,2019-11-09 11:54:29,围网
11736,30.71163888888889,125.94380555555556,3.1,144.0,2019-11-09 12:04:28,围网
11736,30.70277777777777,125.94775,2.7,159.0,2019-11-09 12:14:28,围网
11736,30.69377777777777,125.95133333333334,3.0,135.0,2019-11-09 12:24:28,围网
11736,30.68422222222221,125.95538888888888,3.4,158.0,2019-11-09 12:34:28,围网
11736,30.666527777777766,125.96119444444444,3.5,159.0,2019-11-09 12:54:29,围网
11736,30.65594444444444,125.96366666666668,3.9,168.0,2019-11-09 13:04:29,围网
11736,30.64619444444445,125.96672222222223,3.1,163.0,2019-11-09 13:14:29,围网
11736,30.63727777777777,125.97047222222223,3.8,154.0,2019-11-09 13:24:29,围网
11736,30.61947222222221,125.97688888888894,3.5,168.0,2019-11-09 13:44:29,围网
11736,30.610194444444453,125.97941666666668,3.8,159.0,2019-11-09 13:54:29,围网
11736,30.601,125.98177777777778,3.0,173.0,2019-11-09 14:04:29,围网
11736,30.591916666666666,125.98405555555556,4.3,164.0,2019-11-09 14:14:29,围网
11736,30.58297222222223,125.98597222222222,3.9,169.0,2019-11-09 14:24:29,围网
11736,30.57402777777777,125.98833333333332,3.1,164.0,2019-11-09 14:34:29,围网
11736,30.56433333333333,125.98858333333332,3.3,188.0,2019-11-09 14:44:29,围网
11736,30.556027777777786,125.98947222222222,3.0,157.0,2019-11-09 14:54:29,围网
11736,30.54827777777778,125.99258333333334,1.5,201.0,2019-11-09 15:04:29,围网
11736,30.54591666666667,125.99041666666666,3.0,193.0,2019-11-09 15:14:29,围网
11736,30.540138888888887,125.99638888888887,6.6,136.0,2019-11-09 15:24:29,围网
11736,30.528916666666664,125.99683333333334,3.8,182.0,2019-11-09 15:34:29,围网
11736,30.520194444444453,125.99383333333333,3.3,194.0,2019-11-09 15:44:29,围网
11736,30.51158333333333,125.9909722222222,2.8,192.0,2019-11-09 15:54:29,围网
11736,30.50294444444444,125.98941666666666,3.2,179.0,2019-11-09 16:04:28,围网
11736,30.49441666666667,125.98722222222223,3.8,192.0,2019-11-09 16:14:28,围网
11736,30.48675,125.98325,3.7,234.0,2019-11-09 16:24:28,围网
11736,30.48536111111111,125.97261111111106,3.4,272.0,2019-11-09 16:34:28,围网
11736,30.48633333333333,125.96219444444445,2.6,296.0,2019-11-09 16:44:29,围网
11736,30.489,125.95166666666668,3.3,294.0,2019-11-09 16:54:28,围网
11736,30.49216666666667,125.94286111111113,3.4,286.0,2019-11-09 17:04:29,围网
11736,30.49669444444445,125.934,3.6,272.0,2019-11-09 17:14:29,围网
11736,30.50025,125.92458333333332,3.5,298.0,2019-11-09 17:24:29,围网
11736,30.503555555555558,125.9147777777778,3.4,291.0,2019-11-09 17:34:29,围网
11736,30.506722222222226,125.90491666666668,2.9,280.0,2019-11-09 17:44:29,围网
11736,30.51008333333333,125.89513888888894,3.3,270.0,2019-11-09 17:54:29,围网
11736,30.51394444444445,125.88566666666668,3.5,298.0,2019-11-09 18:04:29,围网
11736,30.51691666666667,125.87558333333332,3.5,282.0,2019-11-09 18:14:29,围网
11736,30.51955555555555,125.8652777777778,3.4,277.0,2019-11-09 18:24:29,围网
11736,30.522222222222233,125.85527777777777,2.9,272.0,2019-11-09 18:34:29,围网
11736,30.526027777777767,125.84575,3.3,300.0,2019-11-09 18:44:29,围网
11736,30.53072222222222,125.83686111111106,3.3,303.0,2019-11-09 18:54:29,围网
11736,30.535999999999998,125.82761111111112,3.3,301.0,2019-11-09 19:04:29,围网
11736,30.53833333333333,125.82194444444444,1.8,309.0,2019-11-09 19:14:29,围网
11736,30.53686111111111,125.81780555555555,1.0,176.0,2019-11-09 19:24:29,围网
11736,30.537305555555548,125.81872222222222,2.4,344.0,2019-11-09 19:34:29,围网
11736,30.54602777777778,125.81458333333332,3.3,343.0,2019-11-09 19:44:29,围网
11736,30.55477777777779,125.8145,3.4,7.0,2019-11-09 19:54:29,围网
11736,30.563250000000004,125.81691666666666,3.4,3.0,2019-11-09 20:04:28,围网
11736,30.57208333333333,125.81833333333331,3.5,8.0,2019-11-09 20:14:28,围网
11736,30.580472222222234,125.82175,3.5,23.0,2019-11-09 20:24:28,围网
11736,30.588361111111112,125.82672222222223,3.6,68.0,2019-11-09 20:34:28,围网
11736,30.59363888888889,125.83555555555556,4.1,68.0,2019-11-09 20:44:28,围网
11736,30.59561111111111,125.84591666666668,3.7,98.0,2019-11-09 20:54:28,围网
11736,30.59494444444445,125.85641666666666,3.8,107.0,2019-11-09 21:04:28,围网
11736,30.59261111111111,125.86727777777777,3.2,98.0,2019-11-09 21:14:28,围网
11736,30.590611111111112,125.87719444444444,3.2,107.0,2019-11-09 21:24:29,围网
11736,30.588611111111113,125.88788888888894,3.6,93.0,2019-11-09 21:34:29,围网
11736,30.58672222222221,125.89872222222223,3.9,114.0,2019-11-09 21:44:29,围网
11736,30.584611111111112,125.90969444444444,3.4,103.0,2019-11-09 21:54:29,围网
11736,30.58183333333333,125.92105555555555,3.6,102.0,2019-11-09 22:04:29,围网
11736,30.57958333333333,125.93122222222223,3.5,94.0,2019-11-09 22:14:29,围网
11736,30.57802777777778,125.94194444444445,3.4,99.0,2019-11-09 22:24:29,围网
11736,30.576888888888888,125.95266666666667,3.4,85.0,2019-11-09 22:34:29,围网
11736,30.5755,125.96341666666667,3.5,102.0,2019-11-09 22:44:29,围网
11736,30.57338888888889,125.97399999999999,3.5,102.0,2019-11-09 22:54:29,围网
11736,30.570555555555554,125.98438888888887,3.4,106.0,2019-11-09 23:04:29,围网
11736,30.566805555555554,125.99436111111113,3.3,109.0,2019-11-09 23:14:29,围网
11736,30.562305555555554,126.00480555555555,3.2,119.0,2019-11-09 23:24:29,围网
11736,30.55822222222222,126.014,3.4,113.0,2019-11-09 23:34:29,围网
11736,30.552611111111112,126.02291666666666,4.0,145.0,2019-11-09 23:44:29,围网
11736,30.54794444444445,126.03230555555555,3.3,101.0,2019-11-09 23:54:29,围网
11736,30.54541666666667,126.0427222222222,3.6,113.0,2019-11-10 00:04:28,围网
11736,30.541611111111113,126.05152777777776,1.9,136.0,2019-11-10 00:14:28,围网
11736,30.53680555555556,126.05677777777777,2.7,135.0,2019-11-10 00:24:28,围网
11736,30.541527777777766,126.0617777777778,3.8,1.0,2019-11-10 00:34:28,围网
11736,30.55230555555556,126.06180555555555,4.0,350.0,2019-11-10 00:44:28,围网
11736,30.553166666666666,126.06186111111113,4.9,216.0,2019-11-10 00:54:28,围网
11736,30.54288888888889,126.05830555555555,3.4,195.0,2019-11-10 01:04:28,围网
11736,30.533916666666666,126.0547777777778,3.4,179.0,2019-11-10 01:14:28,围网
11736,30.52555555555556,126.05002777777777,4.5,255.0,2019-11-10 01:24:29,围网
11736,30.517777777777766,126.04333333333334,3.5,205.0,2019-11-10 01:34:28,围网
11736,30.51163888888889,126.03655555555555,3.1,234.0,2019-11-10 01:44:29,围网
11736,30.50694444444445,126.02788888888887,3.4,248.0,2019-11-10 01:54:29,围网
11736,30.50294444444444,126.01855555555555,3.3,250.0,2019-11-10 02:04:29,围网
11736,30.49991666666667,126.00872222222222,3.5,239.0,2019-11-10 02:14:29,围网
11736,30.496861111111112,125.99886111111113,3.3,249.0,2019-11-10 02:24:29,围网
11736,30.49361111111111,125.98877777777778,3.3,250.0,2019-11-10 02:34:29,围网
11736,30.49163888888889,125.97841666666667,3.1,263.0,2019-11-10 02:44:29,围网
11736,30.49169444444445,125.96805555555555,2.9,272.0,2019-11-10 02:54:29,围网
11736,30.49225,125.95763888888888,2.9,265.0,2019-11-10 03:04:29,围网
11736,30.49341666666667,125.9472222222222,3.5,276.0,2019-11-10 03:14:29,围网
11736,30.49558333333333,125.937,2.6,282.0,2019-11-10 03:24:29,围网
11736,30.498722222222234,125.92722222222223,3.4,291.0,2019-11-10 03:34:29,围网
11736,30.50344444444445,125.9177777777778,2.9,306.0,2019-11-10 03:44:29,围网
11736,30.50772222222223,125.90944444444445,3.1,297.0,2019-11-10 03:54:29,围网
11736,30.51161111111111,125.90213888888893,1.2,267.0,2019-11-10 04:04:28,围网
11736,30.510361111111113,125.89883333333334,3.4,263.0,2019-11-10 04:14:28,围网
11736,30.51441666666667,125.8937222222222,5.5,351.0,2019-11-10 04:24:28,围网
11736,30.528916666666664,125.89147222222223,5.2,3.0,2019-11-10 04:34:28,围网
11736,30.54475,125.89047222222223,6.1,8.0,2019-11-10 04:44:28,围网
11736,30.55230555555556,125.89475,3.6,29.0,2019-11-10 04:54:28,围网
11736,30.558777777777767,125.9075,5.3,46.0,2019-11-10 05:04:28,围网
11736,30.56691666666667,125.91580555555555,3.4,315.0,2019-11-10 05:14:28,围网
11736,30.57558333333333,125.90788888888888,3.5,323.0,2019-11-10 05:24:28,围网
11736,30.584138888888887,125.90227777777778,3.8,331.0,2019-11-10 05:34:28,围网
11736,30.59263888888889,125.89669444444445,3.1,329.0,2019-11-10 05:44:28,围网
11736,30.601222222222226,125.88997222222223,3.5,329.0,2019-11-10 05:54:29,围网
11736,30.608833333333337,125.88388888888888,3.3,311.0,2019-11-10 06:04:29,围网
11736,30.616999999999997,125.87733333333333,3.4,309.0,2019-11-10 06:14:29,围网
11736,30.624944444444445,125.87080555555555,3.6,321.0,2019-11-10 06:24:29,围网
11736,30.63302777777778,125.86458333333331,3.5,328.0,2019-11-10 06:34:29,围网
11736,30.641527777777767,125.85938888888887,3.5,327.0,2019-11-10 06:44:29,围网
11736,30.65013888888889,125.85466666666666,3.0,330.0,2019-11-10 06:54:29,围网
11736,30.65838888888889,125.84888888888888,3.6,311.0,2019-11-10 07:04:29,围网
11736,30.664972222222207,125.84097222222219,3.1,304.0,2019-11-10 07:14:29,围网
11736,30.66975,125.83158333333333,3.6,296.0,2019-11-10 07:24:29,围网
11736,30.67375,125.82183333333332,3.6,296.0,2019-11-10 07:34:29,围网
11736,30.67741666666667,125.81222222222222,3.1,300.0,2019-11-10 07:44:29,围网
11736,30.68180555555556,125.80288888888887,3.2,306.0,2019-11-10 07:54:28,围网
11736,30.6865,125.79297222222222,3.2,297.0,2019-11-10 08:04:28,围网
11736,30.69102777777778,125.78455555555556,2.9,307.0,2019-11-10 08:14:28,围网
11736,30.702527777777767,125.77213888888888,1.0,317.0,2019-11-10 08:34:28,围网
11736,30.705416666666665,125.77022222222222,0.9,10.0,2019-11-10 08:44:28,围网
11736,30.70741666666667,125.76488888888888,3.5,333.0,2019-11-10 08:54:28,围网
11736,30.71869444444444,125.7655277777778,3.0,24.0,2019-11-10 09:04:28,围网
11736,30.72813888888889,125.76655555555556,3.1,13.0,2019-11-10 09:14:28,围网
11736,30.737444444444453,125.76827777777777,3.2,10.0,2019-11-10 09:24:28,围网
11736,30.746111111111112,125.7725,3.7,50.0,2019-11-10 09:34:28,围网
11736,30.74916666666667,125.79416666666668,3.5,92.0,2019-11-10 09:54:28,围网
11736,30.74908333333333,125.80511111111107,3.5,86.0,2019-11-10 10:04:28,围网
11736,30.748916666666666,125.81669444444445,3.5,91.0,2019-11-10 10:14:29,围网
11736,30.74869444444445,125.82708333333332,3.5,84.0,2019-11-10 10:24:29,围网
11736,30.74716666666667,125.83808333333332,3.5,93.0,2019-11-10 10:34:29,围网
11736,30.74663888888889,125.84930555555556,3.5,87.0,2019-11-10 10:44:29,围网
11736,30.74658333333333,125.86066666666666,3.4,90.0,2019-11-10 10:54:29,围网
11736,30.74644444444445,125.87180555555555,3.5,90.0,2019-11-10 11:04:29,围网
11736,30.745500000000003,125.88291666666666,3.5,99.0,2019-11-10 11:14:29,围网
11736,30.74541666666667,125.89419444444445,3.2,89.0,2019-11-10 11:24:29,围网
11736,30.744861111111113,125.90536111111112,3.4,98.0,2019-11-10 11:34:29,围网
11736,30.74355555555556,125.91644444444445,3.4,100.0,2019-11-10 11:44:29,围网
11736,30.74216666666667,125.92766666666668,3.7,97.0,2019-11-10 11:54:29,围网
11736,30.741194444444453,125.93333333333334,2.6,98.0,2019-11-10 12:04:28,围网
11736,30.74002777777779,125.9380277777778,4.6,288.0,2019-11-10 12:14:28,围网
11736,30.731416666666664,125.93141666666666,3.9,155.0,2019-11-10 12:24:28,围网
11736,30.72266666666666,125.9355277777778,3.5,157.0,2019-11-10 12:34:28,围网
11736,30.713694444444442,125.93986111111113,3.5,157.0,2019-11-10 12:44:28,围网
11736,30.70458333333333,125.94358333333334,3.6,159.0,2019-11-10 12:54:28,围网
11736,30.69558333333333,125.9475,3.6,157.0,2019-11-10 13:04:28,围网
11736,30.68638888888889,125.95130555555555,3.6,158.0,2019-11-10 13:14:28,围网
11736,30.67669444444445,125.95536111111113,3.9,167.0,2019-11-10 13:24:28,围网
11736,30.66697222222223,125.95838888888893,3.6,156.0,2019-11-10 13:34:28,围网
11736,30.657722222222233,125.96188888888894,3.4,160.0,2019-11-10 13:44:28,围网
11736,30.64847222222221,125.96511111111113,3.5,161.0,2019-11-10 13:54:28,围网
11736,30.639138888888887,125.96794444444444,3.6,155.0,2019-11-10 14:04:28,围网
11736,30.630111111111113,125.97144444444444,3.4,163.0,2019-11-10 14:14:28,围网
11736,30.62072222222222,125.97491666666667,3.4,167.0,2019-11-10 14:24:28,围网
11736,30.6115,125.97755555555555,3.3,164.0,2019-11-10 14:34:29,围网
11736,30.60297222222223,125.9800277777778,3.7,162.0,2019-11-10 14:44:29,围网
11736,30.594,125.98197222222224,3.5,163.0,2019-11-10 14:54:29,围网
11736,30.58513888888889,125.98422222222223,3.6,172.0,2019-11-10 15:04:29,围网
11736,30.576166666666666,125.98522222222222,3.4,173.0,2019-11-10 15:14:29,围网
11736,30.56722222222221,125.98591666666668,3.4,170.0,2019-11-10 15:24:29,围网
11736,30.55830555555556,125.98508333333334,3.4,189.0,2019-11-10 15:34:29,围网
11736,30.55597222222222,125.9855277777778,1.1,156.0,2019-11-10 15:44:29,围网
11736,30.55394444444445,125.99030555555555,6.3,62.0,2019-11-10 15:54:29,围网
11736,30.55625,125.99066666666668,5.0,259.0,2019-11-10 16:04:28,围网
11736,30.55097222222221,125.98130555555555,3.0,210.0,2019-11-10 16:14:28,围网
11736,30.543888888888887,125.9745,3.1,210.0,2019-11-10 16:24:28,围网
11736,30.53694444444445,125.96775,2.8,237.0,2019-11-10 16:34:28,围网
11736,30.532138888888888,125.95758333333332,3.3,224.0,2019-11-10 16:44:28,围网
11736,30.525861111111112,125.95094444444445,3.1,226.0,2019-11-10 16:54:28,围网
11736,30.52008333333333,125.94286111111113,3.3,235.0,2019-11-10 17:04:28,围网
11736,30.51525,125.93394444444445,3.1,228.0,2019-11-10 17:14:28,围网
11736,30.51083333333333,125.92444444444445,3.3,245.0,2019-11-10 17:24:28,围网
11736,30.50866666666667,125.91383333333334,3.7,273.0,2019-11-10 17:34:28,围网
11736,30.50975,125.90283333333336,3.2,286.0,2019-11-10 17:44:28,围网
11736,30.51280555555556,125.90038888888893,1.5,334.0,2019-11-10 17:54:28,围网
11736,30.51033333333333,125.89594444444445,2.7,198.0,2019-11-10 18:04:28,围网
11736,30.503472222222207,125.88730555555556,4.0,234.0,2019-11-10 18:14:28,围网
11736,30.493527777777786,125.88244444444445,3.8,188.0,2019-11-10 18:24:28,围网
11736,30.488083333333336,125.87469444444444,4.6,271.0,2019-11-10 18:34:28,围网
11736,30.486555555555555,125.86663888888887,3.2,193.0,2019-11-10 18:44:28,围网
11736,30.47497222222221,125.86686111111106,3.9,187.0,2019-11-10 18:54:29,围网
11736,30.46463888888889,125.8675,3.9,180.0,2019-11-10 19:04:29,围网
11736,30.452916666666663,125.86697222222222,3.9,178.0,2019-11-10 19:14:29,围网
11736,30.448611111111113,125.86375,3.3,319.0,2019-11-10 19:24:29,围网
11736,30.45738888888889,125.85644444444445,3.4,326.0,2019-11-10 19:34:29,围网
11736,30.46511111111111,125.8502222222222,3.5,326.0,2019-11-10 19:44:29,围网
11736,30.47336111111111,125.84483333333333,3.5,338.0,2019-11-10 19:54:29,围网
11736,30.482055555555554,125.84052777777777,3.5,330.0,2019-11-10 20:04:28,围网
11736,30.490972222222233,125.83697222222222,3.5,330.0,2019-11-10 20:14:28,围网
11736,30.499722222222232,125.83355555555555,3.5,350.0,2019-11-10 20:24:28,围网
11736,30.509027777777767,125.83544444444445,3.7,45.0,2019-11-10 20:34:28,围网
11736,30.513222222222232,125.84561111111113,3.4,77.0,2019-11-10 20:44:28,围网
11736,30.51347222222222,125.85633333333332,3.2,90.0,2019-11-10 20:54:28,围网
11736,30.51377777777777,125.868,3.3,92.0,2019-11-10 21:04:28,围网
11736,30.51447222222221,125.8785277777778,3.3,85.0,2019-11-10 21:14:28,围网
11736,30.51280555555556,125.8892777777778,3.3,112.0,2019-11-10 21:24:28,围网
11736,30.50911111111111,125.89891666666666,3.4,116.0,2019-11-10 21:34:28,围网
11736,30.505222222222233,125.90866666666668,3.6,111.0,2019-11-10 21:44:28,围网
11736,30.50225,125.91911111111106,3.4,107.0,2019-11-10 21:54:28,围网
11736,30.499388888888888,125.9297777777778,3.1,103.0,2019-11-10 22:04:28,围网
11736,30.49630555555556,125.94038888888888,3.6,107.0,2019-11-10 22:14:28,围网
11736,30.493111111111112,125.95094444444445,3.5,113.0,2019-11-10 22:24:28,围网
11736,30.49002777777779,125.96152777777776,3.5,112.0,2019-11-10 22:34:28,围网
11736,30.48675,125.97225,3.7,113.0,2019-11-10 22:44:28,围网
11736,30.484361111111113,125.98341666666668,3.5,101.0,2019-11-10 22:54:28,围网
11736,30.483916666666666,125.98925,1.3,81.0,2019-11-10 23:04:28,围网
11736,30.484805555555557,125.99697222222223,1.7,84.0,2019-11-10 23:14:29,围网
11736,30.491555555555554,125.9985,4.2,351.0,2019-11-10 23:24:29,围网
11736,30.50225,125.99513888888887,4.5,342.0,2019-11-10 23:34:29,围网
11736,30.51383333333333,125.99133333333332,4.2,348.0,2019-11-10 23:44:29,围网
11736,30.520888888888887,126.00147222222222,3.4,57.0,2019-11-10 23:54:29,围网
11736,30.526,126.01075,3.3,65.0,2019-11-11 00:04:28,围网
11736,30.53013888888889,126.02063888888893,3.2,59.0,2019-11-11 00:14:28,围网
11736,30.533361111111113,126.03102777777778,3.0,53.0,2019-11-11 00:24:28,围网
11736,30.536972222222232,126.04094444444445,3.4,74.0,2019-11-11 00:34:28,围网
11736,30.53961111111111,126.05144444444444,3.6,76.0,2019-11-11 00:44:28,围网
11736,30.540555555555557,126.07308333333332,3.6,65.0,2019-11-11 01:04:28,围网
11736,30.5385,126.08397222222222,4.1,121.0,2019-11-11 01:14:28,围网
11736,30.53211111111111,126.09358333333331,3.6,125.0,2019-11-11 01:24:28,围网
11736,30.52558333333333,126.10091666666666,3.9,132.0,2019-11-11 01:34:28,围网
11736,30.51819444444445,126.10827777777777,3.3,144.0,2019-11-11 01:44:28,围网
11736,30.51069444444445,126.1152777777778,4.0,146.0,2019-11-11 01:54:28,围网
11736,30.50325,126.12238888888888,3.6,142.0,2019-11-11 02:04:28,围网
11736,30.49525,126.1285277777778,3.6,150.0,2019-11-11 02:14:28,围网
11736,30.48675,126.13377777777781,3.7,154.0,2019-11-11 02:24:28,围网
11736,30.477555555555554,126.1370277777778,3.5,169.0,2019-11-11 02:34:28,围网
11736,30.468416666666666,126.14013888888887,3.4,153.0,2019-11-11 02:44:28,围网
11736,30.45938888888889,126.14230555555555,3.5,180.0,2019-11-11 02:54:28,围网
11736,30.45269444444445,126.14238888888893,1.0,145.0,2019-11-11 03:04:28,围网
11736,30.44833333333333,126.14480555555555,1.4,123.0,2019-11-11 03:14:28,围网
11736,30.446444444444445,126.14758333333334,4.1,185.0,2019-11-11 03:24:28,围网
11736,30.447277777777767,126.13475,5.3,278.0,2019-11-11 03:34:29,围网
11736,30.448722222222226,126.12100000000001,3.9,286.0,2019-11-11 03:44:29,围网
11736,30.44741666666667,126.10791666666664,3.6,252.0,2019-11-11 03:54:28,围网
11736,30.446027777777786,126.09730555555555,3.1,270.0,2019-11-11 04:04:28,围网
11736,30.443583333333336,126.08688888888888,3.9,261.0,2019-11-11 04:14:28,围网
11736,30.44191666666667,126.07594444444445,3.4,252.0,2019-11-11 04:24:28,围网
11736,30.439722222222233,126.0655,3.5,255.0,2019-11-11 04:34:28,围网
11736,30.437916666666666,126.05475,3.4,261.0,2019-11-11 04:44:28,围网
11736,30.43636111111111,126.044,3.6,264.0,2019-11-11 04:54:28,围网
11736,30.435472222222234,126.03319444444445,3.5,264.0,2019-11-11 05:04:28,围网
11736,30.43441666666667,126.02236111111112,2.7,260.0,2019-11-11 05:14:28,围网
11736,30.43363888888889,126.01161111111112,3.1,271.0,2019-11-11 05:24:28,围网
11736,30.433916666666665,126.00091666666668,3.6,268.0,2019-11-11 05:34:28,围网
11736,30.43311111111111,125.98936111111112,3.5,271.0,2019-11-11 05:44:28,围网
11736,30.433833333333336,125.97925,3.1,291.0,2019-11-11 05:54:28,围网
11736,30.435944444444445,125.96875,3.3,290.0,2019-11-11 06:04:28,围网
11736,30.43833333333333,125.95833333333334,3.3,281.0,2019-11-11 06:14:28,围网
11736,30.44161111111111,125.94825,2.7,287.0,2019-11-11 06:24:28,围网
11736,30.444722222222207,125.93822222222224,3.3,272.0,2019-11-11 06:34:28,围网
11736,30.448833333333337,125.92855555555555,2.9,297.0,2019-11-11 06:44:28,围网
11736,30.453055555555554,125.91916666666668,2.9,294.0,2019-11-11 06:54:28,围网
11736,30.457611111111113,125.90966666666668,3.2,305.0,2019-11-11 07:04:28,围网
11736,30.46163888888889,125.90025,3.0,301.0,2019-11-11 07:14:28,围网
11736,30.46619444444445,125.89175000000002,1.1,0.0,2019-11-11 07:24:28,围网
11736,30.46858333333333,125.88883333333334,1.9,333.0,2019-11-11 07:34:28,围网
11736,30.46919444444445,125.88241666666666,5.1,289.0,2019-11-11 07:44:28,围网
11736,30.474,125.87091666666666,3.5,324.0,2019-11-11 07:54:28,围网
11736,30.479833333333332,125.86311111111112,3.6,316.0,2019-11-11 08:04:28,围网
11736,30.48686111111111,125.85561111111113,3.6,315.0,2019-11-11 08:14:28,围网
11736,30.494,125.84844444444445,3.5,316.0,2019-11-11 08:24:28,围网
11736,30.501305555555557,125.84152777777777,3.0,316.0,2019-11-11 08:34:28,围网
11736,30.50938888888889,125.83602777777777,3.2,340.0,2019-11-11 08:44:28,围网
11736,30.51775,125.83111111111113,3.6,335.0,2019-11-11 08:54:28,围网
11736,30.526722222222233,125.82791666666664,3.4,338.0,2019-11-11 09:04:28,围网
11736,30.535888888888888,125.82527777777777,3.0,351.0,2019-11-11 09:14:28,围网
11736,30.545222222222232,125.82741666666666,3.2,42.0,2019-11-11 09:24:28,围网
11736,30.55352777777778,125.83233333333332,3.1,23.0,2019-11-11 09:34:28,围网
11736,30.56111111111111,125.83875,3.6,53.0,2019-11-11 09:44:28,围网
11736,30.56883333333333,125.84488888888887,3.5,40.0,2019-11-11 09:54:28,围网
11736,30.57697222222221,125.8515,3.0,29.0,2019-11-11 10:04:28,围网
11736,30.58275,125.85913888888888,3.3,45.0,2019-11-11 10:14:28,围网
11736,30.588416666666664,125.86766666666666,3.3,57.0,2019-11-11 10:24:28,围网
11736,30.593138888888888,125.87705555555556,3.6,61.0,2019-11-11 10:34:28,围网
11736,30.59738888888889,125.88686111111113,3.4,77.0,2019-11-11 10:44:28,围网
11736,30.597055555555553,125.8922777777778,2.0,89.0,2019-11-11 10:54:28,围网
11736,30.598166666666664,125.89294444444445,4.3,251.0,2019-11-11 11:04:28,围网
11736,30.599888888888888,125.88783333333336,1.6,92.0,2019-11-11 11:14:28,围网
11736,30.60308333333333,125.89886111111113,3.9,78.0,2019-11-11 11:24:28,围网
11736,30.60766666666667,125.90822222222224,3.5,60.0,2019-11-11 11:34:28,围网
11736,30.610888888888887,125.91861111111113,3.2,72.0,2019-11-11 11:44:28,围网
11736,30.61466666666667,125.92855555555555,3.9,79.0,2019-11-11 11:54:27,围网
11736,30.617666666666665,125.93888888888893,3.8,75.0,2019-11-11 12:04:27,围网
11736,30.620638888888887,125.94977777777778,3.9,69.0,2019-11-11 12:14:27,围网
11736,30.62308333333333,125.95941666666668,3.0,76.0,2019-11-11 12:24:27,围网
11736,30.624972222222233,125.96980555555555,3.0,74.0,2019-11-11 12:34:28,围网
11736,30.62488888888889,125.98072222222223,3.4,101.0,2019-11-11 12:44:28,围网
11736,30.62375,125.99141666666668,3.3,97.0,2019-11-11 12:54:28,围网
11736,30.621333333333336,126.0019722222222,3.2,104.0,2019-11-11 13:04:28,围网
11736,30.61602777777778,126.01122222222222,3.2,130.0,2019-11-11 13:14:28,围网
11736,30.60972222222223,126.01947222222222,3.8,130.0,2019-11-11 13:24:28,围网
11736,30.603,126.02725,3.5,131.0,2019-11-11 13:34:28,围网
11736,30.59663888888889,126.03530555555555,3.6,125.0,2019-11-11 13:44:28,围网
11736,30.58933333333333,126.04180555555556,3.7,168.0,2019-11-11 13:54:28,围网
11736,30.584277777777768,126.04375,1.6,145.0,2019-11-11 14:04:28,围网
11736,30.58008333333333,126.04758333333334,2.1,137.0,2019-11-11 14:14:28,围网
11736,30.57769444444445,126.04261111111113,5.1,268.0,2019-11-11 14:24:28,围网
11736,30.573777777777767,126.02466666666666,6.1,255.0,2019-11-11 14:34:28,围网
11736,30.56616666666667,126.01241666666668,3.7,211.0,2019-11-11 14:44:28,围网
11736,30.557666666666666,126.00730555555555,4.0,189.0,2019-11-11 14:54:28,围网
11736,30.549027777777766,126.00308333333334,3.2,210.0,2019-11-11 15:04:28,围网
11736,30.540805555555558,125.99830555555555,3.6,208.0,2019-11-11 15:14:28,围网
11736,30.53386111111111,125.99163888888887,2.8,214.0,2019-11-11 15:24:28,围网
11736,30.526055555555555,125.9860277777778,3.3,211.0,2019-11-11 15:34:28,围网
11736,30.517611111111112,125.98144444444445,3.3,224.0,2019-11-11 15:44:28,围网
11736,30.50966666666667,125.97591666666668,3.7,241.0,2019-11-11 15:56:44,围网
11736,30.501444444444445,125.97080555555556,3.2,204.0,2019-11-11 16:06:44,围网
11736,30.48627777777777,125.9592777777778,3.7,209.0,2019-11-11 16:26:44,围网
11736,30.47847222222222,125.95305555555555,3.4,210.0,2019-11-11 16:36:43,围网
11736,30.470416666666665,125.94911111111112,3.3,205.0,2019-11-11 16:46:43,围网
11736,30.461972222222233,125.94469444444445,3.2,206.0,2019-11-11 16:56:44,围网
11736,30.45358333333333,125.9409722222222,2.9,203.0,2019-11-11 17:06:44,围网
11736,30.448583333333332,125.93752777777777,0.8,106.0,2019-11-11 17:16:44,围网
11736,30.44536111111111,125.93686111111113,0.8,135.0,2019-11-11 17:26:44,围网
11736,30.439305555555553,125.92211111111112,7.3,240.0,2019-11-11 17:36:44,围网
11736,30.430750000000003,125.90119444444444,7.2,240.0,2019-11-11 17:46:44,围网
11736,30.424527777777786,125.87830555555556,7.4,248.0,2019-11-11 17:56:44,围网
11736,30.41919444444445,125.85538888888887,8.2,259.0,2019-11-11 18:06:44,围网
11736,30.413138888888888,125.8324722222222,7.6,250.0,2019-11-11 18:16:44,围网
11736,30.41033333333333,125.80908333333332,7.2,261.0,2019-11-11 18:26:44,围网
11736,30.409027777777766,125.78530555555555,6.9,266.0,2019-11-11 18:36:44,围网
11736,30.40913888888889,125.76008333333334,7.7,268.0,2019-11-11 18:46:44,围网
11736,30.409805555555554,125.73794444444445,7.5,264.0,2019-11-11 18:56:44,围网
11736,30.40397222222222,125.71547222222223,7.2,238.0,2019-11-11 19:06:44,围网
11736,30.39844444444445,125.6929722222222,7.0,266.0,2019-11-11 19:16:44,围网
11736,30.39619444444445,125.66936111111113,7.4,261.0,2019-11-11 19:26:44,围网
11736,30.394416666666668,125.64611111111113,7.0,261.0,2019-11-11 19:36:44,围网
11736,30.393166666666666,125.62297222222222,7.3,273.0,2019-11-11 19:46:44,围网
11736,30.391805555555553,125.6,7.1,257.0,2019-11-11 19:56:44,围网
11736,30.391027777777786,125.57711111111112,7.1,267.0,2019-11-11 20:06:44,围网
11736,30.38947222222221,125.55458333333333,7.2,254.0,2019-11-11 20:16:44,围网
11736,30.38716666666667,125.53216666666668,7.5,280.0,2019-11-11 20:26:44,围网
11736,30.389555555555553,125.5094722222222,7.1,280.0,2019-11-11 20:36:44,围网
11736,30.389388888888888,125.48680555555555,6.5,267.0,2019-11-11 20:46:44,围网
11736,30.38794444444445,125.46322222222223,6.6,262.0,2019-11-11 20:56:44,围网
11736,30.38383333333333,125.44330555555555,6.5,260.0,2019-11-11 21:06:44,围网
11736,30.37863888888889,125.42258333333334,6.8,258.0,2019-11-11 21:16:44,围网
11736,30.373166666666666,125.4020277777778,6.6,246.0,2019-11-11 21:26:44,围网
11736,30.366,125.38224999999998,6.7,247.0,2019-11-11 21:36:44,围网
11736,30.360722222222233,125.36163888888888,6.8,252.0,2019-11-11 21:46:44,围网
11736,30.35444444444445,125.34175,6.5,243.0,2019-11-11 21:56:44,围网
11736,30.347027777777768,125.32230555555556,7.0,257.0,2019-11-11 22:06:44,围网
11736,30.342472222222234,125.30236111111107,6.4,252.0,2019-11-11 22:16:44,围网
11736,30.336305555555555,125.28297222222223,6.4,238.0,2019-11-11 22:26:44,围网
11736,30.332361111111112,125.26363888888888,6.3,267.0,2019-11-11 22:36:44,围网
11736,30.328138888888887,125.2445277777778,6.4,262.0,2019-11-11 22:46:44,围网
11736,30.323555555555558,125.22538888888887,6.2,242.0,2019-11-11 22:56:44,围网
11736,30.32052777777778,125.20511111111112,6.0,264.0,2019-11-11 23:06:44,围网
11736,30.317888888888888,125.18733333333334,6.1,255.0,2019-11-11 23:16:44,围网
11736,30.314611111111113,125.16836111111112,6.0,259.0,2019-11-11 23:26:44,围网
11736,30.311999999999998,125.14930555555556,5.8,266.0,2019-11-11 23:36:44,围网
11736,30.310222222222233,125.13025,6.0,255.0,2019-11-11 23:46:44,围网
11736,30.30697222222221,125.11119444444445,6.0,252.0,2019-11-11 23:56:44,围网
11736,30.302027777777766,125.09222222222222,5.9,256.0,2019-11-12 00:06:44,围网
11736,30.29683333333333,125.07313888888888,6.4,248.0,2019-11-12 00:16:44,围网
11736,30.29255555555555,125.05405555555555,6.2,251.0,2019-11-12 00:26:44,围网
11736,30.285611111111113,125.03527777777781,6.3,250.0,2019-11-12 00:36:44,围网
11736,30.277722222222234,125.01661111111108,6.1,262.0,2019-11-12 00:46:44,围网
11736,30.275416666666665,124.99713888888893,6.2,267.0,2019-11-12 00:56:44,围网
11736,30.27288888888889,124.97744444444444,4.7,203.0,2019-11-12 01:06:44,围网
11736,30.267166666666668,124.95680555555555,6.2,259.0,2019-11-12 01:16:44,围网
11736,30.26372222222221,124.93811111111113,6.0,250.0,2019-11-12 01:26:44,围网
11736,30.259888888888888,124.91805555555555,6.6,258.0,2019-11-12 01:36:45,围网
11736,30.258166666666664,124.89791666666667,6.3,267.0,2019-11-12 01:46:45,围网
11736,30.25713888888889,124.87769444444444,6.4,260.0,2019-11-12 01:56:45,围网
11736,30.249527777777786,124.85763888888887,6.8,241.0,2019-11-12 02:06:44,围网
11736,30.24130555555556,124.83738888888894,7.4,247.0,2019-11-12 02:16:44,围网
11736,30.23472222222223,124.81713888888888,6.5,268.0,2019-11-12 02:26:44,围网
11736,30.231277777777766,124.79591666666668,7.0,260.0,2019-11-12 02:36:44,围网
11736,30.22286111111111,124.75338888888888,6.5,273.0,2019-11-12 02:56:44,围网
11736,30.218416666666666,124.732,7.2,252.0,2019-11-12 03:06:44,围网
11736,30.21638888888889,124.70963888888888,7.3,256.0,2019-11-12 03:16:44,围网
11736,30.21005555555556,124.6855,7.7,242.0,2019-11-12 03:26:44,围网
11736,30.210611111111113,124.66488888888892,6.9,279.0,2019-11-12 03:36:44,围网
11736,30.208972222222233,124.64161111111113,7.5,264.0,2019-11-12 03:46:44,围网
11736,30.19508333333333,124.62313888888887,7.8,251.0,2019-11-12 03:56:44,围网
11736,30.18561111111111,124.60230555555556,8.1,228.0,2019-11-12 04:06:44,围网
11736,30.178638888888887,124.57925,7.5,258.0,2019-11-12 04:16:44,围网
11736,30.17391666666667,124.55594444444445,7.5,254.0,2019-11-12 04:26:44,围网
11736,30.16802777777778,124.53975,7.0,253.0,2019-11-12 04:36:44,围网
11736,30.16372222222222,124.52819444444445,3.6,245.0,2019-11-12 04:46:44,围网
11736,30.16011111111111,124.51769444444444,3.3,247.0,2019-11-12 04:56:44,围网
11736,30.157777777777767,124.50680555555556,3.5,262.0,2019-11-12 05:06:44,围网
11736,30.15533333333333,124.49575,3.4,256.0,2019-11-12 05:16:44,围网
11736,30.153805555555557,124.48430555555555,3.6,280.0,2019-11-12 05:26:44,围网
11736,30.153416666666665,124.47191666666666,3.9,262.0,2019-11-12 05:36:44,围网
11736,30.15258333333333,124.46075,3.6,273.0,2019-11-12 05:46:44,围网
11736,30.15308333333333,124.4489722222222,3.3,304.0,2019-11-12 05:56:45,围网
11736,30.15241666666667,124.43711111111112,3.7,272.0,2019-11-12 06:06:45,围网
11736,30.15233333333333,124.42533333333334,3.4,274.0,2019-11-12 06:16:45,围网
11736,30.15286111111111,124.41372222222223,3.5,270.0,2019-11-12 06:26:45,围网
11736,30.153861111111112,124.40205555555555,3.7,276.0,2019-11-12 06:36:45,围网
11736,30.15586111111111,124.39069444444445,3.4,277.0,2019-11-12 06:46:44,围网
11736,30.158361111111113,124.37958333333331,3.6,294.0,2019-11-12 06:56:44,围网
11736,30.16125,124.36869444444444,3.5,279.0,2019-11-12 07:06:44,围网
11736,30.16344444444444,124.35811111111113,0.8,0.0,2019-11-12 07:16:44,围网
11736,30.164361111111113,124.35333333333332,1.2,275.0,2019-11-12 07:26:44,围网
11736,30.16258333333333,124.35141666666664,5.7,295.0,2019-11-12 07:36:44,围网
11736,30.16816666666667,124.339,3.6,294.0,2019-11-12 07:46:44,围网
11736,30.172361111111112,124.32958333333332,3.4,296.0,2019-11-12 07:56:44,围网
11736,30.17688888888889,124.31972222222224,3.3,302.0,2019-11-12 08:06:44,围网
11736,30.181611111111113,124.31030555555556,3.3,296.0,2019-11-12 08:16:44,围网
11736,30.186138888888888,124.30086111111108,3.5,294.0,2019-11-12 08:26:44,围网
11736,30.19061111111111,124.2915,3.1,300.0,2019-11-12 08:36:44,围网
11736,30.195555555555554,124.28238888888887,3.2,299.0,2019-11-12 08:46:44,围网
11736,30.20108333333333,124.27375,3.4,306.0,2019-11-12 08:56:44,围网
11736,30.20683333333333,124.26538888888888,3.2,311.0,2019-11-12 09:06:44,围网
11736,30.21263888888889,124.25730555555555,2.9,309.0,2019-11-12 09:16:44,围网
11736,30.21869444444444,124.24902777777777,3.2,309.0,2019-11-12 09:26:44,围网
11736,30.225777777777786,124.24180555555556,3.4,320.0,2019-11-12 09:36:44,围网
11736,30.233361111111112,124.23533333333334,2.9,321.0,2019-11-12 09:46:44,围网
11736,30.24163888888889,124.22919444444445,3.3,329.0,2019-11-12 09:56:44,围网
11736,30.249527777777786,124.225,3.2,342.0,2019-11-12 10:06:44,围网
11736,30.258416666666665,124.22355555555555,0.3,18.0,2019-11-12 10:16:45,围网
11736,30.26008333333333,124.22358333333332,1.9,338.0,2019-11-12 10:26:45,围网
11736,30.26191666666667,124.2224722222222,4.0,121.0,2019-11-12 10:36:45,围网
11736,30.257777777777786,124.22925,5.7,108.0,2019-11-12 10:46:45,围网
11736,30.258166666666664,124.2512222222222,3.5,84.0,2019-11-12 11:06:45,围网
11736,30.25975,124.26227777777778,3.5,85.0,2019-11-12 11:16:45,围网
11736,30.26136111111111,124.27341666666666,3.5,78.0,2019-11-12 11:26:44,围网
11736,30.26286111111111,124.28425,3.5,89.0,2019-11-12 11:36:44,围网
11736,30.26375,124.29519444444445,3.6,83.0,2019-11-12 11:46:44,围网
11736,30.26491666666667,124.30652777777777,3.7,92.0,2019-11-12 11:56:44,围网
11736,30.265277777777786,124.31855555555555,3.6,91.0,2019-11-12 12:06:44,围网
11736,30.26308333333333,124.3287222222222,3.5,120.0,2019-11-12 12:16:44,围网
11736,30.259,124.33861111111106,3.2,119.0,2019-11-12 12:26:44,围网
11736,30.255166666666664,124.3487222222222,3.2,116.0,2019-11-12 12:36:44,围网
11736,30.24925,124.35755555555555,3.5,148.0,2019-11-12 12:46:44,围网
11736,30.24136111111111,124.36483333333332,3.3,134.0,2019-11-12 12:56:44,围网
11736,30.23544444444445,124.37369444444445,3.4,132.0,2019-11-12 13:06:44,围网
11736,30.229,124.38161111111107,3.1,137.0,2019-11-12 13:16:44,围网
11736,30.22533333333333,124.386,0.6,0.0,2019-11-12 13:26:44,围网
11736,30.223166666666664,124.39047222222223,4.7,346.0,2019-11-12 13:36:44,围网
11736,30.227722222222226,124.37927777777777,0.7,0.0,2019-11-12 13:46:44,围网
11736,30.23608333333333,124.3719722222222,4.1,218.0,2019-11-12 13:56:44,围网
11736,30.226777777777766,124.37975,3.0,135.0,2019-11-12 14:06:44,围网
11736,30.218555555555554,124.38638888888893,3.5,141.0,2019-11-12 14:16:44,围网
11736,30.21188888888889,124.39316666666667,3.1,137.0,2019-11-12 14:26:44,围网
11736,30.204027777777767,124.39875,3.1,152.0,2019-11-12 14:36:44,围网
11736,30.195888888888888,124.40369444444444,3.5,145.0,2019-11-12 14:46:45,围网
11736,30.187666666666665,124.4085277777778,3.3,150.0,2019-11-12 14:56:45,围网
11736,30.179305555555555,124.4129722222222,3.4,166.0,2019-11-12 15:06:45,围网
11736,30.170361111111113,124.4157777777778,3.3,174.0,2019-11-12 15:16:45,围网
11736,30.162111111111113,124.42061111111113,3.3,153.0,2019-11-12 15:26:45,围网
11736,30.154972222222234,124.42722222222223,3.3,136.0,2019-11-12 15:36:45,围网
11736,30.14788888888889,124.43375,3.2,141.0,2019-11-12 15:46:45,围网
11736,30.14019444444445,124.4394722222222,3.1,144.0,2019-11-12 15:56:45,围网
11736,30.131527777777766,124.44302777777777,3.3,162.0,2019-11-12 16:06:45,围网
11736,30.12263888888889,124.44569444444444,3.3,168.0,2019-11-12 16:16:44,围网
11736,30.113111111111113,124.44775,3.1,168.0,2019-11-12 16:26:44,围网
11736,30.10463888888889,124.44808333333332,2.9,183.0,2019-11-12 16:36:44,围网
11736,30.10161111111111,124.44669444444445,0.2,0.0,2019-11-12 16:46:44,围网
11736,30.097777777777768,124.44486111111112,1.2,181.0,2019-11-12 16:56:44,围网
11736,30.10208333333333,124.44611111111112,4.3,293.0,2019-11-12 17:06:44,围网
11736,30.10447222222223,124.43469444444445,3.1,291.0,2019-11-12 17:16:44,围网
11736,30.106472222222234,124.42427777777776,3.3,285.0,2019-11-12 17:26:44,围网
11736,30.108361111111112,124.41386111111113,3.3,285.0,2019-11-12 17:36:44,围网
11736,30.111361111111112,124.40383333333334,3.5,275.0,2019-11-12 17:46:44,围网
11736,30.114777777777785,124.39358333333334,3.8,301.0,2019-11-12 17:56:44,围网
11736,30.11925,124.38363888888892,3.4,290.0,2019-11-12 18:06:44,围网
11736,30.12175,124.37333333333332,3.5,279.0,2019-11-12 18:16:44,围网
11736,30.12333333333333,124.36280555555555,3.2,276.0,2019-11-12 18:26:44,围网
11736,30.125027777777767,124.35155555555555,3.2,282.0,2019-11-12 18:36:44,围网
11736,30.126027777777786,124.34161111111106,3.2,266.0,2019-11-12 18:46:44,围网
11736,30.12608333333333,124.33116666666668,3.3,279.0,2019-11-12 18:56:44,围网
11736,30.12708333333333,124.3205,3.4,281.0,2019-11-12 19:06:45,围网
11736,30.12858333333333,124.31,3.6,293.0,2019-11-12 19:16:45,围网
11736,30.13,124.29969444444444,3.3,283.0,2019-11-12 19:26:45,围网
11736,30.131694444444445,124.29138888888887,0.1,0.0,2019-11-12 19:36:45,围网
11736,30.133138888888887,124.28805555555556,1.5,291.0,2019-11-12 19:46:45,围网
11736,30.13727777777777,124.29058333333332,5.3,61.0,2019-11-12 19:56:45,围网
11736,30.14538888888889,124.30286111111113,5.0,46.0,2019-11-12 20:06:45,围网
11736,30.15055555555555,124.30269444444444,1.7,313.0,2019-11-12 20:16:45,围网
11736,30.15936111111111,124.2982222222222,6.2,348.0,2019-11-12 20:26:45,围网
11736,30.16419444444445,124.2837777777778,6.2,271.0,2019-11-12 20:36:45,围网
11736,30.16402777777777,124.26108333333332,6.9,273.0,2019-11-12 20:46:44,围网
11736,30.16394444444445,124.24036111111113,7.0,273.0,2019-11-12 20:56:44,围网
11736,30.1645,124.21827777777777,6.6,271.0,2019-11-12 21:06:44,围网
11736,30.16416666666667,124.19661111111112,6.7,267.0,2019-11-12 21:16:44,围网
11736,30.1655,124.17527777777778,6.5,271.0,2019-11-12 21:26:44,围网
11736,30.17280555555556,124.15461111111112,7.0,289.0,2019-11-12 21:36:44,围网
11736,30.180055555555555,124.13413888888887,6.5,289.0,2019-11-12 21:46:44,围网
11736,30.186888888888888,124.11397222222222,6.5,294.0,2019-11-12 21:56:44,围网
11736,30.194194444444445,124.0945,6.3,294.0,2019-11-12 22:06:44,围网
11736,30.201472222222232,124.07552777777776,6.4,290.0,2019-11-12 22:16:44,围网
11736,30.208527777777785,124.05647222222223,6.3,293.0,2019-11-12 22:26:44,围网
11736,30.215,124.03741666666667,6.2,291.0,2019-11-12 22:36:44,围网
11736,30.222055555555553,124.0187777777778,6.2,293.0,2019-11-12 22:46:44,围网
11736,30.22933333333333,123.99925,6.3,302.0,2019-11-12 22:56:44,围网
11736,30.235222222222234,123.98205555555555,5.9,285.0,2019-11-12 23:06:44,围网
11736,30.242027777777786,123.96422222222223,6.0,295.0,2019-11-12 23:16:45,围网
11736,30.248583333333336,123.94633333333331,6.0,284.0,2019-11-12 23:26:45,围网
11736,30.25558333333333,123.9279722222222,6.1,295.0,2019-11-12 23:36:45,围网
11736,30.262583333333332,123.90905555555555,6.5,297.0,2019-11-12 23:46:45,围网
11736,30.26955555555555,123.89016666666667,6.2,284.0,2019-11-12 23:56:45,围网
11736,30.276777777777767,123.87244444444444,4.9,289.0,2019-11-13 00:06:45,围网
11736,30.27708333333333,123.86258333333332,3.7,164.0,2019-11-13 00:16:45,围网
11736,30.267944444444442,123.86433333333332,3.2,162.0,2019-11-13 00:26:45,围网
11736,30.259527777777766,123.86713888888887,3.8,154.0,2019-11-13 00:36:45,围网
11736,30.251027777777786,123.87094444444445,3.4,166.0,2019-11-13 00:46:45,围网
11736,30.24222222222223,123.87402777777777,3.4,165.0,2019-11-13 00:56:45,围网
11736,30.232916666666664,123.87619444444445,3.3,171.0,2019-11-13 01:06:45,围网
11736,30.224638888888887,123.87741666666666,3.3,166.0,2019-11-13 01:16:45,围网
11736,30.21583333333333,123.88030555555555,3.2,168.0,2019-11-13 01:26:45,围网
11736,30.20697222222222,123.88247222222219,3.1,169.0,2019-11-13 01:36:44,围网
11736,30.19811111111111,123.88313888888888,3.1,179.0,2019-11-13 01:46:44,围网
11736,30.18911111111111,123.88463888888893,3.2,172.0,2019-11-13 01:56:44,围网
11736,30.180055555555555,123.886,3.2,172.0,2019-11-13 02:06:44,围网
11736,30.171,123.8877777777778,3.2,166.0,2019-11-13 02:16:44,围网
11736,30.162027777777766,123.88880555555555,3.4,166.0,2019-11-13 02:26:44,围网
11736,30.15294444444444,123.89055555555555,3.3,175.0,2019-11-13 02:36:44,围网
11736,30.14380555555556,123.89172222222223,3.4,171.0,2019-11-13 02:46:44,围网
11736,30.134527777777766,123.89358333333334,3.5,170.0,2019-11-13 02:56:44,围网
11736,30.12533333333333,123.89591666666668,3.3,172.0,2019-11-13 03:06:44,围网
11736,30.11572222222221,123.89697222222223,3.2,177.0,2019-11-13 03:16:44,围网
11736,30.10733333333333,123.89858333333332,3.2,172.0,2019-11-13 03:26:44,围网
11736,30.098416666666665,123.9,3.2,170.0,2019-11-13 03:36:45,围网
11736,30.094055555555553,123.90088888888893,1.8,173.0,2019-11-13 03:46:45,围网
11736,30.08983333333333,123.90261111111113,0.6,147.0,2019-11-13 03:56:45,围网
11736,30.084416666666666,123.89805555555556,3.1,238.0,2019-11-13 04:06:45,围网
11736,30.079555555555554,123.8895,3.2,233.0,2019-11-13 04:16:45,围网
11736,30.074638888888888,123.88075,3.2,234.0,2019-11-13 04:26:45,围网
11736,30.06877777777777,123.87244444444444,3.3,235.0,2019-11-13 04:36:45,围网
11736,30.06258333333333,123.86461111111113,3.1,232.0,2019-11-13 04:46:45,围网
11736,30.056361111111112,123.85683333333333,3.3,231.0,2019-11-13 04:56:45,围网
11736,30.049944444444453,123.84913888888887,3.4,233.0,2019-11-13 05:06:45,围网
11736,30.047138888888888,123.83905555555555,3.2,269.0,2019-11-13 05:16:45,围网
11736,30.048,123.82805555555555,3.2,283.0,2019-11-13 05:26:45,围网
11736,30.05019444444445,123.81863888888887,3.4,283.0,2019-11-13 05:36:45,围网
11736,30.0535,123.80880555555555,3.3,292.0,2019-11-13 05:46:45,围网
11736,30.057277777777767,123.79908333333331,3.2,301.0,2019-11-13 05:56:45,围网
11736,30.061083333333336,123.7892222222222,3.5,288.0,2019-11-13 06:06:45,围网
11736,30.06505555555556,123.77925,3.5,309.0,2019-11-13 06:16:44,围网
11736,30.069555555555553,123.76952777777778,3.3,303.0,2019-11-13 06:26:44,围网
11736,30.073027777777767,123.75916666666667,3.4,295.0,2019-11-13 06:36:44,围网
11736,30.07713888888889,123.74913888888888,3.4,298.0,2019-11-13 06:46:44,围网
11736,30.08205555555556,123.73975,3.5,307.0,2019-11-13 06:56:44,围网
11736,30.088305555555557,123.73111111111113,3.6,306.0,2019-11-13 07:06:44,围网
11736,30.09138888888889,123.72783333333334,3.1,324.0,2019-11-13 07:16:44,围网
11736,30.097472222222233,123.72452777777778,4.4,14.0,2019-11-13 07:26:44,围网
11736,30.10988888888889,123.72016666666669,3.5,332.0,2019-11-13 07:36:44,围网
11736,30.11808333333333,123.71538888888894,3.6,330.0,2019-11-13 07:46:44,围网
11736,30.12697222222221,123.7105,3.3,335.0,2019-11-13 07:56:45,围网
11736,30.136083333333332,123.70658333333334,3.4,342.0,2019-11-13 08:06:45,围网
11736,30.14544444444445,123.70416666666668,3.3,349.0,2019-11-13 08:16:45,围网
11736,30.15491666666667,123.70163888888888,3.6,340.0,2019-11-13 08:26:45,围网
11736,30.164361111111113,123.69880555555555,3.3,350.0,2019-11-13 08:36:45,围网
11736,30.174,123.69725,2.9,342.0,2019-11-13 08:46:45,围网
11736,30.183416666666666,123.69372222222222,3.5,337.0,2019-11-13 08:56:45,围网
11736,30.19258333333333,123.68894444444445,3.3,335.0,2019-11-13 09:06:45,围网
11736,30.201888888888888,123.68475,3.5,341.0,2019-11-13 09:16:45,围网
11736,30.211444444444442,123.6809722222222,3.3,348.0,2019-11-13 09:26:45,围网
11736,30.220916666666664,123.67752777777778,3.3,344.0,2019-11-13 09:36:45,围网
11736,30.23086111111111,123.67433333333334,3.4,346.0,2019-11-13 09:46:45,围网
11736,30.23975,123.67188888888887,3.3,350.0,2019-11-13 09:56:45,围网
11736,30.24933333333333,123.66994444444444,3.4,355.0,2019-11-13 10:06:45,围网
11736,30.25891666666667,123.6687777777778,3.3,348.0,2019-11-13 10:16:45,围网
11736,30.26833333333333,123.66805555555555,3.2,356.0,2019-11-13 10:26:45,围网
11736,30.27775,123.66858333333332,3.4,7.0,2019-11-13 10:36:45,围网
11736,30.286972222222232,123.6707777777778,3.3,24.0,2019-11-13 10:46:45,围网
11736,30.29591666666667,123.67416666666666,3.2,16.0,2019-11-13 10:56:45,围网
11736,30.30080555555556,123.67669444444445,0.7,31.0,2019-11-13 11:06:44,围网
11736,30.30633333333333,123.67941666666668,4.9,297.0,2019-11-13 11:16:44,围网
11736,30.31183333333333,123.66133333333332,5.4,8.0,2019-11-13 11:26:44,围网
11736,30.32244444444445,123.66708333333334,3.6,50.0,2019-11-13 11:36:44,围网
11736,30.325194444444445,123.67763888888894,3.3,87.0,2019-11-13 11:46:44,围网
11736,30.328805555555558,123.68847222222222,3.4,58.0,2019-11-13 11:56:44,围网
11736,30.333305555555558,123.6975,3.5,64.0,2019-11-13 12:06:44,围网
11736,30.336277777777767,123.7077777777778,3.4,89.0,2019-11-13 12:16:44,围网
11736,30.33525,123.71827777777777,3.4,99.0,2019-11-13 12:26:45,围网
11736,30.331555555555553,123.72766666666668,3.2,138.0,2019-11-13 12:36:45,围网
11736,30.32486111111111,123.73436111111113,3.3,136.0,2019-11-13 12:46:45,围网
11736,30.31719444444445,123.73983333333334,2.9,153.0,2019-11-13 12:56:45,围网
11736,30.309,123.74427777777778,3.3,149.0,2019-11-13 13:06:45,围网
11736,30.300611111111113,123.74805555555555,3.2,157.0,2019-11-13 13:16:45,围网
11736,30.291999999999998,123.75144444444445,3.6,145.0,2019-11-13 13:26:45,围网
11736,30.28338888888889,123.75644444444444,3.6,146.0,2019-11-13 13:36:45,围网
11736,30.27494444444445,123.762,3.4,147.0,2019-11-13 13:46:45,围网
11736,30.267027777777766,123.76855555555555,3.5,139.0,2019-11-13 13:56:45,围网
11736,30.25869444444445,123.77622222222222,3.4,137.0,2019-11-13 14:06:45,围网
11736,30.25175,123.78275,3.2,139.0,2019-11-13 14:16:45,围网
11736,30.245222222222232,123.79130555555555,3.2,111.0,2019-11-13 14:26:45,围网
11736,30.238972222222234,123.80025,3.4,118.0,2019-11-13 14:36:45,围网
11736,30.232861111111113,123.80908333333332,3.3,126.0,2019-11-13 14:46:45,围网
11736,30.230777777777767,123.813,3.4,105.0,2019-11-13 14:56:45,围网
11736,30.23086111111111,123.81063888888887,3.4,290.0,2019-11-13 15:06:45,围网
11736,30.23161111111111,123.79555555555555,5.6,272.0,2019-11-13 15:16:45,围网
11736,30.23311111111111,123.78036111111112,4.7,265.0,2019-11-13 15:26:45,围网
11736,30.233611111111113,123.76422222222223,5.1,260.0,2019-11-13 15:36:45,围网
11736,30.223805555555554,123.76013888888887,3.3,181.0,2019-11-13 15:46:45,围网
11736,30.21483333333333,123.75855555555556,3.2,188.0,2019-11-13 15:56:44,围网
11736,30.205666666666666,123.75736111111112,3.9,172.0,2019-11-13 16:06:44,围网
11736,30.19569444444444,123.75575,3.9,190.0,2019-11-13 16:16:44,围网
11736,30.18716666666667,123.75336111111106,3.9,181.0,2019-11-13 16:26:44,围网
11736,30.177888888888887,123.75255555555556,3.0,183.0,2019-11-13 16:36:44,围网
11736,30.168861111111113,123.75133333333332,3.4,174.0,2019-11-13 16:46:45,围网
11736,30.159805555555554,123.75038888888888,3.1,188.0,2019-11-13 16:56:45,围网
11736,30.15069444444444,123.74991666666666,3.1,183.0,2019-11-13 17:06:45,围网
11736,30.14175,123.74875,3.8,175.0,2019-11-13 17:16:45,围网
11736,30.13272222222223,123.7477222222222,3.1,184.0,2019-11-13 17:26:45,围网
11736,30.124305555555555,123.74516666666668,3.2,189.0,2019-11-13 17:36:45,围网
11736,30.116194444444453,123.74075,4.6,171.0,2019-11-13 17:46:45,围网
11736,30.10802777777778,123.73605555555555,4.2,135.0,2019-11-13 17:56:45,围网
11736,30.09983333333333,123.73083333333334,3.5,236.0,2019-11-13 18:06:45,围网
11736,30.09275,123.72558333333332,3.1,220.0,2019-11-13 18:16:45,围网
11736,30.088777777777768,123.72441666666666,1.4,196.0,2019-11-13 18:26:45,围网
11736,30.084888888888887,123.72508333333334,0.7,166.0,2019-11-13 18:36:45,围网
11736,30.092277777777767,123.72405555555555,2.9,347.0,2019-11-13 18:46:45,围网
11736,30.10041666666667,123.72275,3.1,335.0,2019-11-13 18:56:45,围网
11736,30.101222222222226,123.72233333333334,0.1,0.0,2019-11-13 19:06:45,围网
11736,30.10016666666667,123.72222222222223,0.6,65.0,2019-11-13 19:16:45,围网
11736,30.09994444444445,123.72255555555556,1.2,58.0,2019-11-13 19:26:45,围网
11736,30.100027777777786,123.72286111111113,0.6,112.0,2019-11-13 19:36:45,围网
11736,30.10013888888889,123.72319444444445,0.7,312.0,2019-11-13 19:46:45,围网
11736,30.10008333333333,123.72302777777777,0.6,278.0,2019-11-13 19:56:45,围网
11736,30.10025000000001,123.72327777777778,0.5,335.0,2019-11-13 20:06:45,围网
11736,30.10033333333333,123.72316666666669,0.9,305.0,2019-11-13 20:16:45,围网
11736,30.10052777777778,123.72333333333331,2.0,340.0,2019-11-13 20:26:45,围网
11736,30.101,123.72366666666667,1.3,62.0,2019-11-13 20:36:44,围网
11736,30.10169444444445,123.72425,2.6,342.0,2019-11-13 20:46:44,围网
11736,30.10205555555555,123.72416666666666,0.8,8.0,2019-11-13 20:56:44,围网
11736,30.10241666666667,123.7242222222222,1.1,320.0,2019-11-13 21:06:45,围网
11736,30.10266666666667,123.72425,0.7,326.0,2019-11-13 21:16:45,围网
11736,30.102722222222226,123.72419444444445,0.6,14.0,2019-11-13 21:26:45,围网
11736,30.102777777777767,123.72433333333332,1.4,15.0,2019-11-13 21:36:45,围网
11736,30.10250000000001,123.72438888888887,1.1,87.0,2019-11-13 21:46:45,围网
11736,30.10222222222223,123.72430555555556,1.7,87.0,2019-11-13 21:56:45,围网
11736,30.10183333333333,123.7242222222222,1.2,66.0,2019-11-13 22:06:45,围网
11736,30.10141666666667,123.72399999999999,1.0,178.0,2019-11-13 22:16:45,围网
11736,30.100638888888888,123.72405555555555,0.7,301.0,2019-11-13 22:26:45,围网
11736,30.100472222222226,123.72397222222223,0.8,288.0,2019-11-13 22:36:45,围网
11736,30.10025000000001,123.72366666666667,2.0,203.0,2019-11-13 22:46:45,围网
11736,30.10019444444445,123.72358333333332,0.7,210.0,2019-11-13 22:56:45,围网
11736,30.10013888888889,123.72355555555555,0.9,311.0,2019-11-13 23:06:45,围网
11736,30.100222222222232,123.72369444444445,0.7,122.0,2019-11-13 23:16:45,围网
11736,30.10025000000001,123.72383333333332,0.6,176.0,2019-11-13 23:26:45,围网
11736,30.100027777777786,123.72355555555555,0.7,289.0,2019-11-13 23:36:45,围网
11736,30.09994444444445,123.7235277777778,0.6,0.0,2019-11-13 23:46:45,围网
11736,30.09991666666667,123.72361111111113,0.3,0.0,2019-11-13 23:56:45,围网
11736,30.099888888888888,123.72386111111106,0.4,0.0,2019-11-14 00:06:45,围网
11736,30.09991666666667,123.72394444444444,0.5,0.0,2019-11-14 00:16:45,围网
11736,30.099722222222233,123.7237222222222,0.9,0.0,2019-11-14 00:26:45,围网
11736,30.099638888888887,123.7240277777778,0.4,0.0,2019-11-14 00:36:45,围网
11736,30.099527777777766,123.72397222222223,3.6,114.0,2019-11-14 00:46:45,围网
11736,30.0995,123.72419444444445,0.7,182.0,2019-11-14 00:56:45,围网
11736,30.099416666666666,123.72438888888887,0.6,165.0,2019-11-14 01:06:45,围网
11736,30.09919444444445,123.72430555555556,0.1,0.0,2019-11-14 01:16:44,围网
11736,30.09911111111111,123.72438888888887,0.6,149.0,2019-11-14 01:26:45,围网
11736,30.10116666666667,123.72313888888893,1.4,269.0,2019-11-14 01:36:45,围网
11736,30.10166666666667,123.72616666666669,1.6,33.0,2019-11-14 01:46:45,围网
11736,30.101138888888887,123.72711111111113,0.7,117.0,2019-11-14 01:56:45,围网
11736,30.101555555555557,123.73186111111113,2.6,76.0,2019-11-14 02:06:45,围网
11736,30.096055555555555,123.73738888888893,3.8,150.0,2019-11-14 02:16:45,围网
11736,30.083222222222233,123.74183333333336,4.4,184.0,2019-11-14 02:26:45,围网
11736,30.072916666666664,123.74358333333332,0.9,210.0,2019-11-14 02:36:45,围网
11736,30.070055555555548,123.74483333333332,1.4,165.0,2019-11-14 02:46:45,围网
11736,30.06961111111111,123.74483333333332,1.0,11.0,2019-11-14 02:56:45,围网
11736,30.069194444444445,123.74475,1.2,242.0,2019-11-14 03:06:45,围网
11736,30.06891666666667,123.74477777777778,0.9,140.0,2019-11-14 03:16:45,围网
11736,30.06847222222222,123.74488888888894,0.5,134.0,2019-11-14 03:26:45,围网
11736,30.068027777777786,123.745,0.6,242.0,2019-11-14 03:36:45,围网
11736,30.067611111111113,123.74497222222222,0.2,0.0,2019-11-14 03:46:45,围网
11736,30.066805555555554,123.74533333333332,0.8,270.0,2019-11-14 03:56:45,围网
11736,30.06641666666667,123.74525,0.8,179.0,2019-11-14 04:06:45,围网
11736,30.066055555555558,123.74536111111112,1.2,13.0,2019-11-14 04:16:45,围网
11736,30.06569444444445,123.7450277777778,0.9,192.0,2019-11-14 04:26:45,围网
11736,30.06511111111111,123.7450277777778,1.7,71.0,2019-11-14 04:36:45,围网
11736,30.064722222222233,123.74486111111106,0.8,0.0,2019-11-14 04:46:45,围网
11736,30.06419444444445,123.74483333333332,0.9,0.0,2019-11-14 04:56:45,围网
11736,30.06355555555556,123.74477777777778,0.8,0.0,2019-11-14 05:06:45,围网
11736,30.06330555555556,123.74461111111113,1.8,119.0,2019-11-14 05:16:45,围网
11736,30.062777777777786,123.7444722222222,0.3,0.0,2019-11-14 05:26:45,围网
11736,30.062361111111112,123.74430555555556,1.1,54.0,2019-11-14 05:36:45,围网
11736,30.062027777777786,123.74411111111112,1.3,60.0,2019-11-14 05:46:46,围网
11736,30.061777777777767,123.74413888888887,0.5,0.0,2019-11-14 05:56:46,围网
11736,30.06158333333333,123.74375,1.1,111.0,2019-11-14 06:06:45,围网
11736,30.06136111111111,123.74363888888887,0.7,94.0,2019-11-14 06:16:45,围网
11736,30.06119444444445,123.7432777777778,1.8,115.0,2019-11-14 06:26:45,围网
11736,30.06116666666667,123.74311111111112,0.7,0.0,2019-11-14 06:36:45,围网
11736,30.06116666666667,123.74272222222223,1.3,0.0,2019-11-14 06:46:45,围网
11736,30.06111111111111,123.74247222222222,0.9,158.0,2019-11-14 06:56:45,围网
11736,30.060944444444445,123.74272222222223,0.9,179.0,2019-11-14 07:06:45,围网
11736,30.061,123.74244444444444,0.8,167.0,2019-11-14 07:16:45,围网
11736,30.06105555555556,123.74225,3.3,302.0,2019-11-14 07:26:45,围网
11736,30.06119444444445,123.74188888888894,2.2,96.0,2019-11-14 07:36:45,围网
11736,30.06102777777778,123.74183333333336,0.7,110.0,2019-11-14 07:46:45,围网
11736,30.061138888888888,123.74166666666667,1.6,110.0,2019-11-14 07:56:45,围网
11736,30.061138888888888,123.74169444444445,0.9,203.0,2019-11-14 08:06:45,围网
11736,30.06138888888889,123.74138888888888,0.9,139.0,2019-11-14 08:16:45,围网
11736,30.06133333333333,123.74141666666668,0.5,79.0,2019-11-14 08:26:45,围网
11736,30.061416666666666,123.74138888888888,2.5,320.0,2019-11-14 08:36:45,围网
11736,30.061555555555554,123.74130555555556,2.2,312.0,2019-11-14 08:46:45,围网
11736,30.061555555555554,123.74130555555556,1.3,186.0,2019-11-14 08:56:45,围网
11736,30.06163888888889,123.74130555555556,0.7,336.0,2019-11-14 09:06:45,围网
11736,30.06186111111111,123.74122222222222,3.1,17.0,2019-11-14 09:16:45,围网
11736,30.06186111111111,123.74108333333332,1.4,0.0,2019-11-14 09:26:45,围网
11736,30.06191666666667,123.74105555555555,1.6,313.0,2019-11-14 09:36:45,围网
11736,30.061972222222234,123.74111111111112,0.7,251.0,2019-11-14 09:46:45,围网
11736,30.06191666666667,123.74108333333332,1.6,155.0,2019-11-14 09:56:45,围网
11736,30.061888888888888,123.74111111111112,1.1,254.0,2019-11-14 10:06:45,围网
11736,30.06183333333333,123.74105555555555,0.9,233.0,2019-11-14 10:16:46,围网
11736,30.062472222222233,123.74216666666666,0.4,0.0,2019-11-14 10:26:46,围网
11736,30.06347222222222,123.74475,1.7,18.0,2019-11-14 10:36:46,围网
11736,30.142194444444453,123.70316666666668,3.5,335.0,2019-11-14 12:14:26,围网
11736,30.150166666666664,123.70119444444444,3.6,351.0,2019-11-14 12:24:26,围网
11736,30.157888888888888,123.69994444444444,2.4,347.0,2019-11-14 12:34:26,围网
11736,30.16575,123.6987777777778,2.6,345.0,2019-11-14 12:44:26,围网
11736,30.17361111111111,123.69852777777778,2.8,19.0,2019-11-14 12:54:26,围网
11736,30.176055555555557,123.69822222222223,1.0,341.0,2019-11-14 13:04:26,围网
11736,30.17361111111111,123.69608333333332,4.1,259.0,2019-11-14 13:14:26,围网
11736,30.185388888888887,123.68775,5.1,338.0,2019-11-14 13:24:26,围网
11736,30.19775000000001,123.68022222222223,5.1,320.0,2019-11-14 13:34:26,围网
11736,30.21033333333333,123.67316666666667,5.3,345.0,2019-11-14 13:44:26,围网
11736,30.22363888888889,123.66427777777778,5.3,309.0,2019-11-14 13:54:26,围网
11736,30.2355,123.65536111111112,4.8,322.0,2019-11-14 14:04:26,围网
11736,30.248166666666666,123.64683333333336,5.5,352.0,2019-11-14 14:14:26,围网
11736,30.261138888888887,123.63844444444445,5.6,311.0,2019-11-14 14:24:26,围网
11736,30.27258333333333,123.62913888888887,5.2,336.0,2019-11-14 14:34:27,围网
11736,30.285277777777786,123.62091666666666,5.7,324.0,2019-11-14 14:44:27,围网
11736,30.29858333333333,123.61344444444444,4.3,355.0,2019-11-14 14:54:27,围网
11736,30.291305555555557,123.62241666666668,3.3,133.0,2019-11-14 15:04:27,围网
11736,30.28488888888889,123.6302777777778,3.7,138.0,2019-11-14 15:14:27,围网
11736,30.278305555555555,123.63794444444444,3.4,136.0,2019-11-14 15:24:27,围网
11736,30.271472222222233,123.64530555555555,3.0,150.0,2019-11-14 15:34:26,围网
11736,30.25536111111111,123.65683333333334,4.0,149.0,2019-11-14 15:54:26,围网
11736,30.24583333333333,123.66013888888894,3.3,159.0,2019-11-14 16:04:26,围网
11736,30.237055555555557,123.6622777777778,3.3,173.0,2019-11-14 16:14:26,围网
11736,30.227611111111113,123.66408333333334,3.9,179.0,2019-11-14 16:24:26,围网
11736,30.218277777777786,123.66594444444445,4.4,187.0,2019-11-14 16:34:26,围网
11736,30.20883333333333,123.66727777777778,3.9,170.0,2019-11-14 16:44:26,围网
11736,30.199388888888887,123.66844444444445,3.4,186.0,2019-11-14 16:54:26,围网
11736,30.190027777777786,123.66880555555555,3.6,182.0,2019-11-14 17:04:26,围网
11736,30.180555555555557,123.66972222222223,2.9,170.0,2019-11-14 17:14:26,围网
11736,30.171194444444453,123.66997222222223,3.3,183.0,2019-11-14 17:24:26,围网
11736,30.16188888888889,123.67041666666668,3.3,173.0,2019-11-14 17:34:26,围网
11736,30.152805555555553,123.67113888888888,3.8,184.0,2019-11-14 17:44:26,围网
11736,30.14375,123.67141666666667,3.4,169.0,2019-11-14 17:54:26,围网
11736,30.137694444444445,123.67,1.2,242.0,2019-11-14 18:04:26,围网
11736,30.13438888888889,123.6675,0.3,0.0,2019-11-14 18:14:26,围网
11736,30.132777777777786,123.66105555555555,4.2,276.0,2019-11-14 18:24:26,围网
11736,30.134472222222207,123.64963888888893,3.4,283.0,2019-11-14 18:34:26,围网
11736,30.13602777777778,123.63905555555556,3.8,270.0,2019-11-14 18:44:26,围网
11736,30.138805555555557,123.62886111111106,2.9,286.0,2019-11-14 18:54:27,围网
11736,30.14313888888889,123.61944444444444,3.3,274.0,2019-11-14 19:04:27,围网
11736,30.14713888888889,123.6095,3.3,294.0,2019-11-14 19:14:27,围网
11736,30.151,123.59961111111113,3.1,282.0,2019-11-14 19:24:27,围网
11736,30.155916666666666,123.59008333333333,2.7,296.0,2019-11-14 19:34:26,围网
11736,30.162861111111113,123.58302777777777,3.6,330.0,2019-11-14 19:44:26,围网
11736,30.17166666666667,123.57788888888888,3.1,334.0,2019-11-14 19:54:26,围网
11736,30.18058333333333,123.57238888888894,4.3,344.0,2019-11-14 20:04:26,围网
11736,30.189611111111113,123.5672222222222,3.8,335.0,2019-11-14 20:14:26,围网
11736,30.199305555555554,123.56272222222222,3.4,332.0,2019-11-14 20:24:26,围网
11736,30.20780555555556,123.55763888888887,3.5,336.0,2019-11-14 20:34:26,围网
11736,30.21758333333333,123.55433333333332,3.8,331.0,2019-11-14 20:44:26,围网
11736,30.2265,123.54980555555555,3.5,341.0,2019-11-14 20:54:26,围网
11736,30.235861111111113,123.54658333333332,3.2,343.0,2019-11-14 21:04:26,围网
11736,30.24508333333333,123.54333333333334,3.5,345.0,2019-11-14 21:14:26,围网
11736,30.253777777777767,123.54033333333334,3.1,343.0,2019-11-14 21:24:26,围网
11736,30.259555555555554,123.53691666666666,1.8,336.0,2019-11-14 21:34:26,围网
11736,30.26436111111111,123.53375,0.8,334.0,2019-11-14 21:44:26,围网
11736,30.272472222222234,123.52688888888888,4.3,331.0,2019-11-14 21:54:26,围网
11736,30.28508333333333,123.5225,3.6,324.0,2019-11-14 22:04:26,围网
11736,30.29513888888889,123.51916666666666,3.5,345.0,2019-11-14 22:14:26,围网
11736,30.305222222222234,123.51575,3.8,338.0,2019-11-14 22:24:26,围网
11736,30.315972222222207,123.51288888888888,3.6,355.0,2019-11-14 22:34:26,围网
11736,30.325555555555557,123.51138888888887,3.7,348.0,2019-11-14 22:44:26,围网
11736,30.33558333333333,123.50911111111112,3.6,350.0,2019-11-14 22:54:26,围网
11736,30.34561111111111,123.50702777777781,3.6,354.0,2019-11-14 23:04:26,围网
11736,30.35566666666667,123.50488888888893,3.8,352.0,2019-11-14 23:14:27,围网
11736,30.36588888888889,123.50283333333334,3.4,345.0,2019-11-14 23:24:27,围网
11736,30.376,123.50238888888887,3.4,354.0,2019-11-14 23:34:27,围网
11736,30.386,123.50236111111107,3.5,355.0,2019-11-14 23:44:26,围网
11736,30.39583333333333,123.50266666666668,3.4,347.0,2019-11-14 23:54:26,围网
11736,30.40558333333333,123.50313888888893,3.2,358.0,2019-11-15 00:04:26,围网
11736,30.415222222222226,123.50519444444444,3.2,19.0,2019-11-15 00:14:26,围网
11736,30.42444444444445,123.5079722222222,2.8,40.0,2019-11-15 00:24:26,围网
11736,30.433416666666666,123.51211111111112,3.4,29.0,2019-11-15 00:34:26,围网
11736,30.44211111111111,123.51827777777777,3.3,24.0,2019-11-15 00:44:26,围网
11736,30.44991666666667,123.52375,3.5,29.0,2019-11-15 00:54:26,围网
11736,30.45847222222222,123.52911111111106,4.0,40.0,2019-11-15 01:04:26,围网
11736,30.46158333333333,123.53252777777777,2.5,40.0,2019-11-15 01:14:26,围网
11736,30.46305555555556,123.53438888888887,3.0,178.0,2019-11-15 01:24:26,围网
11736,30.46233333333333,123.53236111111107,3.8,343.0,2019-11-15 01:34:26,围网
11736,30.466361111111112,123.53888888888888,3.2,83.0,2019-11-15 01:44:26,围网
11736,30.461805555555554,123.54980555555555,3.5,116.0,2019-11-15 01:54:26,围网
11736,30.456888888888887,123.55902777777777,3.0,127.0,2019-11-15 02:04:26,围网
11736,30.452638888888888,123.56894444444444,3.3,119.0,2019-11-15 02:14:26,围网
11736,30.446972222222207,123.57727777777778,3.4,152.0,2019-11-15 02:24:26,围网
11736,30.438972222222233,123.58130555555556,3.1,141.0,2019-11-15 02:34:26,围网
11736,30.43336111111111,123.59030555555556,3.4,128.0,2019-11-15 02:44:26,围网
11736,30.42688888888889,123.59905555555555,3.4,138.0,2019-11-15 02:54:26,围网
11736,30.41986111111111,123.605,3.1,140.0,2019-11-15 03:04:26,围网
11736,30.412,123.61075,3.7,153.0,2019-11-15 03:14:26,围网
11736,30.403666666666666,123.61544444444445,3.0,161.0,2019-11-15 03:24:26,围网
11736,30.39533333333333,123.62047222222222,3.6,152.0,2019-11-15 03:34:26,围网
11736,30.38727777777777,123.6263611111111,3.5,150.0,2019-11-15 03:44:26,围网
11736,30.37908333333333,123.63208333333333,3.1,151.0,2019-11-15 03:54:26,围网
11736,30.369972222222234,123.63488888888894,3.4,161.0,2019-11-15 04:04:26,围网
11736,30.360805555555558,123.63686111111113,3.4,174.0,2019-11-15 04:14:26,围网
11736,30.351555555555557,123.63788888888894,3.5,169.0,2019-11-15 04:24:26,围网
11736,30.342305555555555,123.63816666666668,3.5,178.0,2019-11-15 04:34:26,围网
11736,30.333055555555557,123.63905555555556,3.1,135.0,2019-11-15 04:44:26,围网
11736,30.32372222222222,123.63941666666666,3.6,198.0,2019-11-15 04:54:26,围网
11736,30.317277777777768,123.63977777777781,0.3,0.0,2019-11-15 05:04:26,围网
11736,30.31308333333333,123.64038888888888,1.7,161.0,2019-11-15 05:14:26,围网
11736,30.31058333333333,123.64108333333333,1.8,197.0,2019-11-15 05:24:26,围网
11736,30.30155555555556,123.64433333333336,3.1,162.0,2019-11-15 05:34:26,围网
11736,30.292388888888887,123.6465,3.4,168.0,2019-11-15 05:44:26,围网
11736,30.28325,123.64813888888894,3.2,174.0,2019-11-15 05:54:26,围网
11736,30.274,123.64908333333334,3.3,181.0,2019-11-15 06:04:26,围网
11736,30.264722222222233,123.64888888888888,3.1,176.0,2019-11-15 06:14:26,围网
11736,30.255722222222207,123.64636111111106,3.0,196.0,2019-11-15 06:24:26,围网
11736,30.24725,123.642,3.2,212.0,2019-11-15 06:34:26,围网
11736,30.239722222222234,123.63575,3.5,225.0,2019-11-15 06:44:26,围网
11736,30.233166666666666,123.62808333333332,3.8,232.0,2019-11-15 06:54:26,围网
11736,30.228027777777786,123.6189722222222,3.3,233.0,2019-11-15 07:04:26,围网
11736,30.223749999999995,123.60844444444444,3.4,253.0,2019-11-15 07:14:26,围网
11736,30.22208333333333,123.59819444444445,3.4,253.0,2019-11-15 07:24:26,围网
11736,30.221055555555555,123.5870277777778,3.5,277.0,2019-11-15 07:34:26,围网
11736,30.221916666666665,123.57583333333334,3.6,275.0,2019-11-15 07:44:26,围网
11736,30.223861111111113,123.56469444444444,3.5,288.0,2019-11-15 07:54:25,围网
11736,30.226277777777767,123.55377777777778,3.7,289.0,2019-11-15 08:04:25,围网
11736,30.227555555555554,123.54858333333333,1.6,214.0,2019-11-15 08:14:26,围网
11736,30.227166666666665,123.54347222222222,2.0,188.0,2019-11-15 08:24:26,围网
11736,30.228666666666665,123.54738888888888,3.8,126.0,2019-11-15 08:34:26,围网
11736,30.22652777777777,123.56236111111107,5.2,90.0,2019-11-15 08:44:26,围网
11736,30.224777777777767,123.57863888888888,5.1,106.0,2019-11-15 08:54:26,围网
11736,30.230611111111113,123.58483333333332,4.8,343.0,2019-11-15 09:04:26,围网
11736,30.24091666666667,123.58283333333334,3.6,356.0,2019-11-15 09:14:26,围网
11736,30.25175,123.58202777777778,3.5,4.0,2019-11-15 09:24:26,围网
11736,30.261222222222226,123.58205555555556,3.4,359.0,2019-11-15 09:34:26,围网
11736,30.27138888888889,123.5822777777778,3.6,5.0,2019-11-15 09:44:26,围网
11736,30.28147222222222,123.58288888888887,3.9,355.0,2019-11-15 09:54:26,围网
11736,30.29183333333333,123.58316666666666,3.7,356.0,2019-11-15 10:04:26,围网
11736,30.30216666666667,123.5834722222222,3.7,351.0,2019-11-15 10:14:26,围网
11736,30.312555555555555,123.58425,4.2,357.0,2019-11-15 10:24:26,围网
11736,30.32338888888889,123.58713888888887,3.5,7.0,2019-11-15 10:34:26,围网
11736,30.33375,123.58761111111107,4.1,339.0,2019-11-15 10:44:26,围网
11736,30.343888888888888,123.58402777777776,3.9,344.0,2019-11-15 10:54:26,围网
11736,30.35391666666667,123.58061111111112,3.2,355.0,2019-11-15 11:04:26,围网
11736,30.36413888888889,123.57791666666664,3.4,347.0,2019-11-15 11:14:26,围网
11736,30.37444444444445,123.57583333333334,3.4,351.0,2019-11-15 11:24:26,围网
11736,30.385527777777767,123.57438888888888,3.9,349.0,2019-11-15 11:34:26,围网
11736,30.394277777777766,123.57386111111107,0.4,127.0,2019-11-15 11:44:26,围网
11736,30.39897222222222,123.57255555555555,3.5,336.0,2019-11-15 11:54:25,围网
11736,30.395277777777785,123.57116666666668,4.0,183.0,2019-11-15 12:04:25,围网
11736,30.399,123.57861111111107,7.5,40.0,2019-11-15 12:14:25,围网
11736,30.4045,123.58838888888887,3.2,62.0,2019-11-15 12:24:25,围网
11736,30.40725,123.5985,3.4,60.0,2019-11-15 12:34:26,围网
11736,30.40886111111111,123.60902777777777,3.0,94.0,2019-11-15 12:44:26,围网
11736,30.41069444444444,123.61936111111108,4.2,44.0,2019-11-15 12:54:26,围网
11736,30.42055555555556,123.62363888888888,3.6,8.0,2019-11-15 13:04:26,围网
11736,30.43047222222223,123.62413888888888,3.6,5.0,2019-11-15 13:14:26,围网
11736,30.440305555555554,123.62522222222222,3.8,17.0,2019-11-15 13:24:26,围网
11736,30.44988888888889,123.62719444444444,3.7,13.0,2019-11-15 13:34:26,围网
11736,30.459888888888887,123.6299722222222,3.6,19.0,2019-11-15 13:44:26,围网
11736,30.46822222222222,123.63447222222223,3.4,25.0,2019-11-15 13:54:26,围网
11736,30.476805555555554,123.64108333333333,3.4,34.0,2019-11-15 14:04:26,围网
11736,30.4845,123.64686111111112,3.5,36.0,2019-11-15 14:14:26,围网
11736,30.49225,123.65330555555555,3.4,27.0,2019-11-15 14:24:26,围网
11736,30.497805555555555,123.65836111111112,0.5,124.0,2019-11-15 14:34:26,围网
11736,30.50113888888889,123.66116666666667,1.1,18.0,2019-11-15 14:44:26,围网
11736,30.490861111111112,123.65319444444445,5.5,223.0,2019-11-15 14:54:26,围网
11736,30.479416666666665,123.6484722222222,3.5,164.0,2019-11-15 15:04:26,围网
11736,30.47036111111111,123.65047222222223,3.3,161.0,2019-11-15 15:14:26,围网
11736,30.46130555555556,123.65280555555556,3.3,162.0,2019-11-15 15:24:26,围网
11736,30.452305555555554,123.6557777777778,3.6,165.0,2019-11-15 15:34:26,围网
11736,30.443166666666666,123.65894444444444,3.6,164.0,2019-11-15 15:44:25,围网
11736,30.433416666666666,123.66205555555555,3.5,165.0,2019-11-15 15:54:25,围网
11736,30.424722222222233,123.6640277777778,3.3,173.0,2019-11-15 16:04:25,围网
11736,30.4155,123.66469444444445,3.3,178.0,2019-11-15 16:14:25,围网
11736,30.40619444444444,123.66502777777778,3.0,178.0,2019-11-15 16:24:25,围网
11736,30.39675,123.66522222222223,3.2,178.0,2019-11-15 16:34:25,围网
11736,30.38738888888889,123.66497222222222,3.4,173.0,2019-11-15 16:44:25,围网
11736,30.377861111111113,123.66525,3.4,184.0,2019-11-15 16:54:26,围网
11736,30.36833333333333,123.66513888888888,3.4,184.0,2019-11-15 17:04:26,围网
11736,30.358777777777767,123.66508333333334,3.5,181.0,2019-11-15 17:14:26,围网
11736,30.34927777777777,123.66530555555555,3.6,178.0,2019-11-15 17:24:26,围网
11736,30.339805555555554,123.66555555555556,3.3,181.0,2019-11-15 17:34:26,围网
11736,30.330416666666665,123.66611111111112,3.3,187.0,2019-11-15 17:44:26,围网
11736,30.32125,123.66619444444444,3.3,172.0,2019-11-15 17:54:26,围网
11736,30.31675,123.66602777777778,1.5,190.0,2019-11-15 18:04:26,围网
11736,30.312916666666666,123.66788888888892,6.6,134.0,2019-11-15 18:14:26,围网
11736,30.300305555555557,123.67458333333332,5.9,180.0,2019-11-15 18:24:26,围网
11736,30.290944444444445,123.67436111111112,3.4,179.0,2019-11-15 18:34:26,围网
11736,30.281944444444445,123.67422222222223,3.1,183.0,2019-11-15 18:44:26,围网
11736,30.273111111111113,123.67397222222223,3.3,180.0,2019-11-15 18:54:26,围网
11736,30.264388888888888,123.67280555555556,3.4,195.0,2019-11-15 19:04:26,围网
11736,30.25594444444444,123.67038888888894,3.0,199.0,2019-11-15 19:14:26,围网
11736,30.247916666666665,123.66647222222224,3.1,205.0,2019-11-15 19:24:26,围网
11736,30.24094444444445,123.65986111111113,3.1,235.0,2019-11-15 19:34:26,围网
11736,30.238861111111113,123.64950000000002,2.7,274.0,2019-11-15 19:44:25,围网
11736,30.24002777777779,123.63886111111113,2.7,288.0,2019-11-15 19:54:25,围网
11736,30.2425,123.62858333333332,3.6,284.0,2019-11-15 20:04:25,围网
11736,30.24533333333333,123.61766666666666,3.4,299.0,2019-11-15 20:14:25,围网
11736,30.2505,123.60933333333334,3.4,307.0,2019-11-15 20:24:25,围网
11736,30.257777777777786,123.60169444444445,3.5,319.0,2019-11-15 20:34:25,围网
11736,30.265361111111112,123.59452777777777,3.5,324.0,2019-11-15 20:44:25,围网
11736,30.27241666666667,123.58672222222219,3.2,312.0,2019-11-15 20:54:25,围网
11736,30.279166666666665,123.57858333333333,3.5,317.0,2019-11-15 21:04:25,围网
11736,30.286583333333336,123.57055555555556,4.1,313.0,2019-11-15 21:14:26,围网
11736,30.29125,123.56869444444445,2.4,337.0,2019-11-15 21:24:26,围网
11736,30.293805555555558,123.56488888888887,3.8,214.0,2019-11-15 21:34:26,围网
11736,30.28533333333333,123.57088888888887,4.4,126.0,2019-11-15 21:44:26,围网
11736,30.283722222222234,123.56825,6.6,284.0,2019-11-15 21:54:26,围网
11736,30.29030555555555,123.55883333333333,3.1,306.0,2019-11-15 22:04:26,围网
11736,30.297027777777767,123.55038888888888,2.8,316.0,2019-11-15 22:14:26,围网
11736,30.304444444444453,123.54183333333334,3.3,318.0,2019-11-15 22:24:26,围网
11736,30.31075,123.53425,3.6,316.0,2019-11-15 22:34:26,围网
11736,30.31825000000001,123.5264722222222,3.8,317.0,2019-11-15 22:44:26,围网
11736,30.32641666666667,123.51944444444445,3.5,327.0,2019-11-15 22:54:26,围网
11736,30.33538888888889,123.51341666666669,3.7,324.0,2019-11-15 23:04:26,围网
11736,30.3435,123.50647222222223,3.5,320.0,2019-11-15 23:14:26,围网
11736,30.351333333333336,123.4994722222222,3.5,321.0,2019-11-15 23:24:26,围网
11736,30.35988888888889,123.49330555555555,3.5,329.0,2019-11-15 23:34:26,围网
11736,30.368444444444442,123.48716666666668,3.6,330.0,2019-11-15 23:44:25,围网
11736,30.37811111111111,123.48316666666666,3.7,342.0,2019-11-15 23:54:25,围网
11736,30.387916666666666,123.48016666666668,3.6,345.0,2019-11-16 00:04:25,围网
11736,30.39772222222223,123.47786111111112,3.6,355.0,2019-11-16 00:14:25,围网
11736,30.407722222222233,123.47694444444444,3.5,355.0,2019-11-16 00:24:25,围网
11736,30.418222222222226,123.47675,3.4,9.0,2019-11-16 00:34:25,围网
11736,30.42766666666667,123.47772222222223,3.6,9.0,2019-11-16 00:44:25,围网
11736,30.43663888888889,123.48241666666668,3.5,35.0,2019-11-16 00:54:25,围网
11736,30.44294444444445,123.48736111111113,1.7,352.0,2019-11-16 01:04:25,围网
11736,30.44916666666667,123.48894444444444,2.0,357.0,2019-11-16 01:14:25,围网
11736,30.45366666666667,123.48880555555556,3.9,325.0,2019-11-16 01:24:25,围网
11736,30.458388888888887,123.4999722222222,3.3,67.0,2019-11-16 01:34:26,围网
11736,30.462555555555554,123.50963888888887,3.2,60.0,2019-11-16 01:44:26,围网
11736,30.466805555555553,123.51886111111112,3.1,62.0,2019-11-16 01:54:26,围网
11736,30.47138888888889,123.528,3.0,59.0,2019-11-16 02:04:26,围网
11736,30.475972222222207,123.53722222222223,3.6,67.0,2019-11-16 02:14:26,围网
11736,30.47872222222221,123.54722222222222,3.1,83.0,2019-11-16 02:24:26,围网
11736,30.479833333333332,123.55744444444444,3.3,96.0,2019-11-16 02:34:26,围网
11736,30.48041666666667,123.56808333333332,3.1,92.0,2019-11-16 02:44:26,围网
11736,30.48,123.5774722222222,3.0,97.0,2019-11-16 02:54:26,围网
11736,30.47933333333333,123.58758333333333,3.1,96.0,2019-11-16 03:04:26,围网
11736,30.478416666666664,123.59758333333332,3.0,94.0,2019-11-16 03:14:26,围网
11736,30.475666666666665,123.60708333333332,3.2,117.0,2019-11-16 03:24:26,围网
11736,30.46941666666667,123.61369444444445,3.2,159.0,2019-11-16 03:34:26,围网
11736,30.46258333333333,123.6189722222222,3.1,143.0,2019-11-16 03:44:25,围网
11736,30.45483333333333,123.62100000000001,2.6,163.0,2019-11-16 03:54:25,围网
11736,30.44669444444445,123.62255555555555,2.1,117.0,2019-11-16 04:04:25,围网
11736,30.43830555555556,123.62394444444445,2.7,170.0,2019-11-16 04:14:25,围网
11736,30.42988888888889,123.62388888888887,2.4,176.0,2019-11-16 04:24:25,围网
11736,30.42144444444445,123.62436111111107,2.8,163.0,2019-11-16 04:34:25,围网
11736,30.412888888888887,123.62463888888887,3.1,200.0,2019-11-16 04:44:25,围网
11736,30.40369444444445,123.62461111111112,3.2,177.0,2019-11-16 04:54:25,围网
11736,30.39113888888889,123.62461111111112,1.3,150.0,2019-11-16 05:14:25,围网
11736,30.388388888888887,123.62486111111107,1.3,169.0,2019-11-16 05:24:25,围网
11736,30.386861111111113,123.62688888888887,0.8,89.0,2019-11-16 05:34:25,围网
11736,30.382277777777766,123.63697222222223,5.3,127.0,2019-11-16 05:44:25,围网
11736,30.37072222222222,123.6424722222222,4.4,167.0,2019-11-16 05:54:26,围网
11736,30.36069444444445,123.64563888888893,3.4,161.0,2019-11-16 06:04:26,围网
11736,30.351888888888887,123.64866666666668,3.4,160.0,2019-11-16 06:14:26,围网
11736,30.34336111111111,123.65188888888888,3.0,164.0,2019-11-16 06:24:26,围网
11736,30.33469444444445,123.65419444444444,2.9,166.0,2019-11-16 06:34:26,围网
11736,30.325888888888887,123.65513888888887,3.3,179.0,2019-11-16 06:44:26,围网
11736,30.317138888888888,123.65366666666668,3.0,186.0,2019-11-16 06:54:26,围网
11736,30.308055555555555,123.65105555555556,3.1,194.0,2019-11-16 07:04:26,围网
11736,30.30025,123.64755555555556,3.1,207.0,2019-11-16 07:14:26,围网
11736,30.29272222222223,123.6417777777778,3.0,213.0,2019-11-16 07:24:26,围网
11736,30.28533333333333,123.63580555555555,3.3,215.0,2019-11-16 07:34:26,围网
11736,30.277916666666666,123.62966666666664,3.2,221.0,2019-11-16 07:44:25,围网
11736,30.27125,123.62263888888887,3.1,226.0,2019-11-16 07:54:25,围网
11736,30.26747222222221,123.61208333333332,3.9,254.0,2019-11-16 08:04:25,围网
11736,30.267416666666666,123.601,3.4,275.0,2019-11-16 08:14:25,围网
11736,30.26908333333333,123.59016666666666,3.4,275.0,2019-11-16 08:24:25,围网
11736,30.27052777777779,123.56841666666666,3.4,275.0,2019-11-16 08:44:25,围网
11736,30.27241666666667,123.5569722222222,3.8,291.0,2019-11-16 08:54:25,围网
11736,30.27555555555556,123.55391666666668,1.9,321.0,2019-11-16 09:04:25,围网
11736,30.27975,123.5482222222222,6.4,288.0,2019-11-16 09:14:25,围网
11736,30.28736111111111,123.53702777777778,3.5,311.0,2019-11-16 09:24:25,围网
11736,30.293777777777766,123.52816666666666,3.5,311.0,2019-11-16 09:34:25,围网
11736,30.30011111111111,123.51925,3.4,309.0,2019-11-16 09:44:25,围网
11736,30.306583333333336,123.51058333333332,3.3,307.0,2019-11-16 09:54:25,围网
11736,30.31302777777778,123.50202777777778,3.4,308.0,2019-11-16 10:04:25,围网
11736,30.319888888888887,123.49397222222223,3.9,336.0,2019-11-16 10:14:26,围网
11736,30.326777777777767,123.48586111111106,3.5,308.0,2019-11-16 10:24:26,围网
11736,30.335,123.4794722222222,3.6,333.0,2019-11-16 10:34:26,围网
11736,30.344055555555553,123.47452777777778,3.4,338.0,2019-11-16 10:44:26,围网
11736,30.35355555555556,123.47063888888893,3.7,339.0,2019-11-16 10:54:26,围网
11736,30.36283333333333,123.46644444444445,3.3,338.0,2019-11-16 11:04:26,围网
11736,30.372222222222234,123.4625,3.3,344.0,2019-11-16 11:14:26,围网
11736,30.382361111111113,123.45936111111112,3.5,341.0,2019-11-16 11:24:26,围网
11736,30.391388888888887,123.45652777777778,3.6,348.0,2019-11-16 11:34:26,围网
11736,30.401166666666665,123.4547777777778,3.7,351.0,2019-11-16 11:44:26,围网
11736,30.411,123.45363888888888,3.4,352.0,2019-11-16 11:54:25,围网
11736,30.421083333333332,123.45263888888887,3.5,356.0,2019-11-16 12:04:25,围网
11736,30.431277777777765,123.45211111111112,3.6,358.0,2019-11-16 12:14:25,围网
11736,30.4385,123.45158333333332,1.7,356.0,2019-11-16 12:24:25,围网
11736,30.444222222222226,123.45116666666668,2.2,348.0,2019-11-16 12:34:25,围网
11736,30.43883333333333,123.44969444444445,5.3,164.0,2019-11-16 12:44:25,围网
11736,30.446388888888887,123.4520277777778,3.7,3.0,2019-11-16 12:54:25,围网
11736,30.45652777777777,123.45233333333331,3.6,6.0,2019-11-16 13:04:25,围网
11736,30.46669444444445,123.45386111111112,3.5,6.0,2019-11-16 13:14:25,围网
11736,30.4765,123.45569444444445,3.4,9.0,2019-11-16 13:24:25,围网
11736,30.486666666666668,123.45702777777778,3.4,5.0,2019-11-16 13:34:25,围网
