渔船ID,lat,lon,速度,方向,time,type
12481,29.870444444444445,122.3714722222222,0.0,0.0,2018-10-07 06:00:01,刺网
12481,29.870472222222233,122.3715,0.1,0.0,2018-10-07 06:10:01,刺网
12481,29.870444444444445,122.3714722222222,0.0,0.0,2018-10-07 06:30:01,刺网
12481,29.87041666666667,122.3715,0.0,0.0,2018-10-07 06:40:01,刺网
12481,29.870444444444445,122.37144444444445,0.0,0.0,2018-10-07 06:50:01,刺网
12481,29.87041666666667,122.3715,0.0,0.0,2018-10-07 07:00:01,刺网
12481,29.870444444444445,122.3715,0.0,0.0,2018-10-07 07:10:01,刺网
12481,29.870444444444445,122.3714722222222,0.0,0.0,2018-10-07 07:20:01,刺网
12481,29.870472222222233,122.37144444444445,0.0,0.0,2018-10-07 07:30:01,刺网
12481,29.87041666666667,122.3715,0.0,0.0,2018-10-07 07:40:01,刺网
12481,29.87041666666667,122.37152777777777,0.0,0.0,2018-10-07 07:50:01,刺网
12481,29.87041666666667,122.3715,0.1,0.0,2018-10-07 08:00:01,刺网
12481,29.870472222222233,122.37155555555556,0.4,0.0,2018-10-07 08:10:01,刺网
12481,29.87038888888889,122.3714722222222,0.5,0.0,2018-10-07 08:20:01,刺网
12481,29.870444444444445,122.37152777777777,1.5,68.0,2018-10-07 08:30:01,刺网
12481,29.87041666666667,122.37155555555556,0.0,0.0,2018-10-07 08:40:01,刺网
12481,29.87041666666667,122.37155555555556,0.0,0.0,2018-10-07 08:50:01,刺网
12481,29.870361111111112,122.37152777777777,0.0,0.0,2018-10-07 09:00:01,刺网
12481,29.87041666666667,122.3715,0.1,0.0,2018-10-07 09:10:01,刺网
12481,29.870444444444445,122.37155555555556,0.0,0.0,2018-10-07 09:20:01,刺网
12481,29.87052777777778,122.37161111111112,0.3,0.0,2018-10-07 09:30:01,刺网
12481,29.87038888888889,122.3715,0.1,0.0,2018-10-07 09:40:01,刺网
12481,29.870472222222233,122.37152777777777,0.0,0.0,2018-10-07 09:50:01,刺网
12481,29.870444444444445,122.3715,0.1,0.0,2018-10-07 10:00:01,刺网
12481,29.87038888888889,122.3715,0.2,0.0,2018-10-07 10:10:01,刺网
12481,29.87038888888889,122.37152777777777,0.0,0.0,2018-10-07 10:20:01,刺网
12481,29.87033333333333,122.3714722222222,0.1,0.0,2018-10-07 10:30:01,刺网
12481,29.870361111111112,122.3714722222222,0.1,0.0,2018-10-07 10:40:01,刺网
12481,29.87041666666667,122.3715,0.0,0.0,2018-10-07 10:50:01,刺网
12481,29.87041666666667,122.3714722222222,0.0,0.0,2018-10-07 11:00:01,刺网
12481,29.870444444444445,122.3714722222222,0.0,0.0,2018-10-07 11:10:01,刺网
12481,29.87041666666667,122.37155555555556,0.0,0.0,2018-10-07 11:20:01,刺网
12481,29.870444444444445,122.37155555555556,0.0,0.0,2018-10-07 11:30:01,刺网
12481,29.87041666666667,122.3715,0.0,0.0,2018-10-07 11:40:01,刺网
12481,29.87041666666667,122.3715,0.0,0.0,2018-10-07 11:50:01,刺网
12481,29.87041666666667,122.3715,0.1,0.0,2018-10-07 12:00:01,刺网
12481,29.870472222222233,122.37155555555556,0.0,0.0,2018-10-07 12:10:01,刺网
12481,29.87038888888889,122.37144444444445,0.2,0.0,2018-10-07 12:20:01,刺网
12481,29.870222222222232,122.3714722222222,0.7,181.0,2018-10-07 12:30:01,刺网
12481,29.870222222222232,122.37152777777777,0.4,203.0,2018-10-07 12:40:01,刺网
12481,29.869777777777767,122.37113888888888,0.0,0.0,2018-10-07 12:50:01,刺网
12481,29.870472222222233,122.3715,0.0,0.0,2018-10-07 13:00:01,刺网
12481,29.87058333333333,122.37155555555556,0.0,0.0,2018-10-07 13:10:01,刺网
12481,29.870444444444445,122.3715,0.0,0.0,2018-10-07 13:20:01,刺网
12481,29.87041666666667,122.37152777777777,0.0,0.0,2018-10-07 13:30:01,刺网
12481,29.870361111111112,122.37155555555556,0.0,0.0,2018-10-07 13:40:01,刺网
12481,29.87038888888889,122.37152777777777,0.0,0.0,2018-10-07 13:50:01,刺网
12481,29.870361111111112,122.3714722222222,0.0,0.0,2018-10-07 14:00:01,刺网
12481,29.87041666666667,122.3714722222222,0.0,0.0,2018-10-07 14:10:01,刺网
12481,29.87041666666667,122.3715,0.0,0.0,2018-10-07 14:20:01,刺网
12481,29.870361111111112,122.37152777777777,0.0,0.0,2018-10-07 14:30:01,刺网
12481,29.87041666666667,122.3714722222222,0.0,0.0,2018-10-07 14:40:01,刺网
12481,29.87041666666667,122.3715,0.0,0.0,2018-10-07 14:50:01,刺网
12481,29.870444444444445,122.37161111111112,0.0,0.0,2018-10-07 15:00:01,刺网
12481,29.87038888888889,122.37152777777777,0.0,0.0,2018-10-07 15:10:01,刺网
12481,29.87033333333333,122.3714722222222,0.0,0.0,2018-10-07 15:20:01,刺网
12481,29.870444444444445,122.37152777777777,0.0,0.0,2018-10-07 15:30:01,刺网
12481,29.87038888888889,122.3714722222222,0.0,0.0,2018-10-07 15:40:01,刺网
12481,29.87038888888889,122.3715,0.0,0.0,2018-10-07 15:50:01,刺网
12481,29.870472222222233,122.3715,0.1,0.0,2018-10-07 16:00:01,刺网
12481,29.870472222222233,122.37152777777777,0.1,0.0,2018-10-07 16:10:01,刺网
12481,29.87041666666667,122.37158333333332,0.1,0.0,2018-10-07 16:20:01,刺网
12481,29.87038888888889,122.37144444444445,0.0,0.0,2018-10-07 16:30:01,刺网
12481,29.870694444444442,122.37086111111107,2.4,296.0,2018-10-07 16:40:01,刺网
12481,29.871,122.37111111111106,0.0,0.0,2018-10-07 16:50:01,刺网
12481,29.871055555555557,122.37116666666668,0.2,0.0,2018-10-07 17:00:01,刺网
12481,29.870916666666666,122.37111111111106,0.1,0.0,2018-10-07 17:10:01,刺网
12481,29.87008333333333,122.37097222222219,0.0,0.0,2018-10-07 17:20:01,刺网
12481,29.87008333333333,122.37097222222219,0.0,0.0,2018-10-07 17:30:01,刺网
12481,29.87008333333333,122.37097222222219,0.1,0.0,2018-10-07 17:40:01,刺网
12481,29.8745,122.36608333333332,7.4,302.0,2018-10-07 18:00:01,刺网
12481,29.89116666666667,122.34561111111113,8.6,331.0,2018-10-07 18:10:01,刺网
12481,29.91086111111111,122.3282222222222,9.1,325.0,2018-10-07 18:20:01,刺网
12481,29.93419444444445,122.31930555555556,7.8,359.0,2018-10-07 18:30:01,刺网
12481,29.95427777777777,122.32825,8.0,25.0,2018-10-07 18:40:01,刺网
12481,29.975305555555554,122.34263888888887,9.5,16.0,2018-10-07 18:50:01,刺网
12481,30.003416666666666,122.34822222222222,11.1,17.0,2018-10-07 19:00:01,刺网
12481,30.03413888888889,122.35416666666666,10.0,15.0,2018-10-07 19:10:01,刺网
12481,30.062638888888888,122.3615,9.5,8.0,2018-10-07 19:20:01,刺网
12481,30.087666666666664,122.36997222222222,8.4,23.0,2018-10-07 19:30:01,刺网
12481,30.10933333333333,122.37738888888887,9.0,14.0,2018-10-07 19:40:01,刺网
12481,30.133222222222226,122.38519444444445,8.3,24.0,2018-10-07 19:50:01,刺网
12481,30.15363888888889,122.39461111111113,8.1,16.0,2018-10-07 20:00:01,刺网
12481,30.17313888888889,122.40338888888893,7.4,26.0,2018-10-07 20:10:01,刺网
12481,30.19308333333333,122.41222222222223,8.2,16.0,2018-10-07 20:20:01,刺网
12481,30.21488888888889,122.42113888888888,8.7,15.0,2018-10-07 20:30:01,刺网
12481,30.24075,122.42897222222223,9.4,13.0,2018-10-07 20:40:01,刺网
12481,30.262916666666666,122.43994444444445,8.0,23.0,2018-10-07 20:50:01,刺网
12481,30.28038888888889,122.45580555555556,8.7,14.0,2018-10-07 21:00:01,刺网
12481,30.300027777777785,122.46897222222222,8.0,29.0,2018-10-07 21:10:01,刺网
12481,30.318305555555558,122.48319444444445,7.2,39.0,2018-10-07 21:20:01,刺网
12481,30.33883333333333,122.49258333333334,7.7,28.0,2018-10-07 21:30:01,刺网
12481,30.3595,122.50561111111112,7.6,31.0,2018-10-07 21:40:01,刺网
12481,30.37669444444445,122.51938888888887,8.0,31.0,2018-10-07 21:50:01,刺网
12481,30.398000000000003,122.53313888888887,8.3,27.0,2018-10-07 22:00:01,刺网
12481,30.419083333333337,122.54633333333332,6.2,60.0,2018-10-07 22:10:01,刺网
12481,30.443722222222213,122.5577222222222,9.2,9.0,2018-10-07 22:20:01,刺网
12481,30.46661111111111,122.56583333333332,8.8,13.0,2018-10-07 22:30:01,刺网
12481,30.490805555555557,122.57355555555556,8.8,21.0,2018-10-07 22:40:01,刺网
12481,30.514222222222234,122.58194444444445,9.0,18.0,2018-10-07 22:50:01,刺网
12481,30.537055555555558,122.59108333333332,8.4,21.0,2018-10-07 23:00:01,刺网
12481,30.56002777777778,122.60038888888887,8.3,5.0,2018-10-07 23:10:01,刺网
12481,30.581888888888887,122.60638888888887,8.9,15.0,2018-10-07 23:20:01,刺网
12481,30.603777777777786,122.61641666666664,8.8,5.0,2018-10-07 23:30:01,刺网
12481,30.627277777777767,122.61930555555556,8.5,48.0,2018-10-07 23:40:01,刺网
12481,30.645416666666666,122.63719444444445,8.1,7.0,2018-10-07 23:50:01,刺网
12481,33.51241666666667,123.14833333333334,9.6,7.0,2018-10-08 00:00:01,刺网
12481,30.69069444444445,122.64141666666669,8.2,348.0,2018-10-08 00:10:01,刺网
12481,30.71263888888889,122.6359722222222,8.4,346.0,2018-10-08 00:20:01,刺网
12481,30.734,122.63247222222219,7.5,356.0,2018-10-08 00:30:01,刺网
12481,30.75352777777778,122.62711111111106,7.0,334.0,2018-10-08 00:40:01,刺网
12481,30.773555555555557,122.63311111111106,8.2,49.0,2018-10-08 00:50:01,刺网
12481,30.792027777777786,122.64975,8.0,24.0,2018-10-08 01:00:01,刺网
12481,30.813861111111112,122.65919444444445,8.1,33.0,2018-10-08 01:10:01,刺网
12481,30.832305555555553,122.66002777777778,6.9,346.0,2018-10-08 01:20:01,刺网
12481,30.850666666666665,122.6550277777778,6.5,351.0,2018-10-08 01:30:01,刺网
12481,30.869527777777765,122.65919444444445,8.0,23.0,2018-10-08 01:40:01,刺网
12481,30.88894444444445,122.66936111111113,8.3,27.0,2018-10-08 01:50:01,刺网
12481,30.90894444444445,122.68622222222223,8.9,37.0,2018-10-08 02:00:01,刺网
12481,30.92436111111111,122.69961111111112,3.6,339.0,2018-10-08 02:10:01,刺网
12481,30.928361111111112,122.69763888888887,1.3,196.0,2018-10-08 02:20:01,刺网
12481,30.942972222222235,122.69922222222223,9.2,51.0,2018-10-08 02:30:01,刺网
12481,30.95922222222222,122.7195,7.7,32.0,2018-10-08 02:40:01,刺网
12481,30.97208333333333,122.73330555555556,2.2,0.0,2018-10-08 02:50:01,刺网
12481,30.976055555555554,122.73777777777778,6.7,18.0,2018-10-08 03:00:01,刺网
12481,30.980777777777767,122.73944444444444,7.5,34.0,2018-10-08 03:10:01,刺网
12481,30.99811111111111,122.74377777777778,6.3,349.0,2018-10-08 03:20:01,刺网
12481,31.015555555555554,122.74913888888888,6.3,7.0,2018-10-08 03:30:01,刺网
12481,31.03225,122.74619444444444,5.7,333.0,2018-10-08 03:40:01,刺网
12481,31.048777777777786,122.75288888888888,6.1,12.0,2018-10-08 03:50:01,刺网
12481,31.06572222222222,122.75213888888894,5.8,351.0,2018-10-08 04:00:01,刺网
12481,31.08333333333333,122.75338888888888,5.5,299.0,2018-10-08 04:10:01,刺网
12481,31.08619444444444,122.73569444444445,6.2,28.0,2018-10-08 04:20:01,刺网
12481,31.109527777777767,122.76413888888888,6.9,8.0,2018-10-08 04:40:01,刺网
12481,31.120777777777786,122.77169444444445,6.8,353.0,2018-10-08 04:50:01,刺网
12481,31.154277777777768,122.76933333333334,8.7,320.0,2018-10-08 05:10:01,刺网
12481,31.168777777777766,122.78102777777778,6.9,12.0,2018-10-08 05:20:01,刺网
12481,31.188527777777786,122.78788888888887,6.9,26.0,2018-10-08 05:30:01,刺网
12481,31.209166666666665,122.79113888888888,7.9,10.0,2018-10-08 05:40:01,刺网
12481,31.230027777777767,122.79386111111107,8.0,8.0,2018-10-08 05:50:01,刺网
12481,31.25083333333333,122.79738888888888,7.8,3.0,2018-10-08 06:00:01,刺网
12481,31.27263888888889,122.80166666666666,7.9,15.0,2018-10-08 06:10:01,刺网
12481,31.294305555555557,122.80547222222219,8.3,351.0,2018-10-08 06:20:01,刺网
12481,31.314972222222234,122.80683333333332,8.9,3.0,2018-10-08 06:30:01,刺网
12481,31.337472222222214,122.8100277777778,8.3,0.0,2018-10-08 06:40:01,刺网
12481,31.35958333333333,122.81166666666668,8.1,352.0,2018-10-08 06:50:01,刺网
12481,31.382361111111113,122.80983333333332,8.3,354.0,2018-10-08 07:00:01,刺网
12481,31.40572222222222,122.80855555555556,8.7,356.0,2018-10-08 07:10:01,刺网
12481,31.42888888888889,122.80836111111113,8.5,2.0,2018-10-08 07:20:01,刺网
12481,31.45216666666667,122.80869444444444,8.8,8.0,2018-10-08 07:30:01,刺网
12481,31.47475,122.81352777777781,7.7,12.0,2018-10-08 07:40:01,刺网
12481,31.49805555555556,122.81625,7.4,7.0,2018-10-08 07:50:01,刺网
12481,31.52188888888889,122.81755555555556,8.7,9.0,2018-10-08 08:00:01,刺网
12481,31.548055555555557,122.81516666666668,9.0,357.0,2018-10-08 08:10:01,刺网
12481,31.57086111111111,122.8137777777778,8.7,8.0,2018-10-08 08:20:01,刺网
12481,31.596416666666666,122.8135,9.3,4.0,2018-10-08 08:30:01,刺网
12481,31.61966666666667,122.81336111111106,8.8,1.0,2018-10-08 08:40:01,刺网
12481,31.64333333333333,122.81369444444445,8.5,353.0,2018-10-08 08:50:01,刺网
12481,31.66794444444445,122.81180555555555,9.0,353.0,2018-10-08 09:00:01,刺网
12481,31.69230555555556,122.80994444444444,8.2,347.0,2018-10-08 09:10:01,刺网
12481,31.765555555555554,122.81088888888893,8.2,6.0,2018-10-08 09:40:01,刺网
12481,31.790111111111113,122.80986111111108,9.8,2.0,2018-10-08 09:50:01,刺网
12481,31.81444444444445,122.8089722222222,9.0,3.0,2018-10-08 10:00:01,刺网
12481,31.838555555555555,122.80669444444445,8.6,349.0,2018-10-08 10:10:01,刺网
12481,31.86441666666667,122.8045,8.5,4.0,2018-10-08 10:20:01,刺网
12481,31.887777777777767,122.80508333333331,7.6,1.0,2018-10-08 10:30:01,刺网
12481,31.91252777777777,122.80716666666666,7.9,10.0,2018-10-08 10:40:01,刺网
12481,31.93425,122.80977777777778,9.1,10.0,2018-10-08 10:50:01,刺网
12481,31.957611111111113,122.81219444444444,8.3,11.0,2018-10-08 11:00:01,刺网
12481,31.98011111111111,122.81575,7.8,11.0,2018-10-08 11:10:01,刺网
12481,32.00258333333333,122.82008333333332,8.8,7.0,2018-10-08 11:20:01,刺网
12481,32.025194444444445,122.82369444444444,8.7,359.0,2018-10-08 11:30:01,刺网
12481,32.04836111111111,122.82577777777777,8.6,27.0,2018-10-08 11:40:01,刺网
12481,32.071138888888896,122.82880555555555,8.6,13.0,2018-10-08 11:50:01,刺网
12481,32.093250000000005,122.83419444444445,7.4,20.0,2018-10-08 12:00:01,刺网
12481,32.11502777777778,122.83930555555555,7.4,6.0,2018-10-08 12:10:01,刺网
12481,32.137055555555555,122.84411111111108,8.2,356.0,2018-10-08 12:20:01,刺网
12481,32.15927777777777,122.84930555555556,6.5,4.0,2018-10-08 12:30:01,刺网
12481,32.181666666666665,122.85311111111113,7.7,18.0,2018-10-08 12:40:01,刺网
12481,32.205000000000005,122.85669444444444,8.2,4.0,2018-10-08 12:50:01,刺网
12481,32.22475000000001,122.86272222222222,7.7,350.0,2018-10-08 13:00:01,刺网
12481,32.24616666666667,122.86577777777777,7.6,5.0,2018-10-08 13:10:01,刺网
12481,32.26813888888889,122.87019444444445,8.0,9.0,2018-10-08 13:20:01,刺网
12481,32.30875,122.87733333333333,8.0,9.0,2018-10-08 13:40:01,刺网
12481,32.32944444444445,122.88152777777776,7.3,3.0,2018-10-08 13:50:01,刺网
12481,32.34988888888889,122.88638888888893,8.7,19.0,2018-10-08 14:00:01,刺网
12481,32.36961111111111,122.89336111111112,6.9,12.0,2018-10-08 14:10:01,刺网
12481,32.39044444444444,122.89997222222222,7.2,17.0,2018-10-08 14:20:01,刺网
12481,32.4085,122.90613888888888,7.4,13.0,2018-10-08 14:30:01,刺网
12481,32.42788888888889,122.91269444444444,6.7,24.0,2018-10-08 14:40:01,刺网
12481,32.446194444444444,122.9215,6.7,14.0,2018-10-08 14:50:01,刺网
12481,32.466138888888885,122.93011111111113,7.1,15.0,2018-10-08 15:00:01,刺网
12481,32.48327777777778,122.93811111111113,7.5,19.0,2018-10-08 15:10:01,刺网
12481,32.50141666666667,122.94433333333336,7.2,9.0,2018-10-08 15:20:01,刺网
12481,32.51986111111111,122.94697222222223,6.9,20.0,2018-10-08 15:30:01,刺网
12481,32.538111111111114,122.95322222222224,5.7,19.0,2018-10-08 15:40:01,刺网
12481,32.55602777777778,122.95966666666666,6.8,13.0,2018-10-08 15:50:01,刺网
12481,32.57380555555556,122.96283333333334,9.9,351.0,2018-10-08 16:00:01,刺网
12481,32.59202777777778,122.96608333333332,6.7,5.0,2018-10-08 16:10:01,刺网
12481,32.64205555555555,122.97683333333336,5.9,6.0,2018-10-08 16:40:01,刺网
12481,32.65875,122.98144444444445,6.8,7.0,2018-10-08 16:50:01,刺网
12481,32.675111111111114,122.98636111111112,6.0,24.0,2018-10-08 17:00:01,刺网
12481,32.69225,122.9905,5.7,349.0,2018-10-08 17:10:01,刺网
12481,32.70763888888889,122.99077777777778,5.9,5.0,2018-10-08 17:20:01,刺网
12481,32.72416666666667,122.99016666666668,5.8,343.0,2018-10-08 17:30:01,刺网
12481,32.74077777777778,122.99055555555556,6.3,350.0,2018-10-08 17:40:01,刺网
12481,32.757472222222226,122.99147222222223,6.4,20.0,2018-10-08 17:50:01,刺网
12481,32.774,122.99397222222223,6.1,18.0,2018-10-08 18:00:01,刺网
12481,32.79008333333333,122.99694444444445,4.8,25.0,2018-10-08 18:10:01,刺网
12481,32.80619444444444,123.00108333333333,6.5,6.0,2018-10-08 18:20:01,刺网
12481,32.82308333333334,123.00244444444445,5.6,14.0,2018-10-08 18:30:01,刺网
12481,32.839666666666666,123.00530555555555,5.8,18.0,2018-10-08 18:40:01,刺网
12481,32.856,123.00983333333332,6.7,21.0,2018-10-08 18:50:01,刺网
12481,32.8725,123.01258333333334,7.0,15.0,2018-10-08 19:00:01,刺网
12481,32.88919444444445,123.01594444444444,6.7,349.0,2018-10-08 19:10:01,刺网
12481,32.907250000000005,123.0187777777778,6.3,9.0,2018-10-08 19:20:01,刺网
12481,32.92341666666667,123.02244444444445,6.5,9.0,2018-10-08 19:30:01,刺网
12481,32.94075,123.02677777777778,6.6,12.0,2018-10-08 19:40:01,刺网
12481,32.95841666666667,123.03086111111112,6.2,7.0,2018-10-08 19:50:01,刺网
12481,32.976361111111125,123.03527777777781,6.9,18.0,2018-10-08 20:00:01,刺网
12481,32.99472222222221,123.04119444444444,6.5,7.0,2018-10-08 20:10:01,刺网
12481,33.012722222222216,123.04519444444445,6.1,35.0,2018-10-08 20:20:01,刺网
12481,33.03194444444444,123.04980555555555,7.7,348.0,2018-10-08 20:30:01,刺网
12481,33.048611111111114,123.05983333333332,6.7,37.0,2018-10-08 20:40:01,刺网
12481,33.06413888888889,123.07258333333333,6.5,35.0,2018-10-08 20:50:01,刺网
12481,33.080472222222234,123.08519444444444,7.2,35.0,2018-10-08 21:00:01,刺网
12481,33.097472222222216,123.09663888888888,8.0,15.0,2018-10-08 21:10:01,刺网
12481,33.11469444444445,123.10783333333332,7.4,40.0,2018-10-08 21:20:01,刺网
12481,33.136805555555554,123.11430555555555,8.5,4.0,2018-10-08 21:30:01,刺网
12481,33.157361111111115,123.11930555555556,7.7,20.0,2018-10-08 21:40:01,刺网
12481,33.18,123.12261111111107,8.3,15.0,2018-10-08 21:50:01,刺网
12481,33.20233333333333,123.12786111111107,8.0,10.0,2018-10-08 22:00:01,刺网
12481,33.225972222222225,123.13169444444445,8.3,11.0,2018-10-08 22:10:01,刺网
12481,33.25047222222222,123.1335,8.8,12.0,2018-10-08 22:20:01,刺网
12481,33.300666666666665,123.13838888888893,9.0,13.0,2018-10-08 22:40:01,刺网
12481,33.32633333333334,123.14069444444445,8.8,2.0,2018-10-08 22:50:01,刺网
12481,33.352694444444445,123.14122222222224,9.5,3.0,2018-10-08 23:00:01,刺网
12481,33.37883333333333,123.14066666666668,9.8,330.0,2018-10-08 23:10:01,刺网
12481,33.405194444444454,123.14094444444444,9.1,352.0,2018-10-08 23:20:01,刺网
12481,33.43183333333333,123.14313888888893,9.9,11.0,2018-10-08 23:30:01,刺网
12481,33.45991666666667,123.14644444444444,9.9,356.0,2018-10-08 23:40:01,刺网
12481,33.48513888888889,123.1465,10.1,4.0,2018-10-08 23:50:01,刺网
12481,34.94186111111111,124.04255555555555,1.1,37.0,2018-10-09 00:00:01,刺网
12481,33.53941666666667,123.14955555555555,9.9,7.0,2018-10-09 00:10:01,刺网
12481,33.56633333333333,123.15169444444444,10.0,2.0,2018-10-09 00:20:01,刺网
12481,33.592666666666666,123.15469444444444,9.8,357.0,2018-10-09 00:30:01,刺网
12481,33.619,123.1565,9.9,10.0,2018-10-09 00:40:01,刺网
12481,33.6455,123.15913888888888,9.4,8.0,2018-10-09 00:50:01,刺网
12481,33.67102777777778,123.16863888888888,8.6,17.0,2018-10-09 01:00:01,刺网
12481,33.696444444444445,123.17863888888887,9.7,19.0,2018-10-09 01:10:01,刺网
12481,33.72077777777777,123.19194444444445,9.9,27.0,2018-10-09 01:20:01,刺网
12481,33.745888888888885,123.203,9.7,25.0,2018-10-09 01:30:01,刺网
12481,33.76986111111111,123.21686111111113,9.2,25.0,2018-10-09 01:40:01,刺网
12481,33.79475,123.23266666666667,9.5,14.0,2018-10-09 01:50:01,刺网
12481,33.81877777777778,123.23997222222219,9.8,10.0,2018-10-09 02:00:01,刺网
12481,33.84425,123.25013888888887,10.4,11.0,2018-10-09 02:10:01,刺网
12481,33.87013888888889,123.26094444444445,9.7,20.0,2018-10-09 02:20:01,刺网
12481,33.89666666666667,123.26947222222222,9.8,10.0,2018-10-09 02:30:01,刺网
12481,33.92322222222221,123.27563888888888,9.4,13.0,2018-10-09 02:40:01,刺网
12481,33.94936111111111,123.28222222222222,9.4,7.0,2018-10-09 02:50:01,刺网
12481,33.975138888888885,123.28994444444444,8.9,11.0,2018-10-09 03:00:01,刺网
12481,34.00052777777777,123.29883333333332,8.9,8.0,2018-10-09 03:10:01,刺网
12481,34.02586111111111,123.30736111111106,9.3,10.0,2018-10-09 03:20:01,刺网
12481,34.05086111111111,123.31386111111112,8.9,13.0,2018-10-09 03:30:01,刺网
12481,34.074722222222235,123.32005555555556,9.0,22.0,2018-10-09 03:40:01,刺网
12481,34.09766666666667,123.33197222222222,8.7,27.0,2018-10-09 03:50:01,刺网
12481,34.1175,123.34975,9.4,81.0,2018-10-09 04:00:01,刺网
12481,34.13577777777777,123.36558333333332,8.6,9.0,2018-10-09 04:10:01,刺网
12481,34.158944444444444,123.37419444444444,8.5,13.0,2018-10-09 04:20:01,刺网
12481,34.18194444444444,123.37983333333332,9.2,27.0,2018-10-09 04:30:01,刺网
12481,34.204194444444454,123.38955555555556,8.5,12.0,2018-10-09 04:40:01,刺网
12481,34.22591666666667,123.39858333333332,8.1,24.0,2018-10-09 04:50:01,刺网
12481,34.24727777777777,123.40783333333334,8.3,19.0,2018-10-09 05:00:01,刺网
12481,34.2685,123.41894444444445,8.3,21.0,2018-10-09 05:10:01,刺网
12481,34.28933333333333,123.42880555555556,7.8,19.0,2018-10-09 05:20:01,刺网
12481,34.30963888888889,123.44030555555555,8.2,39.0,2018-10-09 05:30:01,刺网
12481,34.328833333333336,123.45416666666668,8.1,28.0,2018-10-09 05:40:01,刺网
12481,34.349027777777785,123.46755555555555,7.9,19.0,2018-10-09 05:50:01,刺网
12481,34.37061111111111,123.47863888888888,8.2,13.0,2018-10-09 06:00:01,刺网
12481,34.392027777777784,123.48952777777778,8.2,23.0,2018-10-09 06:10:01,刺网
12481,34.41158333333333,123.50211111111112,8.5,30.0,2018-10-09 06:20:01,刺网
12481,34.432138888888886,123.51686111111113,8.3,29.0,2018-10-09 06:30:01,刺网
12481,34.45133333333333,123.53161111111108,7.9,26.0,2018-10-09 06:40:01,刺网
12481,34.47044444444445,123.54569444444445,7.9,33.0,2018-10-09 06:50:01,刺网
12481,34.4885,123.56055555555555,7.8,33.0,2018-10-09 07:00:01,刺网
12481,34.50619444444445,123.57477777777778,7.7,43.0,2018-10-09 07:10:01,刺网
12481,34.52477777777778,123.58766666666666,7.8,31.0,2018-10-09 07:20:01,刺网
12481,34.542611111111114,123.60294444444445,8.1,34.0,2018-10-09 07:30:01,刺网
12481,34.56086111111111,123.61775,8.0,37.0,2018-10-09 07:40:01,刺网
12481,34.57869444444445,123.63327777777776,8.2,32.0,2018-10-09 07:50:01,刺网
12481,34.59638888888889,123.64797222222224,7.7,45.0,2018-10-09 08:00:01,刺网
12481,34.61394444444444,123.66252777777778,7.3,42.0,2018-10-09 08:10:01,刺网
12481,34.633361111111114,123.67658333333334,8.0,27.0,2018-10-09 08:20:01,刺网
12481,34.67052777777778,123.70019444444445,7.8,30.0,2018-10-09 08:40:01,刺网
12481,34.68991666666666,123.71308333333332,8.1,32.0,2018-10-09 08:50:01,刺网
12481,34.7081388888889,123.72925,8.2,43.0,2018-10-09 09:00:01,刺网
12481,34.725,123.74905555555556,8.1,43.0,2018-10-09 09:10:01,刺网
12481,34.74219444444444,123.76636111111112,8.7,43.0,2018-10-09 09:20:01,刺网
12481,34.76072222222222,123.78558333333332,8.4,50.0,2018-10-09 09:30:01,刺网
12481,34.77558333333334,123.80588888888887,8.5,52.0,2018-10-09 09:40:01,刺网
12481,34.79119444444444,123.8275,8.4,48.0,2018-10-09 09:50:01,刺网
12481,34.80744444444444,123.84963888888888,9.1,49.0,2018-10-09 10:00:01,刺网
12481,34.831500000000005,123.86327777777777,9.9,18.0,2018-10-09 10:10:01,刺网
12481,34.85947222222223,123.86430555555555,7.9,1.0,2018-10-09 10:20:01,刺网
12481,34.86786111111111,123.88991666666668,8.8,80.0,2018-10-09 10:30:01,刺网
12481,34.86966666666667,123.91733333333332,8.5,85.0,2018-10-09 10:40:01,刺网
12481,34.871944444444445,123.94675,8.7,87.0,2018-10-09 10:50:01,刺网
12481,34.8745,123.97633333333332,8.7,88.0,2018-10-09 11:00:01,刺网
12481,34.87705555555556,124.00608333333332,8.8,85.0,2018-10-09 11:10:01,刺网
12481,34.880555555555546,124.03575,8.6,81.0,2018-10-09 11:20:01,刺网
12481,34.88575,124.06527777777778,7.9,71.0,2018-10-09 11:30:01,刺网
12481,34.91038888888889,124.06988888888893,8.9,16.0,2018-10-09 11:40:01,刺网
12481,34.93530555555556,124.07988888888887,9.4,32.0,2018-10-09 11:50:01,刺网
12481,34.96152777777778,124.08038888888888,9.3,4.0,2018-10-09 12:00:01,刺网
12481,34.972611111111114,124.08133333333332,6.3,167.0,2018-10-09 12:10:01,刺网
12481,34.955361111111124,124.08072222222222,7.2,186.0,2018-10-09 12:20:01,刺网
12481,34.94022222222222,124.07930555555555,3.7,219.0,2018-10-09 12:30:01,刺网
12481,34.933861111111106,124.07238888888894,2.3,12.0,2018-10-09 12:40:01,刺网
12481,34.938777777777766,124.07302777777777,1.9,351.0,2018-10-09 12:50:01,刺网
12481,34.94361111111111,124.07386111111107,1.5,29.0,2018-10-09 13:00:01,刺网
12481,34.94794444444444,124.07455555555555,1.7,355.0,2018-10-09 13:10:01,刺网
12481,34.944611111111115,124.07894444444445,7.7,170.0,2018-10-09 13:20:01,刺网
12481,34.947805555555554,124.0812777777778,1.3,11.0,2018-10-09 13:30:01,刺网
12481,34.952972222222236,124.08041666666666,1.7,7.0,2018-10-09 13:40:01,刺网
12481,34.95988888888889,124.08061111111112,9.2,30.0,2018-10-09 13:50:01,刺网
12481,34.99277777777778,124.09291666666664,1.8,175.0,2018-10-09 14:10:01,刺网
12481,34.99069444444445,124.0925277777778,1.6,178.0,2018-10-09 14:20:01,刺网
12481,34.987750000000005,124.09266666666667,0.8,173.0,2018-10-09 14:30:01,刺网
12481,34.98488888888889,124.09294444444444,1.3,167.0,2018-10-09 14:40:01,刺网
12481,34.98180555555556,124.09344444444444,0.4,132.0,2018-10-09 14:50:01,刺网
12481,34.97938888888889,124.09383333333332,0.9,148.0,2018-10-09 15:00:01,刺网
12481,34.97680555555556,124.094,1.5,173.0,2018-10-09 15:10:01,刺网
12481,34.974444444444444,124.09408333333332,0.9,165.0,2018-10-09 15:20:01,刺网
12481,34.97202777777778,124.0937222222222,1.3,238.0,2018-10-09 15:30:01,刺网
12481,34.97002777777778,124.09361111111107,1.3,177.0,2018-10-09 15:40:01,刺网
12481,34.96744444444445,124.09305555555555,1.1,210.0,2018-10-09 15:50:01,刺网
12481,34.964694444444454,124.09272222222219,0.8,215.0,2018-10-09 16:00:01,刺网
12481,34.964694444444454,124.09272222222219,0.8,215.0,2018-10-09 16:10:01,刺网
12481,34.95894444444445,124.0915,1.5,165.0,2018-10-09 16:20:01,刺网
12481,34.95544444444445,124.09069444444445,1.1,112.0,2018-10-09 16:30:01,刺网
12481,34.952138888888896,124.08952777777776,1.5,205.0,2018-10-09 16:40:01,刺网
12481,34.94897222222223,124.08913888888887,1.4,190.0,2018-10-09 16:50:01,刺网
12481,34.94647222222222,124.08844444444445,1.7,190.0,2018-10-09 17:00:01,刺网
12481,34.94377777777777,124.08719444444445,1.4,153.0,2018-10-09 17:10:01,刺网
12481,34.940416666666664,124.0859722222222,1.0,193.0,2018-10-09 17:20:01,刺网
12481,34.937111111111115,124.08533333333334,1.4,187.0,2018-10-09 17:30:01,刺网
12481,34.93372222222221,124.08383333333332,1.0,164.0,2018-10-09 17:40:01,刺网
12481,34.93002777777778,124.08327777777777,1.7,253.0,2018-10-09 17:50:01,刺网
12481,34.926611111111114,124.08166666666666,1.5,193.0,2018-10-09 18:00:01,刺网
12481,34.923138888888886,124.08133333333332,1.1,181.0,2018-10-09 18:10:01,刺网
12481,34.919999999999995,124.08080555555556,2.0,199.0,2018-10-09 18:20:01,刺网
12481,34.91677777777777,124.0787222222222,1.5,198.0,2018-10-09 18:30:01,刺网
12481,34.909416666666665,124.07555555555555,1.3,184.0,2018-10-09 18:50:01,刺网
12481,34.905166666666666,124.07433333333331,1.8,176.0,2018-10-09 19:00:01,刺网
12481,34.90091666666667,124.07286111111112,1.5,191.0,2018-10-09 19:10:01,刺网
12481,34.89752777777778,124.07147222222223,1.2,193.0,2018-10-09 19:20:01,刺网
12481,34.89355555555555,124.07013888888888,1.6,213.0,2018-10-09 19:30:01,刺网
12481,34.88997222222222,124.06844444444445,1.8,195.0,2018-10-09 19:40:01,刺网
12481,34.8865,124.06733333333332,2.2,179.0,2018-10-09 19:50:01,刺网
12481,34.882888888888886,124.06661111111107,3.0,178.0,2018-10-09 20:00:01,刺网
12481,34.87991666666667,124.06472222222222,0.6,0.0,2018-10-09 20:10:01,刺网
12481,34.876888888888885,124.06333333333332,1.5,0.0,2018-10-09 20:20:01,刺网
12481,34.874277777777785,124.06233333333331,1.1,163.0,2018-10-09 20:30:01,刺网
12481,34.87183333333333,124.06094444444444,0.7,188.0,2018-10-09 20:40:01,刺网
12481,34.869777777777784,124.05969444444445,2.6,219.0,2018-10-09 20:50:01,刺网
12481,34.86922222222222,124.05688888888888,7.1,338.0,2018-10-09 21:00:01,刺网
12481,34.874555555555546,124.03833333333333,2.4,310.0,2018-10-09 21:10:01,刺网
12481,34.887194444444454,124.03708333333331,7.2,9.0,2018-10-09 21:20:01,刺网
12481,34.905972222222225,124.04013888888888,7.2,16.0,2018-10-09 21:30:01,刺网
12481,34.92572222222222,124.03866666666669,7.1,351.0,2018-10-09 21:40:01,刺网
12481,34.94313888888889,124.03861111111112,1.6,136.0,2018-10-09 21:50:01,刺网
12481,34.94158333333333,124.04102777777777,0.8,64.0,2018-10-09 22:00:01,刺网
12481,34.94222222222222,124.04144444444445,0.5,285.0,2018-10-09 22:10:01,刺网
12481,34.94266666666666,124.04158333333334,0.7,308.0,2018-10-09 22:20:01,刺网
12481,34.942527777777784,124.04152777777777,0.5,60.0,2018-10-09 22:30:01,刺网
12481,34.94213888888889,124.04141666666666,0.4,0.0,2018-10-09 22:40:01,刺网
12481,34.941944444444445,124.04138888888887,0.4,319.0,2018-10-09 22:50:01,刺网
12481,34.94208333333333,124.0415,0.3,265.0,2018-10-09 23:00:01,刺网
12481,34.94197222222222,124.0415,0.4,0.0,2018-10-09 23:10:01,刺网
12481,34.94199999999999,124.04155555555555,1.2,268.0,2018-10-09 23:20:01,刺网
12481,34.94202777777777,124.04155555555555,0.6,240.0,2018-10-09 23:30:01,刺网
12481,34.941916666666664,124.04169444444445,1.7,123.0,2018-10-09 23:40:01,刺网
12481,34.94172222222222,124.04213888888887,0.8,150.0,2018-10-09 23:50:01,刺网
12481,34.940583333333336,124.04466666666666,0.3,0.0,2018-10-10 00:00:01,刺网
12481,34.941916666666664,124.04269444444445,1.0,183.0,2018-10-10 00:10:01,刺网
12481,34.94205555555555,124.04286111111112,0.5,279.0,2018-10-10 00:20:01,刺网
12481,34.94202777777777,124.04291666666666,0.8,142.0,2018-10-10 00:30:01,刺网
12481,34.94208333333333,124.04311111111113,1.4,219.0,2018-10-10 00:40:01,刺网
12481,34.94213888888889,124.04327777777776,1.5,283.0,2018-10-10 00:50:01,刺网
12481,34.941944444444445,124.04347222222222,0.7,118.0,2018-10-10 01:00:01,刺网
12481,34.941944444444445,124.04358333333332,0.4,0.0,2018-10-10 01:10:01,刺网
12481,34.941888888888876,124.0437222222222,1.2,109.0,2018-10-10 01:20:01,刺网
12481,34.94138888888889,124.04461111111112,1.5,38.0,2018-10-10 01:30:01,刺网
12481,34.94072222222222,124.04625,1.1,42.0,2018-10-10 01:40:01,刺网
12481,34.940194444444444,124.04755555555555,1.1,38.0,2018-10-10 01:50:01,刺网
12481,34.94025,124.04780555555556,1.4,158.0,2018-10-10 02:00:01,刺网
12481,34.94008333333333,124.04786111111113,1.1,159.0,2018-10-10 02:10:01,刺网
12481,34.93988888888888,124.04780555555556,0.5,191.0,2018-10-10 02:20:01,刺网
12481,34.93969444444444,124.04769444444445,1.2,277.0,2018-10-10 02:30:01,刺网
12481,34.93952777777777,124.04755555555555,1.0,148.0,2018-10-10 02:40:01,刺网
12481,34.93933333333333,124.04744444444445,0.5,218.0,2018-10-10 02:50:01,刺网
12481,34.93908333333333,124.04719444444444,1.2,216.0,2018-10-10 03:00:01,刺网
12481,34.93922222222222,124.04766666666669,1.0,234.0,2018-10-10 03:10:01,刺网
12481,34.93905555555555,124.04769444444445,1.1,176.0,2018-10-10 03:20:01,刺网
12481,34.938694444444444,124.04744444444445,1.1,229.0,2018-10-10 03:30:01,刺网
12481,34.93875,124.04775,1.3,166.0,2018-10-10 03:40:01,刺网
12481,34.938611111111115,124.04772222222222,0.8,106.0,2018-10-10 03:50:01,刺网
12481,34.93841666666667,124.04744444444445,1.0,253.0,2018-10-10 04:00:01,刺网
12481,34.938361111111114,124.04752777777777,0.5,0.0,2018-10-10 04:10:01,刺网
12481,34.938361111111114,124.04763888888887,1.2,192.0,2018-10-10 04:20:01,刺网
12481,34.93819444444444,124.04727777777778,2.0,241.0,2018-10-10 04:30:01,刺网
12481,34.938111111111105,124.04713888888894,1.2,172.0,2018-10-10 04:40:01,刺网
12481,34.93797222222222,124.04705555555556,0.5,0.0,2018-10-10 04:50:01,刺网
12481,34.93783333333333,124.04711111111112,0.5,0.0,2018-10-10 05:00:01,刺网
12481,34.93980555555555,124.04608333333331,3.0,0.0,2018-10-10 05:10:01,刺网
12481,34.93102777777778,124.04294444444444,10.2,195.0,2018-10-10 05:20:01,刺网
12481,34.88111111111111,124.04261111111113,9.6,166.0,2018-10-10 05:40:01,刺网
12481,34.8555,124.04302777777777,8.3,172.0,2018-10-10 05:50:01,刺网
12481,34.803916666666666,124.04858333333333,9.5,174.0,2018-10-10 06:10:01,刺网
12481,34.80358333333333,124.04544444444444,3.6,315.0,2018-10-10 06:20:01,刺网
12481,34.81036111111111,124.03480555555555,4.2,348.0,2018-10-10 06:30:01,刺网
12481,34.81652777777778,124.02602777777778,3.7,290.0,2018-10-10 06:40:01,刺网
12481,34.821027777777786,124.01688888888887,2.4,193.0,2018-10-10 06:50:01,刺网
12481,34.81433333333333,124.01522222222222,2.4,162.0,2018-10-10 07:00:01,刺网
12481,34.8075,124.01308333333333,2.0,159.0,2018-10-10 07:10:01,刺网
12481,34.80094444444444,124.01100000000001,1.9,166.0,2018-10-10 07:20:01,刺网
12481,34.794111111111114,124.00838888888893,1.4,195.0,2018-10-10 07:30:01,刺网
12481,34.78783333333333,124.00563888888892,1.2,252.0,2018-10-10 07:40:01,刺网
12481,34.78177777777777,124.00294444444445,1.5,176.0,2018-10-10 07:50:01,刺网
12481,34.77538888888889,123.99977777777778,2.7,199.0,2018-10-10 08:00:01,刺网
12481,34.769,123.99686111111113,2.1,181.0,2018-10-10 08:10:01,刺网
12481,34.76341666666667,123.99380555555555,2.5,203.0,2018-10-10 08:20:01,刺网
12481,34.75752777777778,123.99011111111106,2.4,217.0,2018-10-10 08:30:01,刺网
12481,34.76236111111111,123.99880555555555,5.5,30.0,2018-10-10 08:40:01,刺网
12481,34.77163888888889,124.01194444444445,5.4,55.0,2018-10-10 08:50:01,刺网
12481,34.773361111111114,124.02316666666668,1.5,0.0,2018-10-10 09:00:01,刺网
12481,34.761944444444445,124.02966666666666,3.8,324.0,2018-10-10 09:10:01,刺网
12481,34.76386111111111,124.02916666666668,0.8,205.0,2018-10-10 09:20:01,刺网
12481,34.76461111111111,124.02816666666666,1.0,102.0,2018-10-10 09:30:01,刺网
12481,34.76555555555556,124.02663888888887,2.0,150.0,2018-10-10 09:40:01,刺网
12481,34.76675,124.02416666666666,0.8,311.0,2018-10-10 09:50:01,刺网
12481,34.76891666666667,124.02261111111108,1.3,313.0,2018-10-10 10:00:01,刺网
12481,34.77308333333333,124.01691666666666,1.0,217.0,2018-10-10 10:20:01,刺网
12481,34.775666666666666,124.01683333333334,1.8,110.0,2018-10-10 10:30:01,刺网
12481,34.778666666666666,124.01708333333332,1.2,56.0,2018-10-10 10:40:01,刺网
12481,34.78088888888889,124.01630555555555,3.5,327.0,2018-10-10 10:50:01,刺网
12481,34.78322222222222,124.01536111111112,1.0,203.0,2018-10-10 11:00:01,刺网
12481,34.785916666666665,124.01541666666668,0.7,18.0,2018-10-10 11:10:01,刺网
12481,34.788666666666664,124.01625,2.0,18.0,2018-10-10 11:20:01,刺网
12481,34.791916666666665,124.01733333333333,2.4,83.0,2018-10-10 11:30:01,刺网
12481,34.795472222222216,124.01811111111112,1.8,18.0,2018-10-10 11:40:01,刺网
12481,34.799,124.01916666666666,1.3,20.0,2018-10-10 11:50:01,刺网
12481,34.80222222222222,124.0205,1.0,42.0,2018-10-10 12:00:01,刺网
12481,34.80469444444444,124.02055555555555,2.9,336.0,2018-10-10 12:10:01,刺网
12481,34.80786111111111,124.01955555555556,1.5,283.0,2018-10-10 12:20:01,刺网
12481,34.810944444444445,124.01927777777777,2.6,345.0,2018-10-10 12:30:01,刺网
12481,34.826222222222235,124.0227777777778,6.6,23.0,2018-10-10 12:40:01,刺网
12481,34.82969444444445,124.02541666666666,0.7,0.0,2018-10-10 12:50:01,刺网
12481,34.83080555555556,124.02613888888888,0.7,0.0,2018-10-10 13:00:01,刺网
12481,34.83394444444445,124.02797222222222,1.9,5.0,2018-10-10 13:10:01,刺网
12481,34.83855555555556,124.02952777777777,3.1,66.0,2018-10-10 13:20:01,刺网
12481,34.84136111111111,124.02775,5.9,299.0,2018-10-10 13:30:01,刺网
12481,34.84880555555556,124.01811111111112,1.0,0.0,2018-10-10 13:40:01,刺网
12481,34.85438888888889,124.01763888888887,3.0,313.0,2018-10-10 13:50:01,刺网
12481,34.86258333333334,124.01527777777778,3.0,7.0,2018-10-10 14:00:01,刺网
12481,34.86961111111111,124.01172222222223,2.1,336.0,2018-10-10 14:10:01,刺网
12481,34.87119444444445,124.01741666666666,3.1,123.0,2018-10-10 14:30:01,刺网
12481,34.86541666666667,124.02130555555556,1.6,129.0,2018-10-10 14:40:01,刺网
12481,34.85461111111111,124.02966666666666,7.9,158.0,2018-10-10 14:50:01,刺网
12481,34.85125,124.03308333333332,1.7,147.0,2018-10-10 15:00:01,刺网
12481,34.850194444444455,124.03311111111113,1.1,232.0,2018-10-10 15:10:01,刺网
12481,34.84883333333333,124.03358333333333,0.7,0.0,2018-10-10 15:20:01,刺网
12481,34.849972222222235,124.03363888888887,2.6,268.0,2018-10-10 15:30:01,刺网
12481,34.85108333333333,124.03391666666666,1.0,188.0,2018-10-10 15:40:01,刺网
12481,34.85005555555556,124.03325,1.5,206.0,2018-10-10 15:50:01,刺网
12481,34.849805555555555,124.03308333333332,3.3,233.0,2018-10-10 16:00:01,刺网
12481,34.86038888888889,124.03330555555556,6.1,21.0,2018-10-10 16:10:01,刺网
12481,34.86569444444445,124.03733333333334,1.1,271.0,2018-10-10 16:20:01,刺网
12481,34.86413888888889,124.03627777777778,0.9,85.0,2018-10-10 16:30:01,刺网
12481,34.861972222222235,124.03594444444445,1.1,95.0,2018-10-10 16:40:01,刺网
12481,34.859527777777785,124.03541666666666,0.6,0.0,2018-10-10 16:50:01,刺网
12481,34.85947222222223,124.03369444444445,2.4,16.0,2018-10-10 17:00:01,刺网
12481,34.862472222222216,124.03416666666666,1.1,196.0,2018-10-10 17:10:01,刺网
12481,34.86133333333333,124.03513888888888,1.1,66.0,2018-10-10 17:20:01,刺网
12481,34.86086111111111,124.03447222222222,1.1,142.0,2018-10-10 17:30:01,刺网
12481,34.86011111111111,124.03447222222222,0.7,6.0,2018-10-10 17:40:01,刺网
12481,34.859750000000005,124.03483333333332,1.0,34.0,2018-10-10 17:50:01,刺网
12481,34.85944444444445,124.0345,0.9,234.0,2018-10-10 18:00:01,刺网
12481,34.85877777777777,124.0337777777778,1.0,172.0,2018-10-10 18:10:01,刺网
12481,34.85738888888889,124.03375,0.5,0.0,2018-10-10 18:20:01,刺网
12481,34.856611111111114,124.03294444444445,0.6,130.0,2018-10-10 18:30:01,刺网
12481,34.85652777777778,124.03280555555556,0.5,11.0,2018-10-10 18:40:01,刺网
12481,34.855694444444445,124.03225,0.6,274.0,2018-10-10 18:50:01,刺网
12481,34.85494444444444,124.03188888888887,1.0,166.0,2018-10-10 19:00:01,刺网
12481,34.85494444444444,124.03188888888887,2.0,174.0,2018-10-10 19:10:01,刺网
12481,34.854444444444454,124.03144444444445,1.4,226.0,2018-10-10 19:20:01,刺网
12481,34.85377777777778,124.03116666666668,0.7,231.0,2018-10-10 19:30:01,刺网
12481,34.85291666666667,124.03058333333333,0.9,179.0,2018-10-10 19:40:01,刺网
12481,34.852000000000004,124.03036111111112,0.6,207.0,2018-10-10 19:50:01,刺网
12481,34.85063888888889,124.02963888888887,0.5,0.0,2018-10-10 20:00:01,刺网
12481,34.852861111111125,124.02875,4.4,31.0,2018-10-10 20:10:01,刺网
12481,34.86508333333334,124.03283333333334,1.9,38.0,2018-10-10 20:20:01,刺网
12481,34.863638888888886,124.03280555555556,1.5,133.0,2018-10-10 20:30:01,刺网
12481,34.85969444444445,124.03027777777778,1.6,0.0,2018-10-10 20:40:01,刺网
12481,34.85708333333333,124.02730555555556,2.7,0.0,2018-10-10 20:50:01,刺网
12481,34.86011111111111,124.0287777777778,1.6,118.0,2018-10-10 21:00:01,刺网
12481,34.86022222222222,124.02863888888888,0.3,309.0,2018-10-10 21:10:01,刺网
12481,34.860972222222216,124.02869444444444,0.5,338.0,2018-10-10 21:20:01,刺网
12481,34.861972222222235,124.02799999999999,1.6,285.0,2018-10-10 21:30:01,刺网
12481,34.863083333333336,124.02713888888887,1.4,119.0,2018-10-10 21:40:01,刺网
12481,34.86475000000001,124.02680555555555,1.1,318.0,2018-10-10 21:50:01,刺网
12481,34.866444444444454,124.02641666666666,1.3,131.0,2018-10-10 22:00:01,刺网
12481,34.86841666666667,124.02633333333333,1.4,193.0,2018-10-10 22:10:01,刺网
12481,34.870666666666665,124.02663888888887,1.3,18.0,2018-10-10 22:20:01,刺网
12481,34.8705,124.02680555555555,1.6,205.0,2018-10-10 22:30:01,刺网
12481,34.87608333333333,124.02894444444445,5.1,6.0,2018-10-10 22:40:01,刺网
12481,34.888277777777766,124.03341666666668,5.0,343.0,2018-10-10 22:50:01,刺网
12481,34.90008333333333,124.03686111111112,4.5,14.0,2018-10-10 23:00:01,刺网
12481,34.91313888888889,124.0397222222222,4.3,355.0,2018-10-10 23:10:01,刺网
12481,34.92883333333333,124.04180555555556,5.2,8.0,2018-10-10 23:20:01,刺网
12481,34.94225,124.04213888888887,2.9,19.0,2018-10-10 23:30:01,刺网
12481,34.940583333333336,124.04338888888893,0.8,163.0,2018-10-10 23:40:01,刺网
12481,34.940666666666665,124.04463888888887,1.5,244.0,2018-10-10 23:50:01,刺网
12481,35.00775,123.86741666666666,8.5,266.0,2018-10-11 00:00:01,刺网
12481,34.940999999999995,124.04508333333334,1.5,20.0,2018-10-11 00:10:01,刺网
12481,34.941111111111105,124.04516666666667,3.3,196.0,2018-10-11 00:20:01,刺网
12481,34.94119444444444,124.04525,0.3,0.0,2018-10-11 00:30:01,刺网
12481,34.941555555555546,124.04547222222222,0.8,338.0,2018-10-11 00:40:01,刺网
12481,34.94183333333333,124.04561111111113,1.1,143.0,2018-10-11 00:50:01,刺网
12481,34.85491666666667,124.03241666666666,1.0,76.0,2018-10-11 12:41:09,刺网
12481,34.85588888888889,124.03330555555556,1.9,14.0,2018-10-11 12:51:09,刺网
12481,34.85713888888889,124.03402777777777,0.4,3.0,2018-10-11 13:00:01,刺网
12481,34.86538888888889,124.02652777777777,8.2,319.0,2018-10-11 13:10:01,刺网
12481,34.88458333333333,124.01155555555556,8.1,334.0,2018-10-11 13:20:01,刺网
12481,34.904361111111115,124.00097222222222,1.0,309.0,2018-10-11 13:30:01,刺网
12481,34.89544444444444,124.01883333333332,7.7,124.0,2018-10-11 13:40:01,刺网
12481,34.884750000000004,124.03738888888893,1.9,324.0,2018-10-11 13:50:01,刺网
12481,34.88644444444444,124.03802777777777,1.0,28.0,2018-10-11 14:00:01,刺网
12481,34.89008333333334,124.03791666666666,2.3,344.0,2018-10-11 14:10:01,刺网
12481,34.89330555555556,124.03827777777781,1.1,197.0,2018-10-11 14:20:01,刺网
12481,34.895111111111106,124.03905555555555,0.5,53.0,2018-10-11 14:30:01,刺网
12481,34.896972222222225,124.04044444444445,2.8,28.0,2018-10-11 14:40:01,刺网
12481,34.90047222222222,124.0407777777778,1.8,25.0,2018-10-11 14:50:01,刺网
12481,34.904472222222225,124.0405,1.2,29.0,2018-10-11 15:00:01,刺网
12481,34.90683333333333,124.04188888888888,4.4,42.0,2018-10-11 15:10:01,刺网
12481,34.91,124.04133333333333,3.3,332.0,2018-10-11 15:20:01,刺网
12481,34.91316666666666,124.04238888888894,1.7,340.0,2018-10-11 15:30:01,刺网
12481,34.91613888888889,124.04175,1.7,39.0,2018-10-11 15:40:01,刺网
12481,34.919305555555546,124.04205555555555,1.1,0.0,2018-10-11 15:50:01,刺网
12481,34.9225,124.04188888888888,1.6,0.0,2018-10-11 16:00:01,刺网
12481,34.9225,124.04188888888888,1.6,0.0,2018-10-11 16:10:01,刺网
12481,34.92775,124.04216666666666,1.0,0.0,2018-10-11 16:20:01,刺网
12481,34.92986111111111,124.04172222222223,1.5,333.0,2018-10-11 16:30:01,刺网
12481,34.93233333333333,124.0419722222222,1.1,72.0,2018-10-11 16:40:01,刺网
12481,34.93652777777777,124.04230555555556,1.7,19.0,2018-10-11 17:00:01,刺网
12481,34.9385,124.04177777777778,1.3,331.0,2018-10-11 17:10:01,刺网
12481,34.94013888888889,124.04186111111113,0.7,19.0,2018-10-11 17:20:01,刺网
12481,34.94199999999999,124.0419722222222,1.0,315.0,2018-10-11 17:30:01,刺网
12481,34.944111111111106,124.04163888888887,1.5,47.0,2018-10-11 17:40:01,刺网
12481,34.94530555555556,124.04138888888887,1.3,87.0,2018-10-11 17:50:01,刺网
12481,34.94649999999999,124.04130555555555,1.8,338.0,2018-10-11 18:00:01,刺网
12481,34.94783333333333,124.0409722222222,1.0,0.0,2018-10-11 18:10:01,刺网
12481,34.94813888888889,124.04088888888887,1.2,213.0,2018-10-11 18:20:01,刺网
12481,34.94916666666666,124.04066666666668,1.2,21.0,2018-10-11 18:30:01,刺网
12481,34.94975,124.04030555555555,0.8,0.0,2018-10-11 18:40:01,刺网
12481,34.95111111111111,124.04008333333331,0.8,45.0,2018-10-11 18:50:01,刺网
12481,34.95055555555556,124.03994444444444,2.7,255.0,2018-10-11 19:00:01,刺网
12481,34.962861111111124,124.03616666666667,6.0,336.0,2018-10-11 19:10:01,刺网
12481,34.97705555555556,124.03536111111113,5.0,3.0,2018-10-11 19:20:01,刺网
12481,34.98886111111111,124.03541666666666,1.6,327.0,2018-10-11 19:30:01,刺网
12481,34.98636111111111,124.03591666666668,0.7,277.0,2018-10-11 19:40:01,刺网
12481,34.98636111111111,124.036,0.5,145.0,2018-10-11 19:50:01,刺网
12481,34.98636111111111,124.03605555555555,0.9,119.0,2018-10-11 20:00:01,刺网
12481,34.98636111111111,124.03588888888888,0.7,0.0,2018-10-11 20:10:01,刺网
12481,34.986444444444444,124.03591666666668,0.6,0.0,2018-10-11 20:20:01,刺网
12481,34.98622222222223,124.03577777777777,0.2,0.0,2018-10-11 20:30:01,刺网
12481,34.98619444444445,124.03580555555556,1.1,257.0,2018-10-11 20:40:01,刺网
12481,34.98616666666667,124.03566666666666,0.7,295.0,2018-10-11 20:50:01,刺网
12481,34.98616666666667,124.03558333333332,0.2,0.0,2018-10-11 21:00:01,刺网
12481,34.98616666666667,124.03561111111112,0.9,290.0,2018-10-11 21:10:01,刺网
12481,34.98616666666667,124.03558333333332,1.6,5.0,2018-10-11 21:20:01,刺网
12481,34.98616666666667,124.0355,0.3,201.0,2018-10-11 21:30:01,刺网
12481,34.98616666666667,124.03563888888887,1.3,292.0,2018-10-11 21:50:01,刺网
12481,34.98616666666667,124.03563888888887,0.3,0.0,2018-10-11 22:00:01,刺网
12481,34.986250000000005,124.0355,1.3,345.0,2018-10-11 22:10:01,刺网
12481,34.98622222222223,124.03580555555556,1.2,62.0,2018-10-11 22:20:01,刺网
12481,34.98622222222223,124.03588888888888,1.0,197.0,2018-10-11 22:30:01,刺网
12481,34.98622222222223,124.03594444444445,1.2,316.0,2018-10-11 22:40:01,刺网
12481,34.98622222222223,124.0360277777778,0.6,121.0,2018-10-11 22:50:01,刺网
12481,34.98758333333334,124.03583333333331,0.7,203.0,2018-10-11 23:00:01,刺网
12481,34.99538888888889,124.00911111111112,8.3,291.0,2018-10-11 23:10:01,刺网
12481,35.000416666666666,123.9832222222222,8.1,287.0,2018-10-11 23:20:01,刺网
12481,35.00205555555556,123.9542777777778,8.6,279.0,2018-10-11 23:30:01,刺网
12481,35.00258333333333,123.92511111111112,9.0,268.0,2018-10-11 23:40:01,刺网
12481,35.003499999999995,123.89588888888893,8.8,261.0,2018-10-11 23:50:01,刺网
12481,35.10805555555556,123.85066666666664,0.6,100.0,2018-10-12 00:00:01,刺网
12481,35.016666666666666,123.84219444444444,0.4,0.0,2018-10-12 00:20:01,刺网
12481,35.016305555555554,123.84230555555555,1.5,24.0,2018-10-12 00:30:01,刺网
12481,35.01602777777778,123.84225,0.4,260.0,2018-10-12 00:40:01,刺网
12481,35.01597222222223,123.84216666666666,0.5,228.0,2018-10-12 00:50:01,刺网
12481,35.01611111111111,123.84213888888887,1.3,26.0,2018-10-12 01:00:01,刺网
12481,35.01636111111111,123.84261111111113,2.1,36.0,2018-10-12 01:10:01,刺网
12481,35.016666666666666,123.84269444444445,0.6,240.0,2018-10-12 01:20:01,刺网
12481,35.017027777777784,123.84266666666667,2.0,216.0,2018-10-12 01:30:01,刺网
12481,35.017555555555546,123.84280555555556,1.3,134.0,2018-10-12 01:40:01,刺网
12481,35.01802777777777,123.84255555555555,1.7,343.0,2018-10-12 01:50:01,刺网
12481,35.018388888888886,123.84211111111112,1.7,67.0,2018-10-12 02:00:01,刺网
12481,35.01877777777778,123.84172222222223,1.0,244.0,2018-10-12 02:10:01,刺网
12481,35.01861111111111,123.84075,0.6,308.0,2018-10-12 02:20:01,刺网
12481,35.01833333333333,123.8405,0.5,0.0,2018-10-12 02:30:01,刺网
12481,35.01847222222222,123.84055555555555,1.2,351.0,2018-10-12 02:40:01,刺网
12481,35.01830555555556,123.84033333333332,0.6,0.0,2018-10-12 02:50:01,刺网
12481,35.01808333333334,123.8402222222222,0.6,162.0,2018-10-12 03:00:01,刺网
12481,35.01825,123.8402222222222,0.4,0.0,2018-10-12 03:10:01,刺网
12481,35.018388888888886,123.84061111111113,0.5,0.0,2018-10-12 03:20:01,刺网
12481,35.01833333333333,123.84080555555555,0.4,0.0,2018-10-12 03:30:01,刺网
12481,35.01827777777777,123.84091666666666,1.4,259.0,2018-10-12 03:40:01,刺网
12481,35.01822222222222,123.84094444444445,0.6,218.0,2018-10-12 03:50:01,刺网
12481,35.01802777777777,123.84094444444445,0.5,0.0,2018-10-12 04:00:01,刺网
12481,35.01761111111111,123.84072222222223,1.3,236.0,2018-10-12 04:10:01,刺网
12481,35.017555555555546,123.84175,0.7,0.0,2018-10-12 04:20:01,刺网
12481,35.01513888888889,123.861,7.1,73.0,2018-10-12 04:30:01,刺网
12481,35.01577777777778,123.86794444444445,0.2,0.0,2018-10-12 04:40:01,刺网
12481,35.014,123.85113888888887,7.9,269.0,2018-10-12 04:50:01,刺网
12481,35.013277777777766,123.82644444444445,7.7,262.0,2018-10-12 05:00:01,刺网
12481,35.01361111111111,123.80038888888888,7.7,277.0,2018-10-12 05:10:01,刺网
12481,35.01380555555556,123.77444444444444,7.9,272.0,2018-10-12 05:20:01,刺网
12481,35.013444444444445,123.74869444444445,7.8,279.0,2018-10-12 05:30:01,刺网
12481,35.013555555555556,123.72130555555556,7.9,269.0,2018-10-12 05:40:01,刺网
12481,35.01063888888889,123.70855555555555,2.7,247.0,2018-10-12 05:50:01,刺网
12481,35.011222222222216,123.70325,1.3,296.0,2018-10-12 06:00:01,刺网
12481,35.0115,123.7002777777778,4.4,321.0,2018-10-12 06:10:01,刺网
12481,34.995888888888885,123.68869444444445,4.4,334.0,2018-10-12 06:20:01,刺网
12481,35.01163888888889,123.69683333333334,6.8,54.0,2018-10-12 06:30:01,刺网
12481,35.02533333333333,123.70863888888887,6.6,20.0,2018-10-12 06:40:01,刺网
12481,35.02502777777778,123.71030555555555,0.3,0.0,2018-10-12 06:50:01,刺网
12481,35.02238888888889,123.71022222222223,0.8,195.0,2018-10-12 07:00:01,刺网
12481,35.01961111111111,123.70994444444445,0.8,0.0,2018-10-12 07:10:01,刺网
12481,35.01672222222222,123.70986111111112,1.1,0.0,2018-10-12 07:20:01,刺网
12481,35.014,123.71052777777777,2.8,22.0,2018-10-12 07:30:01,刺网
12481,35.01094444444444,123.71072222222223,1.0,0.0,2018-10-12 07:40:01,刺网
12481,35.00763888888889,123.71083333333334,0.5,164.0,2018-10-12 07:50:01,刺网
12481,35.00483333333333,123.7107777777778,1.3,178.0,2018-10-12 08:00:01,刺网
12481,35.00169444444445,123.71069444444444,1.7,171.0,2018-10-12 08:10:01,刺网
12481,34.998472222222226,123.71044444444445,2.6,178.0,2018-10-12 08:20:01,刺网
12481,34.995194444444444,123.70988888888893,1.3,189.0,2018-10-12 08:30:01,刺网
12481,34.995444444444445,123.72086111111106,9.4,137.0,2018-10-12 08:40:01,刺网
12481,34.98213888888889,123.74436111111113,8.9,94.0,2018-10-12 08:50:01,刺网
12481,34.981277777777784,123.77286111111113,8.7,87.0,2018-10-12 09:00:01,刺网
12481,34.97772222222222,123.80002777777777,9.5,98.0,2018-10-12 09:10:01,刺网
12481,34.975750000000005,123.8282222222222,8.5,79.0,2018-10-12 09:20:01,刺网
12481,34.98075,123.84272222222219,2.8,119.0,2018-10-12 09:30:01,刺网
12481,34.97841666666667,123.8417777777778,6.5,128.0,2018-10-12 09:40:01,刺网
12481,34.977027777777785,123.83994444444444,1.7,183.0,2018-10-12 09:50:01,刺网
12481,34.97452777777778,123.83622222222222,1.6,226.0,2018-10-12 10:00:01,刺网
12481,34.97302777777778,123.83219444444444,2.3,285.0,2018-10-12 10:10:01,刺网
12481,34.97344444444445,123.83488888888887,6.4,56.0,2018-10-12 10:20:01,刺网
12481,34.9805,123.84480555555555,1.2,329.0,2018-10-12 10:30:01,刺网
12481,34.983000000000004,123.84558333333332,1.7,350.0,2018-10-12 10:40:01,刺网
12481,34.983666666666664,123.84530555555556,1.1,186.0,2018-10-12 10:50:01,刺网
12481,34.981944444444444,123.84288888888888,1.6,238.0,2018-10-12 11:00:01,刺网
12481,34.98016666666667,123.84002777777776,1.6,212.0,2018-10-12 11:10:01,刺网
12481,34.97361111111111,123.83180555555555,8.4,239.0,2018-10-12 11:20:01,刺网
12481,34.97080555555556,123.82391666666666,0.5,304.0,2018-10-12 11:30:01,刺网
12481,34.971833333333336,123.82086111111107,1.7,251.0,2018-10-12 11:40:01,刺网
12481,34.971722222222226,123.81694444444445,3.2,284.0,2018-10-12 11:50:01,刺网
12481,34.97225,123.81277777777777,3.2,226.0,2018-10-12 12:00:01,刺网
12481,34.97313888888889,123.80827777777776,1.9,320.0,2018-10-12 12:10:01,刺网
12481,34.97419444444445,123.80458333333333,2.0,261.0,2018-10-12 12:20:01,刺网
12481,34.97572222222223,123.80108333333332,1.4,290.0,2018-10-12 12:30:01,刺网
12481,34.977472222222225,123.79744444444445,2.4,333.0,2018-10-12 12:40:01,刺网
12481,34.97955555555556,123.79375,2.0,350.0,2018-10-12 12:50:01,刺网
12481,34.98183333333333,123.7905,1.0,323.0,2018-10-12 13:00:01,刺网
12481,34.98458333333333,123.78733333333334,1.9,329.0,2018-10-12 13:10:01,刺网
12481,34.987277777777784,123.78483333333332,2.1,337.0,2018-10-12 13:20:01,刺网
12481,34.989805555555556,123.78233333333333,1.4,301.0,2018-10-12 13:30:01,刺网
12481,34.99136111111111,123.77994444444445,0.6,284.0,2018-10-12 13:40:01,刺网
12481,34.994083333333336,123.77708333333332,1.1,327.0,2018-10-12 13:50:01,刺网
12481,34.99622222222221,123.77308333333332,1.6,302.0,2018-10-12 14:00:01,刺网
12481,34.99780555555556,123.75830555555555,8.5,275.0,2018-10-12 14:10:01,刺网
12481,35.00336111111111,123.72769444444445,8.8,287.0,2018-10-12 14:20:01,刺网
12481,35.006722222222216,123.71369444444444,1.7,297.0,2018-10-12 14:30:01,刺网
12481,35.00736111111112,123.7145277777778,1.0,328.0,2018-10-12 14:40:01,刺网
12481,35.008972222222226,123.71741666666668,0.9,55.0,2018-10-12 14:50:01,刺网
12481,35.009444444444455,123.72002777777777,0.8,51.0,2018-10-12 15:00:01,刺网
12481,35.009527777777784,123.72186111111112,1.0,23.0,2018-10-12 15:10:01,刺网
12481,35.011694444444444,123.72416666666666,1.8,24.0,2018-10-12 15:20:01,刺网
12481,35.01294444444444,123.72811111111113,2.1,82.0,2018-10-12 15:30:01,刺网
12481,35.012166666666666,123.7315,1.5,104.0,2018-10-12 15:40:01,刺网
12481,35.01016666666666,123.73416666666668,1.7,159.0,2018-10-12 15:50:01,刺网
12481,35.00786111111111,123.73575,1.1,0.0,2018-10-12 16:00:01,刺网
12481,35.00805555555556,123.73705555555556,1.5,333.0,2018-10-12 16:10:01,刺网
12481,35.01027777777778,123.74058333333332,1.0,0.0,2018-10-12 16:20:01,刺网
12481,35.012388888888886,123.7425,1.4,51.0,2018-10-12 16:30:01,刺网
12481,35.01475000000001,123.74527777777777,1.3,7.0,2018-10-12 16:40:01,刺网
12481,35.01677777777777,123.74813888888887,0.9,46.0,2018-10-12 16:50:01,刺网
12481,35.01763888888889,123.75119444444445,1.1,55.0,2018-10-12 17:00:01,刺网
12481,35.018055555555556,123.7545,1.2,58.0,2018-10-12 17:10:01,刺网
12481,35.01833333333333,123.7572777777778,2.1,9.0,2018-10-12 17:20:01,刺网
12481,35.017916666666665,123.76041666666666,1.4,143.0,2018-10-12 17:30:01,刺网
12481,35.01697222222222,123.76283333333332,1.8,131.0,2018-10-12 17:40:01,刺网
12481,35.01638888888889,123.76405555555556,1.7,149.0,2018-10-12 17:50:01,刺网
12481,35.016999999999996,123.76372222222223,1.3,205.0,2018-10-12 18:00:01,刺网
12481,35.01830555555556,123.79016666666666,8.8,87.0,2018-10-12 18:10:01,刺网
12481,35.02733333333333,123.81613888888887,8.4,72.0,2018-10-12 18:20:01,刺网
12481,35.03963888888889,123.83891666666666,7.9,40.0,2018-10-12 18:30:01,刺网
12481,35.062416666666664,123.84844444444445,8.4,358.0,2018-10-12 18:40:01,刺网
12481,35.08408333333334,123.8484722222222,8.2,13.0,2018-10-12 18:50:01,刺网
12481,35.10691666666667,123.84969444444445,7.7,6.0,2018-10-12 19:00:01,刺网
12481,35.107972222222216,123.84947222222222,0.1,0.0,2018-10-12 19:10:01,刺网
12481,35.10794444444444,123.84986111111107,0.6,46.0,2018-10-12 19:20:01,刺网
12481,35.10791666666667,123.85025,0.7,226.0,2018-10-12 19:30:01,刺网
12481,35.10794444444444,123.85033333333334,0.4,177.0,2018-10-12 19:40:01,刺网
12481,35.10794444444444,123.85033333333334,1.3,276.0,2018-10-12 19:50:01,刺网
12481,35.10794444444444,123.8504722222222,0.6,86.0,2018-10-12 20:00:01,刺网
12481,35.107972222222216,123.85044444444445,0.6,204.0,2018-10-12 20:10:01,刺网
12481,35.10794444444444,123.8502777777778,1.0,0.0,2018-10-12 20:20:01,刺网
12481,35.10791666666667,123.85016666666668,0.2,0.0,2018-10-12 20:30:01,刺网
12481,35.10788888888889,123.85011111111106,0.2,0.0,2018-10-12 20:40:01,刺网
12481,35.10791666666667,123.85005555555556,0.9,135.0,2018-10-12 20:50:01,刺网
12481,35.10791666666667,123.85019444444444,1.1,171.0,2018-10-12 21:00:01,刺网
12481,35.10791666666667,123.8502222222222,0.3,286.0,2018-10-12 21:10:01,刺网
12481,35.10791666666667,123.85013888888888,0.8,240.0,2018-10-12 21:20:01,刺网
12481,35.10791666666667,123.85019444444444,0.5,99.0,2018-10-12 21:30:01,刺网
12481,35.10791666666667,123.8502777777778,0.4,264.0,2018-10-12 21:40:01,刺网
12481,35.10791666666667,123.85030555555555,0.3,0.0,2018-10-12 21:50:01,刺网
12481,35.10794444444444,123.85033333333334,0.2,0.0,2018-10-12 22:00:01,刺网
12481,35.10794444444444,123.85030555555555,1.3,0.0,2018-10-12 22:10:01,刺网
12481,35.10794444444444,123.85019444444444,0.5,0.0,2018-10-12 22:20:01,刺网
12481,35.10788888888889,123.85030555555555,0.4,0.0,2018-10-12 22:30:01,刺网
12481,35.10786111111111,123.8502222222222,0.8,0.0,2018-10-12 22:40:01,刺网
12481,35.10791666666667,123.85019444444444,0.4,0.0,2018-10-12 22:50:01,刺网
12481,35.10788888888889,123.85011111111106,0.2,0.0,2018-10-12 23:00:01,刺网
12481,35.10791666666667,123.85025,0.9,60.0,2018-10-12 23:10:01,刺网
12481,35.10791666666667,123.85030555555555,0.1,0.0,2018-10-12 23:20:01,刺网
12481,35.10794444444444,123.85041666666666,0.4,3.0,2018-10-12 23:30:01,刺网
12481,35.108000000000004,123.85041666666666,0.6,164.0,2018-10-12 23:40:01,刺网
12481,35.108000000000004,123.8504722222222,0.3,0.0,2018-10-12 23:50:01,刺网
12481,35.35383333333333,123.53016666666667,0.1,0.0,2018-10-13 00:00:01,刺网
12481,35.10819444444445,123.85091666666666,0.3,0.0,2018-10-13 00:10:01,刺网
12481,35.108472222222225,123.85127777777778,0.8,140.0,2018-10-13 00:20:01,刺网
12481,35.10905555555556,123.85144444444445,0.7,0.0,2018-10-13 00:30:01,刺网
12481,35.11,123.85141666666664,0.3,0.0,2018-10-13 00:40:01,刺网
12481,35.11041666666667,123.85094444444445,0.6,0.0,2018-10-13 00:50:01,刺网
12481,35.110638888888886,123.85041666666666,0.3,0.0,2018-10-13 01:00:01,刺网
12481,35.11041666666667,123.851,0.3,0.0,2018-10-13 01:10:01,刺网
12481,35.110444444444454,123.85102777777777,0.3,0.0,2018-10-13 01:20:01,刺网
12481,35.11061111111111,123.85019444444444,0.7,136.0,2018-10-13 01:30:01,刺网
12481,35.11036111111112,123.85016666666668,0.2,0.0,2018-10-13 01:40:01,刺网
12481,35.11072222222222,123.85011111111106,0.7,0.0,2018-10-13 01:50:01,刺网
12481,35.11052777777778,123.85041666666666,0.5,148.0,2018-10-13 02:00:01,刺网
12481,35.110472222222235,123.85094444444445,1.7,133.0,2018-10-13 02:10:01,刺网
12481,35.11058333333334,123.85075,0.2,0.0,2018-10-13 02:20:01,刺网
12481,35.11052777777778,123.85061111111106,0.3,173.0,2018-10-13 02:30:01,刺网
12481,35.11058333333334,123.85063888888888,1.1,155.0,2018-10-13 02:40:01,刺网
12481,35.110638888888886,123.85044444444445,0.8,2.0,2018-10-13 02:50:01,刺网
12481,35.11061111111111,123.85069444444444,0.7,185.0,2018-10-13 03:00:01,刺网
12481,35.11052777777778,123.85075,0.2,0.0,2018-10-13 03:10:01,刺网
12481,35.11038888888889,123.85086111111107,0.5,253.0,2018-10-13 03:20:01,刺网
12481,35.110638888888886,123.8505,0.5,315.0,2018-10-13 03:30:01,刺网
12481,35.11058333333334,123.85036111111113,0.4,245.0,2018-10-13 03:40:01,刺网
12481,35.110638888888886,123.85066666666664,0.4,22.0,2018-10-13 03:50:01,刺网
12481,35.11038888888889,123.85102777777777,0.1,0.0,2018-10-13 04:00:01,刺网
12481,35.110305555555556,123.85102777777777,0.5,0.0,2018-10-13 04:10:01,刺网
12481,35.11036111111112,123.85102777777777,0.3,0.0,2018-10-13 04:20:01,刺网
12481,35.109527777777785,123.84994444444445,0.5,0.0,2018-10-13 04:30:01,刺网
12481,35.120055555555545,123.85580555555555,8.0,8.0,2018-10-13 04:40:01,刺网
12481,35.122055555555555,123.85577777777776,7.6,197.0,2018-10-13 04:50:01,刺网
12481,35.1015,123.8552222222222,7.2,176.0,2018-10-13 05:00:01,刺网
12481,35.08086111111112,123.85505555555555,7.4,179.0,2018-10-13 05:10:01,刺网
12481,35.06047222222223,123.85488888888894,7.6,179.0,2018-10-13 05:20:01,刺网
12481,35.03841666666667,123.85488888888894,7.4,178.0,2018-10-13 05:30:01,刺网
12481,35.01880555555556,123.85483333333332,7.8,178.0,2018-10-13 05:40:01,刺网
12481,35.004444444444445,123.86027777777777,7.3,28.0,2018-10-13 05:50:01,刺网
12481,35.01813888888889,123.85766666666666,1.4,228.0,2018-10-13 06:00:01,刺网
12481,35.016666666666666,123.85527777777777,0.7,221.0,2018-10-13 06:10:01,刺网
12481,35.016055555555546,123.85358333333332,1.1,208.0,2018-10-13 06:20:01,刺网
12481,35.01547222222222,123.85216666666666,2.6,244.0,2018-10-13 06:30:01,刺网
12481,35.01494444444445,123.85080555555555,0.6,0.0,2018-10-13 06:40:01,刺网
12481,35.01427777777778,123.84952777777778,0.1,0.0,2018-10-13 06:50:01,刺网
12481,35.013444444444445,123.84833333333331,1.6,0.0,2018-10-13 07:00:01,刺网
12481,35.01236111111111,123.84713888888888,6.7,68.0,2018-10-13 07:10:01,刺网
12481,35.011027777777784,123.84583333333332,0.5,0.0,2018-10-13 07:20:01,刺网
12481,35.00988888888889,123.84433333333334,1.5,0.0,2018-10-13 07:30:01,刺网
12481,35.00858333333333,123.84288888888888,0.8,204.0,2018-10-13 07:40:01,刺网
12481,35.007055555555546,123.84205555555555,0.5,197.0,2018-10-13 07:50:01,刺网
12481,35.005250000000004,123.84080555555555,0.9,247.0,2018-10-13 08:00:01,刺网
12481,35.003416666666666,123.83952777777776,0.8,204.0,2018-10-13 08:10:01,刺网
12481,35.00163888888889,123.83825,0.8,195.0,2018-10-13 08:20:01,刺网
12481,34.99986111111112,123.83694444444444,0.5,0.0,2018-10-13 08:30:01,刺网
12481,34.99816666666667,123.83552777777777,0.9,203.0,2018-10-13 08:40:01,刺网
12481,34.9965,123.83433333333332,0.6,0.0,2018-10-13 08:50:01,刺网
12481,34.99475,123.83313888888887,1.6,147.0,2018-10-13 09:00:01,刺网
12481,34.99286111111112,123.83169444444445,0.7,237.0,2018-10-13 09:10:01,刺网
12481,34.98719444444445,123.83261111111106,7.8,149.0,2018-10-13 09:20:01,刺网
12481,34.9755,123.83952777777776,1.7,325.0,2018-10-13 09:40:01,刺网
12481,34.97713888888889,123.83958333333332,0.6,330.0,2018-10-13 09:50:01,刺网
12481,34.97822222222222,123.83891666666666,0.4,0.0,2018-10-13 10:00:01,刺网
12481,34.97983333333333,123.8389722222222,0.8,346.0,2018-10-13 10:10:01,刺网
12481,34.981527777777785,123.83858333333332,0.8,8.0,2018-10-13 10:20:01,刺网
12481,34.983944444444454,123.83802777777777,0.7,322.0,2018-10-13 10:30:01,刺网
12481,34.98619444444445,123.83755555555555,1.2,275.0,2018-10-13 10:40:01,刺网
12481,34.98883333333333,123.83725,0.8,318.0,2018-10-13 10:50:01,刺网
12481,34.991305555555556,123.83719444444445,1.3,11.0,2018-10-13 11:00:01,刺网
12481,34.994055555555555,123.8372222222222,1.1,14.0,2018-10-13 11:10:01,刺网
12481,34.99683333333333,123.8372222222222,0.9,337.0,2018-10-13 11:20:01,刺网
12481,34.99980555555556,123.83711111111113,1.3,330.0,2018-10-13 11:30:01,刺网
12481,35.002972222222226,123.83730555555556,1.5,349.0,2018-10-13 11:40:01,刺网
12481,35.00586111111112,123.83688888888888,1.1,340.0,2018-10-13 11:50:01,刺网
12481,35.009472222222236,123.8372222222222,1.1,338.0,2018-10-13 12:00:01,刺网
12481,35.012194444444454,123.83738888888894,2.2,15.0,2018-10-13 12:10:01,刺网
12481,35.015750000000004,123.83747222222222,1.0,352.0,2018-10-13 12:20:01,刺网
12481,35.019472222222234,123.83786111111112,1.9,28.0,2018-10-13 12:30:01,刺网
12481,35.023277777777764,123.83747222222222,1.7,5.0,2018-10-13 12:40:01,刺网
12481,35.027388888888886,123.83811111111113,1.3,13.0,2018-10-13 12:50:01,刺网
12481,35.03133333333333,123.83844444444445,1.8,12.0,2018-10-13 13:00:01,刺网
12481,35.035472222222225,123.83863888888888,1.7,17.0,2018-10-13 13:10:01,刺网
12481,35.039861111111115,123.83905555555555,1.4,328.0,2018-10-13 13:20:01,刺网
12481,35.04422222222222,123.83972222222219,2.1,3.0,2018-10-13 13:30:01,刺网
12481,35.04886111111111,123.8405,1.9,10.0,2018-10-13 13:40:01,刺网
12481,35.05319444444444,123.84175,1.6,2.0,2018-10-13 13:50:01,刺网
12481,35.05775,123.84280555555556,2.2,12.0,2018-10-13 14:00:01,刺网
12481,35.062666666666665,123.84425,1.9,10.0,2018-10-13 14:10:01,刺网
12481,35.06680555555556,123.84513888888887,1.7,357.0,2018-10-13 14:20:01,刺网
12481,35.071472222222226,123.84624999999998,1.8,10.0,2018-10-13 14:30:01,刺网
12481,35.075944444444445,123.84772222222222,1.9,26.0,2018-10-13 14:40:01,刺网
12481,35.07994444444444,123.84913888888887,1.8,14.0,2018-10-13 14:50:01,刺网
12481,35.08338888888889,123.8502777777778,1.7,29.0,2018-10-13 15:00:01,刺网
12481,35.088055555555556,123.8514722222222,1.3,11.0,2018-10-13 15:10:01,刺网
12481,35.092305555555555,123.85266666666666,1.8,25.0,2018-10-13 15:20:01,刺网
12481,35.09666666666667,123.85383333333333,2.0,6.0,2018-10-13 15:30:01,刺网
12481,35.100861111111115,123.85513888888887,0.9,11.0,2018-10-13 15:40:01,刺网
12481,35.105000000000004,123.85613888888888,1.2,4.0,2018-10-13 15:50:01,刺网
12481,35.10877777777777,123.85727777777778,1.4,26.0,2018-10-13 16:00:01,刺网
12481,35.11238888888889,123.85830555555556,2.0,26.0,2018-10-13 16:10:01,刺网
12481,35.11641666666667,123.85961111111112,1.3,25.0,2018-10-13 16:20:01,刺网
12481,35.11991666666667,123.8610277777778,1.3,12.0,2018-10-13 16:30:01,刺网
12481,35.12294444444444,123.8624722222222,1.1,17.0,2018-10-13 16:40:01,刺网
12481,35.125861111111114,123.86461111111113,1.1,31.0,2018-10-13 16:50:01,刺网
12481,35.128388888888885,123.86466666666666,1.9,324.0,2018-10-13 17:00:01,刺网
12481,35.12994444444444,123.85941666666666,4.5,279.0,2018-10-13 17:10:01,刺网
12481,35.13252777777778,123.8514722222222,0.5,0.0,2018-10-13 17:20:01,刺网
12481,35.13488888888889,123.85113888888887,2.2,333.0,2018-10-13 17:30:01,刺网
12481,35.1355,123.84261111111113,1.1,283.0,2018-10-13 17:40:01,刺网
12481,35.13933333333333,123.83075,8.5,290.0,2018-10-13 17:50:01,刺网
12481,35.14288888888889,123.81066666666666,5.7,278.0,2018-10-13 18:00:01,刺网
12481,35.15058333333334,123.78480555555555,7.9,289.0,2018-10-13 18:10:01,刺网
12481,35.158972222222225,123.75766666666668,8.6,292.0,2018-10-13 18:20:01,刺网
12481,35.16580555555556,123.72825,8.5,297.0,2018-10-13 18:30:01,刺网
12481,35.17208333333333,123.703,8.4,298.0,2018-10-13 18:40:01,刺网
12481,35.179277777777784,123.67633333333332,8.4,283.0,2018-10-13 18:50:01,刺网
12481,35.18722222222222,123.64955555555555,8.5,289.0,2018-10-13 19:00:01,刺网
12481,35.19499999999999,123.62241666666668,8.4,283.0,2018-10-13 19:10:01,刺网
12481,35.20105555555556,123.59511111111112,8.5,299.0,2018-10-13 19:20:01,刺网
12481,35.21250000000001,123.57080555555555,8.5,320.0,2018-10-13 19:30:01,刺网
12481,35.22177777777778,123.54513888888887,8.6,300.0,2018-10-13 19:40:01,刺网
12481,35.23561111111111,123.52136111111106,8.6,308.0,2018-10-13 19:50:01,刺网
12481,35.25438888888889,123.53022222222219,8.3,37.0,2018-10-13 20:00:01,刺网
12481,35.27286111111111,123.54536111111106,8.2,358.0,2018-10-13 20:10:01,刺网
12481,35.294555555555554,123.5392222222222,8.2,338.0,2018-10-13 20:20:01,刺网
12481,35.315666666666665,123.53133333333334,8.2,356.0,2018-10-13 20:30:01,刺网
12481,35.33930555555556,123.52833333333334,8.1,12.0,2018-10-13 20:40:01,刺网
12481,35.35525000000001,123.53013888888887,1.4,232.0,2018-10-13 20:50:01,刺网
12481,35.353861111111115,123.52980555555555,0.0,0.0,2018-10-13 21:00:01,刺网
12481,35.35380555555556,123.53022222222219,0.1,0.0,2018-10-13 21:10:01,刺网
12481,35.35380555555556,123.53030555555556,0.3,0.0,2018-10-13 21:20:01,刺网
12481,35.35377777777778,123.53030555555556,1.0,299.0,2018-10-13 21:30:01,刺网
12481,35.35380555555556,123.53013888888887,0.1,0.0,2018-10-13 21:40:01,刺网
12481,35.35383333333333,123.53038888888894,0.3,0.0,2018-10-13 21:50:01,刺网
12481,35.35383333333333,123.53055555555555,0.2,0.0,2018-10-13 22:00:01,刺网
12481,35.35375000000001,123.53033333333336,1.0,234.0,2018-10-13 22:10:01,刺网
12481,35.35372222222223,123.53044444444444,0.3,0.0,2018-10-13 22:20:01,刺网
12481,35.35372222222223,123.53016666666667,0.8,0.0,2018-10-13 22:30:01,刺网
12481,35.35377777777778,123.53025,0.2,0.0,2018-10-13 22:40:01,刺网
12481,35.35383333333333,123.53025,0.1,0.0,2018-10-13 22:50:01,刺网
12481,35.35380555555556,123.53025,0.4,285.0,2018-10-13 23:10:01,刺网
12481,35.35383333333333,123.53019444444445,0.3,0.0,2018-10-13 23:20:01,刺网
12481,35.35383333333333,123.53005555555555,0.1,0.0,2018-10-13 23:30:01,刺网
12481,35.35383333333333,123.53013888888887,0.3,11.0,2018-10-13 23:40:01,刺网
12481,35.35380555555556,123.53022222222219,0.3,0.0,2018-10-13 23:50:01,刺网
12481,35.350083333333345,123.57466666666666,0.0,0.0,2018-10-14 00:00:01,刺网
12481,35.35388888888889,123.53044444444444,0.7,19.0,2018-10-14 00:10:01,刺网
12481,35.35375000000001,123.53061111111113,0.2,0.0,2018-10-14 00:20:01,刺网
12481,35.35391666666667,123.53094444444444,0.5,0.0,2018-10-14 00:30:01,刺网
12481,35.35411111111111,123.53130555555555,0.2,0.0,2018-10-14 00:40:01,刺网
12481,35.35402777777778,123.53116666666668,0.1,0.0,2018-10-14 00:50:01,刺网
12481,35.35425000000001,123.53122222222223,0.1,0.0,2018-10-14 01:00:01,刺网
12481,35.35447222222223,123.53133333333334,0.1,0.0,2018-10-14 01:10:01,刺网
12481,35.35466666666667,123.53186111111113,0.5,98.0,2018-10-14 01:20:01,刺网
12481,35.35486111111111,123.53200000000001,0.1,0.0,2018-10-14 01:30:01,刺网
12481,35.35519444444445,123.53208333333332,0.2,0.0,2018-10-14 01:40:01,刺网
12481,35.355833333333344,123.53194444444445,0.4,343.0,2018-10-14 01:50:01,刺网
12481,35.355833333333344,123.53188888888887,0.2,0.0,2018-10-14 02:00:01,刺网
12481,35.35588888888889,123.53191666666666,0.1,0.0,2018-10-14 02:10:01,刺网
12481,35.356138888888886,123.53169444444444,0.3,0.0,2018-10-14 02:30:01,刺网
12481,35.35619444444445,123.53166666666668,0.1,0.0,2018-10-14 02:40:01,刺网
12481,35.35619444444445,123.53169444444444,0.2,0.0,2018-10-14 02:50:01,刺网
12481,35.35619444444445,123.53161111111108,0.4,162.0,2018-10-14 03:00:01,刺网
12481,35.35619444444445,123.5312777777778,0.2,327.0,2018-10-14 03:10:01,刺网
12481,35.356444444444435,123.53136111111112,0.2,0.0,2018-10-14 03:20:01,刺网
12481,35.35619444444445,123.53158333333332,0.0,0.0,2018-10-14 03:30:01,刺网
12481,35.356138888888886,123.53155555555556,0.1,0.0,2018-10-14 03:40:01,刺网
12481,35.356444444444435,123.53136111111112,0.1,0.0,2018-10-14 03:50:01,刺网
12481,35.356277777777784,123.53158333333332,0.3,0.0,2018-10-14 04:00:01,刺网
12481,35.355805555555555,123.53111111111113,1.1,231.0,2018-10-14 04:10:01,刺网
12481,35.353194444444455,123.52283333333334,5.9,275.0,2018-10-14 04:20:01,刺网
12481,35.34905555555557,123.5142777777778,3.8,272.0,2018-10-14 04:30:01,刺网
12481,35.35038888888889,123.49425,8.2,284.0,2018-10-14 04:40:01,刺网
12481,35.350611111111114,123.4669722222222,8.1,260.0,2018-10-14 04:50:01,刺网
12481,35.350305555555565,123.41044444444445,8.8,276.0,2018-10-14 05:10:01,刺网
12481,35.35066666666667,123.37880555555556,9.0,275.0,2018-10-14 05:20:01,刺网
12481,35.35141666666667,123.35033333333334,8.9,269.0,2018-10-14 05:30:01,刺网
12481,35.35183333333333,123.3202777777778,8.8,261.0,2018-10-14 05:40:01,刺网
12481,35.35519444444445,123.33130555555556,0.9,122.0,2018-10-14 05:50:01,刺网
12481,35.35513888888889,123.3325,0.4,231.0,2018-10-14 06:00:01,刺网
12481,35.3555,123.33233333333332,0.2,0.0,2018-10-14 06:10:01,刺网
12481,35.35563888888889,123.33180555555555,0.2,0.0,2018-10-14 06:20:01,刺网
12481,35.35558333333333,123.3310277777778,0.1,0.0,2018-10-14 06:30:01,刺网
12481,35.35558333333333,123.33038888888888,0.3,0.0,2018-10-14 06:40:01,刺网
12481,35.35588888888889,123.3432222222222,2.7,86.0,2018-10-14 06:50:01,刺网
12481,35.35541666666667,123.34555555555555,0.1,0.0,2018-10-14 07:00:01,刺网
12481,35.35483333333333,123.34480555555555,0.2,0.0,2018-10-14 07:10:01,刺网
12481,35.353861111111115,123.34402777777777,0.8,216.0,2018-10-14 07:20:01,刺网
12481,35.35272222222222,123.34336111111112,0.4,214.0,2018-10-14 07:30:01,刺网
12481,35.35166666666667,123.34238888888888,0.4,194.0,2018-10-14 07:40:01,刺网
12481,35.35063888888889,123.34136111111107,0.7,240.0,2018-10-14 07:50:01,刺网
12481,35.3495,123.34027777777777,0.5,200.0,2018-10-14 08:00:01,刺网
12481,35.34816666666667,123.3394722222222,0.5,0.0,2018-10-14 08:10:01,刺网
12481,35.34677777777778,123.33863888888888,0.5,193.0,2018-10-14 08:20:01,刺网
12481,35.34530555555556,123.33794444444445,0.5,170.0,2018-10-14 08:30:01,刺网
12481,35.34388888888889,123.3372222222222,0.7,230.0,2018-10-14 08:40:01,刺网
12481,35.342194444444445,123.33675,0.7,170.0,2018-10-14 08:50:01,刺网
12481,35.3405,123.33625,0.6,197.0,2018-10-14 09:00:01,刺网
12481,35.338972222222225,123.33555555555556,1.5,165.0,2018-10-14 09:10:01,刺网
12481,35.33947222222223,123.3250277777778,1.2,0.0,2018-10-14 09:20:01,刺网
12481,35.33841666666667,123.329,1.6,110.0,2018-10-14 09:30:01,刺网
12481,35.33725000000001,123.33411111111107,1.3,105.0,2018-10-14 09:40:01,刺网
12481,35.336222222222226,123.33836111111107,1.4,98.0,2018-10-14 09:50:01,刺网
12481,35.33505555555556,123.34313888888887,1.0,106.0,2018-10-14 10:00:01,刺网
12481,35.334305555555574,123.3475,0.9,58.0,2018-10-14 10:10:01,刺网
12481,35.333583333333344,123.35536111111112,0.8,110.0,2018-10-14 10:30:01,刺网
12481,35.333583333333344,123.35944444444445,1.4,58.0,2018-10-14 10:40:01,刺网
12481,35.33397222222223,123.36375,1.2,70.0,2018-10-14 10:50:01,刺网
12481,35.333694444444454,123.3675,1.1,109.0,2018-10-14 11:00:01,刺网
12481,35.33419444444445,123.37175,1.7,45.0,2018-10-14 11:10:01,刺网
12481,35.333111111111116,123.37936111111112,1.5,99.0,2018-10-14 11:30:01,刺网
12481,35.33275000000001,123.38327777777776,1.4,67.0,2018-10-14 11:40:01,刺网
12481,35.33397222222223,123.38733333333334,1.2,70.0,2018-10-14 11:50:01,刺网
12481,35.334833333333336,123.38980555555555,0.7,144.0,2018-10-14 12:00:01,刺网
12481,35.33377777777777,123.39233333333334,1.6,109.0,2018-10-14 12:10:01,刺网
12481,35.3325,123.39619444444445,1.3,93.0,2018-10-14 12:20:01,刺网
12481,35.332305555555564,123.40013888888888,1.6,56.0,2018-10-14 12:30:01,刺网
12481,35.3335,123.40375,1.1,52.0,2018-10-14 12:40:01,刺网
12481,35.335583333333346,123.40644444444445,0.8,12.0,2018-10-14 12:50:01,刺网
12481,35.337472222222225,123.40830555555556,1.3,29.0,2018-10-14 13:00:01,刺网
12481,35.33975,123.4105,2.0,22.0,2018-10-14 13:10:01,刺网
12481,35.34122222222222,123.41450000000002,1.4,46.0,2018-10-14 13:20:01,刺网
12481,35.341138888888885,123.41855555555556,1.2,85.0,2018-10-14 13:30:01,刺网
12481,35.340472222222225,123.42636111111106,1.5,86.0,2018-10-14 13:50:01,刺网
12481,35.33977777777777,123.4305,1.4,101.0,2018-10-14 14:00:01,刺网
12481,35.33919444444445,123.4339722222222,0.9,104.0,2018-10-14 14:10:01,刺网
12481,35.3385,123.43783333333334,1.1,113.0,2018-10-14 14:20:01,刺网
12481,35.33794444444445,123.44152777777781,1.2,104.0,2018-10-14 14:30:01,刺网
12481,35.338305555555564,123.445,1.5,99.0,2018-10-14 14:40:01,刺网
12481,35.338138888888885,123.44869444444444,1.1,78.0,2018-10-14 14:50:01,刺网
12481,35.33847222222223,123.45263888888887,0.9,91.0,2018-10-14 15:00:01,刺网
12481,35.33891666666667,123.45558333333334,1.6,70.0,2018-10-14 15:10:01,刺网
12481,35.33902777777778,123.45905555555555,1.2,82.0,2018-10-14 15:20:01,刺网
12481,35.33997222222221,123.46266666666668,0.7,0.0,2018-10-14 15:30:01,刺网
12481,35.34069444444445,123.46625,0.9,0.0,2018-10-14 15:40:01,刺网
12481,35.341138888888885,123.46925,0.7,49.0,2018-10-14 15:50:01,刺网
12481,35.342638888888885,123.47205555555556,1.5,66.0,2018-10-14 16:00:01,刺网
12481,35.34388888888889,123.47569444444444,1.0,63.0,2018-10-14 16:10:01,刺网
12481,35.344972222222225,123.47886111111107,0.7,43.0,2018-10-14 16:20:01,刺网
12481,35.34597222222223,123.48175,0.8,61.0,2018-10-14 16:30:01,刺网
12481,35.34736111111111,123.48472222222222,1.0,61.0,2018-10-14 16:40:01,刺网
12481,35.348111111111116,123.48777777777778,0.9,74.0,2018-10-14 16:50:01,刺网
12481,35.34927777777778,123.49013888888888,1.3,58.0,2018-10-14 17:00:01,刺网
12481,35.35111111111111,123.49252777777778,1.3,43.0,2018-10-14 17:10:01,刺网
12481,35.35263888888889,123.49508333333334,0.6,55.0,2018-10-14 17:20:01,刺网
12481,35.355444444444444,123.49919444444444,0.7,36.0,2018-10-14 17:40:01,刺网
12481,35.35655555555555,123.50066666666666,0.3,81.0,2018-10-14 17:50:01,刺网
12481,35.357583333333345,123.50033333333334,0.9,321.0,2018-10-14 18:00:01,刺网
12481,35.35316666666667,123.52022222222222,7.6,95.0,2018-10-14 18:10:01,刺网
12481,35.35144444444445,123.54769444444445,7.7,91.0,2018-10-14 18:20:01,刺网
12481,35.35125,123.57191666666664,7.5,93.0,2018-10-14 18:30:01,刺网
12481,35.35108333333333,123.59755555555556,7.5,82.0,2018-10-14 18:40:01,刺网
12481,35.351583333333345,123.60794444444444,0.4,163.0,2018-10-14 18:50:01,刺网
12481,35.35108333333333,123.6074722222222,0.3,0.0,2018-10-14 19:00:01,刺网
12481,35.35025,123.60730555555556,0.3,205.0,2018-10-14 19:10:01,刺网
12481,35.34958333333333,123.60774999999998,0.3,0.0,2018-10-14 19:20:01,刺网
12481,35.34930555555556,123.60830555555556,0.3,0.0,2018-10-14 19:30:01,刺网
12481,35.34941666666667,123.60799999999999,0.1,0.0,2018-10-14 19:40:01,刺网
12481,35.34933333333333,123.6082222222222,0.7,104.0,2018-10-14 20:00:01,刺网
12481,35.34930555555556,123.60836111111112,0.3,0.0,2018-10-14 20:10:01,刺网
12481,35.34925000000001,123.60855555555555,0.2,0.0,2018-10-14 20:20:01,刺网
12481,35.34933333333333,123.6082222222222,0.1,0.0,2018-10-14 20:30:01,刺网
12481,35.34925000000001,123.6085,0.3,218.0,2018-10-14 20:40:01,刺网
12481,35.34933333333333,123.60830555555556,0.2,0.0,2018-10-14 20:50:01,刺网
12481,35.349361111111115,123.60813888888887,0.2,0.0,2018-10-14 21:00:01,刺网
12481,35.34933333333333,123.60825,0.0,0.0,2018-10-14 21:10:01,刺网
12481,35.34933333333333,123.60813888888887,0.3,0.0,2018-10-14 21:20:01,刺网
12481,35.34930555555556,123.60816666666666,0.2,0.0,2018-10-14 21:30:01,刺网
12481,35.34930555555556,123.60833333333332,0.3,0.0,2018-10-14 21:40:01,刺网
12481,35.34977777777778,123.60830555555556,1.1,70.0,2018-10-14 21:50:01,刺网
12481,35.351638888888886,123.59816666666666,8.0,269.0,2018-10-14 22:00:01,刺网
12481,35.351194444444445,123.57513888888887,2.5,206.0,2018-10-14 22:10:01,刺网
12481,35.35011111111111,123.57438888888888,0.1,0.0,2018-10-14 22:20:01,刺网
12481,35.35016666666667,123.57436111111107,0.1,0.0,2018-10-14 22:30:01,刺网
12481,35.350138888888885,123.5745,0.2,0.0,2018-10-14 22:40:01,刺网
12481,35.350138888888885,123.57455555555555,0.2,0.0,2018-10-14 22:50:01,刺网
12481,35.35011111111111,123.57452777777776,0.1,0.0,2018-10-14 23:10:01,刺网
12481,35.35011111111111,123.57458333333332,0.0,0.0,2018-10-14 23:20:01,刺网
12481,35.350055555555564,123.57466666666666,0.1,0.0,2018-10-14 23:30:01,刺网
12481,35.35011111111111,123.57455555555555,0.2,0.0,2018-10-14 23:40:01,刺网
12481,35.350083333333345,123.57472222222222,0.0,0.0,2018-10-14 23:50:01,刺网
12481,35.36708333333333,123.51875,0.3,0.0,2018-10-15 00:00:01,刺网
12481,35.350138888888885,123.57452777777776,0.1,0.0,2018-10-15 00:10:01,刺网
12481,35.35011111111111,123.57455555555555,0.4,0.0,2018-10-15 00:20:01,刺网
12481,35.350138888888885,123.57452777777776,0.1,0.0,2018-10-15 00:30:01,刺网
12481,35.34997222222223,123.57475,0.1,0.0,2018-10-15 00:40:01,刺网
12481,35.350138888888885,123.57461111111112,0.0,0.0,2018-10-15 00:50:01,刺网
12481,35.350138888888885,123.57452777777776,0.2,138.0,2018-10-15 01:00:01,刺网
12481,35.350194444444455,123.57438888888888,0.1,0.0,2018-10-15 01:10:01,刺网
12481,35.350194444444455,123.57438888888888,0.1,0.0,2018-10-15 01:20:01,刺网
12481,35.35036111111111,123.57422222222222,0.0,0.0,2018-10-15 01:30:01,刺网
12481,35.35038888888889,123.57416666666666,0.1,0.0,2018-10-15 01:40:01,刺网
12481,35.350055555555564,123.57469444444445,0.3,146.0,2018-10-15 01:50:01,刺网
12481,35.34997222222223,123.57511111111113,0.0,0.0,2018-10-15 02:00:01,刺网
12481,35.35,123.57511111111113,0.2,0.0,2018-10-15 02:10:01,刺网
12481,35.35011111111111,123.575,0.1,0.0,2018-10-15 02:20:01,刺网
12481,35.350083333333345,123.57477777777778,0.1,0.0,2018-10-15 02:30:01,刺网
12481,35.35011111111111,123.57475,0.3,0.0,2018-10-15 02:40:01,刺网
12481,35.35016666666667,123.57463888888887,0.1,0.0,2018-10-15 02:50:01,刺网
12481,35.350055555555564,123.57477777777778,0.1,0.0,2018-10-15 03:00:01,刺网
12481,35.350083333333345,123.57472222222222,0.3,45.0,2018-10-15 03:10:01,刺网
12481,35.350055555555564,123.57477777777778,0.1,0.0,2018-10-15 03:20:01,刺网
12481,35.350055555555564,123.57480555555556,0.3,180.0,2018-10-15 03:30:01,刺网
12481,35.350055555555564,123.57483333333332,0.1,0.0,2018-10-15 03:40:01,刺网
12481,35.35088888888889,123.57477777777778,1.5,19.0,2018-10-15 03:50:01,刺网
12481,35.34975000000001,123.60869444444445,4.5,98.0,2018-10-15 04:10:01,刺网
12481,35.34852777777778,123.62244444444444,3.9,100.0,2018-10-15 04:20:01,刺网
12481,35.34938888888889,123.62680555555555,1.8,287.0,2018-10-15 04:30:01,刺网
12481,35.34975000000001,123.60777777777777,8.5,278.0,2018-10-15 04:40:01,刺网
12481,35.35022222222222,123.58194444444445,8.1,274.0,2018-10-15 04:50:01,刺网
12481,35.34958333333333,123.5552222222222,8.0,259.0,2018-10-15 05:00:01,刺网
12481,35.34988888888889,123.52641666666666,7.9,261.0,2018-10-15 05:10:01,刺网
12481,35.35033333333333,123.50091666666668,8.1,271.0,2018-10-15 05:20:01,刺网
12481,35.35016666666667,123.47361111111113,7.9,257.0,2018-10-15 05:30:01,刺网
12481,35.34991666666667,123.44608333333332,8.2,274.0,2018-10-15 05:40:01,刺网
12481,35.35066666666667,123.41808333333331,8.3,271.0,2018-10-15 05:50:01,刺网
12481,35.357555555555564,123.42480555555555,8.2,58.0,2018-10-15 06:00:01,刺网
12481,35.36180555555556,123.43383333333334,0.0,0.0,2018-10-15 06:10:01,刺网
12481,35.361,123.43355555555556,0.3,0.0,2018-10-15 06:20:01,刺网
12481,35.359944444444444,123.43319444444445,0.3,203.0,2018-10-15 06:30:01,刺网
12481,35.35880555555556,123.43286111111112,0.2,0.0,2018-10-15 06:40:01,刺网
12481,35.35633333333333,123.43186111111113,0.3,0.0,2018-10-15 07:00:01,刺网
12481,35.35505555555557,123.43141666666666,0.4,0.0,2018-10-15 07:10:01,刺网
12481,35.353527777777785,123.43127777777781,0.5,0.0,2018-10-15 07:20:01,刺网
12481,35.35213888888889,123.43052777777778,0.7,0.0,2018-10-15 07:30:01,刺网
12481,35.35072222222223,123.42991666666668,1.0,114.0,2018-10-15 07:40:01,刺网
12481,35.34905555555557,123.42911111111113,1.0,211.0,2018-10-15 07:50:01,刺网
12481,35.34733333333333,123.42838888888893,0.8,196.0,2018-10-15 08:00:01,刺网
12481,35.34369444444445,123.42663888888887,0.9,204.0,2018-10-15 08:20:01,刺网
12481,35.34163888888889,123.42575,0.8,195.0,2018-10-15 08:30:01,刺网
12481,35.33944444444445,123.42505555555556,0.9,214.0,2018-10-15 08:40:01,刺网
12481,35.33725000000001,123.42436111111112,0.9,192.0,2018-10-15 08:50:01,刺网
12481,35.33511111111111,123.42363888888887,0.8,210.0,2018-10-15 09:00:01,刺网
12481,35.340444444444444,123.41366666666669,1.3,106.0,2018-10-15 09:20:01,刺网
12481,35.33925000000001,123.41683333333334,1.0,104.0,2018-10-15 09:30:01,刺网
12481,35.338527777777784,123.4200277777778,1.2,0.0,2018-10-15 09:40:01,刺网
12481,35.33730555555556,123.42261111111112,1.5,83.0,2018-10-15 09:50:01,刺网
12481,35.33847222222223,123.424,9.0,101.0,2018-10-15 10:00:01,刺网
12481,35.33602777777778,123.45358333333333,8.5,91.0,2018-10-15 10:10:01,刺网
12481,35.335166666666666,123.48286111111112,8.5,84.0,2018-10-15 10:20:01,刺网
12481,35.33675,123.51188888888888,8.7,88.0,2018-10-15 10:30:01,刺网
12481,35.337027777777784,123.54113888888888,8.5,86.0,2018-10-15 10:40:01,刺网
12481,35.334444444444436,123.57005555555556,8.9,104.0,2018-10-15 10:50:01,刺网
12481,35.334666666666664,123.58052777777776,0.7,246.0,2018-10-15 11:10:01,刺网
12481,35.334305555555574,123.57752777777776,1.5,223.0,2018-10-15 11:20:01,刺网
12481,35.33397222222223,123.57494444444444,1.0,277.0,2018-10-15 11:30:01,刺网
12481,35.33375,123.57191666666664,0.6,248.0,2018-10-15 11:40:01,刺网
12481,35.33336111111112,123.5695,1.2,239.0,2018-10-15 11:50:01,刺网
12481,35.332555555555565,123.56700000000001,1.2,241.0,2018-10-15 12:00:01,刺网
12481,35.332083333333344,123.56458333333332,0.8,270.0,2018-10-15 12:10:01,刺网
12481,35.332,123.55919444444444,0.5,0.0,2018-10-15 12:30:01,刺网
12481,35.33194444444445,123.55672222222222,0.5,226.0,2018-10-15 12:40:01,刺网
12481,35.332166666666666,123.55405555555555,0.9,284.0,2018-10-15 12:50:01,刺网
12481,35.332305555555564,123.55141666666664,0.9,0.0,2018-10-15 13:00:01,刺网
12481,35.332388888888886,123.54897222222222,0.8,0.0,2018-10-15 13:10:01,刺网
12481,35.33266666666667,123.54652777777777,0.8,206.0,2018-10-15 13:20:01,刺网
12481,35.33288888888889,123.54430555555555,1.4,217.0,2018-10-15 13:30:01,刺网
12481,35.33319444444445,123.54227777777778,1.3,0.0,2018-10-15 13:40:01,刺网
12481,35.33375,123.54030555555555,0.5,272.0,2018-10-15 13:50:01,刺网
12481,35.33425000000001,123.53827777777781,0.6,275.0,2018-10-15 14:00:01,刺网
12481,35.334722222222226,123.53613888888887,1.2,247.0,2018-10-15 14:10:01,刺网
12481,35.33525,123.53447222222222,0.6,231.0,2018-10-15 14:20:01,刺网
12481,35.33591666666667,123.53291666666668,0.7,0.0,2018-10-15 14:30:01,刺网
12481,35.336333333333336,123.53166666666668,1.0,238.0,2018-10-15 14:40:01,刺网
12481,35.33694444444445,123.53033333333336,1.0,119.0,2018-10-15 14:50:01,刺网
12481,35.337527777777794,123.52919444444444,0.2,0.0,2018-10-15 15:00:01,刺网
12481,35.33805555555556,123.52808333333333,0.5,0.0,2018-10-15 15:10:01,刺网
12481,35.338972222222225,123.52672222222223,1.0,43.0,2018-10-15 15:20:01,刺网
12481,35.33977777777777,123.52547222222222,0.5,0.0,2018-10-15 15:30:01,刺网
12481,35.34058333333334,123.52419444444445,1.1,296.0,2018-10-15 15:40:01,刺网
12481,35.341388888888886,123.52288888888887,0.4,0.0,2018-10-15 15:50:01,刺网
12481,35.342333333333336,123.52186111111112,0.8,348.0,2018-10-15 16:00:01,刺网
12481,35.34325000000001,123.52066666666668,0.9,0.0,2018-10-15 16:10:01,刺网
12481,35.34447222222223,123.51891666666666,0.9,0.0,2018-10-15 16:20:01,刺网
12481,35.3455,123.51705555555556,0.7,0.0,2018-10-15 16:30:01,刺网
12481,35.34641666666667,123.51527777777778,0.6,0.0,2018-10-15 16:40:01,刺网
12481,35.347166666666666,123.5142777777778,0.4,0.0,2018-10-15 16:50:01,刺网
12481,35.34805555555556,123.51266666666668,1.4,213.0,2018-10-15 17:00:01,刺网
12481,35.34866666666667,123.51041666666666,1.0,292.0,2018-10-15 17:10:01,刺网
12481,35.34908333333335,123.50822222222223,1.1,0.0,2018-10-15 17:20:01,刺网
12481,35.34986111111112,123.50561111111112,1.4,0.0,2018-10-15 17:30:01,刺网
12481,35.34988888888889,123.50319444444445,0.4,0.0,2018-10-15 17:40:01,刺网
12481,35.35063888888889,123.50105555555555,4.9,0.0,2018-10-15 17:50:01,刺网
12481,35.35138888888889,123.49819444444445,1.6,5.0,2018-10-15 18:00:01,刺网
12481,35.352694444444445,123.49577777777776,1.2,339.0,2018-10-15 18:10:01,刺网
12481,35.35336111111111,123.49261111111113,1.4,263.0,2018-10-15 18:20:01,刺网
12481,35.35416666666667,123.48919444444445,1.1,280.0,2018-10-15 18:30:01,刺网
12481,35.354805555555565,123.48633333333332,1.4,266.0,2018-10-15 18:40:01,刺网
12481,35.35538888888889,123.48294444444444,1.0,263.0,2018-10-15 18:50:01,刺网
12481,35.355833333333344,123.47958333333332,1.5,264.0,2018-10-15 19:00:01,刺网
12481,35.35552777777778,123.47594444444445,1.1,248.0,2018-10-15 19:10:01,刺网
12481,35.35466666666667,123.47386111111106,1.8,268.0,2018-10-15 19:20:01,刺网
12481,35.35461111111111,123.47061111111113,0.8,238.0,2018-10-15 19:30:01,刺网
12481,35.35447222222223,123.46805555555555,0.6,280.0,2018-10-15 19:40:01,刺网
12481,35.353972222222225,123.46511111111113,0.8,122.0,2018-10-15 19:50:01,刺网
12481,35.35322222222222,123.46283333333334,1.3,226.0,2018-10-15 20:00:01,刺网
12481,35.352666666666664,123.46080555555555,1.0,330.0,2018-10-15 20:10:01,刺网
12481,35.35225000000001,123.45827777777778,0.9,242.0,2018-10-15 20:20:01,刺网
12481,35.35136111111111,123.45561111111112,0.9,250.0,2018-10-15 20:30:01,刺网
12481,35.35022222222222,123.45297222222223,0.3,200.0,2018-10-15 20:40:01,刺网
12481,35.34816666666667,123.45138888888887,1.2,207.0,2018-10-15 20:50:01,刺网
12481,35.34605555555557,123.45058333333333,0.8,163.0,2018-10-15 21:00:01,刺网
12481,35.34508333333333,123.4499722222222,0.7,246.0,2018-10-15 21:10:01,刺网
12481,35.344861111111115,123.4472222222222,0.9,249.0,2018-10-15 21:20:01,刺网
12481,35.34536111111112,123.44494444444445,0.9,313.0,2018-10-15 21:30:01,刺网
12481,35.34616666666667,123.44263888888894,0.7,307.0,2018-10-15 21:40:01,刺网
12481,35.347305555555565,123.44011111111112,1.3,323.0,2018-10-15 21:50:01,刺网
12481,35.34866666666667,123.4375,0.8,304.0,2018-10-15 22:00:01,刺网
12481,35.35033333333333,123.43530555555556,1.1,317.0,2018-10-15 22:10:01,刺网
12481,35.35258333333333,123.43294444444444,0.9,304.0,2018-10-15 22:20:01,刺网
12481,35.35641666666667,123.44263888888894,8.1,82.0,2018-10-15 22:30:01,刺网
12481,35.361555555555555,123.46711111111112,8.0,78.0,2018-10-15 22:40:01,刺网
12481,35.366,123.4932777777778,8.3,87.0,2018-10-15 22:50:01,刺网
12481,35.36816666666667,123.51880555555556,3.6,60.0,2018-10-15 23:00:01,刺网
12481,35.36725000000001,123.51827777777777,0.3,0.0,2018-10-15 23:10:01,刺网
12481,35.367111111111114,123.51863888888887,0.5,270.0,2018-10-15 23:20:01,刺网
12481,35.367222222222225,123.51838888888894,0.2,0.0,2018-10-15 23:30:01,刺网
12481,35.367111111111114,123.51861111111113,0.3,0.0,2018-10-15 23:40:01,刺网
12481,35.36716666666665,123.5185,1.6,327.0,2018-10-15 23:50:01,刺网
12481,35.37286111111111,123.38275,0.2,0.0,2018-10-16 00:00:01,刺网
12481,35.367111111111114,123.51869444444445,0.2,0.0,2018-10-16 00:10:01,刺网
12481,35.36716666666665,123.5185277777778,0.3,0.0,2018-10-16 00:20:01,刺网
12481,35.36713888888889,123.5185277777778,0.1,0.0,2018-10-16 00:30:01,刺网
12481,35.36713888888889,123.5185,0.5,242.0,2018-10-16 00:40:01,刺网
12481,35.36713888888889,123.51844444444444,0.2,0.0,2018-10-16 00:50:01,刺网
12481,35.367111111111114,123.51855555555555,0.2,0.0,2018-10-16 01:00:01,刺网
12481,35.36716666666665,123.5184722222222,0.1,0.0,2018-10-16 01:10:01,刺网
12481,35.36716666666665,123.5185,0.5,167.0,2018-10-16 01:20:01,刺网
12481,35.367194444444436,123.51841666666668,0.2,0.0,2018-10-16 01:30:01,刺网
12481,35.367111111111114,123.5185277777778,0.5,112.0,2018-10-16 01:40:01,刺网
12481,35.367111111111114,123.51861111111113,0.2,0.0,2018-10-16 01:50:01,刺网
12481,35.36716666666665,123.5185,0.6,0.0,2018-10-16 02:00:01,刺网
12481,35.36713888888889,123.51830555555556,0.3,0.0,2018-10-16 02:10:01,刺网
12481,35.36713888888889,123.51863888888887,0.4,0.0,2018-10-16 02:20:01,刺网
12481,35.367194444444436,123.51841666666668,0.5,161.0,2018-10-16 02:30:01,刺网
12481,35.367111111111114,123.51858333333332,1.9,164.0,2018-10-16 02:40:01,刺网
12481,35.36708333333333,123.51875,0.3,276.0,2018-10-16 02:50:01,刺网
12481,35.36713888888889,123.51855555555555,0.4,153.0,2018-10-16 03:00:01,刺网
12481,35.36716666666665,123.5184722222222,0.4,164.0,2018-10-16 03:10:01,刺网
12481,35.36708333333333,123.5187222222222,0.2,0.0,2018-10-16 03:20:01,刺网
12481,35.36716666666665,123.5184722222222,0.2,0.0,2018-10-16 03:30:01,刺网
12481,35.367111111111114,123.51863888888887,0.3,0.0,2018-10-16 03:40:01,刺网
12481,35.367194444444436,123.51838888888894,0.1,0.0,2018-10-16 03:50:01,刺网
12481,35.367055555555545,123.51897222222222,0.2,0.0,2018-10-16 04:00:01,刺网
12481,35.36708333333333,123.51858333333332,0.1,0.0,2018-10-16 04:10:01,刺网
12481,35.36716666666665,123.51838888888894,0.1,0.0,2018-10-16 04:20:01,刺网
12481,35.36794444444444,123.51880555555556,0.7,0.0,2018-10-16 04:30:01,刺网
12481,35.37125,123.52738888888894,5.5,67.0,2018-10-16 04:40:01,刺网
12481,35.37225,123.5287222222222,3.2,301.0,2018-10-16 04:50:01,刺网
12481,35.37341666666667,123.51344444444445,7.2,274.0,2018-10-16 05:00:01,刺网
12481,35.37327777777777,123.49013888888888,7.3,278.0,2018-10-16 05:10:01,刺网
12481,35.3735,123.4652777777778,7.4,279.0,2018-10-16 05:20:01,刺网
12481,35.373361111111116,123.44025,7.5,278.0,2018-10-16 05:30:01,刺网
12481,35.37300000000001,123.41480555555556,7.6,271.0,2018-10-16 05:40:01,刺网
12481,35.373583333333336,123.38930555555555,7.5,258.0,2018-10-16 05:50:01,刺网
12481,35.378055555555555,123.36522222222222,7.5,305.0,2018-10-16 06:00:01,刺网
12481,35.38930555555557,123.35813888888887,7.4,63.0,2018-10-16 06:10:01,刺网
12481,35.397388888888884,123.37597222222222,1.7,84.0,2018-10-16 06:20:01,刺网
12481,35.39627777777777,123.37644444444445,0.5,232.0,2018-10-16 06:30:01,刺网
12481,35.39497222222222,123.37583333333332,0.4,0.0,2018-10-16 06:40:01,刺网
12481,35.39366666666667,123.37513888888887,0.4,215.0,2018-10-16 06:50:01,刺网
12481,35.39227777777778,123.37438888888887,0.3,0.0,2018-10-16 07:00:01,刺网
12481,35.39075000000001,123.37380555555555,0.6,199.0,2018-10-16 07:10:01,刺网
12481,35.38938888888889,123.37325,0.4,0.0,2018-10-16 07:20:01,刺网
12481,35.38625000000001,123.37205555555555,0.5,175.0,2018-10-16 07:40:01,刺网
12481,35.384722222222216,123.37136111111107,0.4,0.0,2018-10-16 07:50:01,刺网
12481,35.38316666666667,123.37075,0.4,0.0,2018-10-16 08:00:01,刺网
12481,35.3815,123.37002777777776,0.7,208.0,2018-10-16 08:10:01,刺网
12481,35.379888888888885,123.36922222222222,0.3,0.0,2018-10-16 08:20:01,刺网
12481,35.37813888888889,123.36836111111107,0.6,198.0,2018-10-16 08:30:01,刺网
12481,35.37638888888889,123.36752777777777,0.9,196.0,2018-10-16 08:40:01,刺网
12481,35.37483333333333,123.36655555555555,0.7,0.0,2018-10-16 08:50:01,刺网
12481,35.373083333333334,123.36566666666666,0.9,0.0,2018-10-16 09:00:01,刺网
12481,35.37125,123.36491666666666,1.0,0.0,2018-10-16 09:10:01,刺网
12481,35.37897222222223,123.35838888888892,7.9,334.0,2018-10-16 09:20:01,刺网
12481,35.382111111111115,123.35894444444445,0.3,0.0,2018-10-16 09:30:01,刺网
12481,35.381,123.36055555555555,0.5,0.0,2018-10-16 09:40:01,刺网
12481,35.37913888888889,123.36216666666664,0.6,97.0,2018-10-16 09:50:01,刺网
12481,35.377361111111114,123.36466666666666,1.0,134.0,2018-10-16 10:00:01,刺网
12481,35.37544444444444,123.36763888888888,1.0,133.0,2018-10-16 10:10:01,刺网
12481,35.373666666666665,123.37019444444445,0.7,155.0,2018-10-16 10:20:01,刺网
12481,35.371861111111116,123.37305555555555,0.8,119.0,2018-10-16 10:30:01,刺网
12481,35.37022222222222,123.37583333333332,1.2,47.0,2018-10-16 10:40:01,刺网
12481,35.368472222222216,123.37874999999998,0.3,0.0,2018-10-16 10:50:01,刺网
12481,35.366777777777784,123.38233333333332,1.1,121.0,2018-10-16 11:00:01,刺网
12481,35.36552777777778,123.38569444444445,1.4,87.0,2018-10-16 11:10:01,刺网
12481,35.36469444444445,123.39005555555555,1.8,105.0,2018-10-16 11:20:01,刺网
12481,35.36388888888889,123.39516666666668,1.7,107.0,2018-10-16 11:30:01,刺网
12481,35.363333333333344,123.39855555555555,1.0,96.0,2018-10-16 11:40:01,刺网
12481,35.36313888888889,123.40308333333334,1.5,101.0,2018-10-16 11:50:01,刺网
12481,35.36263888888889,123.40730555555555,1.3,90.0,2018-10-16 12:00:01,刺网
12481,35.362305555555565,123.41158333333334,1.6,99.0,2018-10-16 12:10:01,刺网
12481,35.362055555555564,123.41561111111113,0.9,0.0,2018-10-16 12:20:01,刺网
12481,35.361916666666666,123.41941666666666,1.6,76.0,2018-10-16 12:30:01,刺网
12481,35.36180555555556,123.4235,1.7,73.0,2018-10-16 12:40:01,刺网
12481,35.36180555555556,123.42713888888888,1.5,53.0,2018-10-16 12:50:01,刺网
12481,35.36169444444445,123.43063888888894,0.9,0.0,2018-10-16 13:00:01,刺网
12481,35.36199999999999,123.43402777777777,0.7,0.0,2018-10-16 13:10:01,刺网
12481,35.36250000000001,123.43747222222223,0.9,0.0,2018-10-16 13:20:01,刺网
12481,35.362944444444445,123.44116666666667,1.0,56.0,2018-10-16 13:30:01,刺网
12481,35.36388888888889,123.44413888888887,1.3,75.0,2018-10-16 13:40:01,刺网
12481,35.36361111111111,123.44705555555555,0.8,121.0,2018-10-16 13:50:01,刺网
12481,35.363777777777784,123.45036111111112,1.2,70.0,2018-10-16 14:00:01,刺网
12481,35.364472222222226,123.45369444444445,1.1,84.0,2018-10-16 14:10:01,刺网
12481,35.36536111111111,123.45711111111113,0.9,76.0,2018-10-16 14:20:01,刺网
12481,35.366083333333336,123.46058333333332,0.9,82.0,2018-10-16 14:30:01,刺网
12481,35.366777777777784,123.4639722222222,0.8,104.0,2018-10-16 14:40:01,刺网
12481,35.367,123.46761111111113,1.5,78.0,2018-10-16 14:50:01,刺网
12481,35.367361111111116,123.47125,0.7,44.0,2018-10-16 15:00:01,刺网
12481,35.367916666666666,123.47502777777778,1.1,76.0,2018-10-16 15:10:01,刺网
12481,35.36883333333333,123.4784722222222,0.7,85.0,2018-10-16 15:20:01,刺网
12481,35.37013888888889,123.48186111111113,0.7,63.0,2018-10-16 15:30:01,刺网
12481,35.370888888888885,123.48563888888887,1.3,70.0,2018-10-16 15:40:01,刺网
12481,35.37122222222221,123.48925,0.6,57.0,2018-10-16 15:50:01,刺网
12481,35.371555555555545,123.49233333333332,0.9,74.0,2018-10-16 16:00:01,刺网
12481,35.37191666666667,123.49644444444445,0.8,58.0,2018-10-16 16:10:01,刺网
12481,35.37272222222221,123.49905555555556,0.2,0.0,2018-10-16 16:20:01,刺网
12481,35.3735,123.50205555555556,1.2,68.0,2018-10-16 16:30:01,刺网
12481,35.37411111111111,123.50552777777777,1.1,74.0,2018-10-16 16:40:01,刺网
12481,35.375166666666665,123.50902777777776,1.0,76.0,2018-10-16 16:50:01,刺网
12481,35.376138888888896,123.51299999999999,1.2,68.0,2018-10-16 17:00:01,刺网
12481,35.377361111111114,123.51644444444445,0.8,46.0,2018-10-16 17:10:01,刺网
12481,35.37830555555556,123.52052777777777,1.3,85.0,2018-10-16 17:20:01,刺网
12481,35.379361111111116,123.52463888888887,1.1,47.0,2018-10-16 17:30:01,刺网
12481,35.37997222222222,123.52880555555555,1.3,91.0,2018-10-16 17:40:01,刺网
12481,35.380666666666656,123.53216666666668,1.2,102.0,2018-10-16 17:50:01,刺网
12481,35.38063888888889,123.52394444444445,4.6,265.0,2018-10-16 18:00:01,刺网
12481,35.378388888888885,123.5019722222222,8.3,268.0,2018-10-16 18:10:01,刺网
12481,35.376666666666665,123.47358333333332,8.8,271.0,2018-10-16 18:20:01,刺网
12481,35.37625000000001,123.4140277777778,8.8,268.0,2018-10-16 18:40:01,刺网
12481,35.37425,123.38463888888893,5.1,264.0,2018-10-16 18:50:01,刺网
12481,35.37419444444445,123.38330555555555,1.1,267.0,2018-10-16 19:00:01,刺网
12481,35.3745,123.3817222222222,0.7,218.0,2018-10-16 19:10:01,刺网
12481,35.37452777777778,123.38175,0.4,187.0,2018-10-16 19:20:01,刺网
12481,35.37447222222223,123.3817222222222,0.4,0.0,2018-10-16 19:30:01,刺网
12481,35.374444444444435,123.3817222222222,0.3,0.0,2018-10-16 19:40:01,刺网
12481,35.37433333333333,123.38169444444445,0.2,0.0,2018-10-16 19:50:01,刺网
12481,35.37416666666667,123.3817222222222,0.3,0.0,2018-10-16 20:00:01,刺网
12481,35.37386111111111,123.38177777777777,0.3,256.0,2018-10-16 20:10:01,刺网
12481,35.37369444444445,123.38191666666664,0.6,83.0,2018-10-16 20:20:01,刺网
12481,35.37352777777778,123.38202777777781,0.4,0.0,2018-10-16 20:30:01,刺网
12481,35.373305555555554,123.38211111111113,0.3,0.0,2018-10-16 20:40:01,刺网
12481,35.37322222222222,123.38224999999998,0.1,0.0,2018-10-16 20:50:01,刺网
12481,35.37322222222222,123.38230555555555,0.6,11.0,2018-10-16 21:00:01,刺网
12481,35.373083333333334,123.38219444444445,0.5,0.0,2018-10-16 21:10:01,刺网
12481,35.373194444444444,123.38219444444445,0.4,0.0,2018-10-16 21:20:01,刺网
12481,35.373111111111115,123.38236111111107,0.2,0.0,2018-10-16 21:30:01,刺网
12481,35.37300000000001,123.38244444444445,0.3,0.0,2018-10-16 21:40:01,刺网
12481,35.37288888888889,123.3825,0.3,0.0,2018-10-16 21:50:01,刺网
12481,35.372777777777785,123.38275,0.1,0.0,2018-10-16 22:00:01,刺网
12481,35.372777777777785,123.38280555555555,0.4,0.0,2018-10-16 22:10:01,刺网
12481,35.37286111111111,123.38269444444445,0.2,0.0,2018-10-16 22:20:01,刺网
12481,35.37291666666667,123.38261111111107,0.3,0.0,2018-10-16 22:30:01,刺网
12481,35.37288888888889,123.38269444444445,0.3,323.0,2018-10-16 22:40:01,刺网
12481,35.37286111111111,123.38275,0.1,0.0,2018-10-16 22:50:01,刺网
12481,35.37286111111111,123.38283333333334,0.2,0.0,2018-10-16 23:00:01,刺网
12481,35.37283333333333,123.38283333333334,0.2,0.0,2018-10-16 23:10:01,刺网
12481,35.37280555555557,123.38288888888887,0.2,0.0,2018-10-16 23:20:01,刺网
12481,35.37286111111111,123.3827777777778,0.6,172.0,2018-10-16 23:30:01,刺网
12481,35.37286111111111,123.38275,0.3,0.0,2018-10-16 23:40:01,刺网
12481,35.37286111111111,123.3827222222222,0.3,0.0,2018-10-16 23:50:01,刺网
12481,34.31072222222222,123.16536111111112,0.6,0.0,2018-10-17 00:00:01,刺网
12481,35.37286111111111,123.38275,0.1,0.0,2018-10-17 00:10:01,刺网
12481,35.37280555555557,123.38283333333334,0.4,0.0,2018-10-17 00:20:01,刺网
12481,35.37283333333333,123.3827222222222,0.5,234.0,2018-10-17 00:30:01,刺网
12481,35.37286111111111,123.3827777777778,0.2,0.0,2018-10-17 00:40:01,刺网
12481,35.37283333333333,123.3827777777778,0.7,295.0,2018-10-17 00:50:01,刺网
12481,35.37286111111111,123.3827222222222,0.3,135.0,2018-10-17 01:00:01,刺网
12481,35.37280555555557,123.38288888888887,0.1,0.0,2018-10-17 01:10:01,刺网
12481,35.372777777777785,123.38288888888887,0.2,0.0,2018-10-17 01:20:01,刺网
12481,35.37286111111111,123.38275,0.3,13.0,2018-10-17 01:30:01,刺网
12481,35.37291666666667,123.38252777777777,0.4,189.0,2018-10-17 01:40:01,刺网
12481,35.37283333333333,123.38261111111107,0.4,0.0,2018-10-17 01:50:01,刺网
12481,35.37288888888889,123.38263888888888,0.3,0.0,2018-10-17 02:00:01,刺网
12481,35.37286111111111,123.38269444444445,0.3,0.0,2018-10-17 02:10:01,刺网
12481,35.372777777777785,123.38283333333334,0.7,200.0,2018-10-17 02:20:01,刺网
12481,35.37280555555557,123.38286111111113,0.4,0.0,2018-10-17 02:30:01,刺网
12481,35.37283333333333,123.38280555555555,0.3,145.0,2018-10-17 02:40:01,刺网
12481,35.372777777777785,123.38294444444445,0.6,218.0,2018-10-17 02:50:01,刺网
12481,35.372777777777785,123.3829722222222,0.4,251.0,2018-10-17 03:00:01,刺网
12481,35.37280555555557,123.38294444444445,0.3,0.0,2018-10-17 03:10:01,刺网
12481,35.372777777777785,123.38294444444445,0.4,37.0,2018-10-17 03:20:01,刺网
12481,35.37275,123.38302777777777,0.2,0.0,2018-10-17 03:30:01,刺网
12481,35.37280555555557,123.38288888888887,0.5,110.0,2018-10-17 03:40:01,刺网
12481,35.37280555555557,123.38302777777777,1.5,322.0,2018-10-17 03:50:01,刺网
12481,35.372777777777785,123.38302777777777,0.5,0.0,2018-10-17 04:00:01,刺网
12481,35.372777777777785,123.38280555555555,0.2,0.0,2018-10-17 04:10:01,刺网
12481,35.374,123.38361111111112,0.6,187.0,2018-10-17 04:20:01,刺网
12481,35.37300000000001,123.36316666666666,8.2,289.0,2018-10-17 04:30:01,刺网
12481,35.37338888888889,123.33458333333333,8.2,279.0,2018-10-17 04:40:01,刺网
12481,35.37363888888889,123.30386111111108,8.5,267.0,2018-10-17 04:50:01,刺网
12481,35.373194444444444,123.27663888888887,8.6,275.0,2018-10-17 05:00:01,刺网
12481,35.373444444444445,123.24775,8.7,277.0,2018-10-17 05:10:01,刺网
12481,35.373555555555555,123.2185,8.6,272.0,2018-10-17 05:20:01,刺网
12481,35.373666666666665,123.18891666666669,8.5,275.0,2018-10-17 05:30:01,刺网
12481,35.373361111111116,123.1595,8.8,268.0,2018-10-17 05:40:01,刺网
12481,35.37675,123.13558333333332,7.7,355.0,2018-10-17 05:50:01,刺网
12481,35.39108333333333,123.15008333333334,7.9,84.0,2018-10-17 06:00:01,刺网
12481,35.39327777777777,123.16013888888894,0.4,229.0,2018-10-17 06:10:01,刺网
12481,35.39261111111111,123.16033333333334,1.7,152.0,2018-10-17 06:20:01,刺网
12481,35.391999999999996,123.16058333333334,0.7,9.0,2018-10-17 06:30:01,刺网
12481,35.391583333333344,123.1608888888889,1.7,128.0,2018-10-17 06:40:01,刺网
12481,35.391055555555546,123.16116666666667,0.9,0.0,2018-10-17 06:50:01,刺网
12481,35.3905,123.16133333333332,0.2,0.0,2018-10-17 07:00:01,刺网
12481,35.38994444444444,123.16133333333332,1.6,80.0,2018-10-17 07:10:01,刺网
12481,35.38938888888889,123.16108333333334,0.7,0.0,2018-10-17 07:20:01,刺网
12481,35.388888888888886,123.16097222222223,1.1,4.0,2018-10-17 07:30:01,刺网
12481,35.38825,123.16061111111112,0.4,0.0,2018-10-17 07:40:01,刺网
12481,35.387555555555565,123.15983333333334,0.7,257.0,2018-10-17 07:50:01,刺网
12481,35.386944444444445,123.15941666666667,1.6,249.0,2018-10-17 08:00:01,刺网
12481,35.38613888888889,123.15888888888892,0.4,53.0,2018-10-17 08:10:01,刺网
12481,35.385472222222226,123.15858333333334,1.4,213.0,2018-10-17 08:20:01,刺网
12481,35.38488888888889,123.15816666666667,1.0,45.0,2018-10-17 08:30:01,刺网
12481,35.384,123.15758333333332,1.2,94.0,2018-10-17 08:40:01,刺网
12481,35.38263888888889,123.15733333333334,4.7,159.0,2018-10-17 08:50:01,刺网
12481,35.37447222222223,123.1365,1.3,38.0,2018-10-17 09:00:01,刺网
12481,35.37458333333333,123.14036111111112,2.0,40.0,2018-10-17 09:10:01,刺网
12481,35.374666666666656,123.14522222222223,2.1,125.0,2018-10-17 09:20:01,刺网
12481,35.374666666666656,123.15038888888893,2.2,42.0,2018-10-17 09:30:01,刺网
12481,35.374722222222225,123.15522222222219,2.0,64.0,2018-10-17 09:40:01,刺网
12481,35.37480555555556,123.16038888888887,1.8,78.0,2018-10-17 09:50:01,刺网
12481,35.37519444444445,123.16541666666667,1.7,111.0,2018-10-17 10:00:01,刺网
12481,35.37519444444445,123.17025,1.6,108.0,2018-10-17 10:10:01,刺网
12481,35.37519444444445,123.17536111111113,1.9,96.0,2018-10-17 10:20:01,刺网
12481,35.37480555555556,123.18030555555555,1.6,41.0,2018-10-17 10:30:01,刺网
12481,35.374555555555546,123.1855277777778,2.1,119.0,2018-10-17 10:40:01,刺网
12481,35.37425,123.19072222222223,2.3,346.0,2018-10-17 10:50:01,刺网
12481,35.37430555555557,123.19594444444445,1.8,95.0,2018-10-17 11:00:01,刺网
12481,35.374138888888886,123.20102777777778,1.4,0.0,2018-10-17 11:10:01,刺网
12481,35.374,123.20630555555556,1.9,97.0,2018-10-17 11:20:01,刺网
12481,35.373666666666665,123.2110277777778,1.7,118.0,2018-10-17 11:30:01,刺网
12481,35.37291666666667,123.22008333333332,1.3,30.0,2018-10-17 11:50:01,刺网
12481,35.37247222222222,123.22466666666666,2.2,124.0,2018-10-17 12:00:01,刺网
12481,35.37252777777778,123.22858333333332,3.1,58.0,2018-10-17 12:10:01,刺网
12481,35.37180555555556,123.2335,2.9,59.0,2018-10-17 12:20:01,刺网
12481,35.371,123.23841666666668,2.0,60.0,2018-10-17 12:30:01,刺网
12481,35.37033333333333,123.2435,1.4,0.0,2018-10-17 12:40:01,刺网
12481,35.36966666666667,123.24788888888894,3.5,69.0,2018-10-17 12:50:01,刺网
12481,35.369583333333345,123.2524722222222,2.8,7.0,2018-10-17 13:00:01,刺网
12481,35.36975,123.25680555555556,2.0,0.0,2018-10-17 13:10:01,刺网
12481,35.370888888888885,123.26105555555556,1.4,24.0,2018-10-17 13:20:01,刺网
12481,35.372166666666665,123.26441666666666,0.5,50.0,2018-10-17 13:30:01,刺网
12481,35.37202777777778,123.26738888888887,1.1,75.0,2018-10-17 13:40:01,刺网
12481,35.37141666666667,123.27113888888887,2.2,95.0,2018-10-17 13:50:01,刺网
12481,35.37175000000001,123.2747777777778,1.4,68.0,2018-10-17 14:00:01,刺网
12481,35.37211111111111,123.27805555555555,1.1,0.0,2018-10-17 14:10:01,刺网
12481,35.37269444444445,123.28016666666667,2.4,152.0,2018-10-17 14:20:01,刺网
12481,35.372388888888885,123.28305555555555,1.0,130.0,2018-10-17 14:30:01,刺网
12481,35.371944444444445,123.28577777777777,1.3,138.0,2018-10-17 14:40:01,刺网
12481,35.37211111111111,123.28747222222222,2.2,103.0,2018-10-17 14:50:01,刺网
12481,35.37283333333333,123.29030555555555,0.8,0.0,2018-10-17 15:00:01,刺网
12481,35.37286111111111,123.29325,1.9,95.0,2018-10-17 15:10:01,刺网
12481,35.37302777777778,123.29580555555556,1.1,132.0,2018-10-17 15:20:01,刺网
12481,35.372944444444435,123.29808333333332,1.3,0.0,2018-10-17 15:30:01,刺网
12481,35.37225,123.30133333333332,2.2,114.0,2018-10-17 15:40:01,刺网
12481,35.37091666666667,123.30380555555556,0.4,140.0,2018-10-17 15:50:01,刺网
12481,35.369444444444454,123.30694444444444,1.7,72.0,2018-10-17 16:00:01,刺网
12481,35.368444444444435,123.31088888888893,0.8,0.0,2018-10-17 16:10:01,刺网
12481,35.35261111111111,123.311,8.7,185.0,2018-10-17 16:20:01,刺网
12481,35.3285,123.30838888888893,8.7,185.0,2018-10-17 16:30:01,刺网
12481,35.30438888888889,123.30633333333333,8.7,183.0,2018-10-17 16:40:01,刺网
12481,35.28047222222221,123.30533333333334,8.7,183.0,2018-10-17 16:50:01,刺网
12481,35.257111111111115,123.3040277777778,8.0,187.0,2018-10-17 17:00:01,刺网
12481,35.23425,123.30219444444445,8.2,182.0,2018-10-17 17:10:01,刺网
12481,35.190305555555554,123.29819444444445,7.8,188.0,2018-10-17 17:30:01,刺网
12481,35.168166666666664,123.29538888888888,8.0,186.0,2018-10-17 17:40:01,刺网
12481,35.1445,123.29302777777777,7.3,190.0,2018-10-17 17:50:01,刺网
12481,35.12341666666667,123.28991666666668,8.8,185.0,2018-10-17 18:00:01,刺网
12481,35.10088888888889,123.28644444444444,8.6,189.0,2018-10-17 18:10:01,刺网
12481,35.055638888888886,123.27908333333332,7.6,183.0,2018-10-17 18:30:01,刺网
12481,35.032916666666665,123.27686111111113,8.5,185.0,2018-10-17 18:40:01,刺网
12481,35.00980555555556,123.2755,8.7,179.0,2018-10-17 18:50:01,刺网
12481,34.98688888888889,123.2722777777778,8.5,186.0,2018-10-17 19:00:01,刺网
12481,34.96380555555556,123.26841666666668,8.7,182.0,2018-10-17 19:10:01,刺网
12481,34.940805555555556,123.26416666666668,7.2,197.0,2018-10-17 19:20:01,刺网
12481,34.917611111111114,123.26041666666666,7.9,191.0,2018-10-17 19:30:01,刺网
12481,34.894277777777766,123.25658333333334,7.9,181.0,2018-10-17 19:40:01,刺网
12481,34.87144444444444,123.25258333333332,8.1,181.0,2018-10-17 19:50:01,刺网
12481,34.846861111111124,123.25033333333334,8.0,188.0,2018-10-17 20:00:01,刺网
12481,34.824888888888886,123.24872222222223,8.5,181.0,2018-10-17 20:10:01,刺网
12481,34.80144444444444,123.24594444444445,8.1,185.0,2018-10-17 20:20:01,刺网
12481,34.754583333333336,123.23905555555555,9.0,199.0,2018-10-17 20:40:01,刺网
12481,34.730944444444454,123.23513888888887,8.4,180.0,2018-10-17 20:50:01,刺网
12481,34.70733333333334,123.2314722222222,8.7,182.0,2018-10-17 21:00:01,刺网
12481,34.68380555555555,123.22833333333334,8.9,183.0,2018-10-17 21:10:01,刺网
12481,34.660444444444444,123.22469444444445,8.6,190.0,2018-10-17 21:20:01,刺网
12481,34.637055555555555,123.22061111111113,8.3,189.0,2018-10-17 21:30:01,刺网
12481,34.613638888888886,123.21725,7.1,176.0,2018-10-17 21:40:01,刺网
12481,34.58997222222221,123.21366666666668,8.5,190.0,2018-10-17 21:50:01,刺网
12481,34.56658333333333,123.20886111111106,8.0,195.0,2018-10-17 22:00:01,刺网
12481,34.54133333333333,123.20355555555555,8.8,198.0,2018-10-17 22:10:01,刺网
12481,34.520111111111106,123.20005555555555,8.9,175.0,2018-10-17 22:20:01,刺网
12481,34.49675000000001,123.19588888888893,8.7,184.0,2018-10-17 22:30:01,刺网
12481,34.472527777777785,123.19263888888894,7.9,188.0,2018-10-17 22:40:01,刺网
12481,34.45080555555556,123.18866666666668,8.4,180.0,2018-10-17 22:50:01,刺网
12481,34.428111111111114,123.18683333333334,8.8,175.0,2018-10-17 23:00:01,刺网
12481,34.40508333333334,123.18486111111108,8.0,177.0,2018-10-17 23:10:01,刺网
12481,34.38227777777778,123.18025,9.1,182.0,2018-10-17 23:20:01,刺网
12481,34.35916666666667,123.17711111111113,8.0,183.0,2018-10-17 23:30:01,刺网
12481,34.33583333333333,123.17327777777778,8.6,177.0,2018-10-17 23:40:01,刺网
12481,34.31383333333333,123.16808333333331,4.5,219.0,2018-10-17 23:50:01,刺网
12481,30.93111111111111,122.68480555555556,9.5,191.0,2018-10-18 00:00:01,刺网
