渔船ID,lat,lon,速度,方向,time,type
12995,28.78736111111111,124.67755555555556,7.7,103.0,2019-02-15 01:49:45,刺网
12995,28.780361111111112,124.70086111111112,7.4,111.0,2019-02-15 01:59:45,刺网
12995,28.772972222222233,124.72516666666668,7.8,101.0,2019-02-15 02:09:45,刺网
12995,28.766305555555558,124.74727777777778,7.4,105.0,2019-02-15 02:19:45,刺网
12995,28.75938888888889,124.77038888888887,7.7,104.0,2019-02-15 02:29:45,刺网
12995,28.75236111111111,124.79363888888888,7.4,108.0,2019-02-15 02:39:45,刺网
12995,28.74541666666667,124.81672222222224,7.6,116.0,2019-02-15 02:49:45,刺网
12995,28.73830555555556,124.83988888888894,7.6,103.0,2019-02-15 02:59:45,刺网
12995,28.731222222222208,124.86338888888888,8.1,101.0,2019-02-15 03:09:45,刺网
12995,28.723722222222207,124.88833333333334,7.8,104.0,2019-02-15 03:19:44,刺网
12995,28.71708333333333,124.91066666666669,7.9,110.0,2019-02-15 03:29:44,刺网
12995,28.709777777777767,124.93438888888888,8.1,113.0,2019-02-15 03:39:44,刺网
12995,28.70255555555556,124.9585277777778,8.3,107.0,2019-02-15 03:49:44,刺网
12995,28.695305555555557,124.98269444444445,8.1,108.0,2019-02-15 03:59:44,刺网
12995,28.68813888888889,125.00669444444445,8.3,110.0,2019-02-15 04:09:44,刺网
12995,28.680750000000003,125.03122222222223,7.8,108.0,2019-02-15 04:19:44,刺网
12995,28.673472222222234,125.05588888888887,8.8,104.0,2019-02-15 04:29:44,刺网
12995,28.665944444444442,125.08066666666666,7.9,103.0,2019-02-15 04:39:44,刺网
12995,28.658555555555555,125.10530555555556,8.8,114.0,2019-02-15 04:49:43,刺网
12995,28.65094444444444,125.1302777777778,8.4,107.0,2019-02-15 04:59:43,刺网
12995,28.644805555555553,125.15641666666669,8.6,104.0,2019-02-15 05:09:43,刺网
12995,28.640527777777766,125.183,8.3,94.0,2019-02-15 05:19:43,刺网
12995,28.637694444444445,125.21119444444444,8.3,89.0,2019-02-15 05:29:43,刺网
12995,28.63719444444445,125.23686111111112,8.7,97.0,2019-02-15 05:39:43,刺网
12995,28.633250000000004,125.26366666666668,8.5,98.0,2019-02-15 05:49:43,刺网
12995,28.62594444444445,125.28927777777777,9.0,104.0,2019-02-15 05:59:43,刺网
12995,28.63588888888889,125.29911111111107,6.4,353.0,2019-02-15 06:09:43,刺网
12995,28.65661111111111,125.29902777777777,7.2,3.0,2019-02-15 06:19:43,刺网
12995,28.67736111111111,125.29899999999999,6.8,4.0,2019-02-15 06:29:43,刺网
12995,28.669555555555554,125.30525,7.4,176.0,2019-02-15 06:39:45,刺网
12995,28.6485,125.30588888888887,7.6,177.0,2019-02-15 06:49:45,刺网
12995,28.627027777777766,125.30647222222223,8.9,171.0,2019-02-15 06:59:45,刺网
12995,28.62286111111111,125.31327777777777,6.8,357.0,2019-02-15 07:09:45,刺网
12995,28.644305555555555,125.31291666666664,7.7,355.0,2019-02-15 07:19:45,刺网
12995,28.666,125.31325,7.4,354.0,2019-02-15 07:29:45,刺网
12995,28.66719444444445,125.32080555555555,7.3,175.0,2019-02-15 07:39:45,刺网
12995,28.64633333333333,125.32072222222223,8.2,177.0,2019-02-15 07:49:45,刺网
12995,28.623777777777768,125.32113888888887,8.1,177.0,2019-02-15 07:59:45,刺网
12995,28.611555555555555,125.32794444444444,7.5,16.0,2019-02-15 08:09:45,刺网
12995,28.63275,125.3285,7.4,0.0,2019-02-15 08:19:44,刺网
12995,28.654416666666666,125.329,7.7,14.0,2019-02-15 08:29:44,刺网
12995,28.664805555555553,125.33647222222223,7.9,180.0,2019-02-15 08:39:44,刺网
12995,28.620500000000003,125.33669444444445,8.3,176.0,2019-02-15 08:59:44,刺网
12995,28.59925,125.33561111111106,5.3,316.0,2019-02-15 09:09:44,刺网
12995,28.613000000000003,125.31783333333334,7.3,313.0,2019-02-15 09:19:44,刺网
12995,28.618055555555557,125.31061111111113,0.7,169.0,2019-02-15 09:29:44,刺网
12995,28.6165,125.30966666666666,0.4,169.0,2019-02-15 09:39:44,刺网
12995,28.615444444444453,125.30816666666666,0.3,216.0,2019-02-15 09:49:44,刺网
12995,28.61419444444445,125.30686111111108,1.0,213.0,2019-02-15 09:59:43,刺网
12995,28.61363888888889,125.30525,3.9,6.0,2019-02-15 10:09:43,刺网
12995,28.62638888888889,125.30411111111113,1.2,8.0,2019-02-15 10:19:43,刺网
12995,28.634,125.30294444444445,3.2,343.0,2019-02-15 10:29:43,刺网
12995,28.65308333333333,125.30169444444445,3.2,355.0,2019-02-15 10:49:43,刺网
12995,28.66263888888889,125.3025,3.1,358.0,2019-02-15 10:59:43,刺网
12995,28.67205555555556,125.30391666666668,3.1,354.0,2019-02-15 11:09:43,刺网
12995,28.68080555555556,125.30552777777777,2.9,23.0,2019-02-15 11:19:43,刺网
12995,28.676805555555557,125.31058333333333,3.1,179.0,2019-02-15 11:29:43,刺网
12995,28.667666666666666,125.31063888888887,2.6,189.0,2019-02-15 11:39:43,刺网
12995,28.65875,125.3095,3.5,186.0,2019-02-15 11:49:45,刺网
12995,28.649027777777768,125.30838888888893,3.0,180.0,2019-02-15 11:59:42,刺网
12995,28.64044444444444,125.309,3.1,176.0,2019-02-15 12:09:45,刺网
12995,28.631722222222226,125.31094444444444,3.1,173.0,2019-02-15 12:19:45,刺网
12995,28.622916666666665,125.31169444444444,3.0,179.0,2019-02-15 12:29:45,刺网
12995,28.62141666666667,125.31716666666668,2.6,22.0,2019-02-15 12:39:45,刺网
12995,28.630416666666665,125.31663888888887,4.2,338.0,2019-02-15 12:49:45,刺网
12995,28.64,125.3149722222222,3.5,341.0,2019-02-15 12:59:45,刺网
12995,28.64925,125.31369444444445,3.4,4.0,2019-02-15 13:09:45,刺网
12995,28.65844444444444,125.31505555555556,3.2,34.0,2019-02-15 13:19:44,刺网
12995,28.66761111111111,125.31661111111107,3.8,6.0,2019-02-15 13:29:44,刺网
12995,28.675722222222234,125.31783333333334,2.4,56.0,2019-02-15 13:39:44,刺网
12995,28.67058333333333,125.32213888888887,3.1,187.0,2019-02-15 13:49:44,刺网
12995,28.661972222222214,125.32283333333334,2.4,179.0,2019-02-15 13:59:44,刺网
12995,28.65275,125.32177777777777,3.4,187.0,2019-02-15 14:09:44,刺网
12995,28.64455555555556,125.32186111111106,3.4,183.0,2019-02-15 14:19:44,刺网
12995,28.63594444444445,125.32219444444445,2.9,172.0,2019-02-15 14:29:44,刺网
12995,28.62761111111111,125.32288888888887,3.0,166.0,2019-02-15 14:39:44,刺网
12995,28.619527777777765,125.32361111111106,3.0,162.0,2019-02-15 14:49:43,刺网
12995,28.61272222222223,125.3267777777778,3.0,79.0,2019-02-15 14:59:43,刺网
12995,28.618666666666666,125.33019444444444,3.8,348.0,2019-02-15 15:09:43,刺网
12995,28.62844444444445,125.32936111111113,3.3,350.0,2019-02-15 15:19:43,刺网
12995,28.63797222222223,125.329,2.6,42.0,2019-02-15 15:29:43,刺网
12995,28.64672222222222,125.32980555555555,3.3,15.0,2019-02-15 15:39:43,刺网
12995,28.65583333333333,125.32902777777777,3.7,12.0,2019-02-15 15:49:43,刺网
12995,28.66494444444445,125.32877777777777,2.9,354.0,2019-02-15 15:59:43,刺网
12995,28.667222222222215,125.33508333333332,3.1,133.0,2019-02-15 16:09:43,刺网
12995,28.65813888888889,125.33661111111113,3.2,178.0,2019-02-15 16:19:43,刺网
12995,28.64958333333333,125.33822222222223,3.1,171.0,2019-02-15 16:29:43,刺网
12995,28.640555555555554,125.33886111111107,3.5,186.0,2019-02-15 16:39:42,刺网
12995,28.631694444444445,125.33780555555555,2.4,162.0,2019-02-15 16:49:42,刺网
12995,28.622916666666665,125.33833333333332,3.2,175.0,2019-02-15 16:59:45,刺网
12995,28.61483333333333,125.33913888888887,3.3,178.0,2019-02-15 17:09:45,刺网
12995,28.60775000000001,125.33755555555555,2.5,133.0,2019-02-15 17:19:45,刺网
12995,28.60688888888889,125.33661111111113,0.5,0.0,2019-02-15 17:29:45,刺网
12995,28.60941666666667,125.33888888888887,2.4,38.0,2019-02-15 17:39:45,刺网
12995,28.612277777777766,125.34083333333332,1.6,217.0,2019-02-15 17:49:45,刺网
12995,28.60966666666667,125.33963888888887,2.7,185.0,2019-02-15 17:59:45,刺网
12995,28.60252777777778,125.33572222222222,4.1,256.0,2019-02-15 18:09:45,刺网
12995,28.593666666666664,125.35180555555556,7.9,118.0,2019-02-15 18:19:45,刺网
12995,28.58333333333333,125.37480555555555,7.7,115.0,2019-02-15 18:29:44,刺网
12995,28.57486111111111,125.39519444444444,8.3,117.0,2019-02-15 18:39:44,刺网
12995,28.56908333333333,125.41841666666667,7.8,104.0,2019-02-15 18:49:44,刺网
12995,28.56847222222222,125.4325277777778,1.1,189.0,2019-02-15 18:59:44,刺网
12995,28.566527777777786,125.43211111111113,0.6,186.0,2019-02-15 19:09:44,刺网
12995,28.56625,125.43236111111106,1.0,3.0,2019-02-15 19:19:44,刺网
12995,28.566222222222233,125.43244444444444,0.7,22.0,2019-02-15 19:29:44,刺网
12995,28.566222222222233,125.43216666666667,1.3,201.0,2019-02-15 19:39:44,刺网
12995,28.566194444444445,125.43247222222222,0.5,48.0,2019-02-15 19:49:43,刺网
12995,28.566194444444445,125.43263888888887,0.5,0.0,2019-02-15 19:59:43,刺网
12995,28.566194444444445,125.43255555555555,1.3,320.0,2019-02-15 20:09:43,刺网
12995,28.566222222222233,125.43261111111113,0.5,0.0,2019-02-15 20:19:43,刺网
12995,28.566194444444445,125.43266666666668,1.1,307.0,2019-02-15 20:29:43,刺网
12995,28.56616666666667,125.4327222222222,0.5,310.0,2019-02-15 20:39:43,刺网
12995,28.56616666666667,125.43266666666668,0.5,158.0,2019-02-15 20:49:43,刺网
12995,28.56616666666667,125.43263888888887,0.6,47.0,2019-02-15 20:59:43,刺网
12995,28.56616666666667,125.43258333333334,0.9,101.0,2019-02-15 21:09:43,刺网
12995,28.56616666666667,125.43269444444445,0.1,0.0,2019-02-15 21:19:43,刺网
12995,28.566194444444445,125.43263888888887,1.2,246.0,2019-02-15 21:29:43,刺网
12995,28.56616666666667,125.43258333333334,1.3,157.0,2019-02-15 21:39:43,刺网
12995,28.56616666666667,125.43255555555555,0.3,152.0,2019-02-15 21:49:43,刺网
12995,28.56616666666667,125.43255555555555,1.7,198.0,2019-02-15 21:59:42,刺网
12995,28.56616666666667,125.43266666666668,0.7,271.0,2019-02-15 22:09:42,刺网
12995,28.56616666666667,125.43247222222222,1.5,57.0,2019-02-15 22:19:45,刺网
12995,28.566194444444445,125.43233333333332,0.6,25.0,2019-02-15 22:29:45,刺网
12995,28.566194444444445,125.43230555555556,0.5,0.0,2019-02-15 22:39:45,刺网
12995,28.566222222222233,125.43227777777778,0.4,276.0,2019-02-15 22:49:45,刺网
12995,28.56625,125.43213888888893,0.2,0.0,2019-02-15 22:59:45,刺网
12995,28.566222222222233,125.43227777777778,1.2,74.0,2019-02-15 23:09:45,刺网
12995,28.566277777777767,125.43208333333334,0.7,294.0,2019-02-15 23:19:45,刺网
12995,28.566277777777767,125.43205555555555,1.1,101.0,2019-02-15 23:29:45,刺网
12995,28.566277777777767,125.43208333333334,0.7,111.0,2019-02-15 23:39:44,刺网
12995,28.56625,125.43213888888893,0.6,53.0,2019-02-15 23:49:44,刺网
12995,28.56625,125.43211111111113,0.6,222.0,2019-02-15 23:59:44,刺网
12995,28.56625,125.43213888888893,0.7,205.0,2019-02-16 00:09:44,刺网
12995,28.566277777777767,125.43200000000002,0.6,187.0,2019-02-16 00:19:44,刺网
12995,28.566222222222233,125.43225,0.2,0.0,2019-02-16 00:29:44,刺网
12995,28.566222222222233,125.43213888888893,1.1,206.0,2019-02-16 00:39:44,刺网
12995,28.566333333333336,125.43186111111113,0.3,0.0,2019-02-16 00:49:44,刺网
12995,28.566388888888888,125.43172222222223,0.1,0.0,2019-02-16 00:59:43,刺网
12995,28.566472222222234,125.43155555555555,0.6,210.0,2019-02-16 01:09:43,刺网
12995,28.566472222222234,125.43152777777777,0.5,280.0,2019-02-16 01:19:43,刺网
12995,28.56644444444445,125.43161111111112,0.9,260.0,2019-02-16 01:29:43,刺网
12995,28.566472222222234,125.43152777777777,0.8,220.0,2019-02-16 01:39:43,刺网
12995,28.566472222222234,125.43155555555555,0.1,0.0,2019-02-16 01:49:43,刺网
12995,28.566472222222234,125.43152777777777,1.1,25.0,2019-02-16 01:59:43,刺网
12995,28.56644444444445,125.43155555555555,0.8,242.0,2019-02-16 02:09:43,刺网
12995,28.566472222222234,125.43152777777777,0.5,63.0,2019-02-16 02:19:43,刺网
12995,28.566527777777786,125.43147222222223,0.9,180.0,2019-02-16 02:29:43,刺网
12995,28.56663888888889,125.43133333333334,0.6,54.0,2019-02-16 02:39:42,刺网
12995,28.566527777777786,125.43152777777777,0.8,173.0,2019-02-16 02:49:43,刺网
12995,28.56644444444445,125.43161111111112,0.5,0.0,2019-02-16 02:59:42,刺网
12995,28.566472222222234,125.43158333333334,0.2,301.0,2019-02-16 03:09:42,刺网
12995,28.5665,125.4315,0.7,114.0,2019-02-16 03:19:42,刺网
12995,28.5665,125.43155555555555,1.2,320.0,2019-02-16 03:29:42,刺网
12995,28.5665,125.43152777777777,1.1,122.0,2019-02-16 03:39:45,刺网
12995,28.566472222222234,125.43155555555555,1.1,141.0,2019-02-16 03:49:45,刺网
12995,28.568305555555558,125.4325277777778,1.0,21.0,2019-02-16 03:59:45,刺网
12995,28.580805555555557,125.43366666666668,7.2,350.0,2019-02-16 04:09:45,刺网
12995,28.60052777777778,125.4335,6.8,3.0,2019-02-16 04:19:45,刺网
12995,28.619222222222234,125.43352777777778,6.5,355.0,2019-02-16 04:29:45,刺网
12995,28.60811111111111,125.43925,8.0,175.0,2019-02-16 04:39:45,刺网
12995,28.58691666666667,125.43886111111112,7.6,181.0,2019-02-16 04:49:44,刺网
12995,28.56575,125.44013888888887,6.6,134.0,2019-02-16 04:59:44,刺网
12995,28.57980555555556,125.44555555555556,7.4,1.0,2019-02-16 05:09:44,刺网
12995,28.60061111111111,125.44538888888887,7.1,3.0,2019-02-16 05:19:44,刺网
12995,28.61847222222222,125.44608333333332,6.7,73.0,2019-02-16 05:29:44,刺网
12995,28.60069444444445,125.45105555555556,7.5,178.0,2019-02-16 05:39:44,刺网
12995,28.57911111111111,125.4517777777778,7.8,177.0,2019-02-16 05:49:44,刺网
12995,28.56077777777778,125.45586111111106,7.3,75.0,2019-02-16 05:59:43,刺网
12995,28.578194444444442,125.45963888888888,7.1,1.0,2019-02-16 06:09:44,刺网
12995,28.59741666666667,125.45930555555556,6.5,344.0,2019-02-16 06:19:44,刺网
12995,28.61663888888889,125.45941666666668,6.1,349.0,2019-02-16 06:29:43,刺网
12995,28.610916666666668,125.46505555555555,8.2,180.0,2019-02-16 06:39:43,刺网
12995,28.589722222222214,125.46586111111112,6.5,180.0,2019-02-16 06:49:43,刺网
12995,28.568972222222214,125.46669444444444,6.6,182.0,2019-02-16 06:59:43,刺网
12995,28.5795,125.47216666666668,5.8,340.0,2019-02-16 07:09:43,刺网
12995,28.59858333333333,125.47211111111113,5.8,349.0,2019-02-16 07:19:43,刺网
12995,28.602916666666665,125.45636111111112,5.4,267.0,2019-02-16 07:29:43,刺网
12995,28.602027777777767,125.45036111111112,0.5,89.0,2019-02-16 07:39:43,刺网
12995,28.600444444444445,125.45058333333333,1.8,188.0,2019-02-16 07:49:43,刺网
12995,28.59869444444445,125.45111111111113,0.5,199.0,2019-02-16 07:59:43,刺网
12995,28.59658333333333,125.45108333333332,2.0,0.0,2019-02-16 08:09:43,刺网
12995,28.595222222222233,125.4520277777778,1.9,165.0,2019-02-16 08:19:42,刺网
12995,28.593472222222214,125.45277777777778,2.7,160.0,2019-02-16 08:29:42,刺网
12995,28.59169444444445,125.453,0.7,65.0,2019-02-16 08:39:42,刺网
12995,28.58991666666667,125.45402777777778,1.8,25.0,2019-02-16 08:49:42,刺网
12995,28.587861111111113,125.455,1.6,41.0,2019-02-16 08:59:42,刺网
12995,28.58572222222222,125.45561111111112,1.0,148.0,2019-02-16 09:09:45,刺网
12995,28.583305555555558,125.45644444444444,1.3,179.0,2019-02-16 09:19:45,刺网
12995,28.579222222222214,125.444,7.2,240.0,2019-02-16 09:29:44,刺网
12995,28.578527777777786,125.43316666666666,2.7,339.0,2019-02-16 09:39:45,刺网
12995,28.58580555555556,125.43494444444444,3.1,24.0,2019-02-16 09:49:45,刺网
12995,28.59336111111111,125.43683333333334,2.7,355.0,2019-02-16 09:59:45,刺网
12995,28.601777777777766,125.43838888888894,3.4,23.0,2019-02-16 10:09:45,刺网
12995,28.61000000000001,125.44013888888887,3.5,7.0,2019-02-16 10:19:44,刺网
12995,28.61786111111111,125.44252777777778,2.1,340.0,2019-02-16 10:29:44,刺网
12995,28.625166666666665,125.44530555555555,2.7,39.0,2019-02-16 10:39:44,刺网
12995,28.624222222222233,125.44869444444444,3.3,194.0,2019-02-16 10:49:44,刺网
12995,28.61497222222223,125.44594444444445,3.7,172.0,2019-02-16 10:59:44,刺网
12995,28.605277777777786,125.44538888888887,3.3,193.0,2019-02-16 11:09:44,刺网
12995,28.59575,125.44544444444445,3.1,192.0,2019-02-16 11:19:44,刺网
12995,28.585972222222214,125.44422222222224,3.4,199.0,2019-02-16 11:29:43,刺网
12995,28.576722222222234,125.44261111111112,3.6,187.0,2019-02-16 11:39:43,刺网
12995,28.569805555555554,125.44530555555555,2.9,80.0,2019-02-16 11:49:43,刺网
12995,28.575555555555557,125.44852777777778,3.3,56.0,2019-02-16 11:59:43,刺网
12995,28.582611111111113,125.45011111111113,3.0,31.0,2019-02-16 12:09:43,刺网
12995,28.590277777777768,125.45088888888893,3.4,9.0,2019-02-16 12:19:43,刺网
12995,28.597555555555555,125.45144444444445,2.6,323.0,2019-02-16 12:29:43,刺网
12995,28.604861111111113,125.45152777777777,2.5,6.0,2019-02-16 12:39:43,刺网
12995,28.61258333333333,125.4512777777778,2.9,4.0,2019-02-16 12:49:43,刺网
12995,28.619083333333336,125.45152777777777,3.1,2.0,2019-02-16 12:59:43,刺网
12995,28.62011111111111,125.45641666666668,3.2,175.0,2019-02-16 13:09:43,刺网
12995,28.61133333333333,125.45580555555556,3.3,199.0,2019-02-16 13:19:42,刺网
12995,28.60250000000001,125.4560277777778,3.5,160.0,2019-02-16 13:29:42,刺网
12995,28.593166666666665,125.45647222222223,3.3,184.0,2019-02-16 13:39:42,刺网
12995,28.58458333333333,125.45588888888894,2.3,170.0,2019-02-16 13:49:42,刺网
12995,28.575416666666666,125.45530555555555,2.8,158.0,2019-02-16 13:59:42,刺网
12995,28.568305555555558,125.45730555555555,3.6,170.0,2019-02-16 14:09:42,刺网
12995,28.566055555555558,125.46144444444445,2.3,53.0,2019-02-16 14:19:42,刺网
12995,28.57225,125.46422222222223,2.2,4.0,2019-02-16 14:29:42,刺网
12995,28.580111111111112,125.46594444444445,4.2,7.0,2019-02-16 14:39:45,刺网
12995,28.588027777777786,125.46616666666668,3.3,346.0,2019-02-16 14:49:45,刺网
12995,28.59508333333333,125.46480555555556,2.1,5.0,2019-02-16 14:59:45,刺网
12995,28.602694444444452,125.46375,1.8,21.0,2019-02-16 15:09:45,刺网
12995,28.610055555555558,125.4635,3.3,2.0,2019-02-16 15:19:45,刺网
12995,28.61783333333333,125.46308333333332,3.7,5.0,2019-02-16 15:29:44,刺网
12995,28.624972222222233,125.46294444444445,3.2,22.0,2019-02-16 15:39:44,刺网
12995,28.623027777777786,125.46794444444444,2.1,153.0,2019-02-16 15:49:44,刺网
12995,28.61486111111111,125.47030555555556,2.8,140.0,2019-02-16 15:59:44,刺网
12995,28.606472222222234,125.47083333333332,2.9,180.0,2019-02-16 16:09:44,刺网
12995,28.59894444444444,125.46936111111113,3.4,197.0,2019-02-16 16:19:44,刺网
12995,28.590944444444442,125.46766666666667,3.4,182.0,2019-02-16 16:29:44,刺网
12995,28.58294444444445,125.46605555555556,2.8,172.0,2019-02-16 16:39:44,刺网
12995,28.57633333333333,125.4670277777778,2.3,151.0,2019-02-16 16:49:43,刺网
12995,28.58019444444445,125.47072222222224,3.1,328.0,2019-02-16 16:59:43,刺网
12995,28.58722222222222,125.47261111111106,2.6,351.0,2019-02-16 17:09:43,刺网
12995,28.59588888888889,125.47394444444444,3.7,22.0,2019-02-16 17:19:43,刺网
12995,28.602555555555558,125.4740277777778,1.4,339.0,2019-02-16 17:29:43,刺网
12995,28.59472222222222,125.47411111111113,5.1,178.0,2019-02-16 17:39:43,刺网
12995,28.58283333333333,125.47319444444445,5.5,175.0,2019-02-16 17:49:43,刺网
12995,28.570999999999998,125.47208333333332,3.7,184.0,2019-02-16 17:59:43,刺网
12995,28.5605,125.47111111111113,2.8,189.0,2019-02-16 18:09:43,刺网
12995,28.552805555555555,125.46858333333331,2.7,214.0,2019-02-16 18:19:43,刺网
12995,28.559027777777786,125.4517777777778,6.4,291.0,2019-02-16 18:29:43,刺网
12995,28.566277777777767,125.43211111111113,6.9,282.0,2019-02-16 18:39:43,刺网
12995,28.574472222222226,125.41363888888893,7.1,291.0,2019-02-16 18:49:43,刺网
12995,28.58280555555556,125.3954722222222,5.7,285.0,2019-02-16 18:59:42,刺网
12995,28.58216666666667,125.39541666666666,0.4,0.0,2019-02-16 19:09:42,刺网
12995,28.58061111111111,125.39580555555555,0.9,169.0,2019-02-16 19:19:42,刺网
12995,28.58058333333333,125.39575,1.0,68.0,2019-02-16 19:29:42,刺网
12995,28.58058333333333,125.39577777777778,0.5,0.0,2019-02-16 19:39:42,刺网
12995,28.58055555555556,125.39591666666668,0.7,325.0,2019-02-16 19:49:42,刺网
12995,28.58061111111111,125.39616666666667,1.0,51.0,2019-02-16 19:59:42,刺网
12995,28.58055555555556,125.39605555555555,1.7,107.0,2019-02-16 20:09:45,刺网
12995,28.58055555555556,125.39597222222223,0.8,227.0,2019-02-16 20:19:42,刺网
12995,28.58058333333333,125.39611111111113,0.7,199.0,2019-02-16 20:29:45,刺网
12995,28.58061111111111,125.39619444444445,0.7,83.0,2019-02-16 20:39:44,刺网
12995,28.580666666666666,125.39636111111106,0.6,237.0,2019-02-16 20:49:44,刺网
12995,28.58061111111111,125.39622222222219,0.5,235.0,2019-02-16 20:59:44,刺网
12995,28.58061111111111,125.39625,0.2,0.0,2019-02-16 21:09:44,刺网
12995,28.58063888888889,125.39633333333332,1.2,21.0,2019-02-16 21:29:44,刺网
12995,28.580666666666666,125.39644444444444,0.6,80.0,2019-02-16 21:39:44,刺网
12995,28.58063888888889,125.39633333333332,0.6,142.0,2019-02-16 21:49:44,刺网
12995,28.58058333333333,125.39611111111113,0.5,192.0,2019-02-16 21:59:44,刺网
12995,28.58061111111111,125.39619444444445,0.4,172.0,2019-02-16 22:09:44,刺网
12995,28.58058333333333,125.39613888888887,0.6,38.0,2019-02-16 22:19:44,刺网
12995,28.58058333333333,125.39611111111113,0.7,225.0,2019-02-16 22:29:43,刺网
12995,28.58055555555556,125.39605555555555,0.3,344.0,2019-02-16 22:39:43,刺网
12995,28.58055555555556,125.39600000000002,0.5,0.0,2019-02-16 22:49:43,刺网
12995,28.58055555555556,125.39597222222223,1.3,221.0,2019-02-16 22:59:43,刺网
12995,28.58055555555556,125.39591666666668,1.0,292.0,2019-02-16 23:09:43,刺网
12995,28.580527777777768,125.39586111111113,0.2,0.0,2019-02-16 23:19:43,刺网
12995,28.580527777777768,125.39575,0.8,104.0,2019-02-16 23:29:43,刺网
12995,28.5805,125.39561111111112,1.0,154.0,2019-02-16 23:39:43,刺网
12995,28.5805,125.3955,0.3,0.0,2019-02-16 23:49:43,刺网
12995,28.580472222222234,125.3954722222222,0.4,150.0,2019-02-16 23:59:43,刺网
12995,28.5805,125.3954722222222,0.8,30.0,2019-02-17 00:09:43,刺网
12995,28.5805,125.39522222222223,1.3,241.0,2019-02-17 00:19:43,刺网
12995,28.580472222222234,125.39525,0.6,0.0,2019-02-17 00:29:43,刺网
12995,28.5805,125.39536111111113,0.8,273.0,2019-02-17 00:39:42,刺网
12995,28.5805,125.39525,0.8,195.0,2019-02-17 00:49:42,刺网
12995,28.580527777777768,125.39508333333336,0.8,38.0,2019-02-17 00:59:42,刺网
12995,28.580527777777768,125.39502777777778,0.3,293.0,2019-02-17 01:09:42,刺网
12995,28.580527777777768,125.39505555555556,0.4,176.0,2019-02-17 01:19:42,刺网
12995,28.58058333333333,125.39483333333334,1.0,108.0,2019-02-17 01:29:42,刺网
12995,28.58063888888889,125.39461111111113,0.3,0.0,2019-02-17 01:39:42,刺网
12995,28.58061111111111,125.39469444444444,0.5,276.0,2019-02-17 01:49:42,刺网
12995,28.58063888888889,125.39463888888888,0.5,267.0,2019-02-17 01:59:42,刺网
12995,28.58069444444445,125.3945,1.6,292.0,2019-02-17 02:09:42,刺网
12995,28.580722222222214,125.39441666666669,0.3,0.0,2019-02-17 02:19:45,刺网
12995,28.580777777777786,125.39433333333336,0.8,116.0,2019-02-17 02:29:45,刺网
12995,28.58088888888889,125.39416666666668,0.7,241.0,2019-02-17 02:39:44,刺网
12995,28.581138888888887,125.39386111111112,0.4,0.0,2019-02-17 02:49:44,刺网
12995,28.58094444444445,125.39408333333334,0.4,216.0,2019-02-17 02:59:44,刺网
12995,28.581055555555558,125.39394444444444,0.3,2.0,2019-02-17 03:09:44,刺网
12995,28.581055555555558,125.39394444444444,0.7,290.0,2019-02-17 03:19:44,刺网
12995,28.581055555555558,125.39397222222223,1.2,1.0,2019-02-17 03:29:44,刺网
12995,28.581,125.39405555555555,0.2,189.0,2019-02-17 03:39:44,刺网
12995,28.581,125.39402777777778,1.2,274.0,2019-02-17 03:49:44,刺网
12995,28.582666666666665,125.39511111111112,1.0,41.0,2019-02-17 03:59:44,刺网
12995,28.593027777777767,125.38463888888893,7.1,2.0,2019-02-17 04:09:44,刺网
12995,28.61283333333333,125.38463888888893,6.3,8.0,2019-02-17 04:19:44,刺网
12995,28.63219444444445,125.38438888888888,6.9,8.0,2019-02-17 04:29:44,刺网
12995,28.63894444444445,125.39036111111112,7.8,182.0,2019-02-17 04:39:43,刺网
12995,28.617611111111113,125.39083333333332,7.7,178.0,2019-02-17 04:49:43,刺网
12995,28.590666666666664,125.39725,8.1,354.0,2019-02-17 05:09:43,刺网
12995,28.60994444444445,125.39697222222223,6.9,354.0,2019-02-17 05:19:43,刺网
12995,28.630222222222233,125.39680555555556,6.9,358.0,2019-02-17 05:29:43,刺网
12995,28.627722222222232,125.40305555555555,7.3,174.0,2019-02-17 05:39:43,刺网
12995,28.60541666666667,125.40294444444444,7.8,175.0,2019-02-17 05:49:43,刺网
12995,28.583361111111113,125.403,8.1,178.0,2019-02-17 05:59:43,刺网
12995,28.590916666666665,125.41022222222223,7.2,2.0,2019-02-17 06:09:42,刺网
12995,28.611694444444453,125.40975,7.1,8.0,2019-02-17 06:19:42,刺网
12995,28.62802777777778,125.41422222222224,6.8,102.0,2019-02-17 06:29:42,刺网
12995,28.60608333333333,125.41611111111112,6.9,178.0,2019-02-17 06:39:42,刺网
12995,28.58369444444445,125.41663888888887,8.1,179.0,2019-02-17 06:49:42,刺网
12995,28.58438888888889,125.42277777777778,7.6,357.0,2019-02-17 06:59:42,刺网
12995,28.60441666666667,125.42252777777777,7.5,5.0,2019-02-17 07:09:42,刺网
12995,28.62519444444445,125.42238888888893,5.6,4.0,2019-02-17 07:19:42,刺网
12995,28.630222222222233,125.4092777777778,6.6,258.0,2019-02-17 07:29:42,刺网
12995,28.62713888888889,125.39172222222223,2.0,308.0,2019-02-17 07:39:42,刺网
12995,28.626027777777786,125.39155555555556,0.6,132.0,2019-02-17 07:49:42,刺网
12995,28.624861111111112,125.39241666666668,0.7,22.0,2019-02-17 07:59:45,刺网
12995,28.623583333333336,125.39322222222224,1.2,196.0,2019-02-17 08:09:44,刺网
12995,28.62219444444445,125.39425,1.5,113.0,2019-02-17 08:19:44,刺网
12995,28.62080555555556,125.39561111111112,0.5,121.0,2019-02-17 08:29:44,刺网
12995,28.61938888888889,125.3965,0.3,0.0,2019-02-17 08:39:44,刺网
12995,28.61780555555556,125.39772222222223,1.3,118.0,2019-02-17 08:49:44,刺网
12995,28.61616666666667,125.39888888888888,1.0,168.0,2019-02-17 08:59:44,刺网
12995,28.614472222222233,125.40013888888888,0.4,0.0,2019-02-17 09:09:44,刺网
12995,28.6125,125.40177777777778,0.9,101.0,2019-02-17 09:19:44,刺网
12995,28.610083333333336,125.3985277777778,7.0,238.0,2019-02-17 09:29:44,刺网
12995,28.60463888888889,125.3829722222222,2.1,13.0,2019-02-17 09:39:44,刺网
12995,28.61122222222223,125.38144444444444,3.7,10.0,2019-02-17 09:49:43,刺网
12995,28.61975,125.38338888888893,3.7,1.0,2019-02-17 09:59:43,刺网
12995,28.628138888888888,125.38522222222224,2.8,13.0,2019-02-17 10:09:43,刺网
12995,28.636555555555553,125.388,3.5,6.0,2019-02-17 10:19:43,刺网
12995,28.644805555555553,125.39055555555555,3.2,17.0,2019-02-17 10:29:43,刺网
12995,28.65275,125.39116666666668,3.7,4.0,2019-02-17 10:39:43,刺网
12995,28.65419444444445,125.39558333333332,4.0,147.0,2019-02-17 10:49:43,刺网
12995,28.64483333333333,125.39786111111113,3.7,185.0,2019-02-17 10:59:43,刺网
12995,28.635361111111113,125.39761111111113,3.8,191.0,2019-02-17 11:09:43,刺网
12995,28.62558333333333,125.39744444444445,3.3,171.0,2019-02-17 11:19:42,刺网
12995,28.61616666666667,125.39925,2.5,146.0,2019-02-17 11:29:42,刺网
12995,28.606527777777767,125.40047222222223,3.2,195.0,2019-02-17 11:39:42,刺网
12995,28.599805555555548,125.4012777777778,3.8,119.0,2019-02-17 11:49:42,刺网
12995,28.60086111111111,125.4092777777778,2.6,25.0,2019-02-17 11:59:42,刺网
12995,28.608583333333332,125.41,2.5,349.0,2019-02-17 12:09:42,刺网
12995,28.61658333333333,125.40886111111112,3.0,8.0,2019-02-17 12:19:42,刺网
12995,28.624027777777766,125.40769444444445,3.3,335.0,2019-02-17 12:29:42,刺网
12995,28.63208333333333,125.40752777777777,2.1,355.0,2019-02-17 12:39:42,刺网
12995,28.63886111111111,125.40869444444445,2.5,26.0,2019-02-17 12:49:42,刺网
12995,28.645888888888887,125.41047222222224,1.6,49.0,2019-02-17 12:59:42,刺网
12995,28.64433333333333,125.41427777777778,3.8,158.0,2019-02-17 13:09:42,刺网
12995,28.63480555555555,125.414,3.9,173.0,2019-02-17 13:19:42,刺网
12995,28.62544444444445,125.41516666666668,2.8,150.0,2019-02-17 13:29:44,刺网
12995,28.61588888888889,125.41711111111113,2.9,165.0,2019-02-17 13:39:44,刺网
12995,28.606055555555557,125.41941666666666,3.0,162.0,2019-02-17 13:49:41,刺网
12995,28.59741666666667,125.41958333333334,2.2,173.0,2019-02-17 13:59:44,刺网
12995,28.589055555555554,125.41991666666668,3.6,160.0,2019-02-17 14:09:44,刺网
12995,28.59308333333333,125.42555555555555,2.9,24.0,2019-02-17 14:19:44,刺网
12995,28.60147222222223,125.42686111111112,3.0,354.0,2019-02-17 14:29:44,刺网
12995,28.60991666666667,125.42611111111113,3.3,13.0,2019-02-17 14:39:44,刺网
12995,28.618722222222214,125.4250277777778,2.8,10.0,2019-02-17 14:49:44,刺网
12995,28.627527777777786,125.42413888888888,3.1,11.0,2019-02-17 14:59:44,刺网
12995,28.63575,125.42541666666666,3.4,54.0,2019-02-17 15:09:43,刺网
12995,28.631138888888888,125.4309722222222,3.5,176.0,2019-02-17 15:19:43,刺网
12995,28.62230555555556,125.43186111111113,4.6,192.0,2019-02-17 15:29:43,刺网
12995,28.61375,125.43255555555555,3.8,185.0,2019-02-17 15:39:43,刺网
12995,28.60522222222223,125.4337777777778,2.7,166.0,2019-02-17 15:49:43,刺网
12995,28.59625,125.43241666666668,3.1,165.0,2019-02-17 15:59:43,刺网
12995,28.58633333333333,125.43430555555555,2.7,42.0,2019-02-17 16:19:43,刺网
12995,28.59369444444444,125.43938888888887,3.4,358.0,2019-02-17 16:29:43,刺网
12995,28.60366666666667,125.44072222222223,3.0,31.0,2019-02-17 16:39:43,刺网
12995,28.62233333333333,125.43663888888894,3.5,356.0,2019-02-17 16:59:42,刺网
12995,28.63144444444445,125.43675,3.0,0.0,2019-02-17 17:09:42,刺网
12995,28.639194444444442,125.44161111111113,4.2,57.0,2019-02-17 17:19:42,刺网
12995,28.64777777777777,125.45186111111113,4.6,41.0,2019-02-17 17:29:42,刺网
12995,28.656527777777768,125.46266666666668,5.4,52.0,2019-02-17 17:39:42,刺网
12995,28.66194444444445,125.46541666666668,3.5,188.0,2019-02-17 17:49:42,刺网
12995,28.65644444444445,125.46280555555555,4.5,185.0,2019-02-17 17:59:42,刺网
12995,28.67205555555556,125.47258333333332,7.0,39.0,2019-02-17 18:09:42,刺网
12995,28.689277777777768,125.47961111111113,7.0,16.0,2019-02-17 18:19:42,刺网
12995,28.70888888888889,125.48508333333334,7.4,10.0,2019-02-17 18:29:42,刺网
12995,28.7285,125.49075,7.6,16.0,2019-02-17 18:39:41,刺网
12995,28.74808333333333,125.49633333333333,7.9,18.0,2019-02-17 18:49:41,刺网
12995,28.76811111111111,125.5015,7.2,10.0,2019-02-17 18:59:44,刺网
12995,28.787888888888887,125.50619444444445,7.3,12.0,2019-02-17 19:09:44,刺网
12995,28.80783333333333,125.51083333333334,7.0,4.0,2019-02-17 19:19:44,刺网
12995,28.827444444444453,125.51402777777777,7.7,7.0,2019-02-17 19:29:44,刺网
12995,28.83355555555556,125.51491666666666,1.8,223.0,2019-02-17 19:39:44,刺网
12995,28.83233333333333,125.51469444444444,1.1,173.0,2019-02-17 19:49:44,刺网
12995,28.83216666666667,125.5139722222222,0.5,0.0,2019-02-17 19:59:44,刺网
12995,28.83205555555556,125.51425,0.5,0.0,2019-02-17 20:09:44,刺网
12995,28.83211111111111,125.51408333333332,1.2,94.0,2019-02-17 20:19:43,刺网
12995,28.83205555555556,125.51433333333334,0.5,0.0,2019-02-17 20:29:43,刺网
12995,28.832,125.51461111111112,0.6,0.0,2019-02-17 20:39:43,刺网
12995,28.83205555555556,125.51444444444445,0.5,0.0,2019-02-17 20:49:43,刺网
12995,28.831972222222234,125.51469444444444,0.5,0.0,2019-02-17 20:59:43,刺网
12995,28.832027777777785,125.51480555555555,1.1,121.0,2019-02-17 21:09:43,刺网
12995,28.832027777777785,125.51502777777776,0.6,0.0,2019-02-17 21:19:43,刺网
12995,28.832027777777785,125.51547222222223,1.3,149.0,2019-02-17 21:29:43,刺网
12995,28.83211111111111,125.51569444444445,0.6,117.0,2019-02-17 21:39:43,刺网
12995,28.832222222222214,125.51583333333332,0.3,66.0,2019-02-17 21:49:43,刺网
12995,28.83227777777777,125.51608333333333,1.5,106.0,2019-02-17 21:59:42,刺网
12995,28.832361111111112,125.51625,0.7,282.0,2019-02-17 22:09:42,刺网
12995,28.8325,125.51644444444445,0.8,122.0,2019-02-17 22:19:42,刺网
12995,28.832527777777766,125.51641666666666,0.3,0.0,2019-02-17 22:29:42,刺网
12995,28.8325,125.51641666666666,0.7,260.0,2019-02-17 22:39:42,刺网
12995,28.832472222222233,125.51641666666666,1.2,113.0,2019-02-17 22:49:42,刺网
12995,28.83244444444445,125.51636111111112,0.5,84.0,2019-02-17 22:59:42,刺网
12995,28.832555555555555,125.5165,0.3,0.0,2019-02-17 23:09:42,刺网
12995,28.8325,125.51644444444445,0.2,0.0,2019-02-17 23:19:42,刺网
12995,28.83241666666667,125.51630555555555,0.4,21.0,2019-02-17 23:29:42,刺网
12995,28.83241666666667,125.5162777777778,0.6,268.0,2019-02-17 23:39:42,刺网
12995,28.83238888888889,125.51625,0.4,272.0,2019-02-17 23:49:42,刺网
12995,28.83233333333333,125.51613888888888,0.5,116.0,2019-02-17 23:59:41,刺网
12995,28.832305555555553,125.51611111111113,0.4,0.0,2019-02-18 00:09:41,刺网
12995,28.83216666666667,125.51588888888894,0.6,0.0,2019-02-18 00:19:41,刺网
12995,28.83216666666667,125.51580555555556,1.1,100.0,2019-02-18 00:29:41,刺网
12995,28.83211111111111,125.51563888888887,0.4,112.0,2019-02-18 00:39:44,刺网
12995,28.83211111111111,125.51558333333332,0.3,40.0,2019-02-18 00:49:44,刺网
12995,28.83205555555556,125.51541666666668,0.2,0.0,2019-02-18 00:59:44,刺网
12995,28.832027777777785,125.51522222222222,0.4,1.0,2019-02-18 01:09:44,刺网
12995,28.832,125.51494444444445,1.0,126.0,2019-02-18 01:19:44,刺网
12995,28.832027777777785,125.51480555555555,0.3,78.0,2019-02-18 01:29:44,刺网
12995,28.832027777777785,125.51461111111112,0.4,143.0,2019-02-18 01:39:44,刺网
12995,28.832,125.5145277777778,0.2,268.0,2019-02-18 01:49:44,刺网
12995,28.83208333333333,125.5142777777778,0.6,325.0,2019-02-18 01:59:43,刺网
12995,28.83211111111111,125.514,0.2,0.0,2019-02-18 02:09:43,刺网
12995,28.83213888888889,125.514,0.3,264.0,2019-02-18 02:19:43,刺网
12995,28.832305555555553,125.51358333333332,0.5,291.0,2019-02-18 02:29:43,刺网
12995,28.832305555555553,125.51355555555556,0.9,160.0,2019-02-18 02:39:43,刺网
12995,28.83233333333333,125.51352777777778,0.8,287.0,2019-02-18 02:49:43,刺网
12995,28.832472222222233,125.51330555555555,0.4,88.0,2019-02-18 02:59:43,刺网
12995,28.832611111111113,125.51313888888888,0.2,0.0,2019-02-18 03:09:43,刺网
12995,28.83283333333333,125.51294444444444,0.5,106.0,2019-02-18 03:19:43,刺网
12995,28.833027777777787,125.51277777777777,0.5,1.0,2019-02-18 03:29:43,刺网
12995,28.83313888888889,125.5127222222222,0.5,125.0,2019-02-18 03:39:42,刺网
12995,28.833250000000003,125.51266666666668,1.5,325.0,2019-02-18 03:49:42,刺网
12995,28.833805555555557,125.51358333333332,2.9,64.0,2019-02-18 03:59:42,刺网
12995,28.84588888888889,125.51619444444445,7.8,357.0,2019-02-18 04:09:42,刺网
12995,28.866138888888887,125.51622222222224,7.6,1.0,2019-02-18 04:19:42,刺网
12995,28.88666666666667,125.51652777777777,7.1,5.0,2019-02-18 04:29:42,刺网
12995,28.88186111111111,125.52122222222219,8.0,181.0,2019-02-18 04:39:42,刺网
12995,28.859861111111112,125.52175,7.6,176.0,2019-02-18 04:49:42,刺网
12995,28.8395,125.52458333333333,6.7,93.0,2019-02-18 04:59:42,刺网
12995,28.858583333333332,125.52694444444445,8.3,356.0,2019-02-18 05:09:42,刺网
12995,28.8805,125.52705555555555,7.8,1.0,2019-02-18 05:19:42,刺网
12995,28.888305555555558,125.5324722222222,7.4,183.0,2019-02-18 05:29:41,刺网
12995,28.866555555555557,125.53233333333333,8.3,185.0,2019-02-18 05:39:41,刺网
12995,28.845222222222233,125.53219444444444,7.1,181.0,2019-02-18 05:49:41,刺网
12995,28.842777777777766,125.53844444444445,8.0,0.0,2019-02-18 05:59:41,刺网
12995,28.865388888888887,125.53805555555556,8.3,358.0,2019-02-18 06:09:41,刺网
12995,28.88786111111111,125.538,7.3,25.0,2019-02-18 06:19:44,刺网
12995,28.87169444444445,125.54338888888893,7.9,180.0,2019-02-18 06:29:44,刺网
12995,28.850361111111113,125.54330555555555,8.0,181.0,2019-02-18 06:39:44,刺网
12995,28.832666666666665,125.54736111111107,7.4,95.0,2019-02-18 06:49:44,刺网
12995,28.85447222222223,125.5487777777778,8.2,357.0,2019-02-18 06:59:44,刺网
12995,28.87911111111111,125.54869444444445,8.5,356.0,2019-02-18 07:09:44,刺网
12995,28.896777777777768,125.54627777777776,7.4,260.0,2019-02-18 07:19:44,刺网
12995,28.889027777777766,125.52491666666668,7.3,254.0,2019-02-18 07:29:43,刺网
12995,28.887,125.51297222222222,1.0,336.0,2019-02-18 07:39:43,刺网
12995,28.888222222222232,125.51116666666668,1.2,280.0,2019-02-18 07:49:43,刺网
12995,28.889166666666664,125.51016666666668,0.5,89.0,2019-02-18 07:59:43,刺网
12995,28.89008333333333,125.50944444444444,1.0,256.0,2019-02-18 08:09:43,刺网
12995,28.891,125.50891666666666,0.5,319.0,2019-02-18 08:19:43,刺网
12995,28.892,125.50816666666668,0.2,0.0,2019-02-18 08:29:43,刺网
12995,28.892944444444442,125.5077222222222,0.5,265.0,2019-02-18 08:39:43,刺网
12995,28.893777777777768,125.5075,0.5,51.0,2019-02-18 08:49:43,刺网
12995,28.89433333333333,125.5075,0.6,20.0,2019-02-18 08:59:42,刺网
12995,28.89488888888889,125.50786111111113,0.6,23.0,2019-02-18 09:09:42,刺网
12995,28.895277777777785,125.50838888888893,0.2,25.0,2019-02-18 09:19:42,刺网
12995,28.887777777777767,125.507,6.8,180.0,2019-02-18 09:29:42,刺网
12995,28.86716666666667,125.50508333333332,7.7,188.0,2019-02-18 09:39:42,刺网
12995,28.8565,125.50491666666667,1.9,144.0,2019-02-18 09:49:42,刺网
12995,28.86194444444445,125.50636111111106,3.7,15.0,2019-02-18 09:59:42,刺网
12995,28.87158333333333,125.50716666666666,2.9,343.0,2019-02-18 10:09:42,刺网
12995,28.879472222222233,125.50755555555556,2.9,346.0,2019-02-18 10:19:42,刺网
12995,28.88861111111111,125.50836111111113,3.3,6.0,2019-02-18 10:29:42,刺网
12995,28.89741666666667,125.50930555555556,3.2,17.0,2019-02-18 10:39:41,刺网
12995,28.903027777777766,125.51166666666668,1.2,3.0,2019-02-18 10:49:41,刺网
12995,28.90108333333333,125.51302777777776,2.2,164.0,2019-02-18 10:59:41,刺网
12995,28.89425,125.51680555555555,3.9,145.0,2019-02-18 11:09:41,刺网
12995,28.88525,125.5204722222222,3.5,166.0,2019-02-18 11:19:41,刺网
12995,28.87558333333333,125.52127777777778,2.9,172.0,2019-02-18 11:29:44,刺网
12995,28.86705555555556,125.52180555555556,3.3,168.0,2019-02-18 11:39:44,刺网
12995,28.85733333333333,125.52425,3.3,175.0,2019-02-18 11:49:44,刺网
12995,28.85083333333333,125.527,3.0,58.0,2019-02-18 11:59:44,刺网
12995,28.858166666666666,125.52952777777777,3.2,3.0,2019-02-18 12:09:44,刺网
12995,28.866277777777785,125.53202777777778,3.1,5.0,2019-02-18 12:19:43,刺网
12995,28.87461111111111,125.53436111111112,2.6,8.0,2019-02-18 12:29:43,刺网
12995,28.88275,125.5367222222222,2.9,25.0,2019-02-18 12:39:43,刺网
12995,28.890888888888888,125.53936111111106,2.4,8.0,2019-02-18 12:49:43,刺网
12995,28.898416666666666,125.54055555555556,2.3,16.0,2019-02-18 12:59:43,刺网
12995,28.895805555555555,125.54633333333332,3.3,152.0,2019-02-18 13:09:43,刺网
12995,28.88636111111111,125.54611111111107,3.9,198.0,2019-02-18 13:19:43,刺网
12995,28.87708333333333,125.54472222222222,2.3,176.0,2019-02-18 13:29:43,刺网
12995,28.867666666666665,125.54275,2.8,180.0,2019-02-18 13:39:43,刺网
12995,28.8595,125.54072222222223,3.4,198.0,2019-02-18 13:49:43,刺网
12995,28.85086111111111,125.53963888888887,3.0,171.0,2019-02-18 13:59:43,刺网
12995,28.84269444444445,125.54211111111113,3.2,132.0,2019-02-18 14:09:42,刺网
12995,28.848888888888887,125.54602777777778,3.1,338.0,2019-02-18 14:19:42,刺网
12995,28.85766666666667,125.546,3.1,14.0,2019-02-18 14:29:42,刺网
12995,28.86594444444445,125.54875,3.0,12.0,2019-02-18 14:39:42,刺网
12995,28.87425,125.55163888888887,2.9,7.0,2019-02-18 14:49:42,刺网
12995,28.882361111111113,125.55438888888888,3.8,33.0,2019-02-18 14:59:42,刺网
12995,28.889722222222233,125.55855555555556,2.0,77.0,2019-02-18 15:09:42,刺网
12995,28.88466666666667,125.56036111111106,4.1,204.0,2019-02-18 15:19:42,刺网
12995,28.87613888888889,125.55758333333333,4.0,188.0,2019-02-18 15:29:42,刺网
12995,28.86727777777777,125.55519444444445,3.7,182.0,2019-02-18 15:39:42,刺网
12995,28.85819444444445,125.5534722222222,3.2,184.0,2019-02-18 15:49:41,刺网
12995,28.85052777777778,125.55302777777777,3.2,189.0,2019-02-18 15:59:41,刺网
12995,28.84233333333333,125.55325,3.3,191.0,2019-02-18 16:09:41,刺网
12995,28.841555555555548,125.55769444444445,3.1,17.0,2019-02-18 16:19:41,刺网
12995,28.850555555555548,125.55758333333333,3.0,11.0,2019-02-18 16:29:41,刺网
12995,28.85994444444445,125.55777777777777,3.0,355.0,2019-02-18 16:39:41,刺网
12995,28.86966666666667,125.55777777777777,3.4,357.0,2019-02-18 16:49:44,刺网
12995,28.87913888888889,125.55822222222223,3.8,9.0,2019-02-18 16:59:43,刺网
12995,28.888805555555557,125.55977777777778,3.4,15.0,2019-02-18 17:09:44,刺网
12995,28.896972222222214,125.56183333333334,3.3,343.0,2019-02-18 17:19:43,刺网
12995,28.89775,125.57277777777777,5.0,95.0,2019-02-18 17:29:43,刺网
12995,28.897805555555554,125.58744444444444,4.7,95.0,2019-02-18 17:39:43,刺网
12995,28.89777777777777,125.60133333333332,3.5,88.0,2019-02-18 17:49:43,刺网
12995,28.900472222222234,125.60113888888887,4.1,19.0,2019-02-18 17:59:43,刺网
12995,28.90361111111111,125.60763888888887,1.7,356.0,2019-02-18 18:09:43,刺网
12995,28.91113888888889,125.60508333333333,2.3,3.0,2019-02-18 18:19:43,刺网
12995,28.92183333333333,125.609,7.9,33.0,2019-02-18 18:29:43,刺网
12995,28.93933333333333,125.6233611111111,8.0,40.0,2019-02-18 18:39:43,刺网
12995,28.95652777777777,125.63802777777778,6.5,36.0,2019-02-18 18:49:43,刺网
12995,28.974555555555554,125.65211111111113,7.7,35.0,2019-02-18 18:59:43,刺网
12995,28.98927777777777,125.66891666666666,7.4,47.0,2019-02-18 19:09:42,刺网
12995,28.99883333333333,125.6822222222222,0.7,306.0,2019-02-18 19:19:42,刺网
12995,29.001916666666666,125.68011111111113,0.5,0.0,2019-02-18 19:29:42,刺网
12995,29.001972222222214,125.68013888888888,0.4,0.0,2019-02-18 19:39:42,刺网
12995,29.002027777777766,125.6802777777778,0.2,0.0,2019-02-18 19:49:42,刺网
12995,29.002,125.68016666666668,0.8,4.0,2019-02-18 19:59:42,刺网
12995,29.00208333333333,125.68044444444445,0.3,0.0,2019-02-18 20:09:42,刺网
12995,29.002111111111113,125.68055555555556,0.5,22.0,2019-02-18 20:19:42,刺网
12995,29.002111111111113,125.68055555555556,0.6,257.0,2019-02-18 20:29:42,刺网
12995,29.002194444444445,125.68083333333334,0.3,0.0,2019-02-18 20:39:42,刺网
12995,29.002194444444445,125.68088888888893,0.7,0.0,2019-02-18 20:49:42,刺网
12995,29.002194444444445,125.681,0.5,174.0,2019-02-18 20:59:41,刺网
12995,29.002222222222233,125.6815,0.5,87.0,2019-02-18 21:09:41,刺网
12995,29.00213888888889,125.68205555555555,0.6,127.0,2019-02-18 21:19:41,刺网
12995,29.001916666666666,125.6827222222222,0.3,0.0,2019-02-18 21:29:41,刺网
12995,29.00186111111111,125.68280555555555,0.6,191.0,2019-02-18 21:39:41,刺网
12995,29.00172222222222,125.68308333333331,0.8,129.0,2019-02-18 21:49:41,刺网
12995,29.00161111111111,125.68322222222223,0.7,43.0,2019-02-18 21:59:44,刺网
12995,29.001583333333336,125.68322222222223,0.3,0.0,2019-02-18 22:09:43,刺网
12995,29.001555555555555,125.68325,0.4,177.0,2019-02-18 22:19:41,刺网
12995,29.00138888888889,125.68341666666667,0.8,135.0,2019-02-18 22:29:43,刺网
12995,29.00138888888889,125.68341666666667,1.8,180.0,2019-02-18 22:39:43,刺网
12995,29.001361111111112,125.68338888888893,0.8,0.0,2019-02-18 22:49:43,刺网
12995,29.001305555555557,125.68344444444445,2.7,108.0,2019-02-18 22:59:43,刺网
12995,29.00108333333333,125.68369444444444,1.5,135.0,2019-02-18 23:09:43,刺网
12995,29.00094444444445,125.68375,0.9,96.0,2019-02-18 23:19:43,刺网
12995,29.000888888888888,125.68380555555555,2.1,10.0,2019-02-18 23:29:43,刺网
12995,29.00086111111111,125.68380555555555,1.7,104.0,2019-02-18 23:39:43,刺网
12995,29.00072222222222,125.68386111111113,0.3,0.0,2019-02-18 23:49:43,刺网
12995,29.00063888888889,125.68391666666666,1.5,237.0,2019-02-18 23:59:43,刺网
12995,29.000555555555554,125.6839722222222,1.2,297.0,2019-02-19 00:09:42,刺网
12995,29.00044444444445,125.684,0.4,10.0,2019-02-19 00:19:42,刺网
12995,29.000277777777786,125.68408333333332,1.0,174.0,2019-02-19 00:29:42,刺网
12995,29.00011111111111,125.68408333333332,0.4,43.0,2019-02-19 00:39:42,刺网
12995,29.000166666666665,125.68408333333332,0.7,66.0,2019-02-19 00:49:42,刺网
12995,29.000055555555555,125.68408333333332,2.1,54.0,2019-02-19 00:59:42,刺网
12995,29.000027777777767,125.68405555555556,1.8,145.0,2019-02-19 01:09:42,刺网
12995,28.999972222222233,125.68408333333332,1.3,24.0,2019-02-19 01:19:42,刺网
12995,29.00008333333333,125.68408333333332,0.9,55.0,2019-02-19 01:29:42,刺网
12995,29.000222222222234,125.6839722222222,0.3,77.0,2019-02-19 01:39:42,刺网
12995,29.00044444444445,125.68391666666666,0.6,53.0,2019-02-19 01:49:42,刺网
12995,29.00036111111111,125.68391666666666,0.8,128.0,2019-02-19 01:59:41,刺网
12995,29.000416666666666,125.68375,1.0,131.0,2019-02-19 02:09:41,刺网
12995,29.00072222222222,125.68352777777778,0.6,294.0,2019-02-19 02:19:41,刺网
12995,29.00111111111111,125.68291666666669,1.2,135.0,2019-02-19 02:29:41,刺网
12995,29.001777777777768,125.68208333333334,2.0,300.0,2019-02-19 02:39:41,刺网
12995,29.002194444444445,125.68119444444444,0.7,194.0,2019-02-19 02:49:41,刺网
12995,29.00213888888889,125.68063888888894,0.5,333.0,2019-02-19 02:59:41,刺网
12995,29.00216666666667,125.68069444444444,1.0,85.0,2019-02-19 03:09:44,刺网
12995,29.002111111111113,125.68052777777778,0.8,258.0,2019-02-19 03:19:43,刺网
12995,29.00188888888889,125.68,0.9,317.0,2019-02-19 03:29:43,刺网
12995,29.001666666666665,125.67958333333333,0.5,124.0,2019-02-19 03:39:43,刺网
12995,29.001305555555557,125.67919444444445,0.7,215.0,2019-02-19 03:49:43,刺网
12995,29.001027777777786,125.67911111111113,1.4,133.0,2019-02-19 03:59:43,刺网
12995,29.001805555555553,125.684,7.3,4.0,2019-02-19 04:09:43,刺网
12995,29.02188888888889,125.68380555555555,7.9,5.0,2019-02-19 04:19:43,刺网
12995,29.04275,125.6839722222222,7.6,358.0,2019-02-19 04:29:43,刺网
12995,29.04316666666667,125.68933333333334,7.1,185.0,2019-02-19 04:39:43,刺网
12995,29.021472222222233,125.68933333333334,7.3,184.0,2019-02-19 04:49:43,刺网
12995,29.00225,125.6895,7.6,186.0,2019-02-19 04:59:43,刺网
12995,29.00525,125.69505555555556,8.4,357.0,2019-02-19 05:09:42,刺网
12995,29.028000000000002,125.69519444444445,8.5,7.0,2019-02-19 05:19:42,刺网
12995,29.05025,125.6954722222222,6.3,61.0,2019-02-19 05:29:42,刺网
12995,29.034111111111113,125.7,7.6,185.0,2019-02-19 05:39:42,刺网
12995,29.01394444444445,125.70055555555555,7.3,173.0,2019-02-19 05:49:42,刺网
12995,28.99391666666667,125.7005,7.0,183.0,2019-02-19 05:59:42,刺网
12995,29.00819444444444,125.70658333333334,7.3,350.0,2019-02-19 06:09:42,刺网
12995,29.029777777777767,125.70661111111113,7.5,8.0,2019-02-19 06:19:42,刺网
12995,29.0465,125.71161111111113,6.7,97.0,2019-02-19 06:29:42,刺网
12995,29.02758333333333,125.71216666666666,7.1,183.0,2019-02-19 06:39:42,刺网
12995,29.007527777777767,125.71233333333332,7.4,167.0,2019-02-19 06:49:42,刺网
12995,28.998472222222233,125.71836111111112,8.0,356.0,2019-02-19 06:59:41,刺网
12995,29.01883333333333,125.71833333333332,8.2,5.0,2019-02-19 07:09:41,刺网
12995,29.04066666666667,125.71830555555556,7.2,3.0,2019-02-19 07:19:41,刺网
12995,29.05488888888889,125.71461111111113,6.6,228.0,2019-02-19 07:29:41,刺网
12995,29.040111111111113,125.70077777777777,7.2,216.0,2019-02-19 07:39:41,刺网
12995,29.025166666666664,125.68708333333332,7.1,213.0,2019-02-19 07:49:41,刺网
12995,29.025277777777767,125.68602777777778,2.2,28.0,2019-02-19 07:59:41,刺网
12995,29.028666666666666,125.68680555555555,1.9,354.0,2019-02-19 08:09:41,刺网
12995,29.031944444444445,125.68866666666668,1.7,65.0,2019-02-19 08:19:43,刺网
12995,29.03483333333333,125.69166666666668,1.7,77.0,2019-02-19 08:29:44,刺网
12995,29.03816666666667,125.69861111111112,2.3,113.0,2019-02-19 08:49:43,刺网
12995,29.039527777777767,125.70241666666666,1.4,52.0,2019-02-19 08:59:43,刺网
12995,29.04066666666667,125.7065,1.4,93.0,2019-02-19 09:09:43,刺网
12995,29.041472222222215,125.71025,1.9,75.0,2019-02-19 09:19:43,刺网
12995,29.03886111111111,125.70188888888887,7.7,253.0,2019-02-19 09:29:43,刺网
12995,29.03308333333333,125.6795,6.9,253.0,2019-02-19 09:39:43,刺网
12995,29.028000000000002,125.66575,1.9,164.0,2019-02-19 09:49:43,刺网
12995,29.034055555555554,125.6687777777778,2.9,4.0,2019-02-19 09:59:43,刺网
12995,29.04347222222223,125.66930555555555,3.2,18.0,2019-02-19 10:09:42,刺网
12995,29.053222222222214,125.66811111111113,3.4,5.0,2019-02-19 10:19:42,刺网
12995,29.062527777777767,125.66575,3.2,353.0,2019-02-19 10:29:42,刺网
12995,29.07033333333333,125.66336111111113,3.2,344.0,2019-02-19 10:39:42,刺网
12995,29.073638888888887,125.66727777777778,3.9,143.0,2019-02-19 10:49:42,刺网
12995,29.066194444444445,125.67411111111113,3.4,145.0,2019-02-19 10:59:42,刺网
12995,29.057722222222232,125.68011111111113,2.8,150.0,2019-02-19 11:09:42,刺网
12995,29.048444444444453,125.68458333333334,3.1,136.0,2019-02-19 11:19:42,刺网
12995,29.040111111111113,125.68638888888893,3.3,162.0,2019-02-19 11:29:42,刺网
12995,29.031861111111112,125.68861111111113,3.3,178.0,2019-02-19 11:39:42,刺网
12995,29.02433333333333,125.69222222222223,2.5,160.0,2019-02-19 11:49:42,刺网
12995,29.026805555555555,125.69669444444445,3.1,2.0,2019-02-19 11:59:42,刺网
12995,29.034305555555555,125.69727777777778,5.7,7.0,2019-02-19 12:09:41,刺网
12995,29.04255555555555,125.69908333333332,4.6,6.0,2019-02-19 12:19:41,刺网
12995,29.05019444444445,125.69883333333334,2.9,19.0,2019-02-19 12:29:41,刺网
12995,29.0575,125.69733333333332,2.3,345.0,2019-02-19 12:39:41,刺网
12995,29.06433333333333,125.696,2.7,345.0,2019-02-19 12:49:41,刺网
12995,29.070916666666665,125.6975,2.9,84.0,2019-02-19 12:59:41,刺网
12995,29.063666666666666,125.70277777777778,3.0,170.0,2019-02-19 13:09:41,刺网
12995,29.05461111111111,125.70697222222222,3.7,156.0,2019-02-19 13:19:41,刺网
12995,29.046083333333332,125.7109722222222,3.0,160.0,2019-02-19 13:29:43,刺网
12995,29.03919444444445,125.71391666666666,2.8,137.0,2019-02-19 13:39:43,刺网
12995,29.031805555555554,125.7162777777778,2.7,179.0,2019-02-19 13:49:43,刺网
12995,29.02419444444445,125.71836111111112,2.9,174.0,2019-02-19 13:59:43,刺网
12995,29.01769444444445,125.71886111111112,2.2,176.0,2019-02-19 14:09:43,刺网
12995,29.01016666666667,125.72041666666668,2.6,93.0,2019-02-19 14:19:43,刺网
12995,29.01608333333333,125.72413888888887,1.7,357.0,2019-02-19 14:29:43,刺网
12995,29.02425,125.7265277777778,3.0,358.0,2019-02-19 14:39:43,刺网
12995,29.03275,125.72627777777778,3.1,345.0,2019-02-19 14:49:43,刺网
12995,29.039055555555557,125.72513888888888,3.0,338.0,2019-02-19 14:59:43,刺网
12995,29.046888888888887,125.72322222222223,3.1,337.0,2019-02-19 15:09:43,刺网
12995,29.055055555555555,125.72125,3.4,1.0,2019-02-19 15:19:42,刺网
12995,29.061777777777767,125.72294444444445,2.8,118.0,2019-02-19 15:29:42,刺网
12995,29.05386111111111,125.72811111111113,4.0,184.0,2019-02-19 15:39:42,刺网
12995,29.045361111111113,125.73113888888888,3.7,176.0,2019-02-19 15:49:42,刺网
12995,29.036166666666666,125.73277777777778,3.6,162.0,2019-02-19 15:59:42,刺网
12995,29.02719444444445,125.73311111111113,2.7,208.0,2019-02-19 16:09:42,刺网
12995,29.018277777777786,125.73288888888894,3.4,186.0,2019-02-19 16:19:42,刺网
12995,29.01075,125.73313888888887,2.2,143.0,2019-02-19 16:29:42,刺网
12995,29.016444444444453,125.73705555555556,3.3,10.0,2019-02-19 16:39:42,刺网
12995,29.025277777777767,125.73861111111113,3.2,343.0,2019-02-19 16:49:42,刺网
12995,29.034305555555555,125.7384722222222,2.9,352.0,2019-02-19 16:59:41,刺网
12995,29.043527777777786,125.73777777777778,4.0,352.0,2019-02-19 17:09:41,刺网
12995,29.05266666666667,125.73677777777776,3.1,350.0,2019-02-19 17:19:41,刺网
12995,29.06088888888889,125.73588888888894,3.3,337.0,2019-02-19 17:29:41,刺网
12995,29.06511111111111,125.73336111111112,4.5,175.0,2019-02-19 17:39:41,刺网
12995,29.08088888888889,125.6985,7.7,299.0,2019-02-19 17:59:41,刺网
12995,29.08991666666667,125.67697222222222,7.6,295.0,2019-02-19 18:09:41,刺网
12995,29.09486111111111,125.66602777777778,3.0,286.0,2019-02-19 18:19:41,刺网
12995,29.10458333333333,125.66672222222223,4.0,10.0,2019-02-19 18:29:41,刺网
12995,29.113972222222234,125.6760277777778,4.7,45.0,2019-02-19 18:39:40,刺网
12995,29.12130555555556,125.69458333333333,6.3,69.0,2019-02-19 18:49:40,刺网
12995,29.127055555555554,125.71461111111113,6.8,74.0,2019-02-19 18:59:43,刺网
12995,29.13369444444445,125.7374722222222,7.4,75.0,2019-02-19 19:09:43,刺网
12995,29.140416666666663,125.76072222222223,7.8,71.0,2019-02-19 19:19:43,刺网
12995,29.149027777777768,125.77788888888887,2.3,341.0,2019-02-19 19:29:43,刺网
12995,29.14986111111111,125.7785,1.7,326.0,2019-02-19 19:39:43,刺网
12995,29.150388888888887,125.77883333333332,0.6,0.0,2019-02-19 19:49:43,刺网
12995,29.15083333333333,125.77869444444444,0.5,73.0,2019-02-19 19:59:43,刺网
12995,29.15025,125.7789722222222,1.8,305.0,2019-02-19 20:19:42,刺网
12995,29.15061111111111,125.77922222222223,1.4,40.0,2019-02-19 20:29:42,刺网
12995,29.150916666666664,125.77925,0.6,147.0,2019-02-19 20:39:42,刺网
12995,29.151111111111113,125.7789722222222,0.4,313.0,2019-02-19 20:49:42,刺网
12995,29.151166666666665,125.77888888888887,0.4,132.0,2019-02-19 20:59:42,刺网
12995,29.15108333333333,125.77908333333332,0.6,12.0,2019-02-19 21:09:42,刺网
12995,29.15097222222222,125.7792777777778,0.7,2.0,2019-02-19 21:19:42,刺网
12995,29.15083333333333,125.77941666666666,1.1,156.0,2019-02-19 21:29:42,刺网
12995,29.15055555555555,125.77977777777778,0.7,54.0,2019-02-19 21:39:42,刺网
12995,29.15033333333333,125.77994444444445,0.9,131.0,2019-02-19 21:49:42,刺网
12995,29.150166666666664,125.7800277777778,0.7,150.0,2019-02-19 21:59:42,刺网
12995,29.150166666666664,125.78005555555555,1.1,348.0,2019-02-19 22:09:41,刺网
12995,29.150055555555554,125.78011111111113,0.5,201.0,2019-02-19 22:19:41,刺网
12995,29.14997222222223,125.78013888888887,0.9,40.0,2019-02-19 22:29:41,刺网
12995,29.149777777777786,125.78019444444445,0.7,277.0,2019-02-19 22:39:41,刺网
12995,29.149611111111113,125.78022222222219,0.6,175.0,2019-02-19 22:49:41,刺网
12995,29.149444444444452,125.78036111111112,1.2,88.0,2019-02-19 22:59:41,刺网
12995,29.14925,125.78036111111112,1.2,125.0,2019-02-19 23:09:41,刺网
12995,29.14908333333333,125.78036111111112,0.7,81.0,2019-02-19 23:19:41,刺网
12995,29.14908333333333,125.78030555555556,1.5,47.0,2019-02-19 23:29:41,刺网
12995,29.149,125.78030555555556,1.1,45.0,2019-02-19 23:39:41,刺网
12995,29.148888888888887,125.78022222222219,1.0,146.0,2019-02-19 23:49:41,刺网
12995,29.148777777777767,125.78019444444445,1.2,0.0,2019-02-19 23:59:40,刺网
12995,29.14880555555556,125.78019444444445,0.8,121.0,2019-02-20 00:09:40,刺网
12995,29.14875,125.78019444444445,0.4,284.0,2019-02-20 00:19:43,刺网
12995,29.148611111111112,125.78013888888887,0.3,0.0,2019-02-20 00:29:43,刺网
12995,29.1485,125.78008333333334,0.8,80.0,2019-02-20 00:39:43,刺网
12995,29.14833333333333,125.78,0.9,103.0,2019-02-20 00:49:43,刺网
12995,29.14830555555556,125.78,0.6,291.0,2019-02-20 00:59:43,刺网
12995,29.14830555555556,125.78,0.6,273.0,2019-02-20 01:09:43,刺网
12995,29.14822222222222,125.7799722222222,1.6,212.0,2019-02-20 01:19:43,刺网
12995,29.148138888888887,125.77986111111107,0.6,136.0,2019-02-20 01:29:42,刺网
12995,29.148055555555555,125.77983333333331,0.6,319.0,2019-02-20 01:39:42,刺网
12995,29.14788888888889,125.77969444444444,0.2,0.0,2019-02-20 01:49:42,刺网
12995,29.14783333333333,125.77961111111112,0.8,202.0,2019-02-20 01:59:42,刺网
12995,29.14777777777777,125.77955555555555,0.9,180.0,2019-02-20 02:09:42,刺网
12995,29.14763888888889,125.77936111111113,0.4,0.0,2019-02-20 02:19:42,刺网
12995,29.14761111111111,125.77930555555555,0.5,41.0,2019-02-20 02:29:42,刺网
12995,29.14758333333333,125.7792777777778,0.2,0.0,2019-02-20 02:39:42,刺网
12995,29.147527777777785,125.77916666666668,0.2,0.0,2019-02-20 02:49:42,刺网
12995,29.147472222222234,125.77905555555556,0.7,227.0,2019-02-20 02:59:42,刺网
12995,29.147444444444453,125.77888888888887,0.6,115.0,2019-02-20 03:09:42,刺网
12995,29.147444444444453,125.77894444444445,0.3,228.0,2019-02-20 03:19:41,刺网
12995,29.14733333333333,125.77866666666668,0.5,9.0,2019-02-20 03:29:41,刺网
12995,29.14708333333333,125.77811111111113,1.0,273.0,2019-02-20 03:39:41,刺网
12995,29.147277777777767,125.77838888888893,0.1,0.0,2019-02-20 03:49:41,刺网
12995,29.149361111111112,125.77816666666666,1.4,51.0,2019-02-20 03:59:41,刺网
12995,29.161527777777767,125.78236111111107,7.2,354.0,2019-02-20 04:09:41,刺网
12995,29.181583333333336,125.78219444444444,7.6,1.0,2019-02-20 04:19:41,刺网
12995,29.201472222222232,125.78294444444445,6.7,92.0,2019-02-20 04:29:41,刺网
12995,29.180277777777786,125.78783333333334,7.3,183.0,2019-02-20 04:39:41,刺网
12995,29.15963888888889,125.78813888888894,8.2,185.0,2019-02-20 04:49:41,刺网
12995,29.145777777777766,125.79361111111106,7.7,5.0,2019-02-20 04:59:41,刺网
12995,29.16641666666667,125.79369444444444,7.6,355.0,2019-02-20 05:09:41,刺网
12995,29.18783333333333,125.79347222222222,7.4,2.0,2019-02-20 05:19:40,刺网
12995,29.19619444444445,125.79897222222222,7.9,181.0,2019-02-20 05:29:40,刺网
12995,29.173861111111112,125.79911111111107,8.2,178.0,2019-02-20 05:39:40,刺网
12995,29.15158333333333,125.79936111111112,8.4,181.0,2019-02-20 05:49:40,刺网
12995,29.151527777777765,125.80480555555555,8.2,9.0,2019-02-20 05:59:43,刺网
12995,29.17475,125.80491666666668,8.1,5.0,2019-02-20 06:09:43,刺网
12995,29.199,125.80527777777776,8.4,4.0,2019-02-20 06:19:43,刺网
12995,29.18302777777778,125.81052777777776,8.0,179.0,2019-02-20 06:29:43,刺网
12995,29.160305555555553,125.81094444444444,8.5,180.0,2019-02-20 06:39:43,刺网
12995,29.139388888888888,125.81452777777778,7.8,89.0,2019-02-20 06:49:42,刺网
12995,29.159722222222214,125.81663888888887,8.2,352.0,2019-02-20 06:59:42,刺网
12995,29.18363888888889,125.81613888888887,8.5,4.0,2019-02-20 07:09:42,刺网
12995,29.183833333333336,125.8042222222222,7.9,221.0,2019-02-20 07:19:42,刺网
12995,29.16863888888889,125.78625,4.5,246.0,2019-02-20 07:29:42,刺网
12995,29.168861111111113,125.78191666666666,1.3,339.0,2019-02-20 07:39:42,刺网
12995,29.169583333333332,125.78086111111112,1.0,237.0,2019-02-20 07:49:42,刺网
12995,29.17025000000001,125.77977777777778,0.7,133.0,2019-02-20 07:59:42,刺网
12995,29.17102777777778,125.77916666666668,1.3,143.0,2019-02-20 08:09:42,刺网
12995,29.171805555555554,125.77827777777777,2.1,335.0,2019-02-20 08:19:41,刺网
12995,29.17275,125.7775277777778,0.4,0.0,2019-02-20 08:29:41,刺网
12995,29.173666666666666,125.7769722222222,0.4,0.0,2019-02-20 08:39:41,刺网
12995,29.17463888888889,125.77708333333332,2.2,97.0,2019-02-20 08:49:41,刺网
12995,29.175638888888887,125.7775277777778,0.8,7.0,2019-02-20 08:59:41,刺网
12995,29.176527777777785,125.77763888888887,0.4,6.0,2019-02-20 09:09:41,刺网
12995,29.17736111111111,125.77827777777777,1.5,162.0,2019-02-20 09:19:41,刺网
12995,29.178222222222214,125.7789722222222,1.3,18.0,2019-02-20 09:29:41,刺网
12995,29.17538888888889,125.76966666666668,5.2,237.0,2019-02-20 09:39:41,刺网
12995,29.170472222222234,125.75769444444445,1.9,158.0,2019-02-20 09:49:41,刺网
12995,29.17533333333333,125.75538888888887,3.8,5.0,2019-02-20 09:59:41,刺网
12995,29.184777777777786,125.75530555555555,3.4,344.0,2019-02-20 10:09:41,刺网
12995,29.19383333333333,125.7559722222222,3.8,12.0,2019-02-20 10:19:40,刺网
12995,29.2035,125.75611111111112,3.9,9.0,2019-02-20 10:29:40,刺网
12995,29.21075,125.75558333333332,2.5,11.0,2019-02-20 10:39:40,刺网
12995,29.21575,125.75711111111113,0.8,48.0,2019-02-20 10:49:40,刺网
12995,29.214944444444445,125.76183333333334,1.7,132.0,2019-02-20 10:59:40,刺网
12995,29.211527777777768,125.76419444444444,2.7,189.0,2019-02-20 11:09:40,刺网
12995,29.20363888888889,125.76688888888887,3.6,153.0,2019-02-20 11:19:40,刺网
12995,29.19461111111111,125.76972222222223,3.1,171.0,2019-02-20 11:29:43,刺网
12995,29.185861111111112,125.7717222222222,3.4,157.0,2019-02-20 11:39:43,刺网
12995,29.177555555555557,125.77405555555555,3.1,169.0,2019-02-20 11:49:43,刺网
12995,29.170638888888888,125.77486111111112,2.1,192.0,2019-02-20 11:59:42,刺网
12995,29.16966666666667,125.7805,2.3,77.0,2019-02-20 12:09:42,刺网
12995,29.17183333333333,125.78255555555555,2.9,30.0,2019-02-20 12:19:43,刺网
12995,29.178305555555557,125.7847222222222,2.6,3.0,2019-02-20 12:29:42,刺网
12995,29.186166666666665,125.78566666666666,2.8,356.0,2019-02-20 12:39:42,刺网
12995,29.19333333333333,125.78625,2.9,11.0,2019-02-20 12:49:42,刺网
12995,29.20069444444444,125.78530555555555,2.2,334.0,2019-02-20 12:59:42,刺网
12995,29.207666666666665,125.78613888888887,2.5,9.0,2019-02-20 13:09:42,刺网
12995,29.213222222222214,125.78930555555556,2.6,79.0,2019-02-20 13:19:42,刺网
12995,29.210305555555554,125.79380555555555,2.4,155.0,2019-02-20 13:29:42,刺网
12995,29.203722222222233,125.79566666666666,2.9,151.0,2019-02-20 13:39:42,刺网
12995,29.197722222222232,125.79638888888887,1.5,160.0,2019-02-20 13:49:42,刺网
12995,29.191805555555554,125.79988888888887,3.1,138.0,2019-02-20 13:59:41,刺网
12995,29.185055555555554,125.80227777777776,2.6,163.0,2019-02-20 14:09:41,刺网
12995,29.17833333333333,125.8045,3.4,167.0,2019-02-20 14:19:41,刺网
12995,29.170388888888887,125.80527777777776,3.4,195.0,2019-02-20 14:29:41,刺网
12995,29.161972222222214,125.80755555555555,3.0,177.0,2019-02-20 14:39:41,刺网
12995,29.157138888888888,125.80708333333332,1.3,312.0,2019-02-20 14:49:41,刺网
12995,29.160805555555555,125.81216666666666,3.2,36.0,2019-02-20 14:59:41,刺网
12995,29.168388888888888,125.81313888888887,2.7,354.0,2019-02-20 15:09:41,刺网
12995,29.176,125.81211111111112,2.1,331.0,2019-02-20 15:19:41,刺网
12995,29.184472222222233,125.81111111111107,3.0,8.0,2019-02-20 15:29:41,刺网
12995,29.191555555555553,125.81047222222222,3.1,340.0,2019-02-20 15:39:41,刺网
12995,29.19805555555555,125.81030555555556,1.4,344.0,2019-02-20 15:49:41,刺网
12995,29.202861111111112,125.81227777777778,2.3,66.0,2019-02-20 15:59:40,刺网
12995,29.20344444444445,125.8165,0.6,0.0,2019-02-20 16:09:40,刺网
12995,29.20283333333333,125.8160277777778,2.5,213.0,2019-02-20 16:19:40,刺网
12995,29.198277777777786,125.81744444444445,2.4,159.0,2019-02-20 16:29:40,刺网
12995,29.1915,125.81741666666666,2.2,183.0,2019-02-20 16:39:40,刺网
12995,29.18466666666667,125.81786111111113,1.9,174.0,2019-02-20 16:49:40,刺网
12995,29.178000000000004,125.81941666666664,1.7,163.0,2019-02-20 16:59:43,刺网
12995,29.171972222222234,125.8204722222222,2.6,177.0,2019-02-20 17:09:43,刺网
12995,29.16425,125.82075,3.0,171.0,2019-02-20 17:19:42,刺网
12995,29.156305555555555,125.82063888888894,3.0,168.0,2019-02-20 17:29:42,刺网
12995,29.151888888888887,125.82175,1.3,46.0,2019-02-20 17:39:42,刺网
12995,29.156722222222214,125.82333333333332,2.6,355.0,2019-02-20 17:49:42,刺网
12995,29.162416666666665,125.8227222222222,2.4,349.0,2019-02-20 17:59:42,刺网
12995,29.16869444444445,125.82219444444445,2.4,3.0,2019-02-20 18:09:42,刺网
12995,29.174611111111112,125.82219444444445,2.5,9.0,2019-02-20 18:19:42,刺网
12995,29.18138888888889,125.82080555555555,2.4,15.0,2019-02-20 18:29:42,刺网
12995,29.187638888888888,125.81938888888888,1.9,354.0,2019-02-20 18:39:42,刺网
12995,29.194388888888888,125.81986111111112,2.2,12.0,2019-02-20 18:49:42,刺网
12995,29.195888888888888,125.82052777777777,7.5,222.0,2019-02-20 18:59:42,刺网
12995,29.18694444444445,125.79886111111112,7.6,249.0,2019-02-20 19:09:42,刺网
12995,29.178166666666666,125.77713888888887,7.6,245.0,2019-02-20 19:19:42,刺网
12995,29.173305555555558,125.76316666666666,5.3,226.0,2019-02-20 19:29:41,刺网
12995,29.167222222222215,125.74638888888887,5.6,242.0,2019-02-20 19:39:41,刺网
12995,29.16161111111111,125.72327777777778,7.3,254.0,2019-02-20 19:49:41,刺网
12995,29.156805555555554,125.70233333333331,7.1,257.0,2019-02-20 19:59:41,刺网
12995,29.15163888888889,125.67961111111113,7.5,258.0,2019-02-20 20:09:41,刺网
12995,29.14719444444445,125.65986111111113,5.8,247.0,2019-02-20 20:19:41,刺网
12995,29.142888888888887,125.64186111111113,5.9,260.0,2019-02-20 20:29:41,刺网
12995,29.13588888888889,125.62633333333332,4.0,246.0,2019-02-20 20:39:41,刺网
12995,29.13383333333333,125.62222222222222,1.1,288.0,2019-02-20 20:49:41,刺网
12995,29.13375,125.62002777777776,0.9,252.0,2019-02-20 20:59:41,刺网
12995,29.13361111111111,125.61808333333332,0.7,267.0,2019-02-20 21:09:40,刺网
12995,29.12975,125.61855555555556,2.1,185.0,2019-02-20 21:19:40,刺网
12995,29.12694444444445,125.6195277777778,1.3,131.0,2019-02-20 21:29:40,刺网
12995,29.11941666666667,125.61902777777777,3.2,183.0,2019-02-20 21:39:40,刺网
12995,29.110888888888887,125.61569444444444,3.5,198.0,2019-02-20 21:49:40,刺网
12995,29.102305555555557,125.61038888888888,3.5,193.0,2019-02-20 21:59:40,刺网
12995,29.09725,125.60613888888888,1.8,42.0,2019-02-20 22:09:40,刺网
12995,29.09663888888889,125.60477777777778,1.4,250.0,2019-02-20 22:19:43,刺网
12995,29.095916666666664,125.6045277777778,0.6,191.0,2019-02-20 22:29:43,刺网
12995,29.09525,125.60558333333331,0.1,0.0,2019-02-20 22:39:42,刺网
12995,29.09536111111111,125.60541666666666,0.2,0.0,2019-02-20 22:49:42,刺网
12995,29.0955,125.60505555555555,0.4,0.0,2019-02-20 22:59:42,刺网
12995,29.0955,125.605,0.3,0.0,2019-02-20 23:09:42,刺网
12995,29.095472222222234,125.60516666666666,0.3,0.0,2019-02-20 23:19:42,刺网
12995,29.095305555555555,125.60558333333331,0.4,52.0,2019-02-20 23:29:42,刺网
12995,29.09525,125.60611111111106,0.7,13.0,2019-02-20 23:39:42,刺网
12995,29.095277777777767,125.60666666666664,0.1,0.0,2019-02-20 23:49:42,刺网
12995,29.095388888888888,125.60713888888887,0.3,0.0,2019-02-20 23:59:42,刺网
12995,29.09558333333333,125.60758333333332,0.2,0.0,2019-02-21 00:09:42,刺网
12995,29.09569444444444,125.60783333333332,0.4,206.0,2019-02-21 00:19:42,刺网
12995,29.095805555555554,125.60788888888888,0.2,0.0,2019-02-21 00:29:41,刺网
12995,29.09594444444444,125.60808333333333,0.3,0.0,2019-02-21 00:39:41,刺网
12995,29.09588888888889,125.60799999999999,0.5,216.0,2019-02-21 00:49:41,刺网
12995,29.09588888888889,125.60808333333333,0.7,219.0,2019-02-21 00:59:41,刺网
12995,29.09572222222221,125.60786111111106,0.3,0.0,2019-02-21 01:09:41,刺网
12995,29.095666666666666,125.60783333333332,0.6,292.0,2019-02-21 01:19:41,刺网
12995,29.09558333333333,125.60769444444445,0.1,0.0,2019-02-21 01:29:41,刺网
12995,29.095472222222234,125.60752777777776,0.4,35.0,2019-02-21 01:39:41,刺网
12995,29.09536111111111,125.60736111111108,0.1,0.0,2019-02-21 01:49:41,刺网
12995,29.09536111111111,125.60733333333332,0.7,242.0,2019-02-21 01:59:40,刺网
12995,29.095277777777767,125.60705555555555,0.7,222.0,2019-02-21 02:09:40,刺网
12995,29.095194444444445,125.60686111111107,0.6,287.0,2019-02-21 02:19:40,刺网
12995,29.095194444444445,125.60675,0.3,0.0,2019-02-21 02:29:40,刺网
12995,29.095166666666664,125.6064722222222,0.3,254.0,2019-02-21 02:39:40,刺网
12995,29.09513888888889,125.60636111111107,1.2,240.0,2019-02-21 02:49:40,刺网
12995,29.095111111111112,125.60619444444444,0.5,86.0,2019-02-21 02:59:40,刺网
12995,29.095111111111112,125.60613888888888,0.7,63.0,2019-02-21 03:09:40,刺网
12995,29.095111111111112,125.60597222222219,0.4,241.0,2019-02-21 03:19:40,刺网
12995,29.095166666666664,125.60569444444445,0.2,0.0,2019-02-21 03:29:40,刺网
12995,29.095166666666664,125.60566666666666,0.3,0.0,2019-02-21 03:39:40,刺网
12995,29.095166666666664,125.60544444444444,0.9,188.0,2019-02-21 03:49:43,刺网
12995,29.09594444444444,125.60688888888888,3.4,22.0,2019-02-21 03:59:42,刺网
12995,29.104138888888887,125.60372222222222,5.1,3.0,2019-02-21 04:09:42,刺网
12995,29.120972222222214,125.60361111111106,6.6,1.0,2019-02-21 04:19:42,刺网
12995,29.139388888888888,125.60336111111107,6.0,351.0,2019-02-21 04:29:42,刺网
12995,29.14683333333333,125.60955555555556,8.4,183.0,2019-02-21 04:39:42,刺网
12995,29.12597222222222,125.60955555555556,6.5,178.0,2019-02-21 04:49:42,刺网
12995,29.105583333333332,125.60988888888888,7.2,179.0,2019-02-21 04:59:42,刺网
12995,29.10447222222223,125.61566666666666,5.4,5.0,2019-02-21 05:19:42,刺网
12995,29.12211111111111,125.61536111111113,7.1,349.0,2019-02-21 05:29:42,刺网
12995,29.11261111111111,125.62222222222222,7.4,166.0,2019-02-21 05:39:41,刺网
12995,29.09216666666667,125.6255,7.8,176.0,2019-02-21 05:49:41,刺网
12995,29.09133333333333,125.64350000000002,6.3,89.0,2019-02-21 05:59:41,刺网
12995,29.10327777777778,125.65233333333332,5.5,8.0,2019-02-21 06:09:41,刺网
12995,29.122138888888887,125.65330555555555,6.9,2.0,2019-02-21 06:19:41,刺网
12995,29.1415,125.65341666666669,7.8,359.0,2019-02-21 06:29:41,刺网
12995,29.12611111111111,125.659,7.4,174.0,2019-02-21 06:39:41,刺网
12995,29.106444444444445,125.65905555555555,7.6,183.0,2019-02-21 06:49:41,刺网
12995,29.08572222222222,125.65902777777778,7.6,180.0,2019-02-21 06:59:41,刺网
12995,29.09466666666667,125.66605555555556,6.9,356.0,2019-02-21 07:09:41,刺网
12995,29.11358333333333,125.66591666666667,6.9,4.0,2019-02-21 07:19:41,刺网
12995,29.132777777777786,125.66575,5.8,354.0,2019-02-21 07:29:40,刺网
12995,29.129361111111113,125.64597222222223,7.2,260.0,2019-02-21 07:39:40,刺网
12995,29.126361111111112,125.62975,3.0,303.0,2019-02-21 07:59:40,刺网
12995,29.12558333333333,125.62483333333331,2.8,250.0,2019-02-21 08:09:40,刺网
12995,29.125166666666665,125.62024999999998,3.0,250.0,2019-02-21 08:19:40,刺网
12995,29.124944444444445,125.61594444444445,2.3,253.0,2019-02-21 08:29:40,刺网
12995,29.12463888888889,125.61183333333334,1.4,0.0,2019-02-21 08:39:40,刺网
12995,29.12436111111111,125.60766666666666,2.0,229.0,2019-02-21 08:49:40,刺网
12995,29.124472222222234,125.60016666666668,1.3,259.0,2019-02-21 09:09:40,刺网
12995,29.120166666666666,125.58872222222222,6.8,233.0,2019-02-21 09:19:42,刺网
12995,29.109444444444453,125.5695,6.9,264.0,2019-02-21 09:29:42,刺网
12995,29.1075,125.57255555555555,3.1,76.0,2019-02-21 09:39:42,刺网
12995,29.115,125.57641666666666,3.8,28.0,2019-02-21 09:49:42,刺网
12995,29.135416666666664,125.57630555555555,3.2,346.0,2019-02-21 10:09:42,刺网
12995,29.14538888888889,125.5762777777778,4.1,351.0,2019-02-21 10:19:42,刺网
12995,29.154972222222234,125.57508333333334,3.2,18.0,2019-02-21 10:29:42,刺网
12995,29.16344444444444,125.57830555555556,3.4,47.0,2019-02-21 10:39:42,刺网
12995,29.157611111111112,125.58327777777777,3.3,131.0,2019-02-21 10:49:42,刺网
12995,29.14866666666667,125.58583333333333,3.2,187.0,2019-02-21 10:59:41,刺网
12995,29.140527777777766,125.58572222222222,3.4,159.0,2019-02-21 11:09:41,刺网
12995,29.123472222222233,125.58791666666666,2.7,165.0,2019-02-21 11:29:41,刺网
12995,29.115333333333336,125.58741666666668,2.6,171.0,2019-02-21 11:39:41,刺网
12995,29.109444444444453,125.58944444444445,3.0,140.0,2019-02-21 11:49:41,刺网
12995,29.1095,125.59055555555555,2.0,87.0,2019-02-21 11:59:41,刺网
12995,29.110277777777767,125.59338888888892,0.6,284.0,2019-02-21 12:09:41,刺网
12995,29.114277777777787,125.59644444444444,3.3,15.0,2019-02-21 12:19:41,刺网
12995,29.12311111111111,125.59841666666668,3.3,10.0,2019-02-21 12:29:41,刺网
12995,29.130805555555558,125.60088888888887,1.9,17.0,2019-02-21 12:39:40,刺网
12995,29.138222222222232,125.60511111111107,2.5,19.0,2019-02-21 12:49:40,刺网
12995,29.138027777777786,125.6104722222222,3.8,149.0,2019-02-21 12:59:40,刺网
12995,29.12958333333333,125.61452777777778,3.1,159.0,2019-02-21 13:09:40,刺网
12995,29.12236111111111,125.61572222222222,2.3,183.0,2019-02-21 13:19:40,刺网
12995,29.115722222222214,125.61622222222222,2.0,180.0,2019-02-21 13:29:40,刺网
12995,29.10908333333333,125.61852777777777,2.7,176.0,2019-02-21 13:39:40,刺网
12995,29.105138888888888,125.62605555555555,3.8,81.0,2019-02-21 13:49:40,刺网
12995,29.10775000000001,125.63694444444445,3.5,69.0,2019-02-21 13:59:40,刺网
12995,29.113833333333336,125.64088888888894,3.0,342.0,2019-02-21 14:09:40,刺网
12995,29.11944444444445,125.63625,3.0,328.0,2019-02-21 14:19:39,刺网
12995,29.124722222222214,125.62941666666666,2.8,309.0,2019-02-21 14:29:39,刺网
12995,29.129527777777767,125.62299999999999,2.3,317.0,2019-02-21 14:39:42,刺网
12995,29.13075000000001,125.62233333333332,5.1,63.0,2019-02-21 14:49:42,刺网
12995,29.143027777777768,125.64294444444445,7.6,55.0,2019-02-21 14:59:42,刺网
12995,29.14983333333333,125.65352777777778,1.0,318.0,2019-02-21 15:09:42,刺网
12995,29.141805555555553,125.65305555555555,3.4,191.0,2019-02-21 15:19:42,刺网
12995,29.133805555555558,125.64825,3.9,229.0,2019-02-21 15:29:42,刺网
12995,29.12833333333333,125.64138888888893,3.1,241.0,2019-02-21 15:39:42,刺网
12995,29.126555555555555,125.63241666666666,3.6,270.0,2019-02-21 15:49:42,刺网
12995,29.128611111111113,125.62402777777777,2.5,273.0,2019-02-21 15:59:42,刺网
12995,29.13419444444445,125.62758333333332,8.0,62.0,2019-02-21 16:09:41,刺网
12995,29.14208333333333,125.65091666666667,8.8,80.0,2019-02-21 16:19:41,刺网
12995,29.148138888888887,125.65638888888893,2.4,356.0,2019-02-21 16:29:41,刺网
12995,29.14958333333333,125.65733333333334,3.3,145.0,2019-02-21 16:39:41,刺网
12995,29.139833333333332,125.66072222222223,4.0,151.0,2019-02-21 16:49:41,刺网
12995,29.130194444444445,125.66280555555555,4.0,181.0,2019-02-21 16:59:41,刺网
12995,29.120638888888887,125.66430555555556,3.3,190.0,2019-02-21 17:09:41,刺网
12995,29.11269444444445,125.66386111111113,2.8,195.0,2019-02-21 17:19:41,刺网
12995,29.10613888888889,125.66158333333334,2.1,208.0,2019-02-21 17:29:41,刺网
12995,29.103388888888887,125.66116666666667,2.0,126.0,2019-02-21 17:39:41,刺网
12995,29.106805555555557,125.66633333333334,2.8,23.0,2019-02-21 17:49:41,刺网
12995,29.11375,125.66788888888892,2.9,12.0,2019-02-21 17:59:40,刺网
12995,29.12144444444445,125.66861111111113,2.0,21.0,2019-02-21 18:09:40,刺网
12995,29.12908333333333,125.66769444444445,2.9,329.0,2019-02-21 18:19:40,刺网
12995,29.137638888888887,125.66530555555555,2.5,344.0,2019-02-21 18:29:40,刺网
12995,29.144111111111112,125.66205555555555,3.0,334.0,2019-02-21 18:39:40,刺网
12995,29.150055555555554,125.65841666666668,2.3,335.0,2019-02-21 18:49:40,刺网
12995,29.146222222222214,125.65211111111113,6.8,210.0,2019-02-21 18:59:40,刺网
12995,29.12969444444445,125.63925,7.4,210.0,2019-02-21 19:09:40,刺网
12995,29.112222222222233,125.63013888888888,6.4,202.0,2019-02-21 19:19:40,刺网
12995,29.095,125.62719444444444,6.0,177.0,2019-02-21 19:29:40,刺网
12995,29.077361111111113,125.6272777777778,4.2,169.0,2019-02-21 19:39:39,刺网
12995,29.06602777777778,125.6275,4.2,186.0,2019-02-21 19:49:39,刺网
12995,29.053777777777785,125.62755555555556,4.2,176.0,2019-02-21 19:59:42,刺网
12995,29.04141666666667,125.6275,4.5,187.0,2019-02-21 20:09:42,刺网
12995,29.02894444444444,125.62763888888887,5.2,180.0,2019-02-21 20:19:42,刺网
12995,29.016222222222233,125.62741666666666,4.9,170.0,2019-02-21 20:29:42,刺网
12995,29.00575000000001,125.61825,7.6,246.0,2019-02-21 20:39:42,刺网
12995,28.998444444444445,125.60844444444444,4.0,212.0,2019-02-21 20:49:42,刺网
12995,28.992277777777787,125.59577777777777,9.2,240.0,2019-02-21 20:59:42,刺网
12995,28.978444444444442,125.57358333333332,8.6,238.0,2019-02-21 21:09:42,刺网
12995,28.965805555555555,125.55480555555555,9.7,230.0,2019-02-21 21:19:42,刺网
12995,28.951555555555554,125.53308333333332,9.3,227.0,2019-02-21 21:29:41,刺网
12995,28.93869444444445,125.51055555555556,8.5,244.0,2019-02-21 21:39:41,刺网
12995,28.926,125.48655555555555,9.4,242.0,2019-02-21 21:49:41,刺网
12995,28.916888888888888,125.46602777777778,4.3,339.0,2019-02-21 21:59:41,刺网
12995,28.917638888888888,125.46419444444444,1.2,111.0,2019-02-21 22:09:41,刺网
12995,28.9175,125.46336111111113,1.1,119.0,2019-02-21 22:19:41,刺网
12995,28.91758333333333,125.4632777777778,1.3,6.0,2019-02-21 22:29:41,刺网
12995,28.917777777777786,125.46330555555555,0.9,177.0,2019-02-21 22:39:41,刺网
12995,28.91761111111111,125.46336111111113,1.8,145.0,2019-02-21 22:49:40,刺网
12995,28.917388888888887,125.46344444444445,0.1,0.0,2019-02-21 22:59:40,刺网
12995,28.91716666666667,125.46355555555556,0.3,0.0,2019-02-21 23:09:40,刺网
12995,28.91708333333333,125.46358333333332,1.4,218.0,2019-02-21 23:19:40,刺网
12995,28.91683333333333,125.46369444444444,1.8,137.0,2019-02-21 23:29:40,刺网
12995,28.916527777777766,125.46411111111112,0.9,324.0,2019-02-21 23:39:40,刺网
12995,28.91625,125.46472222222219,2.6,109.0,2019-02-21 23:49:40,刺网
12995,28.91619444444445,125.46488888888894,1.0,262.0,2019-02-21 23:59:40,刺网
12995,28.916138888888888,125.46519444444445,1.0,225.0,2019-02-22 00:09:40,刺网
12995,28.916166666666665,125.46569444444445,0.6,267.0,2019-02-22 00:19:40,刺网
12995,28.91627777777777,125.46616666666668,0.8,34.0,2019-02-22 00:29:40,刺网
12995,28.91633333333333,125.46625,0.3,0.0,2019-02-22 00:39:40,刺网
12995,28.91633333333333,125.46638888888887,1.2,83.0,2019-02-22 00:49:40,刺网
12995,28.91638888888889,125.46636111111113,0.6,96.0,2019-02-22 00:59:39,刺网
12995,28.91638888888889,125.46658333333332,0.7,102.0,2019-02-22 01:09:39,刺网
12995,28.916527777777766,125.46688888888887,1.1,264.0,2019-02-22 01:19:39,刺网
12995,28.916694444444445,125.46713888888893,1.6,221.0,2019-02-22 01:29:42,刺网
12995,28.916611111111113,125.46700000000001,0.6,7.0,2019-02-22 01:39:42,刺网
12995,28.916527777777766,125.46688888888887,0.9,245.0,2019-02-22 01:49:42,刺网
12995,28.916555555555554,125.46694444444445,0.7,207.0,2019-02-22 01:59:42,刺网
12995,28.91658333333333,125.4669722222222,0.0,0.0,2019-02-22 02:09:42,刺网
12995,28.916555555555554,125.46691666666666,0.8,269.0,2019-02-22 02:19:42,刺网
12995,28.916472222222215,125.46683333333334,1.6,139.0,2019-02-22 02:29:41,刺网
12995,28.91636111111111,125.46663888888888,0.9,94.0,2019-02-22 02:39:41,刺网
12995,28.91625,125.46633333333334,0.3,0.0,2019-02-22 02:49:41,刺网
12995,28.916138888888888,125.46605555555556,0.6,266.0,2019-02-22 02:59:41,刺网
12995,28.91611111111111,125.46580555555555,0.4,110.0,2019-02-22 03:09:41,刺网
12995,28.91605555555555,125.46558333333333,0.3,43.0,2019-02-22 03:19:41,刺网
12995,28.91605555555555,125.46547222222223,0.6,209.0,2019-02-22 03:29:41,刺网
12995,28.91611111111111,125.46513888888887,0.6,0.0,2019-02-22 03:39:41,刺网
12995,28.91611111111111,125.465,0.4,0.0,2019-02-22 03:49:41,刺网
12995,28.916166666666665,125.46466666666667,0.5,0.0,2019-02-22 03:59:41,刺网
12995,28.916527777777766,125.46480555555556,2.2,17.0,2019-02-22 04:09:40,刺网
12995,28.91311111111111,125.46163888888887,6.6,172.0,2019-02-22 04:19:40,刺网
12995,28.897444444444453,125.46033333333334,6.7,179.0,2019-02-22 04:29:40,刺网
12995,28.877055555555554,125.4605,7.2,178.0,2019-02-22 04:39:40,刺网
12995,28.856222222222215,125.46033333333334,6.8,184.0,2019-02-22 04:49:40,刺网
12995,28.835361111111112,125.4602777777778,7.7,188.0,2019-02-22 04:59:40,刺网
12995,28.840999999999998,125.46713888888893,7.1,7.0,2019-02-22 05:09:40,刺网
12995,28.86030555555556,125.46708333333332,7.1,4.0,2019-02-22 05:19:40,刺网
12995,28.87986111111111,125.46727777777778,6.8,346.0,2019-02-22 05:29:40,刺网
12995,28.89941666666667,125.4675,7.4,2.0,2019-02-22 05:39:40,刺网
12995,28.896694444444442,125.4740277777778,7.3,180.0,2019-02-22 05:49:40,刺网
12995,28.876555555555555,125.47430555555556,6.6,176.0,2019-02-22 05:59:39,刺网
12995,28.856527777777767,125.47433333333332,7.2,171.0,2019-02-22 06:09:39,刺网
12995,28.83661111111111,125.47444444444444,7.0,172.0,2019-02-22 06:19:39,刺网
12995,28.84241666666667,125.48075,7.6,338.0,2019-02-22 06:29:39,刺网
12995,28.860555555555557,125.48069444444445,5.4,3.0,2019-02-22 06:39:39,刺网
12995,28.87811111111111,125.48066666666666,6.7,355.0,2019-02-22 06:49:42,刺网
12995,28.88261111111111,125.47772222222223,1.8,241.0,2019-02-22 06:59:42,刺网
12995,28.882472222222226,125.47283333333334,1.8,251.0,2019-02-22 07:09:42,刺网
12995,28.88191666666667,125.46827777777777,1.6,303.0,2019-02-22 07:19:42,刺网
12995,28.882388888888887,125.46283333333334,7.2,324.0,2019-02-22 07:29:42,刺网
12995,28.894277777777766,125.44816666666668,2.0,280.0,2019-02-22 07:39:42,刺网
12995,28.894527777777785,125.44233333333334,1.7,279.0,2019-02-22 07:49:41,刺网
12995,28.894361111111113,125.43752777777777,2.0,247.0,2019-02-22 07:59:41,刺网
12995,28.894444444444453,125.43261111111113,1.8,277.0,2019-02-22 08:09:41,刺网
12995,28.89491666666667,125.42772222222223,2.6,274.0,2019-02-22 08:19:41,刺网
12995,28.89569444444444,125.42286111111113,1.6,275.0,2019-02-22 08:29:41,刺网
12995,28.898694444444452,125.42183333333334,6.0,75.0,2019-02-22 08:39:41,刺网
12995,28.90633333333333,125.4355277777778,2.1,82.0,2019-02-22 08:49:41,刺网
12995,28.90063888888889,125.43780555555556,2.6,162.0,2019-02-22 08:59:41,刺网
12995,28.892888888888887,125.43694444444445,3.2,211.0,2019-02-22 09:09:41,刺网
12995,28.88513888888889,125.4367777777778,2.7,182.0,2019-02-22 09:19:41,刺网
12995,28.877972222222233,125.43613888888888,1.2,164.0,2019-02-22 09:29:40,刺网
12995,28.870694444444442,125.43483333333332,3.2,163.0,2019-02-22 09:39:40,刺网
12995,28.863222222222234,125.43411111111112,3.2,222.0,2019-02-22 09:49:40,刺网
12995,28.855972222222213,125.43347222222219,2.4,177.0,2019-02-22 09:59:40,刺网
12995,28.84611111111111,125.43675,3.0,32.0,2019-02-22 10:19:40,刺网
12995,28.851972222222226,125.43991666666668,3.9,15.0,2019-02-22 10:29:40,刺网
12995,28.86138888888889,125.44008333333332,3.0,347.0,2019-02-22 10:39:40,刺网
12995,28.870444444444445,125.44019444444444,1.9,323.0,2019-02-22 10:49:40,刺网
12995,28.878555555555558,125.44108333333332,3.4,6.0,2019-02-22 10:59:40,刺网
12995,28.88783333333333,125.44077777777778,3.1,337.0,2019-02-22 11:09:39,刺网
12995,28.89583333333333,125.44066666666667,2.6,307.0,2019-02-22 11:19:39,刺网
12995,28.903277777777767,125.44197222222222,3.9,33.0,2019-02-22 11:29:39,刺网
12995,28.911555555555548,125.4454722222222,2.8,12.0,2019-02-22 11:39:39,刺网
12995,28.918861111111113,125.44861111111112,2.6,81.0,2019-02-22 11:49:39,刺网
12995,28.91444444444444,125.45211111111112,3.0,138.0,2019-02-22 11:59:39,刺网
12995,28.906527777777768,125.4542777777778,3.2,168.0,2019-02-22 12:09:42,刺网
12995,28.898138888888887,125.45533333333334,3.1,145.0,2019-02-22 12:19:42,刺网
12995,28.88975,125.4559722222222,3.6,167.0,2019-02-22 12:29:42,刺网
12995,28.881611111111113,125.45719444444444,3.2,168.0,2019-02-22 12:39:42,刺网
12995,28.87338888888889,125.45788888888887,3.0,189.0,2019-02-22 12:49:41,刺网
12995,28.864,125.45930555555556,3.5,182.0,2019-02-22 12:59:41,刺网
12995,28.855166666666666,125.45994444444445,2.7,180.0,2019-02-22 13:09:41,刺网
12995,28.84936111111111,125.46013888888888,1.8,112.0,2019-02-22 13:19:41,刺网
12995,28.85161111111111,125.4645277777778,2.0,47.0,2019-02-22 13:29:41,刺网
12995,28.8585,125.46733333333331,3.5,32.0,2019-02-22 13:39:41,刺网
12995,28.865305555555558,125.46902777777777,2.3,336.0,2019-02-22 13:49:41,刺网
12995,28.87188888888889,125.46958333333332,1.9,338.0,2019-02-22 13:59:41,刺网
12995,28.87769444444445,125.47725,6.7,80.0,2019-02-22 14:09:41,刺网
12995,28.883472222222213,125.4947222222222,6.2,58.0,2019-02-22 14:19:41,刺网
12995,28.889805555555554,125.51438888888887,7.8,78.0,2019-02-22 14:29:41,刺网
12995,28.892888888888887,125.5365277777778,6.3,68.0,2019-02-22 14:39:40,刺网
12995,28.89975,125.55438888888888,6.1,45.0,2019-02-22 14:49:40,刺网
12995,28.896583333333336,125.564,5.1,175.0,2019-02-22 14:59:40,刺网
12995,28.897222222222233,125.57463888888887,7.5,58.0,2019-02-22 15:09:40,刺网
12995,28.90733333333333,125.59311111111113,7.2,51.0,2019-02-22 15:19:40,刺网
12995,28.91830555555556,125.61152777777777,6.8,53.0,2019-02-22 15:29:40,刺网
12995,28.971,125.66997222222223,6.7,31.0,2019-02-22 16:09:40,刺网
12995,28.981277777777766,125.67911111111113,4.6,150.0,2019-02-22 16:19:40,刺网
12995,28.978666666666665,125.68005555555555,0.3,0.0,2019-02-22 16:29:40,刺网
12995,28.978638888888888,125.68,0.2,0.0,2019-02-22 16:39:39,刺网
12995,28.978638888888888,125.67994444444444,0.8,34.0,2019-02-22 16:49:39,刺网
12995,28.978638888888888,125.67994444444444,0.8,289.0,2019-02-22 16:59:39,刺网
12995,28.97861111111111,125.6797777777778,1.1,323.0,2019-02-22 17:09:39,刺网
12995,28.97858333333333,125.67988888888893,1.4,292.0,2019-02-22 17:19:42,刺网
12995,28.978527777777767,125.67980555555555,1.1,293.0,2019-02-22 17:29:39,刺网
12995,28.97847222222222,125.67947222222222,0.3,0.0,2019-02-22 17:39:42,刺网
12995,28.9785,125.67944444444444,1.3,228.0,2019-02-22 17:49:42,刺网
12995,28.9785,125.67947222222222,0.6,133.0,2019-02-22 17:59:42,刺网
12995,28.978444444444442,125.67925,1.3,272.0,2019-02-22 18:09:42,刺网
12995,28.978416666666664,125.67930555555556,1.2,296.0,2019-02-22 18:19:41,刺网
12995,28.978416666666664,125.67908333333334,1.1,258.0,2019-02-22 18:29:41,刺网
12995,28.9785,125.67880555555556,0.9,15.0,2019-02-22 18:39:41,刺网
12995,28.978527777777767,125.67875,1.0,267.0,2019-02-22 18:49:41,刺网
12995,28.97855555555555,125.67866666666669,0.8,137.0,2019-02-22 18:59:41,刺网
12995,28.978666666666665,125.67830555555555,1.3,247.0,2019-02-22 19:09:41,刺网
12995,28.97883333333333,125.6779722222222,1.3,148.0,2019-02-22 19:19:41,刺网
12995,28.97894444444444,125.67775,1.3,129.0,2019-02-22 19:29:41,刺网
12995,28.97908333333333,125.67766666666668,1.3,127.0,2019-02-22 19:39:41,刺网
12995,28.979166666666664,125.6775,0.2,142.0,2019-02-22 19:49:41,刺网
12995,28.979277777777767,125.67744444444445,1.2,172.0,2019-02-22 19:59:41,刺网
12995,28.97952777777777,125.67722222222223,1.5,116.0,2019-02-22 20:09:41,刺网
12995,28.979777777777766,125.67708333333331,0.7,43.0,2019-02-22 20:19:40,刺网
12995,28.979944444444445,125.67702777777778,1.1,100.0,2019-02-22 20:29:40,刺网
12995,28.98025,125.67688888888893,0.3,131.0,2019-02-22 20:39:40,刺网
12995,28.980305555555553,125.67680555555555,1.1,212.0,2019-02-22 20:49:40,刺网
12995,28.9805,125.67683333333336,1.0,107.0,2019-02-22 20:59:40,刺网
12995,28.980666666666664,125.6767777777778,0.7,66.0,2019-02-22 21:09:40,刺网
12995,28.980777777777767,125.67683333333336,0.8,179.0,2019-02-22 21:19:40,刺网
12995,28.980916666666666,125.67683333333336,0.3,310.0,2019-02-22 21:29:40,刺网
12995,28.980777777777767,125.67716666666666,0.7,203.0,2019-02-22 21:49:40,刺网
12995,28.980305555555553,125.67722222222223,0.2,0.0,2019-02-22 22:09:39,刺网
12995,28.97991666666667,125.67713888888888,3.1,315.0,2019-02-22 22:19:39,刺网
12995,28.97963888888889,125.67752777777778,0.7,330.0,2019-02-22 22:29:39,刺网
12995,28.97933333333333,125.67791666666666,0.9,100.0,2019-02-22 22:39:39,刺网
12995,28.97883333333333,125.67827777777778,0.3,70.0,2019-02-22 22:49:39,刺网
12995,28.9785,125.67888888888888,2.4,60.0,2019-02-22 22:59:39,刺网
12995,28.9785,125.68002777777778,2.0,104.0,2019-02-22 23:09:42,刺网
12995,28.978805555555557,125.6807777777778,0.9,23.0,2019-02-22 23:19:42,刺网
12995,28.978972222222207,125.68108333333332,0.7,238.0,2019-02-22 23:29:41,刺网
12995,28.978805555555557,125.68083333333334,0.7,104.0,2019-02-22 23:39:41,刺网
12995,28.97888888888889,125.68094444444445,0.8,252.0,2019-02-22 23:49:41,刺网
12995,28.978722222222213,125.68069444444444,0.6,297.0,2019-02-22 23:59:41,刺网
12995,28.978722222222213,125.68066666666668,0.9,52.0,2019-02-23 00:09:41,刺网
12995,28.978666666666665,125.68055555555556,0.2,217.0,2019-02-23 00:19:41,刺网
12995,28.978666666666665,125.68052777777778,0.4,284.0,2019-02-23 00:29:41,刺网
12995,28.978722222222213,125.68063888888894,1.0,271.0,2019-02-23 00:39:41,刺网
12995,28.97861111111111,125.68047222222224,0.9,47.0,2019-02-23 00:49:41,刺网
12995,28.978638888888888,125.68061111111112,1.2,325.0,2019-02-23 00:59:41,刺网
12995,28.978666666666665,125.68061111111112,0.9,71.0,2019-02-23 01:09:40,刺网
12995,28.97877777777777,125.68075,0.3,175.0,2019-02-23 01:19:40,刺网
12995,28.97875,125.68083333333334,1.4,38.0,2019-02-23 01:29:40,刺网
12995,28.978805555555557,125.68080555555555,0.5,205.0,2019-02-23 01:39:40,刺网
12995,28.97883333333333,125.68086111111113,0.3,258.0,2019-02-23 01:49:40,刺网
12995,28.97886111111111,125.68094444444445,0.4,244.0,2019-02-23 01:59:40,刺网
12995,28.97883333333333,125.68086111111113,0.6,17.0,2019-02-23 02:09:40,刺网
12995,28.97886111111111,125.68091666666668,0.9,36.0,2019-02-23 02:19:40,刺网
12995,28.97877777777777,125.68069444444444,4.1,236.0,2019-02-23 02:29:40,刺网
12995,28.97886111111111,125.68094444444445,1.2,28.0,2019-02-23 02:39:40,刺网
12995,28.97877777777777,125.68083333333334,0.8,21.0,2019-02-23 02:49:40,刺网
12995,28.97883333333333,125.68088888888893,0.4,44.0,2019-02-23 02:59:40,刺网
12995,28.978722222222213,125.68069444444444,1.5,83.0,2019-02-23 03:09:39,刺网
12995,28.978722222222213,125.68075,0.6,214.0,2019-02-23 03:19:39,刺网
12995,28.978666666666665,125.68061111111112,0.7,255.0,2019-02-23 03:29:39,刺网
12995,28.97869444444445,125.68063888888894,0.5,168.0,2019-02-23 03:39:39,刺网
12995,28.978527777777767,125.68025,0.7,242.0,2019-02-23 03:49:39,刺网
12995,28.97858333333333,125.68038888888893,0.9,6.0,2019-02-23 03:59:39,刺网
12995,28.97925,125.6802777777778,1.7,19.0,2019-02-23 04:09:39,刺网
12995,28.985388888888888,125.67841666666668,6.5,354.0,2019-02-23 04:19:39,刺网
12995,29.00188888888889,125.67236111111113,5.4,338.0,2019-02-23 04:29:39,刺网
12995,29.01883333333333,125.66766666666668,6.6,346.0,2019-02-23 04:39:42,刺网
12995,29.03613888888889,125.66616666666668,6.4,347.0,2019-02-23 04:49:42,刺网
12995,29.05333333333333,125.66580555555555,6.6,8.0,2019-02-23 04:59:41,刺网
12995,29.07075,125.66591666666667,4.2,357.0,2019-02-23 05:09:41,刺网
12995,29.08369444444445,125.67172222222223,7.3,98.0,2019-02-23 05:19:41,刺网
12995,29.062305555555554,125.67263888888887,8.0,177.0,2019-02-23 05:29:41,刺网
12995,29.040722222222215,125.67288888888888,8.1,175.0,2019-02-23 05:39:41,刺网
12995,29.02802777777778,125.67925,6.2,348.0,2019-02-23 05:49:41,刺网
12995,29.046194444444453,125.67919444444445,7.3,352.0,2019-02-23 05:59:41,刺网
12995,29.06463888888889,125.67911111111113,6.4,4.0,2019-02-23 06:09:41,刺网
12995,29.084416666666666,125.67988888888893,6.3,64.0,2019-02-23 06:19:41,刺网
12995,29.066944444444445,125.68516666666667,8.4,179.0,2019-02-23 06:29:41,刺网
12995,29.044694444444453,125.68547222222223,6.9,178.0,2019-02-23 06:39:40,刺网
12995,29.0285,125.69141666666668,6.0,33.0,2019-02-23 06:49:40,刺网
12995,29.04705555555556,125.69175,7.1,349.0,2019-02-23 06:59:40,刺网
12995,29.065777777777786,125.69147222222223,7.6,359.0,2019-02-23 07:09:40,刺网
12995,29.07863888888889,125.69700000000002,8.9,174.0,2019-02-23 07:19:40,刺网
12995,29.056972222222214,125.69736111111106,7.7,181.0,2019-02-23 07:29:40,刺网
12995,29.03558333333333,125.69772222222224,6.5,181.0,2019-02-23 07:39:40,刺网
12995,29.03802777777778,125.70119444444444,5.5,15.0,2019-02-23 07:49:40,刺网
12995,29.05416666666667,125.70222222222222,6.2,3.0,2019-02-23 07:59:40,刺网
12995,29.06966666666667,125.71033333333334,6.3,41.0,2019-02-23 08:09:40,刺网
12995,29.07036111111111,125.71380555555555,8.1,220.0,2019-02-23 08:19:40,刺网
12995,29.05858333333333,125.69691666666668,6.3,222.0,2019-02-23 08:29:39,刺网
12995,29.04872222222223,125.68275,6.3,227.0,2019-02-23 08:39:39,刺网
12995,29.039305555555554,125.66691666666668,6.7,233.0,2019-02-23 08:49:39,刺网
12995,29.02986111111111,125.65105555555556,5.9,237.0,2019-02-23 08:59:39,刺网
12995,29.025444444444442,125.64202777777778,0.7,321.0,2019-02-23 09:09:39,刺网
12995,29.02869444444445,125.6447777777778,3.9,330.0,2019-02-23 09:19:39,刺网
12995,29.03880555555556,125.6412777777778,4.0,7.0,2019-02-23 09:29:39,刺网
12995,29.048361111111113,125.6405,4.1,11.0,2019-02-23 09:39:39,刺网
12995,29.058194444444442,125.64072222222224,2.7,2.0,2019-02-23 09:49:39,刺网
12995,29.067777777777767,125.64072222222224,3.0,50.0,2019-02-23 09:59:39,刺网
12995,29.07788888888889,125.64091666666668,4.1,17.0,2019-02-23 10:09:39,刺网
12995,29.088027777777786,125.64233333333334,3.7,32.0,2019-02-23 10:19:42,刺网
12995,29.085638888888887,125.64644444444444,2.8,167.0,2019-02-23 10:29:41,刺网
12995,29.07755555555556,125.64661111111113,4.0,177.0,2019-02-23 10:39:38,刺网
12995,29.070638888888887,125.64525,2.6,200.0,2019-02-23 10:49:41,刺网
12995,29.063055555555557,125.64325,2.6,189.0,2019-02-23 10:59:41,刺网
12995,29.05725,125.64230555555555,1.5,170.0,2019-02-23 11:09:41,刺网
12995,29.05011111111111,125.64158333333334,2.9,192.0,2019-02-23 11:19:41,刺网
12995,29.04327777777778,125.6424722222222,3.6,166.0,2019-02-23 11:29:41,刺网
12995,29.040527777777786,125.64658333333334,2.0,125.0,2019-02-23 11:39:41,刺网
12995,29.046527777777786,125.64733333333334,3.8,350.0,2019-02-23 11:49:41,刺网
12995,29.0555,125.64930555555556,3.1,8.0,2019-02-23 11:59:40,刺网
12995,29.06411111111111,125.65144444444445,3.1,17.0,2019-02-23 12:09:40,刺网
12995,29.073277777777786,125.65341666666669,3.1,18.0,2019-02-23 12:19:40,刺网
12995,29.08241666666667,125.65358333333332,3.9,339.0,2019-02-23 12:29:40,刺网
12995,29.09169444444445,125.65455555555555,3.2,36.0,2019-02-23 12:39:40,刺网
12995,29.094222222222214,125.65988888888893,3.5,162.0,2019-02-23 12:49:40,刺网
12995,29.08647222222222,125.6617777777778,2.7,173.0,2019-02-23 12:59:40,刺网
12995,29.07833333333333,125.6625,3.1,165.0,2019-02-23 13:09:40,刺网
12995,29.069861111111113,125.66230555555555,3.3,182.0,2019-02-23 13:19:40,刺网
12995,29.06138888888889,125.66266666666668,2.7,175.0,2019-02-23 13:29:40,刺网
12995,29.053305555555557,125.66388888888888,2.8,179.0,2019-02-23 13:39:39,刺网
12995,29.046222222222234,125.6645277777778,1.7,195.0,2019-02-23 13:49:40,刺网
12995,29.045361111111113,125.66619444444444,4.1,88.0,2019-02-23 13:59:39,刺网
12995,29.04858333333333,125.67272222222222,3.1,12.0,2019-02-23 14:09:39,刺网
12995,29.055999999999997,125.67422222222223,2.9,7.0,2019-02-23 14:19:39,刺网
12995,29.061611111111112,125.67600000000002,1.5,327.0,2019-02-23 14:29:39,刺网
12995,29.068361111111113,125.67719444444445,3.6,9.0,2019-02-23 14:39:39,刺网
12995,29.076555555555554,125.67883333333332,2.5,14.0,2019-02-23 14:49:39,刺网
12995,29.084944444444453,125.68138888888888,3.0,31.0,2019-02-23 14:59:39,刺网
12995,29.08572222222222,125.6869722222222,4.3,168.0,2019-02-23 15:09:39,刺网
12995,29.07561111111111,125.68916666666668,3.1,187.0,2019-02-23 15:19:39,刺网
12995,29.06613888888889,125.68930555555555,3.8,183.0,2019-02-23 15:29:39,刺网
12995,29.05891666666667,125.68808333333334,2.9,214.0,2019-02-23 15:39:38,刺网
12995,29.049277777777768,125.6894722222222,4.0,170.0,2019-02-23 15:49:41,刺网
12995,29.04391666666667,125.68741666666668,1.8,168.0,2019-02-23 15:59:41,刺网
12995,29.04316666666667,125.69005555555556,2.3,2.0,2019-02-23 16:09:41,刺网
12995,29.05908333333333,125.68447222222223,7.6,335.0,2019-02-23 16:19:41,刺网
12995,29.07644444444445,125.67969444444445,6.2,352.0,2019-02-23 16:29:41,刺网
12995,29.09488888888889,125.6765,6.0,352.0,2019-02-23 16:39:41,刺网
12995,29.112777777777787,125.67277777777778,6.5,354.0,2019-02-23 16:49:41,刺网
12995,29.130888888888887,125.66883333333334,6.6,341.0,2019-02-23 16:59:41,刺网
12995,29.14975,125.66502777777778,6.4,355.0,2019-02-23 17:09:40,刺网
12995,29.16686111111111,125.6625,6.9,7.0,2019-02-23 17:19:40,刺网
12995,29.20405555555555,125.65691666666666,6.4,355.0,2019-02-23 17:39:40,刺网
12995,29.222777777777768,125.65491666666668,6.3,353.0,2019-02-23 17:49:40,刺网
12995,29.24116666666667,125.65330555555555,6.7,357.0,2019-02-23 17:59:40,刺网
12995,29.25933333333333,125.65180555555555,6.7,354.0,2019-02-23 18:09:40,刺网
12995,29.258527777777786,125.65102777777778,0.4,38.0,2019-02-23 18:19:40,刺网
12995,29.2585,125.65100000000001,0.5,0.0,2019-02-23 18:29:40,刺网
12995,29.258555555555557,125.65075,0.4,0.0,2019-02-23 18:39:40,刺网
12995,29.25863888888889,125.65063888888888,1.1,100.0,2019-02-23 18:49:40,刺网
12995,29.25866666666667,125.65055555555556,0.7,0.0,2019-02-23 18:59:40,刺网
12995,29.25858333333333,125.65069444444444,0.4,0.0,2019-02-23 19:09:40,刺网
12995,29.258722222222215,125.65036111111112,0.8,293.0,2019-02-23 19:19:39,刺网
12995,29.258777777777766,125.65033333333336,1.1,57.0,2019-02-23 19:29:39,刺网
12995,29.25883333333333,125.65025,0.3,0.0,2019-02-23 19:39:39,刺网
12995,29.259,125.65005555555555,1.7,309.0,2019-02-23 19:49:39,刺网
12995,29.259138888888888,125.64988888888894,0.7,266.0,2019-02-23 19:59:39,刺网
12995,29.259472222222215,125.64961111111113,1.0,233.0,2019-02-23 20:09:39,刺网
12995,29.25958333333333,125.64955555555555,0.4,335.0,2019-02-23 20:19:39,刺网
12995,29.25980555555555,125.64947222222223,0.8,121.0,2019-02-23 20:29:39,刺网
12995,29.26011111111111,125.64938888888894,0.8,12.0,2019-02-23 20:39:39,刺网
12995,29.260388888888887,125.64933333333336,0.8,166.0,2019-02-23 20:49:39,刺网
12995,29.26058333333333,125.64938888888894,0.7,165.0,2019-02-23 20:59:38,刺网
12995,29.26086111111111,125.64941666666668,0.5,0.0,2019-02-23 21:09:38,刺网
12995,29.26102777777778,125.64941666666668,0.8,139.0,2019-02-23 21:19:41,刺网
12995,29.261388888888888,125.64963888888893,1.0,143.0,2019-02-23 21:29:38,刺网
12995,29.2615,125.6497222222222,0.9,159.0,2019-02-23 21:39:41,刺网
12995,29.26169444444445,125.64991666666668,0.8,105.0,2019-02-23 21:49:41,刺网
12995,29.261777777777766,125.64997222222222,0.2,0.0,2019-02-23 21:59:41,刺网
12995,29.261944444444445,125.65025,0.5,176.0,2019-02-23 22:09:41,刺网
12995,29.262027777777767,125.65038888888893,1.6,231.0,2019-02-23 22:19:41,刺网
12995,29.26211111111111,125.65058333333332,0.6,199.0,2019-02-23 22:29:41,刺网
12995,29.26219444444445,125.65069444444444,0.8,229.0,2019-02-23 22:39:40,刺网
12995,29.262222222222213,125.65111111111112,0.5,199.0,2019-02-23 22:49:40,刺网
12995,29.26216666666667,125.65111111111112,1.0,146.0,2019-02-23 22:59:40,刺网
12995,29.262138888888888,125.65094444444445,0.9,34.0,2019-02-23 23:09:40,刺网
12995,29.26219444444445,125.65105555555556,0.9,213.0,2019-02-23 23:19:40,刺网
12995,29.26219444444445,125.65130555555555,0.6,57.0,2019-02-23 23:29:40,刺网
12995,29.262027777777767,125.65177777777778,1.3,139.0,2019-02-23 23:39:40,刺网
12995,29.26166666666667,125.65194444444445,0.3,0.0,2019-02-23 23:49:40,刺网
12995,29.26116666666667,125.65247222222222,0.4,0.0,2019-02-23 23:59:40,刺网
12995,29.26058333333333,125.65286111111112,0.7,38.0,2019-02-24 00:09:40,刺网
12995,29.25994444444445,125.6532777777778,0.7,0.0,2019-02-24 00:19:40,刺网
12995,29.259472222222215,125.65319444444445,1.9,47.0,2019-02-24 00:29:40,刺网
12995,29.259027777777767,125.65308333333334,1.8,110.0,2019-02-24 00:39:40,刺网
12995,29.258861111111113,125.65286111111112,0.2,0.0,2019-02-24 00:49:39,刺网
12995,29.258777777777766,125.6527222222222,0.8,0.0,2019-02-24 00:59:39,刺网
12995,29.25883333333333,125.65283333333336,0.6,0.0,2019-02-24 01:09:39,刺网
12995,29.258777777777766,125.6527777777778,0.4,36.0,2019-02-24 01:19:39,刺网
12995,29.258944444444445,125.65294444444444,0.6,0.0,2019-02-24 01:29:39,刺网
12995,29.258972222222226,125.65313888888893,1.2,0.0,2019-02-24 01:39:39,刺网
12995,29.259027777777767,125.65316666666668,1.3,53.0,2019-02-24 01:49:39,刺网
12995,29.259166666666665,125.65333333333334,0.5,106.0,2019-02-24 02:09:38,刺网
12995,29.259222222222213,125.65333333333334,0.4,85.0,2019-02-24 02:19:38,刺网
12995,29.25925,125.65338888888893,1.9,225.0,2019-02-24 02:29:38,刺网
12995,29.259222222222213,125.65338888888893,0.8,204.0,2019-02-24 02:39:38,刺网
12995,29.25927777777777,125.65341666666669,0.4,67.0,2019-02-24 02:49:41,刺网
12995,29.259222222222213,125.65336111111112,1.3,95.0,2019-02-24 02:59:41,刺网
12995,29.259138888888888,125.65330555555555,0.7,194.0,2019-02-24 03:09:41,刺网
12995,29.25905555555555,125.65319444444445,0.3,0.0,2019-02-24 03:19:41,刺网
12995,29.25905555555555,125.65319444444445,0.7,88.0,2019-02-24 03:29:41,刺网
12995,29.258972222222226,125.65311111111113,1.0,21.0,2019-02-24 03:39:41,刺网
12995,29.25883333333333,125.65291666666668,2.0,55.0,2019-02-24 03:49:41,刺网
12995,29.26238888888889,125.65180555555555,5.2,7.0,2019-02-24 03:59:41,刺网
12995,29.27813888888889,125.65158333333332,7.1,353.0,2019-02-24 04:09:40,刺网
12995,29.29722222222223,125.65183333333334,7.5,4.0,2019-02-24 04:19:40,刺网
12995,29.316194444444445,125.65205555555555,6.9,356.0,2019-02-24 04:29:40,刺网
12995,29.33033333333333,125.64600000000002,8.1,226.0,2019-02-24 04:39:40,刺网
12995,29.30758333333333,125.64586111111113,9.0,181.0,2019-02-24 04:49:40,刺网
12995,29.284972222222233,125.64580555555555,8.0,187.0,2019-02-24 04:59:40,刺网
12995,29.27561111111111,125.64011111111112,6.1,5.0,2019-02-24 05:09:40,刺网
12995,29.29491666666667,125.63963888888892,6.5,353.0,2019-02-24 05:19:40,刺网
12995,29.319222222222226,125.63416666666667,8.3,175.0,2019-02-24 05:49:39,刺网
12995,29.296777777777766,125.63408333333334,8.2,185.0,2019-02-24 05:59:39,刺网
12995,29.28169444444445,125.62838888888888,6.1,22.0,2019-02-24 06:09:39,刺网
12995,29.300027777777785,125.62805555555555,7.1,359.0,2019-02-24 06:19:39,刺网
12995,29.32019444444445,125.62833333333332,7.5,6.0,2019-02-24 06:29:39,刺网
12995,29.340138888888887,125.6285277777778,7.1,4.0,2019-02-24 06:39:39,刺网
12995,29.32633333333333,125.62180555555555,8.5,188.0,2019-02-24 06:49:39,刺网
12995,29.302777777777766,125.62163888888887,8.1,178.0,2019-02-24 06:59:39,刺网
12995,29.281805555555554,125.62133333333333,5.7,160.0,2019-02-24 07:09:39,刺网
12995,29.28208333333333,125.63880555555555,6.3,102.0,2019-02-24 07:19:39,刺网
12995,29.28355555555556,125.65408333333336,2.0,318.0,2019-02-24 07:29:38,刺网
12995,29.28216666666667,125.65069444444444,1.5,227.0,2019-02-24 07:39:38,刺网
12995,29.28038888888889,125.64752777777778,0.8,162.0,2019-02-24 07:49:38,刺网
12995,29.27858333333333,125.64458333333332,2.0,227.0,2019-02-24 07:59:38,刺网
12995,29.27686111111111,125.6417777777778,0.5,0.0,2019-02-24 08:09:38,刺网
12995,29.27533333333333,125.63844444444445,1.0,248.0,2019-02-24 08:19:41,刺网
12995,29.274277777777765,125.63525,1.3,306.0,2019-02-24 08:29:41,刺网
12995,29.27330555555556,125.63166666666666,1.5,321.0,2019-02-24 08:39:41,刺网
12995,29.2725,125.62816666666666,1.6,248.0,2019-02-24 08:49:41,刺网
12995,29.271972222222214,125.62438888888887,1.1,252.0,2019-02-24 08:59:41,刺网
12995,29.271361111111112,125.62086111111107,1.3,276.0,2019-02-24 09:09:40,刺网
12995,29.270055555555555,125.62669444444445,5.8,102.0,2019-02-24 09:19:40,刺网
12995,29.26430555555556,125.64386111111112,4.3,109.0,2019-02-24 09:29:40,刺网
12995,29.26933333333333,125.64591666666668,3.5,11.0,2019-02-24 09:39:40,刺网
12995,29.27983333333333,125.6449722222222,3.4,343.0,2019-02-24 09:49:40,刺网
12995,29.290138888888887,125.6419722222222,3.1,11.0,2019-02-24 09:59:40,刺网
12995,29.299944444444453,125.63705555555555,4.4,343.0,2019-02-24 10:09:40,刺网
12995,29.31002777777778,125.6335,4.5,1.0,2019-02-24 10:19:40,刺网
12995,29.32072222222222,125.63416666666667,3.9,3.0,2019-02-24 10:29:40,刺网
12995,29.33002777777777,125.63363888888892,4.0,358.0,2019-02-24 10:39:40,刺网
12995,29.33166666666667,125.62925,2.5,199.0,2019-02-24 10:49:39,刺网
12995,29.323972222222213,125.63075,2.2,152.0,2019-02-24 10:59:40,刺网
12995,29.32,125.62538888888888,3.5,195.0,2019-02-24 11:09:39,刺网
12995,29.31208333333333,125.62541666666664,2.4,168.0,2019-02-24 11:19:39,刺网
12995,29.304277777777767,125.62819444444445,2.9,180.0,2019-02-24 11:29:39,刺网
12995,29.296805555555554,125.62952777777777,3.1,171.0,2019-02-24 11:39:39,刺网
12995,29.289361111111113,125.62836111111106,2.7,205.0,2019-02-24 11:49:39,刺网
12995,29.285972222222235,125.6227222222222,2.6,276.0,2019-02-24 11:59:39,刺网
12995,29.293861111111113,125.62438888888887,3.9,6.0,2019-02-24 12:09:39,刺网
12995,29.302750000000003,125.62455555555556,3.2,342.0,2019-02-24 12:19:39,刺网
12995,29.312277777777766,125.62169444444444,3.7,348.0,2019-02-24 12:29:39,刺网
12995,29.32161111111111,125.61875,3.5,341.0,2019-02-24 12:39:38,刺网
12995,29.33838888888889,125.62083333333332,3.0,20.0,2019-02-24 12:59:38,刺网
12995,29.345027777777766,125.62186111111107,2.9,335.0,2019-02-24 13:09:38,刺网
12995,29.34330555555556,125.61686111111106,2.1,192.0,2019-02-24 13:19:38,刺网
12995,29.33619444444444,125.61491666666666,3.1,168.0,2019-02-24 13:29:41,刺网
12995,29.32775,125.61761111111107,3.6,154.0,2019-02-24 13:39:41,刺网
12995,29.319000000000006,125.621,3.6,163.0,2019-02-24 13:49:41,刺网
12995,29.310388888888887,125.62402777777777,3.5,164.0,2019-02-24 13:59:40,刺网
12995,29.30236111111111,125.62408333333332,2.2,180.0,2019-02-24 14:09:40,刺网
12995,29.298222222222233,125.62086111111107,1.4,284.0,2019-02-24 14:19:41,刺网
12995,29.304,125.62066666666666,2.9,6.0,2019-02-24 14:29:40,刺网
12995,29.31258333333333,125.62102777777777,3.3,5.0,2019-02-24 14:39:40,刺网
12995,29.31944444444445,125.621,2.2,13.0,2019-02-24 14:49:40,刺网
12995,29.32691666666667,125.62,3.2,321.0,2019-02-24 14:59:40,刺网
12995,29.33394444444444,125.61758333333331,2.4,6.0,2019-02-24 15:09:40,刺网
12995,29.342222222222233,125.61830555555555,2.9,348.0,2019-02-24 15:19:40,刺网
12995,29.34994444444445,125.61755555555555,2.5,345.0,2019-02-24 15:29:40,刺网
12995,29.350638888888888,125.61447222222222,2.0,243.0,2019-02-24 15:39:40,刺网
12995,29.34397222222222,125.61619444444445,3.3,157.0,2019-02-24 15:49:39,刺网
12995,29.334611111111112,125.62027777777777,3.8,178.0,2019-02-24 15:59:39,刺网
12995,29.325111111111113,125.62266666666666,3.4,165.0,2019-02-24 16:09:39,刺网
12995,29.316055555555558,125.62455555555556,2.8,148.0,2019-02-24 16:19:39,刺网
12995,29.30666666666667,125.62458333333332,3.0,170.0,2019-02-24 16:29:39,刺网
12995,29.299138888888887,125.62347222222219,0.8,35.0,2019-02-24 16:39:39,刺网
12995,29.29977777777778,125.62944444444445,3.0,61.0,2019-02-24 16:49:39,刺网
12995,29.305055555555555,125.63733333333334,2.6,61.0,2019-02-24 16:59:39,刺网
12995,29.30338888888889,125.63875,1.6,173.0,2019-02-24 17:09:39,刺网
12995,29.30044444444445,125.63905555555556,1.5,191.0,2019-02-24 17:19:39,刺网
12995,29.297611111111113,125.639,1.7,185.0,2019-02-24 17:29:39,刺网
12995,29.288777777777767,125.6345277777778,4.2,198.0,2019-02-24 17:39:39,刺网
12995,29.27794444444445,125.6279722222222,5.1,206.0,2019-02-24 17:49:38,刺网
12995,29.266444444444453,125.61958333333332,5.9,224.0,2019-02-24 17:59:38,刺网
12995,29.25108333333333,125.60916666666668,7.2,216.0,2019-02-24 18:09:38,刺网
12995,29.233305555555557,125.59688888888887,7.2,212.0,2019-02-24 18:19:38,刺网
12995,29.21386111111111,125.58766666666666,7.2,194.0,2019-02-24 18:29:38,刺网
12995,29.19333333333333,125.58075,6.9,195.0,2019-02-24 18:39:38,刺网
12995,29.173416666666668,125.57341666666666,6.9,193.0,2019-02-24 18:49:41,刺网
12995,29.16675,125.569,0.4,0.0,2019-02-24 18:59:41,刺网
12995,29.16605555555555,125.56794444444445,1.0,37.0,2019-02-24 19:09:41,刺网
12995,29.165916666666664,125.56811111111112,0.7,102.0,2019-02-24 19:19:40,刺网
12995,29.165888888888887,125.56819444444444,0.4,344.0,2019-02-24 19:29:40,刺网
12995,29.166,125.56802777777777,0.7,43.0,2019-02-24 19:39:40,刺网
12995,29.166027777777767,125.5679722222222,0.5,36.0,2019-02-24 19:49:40,刺网
12995,29.165944444444442,125.56811111111112,0.3,238.0,2019-02-24 19:59:40,刺网
12995,29.166138888888888,125.56783333333334,1.0,49.0,2019-02-24 20:09:40,刺网
12995,29.166166666666665,125.56783333333334,0.5,37.0,2019-02-24 20:19:40,刺网
12995,29.16633333333333,125.56769444444444,0.3,0.0,2019-02-24 20:29:40,刺网
12995,29.16636111111111,125.56763888888888,0.6,315.0,2019-02-24 20:39:40,刺网
12995,29.166472222222215,125.56755555555556,0.7,162.0,2019-02-24 20:49:40,刺网
12995,29.166555555555554,125.5675,1.5,155.0,2019-02-24 20:59:40,刺网
12995,29.166638888888887,125.56741666666666,1.5,18.0,2019-02-24 21:09:40,刺网
12995,29.166722222222226,125.56738888888887,0.7,197.0,2019-02-24 21:19:39,刺网
12995,29.16683333333333,125.56733333333332,0.6,343.0,2019-02-24 21:29:39,刺网
12995,29.16686111111111,125.56730555555555,1.2,113.0,2019-02-24 21:39:39,刺网
12995,29.166888888888888,125.56730555555555,0.6,239.0,2019-02-24 21:49:39,刺网
12995,29.16697222222223,125.5672777777778,0.9,306.0,2019-02-24 21:59:39,刺网
12995,29.16711111111111,125.5672777777778,0.6,329.0,2019-02-24 22:09:39,刺网
12995,29.167222222222215,125.56725,1.1,354.0,2019-02-24 22:19:39,刺网
12995,29.16725,125.5672222222222,2.2,233.0,2019-02-24 22:29:39,刺网
12995,29.167305555555554,125.56725,0.5,233.0,2019-02-24 22:39:39,刺网
12995,29.167222222222215,125.56725,0.9,173.0,2019-02-24 22:49:38,刺网
12995,29.16716666666667,125.56730555555555,0.6,349.0,2019-02-24 22:59:38,刺网
12995,29.16719444444445,125.5672777777778,0.5,2.0,2019-02-24 23:09:38,刺网
12995,29.16719444444445,125.56730555555555,1.1,23.0,2019-02-24 23:19:38,刺网
12995,29.167222222222215,125.56730555555555,0.4,68.0,2019-02-24 23:29:38,刺网
12995,29.16713888888889,125.56733333333332,0.7,13.0,2019-02-24 23:39:38,刺网
12995,29.16711111111111,125.56730555555555,0.9,101.0,2019-02-24 23:49:38,刺网
12995,29.167055555555557,125.56733333333332,1.2,47.0,2019-02-24 23:59:38,刺网
12995,29.166888888888888,125.56736111111107,0.7,0.0,2019-02-25 00:09:41,刺网
12995,29.16675,125.56738888888887,1.6,98.0,2019-02-25 00:19:41,刺网
12995,29.166638888888887,125.56752777777777,1.3,84.0,2019-02-25 00:29:41,刺网
12995,29.16644444444445,125.56758333333332,0.4,0.0,2019-02-25 00:39:40,刺网
12995,29.16625,125.56780555555555,1.0,30.0,2019-02-25 00:49:40,刺网
12995,29.166027777777767,125.56811111111112,0.7,45.0,2019-02-25 00:59:40,刺网
12995,29.165888888888887,125.56827777777777,0.3,0.0,2019-02-25 01:09:40,刺网
12995,29.165777777777766,125.5684722222222,1.3,171.0,2019-02-25 01:19:40,刺网
12995,29.165722222222207,125.56880555555556,0.6,28.0,2019-02-25 01:29:40,刺网
12995,29.165861111111113,125.56841666666666,0.7,47.0,2019-02-25 01:39:40,刺网
12995,29.16608333333333,125.5679722222222,0.8,133.0,2019-02-25 01:49:40,刺网
12995,29.165722222222207,125.56872222222222,0.6,95.0,2019-02-25 01:59:40,刺网
12995,29.16569444444444,125.569,2.1,245.0,2019-02-25 02:09:40,刺网
12995,29.165805555555554,125.56852777777777,0.4,159.0,2019-02-25 02:19:40,刺网
12995,29.16583333333333,125.56844444444445,0.4,0.0,2019-02-25 02:29:39,刺网
12995,29.165805555555554,125.5684722222222,0.5,121.0,2019-02-25 02:39:39,刺网
12995,29.165777777777766,125.56858333333332,0.7,152.0,2019-02-25 02:49:39,刺网
12995,29.16575,125.56880555555556,0.4,132.0,2019-02-25 02:59:39,刺网
12995,29.16563888888889,125.56911111111107,1.5,133.0,2019-02-25 03:19:39,刺网
12995,29.16566666666667,125.56911111111107,0.6,0.0,2019-02-25 03:29:39,刺网
12995,29.16566666666667,125.56927777777777,1.0,69.0,2019-02-25 03:39:39,刺网
12995,29.16563888888889,125.56930555555556,0.6,91.0,2019-02-25 03:49:39,刺网
12995,29.166027777777767,125.56952777777781,2.8,7.0,2019-02-25 03:59:38,刺网
12995,29.160222222222234,125.56827777777777,7.5,183.0,2019-02-25 04:09:38,刺网
12995,29.139944444444453,125.56841666666666,7.4,186.0,2019-02-25 04:19:38,刺网
12995,29.11941666666667,125.56838888888888,7.3,181.0,2019-02-25 04:29:38,刺网
12995,29.10208333333333,125.56725,4.4,270.0,2019-02-25 04:39:38,刺网
12995,29.115972222222233,125.5635,5.4,8.0,2019-02-25 04:49:38,刺网
12995,29.13419444444445,125.5629722222222,6.9,350.0,2019-02-25 04:59:38,刺网
12995,29.15261111111111,125.56288888888888,6.4,353.0,2019-02-25 05:09:38,刺网
12995,29.161305555555558,125.55794444444444,8.4,178.0,2019-02-25 05:19:38,刺网
12995,29.139972222222234,125.55783333333332,8.3,179.0,2019-02-25 05:29:38,刺网
12995,29.11916666666667,125.5577222222222,7.7,183.0,2019-02-25 05:39:41,刺网
12995,29.10641666666667,125.55191666666666,6.2,348.0,2019-02-25 05:49:41,刺网
12995,29.125055555555555,125.55211111111113,5.5,350.0,2019-02-25 05:59:40,刺网
12995,29.142027777777766,125.55241666666666,7.5,349.0,2019-02-25 06:09:40,刺网
12995,29.160916666666665,125.55266666666668,7.2,357.0,2019-02-25 06:19:40,刺网
12995,29.15055555555555,125.54663888888888,7.8,184.0,2019-02-25 06:29:40,刺网
12995,29.128138888888888,125.5465,7.9,183.0,2019-02-25 06:39:40,刺网
12995,29.1075,125.54430555555555,7.6,281.0,2019-02-25 06:49:40,刺网
12995,29.12394444444445,125.54130555555555,7.8,3.0,2019-02-25 06:59:40,刺网
12995,29.143666666666665,125.54063888888888,7.3,16.0,2019-02-25 07:09:40,刺网
12995,29.16275,125.54080555555555,7.7,12.0,2019-02-25 07:19:40,刺网
12995,29.174722222222233,125.5517222222222,5.5,40.0,2019-02-25 07:29:40,刺网
12995,29.18525,125.56547222222223,6.5,46.0,2019-02-25 07:39:40,刺网
12995,29.185972222222233,125.568,0.9,221.0,2019-02-25 07:49:40,刺网
12995,29.183416666666666,125.56575,0.6,0.0,2019-02-25 07:59:39,刺网
12995,29.180888888888887,125.56325,1.3,214.0,2019-02-25 08:09:39,刺网
12995,29.178777777777785,125.56102777777778,1.1,204.0,2019-02-25 08:19:39,刺网
12995,29.17666666666667,125.55838888888893,0.7,256.0,2019-02-25 08:29:39,刺网
12995,29.174722222222233,125.55552777777777,1.6,234.0,2019-02-25 08:39:39,刺网
12995,29.17294444444445,125.55280555555555,1.1,284.0,2019-02-25 08:49:39,刺网
12995,29.17116666666667,125.5497777777778,1.4,237.0,2019-02-25 08:59:39,刺网
12995,29.169583333333332,125.5469722222222,3.1,209.0,2019-02-25 09:09:39,刺网
12995,29.165277777777767,125.5515,5.8,120.0,2019-02-25 09:19:38,刺网
12995,29.16008333333333,125.56508333333332,2.6,70.0,2019-02-25 09:29:38,刺网
12995,29.155416666666664,125.56608333333332,3.1,172.0,2019-02-25 09:39:38,刺网
12995,29.146777777777768,125.56588888888888,3.4,195.0,2019-02-25 09:49:38,刺网
12995,29.138222222222232,125.56413888888888,2.3,184.0,2019-02-25 09:59:38,刺网
12995,29.12969444444445,125.56316666666666,2.6,154.0,2019-02-25 10:09:38,刺网
12995,29.120777777777786,125.56313888888887,4.6,208.0,2019-02-25 10:19:38,刺网
12995,29.113472222222214,125.56327777777777,2.9,170.0,2019-02-25 10:29:38,刺网
12995,29.106277777777766,125.56255555555555,3.1,183.0,2019-02-25 10:39:38,刺网
12995,29.104055555555554,125.55636111111107,2.7,343.0,2019-02-25 10:49:38,刺网
12995,29.1115,125.55558333333332,3.1,9.0,2019-02-25 10:59:40,刺网
12995,29.120305555555557,125.554,3.5,314.0,2019-02-25 11:09:40,刺网
12995,29.12911111111111,125.55233333333332,3.5,341.0,2019-02-25 11:19:40,刺网
12995,29.13811111111111,125.55197222222222,3.6,343.0,2019-02-25 11:29:40,刺网
12995,29.14702777777777,125.55166666666666,3.9,341.0,2019-02-25 11:39:40,刺网
12995,29.155361111111112,125.55163888888887,3.3,333.0,2019-02-25 11:49:40,刺网
12995,29.163555555555554,125.55111111111113,2.9,37.0,2019-02-25 11:59:40,刺网
12995,29.16716666666667,125.54758333333334,1.1,294.0,2019-02-25 12:09:40,刺网
12995,29.16216666666667,125.54619444444445,2.7,189.0,2019-02-25 12:19:40,刺网
12995,29.154,125.5465,2.6,161.0,2019-02-25 12:29:40,刺网
12995,29.146666666666665,125.5457222222222,2.6,185.0,2019-02-25 12:39:40,刺网
12995,29.139027777777766,125.54402777777777,2.9,206.0,2019-02-25 12:49:40,刺网
12995,29.13183333333333,125.5439722222222,2.8,164.0,2019-02-25 12:59:40,刺网
12995,29.124277777777767,125.54488888888888,2.7,149.0,2019-02-25 13:09:39,刺网
12995,29.117027777777786,125.54505555555555,3.2,212.0,2019-02-25 13:19:39,刺网
12995,29.110916666666668,125.54227777777778,1.8,224.0,2019-02-25 13:29:39,刺网
12995,29.11466666666667,125.53961111111113,3.7,8.0,2019-02-25 13:39:39,刺网
12995,29.123583333333336,125.53872222222222,3.5,349.0,2019-02-25 13:49:39,刺网
12995,29.132361111111113,125.53755555555556,2.5,341.0,2019-02-25 13:59:39,刺网
12995,29.14075,125.53880555555556,2.6,37.0,2019-02-25 14:09:39,刺网
12995,29.14783333333333,125.53975,3.5,1.0,2019-02-25 14:19:38,刺网
12995,29.15622222222222,125.54002777777777,3.3,342.0,2019-02-25 14:29:38,刺网
12995,29.165,125.54036111111112,3.0,348.0,2019-02-25 14:39:38,刺网
12995,29.16608333333333,125.53625,3.0,172.0,2019-02-25 14:49:38,刺网
12995,29.157916666666665,125.53519444444444,3.6,191.0,2019-02-25 14:59:38,刺网
12995,29.14858333333333,125.53480555555555,3.5,166.0,2019-02-25 15:09:38,刺网
12995,29.139277777777767,125.53441666666666,3.1,177.0,2019-02-25 15:19:38,刺网
12995,29.130166666666664,125.53491666666666,2.5,164.0,2019-02-25 15:29:38,刺网
12995,29.120916666666666,125.5362222222222,3.1,178.0,2019-02-25 15:39:38,刺网
12995,29.115250000000003,125.5335277777778,2.4,293.0,2019-02-25 15:49:38,刺网
12995,29.119888888888887,125.53202777777778,3.3,347.0,2019-02-25 15:59:37,刺网
12995,29.12775,125.53091666666668,3.4,350.0,2019-02-25 16:09:40,刺网
12995,29.135305555555554,125.5305,2.5,357.0,2019-02-25 16:19:40,刺网
12995,29.150277777777767,125.53208333333332,2.5,333.0,2019-02-25 16:39:40,刺网
12995,29.157527777777766,125.53397222222222,2.6,26.0,2019-02-25 16:49:40,刺网
12995,29.16266666666667,125.53544444444445,2.8,33.0,2019-02-25 16:59:40,刺网
12995,29.15925,125.54769444444445,4.6,111.0,2019-02-25 17:09:40,刺网
12995,29.153388888888887,125.56133333333332,4.8,113.0,2019-02-25 17:19:40,刺网
12995,29.146527777777766,125.57483333333332,5.4,150.0,2019-02-25 17:29:40,刺网
12995,29.13494444444445,125.58447222222222,5.6,146.0,2019-02-25 17:39:40,刺网
12995,29.12072222222222,125.5895,5.4,183.0,2019-02-25 17:49:39,刺网
12995,29.10769444444445,125.58811111111113,4.0,206.0,2019-02-25 17:59:39,刺网
12995,29.09111111111111,125.58130555555556,9.0,196.0,2019-02-25 18:09:39,刺网
12995,29.067611111111113,125.57608333333332,8.7,195.0,2019-02-25 18:19:39,刺网
12995,29.044,125.57061111111112,8.8,193.0,2019-02-25 18:29:39,刺网
12995,29.02030555555556,125.56544444444445,8.1,185.0,2019-02-25 18:39:39,刺网
12995,28.99675,125.56036111111106,8.5,192.0,2019-02-25 18:49:39,刺网
12995,28.971555555555554,125.55841666666667,8.7,179.0,2019-02-25 18:59:39,刺网
12995,28.949305555555554,125.55958333333332,8.5,181.0,2019-02-25 19:09:39,刺网
12995,28.925583333333336,125.56158333333332,8.7,174.0,2019-02-25 19:19:39,刺网
12995,28.90108333333333,125.56402777777777,8.7,178.0,2019-02-25 19:29:39,刺网
12995,28.87633333333333,125.5665,8.7,183.0,2019-02-25 19:39:38,刺网
12995,28.85169444444445,125.56891666666664,8.8,172.0,2019-02-25 19:49:38,刺网
12995,28.82716666666667,125.57127777777778,8.6,173.0,2019-02-25 19:59:38,刺网
12995,28.8025,125.57352777777777,7.8,173.0,2019-02-25 20:09:38,刺网
12995,28.778055555555554,125.57594444444445,8.3,174.0,2019-02-25 20:19:38,刺网
12995,28.75375,125.57825,7.9,173.0,2019-02-25 20:29:38,刺网
12995,28.729972222222226,125.58061111111112,7.6,176.0,2019-02-25 20:39:38,刺网
12995,28.70666666666667,125.58272222222222,7.8,177.0,2019-02-25 20:49:38,刺网
12995,28.68333333333333,125.58502777777777,9.0,176.0,2019-02-25 20:59:38,刺网
12995,28.65875,125.58738888888894,7.6,172.0,2019-02-25 21:09:37,刺网
12995,28.637305555555553,125.58933333333331,8.0,180.0,2019-02-25 21:19:37,刺网
12995,28.614777777777785,125.59113888888888,8.1,180.0,2019-02-25 21:29:40,刺网
12995,28.592861111111112,125.59244444444445,8.8,190.0,2019-02-25 21:39:40,刺网
12995,28.57044444444445,125.59461111111106,7.7,169.0,2019-02-25 21:49:40,刺网
12995,28.54827777777778,125.59697222222222,7.7,175.0,2019-02-25 21:59:40,刺网
12995,28.526166666666665,125.59858333333332,8.2,176.0,2019-02-25 22:09:40,刺网
12995,28.50408333333333,125.60061111111106,7.8,178.0,2019-02-25 22:19:40,刺网
12995,28.48236111111111,125.60305555555556,7.1,167.0,2019-02-25 22:29:40,刺网
12995,28.46072222222222,125.60566666666666,7.8,171.0,2019-02-25 22:39:40,刺网
12995,28.438722222222214,125.60813888888887,7.6,177.0,2019-02-25 22:49:39,刺网
12995,28.416888888888888,125.61069444444445,7.8,167.0,2019-02-25 22:59:39,刺网
12995,28.394722222222214,125.61255555555556,7.8,172.0,2019-02-25 23:09:39,刺网
12995,28.37144444444445,125.61555555555556,8.2,172.0,2019-02-25 23:19:39,刺网
12995,28.35025000000001,125.61808333333332,8.4,169.0,2019-02-25 23:29:39,刺网
12995,28.32869444444445,125.62108333333332,7.9,175.0,2019-02-25 23:39:39,刺网
12995,28.30694444444445,125.62402777777777,8.4,175.0,2019-02-25 23:49:39,刺网
12995,28.285472222222232,125.62691666666666,7.4,169.0,2019-02-25 23:59:39,刺网
12995,28.264027777777766,125.6297777777778,7.5,170.0,2019-02-26 00:09:39,刺网
12995,28.241611111111112,125.63275,7.6,169.0,2019-02-26 00:19:38,刺网
12995,28.22097222222222,125.63563888888888,8.1,176.0,2019-02-26 00:29:39,刺网
12995,28.212722222222233,125.63852777777778,0.6,161.0,2019-02-26 00:39:39,刺网
12995,28.21225,125.63905555555556,1.5,210.0,2019-02-26 00:49:38,刺网
12995,28.211777777777765,125.63991666666668,0.4,60.0,2019-02-26 00:59:38,刺网
12995,28.21125,125.64108333333333,1.1,180.0,2019-02-26 01:09:38,刺网
12995,28.210638888888887,125.64225,1.2,92.0,2019-02-26 01:19:38,刺网
12995,28.209888888888887,125.64341666666668,1.5,184.0,2019-02-26 01:29:38,刺网
12995,28.20825,125.64536111111113,1.3,158.0,2019-02-26 01:49:38,刺网
12995,28.207222222222214,125.64683333333336,0.9,168.0,2019-02-26 01:59:38,刺网
12995,28.20594444444444,125.64822222222223,0.5,78.0,2019-02-26 02:09:38,刺网
12995,28.204472222222233,125.64986111111112,0.6,116.0,2019-02-26 02:19:38,刺网
12995,28.203000000000007,125.65166666666669,1.0,103.0,2019-02-26 02:29:37,刺网
12995,28.201638888888887,125.65336111111112,1.0,159.0,2019-02-26 02:39:37,刺网
12995,28.200277777777767,125.65497222222223,1.0,140.0,2019-02-26 02:49:37,刺网
12995,28.198888888888888,125.65683333333334,1.1,104.0,2019-02-26 02:59:40,刺网
12995,28.197527777777786,125.65880555555556,0.7,135.0,2019-02-26 03:09:40,刺网
12995,28.196055555555557,125.6612222222222,1.6,144.0,2019-02-26 03:19:40,刺网
12995,28.19461111111111,125.6635277777778,1.4,101.0,2019-02-26 03:29:40,刺网
12995,28.19308333333333,125.66547222222223,1.1,106.0,2019-02-26 03:39:40,刺网
12995,28.192888888888888,125.66261111111113,7.2,272.0,2019-02-26 03:49:39,刺网
12995,28.190777777777786,125.64261111111112,6.6,191.0,2019-02-26 03:59:39,刺网
12995,28.169777777777767,125.64230555555555,7.9,185.0,2019-02-26 04:09:39,刺网
12995,28.148555555555557,125.64238888888893,7.9,181.0,2019-02-26 04:19:39,刺网
12995,28.15241666666667,125.63786111111112,7.5,353.0,2019-02-26 04:29:39,刺网
12995,28.17294444444445,125.63727777777781,8.1,1.0,2019-02-26 04:39:39,刺网
12995,28.18611111111111,125.63263888888888,7.7,182.0,2019-02-26 04:49:39,刺网
12995,28.164638888888888,125.63258333333332,7.8,182.0,2019-02-26 04:59:39,刺网
12995,28.14263888888889,125.63266666666668,8.0,178.0,2019-02-26 05:09:39,刺网
12995,28.154805555555555,125.62761111111112,7.4,350.0,2019-02-26 05:19:39,刺网
12995,28.17522222222223,125.62758333333332,7.4,355.0,2019-02-26 05:29:38,刺网
12995,28.187777777777786,125.62244444444444,7.8,176.0,2019-02-26 05:39:38,刺网
12995,28.165,125.62233333333332,7.7,178.0,2019-02-26 05:49:38,刺网
12995,28.144861111111112,125.62227777777778,7.5,185.0,2019-02-26 05:59:38,刺网
12995,28.158555555555555,125.61730555555555,7.7,1.0,2019-02-26 06:09:38,刺网
12995,28.17855555555556,125.61713888888887,7.1,351.0,2019-02-26 06:19:38,刺网
12995,28.193472222222233,125.61205555555556,6.9,199.0,2019-02-26 06:29:38,刺网
12995,28.17158333333333,125.61183333333334,8.3,181.0,2019-02-26 06:39:38,刺网
12995,28.149277777777765,125.61194444444445,6.6,178.0,2019-02-26 06:49:38,刺网
12995,28.16455555555555,125.6069722222222,7.1,356.0,2019-02-26 06:59:38,刺网
12995,28.184361111111112,125.60611111111106,7.2,357.0,2019-02-26 07:09:38,刺网
12995,28.200166666666664,125.61455555555555,7.5,75.0,2019-02-26 07:19:38,刺网
12995,28.207611111111113,125.63669444444444,9.0,99.0,2019-02-26 07:29:38,刺网
12995,28.20630555555556,125.66327777777781,9.0,108.0,2019-02-26 07:39:37,刺网
12995,28.189555555555554,125.681,8.2,185.0,2019-02-26 07:49:37,刺网
12995,28.18861111111111,125.68125,7.7,19.0,2019-02-26 07:59:37,刺网
12995,28.198166666666665,125.68038888888893,1.1,141.0,2019-02-26 08:09:37,刺网
12995,28.196666666666665,125.68005555555555,0.7,200.0,2019-02-26 08:19:40,刺网
12995,28.195305555555557,125.67930555555556,2.2,222.0,2019-02-26 08:29:40,刺网
12995,28.194138888888887,125.67827777777778,2.1,185.0,2019-02-26 08:39:40,刺网
12995,28.19319444444445,125.67705555555555,0.8,235.0,2019-02-26 08:49:40,刺网
12995,28.19225,125.67572222222223,1.4,220.0,2019-02-26 08:59:39,刺网
12995,28.19136111111111,125.67430555555555,0.8,298.0,2019-02-26 09:09:39,刺网
12995,28.19038888888889,125.67288888888888,1.2,211.0,2019-02-26 09:19:39,刺网
12995,28.190222222222232,125.66936111111113,6.1,271.0,2019-02-26 09:29:39,刺网
12995,28.188722222222214,125.65133333333334,3.8,13.0,2019-02-26 09:39:39,刺网
12995,28.184,125.64938888888894,3.2,202.0,2019-02-26 09:49:39,刺网
12995,28.176333333333336,125.65044444444445,2.4,155.0,2019-02-26 09:59:39,刺网
12995,28.168222222222226,125.65388888888893,2.5,151.0,2019-02-26 10:09:39,刺网
12995,28.162111111111113,125.65422222222223,1.9,187.0,2019-02-26 10:19:39,刺网
12995,28.154611111111112,125.65477777777781,3.1,199.0,2019-02-26 10:29:39,刺网
12995,28.146972222222214,125.65433333333334,2.4,164.0,2019-02-26 10:39:38,刺网
12995,28.143361111111112,125.65086111111113,3.5,339.0,2019-02-26 10:49:38,刺网
12995,28.152444444444445,125.65002777777778,3.9,345.0,2019-02-26 10:59:38,刺网
12995,28.16183333333333,125.64930555555556,4.1,12.0,2019-02-26 11:09:38,刺网
12995,28.17058333333333,125.64730555555555,3.7,344.0,2019-02-26 11:19:38,刺网
12995,28.17844444444445,125.64175000000002,4.2,341.0,2019-02-26 11:29:38,刺网
12995,28.184,125.6377222222222,1.8,204.0,2019-02-26 11:39:38,刺网
12995,28.17669444444445,125.63966666666668,3.4,166.0,2019-02-26 11:49:38,刺网
12995,28.16925,125.64294444444445,3.4,179.0,2019-02-26 11:59:38,刺网
12995,28.161722222222213,125.64425,2.4,162.0,2019-02-26 12:09:38,刺网
12995,28.15369444444445,125.64444444444445,2.5,186.0,2019-02-26 12:19:38,刺网
12995,28.14680555555555,125.64397222222223,3.1,180.0,2019-02-26 12:29:37,刺网
12995,28.14119444444445,125.64061111111113,2.7,253.0,2019-02-26 12:39:37,刺网
12995,28.146527777777766,125.6365,3.7,349.0,2019-02-26 12:49:37,刺网
12995,28.15569444444445,125.63675,3.3,23.0,2019-02-26 12:59:37,刺网
12995,28.16447222222222,125.6375,3.1,13.0,2019-02-26 13:09:37,刺网
12995,28.172916666666666,125.63725,3.9,349.0,2019-02-26 13:19:37,刺网
12995,28.180833333333336,125.63441666666668,3.3,10.0,2019-02-26 13:29:40,刺网
12995,28.186166666666665,125.63030555555555,1.4,253.0,2019-02-26 13:39:40,刺网
12995,28.178972222222214,125.6317222222222,3.2,163.0,2019-02-26 13:49:40,刺网
12995,28.17061111111111,125.63233333333332,2.9,193.0,2019-02-26 13:59:40,刺网
12995,28.16261111111111,125.63144444444444,4.1,201.0,2019-02-26 14:09:40,刺网
12995,28.154888888888888,125.63072222222222,1.1,188.0,2019-02-26 14:19:39,刺网
12995,28.147111111111112,125.63069444444444,2.4,176.0,2019-02-26 14:29:39,刺网
12995,28.14608333333333,125.62563888888887,2.5,325.0,2019-02-26 14:39:39,刺网
12995,28.15433333333333,125.62466666666666,3.3,8.0,2019-02-26 14:49:39,刺网
12995,28.16263888888889,125.62516666666669,2.7,10.0,2019-02-26 14:59:39,刺网
12995,28.170500000000004,125.62525,3.1,357.0,2019-02-26 15:09:39,刺网
12995,28.17888888888889,125.62563888888887,2.8,7.0,2019-02-26 15:19:39,刺网
12995,28.187,125.62580555555556,2.9,348.0,2019-02-26 15:29:39,刺网
12995,28.19113888888889,125.62141666666666,2.7,299.0,2019-02-26 15:39:39,刺网
12995,28.185277777777767,125.61969444444445,2.7,201.0,2019-02-26 15:49:39,刺网
12995,28.176527777777785,125.62041666666666,2.3,165.0,2019-02-26 15:59:38,刺网
12995,28.16741666666667,125.62219444444445,3.2,186.0,2019-02-26 16:09:38,刺网
12995,28.15844444444444,125.6224722222222,2.9,186.0,2019-02-26 16:19:38,刺网
12995,28.150666666666666,125.62055555555555,2.6,241.0,2019-02-26 16:29:38,刺网
12995,28.15608333333333,125.61766666666666,2.8,353.0,2019-02-26 16:39:38,刺网
12995,28.16416666666667,125.61805555555556,2.9,355.0,2019-02-26 16:49:38,刺网
12995,28.17241666666667,125.61775,2.6,340.0,2019-02-26 16:59:38,刺网
12995,28.180277777777786,125.61697222222222,3.3,332.0,2019-02-26 17:09:38,刺网
12995,28.18758333333333,125.61747222222219,2.4,20.0,2019-02-26 17:19:37,刺网
12995,28.18958333333333,125.61808333333332,3.0,287.0,2019-02-26 17:29:37,刺网
12995,28.188666666666666,125.60655555555556,3.7,293.0,2019-02-26 17:39:37,刺网
12995,28.181222222222214,125.59752777777777,4.3,210.0,2019-02-26 17:49:37,刺网
12995,28.17533333333333,125.59269444444445,1.7,171.0,2019-02-26 17:59:37,刺网
12995,28.173305555555558,125.59433333333334,2.1,94.0,2019-02-26 18:09:37,刺网
12995,28.17169444444445,125.59577777777777,1.4,170.0,2019-02-26 18:19:37,刺网
12995,28.16938888888889,125.58683333333332,8.3,259.0,2019-02-26 18:29:37,刺网
12995,28.16636111111111,125.56152777777777,7.9,250.0,2019-02-26 18:39:40,刺网
12995,28.173333333333336,125.57216666666666,3.9,28.0,2019-02-26 18:49:37,刺网
12995,28.175694444444453,125.56852777777777,0.9,199.0,2019-02-26 18:59:39,刺网
12995,28.17438888888889,125.56205555555556,1.8,231.0,2019-02-26 19:09:39,刺网
12995,28.16761111111111,125.56025,2.6,209.0,2019-02-26 19:19:39,刺网
12995,28.16075,125.56080555555555,2.6,166.0,2019-02-26 19:29:39,刺网
12995,28.152305555555554,125.56016666666667,2.2,175.0,2019-02-26 19:39:39,刺网
12995,28.14491666666667,125.55744444444444,2.6,205.0,2019-02-26 19:49:39,刺网
12995,28.138972222222232,125.55444444444444,0.6,206.0,2019-02-26 19:59:39,刺网
12995,28.145666666666664,125.56925,7.9,58.0,2019-02-26 20:09:39,刺网
12995,28.153777777777766,125.59191666666666,6.4,70.0,2019-02-26 20:19:39,刺网
12995,28.153916666666664,125.59358333333331,2.0,208.0,2019-02-26 20:29:39,刺网
12995,28.1535,125.59291666666664,0.5,0.0,2019-02-26 20:39:39,刺网
12995,28.153166666666664,125.59211111111112,0.7,251.0,2019-02-26 20:49:38,刺网
12995,28.15444444444445,125.59161111111106,0.3,17.0,2019-02-26 20:59:38,刺网
12995,28.154416666666666,125.59161111111106,0.8,250.0,2019-02-26 21:09:38,刺网
12995,28.15433333333333,125.59158333333332,1.4,14.0,2019-02-26 21:19:38,刺网
12995,28.1545,125.59161111111106,0.9,157.0,2019-02-26 21:29:38,刺网
12995,28.15463888888889,125.59163888888888,0.9,42.0,2019-02-26 21:39:38,刺网
12995,28.154555555555554,125.59158333333332,0.6,0.0,2019-02-26 21:49:38,刺网
12995,28.15458333333333,125.59163888888888,1.7,6.0,2019-02-26 21:59:38,刺网
12995,28.154888888888888,125.59175,0.6,104.0,2019-02-26 22:09:38,刺网
12995,28.15511111111111,125.59186111111113,1.8,21.0,2019-02-26 22:19:38,刺网
12995,28.15525,125.592,1.2,31.0,2019-02-26 22:29:37,刺网
12995,28.15519444444445,125.59194444444445,0.5,0.0,2019-02-26 22:39:37,刺网
12995,28.15544444444444,125.59213888888887,0.7,12.0,2019-02-26 22:49:37,刺网
12995,28.155555555555555,125.59230555555555,1.2,39.0,2019-02-26 22:59:37,刺网
12995,28.15569444444445,125.59255555555555,0.9,264.0,2019-02-26 23:09:37,刺网
12995,28.15575,125.59266666666667,1.1,272.0,2019-02-26 23:19:37,刺网
12995,28.155777777777786,125.59272222222219,0.6,250.0,2019-02-26 23:29:37,刺网
12995,28.15575,125.59269444444445,0.7,103.0,2019-02-26 23:39:37,刺网
12995,28.15586111111111,125.59286111111106,0.8,94.0,2019-02-26 23:49:40,刺网
12995,28.15583333333333,125.59288888888888,0.8,220.0,2019-02-26 23:59:40,刺网
12995,28.15588888888889,125.59308333333333,1.6,33.0,2019-02-27 00:09:40,刺网
12995,28.15588888888889,125.59330555555556,1.1,222.0,2019-02-27 00:19:40,刺网
12995,28.15588888888889,125.59333333333332,0.3,0.0,2019-02-27 00:29:39,刺网
12995,28.15588888888889,125.59355555555555,0.8,231.0,2019-02-27 00:39:39,刺网
12995,28.15586111111111,125.59380555555555,0.4,0.0,2019-02-27 00:49:39,刺网
12995,28.15586111111111,125.59388888888887,1.0,73.0,2019-02-27 00:59:39,刺网
12995,28.15586111111111,125.59391666666666,1.3,77.0,2019-02-27 01:09:39,刺网
12995,28.15572222222222,125.59430555555555,0.3,0.0,2019-02-27 01:29:39,刺网
12995,28.155777777777786,125.59422222222223,0.3,0.0,2019-02-27 01:39:39,刺网
12995,28.15588888888889,125.59388888888887,0.2,0.0,2019-02-27 01:49:38,刺网
12995,28.15586111111111,125.59402777777777,0.6,18.0,2019-02-27 01:59:38,刺网
12995,28.15575,125.5942777777778,0.2,0.0,2019-02-27 02:19:38,刺网
12995,28.15580555555556,125.59413888888888,0.7,0.0,2019-02-27 02:29:38,刺网
12995,28.155777777777786,125.59422222222223,0.4,0.0,2019-02-27 02:39:38,刺网
12995,28.15583333333333,125.59413888888888,0.8,283.0,2019-02-27 02:49:38,刺网
12995,28.15569444444445,125.59441666666666,1.0,297.0,2019-02-27 02:59:38,刺网
12995,28.15572222222222,125.59441666666666,0.4,0.0,2019-02-27 03:09:38,刺网
12995,28.15575,125.59430555555555,1.1,145.0,2019-02-27 03:19:37,刺网
12995,28.15572222222222,125.59438888888887,0.5,0.0,2019-02-27 03:29:37,刺网
12995,28.15513888888889,125.59397222222222,7.0,68.0,2019-02-27 03:59:37,刺网
12995,28.171944444444453,125.59805555555555,7.9,6.0,2019-02-27 04:09:37,刺网
12995,28.19341666666667,125.59775,7.8,6.0,2019-02-27 04:19:37,刺网
12995,28.203888888888887,125.59341666666668,6.9,173.0,2019-02-27 04:29:37,刺网
12995,28.18397222222222,125.59283333333332,8.9,151.0,2019-02-27 04:39:37,刺网
12995,28.162888888888887,125.59299999999999,7.3,179.0,2019-02-27 04:49:40,刺网
12995,28.161388888888887,125.58808333333332,8.6,355.0,2019-02-27 04:59:40,刺网
12995,28.18375,125.58819444444444,7.5,358.0,2019-02-27 05:09:39,刺网
12995,28.20563888888889,125.58788888888887,6.9,6.0,2019-02-27 05:19:39,刺网
12995,28.20108333333333,125.58216666666668,8.1,177.0,2019-02-27 05:29:39,刺网
12995,28.179,125.58233333333332,7.9,182.0,2019-02-27 05:39:39,刺网
12995,28.159388888888888,125.58225,8.1,182.0,2019-02-27 05:49:39,刺网
12995,28.170638888888888,125.5765,7.8,348.0,2019-02-27 05:59:39,刺网
12995,28.192916666666665,125.5765,8.1,353.0,2019-02-27 06:09:39,刺网
12995,28.213638888888887,125.57486111111106,6.2,273.0,2019-02-27 06:19:39,刺网
12995,28.196222222222215,125.57144444444445,7.1,178.0,2019-02-27 06:29:39,刺网
12995,28.174944444444453,125.57138888888888,7.0,180.0,2019-02-27 06:39:38,刺网
12995,28.15733333333333,125.56794444444445,7.4,292.0,2019-02-27 06:49:39,刺网
12995,28.17852777777778,125.56663888888887,7.2,346.0,2019-02-27 06:59:38,刺网
12995,28.199388888888887,125.56627777777778,7.8,356.0,2019-02-27 07:09:38,刺网
12995,28.201888888888888,125.57838888888894,8.0,112.0,2019-02-27 07:19:38,刺网
12995,28.192472222222232,125.60005555555556,6.6,117.0,2019-02-27 07:29:38,刺网
12995,28.192055555555555,125.60505555555555,1.0,348.0,2019-02-27 07:39:38,刺网
12995,28.193027777777786,125.60688888888888,0.5,81.0,2019-02-27 07:49:38,刺网
12995,28.19352777777778,125.60816666666666,0.3,0.0,2019-02-27 07:59:38,刺网
12995,28.19394444444445,125.60955555555556,1.0,53.0,2019-02-27 08:09:38,刺网
12995,28.194777777777766,125.61091666666668,1.0,0.0,2019-02-27 08:19:37,刺网
12995,28.195166666666665,125.6122222222222,0.3,105.0,2019-02-27 08:29:37,刺网
12995,28.19533333333333,125.61355555555555,0.8,104.0,2019-02-27 08:39:37,刺网
12995,28.195999999999998,125.61522222222222,0.6,52.0,2019-02-27 08:49:37,刺网
12995,28.19683333333333,125.61680555555556,0.7,46.0,2019-02-27 08:59:37,刺网
12995,28.197222222222226,125.61861111111112,1.1,95.0,2019-02-27 09:09:37,刺网
12995,28.197722222222232,125.61977777777778,0.5,81.0,2019-02-27 09:19:37,刺网
12995,28.19808333333333,125.62055555555555,0.8,68.0,2019-02-27 09:29:37,刺网
12995,28.19880555555556,125.62122222222222,2.2,133.0,2019-02-27 09:39:37,刺网
12995,28.185472222222234,125.61808333333332,6.8,184.0,2019-02-27 09:49:37,刺网
12995,28.16583333333333,125.616,1.0,180.0,2019-02-27 09:59:40,刺网
12995,28.168388888888888,125.61058333333332,3.1,339.0,2019-02-27 10:09:37,刺网
12995,28.17813888888889,125.60988888888888,3.6,12.0,2019-02-27 10:19:39,刺网
12995,28.18788888888889,125.61052777777776,3.2,348.0,2019-02-27 10:29:39,刺网
12995,28.196277777777766,125.61025,2.3,348.0,2019-02-27 10:39:39,刺网
12995,28.20336111111111,125.61127777777777,3.2,16.0,2019-02-27 10:49:39,刺网
12995,28.20669444444445,125.61013888888887,2.7,231.0,2019-02-27 10:59:39,刺网
12995,28.20075,125.60436111111107,3.1,195.0,2019-02-27 11:09:39,刺网
12995,28.19444444444445,125.60358333333332,2.8,181.0,2019-02-27 11:19:39,刺网
12995,28.18525,125.6025,3.6,188.0,2019-02-27 11:29:39,刺网
12995,28.17666666666667,125.60055555555556,3.0,205.0,2019-02-27 11:39:39,刺网
12995,28.17958333333333,125.59775,9.6,13.0,2019-02-27 11:49:38,刺网
12995,28.200888888888887,125.603,1.8,283.0,2019-02-27 11:59:38,刺网
12995,28.193027777777786,125.6015,3.4,187.0,2019-02-27 12:09:38,刺网
12995,28.18555555555556,125.60091666666666,3.4,195.0,2019-02-27 12:19:38,刺网
12995,28.17747222222223,125.5995,3.2,189.0,2019-02-27 12:29:38,刺网
12995,28.169583333333332,125.59916666666666,2.6,186.0,2019-02-27 12:39:38,刺网
12995,28.162805555555554,125.59741666666666,2.2,206.0,2019-02-27 12:49:38,刺网
12995,28.167055555555557,125.59477777777781,3.3,355.0,2019-02-27 12:59:38,刺网
12995,28.17663888888889,125.5945,3.9,10.0,2019-02-27 13:09:38,刺网
12995,28.186166666666665,125.59577777777777,3.1,1.0,2019-02-27 13:19:38,刺网
12995,28.19580555555555,125.5963611111111,4.1,11.0,2019-02-27 13:29:38,刺网
12995,28.20475,125.59752777777777,3.5,22.0,2019-02-27 13:39:37,刺网
12995,28.212055555555555,125.60066666666664,2.8,15.0,2019-02-27 13:49:37,刺网
12995,28.2145,125.59713888888888,3.4,239.0,2019-02-27 13:59:37,刺网
12995,28.20930555555555,125.5912777777778,2.6,203.0,2019-02-27 14:09:37,刺网
12995,28.20138888888889,125.58908333333332,2.9,190.0,2019-02-27 14:19:37,刺网
12995,28.19444444444445,125.58780555555555,2.5,185.0,2019-02-27 14:29:37,刺网
12995,28.18686111111111,125.58683333333332,3.0,171.0,2019-02-27 14:39:37,刺网
12995,28.17941666666667,125.58666666666666,2.7,186.0,2019-02-27 14:49:37,刺网
12995,28.17191666666667,125.58655555555555,2.9,187.0,2019-02-27 14:59:37,刺网
12995,28.16758333333333,125.58266666666668,3.0,320.0,2019-02-27 15:09:37,刺网
12995,28.174805555555555,125.58091666666668,3.6,7.0,2019-02-27 15:19:36,刺网
12995,28.184166666666666,125.58183333333334,3.6,353.0,2019-02-27 15:29:39,刺网
12995,28.19236111111111,125.58191666666666,2.9,354.0,2019-02-27 15:39:39,刺网
12995,28.201138888888888,125.58469444444445,2.4,16.0,2019-02-27 15:49:39,刺网
12995,28.208361111111113,125.58505555555556,1.6,316.0,2019-02-27 15:59:39,刺网
12995,28.215916666666665,125.58369444444445,2.7,347.0,2019-02-27 16:09:39,刺网
12995,28.217194444444445,125.58005555555556,2.8,176.0,2019-02-27 16:19:39,刺网
12995,28.209138888888887,125.57858333333333,2.8,206.0,2019-02-27 16:29:39,刺网
12995,28.20219444444445,125.57613888888888,2.7,191.0,2019-02-27 16:39:39,刺网
12995,28.194000000000006,125.57680555555555,2.5,183.0,2019-02-27 16:49:39,刺网
12995,28.18563888888889,125.57691666666666,3.2,182.0,2019-02-27 16:59:39,刺网
12995,28.17738888888889,125.57641666666666,3.2,169.0,2019-02-27 17:09:38,刺网
12995,28.16994444444445,125.57558333333333,3.0,205.0,2019-02-27 17:19:38,刺网
12995,28.17436111111111,125.57236111111106,2.8,350.0,2019-02-27 17:29:38,刺网
12995,28.183083333333336,125.57405555555556,3.0,36.0,2019-02-27 17:39:38,刺网
12995,28.191416666666665,125.57511111111113,2.8,341.0,2019-02-27 17:49:38,刺网
12995,28.199277777777766,125.57266666666666,3.3,354.0,2019-02-27 17:59:38,刺网
12995,28.207361111111112,125.57461111111112,2.5,21.0,2019-02-27 18:09:38,刺网
12995,28.20575,125.57180555555556,2.3,206.0,2019-02-27 18:19:38,刺网
12995,28.20069444444444,125.57175,4.0,217.0,2019-02-27 18:29:38,刺网
12995,28.18483333333333,125.56338888888894,6.8,181.0,2019-02-27 18:39:37,刺网
12995,28.173055555555557,125.55888888888887,4.1,184.0,2019-02-27 18:49:37,刺网
12995,28.16402777777777,125.54058333333332,7.9,254.0,2019-02-27 18:59:37,刺网
12995,28.15494444444445,125.51844444444444,7.8,244.0,2019-02-27 19:09:37,刺网
12995,28.14597222222222,125.49622222222222,7.7,247.0,2019-02-27 19:19:37,刺网
12995,28.13658333333333,125.4740277777778,7.8,236.0,2019-02-27 19:29:37,刺网
12995,28.12577777777778,125.45888888888894,3.1,72.0,2019-02-27 19:39:37,刺网
12995,28.124111111111112,125.46019444444444,0.5,111.0,2019-02-27 19:49:37,刺网
12995,28.124388888888888,125.46108333333332,0.2,0.0,2019-02-27 19:59:37,刺网
12995,28.12433333333333,125.461,0.1,0.0,2019-02-27 20:09:37,刺网
12995,28.12425,125.46086111111113,0.2,0.0,2019-02-27 20:19:36,刺网
12995,28.12425,125.46083333333334,0.3,0.0,2019-02-27 20:29:36,刺网
12995,28.12413888888889,125.46066666666668,0.3,0.0,2019-02-27 20:39:39,刺网
12995,28.12413888888889,125.46063888888894,0.3,0.0,2019-02-27 20:49:36,刺网
12995,28.124111111111112,125.46055555555556,0.4,201.0,2019-02-27 20:59:39,刺网
12995,28.124111111111112,125.46052777777777,0.5,313.0,2019-02-27 21:09:39,刺网
12995,28.12408333333333,125.46044444444445,0.2,0.0,2019-02-27 21:19:39,刺网
12995,28.124027777777766,125.4602777777778,0.3,31.0,2019-02-27 21:29:39,刺网
12995,28.124055555555554,125.46033333333334,0.7,87.0,2019-02-27 21:39:39,刺网
12995,28.12408333333333,125.4605,0.5,2.0,2019-02-27 21:49:39,刺网
12995,28.124111111111112,125.46055555555556,0.6,228.0,2019-02-27 21:59:38,刺网
12995,28.12413888888889,125.46063888888894,0.2,0.0,2019-02-27 22:09:39,刺网
12995,28.12408333333333,125.4604722222222,0.7,75.0,2019-02-27 22:19:38,刺网
12995,28.124111111111112,125.46052777777777,0.4,0.0,2019-02-27 22:29:38,刺网
12995,28.12408333333333,125.46033333333334,0.7,0.0,2019-02-27 22:39:38,刺网
12995,28.124027777777766,125.46019444444444,0.3,0.0,2019-02-27 22:49:38,刺网
12995,28.124,125.45997222222222,0.6,210.0,2019-02-27 22:59:38,刺网
12995,28.124027777777766,125.46016666666668,0.3,30.0,2019-02-27 23:19:38,刺网
12995,28.124,125.46008333333334,0.0,0.0,2019-02-27 23:29:38,刺网
12995,28.124,125.45997222222222,0.2,0.0,2019-02-27 23:39:38,刺网
12995,28.124027777777766,125.46016666666668,0.6,223.0,2019-02-27 23:49:37,刺网
12995,28.124027777777766,125.46013888888888,0.9,52.0,2019-02-27 23:59:37,刺网
12995,28.124111111111112,125.4604722222222,0.5,288.0,2019-02-28 00:09:37,刺网
12995,28.124111111111112,125.46041666666666,0.8,238.0,2019-02-28 00:19:37,刺网
12995,28.12425,125.4607777777778,0.2,0.0,2019-02-28 00:29:37,刺网
12995,28.124277777777767,125.46083333333334,0.3,97.0,2019-02-28 00:39:37,刺网
12995,28.12455555555556,125.46122222222222,0.3,0.0,2019-02-28 00:49:37,刺网
12995,28.12408333333333,125.46038888888887,0.4,0.0,2019-02-28 00:59:37,刺网
12995,28.1245,125.46119444444444,0.3,34.0,2019-02-28 01:09:37,刺网
12995,28.124194444444445,125.46063888888894,0.3,0.0,2019-02-28 01:19:37,刺网
12995,28.124055555555554,125.46038888888887,0.4,227.0,2019-02-28 01:29:36,刺网
12995,28.12413888888889,125.46063888888894,0.3,55.0,2019-02-28 01:39:36,刺网
12995,28.12408333333333,125.46033333333334,0.4,317.0,2019-02-28 01:49:36,刺网
12995,28.12425,125.4607777777778,0.5,94.0,2019-02-28 01:59:39,刺网
12995,28.124277777777767,125.46083333333334,1.5,209.0,2019-02-28 02:09:39,刺网
12995,28.12408333333333,125.46036111111113,0.3,248.0,2019-02-28 02:19:39,刺网
12995,28.12455555555556,125.46127777777778,0.2,0.0,2019-02-28 02:29:39,刺网
12995,28.124277777777767,125.46083333333334,0.4,261.0,2019-02-28 02:39:39,刺网
12995,28.124111111111112,125.4604722222222,0.5,228.0,2019-02-28 02:49:39,刺网
12995,28.124111111111112,125.46038888888887,0.4,169.0,2019-02-28 02:59:39,刺网
12995,28.124111111111112,125.46044444444445,0.3,0.0,2019-02-28 03:09:38,刺网
12995,28.124222222222233,125.4607777777778,0.1,0.0,2019-02-28 03:19:38,刺网
12995,28.124305555555555,125.46091666666668,0.0,0.0,2019-02-28 03:29:38,刺网
12995,28.124305555555555,125.46094444444445,0.4,103.0,2019-02-28 03:39:38,刺网
12995,28.124277777777767,125.46086111111113,0.7,131.0,2019-02-28 03:49:38,刺网
12995,28.124194444444445,125.46075,0.6,182.0,2019-02-28 03:59:38,刺网
12995,28.124277777777767,125.46086111111113,0.8,19.0,2019-02-28 04:09:38,刺网
12995,28.12327777777778,125.45402777777778,6.8,174.0,2019-02-28 04:19:38,刺网
12995,28.10244444444445,125.45380555555555,7.8,173.0,2019-02-28 04:29:38,刺网
12995,28.08158333333333,125.4537777777778,7.3,180.0,2019-02-28 04:39:38,刺网
12995,28.085361111111112,125.4484722222222,7.1,355.0,2019-02-28 04:49:38,刺网
12995,28.10641666666667,125.44836111111113,7.1,5.0,2019-02-28 04:59:37,刺网
12995,28.12625,125.44672222222223,7.4,270.0,2019-02-28 05:09:37,刺网
12995,28.10805555555556,125.44291666666666,8.0,178.0,2019-02-28 05:19:37,刺网
12995,28.08452777777777,125.44302777777777,8.2,180.0,2019-02-28 05:29:37,刺网
12995,28.08452777777777,125.4385,6.7,3.0,2019-02-28 05:39:37,刺网
12995,28.10430555555555,125.43786111111113,6.4,0.0,2019-02-28 05:49:37,刺网
12995,28.124805555555554,125.43708333333332,7.7,2.0,2019-02-28 05:59:37,刺网
12995,28.11425,125.43119444444444,7.6,179.0,2019-02-28 06:09:37,刺网
12995,28.09188888888889,125.43155555555555,8.3,177.0,2019-02-28 06:19:37,刺网
12995,28.08844444444444,125.42672222222224,7.6,356.0,2019-02-28 06:29:37,刺网
12995,28.109027777777786,125.42611111111113,7.2,8.0,2019-02-28 06:39:36,刺网
12995,28.125722222222233,125.42133333333334,7.1,252.0,2019-02-28 06:49:36,刺网
12995,28.105,125.42091666666668,7.7,180.0,2019-02-28 06:59:36,刺网
12995,28.08819444444445,125.41697222222223,5.6,301.0,2019-02-28 07:09:36,刺网
12995,28.107944444444453,125.41575,7.4,350.0,2019-02-28 07:19:39,刺网
12995,28.12802777777778,125.41791666666668,7.5,45.0,2019-02-28 07:29:39,刺网
12995,28.142777777777766,125.43594444444444,7.6,48.0,2019-02-28 07:39:36,刺网
12995,28.15122222222222,125.44775,2.0,143.0,2019-02-28 07:49:39,刺网
12995,28.148888888888887,125.44983333333332,1.6,150.0,2019-02-28 07:59:39,刺网
12995,28.14680555555555,125.45227777777778,0.2,0.0,2019-02-28 08:09:38,刺网
12995,28.144722222222214,125.45475,3.4,146.0,2019-02-28 08:19:38,刺网
12995,28.142611111111112,125.45736111111113,0.5,0.0,2019-02-28 08:29:38,刺网
12995,28.14027777777777,125.45911111111113,1.3,141.0,2019-02-28 08:39:38,刺网
12995,28.138,125.46088888888893,1.0,143.0,2019-02-28 08:49:38,刺网
12995,28.135805555555557,125.46311111111113,1.5,145.0,2019-02-28 08:59:38,刺网
12995,28.13330555555556,125.46494444444444,2.4,161.0,2019-02-28 09:09:38,刺网
12995,28.13083333333333,125.4669722222222,1.1,143.0,2019-02-28 09:19:38,刺网
12995,28.12863888888889,125.469,3.7,129.0,2019-02-28 09:29:38,刺网
12995,28.126472222222233,125.47066666666667,2.9,152.0,2019-02-28 09:39:38,刺网
12995,28.12613888888889,125.46366666666668,2.3,338.0,2019-02-28 09:49:38,刺网
12995,28.121472222222234,125.46180555555556,2.8,181.0,2019-02-28 09:59:38,刺网
12995,28.113250000000004,125.46266666666668,3.4,184.0,2019-02-28 10:09:37,刺网
12995,28.10461111111111,125.46244444444444,3.5,162.0,2019-02-28 10:19:37,刺网
12995,28.098472222222213,125.46263888888888,2.8,182.0,2019-02-28 10:29:37,刺网
12995,28.089944444444445,125.4637777777778,3.0,176.0,2019-02-28 10:39:37,刺网
12995,28.081805555555555,125.46294444444445,3.4,211.0,2019-02-28 10:49:37,刺网
12995,28.08294444444445,125.45922222222224,2.4,6.0,2019-02-28 10:59:37,刺网
12995,28.091555555555548,125.45741666666667,2.8,355.0,2019-02-28 11:09:37,刺网
12995,28.100972222222214,125.45752777777777,3.0,4.0,2019-02-28 11:19:37,刺网
12995,28.110527777777786,125.45736111111113,3.1,352.0,2019-02-28 11:29:37,刺网
12995,28.11938888888889,125.45508333333332,3.5,352.0,2019-02-28 11:39:37,刺网
12995,28.12436111111111,125.45313888888893,2.6,142.0,2019-02-28 11:49:36,刺网
12995,28.11644444444445,125.45452777777778,0.8,7.0,2019-02-28 11:59:36,刺网
12995,28.121055555555557,125.45094444444445,1.9,293.0,2019-02-28 12:09:36,刺网
12995,28.115444444444453,125.45155555555556,3.1,151.0,2019-02-28 12:19:36,刺网
12995,28.10730555555556,125.45297222222223,2.5,169.0,2019-02-28 12:29:36,刺网
12995,28.10069444444445,125.45325,0.8,167.0,2019-02-28 12:39:39,刺网
12995,28.09330555555556,125.45341666666668,2.9,179.0,2019-02-28 12:49:39,刺网
12995,28.08633333333333,125.45255555555555,2.4,187.0,2019-02-28 12:59:39,刺网
12995,28.08513888888889,125.44933333333334,3.4,341.0,2019-02-28 13:09:38,刺网
12995,28.094166666666666,125.44805555555556,2.6,6.0,2019-02-28 13:19:38,刺网
12995,28.10325000000001,125.44822222222223,3.4,353.0,2019-02-28 13:29:38,刺网
12995,28.112361111111113,125.44761111111113,2.8,353.0,2019-02-28 13:39:38,刺网
12995,28.121527777777786,125.44555555555556,3.3,333.0,2019-02-28 13:49:38,刺网
12995,28.130111111111113,125.44288888888887,3.3,332.0,2019-02-28 13:59:38,刺网
12995,28.12694444444445,125.44163888888887,3.1,158.0,2019-02-28 14:09:38,刺网
12995,28.11944444444445,125.44138888888894,2.6,195.0,2019-02-28 14:19:38,刺网
12995,28.111666666666668,125.4415,2.5,169.0,2019-02-28 14:29:38,刺网
12995,28.10361111111111,125.44161111111113,2.9,172.0,2019-02-28 14:39:38,刺网
12995,28.095555555555553,125.44208333333331,2.5,165.0,2019-02-28 14:49:38,刺网
12995,28.089055555555554,125.44141666666668,2.2,231.0,2019-02-28 14:59:38,刺网
12995,28.09175,125.43575,2.9,344.0,2019-02-28 15:09:37,刺网
12995,28.101111111111113,125.43608333333331,3.9,17.0,2019-02-28 15:19:37,刺网
12995,28.110722222222233,125.43741666666668,3.4,24.0,2019-02-28 15:29:37,刺网
12995,28.117555555555555,125.43838888888894,3.5,337.0,2019-02-28 15:39:37,刺网
12995,28.126777777777786,125.4369722222222,3.6,335.0,2019-02-28 15:49:37,刺网
12995,28.126472222222233,125.43258333333334,2.7,194.0,2019-02-28 15:59:37,刺网
12995,28.119138888888887,125.43266666666668,2.5,168.0,2019-02-28 16:09:37,刺网
12995,28.11216666666667,125.43333333333334,2.3,148.0,2019-02-28 16:19:36,刺网
12995,28.10447222222223,125.43311111111113,3.2,192.0,2019-02-28 16:29:37,刺网
12995,28.09638888888889,125.43230555555556,3.2,202.0,2019-02-28 16:39:37,刺网
12995,28.09622222222222,125.42825,3.7,340.0,2019-02-28 16:49:36,刺网
12995,28.10552777777778,125.42780555555555,2.2,343.0,2019-02-28 16:59:36,刺网
12995,28.11444444444445,125.42683333333336,2.7,352.0,2019-02-28 17:09:36,刺网
12995,28.123222222222214,125.42675,2.8,9.0,2019-02-28 17:19:36,刺网
12995,28.12836111111111,125.42561111111112,0.7,278.0,2019-02-28 17:29:36,刺网
12995,28.12755555555556,125.4262222222222,1.0,155.0,2019-02-28 17:39:36,刺网
12995,28.1265,125.427,1.0,21.0,2019-02-28 17:49:36,刺网
12995,28.12455555555556,125.427,5.3,197.0,2019-02-28 17:59:39,刺网
12995,28.108888888888888,125.4177222222222,7.2,207.0,2019-02-28 18:09:39,刺网
12995,28.08925,125.41230555555555,7.3,185.0,2019-02-28 18:19:39,刺网
12995,28.067555555555554,125.40925,6.0,193.0,2019-02-28 18:29:38,刺网
12995,28.066388888888888,125.40969444444444,0.7,129.0,2019-02-28 18:39:38,刺网
12995,28.06636111111111,125.40969444444444,0.5,176.0,2019-02-28 18:49:38,刺网
12995,28.0665,125.40986111111113,1.0,96.0,2019-02-28 18:59:38,刺网
12995,28.066472222222234,125.40983333333334,0.9,191.0,2019-02-28 19:09:38,刺网
12995,28.06644444444445,125.40986111111113,0.7,69.0,2019-02-28 19:19:38,刺网
12995,28.066388888888888,125.40975,0.4,174.0,2019-02-28 19:29:38,刺网
12995,28.066472222222234,125.40988888888893,0.3,0.0,2019-02-28 19:39:38,刺网
12995,28.066472222222234,125.40991666666667,0.4,0.0,2019-02-28 19:49:38,刺网
12995,28.0665,125.40991666666667,0.9,97.0,2019-02-28 19:59:38,刺网
12995,28.06655555555556,125.41,0.3,0.0,2019-02-28 20:09:38,刺网
12995,28.066472222222234,125.40988888888893,0.3,0.0,2019-02-28 20:19:37,刺网
12995,28.066388888888888,125.4097777777778,0.7,145.0,2019-02-28 20:29:37,刺网
12995,28.06630555555556,125.40969444444444,0.4,133.0,2019-02-28 20:39:37,刺网
12995,28.06636111111111,125.40975,0.8,122.0,2019-02-28 20:49:37,刺网
12995,28.06630555555556,125.40969444444444,0.3,197.0,2019-02-28 20:59:37,刺网
12995,28.066222222222233,125.40955555555556,1.0,80.0,2019-02-28 21:09:37,刺网
12995,28.06616666666667,125.40944444444445,0.7,162.0,2019-02-28 21:19:37,刺网
12995,28.066111111111113,125.40936111111112,1.2,213.0,2019-02-28 21:29:37,刺网
12995,28.06613888888889,125.40936111111112,0.5,231.0,2019-02-28 21:39:37,刺网
12995,28.06608333333333,125.40930555555555,1.1,260.0,2019-02-28 21:49:36,刺网
12995,28.066055555555558,125.40922222222223,0.6,26.0,2019-02-28 21:59:36,刺网
12995,28.066055555555558,125.40925,0.8,22.0,2019-02-28 22:09:36,刺网
12995,28.066,125.40908333333334,0.6,5.0,2019-02-28 22:19:36,刺网
12995,28.065972222222214,125.40897222222223,1.2,338.0,2019-02-28 22:29:36,刺网
12995,28.065972222222214,125.409,0.6,0.0,2019-02-28 22:39:36,刺网
12995,28.065972222222214,125.40891666666668,0.3,205.0,2019-02-28 22:49:36,刺网
12995,28.066,125.409,1.0,274.0,2019-02-28 22:59:36,刺网
12995,28.065972222222214,125.40897222222223,0.8,18.0,2019-02-28 23:09:36,刺网
12995,28.065972222222214,125.40886111111112,0.3,0.0,2019-02-28 23:19:39,刺网
12995,28.066,125.40894444444444,0.2,0.0,2019-02-28 23:29:39,刺网
12995,28.06594444444445,125.40880555555556,0.5,239.0,2019-02-28 23:39:39,刺网
12995,28.06588888888889,125.40844444444444,0.4,40.0,2019-02-28 23:49:38,刺网
12995,28.065972222222214,125.40863888888887,0.4,0.0,2019-02-28 23:59:38,刺网
12995,28.06594444444445,125.4087222222222,0.3,0.0,2019-03-01 00:09:38,刺网
12995,28.065916666666666,125.40847222222223,0.7,254.0,2019-03-01 00:19:38,刺网
12995,28.065916666666666,125.40863888888887,0.8,173.0,2019-03-01 00:29:38,刺网
12995,28.065916666666666,125.40863888888887,0.3,0.0,2019-03-01 00:39:38,刺网
12995,28.065916666666666,125.40855555555555,0.7,112.0,2019-03-01 00:49:38,刺网
12995,28.065916666666666,125.40866666666668,0.3,0.0,2019-03-01 00:59:38,刺网
12995,28.065916666666666,125.40855555555555,0.5,48.0,2019-03-01 01:09:38,刺网
12995,28.065916666666666,125.40827777777778,0.3,279.0,2019-03-01 01:19:37,刺网
12995,28.06588888888889,125.40833333333336,0.3,68.0,2019-03-01 01:29:37,刺网
12995,28.065916666666666,125.40866666666668,0.6,259.0,2019-03-01 01:39:37,刺网
12995,28.065916666666666,125.40841666666668,0.4,201.0,2019-03-01 01:49:37,刺网
12995,28.065916666666666,125.40816666666667,0.6,121.0,2019-03-01 01:59:37,刺网
12995,28.065916666666666,125.40833333333336,1.0,256.0,2019-03-01 02:09:37,刺网
12995,28.065916666666666,125.40850000000002,1.2,78.0,2019-03-01 02:19:37,刺网
12995,28.06588888888889,125.40844444444444,0.9,213.0,2019-03-01 02:29:37,刺网
12995,28.06588888888889,125.40838888888894,1.0,203.0,2019-03-01 02:39:37,刺网
12995,28.06602777777778,125.40827777777778,1.3,215.0,2019-03-01 02:49:37,刺网
12995,28.066,125.40855555555555,1.2,255.0,2019-03-01 02:59:37,刺网
12995,28.065916666666666,125.40847222222223,0.4,64.0,2019-03-01 03:09:36,刺网
12995,28.06588888888889,125.40827777777778,0.8,75.0,2019-03-01 03:19:36,刺网
12995,28.065916666666666,125.40847222222223,0.4,150.0,2019-03-01 03:29:36,刺网
12995,28.065916666666666,125.40863888888887,0.6,110.0,2019-03-01 03:39:36,刺网
12995,28.06594444444445,125.4087222222222,0.3,55.0,2019-03-01 03:49:36,刺网
12995,28.065916666666666,125.40847222222223,0.7,283.0,2019-03-01 03:59:36,刺网
12995,28.067138888888888,125.40855555555555,2.5,12.0,2019-03-01 04:09:36,刺网
12995,28.07611111111111,125.40808333333334,7.4,354.0,2019-03-01 04:19:36,刺网
12995,28.096166666666665,125.40766666666669,6.7,2.0,2019-03-01 04:29:36,刺网
12995,28.116805555555555,125.40716666666668,7.2,358.0,2019-03-01 04:39:38,刺网
12995,28.102750000000004,125.40205555555555,8.3,176.0,2019-03-01 04:49:38,刺网
12995,28.07991666666667,125.4025277777778,7.4,177.0,2019-03-01 04:59:38,刺网
12995,28.072555555555553,125.39755555555556,7.4,5.0,2019-03-01 05:09:38,刺网
12995,28.09575,125.39694444444444,7.7,358.0,2019-03-01 05:19:38,刺网
12995,28.116222222222234,125.39683333333336,7.3,357.0,2019-03-01 05:29:38,刺网
12995,28.112666666666666,125.39125,7.8,176.0,2019-03-01 05:39:38,刺网
12995,28.0895,125.39186111111113,8.5,184.0,2019-03-01 05:49:38,刺网
12995,28.0725,125.387,5.9,335.0,2019-03-01 05:59:38,刺网
12995,28.09338888888889,125.38661111111112,7.1,5.0,2019-03-01 06:09:38,刺网
12995,28.11466666666667,125.38658333333336,7.3,357.0,2019-03-01 06:19:38,刺网
12995,28.120361111111112,125.38138888888888,8.4,177.0,2019-03-01 06:29:37,刺网
12995,28.09741666666667,125.38108333333332,7.9,179.0,2019-03-01 06:39:37,刺网
12995,28.074805555555553,125.38066666666666,7.3,197.0,2019-03-01 06:49:37,刺网
12995,28.09075,125.37544444444444,7.9,5.0,2019-03-01 06:59:37,刺网
12995,28.112,125.37591666666668,8.9,6.0,2019-03-01 07:09:37,刺网
12995,28.12791666666667,125.37908333333333,5.4,125.0,2019-03-01 07:19:37,刺网
12995,28.11708333333333,125.39783333333335,0.7,145.0,2019-03-01 07:39:37,刺网
12995,28.114694444444453,125.39925,1.5,164.0,2019-03-01 07:49:37,刺网
12995,28.11219444444445,125.40080555555555,1.1,138.0,2019-03-01 07:59:37,刺网
12995,28.109527777777767,125.40200000000002,1.1,135.0,2019-03-01 08:09:37,刺网
12995,28.107083333333332,125.40330555555555,0.9,175.0,2019-03-01 08:19:37,刺网
12995,28.10461111111111,125.40477777777781,0.6,188.0,2019-03-01 08:29:36,刺网
12995,28.10216666666667,125.40611111111113,0.7,143.0,2019-03-01 08:39:36,刺网
12995,28.09966666666667,125.40736111111113,1.2,151.0,2019-03-01 08:49:36,刺网
12995,28.097166666666666,125.40875,0.4,0.0,2019-03-01 08:59:36,刺网
12995,28.09475,125.40944444444445,0.5,163.0,2019-03-01 09:09:36,刺网
12995,28.092194444444445,125.41055555555555,0.7,97.0,2019-03-01 09:19:36,刺网
12995,28.08961111111111,125.41138888888894,1.5,150.0,2019-03-01 09:29:36,刺网
12995,28.086861111111112,125.41252777777778,1.2,161.0,2019-03-01 09:39:36,刺网
12995,28.07075,125.41336111111113,6.5,181.0,2019-03-01 09:49:36,刺网
12995,28.07577777777778,125.41247222222222,3.7,12.0,2019-03-01 09:59:38,刺网
12995,28.08483333333333,125.41197222222222,3.4,353.0,2019-03-01 10:09:38,刺网
12995,28.09419444444445,125.41325,3.2,18.0,2019-03-01 10:19:38,刺网
12995,28.103,125.41511111111113,3.4,18.0,2019-03-01 10:29:38,刺网
12995,28.112055555555557,125.41561111111113,3.0,345.0,2019-03-01 10:39:38,刺网
12995,28.119027777777767,125.41341666666668,2.6,271.0,2019-03-01 10:49:38,刺网
12995,28.112361111111113,125.41100000000002,3.8,187.0,2019-03-01 10:59:38,刺网
12995,28.102888888888888,125.40983333333334,3.9,203.0,2019-03-01 11:09:38,刺网
12995,28.093611111111112,125.40816666666667,3.4,194.0,2019-03-01 11:19:37,刺网
12995,28.08433333333333,125.40683333333334,3.4,190.0,2019-03-01 11:29:37,刺网
12995,28.075527777777786,125.40636111111112,3.1,203.0,2019-03-01 11:39:37,刺网
12995,28.07230555555555,125.40125,2.8,347.0,2019-03-01 11:49:37,刺网
12995,28.080472222222234,125.40052777777778,3.2,12.0,2019-03-01 11:59:37,刺网
12995,28.089666666666666,125.40141666666666,2.6,12.0,2019-03-01 12:09:37,刺网
12995,28.0985,125.40247222222222,3.1,16.0,2019-03-01 12:19:37,刺网
12995,28.106333333333332,125.40347222222222,3.3,7.0,2019-03-01 12:29:37,刺网
12995,28.11513888888889,125.40483333333334,3.3,347.0,2019-03-01 12:39:37,刺网
12995,28.123305555555557,125.4045277777778,2.2,325.0,2019-03-01 12:49:37,刺网
12995,28.120638888888887,125.40094444444445,2.9,195.0,2019-03-01 12:59:37,刺网
12995,28.11258333333333,125.39844444444445,3.2,187.0,2019-03-01 13:09:37,刺网
12995,28.104055555555554,125.39719444444445,2.6,178.0,2019-03-01 13:19:36,刺网
12995,28.095805555555554,125.39611111111113,3.2,179.0,2019-03-01 13:29:36,刺网
12995,28.087555555555554,125.39486111111113,2.9,198.0,2019-03-01 13:39:36,刺网
12995,28.079472222222233,125.39394444444444,2.7,172.0,2019-03-01 13:49:36,刺网
12995,28.078861111111113,125.38944444444445,2.6,356.0,2019-03-01 13:59:36,刺网
12995,28.087555555555554,125.38911111111112,3.4,338.0,2019-03-01 14:09:36,刺网
12995,28.09694444444445,125.38983333333334,3.6,357.0,2019-03-01 14:19:36,刺网
12995,28.106055555555557,125.39058333333334,2.9,8.0,2019-03-01 14:29:36,刺网
12995,28.115333333333336,125.39102777777778,3.2,355.0,2019-03-01 14:39:36,刺网
12995,28.124472222222234,125.39169444444444,2.6,350.0,2019-03-01 14:49:35,刺网
12995,28.12919444444445,125.38788888888894,2.3,198.0,2019-03-01 14:59:35,刺网
12995,28.12158333333333,125.38552777777778,3.6,186.0,2019-03-01 15:09:38,刺网
12995,28.11269444444445,125.38480555555556,3.0,184.0,2019-03-01 15:19:38,刺网
12995,28.10444444444445,125.38402777777776,3.0,175.0,2019-03-01 15:29:38,刺网
12995,28.096055555555555,125.38330555555555,3.2,191.0,2019-03-01 15:39:38,刺网
12995,28.08775,125.38358333333332,3.8,188.0,2019-03-01 15:49:38,刺网
12995,28.08313888888889,125.3787222222222,1.7,267.0,2019-03-01 15:59:38,刺网
12995,28.093138888888888,125.3779722222222,4.3,352.0,2019-03-01 16:09:38,刺网
12995,28.102722222222226,125.37783333333331,3.0,347.0,2019-03-01 16:19:37,刺网
12995,28.112444444444453,125.37783333333331,3.3,349.0,2019-03-01 16:29:37,刺网
12995,28.121722222222214,125.37905555555555,3.2,14.0,2019-03-01 16:39:37,刺网
12995,28.12941666666667,125.38111111111112,2.4,26.0,2019-03-01 16:49:37,刺网
12995,28.14022222222223,125.39688888888894,7.8,55.0,2019-03-01 16:59:37,刺网
12995,28.152916666666666,125.41663888888887,8.0,49.0,2019-03-01 17:09:37,刺网
12995,28.166138888888888,125.43747222222223,8.1,56.0,2019-03-01 17:19:37,刺网
12995,28.18863888888889,125.48255555555555,8.1,63.0,2019-03-01 17:39:37,刺网
12995,28.199805555555557,125.50511111111106,7.4,57.0,2019-03-01 17:49:37,刺网
12995,28.21083333333333,125.52791666666666,8.4,69.0,2019-03-01 17:59:37,刺网
12995,28.222222222222214,125.55113888888887,8.5,68.0,2019-03-01 18:09:37,刺网
12995,28.237527777777785,125.5734722222222,8.5,52.0,2019-03-01 18:19:37,刺网
12995,28.25161111111111,125.59263888888887,8.3,53.0,2019-03-01 18:29:36,刺网
12995,28.267055555555554,125.61330555555556,8.7,53.0,2019-03-01 18:39:36,刺网
12995,28.28263888888889,125.63447222222223,8.1,46.0,2019-03-01 18:49:36,刺网
12995,28.29808333333333,125.65555555555555,8.9,52.0,2019-03-01 18:59:36,刺网
12995,28.313805555555557,125.67672222222224,8.9,53.0,2019-03-01 19:09:36,刺网
12995,28.33138888888889,125.69430555555556,8.6,39.0,2019-03-01 19:19:36,刺网
12995,28.35094444444445,125.70925,8.6,28.0,2019-03-01 19:29:36,刺网
12995,28.36483333333333,125.71902777777777,1.3,117.0,2019-03-01 19:39:36,刺网
12995,28.365388888888887,125.72066666666667,1.3,131.0,2019-03-01 19:49:36,刺网
12995,28.36616666666667,125.72041666666668,0.8,278.0,2019-03-01 19:59:36,刺网
12995,28.36636111111111,125.72027777777778,0.6,131.0,2019-03-01 20:09:36,刺网
12995,28.36630555555556,125.72033333333334,1.3,22.0,2019-03-01 20:19:35,刺网
12995,28.36630555555556,125.72033333333334,0.1,0.0,2019-03-01 20:29:38,刺网
12995,28.36633333333333,125.72027777777778,0.3,137.0,2019-03-01 20:39:38,刺网
12995,28.36633333333333,125.72030555555556,1.3,174.0,2019-03-01 20:49:38,刺网
12995,28.36636111111111,125.72027777777778,0.6,184.0,2019-03-01 20:59:38,刺网
12995,28.36638888888889,125.72025,0.6,46.0,2019-03-01 21:09:38,刺网
12995,28.36638888888889,125.72025,0.6,350.0,2019-03-01 21:19:38,刺网
12995,28.36630555555556,125.72033333333334,1.4,29.0,2019-03-01 21:29:38,刺网
12995,28.36616666666667,125.72041666666668,1.4,52.0,2019-03-01 21:39:38,刺网
12995,28.366111111111113,125.72047222222223,1.2,64.0,2019-03-01 21:49:37,刺网
12995,28.366083333333336,125.72044444444445,0.8,172.0,2019-03-01 21:59:37,刺网
12995,28.365972222222233,125.7205277777778,0.3,0.0,2019-03-01 22:09:37,刺网
12995,28.365805555555557,125.72058333333334,1.0,209.0,2019-03-01 22:19:37,刺网
12995,28.365722222222214,125.72061111111113,0.3,0.0,2019-03-01 22:29:37,刺网
12995,28.36558333333333,125.72066666666667,0.2,0.0,2019-03-01 22:39:37,刺网
12995,28.36555555555556,125.72063888888893,0.3,0.0,2019-03-01 22:49:37,刺网
12995,28.365444444444453,125.72066666666667,0.5,110.0,2019-03-01 22:59:37,刺网
12995,28.365361111111113,125.72066666666667,0.6,216.0,2019-03-01 23:09:37,刺网
12995,28.365305555555558,125.72066666666667,0.7,117.0,2019-03-01 23:19:37,刺网
12995,28.365111111111112,125.72066666666667,0.3,0.0,2019-03-01 23:29:37,刺网
12995,28.365027777777787,125.72063888888893,0.6,194.0,2019-03-01 23:39:37,刺网
12995,28.36483333333333,125.72055555555555,0.7,286.0,2019-03-01 23:49:37,刺网
12995,28.36425,125.72027777777778,0.2,0.0,2019-03-02 00:09:36,刺网
12995,28.364027777777785,125.72005555555555,0.3,0.0,2019-03-02 00:19:36,刺网
12995,28.363777777777766,125.71966666666668,0.4,0.0,2019-03-02 00:29:36,刺网
12995,28.36366666666667,125.71933333333334,0.0,0.0,2019-03-02 00:39:36,刺网
12995,28.363527777777787,125.7187777777778,1.2,242.0,2019-03-02 00:49:36,刺网
12995,28.3635,125.71838888888892,1.6,242.0,2019-03-02 00:59:36,刺网
12995,28.363555555555557,125.71808333333333,0.8,291.0,2019-03-02 01:09:36,刺网
12995,28.3635,125.71819444444445,0.5,254.0,2019-03-02 01:19:36,刺网
12995,28.3635,125.7187777777778,0.1,0.0,2019-03-02 01:29:36,刺网
12995,28.3635,125.7182222222222,0.6,223.0,2019-03-02 01:39:35,刺网
12995,28.36358333333333,125.71794444444444,0.3,11.0,2019-03-02 01:49:38,刺网
12995,28.3635,125.71838888888892,0.7,314.0,2019-03-02 01:59:38,刺网
12995,28.363555555555557,125.718,0.2,0.0,2019-03-02 02:09:38,刺网
12995,28.36363888888889,125.71780555555556,0.8,1.0,2019-03-02 02:29:38,刺网
12995,28.3635,125.71838888888892,0.2,0.0,2019-03-02 02:39:38,刺网
12995,28.363555555555557,125.71797222222223,0.3,0.0,2019-03-02 02:49:37,刺网
12995,28.363527777777787,125.71825,0.3,275.0,2019-03-02 02:59:37,刺网
12995,28.363722222222233,125.71758333333334,0.6,22.0,2019-03-02 03:09:37,刺网
12995,28.363555555555557,125.718,0.2,0.0,2019-03-02 03:19:37,刺网
12995,28.363722222222233,125.71761111111113,0.4,278.0,2019-03-02 03:29:37,刺网
12995,28.363611111111112,125.71783333333336,0.3,0.0,2019-03-02 03:39:37,刺网
12995,28.363527777777787,125.71811111111113,0.4,0.0,2019-03-02 03:49:37,刺网
12995,28.363611111111112,125.71797222222223,0.6,277.0,2019-03-02 03:59:37,刺网
12995,28.365111111111112,125.71838888888892,3.4,44.0,2019-03-02 04:09:37,刺网
12995,28.3745,125.72019444444445,7.4,355.0,2019-03-02 04:19:37,刺网
12995,28.395222222222234,125.72008333333332,7.7,358.0,2019-03-02 04:29:37,刺网
12995,28.415416666666665,125.72,6.8,353.0,2019-03-02 04:39:37,刺网
12995,28.40075,125.714,8.1,178.0,2019-03-02 04:49:36,刺网
12995,28.37838888888889,125.71375,7.7,176.0,2019-03-02 04:59:36,刺网
12995,28.368805555555557,125.70741666666667,8.0,352.0,2019-03-02 05:09:36,刺网
12995,28.389555555555553,125.70733333333334,7.8,355.0,2019-03-02 05:19:36,刺网
12995,28.41105555555556,125.70733333333334,7.9,1.0,2019-03-02 05:29:36,刺网
12995,28.41425,125.70047222222223,7.9,178.0,2019-03-02 05:39:36,刺网
12995,28.391805555555553,125.7005,7.5,186.0,2019-03-02 05:49:36,刺网
12995,28.371333333333336,125.69833333333334,7.6,289.0,2019-03-02 05:59:36,刺网
12995,28.39191666666667,125.6945,7.2,3.0,2019-03-02 06:09:36,刺网
12995,28.414361111111113,125.69463888888887,8.6,359.0,2019-03-02 06:19:36,刺网
12995,28.422888888888888,125.68838888888894,7.8,181.0,2019-03-02 06:29:35,刺网
12995,28.39994444444445,125.68830555555556,7.8,182.0,2019-03-02 06:39:35,刺网
12995,28.377111111111113,125.68819444444445,8.2,178.0,2019-03-02 06:49:35,刺网
12995,28.385666666666665,125.68227777777778,8.3,354.0,2019-03-02 06:59:35,刺网
12995,28.40844444444444,125.68194444444444,7.1,357.0,2019-03-02 07:09:38,刺网
12995,28.432277777777767,125.6820277777778,8.2,4.0,2019-03-02 07:19:35,刺网
12995,28.42483333333333,125.69163888888887,4.9,133.0,2019-03-02 07:29:38,刺网
12995,28.41936111111111,125.69869444444444,1.0,131.0,2019-03-02 07:39:38,刺网
12995,28.41775,125.70355555555555,1.0,113.0,2019-03-02 07:59:38,刺网
12995,28.416777777777767,125.70611111111113,0.9,118.0,2019-03-02 08:09:37,刺网
12995,28.415555555555553,125.70838888888893,1.4,174.0,2019-03-02 08:19:37,刺网
12995,28.41441666666667,125.71083333333334,0.6,133.0,2019-03-02 08:29:37,刺网
12995,28.41319444444445,125.71313888888888,1.5,102.0,2019-03-02 08:39:37,刺网
12995,28.410527777777766,125.71769444444445,0.9,81.0,2019-03-02 08:59:37,刺网
12995,28.40922222222222,125.72011111111112,1.1,135.0,2019-03-02 09:09:37,刺网
12995,28.40786111111111,125.72236111111113,1.2,85.0,2019-03-02 09:19:36,刺网
12995,28.406527777777768,125.72469444444445,0.7,112.0,2019-03-02 09:29:36,刺网
12995,28.405666666666665,125.72669444444445,0.7,86.0,2019-03-02 09:39:36,刺网
12995,28.389555555555553,125.72772222222223,7.3,183.0,2019-03-02 09:49:36,刺网
12995,28.375,125.72447222222222,2.6,258.0,2019-03-02 09:59:36,刺网
12995,28.38216666666667,125.7234722222222,3.6,9.0,2019-03-02 10:09:36,刺网
12995,28.3915,125.72594444444445,3.5,19.0,2019-03-02 10:19:36,刺网
12995,28.39919444444445,125.72861111111106,3.6,12.0,2019-03-02 10:29:36,刺网
12995,28.40819444444444,125.7294722222222,3.7,7.0,2019-03-02 10:39:36,刺网
12995,28.41633333333333,125.72963888888887,3.0,14.0,2019-03-02 10:49:36,刺网
12995,28.41419444444445,125.72558333333332,2.8,178.0,2019-03-02 10:59:36,刺网
12995,28.405305555555554,125.72466666666666,3.5,171.0,2019-03-02 11:09:36,刺网
12995,28.396583333333336,125.72305555555555,3.7,184.0,2019-03-02 11:19:36,刺网
12995,28.387666666666664,125.71963888888894,3.5,193.0,2019-03-02 11:29:35,刺网
12995,28.37811111111111,125.71705555555555,3.5,187.0,2019-03-02 11:39:35,刺网
12995,28.37072222222222,125.71463888888893,3.0,221.0,2019-03-02 11:49:35,刺网
12995,28.373972222222214,125.70963888888888,2.7,4.0,2019-03-02 11:59:35,刺网
12995,28.38225,125.7107777777778,2.9,13.0,2019-03-02 12:09:35,刺网
12995,28.39094444444445,125.71330555555555,3.1,9.0,2019-03-02 12:19:38,刺网
12995,28.399527777777767,125.71586111111112,2.8,5.0,2019-03-02 12:29:38,刺网
12995,28.407694444444445,125.71722222222222,2.7,347.0,2019-03-02 12:39:38,刺网
12995,28.415888888888887,125.71875,2.8,348.0,2019-03-02 12:49:37,刺网
12995,28.422722222222234,125.71669444444444,2.2,301.0,2019-03-02 12:59:37,刺网
12995,28.41719444444445,125.71344444444445,2.9,179.0,2019-03-02 13:09:37,刺网
12995,28.40058333333333,125.71008333333334,2.8,193.0,2019-03-02 13:29:37,刺网
12995,28.39241666666667,125.70647222222223,3.0,197.0,2019-03-02 13:39:37,刺网
12995,28.38375,125.70277777777778,2.6,199.0,2019-03-02 13:49:37,刺网
12995,28.37736111111111,125.69902777777777,2.6,252.0,2019-03-02 13:59:37,刺网
12995,28.385,125.69736111111106,3.2,4.0,2019-03-02 14:09:37,刺网
12995,28.39413888888889,125.69955555555555,3.2,12.0,2019-03-02 14:19:36,刺网
12995,28.403027777777766,125.70286111111112,3.3,17.0,2019-03-02 14:29:36,刺网
12995,28.412416666666665,125.70444444444445,3.1,28.0,2019-03-02 14:39:36,刺网
12995,28.42166666666667,125.70530555555555,3.7,15.0,2019-03-02 14:49:36,刺网
12995,28.429388888888887,125.70355555555555,2.3,309.0,2019-03-02 14:59:36,刺网
12995,28.42533333333333,125.70091666666669,3.1,189.0,2019-03-02 15:09:36,刺网
12995,28.41713888888889,125.69880555555555,3.1,190.0,2019-03-02 15:19:36,刺网
12995,28.40883333333333,125.69583333333334,3.3,193.0,2019-03-02 15:29:36,刺网
12995,28.400916666666664,125.69161111111113,2.9,180.0,2019-03-02 15:39:36,刺网
12995,28.39258333333333,125.68844444444444,3.0,198.0,2019-03-02 15:49:36,刺网
12995,28.38508333333333,125.68597222222222,2.2,200.0,2019-03-02 15:59:36,刺网
12995,28.380888888888887,125.68244444444444,0.5,346.0,2019-03-02 16:09:36,刺网
12995,28.38969444444445,125.68052777777778,3.4,357.0,2019-03-02 16:19:36,刺网
12995,28.399611111111113,125.68186111111113,3.4,14.0,2019-03-02 16:29:36,刺网
12995,28.4095,125.68477777777778,3.9,22.0,2019-03-02 16:39:35,刺网
12995,28.41919444444445,125.68788888888888,3.6,29.0,2019-03-02 16:49:35,刺网
12995,28.42791666666667,125.69061111111112,3.7,27.0,2019-03-02 16:59:35,刺网
12995,28.435166666666664,125.69425,2.3,41.0,2019-03-02 17:09:35,刺网
12995,28.43469444444445,125.70808333333332,5.3,91.0,2019-03-02 17:19:35,刺网
12995,28.43408333333333,125.72158333333334,1.8,85.0,2019-03-02 17:29:38,刺网
12995,28.433277777777786,125.72369444444445,1.3,135.0,2019-03-02 17:39:38,刺网
12995,28.43213888888889,125.72444444444444,0.7,13.0,2019-03-02 17:49:37,刺网
12995,28.422305555555557,125.72488888888893,4.3,185.0,2019-03-02 17:59:37,刺网
12995,28.409388888888888,125.72263888888888,4.3,204.0,2019-03-02 18:09:37,刺网
12995,28.401527777777765,125.72200000000001,3.0,194.0,2019-03-02 18:19:37,刺网
12995,28.38958333333333,125.72283333333334,7.7,166.0,2019-03-02 18:29:37,刺网
12995,28.384138888888888,125.72355555555555,0.6,81.0,2019-03-02 18:39:37,刺网
12995,28.38441666666667,125.72452777777778,0.2,0.0,2019-03-02 18:49:37,刺网
12995,28.385388888888887,125.72413888888887,0.5,0.0,2019-03-02 18:59:37,刺网
12995,28.38583333333333,125.72369444444445,1.1,242.0,2019-03-02 19:09:36,刺网
12995,28.385777777777786,125.72377777777778,0.1,0.0,2019-03-02 19:19:36,刺网
12995,28.385805555555557,125.72375,0.4,341.0,2019-03-02 19:29:36,刺网
12995,28.385805555555557,125.7237222222222,1.2,342.0,2019-03-02 19:39:36,刺网
12995,28.385666666666665,125.724,0.4,0.0,2019-03-02 19:49:36,刺网
12995,28.38561111111111,125.724,0.4,0.0,2019-03-02 19:59:36,刺网
12995,28.38561111111111,125.72397222222223,1.2,81.0,2019-03-02 20:09:36,刺网
12995,28.385388888888887,125.72425,0.4,269.0,2019-03-02 20:19:36,刺网
12995,28.38533333333333,125.72427777777777,0.3,299.0,2019-03-02 20:29:36,刺网
12995,28.38508333333333,125.72447222222222,0.3,245.0,2019-03-02 20:39:36,刺网
12995,28.385,125.7245,0.8,199.0,2019-03-02 20:49:36,刺网
12995,28.38483333333333,125.72458333333331,0.4,116.0,2019-03-02 20:59:36,刺网
12995,28.384777777777767,125.72461111111113,0.4,211.0,2019-03-02 21:09:36,刺网
12995,28.384638888888887,125.72466666666666,0.3,104.0,2019-03-02 21:19:36,刺网
12995,28.384555555555554,125.72469444444445,1.0,230.0,2019-03-02 21:29:35,刺网
12995,28.384472222222215,125.72466666666666,1.1,283.0,2019-03-02 21:39:35,刺网
12995,28.384166666666665,125.72472222222223,1.0,132.0,2019-03-02 21:49:35,刺网
12995,28.38411111111111,125.72472222222223,0.7,16.0,2019-03-02 21:59:35,刺网
12995,28.383888888888887,125.72466666666666,0.8,221.0,2019-03-02 22:09:35,刺网
12995,28.383777777777766,125.72466666666666,0.6,0.0,2019-03-02 22:19:35,刺网
12995,28.383527777777786,125.72452777777778,0.6,237.0,2019-03-02 22:29:38,刺网
12995,28.383416666666665,125.7245,0.4,172.0,2019-03-02 22:39:38,刺网
12995,28.383250000000004,125.72441666666666,0.7,130.0,2019-03-02 22:49:38,刺网
12995,28.38302777777778,125.72425,0.3,103.0,2019-03-02 22:59:37,刺网
12995,28.38275,125.724,0.4,235.0,2019-03-02 23:09:37,刺网
12995,28.38261111111111,125.72377777777778,0.9,39.0,2019-03-02 23:19:37,刺网
12995,28.382444444444445,125.7234722222222,0.2,0.0,2019-03-02 23:29:37,刺网
12995,28.382388888888887,125.72330555555556,0.3,0.0,2019-03-02 23:39:37,刺网
12995,28.382277777777766,125.72316666666669,0.3,0.0,2019-03-02 23:49:37,刺网
12995,28.38225,125.72305555555555,0.5,0.0,2019-03-02 23:59:37,刺网
12995,28.38225,125.723,0.4,0.0,2019-03-03 00:09:37,刺网
12995,28.38225,125.72291666666666,0.9,150.0,2019-03-03 00:19:37,刺网
12995,28.382222222222214,125.72286111111113,0.5,0.0,2019-03-03 00:29:37,刺网
12995,28.382222222222214,125.72280555555555,0.8,214.0,2019-03-03 00:39:36,刺网
12995,28.382222222222214,125.7225,1.2,269.0,2019-03-03 00:49:36,刺网
12995,28.38219444444445,125.72230555555555,0.8,86.0,2019-03-03 00:59:36,刺网
12995,28.38219444444445,125.72263888888888,0.7,264.0,2019-03-03 01:09:36,刺网
12995,28.38219444444445,125.72244444444445,0.2,0.0,2019-03-03 01:19:36,刺网
12995,28.38219444444445,125.72213888888888,0.4,299.0,2019-03-03 01:29:36,刺网
12995,28.382222222222214,125.72222222222223,0.2,0.0,2019-03-03 01:39:36,刺网
12995,28.38219444444445,125.72233333333334,0.3,0.0,2019-03-03 01:49:36,刺网
12995,28.38216666666667,125.72219444444444,1.0,236.0,2019-03-03 01:59:36,刺网
12995,28.38219444444445,125.72261111111106,0.2,0.0,2019-03-03 02:09:36,刺网
12995,28.38225,125.72197222222222,0.9,267.0,2019-03-03 02:19:36,刺网
12995,28.382222222222214,125.72233333333334,0.9,33.0,2019-03-03 02:29:36,刺网
12995,28.382222222222214,125.7224722222222,0.2,0.0,2019-03-03 02:39:35,刺网
12995,28.382277777777766,125.72194444444445,0.3,0.0,2019-03-03 02:49:35,刺网
12995,28.382222222222214,125.72202777777778,0.2,0.0,2019-03-03 02:59:35,刺网
12995,28.382222222222214,125.72200000000001,0.6,324.0,2019-03-03 03:09:35,刺网
12995,28.382388888888887,125.72194444444445,0.8,57.0,2019-03-03 03:19:35,刺网
12995,28.38233333333333,125.72169444444445,0.2,0.0,2019-03-03 03:29:35,刺网
12995,28.38241666666667,125.72158333333334,0.5,327.0,2019-03-03 03:39:35,刺网
12995,28.38241666666667,125.72161111111113,0.3,0.0,2019-03-03 03:49:35,刺网
12995,28.38358333333333,125.7222777777778,2.1,336.0,2019-03-03 03:59:38,刺网
12995,28.39241666666667,125.72525,7.8,357.0,2019-03-03 04:09:37,刺网
12995,28.41225,125.7254722222222,6.8,359.0,2019-03-03 04:19:37,刺网
12995,28.42211111111111,125.73033333333336,6.9,185.0,2019-03-03 04:29:37,刺网
12995,28.400111111111112,125.7305,7.8,176.0,2019-03-03 04:39:37,刺网
12995,28.37802777777778,125.73083333333334,8.1,182.0,2019-03-03 04:49:37,刺网
12995,28.393611111111113,125.73625,7.8,358.0,2019-03-03 04:59:37,刺网
12995,28.413305555555556,125.73630555555556,8.1,357.0,2019-03-03 05:09:37,刺网
12995,28.408361111111113,125.74147222222223,8.2,178.0,2019-03-03 05:19:37,刺网
12995,28.38636111111111,125.74161111111113,8.1,178.0,2019-03-03 05:29:36,刺网
12995,28.372777777777767,125.75005555555555,6.7,34.0,2019-03-03 05:39:37,刺网
12995,28.394111111111112,125.75027777777778,7.8,1.0,2019-03-03 05:49:36,刺网
12995,28.41544444444445,125.75022222222222,7.6,354.0,2019-03-03 05:59:36,刺网
12995,28.425027777777785,125.76322222222224,7.8,95.0,2019-03-03 06:09:36,刺网
12995,28.40583333333333,125.76683333333334,8.0,181.0,2019-03-03 06:19:36,刺网
12995,28.38358333333333,125.76725,7.5,181.0,2019-03-03 06:29:36,刺网
12995,28.377194444444445,125.77355555555555,7.5,0.0,2019-03-03 06:39:36,刺网
12995,28.39975,125.77447222222222,7.6,357.0,2019-03-03 06:49:36,刺网
12995,28.42205555555556,125.77469444444445,7.5,357.0,2019-03-03 06:59:36,刺网
12995,28.40775,125.78022222222219,8.4,179.0,2019-03-03 07:09:36,刺网
12995,28.40691666666667,125.76027777777777,7.7,270.0,2019-03-03 07:19:36,刺网
12995,28.408916666666666,125.73591666666668,7.9,277.0,2019-03-03 07:29:35,刺网
12995,28.41038888888889,125.72783333333334,0.6,130.0,2019-03-03 07:39:35,刺网
12995,28.40988888888889,125.72622222222222,0.5,140.0,2019-03-03 07:59:35,刺网
12995,28.40969444444445,125.72566666666668,1.1,0.0,2019-03-03 08:09:35,刺网
12995,28.40936111111111,125.72563888888894,0.7,0.0,2019-03-03 08:19:35,刺网
12995,28.40886111111111,125.72538888888887,1.2,244.0,2019-03-03 08:29:35,刺网
12995,28.40844444444444,125.72541666666666,0.6,0.0,2019-03-03 08:39:35,刺网
12995,28.408166666666666,125.72502777777778,0.2,0.0,2019-03-03 08:49:35,刺网
12995,28.407694444444445,125.72525,1.0,0.0,2019-03-03 08:59:35,刺网
12995,28.407277777777768,125.72502777777778,0.4,0.0,2019-03-03 09:09:35,刺网
12995,28.40691666666667,125.72491666666667,0.2,0.0,2019-03-03 09:19:35,刺网
12995,28.401888888888887,125.72080555555556,3.6,211.0,2019-03-03 09:29:37,刺网
12995,28.4005,125.7185,2.8,342.0,2019-03-03 09:39:37,刺网
12995,28.408972222222214,125.71652777777777,3.0,351.0,2019-03-03 09:49:37,刺网
12995,28.41861111111111,125.71694444444445,4.3,3.0,2019-03-03 09:59:37,刺网
12995,28.42769444444445,125.71855555555555,3.1,6.0,2019-03-03 10:09:37,刺网
12995,28.43469444444445,125.72413888888887,2.9,86.0,2019-03-03 10:19:37,刺网
12995,28.426111111111112,125.7235,2.9,169.0,2019-03-03 10:29:37,刺网
12995,28.41741666666667,125.72319444444445,2.7,165.0,2019-03-03 10:39:36,刺网
12995,28.40886111111111,125.72497222222222,2.9,155.0,2019-03-03 10:49:36,刺网
12995,28.400527777777786,125.728,3.3,156.0,2019-03-03 10:59:36,刺网
12995,28.39352777777778,125.73263888888887,3.4,138.0,2019-03-03 11:09:36,刺网
12995,28.38933333333333,125.73838888888888,1.3,119.0,2019-03-03 11:19:36,刺网
12995,28.39716666666667,125.73475,2.8,319.0,2019-03-03 11:29:36,刺网
12995,28.40486111111111,125.73163888888888,3.0,358.0,2019-03-03 11:39:36,刺网
12995,28.41333333333333,125.73033333333336,3.0,355.0,2019-03-03 11:49:36,刺网
12995,28.42219444444445,125.73200000000001,3.1,20.0,2019-03-03 11:59:36,刺网
12995,28.42733333333333,125.73863888888887,3.1,134.0,2019-03-03 12:09:36,刺网
12995,28.419,125.73733333333334,2.7,176.0,2019-03-03 12:19:36,刺网
12995,28.410416666666666,125.73675,3.2,199.0,2019-03-03 12:29:36,刺网
12995,28.40211111111111,125.73858333333332,2.7,151.0,2019-03-03 12:39:36,刺网
12995,28.39483333333333,125.74305555555556,2.9,141.0,2019-03-03 12:49:35,刺网
12995,28.38794444444445,125.74872222222223,2.7,163.0,2019-03-03 12:59:35,刺网
12995,28.382055555555556,125.75505555555556,2.3,135.0,2019-03-03 13:09:35,刺网
12995,28.38827777777778,125.75280555555555,3.3,330.0,2019-03-03 13:19:35,刺网
12995,28.39713888888889,125.7482222222222,3.1,333.0,2019-03-03 13:29:35,刺网
12995,28.407055555555548,125.74700000000001,3.4,356.0,2019-03-03 13:39:35,刺网
12995,28.41566666666667,125.74786111111112,2.7,5.0,2019-03-03 13:49:35,刺网
12995,28.424777777777766,125.74966666666668,4.3,10.0,2019-03-03 13:59:35,刺网
12995,28.432305555555555,125.7537222222222,2.4,50.0,2019-03-03 14:09:35,刺网
12995,28.431694444444453,125.76275,2.8,109.0,2019-03-03 14:19:34,刺网
12995,28.424722222222233,125.76722222222222,3.3,183.0,2019-03-03 14:29:37,刺网
12995,28.41619444444445,125.76716666666668,3.0,189.0,2019-03-03 14:39:37,刺网
12995,28.407972222222234,125.76569444444445,3.7,194.0,2019-03-03 14:49:37,刺网
12995,28.400027777777765,125.76372222222223,3.1,195.0,2019-03-03 14:59:37,刺网
12995,28.39208333333333,125.76286111111106,3.1,205.0,2019-03-03 15:09:37,刺网
12995,28.38494444444445,125.76458333333332,2.3,176.0,2019-03-03 15:19:37,刺网
12995,28.386055555555558,125.76869444444445,4.5,351.0,2019-03-03 15:29:37,刺网
12995,28.395277777777785,125.76813888888887,4.2,4.0,2019-03-03 15:39:37,刺网
12995,28.40494444444445,125.77086111111107,3.1,4.0,2019-03-03 15:49:36,刺网
12995,28.410805555555555,125.77161111111113,3.3,357.0,2019-03-03 15:59:36,刺网
12995,28.42088888888889,125.77044444444445,4.1,345.0,2019-03-03 16:09:36,刺网
12995,28.430277777777786,125.77063888888893,3.6,18.0,2019-03-03 16:19:36,刺网
12995,28.42975,125.77363888888887,3.0,191.0,2019-03-03 16:39:36,刺网
12995,28.42436111111111,125.77611111111106,2.7,99.0,2019-03-03 16:49:36,刺网
12995,28.427111111111113,125.78991666666668,8.1,73.0,2019-03-03 16:59:36,刺网
12995,28.43833333333333,125.81025,7.1,54.0,2019-03-03 17:09:36,刺网
12995,28.45069444444444,125.83094444444444,7.4,62.0,2019-03-03 17:19:36,刺网
12995,28.461444444444442,125.85219444444445,7.8,58.0,2019-03-03 17:29:36,刺网
12995,28.472444444444445,125.87369444444445,8.0,60.0,2019-03-03 17:39:36,刺网
12995,28.48319444444445,125.89544444444445,7.3,63.0,2019-03-03 17:49:36,刺网
12995,28.493777777777765,125.91880555555555,7.4,62.0,2019-03-03 17:59:35,刺网
12995,28.494111111111113,125.92044444444444,0.3,0.0,2019-03-03 18:09:35,刺网
12995,28.493333333333336,125.92130555555555,0.3,0.0,2019-03-03 18:19:35,刺网
12995,28.493361111111113,125.92130555555555,0.4,253.0,2019-03-03 18:29:35,刺网
12995,28.493361111111113,125.92136111111112,0.4,0.0,2019-03-03 18:39:35,刺网
12995,28.493472222222234,125.9215,1.4,161.0,2019-03-03 18:49:35,刺网
12995,28.493388888888887,125.92138888888893,0.6,129.0,2019-03-03 18:59:35,刺网
12995,28.493388888888887,125.92147222222223,0.4,54.0,2019-03-03 19:09:35,刺网
12995,28.493527777777786,125.92161111111112,0.3,0.0,2019-03-03 19:19:35,刺网
12995,28.493777777777765,125.92188888888887,0.7,0.0,2019-03-03 19:29:35,刺网
12995,28.49375,125.92188888888887,0.7,125.0,2019-03-03 19:39:34,刺网
12995,28.49375,125.92194444444445,0.6,75.0,2019-03-03 19:49:34,刺网
12995,28.49388888888889,125.9220277777778,1.1,141.0,2019-03-03 19:59:37,刺网
12995,28.494083333333336,125.92208333333332,0.7,253.0,2019-03-03 20:09:34,刺网
12995,28.494083333333336,125.92211111111112,0.5,204.0,2019-03-03 20:19:37,刺网
12995,28.494194444444453,125.92219444444444,0.7,273.0,2019-03-03 20:29:37,刺网
12995,28.494083333333336,125.92211111111112,0.6,148.0,2019-03-03 20:39:37,刺网
12995,28.494,125.92208333333332,0.6,236.0,2019-03-03 20:49:37,刺网
12995,28.494083333333336,125.92213888888894,0.3,62.0,2019-03-03 20:59:36,刺网
12995,28.494055555555555,125.92208333333332,0.1,0.0,2019-03-03 21:09:36,刺网
12995,28.494111111111113,125.92213888888894,1.2,269.0,2019-03-03 21:19:36,刺网
12995,28.494083333333336,125.92211111111112,0.7,149.0,2019-03-03 21:29:36,刺网
12995,28.494083333333336,125.92211111111112,0.5,0.0,2019-03-03 21:39:36,刺网
12995,28.494083333333336,125.92213888888894,0.6,4.0,2019-03-03 21:49:36,刺网
12995,28.494,125.92205555555556,1.3,220.0,2019-03-03 21:59:36,刺网
12995,28.494027777777767,125.92213888888894,1.0,312.0,2019-03-03 22:09:36,刺网
12995,28.493972222222233,125.92208333333332,0.8,143.0,2019-03-03 22:19:36,刺网
12995,28.493944444444452,125.9220277777778,0.2,0.0,2019-03-03 22:29:36,刺网
12995,28.49388888888889,125.92200000000001,0.2,0.0,2019-03-03 22:39:36,刺网
12995,28.493944444444452,125.9220277777778,0.9,216.0,2019-03-03 22:49:36,刺网
12995,28.49388888888889,125.92200000000001,0.3,0.0,2019-03-03 22:59:36,刺网
12995,28.493944444444452,125.92200000000001,0.3,0.0,2019-03-03 23:09:35,刺网
12995,28.49375,125.92191666666666,0.7,189.0,2019-03-03 23:19:36,刺网
12995,28.493861111111112,125.92200000000001,0.7,129.0,2019-03-03 23:29:35,刺网
12995,28.493777777777765,125.92188888888887,1.8,6.0,2019-03-03 23:39:35,刺网
12995,28.49369444444445,125.92186111111113,1.1,0.0,2019-03-03 23:49:35,刺网
12995,28.49369444444445,125.92183333333334,0.3,0.0,2019-03-03 23:59:35,刺网
12995,28.493722222222214,125.92191666666666,1.6,139.0,2019-03-04 00:09:35,刺网
12995,28.493666666666666,125.92183333333334,0.5,0.0,2019-03-04 00:19:35,刺网
12995,28.49361111111111,125.92183333333334,0.4,247.0,2019-03-04 00:39:35,刺网
12995,28.49358333333333,125.92175,0.4,210.0,2019-03-04 00:49:35,刺网
12995,28.49361111111111,125.92175,0.8,243.0,2019-03-04 00:59:34,刺网
12995,28.4935,125.92166666666668,0.7,160.0,2019-03-04 01:09:34,刺网
12995,28.493444444444453,125.92163888888888,0.8,71.0,2019-03-04 01:19:37,刺网
12995,28.493527777777786,125.92172222222223,0.7,287.0,2019-03-04 01:29:37,刺网
12995,28.493472222222234,125.92161111111112,0.5,243.0,2019-03-04 01:39:37,刺网
12995,28.493444444444453,125.92161111111112,0.4,319.0,2019-03-04 01:49:37,刺网
12995,28.493444444444453,125.92161111111112,1.1,241.0,2019-03-04 01:59:37,刺网
12995,28.493388888888887,125.92152777777778,0.4,66.0,2019-03-04 02:09:37,刺网
12995,28.493472222222234,125.92163888888888,1.0,86.0,2019-03-04 02:19:37,刺网
12995,28.493472222222234,125.92166666666668,0.7,0.0,2019-03-04 02:29:36,刺网
12995,28.493527777777786,125.92169444444444,2.1,226.0,2019-03-04 02:39:37,刺网
12995,28.49358333333333,125.92175,0.9,223.0,2019-03-04 02:49:36,刺网
12995,28.49355555555556,125.92172222222223,0.6,331.0,2019-03-04 02:59:36,刺网
12995,28.49355555555556,125.92169444444444,0.3,108.0,2019-03-04 03:09:36,刺网
12995,28.49341666666667,125.92155555555556,2.0,238.0,2019-03-04 03:19:36,刺网
12995,28.493444444444453,125.92158333333334,1.0,195.0,2019-03-04 03:29:36,刺网
12995,28.493472222222234,125.92161111111112,0.9,221.0,2019-03-04 03:39:36,刺网
12995,28.49341666666667,125.92152777777778,0.8,269.0,2019-03-04 03:49:36,刺网
12995,28.493527777777786,125.92169444444444,0.9,211.0,2019-03-04 03:59:36,刺网
12995,28.49341666666667,125.92152777777778,1.4,47.0,2019-03-04 04:19:36,刺网
12995,28.4935,125.92163888888888,0.8,3.0,2019-03-04 04:29:36,刺网
12995,28.49355555555556,125.92172222222223,0.9,69.0,2019-03-04 04:39:35,刺网
12995,28.4935,125.92163888888888,1.2,241.0,2019-03-04 04:49:35,刺网
12995,28.493472222222234,125.92163888888888,0.6,66.0,2019-03-04 04:59:35,刺网
12995,28.493361111111113,125.9215,0.7,249.0,2019-03-04 05:09:35,刺网
12995,28.49355555555556,125.92175,1.3,123.0,2019-03-04 05:19:35,刺网
12995,28.4935,125.92172222222223,0.6,222.0,2019-03-04 05:29:35,刺网
12995,28.49361111111111,125.9217777777778,0.9,14.0,2019-03-04 05:39:35,刺网
12995,28.49363888888889,125.92180555555555,0.8,199.0,2019-03-04 05:49:35,刺网
12995,28.4935,125.92166666666668,0.5,21.0,2019-03-04 05:59:35,刺网
12995,28.493472222222234,125.92166666666668,0.5,0.0,2019-03-04 06:09:34,刺网
12995,28.493527777777786,125.92169444444444,0.9,293.0,2019-03-04 06:19:34,刺网
12995,28.49369444444445,125.92186111111113,0.3,0.0,2019-03-04 06:29:34,刺网
12995,28.493805555555557,125.92200000000001,0.6,0.0,2019-03-04 06:39:34,刺网
12995,28.49375,125.92194444444445,0.7,0.0,2019-03-04 06:49:37,刺网
12995,28.49375,125.9220277777778,3.4,136.0,2019-03-04 06:59:34,刺网
12995,28.493777777777765,125.92200000000001,1.5,235.0,2019-03-04 07:09:37,刺网
12995,28.494,125.92213888888894,1.2,160.0,2019-03-04 07:19:37,刺网
12995,28.493972222222233,125.92213888888894,1.6,112.0,2019-03-04 07:29:37,刺网
12995,28.494027777777767,125.92213888888894,1.3,213.0,2019-03-04 07:39:36,刺网
12995,28.493944444444452,125.92205555555556,1.7,149.0,2019-03-04 07:49:36,刺网
12995,28.493861111111112,125.92205555555556,0.7,158.0,2019-03-04 07:59:36,刺网
12995,28.49391666666667,125.92211111111112,1.3,197.0,2019-03-04 08:09:36,刺网
12995,28.493861111111112,125.92205555555556,0.7,156.0,2019-03-04 08:19:36,刺网
12995,28.493805555555557,125.9220277777778,0.8,323.0,2019-03-04 08:29:36,刺网
12995,28.49388888888889,125.92208333333332,0.9,51.0,2019-03-04 08:39:36,刺网
12995,28.494,125.92216666666668,1.4,201.0,2019-03-04 08:49:36,刺网
12995,28.494111111111113,125.92225,0.9,71.0,2019-03-04 08:59:36,刺网
12995,28.494194444444453,125.92227777777781,1.4,174.0,2019-03-04 09:09:35,刺网
12995,28.494138888888887,125.92225,0.5,302.0,2019-03-04 09:19:36,刺网
12995,28.494,125.92236111111113,1.0,127.0,2019-03-04 09:29:35,刺网
12995,28.49219444444445,125.92541666666666,1.2,79.0,2019-03-04 09:39:35,刺网
12995,28.48958333333333,125.93008333333334,0.9,130.0,2019-03-04 09:49:35,刺网
12995,28.48719444444445,125.93366666666668,2.8,153.0,2019-03-04 09:59:35,刺网
12995,28.485555555555557,125.93688888888887,0.4,0.0,2019-03-04 10:09:35,刺网
12995,28.484,125.93980555555555,2.0,149.0,2019-03-04 10:19:35,刺网
12995,28.482055555555554,125.94269444444444,0.8,113.0,2019-03-04 10:29:35,刺网
12995,28.4805,125.94569444444444,0.7,105.0,2019-03-04 10:39:35,刺网
12995,28.478416666666664,125.9484722222222,3.6,154.0,2019-03-04 10:49:35,刺网
12995,28.47644444444445,125.95216666666668,1.4,99.0,2019-03-04 10:59:35,刺网
12995,28.47483333333333,125.95466666666668,1.5,124.0,2019-03-04 11:09:35,刺网
12995,28.471916666666665,125.95769444444444,0.8,135.0,2019-03-04 11:19:34,刺网
12995,28.46988888888889,125.961,1.3,120.0,2019-03-04 11:29:34,刺网
12995,28.46688888888889,125.96430555555555,1.5,129.0,2019-03-04 11:39:34,刺网
12995,28.466916666666666,125.965,0.9,174.0,2019-03-04 11:49:34,刺网
12995,28.46683333333333,125.96494444444444,1.0,145.0,2019-03-04 11:59:34,刺网
12995,28.46669444444445,125.96477777777778,1.0,261.0,2019-03-04 12:09:37,刺网
12995,28.466638888888887,125.96477777777778,0.4,38.0,2019-03-04 12:19:37,刺网
12995,28.46672222222222,125.96483333333332,1.1,62.0,2019-03-04 12:29:37,刺网
12995,28.466666666666665,125.96480555555556,1.1,36.0,2019-03-04 12:39:37,刺网
12995,28.466638888888887,125.96477777777778,0.3,0.0,2019-03-04 12:49:36,刺网
12995,28.466444444444445,125.96447222222223,0.5,21.0,2019-03-04 12:59:36,刺网
12995,28.466527777777767,125.96463888888893,0.2,0.0,2019-03-04 13:09:36,刺网
12995,28.466444444444445,125.96450000000002,0.6,23.0,2019-03-04 13:19:36,刺网
12995,28.46633333333333,125.96430555555555,1.0,195.0,2019-03-04 13:29:36,刺网
12995,28.46633333333333,125.96430555555555,0.1,0.0,2019-03-04 13:39:36,刺网
12995,28.466444444444445,125.9645277777778,0.9,194.0,2019-03-04 13:49:36,刺网
12995,28.4665,125.9645277777778,0.7,201.0,2019-03-04 13:59:36,刺网
12995,28.466361111111112,125.96441666666666,2.0,252.0,2019-03-04 14:09:36,刺网
12995,28.46633333333333,125.96438888888888,1.0,196.0,2019-03-04 14:19:36,刺网
12995,28.46633333333333,125.96430555555555,1.1,288.0,2019-03-04 14:39:35,刺网
12995,28.46625,125.96416666666669,1.5,0.0,2019-03-04 14:49:35,刺网
12995,28.466305555555557,125.96425,1.9,165.0,2019-03-04 14:59:35,刺网
12995,28.466222222222214,125.96419444444444,0.4,77.0,2019-03-04 15:19:35,刺网
12995,28.46619444444445,125.96411111111112,1.0,263.0,2019-03-04 15:29:35,刺网
12995,28.466222222222214,125.96408333333332,0.8,68.0,2019-03-04 15:39:35,刺网
12995,28.46625,125.96411111111112,0.3,0.0,2019-03-04 15:49:35,刺网
12995,28.466277777777766,125.96411111111112,1.5,220.0,2019-03-04 15:59:34,刺网
12995,28.46619444444445,125.96402777777777,0.8,19.0,2019-03-04 16:09:34,刺网
12995,28.466222222222214,125.96408333333332,0.5,90.0,2019-03-04 16:19:34,刺网
12995,28.46619444444445,125.96402777777777,0.9,288.0,2019-03-04 16:29:34,刺网
12995,28.46608333333333,125.96375,0.8,81.0,2019-03-04 16:39:34,刺网
12995,28.46611111111111,125.96380555555555,1.1,291.0,2019-03-04 16:49:34,刺网
12995,28.46605555555556,125.96363888888894,0.9,326.0,2019-03-04 16:59:34,刺网
12995,28.466222222222214,125.96408333333332,1.0,289.0,2019-03-04 17:09:34,刺网
12995,28.46611111111111,125.96383333333334,0.6,63.0,2019-03-04 17:19:34,刺网
12995,28.46608333333333,125.96366666666668,0.5,248.0,2019-03-04 17:29:34,刺网
12995,28.466305555555557,125.96422222222223,1.1,238.0,2019-03-04 17:39:37,刺网
12995,28.466277777777766,125.96405555555555,0.5,3.0,2019-03-04 17:49:34,刺网
12995,28.46625,125.96411111111112,0.4,0.0,2019-03-04 17:59:36,刺网
12995,28.466222222222214,125.96405555555555,1.5,196.0,2019-03-04 18:09:36,刺网
12995,28.46613888888889,125.96380555555555,0.6,40.0,2019-03-04 18:19:36,刺网
12995,28.46625,125.96411111111112,0.4,166.0,2019-03-04 18:29:36,刺网
12995,28.46608333333333,125.96355555555556,0.4,0.0,2019-03-04 18:39:36,刺网
12995,28.46605555555556,125.9635,0.5,306.0,2019-03-04 18:49:36,刺网
12995,28.466027777777786,125.96352777777778,0.7,0.0,2019-03-04 18:59:36,刺网
12995,28.46611111111111,125.96372222222223,0.6,280.0,2019-03-04 19:09:36,刺网
12995,28.46605555555556,125.96355555555556,0.8,149.0,2019-03-04 19:19:36,刺网
12995,28.46605555555556,125.96366666666668,0.4,141.0,2019-03-04 19:29:36,刺网
12995,28.466027777777786,125.96361111111112,0.6,23.0,2019-03-04 19:39:36,刺网
12995,28.46611111111111,125.96386111111113,0.5,60.0,2019-03-04 19:49:36,刺网
12995,28.46619444444445,125.9639722222222,0.7,29.0,2019-03-04 19:59:35,刺网
12995,28.46619444444445,125.96394444444445,1.6,152.0,2019-03-04 20:09:35,刺网
12995,28.466166666666666,125.96394444444445,0.5,247.0,2019-03-04 20:19:35,刺网
12995,28.46625,125.96411111111112,0.5,55.0,2019-03-04 20:29:35,刺网
12995,28.466527777777767,125.96455555555555,0.5,28.0,2019-03-04 20:39:35,刺网
12995,28.466638888888887,125.96469444444445,0.6,74.0,2019-03-04 20:49:35,刺网
12995,28.46675,125.96483333333332,0.4,13.0,2019-03-04 20:59:35,刺网
12995,28.46688888888889,125.96494444444444,0.9,230.0,2019-03-04 21:09:35,刺网
12995,28.46686111111111,125.96494444444444,0.8,245.0,2019-03-04 21:19:35,刺网
12995,28.467027777777766,125.96508333333334,0.7,0.0,2019-03-04 21:29:35,刺网
12995,28.46713888888889,125.96519444444445,0.2,0.0,2019-03-04 21:39:34,刺网
12995,28.46713888888889,125.96519444444445,0.9,262.0,2019-03-04 21:49:34,刺网
12995,28.467305555555548,125.96525,0.6,33.0,2019-03-04 21:59:34,刺网
12995,28.46725,125.9652222222222,0.2,0.0,2019-03-04 22:09:34,刺网
12995,28.46716666666667,125.96516666666668,1.1,250.0,2019-03-04 22:19:34,刺网
12995,28.46716666666667,125.96516666666668,0.4,0.0,2019-03-04 22:29:34,刺网
12995,28.467305555555548,125.96525,0.9,229.0,2019-03-04 22:39:34,刺网
12995,28.467277777777767,125.96525,1.2,253.0,2019-03-04 22:49:34,刺网
12995,28.467277777777767,125.9652777777778,0.9,189.0,2019-03-04 22:59:34,刺网
12995,28.46725,125.96525,0.7,38.0,2019-03-04 23:09:37,刺网
12995,28.46722222222222,125.96525,0.6,110.0,2019-03-04 23:19:36,刺网
12995,28.46722222222222,125.9652222222222,0.5,7.0,2019-03-04 23:39:36,刺网
12995,28.467111111111112,125.96516666666668,0.3,0.0,2019-03-04 23:49:36,刺网
12995,28.46708333333333,125.96513888888887,0.5,0.0,2019-03-04 23:59:36,刺网
12995,28.46686111111111,125.96497222222222,1.4,268.0,2019-03-05 00:09:36,刺网
12995,28.466805555555553,125.96491666666668,0.2,0.0,2019-03-05 00:19:36,刺网
12995,28.466777777777768,125.96491666666668,1.1,38.0,2019-03-05 00:29:36,刺网
12995,28.46675,125.96486111111106,0.4,104.0,2019-03-05 00:39:36,刺网
12995,28.46669444444445,125.96477777777778,0.3,35.0,2019-03-05 00:49:36,刺网
12995,28.46669444444445,125.96480555555556,0.6,70.0,2019-03-05 00:59:36,刺网
12995,28.466472222222233,125.96455555555555,0.5,74.0,2019-03-05 01:09:36,刺网
12995,28.46641666666667,125.96447222222223,0.7,293.0,2019-03-05 01:19:35,刺网
12995,28.46633333333333,125.96430555555555,0.4,0.0,2019-03-05 01:29:35,刺网
12995,28.46619444444445,125.96402777777777,1.3,193.0,2019-03-05 01:39:35,刺网
12995,28.466166666666666,125.96391666666666,1.0,40.0,2019-03-05 01:49:35,刺网
12995,28.46608333333333,125.96366666666668,0.5,220.0,2019-03-05 01:59:35,刺网
12995,28.46597222222222,125.96322222222223,0.4,0.0,2019-03-05 02:09:35,刺网
12995,28.465944444444442,125.96308333333332,0.7,0.0,2019-03-05 02:19:35,刺网
12995,28.46597222222222,125.96266666666668,0.2,0.0,2019-03-05 02:29:35,刺网
12995,28.46597222222222,125.96269444444445,0.5,20.0,2019-03-05 02:39:35,刺网
12995,28.466027777777786,125.96252777777778,1.3,217.0,2019-03-05 02:49:35,刺网
12995,28.46608333333333,125.9622222222222,1.1,193.0,2019-03-05 02:59:35,刺网
12995,28.46605555555556,125.96236111111112,1.1,67.0,2019-03-05 03:09:34,刺网
12995,28.465999999999998,125.96233333333332,0.7,0.0,2019-03-05 03:19:34,刺网
12995,28.46613888888889,125.96205555555555,0.6,300.0,2019-03-05 03:39:34,刺网
12995,28.46611111111111,125.96211111111113,1.0,20.0,2019-03-05 03:49:34,刺网
12995,28.46611111111111,125.96211111111113,0.9,118.0,2019-03-05 03:59:34,刺网
12995,28.46969444444445,125.959,7.9,294.0,2019-03-05 04:09:34,刺网
12995,28.48483333333333,125.95033333333336,6.6,353.0,2019-03-05 04:19:34,刺网
12995,28.506166666666665,125.94975,7.3,355.0,2019-03-05 04:29:34,刺网
12995,28.528777777777766,125.9495,8.1,0.0,2019-03-05 04:39:34,刺网
12995,28.549055555555555,125.94938888888888,7.7,354.0,2019-03-05 04:49:36,刺网
12995,28.566972222222233,125.95244444444445,7.3,85.0,2019-03-05 04:59:36,刺网
12995,28.54794444444445,125.95652777777778,7.9,174.0,2019-03-05 05:09:36,刺网
12995,28.52594444444444,125.95713888888888,8.4,178.0,2019-03-05 05:19:36,刺网
12995,28.50411111111111,125.95786111111113,8.1,176.0,2019-03-05 05:29:36,刺网
12995,28.482388888888888,125.95786111111113,8.2,183.0,2019-03-05 05:39:36,刺网
12995,28.476777777777766,125.96477777777778,7.5,357.0,2019-03-05 05:49:36,刺网
12995,28.49894444444445,125.9645277777778,8.3,356.0,2019-03-05 05:59:36,刺网
12995,28.52119444444445,125.96425,8.3,355.0,2019-03-05 06:09:36,刺网
12995,28.5195,125.9705277777778,7.5,179.0,2019-03-05 06:19:36,刺网
12995,28.49875,125.9710277777778,7.4,178.0,2019-03-05 06:29:35,刺网
12995,28.47719444444445,125.97108333333333,7.9,178.0,2019-03-05 06:39:35,刺网
12995,28.468499999999995,125.9782777777778,8.4,2.0,2019-03-05 06:49:35,刺网
12995,28.48944444444445,125.97775,7.6,2.0,2019-03-05 06:59:35,刺网
12995,28.51163888888889,125.97744444444444,8.1,358.0,2019-03-05 07:09:35,刺网
12995,28.534388888888888,125.9772777777778,7.6,357.0,2019-03-05 07:19:35,刺网
12995,28.520416666666666,125.96569444444445,7.9,212.0,2019-03-05 07:29:35,刺网
12995,28.51211111111111,125.96105555555555,0.4,206.0,2019-03-05 07:39:35,刺网
12995,28.511888888888887,125.96141666666666,0.3,0.0,2019-03-05 07:49:35,刺网
12995,28.51175,125.96180555555556,0.2,0.0,2019-03-05 07:59:35,刺网
12995,28.511777777777766,125.96163888888887,0.7,241.0,2019-03-05 08:09:35,刺网
12995,28.511777777777766,125.96147222222223,0.8,79.0,2019-03-05 08:19:34,刺网
12995,28.51166666666667,125.96138888888888,0.4,0.0,2019-03-05 08:29:34,刺网
12995,28.511222222222226,125.96186111111112,0.4,30.0,2019-03-05 08:39:34,刺网
12995,28.511111111111113,125.96216666666666,0.5,165.0,2019-03-05 08:49:34,刺网
12995,28.51069444444445,125.96269444444445,0.5,331.0,2019-03-05 08:59:34,刺网
12995,28.51033333333333,125.96344444444445,0.3,109.0,2019-03-05 09:09:34,刺网
12995,28.51013888888889,125.96444444444445,0.3,84.0,2019-03-05 09:19:34,刺网
12995,28.50997222222223,125.96563888888888,0.9,104.0,2019-03-05 09:29:34,刺网
12995,28.506472222222214,125.95791666666666,7.1,238.0,2019-03-05 09:39:34,刺网
12995,28.49711111111111,125.94588888888893,2.7,235.0,2019-03-05 09:49:36,刺网
12995,28.501777777777768,125.9429722222222,3.1,4.0,2019-03-05 09:59:36,刺网
12995,28.51191666666667,125.94236111111113,4.0,12.0,2019-03-05 10:09:36,刺网
12995,28.521027777777785,125.94241666666667,3.4,11.0,2019-03-05 10:19:36,刺网
12995,28.53072222222222,125.9427777777778,3.2,9.0,2019-03-05 10:29:36,刺网
12995,28.54033333333333,125.94380555555556,3.5,4.0,2019-03-05 10:39:36,刺网
12995,28.548861111111112,125.94608333333332,3.2,1.0,2019-03-05 10:49:36,刺网
12995,28.557777777777787,125.94955555555555,0.3,0.0,2019-03-05 10:59:36,刺网
12995,28.566527777777786,125.95308333333334,3.1,29.0,2019-03-05 11:09:36,刺网
12995,28.574444444444445,125.95638888888894,3.3,18.0,2019-03-05 11:19:35,刺网
12995,28.57980555555556,125.9645277777778,3.8,111.0,2019-03-05 11:29:36,刺网
12995,28.57208333333333,125.96538888888894,3.0,171.0,2019-03-05 11:39:35,刺网
12995,28.56391666666667,125.9645277777778,3.6,180.0,2019-03-05 11:49:35,刺网
12995,28.55558333333333,125.96311111111113,2.7,197.0,2019-03-05 11:59:35,刺网
12995,28.547027777777767,125.96163888888887,3.3,189.0,2019-03-05 12:09:35,刺网
12995,28.53833333333333,125.96247222222222,3.5,164.0,2019-03-05 12:19:35,刺网
12995,28.529472222222214,125.96275,3.4,155.0,2019-03-05 12:29:35,刺网
12995,28.52072222222222,125.96275,2.8,162.0,2019-03-05 12:39:35,刺网
12995,28.511805555555554,125.96525,3.4,151.0,2019-03-05 12:49:35,刺网
12995,28.50333333333333,125.96866666666668,3.3,166.0,2019-03-05 12:59:35,刺网
12995,28.49463888888889,125.9695,2.6,172.0,2019-03-05 13:09:34,刺网
12995,28.486305555555557,125.96925,2.5,145.0,2019-03-05 13:19:34,刺网
12995,28.48713888888889,125.97625,3.1,56.0,2019-03-05 13:29:34,刺网
12995,28.49519444444445,125.97772222222223,3.0,11.0,2019-03-05 13:39:34,刺网
12995,28.503694444444445,125.978,2.8,7.0,2019-03-05 13:49:34,刺网
12995,28.51191666666667,125.97783333333334,2.7,352.0,2019-03-05 13:59:34,刺网
12995,28.520194444444453,125.97636111111107,2.6,5.0,2019-03-05 14:09:34,刺网
12995,28.52858333333333,125.97536111111113,2.9,3.0,2019-03-05 14:19:34,刺网
12995,28.534805555555558,125.97955555555555,3.0,88.0,2019-03-05 14:29:34,刺网
12995,28.52888888888889,125.98286111111112,3.4,171.0,2019-03-05 14:39:34,刺网
12995,28.52033333333333,125.98502777777777,3.3,154.0,2019-03-05 14:49:33,刺网
12995,28.51205555555555,125.98761111111112,3.5,165.0,2019-03-05 14:59:36,刺网
12995,28.503277777777786,125.988,3.4,177.0,2019-03-05 15:09:36,刺网
12995,28.495,125.9885,2.6,172.0,2019-03-05 15:19:36,刺网
12995,28.486222222222214,125.98597222222222,3.0,186.0,2019-03-05 15:29:36,刺网
12995,28.47875,125.98488888888888,2.7,171.0,2019-03-05 15:39:36,刺网
12995,28.47775,125.99161111111113,2.9,59.0,2019-03-05 15:49:36,刺网
12995,28.486166666666666,125.99361111111112,3.2,355.0,2019-03-05 15:59:36,刺网
12995,28.49538888888889,125.99355555555556,2.5,9.0,2019-03-05 16:09:36,刺网
12995,28.504277777777766,125.99286111111113,2.7,346.0,2019-03-05 16:19:36,刺网
12995,28.51383333333333,125.99325,3.2,23.0,2019-03-05 16:29:35,刺网
12995,28.5225,125.99275,3.4,340.0,2019-03-05 16:39:35,刺网
12995,28.53169444444445,125.99052777777777,2.8,348.0,2019-03-05 16:49:35,刺网
12995,28.538638888888887,125.99394444444445,4.5,5.0,2019-03-05 16:59:35,刺网
12995,28.55194444444445,125.99641666666666,4.7,11.0,2019-03-05 17:09:35,刺网
12995,28.565666666666665,125.99855555555555,5.0,10.0,2019-03-05 17:19:35,刺网
12995,28.57941666666667,126.00102777777781,4.9,13.0,2019-03-05 17:29:35,刺网
12995,28.59369444444444,126.0037222222222,4.7,9.0,2019-03-05 17:39:35,刺网
12995,28.606305555555558,126.0065,4.9,23.0,2019-03-05 17:49:35,刺网
12995,28.61941666666667,126.00925,5.3,15.0,2019-03-05 17:59:35,刺网
12995,28.63283333333333,126.0125,4.8,12.0,2019-03-05 18:09:34,刺网
12995,28.646,126.01569444444445,5.3,18.0,2019-03-05 18:19:34,刺网
12995,28.65919444444444,126.01883333333332,5.1,11.0,2019-03-05 18:29:34,刺网
12995,28.66858333333333,126.02022222222222,0.7,331.0,2019-03-05 18:39:34,刺网
12995,28.671111111111113,126.0187777777778,0.8,333.0,2019-03-05 18:49:34,刺网
12995,28.67361111111111,126.01794444444445,1.9,334.0,2019-03-05 18:59:34,刺网
12995,28.676055555555557,126.01713888888894,0.6,15.0,2019-03-05 19:09:34,刺网
12995,28.67852777777778,126.01661111111108,0.6,5.0,2019-03-05 19:19:34,刺网
12995,28.681,126.01608333333333,0.9,329.0,2019-03-05 19:29:34,刺网
12995,28.68338888888889,126.01580555555556,1.0,339.0,2019-03-05 19:39:33,刺网
12995,28.68633333333333,126.01591666666668,1.2,336.0,2019-03-05 19:49:33,刺网
12995,28.688194444444445,126.01602777777778,1.2,42.0,2019-03-05 19:59:33,刺网
12995,28.690666666666665,126.01641666666666,1.1,32.0,2019-03-05 20:09:36,刺网
12995,28.69375,126.01722222222222,1.2,37.0,2019-03-05 20:19:36,刺网
12995,28.69880555555556,126.00963888888887,4.1,302.0,2019-03-05 20:29:36,刺网
12995,28.70425,125.99566666666666,8.3,280.0,2019-03-05 20:39:36,刺网
12995,28.706277777777768,125.9692777777778,8.2,268.0,2019-03-05 20:49:36,刺网
12995,28.70519444444445,125.94363888888887,8.4,268.0,2019-03-05 20:59:36,刺网
12995,28.704027777777767,125.9175,8.1,265.0,2019-03-05 21:09:36,刺网
12995,28.70636111111111,125.89200000000001,8.1,298.0,2019-03-05 21:19:36,刺网
12995,28.71469444444445,125.86747222222219,8.6,290.0,2019-03-05 21:29:35,刺网
12995,28.706722222222233,125.84569444444445,7.7,238.0,2019-03-05 21:39:35,刺网
12995,28.69525,125.82433333333331,8.1,239.0,2019-03-05 21:49:35,刺网
12995,28.682277777777767,125.80238888888887,8.0,237.0,2019-03-05 21:59:35,刺网
12995,28.670361111111113,125.78405555555555,7.6,227.0,2019-03-05 22:09:35,刺网
12995,28.665277777777767,125.77958333333332,0.5,34.0,2019-03-05 22:19:35,刺网
12995,28.664805555555553,125.78077777777777,0.3,0.0,2019-03-05 22:29:35,刺网
12995,28.66419444444445,125.78088888888892,0.3,151.0,2019-03-05 22:39:35,刺网
12995,28.66394444444445,125.78086111111112,0.3,0.0,2019-03-05 22:49:35,刺网
12995,28.66386111111111,125.78086111111112,0.4,0.0,2019-03-05 22:59:35,刺网
12995,28.66375,125.78083333333332,0.3,0.0,2019-03-05 23:09:35,刺网
12995,28.66369444444444,125.78080555555556,0.3,0.0,2019-03-05 23:19:34,刺网
12995,28.663527777777766,125.78077777777777,0.2,0.0,2019-03-05 23:29:34,刺网
12995,28.663527777777766,125.78077777777777,0.9,8.0,2019-03-05 23:39:34,刺网
12995,28.663527777777766,125.78075,1.0,0.0,2019-03-05 23:49:34,刺网
12995,28.663527777777766,125.78075,0.2,0.0,2019-03-05 23:59:34,刺网
12995,28.66344444444444,125.7807222222222,0.0,0.0,2019-03-06 00:09:34,刺网
12995,28.66338888888889,125.78069444444445,0.2,0.0,2019-03-06 00:19:34,刺网
12995,28.66325,125.78058333333333,0.8,109.0,2019-03-06 00:29:34,刺网
12995,28.66325,125.78058333333333,0.2,0.0,2019-03-06 00:39:34,刺网
12995,28.66308333333333,125.78047222222223,0.7,201.0,2019-03-06 00:49:34,刺网
12995,28.66319444444445,125.7805,0.3,5.0,2019-03-06 00:59:33,刺网
12995,28.662916666666664,125.78030555555556,0.4,143.0,2019-03-06 01:09:33,刺网
12995,28.66266666666667,125.7799722222222,0.3,235.0,2019-03-06 01:19:33,刺网
12995,28.66252777777777,125.77961111111112,0.4,193.0,2019-03-06 01:29:36,刺网
12995,28.66252777777777,125.77908333333332,0.3,29.0,2019-03-06 01:39:36,刺网
12995,28.66258333333333,125.77863888888888,0.6,283.0,2019-03-06 01:49:36,刺网
12995,28.662722222222214,125.77811111111113,0.3,0.0,2019-03-06 01:59:36,刺网
12995,28.662888888888887,125.77775,0.4,91.0,2019-03-06 02:09:36,刺网
12995,28.66319444444445,125.77730555555556,0.5,308.0,2019-03-06 02:19:36,刺网
12995,28.66369444444444,125.77688888888888,0.3,0.0,2019-03-06 02:29:36,刺网
12995,28.66433333333333,125.77655555555555,0.5,341.0,2019-03-06 02:39:35,刺网
12995,28.665,125.77619444444444,0.3,0.0,2019-03-06 02:49:35,刺网
12995,28.66533333333333,125.77641666666666,0.7,39.0,2019-03-06 02:59:35,刺网
12995,28.665527777777786,125.77652777777777,0.7,235.0,2019-03-06 03:09:35,刺网
12995,28.665527777777786,125.77658333333332,0.7,343.0,2019-03-06 03:19:35,刺网
12995,28.665555555555553,125.77658333333332,0.4,0.0,2019-03-06 03:29:35,刺网
12995,28.66547222222223,125.7765,1.1,241.0,2019-03-06 03:39:35,刺网
12995,28.665416666666665,125.77644444444445,0.6,0.0,2019-03-06 03:49:35,刺网
12995,28.664222222222214,125.77858333333332,0.7,94.0,2019-03-06 03:59:35,刺网
12995,28.675583333333336,125.7785,5.7,348.0,2019-03-06 04:09:34,刺网
12995,28.695916666666665,125.77847222222222,7.0,5.0,2019-03-06 04:19:34,刺网
12995,28.71744444444445,125.77980555555555,5.3,118.0,2019-03-06 04:29:34,刺网
12995,28.70216666666667,125.78422222222223,5.0,181.0,2019-03-06 04:39:34,刺网
12995,28.68180555555556,125.78447222222222,7.9,180.0,2019-03-06 04:49:34,刺网
12995,28.66266666666667,125.78611111111113,6.6,95.0,2019-03-06 04:59:34,刺网
12995,28.679222222222233,125.79091666666666,7.1,9.0,2019-03-06 05:09:34,刺网
12995,28.70030555555556,125.79094444444445,6.8,0.0,2019-03-06 05:19:34,刺网
12995,28.71558333333333,125.79536111111106,4.3,111.0,2019-03-06 05:29:34,刺网
12995,28.69641666666667,125.79636111111107,8.9,182.0,2019-03-06 05:39:34,刺网
12995,28.67583333333333,125.79611111111107,7.5,167.0,2019-03-06 05:49:34,刺网
12995,28.660416666666666,125.80188888888887,7.4,65.0,2019-03-06 05:59:33,刺网
12995,28.681027777777786,125.8022222222222,6.9,7.0,2019-03-06 06:09:33,刺网
12995,28.70269444444445,125.80219444444445,7.3,1.0,2019-03-06 06:19:33,刺网
12995,28.71508333333333,125.80766666666666,6.8,126.0,2019-03-06 06:29:33,刺网
12995,28.69572222222222,125.80866666666668,6.8,175.0,2019-03-06 06:39:36,刺网
12995,28.678361111111112,125.80988888888888,6.8,172.0,2019-03-06 06:49:36,刺网
12995,28.66072222222222,125.80902777777777,7.5,272.0,2019-03-06 06:59:36,刺网
12995,28.661305555555558,125.78666666666666,7.0,268.0,2019-03-06 07:09:36,刺网
12995,28.669138888888888,125.76566666666666,6.5,308.0,2019-03-06 07:19:36,刺网
12995,28.672722222222234,125.76322222222224,1.4,324.0,2019-03-06 07:29:35,刺网
12995,28.674,125.76586111111112,0.7,68.0,2019-03-06 07:39:35,刺网
12995,28.675,125.76875,0.7,35.0,2019-03-06 07:49:35,刺网
12995,28.675694444444453,125.772,1.3,71.0,2019-03-06 07:59:35,刺网
12995,28.676305555555558,125.77563888888888,1.2,99.0,2019-03-06 08:09:35,刺网
12995,28.67675,125.77922222222223,1.3,102.0,2019-03-06 08:19:35,刺网
12995,28.67741666666667,125.783,2.1,67.0,2019-03-06 08:29:35,刺网
12995,28.67758333333333,125.7867222222222,2.9,114.0,2019-03-06 08:39:35,刺网
12995,28.677277777777785,125.79102777777777,1.3,105.0,2019-03-06 08:49:34,刺网
12995,28.67736111111111,125.79511111111113,1.7,95.0,2019-03-06 08:59:34,刺网
12995,28.67819444444445,125.791,4.3,277.0,2019-03-06 09:09:34,刺网
12995,28.678277777777787,125.77558333333332,4.7,272.0,2019-03-06 09:19:34,刺网
12995,28.678611111111113,125.76836111111106,3.2,351.0,2019-03-06 09:29:34,刺网
12995,28.68733333333333,125.76927777777777,3.3,17.0,2019-03-06 09:39:34,刺网
12995,28.695972222222213,125.77063888888893,4.4,22.0,2019-03-06 09:49:34,刺网
12995,28.7045,125.77158333333334,2.8,18.0,2019-03-06 09:59:34,刺网
12995,28.71283333333333,125.77283333333334,3.1,15.0,2019-03-06 10:09:34,刺网
12995,28.720388888888888,125.77444444444444,1.2,53.0,2019-03-06 10:19:34,刺网
12995,28.720416666666665,125.78047222222223,3.2,216.0,2019-03-06 10:39:34,刺网
12995,28.711194444444452,125.781,4.2,181.0,2019-03-06 10:49:34,刺网
12995,28.70138888888889,125.78200000000001,4.2,161.0,2019-03-06 10:59:33,刺网
12995,28.69308333333333,125.7819722222222,3.3,185.0,2019-03-06 11:09:33,刺网
12995,28.68408333333333,125.78236111111107,3.3,175.0,2019-03-06 11:19:33,刺网
12995,28.675555555555558,125.78277777777778,3.2,173.0,2019-03-06 11:29:33,刺网
12995,28.676777777777787,125.78813888888894,3.2,18.0,2019-03-06 11:39:33,刺网
12995,28.683611111111112,125.79013888888888,3.1,38.0,2019-03-06 11:49:33,刺网
12995,28.69102777777778,125.79136111111107,2.4,347.0,2019-03-06 11:59:36,刺网
12995,28.698305555555557,125.79363888888888,3.2,46.0,2019-03-06 12:09:36,刺网
12995,28.705388888888887,125.79538888888888,3.6,24.0,2019-03-06 12:19:35,刺网
12995,28.71058333333333,125.79666666666668,1.6,0.0,2019-03-06 12:29:35,刺网
12995,28.717055555555554,125.79752777777777,2.4,19.0,2019-03-06 12:39:35,刺网
12995,28.72266666666666,125.80269444444444,4.0,75.0,2019-03-06 12:49:35,刺网
12995,28.71744444444445,125.80355555555555,3.2,196.0,2019-03-06 12:59:35,刺网
12995,28.70780555555556,125.80294444444445,3.7,174.0,2019-03-06 13:09:35,刺网
12995,28.69941666666667,125.80586111111107,3.8,180.0,2019-03-06 13:19:35,刺网
12995,28.69005555555556,125.8057777777778,3.1,200.0,2019-03-06 13:29:35,刺网
12995,28.680611111111112,125.80527777777776,3.0,209.0,2019-03-06 13:39:35,刺网
12995,28.67211111111111,125.8075,1.9,138.0,2019-03-06 13:49:35,刺网
12995,28.667,125.8089722222222,0.9,49.0,2019-03-06 13:59:34,刺网
12995,28.67125,125.81208333333332,2.3,84.0,2019-03-06 14:09:34,刺网
12995,28.67608333333333,125.8135,2.1,12.0,2019-03-06 14:19:34,刺网
12995,28.68091666666667,125.81472222222222,2.3,26.0,2019-03-06 14:29:34,刺网
12995,28.68544444444445,125.81527777777778,2.8,52.0,2019-03-06 14:39:34,刺网
12995,28.69075,125.81472222222222,2.4,8.0,2019-03-06 14:49:34,刺网
12995,28.69594444444445,125.81422222222223,2.2,3.0,2019-03-06 14:59:34,刺网
12995,28.70555555555556,125.81455555555556,1.3,347.0,2019-03-06 15:19:34,刺网
12995,28.71033333333333,125.81530555555555,3.0,44.0,2019-03-06 15:29:34,刺网
12995,28.71661111111111,125.81677777777777,2.9,29.0,2019-03-06 15:39:34,刺网
12995,28.71775,125.82086111111107,2.0,185.0,2019-03-06 15:49:34,刺网
12995,28.71088888888889,125.81938888888888,2.7,206.0,2019-03-06 15:59:34,刺网
12995,28.702111111111112,125.82061111111112,2.7,151.0,2019-03-06 16:09:33,刺网
12995,28.69361111111111,125.82288888888887,3.5,163.0,2019-03-06 16:19:33,刺网
12995,28.68466666666667,125.82286111111112,4.1,159.0,2019-03-06 16:29:33,刺网
12995,28.67694444444445,125.825,3.5,149.0,2019-03-06 16:39:33,刺网
12995,28.67280555555556,125.8262777777778,1.1,197.0,2019-03-06 16:49:33,刺网
12995,28.68180555555556,125.82775,1.9,32.0,2019-03-06 16:59:33,刺网
12995,28.69386111111111,125.83113888888887,4.0,43.0,2019-03-06 17:09:36,刺网
12995,28.70502777777777,125.83955555555555,4.6,56.0,2019-03-06 17:19:35,刺网
12995,28.71669444444445,125.84880555555556,5.7,19.0,2019-03-06 17:29:35,刺网
12995,28.72733333333333,125.85761111111107,4.4,49.0,2019-03-06 17:39:35,刺网
12995,28.735416666666666,125.86355555555555,2.3,197.0,2019-03-06 17:49:35,刺网
12995,28.732972222222234,125.862,1.6,246.0,2019-03-06 17:59:35,刺网
12995,28.732277777777767,125.86113888888887,2.2,244.0,2019-03-06 18:09:35,刺网
12995,28.732138888888887,125.86161111111107,1.0,163.0,2019-03-06 18:19:35,刺网
12995,28.732111111111113,125.86233333333332,1.0,302.0,2019-03-06 18:39:35,刺网
12995,28.732083333333332,125.86238888888887,1.6,62.0,2019-03-06 18:49:35,刺网
12995,28.732111111111113,125.86230555555555,0.5,0.0,2019-03-06 18:59:35,刺网
12995,28.732111111111113,125.86225,0.3,0.0,2019-03-06 19:09:34,刺网
12995,28.732083333333332,125.86205555555556,1.0,71.0,2019-03-06 19:19:35,刺网
12995,28.732055555555554,125.862,1.0,0.0,2019-03-06 19:29:34,刺网
12995,28.732083333333332,125.86213888888888,0.7,248.0,2019-03-06 19:39:34,刺网
12995,28.732111111111113,125.86241666666666,0.7,78.0,2019-03-06 19:49:34,刺网
12995,28.73216666666667,125.86277777777777,0.6,162.0,2019-03-06 19:59:34,刺网
12995,28.732277777777767,125.86311111111112,0.1,0.0,2019-03-06 20:09:34,刺网
12995,28.732277777777767,125.86313888888887,0.8,248.0,2019-03-06 20:19:34,刺网
12995,28.73216666666667,125.86288888888888,2.0,217.0,2019-03-06 20:29:34,刺网
12995,28.732194444444445,125.86280555555555,1.6,101.0,2019-03-06 20:39:34,刺网
12995,28.732194444444445,125.86294444444445,1.2,245.0,2019-03-06 20:49:34,刺网
12995,28.73216666666667,125.86286111111107,1.6,84.0,2019-03-06 20:59:34,刺网
12995,28.73216666666667,125.86272222222222,1.0,99.0,2019-03-06 21:09:33,刺网
12995,28.73222222222222,125.863,0.5,99.0,2019-03-06 21:19:33,刺网
12995,28.73216666666667,125.86266666666668,0.8,240.0,2019-03-06 21:29:33,刺网
12995,28.73222222222222,125.86291666666664,0.7,18.0,2019-03-06 21:39:33,刺网
12995,28.73222222222222,125.86308333333332,1.3,92.0,2019-03-06 21:49:33,刺网
12995,28.73225,125.86319444444445,0.6,175.0,2019-03-06 21:59:33,刺网
12995,28.732194444444445,125.86286111111107,1.2,0.0,2019-03-06 22:09:33,刺网
12995,28.732194444444445,125.8629722222222,1.5,0.0,2019-03-06 22:19:33,刺网
12995,28.73233333333333,125.86325,0.8,0.0,2019-03-06 22:29:36,刺网
12995,28.73225,125.86316666666666,1.4,202.0,2019-03-06 22:39:36,刺网
12995,28.732277777777767,125.86313888888887,0.5,0.0,2019-03-06 22:49:36,刺网
12995,28.73233333333333,125.86327777777777,3.3,225.0,2019-03-06 22:59:35,刺网
12995,28.73233333333333,125.86333333333332,1.0,208.0,2019-03-06 23:09:35,刺网
12995,28.73236111111111,125.8635,0.5,0.0,2019-03-06 23:19:35,刺网
12995,28.73225,125.86327777777777,0.9,97.0,2019-03-06 23:29:35,刺网
12995,28.73230555555555,125.86322222222222,0.3,0.0,2019-03-06 23:39:35,刺网
12995,28.732277777777767,125.86333333333332,0.9,0.0,2019-03-06 23:49:35,刺网
12995,28.73230555555555,125.86327777777777,2.4,236.0,2019-03-06 23:59:35,刺网
12995,28.73233333333333,125.86341666666668,0.8,243.0,2019-03-07 00:09:35,刺网
12995,28.73230555555555,125.86333333333332,1.3,256.0,2019-03-07 00:19:35,刺网
12995,28.73244444444445,125.86358333333332,1.3,227.0,2019-03-07 00:29:35,刺网
12995,28.732472222222214,125.8637222222222,0.4,0.0,2019-03-07 00:39:35,刺网
12995,28.732388888888888,125.86358333333332,1.0,248.0,2019-03-07 00:49:34,刺网
12995,28.732388888888888,125.8634722222222,1.1,243.0,2019-03-07 00:59:34,刺网
12995,28.73244444444445,125.86363888888887,1.7,35.0,2019-03-07 01:09:34,刺网
12995,28.732416666666666,125.86366666666667,0.7,254.0,2019-03-07 01:19:34,刺网
12995,28.73236111111111,125.86361111111113,1.3,205.0,2019-03-07 01:29:34,刺网
12995,28.73244444444445,125.86363888888887,2.0,219.0,2019-03-07 01:39:34,刺网
12995,28.73236111111111,125.8635,1.5,318.0,2019-03-07 01:49:34,刺网
12995,28.73236111111111,125.86363888888887,0.6,0.0,2019-03-07 01:59:34,刺网
12995,28.73225,125.86333333333332,0.7,0.0,2019-03-07 02:09:34,刺网
12995,28.73222222222222,125.86333333333332,2.3,234.0,2019-03-07 02:19:34,刺网
12995,28.73230555555555,125.8634722222222,0.7,0.0,2019-03-07 02:29:33,刺网
12995,28.73225,125.86325,0.8,0.0,2019-03-07 02:39:33,刺网
12995,28.73216666666667,125.86305555555555,1.4,255.0,2019-03-07 02:49:33,刺网
12995,28.732138888888887,125.86302777777777,1.4,35.0,2019-03-07 02:59:33,刺网
12995,28.732138888888887,125.86302777777777,1.1,286.0,2019-03-07 03:09:33,刺网
12995,28.73216666666667,125.86313888888887,2.0,20.0,2019-03-07 03:19:33,刺网
12995,28.732111111111113,125.86288888888888,1.5,200.0,2019-03-07 03:29:33,刺网
12995,28.732138888888887,125.86291666666664,1.5,199.0,2019-03-07 03:39:33,刺网
12995,28.732055555555554,125.86261111111112,1.1,114.0,2019-03-07 03:49:33,刺网
12995,28.732027777777766,125.86258333333332,1.3,278.0,2019-03-07 03:59:36,刺网
12995,28.732083333333332,125.86280555555555,0.9,41.0,2019-03-07 04:09:36,刺网
12995,28.732027777777766,125.86252777777777,0.4,311.0,2019-03-07 04:19:33,刺网
12995,28.731972222222232,125.86219444444444,1.8,236.0,2019-03-07 04:29:35,刺网
12995,28.732083333333332,125.86213888888888,1.7,25.0,2019-03-07 04:39:35,刺网
12995,28.73697222222223,125.86875,6.6,46.0,2019-03-07 04:49:35,刺网
12995,28.74883333333333,125.88333333333334,5.5,340.0,2019-03-07 04:59:35,刺网
12995,28.765638888888887,125.88397222222223,7.2,356.0,2019-03-07 05:09:35,刺网
12995,28.78283333333333,125.88380555555555,5.8,350.0,2019-03-07 05:19:35,刺网
12995,28.800277777777787,125.88402777777776,7.2,354.0,2019-03-07 05:29:34,刺网
12995,28.80161111111111,125.89038888888888,7.3,171.0,2019-03-07 05:39:35,刺网
12995,28.78069444444445,125.88969444444444,9.3,188.0,2019-03-07 05:49:34,刺网
12995,28.75983333333333,125.88975,6.9,180.0,2019-03-07 05:59:34,刺网
12995,28.75608333333333,125.89633333333332,6.0,349.0,2019-03-07 06:09:34,刺网
12995,28.77472222222222,125.89633333333332,7.3,355.0,2019-03-07 06:19:34,刺网
12995,28.795388888888887,125.89655555555555,7.4,347.0,2019-03-07 06:29:34,刺网
12995,28.80375,125.90205555555555,6.6,182.0,2019-03-07 06:39:34,刺网
12995,28.78244444444445,125.90213888888893,9.3,179.0,2019-03-07 06:49:34,刺网
12995,28.76136111111111,125.90233333333332,6.2,172.0,2019-03-07 06:59:34,刺网
12995,28.75944444444445,125.90861111111113,4.9,12.0,2019-03-07 07:09:34,刺网
12995,28.77975,125.90875,7.9,4.0,2019-03-07 07:19:34,刺网
12995,28.79944444444445,125.90836111111112,6.6,345.0,2019-03-07 07:29:34,刺网
12995,28.80011111111111,125.91480555555556,8.5,183.0,2019-03-07 07:39:33,刺网
12995,28.77863888888889,125.91488888888892,6.7,171.0,2019-03-07 07:49:33,刺网
12995,28.781111111111112,125.89755555555556,7.1,282.0,2019-03-07 07:59:33,刺网
12995,28.785277777777786,125.8859722222222,1.0,328.0,2019-03-07 08:09:33,刺网
12995,28.78466666666667,125.88450000000002,1.7,208.0,2019-03-07 08:19:33,刺网
12995,28.78416666666667,125.88397222222223,1.3,163.0,2019-03-07 08:29:33,刺网
12995,28.78333333333333,125.88338888888893,1.0,351.0,2019-03-07 08:39:33,刺网
12995,28.7825,125.88330555555555,1.1,212.0,2019-03-07 08:49:33,刺网
12995,28.78169444444445,125.88305555555556,0.9,304.0,2019-03-07 08:59:33,刺网
12995,28.780972222222214,125.88322222222222,1.1,178.0,2019-03-07 09:09:33,刺网
12995,28.78025,125.88380555555555,1.6,28.0,2019-03-07 09:19:33,刺网
12995,28.779472222222214,125.8845277777778,0.9,185.0,2019-03-07 09:29:35,刺网
12995,28.77263888888889,125.87891666666664,6.7,234.0,2019-03-07 09:39:35,刺网
12995,28.76238888888889,125.8655,0.7,166.0,2019-03-07 09:49:35,刺网
12995,28.76394444444445,125.86808333333332,3.1,1.0,2019-03-07 09:59:35,刺网
12995,28.772527777777768,125.86855555555556,3.0,350.0,2019-03-07 10:09:35,刺网
12995,28.780638888888888,125.87061111111113,3.2,23.0,2019-03-07 10:19:35,刺网
12995,28.787555555555556,125.87152777777777,2.8,25.0,2019-03-07 10:29:35,刺网
12995,28.795472222222234,125.87133333333333,2.0,9.0,2019-03-07 10:39:35,刺网
12995,28.803,125.87122222222222,2.4,3.0,2019-03-07 10:49:35,刺网
12995,28.80983333333333,125.87058333333331,4.0,31.0,2019-03-07 10:59:35,刺网
12995,28.81425,125.87294444444444,1.2,90.0,2019-03-07 11:09:34,刺网
12995,28.813194444444445,125.8745,2.0,85.0,2019-03-07 11:19:34,刺网
12995,28.81216666666667,125.87608333333333,2.1,67.0,2019-03-07 11:29:34,刺网
12995,28.808194444444442,125.87869444444445,3.5,159.0,2019-03-07 11:39:34,刺网
12995,28.799833333333336,125.88275,3.3,134.0,2019-03-07 11:49:34,刺网
12995,28.79144444444445,125.88438888888888,3.2,145.0,2019-03-07 11:59:34,刺网
12995,28.782666666666664,125.88622222222223,3.3,193.0,2019-03-07 12:09:34,刺网
12995,28.77405555555555,125.88972222222223,3.8,140.0,2019-03-07 12:19:34,刺网
12995,28.76541666666667,125.89108333333333,2.9,164.0,2019-03-07 12:29:34,刺网
12995,28.758722222222215,125.893,2.7,124.0,2019-03-07 12:39:34,刺网
12995,28.76283333333333,125.89797222222224,2.0,353.0,2019-03-07 12:49:33,刺网
12995,28.76908333333333,125.89705555555555,1.5,350.0,2019-03-07 12:59:33,刺网
12995,28.775305555555555,125.89697222222223,1.5,18.0,2019-03-07 13:09:33,刺网
12995,28.781166666666664,125.89752777777778,2.8,26.0,2019-03-07 13:19:33,刺网
12995,28.787388888888888,125.89691666666668,2.0,317.0,2019-03-07 13:29:33,刺网
12995,28.79344444444445,125.89661111111113,2.7,325.0,2019-03-07 13:39:33,刺网
12995,28.79969444444445,125.89680555555556,2.7,19.0,2019-03-07 13:49:33,刺网
12995,28.805138888888887,125.89719444444445,1.2,351.0,2019-03-07 13:59:33,刺网
12995,28.80763888888889,125.9014722222222,0.9,124.0,2019-03-07 14:09:33,刺网
12995,28.80013888888889,125.90513888888887,4.1,165.0,2019-03-07 14:19:33,刺网
12995,28.79061111111111,125.90647222222223,2.9,175.0,2019-03-07 14:29:33,刺网
12995,28.78263888888889,125.90741666666668,3.6,173.0,2019-03-07 14:39:32,刺网
12995,28.76511111111111,125.90761111111112,4.0,189.0,2019-03-07 14:59:35,刺网
12995,28.75794444444445,125.90688888888887,1.7,76.0,2019-03-07 15:09:35,刺网
12995,28.75619444444445,125.90958333333332,3.4,84.0,2019-03-07 15:19:35,刺网
12995,28.760805555555557,125.91338888888893,2.8,353.0,2019-03-07 15:29:35,刺网
12995,28.766666666666666,125.91416666666667,2.1,334.0,2019-03-07 15:39:35,刺网
12995,28.773166666666665,125.91425,3.3,350.0,2019-03-07 15:49:35,刺网
12995,28.779277777777768,125.91391666666668,2.3,349.0,2019-03-07 15:59:35,刺网
12995,28.785722222222233,125.91308333333332,2.6,7.0,2019-03-07 16:09:35,刺网
12995,28.792361111111113,125.91133333333332,2.9,322.0,2019-03-07 16:19:34,刺网
12995,28.79875,125.90958333333332,2.1,15.0,2019-03-07 16:29:34,刺网
12995,28.80472222222223,125.90861111111113,2.1,24.0,2019-03-07 16:39:34,刺网
12995,28.808611111111112,125.91305555555556,3.8,128.0,2019-03-07 16:49:34,刺网
12995,28.80175,125.91686111111113,3.7,180.0,2019-03-07 16:59:34,刺网
12995,28.79327777777778,125.91805555555555,4.5,165.0,2019-03-07 17:09:34,刺网
12995,28.785611111111113,125.91902777777777,1.6,171.0,2019-03-07 17:19:34,刺网
12995,28.779138888888887,125.92322222222224,5.4,138.0,2019-03-07 17:29:34,刺网
12995,28.763333333333332,125.93305555555555,6.4,131.0,2019-03-07 17:39:34,刺网
12995,28.74794444444445,125.94438888888894,6.6,143.0,2019-03-07 17:49:34,刺网
12995,28.733972222222214,125.95041666666668,0.5,264.0,2019-03-07 17:59:34,刺网
12995,28.732388888888888,125.9484722222222,1.9,235.0,2019-03-07 18:09:33,刺网
12995,28.73233333333333,125.94833333333334,0.3,0.0,2019-03-07 18:19:33,刺网
12995,28.73236111111111,125.94830555555555,2.5,159.0,2019-03-07 18:29:33,刺网
12995,28.73244444444445,125.94816666666668,1.2,325.0,2019-03-07 18:39:33,刺网
12995,28.73252777777777,125.94797222222223,0.7,108.0,2019-03-07 18:49:33,刺网
12995,28.732472222222214,125.948,1.6,329.0,2019-03-07 18:59:33,刺网
12995,28.73244444444445,125.94802777777778,0.7,165.0,2019-03-07 19:09:33,刺网
12995,28.7325,125.94797222222223,1.9,117.0,2019-03-07 19:19:33,刺网
12995,28.732472222222214,125.94794444444445,0.6,113.0,2019-03-07 19:29:33,刺网
12995,28.732277777777767,125.94808333333332,0.8,319.0,2019-03-07 19:39:33,刺网
12995,28.73225,125.94808333333332,0.3,239.0,2019-03-07 19:49:33,刺网
12995,28.73222222222222,125.94808333333332,0.7,156.0,2019-03-07 19:59:32,刺网
12995,28.732111111111113,125.94816666666668,1.0,152.0,2019-03-07 20:09:32,刺网
12995,28.732,125.94844444444445,0.8,258.0,2019-03-07 20:19:35,刺网
12995,28.73188888888889,125.94863888888894,1.1,147.0,2019-03-07 20:29:35,刺网
12995,28.731805555555553,125.9487777777778,1.1,136.0,2019-03-07 20:49:35,刺网
12995,28.73169444444445,125.94913888888887,1.4,139.0,2019-03-07 20:59:35,刺网
12995,28.73158333333333,125.94936111111113,1.0,268.0,2019-03-07 21:09:35,刺网
12995,28.73169444444445,125.94894444444445,1.9,136.0,2019-03-07 21:19:35,刺网
12995,28.73155555555555,125.94944444444445,1.8,137.0,2019-03-07 21:29:35,刺网
12995,28.731527777777767,125.94977777777778,2.2,157.0,2019-03-07 21:49:34,刺网
12995,28.731638888888888,125.9489722222222,0.6,229.0,2019-03-07 21:59:34,刺网
12995,28.73158333333333,125.94927777777778,0.8,278.0,2019-03-07 22:09:34,刺网
12995,28.73155555555555,125.9495277777778,0.8,294.0,2019-03-07 22:19:34,刺网
12995,28.73158333333333,125.94922222222223,1.4,278.0,2019-03-07 22:29:34,刺网
12995,28.731527777777767,125.94963888888893,1.7,222.0,2019-03-07 22:39:34,刺网
12995,28.7315,125.94975,0.9,39.0,2019-03-07 22:49:34,刺网
12995,28.731527777777767,125.9500277777778,0.5,37.0,2019-03-07 22:59:34,刺网
12995,28.73155555555555,125.95016666666668,0.3,0.0,2019-03-07 23:09:34,刺网
12995,28.73147222222222,125.95016666666668,1.7,228.0,2019-03-07 23:19:34,刺网
12995,28.731527777777767,125.95011111111113,1.4,124.0,2019-03-07 23:29:34,刺网
12995,28.73155555555555,125.95038888888894,0.8,35.0,2019-03-07 23:39:33,刺网
12995,28.73158333333333,125.95052777777778,1.0,50.0,2019-03-07 23:49:33,刺网
12995,28.73158333333333,125.95052777777778,0.9,237.0,2019-03-07 23:59:33,刺网
12995,28.73161111111111,125.95055555555555,0.8,286.0,2019-03-08 00:09:33,刺网
12995,28.73161111111111,125.95058333333333,1.1,247.0,2019-03-08 00:19:33,刺网
12995,28.73161111111111,125.95061111111113,1.4,243.0,2019-03-08 00:29:33,刺网
12995,28.73161111111111,125.95058333333333,0.6,234.0,2019-03-08 00:39:33,刺网
12995,28.731638888888888,125.95066666666666,1.5,125.0,2019-03-08 00:49:33,刺网
12995,28.731638888888888,125.95072222222224,0.8,72.0,2019-03-08 00:59:33,刺网
12995,28.73158333333333,125.95052777777778,0.8,82.0,2019-03-08 01:09:33,刺网
12995,28.73158333333333,125.95052777777778,0.8,0.0,2019-03-08 01:19:32,刺网
12995,28.73155555555555,125.95025,1.0,110.0,2019-03-08 01:29:32,刺网
12995,28.73158333333333,125.95041666666668,0.6,0.0,2019-03-08 01:39:32,刺网
12995,28.73158333333333,125.95047222222223,0.6,0.0,2019-03-08 01:49:35,刺网
12995,28.73155555555555,125.95036111111112,1.3,228.0,2019-03-08 01:59:32,刺网
12995,28.731527777777767,125.9502777777778,1.3,48.0,2019-03-08 02:09:35,刺网
12995,28.731527777777767,125.9502777777778,0.5,76.0,2019-03-08 02:19:35,刺网
12995,28.731527777777767,125.9500277777778,0.4,0.0,2019-03-08 02:29:35,刺网
12995,28.731527777777767,125.94986111111106,1.1,8.0,2019-03-08 02:39:35,刺网
12995,28.731527777777767,125.94963888888893,1.3,301.0,2019-03-08 02:49:35,刺网
12995,28.731527777777767,125.94955555555555,1.1,252.0,2019-03-08 02:59:34,刺网
12995,28.731527777777767,125.94944444444445,0.8,165.0,2019-03-08 03:09:34,刺网
12995,28.73161111111111,125.94913888888887,1.6,48.0,2019-03-08 03:19:34,刺网
12995,28.731638888888888,125.9489722222222,1.3,5.0,2019-03-08 03:29:34,刺网
12995,28.73169444444445,125.94894444444445,1.2,80.0,2019-03-08 03:39:34,刺网
12995,28.731722222222214,125.94872222222223,0.9,237.0,2019-03-08 03:49:34,刺网
12995,28.73402777777777,125.94986111111106,2.5,97.0,2019-03-08 03:59:34,刺网
12995,28.745,125.95236111111107,6.8,10.0,2019-03-08 04:09:34,刺网
12995,28.76286111111111,125.95241666666666,5.4,355.0,2019-03-08 04:19:34,刺网
12995,28.78283333333333,125.95252777777776,7.1,3.0,2019-03-08 04:29:34,刺网
12995,28.793805555555558,125.95805555555555,7.0,169.0,2019-03-08 04:39:34,刺网
12995,28.77183333333333,125.95861111111113,7.7,180.0,2019-03-08 04:49:33,刺网
12995,28.750138888888888,125.9585277777778,7.2,178.0,2019-03-08 04:59:33,刺网
12995,28.73375,125.96338888888893,6.8,96.0,2019-03-08 05:09:33,刺网
12995,28.751805555555553,125.96472222222219,6.4,359.0,2019-03-08 05:19:33,刺网
12995,28.771527777777766,125.96477777777778,7.7,354.0,2019-03-08 05:29:33,刺网
12995,28.791694444444445,125.96463888888893,7.9,2.0,2019-03-08 05:39:33,刺网
12995,28.790277777777767,125.97005555555555,7.8,178.0,2019-03-08 05:49:33,刺网
12995,28.76888888888889,125.97097222222222,7.1,177.0,2019-03-08 05:59:33,刺网
12995,28.746472222222234,125.9710277777778,8.3,182.0,2019-03-08 06:09:33,刺网
12995,28.730138888888888,125.97613888888887,6.6,66.0,2019-03-08 06:19:33,刺网
12995,28.74811111111111,125.97677777777778,7.4,6.0,2019-03-08 06:29:32,刺网
12995,28.769222222222233,125.9770277777778,7.1,1.0,2019-03-08 06:39:32,刺网
12995,28.79033333333333,125.9772222222222,6.3,16.0,2019-03-08 06:49:32,刺网
12995,28.77561111111111,125.983,8.0,179.0,2019-03-08 06:59:32,刺网
12995,28.754722222222235,125.98316666666666,8.2,179.0,2019-03-08 07:09:32,刺网
12995,28.737472222222234,125.97991666666668,3.6,214.0,2019-03-08 07:19:35,刺网
12995,28.72819444444444,125.97461111111113,4.2,185.0,2019-03-08 07:29:35,刺网
12995,28.73186111111111,125.96413888888887,5.6,314.0,2019-03-08 07:39:35,刺网
12995,28.738833333333336,125.95138888888887,1.0,271.0,2019-03-08 07:59:35,刺网
12995,28.738083333333336,125.94894444444445,1.9,335.0,2019-03-08 08:09:35,刺网
12995,28.737361111111113,125.94655555555555,2.2,223.0,2019-03-08 08:19:34,刺网
12995,28.736722222222234,125.94413888888887,1.3,336.0,2019-03-08 08:29:34,刺网
12995,28.73627777777777,125.94175,1.7,220.0,2019-03-08 08:39:34,刺网
12995,28.735944444444453,125.93963888888894,2.0,194.0,2019-03-08 08:49:34,刺网
12995,28.73547222222223,125.93755555555555,1.0,262.0,2019-03-08 08:59:34,刺网
12995,28.73491666666667,125.93597222222222,1.3,323.0,2019-03-08 09:09:34,刺网
12995,28.73433333333333,125.93402777777777,1.4,247.0,2019-03-08 09:19:34,刺网
12995,28.734472222222234,125.93177777777778,4.8,348.0,2019-03-08 09:29:34,刺网
12995,28.74758333333333,125.9279722222222,1.7,94.0,2019-03-08 09:39:34,刺网
12995,28.747722222222233,125.93161111111112,2.8,34.0,2019-03-08 09:49:34,刺网
12995,28.757222222222214,125.93136111111113,3.8,7.0,2019-03-08 09:59:34,刺网
12995,28.766388888888887,125.93330555555555,3.6,31.0,2019-03-08 10:09:33,刺网
12995,28.77569444444445,125.9349722222222,3.6,344.0,2019-03-08 10:19:33,刺网
12995,28.78566666666667,125.93561111111113,3.8,358.0,2019-03-08 10:29:33,刺网
12995,28.79466666666667,125.93519444444445,2.8,10.0,2019-03-08 10:39:33,刺网
12995,28.80233333333333,125.93716666666668,2.8,38.0,2019-03-08 10:49:33,刺网
12995,28.798361111111113,125.94194444444445,3.4,163.0,2019-03-08 10:59:33,刺网
12995,28.78158333333333,125.94347222222223,2.6,165.0,2019-03-08 11:19:33,刺网
12995,28.774222222222214,125.94502777777778,3.5,187.0,2019-03-08 11:29:33,刺网
12995,28.75725,125.94655555555555,2.9,169.0,2019-03-08 11:49:32,刺网
12995,28.74955555555556,125.94738888888894,2.8,173.0,2019-03-08 11:59:32,刺网
12995,28.751638888888888,125.9535,3.1,23.0,2019-03-08 12:19:32,刺网
12995,28.75983333333333,125.95372222222224,3.4,15.0,2019-03-08 12:29:32,刺网
12995,28.767944444444442,125.95444444444445,2.9,1.0,2019-03-08 12:39:35,刺网
12995,28.776027777777767,125.95544444444445,2.4,31.0,2019-03-08 12:49:32,刺网
12995,28.782472222222214,125.9560277777778,0.5,0.0,2019-03-08 12:59:35,刺网
12995,28.78991666666667,125.95658333333334,2.4,356.0,2019-03-08 13:09:35,刺网
12995,28.79738888888889,125.95786111111113,2.8,7.0,2019-03-08 13:19:34,刺网
12995,28.80419444444445,125.96088888888893,1.8,67.0,2019-03-08 13:29:34,刺网
12995,28.79977777777778,125.96602777777778,3.2,164.0,2019-03-08 13:39:34,刺网
12995,28.790944444444445,125.96713888888893,3.6,178.0,2019-03-08 13:49:34,刺网
12995,28.78147222222222,125.96969444444444,3.0,169.0,2019-03-08 13:59:34,刺网
12995,28.772361111111113,125.97061111111113,3.1,175.0,2019-03-08 14:09:34,刺网
12995,28.76369444444445,125.97130555555556,2.4,152.0,2019-03-08 14:19:34,刺网
12995,28.756138888888888,125.97266666666668,3.6,160.0,2019-03-08 14:29:34,刺网
12995,28.747,125.9737222222222,3.5,179.0,2019-03-08 14:39:34,刺网
12995,28.73913888888889,125.97480555555555,2.7,175.0,2019-03-08 14:49:34,刺网
12995,28.73919444444445,125.9782777777778,2.4,41.0,2019-03-08 14:59:34,刺网
12995,28.746111111111112,125.98011111111113,3.0,17.0,2019-03-08 15:09:33,刺网
12995,28.75425,125.98019444444445,2.8,352.0,2019-03-08 15:19:33,刺网
12995,28.762472222222215,125.97944444444445,3.6,352.0,2019-03-08 15:29:33,刺网
12995,28.76811111111111,125.97919444444445,1.1,309.0,2019-03-08 15:39:33,刺网
12995,28.775805555555557,125.97916666666669,3.1,350.0,2019-03-08 15:49:33,刺网
12995,28.78338888888889,125.97997222222222,3.0,33.0,2019-03-08 15:59:33,刺网
12995,28.790277777777767,125.98213888888893,2.9,55.0,2019-03-08 16:09:33,刺网
12995,28.789277777777766,125.98575,2.7,176.0,2019-03-08 16:19:33,刺网
12995,28.781777777777766,125.98483333333333,4.7,171.0,2019-03-08 16:29:33,刺网
12995,28.773666666666664,125.9855277777778,2.0,153.0,2019-03-08 16:39:32,刺网
12995,28.765166666666666,125.98661111111113,3.3,175.0,2019-03-08 16:49:32,刺网
12995,28.75675,125.98763888888887,4.5,174.0,2019-03-08 16:59:32,刺网
12995,28.749388888888888,125.98947222222222,2.0,177.0,2019-03-08 17:09:32,刺网
12995,28.74691666666667,125.98733333333334,2.1,247.0,2019-03-08 17:19:32,刺网
12995,28.744555555555557,125.98297222222223,4.9,244.0,2019-03-08 17:29:35,刺网
12995,28.73763888888889,125.96355555555556,6.7,243.0,2019-03-08 17:39:35,刺网
12995,28.733694444444453,125.94238888888893,7.0,258.0,2019-03-08 17:49:35,刺网
12995,28.73075,125.92122222222223,6.4,257.0,2019-03-08 17:59:35,刺网
12995,28.72958333333333,125.90188888888888,7.6,236.0,2019-03-08 18:09:35,刺网
12995,28.71625,125.88258333333332,8.2,230.0,2019-03-08 18:19:35,刺网
12995,28.702861111111112,125.86363888888887,7.5,223.0,2019-03-08 18:29:34,刺网
12995,28.688666666666666,125.84563888888887,7.0,220.0,2019-03-08 18:39:34,刺网
12995,28.674194444444453,125.82830555555556,6.9,231.0,2019-03-08 18:49:34,刺网
12995,28.65983333333333,125.81097222222222,7.4,235.0,2019-03-08 18:59:34,刺网
12995,28.652916666666666,125.80286111111113,1.6,270.0,2019-03-08 19:09:34,刺网
12995,28.65294444444444,125.80119444444445,1.0,346.0,2019-03-08 19:19:34,刺网
12995,28.65322222222222,125.8012222222222,1.0,19.0,2019-03-08 19:29:34,刺网
12995,28.65308333333333,125.8012222222222,0.8,43.0,2019-03-08 19:39:34,刺网
12995,28.653055555555554,125.80119444444445,1.0,164.0,2019-03-08 19:49:34,刺网
12995,28.65308333333333,125.80119444444445,1.6,164.0,2019-03-08 19:59:34,刺网
12995,28.653055555555554,125.80119444444445,0.7,110.0,2019-03-08 20:09:33,刺网
12995,28.653111111111112,125.8012222222222,0.6,45.0,2019-03-08 20:19:33,刺网
12995,28.653305555555555,125.80125,0.8,73.0,2019-03-08 20:29:33,刺网
12995,28.65336111111111,125.80125,0.5,303.0,2019-03-08 20:39:33,刺网
12995,28.65336111111111,125.80127777777778,0.6,140.0,2019-03-08 20:49:33,刺网
12995,28.653305555555555,125.80127777777778,0.6,34.0,2019-03-08 20:59:33,刺网
12995,28.653277777777767,125.80125,1.6,39.0,2019-03-08 21:09:33,刺网
12995,28.65308333333333,125.80127777777778,1.5,7.0,2019-03-08 21:19:33,刺网
12995,28.653111111111112,125.8012222222222,1.3,219.0,2019-03-08 21:29:33,刺网
12995,28.65313888888889,125.8012222222222,1.1,156.0,2019-03-08 21:39:33,刺网
12995,28.65319444444444,125.80127777777778,0.4,92.0,2019-03-08 21:49:32,刺网
12995,28.65308333333333,125.80125,1.3,172.0,2019-03-08 21:59:32,刺网
12995,28.65294444444444,125.8012222222222,0.1,0.0,2019-03-08 22:09:32,刺网
12995,28.652805555555553,125.80125,0.8,224.0,2019-03-08 22:19:32,刺网
12995,28.65258333333333,125.8012222222222,1.0,51.0,2019-03-08 22:29:32,刺网
12995,28.652444444444445,125.80130555555556,0.6,176.0,2019-03-08 22:39:32,刺网
12995,28.6525,125.80130555555556,0.4,23.0,2019-03-08 22:49:32,刺网
12995,28.652444444444445,125.80130555555556,1.3,50.0,2019-03-08 22:59:35,刺网
12995,28.652555555555555,125.80130555555556,0.5,63.0,2019-03-08 23:09:35,刺网
12995,28.652222222222214,125.80141666666664,0.7,180.0,2019-03-08 23:19:35,刺网
12995,28.652472222222233,125.80136111111106,2.3,174.0,2019-03-08 23:29:34,刺网
12995,28.65308333333333,125.80158333333333,1.0,270.0,2019-03-08 23:39:34,刺网
12995,28.652916666666666,125.80194444444444,0.7,79.0,2019-03-08 23:49:34,刺网
12995,28.65308333333333,125.80238888888887,0.8,60.0,2019-03-08 23:59:34,刺网
12995,28.652722222222234,125.80280555555555,0.6,0.0,2019-03-09 00:09:34,刺网
12995,28.652444444444445,125.8034722222222,0.9,77.0,2019-03-09 00:19:34,刺网
12995,28.65197222222222,125.8042222222222,1.2,61.0,2019-03-09 00:29:34,刺网
12995,28.652027777777768,125.80505555555555,1.8,90.0,2019-03-09 00:39:34,刺网
12995,28.65163888888889,125.80572222222223,0.5,0.0,2019-03-09 00:49:34,刺网
12995,28.65172222222222,125.80627777777778,1.0,90.0,2019-03-09 00:59:34,刺网
12995,28.651194444444442,125.80533333333334,6.3,92.0,2019-03-09 01:09:34,刺网
12995,28.651777777777767,125.80547222222219,0.9,262.0,2019-03-09 01:19:33,刺网
12995,28.651611111111112,125.80608333333332,1.5,285.0,2019-03-09 01:29:34,刺网
12995,28.65225,125.80658333333334,0.7,40.0,2019-03-09 01:39:33,刺网
12995,28.65325,125.80663888888887,0.8,262.0,2019-03-09 01:49:33,刺网
12995,28.65361111111111,125.80647222222223,1.5,50.0,2019-03-09 01:59:33,刺网
12995,28.65355555555556,125.80652777777777,0.3,0.0,2019-03-09 02:09:33,刺网
12995,28.6535,125.80652777777777,0.8,251.0,2019-03-09 02:19:33,刺网
12995,28.65336111111111,125.80658333333334,0.7,256.0,2019-03-09 02:29:33,刺网
12995,28.653388888888887,125.80655555555555,1.1,97.0,2019-03-09 02:39:32,刺网
12995,28.652722222222234,125.80644444444445,1.4,116.0,2019-03-09 02:49:33,刺网
12995,28.65225,125.80594444444445,1.4,218.0,2019-03-09 02:59:32,刺网
12995,28.65172222222222,125.8055,0.6,194.0,2019-03-09 03:09:32,刺网
12995,28.651138888888887,125.80486111111112,1.0,2.0,2019-03-09 03:19:32,刺网
12995,28.651055555555555,125.80425,0.8,292.0,2019-03-09 03:29:32,刺网
12995,28.651,125.80372222222222,1.0,302.0,2019-03-09 03:39:32,刺网
12995,28.65097222222222,125.80308333333332,2.3,285.0,2019-03-09 03:49:32,刺网
12995,28.6515,125.80227777777776,0.7,226.0,2019-03-09 03:59:35,刺网
12995,28.65197222222222,125.80158333333333,0.7,15.0,2019-03-09 04:09:35,刺网
12995,28.652916666666666,125.80475,3.6,168.0,2019-03-09 04:19:35,刺网
12995,28.633388888888888,125.8047777777778,7.4,179.0,2019-03-09 04:29:35,刺网
12995,28.6135,125.80436111111106,6.7,192.0,2019-03-09 04:39:34,刺网
12995,28.593916666666665,125.80427777777777,7.2,188.0,2019-03-09 04:49:34,刺网
12995,28.594,125.81219444444444,7.2,10.0,2019-03-09 04:59:34,刺网
12995,28.614027777777785,125.8119722222222,6.8,354.0,2019-03-09 05:09:34,刺网
12995,28.63394444444444,125.81255555555555,7.5,353.0,2019-03-09 05:19:34,刺网
12995,28.649305555555554,125.81822222222222,5.8,100.0,2019-03-09 05:29:34,刺网
12995,28.630861111111113,125.819,6.9,168.0,2019-03-09 05:39:34,刺网
12995,28.61216666666667,125.81961111111113,6.8,176.0,2019-03-09 05:49:34,刺网
12995,28.593416666666666,125.8197777777778,6.6,173.0,2019-03-09 05:59:33,刺网
12995,28.58838888888889,125.82752777777776,7.2,10.0,2019-03-09 06:09:33,刺网
12995,28.6075,125.82755555555555,7.5,16.0,2019-03-09 06:19:33,刺网
12995,28.627527777777786,125.82777777777777,7.2,3.0,2019-03-09 06:29:33,刺网
12995,28.63869444444445,125.82783333333332,2.6,288.0,2019-03-09 06:39:33,刺网
12995,28.64005555555556,125.82383333333333,0.6,277.0,2019-03-09 06:49:33,刺网
12995,28.64188888888889,125.81988888888893,0.7,268.0,2019-03-09 06:59:33,刺网
12995,28.64383333333333,125.81613888888887,0.9,219.0,2019-03-09 07:09:33,刺网
12995,28.64597222222222,125.81230555555555,2.1,294.0,2019-03-09 07:19:33,刺网
12995,28.64808333333333,125.80855555555556,1.0,305.0,2019-03-09 07:29:33,刺网
12995,28.650194444444452,125.80483333333332,0.6,302.0,2019-03-09 07:39:32,刺网
12995,28.65233333333333,125.80108333333332,2.6,302.0,2019-03-09 07:49:32,刺网
12995,28.654777777777767,125.79733333333333,2.7,297.0,2019-03-09 07:59:32,刺网
12995,28.65694444444444,125.79358333333332,0.7,285.0,2019-03-09 08:09:32,刺网
12995,28.65936111111111,125.78969444444445,1.7,322.0,2019-03-09 08:19:32,刺网
12995,28.66063888888889,125.79041666666666,3.3,348.0,2019-03-09 08:29:32,刺网
12995,28.65858333333333,125.79169444444445,2.4,188.0,2019-03-09 08:39:32,刺网
12995,28.651416666666666,125.7915,3.3,132.0,2019-03-09 08:49:32,刺网
12995,28.64386111111111,125.78975,2.8,194.0,2019-03-09 08:59:32,刺网
12995,28.63644444444445,125.78836111111107,2.9,185.0,2019-03-09 09:09:32,刺网
12995,28.628916666666665,125.78708333333331,2.5,133.0,2019-03-09 09:19:34,刺网
12995,28.62158333333333,125.78533333333334,3.5,154.0,2019-03-09 09:29:35,刺网
12995,28.61508333333333,125.78480555555555,2.2,159.0,2019-03-09 09:39:34,刺网
12995,28.609861111111112,125.78697222222222,2.3,183.0,2019-03-09 09:49:34,刺网
12995,28.61141666666667,125.79163888888887,3.5,7.0,2019-03-09 09:59:34,刺网
12995,28.620500000000003,125.79369444444444,3.7,23.0,2019-03-09 10:09:34,刺网
12995,28.629361111111113,125.79569444444445,3.2,41.0,2019-03-09 10:19:34,刺网
12995,28.640027777777767,125.79594444444444,4.3,342.0,2019-03-09 10:29:34,刺网
12995,28.648944444444442,125.79686111111113,3.9,36.0,2019-03-09 10:39:34,刺网
12995,28.658277777777766,125.79847222222222,3.7,30.0,2019-03-09 10:49:34,刺网
12995,28.667777777777786,125.80008333333332,3.3,49.0,2019-03-09 10:59:34,刺网
12995,28.67125,125.80583333333333,3.5,140.0,2019-03-09 11:09:33,刺网
12995,28.66483333333333,125.80683333333332,4.0,149.0,2019-03-09 11:19:33,刺网
12995,28.65644444444445,125.80755555555555,4.1,160.0,2019-03-09 11:29:33,刺网
12995,28.648027777777767,125.80825,4.0,155.0,2019-03-09 11:39:33,刺网
12995,28.640916666666666,125.80908333333332,3.9,115.0,2019-03-09 11:49:33,刺网
12995,28.633472222222213,125.80977777777778,1.9,166.0,2019-03-09 11:59:33,刺网
12995,28.625722222222233,125.81113888888888,3.3,160.0,2019-03-09 12:09:33,刺网
12995,28.619888888888887,125.81219444444444,2.9,175.0,2019-03-09 12:19:33,刺网
12995,28.613222222222234,125.81327777777777,4.1,147.0,2019-03-09 12:29:33,刺网
12995,28.605166666666666,125.81488888888887,2.6,153.0,2019-03-09 12:39:33,刺网
12995,28.60908333333333,125.81988888888893,2.9,320.0,2019-03-09 12:49:33,刺网
12995,28.618055555555557,125.8207777777778,3.6,4.0,2019-03-09 12:59:32,刺网
12995,28.62694444444445,125.82211111111113,3.7,347.0,2019-03-09 13:09:32,刺网
12995,28.635722222222213,125.82391666666666,3.5,17.0,2019-03-09 13:19:32,刺网
12995,28.644111111111112,125.82611111111108,3.4,38.0,2019-03-09 13:29:32,刺网
12995,28.65088888888889,125.8292777777778,2.5,46.0,2019-03-09 13:39:32,刺网
12995,28.665805555555554,125.82630555555555,7.3,341.0,2019-03-09 13:49:32,刺网
12995,28.68611111111111,125.81694444444445,7.0,334.0,2019-03-09 13:59:32,刺网
12995,28.706555555555553,125.80752777777776,7.2,341.0,2019-03-09 14:09:32,刺网
12995,28.7265,125.79813888888887,6.5,344.0,2019-03-09 14:19:32,刺网
12995,28.746472222222234,125.78911111111113,7.8,342.0,2019-03-09 14:29:31,刺网
12995,28.76616666666667,125.77983333333331,6.5,331.0,2019-03-09 14:39:34,刺网
12995,28.78691666666667,125.77033333333334,6.6,339.0,2019-03-09 14:49:31,刺网
12995,28.805750000000003,125.76297222222222,7.8,344.0,2019-03-09 14:59:33,刺网
12995,28.825805555555558,125.75525,7.6,345.0,2019-03-09 15:09:34,刺网
12995,28.84588888888889,125.74725,8.7,340.0,2019-03-09 15:19:34,刺网
12995,28.86575,125.73952777777778,7.1,351.0,2019-03-09 15:29:34,刺网
12995,28.88586111111111,125.73172222222223,7.3,344.0,2019-03-09 15:39:34,刺网
12995,28.90613888888889,125.72386111111106,7.1,344.0,2019-03-09 15:49:34,刺网
12995,28.92655555555556,125.71583333333334,7.1,346.0,2019-03-09 15:59:34,刺网
12995,28.947222222222226,125.7079722222222,7.9,335.0,2019-03-09 16:09:34,刺网
12995,28.967916666666664,125.70100000000001,8.3,338.0,2019-03-09 16:19:34,刺网
12995,28.98494444444445,125.69311111111112,1.4,0.0,2019-03-09 16:29:34,刺网
12995,28.98688888888889,125.69258333333336,2.3,89.0,2019-03-09 16:39:33,刺网
12995,28.98802777777778,125.6927777777778,1.7,89.0,2019-03-09 16:49:33,刺网
12995,28.988194444444453,125.69200000000001,1.5,101.0,2019-03-09 16:59:33,刺网
12995,28.988250000000004,125.69197222222222,2.9,41.0,2019-03-09 17:09:33,刺网
12995,28.988250000000004,125.69191666666669,1.4,45.0,2019-03-09 17:19:33,刺网
12995,28.988166666666668,125.69172222222224,0.8,191.0,2019-03-09 17:29:33,刺网
12995,28.988277777777785,125.69169444444445,0.8,55.0,2019-03-09 17:49:33,刺网
12995,28.98833333333333,125.69158333333334,2.1,256.0,2019-03-09 17:59:33,刺网
12995,28.98844444444445,125.69155555555555,1.6,286.0,2019-03-09 18:09:32,刺网
12995,28.9885,125.69161111111113,1.6,289.0,2019-03-09 18:19:32,刺网
12995,28.98844444444445,125.69144444444444,0.8,283.0,2019-03-09 18:29:32,刺网
12995,28.98844444444445,125.69127777777778,0.7,70.0,2019-03-09 18:39:32,刺网
12995,28.9885,125.6912222222222,1.3,209.0,2019-03-09 18:49:32,刺网
12995,28.988527777777787,125.69113888888887,1.2,94.0,2019-03-09 18:59:32,刺网
12995,28.9885,125.69113888888887,0.5,136.0,2019-03-09 19:09:32,刺网
12995,28.98858333333333,125.69108333333332,0.9,130.0,2019-03-09 19:19:32,刺网
12995,28.98866666666667,125.6912222222222,1.4,40.0,2019-03-09 19:29:32,刺网
12995,28.98869444444445,125.69127777777778,0.4,0.0,2019-03-09 19:39:31,刺网
12995,28.988805555555558,125.69155555555555,1.6,193.0,2019-03-09 19:49:34,刺网
12995,28.988777777777766,125.69155555555555,1.3,305.0,2019-03-09 20:09:34,刺网
12995,28.98875,125.69141666666668,0.9,71.0,2019-03-09 20:19:34,刺网
12995,28.98875,125.69141666666668,0.5,0.0,2019-03-09 20:29:34,刺网
12995,28.988805555555558,125.69152777777781,1.1,206.0,2019-03-09 20:39:34,刺网
12995,28.988833333333336,125.69172222222224,0.6,103.0,2019-03-09 20:49:34,刺网
12995,28.988833333333336,125.69163888888887,1.3,100.0,2019-03-09 20:59:33,刺网
12995,28.988888888888887,125.69186111111112,1.4,310.0,2019-03-09 21:09:34,刺网
12995,28.988861111111113,125.69172222222224,0.7,102.0,2019-03-09 21:19:33,刺网
12995,28.988916666666668,125.69186111111112,0.4,107.0,2019-03-09 21:29:33,刺网
12995,28.988916666666668,125.69180555555555,0.8,297.0,2019-03-09 21:39:33,刺网
12995,28.988944444444453,125.69188888888893,0.9,112.0,2019-03-09 21:49:33,刺网
12995,28.988972222222234,125.69211111111113,1.0,208.0,2019-03-09 21:59:33,刺网
12995,28.988972222222234,125.69213888888888,1.1,153.0,2019-03-09 22:09:33,刺网
12995,28.988972222222234,125.69233333333334,0.5,0.0,2019-03-09 22:19:33,刺网
12995,28.989027777777785,125.69252777777778,0.7,102.0,2019-03-09 22:29:33,刺网
12995,28.989,125.693,1.3,54.0,2019-03-09 22:39:33,刺网
12995,28.988944444444453,125.69325,0.7,250.0,2019-03-09 22:49:33,刺网
12995,28.98869444444445,125.69388888888888,2.3,105.0,2019-03-09 23:09:33,刺网
12995,28.98830555555556,125.69447222222222,1.4,68.0,2019-03-09 23:19:32,刺网
12995,28.98791666666667,125.69483333333334,0.5,96.0,2019-03-09 23:29:32,刺网
12995,28.987972222222233,125.69480555555555,1.2,166.0,2019-03-09 23:39:32,刺网
12995,28.98758333333333,125.69502777777778,0.4,0.0,2019-03-09 23:49:32,刺网
12995,28.987472222222234,125.69508333333334,0.6,343.0,2019-03-09 23:59:32,刺网
12995,28.98716666666667,125.69519444444445,0.8,124.0,2019-03-10 00:09:32,刺网
12995,28.987,125.69525,0.5,0.0,2019-03-10 00:19:32,刺网
12995,28.987027777777786,125.69525,1.1,84.0,2019-03-10 00:29:32,刺网
12995,28.98683333333333,125.69525,0.3,0.0,2019-03-10 00:39:31,刺网
12995,28.986638888888887,125.6952777777778,1.0,192.0,2019-03-10 00:49:31,刺网
12995,28.986555555555555,125.6952777777778,0.3,0.0,2019-03-10 00:59:31,刺网
12995,28.986472222222233,125.6952777777778,0.5,0.0,2019-03-10 01:09:34,刺网
12995,28.98627777777777,125.6952777777778,0.7,123.0,2019-03-10 01:19:34,刺网
12995,28.98613888888889,125.69525,0.3,0.0,2019-03-10 01:29:34,刺网
12995,28.985888888888887,125.69516666666668,0.4,92.0,2019-03-10 01:39:34,刺网
12995,28.98569444444445,125.69508333333334,0.4,229.0,2019-03-10 01:49:34,刺网
12995,28.9855,125.69497222222222,1.2,239.0,2019-03-10 01:59:34,刺网
12995,28.985611111111112,125.69505555555556,0.7,98.0,2019-03-10 02:09:34,刺网
12995,28.98544444444445,125.69497222222222,0.1,0.0,2019-03-10 02:19:33,刺网
12995,28.98544444444445,125.69494444444445,1.0,25.0,2019-03-10 02:29:33,刺网
12995,28.98525,125.69483333333334,1.1,141.0,2019-03-10 02:39:33,刺网
12995,28.98530555555556,125.69488888888893,0.2,0.0,2019-03-10 02:49:33,刺网
12995,28.985388888888888,125.69494444444445,1.0,216.0,2019-03-10 02:59:33,刺网
12995,28.985194444444453,125.6947777777778,0.4,245.0,2019-03-10 03:09:33,刺网
12995,28.98508333333333,125.69469444444445,0.3,0.0,2019-03-10 03:19:33,刺网
12995,28.985111111111113,125.69472222222224,0.5,0.0,2019-03-10 03:29:33,刺网
12995,28.984972222222233,125.69461111111113,0.1,0.0,2019-03-10 03:39:33,刺网
12995,28.985,125.69463888888887,0.2,0.0,2019-03-10 03:49:33,刺网
12995,28.98483333333333,125.69447222222222,0.3,206.0,2019-03-10 03:59:33,刺网
12995,28.984805555555557,125.69441666666668,0.3,281.0,2019-03-10 04:09:32,刺网
12995,28.98483333333333,125.69444444444444,0.3,0.0,2019-03-10 04:19:32,刺网
12995,28.984777777777786,125.69436111111112,1.0,208.0,2019-03-10 04:29:32,刺网
12995,28.98466666666667,125.69427777777778,1.1,193.0,2019-03-10 04:39:32,刺网
12995,28.98472222222223,125.69430555555556,0.3,0.0,2019-03-10 04:49:32,刺网
12995,28.98472222222223,125.69438888888894,0.6,211.0,2019-03-10 04:59:32,刺网
12995,28.98469444444445,125.69430555555556,1.1,82.0,2019-03-10 05:09:32,刺网
12995,28.98461111111111,125.69416666666667,1.0,247.0,2019-03-10 05:19:32,刺网
12995,28.98458333333333,125.69413888888887,1.1,144.0,2019-03-10 05:29:32,刺网
12995,28.98466666666667,125.69419444444445,0.3,0.0,2019-03-10 05:39:32,刺网
12995,28.98461111111111,125.69419444444445,0.8,83.0,2019-03-10 05:49:31,刺网
12995,28.98433333333333,125.6935,0.6,0.0,2019-03-10 05:59:31,刺网
12995,28.984277777777766,125.69338888888893,2.5,178.0,2019-03-10 06:19:31,刺网
12995,28.984361111111113,125.69372222222222,0.9,112.0,2019-03-10 06:29:34,刺网
12995,28.98441666666667,125.69383333333332,0.8,129.0,2019-03-10 06:39:34,刺网
12995,28.984527777777767,125.69391666666668,0.9,37.0,2019-03-10 06:49:34,刺网
12995,28.98455555555556,125.69405555555555,0.8,124.0,2019-03-10 07:09:34,刺网
12995,28.98461111111111,125.69411111111113,1.2,226.0,2019-03-10 07:19:33,刺网
12995,28.98469444444445,125.69425,0.5,289.0,2019-03-10 07:29:34,刺网
12995,28.98475,125.69433333333336,0.4,33.0,2019-03-10 07:39:33,刺网
12995,28.98475,125.69430555555556,0.7,268.0,2019-03-10 07:49:33,刺网
12995,28.985055555555554,125.69466666666666,1.3,267.0,2019-03-10 08:09:33,刺网
12995,28.98525,125.69480555555555,0.9,138.0,2019-03-10 08:19:33,刺网
12995,28.98494444444445,125.69458333333333,0.7,112.0,2019-03-10 08:39:33,刺网
12995,28.98472222222223,125.69427777777778,1.2,10.0,2019-03-10 08:49:33,刺网
12995,28.98491666666667,125.69452777777781,0.5,269.0,2019-03-10 08:59:33,刺网
12995,28.98491666666667,125.69444444444444,1.0,262.0,2019-03-10 09:09:32,刺网
12995,28.98466666666667,125.69411111111113,0.9,67.0,2019-03-10 09:19:32,刺网
12995,28.984972222222233,125.69452777777781,1.3,211.0,2019-03-10 09:29:32,刺网
12995,28.9845,125.69394444444444,1.7,60.0,2019-03-10 09:39:32,刺网
12995,28.985277777777767,125.69486111111112,1.1,66.0,2019-03-10 09:49:32,刺网
12995,28.984861111111112,125.69444444444444,1.2,28.0,2019-03-10 09:59:32,刺网
12995,28.98525,125.6947777777778,2.1,201.0,2019-03-10 10:09:32,刺网
12995,28.98488888888889,125.6945,0.4,29.0,2019-03-10 10:19:32,刺网
12995,28.98488888888889,125.6945,0.9,171.0,2019-03-10 10:29:32,刺网
12995,28.98544444444445,125.695,1.0,58.0,2019-03-10 10:39:32,刺网
12995,28.98508333333333,125.69469444444445,0.7,302.0,2019-03-10 10:49:32,刺网
12995,28.98536111111111,125.69491666666669,1.0,184.0,2019-03-10 10:59:31,刺网
12995,28.985416666666666,125.695,0.5,100.0,2019-03-10 11:09:31,刺网
12995,28.985138888888887,125.69472222222224,0.2,0.0,2019-03-10 11:19:31,刺网
12995,28.985166666666665,125.69483333333334,0.9,272.0,2019-03-10 11:29:31,刺网
12995,28.985277777777767,125.69488888888893,1.3,35.0,2019-03-10 11:39:31,刺网
12995,28.98530555555556,125.69491666666669,0.6,47.0,2019-03-10 11:49:34,刺网
12995,28.98525,125.69488888888893,0.7,264.0,2019-03-10 11:59:34,刺网
12995,28.985388888888888,125.695,0.6,92.0,2019-03-10 12:09:34,刺网
12995,28.985166666666665,125.6947777777778,0.7,40.0,2019-03-10 12:19:34,刺网
12995,28.98533333333333,125.69491666666669,1.0,212.0,2019-03-10 12:29:34,刺网
12995,28.98530555555556,125.69488888888893,0.8,255.0,2019-03-10 12:39:34,刺网
12995,28.98533333333333,125.69491666666669,1.7,213.0,2019-03-10 12:49:33,刺网
12995,28.98533333333333,125.69491666666669,0.6,257.0,2019-03-10 12:59:33,刺网
12995,28.985388888888888,125.695,0.9,64.0,2019-03-10 13:09:33,刺网
12995,28.985416666666666,125.695,1.1,71.0,2019-03-10 13:19:33,刺网
12995,28.98533333333333,125.69494444444445,0.7,117.0,2019-03-10 13:29:33,刺网
12995,28.98536111111111,125.69494444444445,0.8,62.0,2019-03-10 13:39:33,刺网
12995,28.98536111111111,125.695,1.3,290.0,2019-03-10 13:49:33,刺网
12995,28.98530555555556,125.69491666666669,0.9,298.0,2019-03-10 13:59:33,刺网
12995,28.985388888888888,125.69505555555556,0.7,305.0,2019-03-10 14:09:32,刺网
12995,28.98525,125.69488888888893,0.8,105.0,2019-03-10 14:19:32,刺网
12995,28.985277777777767,125.69494444444445,1.5,90.0,2019-03-10 14:29:32,刺网
12995,28.985194444444453,125.69486111111112,0.5,200.0,2019-03-10 14:39:32,刺网
12995,28.985833333333336,125.69316666666668,2.8,230.0,2019-03-10 14:49:32,刺网
12995,28.978222222222207,125.7019722222222,5.8,133.0,2019-03-10 14:59:32,刺网
12995,28.96969444444445,125.71525,7.0,135.0,2019-03-10 15:09:32,刺网
12995,28.96641666666667,125.71791666666668,1.2,106.0,2019-03-10 15:19:32,刺网
12995,28.96533333333333,125.7182222222222,0.8,162.0,2019-03-10 15:29:32,刺网
12995,28.965222222222234,125.71830555555556,0.6,174.0,2019-03-10 15:39:32,刺网
12995,28.965055555555555,125.71844444444444,0.9,209.0,2019-03-10 15:49:32,刺网
12995,28.964861111111112,125.71833333333332,0.9,178.0,2019-03-10 15:59:32,刺网
12995,28.964722222222214,125.71830555555556,0.7,285.0,2019-03-10 16:09:31,刺网
12995,28.964555555555553,125.71811111111113,0.7,252.0,2019-03-10 16:19:31,刺网
12995,28.96458333333333,125.71827777777777,0.6,206.0,2019-03-10 16:29:31,刺网
12995,28.964527777777768,125.71830555555556,1.4,348.0,2019-03-10 16:39:31,刺网
12995,28.964305555555555,125.71816666666666,1.7,21.0,2019-03-10 16:49:34,刺网
12995,28.964111111111112,125.71794444444444,0.7,258.0,2019-03-10 16:59:31,刺网
12995,28.964194444444445,125.71813888888887,1.1,145.0,2019-03-10 17:09:34,刺网
12995,28.96416666666667,125.71816666666666,1.9,199.0,2019-03-10 17:19:34,刺网
12995,28.964111111111112,125.71811111111113,0.8,51.0,2019-03-10 17:29:34,刺网
12995,28.963972222222214,125.718,1.3,199.0,2019-03-10 17:39:34,刺网
12995,28.963972222222214,125.718,0.6,43.0,2019-03-10 17:49:33,刺网
12995,28.96394444444445,125.71791666666668,1.6,42.0,2019-03-10 17:59:33,刺网
12995,28.96380555555556,125.71769444444445,1.6,176.0,2019-03-10 18:09:33,刺网
12995,28.96375,125.7175,1.6,286.0,2019-03-10 18:19:33,刺网
12995,28.96372222222222,125.7174722222222,0.7,171.0,2019-03-10 18:29:33,刺网
12995,28.96380555555556,125.71775,1.1,277.0,2019-03-10 18:39:33,刺网
12995,28.96380555555556,125.71766666666667,1.0,139.0,2019-03-10 18:49:33,刺网
12995,28.963694444444442,125.71736111111107,1.3,284.0,2019-03-10 19:09:33,刺网
12995,28.963694444444442,125.71725,2.0,92.0,2019-03-10 19:19:33,刺网
12995,28.963694444444442,125.71727777777778,0.3,1.0,2019-03-10 19:29:32,刺网
12995,28.963666666666665,125.71713888888893,0.3,296.0,2019-03-10 19:39:32,刺网
12995,28.963694444444442,125.71711111111112,3.0,107.0,2019-03-10 19:49:32,刺网
12995,28.963638888888887,125.71694444444445,2.0,89.0,2019-03-10 19:59:32,刺网
12995,28.963666666666665,125.7169722222222,1.8,297.0,2019-03-10 20:09:32,刺网
12995,28.96372222222222,125.71727777777778,1.3,96.0,2019-03-10 20:19:32,刺网
12995,28.96372222222222,125.71736111111107,0.9,318.0,2019-03-10 20:29:32,刺网
12995,28.963638888888887,125.71655555555556,1.8,149.0,2019-03-10 20:39:32,刺网
12995,28.963694444444442,125.71700000000001,0.7,25.0,2019-03-10 20:49:32,刺网
12995,28.963694444444442,125.71727777777778,0.7,59.0,2019-03-10 20:59:32,刺网
12995,28.963694444444442,125.71730555555555,0.7,331.0,2019-03-10 21:09:32,刺网
12995,28.96372222222222,125.71741666666668,1.0,211.0,2019-03-10 21:19:31,刺网
12995,28.963666666666665,125.71713888888893,1.2,88.0,2019-03-10 21:29:31,刺网
12995,28.963694444444442,125.71733333333331,1.0,78.0,2019-03-10 21:39:31,刺网
12995,28.96383333333333,125.71786111111112,1.1,56.0,2019-03-10 21:49:31,刺网
12995,28.96388888888889,125.71786111111112,0.8,72.0,2019-03-10 21:59:31,刺网
12995,28.96408333333333,125.71825,1.4,292.0,2019-03-10 22:09:31,刺网
12995,28.96372222222222,125.71727777777778,0.4,0.0,2019-03-10 22:19:31,刺网
12995,28.963777777777768,125.71758333333334,1.5,289.0,2019-03-10 22:29:34,刺网
12995,28.964055555555554,125.7182222222222,0.5,279.0,2019-03-10 22:39:34,刺网
12995,28.96372222222222,125.71738888888888,0.7,0.0,2019-03-10 22:49:34,刺网
12995,28.96408333333333,125.71830555555556,2.2,183.0,2019-03-10 22:59:34,刺网
12995,28.96394444444445,125.7180277777778,0.8,42.0,2019-03-10 23:09:34,刺网
12995,28.964055555555554,125.71825,0.4,1.0,2019-03-10 23:19:33,刺网
12995,28.96386111111111,125.71786111111112,1.7,234.0,2019-03-10 23:39:33,刺网
12995,28.963777777777768,125.71758333333334,0.7,250.0,2019-03-10 23:49:33,刺网
12995,28.96408333333333,125.71833333333332,1.0,4.0,2019-03-10 23:59:33,刺网
12995,28.96413888888889,125.71838888888892,1.1,37.0,2019-03-11 00:09:33,刺网
12995,28.96447222222222,125.71880555555555,0.4,0.0,2019-03-11 00:19:33,刺网
12995,28.964555555555553,125.71886111111112,0.5,134.0,2019-03-11 00:29:33,刺网
12995,28.964666666666666,125.71897222222222,1.2,62.0,2019-03-11 00:39:33,刺网
12995,28.96447222222222,125.71880555555555,0.7,90.0,2019-03-11 00:49:33,刺网
12995,28.96441666666667,125.7187777777778,0.6,280.0,2019-03-11 01:09:32,刺网
12995,28.96447222222222,125.71883333333334,0.7,156.0,2019-03-11 01:19:32,刺网
12995,28.964444444444442,125.71875,1.8,28.0,2019-03-11 01:29:32,刺网
12995,28.964444444444442,125.71880555555555,1.1,9.0,2019-03-11 01:39:32,刺网
12995,28.964527777777768,125.71888888888887,1.4,175.0,2019-03-11 01:49:32,刺网
12995,28.964444444444442,125.7187777777778,0.9,245.0,2019-03-11 01:59:32,刺网
12995,28.964222222222233,125.71855555555555,0.9,151.0,2019-03-11 02:09:32,刺网
12995,28.96408333333333,125.71841666666668,1.5,0.0,2019-03-11 02:19:31,刺网
12995,28.964277777777767,125.71861111111113,0.3,0.0,2019-03-11 02:29:31,刺网
12995,28.96433333333333,125.71866666666668,0.6,185.0,2019-03-11 02:39:31,刺网
12995,28.964277777777767,125.71861111111113,1.2,250.0,2019-03-11 02:49:31,刺网
12995,28.96416666666667,125.7185,0.8,224.0,2019-03-11 02:59:31,刺网
12995,28.964111111111112,125.71836111111112,0.5,0.0,2019-03-11 03:09:31,刺网
12995,28.964111111111112,125.71838888888892,0.5,0.0,2019-03-11 03:19:31,刺网
12995,28.963972222222214,125.71816666666666,0.6,13.0,2019-03-11 03:29:31,刺网
12995,28.96394444444445,125.71811111111113,0.5,246.0,2019-03-11 03:39:31,刺网
12995,28.96394444444445,125.71811111111113,1.2,253.0,2019-03-11 03:49:31,刺网
12995,28.965888888888887,125.71700000000001,1.6,249.0,2019-03-11 03:59:34,刺网
12995,28.974888888888888,125.7174722222222,6.0,10.0,2019-03-11 04:09:34,刺网
12995,28.991805555555555,125.71855555555555,5.8,349.0,2019-03-11 04:19:33,刺网
12995,29.009138888888888,125.71861111111113,5.6,352.0,2019-03-11 04:29:33,刺网
12995,29.02675,125.71855555555555,6.5,6.0,2019-03-11 04:39:33,刺网
12995,29.04336111111111,125.71683333333334,7.2,263.0,2019-03-11 04:49:33,刺网
12995,29.024361111111112,125.71316666666668,7.0,172.0,2019-03-11 04:59:33,刺网
12995,29.001666666666665,125.71325,7.6,172.0,2019-03-11 05:09:33,刺网
12995,28.99613888888889,125.70794444444445,6.3,4.0,2019-03-11 05:19:33,刺网
12995,29.014611111111112,125.70733333333334,6.8,351.0,2019-03-11 05:29:33,刺网
12995,29.033027777777786,125.70725,6.0,5.0,2019-03-11 05:39:33,刺网
12995,29.045638888888888,125.70161111111106,8.4,173.0,2019-03-11 05:49:33,刺网
12995,29.022222222222233,125.70138888888887,7.8,180.0,2019-03-11 05:59:32,刺网
12995,29.002,125.70133333333334,7.3,180.0,2019-03-11 06:09:32,刺网
12995,29.00025,125.69511111111113,7.0,12.0,2019-03-11 06:19:32,刺网
12995,29.01969444444445,125.69430555555556,7.2,4.0,2019-03-11 06:29:32,刺网
12995,29.039027777777786,125.69419444444445,7.8,348.0,2019-03-11 06:39:32,刺网
12995,29.03838888888889,125.68786111111113,6.8,175.0,2019-03-11 06:49:32,刺网
12995,29.01658333333333,125.68747222222223,7.5,177.0,2019-03-11 06:59:32,刺网
12995,28.996666666666666,125.68544444444444,7.5,269.0,2019-03-11 07:09:32,刺网
12995,29.01436111111111,125.68113888888894,7.0,354.0,2019-03-11 07:19:32,刺网
12995,29.03469444444445,125.68041666666667,7.2,7.0,2019-03-11 07:29:31,刺网
12995,29.035166666666665,125.69155555555555,7.6,132.0,2019-03-11 07:39:32,刺网
12995,29.021916666666666,125.70961111111113,5.9,127.0,2019-03-11 07:49:31,刺网
12995,29.018638888888887,125.71191666666668,1.2,201.0,2019-03-11 07:59:31,刺网
12995,29.01677777777777,125.71177777777778,0.4,0.0,2019-03-11 08:09:31,刺网
12995,29.015972222222214,125.70961111111113,1.1,250.0,2019-03-11 08:19:31,刺网
12995,29.015027777777767,125.7074722222222,2.2,277.0,2019-03-11 08:29:31,刺网
12995,29.014472222222214,125.70516666666668,0.4,0.0,2019-03-11 08:39:31,刺网
12995,29.014222222222234,125.70294444444444,0.5,236.0,2019-03-11 08:49:31,刺网
12995,29.014083333333332,125.70105555555556,0.5,261.0,2019-03-11 08:59:31,刺网
12995,29.014083333333332,125.6995,0.7,301.0,2019-03-11 09:09:31,刺网
12995,29.01391666666667,125.69747222222222,1.2,166.0,2019-03-11 09:19:31,刺网
12995,29.00216666666667,125.70441666666666,6.2,130.0,2019-03-11 09:29:34,刺网
12995,28.99866666666667,125.70769444444444,3.2,310.0,2019-03-11 09:39:34,刺网
12995,29.00905555555555,125.70725,3.6,344.0,2019-03-11 09:49:33,刺网
12995,29.019527777777768,125.70486111111113,3.9,6.0,2019-03-11 09:59:33,刺网
12995,29.03025,125.70722222222223,3.8,28.0,2019-03-11 10:09:33,刺网
12995,29.039361111111113,125.70738888888893,3.4,341.0,2019-03-11 10:19:33,刺网
12995,29.049055555555555,125.70794444444445,2.6,343.0,2019-03-11 10:29:33,刺网
12995,29.046277777777767,125.70236111111107,4.1,215.0,2019-03-11 10:39:33,刺网
12995,29.038472222222214,125.69977777777778,1.8,197.0,2019-03-11 10:49:33,刺网
12995,29.03080555555556,125.6975,2.6,199.0,2019-03-11 10:59:33,刺网
12995,29.02322222222222,125.69708333333334,2.2,190.0,2019-03-11 11:09:32,刺网
12995,29.015361111111112,125.69713888888893,3.0,183.0,2019-03-11 11:19:32,刺网
12995,29.00844444444445,125.69761111111113,3.0,169.0,2019-03-11 11:29:32,刺网
12995,29.005222222222233,125.69538888888887,3.2,311.0,2019-03-11 11:39:31,刺网
12995,29.01394444444445,125.69263888888894,3.8,341.0,2019-03-11 11:49:32,刺网
12995,29.023777777777767,125.69141666666668,3.3,351.0,2019-03-11 11:59:32,刺网
12995,29.033472222222233,125.69091666666668,2.8,9.0,2019-03-11 12:09:32,刺网
12995,29.04363888888889,125.69408333333334,3.8,26.0,2019-03-11 12:19:34,刺网
12995,29.05194444444445,125.69538888888887,3.2,15.0,2019-03-11 12:29:32,刺网
12995,29.058277777777786,125.69455555555555,2.6,278.0,2019-03-11 12:39:32,刺网
12995,29.05216666666667,125.69172222222224,2.8,185.0,2019-03-11 12:49:32,刺网
12995,29.04436111111111,125.69069444444445,3.5,198.0,2019-03-11 12:59:32,刺网
12995,29.036222222222214,125.68936111111113,3.0,184.0,2019-03-11 13:09:31,刺网
12995,29.02761111111111,125.69036111111113,3.9,178.0,2019-03-11 13:19:31,刺网
12995,29.018694444444442,125.69152777777781,2.6,182.0,2019-03-11 13:29:31,刺网
12995,29.01075,125.69005555555556,3.2,215.0,2019-03-11 13:39:31,刺网
12995,29.013972222222232,125.68605555555555,2.5,348.0,2019-03-11 13:49:31,刺网
12995,29.023194444444442,125.68691666666666,3.6,347.0,2019-03-11 13:59:31,刺网
12995,29.03286111111111,125.68747222222223,2.8,352.0,2019-03-11 14:09:31,刺网
12995,29.04111111111111,125.68736111111113,3.4,349.0,2019-03-11 14:19:31,刺网
12995,29.049861111111113,125.688,3.1,8.0,2019-03-11 14:29:33,刺网
12995,29.054972222222233,125.689,1.8,286.0,2019-03-11 14:39:33,刺网
12995,29.05808333333333,125.68519444444445,2.2,217.0,2019-03-11 14:49:33,刺网
12995,29.0495,125.68380555555555,4.4,159.0,2019-03-11 14:59:33,刺网
12995,29.03916666666667,125.68563888888887,2.6,169.0,2019-03-11 15:09:33,刺网
12995,29.028805555555557,125.68641666666667,4.0,175.0,2019-03-11 15:19:33,刺网
12995,29.018916666666666,125.6867777777778,3.8,186.0,2019-03-11 15:29:33,刺网
12995,29.00980555555555,125.68636111111113,3.4,183.0,2019-03-11 15:39:33,刺网
12995,29.013444444444442,125.68191666666668,3.6,16.0,2019-03-11 15:49:33,刺网
12995,29.02202777777777,125.68244444444444,3.3,31.0,2019-03-11 15:59:32,刺网
12995,29.0305,125.68311111111113,1.6,7.0,2019-03-11 16:09:32,刺网
12995,29.03919444444445,125.68280555555555,3.9,14.0,2019-03-11 16:19:32,刺网
12995,29.045500000000004,125.68433333333334,1.2,52.0,2019-03-11 16:29:32,刺网
12995,29.03975,125.70052777777778,6.3,115.0,2019-03-11 16:39:32,刺网
12995,29.031861111111112,125.71813888888887,6.6,117.0,2019-03-11 16:49:32,刺网
12995,29.023111111111113,125.73675,6.5,110.0,2019-03-11 16:59:31,刺网
12995,29.014222222222234,125.74872222222223,3.5,181.0,2019-03-11 17:09:31,刺网
12995,29.002277777777767,125.75205555555556,5.0,160.0,2019-03-11 17:19:31,刺网
12995,28.98563888888889,125.7657222222222,8.2,139.0,2019-03-11 17:29:31,刺网
12995,28.97908333333333,125.77194444444444,0.6,138.0,2019-03-11 17:39:31,刺网
12995,28.97891666666667,125.77252777777777,0.9,8.0,2019-03-11 17:49:31,刺网
12995,28.979027777777766,125.77266666666668,0.6,181.0,2019-03-11 17:59:31,刺网
12995,28.97894444444444,125.77255555555556,1.0,7.0,2019-03-11 18:09:31,刺网
12995,28.97894444444444,125.77255555555556,0.8,236.0,2019-03-11 18:19:31,刺网
12995,28.979,125.77263888888888,0.4,0.0,2019-03-11 18:29:31,刺网
12995,28.978972222222207,125.77255555555556,1.2,198.0,2019-03-11 18:39:31,刺网
12995,28.97883333333333,125.77244444444445,1.2,127.0,2019-03-11 18:49:31,刺网
12995,28.97894444444444,125.77258333333332,0.5,261.0,2019-03-11 18:59:31,刺网
12995,28.979027777777766,125.77261111111108,0.7,12.0,2019-03-11 19:09:30,刺网
12995,28.979055555555547,125.77266666666668,0.3,259.0,2019-03-11 19:19:30,刺网
12995,28.979027777777766,125.77266666666668,0.3,95.0,2019-03-11 19:29:30,刺网
12995,28.979138888888887,125.77275,0.2,0.0,2019-03-11 19:39:30,刺网
12995,28.979194444444442,125.7727777777778,0.7,238.0,2019-03-11 19:49:30,刺网
12995,28.979138888888887,125.7727222222222,0.6,211.0,2019-03-11 19:59:31,刺网
12995,28.979166666666664,125.77269444444444,1.0,118.0,2019-03-11 20:09:31,刺网
12995,28.97908333333333,125.77258333333332,0.4,296.0,2019-03-11 20:19:31,刺网
12995,28.97894444444444,125.77247222222222,0.6,162.0,2019-03-11 20:29:31,刺网
12995,28.97891666666667,125.77241666666669,0.6,247.0,2019-03-11 20:39:31,刺网
12995,28.978805555555557,125.77219444444445,0.6,164.0,2019-03-11 20:49:31,刺网
12995,28.97891666666667,125.77225,0.5,188.0,2019-03-11 20:59:31,刺网
12995,28.97877777777777,125.77213888888888,0.6,310.0,2019-03-11 21:09:31,刺网
12995,28.978666666666665,125.77194444444444,0.2,0.0,2019-03-11 21:19:31,刺网
12995,28.97875,125.77163888888887,0.2,0.0,2019-03-11 21:29:31,刺网
12995,28.978666666666665,125.77130555555556,0.2,278.0,2019-03-11 21:39:31,刺网
12995,28.978722222222213,125.77113888888887,0.5,340.0,2019-03-11 21:49:31,刺网
12995,28.97888888888889,125.77105555555555,0.5,86.0,2019-03-11 21:59:31,刺网
12995,28.979055555555547,125.7704722222222,0.4,309.0,2019-03-11 22:09:31,刺网
12995,28.979416666666665,125.77025,0.6,65.0,2019-03-11 22:19:31,刺网
12995,28.979722222222215,125.77033333333334,1.1,195.0,2019-03-11 22:29:31,刺网
12995,28.98008333333333,125.77075,1.1,68.0,2019-03-11 22:39:31,刺网
12995,28.98025,125.77102777777776,0.3,0.0,2019-03-11 22:49:31,刺网
12995,28.98041666666667,125.77138888888894,0.5,0.0,2019-03-11 22:59:31,刺网
12995,28.980555555555554,125.7717222222222,0.3,21.0,2019-03-11 23:09:31,刺网
12995,28.980472222222215,125.77197222222222,0.4,186.0,2019-03-11 23:19:31,刺网
12995,28.980472222222215,125.77233333333334,0.2,272.0,2019-03-11 23:29:31,刺网
12995,28.980222222222213,125.77255555555556,0.7,146.0,2019-03-11 23:39:31,刺网
12995,28.979777777777766,125.7727777777778,0.6,190.0,2019-03-11 23:49:31,刺网
12995,28.979722222222215,125.773,1.0,343.0,2019-03-11 23:59:31,刺网
12995,28.979472222222213,125.77288888888887,0.5,285.0,2019-03-12 00:09:30,刺网
12995,28.979472222222213,125.77294444444445,0.2,0.0,2019-03-12 00:19:30,刺网
12995,28.97933333333333,125.77286111111113,0.4,212.0,2019-03-12 00:29:30,刺网
12995,28.979277777777767,125.77280555555555,0.2,0.0,2019-03-12 00:39:30,刺网
12995,28.979277777777767,125.77288888888887,0.3,248.0,2019-03-12 00:49:30,刺网
12995,28.979388888888888,125.77294444444445,0.7,210.0,2019-03-12 00:59:30,刺网
12995,28.979388888888888,125.77294444444445,0.7,213.0,2019-03-12 01:09:30,刺网
12995,28.97925,125.77286111111113,0.5,217.0,2019-03-12 01:19:31,刺网
12995,28.97930555555555,125.77288888888887,0.3,60.0,2019-03-12 01:29:31,刺网
12995,28.979277777777767,125.77286111111113,0.4,56.0,2019-03-12 01:39:31,刺网
12995,28.979388888888888,125.77294444444445,0.5,34.0,2019-03-12 01:49:31,刺网
12995,28.979277777777767,125.77288888888887,0.4,12.0,2019-03-12 01:59:31,刺网
12995,28.97933333333333,125.77288888888887,1.3,9.0,2019-03-12 02:09:31,刺网
12995,28.97930555555555,125.77286111111113,0.8,238.0,2019-03-12 02:19:31,刺网
12995,28.97936111111111,125.77294444444445,0.6,242.0,2019-03-12 02:29:31,刺网
12995,28.97922222222222,125.77283333333334,0.2,0.0,2019-03-12 02:39:31,刺网
12995,28.979138888888887,125.77280555555555,0.3,0.0,2019-03-12 02:49:31,刺网
12995,28.97908333333333,125.7727222222222,0.9,23.0,2019-03-12 02:59:31,刺网
12995,28.979138888888887,125.77275,0.3,0.0,2019-03-12 03:09:31,刺网
12995,28.979055555555547,125.77269444444444,1.2,255.0,2019-03-12 03:19:31,刺网
12995,28.979,125.77266666666668,0.7,101.0,2019-03-12 03:29:31,刺网
12995,28.97894444444444,125.77258333333332,0.3,0.0,2019-03-12 03:39:31,刺网
12995,28.97891666666667,125.77255555555556,0.5,232.0,2019-03-12 03:49:31,刺网
12995,28.98,125.77136111111106,0.9,230.0,2019-03-12 03:59:31,刺网
12995,28.97355555555556,125.79627777777776,9.7,104.0,2019-03-12 04:09:31,刺网
12995,28.967111111111112,125.82600000000001,9.7,99.0,2019-03-12 04:19:31,刺网
12995,28.96080555555556,125.85563888888888,9.7,99.0,2019-03-12 04:29:31,刺网
12995,28.954555555555554,125.88508333333334,9.6,102.0,2019-03-12 04:39:31,刺网
12995,28.948138888888888,125.91425,9.4,102.0,2019-03-12 04:49:31,刺网
12995,28.96222222222222,125.92355555555555,7.4,3.0,2019-03-12 04:59:30,刺网
12995,28.98394444444445,125.92336111111106,7.9,356.0,2019-03-12 05:09:30,刺网
12995,29.00561111111111,125.92325,8.0,356.0,2019-03-12 05:19:30,刺网
12995,29.0085,125.92961111111113,8.7,183.0,2019-03-12 05:29:30,刺网
12995,28.98341666666667,125.93,8.2,176.0,2019-03-12 05:39:30,刺网
12995,28.96130555555556,125.93025,8.3,176.0,2019-03-12 05:49:30,刺网
12995,28.941055555555558,125.93441666666666,7.7,99.0,2019-03-12 05:59:30,刺网
12995,28.95966666666667,125.93811111111113,7.7,358.0,2019-03-12 06:09:30,刺网
12995,28.98161111111111,125.93833333333332,7.9,1.0,2019-03-12 06:19:30,刺网
12995,28.985416666666666,125.94463888888887,9.0,177.0,2019-03-12 06:29:30,刺网
12995,28.96169444444445,125.94552777777777,7.9,177.0,2019-03-12 06:39:30,刺网
12995,28.939277777777768,125.9457777777778,7.9,178.0,2019-03-12 06:49:30,刺网
12995,28.944555555555556,125.95258333333334,7.9,357.0,2019-03-12 06:59:31,刺网
12995,28.967305555555548,125.95236111111107,7.7,355.0,2019-03-12 07:09:31,刺网
12995,28.987305555555555,125.95533333333334,8.4,97.0,2019-03-12 07:19:31,刺网
12995,28.96611111111111,125.95858333333334,9.2,177.0,2019-03-12 07:29:31,刺网
12995,28.942277777777786,125.95883333333332,8.8,181.0,2019-03-12 07:39:31,刺网
12995,28.932777777777787,125.96513888888887,8.1,357.0,2019-03-12 07:49:31,刺网
12995,28.95444444444445,125.96536111111112,8.2,359.0,2019-03-12 07:59:31,刺网
12995,28.956166666666665,125.95827777777778,0.8,257.0,2019-03-12 08:09:31,刺网
12995,28.955416666666665,125.9565,0.5,233.0,2019-03-12 08:19:31,刺网
12995,28.95480555555556,125.95458333333332,0.8,270.0,2019-03-12 08:29:31,刺网
12995,28.95444444444445,125.95272222222222,0.6,243.0,2019-03-12 08:39:31,刺网
12995,28.95405555555555,125.95077777777777,0.8,226.0,2019-03-12 08:49:31,刺网
12995,28.95375,125.94883333333334,0.8,309.0,2019-03-12 08:59:31,刺网
12995,28.95344444444445,125.94694444444444,0.9,318.0,2019-03-12 09:09:31,刺网
12995,28.95322222222222,125.94525,1.2,305.0,2019-03-12 09:19:31,刺网
12995,28.95138888888889,125.933,6.9,262.0,2019-03-12 09:29:31,刺网
12995,28.95225,125.91466666666668,2.5,181.0,2019-03-12 09:39:31,刺网
12995,28.956277777777768,125.91363888888893,3.8,351.0,2019-03-12 09:49:30,刺网
12995,28.967194444444445,125.91311111111112,4.0,24.0,2019-03-12 09:59:30,刺网
12995,28.976027777777766,125.91508333333334,3.6,7.0,2019-03-12 10:09:30,刺网
12995,28.98602777777778,125.91505555555555,4.1,343.0,2019-03-12 10:19:30,刺网
12995,28.99586111111111,125.91316666666668,3.1,340.0,2019-03-12 10:29:30,刺网
12995,29.00563888888889,125.91105555555555,3.9,357.0,2019-03-12 10:39:30,刺网
12995,29.015361111111112,125.91072222222223,3.0,1.0,2019-03-12 10:49:31,刺网
12995,29.01619444444445,125.91488888888892,2.7,152.0,2019-03-12 10:59:30,刺网
12995,29.00808333333333,125.91586111111113,3.0,188.0,2019-03-12 11:09:30,刺网
12995,28.99991666666667,125.91641666666666,3.0,171.0,2019-03-12 11:19:30,刺网
12995,28.991805555555555,125.91783333333336,3.2,173.0,2019-03-12 11:29:30,刺网
12995,28.975666666666665,125.91827777777776,2.7,190.0,2019-03-12 11:49:30,刺网
12995,28.967666666666666,125.91727777777778,2.9,179.0,2019-03-12 11:59:30,刺网
12995,28.959416666666666,125.9172222222222,2.4,171.0,2019-03-12 12:09:33,刺网
12995,28.952305555555554,125.919,3.0,142.0,2019-03-12 12:19:33,刺网
12995,28.94994444444445,125.9250277777778,0.7,125.0,2019-03-12 12:29:33,刺网
12995,28.95727777777777,125.92488888888893,3.4,357.0,2019-03-12 12:39:33,刺网
12995,28.96625,125.92713888888888,2.9,14.0,2019-03-12 12:49:32,刺网
12995,28.97502777777777,125.92694444444444,2.9,353.0,2019-03-12 12:59:32,刺网
12995,28.984,125.92744444444445,3.1,353.0,2019-03-12 13:09:32,刺网
12995,28.99275,125.92663888888887,2.7,356.0,2019-03-12 13:19:32,刺网
12995,28.995472222222233,125.93130555555555,3.3,149.0,2019-03-12 13:29:32,刺网
12995,28.98775,125.93455555555555,3.0,184.0,2019-03-12 13:39:32,刺网
12995,28.97930555555555,125.93425,3.4,192.0,2019-03-12 13:49:32,刺网
12995,28.97094444444444,125.93388888888887,3.3,176.0,2019-03-12 13:59:32,刺网
12995,28.962777777777767,125.9339722222222,3.1,172.0,2019-03-12 14:09:32,刺网
12995,28.94522222222223,125.93583333333332,3.3,170.0,2019-03-12 14:29:31,刺网
12995,28.94388888888889,125.94161111111113,2.3,90.0,2019-03-12 14:39:31,刺网
12995,28.95133333333333,125.94225,3.4,352.0,2019-03-12 14:49:31,刺网
12995,28.960027777777785,125.94252777777778,3.1,13.0,2019-03-12 14:59:31,刺网
12995,28.969027777777768,125.94455555555555,3.6,4.0,2019-03-12 15:09:31,刺网
12995,28.9775,125.9455,3.2,10.0,2019-03-12 15:19:31,刺网
12995,28.985111111111113,125.94619444444444,3.0,348.0,2019-03-12 15:29:31,刺网
12995,28.99169444444445,125.94958333333334,3.0,108.0,2019-03-12 15:39:31,刺网
12995,28.982944444444442,125.95263888888887,3.3,170.0,2019-03-12 15:49:31,刺网
12995,28.97333333333333,125.95305555555555,3.3,182.0,2019-03-12 15:59:31,刺网
12995,28.96358333333333,125.95352777777778,4.3,185.0,2019-03-12 16:09:30,刺网
12995,28.945027777777767,125.9535,3.3,172.0,2019-03-12 16:29:30,刺网
12995,28.93633333333333,125.95258333333334,2.0,194.0,2019-03-12 16:39:30,刺网
12995,28.937305555555554,125.95786111111113,1.2,158.0,2019-03-12 16:49:30,刺网
12995,28.94219444444445,125.95952777777778,3.0,357.0,2019-03-12 16:59:30,刺网
12995,28.950083333333332,125.96036111111113,2.9,18.0,2019-03-12 17:09:30,刺网
12995,28.95202777777777,125.97025,8.9,105.0,2019-03-12 17:19:33,刺网
12995,28.951,125.99841666666669,9.2,87.0,2019-03-12 17:29:33,刺网
12995,28.95066666666667,126.02725,8.8,87.0,2019-03-12 17:39:32,刺网
12995,28.95044444444445,126.05588888888887,8.9,92.0,2019-03-12 17:49:32,刺网
12995,28.950111111111113,126.08447222222222,9.0,90.0,2019-03-12 17:59:32,刺网
12995,28.94969444444445,126.11255555555556,8.6,88.0,2019-03-12 18:09:32,刺网
12995,28.94958333333333,126.14013888888887,8.5,88.0,2019-03-12 18:19:32,刺网
12995,28.94975,126.1675277777778,8.6,91.0,2019-03-12 18:29:32,刺网
12995,28.94972222222223,126.19363888888887,4.4,105.0,2019-03-12 18:39:32,刺网
12995,28.945472222222232,126.20716666666668,8.3,77.0,2019-03-12 18:49:32,刺网
12995,28.9495,126.23208333333334,8.6,81.0,2019-03-12 18:59:32,刺网
12995,28.95119444444445,126.25958333333332,8.6,85.0,2019-03-12 19:09:32,刺网
12995,28.953111111111113,126.28663888888887,8.5,87.0,2019-03-12 19:19:31,刺网
12995,28.959027777777766,126.30458333333333,0.7,138.0,2019-03-12 19:29:31,刺网
12995,28.95863888888889,126.30608333333332,1.1,108.0,2019-03-12 19:39:31,刺网
12995,28.958166666666664,126.30747222222222,1.1,131.0,2019-03-12 19:49:31,刺网
12995,28.95727777777777,126.30855555555556,0.7,126.0,2019-03-12 19:59:31,刺网
12995,28.956777777777766,126.30980555555556,1.0,119.0,2019-03-12 20:09:31,刺网
12995,28.95630555555556,126.31091666666669,0.5,0.0,2019-03-12 20:19:31,刺网
12995,28.955916666666663,126.31183333333334,0.7,105.0,2019-03-12 20:29:31,刺网
12995,28.95561111111111,126.31283333333332,0.6,15.0,2019-03-12 20:39:31,刺网
12995,28.955222222222233,126.31361111111113,0.4,0.0,2019-03-12 20:49:30,刺网
12995,28.955222222222233,126.3145,0.2,0.0,2019-03-12 20:59:31,刺网
12995,28.95519444444445,126.31527777777778,0.6,222.0,2019-03-12 21:09:30,刺网
12995,28.95513888888889,126.31627777777778,0.3,0.0,2019-03-12 21:19:30,刺网
12995,28.955,126.31711111111113,0.6,90.0,2019-03-12 21:29:30,刺网
12995,28.95475,126.31783333333334,0.2,172.0,2019-03-12 21:39:30,刺网
12995,28.954472222222233,126.3184722222222,0.7,60.0,2019-03-12 21:49:30,刺网
12995,28.95441666666667,126.31941666666664,0.6,20.0,2019-03-12 21:59:30,刺网
12995,28.954611111111113,126.32133333333331,0.3,0.0,2019-03-12 22:19:30,刺网
12995,28.954222222222214,126.32219444444445,0.6,163.0,2019-03-12 22:29:33,刺网
12995,28.95444444444445,126.32297222222222,0.6,65.0,2019-03-12 22:39:33,刺网
12995,28.95491666666667,126.323,0.2,0.0,2019-03-12 22:49:32,刺网
12995,28.954722222222234,126.32302777777777,0.4,0.0,2019-03-12 22:59:33,刺网
12995,28.95488888888889,126.32302777777777,0.9,7.0,2019-03-12 23:09:32,刺网
12995,28.955,126.32302777777777,0.4,263.0,2019-03-12 23:19:32,刺网
12995,28.955,126.32297222222222,0.5,221.0,2019-03-12 23:29:32,刺网
12995,28.955361111111113,126.32294444444445,0.3,1.0,2019-03-12 23:39:32,刺网
12995,28.955416666666665,126.32288888888887,0.2,0.0,2019-03-12 23:49:32,刺网
12995,28.95533333333333,126.32297222222222,0.9,33.0,2019-03-12 23:59:32,刺网
12995,28.95513888888889,126.32297222222222,0.4,220.0,2019-03-13 00:09:32,刺网
12995,28.95486111111111,126.32302777777777,0.8,296.0,2019-03-13 00:19:32,刺网
12995,28.95483333333333,126.32302777777777,0.2,0.0,2019-03-13 00:29:32,刺网
12995,28.95458333333333,126.32305555555556,0.8,264.0,2019-03-13 00:39:31,刺网
12995,28.95480555555556,126.32305555555556,0.2,0.0,2019-03-13 00:49:31,刺网
12995,28.95425,126.32291666666666,0.5,0.0,2019-03-13 00:59:31,刺网
12995,28.95369444444445,126.32266666666666,0.6,239.0,2019-03-13 01:19:31,刺网
12995,28.95363888888889,126.32258333333333,0.7,122.0,2019-03-13 01:29:31,刺网
12995,28.95397222222222,126.32286111111112,0.8,11.0,2019-03-13 01:39:31,刺网
12995,28.95366666666667,126.32261111111107,0.2,0.0,2019-03-13 01:49:31,刺网
12995,28.953527777777786,126.3225,0.5,190.0,2019-03-13 01:59:31,刺网
12995,28.95344444444445,126.32241666666668,0.3,0.0,2019-03-13 02:09:30,刺网
12995,28.953527777777786,126.3225,0.3,215.0,2019-03-13 02:19:30,刺网
12995,28.953416666666666,126.32238888888894,0.2,0.0,2019-03-13 02:29:30,刺网
12995,28.953277777777767,126.32216666666666,0.1,0.0,2019-03-13 02:39:30,刺网
12995,28.953277777777767,126.32219444444445,0.5,219.0,2019-03-13 02:49:30,刺网
12995,28.953194444444442,126.32205555555555,0.8,94.0,2019-03-13 02:59:30,刺网
12995,28.953166666666664,126.322,0.2,0.0,2019-03-13 03:09:30,刺网
12995,28.953111111111113,126.32188888888888,0.6,1.0,2019-03-13 03:19:30,刺网
12995,28.95308333333333,126.32186111111106,0.4,106.0,2019-03-13 03:29:30,刺网
12995,28.953166666666664,126.32194444444444,0.2,0.0,2019-03-13 03:39:30,刺网
12995,28.953833333333336,126.32147222222223,2.8,345.0,2019-03-13 03:49:30,刺网
12995,28.959888888888887,126.30802777777777,6.8,309.0,2019-03-13 03:59:32,刺网
12995,28.97719444444445,126.30611111111112,6.4,0.0,2019-03-13 04:09:32,刺网
12995,28.99586111111111,126.30611111111112,6.2,6.0,2019-03-13 04:19:32,刺网
12995,29.009166666666665,126.30091666666668,8.4,184.0,2019-03-13 04:29:32,刺网
12995,28.986611111111113,126.30116666666667,8.4,178.0,2019-03-13 04:39:32,刺网
12995,28.96380555555556,126.30086111111108,8.1,176.0,2019-03-13 04:49:32,刺网
12995,28.974777777777767,126.29541666666664,7.0,356.0,2019-03-13 04:59:32,刺网
12995,28.99341666666667,126.29538888888888,6.8,5.0,2019-03-13 05:09:32,刺网
12995,29.012694444444445,126.29552777777776,6.7,358.0,2019-03-13 05:19:32,刺网
12995,28.999,126.28938888888888,8.1,174.0,2019-03-13 05:29:32,刺网
12995,28.97544444444444,126.28933333333332,7.6,180.0,2019-03-13 05:39:32,刺网
12995,28.96694444444445,126.28333333333332,6.6,355.0,2019-03-13 05:49:32,刺网
12995,28.98686111111111,126.28361111111113,7.5,4.0,2019-03-13 05:59:31,刺网
12995,29.005888888888887,126.28388888888887,5.4,15.0,2019-03-13 06:09:31,刺网
12995,29.01441666666667,126.27802777777777,7.9,181.0,2019-03-13 06:19:31,刺网
12995,28.991611111111112,126.27791666666666,8.0,179.0,2019-03-13 06:29:31,刺网
12995,28.96925,126.27797222222222,8.0,177.0,2019-03-13 06:39:31,刺网
12995,28.97238888888889,126.27244444444445,5.8,5.0,2019-03-13 06:49:31,刺网
12995,28.99241666666667,126.27175,7.8,357.0,2019-03-13 06:59:31,刺网
12995,29.012777777777767,126.27191666666666,6.7,6.0,2019-03-13 07:09:31,刺网
12995,28.99969444444445,126.26519444444445,8.5,181.0,2019-03-13 07:19:31,刺网
12995,28.98775,126.27716666666666,7.2,95.0,2019-03-13 07:29:31,刺网
12995,28.985972222222234,126.29647222222222,1.1,106.0,2019-03-13 07:39:30,刺网
12995,28.98402777777777,126.29733333333333,0.3,169.0,2019-03-13 07:49:30,刺网
12995,28.98216666666667,126.29761111111112,0.8,196.0,2019-03-13 07:59:30,刺网
12995,28.98005555555555,126.29741666666666,1.0,308.0,2019-03-13 08:09:30,刺网
12995,28.978027777777786,126.29738888888888,0.9,166.0,2019-03-13 08:19:30,刺网
12995,28.976111111111113,126.29705555555556,1.1,191.0,2019-03-13 08:29:30,刺网
12995,28.97411111111111,126.29669444444444,1.6,192.0,2019-03-13 08:39:30,刺网
12995,28.97125,126.29480555555556,0.6,197.0,2019-03-13 08:59:30,刺网
12995,28.96983333333333,126.29363888888888,0.8,320.0,2019-03-13 09:09:30,刺网
12995,28.964527777777768,126.29816666666666,5.6,147.0,2019-03-13 09:19:32,刺网
12995,28.95894444444445,126.30830555555555,2.6,39.0,2019-03-13 09:29:32,刺网
12995,28.967111111111112,126.30891666666666,3.4,348.0,2019-03-13 09:39:32,刺网
12995,28.97694444444444,126.30738888888894,3.4,340.0,2019-03-13 09:49:32,刺网
12995,28.98708333333333,126.30605555555556,3.8,343.0,2019-03-13 09:59:32,刺网
12995,28.996,126.30544444444445,3.0,13.0,2019-03-13 10:09:32,刺网
12995,29.00461111111111,126.305,2.9,317.0,2019-03-13 10:19:32,刺网
12995,29.00216666666667,126.30119444444445,3.5,194.0,2019-03-13 10:29:32,刺网
12995,28.99358333333333,126.301,3.1,183.0,2019-03-13 10:39:32,刺网
12995,28.98494444444445,126.30027777777778,3.6,186.0,2019-03-13 10:49:32,刺网
12995,28.97658333333333,126.2995,3.2,169.0,2019-03-13 10:59:32,刺网
12995,28.96847222222221,126.29980555555555,3.0,182.0,2019-03-13 11:09:31,刺网
12995,28.96811111111111,126.29538888888888,3.4,343.0,2019-03-13 11:29:31,刺网
12995,28.977305555555553,126.29388888888887,3.0,350.0,2019-03-13 11:39:31,刺网
12995,28.995500000000003,126.29388888888887,3.9,351.0,2019-03-13 11:59:31,刺网
12995,29.005027777777766,126.29308333333331,3.3,353.0,2019-03-13 12:09:31,刺网
12995,29.01286111111111,126.29016666666666,3.1,319.0,2019-03-13 12:19:31,刺网
12995,29.010305555555554,126.28633333333332,2.7,177.0,2019-03-13 12:29:31,刺网
12995,29.00216666666667,126.28713888888888,3.7,187.0,2019-03-13 12:39:31,刺网
12995,28.994222222222234,126.28744444444445,3.0,181.0,2019-03-13 12:49:30,刺网
12995,28.98633333333333,126.28708333333331,3.1,188.0,2019-03-13 12:59:30,刺网
12995,28.97811111111111,126.28808333333332,3.6,179.0,2019-03-13 13:09:30,刺网
12995,28.969805555555553,126.28919444444445,2.5,179.0,2019-03-13 13:19:30,刺网
12995,28.96508333333333,126.28425,3.6,318.0,2019-03-13 13:29:30,刺网
12995,28.97344444444445,126.28108333333331,2.5,347.0,2019-03-13 13:39:30,刺网
12995,28.98230555555555,126.28116666666668,3.5,10.0,2019-03-13 13:49:30,刺网
12995,28.991472222222214,126.28275,2.5,10.0,2019-03-13 13:59:30,刺网
12995,29.000472222222232,126.28436111111112,2.8,21.0,2019-03-13 14:09:30,刺网
12995,29.009083333333336,126.28411111111107,2.7,330.0,2019-03-13 14:19:32,刺网
12995,29.01533333333333,126.28308333333332,2.9,295.0,2019-03-13 14:29:32,刺网
12995,29.012472222222215,126.27969444444444,3.0,187.0,2019-03-13 14:39:32,刺网
12995,29.00386111111111,126.27922222222223,3.1,181.0,2019-03-13 14:49:32,刺网
12995,28.995444444444445,126.27875,3.2,174.0,2019-03-13 14:59:32,刺网
12995,28.988555555555557,126.27741666666668,2.8,204.0,2019-03-13 15:09:32,刺网
12995,28.98033333333333,126.27694444444445,3.0,179.0,2019-03-13 15:19:32,刺网
12995,28.97241666666667,126.27799999999999,3.0,179.0,2019-03-13 15:29:32,刺网
12995,28.96425,126.27813888888888,2.3,193.0,2019-03-13 15:39:32,刺网
12995,28.96733333333333,126.27316666666668,4.0,335.0,2019-03-13 15:49:32,刺网
12995,28.976166666666664,126.27422222222219,3.0,2.0,2019-03-13 15:59:31,刺网
12995,28.984638888888888,126.27397222222223,3.4,338.0,2019-03-13 16:09:31,刺网
12995,28.992444444444452,126.27372222222222,2.9,348.0,2019-03-13 16:19:31,刺网
12995,29.00025,126.27502777777778,2.9,15.0,2019-03-13 16:29:31,刺网
12995,29.00694444444445,126.27672222222223,2.3,340.0,2019-03-13 16:39:31,刺网
12995,29.01069444444445,126.27338888888887,1.1,264.0,2019-03-13 16:49:31,刺网
12995,29.00358333333333,126.27158333333334,3.4,186.0,2019-03-13 16:59:31,刺网
12995,28.996722222222214,126.27061111111112,3.0,206.0,2019-03-13 17:09:31,刺网
12995,28.995027777777786,126.27261111111108,4.6,152.0,2019-03-13 17:19:31,刺网
12995,28.98225,126.26483333333331,3.7,203.0,2019-03-13 17:29:31,刺网
12995,28.978305555555554,126.26238888888888,0.7,239.0,2019-03-13 17:39:31,刺网
12995,28.976722222222214,126.26225,1.2,180.0,2019-03-13 17:49:30,刺网
12995,28.97494444444445,126.26258333333334,1.6,140.0,2019-03-13 17:59:30,刺网
12995,28.97322222222222,126.26297222222222,0.5,0.0,2019-03-13 18:09:30,刺网
12995,28.96586111111111,126.2597222222222,4.4,187.0,2019-03-13 18:19:30,刺网
12995,28.96511111111111,126.25708333333333,0.8,106.0,2019-03-13 18:29:30,刺网
12995,28.963527777777767,126.25697222222222,1.0,285.0,2019-03-13 18:39:30,刺网
12995,28.963694444444442,126.25647222222223,0.4,278.0,2019-03-13 18:49:30,刺网
12995,28.963694444444442,126.25638888888888,0.7,201.0,2019-03-13 18:59:30,刺网
12995,28.96375,126.25633333333332,0.6,290.0,2019-03-13 19:09:30,刺网
12995,28.963611111111113,126.25663888888887,0.7,297.0,2019-03-13 19:19:30,刺网
12995,28.96383333333333,126.25622222222222,0.8,194.0,2019-03-13 19:39:29,刺网
12995,28.96388888888889,126.25611111111112,1.2,333.0,2019-03-13 19:49:32,刺网
12995,28.96380555555556,126.25625,0.8,223.0,2019-03-13 19:59:32,刺网
12995,28.963916666666666,126.25608333333332,0.8,311.0,2019-03-13 20:09:32,刺网
12995,28.96408333333333,126.25591666666666,0.5,10.0,2019-03-13 20:29:32,刺网
12995,28.964111111111112,126.25588888888888,0.7,103.0,2019-03-13 20:49:32,刺网
12995,28.964222222222233,126.25577777777778,0.9,66.0,2019-03-13 20:59:32,刺网
12995,28.96436111111111,126.25566666666668,0.7,133.0,2019-03-13 21:09:32,刺网
12995,28.964527777777768,126.25555555555556,1.2,145.0,2019-03-13 21:19:31,刺网
12995,28.9645,126.25561111111112,0.6,201.0,2019-03-13 21:29:31,刺网
12995,28.96461111111111,126.2555,0.3,0.0,2019-03-13 21:39:31,刺网
12995,28.96463888888889,126.2555,1.2,342.0,2019-03-13 21:49:31,刺网
12995,28.964777777777766,126.2555,0.2,0.0,2019-03-13 21:59:31,刺网
12995,28.96469444444445,126.25555555555556,1.1,10.0,2019-03-13 22:09:31,刺网
12995,28.96469444444445,126.25552777777777,0.9,90.0,2019-03-13 22:19:31,刺网
12995,28.964777777777766,126.2554722222222,1.4,180.0,2019-03-13 22:29:31,刺网
12995,28.96488888888889,126.2555,0.5,43.0,2019-03-13 22:39:31,刺网
12995,28.965027777777767,126.25552777777777,0.5,0.0,2019-03-13 22:49:31,刺网
12995,28.96508333333333,126.25544444444445,1.1,55.0,2019-03-13 22:59:31,刺网
12995,28.96525,126.25541666666666,0.7,10.0,2019-03-13 23:09:30,刺网
12995,28.96563888888889,126.25544444444445,1.0,81.0,2019-03-13 23:19:30,刺网
12995,28.965944444444442,126.25561111111112,0.8,74.0,2019-03-13 23:29:30,刺网
12995,28.966222222222214,126.25575,0.8,5.0,2019-03-13 23:39:30,刺网
12995,28.966277777777766,126.25583333333331,1.5,23.0,2019-03-13 23:49:30,刺网
12995,28.966472222222233,126.2559722222222,2.3,75.0,2019-03-13 23:59:30,刺网
12995,28.966555555555555,126.25594444444445,0.6,0.0,2019-03-14 00:09:30,刺网
12995,28.966527777777767,126.25658333333334,0.7,78.0,2019-03-14 00:19:30,刺网
12995,28.9665,126.25708333333333,0.4,294.0,2019-03-14 00:29:30,刺网
12995,28.96638888888889,126.2575,1.0,182.0,2019-03-14 00:39:30,刺网
12995,28.966305555555557,126.25802777777777,1.0,24.0,2019-03-14 00:49:30,刺网
12995,28.966305555555557,126.25844444444445,0.4,93.0,2019-03-14 00:59:29,刺网
12995,28.966222222222214,126.25880555555555,0.5,159.0,2019-03-14 01:09:29,刺网
12995,28.965888888888887,126.25908333333334,0.4,96.0,2019-03-14 01:19:32,刺网
12995,28.965416666666666,126.25916666666667,0.7,178.0,2019-03-14 01:29:32,刺网
12995,28.965166666666665,126.25916666666667,0.2,181.0,2019-03-14 01:39:32,刺网
12995,28.965027777777767,126.25916666666667,0.3,44.0,2019-03-14 01:49:32,刺网
12995,28.964722222222214,126.25897222222223,0.4,177.0,2019-03-14 01:59:32,刺网
12995,28.96458333333333,126.259,0.2,0.0,2019-03-14 02:09:32,刺网
12995,28.96463888888889,126.25866666666668,0.8,115.0,2019-03-14 02:19:32,刺网
12995,28.964777777777766,126.25913888888887,1.1,127.0,2019-03-14 02:29:31,刺网
12995,28.965,126.25933333333334,0.2,0.0,2019-03-14 02:39:31,刺网
12995,28.965555555555554,126.25938888888888,0.6,357.0,2019-03-14 02:49:31,刺网
12995,28.966222222222214,126.25905555555555,0.9,243.0,2019-03-14 02:59:31,刺网
12995,28.966555555555555,126.25872222222222,0.3,0.0,2019-03-14 03:09:31,刺网
12995,28.966555555555555,126.25875,0.7,41.0,2019-03-14 03:19:31,刺网
12995,28.966361111111112,126.25897222222223,1.1,129.0,2019-03-14 03:29:31,刺网
12995,28.966305555555557,126.25897222222223,0.4,63.0,2019-03-14 03:39:31,刺网
12995,28.965999999999998,126.25922222222223,0.7,172.0,2019-03-14 03:49:31,刺网
12995,28.9725,126.25661111111113,7.0,353.0,2019-03-14 03:59:31,刺网
12995,28.993527777777786,126.25625,7.5,357.0,2019-03-14 04:09:31,刺网
12995,29.01452777777777,126.25616666666667,7.6,356.0,2019-03-14 04:19:31,刺网
12995,29.014138888888887,126.25152777777777,7.0,181.0,2019-03-14 04:29:31,刺网
12995,28.991888888888887,126.2512222222222,8.3,180.0,2019-03-14 04:39:30,刺网
12995,28.969805555555553,126.2505277777778,6.0,240.0,2019-03-14 04:49:30,刺网
12995,28.98725,126.24644444444445,7.6,351.0,2019-03-14 04:59:30,刺网
12995,29.009,126.24636111111107,7.7,6.0,2019-03-14 05:09:30,刺网
12995,29.02275,126.24166666666667,7.9,181.0,2019-03-14 05:19:30,刺网
12995,28.99825,126.24161111111113,8.2,181.0,2019-03-14 05:29:30,刺网
12995,28.976888888888887,126.24130555555556,7.8,174.0,2019-03-14 05:39:30,刺网
12995,28.985222222222234,126.23655555555555,7.9,357.0,2019-03-14 05:49:30,刺网
12995,29.00769444444445,126.2362777777778,8.0,359.0,2019-03-14 05:59:30,刺网
12995,29.028277777777767,126.23438888888887,7.7,261.0,2019-03-14 06:09:29,刺网
12995,29.00775,126.23111111111113,8.2,178.0,2019-03-14 06:19:29,刺网
12995,28.985138888888887,126.2312777777778,8.3,178.0,2019-03-14 06:29:29,刺网
12995,28.99055555555556,126.22633333333332,7.3,351.0,2019-03-14 06:39:32,刺网
12995,29.013722222222214,126.22613888888887,7.9,356.0,2019-03-14 06:49:32,刺网
12995,29.03019444444445,126.22094444444444,7.9,259.0,2019-03-14 06:59:32,刺网
12995,29.006888888888888,126.22044444444445,8.7,174.0,2019-03-14 07:09:32,刺网
12995,29.00216666666667,126.243,8.6,102.0,2019-03-14 07:19:32,刺网
12995,28.999194444444445,126.26188888888888,0.9,121.0,2019-03-14 07:29:32,刺网
12995,28.99738888888889,126.26158333333332,0.9,200.0,2019-03-14 07:39:31,刺网
12995,28.99586111111111,126.26094444444445,1.1,214.0,2019-03-14 07:49:31,刺网
12995,28.994277777777786,126.26019444444445,0.7,221.0,2019-03-14 07:59:31,刺网
12995,28.99286111111111,126.25916666666667,1.8,221.0,2019-03-14 08:09:31,刺网
12995,28.991416666666666,126.25802777777777,0.6,201.0,2019-03-14 08:19:31,刺网
12995,28.99013888888889,126.25686111111106,0.5,207.0,2019-03-14 08:29:31,刺网
12995,28.98913888888889,126.25538888888887,0.2,0.0,2019-03-14 08:39:31,刺网
12995,28.988194444444453,126.254,0.4,167.0,2019-03-14 08:49:31,刺网
12995,28.987305555555555,126.25277777777778,0.6,198.0,2019-03-14 08:59:31,刺网
12995,28.986361111111112,126.25144444444445,1.2,192.0,2019-03-14 09:09:31,刺网
12995,28.98544444444445,126.25011111111112,1.2,193.0,2019-03-14 09:19:31,刺网
12995,28.97666666666667,126.25875,7.0,118.0,2019-03-14 09:29:30,刺网
12995,28.977638888888887,126.26519444444445,3.7,7.0,2019-03-14 09:39:31,刺网
12995,28.988000000000003,126.26216666666666,3.7,337.0,2019-03-14 09:49:30,刺网
12995,28.99716666666667,126.26116666666668,3.4,1.0,2019-03-14 09:59:30,刺网
12995,29.006527777777766,126.26213888888887,2.9,6.0,2019-03-14 10:09:30,刺网
12995,29.01550000000001,126.2625,3.1,356.0,2019-03-14 10:19:30,刺网
12995,29.020416666666666,126.25833333333334,3.0,205.0,2019-03-14 10:29:30,刺网
12995,29.01238888888889,126.25719444444445,2.9,175.0,2019-03-14 10:39:30,刺网
12995,29.00413888888889,126.25572222222223,3.1,201.0,2019-03-14 10:49:30,刺网
12995,28.99613888888889,126.2547777777778,2.9,180.0,2019-03-14 10:59:30,刺网
12995,28.988222222222234,126.25588888888888,3.4,178.0,2019-03-14 11:09:30,刺网
12995,28.979805555555554,126.2567222222222,2.5,183.0,2019-03-14 11:19:29,刺网
12995,28.972777777777768,126.25491666666667,3.0,227.0,2019-03-14 11:29:29,刺网
12995,28.980583333333332,126.25252777777777,3.7,356.0,2019-03-14 11:39:29,刺网
12995,28.990472222222234,126.25069444444445,3.8,343.0,2019-03-14 11:49:29,刺网
12995,29.0005,126.24805555555555,3.0,333.0,2019-03-14 11:59:32,刺网
12995,29.009222222222213,126.24833333333332,3.6,3.0,2019-03-14 12:09:32,刺网
12995,29.018361111111112,126.2487777777778,2.9,353.0,2019-03-14 12:19:32,刺网
12995,29.024444444444452,126.24705555555555,3.0,290.0,2019-03-14 12:29:32,刺网
12995,29.01913888888889,126.24411111111112,3.4,181.0,2019-03-14 12:39:32,刺网
12995,29.0115,126.24361111111112,2.6,171.0,2019-03-14 12:49:31,刺网
12995,29.00375,126.24416666666669,3.2,183.0,2019-03-14 12:59:31,刺网
12995,28.99575,126.24611111111106,3.1,181.0,2019-03-14 13:09:31,刺网
12995,28.987527777777785,126.2475277777778,3.1,182.0,2019-03-14 13:19:31,刺网
12995,28.980638888888887,126.2485,3.2,182.0,2019-03-14 13:29:31,刺网
12995,28.976416666666665,126.24475,3.4,319.0,2019-03-14 13:39:31,刺网
12995,28.98544444444445,126.24319444444444,2.9,14.0,2019-03-14 13:49:31,刺网
12995,28.994777777777767,126.24233333333332,4.0,37.0,2019-03-14 13:59:31,刺网
12995,29.003472222222214,126.24088888888888,3.2,326.0,2019-03-14 14:09:31,刺网
12995,29.01144444444445,126.23894444444444,2.8,351.0,2019-03-14 14:19:31,刺网
12995,29.02030555555556,126.23777777777778,3.6,4.0,2019-03-14 14:29:31,刺网
12995,29.027305555555554,126.23547222222223,2.5,288.0,2019-03-14 14:39:31,刺网
12995,29.023000000000003,126.23380555555555,2.6,162.0,2019-03-14 14:49:30,刺网
12995,29.015,126.23466666666668,3.1,167.0,2019-03-14 14:59:30,刺网
12995,29.00644444444445,126.23683333333334,3.5,167.0,2019-03-14 15:09:30,刺网
12995,28.998,126.23813888888893,3.5,188.0,2019-03-14 15:19:30,刺网
12995,28.989361111111112,126.23897222222223,2.9,172.0,2019-03-14 15:29:30,刺网
12995,28.982722222222232,126.23875,2.3,317.0,2019-03-14 15:39:30,刺网
12995,28.99125,126.23680555555555,3.6,340.0,2019-03-14 15:49:30,刺网
12995,28.99983333333333,126.23430555555555,3.1,346.0,2019-03-14 15:59:30,刺网
12995,29.00866666666667,126.23333333333332,3.4,345.0,2019-03-14 16:09:30,刺网
12995,29.01675,126.23177777777778,3.3,341.0,2019-03-14 16:19:29,刺网
12995,29.02383333333333,126.22927777777778,2.7,338.0,2019-03-14 16:29:29,刺网
12995,29.028305555555555,126.2235277777778,2.2,248.0,2019-03-14 16:39:29,刺网
12995,29.024444444444452,126.22336111111107,3.6,171.0,2019-03-14 16:49:29,刺网
12995,29.017277777777768,126.22447222222222,2.8,128.0,2019-03-14 16:59:29,刺网
12995,29.014222222222234,126.22741666666668,1.0,195.0,2019-03-14 17:09:29,刺网
12995,29.011555555555553,126.22719444444445,1.9,186.0,2019-03-14 17:19:29,刺网
12995,29.008722222222215,126.227,0.6,0.0,2019-03-14 17:29:29,刺网
12995,29.005861111111113,126.22680555555556,1.5,182.0,2019-03-14 17:39:32,刺网
12995,28.997805555555555,126.22186111111112,4.0,233.0,2019-03-14 17:49:32,刺网
12995,28.97808333333333,126.23091666666667,9.5,150.0,2019-03-14 17:59:31,刺网
12995,28.95569444444445,126.24041666666666,7.7,165.0,2019-03-14 18:08:31,刺网
12995,28.93358333333333,126.24811111111113,8.6,169.0,2019-03-14 18:18:31,刺网
12995,28.91916666666667,126.25361111111113,0.4,153.0,2019-03-14 18:28:31,刺网
12995,28.91683333333333,126.25263888888887,1.1,200.0,2019-03-14 18:38:31,刺网
12995,28.91633333333333,126.2522777777778,1.1,298.0,2019-03-14 18:48:31,刺网
12995,28.916138888888888,126.25222222222222,0.2,0.0,2019-03-14 18:58:31,刺网
12995,28.91605555555555,126.25211111111112,0.8,267.0,2019-03-14 19:08:31,刺网
12995,28.91597222222222,126.25208333333332,0.3,28.0,2019-03-14 19:18:31,刺网
12995,28.91619444444445,126.25163888888888,1.3,283.0,2019-03-14 19:28:31,刺网
12995,28.91625,126.25158333333331,0.4,157.0,2019-03-14 19:38:31,刺网
12995,28.91633333333333,126.2515,0.6,85.0,2019-03-14 19:48:30,刺网
12995,28.91636111111111,126.25138888888887,0.5,319.0,2019-03-14 19:58:30,刺网
12995,28.916472222222215,126.25130555555555,0.9,146.0,2019-03-14 20:08:30,刺网
12995,28.9165,126.25125,0.8,292.0,2019-03-14 20:18:30,刺网
12995,28.916555555555554,126.25119444444445,1.1,315.0,2019-03-14 20:28:30,刺网
12995,28.91675,126.251,1.6,322.0,2019-03-14 20:38:30,刺网
12995,28.91644444444445,126.25130555555555,1.5,307.0,2019-03-14 20:48:30,刺网
12995,28.91636111111111,126.25138888888887,0.8,158.0,2019-03-14 20:58:30,刺网
12995,28.91644444444445,126.25130555555555,1.8,336.0,2019-03-14 21:08:30,刺网
12995,28.91633333333333,126.25147222222222,0.7,332.0,2019-03-14 21:18:30,刺网
12995,28.91638888888889,126.25133333333332,1.2,98.0,2019-03-14 21:28:29,刺网
12995,28.916694444444445,126.25105555555555,1.0,99.0,2019-03-14 21:38:29,刺网
12995,28.916694444444445,126.25105555555555,0.4,73.0,2019-03-14 21:48:29,刺网
12995,28.916555555555554,126.25116666666668,1.6,243.0,2019-03-14 21:58:29,刺网
12995,28.916527777777766,126.25116666666668,1.5,227.0,2019-03-14 22:08:29,刺网
12995,28.9165,126.2512222222222,0.9,0.0,2019-03-14 22:18:29,刺网
12995,28.91666666666667,126.25105555555555,0.8,0.0,2019-03-14 22:28:29,刺网
12995,28.916555555555554,126.25105555555555,0.7,23.0,2019-03-14 22:38:29,刺网
12995,28.916638888888887,126.25111111111113,1.2,108.0,2019-03-14 22:48:29,刺网
12995,28.9165,126.2512222222222,1.9,158.0,2019-03-14 22:58:29,刺网
12995,28.916527777777766,126.2512222222222,1.1,166.0,2019-03-14 23:08:31,刺网
12995,28.916694444444445,126.25105555555555,0.6,229.0,2019-03-14 23:18:31,刺网
12995,28.91666666666667,126.25108333333333,0.5,75.0,2019-03-14 23:28:31,刺网
12995,28.91666666666667,126.25108333333333,0.7,50.0,2019-03-14 23:38:31,刺网
12995,28.91675,126.25097222222222,1.2,183.0,2019-03-14 23:48:31,刺网
12995,28.91694444444445,126.25086111111106,0.8,272.0,2019-03-14 23:58:31,刺网
12995,28.91713888888889,126.2507222222222,1.4,162.0,2019-03-15 00:08:31,刺网
12995,28.91691666666667,126.25088888888894,0.7,260.0,2019-03-15 00:18:31,刺网
12995,28.91675,126.25102777777781,0.7,173.0,2019-03-15 00:28:31,刺网
12995,28.916694444444445,126.25108333333333,0.7,238.0,2019-03-15 00:38:31,刺网
12995,28.916638888888887,126.25111111111113,0.2,0.0,2019-03-15 00:48:31,刺网
12995,28.91658333333333,126.2512222222222,0.4,196.0,2019-03-15 00:58:30,刺网
12995,28.91686111111111,126.25091666666668,0.9,239.0,2019-03-15 01:08:30,刺网
12995,28.91713888888889,126.25075,0.4,65.0,2019-03-15 01:18:30,刺网
12995,28.917333333333332,126.25066666666666,0.8,309.0,2019-03-15 01:28:30,刺网
12995,28.917527777777767,126.25066666666666,1.1,24.0,2019-03-15 01:38:30,刺网
12995,28.917638888888888,126.25058333333332,0.3,207.0,2019-03-15 01:48:30,刺网
12995,28.91775,126.2505277777778,1.0,233.0,2019-03-15 01:58:30,刺网
12995,28.91788888888889,126.2505277777778,0.8,247.0,2019-03-15 02:08:30,刺网
12995,28.91791666666667,126.2505,0.3,0.0,2019-03-15 02:18:30,刺网
12995,28.91794444444445,126.25055555555555,0.8,18.0,2019-03-15 02:28:30,刺网
12995,28.917972222222232,126.25058333333332,0.8,34.0,2019-03-15 02:38:30,刺网
12995,28.918222222222226,126.25047222222223,0.4,0.0,2019-03-15 02:48:29,刺网
12995,28.91844444444445,126.2505277777778,0.1,0.0,2019-03-15 02:58:29,刺网
12995,28.91844444444445,126.25061111111113,0.4,54.0,2019-03-15 03:08:29,刺网
12995,28.918222222222226,126.25058333333332,0.5,298.0,2019-03-15 03:18:29,刺网
12995,28.918194444444445,126.25058333333332,1.0,169.0,2019-03-15 03:28:29,刺网
12995,28.918055555555558,126.25061111111113,0.5,97.0,2019-03-15 03:38:29,刺网
12995,28.91788888888889,126.25063888888887,0.2,0.0,2019-03-15 03:48:29,刺网
12995,28.91769444444445,126.25058333333332,0.6,333.0,2019-03-15 03:58:29,刺网
12995,28.91827777777778,126.25377777777778,0.6,94.0,2019-03-15 04:08:29,刺网
12995,28.93569444444445,126.25569444444444,7.0,357.0,2019-03-15 04:18:29,刺网
12995,28.95733333333333,126.25602777777777,7.3,6.0,2019-03-15 04:28:29,刺网
12995,28.968611111111112,126.25116666666668,7.5,182.0,2019-03-15 04:38:29,刺网
12995,28.947388888888888,126.25113888888887,7.9,180.0,2019-03-15 04:48:31,刺网
12995,28.92608333333333,126.251,8.2,181.0,2019-03-15 04:58:31,刺网
12995,28.9305,126.24608333333332,8.0,354.0,2019-03-15 05:08:31,刺网
12995,28.954361111111112,126.24580555555555,8.4,352.0,2019-03-15 05:18:31,刺网
12995,28.97286111111111,126.24208333333333,7.3,268.0,2019-03-15 05:28:31,刺网
12995,28.92969444444445,126.24077777777778,7.9,179.0,2019-03-15 05:48:31,刺网
12995,28.932805555555557,126.2362777777778,8.4,3.0,2019-03-15 05:58:31,刺网
12995,28.95625,126.23569444444445,8.4,9.0,2019-03-15 06:08:31,刺网
12995,28.974138888888888,126.23261111111113,7.7,263.0,2019-03-15 06:18:31,刺网
12995,28.952916666666663,126.23133333333334,8.4,176.0,2019-03-15 06:28:30,刺网
12995,28.930527777777787,126.23100000000001,8.4,178.0,2019-03-15 06:38:30,刺网
12995,28.93111111111111,126.22569444444444,7.2,6.0,2019-03-15 06:48:30,刺网
12995,28.953555555555557,126.22597222222224,4.7,354.0,2019-03-15 06:58:30,刺网
12995,28.976805555555554,126.22619444444445,6.8,315.0,2019-03-15 07:08:30,刺网
12995,28.959777777777767,126.22022222222222,8.0,178.0,2019-03-15 07:18:30,刺网
12995,28.950388888888888,126.23886111111106,7.8,96.0,2019-03-15 07:28:30,刺网
12995,28.94683333333333,126.25780555555555,1.5,104.0,2019-03-15 07:38:30,刺网
12995,28.945611111111113,126.25919444444445,1.2,97.0,2019-03-15 07:48:30,刺网
12995,28.94436111111111,126.25986111111106,0.5,46.0,2019-03-15 07:58:30,刺网
12995,28.942972222222235,126.26011111111113,0.5,179.0,2019-03-15 08:08:29,刺网
12995,28.94163888888889,126.26025,0.5,144.0,2019-03-15 08:18:29,刺网
12995,28.940166666666666,126.26058333333332,0.5,0.0,2019-03-15 08:28:29,刺网
12995,28.93869444444445,126.2609722222222,0.4,110.0,2019-03-15 08:38:29,刺网
12995,28.937305555555554,126.26113888888888,0.3,0.0,2019-03-15 08:48:29,刺网
12995,28.93588888888889,126.26141666666666,0.5,115.0,2019-03-15 08:58:29,刺网
12995,28.934472222222233,126.26155555555556,0.9,170.0,2019-03-15 09:08:29,刺网
12995,28.933194444444453,126.26136111111107,0.4,0.0,2019-03-15 09:18:29,刺网
12995,28.92666666666667,126.26138888888887,5.3,148.0,2019-03-15 09:28:29,刺网
12995,28.927,126.25994444444444,3.4,18.0,2019-03-15 09:38:29,刺网
12995,28.93533333333333,126.26075,3.3,354.0,2019-03-15 09:48:29,刺网
12995,28.944472222222235,126.26130555555555,3.8,346.0,2019-03-15 09:58:28,刺网
12995,28.95322222222222,126.2624722222222,3.5,8.0,2019-03-15 10:08:31,刺网
12995,28.961944444444452,126.26358333333332,3.6,9.0,2019-03-15 10:18:31,刺网
12995,28.96883333333333,126.26066666666668,2.2,255.0,2019-03-15 10:28:31,刺网
12995,28.962944444444442,126.25788888888887,3.1,178.0,2019-03-15 10:38:31,刺网
12995,28.95458333333333,126.2572777777778,3.3,184.0,2019-03-15 10:48:31,刺网
12995,28.946222222222215,126.2565,2.7,213.0,2019-03-15 10:58:31,刺网
12995,28.937722222222234,126.25472222222223,2.9,191.0,2019-03-15 11:08:31,刺网
12995,28.92966666666667,126.25338888888888,2.4,213.0,2019-03-15 11:18:31,刺网
12995,28.922555555555554,126.25086111111106,2.5,227.0,2019-03-15 11:28:30,刺网
12995,28.92819444444445,126.24916666666668,3.1,19.0,2019-03-15 11:38:30,刺网
12995,28.937444444444445,126.2505277777778,3.2,14.0,2019-03-15 11:48:30,刺网
12995,28.94572222222222,126.25113888888887,3.6,2.0,2019-03-15 11:58:30,刺网
12995,28.954611111111113,126.25186111111113,3.1,2.0,2019-03-15 12:08:30,刺网
12995,28.963527777777767,126.25258333333332,2.4,350.0,2019-03-15 12:18:30,刺网
12995,28.971666666666664,126.25244444444445,2.7,295.0,2019-03-15 12:28:30,刺网
12995,28.96836111111111,126.24605555555556,3.2,207.0,2019-03-15 12:38:30,刺网
12995,28.96116666666667,126.24516666666668,0.8,5.0,2019-03-15 12:48:30,刺网
12995,28.954694444444453,126.2452222222222,2.6,190.0,2019-03-15 12:58:30,刺网
12995,28.94716666666667,126.24486111111106,2.6,189.0,2019-03-15 13:08:30,刺网
12995,28.93963888888889,126.24416666666669,2.8,184.0,2019-03-15 13:18:29,刺网
12995,28.932027777777787,126.24375,2.7,175.0,2019-03-15 13:28:29,刺网
12995,28.926055555555557,126.241,2.9,282.0,2019-03-15 13:38:29,刺网
12995,28.93438888888889,126.23966666666666,3.5,358.0,2019-03-15 13:48:29,刺网
12995,28.944000000000006,126.23994444444445,3.0,3.0,2019-03-15 13:58:29,刺网
12995,28.952444444444453,126.24005555555556,3.7,16.0,2019-03-15 14:08:29,刺网
12995,28.961388888888887,126.24127777777778,3.2,358.0,2019-03-15 14:18:29,刺网
12995,28.970861111111113,126.24144444444444,3.5,346.0,2019-03-15 14:28:29,刺网
12995,28.97516666666667,126.23611111111113,0.5,0.0,2019-03-15 14:38:29,刺网
12995,28.96833333333333,126.23361111111113,3.1,177.0,2019-03-15 14:48:29,刺网
12995,28.95966666666667,126.23344444444444,2.8,178.0,2019-03-15 14:58:28,刺网
12995,28.951694444444442,126.23391666666666,2.3,183.0,2019-03-15 15:08:28,刺网
12995,28.943805555555556,126.23355555555555,2.0,199.0,2019-03-15 15:18:31,刺网
12995,28.936416666666666,126.23144444444445,2.9,194.0,2019-03-15 15:28:31,刺网
12995,28.92894444444445,126.22772222222223,2.9,234.0,2019-03-15 15:38:31,刺网
12995,28.93408333333333,126.22261111111106,3.3,354.0,2019-03-15 15:48:31,刺网
12995,28.942666666666664,126.22583333333334,3.0,14.0,2019-03-15 15:58:31,刺网
12995,28.951999999999998,126.22733333333332,3.7,1.0,2019-03-15 16:08:31,刺网
12995,28.960166666666666,126.22880555555555,2.9,11.0,2019-03-15 16:18:31,刺网
12995,28.969277777777766,126.22991666666668,2.7,339.0,2019-03-15 16:28:30,刺网
12995,28.978027777777786,126.2285,2.7,329.0,2019-03-15 16:38:30,刺网
12995,28.97619444444444,126.22238888888893,7.6,234.0,2019-03-15 16:48:31,刺网
12995,28.967972222222233,126.22005555555555,3.1,145.0,2019-03-15 16:58:31,刺网
12995,28.962,126.22361111111113,1.4,102.0,2019-03-15 17:08:30,刺网
12995,28.96044444444444,126.22644444444445,0.7,147.0,2019-03-15 17:18:30,刺网
12995,28.958444444444442,126.22877777777781,0.9,129.0,2019-03-15 17:28:30,刺网
12995,28.95630555555556,126.23119444444444,0.8,141.0,2019-03-15 17:38:30,刺网
12995,28.954138888888888,126.2335,1.2,147.0,2019-03-15 17:48:30,刺网
12995,28.951916666666666,126.23591666666668,1.4,120.0,2019-03-15 17:58:30,刺网
12995,28.94466666666667,126.23783333333334,5.5,229.0,2019-03-15 18:08:30,刺网
12995,28.927138888888887,126.22286111111113,8.4,216.0,2019-03-15 18:18:30,刺网
12995,28.91036111111111,126.20841666666668,7.9,218.0,2019-03-15 18:28:29,刺网
12995,28.892611111111112,126.19294444444445,8.1,215.0,2019-03-15 18:38:29,刺网
12995,28.875055555555555,126.17736111111113,7.9,218.0,2019-03-15 18:48:29,刺网
12995,28.85761111111111,126.16172222222224,8.0,217.0,2019-03-15 18:58:29,刺网
12995,28.840277777777768,126.14586111111113,8.0,220.0,2019-03-15 19:08:29,刺网
12995,28.821361111111113,126.13169444444445,8.2,215.0,2019-03-15 19:18:29,刺网
12995,28.80208333333333,126.11733333333332,8.3,214.0,2019-03-15 19:28:29,刺网
12995,28.78233333333333,126.10308333333332,8.3,212.0,2019-03-15 19:38:29,刺网
12995,28.76225,126.08891666666666,8.5,213.0,2019-03-15 19:48:29,刺网
12995,28.74222222222223,126.07441666666664,8.4,213.0,2019-03-15 19:58:29,刺网
12995,28.72197222222222,126.05963888888887,8.6,214.0,2019-03-15 20:08:29,刺网
12995,28.70136111111111,126.04491666666668,8.5,207.0,2019-03-15 20:18:28,刺网
12995,28.67875,126.03083333333332,8.7,209.0,2019-03-15 20:28:31,刺网
12995,28.659055555555554,126.01802777777776,8.7,201.0,2019-03-15 20:38:31,刺网
12995,28.65511111111111,126.01691666666666,0.7,140.0,2019-03-15 20:48:31,刺网
12995,28.654277777777768,126.01711111111112,0.3,0.0,2019-03-15 20:58:31,刺网
12995,28.654166666666665,126.01663888888888,0.1,0.0,2019-03-15 21:08:31,刺网
12995,28.654166666666665,126.01675,0.4,40.0,2019-03-15 21:18:31,刺网
12995,28.65422222222222,126.01672222222223,0.3,0.0,2019-03-15 21:28:31,刺网
12995,28.654138888888887,126.01658333333332,0.3,0.0,2019-03-15 21:38:30,刺网
12995,28.654138888888887,126.01661111111108,0.5,0.0,2019-03-15 21:48:30,刺网
12995,28.654138888888887,126.01647222222222,0.4,0.0,2019-03-15 21:58:30,刺网
12995,28.654166666666665,126.01661111111108,0.2,0.0,2019-03-15 22:08:30,刺网
12995,28.65411111111111,126.01652777777777,0.4,0.0,2019-03-15 22:18:30,刺网
12995,28.654138888888887,126.01663888888888,0.3,0.0,2019-03-15 22:28:30,刺网
12995,28.65411111111111,126.01638888888887,0.4,0.0,2019-03-15 22:38:30,刺网
12995,28.65411111111111,126.01619444444445,0.4,291.0,2019-03-15 22:48:30,刺网
12995,28.65411111111111,126.01619444444445,0.2,0.0,2019-03-15 22:58:30,刺网
12995,28.65411111111111,126.01616666666668,0.2,0.0,2019-03-15 23:08:30,刺网
12995,28.65411111111111,126.01611111111113,0.2,0.0,2019-03-15 23:18:30,刺网
12995,28.65411111111111,126.01602777777778,0.3,261.0,2019-03-15 23:28:30,刺网
12995,28.654138888888887,126.01605555555555,0.5,153.0,2019-03-15 23:38:29,刺网
12995,28.654166666666665,126.01588888888894,0.1,0.0,2019-03-15 23:48:29,刺网
12995,28.654138888888887,126.01580555555556,0.3,0.0,2019-03-15 23:58:29,刺网
12995,28.65419444444445,126.0157222222222,0.1,0.0,2019-03-16 00:08:29,刺网
12995,28.654166666666665,126.01566666666666,0.4,13.0,2019-03-16 00:18:29,刺网
12995,28.65419444444445,126.01561111111113,0.4,201.0,2019-03-16 00:28:29,刺网
12995,28.65419444444445,126.01577777777777,0.6,200.0,2019-03-16 00:38:29,刺网
12995,28.654166666666665,126.01566666666666,0.3,205.0,2019-03-16 00:48:29,刺网
12995,28.65425,126.01547222222223,0.4,35.0,2019-03-16 00:58:29,刺网
12995,28.65422222222222,126.0155277777778,0.3,287.0,2019-03-16 01:08:29,刺网
12995,28.65422222222222,126.01555555555555,0.4,70.0,2019-03-16 01:18:28,刺网
12995,28.65422222222222,126.01547222222223,0.3,323.0,2019-03-16 01:28:28,刺网
12995,28.654305555555553,126.01530555555556,0.2,17.0,2019-03-16 01:38:28,刺网
12995,28.65422222222222,126.01555555555555,0.1,0.0,2019-03-16 01:48:28,刺网
12995,28.65419444444445,126.01569444444445,0.4,20.0,2019-03-16 01:58:31,刺网
12995,28.654166666666665,126.01580555555556,0.3,0.0,2019-03-16 02:08:31,刺网
12995,28.65419444444445,126.01569444444445,0.0,0.0,2019-03-16 02:18:31,刺网
12995,28.65422222222222,126.01575,0.5,15.0,2019-03-16 02:28:31,刺网
12995,28.65411111111111,126.01619444444445,0.3,0.0,2019-03-16 02:38:30,刺网
12995,28.65411111111111,126.01602777777778,0.6,27.0,2019-03-16 02:48:31,刺网
12995,28.654138888888887,126.01613888888888,0.3,0.0,2019-03-16 02:58:30,刺网
12995,28.654166666666665,126.01580555555556,0.3,0.0,2019-03-16 03:08:30,刺网
12995,28.65411111111111,126.01605555555555,0.5,219.0,2019-03-16 03:18:30,刺网
12995,28.65411111111111,126.016,0.2,0.0,2019-03-16 03:28:30,刺网
12995,28.65411111111111,126.01616666666668,0.4,22.0,2019-03-16 03:38:30,刺网
12995,28.65411111111111,126.01619444444445,0.4,100.0,2019-03-16 03:48:30,刺网
12995,28.656805555555554,126.01558333333332,5.1,202.0,2019-03-16 03:58:30,刺网
12995,28.635055555555553,126.01561111111113,8.2,181.0,2019-03-16 04:08:30,刺网
12995,28.612388888888887,126.01569444444445,8.3,182.0,2019-03-16 04:18:30,刺网
12995,28.60469444444445,126.01008333333334,7.1,2.0,2019-03-16 04:28:30,刺网
12995,28.625277777777786,126.00938888888888,7.2,356.0,2019-03-16 04:38:29,刺网
12995,28.645805555555555,126.00911111111112,7.4,357.0,2019-03-16 04:48:29,刺网
12995,28.661305555555558,126.00272222222222,7.3,242.0,2019-03-16 04:58:29,刺网
12995,28.63744444444445,126.00286111111113,8.3,182.0,2019-03-16 05:08:29,刺网
12995,28.61569444444445,126.00272222222222,8.6,176.0,2019-03-16 05:18:29,刺网
12995,28.5985,125.99741666666668,6.8,303.0,2019-03-16 05:28:29,刺网
12995,28.620222222222232,125.99633333333333,7.9,0.0,2019-03-16 05:38:29,刺网
12995,28.642027777777766,125.99583333333334,8.0,357.0,2019-03-16 05:48:29,刺网
12995,28.65433333333333,125.98969444444445,8.5,185.0,2019-03-16 05:58:29,刺网
12995,28.63125,125.98958333333331,8.2,178.0,2019-03-16 06:08:29,刺网
12995,28.607944444444453,125.98975,8.4,181.0,2019-03-16 06:18:29,刺网
12995,28.611722222222234,125.9842777777778,7.0,358.0,2019-03-16 06:28:29,刺网
12995,28.632805555555557,125.98388888888887,6.3,7.0,2019-03-16 06:38:29,刺网
12995,28.65558333333333,125.98325,7.8,357.0,2019-03-16 06:48:28,刺网
12995,28.661361111111113,125.97788888888887,8.3,177.0,2019-03-16 06:58:28,刺网
12995,28.638388888888887,125.97802777777777,8.2,177.0,2019-03-16 07:08:28,刺网
12995,28.639972222222234,125.98288888888894,7.6,51.0,2019-03-16 07:18:31,刺网
12995,28.652444444444445,126.0,7.2,54.0,2019-03-16 07:28:31,刺网
12995,28.657305555555553,126.009,0.8,166.0,2019-03-16 07:38:31,刺网
12995,28.654805555555555,126.01030555555555,0.9,159.0,2019-03-16 07:48:30,刺网
12995,28.65241666666667,126.01158333333332,1.1,175.0,2019-03-16 07:58:30,刺网
12995,28.64769444444445,126.01413888888888,1.0,138.0,2019-03-16 08:18:30,刺网
12995,28.64533333333333,126.01533333333334,1.6,203.0,2019-03-16 08:28:30,刺网
12995,28.642944444444442,126.01638888888887,0.7,98.0,2019-03-16 08:38:30,刺网
12995,28.640638888888887,126.01763888888887,1.1,200.0,2019-03-16 08:48:30,刺网
12995,28.638305555555558,126.01869444444445,1.2,223.0,2019-03-16 08:58:30,刺网
12995,28.63594444444445,126.01966666666668,0.9,83.0,2019-03-16 09:08:30,刺网
12995,28.6335,126.02038888888887,0.7,103.0,2019-03-16 09:18:30,刺网
12995,28.631,126.02138888888894,0.7,147.0,2019-03-16 09:28:29,刺网
12995,28.6385,126.02386111111107,5.3,10.0,2019-03-16 09:38:30,刺网
12995,28.648472222222214,126.02619444444444,3.3,135.0,2019-03-16 09:48:29,刺网
12995,28.639416666666666,126.02694444444445,3.4,179.0,2019-03-16 09:58:29,刺网
12995,28.62975,126.02675,3.6,183.0,2019-03-16 10:08:29,刺网
12995,28.619944444444453,126.02805555555555,3.4,160.0,2019-03-16 10:18:29,刺网
12995,28.610388888888888,126.03047222222223,3.5,180.0,2019-03-16 10:28:29,刺网
12995,28.6015,126.03194444444445,3.2,157.0,2019-03-16 10:38:29,刺网
12995,28.60033333333333,126.02952777777777,2.5,328.0,2019-03-16 10:48:29,刺网
12995,28.60769444444445,126.02638888888887,3.7,338.0,2019-03-16 10:58:29,刺网
12995,28.61588888888889,126.02333333333333,3.3,341.0,2019-03-16 11:08:29,刺网
12995,28.624111111111112,126.02102777777776,3.3,340.0,2019-03-16 11:18:29,刺网
12995,28.632666666666665,126.01936111111112,3.2,347.0,2019-03-16 11:28:29,刺网
12995,28.641361111111113,126.01897222222222,3.0,353.0,2019-03-16 11:38:28,刺网
12995,28.648555555555557,126.01936111111112,3.2,3.0,2019-03-16 11:48:28,刺网
12995,28.653416666666665,126.01411111111106,2.7,241.0,2019-03-16 11:58:28,刺网
12995,28.64608333333333,126.01277777777777,2.4,171.0,2019-03-16 12:08:28,刺网
12995,28.637222222222213,126.01325,3.4,174.0,2019-03-16 12:18:28,刺网
12995,28.62833333333333,126.01402777777777,3.1,183.0,2019-03-16 12:28:28,刺网
12995,28.61963888888889,126.01594444444444,2.8,148.0,2019-03-16 12:38:31,刺网
12995,28.61105555555556,126.01844444444444,3.0,158.0,2019-03-16 12:48:30,刺网
12995,28.60266666666667,126.02105555555555,2.8,172.0,2019-03-16 12:58:30,刺网
12995,28.59508333333333,126.02030555555555,2.6,218.0,2019-03-16 13:08:30,刺网
12995,28.598777777777766,126.01602777777778,3.1,342.0,2019-03-16 13:18:30,刺网
12995,28.606638888888888,126.01283333333332,2.6,329.0,2019-03-16 13:28:30,刺网
12995,28.61488888888889,126.01044444444445,2.6,350.0,2019-03-16 13:38:30,刺网
12995,28.62416666666667,126.00811111111112,3.1,353.0,2019-03-16 13:48:30,刺网
12995,28.632361111111113,126.00688888888888,3.0,347.0,2019-03-16 13:58:30,刺网
12995,28.641361111111113,126.00575,3.3,358.0,2019-03-16 14:08:30,刺网
12995,28.649472222222233,126.00333333333332,3.0,311.0,2019-03-16 14:18:30,刺网
12995,28.64416666666667,125.99963888888892,2.7,198.0,2019-03-16 14:28:29,刺网
12995,28.635527777777767,126.0005,3.3,168.0,2019-03-16 14:38:29,刺网
12995,28.62825,126.00172222222223,3.3,180.0,2019-03-16 14:48:29,刺网
12995,28.61975,126.00355555555555,2.7,175.0,2019-03-16 14:58:29,刺网
12995,28.610833333333336,126.00555555555556,2.9,177.0,2019-03-16 15:08:29,刺网
12995,28.60238888888889,126.00675,2.6,184.0,2019-03-16 15:18:29,刺网
12995,28.59794444444444,126.00213888888894,2.2,311.0,2019-03-16 15:28:29,刺网
12995,28.60669444444445,125.99936111111113,4.0,352.0,2019-03-16 15:38:29,刺网
12995,28.615777777777787,125.99836111111112,3.4,348.0,2019-03-16 15:48:29,刺网
12995,28.625055555555555,125.99697222222223,3.5,345.0,2019-03-16 15:58:29,刺网
12995,28.63405555555555,125.9955,3.7,348.0,2019-03-16 16:08:29,刺网
12995,28.643694444444442,125.99422222222223,3.7,340.0,2019-03-16 16:18:28,刺网
12995,28.652972222222214,125.993,3.3,349.0,2019-03-16 16:28:29,刺网
12995,28.65625,125.98844444444444,3.0,165.0,2019-03-16 16:48:28,刺网
12995,28.64761111111111,125.99052777777777,3.5,157.0,2019-03-16 16:58:28,刺网
12995,28.64011111111111,125.99236111111112,2.3,163.0,2019-03-16 17:08:28,刺网
12995,28.63741666666667,125.99505555555555,0.6,125.0,2019-03-16 17:18:28,刺网
12995,28.63658333333333,125.9964722222222,0.5,147.0,2019-03-16 17:28:28,刺网
12995,28.63575,125.99797222222223,0.7,58.0,2019-03-16 17:38:28,刺网
12995,28.63494444444445,125.99966666666668,1.1,113.0,2019-03-16 17:48:31,刺网
12995,28.634,126.00119444444445,0.6,139.0,2019-03-16 17:58:30,刺网
12995,28.626361111111112,126.00319444444445,3.6,144.0,2019-03-16 18:08:30,刺网
12995,28.624777777777766,126.02127777777778,8.0,86.0,2019-03-16 18:18:30,刺网
12995,28.62755555555556,126.04652777777777,8.0,88.0,2019-03-16 18:28:30,刺网
12995,28.62913888888889,126.07258333333333,8.2,92.0,2019-03-16 18:38:30,刺网
12995,28.63075000000001,126.09875,8.1,84.0,2019-03-16 18:48:30,刺网
12995,28.632277777777766,126.12488888888888,8.4,85.0,2019-03-16 18:58:30,刺网
12995,28.63441666666667,126.15116666666668,8.3,88.0,2019-03-16 19:08:30,刺网
12995,28.63727777777777,126.17747222222219,8.6,85.0,2019-03-16 19:18:30,刺网
12995,28.63816666666667,126.1837777777778,1.1,131.0,2019-03-16 19:28:30,刺网
12995,28.638333333333332,126.18438888888888,0.6,58.0,2019-03-16 19:38:30,刺网
12995,28.63855555555556,126.1845277777778,0.8,153.0,2019-03-16 19:48:30,刺网
12995,28.63861111111111,126.18458333333334,0.6,81.0,2019-03-16 19:58:29,刺网
12995,28.63861111111111,126.18458333333334,0.6,0.0,2019-03-16 20:08:29,刺网
12995,28.638416666666664,126.18447222222223,0.7,16.0,2019-03-16 20:18:29,刺网
12995,28.638305555555558,126.18438888888888,1.0,38.0,2019-03-16 20:28:29,刺网
12995,28.63808333333333,126.18422222222223,0.3,153.0,2019-03-16 20:38:29,刺网
12995,28.637916666666666,126.18405555555556,0.5,80.0,2019-03-16 20:48:29,刺网
12995,28.637722222222234,126.18383333333334,0.3,0.0,2019-03-16 20:58:29,刺网
12995,28.637638888888887,126.18369444444444,0.5,174.0,2019-03-16 21:08:29,刺网
12995,28.637527777777766,126.18344444444445,0.2,0.0,2019-03-16 21:18:29,刺网
12995,28.63741666666667,126.18330555555555,0.2,0.0,2019-03-16 21:28:29,刺网
12995,28.63741666666667,126.18327777777776,0.1,0.0,2019-03-16 21:38:29,刺网
12995,28.63741666666667,126.18327777777776,1.0,266.0,2019-03-16 21:48:28,刺网
12995,28.63736111111111,126.18316666666666,0.4,83.0,2019-03-16 22:08:28,刺网
12995,28.63736111111111,126.18316666666666,0.7,194.0,2019-03-16 22:18:28,刺网
12995,28.63727777777777,126.18297222222223,0.1,0.0,2019-03-16 22:28:28,刺网
12995,28.63727777777777,126.18280555555555,0.7,248.0,2019-03-16 22:38:28,刺网
12995,28.63719444444445,126.18263888888887,0.3,0.0,2019-03-16 22:48:28,刺网
12995,28.63719444444445,126.18244444444444,0.4,237.0,2019-03-16 22:58:28,刺网
12995,28.63719444444445,126.18225,0.1,0.0,2019-03-16 23:08:28,刺网
12995,28.63719444444445,126.18211111111113,0.5,71.0,2019-03-16 23:18:30,刺网
12995,28.63719444444445,126.18205555555555,0.6,102.0,2019-03-16 23:28:30,刺网
12995,28.637222222222213,126.1820277777778,0.2,0.0,2019-03-16 23:38:30,刺网
12995,28.637222222222213,126.18191666666668,0.5,0.0,2019-03-16 23:48:30,刺网
12995,28.63725,126.18180555555556,0.4,0.0,2019-03-16 23:58:30,刺网
12995,28.637222222222213,126.18172222222223,0.4,0.0,2019-03-17 00:08:30,刺网
12995,28.63727777777777,126.18163888888887,0.1,0.0,2019-03-17 00:18:30,刺网
12995,28.63733333333333,126.1815,0.4,0.0,2019-03-17 00:28:30,刺网
12995,28.63733333333333,126.18138888888888,0.7,221.0,2019-03-17 00:38:30,刺网
12995,28.63736111111111,126.18130555555555,0.4,23.0,2019-03-17 00:48:30,刺网
12995,28.637611111111113,126.1807777777778,0.3,250.0,2019-03-17 01:08:30,刺网
12995,28.637694444444445,126.18061111111112,0.3,305.0,2019-03-17 01:18:29,刺网
12995,28.637722222222234,126.18058333333332,0.6,268.0,2019-03-17 01:28:29,刺网
12995,28.637777777777767,126.1805,0.5,221.0,2019-03-17 01:38:29,刺网
12995,28.637916666666666,126.18038888888893,0.9,323.0,2019-03-17 01:48:29,刺网
12995,28.63808333333333,126.18022222222223,0.1,0.0,2019-03-17 01:58:29,刺网
12995,28.63816666666667,126.18016666666668,0.6,39.0,2019-03-17 02:08:29,刺网
12995,28.63827777777778,126.18008333333334,0.3,0.0,2019-03-17 02:18:29,刺网
12995,28.638333333333332,126.18002777777778,0.4,12.0,2019-03-17 02:28:29,刺网
12995,28.63827777777778,126.18008333333334,0.6,110.0,2019-03-17 02:38:29,刺网
12995,28.638333333333332,126.18002777777778,0.6,185.0,2019-03-17 02:48:29,刺网
12995,28.638388888888887,126.18002777777778,0.7,331.0,2019-03-17 02:58:28,刺网
12995,28.638444444444442,126.17997222222222,0.2,0.0,2019-03-17 03:08:28,刺网
12995,28.638444444444442,126.18,0.6,155.0,2019-03-17 03:18:28,刺网
12995,28.638444444444442,126.18005555555555,0.1,0.0,2019-03-17 03:28:28,刺网
12995,28.638416666666664,126.18005555555555,0.2,0.0,2019-03-17 03:38:28,刺网
12995,28.63847222222222,126.18008333333334,0.3,0.0,2019-03-17 03:48:28,刺网
12995,28.645055555555555,126.18022222222223,7.4,356.0,2019-03-17 03:58:28,刺网
12995,28.66694444444445,126.17980555555555,8.1,354.0,2019-03-17 04:08:28,刺网
12995,28.6895,126.17963888888887,8.4,4.0,2019-03-17 04:18:28,刺网
12995,28.691222222222233,126.18483333333332,7.9,177.0,2019-03-17 04:28:28,刺网
12995,28.66916666666667,126.18513888888887,7.3,177.0,2019-03-17 04:38:28,刺网
12995,28.64633333333333,126.18525,7.9,177.0,2019-03-17 04:48:30,刺网
12995,28.660972222222213,126.191,8.2,1.0,2019-03-17 04:58:28,刺网
12995,28.68213888888889,126.1909722222222,8.3,356.0,2019-03-17 05:08:30,刺网
12995,28.692694444444445,126.19627777777778,8.6,177.0,2019-03-17 05:18:30,刺网
12995,28.670472222222234,126.19655555555555,8.1,177.0,2019-03-17 05:28:30,刺网
12995,28.64763888888889,126.19688888888888,8.4,178.0,2019-03-17 05:38:30,刺网
12995,28.67663888888889,126.2025,7.9,1.0,2019-03-17 05:58:30,刺网
12995,28.69541666666667,126.20694444444445,8.2,93.0,2019-03-17 06:08:30,刺网
12995,28.673861111111112,126.20888888888894,8.0,181.0,2019-03-17 06:18:30,刺网
12995,28.650916666666664,126.20891666666668,8.6,177.0,2019-03-17 06:28:29,刺网
12995,28.64880555555556,126.2152777777778,7.4,357.0,2019-03-17 06:38:29,刺网
12995,28.671138888888887,126.21533333333336,8.0,2.0,2019-03-17 06:48:29,刺网
12995,28.6935,126.21555555555555,8.0,5.0,2019-03-17 06:58:29,刺网
12995,28.703055555555554,126.21005555555556,6.8,208.0,2019-03-17 07:08:29,刺网
12995,28.68741666666667,126.19858333333332,7.0,211.0,2019-03-17 07:18:29,刺网
12995,28.68125,126.19633333333331,0.7,148.0,2019-03-17 07:28:29,刺网
12995,28.67963888888889,126.19791666666669,0.5,135.0,2019-03-17 07:38:29,刺网
12995,28.677944444444453,126.20013888888887,0.8,137.0,2019-03-17 07:48:29,刺网
12995,28.67655555555556,126.20291666666668,1.4,100.0,2019-03-17 07:58:29,刺网
12995,28.675472222222233,126.20575,1.0,112.0,2019-03-17 08:08:28,刺网
12995,28.67425,126.20861111111113,1.3,105.0,2019-03-17 08:18:28,刺网
12995,28.673000000000002,126.21152777777776,1.0,118.0,2019-03-17 08:28:28,刺网
12995,28.671805555555554,126.21441666666666,1.1,123.0,2019-03-17 08:38:28,刺网
12995,28.6695,126.21961111111112,0.9,99.0,2019-03-17 08:58:28,刺网
12995,28.668194444444445,126.22197222222222,1.0,118.0,2019-03-17 09:08:28,刺网
12995,28.66675,126.22455555555555,0.9,73.0,2019-03-17 09:18:28,刺网
12995,28.66544444444445,126.22691666666668,1.6,150.0,2019-03-17 09:28:28,刺网
12995,28.658638888888888,126.21891666666666,7.5,221.0,2019-03-17 09:38:28,刺网
12995,28.64644444444445,126.2042777777778,2.2,326.0,2019-03-17 09:48:28,刺网
12995,28.652777777777768,126.20388888888893,2.9,14.0,2019-03-17 09:58:30,刺网
12995,28.66086111111111,126.20577777777778,3.0,9.0,2019-03-17 10:08:30,刺网
12995,28.66922222222223,126.20802777777777,3.1,17.0,2019-03-17 10:18:30,刺网
12995,28.67716666666667,126.209,3.1,10.0,2019-03-17 10:28:30,刺网
12995,28.68491666666667,126.20866666666667,3.1,357.0,2019-03-17 10:38:30,刺网
12995,28.69144444444445,126.20558333333334,2.5,332.0,2019-03-17 10:48:30,刺网
12995,28.690777777777786,126.20975,3.9,137.0,2019-03-17 10:58:30,刺网
12995,28.682277777777767,126.21575,3.2,164.0,2019-03-17 11:08:30,刺网
12995,28.674805555555555,126.21713888888893,3.5,170.0,2019-03-17 11:18:30,刺网
12995,28.665388888888888,126.2169722222222,3.4,187.0,2019-03-17 11:28:29,刺网
12995,28.65675,126.21605555555556,3.1,201.0,2019-03-17 11:38:29,刺网
12995,28.64808333333333,126.2150277777778,2.8,180.0,2019-03-17 11:48:29,刺网
12995,28.64311111111111,126.21819444444445,2.1,64.0,2019-03-17 11:58:29,刺网
12995,28.65013888888889,126.22072222222224,3.4,13.0,2019-03-17 12:08:29,刺网
12995,28.65811111111111,126.2222777777778,2.7,4.0,2019-03-17 12:18:29,刺网
12995,28.66608333333333,126.2235277777778,2.9,347.0,2019-03-17 12:28:29,刺网
12995,28.674138888888887,126.22469444444445,2.8,354.0,2019-03-17 12:38:29,刺网
12995,28.68180555555556,126.22369444444445,2.6,349.0,2019-03-17 12:48:29,刺网
12995,28.689027777777767,126.221,2.6,329.0,2019-03-17 12:58:28,刺网
12995,28.69,126.22225,3.6,150.0,2019-03-17 13:08:28,刺网
12995,28.682055555555557,126.22594444444445,3.3,161.0,2019-03-17 13:18:28,刺网
12995,28.67383333333333,126.22819444444444,3.6,179.0,2019-03-17 13:28:28,刺网
12995,28.66494444444445,126.22777777777776,0.8,179.0,2019-03-17 13:38:28,刺网
12995,28.657555555555554,126.22747222222222,3.3,180.0,2019-03-17 13:48:28,刺网
12995,28.642194444444453,126.22686111111112,2.3,122.0,2019-03-17 14:08:28,刺网
12995,28.64627777777777,126.23133333333334,3.2,13.0,2019-03-17 14:18:28,刺网
12995,28.654555555555554,126.2324722222222,3.5,12.0,2019-03-17 14:28:28,刺网
12995,28.66338888888889,126.23294444444444,3.3,358.0,2019-03-17 14:38:28,刺网
12995,28.671777777777766,126.23211111111112,3.0,352.0,2019-03-17 14:48:28,刺网
12995,28.680111111111113,126.2295277777778,3.2,340.0,2019-03-17 14:58:27,刺网
12995,28.68833333333333,126.2265277777778,2.9,349.0,2019-03-17 15:08:30,刺网
12995,28.69394444444445,126.22797222222222,2.6,140.0,2019-03-17 15:18:30,刺网
12995,28.686805555555555,126.23058333333331,3.8,157.0,2019-03-17 15:28:30,刺网
12995,28.67883333333333,126.23369444444445,3.5,174.0,2019-03-17 15:38:30,刺网
12995,28.67055555555556,126.23641666666668,2.9,161.0,2019-03-17 15:48:30,刺网
12995,28.66294444444444,126.23822222222223,2.7,175.0,2019-03-17 15:58:29,刺网
12995,28.65475,126.23944444444444,2.6,193.0,2019-03-17 16:08:29,刺网
12995,28.64683333333333,126.23913888888887,3.0,173.0,2019-03-17 16:18:29,刺网
12995,28.64394444444445,126.24163888888887,3.2,22.0,2019-03-17 16:28:29,刺网
12995,28.65319444444444,126.24358333333332,3.4,10.0,2019-03-17 16:38:29,刺网
12995,28.6625,126.24344444444445,3.4,0.0,2019-03-17 16:48:29,刺网
12995,28.67130555555556,126.24163888888887,3.3,351.0,2019-03-17 16:58:29,刺网
12995,28.67972222222223,126.23869444444445,3.3,345.0,2019-03-17 17:08:29,刺网
12995,28.68830555555556,126.23647222222223,3.0,339.0,2019-03-17 17:18:29,刺网
12995,28.69736111111111,126.23411111111106,3.4,353.0,2019-03-17 17:28:29,刺网
12995,28.70569444444445,126.23361111111113,6.4,32.0,2019-03-17 17:38:29,刺网
12995,28.72269444444445,126.2405,6.7,18.0,2019-03-17 17:48:29,刺网
12995,28.74,126.24680555555555,5.2,15.0,2019-03-17 17:58:28,刺网
12995,28.75483333333333,126.25116666666668,6.3,11.0,2019-03-17 18:08:28,刺网
12995,28.778805555555557,126.25902777777776,3.6,179.0,2019-03-17 18:28:28,刺网
12995,28.77863888888889,126.25616666666667,8.2,9.0,2019-03-17 18:38:28,刺网
12995,28.800916666666666,126.26005555555555,7.8,8.0,2019-03-17 18:48:28,刺网
12995,28.82319444444445,126.26388888888887,8.0,10.0,2019-03-17 18:58:28,刺网
12995,28.845222222222233,126.26763888888887,8.2,7.0,2019-03-17 19:08:28,刺网
12995,28.86725,126.27144444444444,8.1,9.0,2019-03-17 19:18:28,刺网
12995,28.88952777777777,126.27547222222222,8.2,6.0,2019-03-17 19:28:28,刺网
12995,28.91236111111111,126.27869444444444,8.0,5.0,2019-03-17 19:38:28,刺网
12995,28.93491666666667,126.28083333333332,8.3,5.0,2019-03-17 19:48:28,刺网
12995,28.957666666666665,126.28286111111113,6.5,1.0,2019-03-17 19:58:27,刺网
12995,28.95936111111111,126.2849722222222,0.3,249.0,2019-03-17 20:08:30,刺网
12995,28.959777777777767,126.285,0.4,4.0,2019-03-17 20:18:30,刺网
12995,28.96005555555556,126.28502777777777,0.2,0.0,2019-03-17 20:28:30,刺网
12995,28.96005555555556,126.28502777777777,0.1,0.0,2019-03-17 20:38:30,刺网
12995,28.96011111111111,126.28502777777777,0.2,0.0,2019-03-17 20:48:30,刺网
12995,28.96019444444445,126.28502777777777,0.3,0.0,2019-03-17 20:58:29,刺网
12995,28.96019444444445,126.2849722222222,0.2,0.0,2019-03-17 21:08:30,刺网
12995,28.96013888888889,126.2849722222222,0.1,0.0,2019-03-17 21:18:29,刺网
12995,28.96005555555556,126.285,0.2,0.0,2019-03-17 21:38:29,刺网
12995,28.96008333333333,126.285,0.3,0.0,2019-03-17 21:48:29,刺网
12995,28.960166666666666,126.285,0.1,0.0,2019-03-17 21:58:29,刺网
12995,28.959944444444453,126.2849722222222,0.2,0.0,2019-03-17 22:08:29,刺网
12995,28.959777777777767,126.28491666666666,0.4,205.0,2019-03-17 22:18:29,刺网
12995,28.95958333333333,126.28491666666666,0.1,0.0,2019-03-17 22:28:29,刺网
12995,28.959277777777768,126.28475,0.1,0.0,2019-03-17 22:48:29,刺网
12995,28.959166666666665,126.28455555555556,0.1,0.0,2019-03-17 22:58:28,刺网
12995,28.959083333333336,126.28436111111112,0.2,0.0,2019-03-17 23:08:28,刺网
12995,28.95891666666667,126.28416666666666,0.0,0.0,2019-03-17 23:18:28,刺网
12995,28.95894444444445,126.28383333333332,0.3,0.0,2019-03-17 23:28:28,刺网
12995,28.958861111111112,126.28341666666668,0.4,265.0,2019-03-17 23:38:28,刺网
12995,28.95877777777777,126.28283333333334,0.3,302.0,2019-03-17 23:48:28,刺网
12995,28.95888888888889,126.28219444444444,0.0,0.0,2019-03-17 23:58:28,刺网
12995,28.95944444444445,126.28163888888888,0.3,0.0,2019-03-18 00:08:28,刺网
12995,28.959888888888887,126.28147222222222,0.1,0.0,2019-03-18 00:18:28,刺网
12995,28.959166666666665,126.2817777777778,0.2,182.0,2019-03-18 00:28:28,刺网
12995,28.95963888888889,126.28155555555556,0.4,342.0,2019-03-18 00:38:28,刺网
12995,28.959777777777767,126.2815,0.1,0.0,2019-03-18 00:48:28,刺网
12995,28.95938888888889,126.28158333333332,0.1,0.0,2019-03-18 00:58:27,刺网
12995,28.95952777777777,126.28155555555556,0.3,0.0,2019-03-18 01:08:27,刺网
12995,28.95963888888889,126.28152777777777,0.1,0.0,2019-03-18 01:18:27,刺网
12995,28.95963888888889,126.2815,0.1,0.0,2019-03-18 01:28:27,刺网
12995,28.959722222222233,126.2815,0.1,0.0,2019-03-18 01:38:30,刺网
12995,28.959611111111112,126.28152777777777,0.2,0.0,2019-03-18 01:48:30,刺网
12995,28.95975,126.2815,0.3,0.0,2019-03-18 01:58:30,刺网
12995,28.96008333333333,126.28144444444445,0.4,0.0,2019-03-18 02:08:30,刺网
12995,28.96011111111111,126.28141666666666,2.0,59.0,2019-03-18 02:18:30,刺网
12995,28.96019444444445,126.28147222222222,0.1,0.0,2019-03-18 02:28:29,刺网
12995,28.960305555555554,126.28147222222222,0.1,0.0,2019-03-18 02:38:29,刺网
12995,28.96033333333333,126.2815,0.1,0.0,2019-03-18 02:48:29,刺网
12995,28.96044444444444,126.28152777777777,0.1,0.0,2019-03-18 02:58:29,刺网
12995,28.96058333333333,126.28158333333332,0.1,0.0,2019-03-18 03:08:29,刺网
12995,28.960555555555555,126.28155555555556,0.1,0.0,2019-03-18 03:18:29,刺网
12995,28.960555555555555,126.28155555555556,0.3,306.0,2019-03-18 03:28:29,刺网
12995,28.960555555555555,126.28155555555556,0.6,0.0,2019-03-18 03:38:29,刺网
12995,28.960361111111112,126.2817777777778,4.7,350.0,2019-03-18 03:58:29,刺网
12995,28.983027777777767,126.28238888888887,8.1,0.0,2019-03-18 04:08:28,刺网
12995,29.00633333333333,126.28258333333332,7.8,359.0,2019-03-18 04:18:28,刺网
12995,29.000777777777767,126.28802777777777,7.8,179.0,2019-03-18 04:28:28,刺网
12995,28.979277777777767,126.28833333333333,8.0,181.0,2019-03-18 04:38:28,刺网
12995,28.958861111111112,126.29238888888894,7.8,88.0,2019-03-18 04:48:28,刺网
12995,28.97855555555555,126.2950277777778,8.0,358.0,2019-03-18 04:58:28,刺网
12995,29.0015,126.29486111111108,8.4,2.0,2019-03-18 05:08:28,刺网
12995,29.002777777777766,126.30125,7.5,179.0,2019-03-18 05:18:28,刺网
12995,28.981027777777786,126.30125,8.1,179.0,2019-03-18 05:28:28,刺网
12995,28.95894444444445,126.30155555555555,8.0,179.0,2019-03-18 05:38:28,刺网
12995,28.973416666666665,126.30783333333332,8.4,1.0,2019-03-18 05:48:27,刺网
12995,28.99691666666667,126.3077222222222,8.5,357.0,2019-03-18 05:58:27,刺网
12995,28.99763888888889,126.31336111111106,7.8,178.0,2019-03-18 06:08:27,刺网
12995,28.97583333333333,126.31352777777781,7.9,180.0,2019-03-18 06:18:27,刺网
12995,28.95433333333333,126.31433333333334,7.2,103.0,2019-03-18 06:28:27,刺网
12995,28.97211111111111,126.32019444444445,8.1,358.0,2019-03-18 06:38:27,刺网
12995,28.99327777777778,126.32227777777778,7.7,102.0,2019-03-18 06:48:30,刺网
12995,28.97258333333333,126.32630555555555,8.0,176.0,2019-03-18 06:58:27,刺网
12995,28.96188888888889,126.3207777777778,5.3,304.0,2019-03-18 07:08:30,刺网
12995,28.96961111111111,126.30741666666668,3.1,304.0,2019-03-18 07:18:30,刺网
12995,28.97111111111111,126.30483333333332,0.1,0.0,2019-03-18 07:28:29,刺网
12995,28.972305555555554,126.3045277777778,0.6,343.0,2019-03-18 07:38:29,刺网
12995,28.97336111111111,126.30433333333332,0.3,0.0,2019-03-18 07:48:29,刺网
12995,28.97433333333333,126.30458333333333,0.4,29.0,2019-03-18 07:58:29,刺网
12995,28.975388888888887,126.30488888888893,0.4,40.0,2019-03-18 08:08:29,刺网
12995,28.97633333333333,126.30505555555555,0.5,16.0,2019-03-18 08:18:29,刺网
12995,28.977472222222215,126.30508333333331,0.5,0.0,2019-03-18 08:28:29,刺网
12995,28.978666666666665,126.30519444444445,0.4,38.0,2019-03-18 08:38:29,刺网
12995,28.98008333333333,126.30538888888887,0.7,6.0,2019-03-18 08:48:29,刺网
12995,28.981527777777767,126.30569444444444,0.6,10.0,2019-03-18 08:58:29,刺网
12995,28.98305555555556,126.30619444444444,0.5,13.0,2019-03-18 09:08:29,刺网
12995,28.98419444444445,126.30688888888888,0.3,31.0,2019-03-18 09:18:28,刺网
12995,28.982388888888888,126.29494444444444,5.9,258.0,2019-03-18 09:28:28,刺网
12995,28.97894444444444,126.2865,1.4,50.0,2019-03-18 09:38:28,刺网
12995,28.987277777777766,126.2877222222222,3.2,5.0,2019-03-18 09:48:28,刺网
12995,28.99541666666667,126.29008333333331,3.6,13.0,2019-03-18 09:58:28,刺网
12995,29.003472222222214,126.29191666666668,2.8,9.0,2019-03-18 10:08:28,刺网
12995,29.01175,126.29383333333332,3.0,9.0,2019-03-18 10:18:28,刺网
12995,29.019361111111113,126.29883333333332,3.3,49.0,2019-03-18 10:28:28,刺网
12995,29.013638888888888,126.30155555555555,3.4,174.0,2019-03-18 10:38:28,刺网
12995,29.00525,126.30055555555555,2.9,187.0,2019-03-18 10:48:27,刺网
12995,28.99688888888889,126.30113888888887,3.3,171.0,2019-03-18 10:58:27,刺网
12995,28.988555555555557,126.30130555555556,2.8,175.0,2019-03-18 11:08:27,刺网
12995,28.973111111111113,126.30125,3.0,183.0,2019-03-18 11:28:27,刺网
12995,28.965777777777767,126.30191666666666,2.1,172.0,2019-03-18 11:38:27,刺网
12995,28.969638888888888,126.30563888888894,3.2,19.0,2019-03-18 11:48:27,刺网
12995,28.97741666666667,126.30863888888888,3.1,5.0,2019-03-18 11:58:27,刺网
12995,28.985555555555557,126.30952777777777,3.2,6.0,2019-03-18 12:08:30,刺网
12995,28.993194444444452,126.31033333333332,2.8,4.0,2019-03-18 12:18:30,刺网
12995,29.000777777777767,126.31283333333332,2.8,28.0,2019-03-18 12:28:30,刺网
12995,29.007666666666665,126.31755555555556,3.0,40.0,2019-03-18 12:38:29,刺网
12995,29.012305555555553,126.32358333333332,1.2,27.0,2019-03-18 12:48:29,刺网
12995,29.006722222222226,126.32175,2.9,201.0,2019-03-18 12:58:29,刺网
12995,28.99908333333333,126.31933333333332,2.6,188.0,2019-03-18 13:08:29,刺网
12995,28.99116666666667,126.31752777777777,4.8,187.0,2019-03-18 13:18:29,刺网
12995,28.983222222222214,126.31627777777778,2.6,189.0,2019-03-18 13:28:29,刺网
12995,28.97622222222222,126.31486111111107,3.1,184.0,2019-03-18 13:38:29,刺网
12995,28.968777777777767,126.31325,2.9,177.0,2019-03-18 13:48:29,刺网
12995,28.961416666666665,126.31536111111113,2.8,162.0,2019-03-18 13:58:29,刺网
12995,28.96258333333333,126.3205,3.5,14.0,2019-03-18 14:08:29,刺网
12995,28.970805555555554,126.32191666666664,2.7,12.0,2019-03-18 14:18:29,刺网
12995,28.979416666666665,126.32477777777778,3.0,7.0,2019-03-18 14:28:28,刺网
12995,28.987972222222233,126.3265,3.3,20.0,2019-03-18 14:38:28,刺网
12995,28.99661111111111,126.32786111111106,3.0,28.0,2019-03-18 14:48:28,刺网
12995,29.00461111111111,126.32944444444445,2.4,20.0,2019-03-18 14:58:28,刺网
12995,29.002,126.33033333333334,2.3,188.0,2019-03-18 15:08:28,刺网
12995,28.995222222222232,126.32922222222223,2.6,174.0,2019-03-18 15:18:28,刺网
12995,28.988166666666668,126.32861111111107,1.9,190.0,2019-03-18 15:28:28,刺网
12995,28.983027777777767,126.3275,2.0,212.0,2019-03-18 15:38:28,刺网
12995,28.97691666666667,126.32538888888888,2.3,204.0,2019-03-18 15:48:28,刺网
12995,28.969916666666666,126.32413888888887,2.5,182.0,2019-03-18 15:58:27,刺网
12995,28.962805555555555,126.32661111111106,2.9,136.0,2019-03-18 16:08:27,刺网
12995,28.9575,126.33233333333332,0.7,26.0,2019-03-18 16:18:27,刺网
12995,28.9665,126.33705555555555,2.8,146.0,2019-03-18 16:28:27,刺网
12995,28.969527777777767,126.33663888888887,2.9,29.0,2019-03-18 16:38:27,刺网
12995,28.97808333333333,126.33936111111107,3.2,35.0,2019-03-18 16:48:27,刺网
12995,28.987388888888887,126.33980555555556,3.4,8.0,2019-03-18 16:58:27,刺网
12995,28.99447222222223,126.34313888888887,0.9,13.0,2019-03-18 17:08:27,刺网
12995,28.99158333333333,126.33930555555555,2.7,200.0,2019-03-18 17:18:30,刺网
12995,28.98619444444445,126.3345,3.2,218.0,2019-03-18 17:28:30,刺网
12995,28.979194444444442,126.33136111111112,2.7,200.0,2019-03-18 17:38:29,刺网
12995,28.974805555555548,126.33041666666666,2.1,181.0,2019-03-18 17:48:29,刺网
12995,28.967555555555553,126.33094444444444,2.9,164.0,2019-03-18 17:58:29,刺网
12995,28.960027777777785,126.33305555555555,2.9,163.0,2019-03-18 18:08:29,刺网
12995,28.95775,126.33388888888888,1.6,60.0,2019-03-18 18:18:29,刺网
12995,28.95,126.31775,6.8,250.0,2019-03-18 18:28:29,刺网
12995,28.940472222222233,126.29952777777778,7.0,244.0,2019-03-18 18:38:29,刺网
12995,28.92961111111111,126.28225,7.1,233.0,2019-03-18 18:48:29,刺网
12995,28.916527777777766,126.26700000000001,7.0,223.0,2019-03-18 18:58:29,刺网
12995,28.90661111111111,126.25430555555555,2.0,338.0,2019-03-18 19:08:29,刺网
12995,28.91413888888889,126.25688888888888,1.6,23.0,2019-03-18 19:18:28,刺网
12995,28.90963888888889,126.25833333333334,5.8,196.0,2019-03-18 19:28:28,刺网
12995,28.891805555555553,126.25438888888887,6.8,198.0,2019-03-18 19:38:28,刺网
12995,28.87263888888889,126.25025,7.4,193.0,2019-03-18 19:48:28,刺网
12995,28.851944444444445,126.24569444444445,7.1,188.0,2019-03-18 19:58:28,刺网
12995,28.833805555555557,126.2415277777778,7.4,188.0,2019-03-18 20:08:28,刺网
12995,28.814138888888888,126.23722222222223,6.1,194.0,2019-03-18 20:18:28,刺网
12995,28.79480555555556,126.23316666666666,7.6,187.0,2019-03-18 20:28:28,刺网
12995,28.774972222222214,126.22880555555555,7.2,191.0,2019-03-18 20:38:28,刺网
12995,28.755194444444445,126.22458333333331,8.2,185.0,2019-03-18 20:48:27,刺网
12995,28.73544444444445,126.22027777777778,7.5,182.0,2019-03-18 20:58:27,刺网
12995,28.715166666666665,126.21572222222223,7.5,185.0,2019-03-18 21:08:27,刺网
12995,28.69394444444445,126.2115,6.2,193.0,2019-03-18 21:18:27,刺网
12995,28.673333333333336,126.20730555555555,8.0,193.0,2019-03-18 21:28:27,刺网
12995,28.65213888888889,126.20269444444445,6.1,179.0,2019-03-18 21:38:27,刺网
12995,28.648194444444442,126.20652777777778,2.4,97.0,2019-03-18 21:48:27,刺网
12995,28.64830555555556,126.20697222222222,1.4,154.0,2019-03-18 21:58:27,刺网
12995,28.64825,126.20694444444445,0.7,216.0,2019-03-18 22:08:27,刺网
12995,28.648194444444442,126.20691666666666,0.9,255.0,2019-03-18 22:18:27,刺网
12995,28.648194444444442,126.20694444444445,1.2,311.0,2019-03-18 22:28:27,刺网
12995,28.64825,126.20697222222222,1.4,197.0,2019-03-18 22:38:29,刺网
12995,28.648166666666665,126.20694444444445,1.4,13.0,2019-03-18 22:48:29,刺网
12995,28.648166666666665,126.20691666666666,1.1,261.0,2019-03-18 22:58:29,刺网
12995,28.648055555555555,126.20688888888887,0.8,305.0,2019-03-18 23:08:29,刺网
12995,28.64788888888889,126.20677777777777,0.9,237.0,2019-03-18 23:18:29,刺网
12995,28.648138888888887,126.20691666666666,1.5,212.0,2019-03-18 23:28:29,刺网
12995,28.647916666666664,126.20680555555555,0.8,274.0,2019-03-18 23:38:29,刺网
12995,28.647972222222233,126.20680555555555,1.3,252.0,2019-03-18 23:48:29,刺网
12995,28.647861111111112,126.20672222222224,1.0,254.0,2019-03-18 23:58:29,刺网
12995,28.647861111111112,126.20672222222224,1.1,66.0,2019-03-19 00:08:29,刺网
12995,28.647805555555554,126.20675,0.3,337.0,2019-03-19 00:18:28,刺网
12995,28.64775,126.20666666666666,1.1,71.0,2019-03-19 00:28:28,刺网
12995,28.64777777777777,126.20672222222224,1.0,76.0,2019-03-19 00:38:28,刺网
12995,28.64775,126.20669444444445,0.7,261.0,2019-03-19 00:48:28,刺网
12995,28.64775,126.20669444444445,0.7,206.0,2019-03-19 00:58:28,刺网
12995,28.64763888888889,126.20658333333334,0.9,39.0,2019-03-19 01:08:28,刺网
12995,28.64769444444445,126.20663888888888,0.9,25.0,2019-03-19 01:18:28,刺网
12995,28.64769444444445,126.20661111111113,0.5,86.0,2019-03-19 01:28:28,刺网
12995,28.64758333333333,126.20655555555555,0.3,0.0,2019-03-19 01:38:28,刺网
12995,28.64755555555556,126.20647222222223,0.6,55.0,2019-03-19 01:48:28,刺网
12995,28.64755555555556,126.2065,0.5,0.0,2019-03-19 01:58:27,刺网
12995,28.6475,126.20638888888894,1.0,109.0,2019-03-19 02:08:27,刺网
12995,28.6475,126.20636111111112,0.6,0.0,2019-03-19 02:18:27,刺网
12995,28.647388888888887,126.20630555555556,0.8,24.0,2019-03-19 02:28:27,刺网
12995,28.647361111111113,126.20625,0.8,167.0,2019-03-19 02:38:27,刺网
12995,28.647388888888887,126.2062777777778,0.6,65.0,2019-03-19 02:48:27,刺网
12995,28.647277777777767,126.20613888888887,0.3,0.0,2019-03-19 02:58:27,刺网
12995,28.64725,126.20608333333332,1.0,167.0,2019-03-19 03:08:27,刺网
12995,28.647305555555555,126.20619444444445,0.7,96.0,2019-03-19 03:18:27,刺网
12995,28.64741666666667,126.20630555555556,0.8,122.0,2019-03-19 03:28:27,刺网
12995,28.647472222222234,126.20636111111112,0.2,0.0,2019-03-19 03:38:27,刺网
12995,28.64725,126.20613888888887,0.4,0.0,2019-03-19 03:48:27,刺网
12995,28.649444444444452,126.20486111111113,0.7,36.0,2019-03-19 03:58:29,刺网
12995,28.638055555555557,126.19955555555555,7.5,172.0,2019-03-19 04:08:29,刺网
12995,28.617222222222214,126.19961111111112,7.4,180.0,2019-03-19 04:18:29,刺网
12995,28.59675,126.19977777777778,6.8,177.0,2019-03-19 04:28:29,刺网
12995,28.59625,126.20605555555555,6.4,5.0,2019-03-19 04:38:29,刺网
12995,28.61444444444445,126.2062222222222,7.3,2.0,2019-03-19 04:48:29,刺网
12995,28.63475,126.20647222222223,6.9,358.0,2019-03-19 04:58:29,刺网
12995,28.628722222222233,126.21283333333334,7.3,181.0,2019-03-19 05:08:29,刺网
12995,28.60875,126.21275,7.0,182.0,2019-03-19 05:18:29,刺网
12995,28.589111111111112,126.21294444444445,6.8,179.0,2019-03-19 05:28:28,刺网
12995,28.592666666666666,126.21897222222222,6.6,4.0,2019-03-19 05:38:28,刺网
12995,28.61263888888889,126.21905555555556,7.8,358.0,2019-03-19 05:48:28,刺网
12995,28.632555555555548,126.21961111111112,6.4,3.0,2019-03-19 05:58:28,刺网
12995,28.58947222222222,126.22713888888887,7.5,181.0,2019-03-19 06:28:28,刺网
12995,28.58858333333333,126.23444444444445,6.2,7.0,2019-03-19 06:38:28,刺网
12995,28.60894444444445,126.23419444444444,6.1,357.0,2019-03-19 06:48:28,刺网
12995,28.642,126.2335,5.6,300.0,2019-03-19 07:08:28,刺网
12995,28.65133333333333,126.21766666666667,6.2,292.0,2019-03-19 07:18:27,刺网
12995,28.659972222222233,126.20225,5.7,296.0,2019-03-19 07:28:27,刺网
12995,28.66094444444445,126.19916666666668,1.0,86.0,2019-03-19 07:38:27,刺网
12995,28.65861111111111,126.20252777777776,2.4,137.0,2019-03-19 07:48:27,刺网
12995,28.6565,126.2062777777778,1.2,127.0,2019-03-19 07:58:27,刺网
12995,28.65433333333333,126.20986111111112,1.6,91.0,2019-03-19 08:08:27,刺网
12995,28.65211111111111,126.21363888888894,1.2,110.0,2019-03-19 08:18:27,刺网
12995,28.64986111111111,126.21777777777778,1.2,109.0,2019-03-19 08:28:27,刺网
12995,28.647388888888887,126.22161111111113,2.1,112.0,2019-03-19 08:38:27,刺网
12995,28.644861111111112,126.22608333333334,1.1,71.0,2019-03-19 08:48:27,刺网
12995,28.64230555555556,126.23113888888888,2.8,119.0,2019-03-19 08:58:29,刺网
12995,28.641666666666666,126.22516666666668,5.7,268.0,2019-03-19 09:08:26,刺网
12995,28.643222222222214,126.21166666666667,1.7,246.0,2019-03-19 09:18:28,刺网
12995,28.640027777777767,126.2132777777778,2.9,100.0,2019-03-19 09:28:29,刺网
12995,28.634555555555554,126.21938888888887,3.2,167.0,2019-03-19 09:38:29,刺网
12995,28.62725,126.22358333333332,2.6,198.0,2019-03-19 09:48:29,刺网
12995,28.619694444444452,126.22275,2.9,172.0,2019-03-19 09:58:29,刺网
12995,28.61188888888889,126.22519444444444,2.0,168.0,2019-03-19 10:08:29,刺网
12995,28.60686111111111,126.2330277777778,3.2,119.0,2019-03-19 10:18:29,刺网
12995,28.60908333333333,126.23405555555556,2.8,345.0,2019-03-19 10:28:29,刺网
12995,28.61569444444445,126.23472222222222,1.8,338.0,2019-03-19 10:38:28,刺网
12995,28.628000000000004,126.23822222222223,2.1,322.0,2019-03-19 10:58:28,刺网
12995,28.632388888888887,126.2345277777778,2.4,305.0,2019-03-19 11:08:28,刺网
12995,28.63441666666667,126.229,2.5,291.0,2019-03-19 11:18:28,刺网
12995,28.635972222222215,126.23313888888887,3.4,96.0,2019-03-19 11:28:28,刺网
12995,28.63336111111111,126.23775,3.4,114.0,2019-03-19 11:38:28,刺网
12995,28.628694444444445,126.2475277777778,3.7,128.0,2019-03-19 11:48:28,刺网
12995,28.62158333333333,126.25380555555556,3.0,124.0,2019-03-19 11:58:28,刺网
12995,28.615472222222234,126.25388888888894,2.5,172.0,2019-03-19 12:08:28,刺网
12995,28.607833333333332,126.25383333333332,3.0,148.0,2019-03-19 12:18:28,刺网
12995,28.60161111111111,126.2609722222222,3.3,111.0,2019-03-19 12:28:27,刺网
12995,28.597972222222214,126.26180555555555,1.2,183.0,2019-03-19 12:38:27,刺网
12995,28.59958333333333,126.26061111111113,1.4,336.0,2019-03-19 12:48:27,刺网
12995,28.60388888888889,126.26011111111113,1.4,8.0,2019-03-19 12:58:27,刺网
12995,28.607111111111113,126.26425,1.1,57.0,2019-03-19 13:08:27,刺网
12995,28.61108333333333,126.26144444444445,2.4,336.0,2019-03-19 13:18:27,刺网
12995,28.615388888888887,126.25769444444445,2.6,7.0,2019-03-19 13:28:27,刺网
12995,28.62158333333333,126.25925,2.6,356.0,2019-03-19 13:38:27,刺网
12995,28.626305555555557,126.25391666666668,2.4,302.0,2019-03-19 13:48:27,刺网
12995,28.630472222222235,126.24733333333332,2.9,320.0,2019-03-19 13:58:27,刺网
12995,28.63308333333333,126.24977777777778,3.3,157.0,2019-03-19 14:08:26,刺网
12995,28.628277777777786,126.25605555555555,3.0,133.0,2019-03-19 14:18:26,刺网
12995,28.62305555555556,126.26394444444445,3.6,163.0,2019-03-19 14:28:29,刺网
12995,28.616888888888887,126.26994444444445,2.8,157.0,2019-03-19 14:38:29,刺网
12995,28.61030555555556,126.268,2.1,174.0,2019-03-19 14:48:29,刺网
12995,28.602888888888888,126.26916666666666,2.6,172.0,2019-03-19 14:58:29,刺网
12995,28.59625,126.27294444444445,3.2,146.0,2019-03-19 15:08:29,刺网
12995,28.591305555555557,126.27708333333332,2.1,166.0,2019-03-19 15:18:28,刺网
12995,28.59475,126.27713888888887,2.5,352.0,2019-03-19 15:28:29,刺网
12995,28.60211111111111,126.27797222222222,2.4,331.0,2019-03-19 15:38:28,刺网
12995,28.60511111111111,126.2805,1.6,246.0,2019-03-19 15:48:28,刺网
12995,28.610888888888887,126.27502777777778,3.0,333.0,2019-03-19 15:58:28,刺网
12995,28.619111111111113,126.27586111111113,3.2,324.0,2019-03-19 16:08:28,刺网
12995,28.62558333333333,126.27055555555555,3.4,316.0,2019-03-19 16:18:28,刺网
12995,28.631805555555548,126.26458333333332,2.1,333.0,2019-03-19 16:28:28,刺网
12995,28.63511111111111,126.26916666666666,4.3,346.0,2019-03-19 16:38:28,刺网
12995,28.647277777777767,126.26508333333334,4.4,342.0,2019-03-19 16:48:28,刺网
12995,28.658527777777767,126.2609722222222,4.4,333.0,2019-03-19 16:58:28,刺网
12995,28.66833333333333,126.25730555555555,2.2,307.0,2019-03-19 17:08:28,刺网
12995,28.671333333333337,126.25705555555555,1.3,154.0,2019-03-19 17:18:28,刺网
12995,28.67130555555556,126.25713888888887,1.2,343.0,2019-03-19 17:28:27,刺网
12995,28.67136111111111,126.25725,0.7,236.0,2019-03-19 17:38:27,刺网
12995,28.66186111111111,126.25038888888888,5.8,251.0,2019-03-19 17:58:27,刺网
12995,28.65594444444444,126.22966666666666,6.8,248.0,2019-03-19 18:08:27,刺网
12995,28.65083333333333,126.20866666666667,6.8,248.0,2019-03-19 18:18:27,刺网
12995,28.64380555555556,126.1895,3.0,261.0,2019-03-19 18:28:27,刺网
12995,28.64494444444445,126.18863888888887,0.4,0.0,2019-03-19 18:38:27,刺网
12995,28.645555555555553,126.18858333333333,0.8,289.0,2019-03-19 18:48:27,刺网
12995,28.645222222222234,126.18863888888887,1.1,142.0,2019-03-19 18:58:27,刺网
12995,28.644972222222233,126.1899722222222,0.5,124.0,2019-03-19 19:08:27,刺网
12995,28.644805555555553,126.19011111111112,0.6,67.0,2019-03-19 19:18:26,刺网
12995,28.64544444444445,126.18922222222223,0.2,0.0,2019-03-19 19:28:26,刺网
12995,28.64538888888889,126.18905555555556,0.5,0.0,2019-03-19 19:38:29,刺网
12995,28.644527777777785,126.19025,0.8,163.0,2019-03-19 19:48:26,刺网
12995,28.64525,126.1897777777778,0.3,324.0,2019-03-19 19:58:28,刺网
12995,28.64533333333333,126.1895,0.5,14.0,2019-03-19 20:08:29,刺网
12995,28.64466666666667,126.19027777777778,1.0,143.0,2019-03-19 20:18:29,刺网
12995,28.645,126.19002777777777,0.6,185.0,2019-03-19 20:28:29,刺网
12995,28.64458333333333,126.19036111111113,0.2,0.0,2019-03-19 20:38:28,刺网
12995,28.644861111111112,126.19016666666668,0.4,293.0,2019-03-19 20:48:29,刺网
12995,28.644388888888887,126.19041666666666,0.3,137.0,2019-03-19 20:58:28,刺网
12995,28.64475,126.19025,0.5,13.0,2019-03-19 21:08:28,刺网
12995,28.64466666666667,126.19030555555555,0.3,0.0,2019-03-19 21:18:28,刺网
12995,28.644472222222234,126.19044444444445,0.1,0.0,2019-03-19 21:38:28,刺网
12995,28.644444444444453,126.19047222222223,0.7,125.0,2019-03-19 21:48:28,刺网
12995,28.644416666666668,126.19044444444445,0.5,245.0,2019-03-19 21:58:28,刺网
12995,28.644277777777766,126.1905,0.9,229.0,2019-03-19 22:08:28,刺网
12995,28.644388888888887,126.1905,0.2,0.0,2019-03-19 22:18:28,刺网
12995,28.644277777777766,126.19052777777777,0.8,16.0,2019-03-19 22:28:28,刺网
12995,28.64419444444445,126.19052777777777,0.4,141.0,2019-03-19 22:38:27,刺网
12995,28.644277777777766,126.1905,0.3,0.0,2019-03-19 22:48:27,刺网
12995,28.644111111111112,126.19055555555555,0.2,0.0,2019-03-19 22:58:27,刺网
12995,28.64408333333333,126.19055555555555,0.4,0.0,2019-03-19 23:08:27,刺网
12995,28.644111111111112,126.19052777777777,0.2,0.0,2019-03-19 23:18:27,刺网
12995,28.644055555555553,126.19052777777777,0.5,21.0,2019-03-19 23:28:27,刺网
12995,28.644055555555553,126.19052777777777,1.1,176.0,2019-03-19 23:38:27,刺网
12995,28.64388888888889,126.19052777777777,0.7,218.0,2019-03-19 23:48:27,刺网
12995,28.643916666666666,126.19052777777777,1.3,164.0,2019-03-19 23:58:27,刺网
12995,28.643972222222214,126.19052777777777,0.2,0.0,2019-03-20 00:08:27,刺网
12995,28.644,126.19052777777777,1.3,25.0,2019-03-20 00:18:27,刺网
12995,28.644,126.19052777777777,0.8,155.0,2019-03-20 00:28:26,刺网
12995,28.643916666666666,126.19052777777777,0.3,0.0,2019-03-20 00:38:26,刺网
12995,28.644055555555553,126.19052777777777,0.7,110.0,2019-03-20 00:48:26,刺网
12995,28.643972222222214,126.1905,0.9,8.0,2019-03-20 00:58:29,刺网
12995,28.643972222222214,126.19052777777777,0.3,0.0,2019-03-20 01:08:29,刺网
12995,28.643972222222214,126.19052777777777,0.8,99.0,2019-03-20 01:18:29,刺网
12995,28.64402777777777,126.19052777777777,0.4,0.0,2019-03-20 01:28:29,刺网
12995,28.643972222222214,126.19058333333334,0.5,0.0,2019-03-20 01:38:29,刺网
12995,28.64402777777777,126.19055555555555,0.6,0.0,2019-03-20 01:48:29,刺网
12995,28.644111111111112,126.19055555555555,0.6,0.0,2019-03-20 01:58:28,刺网
12995,28.64408333333333,126.1905,0.7,0.0,2019-03-20 02:08:28,刺网
12995,28.64416666666667,126.19052777777777,0.4,119.0,2019-03-20 02:18:28,刺网
12995,28.64419444444445,126.1905,0.2,0.0,2019-03-20 02:28:28,刺网
12995,28.64425,126.1905,0.2,0.0,2019-03-20 02:38:28,刺网
12995,28.644361111111113,126.19047222222223,0.9,293.0,2019-03-20 02:48:28,刺网
12995,28.644722222222214,126.19027777777778,0.8,27.0,2019-03-20 02:58:28,刺网
12995,28.644972222222233,126.19008333333332,0.0,0.0,2019-03-20 03:08:28,刺网
12995,28.645194444444453,126.18980555555555,0.1,0.0,2019-03-20 03:18:28,刺网
12995,28.64536111111111,126.18955555555556,1.3,325.0,2019-03-20 03:28:28,刺网
12995,28.645166666666665,126.18913888888888,0.7,175.0,2019-03-20 03:38:28,刺网
12995,28.644472222222234,126.18944444444445,0.6,0.0,2019-03-20 03:48:27,刺网
12995,28.64175,126.18808333333334,4.1,189.0,2019-03-20 03:58:27,刺网
12995,28.660888888888888,126.18738888888893,7.1,355.0,2019-03-20 04:08:27,刺网
12995,28.68188888888889,126.18708333333332,7.6,3.0,2019-03-20 04:18:27,刺网
12995,28.704527777777766,126.18683333333334,7.7,9.0,2019-03-20 04:28:27,刺网
12995,28.693,126.19344444444445,7.1,177.0,2019-03-20 04:38:27,刺网
12995,28.6725,126.19355555555555,7.5,176.0,2019-03-20 04:48:27,刺网
12995,28.65208333333333,126.19344444444445,7.3,179.0,2019-03-20 04:58:27,刺网
12995,28.646027777777785,126.1999722222222,7.8,357.0,2019-03-20 05:08:27,刺网
12995,28.668194444444445,126.1999722222222,7.8,359.0,2019-03-20 05:18:27,刺网
12995,28.68991666666667,126.2000277777778,8.2,358.0,2019-03-20 05:28:26,刺网
12995,28.70294444444444,126.20591666666668,6.3,172.0,2019-03-20 05:38:26,刺网
12995,28.682027777777787,126.2062777777778,7.0,176.0,2019-03-20 05:48:26,刺网
12995,28.661527777777767,126.20647222222223,7.1,173.0,2019-03-20 05:58:26,刺网
12995,28.640916666666666,126.20669444444445,7.3,179.0,2019-03-20 06:08:26,刺网
12995,28.65525,126.21319444444444,8.2,352.0,2019-03-20 06:18:29,刺网
12995,28.67736111111111,126.21275,7.9,358.0,2019-03-20 06:28:29,刺网
12995,28.700194444444445,126.21416666666669,6.8,82.0,2019-03-20 06:38:26,刺网
12995,28.68475,126.21961111111112,6.9,178.0,2019-03-20 06:48:28,刺网
12995,28.66411111111111,126.22066666666667,8.4,173.0,2019-03-20 06:58:28,刺网
12995,28.64305555555556,126.2212222222222,7.4,182.0,2019-03-20 07:08:28,刺网
12995,28.65491666666667,126.21483333333332,6.3,295.0,2019-03-20 07:18:28,刺网
12995,28.66186111111111,126.19869444444444,5.6,294.0,2019-03-20 07:28:28,刺网
12995,28.66433333333333,126.1927777777778,0.9,5.0,2019-03-20 07:38:28,刺网
12995,28.667027777777786,126.19358333333334,1.4,355.0,2019-03-20 07:48:28,刺网
12995,28.66991666666667,126.19436111111112,1.1,14.0,2019-03-20 07:58:28,刺网
12995,28.67275,126.19558333333332,0.7,18.0,2019-03-20 08:08:28,刺网
12995,28.67594444444445,126.19700000000002,1.5,53.0,2019-03-20 08:18:28,刺网
12995,28.679111111111112,126.19866666666668,1.2,25.0,2019-03-20 08:28:27,刺网
12995,28.682388888888887,126.20077777777777,1.1,32.0,2019-03-20 08:38:28,刺网
12995,28.68555555555556,126.203,1.5,20.0,2019-03-20 08:48:27,刺网
12995,28.6885,126.20530555555555,1.2,15.0,2019-03-20 08:58:27,刺网
12995,28.68466666666667,126.19786111111112,5.6,229.0,2019-03-20 09:08:27,刺网
12995,28.673722222222214,126.18258333333334,2.0,223.0,2019-03-20 09:18:27,刺网
12995,28.672305555555557,126.17822222222223,4.3,317.0,2019-03-20 09:28:27,刺网
12995,28.680277777777786,126.1760277777778,2.5,17.0,2019-03-20 09:38:27,刺网
12995,28.68683333333333,126.17577777777778,1.6,31.0,2019-03-20 09:48:27,刺网
12995,28.69425,126.17469444444444,3.4,15.0,2019-03-20 09:58:27,刺网
12995,28.70255555555556,126.17369444444445,1.7,15.0,2019-03-20 10:08:27,刺网
12995,28.71058333333333,126.17369444444445,3.6,14.0,2019-03-20 10:18:26,刺网
12995,28.719027777777768,126.17491666666668,3.6,29.0,2019-03-20 10:28:26,刺网
12995,28.72594444444444,126.18075,3.6,43.0,2019-03-20 10:38:26,刺网
12995,28.72144444444445,126.18369444444444,2.9,208.0,2019-03-20 10:48:26,刺网
12995,28.71308333333333,126.18416666666668,2.8,174.0,2019-03-20 10:58:26,刺网
12995,28.706055555555555,126.18511111111113,3.4,158.0,2019-03-20 11:08:26,刺网
12995,28.698472222222215,126.18641666666667,3.5,181.0,2019-03-20 11:18:26,刺网
12995,28.69072222222222,126.18847222222222,3.2,162.0,2019-03-20 11:28:29,刺网
12995,28.682972222222233,126.19205555555556,3.7,142.0,2019-03-20 11:38:28,刺网
12995,28.675277777777787,126.19627777777778,3.2,149.0,2019-03-20 11:48:28,刺网
12995,28.67013888888889,126.20311111111113,1.9,204.0,2019-03-20 11:58:28,刺网
12995,28.665861111111113,126.21008333333334,3.7,103.0,2019-03-20 12:08:28,刺网
12995,28.666777777777767,126.21530555555556,2.3,347.0,2019-03-20 12:18:28,刺网
12995,28.66922222222223,126.21191666666668,1.3,287.0,2019-03-20 12:28:28,刺网
12995,28.67394444444445,126.20791666666666,2.0,342.0,2019-03-20 12:38:28,刺网
12995,28.679972222222233,126.20563888888893,2.0,77.0,2019-03-20 12:48:28,刺网
12995,28.685388888888887,126.20402777777778,1.5,338.0,2019-03-20 12:58:28,刺网
12995,28.69283333333333,126.20311111111113,2.9,5.0,2019-03-20 13:08:28,刺网
12995,28.696361111111113,126.20422222222223,1.5,35.0,2019-03-20 13:18:28,刺网
12995,28.69911111111111,126.20483333333334,1.3,333.0,2019-03-20 13:28:28,刺网
12995,28.70594444444444,126.20641666666668,3.2,5.0,2019-03-20 13:38:27,刺网
12995,28.71108333333333,126.20838888888893,2.8,41.0,2019-03-20 13:48:27,刺网
12995,28.71116666666667,126.21430555555555,2.4,299.0,2019-03-20 13:58:27,刺网
12995,28.708416666666665,126.21111111111112,2.3,172.0,2019-03-20 14:08:27,刺网
12995,28.701583333333332,126.21013888888888,3.5,166.0,2019-03-20 14:18:27,刺网
12995,28.694388888888888,126.20994444444445,2.5,166.0,2019-03-20 14:28:27,刺网
12995,28.687027777777786,126.20913888888887,3.0,166.0,2019-03-20 14:38:27,刺网
12995,28.68030555555556,126.20905555555555,3.2,187.0,2019-03-20 14:48:27,刺网
12995,28.67355555555556,126.21136111111107,1.3,136.0,2019-03-20 14:58:27,刺网
12995,28.66925,126.21433333333334,2.1,125.0,2019-03-20 15:08:27,刺网
12995,28.663611111111113,126.21955555555556,2.6,144.0,2019-03-20 15:18:27,刺网
12995,28.65844444444444,126.22308333333334,3.0,113.0,2019-03-20 15:28:27,刺网
12995,28.656527777777768,126.22683333333336,2.6,321.0,2019-03-20 15:38:26,刺网
12995,28.662138888888887,126.22330555555556,3.1,311.0,2019-03-20 15:48:26,刺网
12995,28.67041666666667,126.21888888888887,3.5,353.0,2019-03-20 15:58:26,刺网
12995,28.67955555555556,126.21533333333336,3.4,340.0,2019-03-20 16:08:26,刺网
12995,28.68858333333333,126.21341666666667,2.6,9.0,2019-03-20 16:18:26,刺网
12995,28.69613888888889,126.21391666666666,3.4,351.0,2019-03-20 16:28:26,刺网
12995,28.69986111111111,126.21225,1.2,6.0,2019-03-20 16:38:28,刺网
12995,28.704527777777766,126.20911111111113,2.8,312.0,2019-03-20 16:48:29,刺网
12995,28.710638888888887,126.211,2.8,108.0,2019-03-20 16:58:28,刺网
12995,28.710777777777786,126.21266666666668,2.3,347.0,2019-03-20 17:08:28,刺网
12995,28.70705555555555,126.21136111111107,2.1,153.0,2019-03-20 17:18:28,刺网
12995,28.701527777777766,126.21255555555555,1.8,175.0,2019-03-20 17:28:28,刺网
12995,28.696666666666665,126.21388888888887,2.5,195.0,2019-03-20 17:38:28,刺网
12995,28.692277777777786,126.21275,2.6,251.0,2019-03-20 17:48:28,刺网
12995,28.687638888888888,126.21330555555555,1.8,156.0,2019-03-20 17:58:28,刺网
12995,28.68413888888889,126.21588888888893,1.3,150.0,2019-03-20 18:08:28,刺网
12995,28.68033333333333,126.21861111111113,1.7,189.0,2019-03-20 18:18:28,刺网
12995,28.676777777777787,126.221,1.0,66.0,2019-03-20 18:28:28,刺网
12995,28.67866666666667,126.21852777777778,3.7,274.0,2019-03-20 18:38:28,刺网
12995,28.697555555555557,126.20694444444445,10.7,338.0,2019-03-20 18:48:27,刺网
12995,28.71897222222222,126.19533333333334,8.0,328.0,2019-03-20 18:58:27,刺网
12995,28.73680555555556,126.18236111111106,7.7,311.0,2019-03-20 19:08:27,刺网
12995,28.75458333333333,126.16844444444445,7.9,338.0,2019-03-20 19:18:27,刺网
12995,28.796611111111112,126.14325,8.5,329.0,2019-03-20 19:38:27,刺网
12995,28.816472222222234,126.13283333333334,8.5,330.0,2019-03-20 19:48:27,刺网
12995,28.83813888888889,126.12188888888888,8.7,346.0,2019-03-20 19:58:27,刺网
12995,28.861,126.11738888888887,3.5,287.0,2019-03-20 20:08:27,刺网
12995,28.863472222222214,126.11761111111107,0.7,122.0,2019-03-20 20:18:27,刺网
12995,28.863472222222214,126.11766666666666,0.2,0.0,2019-03-20 20:28:26,刺网
12995,28.8635,126.11769444444445,0.6,32.0,2019-03-20 20:38:26,刺网
12995,28.863472222222214,126.11775,1.1,114.0,2019-03-20 20:48:26,刺网
12995,28.86344444444445,126.11786111111113,0.4,0.0,2019-03-20 20:58:26,刺网
12995,28.863416666666666,126.11797222222219,0.2,0.0,2019-03-20 21:08:26,刺网
12995,28.86338888888889,126.118,1.7,127.0,2019-03-20 21:18:26,刺网
12995,28.86333333333333,126.11813888888888,0.4,0.0,2019-03-20 21:28:26,刺网
12995,28.86330555555556,126.11822222222222,0.6,30.0,2019-03-20 21:38:26,刺网
12995,28.863222222222234,126.11833333333333,0.7,207.0,2019-03-20 21:48:28,刺网
12995,28.863166666666668,126.11838888888887,0.7,165.0,2019-03-20 21:58:28,刺网
12995,28.863111111111113,126.1185,0.8,0.0,2019-03-20 22:08:28,刺网
12995,28.862972222222233,126.11866666666668,0.4,0.0,2019-03-20 22:18:28,刺网
12995,28.86283333333333,126.11877777777778,0.7,3.0,2019-03-20 22:28:28,刺网
12995,28.86272222222223,126.11888888888888,0.6,5.0,2019-03-20 22:38:28,刺网
12995,28.86258333333333,126.11902777777777,0.2,0.0,2019-03-20 22:48:28,刺网
12995,28.8625,126.11905555555555,0.3,0.0,2019-03-20 22:58:28,刺网
12995,28.862388888888887,126.11911111111107,1.3,56.0,2019-03-20 23:08:28,刺网
12995,28.862361111111113,126.11913888888887,1.6,145.0,2019-03-20 23:18:28,刺网
12995,28.862222222222233,126.11919444444445,1.6,330.0,2019-03-20 23:28:28,刺网
12995,28.86216666666667,126.11925,2.4,141.0,2019-03-20 23:38:27,刺网
12995,28.86216666666667,126.11919444444445,1.9,352.0,2019-03-20 23:48:27,刺网
12995,28.86208333333333,126.11922222222222,0.6,317.0,2019-03-20 23:58:27,刺网
12995,28.862055555555557,126.11925,1.1,221.0,2019-03-21 00:08:27,刺网
12995,28.862,126.11927777777777,1.1,116.0,2019-03-21 00:18:27,刺网
12995,28.862,126.11927777777777,0.4,283.0,2019-03-21 00:28:27,刺网
12995,28.86183333333333,126.11930555555556,1.0,227.0,2019-03-21 00:38:27,刺网
12995,28.86186111111111,126.11930555555556,0.8,120.0,2019-03-21 00:48:27,刺网
12995,28.861777777777768,126.11933333333332,0.3,173.0,2019-03-21 00:58:27,刺网
12995,28.86180555555556,126.11933333333332,0.9,4.0,2019-03-21 01:08:27,刺网
12995,28.86180555555556,126.11936111111108,0.6,331.0,2019-03-21 01:18:26,刺网
12995,28.861777777777768,126.11930555555556,0.5,328.0,2019-03-21 01:28:26,刺网
12995,28.86186111111111,126.11933333333332,1.0,63.0,2019-03-21 01:38:26,刺网
12995,28.86197222222223,126.11927777777777,1.4,276.0,2019-03-21 01:48:26,刺网
12995,28.86213888888889,126.11922222222222,0.7,108.0,2019-03-21 01:58:26,刺网
12995,28.862222222222233,126.11916666666666,0.7,45.0,2019-03-21 02:08:26,刺网
12995,28.862472222222234,126.11905555555555,0.6,350.0,2019-03-21 02:18:26,刺网
12995,28.86269444444445,126.11886111111107,1.4,163.0,2019-03-21 02:28:26,刺网
12995,28.86263888888889,126.11894444444445,0.9,29.0,2019-03-21 02:38:26,刺网
12995,28.86291666666667,126.11869444444444,1.6,110.0,2019-03-21 02:48:26,刺网
12995,28.863055555555558,126.11858333333332,1.3,237.0,2019-03-21 02:58:28,刺网
12995,28.863138888888887,126.11841666666666,1.2,111.0,2019-03-21 03:08:28,刺网
12995,28.863222222222234,126.11830555555555,0.4,0.0,2019-03-21 03:18:28,刺网
12995,28.86333333333333,126.11816666666664,0.9,121.0,2019-03-21 03:28:28,刺网
12995,28.86333333333333,126.11813888888888,0.4,34.0,2019-03-21 03:38:28,刺网
12995,28.86336111111111,126.11805555555556,0.4,162.0,2019-03-21 03:48:28,刺网
12995,28.86336111111111,126.11805555555556,0.5,165.0,2019-03-21 03:58:28,刺网
12995,28.861694444444453,126.11661111111107,3.0,200.0,2019-03-21 04:08:28,刺网
12995,28.874722222222214,126.11544444444445,6.8,356.0,2019-03-21 04:18:28,刺网
12995,28.89386111111111,126.11519444444444,7.4,354.0,2019-03-21 04:28:27,刺网
12995,28.914638888888888,126.11525,7.1,7.0,2019-03-21 04:38:27,刺网
12995,28.91216666666667,126.12144444444445,7.6,175.0,2019-03-21 04:48:27,刺网
12995,28.89230555555556,126.1215,6.8,176.0,2019-03-21 04:58:27,刺网
12995,28.872555555555554,126.12158333333332,6.9,176.0,2019-03-21 05:08:27,刺网
12995,28.87141666666667,126.12694444444445,8.4,2.0,2019-03-21 05:18:27,刺网
12995,28.89333333333333,126.12733333333333,7.7,355.0,2019-03-21 05:28:27,刺网
12995,28.91558333333333,126.12736111111107,7.8,3.0,2019-03-21 05:38:27,刺网
12995,28.908055555555553,126.13261111111107,6.3,182.0,2019-03-21 05:48:27,刺网
12995,28.888222222222232,126.13288888888887,7.7,179.0,2019-03-21 05:58:27,刺网
12995,28.869,126.13283333333334,7.6,176.0,2019-03-21 06:08:27,刺网
12995,28.87863888888889,126.1385,7.6,358.0,2019-03-21 06:18:26,刺网
12995,28.90122222222222,126.13866666666668,8.3,2.0,2019-03-21 06:28:26,刺网
12995,28.91919444444445,126.14066666666668,6.6,106.0,2019-03-21 06:38:26,刺网
12995,28.902444444444445,126.14375,4.1,178.0,2019-03-21 06:48:26,刺网
12995,28.88425,126.14416666666668,5.4,171.0,2019-03-21 06:58:26,刺网
12995,28.86491666666667,126.14438888888893,6.9,183.0,2019-03-21 07:08:26,刺网
12995,28.856222222222215,126.12480555555555,7.1,243.0,2019-03-21 07:18:26,刺网
12995,28.851055555555558,126.10394444444445,2.1,261.0,2019-03-21 07:28:26,刺网
12995,28.85386111111111,126.104,1.2,318.0,2019-03-21 07:38:26,刺网
12995,28.858000000000004,126.1045277777778,1.3,14.0,2019-03-21 07:48:26,刺网
12995,28.86213888888889,126.1055,1.5,23.0,2019-03-21 07:58:28,刺网
12995,28.86594444444445,126.10727777777778,1.6,28.0,2019-03-21 08:08:28,刺网
12995,28.87019444444445,126.10958333333332,1.9,38.0,2019-03-21 08:18:28,刺网
12995,28.874472222222234,126.11216666666664,2.1,48.0,2019-03-21 08:28:28,刺网
12995,28.879,126.11491666666666,1.4,20.0,2019-03-21 08:38:28,刺网
12995,28.88286111111111,126.11763888888888,1.7,27.0,2019-03-21 08:48:28,刺网
12995,28.887138888888888,126.12075,1.8,28.0,2019-03-21 08:58:28,刺网
12995,28.89075,126.12427777777776,1.2,34.0,2019-03-21 09:08:27,刺网
12995,28.89416666666667,126.12075,6.1,277.0,2019-03-21 09:18:28,刺网
12995,28.89875,126.10152777777776,5.8,298.0,2019-03-21 09:28:27,刺网
12995,28.899555555555555,126.09658333333331,2.1,286.0,2019-03-21 09:38:27,刺网
12995,28.906027777777766,126.09638888888887,3.8,12.0,2019-03-21 09:48:27,刺网
12995,28.91611111111111,126.09816666666666,3.2,7.0,2019-03-21 09:58:27,刺网
12995,28.92466666666667,126.09694444444445,2.9,335.0,2019-03-21 10:08:27,刺网
12995,28.933694444444445,126.09513888888887,3.3,354.0,2019-03-21 10:18:27,刺网
12995,28.94233333333333,126.09700000000001,3.1,45.0,2019-03-21 10:28:27,刺网
12995,28.940222222222232,126.10355555555556,2.6,161.0,2019-03-21 10:38:27,刺网
12995,28.93197222222223,126.10669444444444,3.6,156.0,2019-03-21 10:48:27,刺网
12995,28.92444444444445,126.1110277777778,3.4,136.0,2019-03-21 10:58:27,刺网
12995,28.91675,126.11327777777777,2.9,171.0,2019-03-21 11:08:27,刺网
12995,28.90925,126.11613888888887,2.2,186.0,2019-03-21 11:18:26,刺网
12995,28.90158333333333,126.11438888888887,2.5,180.0,2019-03-21 11:28:26,刺网
12995,28.894527777777785,126.11288888888888,2.8,184.0,2019-03-21 11:38:26,刺网
12995,28.89194444444445,126.11733333333332,3.6,39.0,2019-03-21 11:48:26,刺网
12995,28.899555555555555,126.12169444444444,3.2,47.0,2019-03-21 11:58:26,刺网
12995,28.906166666666664,126.12758333333332,2.3,352.0,2019-03-21 12:08:26,刺网
12995,28.913055555555548,126.1263611111111,2.3,347.0,2019-03-21 12:18:26,刺网
12995,28.918555555555557,126.12288888888888,1.9,307.0,2019-03-21 12:28:26,刺网
12995,28.92541666666667,126.12133333333333,2.4,0.0,2019-03-21 12:38:26,刺网
12995,28.93255555555556,126.1262222222222,3.1,57.0,2019-03-21 12:48:26,刺网
12995,28.934777777777786,126.13636111111113,1.9,115.0,2019-03-21 12:58:28,刺网
12995,28.930861111111113,126.13327777777776,2.5,223.0,2019-03-21 13:08:28,刺网
12995,28.92436111111111,126.12897222222222,2.4,198.0,2019-03-21 13:18:28,刺网
12995,28.91636111111111,126.12908333333333,2.3,151.0,2019-03-21 13:28:28,刺网
12995,28.908055555555553,126.13291666666666,3.3,183.0,2019-03-21 13:38:28,刺网
12995,28.90355555555556,126.13211111111113,3.3,133.0,2019-03-21 13:48:28,刺网
12995,28.897222222222233,126.13858333333332,3.3,143.0,2019-03-21 13:58:28,刺网
12995,28.889833333333332,126.1425277777778,3.1,117.0,2019-03-21 14:08:28,刺网
12995,28.892194444444453,126.14405555555555,2.0,319.0,2019-03-21 14:18:27,刺网
12995,28.8975,126.14005555555555,2.5,12.0,2019-03-21 14:28:27,刺网
12995,28.904694444444445,126.1405,2.8,42.0,2019-03-21 14:38:27,刺网
12995,28.910611111111113,126.14686111111112,2.1,8.0,2019-03-21 14:48:27,刺网
12995,28.918861111111113,126.15069444444444,2.4,23.0,2019-03-21 14:58:27,刺网
12995,28.92672222222223,126.15536111111112,3.1,64.0,2019-03-21 15:08:27,刺网
12995,28.925666666666668,126.16155555555555,3.8,170.0,2019-03-21 15:18:27,刺网
12995,28.91694444444445,126.15980555555555,3.2,201.0,2019-03-21 15:28:27,刺网
12995,28.90944444444445,126.1565,1.9,211.0,2019-03-21 15:38:27,刺网
12995,28.902027777777768,126.15355555555556,3.3,223.0,2019-03-21 15:48:27,刺网
12995,28.89611111111111,126.1497222222222,3.1,173.0,2019-03-21 15:58:27,刺网
12995,28.888638888888888,126.15255555555555,1.1,175.0,2019-03-21 16:18:26,刺网
12995,28.885805555555557,126.15177777777778,0.6,195.0,2019-03-21 16:28:26,刺网
12995,28.883111111111113,126.15094444444445,0.6,192.0,2019-03-21 16:38:26,刺网
12995,28.880388888888888,126.14975,1.5,204.0,2019-03-21 16:48:26,刺网
12995,28.873583333333336,126.15091666666667,4.1,183.0,2019-03-21 16:58:26,刺网
12995,28.86441666666667,126.13575,8.1,248.0,2019-03-21 17:08:26,刺网
12995,28.85619444444445,126.109,8.3,251.0,2019-03-21 17:18:26,刺网
12995,28.849027777777767,126.08555555555556,7.9,251.0,2019-03-21 17:28:26,刺网
12995,28.841666666666665,126.061,8.3,255.0,2019-03-21 17:38:26,刺网
12995,28.834861111111113,126.03633333333332,8.4,255.0,2019-03-21 17:48:26,刺网
12995,28.828055555555554,126.01172222222223,7.8,251.0,2019-03-21 17:58:25,刺网
12995,28.821305555555558,125.98744444444445,8.5,243.0,2019-03-21 18:08:25,刺网
12995,28.80991666666667,125.96955555555556,7.7,196.0,2019-03-21 18:18:25,刺网
12995,28.788472222222214,125.96419444444444,8.0,187.0,2019-03-21 18:28:28,刺网
12995,28.76725,125.95983333333334,8.2,192.0,2019-03-21 18:38:28,刺网
12995,28.762027777777767,125.95858333333334,0.9,244.0,2019-03-21 18:48:28,刺网
12995,28.76163888888889,125.95791666666666,0.4,296.0,2019-03-21 18:58:28,刺网
12995,28.76166666666667,125.95791666666666,1.0,209.0,2019-03-21 19:08:28,刺网
12995,28.76161111111111,125.958,1.9,350.0,2019-03-21 19:18:28,刺网
12995,28.761416666666666,125.95811111111112,0.5,25.0,2019-03-21 19:28:28,刺网
12995,28.76130555555556,125.95827777777778,1.6,204.0,2019-03-21 19:38:28,刺网
12995,28.761277777777767,125.95836111111113,0.9,139.0,2019-03-21 19:48:27,刺网
12995,28.761055555555558,125.95861111111113,0.8,102.0,2019-03-21 19:58:27,刺网
12995,28.76102777777778,125.95866666666667,0.7,50.0,2019-03-21 20:08:27,刺网
12995,28.76091666666667,125.95866666666667,2.0,72.0,2019-03-21 20:18:27,刺网
12995,28.76083333333333,125.95883333333332,1.0,186.0,2019-03-21 20:28:27,刺网
12995,28.76091666666667,125.9590277777778,1.5,16.0,2019-03-21 20:38:27,刺网
12995,28.76083333333333,125.95897222222223,1.3,48.0,2019-03-21 20:48:27,刺网
12995,28.76086111111111,125.95916666666668,0.9,20.0,2019-03-21 20:58:27,刺网
12995,28.76083333333333,125.95930555555556,0.3,0.0,2019-03-21 21:08:27,刺网
12995,28.760722222222213,125.95933333333336,1.2,207.0,2019-03-21 21:18:27,刺网
12995,28.76058333333333,125.95997222222222,0.9,35.0,2019-03-21 21:28:26,刺网
12995,28.7605,125.96002777777778,1.4,133.0,2019-03-21 21:38:26,刺网
12995,28.76055555555555,125.96069444444444,0.1,0.0,2019-03-21 21:48:26,刺网
12995,28.760527777777767,125.96041666666666,0.6,192.0,2019-03-21 21:58:26,刺网
12995,28.760472222222226,125.96002777777778,1.1,280.0,2019-03-21 22:08:26,刺网
12995,28.760472222222226,125.95972222222224,1.5,132.0,2019-03-21 22:18:26,刺网
12995,28.760472222222226,125.95972222222224,1.9,185.0,2019-03-21 22:28:26,刺网
12995,28.760444444444442,125.95986111111112,0.3,0.0,2019-03-21 22:38:26,刺网
12995,28.760444444444442,125.96,0.9,100.0,2019-03-21 22:48:26,刺网
12995,28.7605,125.9605,0.5,32.0,2019-03-21 22:58:26,刺网
12995,28.760527777777767,125.96069444444444,0.9,44.0,2019-03-21 23:08:25,刺网
12995,28.76058333333333,125.96086111111113,1.2,58.0,2019-03-21 23:18:25,刺网
12995,28.760722222222213,125.96113888888887,0.8,37.0,2019-03-21 23:28:25,刺网
12995,28.76083333333333,125.96133333333331,0.5,27.0,2019-03-21 23:38:25,刺网
12995,28.76086111111111,125.96144444444445,0.3,190.0,2019-03-21 23:48:28,刺网
12995,28.76091666666667,125.96147222222223,1.1,270.0,2019-03-21 23:58:28,刺网
12995,28.76094444444445,125.9615,0.4,197.0,2019-03-22 00:08:28,刺网
12995,28.76083333333333,125.96133333333331,1.0,144.0,2019-03-22 00:18:28,刺网
12995,28.760722222222213,125.96116666666668,0.4,0.0,2019-03-22 00:28:28,刺网
12995,28.76061111111111,125.96086111111113,0.5,126.0,2019-03-22 00:38:28,刺网
12995,28.76055555555555,125.96058333333332,0.6,137.0,2019-03-22 00:48:28,刺网
12995,28.76058333333333,125.96086111111113,0.5,0.0,2019-03-22 00:58:27,刺网
12995,28.760527777777767,125.96066666666668,0.6,104.0,2019-03-22 01:08:27,刺网
12995,28.760527777777767,125.96066666666668,0.6,126.0,2019-03-22 01:18:27,刺网
12995,28.76055555555555,125.96080555555555,0.9,63.0,2019-03-22 01:28:27,刺网
12995,28.76055555555555,125.9607777777778,1.4,56.0,2019-03-22 01:38:27,刺网
12995,28.7605,125.96072222222223,0.8,154.0,2019-03-22 01:48:27,刺网
12995,28.7605,125.96072222222223,0.5,120.0,2019-03-22 01:58:27,刺网
12995,28.760416666666664,125.96036111111113,0.5,340.0,2019-03-22 02:08:27,刺网
12995,28.760416666666664,125.9602777777778,0.5,206.0,2019-03-22 02:18:27,刺网
12995,28.760444444444442,125.96041666666666,0.2,0.0,2019-03-22 02:28:26,刺网
12995,28.760444444444442,125.9602777777778,0.5,28.0,2019-03-22 02:38:27,刺网
12995,28.7605,125.96055555555556,0.2,0.0,2019-03-22 02:48:26,刺网
12995,28.760472222222226,125.9604722222222,0.4,0.0,2019-03-22 02:58:26,刺网
12995,28.76055555555555,125.96083333333334,0.4,0.0,2019-03-22 03:08:26,刺网
12995,28.76055555555555,125.96088888888893,0.6,238.0,2019-03-22 03:18:26,刺网
12995,28.760444444444442,125.96066666666668,0.8,158.0,2019-03-22 03:28:26,刺网
12995,28.760444444444442,125.96041666666666,0.3,0.0,2019-03-22 03:38:26,刺网
12995,28.760472222222226,125.96055555555556,0.7,0.0,2019-03-22 03:48:26,刺网
12995,28.760444444444442,125.9602777777778,1.1,77.0,2019-03-22 03:58:26,刺网
12995,28.760416666666664,125.96022222222223,0.3,270.0,2019-03-22 04:08:26,刺网
12995,28.760388888888887,125.96019444444444,0.3,0.0,2019-03-22 04:18:26,刺网
12995,28.75927777777777,125.95816666666668,7.8,204.0,2019-03-22 04:28:25,刺网
12995,28.73769444444445,125.94905555555556,7.6,187.0,2019-03-22 04:38:25,刺网
12995,28.744777777777767,125.94744444444444,6.6,353.0,2019-03-22 04:48:25,刺网
12995,28.76386111111111,125.94716666666667,7.3,358.0,2019-03-22 04:58:25,刺网
12995,28.78333333333333,125.94680555555556,6.5,354.0,2019-03-22 05:08:28,刺网
12995,28.80005555555556,125.94936111111113,8.6,91.0,2019-03-22 05:18:28,刺网
12995,28.780777777777786,125.95241666666666,7.5,174.0,2019-03-22 05:28:28,刺网
12995,28.759638888888887,125.95286111111112,6.9,177.0,2019-03-22 05:38:28,刺网
12995,28.73866666666667,125.953,7.9,180.0,2019-03-22 05:48:28,刺网
12995,28.71788888888889,125.953,7.6,179.0,2019-03-22 05:58:28,刺网
12995,28.714388888888887,125.9579722222222,7.9,2.0,2019-03-22 06:08:27,刺网
12995,28.735277777777767,125.95808333333332,8.2,358.0,2019-03-22 06:18:27,刺网
12995,28.752972222222233,125.95847222222223,6.8,3.0,2019-03-22 06:28:27,刺网
12995,28.75033333333333,125.9634722222222,6.9,186.0,2019-03-22 06:38:27,刺网
12995,28.730666666666664,125.964,7.9,181.0,2019-03-22 06:48:27,刺网
12995,28.716666666666665,125.96975,6.4,33.0,2019-03-22 06:58:27,刺网
12995,28.75188888888889,125.96433333333334,5.4,323.0,2019-03-22 07:18:27,刺网
12995,28.758555555555557,125.95788888888887,2.0,316.0,2019-03-22 07:28:27,刺网
12995,28.758527777777786,125.95525,1.0,258.0,2019-03-22 07:38:26,刺网
12995,28.75883333333333,125.95283333333334,0.8,285.0,2019-03-22 07:48:26,刺网
12995,28.75919444444445,125.95044444444444,1.4,190.0,2019-03-22 07:58:26,刺网
12995,28.759527777777766,125.9485,0.8,236.0,2019-03-22 08:08:26,刺网
12995,28.759888888888888,125.94675,1.3,205.0,2019-03-22 08:18:26,刺网
12995,28.76016666666667,125.94513888888888,0.8,136.0,2019-03-22 08:28:26,刺网
12995,28.76019444444445,125.94394444444444,0.4,271.0,2019-03-22 08:38:26,刺网
12995,28.760222222222232,125.943,2.0,182.0,2019-03-22 08:48:26,刺网
12995,28.76,125.94169444444445,1.0,221.0,2019-03-22 08:58:26,刺网
12995,28.75625,125.93147222222223,7.5,243.0,2019-03-22 09:08:26,刺网
12995,28.7485,125.9112222222222,5.2,323.0,2019-03-22 09:18:26,刺网
12995,28.747472222222232,125.91533333333336,3.1,45.0,2019-03-22 09:28:26,刺网
12995,28.75480555555556,125.9207777777778,3.7,33.0,2019-03-22 09:38:25,刺网
12995,28.76208333333333,125.923,2.7,19.0,2019-03-22 09:48:25,刺网
12995,28.77047222222223,125.92416666666666,2.8,18.0,2019-03-22 09:58:25,刺网
12995,28.779138888888887,125.92719444444445,2.3,357.0,2019-03-22 10:08:25,刺网
12995,28.787527777777786,125.92738888888893,4.1,356.0,2019-03-22 10:18:25,刺网
12995,28.79575,125.92808333333332,3.8,11.0,2019-03-22 10:28:25,刺网
12995,28.80461111111111,125.93019444444445,3.6,11.0,2019-03-22 10:38:28,刺网
12995,28.805277777777786,125.93713888888892,3.8,181.0,2019-03-22 10:48:28,刺网
12995,28.797750000000004,125.93680555555555,2.4,175.0,2019-03-22 10:58:28,刺网
12995,28.789777777777786,125.93733333333334,2.4,169.0,2019-03-22 11:08:27,刺网
12995,28.782527777777766,125.93913888888888,4.3,175.0,2019-03-22 11:18:27,刺网
12995,28.77488888888889,125.93888888888893,3.0,186.0,2019-03-22 11:28:27,刺网
12995,28.76725,125.93869444444445,3.5,163.0,2019-03-22 11:38:27,刺网
12995,28.759222222222213,125.9410277777778,4.1,172.0,2019-03-22 11:48:27,刺网
12995,28.75097222222222,125.94230555555555,2.5,171.0,2019-03-22 11:58:27,刺网
12995,28.74258333333333,125.94322222222223,3.3,171.0,2019-03-22 12:08:27,刺网
12995,28.737222222222233,125.93933333333334,2.1,256.0,2019-03-22 12:18:27,刺网
12995,28.729888888888887,125.93933333333334,3.1,172.0,2019-03-22 12:28:26,刺网
12995,28.72063888888889,125.93925,3.4,190.0,2019-03-22 12:38:26,刺网
12995,28.71572222222222,125.94311111111112,3.5,31.0,2019-03-22 12:48:26,刺网
12995,28.72025,125.94783333333336,3.2,31.0,2019-03-22 12:58:26,刺网
12995,28.726999999999997,125.95355555555555,3.4,42.0,2019-03-22 13:08:26,刺网
12995,28.73386111111111,125.95702777777778,2.0,30.0,2019-03-22 13:18:26,刺网
12995,28.740111111111112,125.95736111111113,1.5,353.0,2019-03-22 13:28:26,刺网
12995,28.746333333333336,125.95705555555556,2.0,40.0,2019-03-22 13:38:26,刺网
12995,28.75044444444445,125.95969444444445,2.0,125.0,2019-03-22 13:48:26,刺网
12995,28.74447222222223,125.96525,3.0,173.0,2019-03-22 13:58:26,刺网
12995,28.735,125.96825,3.5,171.0,2019-03-22 14:08:26,刺网
12995,28.72588888888889,125.97241666666667,2.7,140.0,2019-03-22 14:18:26,刺网
12995,28.72502777777777,125.96886111111112,2.5,215.0,2019-03-22 14:28:26,刺网
12995,28.71911111111111,125.96902777777777,3.3,211.0,2019-03-22 14:38:25,刺网
12995,28.712916666666665,125.96925,0.9,0.0,2019-03-22 14:48:25,刺网
12995,28.716583333333336,125.9699722222222,1.9,305.0,2019-03-22 14:58:25,刺网
12995,28.72169444444444,125.97088888888894,2.4,37.0,2019-03-22 15:08:25,刺网
12995,28.720527777777786,125.97919444444445,3.2,127.0,2019-03-22 15:18:25,刺网
12995,28.714861111111112,125.98483333333333,2.5,140.0,2019-03-22 15:28:25,刺网
12995,28.703805555555558,126.00091666666668,6.7,121.0,2019-03-22 15:38:25,刺网
12995,28.691527777777768,126.02205555555555,8.0,121.0,2019-03-22 15:48:25,刺网
12995,28.67975,126.04355555555556,8.0,127.0,2019-03-22 15:58:28,刺网
12995,28.66783333333333,126.06491666666666,7.9,124.0,2019-03-22 16:08:27,刺网
12995,28.656027777777766,126.08580555555555,8.4,117.0,2019-03-22 16:18:28,刺网
12995,28.644277777777766,126.10669444444444,8.4,133.0,2019-03-22 16:28:27,刺网
12995,28.63294444444445,126.12741666666666,8.0,117.0,2019-03-22 16:38:27,刺网
12995,28.621722222222214,126.14744444444445,7.0,119.0,2019-03-22 16:48:27,刺网
12995,28.61077777777778,126.16708333333334,6.3,120.0,2019-03-22 16:58:27,刺网
12995,28.5995,126.18730555555555,7.2,120.0,2019-03-22 17:08:27,刺网
12995,28.58963888888889,126.20525,6.7,123.0,2019-03-22 17:18:27,刺网
12995,28.586055555555557,126.20983333333334,0.9,73.0,2019-03-22 17:28:27,刺网
12995,28.585305555555554,126.20916666666668,0.1,0.0,2019-03-22 17:38:27,刺网
12995,28.58525,126.20916666666668,1.8,223.0,2019-03-22 17:48:27,刺网
12995,28.58544444444444,126.209,2.4,326.0,2019-03-22 17:58:26,刺网
12995,28.585555555555555,126.20886111111106,0.3,0.0,2019-03-22 18:08:26,刺网
12995,28.585694444444442,126.20877777777778,1.3,143.0,2019-03-22 18:18:26,刺网
12995,28.58594444444445,126.20866666666667,1.5,344.0,2019-03-22 18:28:26,刺网
12995,28.58608333333333,126.20855555555555,2.1,317.0,2019-03-22 18:38:26,刺网
12995,28.586416666666665,126.20844444444445,0.4,325.0,2019-03-22 18:48:26,刺网
12995,28.5865,126.20844444444445,1.6,173.0,2019-03-22 18:58:26,刺网
12995,28.58675,126.20847222222223,1.0,43.0,2019-03-22 19:08:26,刺网
12995,28.58688888888889,126.20836111111113,0.9,201.0,2019-03-22 19:18:26,刺网
12995,28.587138888888887,126.20841666666668,1.3,2.0,2019-03-22 19:28:26,刺网
12995,28.587194444444453,126.20838888888893,0.4,298.0,2019-03-22 19:38:26,刺网
12995,28.58738888888889,126.20850000000002,1.5,166.0,2019-03-22 19:48:26,刺网
12995,28.587472222222214,126.20847222222223,1.1,20.0,2019-03-22 19:58:25,刺网
12995,28.5875,126.20847222222223,1.1,329.0,2019-03-22 20:08:25,刺网
12995,28.58744444444445,126.20850000000002,0.4,0.0,2019-03-22 20:18:25,刺网
12995,28.58736111111111,126.20847222222223,2.1,11.0,2019-03-22 20:28:25,刺网
12995,28.58736111111111,126.20850000000002,1.6,86.0,2019-03-22 20:38:25,刺网
12995,28.58736111111111,126.20855555555555,1.5,150.0,2019-03-22 20:48:25,刺网
12995,28.587416666666666,126.20861111111113,0.7,49.0,2019-03-22 20:58:25,刺网
12995,28.58733333333333,126.20858333333334,1.1,37.0,2019-03-22 21:08:25,刺网
12995,28.58744444444445,126.20866666666667,0.8,0.0,2019-03-22 21:18:25,刺网
12995,28.587277777777768,126.20869444444445,1.3,335.0,2019-03-22 21:28:28,刺网
12995,28.58708333333333,126.20861111111113,1.8,1.0,2019-03-22 21:38:27,刺网
12995,28.58688888888889,126.20872222222219,1.0,43.0,2019-03-22 21:48:27,刺网
12995,28.58663888888889,126.20877777777778,0.4,0.0,2019-03-22 21:58:27,刺网
12995,28.586277777777767,126.20877777777778,0.7,23.0,2019-03-22 22:08:27,刺网
12995,28.58583333333333,126.20908333333334,1.0,142.0,2019-03-22 22:18:27,刺网
12995,28.58519444444445,126.20955555555555,0.9,326.0,2019-03-22 22:28:27,刺网
12995,28.584722222222233,126.21036111111113,0.8,18.0,2019-03-22 22:38:27,刺网
12995,28.58458333333333,126.21105555555555,0.6,179.0,2019-03-22 22:48:27,刺网
12995,28.584611111111112,126.21063888888894,0.7,28.0,2019-03-22 22:58:27,刺网
12995,28.58458333333333,126.2105,0.3,0.0,2019-03-22 23:08:27,刺网
12995,28.584555555555553,126.21094444444445,1.4,74.0,2019-03-22 23:18:27,刺网
12995,28.58458333333333,126.21116666666668,1.3,219.0,2019-03-22 23:28:26,刺网
12995,28.584611111111112,126.21122222222222,0.5,188.0,2019-03-22 23:38:26,刺网
12995,28.58463888888889,126.21166666666667,0.4,266.0,2019-03-22 23:48:26,刺网
12995,28.58469444444445,126.21194444444444,0.8,168.0,2019-03-22 23:58:26,刺网
12995,28.584888888888887,126.21241666666668,0.9,36.0,2019-03-23 00:08:26,刺网
12995,28.58508333333333,126.21272222222223,0.6,0.0,2019-03-23 00:18:26,刺网
12995,28.58508333333333,126.21269444444445,0.3,0.0,2019-03-23 00:28:26,刺网
12995,28.58525,126.21297222222222,0.8,284.0,2019-03-23 00:38:26,刺网
12995,28.58527777777777,126.213,0.5,0.0,2019-03-23 00:48:25,刺网
12995,28.585222222222214,126.21288888888887,0.5,147.0,2019-03-23 00:58:25,刺网
12995,28.58511111111111,126.21275,1.3,231.0,2019-03-23 01:08:25,刺网
12995,28.585,126.21263888888888,0.9,23.0,2019-03-23 01:18:25,刺网
12995,28.584944444444453,126.21252777777778,1.2,18.0,2019-03-23 01:28:25,刺网
12995,28.584888888888887,126.21238888888894,1.0,139.0,2019-03-23 01:38:25,刺网
12995,28.584888888888887,126.21238888888894,0.7,204.0,2019-03-23 01:48:25,刺网
12995,28.584861111111113,126.21236111111112,0.7,235.0,2019-03-23 01:58:25,刺网
12995,28.584805555555555,126.2122777777778,1.2,256.0,2019-03-23 02:08:25,刺网
12995,28.58475,126.21213888888887,0.7,25.0,2019-03-23 02:18:25,刺网
12995,28.584805555555555,126.21219444444445,0.8,27.0,2019-03-23 02:28:25,刺网
12995,28.58466666666667,126.21186111111112,1.3,252.0,2019-03-23 02:38:25,刺网
12995,28.58463888888889,126.21186111111112,0.9,115.0,2019-03-23 02:48:25,刺网
12995,28.58463888888889,126.21180555555556,1.0,30.0,2019-03-23 02:58:27,刺网
12995,28.584555555555553,126.21152777777776,1.3,41.0,2019-03-23 03:08:27,刺网
12995,28.58458333333333,126.21152777777776,0.3,0.0,2019-03-23 03:18:27,刺网
12995,28.58452777777777,126.21108333333332,0.6,256.0,2019-03-23 03:28:27,刺网
12995,28.584555555555553,126.2115,1.1,321.0,2019-03-23 03:38:27,刺网
12995,28.584555555555553,126.21125,1.1,78.0,2019-03-23 03:48:27,刺网
12995,28.58452777777777,126.21113888888887,0.9,41.0,2019-03-23 03:58:27,刺网
12995,28.58452777777777,126.21108333333332,0.9,17.0,2019-03-23 04:08:27,刺网
12995,28.58452777777777,126.21086111111113,0.5,0.0,2019-03-23 04:18:27,刺网
12995,28.584555555555553,126.21105555555555,0.1,0.0,2019-03-23 04:28:27,刺网
12995,28.58452777777777,126.2109722222222,0.6,225.0,2019-03-23 04:38:27,刺网
12995,28.584555555555553,126.21091666666668,0.3,0.0,2019-03-23 04:48:26,刺网
12995,28.584555555555553,126.21066666666668,0.3,0.0,2019-03-23 05:08:26,刺网
12995,28.58458333333333,126.21055555555556,0.6,267.0,2019-03-23 05:18:26,刺网
12995,28.58466666666667,126.21030555555555,1.7,116.0,2019-03-23 05:28:26,刺网
12995,28.58463888888889,126.21033333333334,1.2,280.0,2019-03-23 05:38:26,刺网
12995,28.58463888888889,126.21033333333334,1.1,7.0,2019-03-23 05:48:26,刺网
12995,28.58466666666667,126.21033333333334,0.5,0.0,2019-03-23 05:58:26,刺网
12995,28.58475,126.21008333333334,1.8,192.0,2019-03-23 06:08:26,刺网
12995,28.584805555555555,126.20988888888893,1.3,330.0,2019-03-23 06:18:25,刺网
12995,28.58491666666667,126.20972222222224,1.9,49.0,2019-03-23 06:28:25,刺网
12995,28.58508333333333,126.20966666666666,1.2,311.0,2019-03-23 06:38:25,刺网
12995,28.58525,126.20938888888894,3.3,339.0,2019-03-23 06:48:25,刺网
12995,28.58544444444444,126.20908333333334,0.5,0.0,2019-03-23 06:58:25,刺网
12995,28.585777777777786,126.20897222222223,0.9,324.0,2019-03-23 07:08:25,刺网
12995,28.58586111111111,126.20875,1.2,221.0,2019-03-23 07:18:25,刺网
12995,28.58608333333333,126.20866666666667,1.0,353.0,2019-03-23 07:28:25,刺网
12995,28.58647222222222,126.20872222222219,0.4,0.0,2019-03-23 07:38:25,刺网
12995,28.586777777777765,126.20877777777778,1.1,0.0,2019-03-23 07:48:25,刺网
12995,28.58675,126.20880555555556,1.2,311.0,2019-03-23 07:58:25,刺网
12995,28.58669444444445,126.20875,1.8,13.0,2019-03-23 08:08:25,刺网
12995,28.58663888888889,126.20869444444445,1.5,249.0,2019-03-23 08:18:27,刺网
12995,28.586527777777768,126.20886111111106,0.7,9.0,2019-03-23 08:28:27,刺网
12995,28.586277777777767,126.20886111111106,1.7,338.0,2019-03-23 08:38:27,刺网
12995,28.586111111111112,126.20905555555555,1.1,9.0,2019-03-23 08:48:27,刺网
12995,28.58572222222222,126.20913888888887,2.1,355.0,2019-03-23 08:58:27,刺网
12995,28.585555555555555,126.20938888888894,1.0,121.0,2019-03-23 09:08:27,刺网
12995,28.585166666666666,126.20980555555555,0.2,0.0,2019-03-23 09:18:27,刺网
12995,28.58483333333333,126.20997222222222,1.1,138.0,2019-03-23 09:28:27,刺网
12995,28.58463888888889,126.2107777777778,0.9,155.0,2019-03-23 09:38:27,刺网
12995,28.584555555555553,126.21113888888887,0.4,266.0,2019-03-23 09:48:27,刺网
12995,28.584555555555553,126.21069444444444,1.2,265.0,2019-03-23 09:58:26,刺网
12995,28.58475,126.21005555555556,0.7,257.0,2019-03-23 10:08:26,刺网
12995,28.58452777777777,126.21108333333332,1.5,163.0,2019-03-23 10:18:26,刺网
12995,28.58458333333333,126.21055555555556,1.1,38.0,2019-03-23 10:28:26,刺网
12995,28.58463888888889,126.21172222222224,0.6,297.0,2019-03-23 10:38:26,刺网
12995,28.58458333333333,126.211,0.4,0.0,2019-03-23 10:48:26,刺网
12995,28.584611111111112,126.21063888888894,1.8,244.0,2019-03-23 10:58:26,刺网
12995,28.58458333333333,126.21066666666668,0.9,36.0,2019-03-23 11:08:26,刺网
12995,28.58458333333333,126.211,0.5,279.0,2019-03-23 11:18:25,刺网
12995,28.58458333333333,126.21086111111113,0.9,0.0,2019-03-23 11:28:25,刺网
12995,28.584611111111112,126.21152777777776,1.2,14.0,2019-03-23 11:38:25,刺网
12995,28.584611111111112,126.21152777777776,1.0,51.0,2019-03-23 11:48:25,刺网
12995,28.584611111111112,126.2115,0.6,276.0,2019-03-23 11:58:25,刺网
12995,28.584611111111112,126.21158333333334,0.7,187.0,2019-03-23 12:08:25,刺网
12995,28.58466666666667,126.21191666666668,1.3,56.0,2019-03-23 12:18:25,刺网
12995,28.58463888888889,126.21183333333336,0.8,19.0,2019-03-23 12:28:25,刺网
12995,28.58466666666667,126.21194444444444,1.3,94.0,2019-03-23 12:38:25,刺网
12995,28.584722222222233,126.212,1.0,290.0,2019-03-23 12:48:25,刺网
12995,28.58469444444445,126.212,0.9,255.0,2019-03-23 12:58:25,刺网
12995,28.58466666666667,126.21194444444444,2.3,216.0,2019-03-23 13:08:25,刺网
12995,28.58466666666667,126.212,1.6,194.0,2019-03-23 13:18:24,刺网
12995,28.584611111111112,126.21183333333336,2.3,193.0,2019-03-23 13:28:27,刺网
12995,28.58458333333333,126.21188888888894,1.1,132.0,2019-03-23 13:38:27,刺网
12995,28.58466666666667,126.21180555555556,0.7,0.0,2019-03-23 13:48:27,刺网
12995,28.58463888888889,126.21186111111112,0.8,320.0,2019-03-23 13:58:27,刺网
12995,28.584611111111112,126.21177777777778,0.8,189.0,2019-03-23 14:08:27,刺网
12995,28.58458333333333,126.21175,0.6,171.0,2019-03-23 14:18:27,刺网
12995,28.58458333333333,126.21169444444445,1.4,212.0,2019-03-23 14:28:27,刺网
12995,28.58458333333333,126.21158333333334,1.1,181.0,2019-03-23 14:38:27,刺网
12995,28.584555555555553,126.21141666666666,1.3,259.0,2019-03-23 14:48:27,刺网
12995,28.58452777777777,126.21125,1.0,164.0,2019-03-23 14:58:26,刺网
12995,28.58452777777777,126.21111111111112,1.7,26.0,2019-03-23 15:08:26,刺网
12995,28.58452777777777,126.21122222222222,0.6,288.0,2019-03-23 15:18:26,刺网
12995,28.5845,126.21130555555555,1.5,60.0,2019-03-23 15:28:26,刺网
12995,28.5845,126.21125,0.3,0.0,2019-03-23 15:38:26,刺网
12995,28.58452777777777,126.2107777777778,0.7,243.0,2019-03-23 15:48:26,刺网
12995,28.58452777777777,126.21094444444445,1.1,322.0,2019-03-23 15:58:26,刺网
12995,28.58452777777777,126.21061111111112,0.9,245.0,2019-03-23 16:08:26,刺网
12995,28.5845,126.2109722222222,0.6,112.0,2019-03-23 16:18:25,刺网
12995,28.584555555555553,126.21052777777777,0.4,0.0,2019-03-23 16:28:25,刺网
12995,28.58452777777777,126.21066666666668,0.9,93.0,2019-03-23 16:38:25,刺网
12995,28.58463888888889,126.21033333333334,0.3,0.0,2019-03-23 16:48:25,刺网
12995,28.584555555555553,126.21058333333332,1.8,263.0,2019-03-23 16:58:25,刺网
12995,28.584611111111112,126.21038888888887,0.3,0.0,2019-03-23 17:08:25,刺网
12995,28.58466666666667,126.21030555555555,1.4,118.0,2019-03-23 17:18:25,刺网
12995,28.58458333333333,126.21041666666666,0.9,0.0,2019-03-23 17:28:25,刺网
12995,28.58469444444445,126.21008333333334,1.3,92.0,2019-03-23 17:38:25,刺网
12995,28.584861111111113,126.20969444444445,1.2,146.0,2019-03-23 17:48:25,刺网
12995,28.584805555555555,126.20969444444445,0.9,0.0,2019-03-23 17:58:25,刺网
12995,28.584888888888887,126.20958333333333,0.2,0.0,2019-03-23 18:08:25,刺网
12995,28.584888888888887,126.20963888888888,1.1,323.0,2019-03-23 18:18:24,刺网
12995,28.58511111111111,126.20925,1.2,30.0,2019-03-23 18:28:24,刺网
12995,28.585166666666666,126.20919444444445,1.1,316.0,2019-03-23 18:38:24,刺网
12995,28.58511111111111,126.20930555555556,1.3,221.0,2019-03-23 18:48:27,刺网
12995,28.585027777777768,126.20941666666668,1.0,151.0,2019-03-23 18:58:27,刺网
12995,28.58519444444445,126.20919444444445,0.7,194.0,2019-03-23 19:08:27,刺网
12995,28.585166666666666,126.20916666666668,1.1,183.0,2019-03-23 19:18:27,刺网
12995,28.585222222222214,126.20919444444445,2.3,322.0,2019-03-23 19:28:27,刺网
12995,28.58533333333333,126.2090277777778,1.0,61.0,2019-03-23 19:38:27,刺网
12995,28.5855,126.20891666666668,1.2,328.0,2019-03-23 19:48:27,刺网
12995,28.585666666666665,126.20880555555556,1.0,345.0,2019-03-23 19:58:27,刺网
12995,28.58575,126.20866666666667,0.8,317.0,2019-03-23 20:08:26,刺网
12995,28.58572222222222,126.20872222222219,0.6,292.0,2019-03-23 20:18:26,刺网
12995,28.585694444444442,126.20872222222219,1.1,161.0,2019-03-23 20:28:26,刺网
12995,28.58580555555556,126.20869444444445,2.8,332.0,2019-03-23 20:38:26,刺网
12995,28.58580555555556,126.20875,1.4,128.0,2019-03-23 20:48:26,刺网
12995,28.58575,126.20880555555556,1.2,11.0,2019-03-23 20:58:25,刺网
12995,28.585694444444442,126.20883333333332,0.6,50.0,2019-03-23 21:08:26,刺网
12995,28.58558333333333,126.20888888888894,1.1,144.0,2019-03-23 21:18:26,刺网
12995,28.585472222222233,126.209,0.7,29.0,2019-03-23 21:28:26,刺网
12995,28.58527777777777,126.20913888888887,2.8,348.0,2019-03-23 21:38:26,刺网
12995,28.58513888888889,126.20933333333336,1.5,127.0,2019-03-23 21:58:25,刺网
12995,28.58469444444445,126.21008333333334,1.6,118.0,2019-03-23 22:18:25,刺网
12995,28.584555555555553,126.21091666666668,0.6,72.0,2019-03-23 22:28:25,刺网
12995,28.584555555555553,126.21116666666668,1.2,240.0,2019-03-23 22:38:25,刺网
12995,28.584611111111112,126.21052777777777,1.3,42.0,2019-03-23 22:48:25,刺网
12995,28.584555555555553,126.21141666666666,0.6,206.0,2019-03-23 22:58:25,刺网
12995,28.58458333333333,126.21069444444444,1.0,225.0,2019-03-23 23:08:25,刺网
12995,28.58452777777777,126.21147222222223,0.5,0.0,2019-03-23 23:18:25,刺网
12995,28.58458333333333,126.21063888888894,0.8,290.0,2019-03-23 23:28:24,刺网
12995,28.584555555555553,126.21094444444445,0.9,157.0,2019-03-23 23:38:24,刺网
12995,28.584555555555553,126.21119444444444,0.4,19.0,2019-03-23 23:48:24,刺网
12995,28.58458333333333,126.21136111111107,0.7,57.0,2019-03-23 23:58:24,刺网
12995,28.58463888888889,126.21172222222224,1.5,31.0,2019-03-24 00:08:27,刺网
12995,28.584611111111112,126.21169444444445,1.5,112.0,2019-03-24 00:18:27,刺网
12995,28.58475,126.21205555555555,1.0,178.0,2019-03-24 00:28:27,刺网
12995,28.58469444444445,126.21205555555555,0.7,145.0,2019-03-24 00:38:27,刺网
12995,28.58475,126.21213888888887,0.7,157.0,2019-03-24 00:48:27,刺网
12995,28.584805555555555,126.21225,1.8,131.0,2019-03-24 00:58:26,刺网
12995,28.58475,126.21208333333333,0.7,138.0,2019-03-24 01:08:27,刺网
12995,28.584777777777767,126.21219444444445,0.8,284.0,2019-03-24 01:18:27,刺网
12995,28.58491666666667,126.21244444444444,0.7,0.0,2019-03-24 01:28:26,刺网
12995,28.584888888888887,126.21241666666668,0.6,36.0,2019-03-24 01:38:26,刺网
12995,28.58483333333333,126.2122777777778,1.0,254.0,2019-03-24 01:48:26,刺网
12995,28.584805555555555,126.2122222222222,1.6,250.0,2019-03-24 01:58:26,刺网
12995,28.58475,126.21213888888887,0.8,231.0,2019-03-24 02:08:26,刺网
12995,28.584805555555555,126.21216666666666,1.4,225.0,2019-03-24 02:18:26,刺网
12995,28.58475,126.21213888888887,1.5,316.0,2019-03-24 02:28:26,刺网
12995,28.58466666666667,126.21205555555555,1.1,105.0,2019-03-24 02:38:26,刺网
12995,28.584777777777767,126.21208333333333,0.9,0.0,2019-03-24 02:48:26,刺网
12995,28.58463888888889,126.21197222222222,1.5,195.0,2019-03-24 03:08:25,刺网
12995,28.58463888888889,126.21183333333336,0.7,0.0,2019-03-24 03:18:25,刺网
12995,28.584611111111112,126.21169444444445,0.5,0.0,2019-03-24 03:28:25,刺网
12995,28.584555555555553,126.21138888888888,1.1,219.0,2019-03-24 03:38:25,刺网
12995,28.584555555555553,126.21155555555555,0.5,0.0,2019-03-24 03:48:25,刺网
12995,28.5845,126.21127777777778,0.6,102.0,2019-03-24 03:58:25,刺网
12995,28.5845,126.21111111111112,0.5,43.0,2019-03-24 04:08:25,刺网
12995,28.587527777777765,126.21252777777778,4.4,17.0,2019-03-24 04:18:25,刺网
12995,28.605027777777767,126.21294444444445,7.0,348.0,2019-03-24 04:28:25,刺网
12995,28.62308333333333,126.213,6.1,0.0,2019-03-24 04:38:25,刺网
12995,28.63486111111111,126.21883333333334,8.2,190.0,2019-03-24 04:48:24,刺网
12995,28.613277777777785,126.21961111111112,6.8,176.0,2019-03-24 04:58:24,刺网
12995,28.59213888888889,126.22,6.6,179.0,2019-03-24 05:08:24,刺网
12995,28.589861111111112,126.22622222222222,7.6,357.0,2019-03-24 05:18:24,刺网
12995,28.610277777777767,126.22605555555555,6.7,344.0,2019-03-24 05:28:24,刺网
12995,28.62994444444445,126.22641666666668,7.2,357.0,2019-03-24 05:38:27,刺网
12995,28.624027777777766,126.23180555555555,7.2,183.0,2019-03-24 05:48:27,刺网
12995,28.60094444444445,126.23213888888893,8.2,181.0,2019-03-24 05:58:24,刺网
12995,28.581972222222234,126.23361111111113,6.6,90.0,2019-03-24 06:08:27,刺网
12995,28.599055555555548,126.23725,7.5,6.0,2019-03-24 06:18:27,刺网
12995,28.61930555555556,126.23741666666668,6.9,5.0,2019-03-24 06:28:27,刺网
12995,28.633250000000004,126.24325,7.4,167.0,2019-03-24 06:38:27,刺网
12995,28.611611111111113,126.24330555555555,7.2,181.0,2019-03-24 06:48:26,刺网
12995,28.59008333333333,126.24319444444444,8.0,178.0,2019-03-24 06:58:26,刺网
12995,28.587694444444452,126.24902777777777,7.8,357.0,2019-03-24 07:08:26,刺网
12995,28.60811111111111,126.24925,7.2,358.0,2019-03-24 07:18:26,刺网
12995,28.629555555555555,126.24941666666666,7.7,351.0,2019-03-24 07:28:26,刺网
12995,28.622888888888887,126.23330555555556,6.1,237.0,2019-03-24 07:38:26,刺网
12995,28.619777777777767,126.22505555555556,1.5,312.0,2019-03-24 07:48:26,刺网
12995,28.62008333333333,126.22238888888893,1.5,310.0,2019-03-24 07:58:26,刺网
12995,28.620666666666665,126.21986111111113,0.8,0.0,2019-03-24 08:08:26,刺网
12995,28.62125,126.21772222222219,0.6,0.0,2019-03-24 08:18:26,刺网
12995,28.622055555555555,126.21566666666666,1.5,35.0,2019-03-24 08:28:25,刺网
12995,28.622916666666665,126.21380555555555,0.7,306.0,2019-03-24 08:38:25,刺网
12995,28.62369444444445,126.21233333333332,0.7,0.0,2019-03-24 08:48:25,刺网
12995,28.62444444444445,126.21036111111113,1.2,0.0,2019-03-24 08:58:25,刺网
12995,28.625166666666665,126.20908333333334,0.4,0.0,2019-03-24 09:08:25,刺网
12995,28.62608333333333,126.20766666666668,0.9,0.0,2019-03-24 09:18:25,刺网
12995,28.617361111111112,126.20433333333334,6.5,179.0,2019-03-24 09:28:25,刺网
12995,28.598388888888888,126.20161111111106,7.7,179.0,2019-03-24 09:38:25,刺网
12995,28.59575,126.2047777777778,2.6,0.0,2019-03-24 09:48:25,刺网
12995,28.60441666666667,126.20672222222224,3.5,0.0,2019-03-24 09:58:24,刺网
12995,28.614305555555557,126.2060277777778,3.2,0.0,2019-03-24 10:08:24,刺网
12995,28.624277777777767,126.2062777777778,3.7,338.0,2019-03-24 10:18:24,刺网
12995,28.63308333333333,126.2075,3.8,4.0,2019-03-24 10:28:24,刺网
12995,28.639388888888888,126.21213888888887,3.3,113.0,2019-03-24 10:38:24,刺网
12995,28.632361111111113,126.21458333333334,2.8,189.0,2019-03-24 10:48:24,刺网
12995,28.624388888888888,126.21511111111113,3.1,171.0,2019-03-24 10:58:27,刺网
12995,28.616222222222234,126.2152777777778,3.1,187.0,2019-03-24 11:08:27,刺网
12995,28.608638888888887,126.21555555555555,3.1,193.0,2019-03-24 11:18:27,刺网
12995,28.600777777777786,126.2152222222222,2.0,187.0,2019-03-24 11:28:26,刺网
12995,28.59383333333333,126.21461111111113,2.9,171.0,2019-03-24 11:38:26,刺网
12995,28.590888888888887,126.21694444444445,1.8,317.0,2019-03-24 11:48:26,刺网
12995,28.593777777777767,126.21941666666666,2.1,20.0,2019-03-24 11:58:26,刺网
12995,28.60219444444445,126.22208333333332,3.1,30.0,2019-03-24 12:08:26,刺网
12995,28.61058333333333,126.22555555555556,2.9,35.0,2019-03-24 12:18:26,刺网
12995,28.61813888888889,126.22658333333334,2.4,352.0,2019-03-24 12:28:26,刺网
12995,28.62566666666667,126.22677777777778,3.0,9.0,2019-03-24 12:38:26,刺网
12995,28.633388888888888,126.22863888888888,3.0,39.0,2019-03-24 12:48:26,刺网
12995,28.63519444444445,126.23541666666668,1.5,0.0,2019-03-24 12:58:26,刺网
12995,28.627666666666666,126.23555555555555,3.0,176.0,2019-03-24 13:08:25,刺网
12995,28.619194444444453,126.23691666666666,3.9,175.0,2019-03-24 13:18:25,刺网
12995,28.61108333333333,126.23866666666667,4.1,182.0,2019-03-24 13:28:25,刺网
12995,28.60333333333333,126.23797222222224,2.7,184.0,2019-03-24 13:38:25,刺网
12995,28.59583333333333,126.2360277777778,3.6,175.0,2019-03-24 13:48:25,刺网
12995,28.58894444444445,126.23669444444445,1.7,133.0,2019-03-24 13:58:25,刺网
12995,28.587611111111112,126.23613888888887,1.8,229.0,2019-03-24 14:08:25,刺网
12995,28.59325,126.2405,3.3,31.0,2019-03-24 14:18:25,刺网
12995,28.600222222222232,126.24558333333331,2.2,9.0,2019-03-24 14:28:25,刺网
12995,28.60758333333333,126.24616666666668,2.7,354.0,2019-03-24 14:38:25,刺网
12995,28.61175,126.24713888888893,3.0,15.0,2019-03-24 14:48:25,刺网
12995,28.61883333333333,126.2495,2.6,20.0,2019-03-24 14:58:24,刺网
12995,28.62577777777778,126.25038888888888,3.0,32.0,2019-03-24 15:08:24,刺网
12995,28.6305,126.25661111111113,2.8,92.0,2019-03-24 15:18:24,刺网
12995,28.618361111111113,126.25427777777777,3.5,184.0,2019-03-24 15:38:24,刺网
12995,28.60961111111111,126.25594444444445,3.6,155.0,2019-03-24 15:48:24,刺网
12995,28.602555555555558,126.25708333333333,2.8,198.0,2019-03-24 15:58:24,刺网
12995,28.59694444444445,126.25338888888888,2.5,218.0,2019-03-24 16:08:27,刺网
12995,28.588777777777768,126.25419444444445,3.6,164.0,2019-03-24 16:18:27,刺网
12995,28.588555555555555,126.25683333333332,1.8,21.0,2019-03-24 16:28:27,刺网
12995,28.588027777777786,126.26130555555555,3.1,326.0,2019-03-24 16:38:26,刺网
12995,28.59619444444445,126.26266666666668,3.4,13.0,2019-03-24 16:48:26,刺网
12995,28.60297222222223,126.26522222222222,2.9,346.0,2019-03-24 16:58:26,刺网
12995,28.610972222222234,126.26405555555556,2.4,346.0,2019-03-24 17:08:26,刺网
12995,28.618222222222233,126.2639722222222,2.4,355.0,2019-03-24 17:18:26,刺网
12995,28.623166666666666,126.26705555555556,1.0,63.0,2019-03-24 17:28:26,刺网
12995,28.623916666666666,126.27858333333332,3.7,88.0,2019-03-24 17:38:26,刺网
12995,28.623666666666665,126.29225,4.2,92.0,2019-03-24 17:48:26,刺网
12995,28.62327777777778,126.30547222222219,2.5,115.0,2019-03-24 17:58:26,刺网
12995,28.62125,126.30694444444444,0.9,173.0,2019-03-24 18:08:26,刺网
12995,28.619027777777767,126.30730555555556,0.7,154.0,2019-03-24 18:18:26,刺网
12995,28.61683333333333,126.30727777777778,0.8,206.0,2019-03-24 18:28:25,刺网
12995,28.611277777777786,126.30463888888887,4.2,196.0,2019-03-24 18:38:25,刺网
12995,28.5875,126.30644444444445,0.4,227.0,2019-03-24 19:08:25,刺网
12995,28.58763888888889,126.30602777777777,0.4,94.0,2019-03-24 19:18:25,刺网
12995,28.58811111111111,126.30602777777777,0.7,175.0,2019-03-24 19:28:25,刺网
12995,28.588305555555557,126.30605555555556,1.2,7.0,2019-03-24 19:38:25,刺网
12995,28.588416666666664,126.30608333333332,0.6,274.0,2019-03-24 19:48:25,刺网
12995,28.588361111111112,126.30611111111112,0.3,148.0,2019-03-24 19:58:24,刺网
12995,28.588527777777767,126.30616666666668,0.8,44.0,2019-03-24 20:08:25,刺网
12995,28.588666666666665,126.30619444444444,0.8,64.0,2019-03-24 20:18:24,刺网
12995,28.58894444444445,126.30633333333333,1.1,100.0,2019-03-24 20:28:24,刺网
12995,28.58886111111111,126.30625,0.6,18.0,2019-03-24 20:38:24,刺网
12995,28.58886111111111,126.30630555555555,0.4,0.0,2019-03-24 20:48:24,刺网
12995,28.58888888888889,126.30633333333333,0.4,0.0,2019-03-24 20:58:24,刺网
12995,28.589111111111112,126.30647222222223,0.6,105.0,2019-03-24 21:08:24,刺网
12995,28.58913888888889,126.30652777777777,0.7,35.0,2019-03-24 21:18:24,刺网
12995,28.589416666666665,126.30680555555556,0.9,48.0,2019-03-24 21:28:24,刺网
12995,28.589527777777768,126.30705555555555,0.6,92.0,2019-03-24 21:38:27,刺网
12995,28.589555555555553,126.307,0.2,0.0,2019-03-24 21:48:26,刺网
12995,28.58947222222222,126.30711111111113,0.7,107.0,2019-03-24 21:58:26,刺网
12995,28.58958333333333,126.3072222222222,0.8,5.0,2019-03-24 22:08:26,刺网
12995,28.58975,126.30752777777776,0.6,0.0,2019-03-24 22:18:26,刺网
12995,28.58961111111111,126.30744444444444,0.7,0.0,2019-03-24 22:28:26,刺网
12995,28.58969444444445,126.30758333333333,0.8,16.0,2019-03-24 22:38:26,刺网
12995,28.58969444444445,126.30788888888887,0.8,105.0,2019-03-24 22:48:26,刺网
12995,28.589777777777766,126.30811111111113,0.3,0.0,2019-03-24 22:58:26,刺网
12995,28.58963888888889,126.30858333333332,0.4,0.0,2019-03-24 23:08:26,刺网
12995,28.58963888888889,126.30888888888887,0.5,341.0,2019-03-24 23:18:26,刺网
12995,28.589555555555553,126.30902777777777,0.7,45.0,2019-03-24 23:28:26,刺网
12995,28.58961111111111,126.3089722222222,0.5,66.0,2019-03-24 23:38:25,刺网
12995,28.589444444444442,126.30933333333334,0.6,94.0,2019-03-24 23:48:25,刺网
12995,28.589166666666664,126.30966666666666,1.0,38.0,2019-03-24 23:58:25,刺网
12995,28.58886111111111,126.3099722222222,0.8,153.0,2019-03-25 00:08:25,刺网
12995,28.58894444444445,126.31,0.6,345.0,2019-03-25 00:18:25,刺网
12995,28.58875,126.31005555555555,1.0,74.0,2019-03-25 00:28:25,刺网
12995,28.588555555555555,126.31019444444445,0.7,161.0,2019-03-25 00:38:25,刺网
12995,28.588638888888887,126.31016666666667,1.0,180.0,2019-03-25 00:48:25,刺网
12995,28.58858333333333,126.31019444444445,0.8,0.0,2019-03-25 01:08:25,刺网
12995,28.58844444444444,126.31025,0.6,0.0,2019-03-25 01:18:24,刺网
12995,28.588416666666664,126.3102222222222,0.4,134.0,2019-03-25 01:28:24,刺网
12995,28.588222222222214,126.31027777777777,1.4,152.0,2019-03-25 01:38:24,刺网
12995,28.588305555555557,126.31025,1.0,5.0,2019-03-25 01:48:24,刺网
12995,28.588222222222214,126.31027777777777,0.4,186.0,2019-03-25 01:58:24,刺网
12995,28.588277777777787,126.31025,0.4,151.0,2019-03-25 02:08:24,刺网
12995,28.58811111111111,126.31030555555556,1.1,74.0,2019-03-25 02:18:24,刺网
12995,28.588166666666666,126.31025,0.1,0.0,2019-03-25 02:28:24,刺网
12995,28.588416666666664,126.3102222222222,1.3,147.0,2019-03-25 02:38:24,刺网
12995,28.588277777777787,126.31027777777777,0.6,341.0,2019-03-25 02:48:24,刺网
12995,28.588027777777786,126.31030555555556,1.1,90.0,2019-03-25 03:08:26,刺网
12995,28.58805555555556,126.31030555555556,0.6,198.0,2019-03-25 03:18:26,刺网
12995,28.587972222222234,126.31030555555556,1.1,143.0,2019-03-25 03:28:26,刺网
12995,28.587944444444442,126.31030555555556,1.0,151.0,2019-03-25 03:38:26,刺网
12995,28.58783333333333,126.31033333333332,0.3,0.0,2019-03-25 03:48:26,刺网
12995,28.585472222222233,126.3085,7.7,156.0,2019-03-25 03:58:26,刺网
12995,28.600305555555558,126.31066666666666,7.8,359.0,2019-03-25 04:08:26,刺网
12995,28.622055555555555,126.31055555555555,7.9,359.0,2019-03-25 04:18:26,刺网
12995,28.62833333333333,126.30447222222222,8.0,183.0,2019-03-25 04:28:26,刺网
12995,28.60608333333333,126.30458333333333,7.6,178.0,2019-03-25 04:38:26,刺网
12995,28.58369444444445,126.30425,8.5,177.0,2019-03-25 04:48:26,刺网
12995,28.597277777777766,126.2985277777778,8.5,2.0,2019-03-25 04:58:25,刺网
12995,28.61936111111111,126.29825,8.3,5.0,2019-03-25 05:08:25,刺网
12995,28.631694444444445,126.29166666666669,7.7,176.0,2019-03-25 05:18:25,刺网
12995,28.60955555555556,126.29166666666669,8.0,178.0,2019-03-25 05:28:25,刺网
12995,28.58736111111111,126.29158333333334,8.4,179.0,2019-03-25 05:38:25,刺网
12995,28.59344444444445,126.28594444444445,8.0,358.0,2019-03-25 05:48:25,刺网
12995,28.61497222222223,126.2859722222222,8.1,4.0,2019-03-25 05:58:25,刺网
12995,28.63269444444445,126.28219444444444,8.1,242.0,2019-03-25 06:08:25,刺网
12995,28.611666666666668,126.2805277777778,7.0,181.0,2019-03-25 06:18:25,刺网
12995,28.590999999999998,126.28033333333336,8.2,184.0,2019-03-25 06:28:24,刺网
12995,28.586444444444442,126.27336111111107,8.5,353.0,2019-03-25 06:38:24,刺网
12995,28.609805555555557,126.27316666666668,8.6,2.0,2019-03-25 06:48:24,刺网
12995,28.63363888888889,126.27322222222223,8.9,2.0,2019-03-25 06:58:24,刺网
12995,28.62533333333333,126.2915,7.9,127.0,2019-03-25 07:08:24,刺网
12995,28.61330555555556,126.31202777777777,6.9,116.0,2019-03-25 07:18:24,刺网
12995,28.61077777777778,126.31430555555555,1.1,242.0,2019-03-25 07:28:24,刺网
12995,28.610750000000003,126.31286111111108,1.0,246.0,2019-03-25 07:38:24,刺网
12995,28.610555555555557,126.31141666666666,1.4,263.0,2019-03-25 07:48:24,刺网
12995,28.610527777777786,126.30913888888887,0.9,251.0,2019-03-25 07:58:24,刺网
12995,28.610527777777786,126.3069722222222,0.5,297.0,2019-03-25 08:08:24,刺网
12995,28.610527777777786,126.30491666666668,0.7,265.0,2019-03-25 08:18:24,刺网
12995,28.61047222222223,126.30272222222222,0.5,290.0,2019-03-25 08:28:26,刺网
12995,28.61058333333333,126.3005,0.7,333.0,2019-03-25 08:38:26,刺网
12995,28.610888888888887,126.29813888888887,0.9,284.0,2019-03-25 08:48:26,刺网
12995,28.611277777777786,126.29613888888888,0.6,296.0,2019-03-25 08:58:26,刺网
12995,28.611527777777766,126.29422222222223,0.8,271.0,2019-03-25 09:08:26,刺网
12995,28.604805555555558,126.30111111111113,6.8,134.0,2019-03-25 09:18:26,刺网
12995,28.60125,126.30875,1.8,0.0,2019-03-25 09:28:26,刺网
12995,28.609277777777766,126.30752777777776,3.7,348.0,2019-03-25 09:38:26,刺网
12995,28.619611111111112,126.30558333333332,4.2,348.0,2019-03-25 09:48:26,刺网
12995,28.62966666666667,126.30380555555556,3.7,355.0,2019-03-25 09:58:25,刺网
12995,28.639722222222233,126.30586111111107,4.5,5.0,2019-03-25 10:08:25,刺网
12995,28.646222222222214,126.30644444444445,2.5,312.0,2019-03-25 10:18:25,刺网
12995,28.643305555555557,126.30166666666666,2.0,210.0,2019-03-25 10:28:25,刺网
12995,28.636972222222226,126.29858333333333,2.2,192.0,2019-03-25 10:38:25,刺网
12995,28.62983333333333,126.2985,2.1,162.0,2019-03-25 10:48:25,刺网
12995,28.622666666666664,126.29927777777776,2.3,178.0,2019-03-25 10:58:25,刺网
12995,28.61563888888889,126.29958333333332,2.8,186.0,2019-03-25 11:08:25,刺网
12995,28.608694444444453,126.29927777777776,2.4,184.0,2019-03-25 11:18:25,刺网
12995,28.607388888888888,126.29555555555555,2.0,331.0,2019-03-25 11:28:24,刺网
12995,28.61330555555556,126.29311111111113,2.8,11.0,2019-03-25 11:38:24,刺网
12995,28.621861111111112,126.29425,3.1,16.0,2019-03-25 11:48:24,刺网
12995,28.630416666666665,126.29488888888888,2.9,351.0,2019-03-25 11:58:24,刺网
12995,28.637916666666666,126.29422222222223,3.3,349.0,2019-03-25 12:08:24,刺网
12995,28.643611111111113,126.29713888888894,2.9,4.0,2019-03-25 12:18:24,刺网
12995,28.646611111111113,126.29283333333332,1.2,286.0,2019-03-25 12:28:24,刺网
12995,28.643666666666665,126.2915,2.3,207.0,2019-03-25 12:38:24,刺网
12995,28.63741666666667,126.29047222222222,3.3,197.0,2019-03-25 12:48:24,刺网
12995,28.63102777777778,126.29108333333332,2.8,202.0,2019-03-25 12:58:24,刺网
12995,28.62380555555556,126.29313888888888,3.4,178.0,2019-03-25 13:08:24,刺网
12995,28.616527777777787,126.29438888888888,2.7,169.0,2019-03-25 13:18:24,刺网
12995,28.610833333333336,126.29366666666668,1.3,209.0,2019-03-25 13:28:24,刺网
12995,28.607722222222232,126.29019444444445,2.3,238.0,2019-03-25 13:38:23,刺网
12995,28.61411111111111,126.29136111111107,3.2,17.0,2019-03-25 13:48:26,刺网
12995,28.621222222222233,126.29211111111113,2.9,336.0,2019-03-25 13:58:26,刺网
12995,28.62686111111111,126.29047222222222,1.0,245.0,2019-03-25 14:08:26,刺网
12995,28.62788888888889,126.29216666666666,0.7,26.0,2019-03-25 14:18:26,刺网
12995,28.636138888888887,126.29513888888887,2.1,20.0,2019-03-25 14:38:26,刺网
12995,28.63969444444445,126.29261111111113,2.3,321.0,2019-03-25 14:48:26,刺网
12995,28.641305555555558,126.29019444444445,1.9,37.0,2019-03-25 14:58:26,刺网
12995,28.63744444444445,126.29213888888887,2.9,161.0,2019-03-25 15:08:26,刺网
12995,28.629555555555555,126.2927222222222,3.6,184.0,2019-03-25 15:18:25,刺网
12995,28.623361111111112,126.2920277777778,2.6,202.0,2019-03-25 15:28:25,刺网
12995,28.615805555555557,126.2957222222222,3.3,174.0,2019-03-25 15:38:25,刺网
12995,28.60769444444445,126.2952222222222,1.6,202.0,2019-03-25 15:48:25,刺网
12995,28.60211111111111,126.29305555555555,3.3,179.0,2019-03-25 15:58:25,刺网
12995,28.59633333333333,126.28966666666666,1.7,292.0,2019-03-25 16:08:25,刺网
12995,28.60016666666667,126.28730555555555,2.3,319.0,2019-03-25 16:18:25,刺网
12995,28.606333333333332,126.28738888888893,2.2,9.0,2019-03-25 16:28:25,刺网
12995,28.613722222222233,126.28730555555555,1.6,326.0,2019-03-25 16:38:24,刺网
12995,28.61983333333333,126.28691666666666,2.4,355.0,2019-03-25 16:48:24,刺网
12995,28.62611111111111,126.28925,2.6,20.0,2019-03-25 16:58:24,刺网
12995,28.63194444444445,126.29280555555556,2.9,37.0,2019-03-25 17:08:24,刺网
12995,28.63405555555555,126.28188888888887,8.1,249.0,2019-03-25 17:18:24,刺网
12995,28.635305555555554,126.25813888888894,7.9,247.0,2019-03-25 17:28:24,刺网
12995,28.63408333333333,126.2554722222222,0.6,159.0,2019-03-25 17:38:24,刺网
12995,28.63294444444445,126.25558333333332,0.8,60.0,2019-03-25 17:48:24,刺网
12995,28.63294444444445,126.25569444444444,0.8,158.0,2019-03-25 17:58:24,刺网
12995,28.63294444444445,126.25583333333331,0.2,0.0,2019-03-25 18:08:24,刺网
12995,28.63291666666667,126.25555555555556,0.2,0.0,2019-03-25 18:18:24,刺网
12995,28.63294444444445,126.25569444444444,0.9,258.0,2019-03-25 18:28:24,刺网
12995,28.63291666666667,126.25569444444444,1.4,123.0,2019-03-25 18:38:23,刺网
12995,28.632972222222232,126.25505555555556,1.3,265.0,2019-03-25 18:48:23,刺网
12995,28.63302777777778,126.25555555555556,0.6,311.0,2019-03-25 18:58:23,刺网
12995,28.63294444444445,126.25536111111113,0.8,124.0,2019-03-25 19:08:26,刺网
12995,28.632972222222232,126.25558333333332,1.3,242.0,2019-03-25 19:18:26,刺网
12995,28.63300000000001,126.25583333333331,0.6,65.0,2019-03-25 19:28:26,刺网
12995,28.632972222222232,126.25572222222223,0.7,121.0,2019-03-25 19:38:26,刺网
12995,28.632972222222232,126.25563888888892,0.6,16.0,2019-03-25 19:48:26,刺网
12995,28.63294444444445,126.2552777777778,0.4,0.0,2019-03-25 19:58:26,刺网
12995,28.63300000000001,126.25555555555556,0.7,233.0,2019-03-25 20:08:25,刺网
12995,28.63300000000001,126.25569444444444,0.3,0.0,2019-03-25 20:18:25,刺网
12995,28.633055555555558,126.25586111111107,1.0,304.0,2019-03-25 20:28:25,刺网
12995,28.633222222222226,126.2565277777778,1.1,56.0,2019-03-25 20:38:25,刺网
12995,28.63330555555556,126.25669444444445,1.5,273.0,2019-03-25 20:48:25,刺网
12995,28.633416666666665,126.25683333333332,0.7,165.0,2019-03-25 20:58:25,刺网
12995,28.633527777777786,126.25702777777781,0.3,0.0,2019-03-25 21:08:25,刺网
12995,28.633138888888887,126.25613888888887,0.7,246.0,2019-03-25 21:18:25,刺网
12995,28.633055555555558,126.25561111111112,0.5,332.0,2019-03-25 21:28:25,刺网
12995,28.63333333333333,126.25669444444445,0.7,299.0,2019-03-25 21:38:25,刺网
12995,28.63366666666667,126.25719444444445,0.7,282.0,2019-03-25 21:48:24,刺网
12995,28.63308333333333,126.25602777777777,0.8,0.0,2019-03-25 21:58:24,刺网
12995,28.633055555555558,126.25586111111107,0.4,0.0,2019-03-25 22:08:24,刺网
12995,28.6335,126.25705555555555,0.3,0.0,2019-03-25 22:18:24,刺网
12995,28.633111111111113,126.25611111111112,1.6,69.0,2019-03-25 22:28:24,刺网
12995,28.63333333333333,126.25675,1.2,240.0,2019-03-25 22:38:24,刺网
12995,28.633111111111113,126.25619444444445,0.7,118.0,2019-03-25 22:48:24,刺网
12995,28.63330555555556,126.25666666666666,1.0,0.0,2019-03-25 22:58:24,刺网
12995,28.633194444444445,126.25644444444444,1.1,0.0,2019-03-25 23:08:24,刺网
12995,28.633055555555558,126.25613888888887,0.3,0.0,2019-03-25 23:18:24,刺网
12995,28.63300000000001,126.25588888888888,1.0,258.0,2019-03-25 23:28:24,刺网
12995,28.63358333333333,126.25716666666666,0.2,0.0,2019-03-25 23:38:24,刺网
12995,28.633194444444445,126.25644444444444,1.3,227.0,2019-03-25 23:48:23,刺网
12995,28.633055555555558,126.25611111111112,2.1,31.0,2019-03-25 23:58:23,刺网
12995,28.633138888888887,126.25641666666668,1.4,60.0,2019-03-26 00:08:23,刺网
12995,28.633111111111113,126.25622222222222,0.6,212.0,2019-03-26 00:18:23,刺网
12995,28.633055555555558,126.256,0.8,235.0,2019-03-26 00:28:26,刺网
12995,28.633055555555558,126.25608333333332,1.6,205.0,2019-03-26 00:38:26,刺网
12995,28.633138888888887,126.25630555555556,1.4,65.0,2019-03-26 00:48:26,刺网
12995,28.633250000000004,126.25661111111113,0.5,84.0,2019-03-26 00:58:26,刺网
12995,28.633416666666665,126.25688888888888,0.8,206.0,2019-03-26 01:08:25,刺网
12995,28.63363888888889,126.25719444444445,0.4,30.0,2019-03-26 01:18:26,刺网
12995,28.633555555555557,126.25705555555555,2.3,215.0,2019-03-26 01:28:25,刺网
12995,28.63344444444445,126.25688888888888,1.6,214.0,2019-03-26 01:38:25,刺网
12995,28.633416666666665,126.25686111111106,0.9,0.0,2019-03-26 01:48:25,刺网
12995,28.6335,126.25702777777781,0.4,0.0,2019-03-26 01:58:25,刺网
12995,28.63358333333333,126.25713888888887,1.6,64.0,2019-03-26 02:08:25,刺网
12995,28.633777777777766,126.25736111111112,0.5,241.0,2019-03-26 02:18:25,刺网
12995,28.63363888888889,126.25722222222224,0.6,86.0,2019-03-26 02:28:25,刺网
12995,28.63361111111111,126.25719444444445,1.1,216.0,2019-03-26 02:38:25,刺网
12995,28.633527777777786,126.25708333333333,0.3,0.0,2019-03-26 02:48:25,刺网
12995,28.633472222222213,126.25702777777781,1.7,95.0,2019-03-26 02:58:24,刺网
12995,28.633555555555557,126.25702777777781,1.3,151.0,2019-03-26 03:08:24,刺网
12995,28.6335,126.25705555555555,0.8,50.0,2019-03-26 03:18:24,刺网
12995,28.633472222222213,126.257,0.4,0.0,2019-03-26 03:28:24,刺网
12995,28.63333333333333,126.25680555555556,0.8,237.0,2019-03-26 03:38:24,刺网
12995,28.633388888888888,126.25688888888888,1.8,233.0,2019-03-26 03:48:24,刺网
12995,28.635416666666664,126.25447222222222,5.0,295.0,2019-03-26 03:58:24,刺网
12995,28.648166666666665,126.24508333333334,7.2,3.0,2019-03-26 04:08:24,刺网
12995,28.66761111111111,126.24511111111113,6.2,6.0,2019-03-26 04:18:24,刺网
12995,28.68636111111111,126.24555555555555,7.5,352.0,2019-03-26 04:28:24,刺网
12995,28.68833333333333,126.23944444444444,8.7,179.0,2019-03-26 04:38:24,刺网
12995,28.666,126.23952777777778,8.3,176.0,2019-03-26 04:48:24,刺网
12995,28.64388888888889,126.23944444444444,7.6,176.0,2019-03-26 04:58:24,刺网
12995,28.65308333333333,126.2337777777778,7.4,4.0,2019-03-26 05:08:23,刺网
12995,28.672361111111112,126.23341666666668,7.3,351.0,2019-03-26 05:18:23,刺网
12995,28.691277777777767,126.23330555555556,7.0,356.0,2019-03-26 05:28:23,刺网
12995,28.67866666666667,126.22741666666668,8.0,176.0,2019-03-26 05:38:26,刺网
12995,28.65683333333333,126.22763888888888,7.9,176.0,2019-03-26 05:48:23,刺网
12995,28.64169444444445,126.22133333333332,6.1,3.0,2019-03-26 05:58:26,刺网
12995,28.66208333333333,126.2212222222222,7.8,354.0,2019-03-26 06:08:26,刺网
12995,28.682666666666666,126.22155555555555,7.6,3.0,2019-03-26 06:18:26,刺网
12995,28.692777777777767,126.21561111111113,8.4,170.0,2019-03-26 06:28:26,刺网
12995,28.67011111111111,126.21591666666669,7.6,176.0,2019-03-26 06:38:26,刺网
12995,28.647361111111113,126.21586111111112,8.0,176.0,2019-03-26 06:48:25,刺网
12995,28.659166666666664,126.20969444444445,7.5,353.0,2019-03-26 06:58:26,刺网
12995,28.679388888888887,126.20933333333336,6.7,48.0,2019-03-26 07:08:25,刺网
12995,28.671861111111113,126.21230555555556,2.5,168.0,2019-03-26 07:18:25,刺网
12995,28.663166666666665,126.22636111111107,8.5,120.0,2019-03-26 07:28:25,刺网
12995,28.65608333333333,126.24916666666668,3.6,111.0,2019-03-26 07:38:25,刺网
12995,28.654305555555553,126.25130555555555,0.8,162.0,2019-03-26 07:48:25,刺网
12995,28.652555555555555,126.25194444444445,1.0,193.0,2019-03-26 07:58:25,刺网
12995,28.651027777777767,126.25208333333332,1.3,201.0,2019-03-26 08:08:25,刺网
12995,28.649694444444453,126.25219444444444,0.7,153.0,2019-03-26 08:18:25,刺网
12995,28.6485,126.25255555555556,0.7,34.0,2019-03-26 08:28:25,刺网
12995,28.647472222222234,126.25302777777777,0.7,59.0,2019-03-26 08:38:25,刺网
12995,28.646583333333336,126.25325,0.3,134.0,2019-03-26 08:48:24,刺网
12995,28.64572222222222,126.25355555555555,2.3,158.0,2019-03-26 08:58:24,刺网
12995,28.644861111111112,126.25383333333332,1.4,17.0,2019-03-26 09:08:24,刺网
12995,28.64413888888889,126.25411111111113,0.7,154.0,2019-03-26 09:18:24,刺网
12995,28.644722222222214,126.2517777777778,5.1,271.0,2019-03-26 09:28:24,刺网
12995,28.645111111111113,126.24511111111113,2.4,328.0,2019-03-26 09:38:24,刺网
12995,28.651277777777768,126.24533333333332,3.4,353.0,2019-03-26 09:48:24,刺网
12995,28.66119444444445,126.24572222222223,3.9,350.0,2019-03-26 09:58:24,刺网
12995,28.67016666666667,126.24466666666666,3.5,353.0,2019-03-26 10:08:24,刺网
12995,28.67966666666667,126.24430555555556,3.6,3.0,2019-03-26 10:18:23,刺网
12995,28.689055555555555,126.24441666666668,3.7,353.0,2019-03-26 10:28:23,刺网
12995,28.697916666666664,126.2450277777778,2.4,351.0,2019-03-26 10:38:23,刺网
12995,28.69894444444445,126.24002777777777,2.4,229.0,2019-03-26 10:48:23,刺网
12995,28.69188888888889,126.23780555555555,2.6,194.0,2019-03-26 10:58:23,刺网
12995,28.68458333333333,126.23688888888887,2.7,156.0,2019-03-26 11:08:26,刺网
12995,28.67733333333333,126.23675,2.5,201.0,2019-03-26 11:18:26,刺网
12995,28.67027777777778,126.23583333333332,1.8,202.0,2019-03-26 11:28:26,刺网
12995,28.663138888888888,126.2342777777778,2.4,195.0,2019-03-26 11:38:26,刺网
12995,28.656166666666664,126.2325277777778,2.9,212.0,2019-03-26 11:48:26,刺网
12995,28.652555555555555,126.22880555555555,2.8,286.0,2019-03-26 11:58:25,刺网
12995,28.660138888888888,126.22672222222224,3.1,356.0,2019-03-26 12:08:25,刺网
12995,28.66830555555556,126.22758333333334,3.1,8.0,2019-03-26 12:18:25,刺网
12995,28.67688888888889,126.23030555555556,3.0,5.0,2019-03-26 12:28:25,刺网
12995,28.68558333333333,126.23069444444445,2.8,353.0,2019-03-26 12:38:25,刺网
12995,28.694222222222226,126.23105555555556,2.9,352.0,2019-03-26 12:48:25,刺网
12995,28.70308333333333,126.23141666666666,2.5,345.0,2019-03-26 12:58:25,刺网
12995,28.70405555555555,126.22736111111112,2.0,224.0,2019-03-26 13:08:25,刺网
12995,28.696972222222215,126.2255,3.1,181.0,2019-03-26 13:18:25,刺网
12995,28.68936111111111,126.22541666666666,3.0,178.0,2019-03-26 13:28:25,刺网
12995,28.681583333333336,126.22569444444444,2.9,178.0,2019-03-26 13:38:25,刺网
12995,28.67358333333333,126.22533333333334,2.9,177.0,2019-03-26 13:48:24,刺网
12995,28.66563888888889,126.22458333333331,2.3,195.0,2019-03-26 13:58:24,刺网
12995,28.65875,126.223,2.6,204.0,2019-03-26 14:08:24,刺网
12995,28.659277777777767,126.21863888888888,2.3,329.0,2019-03-26 14:18:24,刺网
12995,28.66641666666667,126.21961111111112,3.2,16.0,2019-03-26 14:28:24,刺网
12995,28.674861111111113,126.22130555555556,2.6,17.0,2019-03-26 14:38:24,刺网
12995,28.68291666666667,126.2222777777778,3.0,17.0,2019-03-26 14:48:24,刺网
12995,28.69088888888889,126.22363888888887,2.3,357.0,2019-03-26 14:58:24,刺网
12995,28.69886111111111,126.22575,2.4,12.0,2019-03-26 15:08:23,刺网
12995,28.7065,126.22619444444445,2.7,353.0,2019-03-26 15:18:23,刺网
12995,28.706916666666668,126.22252777777777,2.5,201.0,2019-03-26 15:28:23,刺网
12995,28.698638888888887,126.22244444444445,3.3,160.0,2019-03-26 15:38:23,刺网
12995,28.689888888888888,126.22377777777778,2.0,174.0,2019-03-26 15:48:23,刺网
12995,28.681444444444452,126.22488888888893,3.1,168.0,2019-03-26 15:58:23,刺网
12995,28.6735,126.22297222222224,3.5,193.0,2019-03-26 16:08:23,刺网
12995,28.665722222222207,126.22013888888887,2.9,189.0,2019-03-26 16:18:26,刺网
12995,28.66161111111111,126.2187777777778,0.7,290.0,2019-03-26 16:28:23,刺网
12995,28.663472222222207,126.2185,2.8,328.0,2019-03-26 16:38:26,刺网
12995,28.671333333333337,126.22022222222222,3.1,50.0,2019-03-26 16:48:25,刺网
12995,28.678611111111113,126.2240277777778,2.8,353.0,2019-03-26 16:58:25,刺网
12995,28.685527777777786,126.22636111111107,2.8,39.0,2019-03-26 17:08:25,刺网
12995,28.67902777777777,126.22958333333332,5.4,179.0,2019-03-26 17:18:25,刺网
12995,28.66275,126.22933333333334,5.8,184.0,2019-03-26 17:28:25,刺网
12995,28.646666666666665,126.22911111111112,5.8,183.0,2019-03-26 17:38:25,刺网
12995,28.627111111111113,126.22786111111112,7.5,184.0,2019-03-26 17:48:25,刺网
12995,28.61458333333333,126.22405555555555,6.6,158.0,2019-03-26 17:58:25,刺网
12995,28.59225,126.22463888888888,8.1,182.0,2019-03-26 18:08:25,刺网
12995,28.588694444444442,126.22933333333334,0.7,65.0,2019-03-26 18:18:25,刺网
12995,28.58819444444445,126.22961111111113,0.4,0.0,2019-03-26 18:28:24,刺网
12995,28.58763888888889,126.22877777777781,0.2,0.0,2019-03-26 18:38:25,刺网
12995,28.587472222222214,126.22777777777776,0.7,265.0,2019-03-26 18:48:24,刺网
12995,28.58775,126.22691666666668,0.2,0.0,2019-03-26 18:58:24,刺网
12995,28.58775,126.22686111111112,0.2,0.0,2019-03-26 19:08:24,刺网
12995,28.587972222222234,126.2265277777778,0.3,239.0,2019-03-26 19:18:24,刺网
12995,28.587777777777767,126.22677777777778,0.4,71.0,2019-03-26 19:28:24,刺网
12995,28.587944444444442,126.22661111111113,0.4,146.0,2019-03-26 19:38:24,刺网
12995,28.588,126.2265,0.3,118.0,2019-03-26 19:48:24,刺网
12995,28.58805555555556,126.22647222222223,0.3,0.0,2019-03-26 19:58:24,刺网
12995,28.58805555555556,126.22644444444445,0.2,0.0,2019-03-26 20:08:24,刺网
12995,28.588416666666664,126.22613888888887,0.3,0.0,2019-03-26 20:18:23,刺网
12995,28.58838888888889,126.22616666666669,0.3,0.0,2019-03-26 20:28:23,刺网
12995,28.588638888888887,126.226,0.6,333.0,2019-03-26 20:38:23,刺网
12995,28.588666666666665,126.2260277777778,0.5,323.0,2019-03-26 20:48:23,刺网
12995,28.588777777777768,126.22597222222224,0.3,0.0,2019-03-26 20:58:23,刺网
12995,28.58880555555556,126.22597222222224,0.1,0.0,2019-03-26 21:08:23,刺网
12995,28.589,126.22588888888893,0.3,334.0,2019-03-26 21:18:23,刺网
12995,28.58919444444444,126.22586111111113,0.4,35.0,2019-03-26 21:28:26,刺网
12995,28.589444444444442,126.22586111111113,0.9,49.0,2019-03-26 21:38:25,刺网
12995,28.58988888888889,126.22591666666668,0.1,0.0,2019-03-26 21:48:25,刺网
12995,28.589944444444445,126.22591666666668,0.4,0.0,2019-03-26 21:58:25,刺网
12995,28.59011111111111,126.226,1.0,228.0,2019-03-26 22:08:25,刺网
12995,28.590277777777768,126.22608333333334,0.5,68.0,2019-03-26 22:28:25,刺网
12995,28.59044444444444,126.22616666666669,0.1,0.0,2019-03-26 22:38:25,刺网
12995,28.59063888888889,126.22627777777778,0.1,0.0,2019-03-26 22:48:25,刺网
12995,28.59083333333333,126.22647222222223,0.9,52.0,2019-03-26 22:58:25,刺网
12995,28.591027777777786,126.22672222222224,0.2,0.0,2019-03-26 23:08:25,刺网
12995,28.59119444444445,126.22697222222222,0.1,0.0,2019-03-26 23:18:25,刺网
12995,28.591166666666666,126.2270277777778,0.2,0.0,2019-03-26 23:28:25,刺网
12995,28.591277777777766,126.22713888888887,0.5,67.0,2019-03-26 23:38:24,刺网
12995,28.59111111111111,126.227,0.4,106.0,2019-03-26 23:48:24,刺网
12995,28.591166666666666,126.227,0.2,0.0,2019-03-26 23:58:24,刺网
12995,28.59133333333333,126.22741666666668,0.8,40.0,2019-03-27 00:08:24,刺网
12995,28.59138888888889,126.22780555555555,0.5,115.0,2019-03-27 00:18:24,刺网
12995,28.59138888888889,126.22777777777776,0.1,0.0,2019-03-27 00:28:24,刺网
12995,28.591305555555557,126.22816666666668,0.4,0.0,2019-03-27 00:38:24,刺网
12995,28.59133333333333,126.22816666666668,0.4,0.0,2019-03-27 00:48:24,刺网
12995,28.591305555555557,126.22861111111106,0.4,0.0,2019-03-27 00:58:24,刺网
12995,28.591277777777766,126.22855555555556,0.1,0.0,2019-03-27 01:08:24,刺网
12995,28.59125,126.22886111111107,0.1,0.0,2019-03-27 01:18:23,刺网
12995,28.59113888888889,126.22930555555556,0.1,0.0,2019-03-27 01:28:23,刺网
12995,28.59086111111111,126.22955555555555,0.2,0.0,2019-03-27 01:38:23,刺网
12995,28.590666666666664,126.22983333333332,0.5,139.0,2019-03-27 01:48:23,刺网
12995,28.590277777777768,126.23,0.4,91.0,2019-03-27 01:58:23,刺网
12995,28.590277777777768,126.23005555555555,0.2,0.0,2019-03-27 02:08:23,刺网
12995,28.590277777777768,126.23011111111113,0.6,255.0,2019-03-27 02:18:23,刺网
12995,28.59008333333333,126.23,0.2,0.0,2019-03-27 02:28:23,刺网
12995,28.589777777777766,126.23011111111113,0.3,0.0,2019-03-27 02:38:23,刺网
12995,28.58963888888889,126.23011111111113,0.3,0.0,2019-03-27 02:48:23,刺网
12995,28.589444444444442,126.23016666666668,0.4,162.0,2019-03-27 02:58:25,刺网
12995,28.58958333333333,126.2302222222222,0.2,0.0,2019-03-27 03:08:25,刺网
12995,28.59025,126.22997222222222,0.4,308.0,2019-03-27 03:18:25,刺网
12995,28.58991666666667,126.22997222222222,0.4,144.0,2019-03-27 03:28:25,刺网
12995,28.589277777777767,126.23019444444445,0.3,180.0,2019-03-27 03:38:25,刺网
12995,28.589555555555553,126.22794444444445,0.5,222.0,2019-03-27 03:48:25,刺网
12995,28.60661111111111,126.22775,7.9,356.0,2019-03-27 03:58:25,刺网
12995,28.628888888888888,126.22780555555555,7.9,1.0,2019-03-27 04:08:25,刺网
12995,28.631,126.22238888888893,7.9,180.0,2019-03-27 04:18:25,刺网
12995,28.608888888888888,126.22180555555555,8.0,181.0,2019-03-27 04:28:25,刺网
12995,28.589555555555553,126.21833333333332,7.8,263.0,2019-03-27 04:38:25,刺网
12995,28.61113888888889,126.21666666666668,8.4,3.0,2019-03-27 04:48:25,刺网
12995,28.634222222222213,126.21661111111106,8.4,2.0,2019-03-27 04:58:24,刺网
12995,28.626472222222233,126.21119444444444,8.0,176.0,2019-03-27 05:08:24,刺网
12995,28.604,126.211,8.1,176.0,2019-03-27 05:18:24,刺网
12995,28.597444444444445,126.20530555555555,8.2,354.0,2019-03-27 05:28:24,刺网
12995,28.61794444444445,126.20463888888894,8.0,0.0,2019-03-27 05:38:24,刺网
12995,28.64008333333333,126.20441666666666,7.9,353.0,2019-03-27 05:48:24,刺网
12995,28.624055555555554,126.19844444444445,8.0,179.0,2019-03-27 05:58:24,刺网
12995,28.60108333333333,126.19838888888893,8.4,181.0,2019-03-27 06:08:24,刺网
12995,28.603027777777786,126.19222222222223,8.5,357.0,2019-03-27 06:18:23,刺网
12995,28.627111111111113,126.19233333333334,8.6,2.0,2019-03-27 06:28:23,刺网
12995,28.63411111111111,126.18608333333331,8.4,181.0,2019-03-27 06:38:23,刺网
12995,28.61144444444445,126.18613888888888,8.3,176.0,2019-03-27 06:48:23,刺网
12995,28.588555555555555,126.18544444444444,8.1,183.0,2019-03-27 06:58:23,刺网
12995,28.58408333333333,126.20991666666669,8.9,99.0,2019-03-27 07:08:23,刺网
12995,28.58433333333333,126.21963888888894,0.8,15.0,2019-03-27 07:18:23,刺网
12995,28.585777777777786,126.21872222222223,0.6,314.0,2019-03-27 07:28:23,刺网
12995,28.58730555555555,126.21736111111107,0.5,319.0,2019-03-27 07:38:23,刺网
12995,28.588972222222214,126.21622222222223,0.8,331.0,2019-03-27 07:48:23,刺网
12995,28.590888888888887,126.21480555555556,0.8,330.0,2019-03-27 07:58:23,刺网
12995,28.593027777777767,126.21336111111113,1.4,339.0,2019-03-27 08:08:25,刺网
12995,28.5955,126.2122777777778,1.1,342.0,2019-03-27 08:18:25,刺网
12995,28.59794444444444,126.21086111111113,0.9,337.0,2019-03-27 08:28:25,刺网
12995,28.600555555555548,126.2092777777778,1.2,336.0,2019-03-27 08:38:25,刺网
12995,28.603472222222226,126.20805555555555,1.3,335.0,2019-03-27 08:48:25,刺网
12995,28.60655555555556,126.20669444444445,1.2,337.0,2019-03-27 08:58:25,刺网
12995,28.609777777777786,126.20541666666666,0.9,343.0,2019-03-27 09:08:25,刺网
12995,28.6165,126.20333333333332,3.2,48.0,2019-03-27 09:28:25,刺网
12995,28.594916666666666,126.23105555555556,1.7,264.0,2019-03-27 09:48:24,刺网
12995,28.603472222222226,126.23011111111113,3.2,13.0,2019-03-27 09:58:24,刺网
12995,28.613472222222214,126.23086111111112,3.6,8.0,2019-03-27 10:08:24,刺网
12995,28.62305555555556,126.23066666666666,3.2,339.0,2019-03-27 10:18:24,刺网
12995,28.632555555555548,126.22994444444444,3.2,3.0,2019-03-27 10:28:24,刺网
12995,28.641,126.22852777777778,3.0,337.0,2019-03-27 10:38:24,刺网
12995,28.63727777777777,126.22683333333336,2.7,183.0,2019-03-27 10:48:24,刺网
12995,28.62988888888889,126.22711111111113,3.1,166.0,2019-03-27 10:58:24,刺网
12995,28.62216666666667,126.22708333333333,2.3,164.0,2019-03-27 11:08:23,刺网
12995,28.614694444444453,126.22577777777781,2.2,176.0,2019-03-27 11:18:23,刺网
12995,28.60763888888889,126.22419444444445,2.4,189.0,2019-03-27 11:28:23,刺网
12995,28.601055555555558,126.22275,2.4,167.0,2019-03-27 11:38:23,刺网
12995,28.595416666666665,126.22130555555556,1.4,236.0,2019-03-27 11:48:23,刺网
12995,28.600388888888887,126.21980555555555,3.5,7.0,2019-03-27 11:58:23,刺网
12995,28.60880555555556,126.21991666666668,4.1,351.0,2019-03-27 12:08:23,刺网
12995,28.617916666666666,126.22002777777777,3.6,354.0,2019-03-27 12:18:23,刺网
12995,28.62694444444445,126.22091666666668,3.1,6.0,2019-03-27 12:28:23,刺网
12995,28.63558333333333,126.2222777777778,2.8,358.0,2019-03-27 12:38:23,刺网
12995,28.641444444444442,126.22119444444445,1.8,214.0,2019-03-27 12:48:23,刺网
12995,28.6355,126.21861111111113,2.1,194.0,2019-03-27 12:58:23,刺网
12995,28.628166666666665,126.21758333333334,3.1,179.0,2019-03-27 13:08:22,刺网
12995,28.62083333333333,126.2165,2.4,188.0,2019-03-27 13:18:25,刺网
12995,28.600388888888887,126.21341666666667,2.2,190.0,2019-03-27 13:48:25,刺网
12995,28.59544444444445,126.21075,2.1,244.0,2019-03-27 13:58:25,刺网
12995,28.61000000000001,126.20830555555555,3.0,4.0,2019-03-27 14:18:25,刺网
12995,28.618805555555557,126.2107777777778,3.4,13.0,2019-03-27 14:28:25,刺网
12995,28.62583333333333,126.21383333333334,1.2,39.0,2019-03-27 14:38:25,刺网
12995,28.633111111111113,126.215,2.9,5.0,2019-03-27 14:48:24,刺网
12995,28.64044444444444,126.21455555555555,2.4,322.0,2019-03-27 14:58:24,刺网
12995,28.639555555555553,126.21005555555556,2.5,226.0,2019-03-27 15:08:24,刺网
12995,28.63300000000001,126.20691666666666,2.6,196.0,2019-03-27 15:18:24,刺网
12995,28.62536111111111,126.20561111111112,2.5,185.0,2019-03-27 15:28:24,刺网
12995,28.617694444444453,126.20438888888887,2.6,191.0,2019-03-27 15:38:24,刺网
12995,28.610527777777786,126.20200000000001,3.1,191.0,2019-03-27 15:48:24,刺网
12995,28.603222222222215,126.19955555555555,3.0,196.0,2019-03-27 15:58:23,刺网
12995,28.597972222222214,126.19497222222222,2.1,258.0,2019-03-27 16:08:24,刺网
12995,28.60458333333333,126.19283333333334,3.3,356.0,2019-03-27 16:18:23,刺网
12995,28.613000000000003,126.19375,3.3,9.0,2019-03-27 16:28:23,刺网
12995,28.621777777777766,126.19636111111107,3.5,38.0,2019-03-27 16:38:23,刺网
12995,28.630138888888887,126.19772222222224,3.1,16.0,2019-03-27 16:48:23,刺网
12995,28.638055555555557,126.19836111111113,2.4,2.0,2019-03-27 16:58:23,刺网
12995,28.64022222222223,126.19488888888893,2.2,241.0,2019-03-27 17:08:23,刺网
12995,28.633388888888888,126.19113888888887,3.3,187.0,2019-03-27 17:18:23,刺网
12995,28.625277777777786,126.18963888888894,3.1,200.0,2019-03-27 17:28:23,刺网
12995,28.616888888888887,126.18825,3.1,208.0,2019-03-27 17:38:23,刺网
12995,28.60916666666667,126.18469444444445,3.2,205.0,2019-03-27 17:48:23,刺网
12995,28.597777777777768,126.18536111111112,4.3,70.0,2019-03-27 18:08:22,刺网
12995,28.60166666666667,126.20483333333334,6.6,82.0,2019-03-27 18:18:25,刺网
12995,28.61216666666667,126.2205277777778,6.3,20.0,2019-03-27 18:28:22,刺网
12995,28.624111111111112,126.22575,3.9,355.0,2019-03-27 18:38:25,刺网
12995,28.634305555555553,126.23105555555556,5.8,74.0,2019-03-27 18:48:25,刺网
12995,28.6445,126.24675,8.2,15.0,2019-03-27 18:58:25,刺网
12995,28.6665,126.25375,7.8,17.0,2019-03-27 19:08:25,刺网
12995,28.68861111111111,126.25958333333332,8.0,10.0,2019-03-27 19:18:25,刺网
12995,28.711277777777767,126.26244444444444,8.1,5.0,2019-03-27 19:28:24,刺网
12995,28.732027777777766,126.26413888888888,2.1,274.0,2019-03-27 19:38:24,刺网
12995,28.73508333333333,126.26347222222222,1.6,3.0,2019-03-27 19:48:24,刺网
12995,28.736472222222233,126.26408333333332,0.2,0.0,2019-03-27 19:58:24,刺网
12995,28.736527777777766,126.26383333333334,0.8,318.0,2019-03-27 20:08:24,刺网
12995,28.736611111111113,126.2639722222222,0.2,0.0,2019-03-27 20:18:24,刺网
12995,28.736583333333336,126.26408333333332,0.9,16.0,2019-03-27 20:28:24,刺网
12995,28.736583333333336,126.26430555555555,0.6,40.0,2019-03-27 20:38:24,刺网
12995,28.736583333333336,126.26425,0.5,112.0,2019-03-27 20:48:24,刺网
12995,28.736555555555555,126.26430555555555,0.4,60.0,2019-03-27 20:58:24,刺网
12995,28.736583333333336,126.26438888888887,0.5,309.0,2019-03-27 21:08:23,刺网
12995,28.736583333333336,126.26430555555555,0.6,3.0,2019-03-27 21:18:23,刺网
12995,28.736555555555555,126.26438888888887,0.3,0.0,2019-03-27 21:28:23,刺网
12995,28.736611111111113,126.2645277777778,0.1,0.0,2019-03-27 21:38:23,刺网
12995,28.736666666666668,126.26422222222223,0.4,0.0,2019-03-27 21:48:23,刺网
12995,28.736666666666668,126.26430555555555,0.2,0.0,2019-03-27 21:58:23,刺网
12995,28.73683333333333,126.2644722222222,0.1,0.0,2019-03-27 22:08:23,刺网
12995,28.73697222222223,126.26430555555555,1.1,114.0,2019-03-27 22:18:23,刺网
12995,28.737,126.2645,0.5,0.0,2019-03-27 22:28:23,刺网
12995,28.737,126.2645277777778,0.2,0.0,2019-03-27 22:38:23,刺网
12995,28.737,126.26458333333332,0.4,155.0,2019-03-27 22:48:23,刺网
12995,28.737,126.26461111111112,0.7,274.0,2019-03-27 22:58:22,刺网
12995,28.73697222222223,126.26472222222222,0.3,0.0,2019-03-27 23:08:22,刺网
12995,28.73708333333333,126.26455555555556,0.5,84.0,2019-03-27 23:18:22,刺网
12995,28.737055555555557,126.26475,1.0,127.0,2019-03-27 23:28:25,刺网
12995,28.73713888888889,126.26466666666668,0.7,177.0,2019-03-27 23:38:25,刺网
12995,28.738611111111112,126.26494444444445,0.8,13.0,2019-03-27 23:48:25,刺网
12995,28.74280555555556,126.26613888888888,1.1,119.0,2019-03-27 23:58:25,刺网
12995,28.746861111111112,126.26708333333332,1.4,7.0,2019-03-28 00:08:25,刺网
12995,28.750999999999998,126.26825,1.3,34.0,2019-03-28 00:18:25,刺网
12995,28.755222222222233,126.2697777777778,1.6,24.0,2019-03-28 00:28:25,刺网
12995,28.759472222222215,126.27130555555556,0.4,0.0,2019-03-28 00:38:25,刺网
12995,28.76369444444445,126.27288888888887,1.7,44.0,2019-03-28 00:48:24,刺网
12995,28.76783333333333,126.27475,1.2,34.0,2019-03-28 00:58:24,刺网
12995,28.769305555555555,126.27619444444444,1.7,251.0,2019-03-28 01:08:24,刺网
12995,28.76977777777777,126.27616666666668,0.8,133.0,2019-03-28 01:18:24,刺网
12995,28.769722222222214,126.27622222222222,0.9,258.0,2019-03-28 01:28:24,刺网
12995,28.76969444444445,126.2762777777778,1.3,160.0,2019-03-28 01:38:24,刺网
12995,28.76961111111111,126.2764722222222,1.7,156.0,2019-03-28 01:48:24,刺网
12995,28.76958333333333,126.2765,1.4,38.0,2019-03-28 01:58:23,刺网
12995,28.7695,126.27666666666669,0.1,0.0,2019-03-28 02:08:23,刺网
12995,28.7695,126.27658333333332,0.3,0.0,2019-03-28 02:18:23,刺网
12995,28.769416666666668,126.27666666666669,0.9,115.0,2019-03-28 02:28:23,刺网
12995,28.76947222222222,126.27663888888887,0.7,66.0,2019-03-28 02:38:23,刺网
12995,28.76947222222222,126.27663888888887,0.9,214.0,2019-03-28 02:48:23,刺网
12995,28.76947222222222,126.27661111111112,1.1,125.0,2019-03-28 02:58:23,刺网
12995,28.76933333333333,126.27680555555555,0.8,284.0,2019-03-28 03:08:23,刺网
12995,28.769222222222233,126.27691666666666,0.4,132.0,2019-03-28 03:18:23,刺网
12995,28.769222222222233,126.27691666666666,1.7,122.0,2019-03-28 03:28:23,刺网
12995,28.769277777777766,126.27686111111113,0.1,0.0,2019-03-28 03:38:23,刺网
12995,28.768666666666665,126.27730555555556,0.1,0.0,2019-03-28 03:48:23,刺网
12995,28.769055555555553,126.27705555555555,1.0,310.0,2019-03-28 03:58:22,刺网
12995,28.76805555555556,126.27522222222223,2.7,221.0,2019-03-28 04:08:22,刺网
12995,28.781,126.26625,7.2,314.0,2019-03-28 04:18:22,刺网
12995,28.76538888888889,126.26538888888888,7.6,185.0,2019-03-28 04:28:22,刺网
12995,28.746277777777767,126.26525,7.2,179.0,2019-03-28 04:38:25,刺网
12995,28.731027777777786,126.2605,7.7,287.0,2019-03-28 04:48:25,刺网
12995,28.75183333333333,126.25883333333331,7.2,356.0,2019-03-28 04:58:25,刺网
12995,28.77322222222222,126.25858333333332,7.7,355.0,2019-03-28 05:08:25,刺网
12995,28.769305555555555,126.25333333333332,6.8,181.0,2019-03-28 05:18:25,刺网
12995,28.751361111111112,126.25302777777777,7.1,180.0,2019-03-28 05:28:25,刺网
12995,28.73275,126.25294444444445,7.4,180.0,2019-03-28 05:38:24,刺网
12995,28.744055555555555,126.24719444444445,7.3,357.0,2019-03-28 05:48:24,刺网
12995,28.765361111111112,126.24725,7.2,3.0,2019-03-28 05:58:24,刺网
12995,28.78208333333333,126.24475,6.2,270.0,2019-03-28 06:08:24,刺网
12995,28.76358333333333,126.24155555555555,7.8,181.0,2019-03-28 06:18:24,刺网
12995,28.743944444444452,126.24122222222222,8.5,179.0,2019-03-28 06:28:24,刺网
12995,28.751027777777786,126.23536111111113,6.8,358.0,2019-03-28 06:48:24,刺网
12995,28.770527777777787,126.23516666666669,7.1,358.0,2019-03-28 06:58:24,刺网
12995,28.775722222222214,126.24797222222223,3.0,112.0,2019-03-28 07:08:23,刺网
12995,28.773555555555557,126.25255555555556,1.8,103.0,2019-03-28 07:18:23,刺网
12995,28.77127777777777,126.25588888888888,1.1,38.0,2019-03-28 07:28:23,刺网
12995,28.769222222222233,126.25825,1.5,65.0,2019-03-28 07:38:23,刺网
12995,28.76675,126.26100000000001,1.1,144.0,2019-03-28 07:48:23,刺网
12995,28.764222222222234,126.26336111111112,0.9,95.0,2019-03-28 07:58:23,刺网
12995,28.761833333333332,126.2662777777778,1.9,139.0,2019-03-28 08:08:23,刺网
12995,28.75958333333333,126.26819444444445,0.7,160.0,2019-03-28 08:18:23,刺网
12995,28.757527777777767,126.26916666666666,1.0,148.0,2019-03-28 08:28:23,刺网
12995,28.7555,126.27036111111113,1.8,69.0,2019-03-28 08:38:23,刺网
12995,28.753888888888888,126.27102777777776,1.1,106.0,2019-03-28 08:48:23,刺网
12995,28.75225,126.27219444444445,0.8,0.0,2019-03-28 08:58:23,刺网
12995,28.750888888888888,126.27302777777777,1.0,122.0,2019-03-28 09:08:22,刺网
12995,28.74988888888889,126.27344444444445,1.2,0.0,2019-03-28 09:18:22,刺网
12995,28.75786111111111,126.27733333333332,7.7,18.0,2019-03-28 09:28:22,刺网
12995,28.780166666666666,126.28122222222223,7.3,356.0,2019-03-28 09:38:25,刺网
12995,28.781055555555557,126.2805277777778,3.6,224.0,2019-03-28 09:48:25,刺网
12995,28.773055555555555,126.27886111111107,2.9,177.0,2019-03-28 09:58:25,刺网
12995,28.764805555555554,126.27894444444445,3.3,185.0,2019-03-28 10:08:25,刺网
12995,28.757527777777767,126.27933333333334,2.1,183.0,2019-03-28 10:18:25,刺网
12995,28.74969444444445,126.28,3.3,188.0,2019-03-28 10:28:25,刺网
12995,28.74341666666667,126.27969444444444,1.8,175.0,2019-03-28 10:38:24,刺网
12995,28.737111111111112,126.27638888888887,3.3,239.0,2019-03-28 10:48:24,刺网
12995,28.736472222222233,126.26941666666666,3.2,310.0,2019-03-28 10:58:24,刺网
12995,28.74508333333333,126.26811111111112,3.7,9.0,2019-03-28 11:08:24,刺网
12995,28.754277777777766,126.26819444444445,3.3,17.0,2019-03-28 11:18:24,刺网
12995,28.763222222222232,126.26866666666668,3.7,1.0,2019-03-28 11:28:24,刺网
12995,28.765694444444442,126.26841666666668,1.7,2.0,2019-03-28 11:38:24,刺网
12995,28.7675,126.26822222222222,1.9,327.0,2019-03-28 11:48:24,刺网
12995,28.77458333333333,126.26769444444444,2.0,350.0,2019-03-28 11:58:24,刺网
12995,28.77847222222222,126.26686111111113,2.4,342.0,2019-03-28 12:08:24,刺网
12995,28.780166666666666,126.26555555555555,3.0,174.0,2019-03-28 12:18:23,刺网
12995,28.775861111111112,126.26794444444445,0.9,72.0,2019-03-28 12:28:23,刺网
12995,28.77069444444444,126.26819444444445,1.3,207.0,2019-03-28 12:38:23,刺网
12995,28.76744444444445,126.26738888888887,0.8,179.0,2019-03-28 12:48:23,刺网
12995,28.765555555555554,126.26694444444445,0.4,227.0,2019-03-28 12:58:23,刺网
12995,28.760055555555557,126.26602777777778,2.0,185.0,2019-03-28 13:08:23,刺网
12995,28.755722222222214,126.26541666666668,2.5,184.0,2019-03-28 13:18:23,刺网
12995,28.75008333333333,126.26430555555555,1.2,182.0,2019-03-28 13:28:23,刺网
12995,28.744527777777787,126.26222222222222,2.1,187.0,2019-03-28 13:38:23,刺网
12995,28.737666666666666,126.25838888888893,2.6,201.0,2019-03-28 13:48:23,刺网
12995,28.739638888888887,126.25233333333333,3.3,5.0,2019-03-28 13:58:22,刺网
12995,28.748166666666666,126.25188888888887,4.0,9.0,2019-03-28 14:08:22,刺网
12995,28.757444444444445,126.2522777777778,3.1,351.0,2019-03-28 14:18:22,刺网
12995,28.766333333333336,126.25330555555556,2.9,353.0,2019-03-28 14:28:22,刺网
12995,28.77483333333333,126.25361111111113,3.4,351.0,2019-03-28 14:38:22,刺网
12995,28.783,126.25394444444444,2.2,21.0,2019-03-28 14:48:22,刺网
12995,28.78338888888889,126.25136111111112,1.6,219.0,2019-03-28 14:58:25,刺网
12995,28.776472222222214,126.24988888888888,2.6,184.0,2019-03-28 15:08:25,刺网
12995,28.76886111111111,126.24961111111112,3.5,182.0,2019-03-28 15:18:24,刺网
12995,28.761222222222226,126.24994444444445,3.3,177.0,2019-03-28 15:28:24,刺网
12995,28.754777777777786,126.25105555555555,1.6,223.0,2019-03-28 15:38:24,刺网
12995,28.75019444444445,126.2517777777778,2.7,205.0,2019-03-28 15:48:24,刺网
12995,28.745638888888887,126.25188888888887,1.3,165.0,2019-03-28 15:58:24,刺网
12995,28.74013888888889,126.25019444444445,3.0,198.0,2019-03-28 16:08:24,刺网
12995,28.734777777777786,126.24469444444445,2.2,268.0,2019-03-28 16:18:24,刺网
12995,28.740388888888887,126.23991666666667,3.6,337.0,2019-03-28 16:28:24,刺网
12995,28.74925,126.23875,3.2,354.0,2019-03-28 16:38:24,刺网
12995,28.75802777777778,126.23905555555555,3.4,21.0,2019-03-28 16:48:24,刺网
12995,28.775222222222233,126.2422222222222,2.5,44.0,2019-03-28 17:08:23,刺网
12995,28.77219444444445,126.25063888888887,7.3,146.0,2019-03-28 17:18:23,刺网
12995,28.75594444444444,126.25988888888894,5.2,145.0,2019-03-28 17:28:23,刺网
12995,28.743666666666666,126.26655555555556,4.1,157.0,2019-03-28 17:38:23,刺网
12995,28.7325,126.26883333333332,4.7,181.0,2019-03-28 17:48:23,刺网
12995,28.72733333333333,126.26230555555556,2.9,256.0,2019-03-28 17:58:23,刺网
12995,28.720416666666665,126.25908333333334,7.6,155.0,2019-03-28 18:08:23,刺网
12995,28.69969444444445,126.26380555555555,7.6,166.0,2019-03-28 18:18:23,刺网
12995,28.681305555555557,126.26775,7.1,167.0,2019-03-28 18:28:23,刺网
12995,28.66169444444445,126.27177777777777,7.5,174.0,2019-03-28 18:38:23,刺网
12995,28.642555555555553,126.27411111111113,2.8,171.0,2019-03-28 18:48:22,刺网
12995,28.642944444444442,126.2727777777778,1.3,304.0,2019-03-28 18:58:22,刺网
12995,28.64283333333333,126.27041666666666,1.3,252.0,2019-03-28 19:08:22,刺网
12995,28.643638888888887,126.26816666666666,1.2,323.0,2019-03-28 19:18:22,刺网
12995,28.64386111111111,126.26577777777777,1.2,337.0,2019-03-28 19:28:22,刺网
12995,28.64419444444445,126.26555555555555,0.7,105.0,2019-03-28 19:38:22,刺网
12995,28.644416666666668,126.26563888888887,1.0,57.0,2019-03-28 19:48:22,刺网
12995,28.64413888888889,126.26558333333332,0.6,0.0,2019-03-28 19:58:22,刺网
12995,28.64388888888889,126.26561111111113,1.0,79.0,2019-03-28 20:08:25,刺网
12995,28.644055555555553,126.26547222222223,0.8,0.0,2019-03-28 20:18:25,刺网
12995,28.643916666666666,126.2655,0.7,176.0,2019-03-28 20:28:22,刺网
12995,28.64383333333333,126.2655,0.6,201.0,2019-03-28 20:38:24,刺网
12995,28.64386111111111,126.2655,0.5,77.0,2019-03-28 20:48:24,刺网
12995,28.64375,126.2655,1.1,218.0,2019-03-28 20:58:24,刺网
12995,28.643638888888887,126.2655277777778,0.6,35.0,2019-03-28 21:08:24,刺网
12995,28.644,126.2655,0.6,231.0,2019-03-28 21:18:24,刺网
12995,28.64372222222222,126.2655277777778,0.9,121.0,2019-03-28 21:28:24,刺网
12995,28.643666666666665,126.2655,1.2,175.0,2019-03-28 21:38:24,刺网
12995,28.642916666666665,126.26577777777777,0.4,0.0,2019-03-28 21:48:24,刺网
12995,28.64247222222223,126.26616666666668,0.7,116.0,2019-03-28 21:58:23,刺网
12995,28.642166666666668,126.26661111111108,0.2,0.0,2019-03-28 22:18:23,刺网
12995,28.642555555555553,126.26608333333333,0.3,0.0,2019-03-28 22:28:23,刺网
12995,28.64244444444445,126.26613888888888,0.7,243.0,2019-03-28 22:38:23,刺网
12995,28.64233333333333,126.26641666666666,1.0,157.0,2019-03-28 22:48:23,刺网
12995,28.64244444444445,126.26622222222224,0.7,6.0,2019-03-28 22:58:23,刺网
12995,28.642555555555553,126.26602777777778,1.3,321.0,2019-03-28 23:08:23,刺网
12995,28.64252777777777,126.26608333333333,0.3,142.0,2019-03-28 23:18:23,刺网
12995,28.642611111111112,126.266,1.7,317.0,2019-03-28 23:28:23,刺网
12995,28.642611111111112,126.266,0.6,318.0,2019-03-28 23:38:22,刺网
12995,28.64275,126.26586111111112,0.5,200.0,2019-03-28 23:48:22,刺网
12995,28.642805555555555,126.26583333333332,0.6,354.0,2019-03-28 23:58:22,刺网
12995,28.642777777777766,126.26583333333332,1.5,192.0,2019-03-29 00:08:22,刺网
12995,28.642861111111113,126.26577777777777,0.8,239.0,2019-03-29 00:18:22,刺网
12995,28.643166666666666,126.26566666666666,2.0,216.0,2019-03-29 00:28:22,刺网
12995,28.643222222222214,126.26566666666666,1.1,356.0,2019-03-29 00:38:22,刺网
12995,28.643305555555557,126.26558333333332,1.5,138.0,2019-03-29 00:48:22,刺网
12995,28.642972222222234,126.26575,2.8,19.0,2019-03-29 00:58:22,刺网
12995,28.643277777777786,126.26558333333332,1.0,98.0,2019-03-29 01:08:22,刺网
12995,28.64325,126.26561111111113,0.8,72.0,2019-03-29 01:18:24,刺网
12995,28.64344444444445,126.2655277777778,0.8,5.0,2019-03-29 01:28:24,刺网
12995,28.64372222222222,126.26547222222223,1.5,30.0,2019-03-29 01:38:24,刺网
12995,28.643583333333336,126.2655,2.1,207.0,2019-03-29 01:48:24,刺网
12995,28.64352777777778,126.2655,1.7,45.0,2019-03-29 01:58:24,刺网
12995,28.64341666666667,126.2655277777778,1.0,2.0,2019-03-29 02:08:24,刺网
12995,28.643305555555557,126.26561111111113,0.5,49.0,2019-03-29 02:18:24,刺网
12995,28.64338888888889,126.26555555555555,0.7,0.0,2019-03-29 02:28:24,刺网
12995,28.643666666666665,126.2655,1.1,353.0,2019-03-29 02:38:24,刺网
12995,28.64394444444445,126.26544444444444,1.4,18.0,2019-03-29 02:48:23,刺网
12995,28.64383333333333,126.2655,0.5,72.0,2019-03-29 02:58:23,刺网
12995,28.643694444444442,126.2655277777778,0.4,124.0,2019-03-29 03:08:23,刺网
12995,28.64372222222222,126.2655,1.2,328.0,2019-03-29 03:18:23,刺网
12995,28.6435,126.2655277777778,1.0,148.0,2019-03-29 03:28:23,刺网
12995,28.64311111111111,126.26566666666666,1.4,6.0,2019-03-29 03:38:23,刺网
12995,28.643277777777786,126.26561111111113,1.2,167.0,2019-03-29 03:48:23,刺网
12995,28.64325,126.26561111111113,1.6,158.0,2019-03-29 03:58:23,刺网
12995,28.64311111111111,126.26566666666666,1.2,4.0,2019-03-29 04:08:23,刺网
12995,28.643166666666666,126.26563888888887,0.4,0.0,2019-03-29 04:18:23,刺网
12995,28.64155555555555,126.27202777777778,8.0,150.0,2019-03-29 04:28:23,刺网
12995,28.622527777777766,126.27511111111113,7.5,166.0,2019-03-29 04:38:22,刺网
12995,28.602888888888888,126.27527777777777,7.5,176.0,2019-03-29 04:48:22,刺网
12995,28.582638888888887,126.27533333333334,7.0,174.0,2019-03-29 04:58:22,刺网
12995,28.59638888888889,126.26863888888887,7.1,351.0,2019-03-29 05:08:22,刺网
12995,28.61519444444445,126.26855555555555,7.7,354.0,2019-03-29 05:18:22,刺网
12995,28.635277777777766,126.26897222222222,7.7,6.0,2019-03-29 05:28:22,刺网
12995,28.62775,126.26266666666668,6.9,174.0,2019-03-29 05:38:22,刺网
12995,28.607722222222232,126.26213888888887,7.3,185.0,2019-03-29 05:48:22,刺网
12995,28.588,126.26230555555556,6.9,177.0,2019-03-29 05:58:22,刺网
12995,28.589527777777768,126.25516666666668,5.9,4.0,2019-03-29 06:08:22,刺网
12995,28.61122222222223,126.25538888888887,7.2,6.0,2019-03-29 06:18:25,刺网
12995,28.630194444444445,126.25525,7.1,346.0,2019-03-29 06:28:22,刺网
12995,28.62025,126.24813888888887,7.6,179.0,2019-03-29 06:38:24,刺网
12995,28.600361111111113,126.2482222222222,7.5,186.0,2019-03-29 06:48:24,刺网
12995,28.58313888888889,126.24527777777777,8.9,280.0,2019-03-29 06:58:24,刺网
12995,28.60069444444445,126.24188888888894,7.3,14.0,2019-03-29 07:08:24,刺网
12995,28.61827777777778,126.24263888888888,2.3,57.0,2019-03-29 07:18:24,刺网
12995,28.62275,126.24783333333336,2.3,59.0,2019-03-29 07:28:24,刺网
12995,28.62708333333333,126.25383333333332,3.0,36.0,2019-03-29 07:38:24,刺网
12995,28.63186111111111,126.26008333333334,3.4,42.0,2019-03-29 07:48:24,刺网
12995,28.635972222222215,126.26513888888887,2.6,88.0,2019-03-29 07:58:24,刺网
12995,28.64005555555556,126.27555555555556,2.9,82.0,2019-03-29 08:08:24,刺网
12995,28.64408333333333,126.28613888888887,2.9,43.0,2019-03-29 08:18:23,刺网
12995,28.643166666666666,126.28438888888887,0.5,295.0,2019-03-29 08:28:23,刺网
12995,28.64238888888889,126.28211111111112,1.2,30.0,2019-03-29 08:38:23,刺网
12995,28.641333333333336,126.27975,0.6,251.0,2019-03-29 08:48:23,刺网
12995,28.640694444444442,126.27733333333332,0.9,262.0,2019-03-29 08:58:23,刺网
12995,28.64008333333333,126.27483333333332,0.6,252.0,2019-03-29 09:08:23,刺网
12995,28.63966666666667,126.27205555555555,1.0,254.0,2019-03-29 09:18:23,刺网
12995,28.64375,126.272,3.5,351.0,2019-03-29 09:28:23,刺网
12995,28.640527777777766,126.27230555555555,3.1,190.0,2019-03-29 09:38:22,刺网
12995,28.632805555555557,126.27116666666667,2.7,201.0,2019-03-29 09:48:22,刺网
12995,28.624805555555554,126.27111111111113,2.7,185.0,2019-03-29 09:58:22,刺网
12995,28.617472222222233,126.27072222222223,2.8,212.0,2019-03-29 10:08:22,刺网
12995,28.610611111111112,126.27086111111107,2.8,171.0,2019-03-29 10:18:22,刺网
12995,28.60361111111111,126.2715,2.2,231.0,2019-03-29 10:28:22,刺网
12995,28.59658333333333,126.2727777777778,2.9,186.0,2019-03-29 10:38:22,刺网
12995,28.5895,126.27183333333332,3.3,227.0,2019-03-29 10:48:22,刺网
12995,28.593555555555557,126.26683333333334,3.6,10.0,2019-03-29 10:58:22,刺网
12995,28.60294444444445,126.26494444444445,3.2,325.0,2019-03-29 11:08:22,刺网
12995,28.612416666666668,126.26283333333332,2.5,348.0,2019-03-29 11:18:22,刺网
12995,28.62136111111111,126.26194444444445,3.5,17.0,2019-03-29 11:28:22,刺网
12995,28.63075000000001,126.26047222222222,3.5,329.0,2019-03-29 11:38:24,刺网
12995,28.639,126.26005555555555,3.3,11.0,2019-03-29 11:48:24,刺网
12995,28.64419444444445,126.25805555555556,3.3,261.0,2019-03-29 11:58:24,刺网
12995,28.6395,126.25377777777778,3.0,197.0,2019-03-29 12:08:24,刺网
12995,28.63286111111111,126.25225,4.0,203.0,2019-03-29 12:18:24,刺网
12995,28.62822222222222,126.25283333333334,0.4,0.0,2019-03-29 12:28:24,刺网
12995,28.625416666666666,126.2534722222222,2.5,174.0,2019-03-29 12:38:24,刺网
12995,28.61808333333333,126.25483333333334,4.0,199.0,2019-03-29 12:48:24,刺网
12995,28.6105,126.25586111111107,3.0,152.0,2019-03-29 12:58:24,刺网
12995,28.603055555555557,126.25658333333334,3.2,172.0,2019-03-29 13:08:23,刺网
12995,28.595916666666664,126.25563888888892,2.5,200.0,2019-03-29 13:18:23,刺网
12995,28.598416666666665,126.24941666666666,2.8,354.0,2019-03-29 13:28:23,刺网
12995,28.60730555555556,126.2482222222222,3.5,14.0,2019-03-29 13:38:23,刺网
12995,28.616888888888887,126.24730555555556,2.9,346.0,2019-03-29 13:48:23,刺网
12995,28.62525,126.2475277777778,3.4,13.0,2019-03-29 13:58:23,刺网
12995,28.633888888888887,126.24388888888888,3.6,330.0,2019-03-29 14:08:23,刺网
12995,28.641972222222233,126.24044444444445,3.4,324.0,2019-03-29 14:18:23,刺网
12995,28.640555555555554,126.235,2.5,172.0,2019-03-29 14:28:23,刺网
12995,28.633888888888887,126.23752777777777,3.6,190.0,2019-03-29 14:38:22,刺网
12995,28.62777777777778,126.23919444444445,2.6,167.0,2019-03-29 14:48:22,刺网
12995,28.62263888888889,126.2397777777778,2.2,168.0,2019-03-29 14:58:22,刺网
12995,28.61555555555556,126.24161111111113,1.6,156.0,2019-03-29 15:08:22,刺网
12995,28.608138888888888,126.24244444444444,3.1,183.0,2019-03-29 15:18:22,刺网
12995,28.602305555555557,126.24058333333332,0.4,170.0,2019-03-29 15:28:22,刺网
12995,28.603027777777786,126.23569444444445,3.5,14.0,2019-03-29 15:38:22,刺网
12995,28.611611111111113,126.23594444444444,3.0,9.0,2019-03-29 15:48:22,刺网
12995,28.62102777777778,126.23541666666668,2.9,338.0,2019-03-29 15:58:22,刺网
12995,28.627305555555555,126.23277777777778,1.1,262.0,2019-03-29 16:08:22,刺网
12995,28.634,126.24466666666666,7.2,74.0,2019-03-29 16:18:22,刺网
12995,28.640555555555554,126.26266666666668,6.6,63.0,2019-03-29 16:28:22,刺网
12995,28.64680555555555,126.28152777777777,7.8,34.0,2019-03-29 16:38:24,刺网
12995,28.65594444444444,126.29894444444444,5.8,56.0,2019-03-29 16:48:24,刺网
12995,28.661972222222214,126.31661111111107,7.0,78.0,2019-03-29 16:58:24,刺网
12995,28.6665,126.33552777777777,6.6,73.0,2019-03-29 17:08:24,刺网
12995,28.671555555555557,126.35244444444444,3.4,263.0,2019-03-29 17:18:24,刺网
12995,28.67013888888889,126.34697222222222,6.5,61.0,2019-03-29 17:28:24,刺网
12995,28.681583333333336,126.36416666666666,7.3,42.0,2019-03-29 17:38:24,刺网
12995,28.69469444444445,126.37905555555555,6.6,53.0,2019-03-29 17:48:24,刺网
12995,28.707694444444453,126.394,6.8,43.0,2019-03-29 17:58:24,刺网
12995,28.72266666666666,126.40963888888888,6.6,38.0,2019-03-29 18:08:23,刺网
12995,28.733916666666666,126.41863888888888,1.6,273.0,2019-03-29 18:18:23,刺网
12995,28.733222222222214,126.41613888888894,0.2,0.0,2019-03-29 18:28:23,刺网
12995,28.733638888888887,126.41405555555555,0.6,325.0,2019-03-29 18:38:23,刺网
12995,28.73222222222222,126.41433333333336,0.5,97.0,2019-03-29 18:48:23,刺网
12995,28.73222222222222,126.41436111111112,1.0,143.0,2019-03-29 18:58:23,刺网
12995,28.732277777777767,126.41425,0.4,135.0,2019-03-29 19:08:23,刺网
12995,28.73216666666667,126.41430555555556,0.5,75.0,2019-03-29 19:18:23,刺网
12995,28.732277777777767,126.41430555555556,0.8,298.0,2019-03-29 19:28:23,刺网
12995,28.732416666666666,126.41422222222224,0.8,311.0,2019-03-29 19:48:22,刺网
12995,28.73225,126.41430555555556,1.0,144.0,2019-03-29 19:58:22,刺网
12995,28.732555555555553,126.41413888888887,0.7,0.0,2019-03-29 20:08:22,刺网
12995,28.73230555555555,126.41425,0.3,302.0,2019-03-29 20:18:22,刺网
12995,28.732888888888887,126.41397222222223,0.5,110.0,2019-03-29 20:28:22,刺网
12995,28.73269444444445,126.41405555555555,0.4,339.0,2019-03-29 20:38:22,刺网
12995,28.73244444444445,126.41413888888887,0.3,42.0,2019-03-29 20:48:22,刺网
12995,28.73244444444445,126.41419444444445,0.7,37.0,2019-03-29 20:58:22,刺网
12995,28.732194444444445,126.41433333333336,1.0,138.0,2019-03-29 21:08:22,刺网
12995,28.73169444444445,126.41483333333332,0.9,32.0,2019-03-29 21:18:22,刺网
12995,28.731666666666666,126.41486111111112,0.3,0.0,2019-03-29 21:28:21,刺网
12995,28.73158333333333,126.41494444444444,0.4,292.0,2019-03-29 21:38:21,刺网
12995,28.73161111111111,126.41491666666668,1.3,302.0,2019-03-29 21:58:24,刺网
12995,28.73155555555555,126.415,0.4,0.0,2019-03-29 22:08:24,刺网
12995,28.73186111111111,126.41463888888893,0.3,0.0,2019-03-29 22:18:24,刺网
12995,28.73161111111111,126.41491666666668,1.1,69.0,2019-03-29 22:28:24,刺网
12995,28.73155555555555,126.415,0.1,0.0,2019-03-29 22:38:24,刺网
12995,28.731416666666664,126.41519444444445,0.5,245.0,2019-03-29 22:48:24,刺网
12995,28.731416666666664,126.4152777777778,0.8,141.0,2019-03-29 22:58:23,刺网
12995,28.731444444444442,126.41519444444445,0.3,329.0,2019-03-29 23:08:23,刺网
12995,28.731361111111113,126.41536111111112,0.4,131.0,2019-03-29 23:18:23,刺网
12995,28.731527777777767,126.41508333333334,0.5,161.0,2019-03-29 23:38:23,刺网
12995,28.731305555555554,126.4155,0.6,120.0,2019-03-29 23:48:23,刺网
12995,28.731333333333332,126.41538888888893,0.5,282.0,2019-03-29 23:58:23,刺网
12995,28.731333333333332,126.41547222222223,0.9,70.0,2019-03-30 00:08:23,刺网
12995,28.731361111111113,126.41541666666667,0.8,236.0,2019-03-30 00:18:23,刺网
12995,28.73147222222222,126.41530555555555,0.4,0.0,2019-03-30 00:28:22,刺网
12995,28.731305555555554,126.4155,1.1,285.0,2019-03-30 00:38:22,刺网
12995,28.731277777777766,126.41555555555556,0.5,149.0,2019-03-30 00:48:22,刺网
12995,28.73147222222222,126.41516666666668,0.2,0.0,2019-03-30 00:58:22,刺网
12995,28.731638888888888,126.41488888888892,0.7,139.0,2019-03-30 01:08:22,刺网
12995,28.731805555555553,126.4147222222222,0.6,207.0,2019-03-30 01:18:22,刺网
12995,28.73216666666667,126.41436111111112,0.1,0.0,2019-03-30 01:28:22,刺网
12995,28.73236111111111,126.41422222222224,0.0,0.0,2019-03-30 01:38:22,刺网
12995,28.73258333333333,126.41408333333334,0.3,199.0,2019-03-30 01:48:22,刺网
12995,28.732972222222234,126.41397222222223,0.4,50.0,2019-03-30 01:58:22,刺网
12995,28.733,126.41394444444445,0.6,196.0,2019-03-30 02:08:22,刺网
12995,28.732944444444442,126.41397222222223,0.2,0.0,2019-03-30 02:18:22,刺网
12995,28.733138888888888,126.41391666666668,0.4,0.0,2019-03-30 02:28:21,刺网
12995,28.733,126.41397222222223,0.4,141.0,2019-03-30 02:38:21,刺网
12995,28.732833333333332,126.4140277777778,0.5,70.0,2019-03-30 02:48:21,刺网
12995,28.732805555555554,126.41405555555555,0.5,188.0,2019-03-30 03:08:21,刺网
12995,28.73261111111111,126.41413888888887,1.4,172.0,2019-03-30 03:18:24,刺网
12995,28.73236111111111,126.41427777777778,0.5,26.0,2019-03-30 03:28:24,刺网
12995,28.73222222222222,126.41447222222223,0.6,29.0,2019-03-30 03:38:24,刺网
12995,28.73175,126.41488888888892,0.3,0.0,2019-03-30 03:48:23,刺网
12995,28.734638888888888,126.41758333333334,3.8,30.0,2019-03-30 03:58:23,刺网
12995,28.754277777777766,126.41863888888888,6.7,1.0,2019-03-30 04:08:23,刺网
12995,28.775444444444442,126.41875,7.4,357.0,2019-03-30 04:18:23,刺网
12995,28.794027777777767,126.42194444444445,7.4,93.0,2019-03-30 04:28:23,刺网
12995,28.775,126.42452777777778,8.0,174.0,2019-03-30 04:38:23,刺网
12995,28.753055555555555,126.42472222222223,7.7,173.0,2019-03-30 04:48:23,刺网
12995,28.76294444444445,126.43013888888888,8.1,355.0,2019-03-30 05:08:23,刺网
12995,28.78544444444445,126.43013888888888,8.0,3.0,2019-03-30 05:18:23,刺网
12995,28.78580555555556,126.43541666666668,8.3,180.0,2019-03-30 05:28:23,刺网
12995,28.76280555555556,126.43594444444444,7.8,178.0,2019-03-30 05:38:22,刺网
12995,28.739777777777785,126.43580555555555,8.3,178.0,2019-03-30 05:48:22,刺网
12995,28.755194444444445,126.44222222222223,8.2,6.0,2019-03-30 05:58:22,刺网
12995,28.77775,126.44161111111113,8.3,0.0,2019-03-30 06:08:22,刺网
12995,28.7985,126.44347222222223,7.9,96.0,2019-03-30 06:18:22,刺网
12995,28.777972222222232,126.44747222222222,8.1,179.0,2019-03-30 06:28:22,刺网
12995,28.755138888888887,126.44783333333336,8.7,185.0,2019-03-30 06:38:22,刺网
12995,28.73791666666667,126.45425,7.1,36.0,2019-03-30 06:48:22,刺网
12995,28.75994444444445,126.45422222222223,7.4,356.0,2019-03-30 06:58:22,刺网
12995,28.771305555555557,126.44769444444445,4.4,250.0,2019-03-30 07:08:22,刺网
12995,28.767111111111113,126.43777777777778,1.0,228.0,2019-03-30 07:18:22,刺网
12995,28.76575,126.43741666666668,0.5,165.0,2019-03-30 07:28:22,刺网
12995,28.764194444444453,126.43741666666668,0.6,164.0,2019-03-30 07:38:21,刺网
12995,28.762583333333332,126.43752777777777,1.0,195.0,2019-03-30 07:48:21,刺网
12995,28.76088888888889,126.43747222222223,0.7,164.0,2019-03-30 07:58:21,刺网
12995,28.759222222222213,126.43716666666668,0.8,198.0,2019-03-30 08:08:21,刺网
12995,28.757444444444445,126.43669444444444,0.5,163.0,2019-03-30 08:18:24,刺网
12995,28.75583333333333,126.43647222222224,0.9,205.0,2019-03-30 08:28:24,刺网
12995,28.75425,126.43608333333331,0.6,244.0,2019-03-30 08:38:24,刺网
12995,28.75283333333333,126.43541666666668,1.5,189.0,2019-03-30 08:48:24,刺网
12995,28.75108333333333,126.436,0.6,170.0,2019-03-30 08:58:23,刺网
12995,28.749527777777786,126.43566666666666,0.5,205.0,2019-03-30 09:08:23,刺网
12995,28.74511111111111,126.42491666666668,5.8,238.0,2019-03-30 09:18:23,刺网
12995,28.74094444444445,126.41466666666668,2.5,324.0,2019-03-30 09:28:23,刺网
12995,28.74841666666667,126.41380555555556,2.6,347.0,2019-03-30 09:38:23,刺网
12995,28.757361111111113,126.41325,3.2,12.0,2019-03-30 09:48:23,刺网
12995,28.76619444444445,126.41294444444445,3.8,346.0,2019-03-30 09:58:23,刺网
12995,28.774972222222214,126.41336111111113,3.4,7.0,2019-03-30 10:08:23,刺网
12995,28.78375,126.41327777777781,3.4,355.0,2019-03-30 10:18:23,刺网
12995,28.79166666666667,126.41583333333334,2.7,15.0,2019-03-30 10:28:22,刺网
12995,28.788138888888888,126.41933333333334,2.9,168.0,2019-03-30 10:38:22,刺网
12995,28.780972222222214,126.4185,3.3,189.0,2019-03-30 10:48:22,刺网
12995,28.77216666666667,126.4172222222222,3.1,178.0,2019-03-30 10:58:22,刺网
12995,28.763361111111113,126.41594444444445,2.4,166.0,2019-03-30 11:08:22,刺网
12995,28.755222222222233,126.41513888888888,1.8,187.0,2019-03-30 11:18:22,刺网
12995,28.746194444444445,126.41522222222223,2.9,186.0,2019-03-30 11:28:22,刺网
12995,28.73908333333333,126.41683333333334,2.0,109.0,2019-03-30 11:38:22,刺网
12995,28.741083333333336,126.4215,2.5,7.0,2019-03-30 11:48:22,刺网
12995,28.748972222222214,126.42038888888894,3.4,10.0,2019-03-30 11:58:22,刺网
12995,28.75725,126.41986111111113,2.9,354.0,2019-03-30 12:08:22,刺网
12995,28.773888888888887,126.41902777777777,3.3,10.0,2019-03-30 12:28:21,刺网
12995,28.790250000000004,126.41933333333334,2.8,16.0,2019-03-30 12:48:21,刺网
12995,28.789,126.42347222222222,3.9,137.0,2019-03-30 12:58:21,刺网
12995,28.7815,126.42291666666668,2.7,157.0,2019-03-30 13:08:21,刺网
12995,28.77336111111111,126.42325,3.3,165.0,2019-03-30 13:18:21,刺网
12995,28.76550000000001,126.42525,2.8,164.0,2019-03-30 13:28:24,刺网
12995,28.75713888888889,126.42691666666668,1.7,142.0,2019-03-30 13:38:21,刺网
12995,28.750222222222234,126.42827777777778,2.7,162.0,2019-03-30 13:48:24,刺网
12995,28.743250000000003,126.43086111111113,2.2,143.0,2019-03-30 13:58:23,刺网
12995,28.74388888888889,126.43608333333331,2.3,356.0,2019-03-30 14:08:23,刺网
12995,28.751527777777767,126.43372222222223,3.0,351.0,2019-03-30 14:18:23,刺网
12995,28.75938888888889,126.43258333333334,3.0,348.0,2019-03-30 14:28:23,刺网
12995,28.76691666666667,126.43200000000002,2.8,352.0,2019-03-30 14:38:23,刺网
12995,28.774777777777768,126.43005555555555,3.2,16.0,2019-03-30 14:48:23,刺网
12995,28.78341666666667,126.42836111111113,3.4,354.0,2019-03-30 14:58:22,刺网
12995,28.791722222222226,126.42916666666667,2.2,13.0,2019-03-30 15:08:23,刺网
12995,28.794694444444453,126.43525,2.7,139.0,2019-03-30 15:18:23,刺网
12995,28.78744444444445,126.43533333333336,3.5,186.0,2019-03-30 15:28:23,刺网
12995,28.77936111111111,126.43536111111112,3.1,178.0,2019-03-30 15:38:22,刺网
12995,28.77219444444445,126.43766666666669,3.0,171.0,2019-03-30 15:48:22,刺网
12995,28.76463888888889,126.43919444444445,2.1,147.0,2019-03-30 15:58:22,刺网
12995,28.75638888888889,126.44133333333332,3.4,177.0,2019-03-30 16:08:22,刺网
12995,28.74833333333333,126.44188888888893,3.0,176.0,2019-03-30 16:18:22,刺网
12995,28.74144444444445,126.44438888888894,1.9,116.0,2019-03-30 16:28:22,刺网
12995,28.74625,126.44663888888887,3.0,350.0,2019-03-30 16:38:22,刺网
12995,28.754555555555555,126.44558333333332,2.9,345.0,2019-03-30 16:48:22,刺网
12995,28.769416666666668,126.44413888888887,1.5,46.0,2019-03-30 17:08:22,刺网
12995,28.758555555555557,126.4465,5.5,171.0,2019-03-30 17:18:22,刺网
12995,28.75244444444445,126.44922222222223,0.6,154.0,2019-03-30 17:28:22,刺网
12995,28.750472222222232,126.45058333333333,1.2,139.0,2019-03-30 17:38:21,刺网
12995,28.74841666666667,126.45188888888887,0.7,147.0,2019-03-30 17:48:21,刺网
12995,28.746,126.45352777777778,1.0,138.0,2019-03-30 17:58:21,刺网
12995,28.743861111111112,126.45544444444445,1.7,154.0,2019-03-30 18:08:21,刺网
12995,28.74152777777777,126.45711111111113,1.1,136.0,2019-03-30 18:18:21,刺网
12995,28.732083333333332,126.45702777777778,4.6,260.0,2019-03-30 18:28:21,刺网
12995,28.750277777777786,126.45125,2.5,344.0,2019-03-30 18:38:24,刺网
12995,28.748361111111112,126.45163888888888,0.2,0.0,2019-03-30 18:48:23,刺网
12995,28.74738888888889,126.45191666666666,0.3,0.0,2019-03-30 18:58:23,刺网
12995,28.74741666666667,126.45180555555555,1.3,83.0,2019-03-30 19:08:23,刺网
12995,28.74738888888889,126.45180555555555,0.4,55.0,2019-03-30 19:18:23,刺网
12995,28.74741666666667,126.45205555555556,0.4,99.0,2019-03-30 19:28:23,刺网
12995,28.74738888888889,126.45186111111113,0.7,0.0,2019-03-30 19:38:23,刺网
12995,28.74736111111111,126.45166666666668,0.4,67.0,2019-03-30 19:48:23,刺网
12995,28.74738888888889,126.45183333333334,0.2,0.0,2019-03-30 19:58:22,刺网
12995,28.74738888888889,126.45175,0.3,0.0,2019-03-30 20:08:23,刺网
12995,28.74744444444445,126.4520277777778,0.4,160.0,2019-03-30 20:18:23,刺网
12995,28.74741666666667,126.45186111111113,0.7,218.0,2019-03-30 20:28:23,刺网
12995,28.74736111111111,126.45155555555556,0.6,0.0,2019-03-30 20:38:23,刺网
12995,28.74738888888889,126.45188888888887,0.3,0.0,2019-03-30 20:48:22,刺网
12995,28.74741666666667,126.45194444444445,0.4,0.0,2019-03-30 20:58:22,刺网
12995,28.74744444444445,126.45211111111112,0.6,162.0,2019-03-30 21:08:22,刺网
12995,28.74741666666667,126.45200000000001,0.2,0.0,2019-03-30 21:18:22,刺网
12995,28.74744444444445,126.45211111111112,0.3,0.0,2019-03-30 21:28:22,刺网
12995,28.74741666666667,126.45188888888887,0.4,0.0,2019-03-30 21:38:22,刺网
12995,28.74741666666667,126.45200000000001,0.7,206.0,2019-03-30 21:48:22,刺网
12995,28.74738888888889,126.45169444444444,1.2,1.0,2019-03-30 21:58:22,刺网
12995,28.74736111111111,126.45172222222223,0.7,0.0,2019-03-30 22:08:22,刺网
12995,28.74736111111111,126.45161111111106,0.2,0.0,2019-03-30 22:18:22,刺网
12995,28.74733333333333,126.45141666666666,0.6,80.0,2019-03-30 22:28:21,刺网
12995,28.74733333333333,126.45169444444444,0.2,0.0,2019-03-30 22:38:21,刺网
12995,28.74733333333333,126.45163888888888,0.5,165.0,2019-03-30 22:48:21,刺网
12995,28.74733333333333,126.4515,0.7,111.0,2019-03-30 23:08:21,刺网
12995,28.74733333333333,126.45155555555556,0.3,159.0,2019-03-30 23:18:21,刺网
12995,28.74730555555556,126.4514722222222,0.3,0.0,2019-03-30 23:28:21,刺网
12995,28.74733333333333,126.45152777777777,0.6,197.0,2019-03-30 23:38:21,刺网
12995,28.74736111111111,126.4517777777778,0.2,0.0,2019-03-30 23:48:21,刺网
12995,28.74733333333333,126.4512777777778,0.3,315.0,2019-03-30 23:58:24,刺网
12995,28.74730555555556,126.45122222222223,0.7,182.0,2019-03-31 00:08:24,刺网
12995,28.747277777777786,126.45125,0.2,0.0,2019-03-31 00:18:23,刺网
12995,28.74733333333333,126.45122222222223,0.5,290.0,2019-03-31 00:28:23,刺网
12995,28.74730555555556,126.45144444444445,0.4,253.0,2019-03-31 00:38:23,刺网
12995,28.74733333333333,126.45130555555555,0.2,84.0,2019-03-31 00:48:23,刺网
12995,28.74736111111111,126.45075,0.4,64.0,2019-03-31 00:58:22,刺网
12995,28.74736111111111,126.45075,0.3,0.0,2019-03-31 01:08:23,刺网
12995,28.74733333333333,126.45097222222222,0.8,296.0,2019-03-31 01:18:23,刺网
12995,28.74733333333333,126.45091666666669,0.9,110.0,2019-03-31 01:28:23,刺网
12995,28.74733333333333,126.45113888888888,1.3,272.0,2019-03-31 01:38:23,刺网
12995,28.74733333333333,126.45102777777778,0.4,324.0,2019-03-31 01:48:23,刺网
12995,28.74736111111111,126.45086111111112,0.2,0.0,2019-03-31 01:58:22,刺网
12995,28.74730555555556,126.45097222222222,1.6,331.0,2019-03-31 02:08:22,刺网
12995,28.74738888888889,126.45072222222224,0.7,0.0,2019-03-31 02:18:22,刺网
12995,28.74738888888889,126.45086111111112,1.5,76.0,2019-03-31 02:28:22,刺网
12995,28.74736111111111,126.45080555555555,2.5,136.0,2019-03-31 02:38:22,刺网
12995,28.74741666666667,126.4505,1.0,292.0,2019-03-31 02:48:22,刺网
12995,28.74736111111111,126.45069444444445,0.6,72.0,2019-03-31 02:58:22,刺网
12995,28.74741666666667,126.45063888888888,1.5,310.0,2019-03-31 03:08:22,刺网
12995,28.74738888888889,126.45061111111113,0.3,0.0,2019-03-31 03:18:22,刺网
12995,28.74733333333333,126.45102777777778,1.1,355.0,2019-03-31 03:28:21,刺网
12995,28.74738888888889,126.45055555555555,2.3,110.0,2019-03-31 03:38:21,刺网
12995,28.74736111111111,126.45063888888888,1.1,120.0,2019-03-31 03:48:21,刺网
12995,28.74741666666667,126.45055555555555,0.5,278.0,2019-03-31 03:58:21,刺网
12995,28.74733333333333,126.45075,0.9,154.0,2019-03-31 04:08:21,刺网
12995,28.74733333333333,126.45094444444445,1.2,308.0,2019-03-31 04:18:21,刺网
12995,28.74733333333333,126.45108333333332,0.5,288.0,2019-03-31 04:28:21,刺网
12995,28.74733333333333,126.45088888888893,1.1,29.0,2019-03-31 04:38:21,刺网
12995,28.74730555555556,126.45130555555555,0.5,250.0,2019-03-31 04:48:21,刺网
12995,28.74730555555556,126.45116666666668,0.8,267.0,2019-03-31 04:58:21,刺网
12995,28.74738888888889,126.45052777777778,0.4,0.0,2019-03-31 05:08:21,刺网
12995,28.74733333333333,126.45100000000001,0.7,118.0,2019-03-31 05:18:21,刺网
12995,28.74730555555556,126.45108333333332,0.6,58.0,2019-03-31 05:28:23,刺网
12995,28.747277777777786,126.45119444444444,1.2,238.0,2019-03-31 05:38:23,刺网
12995,28.74733333333333,126.45094444444445,0.7,90.0,2019-03-31 05:48:23,刺网
12995,28.74733333333333,126.45097222222222,1.3,191.0,2019-03-31 05:58:23,刺网
12995,28.74730555555556,126.45097222222222,0.8,26.0,2019-03-31 06:08:23,刺网
12995,28.74730555555556,126.45111111111113,1.0,313.0,2019-03-31 06:18:23,刺网
12995,28.74733333333333,126.45133333333334,0.6,4.0,2019-03-31 06:28:23,刺网
12995,28.74736111111111,126.45094444444445,1.0,192.0,2019-03-31 06:38:23,刺网
12995,28.74736111111111,126.45100000000001,0.9,57.0,2019-03-31 06:48:22,刺网
12995,28.74733333333333,126.45116666666668,0.5,24.0,2019-03-31 06:58:23,刺网
12995,28.74733333333333,126.45138888888887,0.9,253.0,2019-03-31 07:08:23,刺网
12995,28.74736111111111,126.45086111111112,1.0,131.0,2019-03-31 07:18:22,刺网
12995,28.74733333333333,126.45091666666669,0.5,291.0,2019-03-31 07:28:22,刺网
12995,28.74733333333333,126.45136111111113,0.9,223.0,2019-03-31 07:48:22,刺网
12995,28.747277777777786,126.45122222222223,1.4,285.0,2019-03-31 07:58:22,刺网
12995,28.74733333333333,126.45100000000001,0.7,64.0,2019-03-31 08:08:22,刺网
12995,28.74733333333333,126.45161111111106,0.7,0.0,2019-03-31 08:18:22,刺网
12995,28.74736111111111,126.45169444444444,0.4,0.0,2019-03-31 08:28:22,刺网
12995,28.74733333333333,126.45163888888888,0.9,296.0,2019-03-31 08:38:22,刺网
12995,28.74733333333333,126.4517777777778,1.1,341.0,2019-03-31 08:48:22,刺网
12995,28.74733333333333,126.4514722222222,0.2,0.0,2019-03-31 08:58:21,刺网
12995,28.74733333333333,126.45175,1.5,239.0,2019-03-31 09:08:21,刺网
12995,28.74730555555556,126.4514722222222,0.7,0.0,2019-03-31 09:18:21,刺网
12995,28.74733333333333,126.45172222222223,1.1,115.0,2019-03-31 09:28:21,刺网
12995,28.74730555555556,126.45141666666666,0.2,0.0,2019-03-31 09:38:21,刺网
12995,28.74730555555556,126.45158333333332,0.9,202.0,2019-03-31 09:48:21,刺网
12995,28.74733333333333,126.45163888888888,1.1,212.0,2019-03-31 09:58:21,刺网
12995,28.74730555555556,126.45152777777777,0.8,306.0,2019-03-31 10:08:21,刺网
12995,28.74730555555556,126.45133333333334,1.1,24.0,2019-03-31 10:18:21,刺网
12995,28.74736111111111,126.45183333333334,0.6,99.0,2019-03-31 10:28:21,刺网
12995,28.74730555555556,126.45144444444445,0.4,0.0,2019-03-31 10:38:23,刺网
12995,28.74736111111111,126.45161111111106,0.8,288.0,2019-03-31 10:48:23,刺网
12995,28.74730555555556,126.45166666666668,1.1,2.0,2019-03-31 10:58:23,刺网
12995,28.74730555555556,126.45125,1.0,131.0,2019-03-31 11:08:23,刺网
12995,28.74733333333333,126.4517777777778,0.2,0.0,2019-03-31 11:18:23,刺网
12995,28.74733333333333,126.45133333333334,1.2,196.0,2019-03-31 11:28:23,刺网
12995,28.74730555555556,126.45130555555555,0.8,225.0,2019-03-31 11:38:23,刺网
12995,28.74730555555556,126.45125,0.4,128.0,2019-03-31 11:48:23,刺网
12995,28.74733333333333,126.45122222222223,0.3,245.0,2019-03-31 11:58:22,刺网
12995,28.74733333333333,126.45105555555556,1.3,273.0,2019-03-31 12:08:22,刺网
12995,28.74733333333333,126.45144444444445,0.3,0.0,2019-03-31 12:18:22,刺网
12995,28.74733333333333,126.45113888888888,0.3,0.0,2019-03-31 12:28:22,刺网
12995,28.74733333333333,126.45169444444444,0.6,251.0,2019-03-31 12:38:22,刺网
12995,28.74733333333333,126.4515,0.7,271.0,2019-03-31 12:48:22,刺网
12995,28.74736111111111,126.45083333333334,0.2,0.0,2019-03-31 12:58:22,刺网
12995,28.74736111111111,126.45083333333334,1.5,272.0,2019-03-31 13:08:22,刺网
12995,28.74733333333333,126.45125,0.6,91.0,2019-03-31 13:18:22,刺网
12995,28.74733333333333,126.45100000000001,0.8,128.0,2019-03-31 13:28:22,刺网
12995,28.74730555555556,126.4512777777778,0.7,27.0,2019-03-31 13:38:22,刺网
12995,28.74736111111111,126.45083333333334,0.3,154.0,2019-03-31 13:48:21,刺网
12995,28.74738888888889,126.45066666666666,0.6,281.0,2019-03-31 13:58:21,刺网
12995,28.74736111111111,126.45105555555556,0.3,27.0,2019-03-31 14:08:21,刺网
12995,28.74738888888889,126.45069444444445,0.5,195.0,2019-03-31 14:18:21,刺网
12995,28.74736111111111,126.45094444444445,0.9,226.0,2019-03-31 14:38:21,刺网
12995,28.74733333333333,126.45105555555556,1.4,279.0,2019-03-31 15:08:21,刺网
12995,28.74730555555556,126.45113888888888,0.8,233.0,2019-03-31 15:18:21,刺网
12995,28.74730555555556,126.45111111111113,0.5,265.0,2019-03-31 15:28:21,刺网
12995,28.74733333333333,126.45122222222223,0.5,341.0,2019-03-31 15:38:23,刺网
12995,28.74733333333333,126.45141666666666,0.7,151.0,2019-03-31 15:48:23,刺网
12995,28.74733333333333,126.4515,0.9,101.0,2019-03-31 15:58:23,刺网
12995,28.74733333333333,126.45155555555556,1.2,248.0,2019-03-31 16:08:23,刺网
12995,28.74741666666667,126.45216666666668,0.4,0.0,2019-03-31 16:18:23,刺网
12995,28.74730555555556,126.45116666666668,1.1,142.0,2019-03-31 16:28:23,刺网
12995,28.74738888888889,126.45191666666666,0.9,226.0,2019-03-31 16:38:23,刺网
12995,28.74725,126.45111111111113,0.9,0.0,2019-03-31 16:58:23,刺网
12995,28.74733333333333,126.45161111111106,1.0,66.0,2019-03-31 17:08:23,刺网
12995,28.74733333333333,126.45136111111113,1.3,75.0,2019-03-31 17:18:23,刺网
12995,28.74738888888889,126.45191666666666,0.6,0.0,2019-03-31 17:28:22,刺网
12995,28.74725,126.45144444444445,1.8,143.0,2019-03-31 17:38:22,刺网
12995,28.74730555555556,126.45125,0.4,88.0,2019-03-31 17:48:22,刺网
12995,28.74730555555556,126.45136111111113,0.4,90.0,2019-03-31 17:58:22,刺网
12995,28.74736111111111,126.45186111111113,0.8,218.0,2019-03-31 18:08:22,刺网
12995,28.74733333333333,126.45169444444444,0.0,0.0,2019-03-31 18:18:22,刺网
12995,28.74730555555556,126.45136111111113,0.4,300.0,2019-03-31 18:28:22,刺网
12995,28.74733333333333,126.45183333333334,1.1,78.0,2019-03-31 18:38:22,刺网
12995,28.74733333333333,126.45172222222223,0.3,219.0,2019-03-31 18:48:22,刺网
12995,28.74730555555556,126.45155555555556,1.3,227.0,2019-03-31 18:58:21,刺网
12995,28.74733333333333,126.45183333333334,1.3,303.0,2019-03-31 19:08:21,刺网
12995,28.74736111111111,126.4519722222222,0.5,286.0,2019-03-31 19:18:21,刺网
12995,28.74736111111111,126.45188888888887,0.6,191.0,2019-03-31 19:28:21,刺网
12995,28.74736111111111,126.45186111111113,0.8,315.0,2019-03-31 19:38:21,刺网
12995,28.74733333333333,126.45175,1.3,307.0,2019-03-31 19:48:21,刺网
12995,28.74736111111111,126.45194444444445,0.7,184.0,2019-03-31 19:58:21,刺网
12995,28.74738888888889,126.45205555555556,0.4,57.0,2019-03-31 20:08:21,刺网
12995,28.74736111111111,126.4519722222222,0.7,201.0,2019-03-31 20:18:21,刺网
12995,28.74738888888889,126.45213888888892,0.6,13.0,2019-03-31 20:28:21,刺网
12995,28.74744444444445,126.45222222222222,0.7,36.0,2019-03-31 20:38:21,刺网
12995,28.74741666666667,126.45222222222222,0.4,0.0,2019-03-31 20:48:20,刺网
12995,28.74738888888889,126.45200000000001,0.3,0.0,2019-03-31 20:58:20,刺网
12995,28.74738888888889,126.45205555555556,0.6,216.0,2019-03-31 21:08:20,刺网
12995,28.74736111111111,126.45188888888887,1.1,16.0,2019-03-31 21:18:23,刺网
12995,28.74738888888889,126.4520277777778,1.0,288.0,2019-03-31 21:28:23,刺网
12995,28.74738888888889,126.45194444444445,1.0,264.0,2019-03-31 21:38:23,刺网
12995,28.74733333333333,126.45191666666666,0.5,0.0,2019-03-31 21:48:23,刺网
12995,28.74738888888889,126.45208333333332,0.2,0.0,2019-03-31 21:58:23,刺网
12995,28.74733333333333,126.45175,1.5,308.0,2019-03-31 22:08:23,刺网
12995,28.74741666666667,126.45213888888892,1.0,75.0,2019-03-31 22:18:23,刺网
12995,28.74738888888889,126.4520277777778,1.0,182.0,2019-03-31 22:28:23,刺网
12995,28.74730555555556,126.45163888888888,0.7,0.0,2019-03-31 22:38:23,刺网
12995,28.74736111111111,126.45188888888887,1.7,77.0,2019-03-31 22:48:22,刺网
12995,28.74733333333333,126.45175,0.3,257.0,2019-03-31 22:58:22,刺网
12995,28.74730555555556,126.4515,0.8,259.0,2019-03-31 23:08:22,刺网
12995,28.747277777777786,126.45166666666668,0.8,19.0,2019-03-31 23:18:22,刺网
12995,28.74733333333333,126.45166666666668,0.5,319.0,2019-03-31 23:28:22,刺网
12995,28.74730555555556,126.4514722222222,0.4,293.0,2019-03-31 23:38:22,刺网
12995,28.74730555555556,126.45141666666666,0.5,33.0,2019-03-31 23:48:22,刺网
12995,28.74730555555556,126.45144444444445,0.9,205.0,2019-03-31 23:58:22,刺网
12995,28.74733333333333,126.45169444444444,0.8,314.0,2019-04-01 00:08:22,刺网
12995,28.74730555555556,126.45158333333332,0.5,61.0,2019-04-01 00:18:22,刺网
12995,28.74733333333333,126.45186111111113,0.6,129.0,2019-04-01 00:28:21,刺网
12995,28.747277777777786,126.45158333333332,0.7,142.0,2019-04-01 00:38:21,刺网
12995,28.74730555555556,126.45172222222223,0.2,0.0,2019-04-01 00:48:21,刺网
12995,28.74733333333333,126.45166666666668,0.7,221.0,2019-04-01 00:58:21,刺网
12995,28.74730555555556,126.45155555555556,1.0,226.0,2019-04-01 01:08:21,刺网
12995,28.74730555555556,126.45141666666666,1.1,133.0,2019-04-01 01:18:21,刺网
12995,28.74730555555556,126.45161111111106,0.5,52.0,2019-04-01 01:28:21,刺网
12995,28.74733333333333,126.45136111111113,0.7,8.0,2019-04-01 01:38:21,刺网
12995,28.74730555555556,126.45108333333332,0.5,190.0,2019-04-01 01:48:21,刺网
12995,28.74730555555556,126.45125,0.4,28.0,2019-04-01 01:58:21,刺网
12995,28.74733333333333,126.45133333333334,1.5,245.0,2019-04-01 02:08:21,刺网
12995,28.74730555555556,126.4512777777778,0.4,0.0,2019-04-01 02:18:20,刺网
12995,28.74730555555556,126.45113888888888,0.5,2.0,2019-04-01 02:28:20,刺网
12995,28.74730555555556,126.45144444444445,0.3,251.0,2019-04-01 02:38:20,刺网
12995,28.74730555555556,126.4512777777778,0.9,31.0,2019-04-01 02:48:20,刺网
12995,28.74730555555556,126.45125,0.4,123.0,2019-04-01 02:58:23,刺网
12995,28.747277777777786,126.45111111111113,0.6,310.0,2019-04-01 03:08:23,刺网
12995,28.74730555555556,126.45136111111113,0.8,47.0,2019-04-01 03:18:23,刺网
12995,28.747277777777786,126.45125,0.6,183.0,2019-04-01 03:28:23,刺网
12995,28.74730555555556,126.45155555555556,0.5,162.0,2019-04-01 03:38:23,刺网
12995,28.747277777777786,126.45136111111113,1.1,126.0,2019-04-01 03:48:23,刺网
12995,28.74908333333333,126.4512777777778,1.4,63.0,2019-04-01 03:58:22,刺网
12995,28.760027777777786,126.44558333333332,6.9,359.0,2019-04-01 04:08:22,刺网
12995,28.77794444444445,126.44530555555555,5.4,356.0,2019-04-01 04:18:22,刺网
12995,28.79561111111111,126.44555555555556,5.5,357.0,2019-04-01 04:28:22,刺网
12995,28.80680555555556,126.45222222222222,7.6,182.0,2019-04-01 04:38:22,刺网
12995,28.785472222222232,126.4524722222222,8.7,175.0,2019-04-01 04:48:22,刺网
12995,28.762777777777767,126.45238888888888,8.9,183.0,2019-04-01 04:58:22,刺网
12995,28.755111111111113,126.4590277777778,6.4,357.0,2019-04-01 05:08:22,刺网
12995,28.772972222222233,126.45847222222223,5.1,3.0,2019-04-01 05:18:22,刺网
12995,28.790861111111113,126.45869444444445,7.3,356.0,2019-04-01 05:28:22,刺网
12995,28.809222222222214,126.45916666666668,6.1,24.0,2019-04-01 05:38:21,刺网
12995,28.796111111111113,126.4692777777778,7.1,183.0,2019-04-01 05:48:21,刺网
12995,28.77372222222222,126.46930555555555,7.1,180.0,2019-04-01 05:58:21,刺网
12995,28.750999999999998,126.46894444444445,6.9,141.0,2019-04-01 06:08:21,刺网
12995,28.763027777777786,126.47522222222223,6.7,357.0,2019-04-01 06:18:21,刺网
12995,28.78122222222222,126.47541666666666,6.7,4.0,2019-04-01 06:28:21,刺网
12995,28.80025,126.47580555555555,6.3,351.0,2019-04-01 06:38:21,刺网
12995,28.801305555555558,126.48222222222222,8.0,187.0,2019-04-01 06:48:21,刺网
12995,28.78025,126.48205555555555,7.8,182.0,2019-04-01 06:58:21,刺网
12995,28.757472222222226,126.48188888888888,8.4,181.0,2019-04-01 07:08:21,刺网
12995,28.734805555555557,126.48161111111106,7.9,185.0,2019-04-01 07:18:21,刺网
12995,28.743388888888887,126.47461111111113,4.7,332.0,2019-04-01 07:28:20,刺网
12995,28.754972222222232,126.46780555555556,4.9,332.0,2019-04-01 07:38:20,刺网
12995,28.76088888888889,126.46161111111113,1.9,192.0,2019-04-01 07:48:20,刺网
12995,28.75733333333333,126.46177777777778,0.7,0.0,2019-04-01 07:58:20,刺网
12995,28.753611111111113,126.46161111111113,0.7,166.0,2019-04-01 08:08:20,刺网
12995,28.750027777777767,126.46119444444444,3.4,181.0,2019-04-01 08:18:20,刺网
12995,28.746277777777767,126.46147222222223,3.2,179.0,2019-04-01 08:28:23,刺网
12995,28.742611111111113,126.46172222222224,2.4,175.0,2019-04-01 08:38:23,刺网
12995,28.738722222222233,126.46144444444445,0.4,0.0,2019-04-01 08:48:23,刺网
12995,28.734638888888888,126.46183333333336,1.9,168.0,2019-04-01 08:58:23,刺网
12995,28.73094444444445,126.46186111111112,1.5,195.0,2019-04-01 09:08:23,刺网
12995,28.732777777777766,126.45813888888893,5.5,339.0,2019-04-01 09:18:22,刺网
12995,28.743777777777765,126.44861111111112,5.2,308.0,2019-04-01 09:28:22,刺网
12995,28.751444444444445,126.44305555555556,1.9,323.0,2019-04-01 09:38:22,刺网
12995,28.75830555555555,126.44219444444445,2.7,24.0,2019-04-01 09:48:22,刺网
12995,28.76533333333333,126.44269444444444,2.2,347.0,2019-04-01 09:58:22,刺网
12995,28.771638888888887,126.44311111111112,2.7,357.0,2019-04-01 10:08:22,刺网
12995,28.779166666666665,126.44255555555556,3.1,343.0,2019-04-01 10:18:22,刺网
12995,28.78605555555556,126.44241666666667,2.8,336.0,2019-04-01 10:28:22,刺网
12995,28.793333333333337,126.44294444444445,3.0,5.0,2019-04-01 10:38:21,刺网
12995,28.799833333333336,126.44413888888887,1.9,352.0,2019-04-01 10:48:21,刺网
12995,28.80472222222223,126.44861111111112,1.6,63.0,2019-04-01 10:58:21,刺网
12995,28.798972222222233,126.44933333333334,3.0,174.0,2019-04-01 11:08:21,刺网
12995,28.79077777777778,126.44941666666666,3.0,167.0,2019-04-01 11:18:21,刺网
12995,28.78158333333333,126.45094444444445,3.0,184.0,2019-04-01 11:28:21,刺网
12995,28.77255555555555,126.45200000000001,2.9,164.0,2019-04-01 11:38:21,刺网
12995,28.76391666666667,126.45236111111107,3.0,190.0,2019-04-01 11:48:21,刺网
12995,28.754638888888888,126.45275,3.6,164.0,2019-04-01 11:58:21,刺网
12995,28.749055555555554,126.45819444444444,3.0,77.0,2019-04-01 12:08:21,刺网
12995,28.753833333333336,126.46066666666668,2.4,10.0,2019-04-01 12:18:21,刺网
12995,28.76033333333333,126.4602777777778,3.0,15.0,2019-04-01 12:28:20,刺网
12995,28.76688888888889,126.45975,2.0,354.0,2019-04-01 12:38:20,刺网
12995,28.7735,126.45919444444445,2.0,316.0,2019-04-01 12:48:20,刺网
12995,28.780472222222233,126.45872222222219,2.7,35.0,2019-04-01 12:58:20,刺网
12995,28.78769444444445,126.45863888888887,2.8,24.0,2019-04-01 13:08:20,刺网
12995,28.795361111111113,126.45894444444444,2.9,354.0,2019-04-01 13:18:20,刺网
12995,28.80175,126.46055555555556,2.8,12.0,2019-04-01 13:28:20,刺网
12995,28.80366666666667,126.46738888888888,4.2,107.0,2019-04-01 13:38:23,刺网
12995,28.798805555555557,126.47275,3.0,136.0,2019-04-01 13:48:23,刺网
12995,28.79016666666667,126.47280555555555,3.7,151.0,2019-04-01 13:58:23,刺网
12995,28.781,126.47341666666668,3.3,196.0,2019-04-01 14:08:22,刺网
12995,28.772444444444453,126.4740277777778,3.2,154.0,2019-04-01 14:18:22,刺网
12995,28.76416666666667,126.47475,2.9,169.0,2019-04-01 14:28:22,刺网
12995,28.75594444444444,126.47619444444445,3.5,169.0,2019-04-01 14:38:22,刺网
12995,28.7485,126.47808333333332,3.0,153.0,2019-04-01 14:48:22,刺网
12995,28.74966666666667,126.48297222222223,3.3,5.0,2019-04-01 14:58:22,刺网
12995,28.75691666666667,126.48341666666668,2.2,12.0,2019-04-01 15:08:22,刺网
12995,28.764611111111112,126.48222222222222,2.6,336.0,2019-04-01 15:18:22,刺网
12995,28.771583333333336,126.48105555555556,2.7,20.0,2019-04-01 15:28:22,刺网
12995,28.778722222222214,126.48066666666666,3.0,18.0,2019-04-01 15:38:21,刺网
12995,28.78702777777778,126.4800277777778,3.2,11.0,2019-04-01 15:48:21,刺网
12995,28.795361111111113,126.47905555555555,2.7,349.0,2019-04-01 15:58:21,刺网
12995,28.802750000000003,126.48130555555555,3.4,89.0,2019-04-01 16:08:21,刺网
12995,28.8,126.48802777777777,1.9,155.0,2019-04-01 16:18:21,刺网
12995,28.791638888888887,126.48994444444445,2.8,159.0,2019-04-01 16:28:21,刺网
12995,28.78327777777778,126.49133333333332,3.1,182.0,2019-04-01 16:38:21,刺网
12995,28.774611111111113,126.49161111111113,2.9,193.0,2019-04-01 16:48:21,刺网
12995,28.766055555555557,126.49108333333332,3.0,160.0,2019-04-01 16:58:21,刺网
12995,28.75786111111111,126.49108333333332,2.8,187.0,2019-04-01 17:08:21,刺网
12995,28.750277777777786,126.4890277777778,2.9,203.0,2019-04-01 17:18:20,刺网
12995,28.742555555555555,126.48638888888892,2.7,173.0,2019-04-01 17:28:20,刺网
12995,28.735861111111113,126.48527777777778,3.0,225.0,2019-04-01 17:38:20,刺网
12995,28.744527777777787,126.47891666666666,4.4,329.0,2019-04-01 17:48:20,刺网
12995,28.75525,126.47405555555555,3.6,326.0,2019-04-01 17:58:20,刺网
12995,28.761194444444445,126.46252777777778,5.0,286.0,2019-04-01 18:08:20,刺网
12995,28.763527777777767,126.45561111111112,1.2,256.0,2019-04-01 18:18:20,刺网
12995,28.764833333333332,126.44163888888887,5.0,261.0,2019-04-01 18:28:20,刺网
12995,28.76069444444445,126.43483333333332,1.9,197.0,2019-04-01 18:38:20,刺网
12995,28.756777777777767,126.4325,1.8,226.0,2019-04-01 18:48:23,刺网
12995,28.772222222222233,126.42563888888893,6.1,351.0,2019-04-01 18:58:22,刺网
12995,28.79136111111111,126.423,6.8,351.0,2019-04-01 19:08:22,刺网
12995,28.81219444444445,126.41822222222223,8.9,354.0,2019-04-01 19:18:23,刺网
12995,28.83280555555556,126.41372222222223,8.9,350.0,2019-04-01 19:28:22,刺网
12995,28.85319444444445,126.40933333333336,9.0,352.0,2019-04-01 19:38:22,刺网
12995,28.875416666666666,126.40491666666668,7.3,349.0,2019-04-01 19:48:22,刺网
12995,28.894722222222214,126.40152777777777,7.3,351.0,2019-04-01 19:58:22,刺网
12995,28.91544444444445,126.39744444444445,7.4,346.0,2019-04-01 20:08:22,刺网
12995,28.93591666666667,126.39286111111113,7.5,344.0,2019-04-01 20:18:22,刺网
12995,28.949222222222215,126.38941666666666,1.5,133.0,2019-04-01 20:28:22,刺网
12995,28.948277777777786,126.39147222222223,0.4,0.0,2019-04-01 20:38:22,刺网
12995,28.948638888888887,126.3917777777778,0.4,0.0,2019-04-01 20:48:21,刺网
12995,28.94880555555556,126.39188888888893,0.8,240.0,2019-04-01 20:58:21,刺网
12995,28.949,126.39200000000001,0.1,0.0,2019-04-01 21:08:21,刺网
12995,28.94913888888889,126.39200000000001,1.0,221.0,2019-04-01 21:18:21,刺网
12995,28.949277777777766,126.39205555555556,0.3,0.0,2019-04-01 21:28:21,刺网
12995,28.94911111111111,126.39200000000001,0.3,0.0,2019-04-01 21:38:21,刺网
12995,28.94919444444445,126.39200000000001,1.0,73.0,2019-04-01 21:48:21,刺网
12995,28.94902777777777,126.3919722222222,0.6,90.0,2019-04-01 21:58:21,刺网
12995,28.949055555555553,126.3919722222222,0.8,305.0,2019-04-01 22:08:21,刺网
12995,28.948972222222213,126.3919722222222,0.3,0.0,2019-04-01 22:18:21,刺网
12995,28.948777777777767,126.39186111111113,0.8,231.0,2019-04-01 22:28:21,刺网
12995,28.948638888888887,126.39180555555555,0.4,246.0,2019-04-01 22:38:21,刺网
12995,28.948611111111113,126.3917777777778,1.5,266.0,2019-04-01 22:48:21,刺网
12995,28.948638888888887,126.39180555555555,0.3,0.0,2019-04-01 22:58:20,刺网
12995,28.94852777777778,126.39175000000002,0.7,206.0,2019-04-01 23:08:20,刺网
12995,28.9485,126.39172222222223,1.1,226.0,2019-04-01 23:18:20,刺网
12995,28.94841666666667,126.39166666666668,0.2,0.0,2019-04-01 23:28:20,刺网
12995,28.94825,126.3915,0.4,0.0,2019-04-01 23:38:20,刺网
12995,28.94825,126.3915,0.2,0.0,2019-04-01 23:48:20,刺网
12995,28.94811111111111,126.39136111111112,0.7,42.0,2019-04-01 23:58:20,刺网
12995,28.947944444444442,126.39122222222224,0.8,242.0,2019-04-02 00:08:23,刺网
12995,28.947944444444442,126.39119444444445,0.1,0.0,2019-04-02 00:18:20,刺网
12995,28.947944444444442,126.39125,0.6,26.0,2019-04-02 00:28:22,刺网
12995,28.947861111111113,126.39113888888888,0.2,0.0,2019-04-02 00:38:22,刺网
12995,28.94769444444445,126.39094444444444,0.8,75.0,2019-04-02 00:48:22,刺网
12995,28.94769444444445,126.39088888888894,0.5,0.0,2019-04-02 00:58:22,刺网
12995,28.947722222222232,126.39094444444444,0.4,97.0,2019-04-02 01:08:22,刺网
12995,28.94758333333333,126.39072222222224,0.9,59.0,2019-04-02 01:18:22,刺网
12995,28.947527777777786,126.39055555555555,0.3,0.0,2019-04-02 01:28:22,刺网
12995,28.94758333333333,126.39069444444445,0.3,0.0,2019-04-02 01:38:22,刺网
12995,28.947527777777786,126.39055555555555,0.6,0.0,2019-04-02 01:48:22,刺网
12995,28.94747222222223,126.39047222222223,0.8,27.0,2019-04-02 01:58:22,刺网
12995,28.94747222222223,126.39047222222223,0.9,187.0,2019-04-02 02:08:22,刺网
12995,28.947388888888888,126.39022222222222,0.8,137.0,2019-04-02 02:18:22,刺网
12995,28.94733333333333,126.39011111111112,0.6,221.0,2019-04-02 02:28:21,刺网
12995,28.94730555555555,126.38988888888893,0.0,0.0,2019-04-02 02:38:21,刺网
12995,28.94730555555555,126.38958333333332,0.3,0.0,2019-04-02 02:48:21,刺网
12995,28.947222222222226,126.38936111111113,1.0,178.0,2019-04-02 02:58:21,刺网
12995,28.947222222222226,126.38894444444445,0.4,0.0,2019-04-02 03:08:21,刺网
12995,28.947222222222226,126.38875,0.6,170.0,2019-04-02 03:18:21,刺网
12995,28.947222222222226,126.38886111111113,0.2,0.0,2019-04-02 03:28:21,刺网
12995,28.94736111111111,126.38841666666669,0.5,36.0,2019-04-02 03:38:21,刺网
12995,28.94741666666667,126.38808333333334,0.5,166.0,2019-04-02 03:48:21,刺网
12995,28.949472222222226,126.38880555555555,0.8,126.0,2019-04-02 03:58:21,刺网
12995,28.950166666666664,126.38833333333334,2.0,105.0,2019-04-02 04:08:21,刺网
12995,28.95983333333333,126.38758333333334,6.2,2.0,2019-04-02 04:18:20,刺网
12995,28.96958333333333,126.39255555555556,6.6,187.0,2019-04-02 04:28:20,刺网
12995,28.951666666666664,126.3925277777778,6.8,179.0,2019-04-02 04:38:20,刺网
12995,28.96313888888889,126.39686111111112,6.9,5.0,2019-04-02 04:48:20,刺网
12995,28.963694444444442,126.40138888888887,7.3,178.0,2019-04-02 04:58:20,刺网
12995,28.944000000000006,126.40513888888887,8.8,126.0,2019-04-02 05:08:20,刺网
12995,28.937472222222233,126.421,7.4,1.0,2019-04-02 05:18:20,刺网
12995,28.958361111111113,126.42080555555556,7.8,356.0,2019-04-02 05:28:20,刺网
12995,28.96533333333333,126.42608333333334,7.8,179.0,2019-04-02 05:38:20,刺网
12995,28.94238888888889,126.42572222222223,8.6,181.0,2019-04-02 05:48:20,刺网
12995,28.938000000000002,126.43113888888894,7.8,3.0,2019-04-02 05:58:22,刺网
12995,28.959944444444453,126.4309722222222,7.8,359.0,2019-04-02 06:08:22,刺网
12995,28.954722222222234,126.4357222222222,7.9,176.0,2019-04-02 06:18:22,刺网
12995,28.93166666666667,126.43591666666669,8.2,177.0,2019-04-02 06:28:22,刺网
12995,28.944055555555554,126.44094444444444,8.2,358.0,2019-04-02 06:38:22,刺网
12995,28.964861111111112,126.44063888888893,8.1,358.0,2019-04-02 06:48:22,刺网
12995,28.94886111111111,126.4457777777778,8.1,182.0,2019-04-02 06:58:22,刺网
12995,28.927805555555558,126.44841666666667,8.0,83.0,2019-04-02 07:08:22,刺网
12995,28.94688888888889,126.45219444444444,8.0,357.0,2019-04-02 07:18:22,刺网
12995,28.965999999999998,126.44977777777778,7.4,242.0,2019-04-02 07:28:22,刺网
12995,28.962861111111113,126.43297222222223,2.6,246.0,2019-04-02 07:38:22,刺网
12995,28.962055555555555,126.43075,0.8,113.0,2019-04-02 07:48:21,刺网
12995,28.961444444444442,126.43136111111113,1.4,187.0,2019-04-02 07:58:21,刺网
12995,28.960527777777767,126.43236111111106,0.8,138.0,2019-04-02 08:08:21,刺网
12995,28.959611111111112,126.4335,0.6,118.0,2019-04-02 08:18:21,刺网
12995,28.958805555555557,126.43455555555555,0.4,126.0,2019-04-02 08:28:21,刺网
12995,28.95780555555556,126.43569444444445,0.8,165.0,2019-04-02 08:38:21,刺网
12995,28.956555555555553,126.43719444444444,1.2,166.0,2019-04-02 08:48:21,刺网
12995,28.95561111111111,126.43838888888894,0.4,107.0,2019-04-02 08:58:21,刺网
12995,28.95483333333333,126.43955555555556,0.5,115.0,2019-04-02 09:08:21,刺网
12995,28.95127777777777,126.4365,5.7,215.0,2019-04-02 09:18:20,刺网
12995,28.93705555555556,126.4245,6.5,214.0,2019-04-02 09:28:20,刺网
12995,28.939527777777766,126.42152777777778,3.9,42.0,2019-04-02 09:38:20,刺网
12995,28.94875,126.42486111111113,3.7,12.0,2019-04-02 09:48:20,刺网
12995,28.95783333333333,126.42686111111112,2.9,6.0,2019-04-02 09:58:20,刺网
12995,28.96641666666667,126.429,4.0,34.0,2019-04-02 10:08:20,刺网
12995,28.964388888888887,126.43591666666669,3.7,163.0,2019-04-02 10:18:20,刺网
12995,28.954138888888888,126.43613888888888,3.3,194.0,2019-04-02 10:28:20,刺网
12995,28.945,126.43472222222222,3.4,201.0,2019-04-02 10:38:20,刺网
12995,28.93625,126.4322222222222,3.5,192.0,2019-04-02 10:48:20,刺网
12995,28.931222222222214,126.43544444444444,3.0,52.0,2019-04-02 10:58:23,刺网
12995,28.938111111111112,126.44108333333332,2.9,35.0,2019-04-02 11:08:20,刺网
12995,28.945972222222213,126.44469444444445,2.8,26.0,2019-04-02 11:18:22,刺网
12995,28.953805555555558,126.44677777777778,2.8,8.0,2019-04-02 11:28:22,刺网
12995,28.959111111111113,126.45122222222223,3.4,134.0,2019-04-02 11:38:22,刺网
12995,28.951166666666666,126.45130555555555,2.8,162.0,2019-04-02 11:48:22,刺网
12995,28.94175,126.45141666666666,3.4,192.0,2019-04-02 11:58:22,刺网
12995,28.93258333333333,126.44919444444444,3.3,191.0,2019-04-02 12:08:22,刺网
12995,28.924027777777766,126.45016666666668,3.5,158.0,2019-04-02 12:18:22,刺网
12995,28.92377777777777,126.45644444444444,2.8,40.0,2019-04-02 12:28:22,刺网
12995,28.93125,126.45827777777778,3.0,356.0,2019-04-02 12:38:22,刺网
12995,28.93869444444445,126.45783333333334,2.5,351.0,2019-04-02 12:48:21,刺网
12995,28.945916666666665,126.45713888888888,1.9,353.0,2019-04-02 12:58:21,刺网
12995,28.952333333333332,126.45669444444445,2.7,23.0,2019-04-02 13:08:21,刺网
12995,28.951888888888888,126.46066666666668,3.9,156.0,2019-04-02 13:18:21,刺网
12995,28.943,126.46313888888888,2.9,168.0,2019-04-02 13:28:21,刺网
12995,28.934305555555554,126.46536111111112,2.5,171.0,2019-04-02 13:38:21,刺网
12995,28.925166666666666,126.4669722222222,3.0,146.0,2019-04-02 13:48:21,刺网
12995,28.919472222222232,126.47019444444445,2.3,349.0,2019-04-02 13:58:21,刺网
12995,28.925722222222234,126.47022222222222,3.0,336.0,2019-04-02 14:08:20,刺网
12995,28.93386111111111,126.46827777777777,2.3,351.0,2019-04-02 14:18:20,刺网
12995,28.94216666666667,126.46625,3.5,10.0,2019-04-02 14:28:20,刺网
12995,28.950388888888888,126.46411111111112,2.9,350.0,2019-04-02 14:38:20,刺网
12995,28.956416666666666,126.45061111111113,8.6,254.0,2019-04-02 14:58:20,刺网
12995,28.950833333333332,126.42441666666666,8.4,264.0,2019-04-02 15:08:20,刺网
12995,28.95127777777777,126.41013888888894,2.3,311.0,2019-04-02 15:18:20,刺网
12995,28.958361111111113,126.40616666666668,3.6,339.0,2019-04-02 15:28:20,刺网
12995,28.966916666666666,126.4025277777778,2.9,340.0,2019-04-02 15:38:20,刺网
12995,28.96708333333333,126.40266666666668,1.3,47.0,2019-04-02 15:48:20,刺网
12995,28.96605555555556,126.40069444444444,3.8,215.0,2019-04-02 15:58:20,刺网
12995,28.96072222222222,126.3955,2.4,219.0,2019-04-02 16:08:19,刺网
12995,28.959055555555555,126.39336111111112,0.4,181.0,2019-04-02 16:18:22,刺网
12995,28.96230555555555,126.3947777777778,0.6,109.0,2019-04-02 16:28:22,刺网
12995,28.96333333333333,126.39491666666667,0.2,0.0,2019-04-02 16:38:22,刺网
12995,28.966166666666666,126.38883333333334,3.0,282.0,2019-04-02 16:48:22,刺网
12995,28.959277777777768,126.38497222222222,3.0,167.0,2019-04-02 16:58:22,刺网
12995,28.95325,126.38727777777781,1.7,111.0,2019-04-02 17:08:22,刺网
12995,28.96019444444445,126.38758333333334,2.5,261.0,2019-04-02 17:18:22,刺网
12995,28.956277777777768,126.38766666666668,1.8,148.0,2019-04-02 17:28:21,刺网
12995,28.956999999999997,126.3870277777778,3.9,351.0,2019-04-02 17:38:21,刺网
12995,28.96130555555556,126.38986111111113,5.6,87.0,2019-04-02 17:48:21,刺网
12995,28.9625,126.40838888888894,6.6,90.0,2019-04-02 17:58:21,刺网
12995,28.9645,126.42911111111113,7.6,70.0,2019-04-02 18:08:21,刺网
12995,28.97138888888889,126.45213888888892,8.0,72.0,2019-04-02 18:18:21,刺网
12995,28.978805555555557,126.47583333333334,8.5,64.0,2019-04-02 18:28:21,刺网
12995,28.98925,126.4995,8.3,66.0,2019-04-02 18:38:21,刺网
12995,28.999277777777767,126.52413888888887,8.4,66.0,2019-04-02 18:48:21,刺网
12995,29.01011111111111,126.54830555555556,8.4,63.0,2019-04-02 18:58:21,刺网
12995,29.021166666666666,126.57263888888887,8.9,66.0,2019-04-02 19:08:20,刺网
12995,29.032027777777767,126.59691666666666,8.8,66.0,2019-04-02 19:18:20,刺网
12995,29.044777777777767,126.6195,8.9,53.0,2019-04-02 19:28:20,刺网
12995,29.060472222222234,126.64230555555555,8.5,51.0,2019-04-02 19:38:20,刺网
12995,29.07413888888889,126.66269444444444,8.7,52.0,2019-04-02 19:48:20,刺网
12995,29.08886111111111,126.68469444444445,8.6,48.0,2019-04-02 19:58:20,刺网
12995,29.10394444444445,126.7062222222222,9.3,51.0,2019-04-02 20:08:20,刺网
12995,29.113000000000003,126.72211111111113,1.2,54.0,2019-04-02 20:18:20,刺网
12995,29.1145,126.72316666666669,0.3,0.0,2019-04-02 20:28:20,刺网
12995,29.114361111111126,126.72344444444445,0.5,0.0,2019-04-02 20:38:20,刺网
12995,29.114305555555557,126.7235,0.2,0.0,2019-04-02 20:48:20,刺网
12995,29.11419444444445,126.72363888888887,0.6,112.0,2019-04-02 20:58:20,刺网
12995,29.11419444444445,126.72366666666667,0.4,0.0,2019-04-02 21:08:20,刺网
12995,29.11419444444445,126.72363888888887,0.5,113.0,2019-04-02 21:18:19,刺网
12995,29.11413888888889,126.7237222222222,0.2,0.0,2019-04-02 21:28:19,刺网
12995,29.11405555555556,126.72380555555556,0.6,0.0,2019-04-02 21:38:22,刺网
12995,29.113944444444453,126.72380555555556,0.2,0.0,2019-04-02 21:48:22,刺网
12995,29.113861111111113,126.72391666666668,0.2,0.0,2019-04-02 21:58:22,刺网
12995,29.11366666666667,126.724,0.1,0.0,2019-04-02 22:08:22,刺网
12995,29.113555555555557,126.7240277777778,0.1,0.0,2019-04-02 22:18:21,刺网
12995,29.113527777777787,126.72405555555555,0.4,152.0,2019-04-02 22:28:22,刺网
12995,29.113527777777787,126.7240277777778,0.1,0.0,2019-04-02 22:38:22,刺网
12995,29.1135,126.72405555555555,0.3,0.0,2019-04-02 22:48:21,刺网
12995,29.1135,126.7240277777778,0.3,12.0,2019-04-02 22:58:21,刺网
12995,29.113555555555557,126.7240277777778,0.4,52.0,2019-04-02 23:08:21,刺网
12995,29.113527777777787,126.72397222222223,0.2,0.0,2019-04-02 23:18:21,刺网
12995,29.11363888888889,126.72394444444444,0.6,277.0,2019-04-02 23:28:21,刺网
12995,29.11363888888889,126.72394444444444,0.4,0.0,2019-04-02 23:38:21,刺网
12995,29.113527777777787,126.72397222222223,0.3,0.0,2019-04-02 23:48:21,刺网
12995,29.1135,126.724,0.2,220.0,2019-04-02 23:58:21,刺网
12995,29.1135,126.724,0.1,0.0,2019-04-03 00:08:21,刺网
12995,29.11338888888889,126.72405555555555,0.2,9.0,2019-04-03 00:18:21,刺网
12995,29.11336111111111,126.72408333333334,0.1,0.0,2019-04-03 00:28:20,刺网
12995,29.11333333333333,126.72408333333334,0.2,0.0,2019-04-03 00:38:20,刺网
12995,29.113277777777785,126.72405555555555,0.2,0.0,2019-04-03 00:48:20,刺网
12995,29.11330555555556,126.7240277777778,0.0,0.0,2019-04-03 00:58:20,刺网
12995,29.11302777777778,126.72413888888887,0.1,0.0,2019-04-03 01:08:20,刺网
12995,29.113111111111113,126.72411111111113,0.6,353.0,2019-04-03 01:18:20,刺网
12995,29.113111111111113,126.72408333333334,0.4,97.0,2019-04-03 01:28:20,刺网
12995,29.113222222222234,126.72405555555555,0.2,0.0,2019-04-03 01:38:20,刺网
12995,29.11330555555556,126.7240277777778,0.4,207.0,2019-04-03 01:48:20,刺网
12995,29.1135,126.72394444444444,0.3,355.0,2019-04-03 01:58:20,刺网
12995,29.113722222222233,126.72386111111106,0.4,309.0,2019-04-03 02:08:20,刺网
12995,29.113972222222234,126.72369444444445,0.2,0.0,2019-04-03 02:18:20,刺网
12995,29.11433333333333,126.72333333333331,0.3,214.0,2019-04-03 02:28:19,刺网
12995,29.1145,126.723,0.2,0.0,2019-04-03 02:38:19,刺网
12995,29.114638888888887,126.72261111111106,0.3,230.0,2019-04-03 02:48:19,刺网
12995,29.114694444444453,126.7222777777778,0.2,0.0,2019-04-03 02:58:22,刺网
12995,29.114694444444453,126.72197222222222,0.2,0.0,2019-04-03 03:08:22,刺网
12995,29.11466666666667,126.72180555555555,0.2,0.0,2019-04-03 03:18:22,刺网
12995,29.114638888888887,126.72166666666666,0.4,0.0,2019-04-03 03:28:22,刺网
12995,29.114611111111113,126.72152777777778,0.2,0.0,2019-04-03 03:38:21,刺网
12995,29.113416666666666,126.72155555555555,1.8,146.0,2019-04-03 03:48:21,刺网
12995,29.107555555555557,126.72258333333332,7.8,176.0,2019-04-03 03:58:21,刺网
12995,29.08580555555556,126.72238888888893,7.7,181.0,2019-04-03 04:08:21,刺网
12995,29.06708333333333,126.72777777777776,8.2,58.0,2019-04-03 04:18:21,刺网
12995,29.087805555555555,126.72802777777777,7.8,1.0,2019-04-03 04:28:21,刺网
12995,29.110166666666668,126.72808333333332,8.0,1.0,2019-04-03 04:38:21,刺网
12995,29.104805555555558,126.73363888888888,7.8,179.0,2019-04-03 04:48:21,刺网
12995,29.08288888888889,126.73386111111112,8.1,176.0,2019-04-03 04:58:21,刺网
12995,29.06588888888889,126.74008333333332,9.1,107.0,2019-04-03 05:08:21,刺网
12995,29.059527777777767,126.76661111111108,9.0,90.0,2019-04-03 05:18:21,刺网
12995,29.03769444444445,126.76825,8.2,177.0,2019-04-03 05:28:21,刺网
12995,29.01508333333333,126.76841666666668,8.3,179.0,2019-04-03 05:38:21,刺网
12995,29.01975,126.77433333333332,8.2,6.0,2019-04-03 05:48:20,刺网
12995,29.04341666666667,126.77419444444445,8.2,359.0,2019-04-03 05:58:20,刺网
12995,29.063416666666665,126.7777222222222,7.7,99.0,2019-04-03 06:08:20,刺网
12995,29.042638888888888,126.77919444444444,8.2,177.0,2019-04-03 06:18:20,刺网
12995,29.01838888888889,126.77975,8.2,171.0,2019-04-03 06:28:20,刺网
12995,29.033222222222214,126.78488888888887,8.1,355.0,2019-04-03 06:38:20,刺网
12995,29.05597222222222,126.78533333333334,8.2,3.0,2019-04-03 06:48:20,刺网
12995,29.0765,126.78775,6.0,163.0,2019-04-03 06:58:20,刺网
12995,29.05791666666667,126.77922222222223,6.9,205.0,2019-04-03 07:08:20,刺网
12995,29.048305555555558,126.77447222222222,0.7,165.0,2019-04-03 07:18:20,刺网
12995,29.047555555555558,126.77600000000001,0.4,0.0,2019-04-03 07:28:20,刺网
12995,29.04719444444445,126.77730555555556,0.3,0.0,2019-04-03 07:38:20,刺网
12995,29.04683333333333,126.7787777777778,0.6,85.0,2019-04-03 07:48:19,刺网
12995,29.0465,126.78041666666668,0.7,89.0,2019-04-03 07:58:19,刺网
12995,29.04602777777778,126.78236111111107,0.6,95.0,2019-04-03 08:08:19,刺网
12995,29.04527777777778,126.78436111111112,0.9,99.0,2019-04-03 08:18:22,刺网
12995,29.044611111111113,126.7862222222222,0.6,123.0,2019-04-03 08:28:22,刺网
12995,29.043972222222234,126.78808333333332,0.4,129.0,2019-04-03 08:38:22,刺网
12995,29.043194444444445,126.79002777777777,0.8,109.0,2019-04-03 08:48:22,刺网
12995,29.04219444444445,126.79213888888887,0.9,108.0,2019-04-03 08:58:21,刺网
12995,29.05041666666667,126.78744444444445,7.9,327.0,2019-04-03 09:08:21,刺网
12995,29.06916666666667,126.77355555555555,8.1,333.0,2019-04-03 09:18:21,刺网
12995,29.06805555555556,126.77094444444445,2.8,184.0,2019-04-03 09:28:21,刺网
12995,29.059972222222232,126.77116666666667,2.5,180.0,2019-04-03 09:38:21,刺网
12995,29.044472222222232,126.77119444444445,3.2,182.0,2019-04-03 09:58:21,刺网
12995,29.03675,126.77025,3.0,191.0,2019-04-03 10:08:21,刺网
12995,29.02958333333333,126.7704722222222,1.9,160.0,2019-04-03 10:18:21,刺网
12995,29.02944444444445,126.77602777777778,3.5,27.0,2019-04-03 10:28:21,刺网
12995,29.03783333333333,126.77941666666666,3.5,8.0,2019-04-03 10:38:21,刺网
12995,29.04722222222223,126.78075,3.0,13.0,2019-04-03 10:48:21,刺网
12995,29.05544444444445,126.78200000000001,2.8,352.0,2019-04-03 10:58:20,刺网
12995,29.06436111111111,126.78280555555556,3.3,7.0,2019-04-03 11:08:20,刺网
12995,29.07252777777777,126.7847777777778,3.1,36.0,2019-04-03 11:18:20,刺网
12995,29.078388888888888,126.79166666666669,1.9,71.0,2019-04-03 11:28:20,刺网
12995,29.07133333333333,126.79458333333332,3.9,160.0,2019-04-03 11:38:20,刺网
12995,29.06316666666667,126.79480555555556,2.9,169.0,2019-04-03 11:48:20,刺网
12995,29.055027777777767,126.79525,3.0,184.0,2019-04-03 11:58:20,刺网
12995,29.047305555555557,126.79433333333334,2.9,188.0,2019-04-03 12:08:20,刺网
12995,29.03991666666667,126.79241666666668,2.2,194.0,2019-04-03 12:18:20,刺网
12995,29.033916666666666,126.79438888888888,2.4,88.0,2019-04-03 12:28:20,刺网
12995,29.038833333333336,126.79775,2.8,5.0,2019-04-03 12:38:19,刺网
12995,29.04647222222223,126.79766666666669,2.9,4.0,2019-04-03 12:48:19,刺网
12995,29.053777777777785,126.79841666666668,2.5,355.0,2019-04-03 12:58:19,刺网
12995,29.060111111111112,126.79955555555556,2.9,4.0,2019-04-03 13:08:19,刺网
12995,29.067416666666666,126.80197222222222,3.0,42.0,2019-04-03 13:18:19,刺网
12995,29.07425,126.80463888888887,3.0,25.0,2019-04-03 13:28:22,刺网
12995,29.08002777777777,126.80927777777778,2.2,56.0,2019-04-03 13:38:22,刺网
12995,29.078611111111112,126.79797222222223,7.1,256.0,2019-04-03 13:48:22,刺网
12995,29.074,126.77633333333333,7.0,257.0,2019-04-03 13:58:21,刺网
12995,29.06933333333333,126.75341666666668,4.4,282.0,2019-04-03 14:08:21,刺网
12995,29.073888888888888,126.74708333333334,2.5,321.0,2019-04-03 14:18:21,刺网
12995,29.08130555555556,126.74288888888887,3.1,356.0,2019-04-03 14:28:21,刺网
12995,29.089777777777766,126.7425,3.0,337.0,2019-04-03 14:38:21,刺网
12995,29.097972222222214,126.74119444444445,2.9,350.0,2019-04-03 14:48:21,刺网
12995,29.10541666666667,126.74130555555556,3.2,356.0,2019-04-03 14:58:21,刺网
12995,29.11363888888889,126.74155555555555,2.6,340.0,2019-04-03 15:08:21,刺网
12995,29.11213888888889,126.73702777777778,3.0,187.0,2019-04-03 15:18:21,刺网
12995,29.10469444444445,126.7355,3.2,199.0,2019-04-03 15:28:21,刺网
12995,29.09669444444444,126.73352777777778,3.1,187.0,2019-04-03 15:38:20,刺网
12995,29.089388888888887,126.73161111111106,3.0,184.0,2019-04-03 15:48:20,刺网
12995,29.08125,126.7297222222222,3.1,184.0,2019-04-03 15:58:20,刺网
12995,29.07352777777778,126.7285,2.3,200.0,2019-04-03 16:08:20,刺网
12995,29.07133333333333,126.72594444444445,3.4,314.0,2019-04-03 16:18:20,刺网
12995,29.079222222222214,126.72186111111112,4.2,2.0,2019-04-03 16:28:20,刺网
12995,29.08847222222222,126.72191666666666,3.5,5.0,2019-04-03 16:38:20,刺网
12995,29.096916666666665,126.72077777777778,3.4,3.0,2019-04-03 16:48:20,刺网
12995,29.104111111111113,126.7205277777778,1.3,27.0,2019-04-03 16:58:20,刺网
12995,29.106222222222215,126.72183333333334,3.4,355.0,2019-04-03 17:08:20,刺网
12995,29.110055555555558,126.72822222222223,2.8,124.0,2019-04-03 17:18:20,刺网
12995,29.109111111111112,126.73227777777778,0.5,113.0,2019-04-03 17:28:19,刺网
12995,29.10733333333333,126.73363888888888,4.7,196.0,2019-04-03 17:38:19,刺网
12995,29.09308333333333,126.73344444444444,5.3,179.0,2019-04-03 17:48:19,刺网
12995,29.078944444444442,126.7342777777778,5.0,175.0,2019-04-03 17:58:19,刺网
12995,29.07191666666667,126.73577777777777,1.1,52.0,2019-04-03 18:08:19,刺网
12995,29.073555555555558,126.73577777777777,0.6,346.0,2019-04-03 18:18:19,刺网
12995,29.075111111111113,126.73583333333332,2.8,96.0,2019-04-03 18:28:19,刺网
12995,29.069861111111113,126.73691666666666,2.3,167.0,2019-04-03 18:38:19,刺网
12995,29.068027777777786,126.72552777777777,7.7,295.0,2019-04-03 18:48:22,刺网
12995,29.07083333333333,126.72125,0.5,358.0,2019-04-03 18:58:22,刺网
12995,29.071583333333336,126.72027777777778,0.2,0.0,2019-04-03 19:08:21,刺网
12995,29.07155555555555,126.72011111111112,0.1,0.0,2019-04-03 19:18:21,刺网
12995,29.07155555555555,126.72016666666669,0.3,252.0,2019-04-03 19:28:21,刺网
12995,29.071527777777767,126.72013888888887,0.2,0.0,2019-04-03 19:38:21,刺网
12995,29.07155555555555,126.72030555555556,0.2,0.0,2019-04-03 19:48:21,刺网
12995,29.071583333333336,126.72061111111113,0.1,0.0,2019-04-03 19:58:21,刺网
12995,29.071583333333336,126.72086111111106,0.3,76.0,2019-04-03 20:08:21,刺网
12995,29.07155555555555,126.72108333333333,0.2,0.0,2019-04-03 20:18:21,刺网
12995,29.071472222222226,126.7212777777778,0.0,0.0,2019-04-03 20:28:21,刺网
12995,29.07141666666667,126.72147222222223,0.1,0.0,2019-04-03 20:38:21,刺网
12995,29.07133333333333,126.72172222222223,0.3,0.0,2019-04-03 20:48:20,刺网
12995,29.071222222222215,126.72197222222222,0.3,0.0,2019-04-03 20:58:20,刺网
12995,29.07094444444445,126.7222777777778,0.1,0.0,2019-04-03 21:08:20,刺网
12995,29.070777777777767,126.7225,0.3,0.0,2019-04-03 21:18:20,刺网
12995,29.070611111111113,126.72261111111106,0.1,0.0,2019-04-03 21:28:20,刺网
12995,29.07044444444445,126.72272222222222,0.1,0.0,2019-04-03 21:38:20,刺网
12995,29.07036111111111,126.72272222222222,0.2,0.0,2019-04-03 21:48:20,刺网
12995,29.070277777777786,126.72277777777781,0.1,0.0,2019-04-03 21:58:20,刺网
12995,29.07022222222223,126.72280555555555,0.0,0.0,2019-04-03 22:08:20,刺网
12995,29.070166666666665,126.72288888888887,0.2,0.0,2019-04-03 22:18:20,刺网
12995,29.07008333333333,126.72288888888887,0.3,0.0,2019-04-03 22:28:20,刺网
12995,29.069972222222226,126.72291666666666,0.1,0.0,2019-04-03 22:38:19,刺网
12995,29.06975,126.72297222222224,0.3,0.0,2019-04-03 22:48:19,刺网
12995,29.069722222222214,126.72297222222224,0.1,0.0,2019-04-03 22:58:19,刺网
12995,29.0695,126.72297222222224,0.1,0.0,2019-04-03 23:08:19,刺网
12995,29.06936111111111,126.72294444444445,0.0,0.0,2019-04-03 23:18:19,刺网
12995,29.069138888888887,126.72294444444445,0.4,206.0,2019-04-03 23:28:19,刺网
12995,29.069000000000006,126.72291666666666,0.1,0.0,2019-04-03 23:38:19,刺网
12995,29.06888888888889,126.72286111111113,0.5,150.0,2019-04-03 23:58:19,刺网
12995,29.06888888888889,126.72288888888887,0.4,269.0,2019-04-04 00:08:22,刺网
12995,29.068666666666665,126.72280555555555,0.3,186.0,2019-04-04 00:18:21,刺网
12995,29.068638888888888,126.72277777777781,0.2,254.0,2019-04-04 00:28:21,刺网
12995,29.06858333333333,126.72275,0.1,0.0,2019-04-04 00:38:21,刺网
12995,29.06858333333333,126.72275,0.1,0.0,2019-04-04 00:48:21,刺网
12995,29.068555555555548,126.72277777777781,0.5,234.0,2019-04-04 00:58:21,刺网
12995,29.06825000000001,126.72252777777777,0.3,0.0,2019-04-04 01:08:21,刺网
12995,29.06808333333333,126.72238888888893,0.3,0.0,2019-04-04 01:18:21,刺网
12995,29.067972222222235,126.72225,0.2,0.0,2019-04-04 01:28:21,刺网
12995,29.06783333333333,126.72208333333332,0.5,283.0,2019-04-04 01:38:20,刺网
12995,29.067638888888887,126.72177777777777,0.1,0.0,2019-04-04 01:48:20,刺网
12995,29.067527777777766,126.72147222222223,0.3,0.0,2019-04-04 01:58:20,刺网
12995,29.067416666666666,126.72111111111113,0.3,0.0,2019-04-04 02:08:20,刺网
12995,29.06736111111111,126.72063888888893,0.2,0.0,2019-04-04 02:18:20,刺网
12995,29.06738888888889,126.72030555555556,0.4,153.0,2019-04-04 02:28:20,刺网
12995,29.06738888888889,126.72008333333332,0.3,0.0,2019-04-04 02:38:20,刺网
12995,29.06744444444445,126.71994444444445,0.3,0.0,2019-04-04 02:48:20,刺网
12995,29.0675,126.71958333333332,0.3,0.0,2019-04-04 02:58:20,刺网
12995,29.067472222222214,126.71972222222223,0.2,0.0,2019-04-04 03:08:20,刺网
12995,29.0675,126.71969444444444,0.8,258.0,2019-04-04 03:18:20,刺网
12995,29.067527777777766,126.71966666666668,0.2,0.0,2019-04-04 03:28:20,刺网
12995,29.067638888888887,126.7192777777778,0.3,0.0,2019-04-04 03:38:20,刺网
12995,29.069138888888887,126.72033333333334,2.4,58.0,2019-04-04 03:48:19,刺网
12995,29.07161111111111,126.7210277777778,7.1,351.0,2019-04-04 03:58:19,刺网
12995,29.091416666666664,126.72111111111113,6.7,3.0,2019-04-04 04:08:19,刺网
12995,29.109,126.72091666666668,7.1,359.0,2019-04-04 04:18:19,刺网
12995,29.10116666666667,126.72661111111113,7.9,178.0,2019-04-04 04:28:19,刺网
12995,29.080416666666665,126.72691666666668,7.1,178.0,2019-04-04 04:38:19,刺网
12995,29.061472222222214,126.72747222222222,5.8,110.0,2019-04-04 04:48:19,刺网
12995,29.07869444444445,126.7320277777778,8.2,0.0,2019-04-04 04:58:19,刺网
12995,29.099888888888888,126.73200000000001,7.6,2.0,2019-04-04 05:08:19,刺网
12995,29.099805555555548,126.73830555555556,6.9,180.0,2019-04-04 05:18:19,刺网
12995,29.08063888888889,126.73836111111108,6.4,178.0,2019-04-04 05:28:21,刺网
12995,29.062222222222214,126.73833333333332,6.5,180.0,2019-04-04 05:38:21,刺网
12995,29.05119444444445,126.74777777777778,9.2,76.0,2019-04-04 05:48:21,刺网
12995,29.05533333333333,126.77008333333332,7.1,180.0,2019-04-04 05:58:20,刺网
12995,29.034972222222233,126.77041666666666,7.4,178.0,2019-04-04 06:08:21,刺网
12995,29.01297222222223,126.77044444444445,7.4,179.0,2019-04-04 06:18:21,刺网
12995,29.00344444444445,126.77686111111113,8.3,352.0,2019-04-04 06:28:21,刺网
12995,29.025472222222234,126.77658333333332,7.9,1.0,2019-04-04 06:38:21,刺网
12995,29.04741666666667,126.77694444444445,7.5,355.0,2019-04-04 06:48:21,刺网
12995,29.06205555555556,126.78308333333332,6.4,183.0,2019-04-04 06:58:20,刺网
12995,29.041,126.783,7.9,181.0,2019-04-04 07:08:20,刺网
12995,29.019444444444442,126.78263888888887,7.8,181.0,2019-04-04 07:18:20,刺网
12995,29.03886111111111,126.77211111111113,8.5,338.0,2019-04-04 07:28:20,刺网
12995,29.052194444444453,126.76683333333334,1.1,28.0,2019-04-04 07:38:20,刺网
12995,29.05425,126.76675,0.4,0.0,2019-04-04 07:48:20,刺网
12995,29.055916666666665,126.76675,0.4,0.0,2019-04-04 07:58:20,刺网
12995,29.057722222222232,126.7667777777778,0.7,0.0,2019-04-04 08:08:19,刺网
12995,29.05925,126.76711111111112,0.3,0.0,2019-04-04 08:18:20,刺网
12995,29.060722222222214,126.76772222222222,0.7,39.0,2019-04-04 08:28:20,刺网
12995,29.06205555555556,126.7684722222222,0.5,31.0,2019-04-04 08:38:20,刺网
12995,29.06327777777778,126.76944444444445,0.5,44.0,2019-04-04 08:48:20,刺网
12995,29.06425,126.77063888888893,0.9,42.0,2019-04-04 08:58:19,刺网
12995,29.06533333333333,126.7717222222222,0.7,49.0,2019-04-04 09:08:19,刺网
12995,29.06625,126.77286111111113,0.2,0.0,2019-04-04 09:18:19,刺网
12995,29.075416666666666,126.77166666666666,3.7,281.0,2019-04-04 09:28:19,刺网
12995,29.06991666666667,126.77086111111107,2.5,166.0,2019-04-04 09:38:19,刺网
12995,29.054861111111112,126.7734722222222,2.5,149.0,2019-04-04 09:58:19,刺网
12995,29.047611111111113,126.77555555555556,3.3,157.0,2019-04-04 10:08:19,刺网
12995,29.03966666666667,126.77769444444445,2.8,169.0,2019-04-04 10:18:19,刺网
12995,29.03183333333333,126.77938888888887,2.6,155.0,2019-04-04 10:28:18,刺网
12995,29.023944444444442,126.78069444444445,2.6,173.0,2019-04-04 10:38:21,刺网
12995,29.018,126.78311111111113,2.8,119.0,2019-04-04 10:48:21,刺网
12995,29.022,126.78666666666666,2.4,349.0,2019-04-04 10:58:21,刺网
12995,29.02991666666667,126.78680555555556,2.5,10.0,2019-04-04 11:08:21,刺网
12995,29.03805555555556,126.78836111111107,3.1,8.0,2019-04-04 11:18:21,刺网
12995,29.045972222222233,126.79030555555555,3.5,354.0,2019-04-04 11:28:21,刺网
12995,29.053583333333336,126.7895277777778,3.1,344.0,2019-04-04 11:38:21,刺网
12995,29.060722222222214,126.78936111111106,2.9,357.0,2019-04-04 11:48:21,刺网
12995,29.067277777777768,126.79102777777777,2.0,30.0,2019-04-04 11:58:20,刺网
12995,29.06952777777777,126.79766666666669,2.5,92.0,2019-04-04 12:08:20,刺网
12995,29.06486111111111,126.79847222222222,2.4,173.0,2019-04-04 12:18:20,刺网
12995,29.057722222222232,126.79883333333332,3.1,181.0,2019-04-04 12:28:20,刺网
12995,29.05011111111111,126.80052777777777,2.9,152.0,2019-04-04 12:38:20,刺网
12995,29.04241666666667,126.80197222222222,2.4,192.0,2019-04-04 12:48:20,刺网
12995,29.03611111111111,126.79975,2.5,175.0,2019-04-04 12:58:20,刺网
12995,29.02963888888889,126.80233333333332,2.4,122.0,2019-04-04 13:08:20,刺网
12995,29.038277777777786,126.79038888888887,8.8,301.0,2019-04-04 13:18:20,刺网
12995,29.06508333333333,126.74258333333334,8.6,296.0,2019-04-04 13:38:19,刺网
12995,29.078138888888887,126.71977777777781,8.4,303.0,2019-04-04 13:48:19,刺网
12995,29.083444444444442,126.71205555555555,0.2,0.0,2019-04-04 13:58:19,刺网
12995,29.087916666666665,126.71583333333334,3.1,41.0,2019-04-04 14:08:19,刺网
12995,29.093611111111112,126.71722222222222,2.7,8.0,2019-04-04 14:18:19,刺网
12995,29.10008333333333,126.71825,2.2,23.0,2019-04-04 14:28:19,刺网
12995,29.1065,126.72147222222223,2.5,33.0,2019-04-04 14:38:19,刺网
12995,29.1125,126.72388888888894,2.1,28.0,2019-04-04 14:48:19,刺网
12995,29.116611111111126,126.7275,1.9,107.0,2019-04-04 14:58:19,刺网
12995,29.11283333333333,126.73038888888892,3.5,186.0,2019-04-04 15:08:18,刺网
12995,29.108222222222214,126.72516666666668,2.4,244.0,2019-04-04 15:18:18,刺网
12995,29.10361111111111,126.72030555555556,2.7,176.0,2019-04-04 15:28:18,刺网
12995,29.09611111111111,126.72230555555555,2.5,161.0,2019-04-04 15:38:18,刺网
12995,29.087888888888887,126.72519444444444,2.7,154.0,2019-04-04 15:48:21,刺网
12995,29.07941666666667,126.72736111111112,3.5,157.0,2019-04-04 15:58:21,刺网
12995,29.071972222222215,126.72905555555555,2.4,157.0,2019-04-04 16:08:21,刺网
12995,29.07008333333333,126.73408333333332,3.5,24.0,2019-04-04 16:18:21,刺网
12995,29.076888888888888,126.73444444444445,3.1,351.0,2019-04-04 16:28:21,刺网
12995,29.083527777777785,126.73308333333333,3.5,346.0,2019-04-04 16:38:21,刺网
12995,29.09194444444445,126.73283333333336,3.4,4.0,2019-04-04 16:48:20,刺网
12995,29.10041666666667,126.73361111111113,3.4,8.0,2019-04-04 16:58:20,刺网
12995,29.108638888888887,126.73397222222222,2.4,41.0,2019-04-04 17:08:20,刺网
12995,29.113166666666668,126.73688888888887,3.0,54.0,2019-04-04 17:18:20,刺网
12995,29.108833333333337,126.73952777777778,0.8,233.0,2019-04-04 17:28:20,刺网
12995,29.10327777777778,126.73869444444445,3.2,165.0,2019-04-04 17:38:20,刺网
12995,29.095861111111113,126.74019444444444,2.7,168.0,2019-04-04 17:48:20,刺网
12995,29.08813888888889,126.74052777777777,2.3,185.0,2019-04-04 17:58:20,刺网
12995,29.08216666666667,126.74002777777777,2.4,187.0,2019-04-04 18:08:20,刺网
12995,29.075944444444442,126.7392222222222,1.5,202.0,2019-04-04 18:18:20,刺网
12995,29.071805555555553,126.73855555555555,0.9,193.0,2019-04-04 18:28:20,刺网
12995,29.068166666666666,126.73913888888887,1.6,162.0,2019-04-04 18:38:19,刺网
12995,29.06441666666667,126.7404722222222,0.3,0.0,2019-04-04 18:48:19,刺网
12995,29.068805555555556,126.73975,1.5,343.0,2019-04-04 18:58:19,刺网
12995,29.085694444444442,126.73608333333333,1.4,354.0,2019-04-04 19:38:19,刺网
12995,29.08991666666667,126.73561111111113,1.6,352.0,2019-04-04 19:48:19,刺网
12995,29.094,126.73525,1.2,355.0,2019-04-04 19:58:19,刺网
12995,29.10041666666667,126.73222222222222,4.3,315.0,2019-04-04 20:08:19,刺网
12995,29.110916666666668,126.7240277777778,4.4,315.0,2019-04-04 20:18:19,刺网
12995,29.12013888888889,126.71513888888887,1.7,3.0,2019-04-04 20:28:18,刺网
12995,29.12238888888889,126.715,0.2,0.0,2019-04-04 20:38:18,刺网
12995,29.12241666666667,126.71513888888887,0.3,0.0,2019-04-04 20:48:18,刺网
12995,29.12238888888889,126.7152777777778,0.4,0.0,2019-04-04 20:58:21,刺网
12995,29.12238888888889,126.71525,0.4,0.0,2019-04-04 21:08:21,刺网
12995,29.12238888888889,126.71525,3.6,32.0,2019-04-04 21:18:21,刺网
12995,29.12238888888889,126.71536111111112,0.3,0.0,2019-04-04 21:28:21,刺网
12995,29.12236111111111,126.71572222222223,0.3,0.0,2019-04-04 21:38:21,刺网
12995,29.122277777777786,126.71591666666669,0.1,0.0,2019-04-04 21:48:21,刺网
12995,29.122277777777786,126.71605555555556,0.2,0.0,2019-04-04 21:58:21,刺网
12995,29.12219444444445,126.71619444444444,0.1,0.0,2019-04-04 22:08:20,刺网
12995,29.122138888888887,126.71630555555555,0.4,0.0,2019-04-04 22:18:20,刺网
12995,29.12191666666667,126.71666666666668,0.4,122.0,2019-04-04 22:28:20,刺网
12995,29.12163888888889,126.71700000000001,0.7,137.0,2019-04-04 22:38:20,刺网
12995,29.121527777777786,126.71705555555555,0.8,125.0,2019-04-04 22:48:20,刺网
12995,29.12136111111111,126.71705555555555,0.3,0.0,2019-04-04 22:58:20,刺网
12995,29.12108333333333,126.71736111111107,0.5,129.0,2019-04-04 23:08:20,刺网
12995,29.120666666666665,126.71758333333334,0.3,0.0,2019-04-04 23:18:20,刺网
12995,29.12011111111111,126.71763888888887,0.6,171.0,2019-04-04 23:28:20,刺网
12995,29.11966666666667,126.71758333333334,0.3,170.0,2019-04-04 23:38:19,刺网
12995,29.11938888888889,126.71744444444445,0.3,213.0,2019-04-04 23:48:19,刺网
12995,29.11916666666667,126.71727777777778,0.1,0.0,2019-04-04 23:58:19,刺网
12995,29.118944444444452,126.71708333333332,0.6,17.0,2019-04-05 00:08:19,刺网
12995,29.119055555555555,126.71716666666669,0.2,69.0,2019-04-05 00:18:19,刺网
12995,29.11925,126.71736111111107,0.3,266.0,2019-04-05 00:28:19,刺网
12995,29.11916666666667,126.71725,0.5,117.0,2019-04-05 00:38:19,刺网
12995,29.119111111111113,126.71725,0.2,272.0,2019-04-05 00:48:19,刺网
12995,29.119222222222234,126.71730555555555,0.6,248.0,2019-04-05 00:58:18,刺网
12995,29.11916666666667,126.71727777777778,0.3,0.0,2019-04-05 01:08:19,刺网
12995,29.119027777777767,126.71716666666669,0.3,0.0,2019-04-05 01:18:19,刺网
12995,29.119027777777767,126.71711111111112,0.3,0.0,2019-04-05 01:28:18,刺网
12995,29.119138888888887,126.71694444444445,0.4,82.0,2019-04-05 01:38:18,刺网
12995,29.11966666666667,126.71700000000001,0.2,0.0,2019-04-05 01:48:18,刺网
12995,29.119805555555555,126.71708333333332,0.2,0.0,2019-04-05 01:58:18,刺网
12995,29.119777777777767,126.71711111111112,0.5,114.0,2019-04-05 02:08:21,刺网
12995,29.119611111111112,126.71688888888887,0.5,143.0,2019-04-05 02:18:21,刺网
12995,29.119555555555554,126.71669444444444,1.0,131.0,2019-04-05 02:28:21,刺网
12995,29.11983333333333,126.71655555555556,0.6,169.0,2019-04-05 02:38:21,刺网
12995,29.120222222222232,126.71602777777778,0.3,0.0,2019-04-05 02:48:21,刺网
12995,29.120555555555555,126.71536111111112,0.4,321.0,2019-04-05 02:58:21,刺网
12995,29.12108333333333,126.71436111111113,0.1,0.0,2019-04-05 03:08:20,刺网
12995,29.12188888888889,126.71366666666668,0.0,0.0,2019-04-05 03:18:20,刺网
12995,29.122222222222234,126.71419444444444,0.3,0.0,2019-04-05 03:28:20,刺网
12995,29.12208333333333,126.714,0.3,0.0,2019-04-05 03:38:20,刺网
12995,29.12211111111111,126.71402777777777,0.4,0.0,2019-04-05 03:48:20,刺网
12995,29.12116666666667,126.7152222222222,2.6,46.0,2019-04-05 03:58:20,刺网
12995,29.10852777777778,126.71266666666668,5.7,178.0,2019-04-05 04:08:20,刺网
12995,29.090555555555554,126.71247222222222,5.4,184.0,2019-04-05 04:18:20,刺网
12995,29.071722222222213,126.71247222222222,5.7,182.0,2019-04-05 04:28:20,刺网
12995,29.083222222222233,126.7175,7.1,5.0,2019-04-05 04:38:19,刺网
12995,29.103472222222226,126.71744444444445,7.4,3.0,2019-04-05 04:48:19,刺网
12995,29.113083333333336,126.72205555555556,7.1,166.0,2019-04-05 04:58:19,刺网
12995,29.094222222222214,126.72238888888893,7.0,181.0,2019-04-05 05:08:19,刺网
12995,29.07605555555556,126.72241666666667,5.8,179.0,2019-04-05 05:18:19,刺网
12995,29.07975,126.728,7.0,357.0,2019-04-05 05:28:19,刺网
12995,29.10116666666667,126.72775,8.2,1.0,2019-04-05 05:38:19,刺网
12995,29.114305555555557,126.73433333333334,6.2,174.0,2019-04-05 05:48:19,刺网
12995,29.09608333333333,126.73475,7.7,178.0,2019-04-05 05:58:19,刺网
12995,29.076,126.73494444444445,6.6,175.0,2019-04-05 06:08:19,刺网
12995,29.058055555555555,126.73475,6.3,186.0,2019-04-05 06:18:18,刺网
12995,29.064027777777767,126.74191666666668,8.0,3.0,2019-04-05 06:28:18,刺网
12995,29.085777777777786,126.74161111111113,7.7,359.0,2019-04-05 06:38:18,刺网
12995,29.10608333333333,126.74130555555556,7.4,357.0,2019-04-05 06:48:18,刺网
12995,29.10533333333333,126.73183333333334,5.9,230.0,2019-04-05 06:58:18,刺网
12995,29.094055555555553,126.7187777777778,6.5,221.0,2019-04-05 07:08:18,刺网
12995,29.090999999999998,126.71305555555556,0.8,0.0,2019-04-05 07:18:18,刺网
12995,29.09161111111111,126.71022222222223,0.4,0.0,2019-04-05 07:28:21,刺网
12995,29.091638888888887,126.70763888888888,0.6,0.0,2019-04-05 07:38:21,刺网
12995,29.091666666666665,126.70508333333332,1.5,153.0,2019-04-05 07:48:20,刺网
12995,29.09133333333333,126.70280555555556,0.9,0.0,2019-04-05 07:58:20,刺网
12995,29.090888888888887,126.70069444444445,0.7,0.0,2019-04-05 08:08:20,刺网
12995,29.090222222222234,126.69816666666668,1.9,251.0,2019-04-05 08:18:20,刺网
12995,29.09,126.69583333333334,0.7,269.0,2019-04-05 08:28:20,刺网
12995,29.08958333333333,126.69355555555555,1.1,235.0,2019-04-05 08:38:20,刺网
12995,29.08880555555556,126.69138888888894,1.0,266.0,2019-04-05 08:48:20,刺网
12995,29.087888888888887,126.6892777777778,1.8,240.0,2019-04-05 08:58:20,刺网
12995,29.086944444444452,126.68761111111112,0.9,227.0,2019-04-05 09:08:20,刺网
12995,29.095055555555554,126.68958333333332,6.0,20.0,2019-04-05 09:18:19,刺网
12995,29.111722222222234,126.69652777777776,5.2,16.0,2019-04-05 09:28:19,刺网
12995,29.12769444444445,126.70386111111112,5.7,27.0,2019-04-05 09:38:19,刺网
12995,29.125888888888888,126.70486111111113,3.3,167.0,2019-04-05 09:48:19,刺网
12995,29.117638888888887,126.70619444444445,2.6,148.0,2019-04-05 09:58:19,刺网
12995,29.10866666666667,126.70802777777777,3.3,163.0,2019-04-05 10:08:19,刺网
12995,29.10019444444445,126.70863888888887,3.8,179.0,2019-04-05 10:18:19,刺网
12995,29.09336111111111,126.70947222222222,2.7,167.0,2019-04-05 10:28:19,刺网
12995,29.088027777777786,126.71052777777777,2.4,156.0,2019-04-05 10:38:19,刺网
12995,29.08213888888889,126.71055555555556,1.9,191.0,2019-04-05 10:48:19,刺网
12995,29.078055555555554,126.71055555555556,1.2,113.0,2019-04-05 10:58:18,刺网
12995,29.08058333333333,126.71519444444445,2.3,19.0,2019-04-05 11:08:18,刺网
12995,29.09113888888889,126.71852777777778,1.9,336.0,2019-04-05 11:28:18,刺网
12995,29.09833333333333,126.71905555555556,3.1,354.0,2019-04-05 11:38:18,刺网
12995,29.10577777777778,126.71825,3.3,340.0,2019-04-05 11:48:18,刺网
12995,29.1095,126.7210277777778,3.2,38.0,2019-04-05 11:58:18,刺网
12995,29.11641666666667,126.72388888888894,1.7,32.0,2019-04-05 12:08:18,刺网
12995,29.12,126.73013888888887,3.7,184.0,2019-04-05 12:28:21,刺网
12995,29.11113888888889,126.72841666666667,2.3,202.0,2019-04-05 12:38:18,刺网
12995,29.104722222222232,126.72463888888888,3.9,177.0,2019-04-05 12:48:21,刺网
12995,29.09855555555556,126.72305555555555,3.7,186.0,2019-04-05 12:58:20,刺网
12995,29.09241666666667,126.72486111111112,3.1,211.0,2019-04-05 13:08:20,刺网
12995,29.08422222222222,126.72755555555555,3.5,159.0,2019-04-05 13:18:20,刺网
12995,29.07725,126.7295,1.2,75.0,2019-04-05 13:28:20,刺网
12995,29.08136111111111,126.73186111111113,2.8,326.0,2019-04-05 13:38:20,刺网
12995,29.08733333333333,126.73005555555555,1.8,7.0,2019-04-05 13:48:20,刺网
12995,29.09352777777778,126.72902777777777,2.3,341.0,2019-04-05 13:58:20,刺网
12995,29.09833333333333,126.73125,2.4,14.0,2019-04-05 14:08:19,刺网
12995,29.10225,126.73408333333332,1.4,329.0,2019-04-05 14:18:19,刺网
12995,29.10741666666667,126.73716666666668,2.3,342.0,2019-04-05 14:28:19,刺网
12995,29.112444444444453,126.7390277777778,2.4,19.0,2019-04-05 14:38:19,刺网
12995,29.11713888888889,126.74208333333333,1.3,68.0,2019-04-05 14:48:19,刺网
12995,29.115,126.74425,0.9,0.0,2019-04-05 14:58:19,刺网
12995,29.114027777777785,126.74225,2.8,198.0,2019-04-05 15:08:19,刺网
12995,29.10666666666667,126.73830555555556,3.5,229.0,2019-04-05 15:18:19,刺网
12995,29.099138888888888,126.73733333333334,3.5,179.0,2019-04-05 15:28:19,刺网
12995,29.094361111111112,126.73677777777776,2.1,186.0,2019-04-05 15:38:19,刺网
12995,29.088611111111113,126.73697222222222,3.1,176.0,2019-04-05 15:48:18,刺网
12995,29.081083333333336,126.73830555555556,4.2,158.0,2019-04-05 15:58:18,刺网
12995,29.07311111111111,126.73997222222219,2.5,191.0,2019-04-05 16:08:18,刺网
12995,29.06641666666667,126.74033333333334,2.9,187.0,2019-04-05 16:18:18,刺网
12995,29.06361111111111,126.74388888888888,2.4,59.0,2019-04-05 16:28:18,刺网
12995,29.07008333333333,126.74486111111106,2.5,18.0,2019-04-05 16:38:18,刺网
12995,29.078194444444442,126.74363888888887,2.3,310.0,2019-04-05 16:48:18,刺网
12995,29.08738888888889,126.74155555555555,4.1,323.0,2019-04-05 16:58:18,刺网
12995,29.095,126.73763888888887,3.8,317.0,2019-04-05 17:08:18,刺网
12995,29.1035,126.73455555555556,3.0,25.0,2019-04-05 17:18:18,刺网
12995,29.108611111111113,126.73838888888888,2.1,53.0,2019-04-05 17:28:18,刺网
12995,29.10619444444445,126.74102777777777,7.2,312.0,2019-04-05 17:38:21,刺网
12995,29.12744444444445,126.7327222222222,7.9,344.0,2019-04-05 17:48:20,刺网
12995,29.149444444444452,126.72538888888887,8.0,341.0,2019-04-05 17:58:20,刺网
12995,29.17147222222223,126.71811111111113,8.0,343.0,2019-04-05 18:08:20,刺网
12995,29.193305555555558,126.71108333333332,8.2,348.0,2019-04-05 18:18:20,刺网
12995,29.21416666666667,126.70380555555555,7.8,337.0,2019-04-05 18:28:20,刺网
12995,29.23544444444445,126.69580555555555,8.2,338.0,2019-04-05 18:38:20,刺网
12995,29.25702777777777,126.68791666666668,7.6,341.0,2019-04-05 18:48:20,刺网
12995,29.278416666666665,126.68041666666667,8.0,349.0,2019-04-05 18:58:20,刺网
12995,29.301388888888887,126.67213888888894,7.8,338.0,2019-04-05 19:08:19,刺网
12995,29.32194444444445,126.66494444444444,8.5,341.0,2019-04-05 19:18:19,刺网
12995,29.344166666666666,126.65686111111113,8.8,342.0,2019-04-05 19:28:19,刺网
12995,29.366611111111126,126.64883333333334,8.5,344.0,2019-04-05 19:38:19,刺网
12995,29.38925,126.64097222222222,7.9,340.0,2019-04-05 19:48:19,刺网
12995,29.411805555555553,126.63283333333334,8.7,346.0,2019-04-05 19:58:19,刺网
12995,29.434444444444445,126.62480555555555,8.4,350.0,2019-04-05 20:08:19,刺网
12995,29.45719444444445,126.61686111111106,8.4,350.0,2019-04-05 20:18:19,刺网
12995,29.479972222222226,126.60861111111107,8.3,342.0,2019-04-05 20:28:19,刺网
12995,29.502194444444445,126.60080555555555,8.1,340.0,2019-04-05 20:38:18,刺网
12995,29.523861111111113,126.59297222222222,8.1,340.0,2019-04-05 20:48:19,刺网
12995,29.54583333333333,126.58508333333332,8.6,342.0,2019-04-05 20:58:18,刺网
12995,29.567722222222233,126.57711111111112,8.1,348.0,2019-04-05 21:08:18,刺网
12995,29.59119444444445,126.56880555555556,8.6,342.0,2019-04-05 21:18:18,刺网
12995,29.61188888888889,126.5612777777778,8.0,343.0,2019-04-05 21:28:18,刺网
12995,29.63436111111111,126.55305555555556,8.5,337.0,2019-04-05 21:38:18,刺网
12995,29.65663888888889,126.5450277777778,7.9,344.0,2019-04-05 21:48:18,刺网
12995,29.678694444444453,126.53725,8.1,346.0,2019-04-05 21:58:18,刺网
12995,29.700944444444442,126.52913888888888,8.6,339.0,2019-04-05 22:08:18,刺网
12995,29.745555555555555,126.51288888888888,8.8,348.0,2019-04-05 22:28:18,刺网
12995,29.751555555555555,126.51061111111113,1.1,36.0,2019-04-05 22:38:18,刺网
12995,29.752111111111113,126.51213888888887,0.6,0.0,2019-04-05 22:48:18,刺网
12995,29.7525,126.51241666666668,0.4,0.0,2019-04-05 22:58:20,刺网
12995,29.752472222222234,126.51238888888888,0.3,0.0,2019-04-05 23:08:20,刺网
12995,29.752472222222234,126.51238888888888,0.7,193.0,2019-04-05 23:18:20,刺网
12995,29.752305555555555,126.5125277777778,0.5,30.0,2019-04-05 23:28:20,刺网
12995,29.75216666666667,126.51258333333334,0.9,346.0,2019-04-05 23:38:20,刺网
12995,29.752027777777766,126.51261111111113,0.7,176.0,2019-04-05 23:48:20,刺网
12995,29.75183333333333,126.51269444444445,0.5,194.0,2019-04-05 23:58:20,刺网
12995,29.751666666666665,126.51266666666668,0.4,285.0,2019-04-06 00:08:20,刺网
12995,29.75141666666667,126.51269444444445,0.3,225.0,2019-04-06 00:18:20,刺网
12995,29.75094444444445,126.5125277777778,0.7,148.0,2019-04-06 00:38:19,刺网
12995,29.75086111111111,126.5125277777778,0.7,332.0,2019-04-06 00:48:19,刺网
12995,29.750666666666664,126.51236111111106,0.2,0.0,2019-04-06 00:58:19,刺网
12995,29.75058333333333,126.51230555555556,1.3,265.0,2019-04-06 01:08:19,刺网
12995,29.75044444444445,126.51216666666666,0.5,169.0,2019-04-06 01:18:19,刺网
12995,29.75038888888889,126.51208333333332,0.2,0.0,2019-04-06 01:28:19,刺网
12995,29.750416666666666,126.51216666666666,0.2,0.0,2019-04-06 01:38:19,刺网
12995,29.75036111111111,126.51205555555555,0.6,252.0,2019-04-06 01:48:19,刺网
12995,29.75030555555556,126.512,0.3,195.0,2019-04-06 01:58:19,刺网
12995,29.75030555555556,126.51205555555555,0.6,209.0,2019-04-06 02:08:18,刺网
12995,29.750222222222234,126.51194444444445,0.2,0.0,2019-04-06 02:18:19,刺网
12995,29.75019444444445,126.51191666666666,0.5,131.0,2019-04-06 02:28:18,刺网
12995,29.750055555555555,126.51155555555556,0.2,0.0,2019-04-06 02:38:18,刺网
12995,29.75011111111111,126.51175,0.3,0.0,2019-04-06 02:48:18,刺网
12995,29.750027777777767,126.51158333333332,0.6,211.0,2019-04-06 02:58:18,刺网
12995,29.750027777777767,126.51138888888887,0.2,0.0,2019-04-06 03:08:18,刺网
12995,29.749944444444452,126.51119444444444,0.3,0.0,2019-04-06 03:18:18,刺网
12995,29.749972222222233,126.51141666666666,0.3,0.0,2019-04-06 03:28:18,刺网
12995,29.749972222222233,126.51125,0.8,258.0,2019-04-06 03:38:18,刺网
12995,29.749944444444452,126.5109722222222,0.4,262.0,2019-04-06 03:48:18,刺网
12995,29.75563888888889,126.51083333333334,6.3,314.0,2019-04-06 03:58:18,刺网
12995,29.772361111111113,126.50938888888888,8.2,355.0,2019-04-06 04:08:18,刺网
12995,29.79363888888889,126.50958333333332,8.1,1.0,2019-04-06 04:18:17,刺网
12995,29.79938888888889,126.5149722222222,7.8,179.0,2019-04-06 04:28:20,刺网
12995,29.777666666666665,126.51511111111112,7.3,181.0,2019-04-06 04:38:20,刺网
12995,29.75702777777777,126.5149722222222,7.0,184.0,2019-04-06 04:48:20,刺网
12995,29.76191666666667,126.5204722222222,7.6,1.0,2019-04-06 04:58:19,刺网
12995,29.782722222222233,126.52072222222223,7.7,357.0,2019-04-06 05:08:20,刺网
12995,29.803583333333336,126.52066666666668,7.8,1.0,2019-04-06 05:18:20,刺网
12995,29.79008333333333,126.52644444444445,7.6,179.0,2019-04-06 05:28:20,刺网
12995,29.76872222222222,126.52638888888887,8.4,179.0,2019-04-06 05:38:20,刺网
12995,29.749027777777766,126.5294722222222,7.0,115.0,2019-04-06 05:48:19,刺网
12995,29.769055555555553,126.53227777777781,8.0,357.0,2019-04-06 05:58:19,刺网
12995,29.79002777777778,126.53222222222222,8.1,356.0,2019-04-06 06:08:19,刺网
12995,29.776777777777767,126.53827777777781,7.5,174.0,2019-04-06 06:18:19,刺网
12995,29.755916666666664,126.53836111111107,7.5,184.0,2019-04-06 06:28:19,刺网
12995,29.74636111111111,126.54416666666668,8.3,358.0,2019-04-06 06:38:19,刺网
12995,29.76894444444445,126.54338888888893,8.1,354.0,2019-04-06 06:48:19,刺网
12995,29.790944444444445,126.54394444444445,7.2,68.0,2019-04-06 06:58:19,刺网
12995,29.774222222222214,126.54936111111112,8.1,183.0,2019-04-06 07:08:19,刺网
12995,29.758055555555554,126.5407777777778,5.3,217.0,2019-04-06 07:18:19,刺网
12995,29.747138888888887,126.53155555555556,1.9,222.0,2019-04-06 07:28:19,刺网
12995,29.746222222222233,126.52930555555555,0.4,0.0,2019-04-06 07:38:18,刺网
12995,29.74641666666667,126.52813888888888,0.7,298.0,2019-04-06 07:48:18,刺网
12995,29.746805555555554,126.52655555555555,0.9,274.0,2019-04-06 07:58:18,刺网
12995,29.74819444444445,126.52505555555555,1.2,204.0,2019-04-06 08:08:18,刺网
12995,29.749111111111112,126.52430555555556,0.6,336.0,2019-04-06 08:18:18,刺网
12995,29.749944444444452,126.52377777777778,0.4,354.0,2019-04-06 08:28:18,刺网
12995,29.750805555555555,126.52338888888887,0.5,320.0,2019-04-06 08:38:18,刺网
12995,29.751638888888888,126.5227222222222,0.4,228.0,2019-04-06 08:48:18,刺网
12995,29.752305555555555,126.52233333333334,0.1,0.0,2019-04-06 08:58:18,刺网
12995,29.75319444444445,126.52222222222224,0.0,0.0,2019-04-06 09:08:18,刺网
12995,29.75366666666667,126.52236111111112,0.7,111.0,2019-04-06 09:18:18,刺网
12995,29.754222222222214,126.5229722222222,0.6,16.0,2019-04-06 09:28:17,刺网
12995,29.755388888888888,126.52402777777776,0.4,49.0,2019-04-06 09:38:17,刺网
12995,29.763416666666664,126.51755555555556,5.2,326.0,2019-04-06 09:48:20,刺网
12995,29.77419444444445,126.50738888888893,5.8,330.0,2019-04-06 09:58:20,刺网
12995,29.773666666666664,126.508,3.7,33.0,2019-04-06 10:08:20,刺网
12995,29.782277777777768,126.50666666666666,3.1,341.0,2019-04-06 10:18:20,刺网
12995,29.79030555555555,126.50508333333332,2.8,353.0,2019-04-06 10:28:20,刺网
12995,29.79591666666667,126.50655555555555,1.3,43.0,2019-04-06 10:38:20,刺网
12995,29.80441666666667,126.50622222222222,3.2,4.0,2019-04-06 10:48:19,刺网
12995,29.812527777777767,126.51002777777781,4.5,108.0,2019-04-06 10:58:19,刺网
12995,29.80402777777777,126.51333333333334,3.5,157.0,2019-04-06 11:08:19,刺网
12995,29.79658333333333,126.51530555555556,3.0,178.0,2019-04-06 11:18:19,刺网
12995,29.788305555555556,126.51913888888888,2.6,170.0,2019-04-06 11:28:19,刺网
12995,29.779277777777768,126.5227777777778,3.7,162.0,2019-04-06 11:38:19,刺网
12995,29.770111111111113,126.52447222222222,2.5,172.0,2019-04-06 11:48:19,刺网
12995,29.765361111111112,126.52866666666668,1.2,44.0,2019-04-06 11:58:19,刺网
12995,29.77336111111111,126.53086111111112,3.4,4.0,2019-04-06 12:08:19,刺网
12995,29.78191666666667,126.5317777777778,2.8,358.0,2019-04-06 12:18:19,刺网
12995,29.7905,126.53186111111113,2.6,347.0,2019-04-06 12:28:18,刺网
12995,29.796944444444453,126.52966666666666,2.7,358.0,2019-04-06 12:38:19,刺网
12995,29.803305555555557,126.53,2.3,14.0,2019-04-06 12:48:18,刺网
12995,29.80858333333333,126.53441666666666,4.2,118.0,2019-04-06 12:58:18,刺网
12995,29.80005555555556,126.53716666666666,3.0,194.0,2019-04-06 13:08:18,刺网
12995,29.79480555555556,126.53444444444445,1.5,134.0,2019-04-06 13:18:18,刺网
12995,29.788694444444445,126.54366666666668,4.0,136.0,2019-04-06 13:28:18,刺网
12995,29.77936111111111,126.54902777777777,4.2,164.0,2019-04-06 13:38:18,刺网
12995,29.769666666666666,126.55161111111107,4.1,162.0,2019-04-06 13:48:18,刺网
12995,29.760361111111113,126.553,2.9,171.0,2019-04-06 13:58:18,刺网
12995,29.75761111111111,126.55686111111108,2.3,27.0,2019-04-06 14:08:18,刺网
12995,29.764472222222214,126.5599722222222,2.0,24.0,2019-04-06 14:18:18,刺网
12995,29.769444444444442,126.56138888888887,2.3,10.0,2019-04-06 14:28:18,刺网
12995,29.77644444444445,126.56172222222223,2.8,356.0,2019-04-06 14:38:20,刺网
12995,29.78236111111111,126.55944444444445,2.4,329.0,2019-04-06 14:48:17,刺网
12995,29.78925,126.55847222222219,2.8,23.0,2019-04-06 14:58:19,刺网
12995,29.790555555555557,126.56233333333331,2.9,206.0,2019-04-06 15:08:19,刺网
12995,29.78463888888889,126.56263888888887,3.9,152.0,2019-04-06 15:18:20,刺网
12995,29.775111111111112,126.56780555555555,3.3,156.0,2019-04-06 15:28:20,刺网
12995,29.766444444444453,126.56916666666666,3.8,201.0,2019-04-06 15:38:19,刺网
12995,29.76358333333333,126.56283333333332,1.1,120.0,2019-04-06 15:48:19,刺网
12995,29.75625,126.5677777777778,3.3,152.0,2019-04-06 15:58:19,刺网
12995,29.756972222222213,126.5684722222222,2.2,341.0,2019-04-06 16:08:19,刺网
12995,29.762555555555554,126.56516666666668,3.6,79.0,2019-04-06 16:18:19,刺网
12995,29.76594444444445,126.57241666666668,2.9,35.0,2019-04-06 16:28:19,刺网
12995,29.773861111111113,126.57213888888887,2.5,325.0,2019-04-06 16:38:19,刺网
12995,29.782,126.57002777777777,2.8,355.0,2019-04-06 16:48:19,刺网
12995,29.789388888888887,126.5689722222222,2.1,10.0,2019-04-06 16:58:19,刺网
12995,29.79186111111111,126.57336111111107,2.0,111.0,2019-04-06 17:08:19,刺网
12995,29.784222222222233,126.57388888888887,3.3,176.0,2019-04-06 17:18:19,刺网
12995,29.76538888888889,126.57486111111106,5.2,179.0,2019-04-06 17:38:18,刺网
12995,29.759527777777766,126.57211111111113,3.8,164.0,2019-04-06 17:48:18,刺网
12995,29.755277777777767,126.58305555555555,3.9,107.0,2019-04-06 17:58:18,刺网
12995,29.75338888888889,126.59219444444444,0.3,0.0,2019-04-06 18:08:18,刺网
12995,29.752527777777786,126.59702777777778,3.7,96.0,2019-04-06 18:18:18,刺网
12995,29.75125,126.60958333333332,4.0,100.0,2019-04-06 18:28:18,刺网
12995,29.75011111111111,126.62238888888888,4.0,90.0,2019-04-06 18:38:18,刺网
12995,29.748972222222214,126.63508333333334,3.9,94.0,2019-04-06 18:48:18,刺网
12995,29.74991666666667,126.63680555555555,0.8,327.0,2019-04-06 18:58:18,刺网
12995,29.752,126.635,1.3,329.0,2019-04-06 19:08:18,刺网
12995,29.751361111111112,126.6359722222222,1.5,201.0,2019-04-06 19:18:18,刺网
12995,29.748,126.64330555555556,3.0,120.0,2019-04-06 19:28:17,刺网
12995,29.74575,126.65444444444445,8.7,73.0,2019-04-06 19:38:17,刺网
12995,29.755166666666664,126.68041666666667,8.7,66.0,2019-04-06 19:48:17,刺网
12995,29.7735,126.73163888888888,8.2,71.0,2019-04-06 20:08:20,刺网
12995,29.78244444444445,126.75391666666668,0.6,102.0,2019-04-06 20:18:20,刺网
12995,29.78408333333333,126.75338888888888,0.0,0.0,2019-04-06 20:28:20,刺网
12995,29.784111111111113,126.75333333333332,0.1,0.0,2019-04-06 20:38:19,刺网
12995,29.78413888888889,126.7534722222222,0.1,0.0,2019-04-06 20:48:19,刺网
12995,29.78416666666667,126.75375,0.3,0.0,2019-04-06 20:58:19,刺网
12995,29.784194444444445,126.75386111111106,0.4,137.0,2019-04-06 21:08:19,刺网
12995,29.784194444444445,126.75408333333334,0.2,0.0,2019-04-06 21:18:19,刺网
12995,29.784194444444445,126.75416666666666,0.1,0.0,2019-04-06 21:28:19,刺网
12995,29.78413888888889,126.75438888888887,0.3,294.0,2019-04-06 21:38:19,刺网
12995,29.78413888888889,126.75452777777778,0.2,0.0,2019-04-06 21:48:19,刺网
12995,29.784111111111113,126.75469444444445,0.1,0.0,2019-04-06 21:58:19,刺网
12995,29.784055555555554,126.75483333333334,0.2,0.0,2019-04-06 22:08:19,刺网
12995,29.78394444444445,126.75502777777777,0.6,127.0,2019-04-06 22:18:19,刺网
12995,29.78388888888889,126.75511111111106,0.4,32.0,2019-04-06 22:28:19,刺网
12995,29.78383333333333,126.75522222222222,0.5,205.0,2019-04-06 22:38:19,刺网
12995,29.78369444444445,126.75533333333334,0.1,0.0,2019-04-06 22:48:18,刺网
12995,29.78361111111111,126.75544444444445,0.1,0.0,2019-04-06 22:58:18,刺网
12995,29.783472222222233,126.75558333333332,0.4,173.0,2019-04-06 23:08:18,刺网
12995,29.78338888888889,126.75563888888892,0.4,317.0,2019-04-06 23:18:18,刺网
12995,29.78333333333333,126.75569444444444,0.1,0.0,2019-04-06 23:28:18,刺网
12995,29.783222222222214,126.75575,0.1,0.0,2019-04-06 23:38:18,刺网
12995,29.78313888888889,126.75575,0.2,0.0,2019-04-06 23:48:18,刺网
12995,29.78308333333333,126.75580555555555,0.3,131.0,2019-04-06 23:58:18,刺网
12995,29.78305555555556,126.75580555555555,0.2,0.0,2019-04-07 00:08:18,刺网
12995,29.78294444444445,126.75586111111107,0.6,86.0,2019-04-07 00:18:18,刺网
12995,29.78286111111111,126.75586111111107,0.6,79.0,2019-04-07 00:28:18,刺网
12995,29.782722222222233,126.75591666666666,0.2,0.0,2019-04-07 00:38:17,刺网
12995,29.782666666666664,126.75591666666666,0.7,131.0,2019-04-07 00:48:17,刺网
12995,29.782611111111112,126.75591666666666,0.5,0.0,2019-04-07 00:58:17,刺网
12995,29.7825,126.75588888888888,0.8,0.0,2019-04-07 01:08:17,刺网
12995,29.78244444444445,126.75588888888888,0.7,74.0,2019-04-07 01:18:17,刺网
12995,29.78238888888889,126.75591666666666,0.0,0.0,2019-04-07 01:28:20,刺网
12995,29.78236111111111,126.75594444444445,0.2,0.0,2019-04-07 01:38:20,刺网
12995,29.78233333333333,126.75591666666666,0.4,214.0,2019-04-07 01:48:20,刺网
12995,29.78225,126.75588888888888,0.0,0.0,2019-04-07 01:58:19,刺网
12995,29.782277777777768,126.75588888888888,0.5,335.0,2019-04-07 02:08:19,刺网
12995,29.78233333333333,126.75588888888888,0.3,0.0,2019-04-07 02:18:19,刺网
12995,29.78233333333333,126.75588888888888,0.1,0.0,2019-04-07 02:28:19,刺网
12995,29.782277777777768,126.75588888888888,0.3,30.0,2019-04-07 02:38:19,刺网
12995,29.78233333333333,126.75588888888888,0.2,0.0,2019-04-07 02:48:19,刺网
12995,29.78236111111111,126.75586111111107,0.3,0.0,2019-04-07 02:58:19,刺网
12995,29.78233333333333,126.75588888888888,0.3,4.0,2019-04-07 03:08:19,刺网
12995,29.782277777777768,126.75588888888888,0.5,3.0,2019-04-07 03:18:19,刺网
12995,29.78244444444445,126.75583333333331,0.9,186.0,2019-04-07 03:28:19,刺网
12995,29.7825,126.75586111111107,0.2,0.0,2019-04-07 03:38:19,刺网
12995,29.782777777777767,126.75569444444444,0.9,293.0,2019-04-07 03:48:18,刺网
12995,29.783166666666666,126.7585,5.7,20.0,2019-04-07 03:58:18,刺网
12995,29.805222222222234,126.75911111111112,8.3,358.0,2019-04-07 04:08:18,刺网
12995,29.827472222222234,126.75908333333334,8.2,357.0,2019-04-07 04:18:18,刺网
12995,29.832472222222233,126.765,7.7,181.0,2019-04-07 04:28:18,刺网
12995,29.810055555555557,126.76547222222223,7.9,179.0,2019-04-07 04:38:18,刺网
12995,29.78775000000001,126.76538888888888,7.8,177.0,2019-04-07 04:48:18,刺网
12995,29.797361111111112,126.77322222222223,8.7,1.0,2019-04-07 04:58:17,刺网
12995,29.820999999999998,126.77275,8.6,0.0,2019-04-07 05:08:18,刺网
12995,29.84008333333333,126.77777777777777,7.8,91.0,2019-04-07 05:18:18,刺网
12995,29.819722222222214,126.7800277777778,7.9,177.0,2019-04-07 05:28:18,刺网
12995,29.796527777777786,126.77983333333331,8.0,180.0,2019-04-07 05:38:18,刺网
12995,29.79213888888889,126.78627777777778,8.5,1.0,2019-04-07 05:48:17,刺网
12995,29.81475,126.7862222222222,8.7,357.0,2019-04-07 05:58:17,刺网
12995,29.839,126.7860277777778,8.4,2.0,2019-04-07 06:08:17,刺网
12995,29.829361111111112,126.79138888888887,7.8,178.0,2019-04-07 06:18:17,刺网
12995,29.807472222222234,126.79155555555555,7.9,176.0,2019-04-07 06:28:17,刺网
12995,29.79669444444445,126.79827777777777,8.7,2.0,2019-04-07 06:38:17,刺网
12995,29.820305555555557,126.79805555555555,8.5,3.0,2019-04-07 06:48:20,刺网
12995,29.82566666666667,126.78980555555556,7.6,221.0,2019-04-07 06:58:20,刺网
12995,29.809472222222233,126.77388888888888,7.4,221.0,2019-04-07 07:08:20,刺网
12995,29.804222222222233,126.7669722222222,0.5,0.0,2019-04-07 07:18:20,刺网
12995,29.805527777777787,126.76525,0.6,347.0,2019-04-07 07:28:19,刺网
12995,29.807722222222232,126.76402777777777,0.9,322.0,2019-04-07 07:38:19,刺网
12995,29.810277777777767,126.76280555555556,0.9,347.0,2019-04-07 07:48:19,刺网
12995,29.81313888888889,126.76122222222222,1.4,337.0,2019-04-07 07:58:19,刺网
12995,29.815444444444445,126.75966666666666,0.7,337.0,2019-04-07 08:08:19,刺网
12995,29.817972222222235,126.75819444444444,1.3,343.0,2019-04-07 08:18:19,刺网
12995,29.820611111111113,126.75686111111106,1.2,338.0,2019-04-07 08:28:19,刺网
12995,29.82344444444445,126.75577777777778,1.4,339.0,2019-04-07 08:38:19,刺网
12995,29.82638888888889,126.75472222222223,1.2,342.0,2019-04-07 08:48:19,刺网
12995,29.8295,126.75375,1.6,343.0,2019-04-07 08:58:18,刺网
12995,29.832638888888887,126.75302777777777,1.0,352.0,2019-04-07 09:08:18,刺网
12995,29.83583333333333,126.75261111111112,1.2,351.0,2019-04-07 09:18:18,刺网
12995,29.83888888888889,126.75213888888894,1.1,340.0,2019-04-07 09:28:18,刺网
12995,29.841972222222214,126.75205555555556,1.0,20.0,2019-04-07 09:38:18,刺网
12995,29.84488888888889,126.75211111111112,0.9,345.0,2019-04-07 09:48:18,刺网
12995,29.848388888888888,126.75233333333333,4.4,307.0,2019-04-07 09:58:18,刺网
12995,29.830861111111112,126.75202777777778,6.3,180.0,2019-04-07 10:08:18,刺网
12995,29.81438888888889,126.75202777777778,6.3,175.0,2019-04-07 10:18:18,刺网
12995,29.80113888888889,126.7525,2.2,186.0,2019-04-07 10:28:18,刺网
12995,29.805611111111112,126.75125,4.0,8.0,2019-04-07 10:38:18,刺网
12995,29.81636111111111,126.75186111111113,2.9,354.0,2019-04-07 10:48:17,刺网
12995,29.82625,126.75163888888888,3.6,353.0,2019-04-07 10:58:17,刺网
12995,29.83575,126.7519722222222,3.6,8.0,2019-04-07 11:08:17,刺网
12995,29.845527777777786,126.75413888888887,3.3,21.0,2019-04-07 11:18:17,刺网
12995,29.84944444444445,126.76036111111112,3.2,160.0,2019-04-07 11:28:17,刺网
12995,29.84058333333333,126.76191666666666,3.0,173.0,2019-04-07 11:38:17,刺网
12995,29.83183333333333,126.76255555555555,3.4,161.0,2019-04-07 11:48:17,刺网
12995,29.823666666666664,126.76305555555555,3.1,173.0,2019-04-07 11:58:19,刺网
12995,29.81508333333333,126.76291666666664,3.3,174.0,2019-04-07 12:08:19,刺网
12995,29.80625,126.7644722222222,2.4,175.0,2019-04-07 12:18:17,刺网
12995,29.799138888888887,126.76763888888887,3.3,120.0,2019-04-07 12:28:19,刺网
12995,29.80022222222223,126.77311111111112,1.6,305.0,2019-04-07 12:38:19,刺网
12995,29.808777777777767,126.77244444444445,3.2,4.0,2019-04-07 12:48:19,刺网
12995,29.81725,126.77438888888888,3.5,24.0,2019-04-07 12:58:19,刺网
12995,29.824472222222226,126.77694444444445,1.4,63.0,2019-04-07 13:08:19,刺网
12995,29.831805555555555,126.7777222222222,2.6,4.0,2019-04-07 13:18:19,刺网
12995,29.83886111111111,126.7787777777778,2.8,19.0,2019-04-07 13:28:19,刺网
12995,29.84583333333333,126.78130555555555,2.9,34.0,2019-04-07 13:38:19,刺网
12995,29.84822222222222,126.789,3.3,153.0,2019-04-07 13:48:18,刺网
12995,29.84083333333333,126.78919444444445,2.9,169.0,2019-04-07 13:58:18,刺网
12995,29.83169444444445,126.78936111111106,3.2,176.0,2019-04-07 14:08:18,刺网
12995,29.82413888888889,126.78955555555555,3.8,170.0,2019-04-07 14:18:18,刺网
12995,29.81733333333333,126.78794444444445,2.8,181.0,2019-04-07 14:28:18,刺网
12995,29.81055555555556,126.7879722222222,2.5,165.0,2019-04-07 14:38:18,刺网
12995,29.80580555555556,126.79011111111107,3.0,141.0,2019-04-07 14:48:18,刺网
12995,29.799,126.79322222222223,2.3,169.0,2019-04-07 14:58:18,刺网
12995,29.797694444444453,126.79591666666668,1.7,355.0,2019-04-07 15:08:18,刺网
12995,29.803694444444453,126.79727777777778,2.9,6.0,2019-04-07 15:18:18,刺网
12995,29.81183333333333,126.79825,2.2,346.0,2019-04-07 15:28:18,刺网
12995,29.81991666666667,126.79786111111113,2.8,3.0,2019-04-07 15:38:17,刺网
12995,29.82783333333333,126.79841666666668,2.2,344.0,2019-04-07 15:48:17,刺网
12995,29.8355,126.80005555555556,2.9,9.0,2019-04-07 15:58:17,刺网
12995,29.84308333333333,126.8012222222222,2.9,11.0,2019-04-07 16:08:17,刺网
12995,29.848000000000006,126.80666666666666,3.3,84.0,2019-04-07 16:18:17,刺网
12995,29.84233333333333,126.8072222222222,2.9,180.0,2019-04-07 16:28:17,刺网
12995,29.833666666666666,126.80633333333333,0.5,140.0,2019-04-07 16:38:17,刺网
12995,29.825111111111113,126.80638888888888,3.7,178.0,2019-04-07 16:48:17,刺网
12995,29.815916666666666,126.80611111111112,3.0,171.0,2019-04-07 16:58:17,刺网
12995,29.807444444444453,126.8047222222222,2.8,158.0,2019-04-07 17:08:19,刺网
12995,29.80488888888889,126.80755555555555,2.6,65.0,2019-04-07 17:18:19,刺网
12995,29.812472222222233,126.81083333333332,3.1,3.0,2019-04-07 17:28:19,刺网
12995,29.82080555555555,126.81244444444445,2.2,353.0,2019-04-07 17:38:19,刺网
12995,29.82941666666667,126.8125,3.1,10.0,2019-04-07 17:48:19,刺网
12995,29.834166666666665,126.81577777777777,0.4,97.0,2019-04-07 17:58:19,刺网
12995,29.83533333333333,126.81541666666666,0.9,344.0,2019-04-07 18:08:19,刺网
12995,29.8375,126.81405555555556,1.0,336.0,2019-04-07 18:18:19,刺网
12995,29.84008333333333,126.81241666666666,0.8,337.0,2019-04-07 18:28:19,刺网
12995,29.84269444444445,126.81105555555555,1.0,335.0,2019-04-07 18:38:19,刺网
12995,29.845416666666665,126.80955555555555,1.1,346.0,2019-04-07 18:48:18,刺网
12995,29.84794444444444,126.80827777777776,1.1,350.0,2019-04-07 18:58:18,刺网
12995,29.850638888888888,126.80694444444444,1.2,349.0,2019-04-07 19:08:18,刺网
12995,29.85341666666667,126.80572222222223,1.0,339.0,2019-04-07 19:18:18,刺网
12995,29.856388888888887,126.80461111111113,1.4,342.0,2019-04-07 19:28:18,刺网
12995,29.859527777777767,126.80355555555555,1.1,340.0,2019-04-07 19:38:18,刺网
12995,29.86263888888889,126.80261111111106,1.1,351.0,2019-04-07 19:48:18,刺网
12995,29.86569444444445,126.80188888888887,1.1,10.0,2019-04-07 19:58:18,刺网
12995,29.868722222222214,126.80475,3.7,215.0,2019-04-07 20:18:18,刺网
12995,29.86727777777777,126.79225,3.5,227.0,2019-04-07 20:28:17,刺网
12995,29.860833333333336,126.7832222222222,1.7,219.0,2019-04-07 20:38:17,刺网
12995,29.84336111111111,126.77508333333334,7.3,192.0,2019-04-07 20:48:17,刺网
12995,29.82261111111111,126.76861111111113,7.1,196.0,2019-04-07 20:58:17,刺网
12995,29.804944444444452,126.7607777777778,7.5,225.0,2019-04-07 21:08:17,刺网
12995,29.79125,126.7492777777778,1.3,216.0,2019-04-07 21:18:17,刺网
12995,29.79288888888889,126.74977777777778,0.4,203.0,2019-04-07 21:28:17,刺网
12995,29.79288888888889,126.74975,0.3,160.0,2019-04-07 21:38:17,刺网
12995,29.79288888888889,126.74980555555555,0.4,283.0,2019-04-07 21:48:17,刺网
12995,29.79283333333333,126.74988888888888,0.1,0.0,2019-04-07 21:58:17,刺网
12995,29.792777777777786,126.75005555555555,0.1,0.0,2019-04-07 22:08:17,刺网
12995,29.792777777777786,126.75008333333334,0.1,0.0,2019-04-07 22:18:16,刺网
12995,29.79269444444445,126.75030555555556,0.1,0.0,2019-04-07 22:28:19,刺网
12995,29.792638888888888,126.75038888888888,0.1,0.0,2019-04-07 22:38:19,刺网
12995,29.7925,126.7505277777778,0.4,165.0,2019-04-07 22:48:19,刺网
12995,29.792472222222226,126.75061111111113,0.1,0.0,2019-04-07 22:58:19,刺网
12995,29.792361111111113,126.75075,0.2,185.0,2019-04-07 23:08:19,刺网
12995,29.792305555555558,126.75080555555556,0.1,0.0,2019-04-07 23:18:19,刺网
12995,29.79227777777778,126.75083333333332,0.2,0.0,2019-04-07 23:28:18,刺网
12995,29.79225000000001,126.75083333333332,0.2,50.0,2019-04-07 23:38:18,刺网
12995,29.792055555555557,126.75097222222222,0.1,0.0,2019-04-07 23:48:18,刺网
12995,29.79194444444445,126.75102777777781,0.2,0.0,2019-04-07 23:58:18,刺网
12995,29.791638888888887,126.75113888888887,0.1,0.0,2019-04-08 00:08:18,刺网
12995,29.7915,126.75116666666668,0.1,0.0,2019-04-08 00:18:18,刺网
12995,29.791277777777786,126.75116666666668,0.1,0.0,2019-04-08 00:28:18,刺网
12995,29.791083333333336,126.75116666666668,0.2,0.0,2019-04-08 00:38:18,刺网
12995,29.790861111111113,126.75111111111113,0.2,0.0,2019-04-08 00:48:18,刺网
12995,29.79091666666667,126.75113888888887,0.1,0.0,2019-04-08 00:58:18,刺网
12995,29.790805555555558,126.75108333333333,0.2,0.0,2019-04-08 01:08:18,刺网
12995,29.79061111111111,126.75102777777781,0.2,0.0,2019-04-08 01:18:18,刺网
12995,29.790555555555557,126.751,0.6,225.0,2019-04-08 01:28:18,刺网
12995,29.79058333333333,126.75102777777781,0.4,2.0,2019-04-08 01:38:17,刺网
12995,29.7905,126.75097222222222,0.2,0.0,2019-04-08 01:48:17,刺网
12995,29.7905,126.75097222222222,0.0,0.0,2019-04-08 01:58:17,刺网
12995,29.790527777777786,126.751,0.1,0.0,2019-04-08 02:08:17,刺网
12995,29.79047222222223,126.75094444444444,0.1,0.0,2019-04-08 02:18:17,刺网
12995,29.79036111111111,126.75091666666668,0.2,0.0,2019-04-08 02:28:17,刺网
12995,29.790388888888888,126.75097222222222,0.2,0.0,2019-04-08 02:38:17,刺网
12995,29.790416666666665,126.75094444444444,0.2,0.0,2019-04-08 02:48:17,刺网
12995,29.790388888888888,126.75091666666668,0.0,0.0,2019-04-08 02:58:17,刺网
12995,29.79033333333333,126.75094444444444,0.4,160.0,2019-04-08 03:08:16,刺网
12995,29.790388888888888,126.75091666666668,0.2,0.0,2019-04-08 03:18:16,刺网
12995,29.790277777777767,126.75086111111106,0.2,200.0,2019-04-08 03:28:19,刺网
12995,29.790222222222226,126.75080555555556,0.1,0.0,2019-04-08 03:38:19,刺网
12995,29.79016666666667,126.75077777777777,0.4,3.0,2019-04-08 03:48:19,刺网
12995,29.79175,126.74816666666666,4.2,258.0,2019-04-08 03:58:19,刺网
12995,29.789,126.76622222222224,7.9,86.0,2019-04-08 04:08:19,刺网
12995,29.789222222222214,126.79130555555555,7.6,89.0,2019-04-08 04:18:19,刺网
12995,29.79286111111111,126.81138888888887,7.2,357.0,2019-04-08 04:28:19,刺网
12995,29.795222222222232,126.78980555555556,7.6,267.0,2019-04-08 04:38:18,刺网
12995,29.794888888888888,126.76588888888894,7.4,266.0,2019-04-08 04:48:18,刺网
12995,29.80863888888889,126.75872222222222,7.4,359.0,2019-04-08 04:58:18,刺网
12995,29.82927777777777,126.75861111111112,7.3,359.0,2019-04-08 05:08:18,刺网
12995,29.836027777777787,126.76508333333334,9.3,179.0,2019-04-08 05:18:18,刺网
12995,29.81091666666667,126.76538888888888,9.6,178.0,2019-04-08 05:28:18,刺网
12995,29.804777777777787,126.77319444444444,7.7,355.0,2019-04-08 05:38:18,刺网
12995,29.82413888888889,126.77322222222223,7.0,1.0,2019-04-08 05:48:18,刺网
12995,29.841222222222214,126.77652777777777,7.3,109.0,2019-04-08 05:58:18,刺网
12995,29.82155555555555,126.7805277777778,8.4,178.0,2019-04-08 06:08:18,刺网
12995,29.79941666666667,126.78216666666668,7.2,85.0,2019-04-08 06:18:18,刺网
12995,29.817888888888888,126.78725,8.3,359.0,2019-04-08 06:28:18,刺网
12995,29.840999999999998,126.78694444444444,8.2,359.0,2019-04-08 06:38:17,刺网
12995,29.82866666666667,126.79416666666668,8.0,177.0,2019-04-08 06:48:17,刺网
12995,29.806555555555555,126.79444444444445,7.8,179.0,2019-04-08 06:58:17,刺网
12995,29.81288888888889,126.80166666666666,8.8,357.0,2019-04-08 07:08:17,刺网
12995,29.802750000000003,126.79236111111106,8.3,200.0,2019-04-08 07:18:17,刺网
12995,29.781944444444445,126.78080555555556,8.4,209.0,2019-04-08 07:28:17,刺网
12995,29.776194444444442,126.77675,0.5,138.0,2019-04-08 07:38:17,刺网
12995,29.775861111111112,126.77652777777777,0.0,0.0,2019-04-08 07:48:17,刺网
12995,29.776111111111113,126.77663888888887,0.3,73.0,2019-04-08 07:58:17,刺网
12995,29.776138888888887,126.77680555555555,0.1,0.0,2019-04-08 08:08:17,刺网
12995,29.77683333333333,126.77691666666666,0.3,0.0,2019-04-08 08:18:17,刺网
12995,29.777555555555555,126.77688888888888,0.2,0.0,2019-04-08 08:28:17,刺网
12995,29.77825,126.77719444444445,0.3,0.0,2019-04-08 08:38:16,刺网
12995,29.77888888888889,126.77741666666668,0.4,25.0,2019-04-08 08:48:16,刺网
12995,29.77963888888889,126.77744444444444,0.2,0.0,2019-04-08 08:58:19,刺网
12995,29.78069444444445,126.77713888888887,0.4,0.0,2019-04-08 09:08:19,刺网
12995,29.781944444444445,126.77727777777778,1.4,21.0,2019-04-08 09:18:19,刺网
12995,29.78341666666667,126.77766666666668,0.3,0.0,2019-04-08 09:28:19,刺网
12995,29.78483333333333,126.77827777777777,0.8,11.0,2019-04-08 09:38:19,刺网
12995,29.786305555555558,126.77891666666666,0.7,30.0,2019-04-08 09:48:18,刺网
12995,29.78875,126.76383333333334,5.7,271.0,2019-04-08 09:58:18,刺网
12995,29.791777777777767,126.75241666666666,1.5,233.0,2019-04-08 10:08:18,刺网
12995,29.794694444444453,126.76113888888888,3.2,77.0,2019-04-08 10:18:18,刺网
12995,29.79450000000001,126.77322222222223,3.9,84.0,2019-04-08 10:28:18,刺网
12995,29.79327777777778,126.78519444444444,4.1,104.0,2019-04-08 10:38:18,刺网
12995,29.79300000000001,126.7969722222222,4.0,92.0,2019-04-08 10:48:18,刺网
12995,29.79336111111111,126.80847222222219,3.0,58.0,2019-04-08 10:58:18,刺网
12995,29.798111111111112,126.80758333333333,3.3,281.0,2019-04-08 11:08:18,刺网
12995,29.799194444444453,126.79791666666668,3.1,291.0,2019-04-08 11:18:18,刺网
12995,29.801444444444453,126.78872222222222,2.8,272.0,2019-04-08 11:28:18,刺网
12995,29.80311111111111,126.7807222222222,2.7,286.0,2019-04-08 11:38:17,刺网
12995,29.80386111111111,126.77211111111113,2.8,252.0,2019-04-08 11:48:17,刺网
12995,29.805750000000003,126.765,2.3,312.0,2019-04-08 11:58:17,刺网
12995,29.8145,126.76405555555556,2.6,1.0,2019-04-08 12:08:17,刺网
12995,29.82247222222223,126.7645277777778,2.8,350.0,2019-04-08 12:18:17,刺网
12995,29.82933333333333,126.76480555555555,3.2,2.0,2019-04-08 12:28:17,刺网
12995,29.837972222222234,126.76638888888887,2.0,5.0,2019-04-08 12:38:17,刺网
12995,29.84561111111111,126.76752777777777,2.8,13.0,2019-04-08 12:48:17,刺网
12995,29.84225,126.77205555555555,3.2,170.0,2019-04-08 12:58:17,刺网
12995,29.83308333333333,126.77494444444444,3.4,169.0,2019-04-08 13:08:17,刺网
12995,29.82475,126.7764722222222,3.1,175.0,2019-04-08 13:18:17,刺网
12995,29.81572222222222,126.77711111111113,3.4,181.0,2019-04-08 13:28:16,刺网
12995,29.80825,126.77683333333334,2.7,180.0,2019-04-08 13:38:16,刺网
12995,29.80725,126.78333333333332,3.2,50.0,2019-04-08 13:48:16,刺网
12995,29.814527777777766,126.78769444444444,2.5,12.0,2019-04-08 13:58:16,刺网
12995,29.81933333333333,126.79086111111107,1.3,115.0,2019-04-08 14:08:19,刺网
12995,29.82494444444445,126.79172222222223,2.7,3.0,2019-04-08 14:18:16,刺网
12995,29.831777777777766,126.79291666666666,2.8,5.0,2019-04-08 14:28:19,刺网
12995,29.83733333333333,126.79425,1.2,62.0,2019-04-08 14:38:19,刺网
12995,29.8425,126.79541666666664,2.5,1.0,2019-04-08 14:48:19,刺网
12995,29.842277777777767,126.80158333333333,3.6,164.0,2019-04-08 14:58:18,刺网
12995,29.832222222222214,126.80163888888887,4.0,164.0,2019-04-08 15:08:18,刺网
12995,29.811805555555555,126.80455555555555,3.2,174.0,2019-04-08 15:28:18,刺网
12995,29.80352777777778,126.8055,2.1,91.0,2019-04-08 15:38:18,刺网
12995,29.808611111111112,126.81047222222222,2.8,11.0,2019-04-08 15:48:18,刺网
12995,29.81558333333333,126.81094444444444,2.2,339.0,2019-04-08 15:58:18,刺网
12995,29.822888888888887,126.81102777777778,3.3,352.0,2019-04-08 16:08:18,刺网
12995,29.830861111111112,126.81083333333332,2.3,355.0,2019-04-08 16:18:18,刺网
12995,29.838972222222214,126.81102777777778,2.8,16.0,2019-04-08 16:28:17,刺网
12995,29.844,126.81655555555555,2.7,103.0,2019-04-08 16:38:17,刺网
12995,29.8365,126.81811111111112,2.7,213.0,2019-04-08 16:48:17,刺网
12995,29.827111111111112,126.81872222222222,3.6,169.0,2019-04-08 16:58:17,刺网
12995,29.817527777777766,126.82075,3.3,180.0,2019-04-08 17:08:17,刺网
12995,29.808194444444442,126.8205,2.8,161.0,2019-04-08 17:18:17,刺网
12995,29.80241666666667,126.82527777777777,1.3,49.0,2019-04-08 17:28:17,刺网
12995,29.807972222222233,126.82816666666666,2.3,350.0,2019-04-08 17:38:17,刺网
12995,29.80755555555556,126.81919444444445,7.8,250.0,2019-04-08 17:48:17,刺网
12995,29.800555555555555,126.79527777777777,8.0,254.0,2019-04-08 17:58:17,刺网
12995,29.79483333333333,126.77052777777777,8.0,255.0,2019-04-08 18:08:17,刺网
12995,29.78961111111111,126.74544444444444,8.0,256.0,2019-04-08 18:18:16,刺网
12995,29.7845,126.71902777777777,8.6,258.0,2019-04-08 18:28:16,刺网
12995,29.779277777777768,126.69008333333332,8.7,259.0,2019-04-08 18:38:16,刺网
12995,29.775444444444442,126.66686111111113,7.3,259.0,2019-04-08 18:48:16,刺网
12995,29.772444444444453,126.64597222222223,6.0,263.0,2019-04-08 18:58:16,刺网
12995,29.77141666666667,126.63619444444444,1.1,272.0,2019-04-08 19:08:16,刺网
12995,29.769972222222233,126.62297222222222,5.4,263.0,2019-04-08 19:18:19,刺网
12995,29.76847222222222,126.61108333333333,3.9,219.0,2019-04-08 19:28:19,刺网
12995,29.76583333333333,126.59330555555556,8.0,267.0,2019-04-08 19:38:19,刺网
12995,29.76161111111111,126.56830555555555,7.8,260.0,2019-04-08 19:48:19,刺网
12995,29.75986111111111,126.54341666666667,5.4,268.0,2019-04-08 19:58:18,刺网
12995,29.761083333333332,126.54177777777778,0.5,265.0,2019-04-08 20:08:18,刺网
12995,29.76075,126.54111111111106,0.1,0.0,2019-04-08 20:28:18,刺网
12995,29.760805555555557,126.54122222222222,0.0,0.0,2019-04-08 20:38:18,刺网
12995,29.760972222222215,126.54144444444445,0.2,0.0,2019-04-08 20:48:18,刺网
12995,29.76102777777778,126.54161111111112,0.1,0.0,2019-04-08 20:58:18,刺网
12995,29.76102777777778,126.54166666666669,0.2,0.0,2019-04-08 21:08:18,刺网
12995,29.761083333333332,126.54183333333334,0.1,0.0,2019-04-08 21:18:18,刺网
12995,29.761138888888887,126.5419722222222,0.1,0.0,2019-04-08 21:28:17,刺网
12995,29.76116666666667,126.54216666666666,0.0,0.0,2019-04-08 21:38:17,刺网
12995,29.76116666666667,126.54225,0.1,0.0,2019-04-08 21:48:17,刺网
12995,29.761194444444445,126.54233333333332,0.1,0.0,2019-04-08 21:58:17,刺网
12995,29.761194444444445,126.54247222222222,0.1,0.0,2019-04-08 22:08:17,刺网
12995,29.761194444444445,126.5425277777778,0.1,0.0,2019-04-08 22:18:17,刺网
12995,29.761194444444445,126.54261111111113,0.1,0.0,2019-04-08 22:28:17,刺网
12995,29.76116666666667,126.54269444444445,0.2,0.0,2019-04-08 22:38:17,刺网
12995,29.76116666666667,126.54283333333332,0.2,0.0,2019-04-08 22:48:17,刺网
12995,29.761138888888887,126.54294444444444,0.2,0.0,2019-04-08 22:58:17,刺网
12995,29.761111111111113,126.54299999999999,0.1,0.0,2019-04-08 23:08:16,刺网
12995,29.761111111111113,126.54313888888888,0.2,0.0,2019-04-08 23:18:16,刺网
12995,29.76102777777778,126.54330555555555,0.3,0.0,2019-04-08 23:28:16,刺网
12995,29.76102777777778,126.54333333333334,0.2,0.0,2019-04-08 23:38:16,刺网
12995,29.761,126.54336111111112,0.2,0.0,2019-04-08 23:48:16,刺网
12995,29.761,126.54347222222222,0.1,0.0,2019-04-08 23:58:16,刺网
12995,29.76088888888889,126.54358333333332,0.0,0.0,2019-04-09 00:08:16,刺网
12995,29.76086111111111,126.54366666666668,0.1,0.0,2019-04-09 00:18:16,刺网
12995,29.76088888888889,126.54363888888888,0.4,104.0,2019-04-09 00:28:19,刺网
12995,29.760805555555557,126.54366666666668,0.4,0.0,2019-04-09 00:38:18,刺网
12995,29.760805555555557,126.54375,0.3,0.0,2019-04-09 00:48:19,刺网
12995,29.760722222222213,126.5437777777778,0.3,0.0,2019-04-09 00:58:18,刺网
12995,29.760666666666665,126.54388888888887,0.2,0.0,2019-04-09 01:08:18,刺网
12995,29.760527777777767,126.54402777777777,0.3,0.0,2019-04-09 01:18:18,刺网
12995,29.760416666666664,126.54408333333332,0.1,0.0,2019-04-09 01:28:18,刺网
12995,29.76033333333333,126.54416666666668,0.1,0.0,2019-04-09 01:38:18,刺网
12995,29.760222222222232,126.54422222222223,0.1,0.0,2019-04-09 01:48:18,刺网
12995,29.76013888888889,126.54425,0.9,0.0,2019-04-09 01:58:18,刺网
12995,29.75997222222223,126.54433333333334,0.2,0.0,2019-04-09 02:08:18,刺网
12995,29.75991666666667,126.54436111111113,0.0,0.0,2019-04-09 02:18:18,刺网
12995,29.759888888888888,126.54436111111113,0.1,0.0,2019-04-09 02:28:17,刺网
12995,29.759888888888888,126.54436111111113,0.3,175.0,2019-04-09 02:38:17,刺网
12995,29.75983333333333,126.54438888888888,0.2,0.0,2019-04-09 02:48:17,刺网
12995,29.759722222222226,126.54438888888888,0.6,172.0,2019-04-09 02:58:17,刺网
12995,29.759611111111113,126.54441666666666,0.2,0.0,2019-04-09 03:08:17,刺网
12995,29.759555555555554,126.54441666666666,0.1,0.0,2019-04-09 03:18:17,刺网
12995,29.7595,126.54441666666666,0.1,0.0,2019-04-09 03:28:17,刺网
12995,29.75938888888889,126.54441666666666,0.2,0.0,2019-04-09 03:38:17,刺网
12995,29.76091666666667,126.54175,5.8,10.0,2019-04-09 03:48:17,刺网
12995,29.78188888888889,126.542,7.4,1.0,2019-04-09 03:58:16,刺网
12995,29.803611111111113,126.54213888888887,7.6,2.0,2019-04-09 04:08:17,刺网
12995,29.796861111111113,126.5365,7.8,179.0,2019-04-09 04:18:16,刺网
12995,29.775027777777765,126.53636111111106,7.6,180.0,2019-04-09 04:28:16,刺网
12995,29.76358333333333,126.531,7.6,354.0,2019-04-09 04:38:16,刺网
12995,29.77925,126.53344444444444,2.7,44.0,2019-04-09 04:48:16,刺网
12995,29.78386111111111,126.53083333333332,7.8,3.0,2019-04-09 04:58:16,刺网
12995,29.80577777777778,126.53044444444444,8.2,1.0,2019-04-09 05:08:16,刺网
12995,29.795722222222214,126.52458333333333,9.0,177.0,2019-04-09 05:18:16,刺网
12995,29.770944444444442,126.5245277777778,8.3,178.0,2019-04-09 05:28:19,刺网
12995,29.768666666666665,126.51902777777777,8.7,2.0,2019-04-09 05:38:16,刺网
12995,29.79180555555555,126.51894444444444,8.0,1.0,2019-04-09 05:48:18,刺网
12995,29.8055,126.51263888888887,7.9,182.0,2019-04-09 05:58:18,刺网
12995,29.78283333333333,126.51280555555556,8.3,179.0,2019-04-09 06:08:18,刺网
12995,29.77888888888889,126.50675,8.3,358.0,2019-04-09 06:28:18,刺网
12995,29.802194444444453,126.50694444444444,8.8,358.0,2019-04-09 06:38:18,刺网
12995,29.79291666666667,126.50063888888887,8.1,181.0,2019-04-09 06:48:18,刺网
12995,29.770916666666665,126.50075,7.7,179.0,2019-04-09 06:58:18,刺网
12995,29.761833333333332,126.50913888888887,8.7,56.0,2019-04-09 07:08:18,刺网
12995,29.77975,126.52769444444445,6.7,22.0,2019-04-09 07:18:18,刺网
12995,29.782777777777767,126.53047222222223,1.1,53.0,2019-04-09 07:28:17,刺网
12995,29.78841666666667,126.52833333333334,7.3,308.0,2019-04-09 07:38:17,刺网
12995,29.80352777777778,126.51899999999999,8.2,324.0,2019-04-09 07:48:17,刺网
12995,29.813194444444445,126.51780555555555,1.8,34.0,2019-04-09 07:58:17,刺网
12995,29.80458333333333,126.52330555555555,4.0,5.0,2019-04-09 08:08:17,刺网
12995,29.808694444444445,126.52072222222223,4.3,179.0,2019-04-09 08:18:17,刺网
12995,29.797,126.52161111111113,4.4,177.0,2019-04-09 08:28:17,刺网
12995,29.78533333333333,126.52252777777777,4.3,175.0,2019-04-09 08:38:17,刺网
12995,29.774,126.5234722222222,4.2,174.0,2019-04-09 08:48:17,刺网
12995,29.76297222222223,126.52430555555556,4.2,172.0,2019-04-09 08:58:17,刺网
12995,29.75188888888889,126.52516666666668,3.9,176.0,2019-04-09 09:08:16,刺网
12995,29.757555555555548,126.52738888888894,7.2,1.0,2019-04-09 09:18:16,刺网
12995,29.770527777777787,126.5259722222222,2.8,172.0,2019-04-09 09:28:16,刺网
12995,29.772916666666664,126.52488888888894,3.8,358.0,2019-04-09 09:38:16,刺网
12995,29.784527777777786,126.52513888888888,4.0,13.0,2019-04-09 09:48:16,刺网
12995,29.79433333333333,126.52830555555555,3.8,13.0,2019-04-09 09:58:16,刺网
12995,29.80475,126.52980555555555,3.7,354.0,2019-04-09 10:08:16,刺网
12995,29.814,126.5287777777778,2.9,307.0,2019-04-09 10:18:16,刺网
12995,29.809527777777767,126.52544444444445,2.5,216.0,2019-04-09 10:28:16,刺网
12995,29.802138888888887,126.52305555555556,2.8,195.0,2019-04-09 10:38:16,刺网
12995,29.795027777777786,126.52013888888888,2.8,191.0,2019-04-09 10:48:18,刺网
12995,29.79105555555556,126.51838888888894,3.6,204.0,2019-04-09 10:58:18,刺网
12995,29.78375,126.51652777777777,3.0,185.0,2019-04-09 11:08:18,刺网
12995,29.776055555555555,126.51777777777778,2.9,178.0,2019-04-09 11:18:18,刺网
12995,29.776888888888887,126.51391666666666,4.1,347.0,2019-04-09 11:28:18,刺网
12995,29.78619444444445,126.51594444444444,3.4,31.0,2019-04-09 11:38:18,刺网
12995,29.79116666666667,126.51777777777778,1.0,48.0,2019-04-09 11:48:18,刺网
12995,29.80072222222222,126.51875,3.3,15.0,2019-04-09 11:58:18,刺网
12995,29.80969444444445,126.51991666666667,3.8,3.0,2019-04-09 12:08:18,刺网
12995,29.81827777777778,126.51886111111112,3.0,321.0,2019-04-09 12:18:18,刺网
12995,29.81533333333333,126.51563888888887,2.8,182.0,2019-04-09 12:28:17,刺网
12995,29.80716666666667,126.51586111111112,3.2,188.0,2019-04-09 12:38:17,刺网
12995,29.799222222222234,126.515,2.7,173.0,2019-04-09 12:48:17,刺网
12995,29.792777777777786,126.51347222222222,0.4,0.0,2019-04-09 12:58:17,刺网
12995,29.78591666666667,126.51344444444445,2.1,163.0,2019-04-09 13:08:17,刺网
12995,29.77758333333333,126.51469444444444,3.5,166.0,2019-04-09 13:18:17,刺网
12995,29.77733333333333,126.51108333333332,1.1,337.0,2019-04-09 13:28:17,刺网
12995,29.78413888888889,126.51036111111112,1.2,43.0,2019-04-09 13:38:17,刺网
12995,29.79291666666667,126.5125277777778,3.7,28.0,2019-04-09 13:48:17,刺网
12995,29.800694444444442,126.51508333333334,3.3,350.0,2019-04-09 13:58:16,刺网
12995,29.808277777777786,126.51577777777777,3.1,6.0,2019-04-09 14:08:17,刺网
12995,29.813805555555557,126.51361111111113,1.6,267.0,2019-04-09 14:18:16,刺网
12995,29.80808333333333,126.51202777777776,3.9,178.0,2019-04-09 14:28:16,刺网
12995,29.799222222222234,126.51144444444445,3.3,187.0,2019-04-09 14:38:16,刺网
12995,29.79047222222223,126.51122222222222,3.2,194.0,2019-04-09 14:48:16,刺网
12995,29.774444444444452,126.51347222222222,3.7,173.0,2019-04-09 15:08:16,刺网
12995,29.771305555555557,126.51047222222222,1.7,315.0,2019-04-09 15:18:16,刺网
12995,29.778416666666665,126.509,2.4,14.0,2019-04-09 15:28:16,刺网
12995,29.786472222222233,126.50961111111113,1.3,20.0,2019-04-09 15:38:16,刺网
12995,29.793250000000004,126.51111111111106,3.1,22.0,2019-04-09 15:48:15,刺网
12995,29.800611111111113,126.51266666666668,3.0,7.0,2019-04-09 15:58:18,刺网
12995,29.80791666666667,126.51236111111106,1.8,332.0,2019-04-09 16:08:18,刺网
12995,29.80733333333333,126.512,2.8,207.0,2019-04-09 16:18:15,刺网
12995,29.798861111111112,126.50961111111113,3.1,178.0,2019-04-09 16:28:18,刺网
12995,29.789222222222214,126.50877777777778,3.5,181.0,2019-04-09 16:38:18,刺网
12995,29.77938888888889,126.50869444444444,4.1,170.0,2019-04-09 16:48:18,刺网
12995,29.77008333333333,126.50986111111106,3.1,197.0,2019-04-09 16:58:18,刺网
12995,29.7665,126.51602777777778,5.8,88.0,2019-04-09 17:08:18,刺网
12995,29.76522222222223,126.53375,5.6,102.0,2019-04-09 17:18:17,刺网
12995,29.763666666666666,126.55138888888888,6.1,97.0,2019-04-09 17:28:17,刺网
12995,29.76391666666667,126.56983333333334,6.3,83.0,2019-04-09 17:38:17,刺网
12995,29.76458333333333,126.58888888888887,5.8,88.0,2019-04-09 17:48:17,刺网
12995,29.76519444444445,126.60727777777778,6.0,83.0,2019-04-09 17:58:17,刺网
12995,29.7695,126.61788888888887,3.6,352.0,2019-04-09 18:08:17,刺网
12995,29.779694444444445,126.62002777777776,8.2,82.0,2019-04-09 18:18:17,刺网
12995,29.78444444444445,126.64705555555555,7.8,84.0,2019-04-09 18:28:17,刺网
12995,29.788472222222214,126.67069444444445,8.3,80.0,2019-04-09 18:38:17,刺网
12995,29.79283333333333,126.696,8.4,74.0,2019-04-09 18:48:17,刺网
12995,29.795305555555558,126.72169444444445,8.1,93.0,2019-04-09 18:58:17,刺网
12995,29.79719444444445,126.74755555555555,8.1,90.0,2019-04-09 19:08:17,刺网
12995,29.799194444444453,126.75813888888894,2.2,1.0,2019-04-09 19:18:16,刺网
12995,29.800666666666665,126.75875,0.2,0.0,2019-04-09 19:28:16,刺网
12995,29.80072222222222,126.75866666666668,0.6,184.0,2019-04-09 19:38:16,刺网
12995,29.80072222222222,126.7584722222222,0.5,75.0,2019-04-09 19:48:16,刺网
12995,29.80072222222222,126.75861111111112,0.9,71.0,2019-04-09 19:58:16,刺网
12995,29.800694444444442,126.75855555555556,0.4,0.0,2019-04-09 20:08:16,刺网
12995,29.800694444444442,126.75866666666668,1.0,226.0,2019-04-09 20:18:16,刺网
12995,29.800666666666665,126.75855555555556,0.5,0.0,2019-04-09 20:28:16,刺网
12995,29.800666666666665,126.75883333333331,0.2,0.0,2019-04-09 20:38:15,刺网
12995,29.800694444444442,126.75872222222222,0.6,179.0,2019-04-09 20:48:15,刺网
12995,29.800666666666665,126.75886111111107,0.7,35.0,2019-04-09 20:58:15,刺网
12995,29.800638888888887,126.75888888888888,0.2,0.0,2019-04-09 21:08:18,刺网
12995,29.800666666666665,126.75886111111107,0.1,0.0,2019-04-09 21:18:18,刺网
12995,29.800611111111113,126.75902777777776,2.0,72.0,2019-04-09 21:28:18,刺网
12995,29.800611111111113,126.75911111111112,1.7,113.0,2019-04-09 21:38:18,刺网
12995,29.800666666666665,126.759,1.1,318.0,2019-04-09 21:48:18,刺网
12995,29.80058333333333,126.75913888888887,0.5,108.0,2019-04-09 21:58:18,刺网
12995,29.800555555555555,126.75919444444445,0.9,77.0,2019-04-09 22:08:18,刺网
12995,29.80058333333333,126.75919444444445,0.8,289.0,2019-04-09 22:18:17,刺网
12995,29.800500000000003,126.75944444444444,0.9,23.0,2019-04-09 22:28:17,刺网
12995,29.80044444444445,126.75961111111113,1.5,314.0,2019-04-09 22:38:17,刺网
12995,29.80044444444445,126.75955555555555,1.0,163.0,2019-04-09 22:48:17,刺网
12995,29.80044444444445,126.75958333333332,0.7,348.0,2019-04-09 22:58:17,刺网
12995,29.80044444444445,126.75955555555555,0.7,175.0,2019-04-09 23:08:17,刺网
12995,29.80019444444445,126.76002777777781,0.4,0.0,2019-04-09 23:18:17,刺网
12995,29.799916666666668,126.76033333333334,0.3,308.0,2019-04-09 23:28:17,刺网
12995,29.800027777777785,126.76025,1.1,112.0,2019-04-09 23:38:17,刺网
12995,29.80019444444445,126.76002777777781,0.9,344.0,2019-04-09 23:48:17,刺网
12995,29.80008333333333,126.76019444444445,1.0,136.0,2019-04-09 23:58:16,刺网
12995,29.799916666666668,126.76033333333334,1.2,137.0,2019-04-10 00:08:17,刺网
12995,29.799972222222234,126.76027777777777,0.3,126.0,2019-04-10 00:18:16,刺网
12995,29.799972222222234,126.76027777777777,2.3,327.0,2019-04-10 00:28:16,刺网
12995,29.799833333333336,126.76041666666666,0.7,218.0,2019-04-10 00:38:16,刺网
12995,29.79969444444445,126.76052777777777,0.7,142.0,2019-04-10 00:48:16,刺网
12995,29.79958333333333,126.76061111111113,1.1,124.0,2019-04-10 00:58:16,刺网
12995,29.79958333333333,126.76066666666668,0.6,142.0,2019-04-10 01:18:16,刺网
12995,29.79938888888889,126.7607777777778,1.7,75.0,2019-04-10 01:28:16,刺网
12995,29.799083333333336,126.76091666666667,0.8,4.0,2019-04-10 01:38:16,刺网
12995,29.79883333333333,126.76102777777778,0.9,283.0,2019-04-10 01:48:16,刺网
12995,29.79866666666667,126.76105555555556,1.2,324.0,2019-04-10 01:58:15,刺网
12995,29.79858333333333,126.76105555555556,0.7,331.0,2019-04-10 02:08:15,刺网
12995,29.79861111111111,126.76108333333332,1.0,196.0,2019-04-10 02:18:18,刺网
12995,29.79816666666667,126.76113888888888,0.2,0.0,2019-04-10 02:28:18,刺网
12995,29.797583333333336,126.76108333333332,0.6,173.0,2019-04-10 02:38:18,刺网
12995,29.797472222222233,126.76105555555556,1.5,17.0,2019-04-10 02:48:18,刺网
12995,29.79733333333333,126.76102777777778,0.3,0.0,2019-04-10 02:58:18,刺网
12995,29.797277777777786,126.76102777777778,1.2,12.0,2019-04-10 03:08:18,刺网
12995,29.79741666666667,126.76102777777778,0.4,270.0,2019-04-10 03:18:18,刺网
12995,29.79725,126.76100000000001,1.9,166.0,2019-04-10 03:28:17,刺网
12995,29.796861111111113,126.7609722222222,0.2,0.0,2019-04-10 03:38:17,刺网
12995,29.79675,126.76122222222222,1.0,168.0,2019-04-10 03:48:17,刺网
12995,29.796527777777786,126.76161111111112,0.9,161.0,2019-04-10 03:58:17,刺网
12995,29.796388888888888,126.76216666666666,0.6,35.0,2019-04-10 04:08:17,刺网
12995,29.79591666666667,126.76219444444445,1.7,11.0,2019-04-10 04:18:17,刺网
12995,29.795861111111112,126.76233333333332,0.7,83.0,2019-04-10 04:28:17,刺网
12995,29.79594444444445,126.76263888888887,0.9,49.0,2019-04-10 04:38:17,刺网
12995,29.795777777777786,126.7624722222222,1.2,145.0,2019-04-10 04:48:17,刺网
12995,29.795305555555558,126.76305555555555,0.3,0.0,2019-04-10 05:08:16,刺网
12995,29.795027777777786,126.76366666666668,1.0,76.0,2019-04-10 05:18:16,刺网
12995,29.79475,126.76405555555556,1.0,235.0,2019-04-10 05:28:16,刺网
12995,29.794305555555557,126.7642777777778,1.5,173.0,2019-04-10 05:38:16,刺网
12995,29.79422222222223,126.7645277777778,0.7,127.0,2019-04-10 05:48:16,刺网
12995,29.793805555555558,126.76469444444444,0.5,0.0,2019-04-10 05:58:16,刺网
12995,29.79363888888889,126.76522222222222,1.0,82.0,2019-04-10 06:08:16,刺网
12995,29.793250000000004,126.76538888888888,0.2,0.0,2019-04-10 06:18:16,刺网
12995,29.79288888888889,126.76583333333332,0.9,98.0,2019-04-10 06:28:16,刺网
12995,29.792777777777786,126.76608333333333,1.4,201.0,2019-04-10 06:38:16,刺网
12995,29.79255555555555,126.76625,1.9,0.0,2019-04-10 06:48:16,刺网
12995,29.79286111111111,126.76661111111108,3.6,168.0,2019-04-10 06:58:15,刺网
12995,29.792472222222226,126.76683333333334,1.7,217.0,2019-04-10 07:08:15,刺网
12995,29.79211111111111,126.76725,1.7,0.0,2019-04-10 07:18:15,刺网
12995,29.791888888888888,126.76752777777777,1.7,179.0,2019-04-10 07:28:18,刺网
12995,29.79166666666667,126.76752777777777,0.7,37.0,2019-04-10 07:38:18,刺网
12995,29.791527777777766,126.76741666666666,1.5,197.0,2019-04-10 07:48:18,刺网
12995,29.791555555555554,126.76775,1.8,40.0,2019-04-10 07:58:18,刺网
12995,29.79136111111111,126.76805555555555,1.0,159.0,2019-04-10 08:08:18,刺网
12995,29.79138888888889,126.76830555555556,1.1,293.0,2019-04-10 08:18:18,刺网
12995,29.79116666666667,126.76861111111113,0.9,43.0,2019-04-10 08:28:17,刺网
12995,29.79105555555556,126.76866666666668,1.8,325.0,2019-04-10 08:38:17,刺网
12995,29.79105555555556,126.76894444444444,0.7,33.0,2019-04-10 08:48:17,刺网
12995,29.79077777777778,126.76897222222222,0.9,158.0,2019-04-10 08:58:17,刺网
12995,29.79075000000001,126.76899999999999,1.9,54.0,2019-04-10 09:08:17,刺网
12995,29.79058333333333,126.76899999999999,1.0,171.0,2019-04-10 09:18:17,刺网
12995,29.790722222222215,126.76944444444445,1.2,261.0,2019-04-10 09:28:17,刺网
12995,29.79044444444445,126.7695,2.0,239.0,2019-04-10 09:38:17,刺网
12995,29.790277777777767,126.76983333333334,1.7,251.0,2019-04-10 09:48:17,刺网
12995,29.78986111111111,126.76980555555555,1.7,333.0,2019-04-10 09:58:17,刺网
12995,29.78975,126.77025,0.5,254.0,2019-04-10 10:08:16,刺网
12995,29.78955555555555,126.7702777777778,1.9,46.0,2019-04-10 10:18:16,刺网
12995,29.78958333333333,126.77044444444445,0.6,209.0,2019-04-10 10:28:16,刺网
12995,29.7895,126.77061111111112,0.7,104.0,2019-04-10 10:38:16,刺网
12995,29.789472222222226,126.77063888888893,1.8,149.0,2019-04-10 10:48:16,刺网
12995,29.78908333333333,126.7705,0.9,147.0,2019-04-10 10:58:16,刺网
12995,29.78913888888889,126.77094444444445,0.7,192.0,2019-04-10 11:08:16,刺网
12995,29.78866666666667,126.77102777777776,1.9,198.0,2019-04-10 11:18:16,刺网
12995,29.7885,126.77122222222219,1.7,184.0,2019-04-10 11:28:16,刺网
12995,29.78852777777778,126.77163888888887,1.7,156.0,2019-04-10 11:38:16,刺网
12995,29.788000000000004,126.7717222222222,0.4,21.0,2019-04-10 11:48:16,刺网
12995,29.787805555555558,126.77183333333332,1.0,248.0,2019-04-10 11:58:15,刺网
12995,29.787305555555548,126.77208333333333,1.6,243.0,2019-04-10 12:08:15,刺网
12995,29.786972222222232,126.77244444444445,1.0,29.0,2019-04-10 12:18:15,刺网
12995,29.786722222222235,126.77280555555555,2.5,58.0,2019-04-10 12:28:15,刺网
12995,29.78611111111111,126.77325,1.7,182.0,2019-04-10 12:38:15,刺网
12995,29.78586111111111,126.77361111111112,1.8,102.0,2019-04-10 12:48:15,刺网
12995,29.785555555555558,126.77427777777777,1.9,331.0,2019-04-10 12:58:18,刺网
12995,29.785222222222234,126.7745277777778,1.3,20.0,2019-04-10 13:08:18,刺网
12995,29.785166666666665,126.77483333333332,1.1,194.0,2019-04-10 13:18:18,刺网
12995,29.78491666666667,126.77502777777778,1.3,157.0,2019-04-10 13:28:17,刺网
12995,29.78463888888889,126.77541666666666,1.8,217.0,2019-04-10 13:38:17,刺网
12995,29.784222222222233,126.7755,2.5,153.0,2019-04-10 13:48:17,刺网
12995,29.78425,126.77580555555555,1.0,288.0,2019-04-10 13:58:17,刺网
12995,29.78388888888889,126.77605555555556,1.7,0.0,2019-04-10 14:08:17,刺网
12995,29.78388888888889,126.77605555555556,2.2,139.0,2019-04-10 14:18:17,刺网
12995,29.783583333333336,126.77613888888888,0.8,87.0,2019-04-10 14:28:17,刺网
12995,29.783361111111113,126.7762777777778,1.6,224.0,2019-04-10 14:38:17,刺网
12995,29.78341666666667,126.77669444444444,0.8,0.0,2019-04-10 14:48:17,刺网
12995,29.783,126.7765,1.5,286.0,2019-04-10 14:58:17,刺网
12995,29.78286111111111,126.77677777777778,1.0,100.0,2019-04-10 15:08:16,刺网
12995,29.782416666666666,126.77711111111113,1.8,130.0,2019-04-10 15:18:16,刺网
12995,29.78208333333333,126.77725,0.7,132.0,2019-04-10 15:28:16,刺网
12995,29.78188888888889,126.77755555555555,0.8,34.0,2019-04-10 15:40:13,刺网
12995,29.781555555555553,126.7775277777778,0.6,285.0,2019-04-10 15:50:13,刺网
12995,29.78125,126.77775,0.6,247.0,2019-04-10 16:00:13,刺网
12995,29.78088888888889,126.77788888888887,0.7,27.0,2019-04-10 16:10:13,刺网
12995,29.78094444444445,126.77811111111113,1.7,58.0,2019-04-10 16:20:13,刺网
12995,29.78083333333333,126.77780555555556,1.4,204.0,2019-04-10 16:30:12,刺网
12995,29.78086111111111,126.77788888888887,0.5,55.0,2019-04-10 16:40:12,刺网
12995,29.78075,126.77763888888887,0.6,0.0,2019-04-10 16:50:12,刺网
12995,29.780777777777786,126.77766666666668,1.2,73.0,2019-04-10 17:00:12,刺网
12995,29.780777777777786,126.77761111111113,0.7,314.0,2019-04-10 17:10:12,刺网
12995,29.780666666666665,126.77719444444445,1.2,275.0,2019-04-10 17:20:12,刺网
12995,29.78072222222222,126.77747222222222,0.6,2.0,2019-04-10 17:30:12,刺网
12995,29.780666666666665,126.77730555555556,0.9,240.0,2019-04-10 17:40:12,刺网
12995,29.78069444444445,126.77730555555556,0.7,43.0,2019-04-10 17:50:12,刺网
12995,29.780666666666665,126.77719444444445,2.5,67.0,2019-04-10 18:00:12,刺网
12995,29.780666666666665,126.77725,1.6,204.0,2019-04-10 18:10:12,刺网
12995,29.78061111111111,126.777,1.3,120.0,2019-04-10 18:20:14,刺网
12995,29.78061111111111,126.77688888888888,1.3,224.0,2019-04-10 18:30:14,刺网
12995,29.780638888888888,126.77708333333332,2.6,28.0,2019-04-10 18:40:14,刺网
12995,29.78061111111111,126.77691666666666,0.5,0.0,2019-04-10 18:50:14,刺网
12995,29.78072222222222,126.77708333333332,0.6,176.0,2019-04-10 19:00:14,刺网
12995,29.78061111111111,126.77658333333332,0.8,322.0,2019-04-10 19:10:14,刺网
12995,29.780638888888888,126.7769722222222,1.6,106.0,2019-04-10 19:20:14,刺网
12995,29.780638888888888,126.77666666666669,0.7,312.0,2019-04-10 19:30:14,刺网
12995,29.78061111111111,126.77680555555555,1.4,83.0,2019-04-10 19:40:13,刺网
12995,29.780666666666665,126.77705555555555,1.8,114.0,2019-04-10 19:50:13,刺网
12995,29.78061111111111,126.77683333333334,1.0,235.0,2019-04-10 20:00:13,刺网
12995,29.780666666666665,126.77705555555555,1.8,279.0,2019-04-10 20:10:13,刺网
12995,29.78069444444445,126.77708333333332,1.2,89.0,2019-04-10 20:20:13,刺网
12995,29.780666666666665,126.77680555555555,0.9,71.0,2019-04-10 20:40:13,刺网
12995,29.780666666666665,126.77666666666669,1.8,268.0,2019-04-10 20:50:13,刺网
12995,29.78069444444445,126.77658333333332,1.5,315.0,2019-04-10 21:10:13,刺网
12995,29.78075,126.77672222222223,0.4,24.0,2019-04-10 21:20:13,刺网
12995,29.78080555555556,126.77625,1.2,338.0,2019-04-10 21:40:13,刺网
12995,29.78086111111111,126.77630555555555,0.8,53.0,2019-04-10 21:50:12,刺网
12995,29.78088888888889,126.77608333333332,1.0,132.0,2019-04-10 22:00:12,刺网
12995,29.780916666666666,126.77594444444445,1.3,235.0,2019-04-10 22:10:12,刺网
12995,29.78102777777778,126.77566666666668,0.8,0.0,2019-04-10 22:20:12,刺网
12995,29.781166666666664,126.77575,0.8,0.0,2019-04-10 22:30:12,刺网
12995,29.78122222222222,126.77566666666668,0.4,355.0,2019-04-10 22:40:12,刺网
12995,29.781277777777767,126.77583333333334,1.0,139.0,2019-04-10 22:50:12,刺网
12995,29.781166666666664,126.77530555555555,0.8,238.0,2019-04-10 23:00:12,刺网
12995,29.781277777777767,126.77547222222222,0.7,14.0,2019-04-10 23:10:12,刺网
12995,29.781555555555553,126.77583333333334,0.6,98.0,2019-04-10 23:20:12,刺网
12995,29.78163888888889,126.77636111111107,1.2,105.0,2019-04-10 23:30:12,刺网
12995,29.781722222222214,126.77727777777778,0.4,54.0,2019-04-10 23:40:12,刺网
12995,29.781944444444445,126.77813888888888,0.9,15.0,2019-04-10 23:50:14,刺网
12995,29.782305555555553,126.77902777777777,0.6,13.0,2019-04-11 00:00:14,刺网
12995,29.782416666666666,126.77913888888888,1.0,99.0,2019-04-11 00:10:14,刺网
12995,29.78263888888889,126.77925,1.4,271.0,2019-04-11 00:20:14,刺网
12995,29.782777777777767,126.77936111111113,1.2,47.0,2019-04-11 00:30:14,刺网
12995,29.782888888888888,126.7792777777778,3.3,40.0,2019-04-11 00:40:14,刺网
12995,29.78311111111111,126.77944444444445,0.3,0.0,2019-04-11 00:50:13,刺网
12995,29.783222222222214,126.77944444444445,0.5,74.0,2019-04-11 01:00:14,刺网
12995,29.78338888888889,126.77944444444445,0.6,171.0,2019-04-11 01:10:13,刺网
12995,29.783444444444445,126.77941666666666,0.7,129.0,2019-04-11 01:20:13,刺网
12995,29.78333333333333,126.77936111111113,0.2,0.0,2019-04-11 01:30:13,刺网
12995,29.783222222222214,126.7795,0.8,178.0,2019-04-11 01:40:13,刺网
12995,29.78305555555556,126.7795,0.9,277.0,2019-04-11 01:50:13,刺网
12995,29.782888888888888,126.7794722222222,0.7,227.0,2019-04-11 02:00:13,刺网
12995,29.78294444444445,126.7795,1.3,68.0,2019-04-11 02:10:13,刺网
12995,29.78311111111111,126.77952777777777,1.1,265.0,2019-04-11 02:20:13,刺网
12995,29.78319444444445,126.77958333333332,0.9,15.0,2019-04-11 02:30:13,刺网
12995,29.78325,126.77961111111112,1.5,96.0,2019-04-11 02:40:13,刺网
12995,29.783166666666666,126.77952777777777,1.0,62.0,2019-04-11 02:50:13,刺网
12995,29.782888888888888,126.77952777777777,1.1,234.0,2019-04-11 03:00:13,刺网
12995,29.782722222222233,126.7794722222222,0.2,0.0,2019-04-11 03:10:12,刺网
12995,29.78263888888889,126.7794722222222,0.5,238.0,2019-04-11 03:20:13,刺网
12995,29.7825,126.77944444444445,1.0,216.0,2019-04-11 03:30:12,刺网
12995,29.782472222222214,126.77944444444445,1.5,334.0,2019-04-11 03:40:12,刺网
12995,29.78236111111111,126.77938888888887,1.2,157.0,2019-04-11 03:50:12,刺网
12995,29.78216666666667,126.7792777777778,0.6,229.0,2019-04-11 04:00:12,刺网
12995,29.783222222222214,126.77658333333332,1.6,217.0,2019-04-11 04:10:12,刺网
12995,29.79327777777778,126.79769444444445,8.1,50.0,2019-04-11 04:20:12,刺网
12995,29.813250000000004,126.79847222222222,9.1,354.0,2019-04-11 04:30:12,刺网
12995,29.83369444444445,126.79875,8.0,6.0,2019-04-11 04:40:12,刺网
12995,29.85505555555555,126.79897222222222,8.6,11.0,2019-04-11 04:50:11,刺网
12995,29.84208333333333,126.79313888888888,7.7,179.0,2019-04-11 05:00:11,刺网
12995,29.8185,126.79297222222222,7.5,181.0,2019-04-11 05:10:14,刺网
12995,29.8105,126.78741666666667,7.1,12.0,2019-04-11 05:20:14,刺网
12995,29.83102777777778,126.78741666666667,7.9,2.0,2019-04-11 05:30:14,刺网
12995,29.851388888888888,126.7872777777778,7.4,355.0,2019-04-11 05:40:14,刺网
12995,29.862444444444453,126.78188888888887,8.6,185.0,2019-04-11 05:50:14,刺网
12995,29.83961111111111,126.78147222222222,9.4,183.0,2019-04-11 06:00:14,刺网
12995,29.816666666666666,126.78113888888888,8.1,184.0,2019-04-11 06:10:13,刺网
12995,29.825,126.77552777777777,7.2,357.0,2019-04-11 06:20:14,刺网
12995,29.846027777777767,126.77525,7.5,3.0,2019-04-11 06:30:13,刺网
12995,29.86555555555556,126.77383333333331,6.8,265.0,2019-04-11 06:40:13,刺网
12995,29.84594444444444,126.77022222222222,8.4,183.0,2019-04-11 06:50:13,刺网
12995,29.823222222222213,126.77038888888887,7.5,180.0,2019-04-11 07:00:13,刺网
12995,29.822055555555554,126.76533333333334,8.6,5.0,2019-04-11 07:10:13,刺网
12995,29.84486111111111,126.76480555555555,7.2,349.0,2019-04-11 07:20:13,刺网
12995,29.860277777777767,126.76666666666668,6.6,151.0,2019-04-11 07:30:13,刺网
12995,29.84588888888889,126.78388888888887,7.8,135.0,2019-04-11 07:40:13,刺网
12995,29.840777777777767,126.79105555555556,0.8,140.0,2019-04-11 07:50:13,刺网
12995,29.839305555555548,126.79247222222222,0.4,89.0,2019-04-11 08:00:13,刺网
12995,29.838,126.79419444444444,1.2,62.0,2019-04-11 08:10:12,刺网
12995,29.836777777777765,126.79588888888892,0.3,0.0,2019-04-11 08:20:13,刺网
12995,29.835472222222233,126.79769444444445,0.4,0.0,2019-04-11 08:30:12,刺网
12995,29.834111111111113,126.79952777777778,0.9,118.0,2019-04-11 08:40:12,刺网
12995,29.833055555555557,126.80152777777776,1.6,55.0,2019-04-11 08:50:12,刺网
12995,29.832222222222214,126.80355555555555,0.8,34.0,2019-04-11 09:00:12,刺网
12995,29.83122222222222,126.80552777777777,0.8,103.0,2019-04-11 09:10:12,刺网
12995,29.830416666666665,126.80713888888887,1.0,78.0,2019-04-11 09:20:12,刺网
12995,29.82941666666667,126.80913888888887,0.5,139.0,2019-04-11 09:30:12,刺网
12995,29.82191666666667,126.8107222222222,6.7,180.0,2019-04-11 09:40:12,刺网
12995,29.80508333333333,126.81075,4.3,173.0,2019-04-11 09:50:12,刺网
12995,29.80958333333333,126.80627777777778,3.1,350.0,2019-04-11 10:00:11,刺网
12995,29.81941666666667,126.80716666666666,4.1,7.0,2019-04-11 10:10:11,刺网
12995,29.82983333333333,126.80588888888887,3.8,350.0,2019-04-11 10:20:11,刺网
12995,29.839972222222233,126.80419444444445,3.6,342.0,2019-04-11 10:30:11,刺网
12995,29.85011111111111,126.80238888888887,3.8,347.0,2019-04-11 10:40:14,刺网
12995,29.859,126.80066666666666,3.2,332.0,2019-04-11 10:50:14,刺网
12995,29.866777777777767,126.79652777777777,2.5,313.0,2019-04-11 11:00:14,刺网
12995,29.86408333333333,126.79527777777777,0.8,151.0,2019-04-11 11:10:14,刺网
12995,29.863277777777785,126.79658333333332,3.7,168.0,2019-04-11 11:20:14,刺网
12995,29.855166666666666,126.79858333333333,3.3,165.0,2019-04-11 11:30:14,刺网
12995,29.84625,126.80055555555555,3.2,174.0,2019-04-11 11:40:13,刺网
12995,29.838916666666666,126.80155555555555,3.2,170.0,2019-04-11 11:50:13,刺网
12995,29.83088888888889,126.802,2.3,175.0,2019-04-11 12:00:13,刺网
12995,29.82708333333333,126.79988888888887,3.1,14.0,2019-04-11 12:10:13,刺网
12995,29.83169444444445,126.79947222222222,1.5,229.0,2019-04-11 12:20:13,刺网
12995,29.838416666666664,126.79897222222222,3.2,9.0,2019-04-11 12:30:13,刺网
12995,29.848277777777767,126.79994444444445,3.6,20.0,2019-04-11 12:40:13,刺网
12995,29.85763888888889,126.79913888888888,3.4,13.0,2019-04-11 12:50:13,刺网
12995,29.865972222222233,126.79777777777778,2.6,311.0,2019-04-11 13:00:13,刺网
12995,29.87408333333333,126.7952222222222,2.4,340.0,2019-04-11 13:10:13,刺网
12995,29.879777777777786,126.7922222222222,1.8,307.0,2019-04-11 13:20:13,刺网
12995,29.876361111111112,126.79041666666666,1.8,134.0,2019-04-11 13:30:12,刺网
12995,29.86938888888889,126.79452777777777,3.7,141.0,2019-04-11 13:40:12,刺网
12995,29.86058333333333,126.79813888888887,3.7,177.0,2019-04-11 13:50:12,刺网
12995,29.85361111111111,126.79913888888888,2.9,187.0,2019-04-11 14:00:12,刺网
12995,29.845555555555553,126.80025,3.8,163.0,2019-04-11 14:10:12,刺网
12995,29.837666666666664,126.80013888888887,3.4,185.0,2019-04-11 14:20:12,刺网
12995,29.83586111111111,126.7945,1.8,301.0,2019-04-11 14:30:12,刺网
12995,29.841222222222214,126.795,3.0,42.0,2019-04-11 14:40:12,刺网
12995,29.84936111111111,126.79652777777777,4.0,30.0,2019-04-11 14:50:12,刺网
12995,29.8575,126.79669444444444,2.8,348.0,2019-04-11 15:00:12,刺网
12995,29.86569444444445,126.796,3.3,351.0,2019-04-11 15:10:11,刺网
12995,29.87327777777778,126.794,2.8,349.0,2019-04-11 15:20:11,刺网
12995,29.879222222222214,126.79158333333334,2.5,314.0,2019-04-11 15:30:11,刺网
12995,29.875472222222232,126.78997222222222,2.9,185.0,2019-04-11 15:40:11,刺网
12995,29.869027777777767,126.79236111111106,3.7,122.0,2019-04-11 15:50:11,刺网
12995,29.86063888888889,126.79569444444445,3.6,161.0,2019-04-11 16:00:14,刺网
12995,29.852027777777767,126.79947222222222,3.3,178.0,2019-04-11 16:10:14,刺网
12995,29.842861111111112,126.79916666666666,2.8,196.0,2019-04-11 16:20:14,刺网
12995,29.836111111111112,126.79722222222222,2.1,251.0,2019-04-11 16:30:14,刺网
12995,29.83558333333333,126.79475,2.2,325.0,2019-04-11 16:40:13,刺网
12995,29.843277777777786,126.79672222222223,3.1,346.0,2019-04-11 16:50:14,刺网
12995,29.85136111111111,126.79625,2.3,337.0,2019-04-11 17:00:13,刺网
12995,29.858361111111112,126.79505555555555,2.1,346.0,2019-04-11 17:10:13,刺网
12995,29.86541666666667,126.79236111111106,2.9,350.0,2019-04-11 17:20:13,刺网
12995,29.870027777777786,126.79194444444445,1.5,183.0,2019-04-11 17:30:13,刺网
12995,29.86713888888889,126.79299999999999,0.8,165.0,2019-04-11 17:40:13,刺网
12995,29.864305555555557,126.79380555555555,4.1,159.0,2019-04-11 17:50:13,刺网
12995,29.858611111111113,126.79847222222222,4.4,177.0,2019-04-11 18:00:13,刺网
12995,29.854027777777766,126.79705555555556,1.1,174.0,2019-04-11 18:10:13,刺网
12995,29.850500000000004,126.79705555555556,2.9,157.0,2019-04-11 18:20:12,刺网
12995,29.84213888888889,126.79755555555555,4.2,200.0,2019-04-11 18:30:13,刺网
12995,29.82897222222222,126.80127777777778,8.0,121.0,2019-04-11 18:40:12,刺网
12995,29.81505555555556,126.82091666666666,7.6,130.0,2019-04-11 18:50:12,刺网
12995,29.799,126.83419444444445,8.3,199.0,2019-04-11 19:00:12,刺网
12995,29.78008333333333,126.82105555555556,7.5,212.0,2019-04-11 19:10:12,刺网
12995,29.763027777777786,126.8047222222222,8.0,234.0,2019-04-11 19:20:12,刺网
12995,29.74852777777778,126.78533333333334,7.7,233.0,2019-04-11 19:30:12,刺网
12995,29.73408333333333,126.76586111111112,7.9,229.0,2019-04-11 19:40:12,刺网
12995,29.719638888888888,126.74641666666666,7.9,229.0,2019-04-11 19:50:12,刺网
12995,29.705055555555553,126.7270277777778,7.7,224.0,2019-04-11 20:00:12,刺网
12995,29.690527777777767,126.70736111111113,8.0,230.0,2019-04-11 20:10:12,刺网
12995,29.675027777777785,126.68666666666668,8.1,230.0,2019-04-11 20:20:11,刺网
12995,29.662138888888887,126.6677777777778,8.3,226.0,2019-04-11 20:30:11,刺网
12995,29.64988888888889,126.64644444444444,7.9,232.0,2019-04-11 20:40:11,刺网
12995,29.636111111111113,126.6263611111111,7.9,222.0,2019-04-11 20:50:11,刺网
12995,29.63291666666667,126.62422222222222,0.9,254.0,2019-04-11 21:00:11,刺网
12995,29.633388888888888,126.62319444444445,0.5,334.0,2019-04-11 21:10:11,刺网
12995,29.63366666666667,126.62313888888887,1.0,70.0,2019-04-11 21:20:11,刺网
12995,29.633555555555557,126.62319444444445,1.1,16.0,2019-04-11 21:30:14,刺网
12995,29.63369444444445,126.62313888888887,0.4,0.0,2019-04-11 21:40:14,刺网
12995,29.633861111111113,126.62305555555555,0.6,50.0,2019-04-11 22:00:14,刺网
12995,29.634166666666665,126.62305555555555,0.2,0.0,2019-04-11 22:10:13,刺网
12995,29.63436111111111,126.62308333333333,0.2,0.0,2019-04-11 22:20:13,刺网
12995,29.63438888888889,126.62305555555555,0.3,35.0,2019-04-11 22:30:13,刺网
12995,29.63458333333333,126.62311111111113,0.5,155.0,2019-04-11 22:40:13,刺网
12995,29.63475,126.62316666666666,0.2,31.0,2019-04-11 22:50:13,刺网
12995,29.63483333333333,126.6232222222222,0.5,222.0,2019-04-11 23:00:13,刺网
12995,29.63494444444445,126.62325,0.3,259.0,2019-04-11 23:10:13,刺网
12995,29.63508333333333,126.6233611111111,0.4,181.0,2019-04-11 23:20:13,刺网
12995,29.635361111111113,126.62355555555555,1.2,353.0,2019-04-11 23:30:12,刺网
12995,29.635527777777767,126.6237777777778,0.8,29.0,2019-04-11 23:40:12,刺网
12995,29.63583333333333,126.6244722222222,0.5,162.0,2019-04-11 23:50:12,刺网
12995,29.636,126.62491666666666,0.6,17.0,2019-04-12 00:00:12,刺网
12995,29.63588888888889,126.62575,0.2,0.0,2019-04-12 00:10:12,刺网
12995,29.635444444444442,126.62566666666666,0.5,240.0,2019-04-12 00:20:12,刺网
12995,29.63561111111111,126.62444444444445,0.9,0.0,2019-04-12 00:30:12,刺网
12995,29.635222222222215,126.62361111111107,0.6,244.0,2019-04-12 00:40:12,刺网
12995,29.634722222222226,126.6233611111111,0.5,83.0,2019-04-12 00:50:12,刺网
12995,29.634305555555553,126.6233611111111,0.5,0.0,2019-04-12 01:00:12,刺网
12995,29.6345,126.62366666666668,0.2,0.0,2019-04-12 01:10:12,刺网
12995,29.63480555555555,126.62380555555555,0.8,84.0,2019-04-12 01:20:12,刺网
12995,29.635222222222215,126.62416666666664,0.6,0.0,2019-04-12 01:30:11,刺网
12995,29.635472222222226,126.62422222222222,0.4,0.0,2019-04-12 01:40:11,刺网
12995,29.635527777777767,126.62483333333331,0.6,0.0,2019-04-12 01:50:11,刺网
12995,29.6355,126.62513888888887,1.1,95.0,2019-04-12 02:00:11,刺网
12995,29.635277777777766,126.62566666666666,0.7,0.0,2019-04-12 02:10:11,刺网
12995,29.63497222222223,126.62630555555555,1.0,91.0,2019-04-12 02:20:11,刺网
12995,29.634527777777766,126.62711111111106,0.7,82.0,2019-04-12 02:30:11,刺网
12995,29.63394444444444,126.62725,0.3,0.0,2019-04-12 02:40:11,刺网
12995,29.63333333333333,126.62722222222222,0.9,218.0,2019-04-12 02:50:14,刺网
12995,29.63272222222223,126.62702777777777,1.1,147.0,2019-04-12 03:00:13,刺网
12995,29.632361111111113,126.62663888888888,0.3,0.0,2019-04-12 03:10:13,刺网
12995,29.63219444444445,126.62624999999998,0.3,0.0,2019-04-12 03:20:13,刺网
12995,29.63211111111111,126.62608333333333,0.4,147.0,2019-04-12 03:30:13,刺网
12995,29.63216666666667,126.6262222222222,0.3,0.0,2019-04-12 03:40:13,刺网
12995,29.63216666666667,126.62627777777777,0.3,0.0,2019-04-12 03:50:13,刺网
12995,29.633916666666664,126.62655555555556,0.6,75.0,2019-04-12 04:00:13,刺网
12995,29.619944444444453,126.62613888888887,7.4,184.0,2019-04-12 04:10:13,刺网
12995,29.599166666666665,126.62577777777777,7.7,177.0,2019-04-12 04:20:13,刺网
12995,29.578138888888887,126.6254722222222,7.7,178.0,2019-04-12 04:30:13,刺网
12995,29.582611111111113,126.62005555555555,5.9,5.0,2019-04-12 04:40:13,刺网
12995,29.60286111111111,126.6195277777778,7.9,2.0,2019-04-12 04:50:13,刺网
12995,29.62466666666667,126.6195,7.7,4.0,2019-04-12 05:00:12,刺网
12995,29.60966666666667,126.61366666666667,8.1,178.0,2019-04-12 05:10:12,刺网
12995,29.58733333333333,126.61363888888887,9.5,177.0,2019-04-12 05:20:12,刺网
12995,29.56491666666667,126.6134722222222,8.3,177.0,2019-04-12 05:30:12,刺网
12995,29.57619444444445,126.6085,7.6,2.0,2019-04-12 05:40:12,刺网
12995,29.59644444444445,126.60774999999998,6.9,351.0,2019-04-12 05:50:12,刺网
12995,29.616944444444453,126.60741666666668,7.2,7.0,2019-04-12 06:00:12,刺网
12995,29.61491666666667,126.60138888888888,8.4,179.0,2019-04-12 06:10:12,刺网
12995,29.59172222222222,126.6014722222222,8.8,177.0,2019-04-12 06:20:12,刺网
12995,29.56844444444444,126.60105555555555,8.5,176.0,2019-04-12 06:30:12,刺网
12995,29.57597222222222,126.59525,7.5,350.0,2019-04-12 06:40:11,刺网
12995,29.59638888888889,126.59477777777781,7.7,356.0,2019-04-12 06:50:11,刺网
12995,29.61647222222223,126.59436111111113,8.1,1.0,2019-04-12 07:00:11,刺网
12995,29.633527777777786,126.60836111111112,7.3,39.0,2019-04-12 07:10:11,刺网
12995,29.64194444444445,126.61791666666666,1.7,137.0,2019-04-12 07:20:11,刺网
12995,29.64033333333333,126.6202222222222,0.9,148.0,2019-04-12 07:30:11,刺网
12995,29.638638888888888,126.6224722222222,0.7,93.0,2019-04-12 07:40:11,刺网
12995,29.636972222222226,126.62411111111106,0.3,0.0,2019-04-12 07:50:11,刺网
12995,29.635416666666664,126.62591666666668,1.1,150.0,2019-04-12 08:00:11,刺网
12995,29.633805555555558,126.62791666666664,0.6,116.0,2019-04-12 08:10:11,刺网
12995,29.63219444444445,126.62975,0.5,0.0,2019-04-12 08:20:13,刺网
12995,29.630194444444445,126.63127777777778,1.0,127.0,2019-04-12 08:30:13,刺网
12995,29.62836111111111,126.63286111111113,1.7,115.0,2019-04-12 08:40:13,刺网
12995,29.62641666666667,126.63358333333332,1.6,183.0,2019-04-12 08:50:13,刺网
12995,29.62466666666667,126.63486111111106,1.3,98.0,2019-04-12 09:00:13,刺网
12995,29.622888888888887,126.6362777777778,1.1,0.0,2019-04-12 09:10:13,刺网
12995,29.622805555555555,126.63227777777777,1.7,322.0,2019-04-12 09:20:13,刺网
12995,29.621722222222214,126.63005555555556,2.6,170.0,2019-04-12 09:30:13,刺网
12995,29.6165,126.63063888888887,2.2,132.0,2019-04-12 09:40:13,刺网
12995,29.61194444444445,126.63180555555556,0.7,156.0,2019-04-12 09:50:13,刺网
12995,29.60833333333333,126.63233333333332,1.9,217.0,2019-04-12 10:00:12,刺网
12995,29.60741666666667,126.63363888888892,1.3,142.0,2019-04-12 10:10:12,刺网
12995,29.605583333333332,126.63333333333334,1.7,126.0,2019-04-12 10:20:12,刺网
12995,29.6035,126.63491666666668,1.1,110.0,2019-04-12 10:30:12,刺网
12995,29.60747222222223,126.62294444444444,8.8,303.0,2019-04-12 10:40:12,刺网
12995,29.618250000000003,126.59836111111107,8.4,283.0,2019-04-12 10:50:12,刺网
12995,29.616527777777787,126.59480555555555,2.9,154.0,2019-04-12 11:00:12,刺网
12995,29.60744444444445,126.59605555555555,3.7,166.0,2019-04-12 11:10:12,刺网
12995,29.598805555555558,126.59641666666666,4.0,177.0,2019-04-12 11:20:12,刺网
12995,29.589527777777768,126.59658333333331,3.0,180.0,2019-04-12 11:30:12,刺网
12995,29.58144444444445,126.5965,2.8,163.0,2019-04-12 11:40:12,刺网
12995,29.573694444444442,126.59780555555555,2.9,163.0,2019-04-12 11:50:11,刺网
12995,29.571027777777786,126.60311111111113,1.7,34.0,2019-04-12 12:00:11,刺网
12995,29.578944444444442,126.603,3.7,11.0,2019-04-12 12:10:11,刺网
12995,29.586861111111112,126.60494444444444,2.5,3.0,2019-04-12 12:20:11,刺网
12995,29.596416666666666,126.60661111111106,3.4,13.0,2019-04-12 12:30:11,刺网
12995,29.605999999999998,126.60794444444444,2.6,350.0,2019-04-12 12:40:11,刺网
12995,29.615527777777785,126.60780555555556,3.2,353.0,2019-04-12 12:50:11,刺网
12995,29.62380555555556,126.607,3.5,344.0,2019-04-12 13:00:11,刺网
12995,29.625722222222233,126.6135,3.2,148.0,2019-04-12 13:10:11,刺网
12995,29.61891666666667,126.61686111111106,0.7,147.0,2019-04-12 13:20:13,刺网
12995,29.615666666666666,126.61888888888888,3.2,171.0,2019-04-12 13:30:13,刺网
12995,29.60691666666667,126.62008333333333,3.5,173.0,2019-04-12 13:40:10,刺网
12995,29.599527777777766,126.61994444444444,3.1,189.0,2019-04-12 13:50:13,刺网
12995,29.59111111111111,126.62033333333332,2.5,149.0,2019-04-12 14:00:13,刺网
12995,29.582777777777785,126.621,2.5,169.0,2019-04-12 14:10:13,刺网
12995,29.57547222222223,126.62024999999998,2.7,186.0,2019-04-12 14:20:13,刺网
12995,29.57241666666667,126.62488888888888,3.0,105.0,2019-04-12 14:30:13,刺网
12995,29.575888888888887,126.62722222222222,2.2,8.0,2019-04-12 14:40:13,刺网
12995,29.583416666666665,126.63152777777776,2.7,6.0,2019-04-12 14:50:13,刺网
12995,29.591666666666665,126.6322222222222,2.4,353.0,2019-04-12 15:00:12,刺网
12995,29.598805555555558,126.63136111111106,2.3,8.0,2019-04-12 15:10:12,刺网
12995,29.60669444444445,126.63469444444445,2.3,24.0,2019-04-12 15:20:12,刺网
12995,29.614305555555557,126.63838888888893,3.2,0.0,2019-04-12 15:30:12,刺网
12995,29.618444444444442,126.63719444444445,0.7,89.0,2019-04-12 15:40:12,刺网
12995,29.61983333333333,126.63852777777778,1.4,45.0,2019-04-12 15:50:12,刺网
12995,29.62158333333333,126.63830555555555,0.4,50.0,2019-04-12 16:00:12,刺网
12995,29.61888888888889,126.64552777777777,2.2,93.0,2019-04-12 16:20:12,刺网
12995,29.617027777777786,126.64808333333332,1.1,168.0,2019-04-12 16:30:12,刺网
12995,29.61475,126.64991666666668,0.5,204.0,2019-04-12 16:40:11,刺网
12995,29.612361111111113,126.65161111111112,0.5,130.0,2019-04-12 16:50:11,刺网
12995,29.610277777777767,126.65405555555556,2.0,101.0,2019-04-12 17:00:11,刺网
12995,29.607805555555558,126.65433333333334,0.3,172.0,2019-04-12 17:10:11,刺网
12995,29.60505555555555,126.65425,2.2,152.0,2019-04-12 17:20:11,刺网
12995,29.60250000000001,126.65430555555555,0.9,155.0,2019-04-12 17:30:11,刺网
12995,29.60019444444445,126.65413888888894,0.7,220.0,2019-04-12 17:40:11,刺网
12995,29.59794444444444,126.65375,0.5,161.0,2019-04-12 17:50:11,刺网
12995,29.59630555555556,126.65369444444444,1.0,148.0,2019-04-12 18:00:11,刺网
12995,29.593888888888888,126.65386111111113,0.4,0.0,2019-04-12 18:10:11,刺网
12995,29.5895,126.65366666666668,0.6,167.0,2019-04-12 18:30:13,刺网
12995,29.585361111111112,126.65541666666668,1.3,174.0,2019-04-12 18:40:13,刺网
12995,29.583027777777787,126.65594444444444,0.9,155.0,2019-04-12 18:50:13,刺网
12995,29.58083333333333,126.6557777777778,0.4,0.0,2019-04-12 19:00:13,刺网
12995,29.578777777777766,126.65686111111113,0.3,0.0,2019-04-12 19:10:13,刺网
12995,29.577805555555557,126.66,0.7,354.0,2019-04-12 19:40:13,刺网
12995,29.57908333333333,126.6608888888889,0.8,17.0,2019-04-12 19:50:13,刺网
12995,29.57975,126.66091666666668,0.3,0.0,2019-04-12 20:00:13,刺网
12995,29.581111111111113,126.66030555555555,1.7,315.0,2019-04-12 20:10:12,刺网
12995,29.58275,126.6615,1.0,47.0,2019-04-12 20:20:12,刺网
12995,29.584027777777766,126.66272222222223,0.4,0.0,2019-04-12 20:30:12,刺网
12995,29.586111111111112,126.66344444444445,1.3,64.0,2019-04-12 20:40:12,刺网
12995,29.587916666666665,126.66347222222224,0.7,295.0,2019-04-12 20:50:12,刺网
12995,29.589944444444445,126.66252777777778,0.7,326.0,2019-04-12 21:00:12,刺网
12995,29.591361111111112,126.66188888888892,1.2,278.0,2019-04-12 21:10:12,刺网
12995,29.593555555555557,126.66063888888893,1.0,265.0,2019-04-12 21:20:12,刺网
12995,29.59536111111111,126.65980555555555,1.4,25.0,2019-04-12 21:30:12,刺网
12995,29.59638888888889,126.66002777777778,0.8,135.0,2019-04-12 21:40:11,刺网
12995,29.59508333333333,126.6610277777778,0.8,0.0,2019-04-12 21:50:11,刺网
12995,29.59369444444444,126.66163888888887,0.3,0.0,2019-04-12 22:10:11,刺网
12995,29.59038888888889,126.65875,6.6,218.0,2019-04-12 22:20:11,刺网
12995,29.5805,126.65169444444444,3.7,220.0,2019-04-12 22:30:11,刺网
12995,29.57072222222222,126.64722222222224,3.6,199.0,2019-04-12 22:40:11,刺网
12995,29.562527777777767,126.63883333333334,8.1,262.0,2019-04-12 22:50:11,刺网
12995,29.56136111111111,126.61280555555555,8.0,263.0,2019-04-12 23:00:11,刺网
12995,29.560194444444452,126.58697222222222,8.4,265.0,2019-04-12 23:10:11,刺网
12995,29.560194444444452,126.58155555555555,0.8,241.0,2019-04-12 23:20:11,刺网
12995,29.560194444444452,126.58038888888888,0.3,0.0,2019-04-12 23:30:11,刺网
12995,29.560527777777786,126.58022222222222,0.4,0.0,2019-04-12 23:40:10,刺网
12995,29.560666666666666,126.58027777777778,0.3,0.0,2019-04-12 23:50:10,刺网
12995,29.560805555555557,126.58027777777778,0.4,35.0,2019-04-13 00:00:13,刺网
12995,29.56119444444445,126.58027777777778,0.6,346.0,2019-04-13 00:10:13,刺网
12995,29.561277777777786,126.58025,0.8,129.0,2019-04-13 00:20:13,刺网
12995,29.56130555555556,126.58033333333334,0.3,0.0,2019-04-13 00:30:13,刺网
12995,29.561222222222234,126.58036111111113,0.3,57.0,2019-04-13 00:40:13,刺网
12995,29.56136111111111,126.58038888888888,0.5,6.0,2019-04-13 00:50:13,刺网
12995,29.56175,126.5805,0.5,25.0,2019-04-13 01:00:13,刺网
12995,29.56183333333333,126.58063888888887,0.4,8.0,2019-04-13 01:10:13,刺网
12995,29.562027777777786,126.58083333333332,0.3,0.0,2019-04-13 01:20:13,刺网
12995,29.562027777777786,126.5812222222222,0.1,0.0,2019-04-13 01:30:12,刺网
12995,29.56205555555556,126.58125,0.4,0.0,2019-04-13 01:40:12,刺网
12995,29.561888888888888,126.58133333333332,0.5,101.0,2019-04-13 01:50:12,刺网
12995,29.561722222222233,126.58186111111112,0.2,0.0,2019-04-13 02:10:12,刺网
12995,29.561694444444445,126.5822222222222,0.2,0.0,2019-04-13 02:20:12,刺网
12995,29.56138888888889,126.58269444444444,0.7,12.0,2019-04-13 02:30:12,刺网
12995,29.56116666666667,126.58336111111107,0.2,0.0,2019-04-13 02:40:12,刺网
12995,29.56130555555556,126.58377777777778,0.4,0.0,2019-04-13 02:50:11,刺网
12995,29.56102777777778,126.58402777777776,0.4,147.0,2019-04-13 03:00:11,刺网
12995,29.5605,126.58388888888888,0.5,194.0,2019-04-13 03:10:11,刺网
12995,29.560305555555555,126.58377777777778,0.5,169.0,2019-04-13 03:20:11,刺网
12995,29.56077777777778,126.584,0.6,8.0,2019-04-13 03:30:11,刺网
12995,29.56130555555556,126.58408333333333,0.5,29.0,2019-04-13 03:40:11,刺网
12995,29.561722222222233,126.58388888888888,0.2,0.0,2019-04-13 03:50:11,刺网
12995,29.561888888888888,126.58377777777778,0.3,53.0,2019-04-13 04:00:11,刺网
12995,29.56186111111111,126.58380555555556,0.3,0.0,2019-04-13 04:10:11,刺网
12995,29.561805555555555,126.58386111111106,0.8,341.0,2019-04-13 04:20:11,刺网
12995,29.56044444444445,126.58144444444444,3.3,265.0,2019-04-13 04:30:11,刺网
12995,29.575805555555558,126.58052777777776,6.3,357.0,2019-04-13 04:40:10,刺网
12995,29.59636111111111,126.58019444444444,7.1,2.0,2019-04-13 04:50:10,刺网
12995,29.61497222222223,126.58047222222223,7.2,3.0,2019-04-13 05:00:10,刺网
12995,29.61486111111111,126.57477777777778,7.0,180.0,2019-04-13 05:10:10,刺网
12995,29.5955,126.57433333333331,7.5,180.0,2019-04-13 05:20:13,刺网
12995,29.5745,126.5745,7.8,174.0,2019-04-13 05:30:13,刺网
12995,29.57161111111111,126.56872222222222,7.5,2.0,2019-04-13 05:40:13,刺网
12995,29.59263888888889,126.56875,7.1,6.0,2019-04-13 05:50:13,刺网
12995,29.613916666666668,126.56911111111107,7.5,2.0,2019-04-13 06:00:13,刺网
12995,29.620638888888887,126.56275,7.8,183.0,2019-04-13 06:10:13,刺网
12995,29.598416666666665,126.56230555555555,7.6,180.0,2019-04-13 06:20:13,刺网
12995,29.575833333333332,126.56183333333334,8.1,180.0,2019-04-13 06:30:12,刺网
12995,29.569888888888887,126.55552777777777,7.5,359.0,2019-04-13 06:40:12,刺网
12995,29.61344444444445,126.55563888888894,7.5,2.0,2019-04-13 07:00:12,刺网
12995,29.60852777777778,126.57147222222223,6.8,115.0,2019-04-13 07:10:12,刺网
12995,29.602555555555558,126.58313888888887,0.9,138.0,2019-04-13 07:20:12,刺网
12995,29.60083333333333,126.58413888888887,0.7,176.0,2019-04-13 07:30:12,刺网
12995,29.599222222222213,126.58463888888888,0.6,171.0,2019-04-13 07:40:12,刺网
12995,29.5975,126.58533333333334,0.6,163.0,2019-04-13 07:50:11,刺网
12995,29.59588888888889,126.58569444444444,0.6,156.0,2019-04-13 08:00:11,刺网
12995,29.59433333333333,126.58605555555555,0.7,173.0,2019-04-13 08:10:11,刺网
12995,29.592861111111112,126.58636111111107,0.8,182.0,2019-04-13 08:20:11,刺网
12995,29.591027777777786,126.58677777777777,0.8,175.0,2019-04-13 08:30:11,刺网
12995,29.58922222222222,126.58738888888894,0.8,172.0,2019-04-13 08:40:11,刺网
12995,29.58722222222222,126.58797222222222,1.0,169.0,2019-04-13 08:50:11,刺网
12995,29.57319444444445,126.59347222222222,7.2,158.0,2019-04-13 09:10:11,刺网
12995,29.56655555555556,126.59472222222222,2.8,295.0,2019-04-13 09:20:11,刺网
12995,29.57283333333333,126.58905555555555,3.5,344.0,2019-04-13 09:30:11,刺网
12995,29.58183333333333,126.58830555555555,3.3,359.0,2019-04-13 09:40:10,刺网
12995,29.590944444444442,126.58866666666668,3.0,356.0,2019-04-13 09:50:10,刺网
12995,29.60052777777778,126.5882777777778,3.9,352.0,2019-04-13 10:00:10,刺网
12995,29.60983333333333,126.58808333333332,3.0,349.0,2019-04-13 10:10:10,刺网
12995,29.618666666666666,126.58783333333334,3.0,336.0,2019-04-13 10:20:10,刺网
12995,29.61944444444445,126.58263888888888,1.5,193.0,2019-04-13 10:30:10,刺网
12995,29.611527777777766,126.58200000000001,3.4,184.0,2019-04-13 10:40:12,刺网
12995,29.60250000000001,126.58163888888888,3.0,177.0,2019-04-13 10:50:13,刺网
12995,29.593916666666665,126.58088888888894,3.4,182.0,2019-04-13 11:00:13,刺网
12995,29.58633333333333,126.58077777777777,2.9,179.0,2019-04-13 11:10:13,刺网
12995,29.577777777777786,126.58183333333334,2.9,173.0,2019-04-13 11:20:12,刺网
12995,29.57052777777778,126.5829722222222,3.0,182.0,2019-04-13 11:30:12,刺网
12995,29.568166666666666,126.57780555555556,3.0,351.0,2019-04-13 11:40:12,刺网
12995,29.576166666666666,126.57663888888888,3.2,353.0,2019-04-13 11:50:12,刺网
12995,29.585305555555554,126.57491666666668,3.2,346.0,2019-04-13 12:00:12,刺网
12995,29.59441666666667,126.57358333333332,3.5,353.0,2019-04-13 12:10:12,刺网
12995,29.60355555555556,126.57416666666666,2.9,351.0,2019-04-13 12:20:12,刺网
12995,29.613222222222234,126.57436111111107,3.7,358.0,2019-04-13 12:30:12,刺网
12995,29.622666666666664,126.57372222222222,3.2,338.0,2019-04-13 12:40:12,刺网
12995,29.61711111111111,126.56780555555555,3.2,179.0,2019-04-13 13:00:11,刺网
12995,29.60802777777778,126.56730555555555,3.4,183.0,2019-04-13 13:10:11,刺网
12995,29.5995,126.56772222222222,3.5,177.0,2019-04-13 13:20:11,刺网
12995,29.592111111111112,126.56858333333332,1.3,168.0,2019-04-13 13:30:11,刺网
12995,29.585416666666664,126.56905555555555,3.0,181.0,2019-04-13 13:40:11,刺网
12995,29.57719444444445,126.56952777777781,3.1,177.0,2019-04-13 13:50:11,刺网
12995,29.56975,126.56694444444445,3.0,240.0,2019-04-13 14:00:11,刺网
12995,29.57394444444445,126.56152777777777,3.5,356.0,2019-04-13 14:10:11,刺网
12995,29.584055555555548,126.56186111111113,3.9,356.0,2019-04-13 14:20:11,刺网
12995,29.593888888888888,126.56183333333334,3.4,359.0,2019-04-13 14:30:11,刺网
12995,29.60333333333333,126.56066666666666,3.0,347.0,2019-04-13 14:40:10,刺网
12995,29.612388888888887,126.56041666666664,3.4,2.0,2019-04-13 14:50:10,刺网
12995,29.61683333333333,126.55986111111108,2.9,280.0,2019-04-13 15:00:10,刺网
12995,29.60894444444445,126.55080555555556,3.8,214.0,2019-04-13 15:10:10,刺网
12995,29.60416666666667,126.54713888888894,0.7,68.0,2019-04-13 15:30:10,刺网
12995,29.604388888888888,126.54794444444444,0.3,0.0,2019-04-13 15:40:13,刺网
12995,29.60375,126.54777777777778,0.1,0.0,2019-04-13 15:50:13,刺网
12995,29.604055555555554,126.54763888888887,0.7,274.0,2019-04-13 16:00:13,刺网
12995,29.604722222222232,126.54788888888888,0.2,0.0,2019-04-13 16:10:13,刺网
12995,29.60505555555555,126.54755555555555,0.1,0.0,2019-04-13 16:20:13,刺网
12995,29.60441666666667,126.54791666666668,0.5,132.0,2019-04-13 16:30:12,刺网
12995,29.60372222222223,126.54777777777778,0.1,0.0,2019-04-13 16:40:12,刺网
12995,29.604527777777786,126.548,0.3,0.0,2019-04-13 16:50:12,刺网
12995,29.60475000000001,126.54786111111113,0.3,0.0,2019-04-13 17:00:12,刺网
12995,29.60408333333333,126.54805555555555,0.7,149.0,2019-04-13 17:10:12,刺网
12995,29.604,126.54797222222223,0.4,0.0,2019-04-13 17:20:12,刺网
12995,29.60433333333333,126.54808333333332,0.4,0.0,2019-04-13 17:30:12,刺网
12995,29.60447222222223,126.548,0.5,0.0,2019-04-13 17:40:12,刺网
12995,29.60447222222223,126.5480277777778,0.2,0.0,2019-04-13 17:50:12,刺网
12995,29.6045,126.54797222222223,0.3,103.0,2019-04-13 18:00:11,刺网
12995,29.60444444444445,126.548,0.1,0.0,2019-04-13 18:20:11,刺网
12995,29.604388888888888,126.5480277777778,0.4,0.0,2019-04-13 18:30:11,刺网
12995,29.604277777777767,126.54805555555555,0.3,0.0,2019-04-13 18:40:11,刺网
12995,29.60416666666667,126.54805555555555,0.2,0.0,2019-04-13 18:50:11,刺网
12995,29.60408333333333,126.54805555555555,0.1,0.0,2019-04-13 19:00:11,刺网
12995,29.60416666666667,126.5480277777778,0.4,0.0,2019-04-13 19:10:11,刺网
12995,29.60408333333333,126.5480277777778,0.1,0.0,2019-04-13 19:20:11,刺网
12995,29.603972222222215,126.54805555555555,0.2,0.0,2019-04-13 19:30:11,刺网
12995,29.60391666666667,126.54805555555555,0.2,0.0,2019-04-13 19:40:10,刺网
12995,29.60383333333333,126.5480277777778,0.4,0.0,2019-04-13 19:50:11,刺网
12995,29.603805555555557,126.5480277777778,0.0,0.0,2019-04-13 20:00:10,刺网
12995,29.60383333333333,126.54805555555555,0.2,0.0,2019-04-13 20:10:10,刺网
12995,29.60372222222223,126.5480277777778,0.3,0.0,2019-04-13 20:20:10,刺网
12995,29.60369444444445,126.54797222222223,0.1,0.0,2019-04-13 20:30:10,刺网
12995,29.60369444444445,126.54794444444444,0.3,0.0,2019-04-13 20:40:10,刺网
12995,29.60372222222223,126.54791666666668,0.6,104.0,2019-04-13 20:50:10,刺网
12995,29.603638888888888,126.54791666666668,0.1,0.0,2019-04-13 21:00:13,刺网
12995,29.603583333333336,126.54788888888888,0.3,0.0,2019-04-13 21:10:12,刺网
12995,29.60366666666667,126.54783333333334,0.3,0.0,2019-04-13 21:20:12,刺网
12995,29.60391666666667,126.54791666666668,0.3,0.0,2019-04-13 21:30:12,刺网
12995,29.603972222222215,126.54788888888888,0.1,0.0,2019-04-13 21:40:12,刺网
12995,29.604027777777766,126.54783333333334,0.5,0.0,2019-04-13 21:50:12,刺网
12995,29.604,126.54783333333334,0.5,0.0,2019-04-13 22:00:12,刺网
12995,29.604111111111113,126.54783333333334,0.1,0.0,2019-04-13 22:10:12,刺网
12995,29.60436111111111,126.54775,0.7,266.0,2019-04-13 22:20:12,刺网
12995,29.60466666666667,126.54752777777777,0.2,0.0,2019-04-13 22:30:12,刺网
12995,29.60505555555555,126.54694444444445,0.3,0.0,2019-04-13 22:40:12,刺网
12995,29.605138888888888,126.54619444444445,0.3,0.0,2019-04-13 22:50:12,刺网
12995,29.60475000000001,126.54536111111106,0.5,239.0,2019-04-13 23:00:11,刺网
12995,29.60461111111111,126.5450277777778,0.4,162.0,2019-04-13 23:10:11,刺网
12995,29.60475000000001,126.54494444444444,0.2,0.0,2019-04-13 23:20:11,刺网
12995,29.605,126.5450277777778,0.3,241.0,2019-04-13 23:30:11,刺网
12995,29.60533333333333,126.54536111111106,0.2,0.0,2019-04-13 23:40:11,刺网
12995,29.605611111111113,126.54594444444444,0.5,44.0,2019-04-13 23:50:11,刺网
12995,29.605694444444445,126.54636111111107,0.2,0.0,2019-04-14 00:00:11,刺网
12995,29.605694444444445,126.54611111111107,0.1,0.0,2019-04-14 00:10:11,刺网
12995,29.605611111111113,126.54591666666668,0.4,138.0,2019-04-14 00:20:11,刺网
12995,29.605583333333332,126.54586111111112,0.3,0.0,2019-04-14 00:30:11,刺网
12995,29.60566666666667,126.546,0.3,0.0,2019-04-14 00:40:10,刺网
12995,29.605638888888887,126.54608333333331,0.2,0.0,2019-04-14 00:50:11,刺网
12995,29.605611111111113,126.54616666666666,0.2,0.0,2019-04-14 01:00:10,刺网
12995,29.605694444444445,126.54625,0.3,0.0,2019-04-14 01:10:10,刺网
12995,29.60566666666667,126.54613888888888,0.2,0.0,2019-04-14 01:20:10,刺网
12995,29.605638888888887,126.54608333333331,0.4,32.0,2019-04-14 01:30:10,刺网
12995,29.605694444444445,126.54627777777776,0.3,82.0,2019-04-14 01:40:10,刺网
12995,29.60566666666667,126.54647222222222,0.2,0.0,2019-04-14 01:50:10,刺网
12995,29.60566666666667,126.54669444444444,0.3,0.0,2019-04-14 02:00:10,刺网
12995,29.605638888888887,126.54666666666668,0.3,0.0,2019-04-14 02:10:12,刺网
12995,29.60566666666667,126.54655555555556,0.3,136.0,2019-04-14 02:20:12,刺网
12995,29.60566666666667,126.54663888888888,0.4,21.0,2019-04-14 02:30:10,刺网
12995,29.60566666666667,126.54655555555556,0.3,52.0,2019-04-14 02:40:12,刺网
12995,29.60566666666667,126.54666666666668,0.3,132.0,2019-04-14 02:50:12,刺网
12995,29.605638888888887,126.54680555555555,0.3,0.0,2019-04-14 03:00:12,刺网
12995,29.605611111111113,126.54694444444445,0.1,0.0,2019-04-14 03:10:12,刺网
12995,29.60552777777778,126.54713888888894,0.2,0.0,2019-04-14 03:20:12,刺网
12995,29.60552777777778,126.54719444444444,0.3,0.0,2019-04-14 03:30:12,刺网
12995,29.60552777777778,126.54725,0.2,0.0,2019-04-14 03:40:12,刺网
12995,29.60550000000001,126.54725,0.2,0.0,2019-04-14 03:50:12,刺网
12995,29.604,126.54616666666666,0.5,0.0,2019-04-14 04:00:11,刺网
12995,29.589861111111112,126.54555555555555,7.4,178.0,2019-04-14 04:10:11,刺网
12995,29.569555555555553,126.5452222222222,7.4,177.0,2019-04-14 04:20:11,刺网
12995,29.549138888888887,126.54530555555556,7.3,177.0,2019-04-14 04:30:11,刺网
12995,29.56458333333333,126.53958333333333,7.9,358.0,2019-04-14 04:40:11,刺网
12995,29.58525,126.5395,7.8,358.0,2019-04-14 04:50:11,刺网
12995,29.607277777777767,126.5397222222222,7.7,1.0,2019-04-14 05:00:11,刺网
12995,29.59958333333333,126.53375,7.8,179.0,2019-04-14 05:10:11,刺网
12995,29.578555555555557,126.5335,7.6,183.0,2019-04-14 05:20:11,刺网
12995,29.5575,126.53358333333333,7.8,175.0,2019-04-14 05:30:11,刺网
12995,29.55716666666667,126.52586111111113,7.8,5.0,2019-04-14 05:40:11,刺网
12995,29.579027777777767,126.52616666666668,8.0,3.0,2019-04-14 05:50:11,刺网
12995,29.60102777777778,126.52652777777777,7.7,357.0,2019-04-14 06:00:10,刺网
12995,29.61413888888889,126.5197777777778,7.5,180.0,2019-04-14 06:10:10,刺网
12995,29.591805555555553,126.51975,8.0,181.0,2019-04-14 06:20:10,刺网
12995,29.56969444444445,126.51991666666667,8.0,180.0,2019-04-14 06:30:10,刺网
12995,29.57561111111111,126.51458333333332,7.9,358.0,2019-04-14 06:40:10,刺网
12995,29.599416666666666,126.51430555555555,7.9,0.0,2019-04-14 06:50:10,刺网
12995,29.623166666666666,126.53558333333332,2.6,66.0,2019-04-14 07:10:10,刺网
12995,29.623638888888888,126.53861111111112,0.4,127.0,2019-04-14 07:20:10,刺网
12995,29.62338888888889,126.53988888888892,0.6,111.0,2019-04-14 07:30:12,刺网
12995,29.623222222222214,126.54063888888888,0.1,0.0,2019-04-14 07:40:12,刺网
12995,29.62275,126.54163888888887,0.2,0.0,2019-04-14 07:50:12,刺网
12995,29.62236111111111,126.54275,0.3,119.0,2019-04-14 08:00:12,刺网
12995,29.62241666666667,126.54433333333334,0.5,55.0,2019-04-14 08:10:12,刺网
12995,29.622611111111112,126.54616666666666,0.5,90.0,2019-04-14 08:20:12,刺网
12995,29.622694444444445,126.54763888888887,0.3,75.0,2019-04-14 08:30:12,刺网
12995,29.622722222222233,126.54916666666666,0.6,93.0,2019-04-14 08:40:12,刺网
12995,29.622805555555555,126.5509722222222,0.6,71.0,2019-04-14 08:50:12,刺网
12995,29.622916666666665,126.55241666666666,0.4,68.0,2019-04-14 09:00:12,刺网
12995,29.61563888888889,126.5540277777778,5.8,175.0,2019-04-14 09:10:11,刺网
12995,29.60372222222223,126.55427777777777,2.1,259.0,2019-04-14 09:20:11,刺网
12995,29.598166666666664,126.55094444444444,2.8,167.0,2019-04-14 09:30:11,刺网
12995,29.58961111111111,126.55244444444445,2.9,141.0,2019-04-14 09:40:11,刺网
12995,29.583388888888887,126.55780555555555,3.5,141.0,2019-04-14 09:50:11,刺网
12995,29.575722222222232,126.56227777777778,3.4,155.0,2019-04-14 10:00:11,刺网
12995,29.56658333333333,126.56461111111112,3.4,181.0,2019-04-14 10:10:11,刺网
12995,29.55788888888889,126.56238888888888,3.3,203.0,2019-04-14 10:20:11,刺网
12995,29.55544444444445,126.55730555555556,3.9,41.0,2019-04-14 10:30:11,刺网
12995,29.564555555555554,126.559,3.0,349.0,2019-04-14 10:40:11,刺网
12995,29.57344444444445,126.55752777777776,2.4,338.0,2019-04-14 10:50:10,刺网
12995,29.58075,126.55322222222223,3.1,319.0,2019-04-14 11:00:10,刺网
12995,29.58858333333333,126.54772222222222,3.4,343.0,2019-04-14 11:10:10,刺网
12995,29.595527777777786,126.54458333333332,3.2,334.0,2019-04-14 11:20:10,刺网
12995,29.60433333333333,126.54383333333332,2.8,6.0,2019-04-14 11:30:10,刺网
12995,29.61255555555556,126.54294444444444,2.2,274.0,2019-04-14 11:40:10,刺网
12995,29.60833333333333,126.53752777777777,3.2,187.0,2019-04-14 11:50:10,刺网
12995,29.600222222222232,126.53677777777777,3.2,167.0,2019-04-14 12:00:10,刺网
12995,29.59294444444444,126.54005555555555,0.4,148.0,2019-04-14 12:10:10,刺网
12995,29.586111111111112,126.54536111111106,3.0,147.0,2019-04-14 12:20:10,刺网
12995,29.57997222222223,126.54925,3.0,161.0,2019-04-14 12:30:09,刺网
12995,29.57175,126.55022222222222,1.4,0.0,2019-04-14 12:40:12,刺网
12995,29.56444444444445,126.54816666666666,3.0,202.0,2019-04-14 12:50:12,刺网
12995,29.559027777777786,126.54205555555555,1.9,231.0,2019-04-14 13:00:12,刺网
12995,29.561527777777766,126.53852777777777,3.1,348.0,2019-04-14 13:10:12,刺网
12995,29.57075,126.53869444444445,3.1,2.0,2019-04-14 13:20:12,刺网
12995,29.58813888888889,126.53658333333334,3.3,345.0,2019-04-14 13:40:12,刺网
12995,29.596777777777767,126.5319722222222,3.2,333.0,2019-04-14 13:50:12,刺网
12995,29.601888888888887,126.52919444444444,2.1,308.0,2019-04-14 14:00:11,刺网
12995,29.605027777777767,126.52791666666666,3.0,340.0,2019-04-14 14:10:12,刺网
12995,29.6135,126.52555555555556,3.1,350.0,2019-04-14 14:20:11,刺网
12995,29.621472222222234,126.5234722222222,2.1,277.0,2019-04-14 14:30:11,刺网
12995,29.615972222222233,126.51936111111112,3.5,189.0,2019-04-14 14:40:11,刺网
12995,29.607833333333332,126.52033333333334,3.2,155.0,2019-04-14 14:50:11,刺网
12995,29.60027777777778,126.52513888888888,3.7,153.0,2019-04-14 15:00:11,刺网
12995,29.592777777777766,126.529,3.1,166.0,2019-04-14 15:10:11,刺网
12995,29.585472222222233,126.53133333333334,2.1,166.0,2019-04-14 15:20:11,刺网
12995,29.57986111111111,126.53222222222222,1.9,204.0,2019-04-14 15:30:11,刺网
12995,29.578777777777766,126.52680555555555,2.1,269.0,2019-04-14 15:40:11,刺网
12995,29.585222222222214,126.52533333333334,2.9,356.0,2019-04-14 15:50:11,刺网
12995,29.594638888888888,126.52422222222219,3.4,15.0,2019-04-14 16:00:10,刺网
12995,29.602916666666665,126.52061111111112,3.3,342.0,2019-04-14 16:10:10,刺网
12995,29.610250000000004,126.51522222222222,3.3,336.0,2019-04-14 16:20:10,刺网
12995,29.617472222222233,126.51436111111113,2.3,33.0,2019-04-14 16:30:10,刺网
12995,29.61594444444445,126.51725,0.9,137.0,2019-04-14 16:40:10,刺网
12995,29.613555555555557,126.51958333333332,0.8,147.0,2019-04-14 16:50:10,刺网
12995,29.61113888888889,126.52194444444444,1.9,135.0,2019-04-14 17:00:10,刺网
12995,29.60866666666667,126.52461111111113,1.4,136.0,2019-04-14 17:10:10,刺网
12995,29.60616666666667,126.5275277777778,1.4,150.0,2019-04-14 17:20:10,刺网
12995,29.59936111111111,126.53258333333332,4.3,137.0,2019-04-14 17:30:09,刺网
12995,29.582,126.53558333333332,7.6,177.0,2019-04-14 17:40:12,刺网
12995,29.561722222222233,126.53722222222223,8.1,167.0,2019-04-14 17:50:12,刺网
12995,29.55238888888889,126.53930555555556,1.0,139.0,2019-04-14 18:00:12,刺网
12995,29.551722222222214,126.53961111111113,0.3,0.0,2019-04-14 18:10:12,刺网
12995,29.551666666666666,126.53994444444444,0.4,0.0,2019-04-14 18:20:12,刺网
12995,29.55158333333333,126.53980555555556,0.6,0.0,2019-04-14 18:30:12,刺网
12995,29.5515,126.53986111111112,0.9,333.0,2019-04-14 18:40:12,刺网
12995,29.551527777777785,126.5397222222222,0.3,0.0,2019-04-14 18:50:12,刺网
12995,29.551527777777785,126.53966666666666,0.4,0.0,2019-04-14 19:00:12,刺网
12995,29.551527777777785,126.53966666666666,0.7,326.0,2019-04-14 19:10:12,刺网
12995,29.55158333333333,126.5397777777778,0.6,0.0,2019-04-14 19:20:11,刺网
12995,29.551527777777785,126.5397777777778,0.5,0.0,2019-04-14 19:30:11,刺网
12995,29.5515,126.53975,0.2,0.0,2019-04-14 19:40:11,刺网
12995,29.55155555555556,126.53994444444444,0.1,0.0,2019-04-14 19:50:11,刺网
12995,29.55155555555556,126.53997222222222,0.2,0.0,2019-04-14 20:00:11,刺网
12995,29.551527777777785,126.53983333333332,0.4,0.0,2019-04-14 20:10:11,刺网
12995,29.5515,126.53980555555556,0.3,0.0,2019-04-14 20:20:11,刺网
12995,29.551527777777785,126.53986111111112,0.3,0.0,2019-04-14 20:30:11,刺网
12995,29.551527777777785,126.53991666666668,0.5,25.0,2019-04-14 20:40:11,刺网
12995,29.5515,126.53969444444445,0.1,0.0,2019-04-14 20:50:11,刺网
12995,29.5515,126.53966666666666,0.3,0.0,2019-04-14 21:00:10,刺网
12995,29.5515,126.53975,0.4,0.0,2019-04-14 21:10:10,刺网
12995,29.5515,126.53958333333333,0.9,241.0,2019-04-14 21:20:10,刺网
12995,29.5515,126.53969444444445,0.2,0.0,2019-04-14 21:30:10,刺网
12995,29.551472222222234,126.53944444444444,0.5,0.0,2019-04-14 21:40:10,刺网
12995,29.5515,126.53936111111106,0.4,0.0,2019-04-14 21:50:10,刺网
12995,29.5515,126.53925,0.5,285.0,2019-04-14 22:10:10,刺网
12995,29.551472222222234,126.53938888888888,0.5,0.0,2019-04-14 22:20:10,刺网
12995,29.551472222222234,126.53925,0.5,0.0,2019-04-14 22:30:10,刺网
12995,29.551444444444453,126.53947222222222,0.3,0.0,2019-04-14 22:40:09,刺网
12995,29.551472222222234,126.53925,0.5,159.0,2019-04-14 22:50:09,刺网
12995,29.551472222222234,126.53938888888888,0.6,0.0,2019-04-14 23:00:09,刺网
12995,29.551472222222234,126.53930555555556,0.9,162.0,2019-04-14 23:10:12,刺网
12995,29.551472222222234,126.53916666666666,0.7,186.0,2019-04-14 23:20:12,刺网
12995,29.551444444444453,126.53911111111113,0.8,229.0,2019-04-14 23:30:12,刺网
12995,29.5515,126.5395,1.0,0.0,2019-04-14 23:40:12,刺网
12995,29.551527777777785,126.53944444444444,0.9,0.0,2019-04-14 23:50:12,刺网
12995,29.551527777777785,126.5395,0.9,0.0,2019-04-15 00:00:12,刺网
12995,29.551472222222234,126.53927777777777,0.5,295.0,2019-04-15 00:10:11,刺网
12995,29.551472222222234,126.53947222222222,0.5,0.0,2019-04-15 00:20:12,刺网
12995,29.5515,126.53911111111113,1.3,272.0,2019-04-15 00:30:11,刺网
12995,29.5515,126.53930555555556,0.3,0.0,2019-04-15 00:40:12,刺网
12995,29.551472222222234,126.53913888888887,0.2,0.0,2019-04-15 00:50:11,刺网
12995,29.5515,126.53933333333332,0.5,274.0,2019-04-15 01:00:11,刺网
12995,29.5515,126.53905555555555,0.5,0.0,2019-04-15 01:10:11,刺网
12995,29.5515,126.53913888888887,0.4,0.0,2019-04-15 01:20:11,刺网
12995,29.5515,126.53916666666666,1.2,264.0,2019-04-15 01:30:11,刺网
12995,29.5515,126.53908333333334,0.5,0.0,2019-04-15 01:40:11,刺网
12995,29.551472222222234,126.53938888888888,0.7,219.0,2019-04-15 01:50:11,刺网
12995,29.551472222222234,126.53938888888888,0.4,0.0,2019-04-15 02:00:11,刺网
12995,29.551472222222234,126.53927777777777,1.2,132.0,2019-04-15 02:10:11,刺网
12995,29.5515,126.53944444444444,0.4,155.0,2019-04-15 02:20:10,刺网
12995,29.551472222222234,126.5395277777778,0.5,140.0,2019-04-15 02:30:10,刺网
12995,29.551472222222234,126.53941666666664,0.5,198.0,2019-04-15 02:40:10,刺网
12995,29.551472222222234,126.53936111111106,1.0,53.0,2019-04-15 02:50:10,刺网
12995,29.5515,126.53941666666664,0.6,105.0,2019-04-15 03:00:10,刺网
12995,29.551472222222234,126.53963888888887,1.5,148.0,2019-04-15 03:10:10,刺网
12995,29.5515,126.5395277777778,0.6,331.0,2019-04-15 03:20:10,刺网
12995,29.5515,126.5395277777778,0.5,334.0,2019-04-15 03:30:10,刺网
12995,29.551472222222234,126.53969444444445,0.8,13.0,2019-04-15 03:40:09,刺网
12995,29.5515,126.53963888888887,0.4,45.0,2019-04-15 03:50:09,刺网
12995,29.551472222222234,126.53963888888887,0.8,79.0,2019-04-15 04:00:09,刺网
12995,29.551472222222234,126.53947222222222,1.3,316.0,2019-04-15 04:10:09,刺网
12995,29.55194444444445,126.53975,1.3,110.0,2019-04-15 04:20:09,刺网
12995,29.55008333333333,126.53841666666666,6.8,185.0,2019-04-15 04:30:12,刺网
12995,29.53136111111111,126.53841666666666,7.5,180.0,2019-04-15 04:40:12,刺网
12995,29.511194444444445,126.5385,7.8,178.0,2019-04-15 04:50:12,刺网
12995,29.500027777777767,126.53258333333332,6.9,9.0,2019-04-15 05:00:12,刺网
12995,29.52069444444444,126.53219444444444,7.6,356.0,2019-04-15 05:10:12,刺网
12995,29.542055555555557,126.53158333333332,8.2,356.0,2019-04-15 05:20:12,刺网
12995,29.542666666666666,126.52519444444445,8.4,179.0,2019-04-15 05:30:12,刺网
12995,29.520777777777766,126.52527777777777,8.0,179.0,2019-04-15 05:40:11,刺网
12995,29.49886111111111,126.52569444444444,8.9,176.0,2019-04-15 05:50:11,刺网
12995,29.511944444444445,126.51927777777777,7.3,356.0,2019-04-15 06:00:11,刺网
12995,29.53225,126.51838888888894,7.4,359.0,2019-04-15 06:10:11,刺网
12995,29.552888888888887,126.518,8.2,355.0,2019-04-15 06:20:11,刺网
12995,29.540416666666665,126.51258333333334,8.7,172.0,2019-04-15 06:30:11,刺网
12995,29.516333333333336,126.51288888888888,7.8,183.0,2019-04-15 06:40:11,刺网
12995,29.501583333333336,126.50647222222223,6.9,310.0,2019-04-15 06:50:11,刺网
12995,29.52083333333333,126.50566666666668,7.2,357.0,2019-04-15 07:00:11,刺网
12995,29.54105555555556,126.50572222222223,7.3,357.0,2019-04-15 07:10:11,刺网
12995,29.56069444444445,126.50608333333332,5.6,5.0,2019-04-15 07:20:10,刺网
12995,29.574333333333332,126.51302777777776,4.7,32.0,2019-04-15 07:30:10,刺网
12995,29.57772222222223,126.51716666666668,2.0,170.0,2019-04-15 07:40:10,刺网
12995,29.57636111111111,126.51855555555555,0.9,140.0,2019-04-15 07:50:10,刺网
12995,29.574972222222215,126.5202777777778,0.9,141.0,2019-04-15 08:00:10,刺网
12995,29.57338888888889,126.52191666666666,1.0,131.0,2019-04-15 08:10:10,刺网
12995,29.571583333333336,126.52394444444445,1.0,136.0,2019-04-15 08:20:10,刺网
12995,29.56991666666667,126.52583333333334,1.1,122.0,2019-04-15 08:30:09,刺网
12995,29.568222222222214,126.52763888888887,2.5,175.0,2019-04-15 08:40:10,刺网
12995,29.566277777777767,126.53016666666667,1.8,136.0,2019-04-15 08:50:10,刺网
12995,29.56463888888889,126.53213888888894,1.2,137.0,2019-04-15 09:00:09,刺网
12995,29.5605,126.54030555555555,5.4,119.0,2019-04-15 09:10:09,刺网
12995,29.558166666666665,126.54608333333331,2.1,225.0,2019-04-15 09:20:09,刺网
12995,29.55094444444445,126.54505555555555,2.7,202.0,2019-04-15 09:30:09,刺网
12995,29.54191666666667,126.54441666666666,3.6,186.0,2019-04-15 09:40:09,刺网
12995,29.532527777777766,126.54413888888888,2.7,163.0,2019-04-15 09:50:12,刺网
12995,29.523055555555555,126.54547222222222,4.8,163.0,2019-04-15 10:00:12,刺网
12995,29.51347222222222,126.54788888888888,3.3,181.0,2019-04-15 10:10:12,刺网
12995,29.50525,126.54608333333331,1.9,220.0,2019-04-15 10:20:12,刺网
12995,29.507805555555557,126.54138888888887,2.8,353.0,2019-04-15 10:30:11,刺网
12995,29.517055555555554,126.54194444444445,3.0,329.0,2019-04-15 10:40:11,刺网
12995,29.525777777777787,126.54013888888888,3.3,287.0,2019-04-15 10:50:11,刺网
12995,29.53508333333333,126.53833333333333,3.4,348.0,2019-04-15 11:00:11,刺网
12995,29.54358333333333,126.53747222222222,3.3,3.0,2019-04-15 11:10:11,刺网
12995,29.55233333333333,126.537,2.8,340.0,2019-04-15 11:20:11,刺网
12995,29.55380555555556,126.53244444444445,2.9,204.0,2019-04-15 11:30:11,刺网
12995,29.545361111111113,126.53083333333332,4.3,191.0,2019-04-15 11:40:11,刺网
12995,29.53694444444445,126.53263888888887,1.7,160.0,2019-04-15 11:50:11,刺网
12995,29.529277777777768,126.53399999999999,3.2,175.0,2019-04-15 12:00:10,刺网
12995,29.52277777777777,126.53427777777777,3.8,188.0,2019-04-15 12:10:10,刺网
12995,29.514111111111113,126.5337222222222,3.8,170.0,2019-04-15 12:20:10,刺网
12995,29.506222222222213,126.53294444444445,3.3,173.0,2019-04-15 12:30:10,刺网
12995,29.50380555555556,126.52769444444445,3.0,3.0,2019-04-15 12:40:10,刺网
12995,29.511888888888887,126.5275277777778,3.2,339.0,2019-04-15 12:50:10,刺网
12995,29.521472222222233,126.52688888888888,3.5,350.0,2019-04-15 13:00:10,刺网
12995,29.531666666666666,126.52575,3.7,351.0,2019-04-15 13:10:10,刺网
12995,29.54016666666667,126.52463888888887,3.5,346.0,2019-04-15 13:20:10,刺网
12995,29.549611111111112,126.52352777777777,3.5,5.0,2019-04-15 13:30:10,刺网
12995,29.55838888888889,126.52288888888887,3.4,352.0,2019-04-15 13:40:10,刺网
12995,29.55908333333333,126.51911111111107,2.8,204.0,2019-04-15 13:50:09,刺网
12995,29.55191666666667,126.51652777777777,2.8,173.0,2019-04-15 14:00:09,刺网
12995,29.54441666666667,126.51544444444444,2.4,203.0,2019-04-15 14:10:09,刺网
12995,29.53625,126.51616666666668,3.0,193.0,2019-04-15 14:20:09,刺网
12995,29.527555555555555,126.51647222222222,2.7,182.0,2019-04-15 14:30:09,刺网
12995,29.52261111111111,126.51569444444445,0.8,235.0,2019-04-15 14:40:09,刺网
12995,29.51550000000001,126.51458333333332,2.9,203.0,2019-04-15 14:50:09,刺网
12995,29.51013888888889,126.51177777777778,3.5,275.0,2019-04-15 15:00:12,刺网
12995,29.51888888888889,126.50905555555555,3.7,336.0,2019-04-15 15:10:11,刺网
12995,29.52963888888889,126.50805555555556,3.7,352.0,2019-04-15 15:20:12,刺网
12995,29.53891666666667,126.50755555555556,3.9,349.0,2019-04-15 15:30:12,刺网
12995,29.54861111111111,126.50663888888887,3.5,356.0,2019-04-15 15:40:11,刺网
12995,29.55836111111111,126.50675,4.0,14.0,2019-04-15 15:50:11,刺网
12995,29.56758333333333,126.5077777777778,2.8,5.0,2019-04-15 16:00:11,刺网
12995,29.575944444444442,126.50911111111112,3.7,6.0,2019-04-15 16:10:11,刺网
12995,29.586166666666664,126.50955555555555,4.1,359.0,2019-04-15 16:20:11,刺网
12995,29.59694444444445,126.50983333333332,4.2,352.0,2019-04-15 16:30:11,刺网
12995,29.60008333333333,126.51244444444444,3.4,186.0,2019-04-15 16:40:11,刺网
12995,29.59788888888889,126.51022222222224,7.4,346.0,2019-04-15 16:50:11,刺网
12995,29.61775,126.50691666666664,5.7,346.0,2019-04-15 17:00:10,刺网
12995,29.63794444444445,126.50486111111113,6.9,351.0,2019-04-15 17:10:10,刺网
12995,29.658277777777766,126.50327777777778,7.4,353.0,2019-04-15 17:20:10,刺网
12995,29.68008333333333,126.50175,7.3,347.0,2019-04-15 17:30:10,刺网
12995,29.69986111111111,126.50027777777778,7.8,350.0,2019-04-15 17:40:10,刺网
12995,29.72097222222222,126.49852777777778,7.5,350.0,2019-04-15 17:50:10,刺网
12995,29.74208333333333,126.49786111111112,8.1,359.0,2019-04-15 18:00:10,刺网
12995,29.757444444444445,126.49730555555556,1.2,272.0,2019-04-15 18:10:10,刺网
12995,29.75788888888889,126.49836111111112,0.2,0.0,2019-04-15 18:20:10,刺网
12995,29.758472222222213,126.49891666666666,2.1,230.0,2019-04-15 18:30:10,刺网
12995,29.759027777777767,126.49836111111112,1.4,50.0,2019-04-15 18:40:10,刺网
12995,29.75911111111111,126.49797222222223,0.4,21.0,2019-04-15 18:50:09,刺网
12995,29.758944444444445,126.49777777777778,0.8,192.0,2019-04-15 19:00:09,刺网
12995,29.75911111111111,126.49830555555555,1.1,346.0,2019-04-15 19:10:09,刺网
12995,29.759138888888888,126.49808333333333,0.5,264.0,2019-04-15 19:20:09,刺网
12995,29.759138888888888,126.49811111111113,0.4,0.0,2019-04-15 19:30:09,刺网
12995,29.759027777777767,126.49825,0.9,17.0,2019-04-15 19:40:09,刺网
12995,29.758944444444445,126.49838888888893,0.5,160.0,2019-04-15 19:50:09,刺网
12995,29.758888888888887,126.49852777777778,1.5,4.0,2019-04-15 20:00:09,刺网
12995,29.758888888888887,126.49852777777778,1.1,80.0,2019-04-15 20:10:12,刺网
12995,29.75875,126.49872222222223,1.2,164.0,2019-04-15 20:20:12,刺网
12995,29.75866666666667,126.4987777777778,1.3,236.0,2019-04-15 20:30:11,刺网
12995,29.75861111111111,126.49886111111113,0.3,0.0,2019-04-15 20:40:12,刺网
12995,29.758472222222213,126.49897222222219,0.8,169.0,2019-04-15 20:50:11,刺网
12995,29.758277777777767,126.49905555555556,1.1,204.0,2019-04-15 21:00:11,刺网
12995,29.75830555555555,126.49902777777777,1.5,15.0,2019-04-15 21:10:11,刺网
12995,29.758166666666664,126.49913888888888,0.5,0.0,2019-04-15 21:20:11,刺网
12995,29.75825,126.49908333333332,0.5,326.0,2019-04-15 21:30:11,刺网
12995,29.75819444444444,126.49908333333332,1.7,119.0,2019-04-15 21:40:11,刺网
12995,29.758138888888887,126.49911111111106,0.9,26.0,2019-04-15 21:50:11,刺网
12995,29.75791666666667,126.49916666666668,0.7,213.0,2019-04-15 22:00:11,刺网
12995,29.757666666666665,126.49922222222223,1.0,2.0,2019-04-15 22:10:11,刺网
12995,29.75733333333333,126.49922222222223,0.5,228.0,2019-04-15 22:20:10,刺网
12995,29.75713888888889,126.49913888888888,0.4,10.0,2019-04-15 22:30:10,刺网
12995,29.75702777777777,126.49905555555556,0.8,243.0,2019-04-15 22:40:10,刺网
12995,29.75691666666667,126.49902777777777,0.6,206.0,2019-04-15 22:50:10,刺网
12995,29.756777777777767,126.499,0.5,232.0,2019-04-15 23:00:10,刺网
12995,29.756527777777766,126.4987777777778,0.5,306.0,2019-04-15 23:10:10,刺网
12995,29.75627777777777,126.49841666666669,0.5,249.0,2019-04-15 23:20:10,刺网
12995,29.75611111111111,126.4980277777778,0.9,153.0,2019-04-15 23:30:10,刺网
12995,29.756,126.4974722222222,0.4,152.0,2019-04-15 23:40:10,刺网
12995,29.756027777777767,126.49677777777778,0.3,0.0,2019-04-15 23:50:10,刺网
12995,29.75625,126.49616666666668,1.2,278.0,2019-04-16 00:00:09,刺网
12995,29.75633333333333,126.49597222222219,0.4,1.0,2019-04-16 00:10:09,刺网
12995,29.756166666666665,126.49622222222222,0.3,20.0,2019-04-16 00:20:09,刺网
12995,29.756472222222214,126.49580555555555,0.3,0.0,2019-04-16 00:30:09,刺网
12995,29.756222222222213,126.49611111111106,0.6,140.0,2019-04-16 00:40:09,刺网
12995,29.75641666666667,126.49586111111113,0.9,298.0,2019-04-16 00:50:09,刺网
12995,29.7565,126.49580555555555,0.9,150.0,2019-04-16 01:00:09,刺网
12995,29.75644444444445,126.49583333333334,0.1,0.0,2019-04-16 01:10:09,刺网
12995,29.75641666666667,126.49588888888893,0.8,165.0,2019-04-16 01:20:09,刺网
12995,29.75675,126.49555555555555,1.3,198.0,2019-04-16 01:30:09,刺网
12995,29.756777777777767,126.49552777777777,0.4,266.0,2019-04-16 01:40:12,刺网
12995,29.75691666666667,126.49547222222222,0.8,332.0,2019-04-16 01:50:11,刺网
12995,29.75708333333333,126.49536111111112,0.6,191.0,2019-04-16 02:00:11,刺网
12995,29.757305555555554,126.49530555555555,0.4,9.0,2019-04-16 02:10:11,刺网
12995,29.75761111111111,126.49527777777777,1.0,352.0,2019-04-16 02:20:11,刺网
12995,29.757527777777767,126.49527777777777,0.2,0.0,2019-04-16 02:30:11,刺网
12995,29.757666666666665,126.49533333333332,0.4,217.0,2019-04-16 02:40:11,刺网
12995,29.75788888888889,126.49533333333332,0.6,90.0,2019-04-16 02:50:11,刺网
12995,29.75794444444445,126.49533333333332,0.7,1.0,2019-04-16 03:00:11,刺网
12995,29.758111111111113,126.49533333333332,0.8,8.0,2019-04-16 03:10:11,刺网
12995,29.75825,126.49541666666666,0.2,0.0,2019-04-16 03:20:11,刺网
12995,29.758416666666665,126.49552777777777,0.4,0.0,2019-04-16 03:30:10,刺网
12995,29.758527777777786,126.49561111111113,0.5,0.0,2019-04-16 03:40:10,刺网
12995,29.75866666666667,126.49566666666666,0.1,0.0,2019-04-16 03:50:10,刺网
12995,29.758777777777766,126.49577777777776,0.5,0.0,2019-04-16 04:00:10,刺网
12995,29.758777777777766,126.49586111111113,0.5,0.0,2019-04-16 04:10:10,刺网
12995,29.763444444444442,126.49547222222222,7.6,6.0,2019-04-16 04:20:10,刺网
12995,29.78413888888889,126.49577777777776,8.1,358.0,2019-04-16 04:30:10,刺网
12995,29.80638888888889,126.49602777777778,8.1,0.0,2019-04-16 04:40:10,刺网
12995,29.798000000000002,126.5012777777778,7.6,183.0,2019-04-16 04:50:10,刺网
12995,29.776416666666666,126.50169444444445,7.8,180.0,2019-04-16 05:00:10,刺网
12995,29.755861111111113,126.50297222222223,7.4,84.0,2019-04-16 05:10:10,刺网
12995,29.77441666666667,126.50733333333334,7.5,358.0,2019-04-16 05:20:10,刺网
12995,29.796277777777767,126.50730555555555,7.8,4.0,2019-04-16 05:30:09,刺网
12995,29.802194444444453,126.51191666666666,8.1,186.0,2019-04-16 05:40:09,刺网
12995,29.78080555555556,126.5125277777778,8.1,178.0,2019-04-16 05:50:09,刺网
12995,29.75936111111111,126.51294444444444,8.1,181.0,2019-04-16 06:00:09,刺网
12995,29.770055555555555,126.51858333333332,8.4,358.0,2019-04-16 06:10:09,刺网
12995,29.79344444444445,126.51830555555556,9.0,3.0,2019-04-16 06:20:09,刺网
12995,29.80333333333333,126.5245,8.0,181.0,2019-04-16 06:30:09,刺网
12995,29.782916666666665,126.5247777777778,8.0,177.0,2019-04-16 06:40:09,刺网
12995,29.76130555555556,126.52497222222222,7.4,182.0,2019-04-16 06:50:11,刺网
12995,29.761,126.53241666666666,8.8,4.0,2019-04-16 07:00:11,刺网
12995,29.78366666666667,126.53200000000001,7.8,4.0,2019-04-16 07:10:11,刺网
12995,29.79891666666667,126.53055555555555,2.5,252.0,2019-04-16 07:20:11,刺网
12995,29.797638888888887,126.52325,2.6,269.0,2019-04-16 07:30:11,刺网
12995,29.79341666666667,126.51630555555555,2.9,231.0,2019-04-16 07:40:11,刺网
12995,29.78769444444445,126.51,3.1,216.0,2019-04-16 07:50:11,刺网
12995,29.782027777777767,126.50380555555556,2.8,218.0,2019-04-16 08:00:11,刺网
12995,29.775666666666666,126.49855555555555,2.1,209.0,2019-04-16 08:10:11,刺网
12995,29.778861111111112,126.49686111111113,0.4,0.0,2019-04-16 08:20:11,刺网
12995,29.780361111111112,126.49786111111112,1.0,60.0,2019-04-16 08:30:11,刺网
12995,29.781944444444445,126.49902777777777,0.5,3.0,2019-04-16 08:40:10,刺网
12995,29.78325,126.50016666666669,0.6,33.0,2019-04-16 08:50:10,刺网
12995,29.784388888888888,126.50158333333331,1.1,32.0,2019-04-16 09:00:10,刺网
12995,29.787277777777767,126.51069444444445,6.0,77.0,2019-04-16 09:10:10,刺网
12995,29.78466666666667,126.51275,2.4,288.0,2019-04-16 09:20:10,刺网
12995,29.794083333333337,126.51116666666668,3.4,2.0,2019-04-16 09:30:10,刺网
12995,29.803722222222234,126.51011111111113,3.3,346.0,2019-04-16 09:40:10,刺网
12995,29.812638888888888,126.50838888888893,3.4,9.0,2019-04-16 09:50:10,刺网
12995,29.821527777777767,126.51111111111106,3.7,19.0,2019-04-16 10:00:10,刺网
12995,29.816222222222233,126.51475,2.4,214.0,2019-04-16 10:10:10,刺网
12995,29.80822222222222,126.5165,3.8,142.0,2019-04-16 10:20:10,刺网
12995,29.79977777777778,126.52236111111112,3.8,152.0,2019-04-16 10:30:09,刺网
12995,29.791083333333336,126.52613888888888,3.4,169.0,2019-04-16 10:40:09,刺网
12995,29.781305555555555,126.52938888888887,3.4,178.0,2019-04-16 10:50:09,刺网
12995,29.77269444444445,126.53172222222223,3.3,167.0,2019-04-16 11:00:09,刺网
12995,29.769388888888887,126.53508333333332,3.3,16.0,2019-04-16 11:10:09,刺网
12995,29.778722222222214,126.53613888888887,3.0,355.0,2019-04-16 11:20:09,刺网
12995,29.788472222222214,126.53505555555556,3.3,351.0,2019-04-16 11:30:09,刺网
12995,29.797638888888887,126.53222222222222,3.5,339.0,2019-04-16 11:40:09,刺网
12995,29.806222222222214,126.52786111111112,3.7,337.0,2019-04-16 11:50:08,刺网
12995,29.814527777777766,126.52336111111107,3.1,333.0,2019-04-16 12:00:08,刺网
12995,29.817277777777768,126.52213888888888,0.8,350.0,2019-04-16 12:10:11,刺网
12995,29.812555555555555,126.5285,3.6,248.0,2019-04-16 12:20:11,刺网
12995,29.816,126.524,3.3,310.0,2019-04-16 12:30:11,刺网
12995,29.812638888888888,126.52866666666668,0.5,101.0,2019-04-16 12:40:11,刺网
12995,29.80716666666667,126.53005555555555,3.3,143.0,2019-04-16 12:50:11,刺网
12995,29.798861111111112,126.5355,3.4,158.0,2019-04-16 13:00:11,刺网
12995,29.793250000000004,126.53833333333333,2.8,155.0,2019-04-16 13:10:11,刺网
12995,29.784944444444452,126.54091666666666,3.1,166.0,2019-04-16 13:20:11,刺网
12995,29.77608333333333,126.54280555555556,3.3,165.0,2019-04-16 13:30:11,刺网
12995,29.76805555555556,126.54433333333334,2.5,170.0,2019-04-16 13:40:10,刺网
12995,29.76152777777777,126.54755555555555,2.4,138.0,2019-04-16 13:50:10,刺网
12995,29.76733333333333,126.54986111111107,3.4,348.0,2019-04-16 14:00:10,刺网
12995,29.77719444444445,126.54811111111113,3.4,355.0,2019-04-16 14:10:10,刺网
12995,29.78708333333333,126.54666666666668,3.5,342.0,2019-04-16 14:20:10,刺网
12995,29.796527777777786,126.5427222222222,3.8,334.0,2019-04-16 14:30:10,刺网
12995,29.80577777777778,126.53875,3.5,350.0,2019-04-16 14:40:10,刺网
12995,29.810666666666666,126.5415,3.3,172.0,2019-04-16 14:50:10,刺网
12995,29.802916666666665,126.54338888888893,3.1,161.0,2019-04-16 15:00:10,刺网
12995,29.79422222222223,126.54741666666666,2.5,161.0,2019-04-16 15:10:10,刺网
12995,29.787222222222233,126.54958333333332,2.8,169.0,2019-04-16 15:20:10,刺网
12995,29.77894444444444,126.55091666666668,2.9,171.0,2019-04-16 15:30:09,刺网
12995,29.77047222222223,126.552,2.7,170.0,2019-04-16 15:40:09,刺网
12995,29.762583333333332,126.55330555555555,2.7,163.0,2019-04-16 15:50:09,刺网
12995,29.756055555555548,126.5572222222222,2.7,121.0,2019-04-16 16:00:09,刺网
12995,29.761555555555553,126.56016666666667,3.1,354.0,2019-04-16 16:10:09,刺网
12995,29.7705,126.55927777777778,3.6,354.0,2019-04-16 16:20:09,刺网
12995,29.780416666666664,126.55861111111106,3.5,3.0,2019-04-16 16:30:09,刺网
12995,29.78986111111111,126.55766666666666,3.0,347.0,2019-04-16 16:40:09,刺网
12995,29.79294444444445,126.5527777777778,4.2,227.0,2019-04-16 16:50:09,刺网
12995,29.78477777777778,126.54305555555555,4.1,224.0,2019-04-16 17:00:08,刺网
12995,29.776888888888887,126.53411111111107,4.0,224.0,2019-04-16 17:10:08,刺网
12995,29.76872222222222,126.5247222222222,4.1,226.0,2019-04-16 17:20:08,刺网
12995,29.753555555555558,126.50841666666668,3.6,178.0,2019-04-16 17:40:11,刺网
12995,29.74447222222223,126.50675,3.0,189.0,2019-04-16 17:50:11,刺网
12995,29.73602777777778,126.50522222222222,2.9,194.0,2019-04-16 18:00:11,刺网
12995,29.73111111111111,126.50455555555556,0.8,13.0,2019-04-16 18:10:11,刺网
12995,29.73319444444445,126.50380555555556,2.8,289.0,2019-04-16 18:20:11,刺网
12995,29.74716666666667,126.47280555555555,8.3,294.0,2019-04-16 18:40:11,刺网
12995,29.748361111111112,126.44944444444445,7.2,268.0,2019-04-16 18:50:10,刺网
12995,29.75063888888889,126.4465,1.0,14.0,2019-04-16 19:00:10,刺网
12995,29.75063888888889,126.4472222222222,0.3,0.0,2019-04-16 19:10:10,刺网
12995,29.75058333333333,126.44733333333332,0.2,0.0,2019-04-16 19:20:10,刺网
12995,29.7505,126.44738888888894,0.4,5.0,2019-04-16 19:30:10,刺网
12995,29.75044444444445,126.44744444444444,0.2,0.0,2019-04-16 19:40:10,刺网
12995,29.75025,126.44766666666668,0.6,165.0,2019-04-16 19:50:10,刺网
12995,29.75011111111111,126.4477777777778,0.3,319.0,2019-04-16 20:00:10,刺网
12995,29.750166666666665,126.44772222222224,0.4,0.0,2019-04-16 20:10:10,刺网
12995,29.750027777777767,126.44786111111112,0.4,0.0,2019-04-16 20:20:09,刺网
12995,29.749944444444452,126.44791666666669,0.4,187.0,2019-04-16 20:30:10,刺网
12995,29.74977777777778,126.448,0.4,0.0,2019-04-16 20:40:09,刺网
12995,29.74977777777778,126.44802777777778,0.3,53.0,2019-04-16 20:50:09,刺网
12995,29.74963888888889,126.44805555555556,0.8,193.0,2019-04-16 21:00:09,刺网
12995,29.74963888888889,126.44802777777778,0.3,0.0,2019-04-16 21:10:09,刺网
12995,29.749472222222234,126.44811111111113,0.1,0.0,2019-04-16 21:20:09,刺网
12995,29.749388888888888,126.44813888888888,0.3,0.0,2019-04-16 21:30:09,刺网
12995,29.749305555555555,126.44813888888888,0.3,171.0,2019-04-16 21:40:09,刺网
12995,29.749111111111112,126.44816666666668,0.1,0.0,2019-04-16 21:50:09,刺网
12995,29.749055555555554,126.44816666666668,0.3,201.0,2019-04-16 22:00:08,刺网
12995,29.74880555555556,126.44816666666668,0.9,143.0,2019-04-16 22:10:08,刺网
12995,29.748777777777786,126.44816666666668,0.4,230.0,2019-04-16 22:20:08,刺网
12995,29.748638888888888,126.44811111111113,0.2,0.0,2019-04-16 22:30:08,刺网
12995,29.748472222222233,126.44808333333332,0.3,186.0,2019-04-16 22:40:11,刺网
12995,29.748305555555557,126.448,0.5,222.0,2019-04-16 22:50:11,刺网
12995,29.74808333333333,126.44788888888893,0.1,0.0,2019-04-16 23:00:11,刺网
12995,29.748,126.44783333333336,0.3,0.0,2019-04-16 23:10:11,刺网
12995,29.747972222222234,126.44780555555555,0.8,278.0,2019-04-16 23:20:11,刺网
12995,29.747805555555555,126.44769444444445,0.6,200.0,2019-04-16 23:30:11,刺网
12995,29.74786111111111,126.44775,0.3,0.0,2019-04-16 23:40:11,刺网
12995,29.74794444444445,126.44780555555555,0.6,34.0,2019-04-16 23:50:11,刺网
12995,29.748,126.44786111111112,0.5,105.0,2019-04-17 00:00:10,刺网
12995,29.74794444444445,126.44780555555555,0.3,260.0,2019-04-17 00:10:10,刺网
12995,29.747805555555555,126.44766666666668,0.3,267.0,2019-04-17 00:20:10,刺网
12995,29.747694444444452,126.44755555555555,0.2,0.0,2019-04-17 00:30:10,刺网
12995,29.74752777777778,126.44736111111106,0.2,0.0,2019-04-17 00:40:10,刺网
12995,29.74738888888889,126.44711111111113,1.2,266.0,2019-04-17 00:50:10,刺网
12995,29.74725,126.44694444444444,0.9,295.0,2019-04-17 01:00:10,刺网
12995,29.74716666666667,126.44663888888887,0.3,0.0,2019-04-17 01:10:10,刺网
12995,29.74711111111111,126.44638888888888,0.6,10.0,2019-04-17 01:20:10,刺网
12995,29.747027777777767,126.446,0.6,266.0,2019-04-17 01:30:10,刺网
12995,29.747027777777767,126.44572222222223,0.6,100.0,2019-04-17 01:40:09,刺网
12995,29.74711111111111,126.44522222222223,0.5,38.0,2019-04-17 01:50:09,刺网
12995,29.74733333333333,126.44461111111113,0.4,293.0,2019-04-17 02:00:09,刺网
12995,29.7475,126.44430555555556,2.0,144.0,2019-04-17 02:10:09,刺网
12995,29.74758333333333,126.44422222222224,0.8,263.0,2019-04-17 02:20:09,刺网
12995,29.747555555555557,126.44425,1.0,34.0,2019-04-17 02:30:09,刺网
12995,29.74733333333333,126.44458333333333,1.7,283.0,2019-04-17 02:40:09,刺网
12995,29.74758333333333,126.44422222222224,0.2,0.0,2019-04-17 02:50:09,刺网
12995,29.747722222222233,126.4440277777778,1.0,170.0,2019-04-17 03:00:08,刺网
12995,29.747472222222232,126.44433333333336,0.2,0.0,2019-04-17 03:10:08,刺网
12995,29.7475,126.44430555555556,0.7,125.0,2019-04-17 03:20:08,刺网
12995,29.747722222222233,126.44408333333334,0.5,0.0,2019-04-17 03:30:08,刺网
12995,29.747750000000003,126.44411111111113,0.5,342.0,2019-04-17 03:40:08,刺网
12995,29.74786111111111,126.444,1.7,66.0,2019-04-17 03:50:08,刺网
12995,29.74855555555556,126.44663888888887,4.1,180.0,2019-04-17 04:00:11,刺网
12995,29.761055555555558,126.44311111111112,7.3,3.0,2019-04-17 04:10:11,刺网
12995,29.77963888888889,126.44336111111113,6.9,3.0,2019-04-17 04:20:11,刺网
12995,29.79575,126.44938888888888,7.3,178.0,2019-04-17 04:40:11,刺网
12995,29.77569444444445,126.4495277777778,7.4,173.0,2019-04-17 04:50:11,刺网
12995,29.755861111111113,126.44919444444444,7.9,188.0,2019-04-17 05:00:10,刺网
12995,29.747,126.45469444444444,8.1,9.0,2019-04-17 05:10:10,刺网
12995,29.769722222222214,126.45561111111112,7.6,11.0,2019-04-17 05:20:10,刺网
12995,29.79241666666667,126.45611111111113,8.1,357.0,2019-04-17 05:30:10,刺网
12995,29.80183333333333,126.462,7.4,182.0,2019-04-17 05:40:10,刺网
12995,29.78125,126.4625,7.4,180.0,2019-04-17 05:50:10,刺网
12995,29.760972222222215,126.46286111111112,7.0,174.0,2019-04-17 06:00:10,刺网
12995,29.74625,126.46880555555555,8.2,43.0,2019-04-17 06:10:10,刺网
12995,29.770222222222234,126.46961111111112,8.2,356.0,2019-04-17 06:20:10,刺网
12995,29.79175,126.46977777777781,8.8,349.0,2019-04-17 06:30:10,刺网
12995,29.805888888888887,126.47605555555555,6.8,145.0,2019-04-17 06:40:09,刺网
12995,29.78519444444445,126.4760277777778,7.3,177.0,2019-04-17 06:50:09,刺网
12995,29.76425,126.47622222222222,7.4,186.0,2019-04-17 07:00:09,刺网
12995,29.75033333333333,126.47008333333332,4.3,221.0,2019-04-17 07:10:09,刺网
12995,29.7445,126.46233333333332,1.2,317.0,2019-04-17 07:20:09,刺网
12995,29.74586111111111,126.46130555555555,0.5,334.0,2019-04-17 07:30:09,刺网
12995,29.747277777777786,126.46044444444445,0.3,0.0,2019-04-17 07:40:09,刺网
12995,29.74861111111111,126.46002777777778,0.6,354.0,2019-04-17 07:50:09,刺网
12995,29.75008333333333,126.45958333333333,0.4,0.0,2019-04-17 08:00:09,刺网
12995,29.75169444444445,126.45980555555555,0.9,6.0,2019-04-17 08:10:09,刺网
12995,29.753055555555555,126.45983333333334,0.4,0.0,2019-04-17 08:20:08,刺网
12995,29.754472222222233,126.46055555555556,0.4,0.0,2019-04-17 08:30:08,刺网
12995,29.75575000000001,126.46155555555555,0.6,0.0,2019-04-17 08:40:08,刺网
12995,29.75708333333333,126.46244444444444,0.5,0.0,2019-04-17 08:50:08,刺网
12995,29.758527777777786,126.46363888888894,0.6,0.0,2019-04-17 09:00:08,刺网
12995,29.75991666666667,126.46488888888894,0.6,0.0,2019-04-17 09:10:11,刺网
12995,29.76858333333333,126.45972222222224,6.1,331.0,2019-04-17 09:20:11,刺网
12995,29.769305555555555,126.45333333333332,2.9,0.0,2019-04-17 09:30:10,刺网
12995,29.779555555555554,126.45316666666668,3.4,12.0,2019-04-17 09:40:10,刺网
12995,29.7895,126.45513888888887,2.6,344.0,2019-04-17 09:50:10,刺网
12995,29.79786111111111,126.45655555555555,3.3,3.0,2019-04-17 10:00:10,刺网
12995,29.80691666666667,126.45722222222223,1.6,67.0,2019-04-17 10:10:10,刺网
12995,29.80994444444445,126.45850000000002,3.4,354.0,2019-04-17 10:20:10,刺网
12995,29.815972222222214,126.45952777777778,1.6,73.0,2019-04-17 10:30:10,刺网
12995,29.820999999999998,126.46361111111112,2.2,98.0,2019-04-17 10:40:10,刺网
12995,29.818361111111113,126.46733333333331,2.3,148.0,2019-04-17 10:50:10,刺网
12995,29.81105555555556,126.4705,3.8,157.0,2019-04-17 11:00:10,刺网
12995,29.80083333333333,126.474,3.6,167.0,2019-04-17 11:10:10,刺网
12995,29.790861111111113,126.47580555555555,3.1,186.0,2019-04-17 11:20:10,刺网
12995,29.781416666666665,126.47572222222223,3.7,170.0,2019-04-17 11:30:09,刺网
12995,29.77255555555555,126.47708333333333,1.9,167.0,2019-04-17 11:40:09,刺网
12995,29.769111111111112,126.48013888888887,2.5,140.0,2019-04-17 11:50:09,刺网
12995,29.76166666666667,126.48005555555555,3.4,170.0,2019-04-17 12:00:09,刺网
12995,29.75633333333333,126.48108333333332,2.8,165.0,2019-04-17 12:10:09,刺网
12995,29.75883333333333,126.48838888888888,3.5,43.0,2019-04-17 12:20:09,刺网
12995,29.76691666666667,126.48897222222223,3.2,7.0,2019-04-17 12:30:09,刺网
12995,29.775444444444442,126.49019444444444,3.1,37.0,2019-04-17 12:40:09,刺网
12995,29.784472222222234,126.49175,3.2,25.0,2019-04-17 12:50:09,刺网
12995,29.79969444444445,126.49058333333332,3.5,11.0,2019-04-17 13:10:09,刺网
12995,29.80675,126.48925,2.3,2.0,2019-04-17 13:20:08,刺网
12995,29.80913888888889,126.48927777777777,2.9,7.0,2019-04-17 13:30:08,刺网
12995,29.810416666666665,126.49513888888887,2.7,144.0,2019-04-17 13:40:08,刺网
12995,29.80125,126.49658333333332,3.2,181.0,2019-04-17 13:50:08,刺网
12995,29.79816666666667,126.49811111111113,1.3,125.0,2019-04-17 14:00:08,刺网
12995,29.7865,126.50191666666666,3.9,196.0,2019-04-17 14:20:11,刺网
12995,29.781,126.50033333333334,0.9,196.0,2019-04-17 14:30:11,刺网
12995,29.77858333333333,126.49911111111106,1.1,233.0,2019-04-17 14:40:10,刺网
12995,29.772222222222233,126.49925,2.9,173.0,2019-04-17 14:50:11,刺网
12995,29.769111111111112,126.49925,1.1,184.0,2019-04-17 15:00:10,刺网
12995,29.764138888888887,126.5022777777778,3.1,149.0,2019-04-17 15:10:10,刺网
12995,29.760722222222213,126.50091666666668,2.3,193.0,2019-04-17 15:20:09,刺网
12995,29.760277777777766,126.50511111111106,3.4,33.0,2019-04-17 15:30:09,刺网
12995,29.76975,126.50494444444445,3.8,13.0,2019-04-17 15:40:09,刺网
12995,29.774777777777768,126.50475,4.1,14.0,2019-04-17 15:50:08,刺网
12995,29.777166666666666,126.505,1.0,276.0,2019-04-17 16:00:08,刺网
12995,29.78038888888889,126.50438888888887,1.4,322.0,2019-04-17 16:10:08,刺网
12995,29.789777777777786,126.50555555555556,3.9,23.0,2019-04-17 16:20:08,刺网
12995,29.80058333333333,126.50594444444445,4.1,342.0,2019-04-17 16:30:10,刺网
12995,29.809638888888887,126.50272222222222,3.7,328.0,2019-04-17 16:40:09,刺网
12995,29.81736111111111,126.50241666666666,2.9,92.0,2019-04-17 16:50:09,刺网
12995,29.81286111111111,126.50930555555556,3.0,161.0,2019-04-17 17:00:09,刺网
12995,29.80416666666667,126.51019444444445,3.5,187.0,2019-04-17 17:10:09,刺网
12995,29.79808333333333,126.51022222222224,3.0,169.0,2019-04-17 17:20:09,刺网
12995,29.79125,126.51136111111107,1.4,245.0,2019-04-17 17:30:09,刺网
12995,29.785555555555558,126.51175,2.8,182.0,2019-04-17 17:40:09,刺网
12995,29.78455555555556,126.51227777777778,0.7,191.0,2019-04-17 17:50:09,刺网
12995,29.78380555555556,126.5124722222222,0.5,173.0,2019-04-17 18:00:08,刺网
12995,29.779166666666665,126.51408333333332,1.0,143.0,2019-04-17 18:10:08,刺网
12995,29.78069444444445,126.52127777777778,6.2,87.0,2019-04-17 18:20:08,刺网
12995,29.782666666666664,126.54327777777776,7.9,84.0,2019-04-17 18:30:08,刺网
12995,29.785555555555558,126.5685,8.6,82.0,2019-04-17 18:40:08,刺网
12995,29.788277777777786,126.59391666666666,7.4,76.0,2019-04-17 18:50:08,刺网
12995,29.7935,126.6135,6.9,71.0,2019-04-17 19:00:08,刺网
12995,29.788638888888887,126.61572222222222,2.8,147.0,2019-04-17 19:10:08,刺网
12995,29.790972222222226,126.63775,8.4,74.0,2019-04-17 19:20:11,刺网
12995,29.79683333333333,126.66119444444445,8.1,75.0,2019-04-17 19:30:11,刺网
12995,29.80311111111111,126.68655555555556,8.2,73.0,2019-04-17 19:40:11,刺网
12995,29.809472222222233,126.71213888888887,8.5,75.0,2019-04-17 19:50:10,刺网
12995,29.81675,126.73758333333332,8.2,72.0,2019-04-17 20:00:10,刺网
12995,29.82461111111111,126.76311111111113,8.4,66.0,2019-04-17 20:10:10,刺网
12995,29.83316666666667,126.78875,8.7,71.0,2019-04-17 20:20:10,刺网
12995,29.84322222222222,126.8137222222222,9.0,59.0,2019-04-17 20:30:10,刺网
12995,29.8605,126.83166666666666,8.5,24.0,2019-04-17 20:40:10,刺网
12995,29.86269444444445,126.83413888888887,0.4,183.0,2019-04-17 20:50:10,刺网
12995,29.862416666666668,126.83416666666666,0.2,0.0,2019-04-17 21:00:10,刺网
12995,29.86233333333333,126.83419444444445,0.7,241.0,2019-04-17 21:10:10,刺网
12995,29.862277777777766,126.83419444444445,0.3,0.0,2019-04-17 21:20:10,刺网
12995,29.86216666666667,126.8342222222222,0.1,0.0,2019-04-17 21:30:09,刺网
12995,29.862111111111112,126.8342222222222,0.1,0.0,2019-04-17 21:40:09,刺网
12995,29.862027777777786,126.83419444444445,0.4,217.0,2019-04-17 21:50:09,刺网
12995,29.86186111111111,126.83416666666666,0.4,256.0,2019-04-17 22:00:09,刺网
12995,29.86186111111111,126.83416666666666,0.5,320.0,2019-04-17 22:10:09,刺网
12995,29.86180555555556,126.83416666666666,0.4,0.0,2019-04-17 22:20:09,刺网
12995,29.86188888888889,126.83416666666666,0.2,0.0,2019-04-17 22:30:09,刺网
12995,29.861777777777768,126.83416666666666,0.2,0.0,2019-04-17 22:40:09,刺网
12995,29.861777777777768,126.83416666666666,0.6,241.0,2019-04-17 22:50:09,刺网
12995,29.861694444444453,126.83413888888887,0.1,0.0,2019-04-17 23:00:09,刺网
12995,29.861555555555555,126.83405555555555,0.5,0.0,2019-04-17 23:10:09,刺网
12995,29.861555555555555,126.83408333333333,0.1,0.0,2019-04-17 23:20:08,刺网
12995,29.861472222222233,126.83402777777776,0.3,0.0,2019-04-17 23:30:08,刺网
12995,29.86141666666667,126.83402777777776,0.4,222.0,2019-04-17 23:40:08,刺网
12995,29.86138888888889,126.83397222222222,0.2,0.0,2019-04-17 23:50:08,刺网
12995,29.861305555555557,126.83394444444444,0.2,0.0,2019-04-18 00:00:08,刺网
12995,29.86125,126.83391666666664,0.6,217.0,2019-04-18 00:10:08,刺网
12995,29.86125,126.83391666666664,0.5,52.0,2019-04-18 00:20:08,刺网
12995,29.86116666666667,126.83383333333332,0.3,0.0,2019-04-18 00:30:08,刺网
12995,29.861,126.83369444444445,0.5,259.0,2019-04-18 00:40:08,刺网
12995,29.860944444444453,126.83358333333332,0.7,108.0,2019-04-18 00:50:10,刺网
12995,29.860916666666668,126.83355555555555,0.1,0.0,2019-04-18 01:00:11,刺网
12995,29.860861111111113,126.83344444444445,0.2,0.0,2019-04-18 01:10:10,刺网
12995,29.86077777777778,126.83338888888888,0.2,0.0,2019-04-18 01:20:10,刺网
12995,29.860750000000003,126.83333333333331,0.5,132.0,2019-04-18 01:30:10,刺网
12995,29.860722222222233,126.83327777777777,0.2,0.0,2019-04-18 01:40:10,刺网
12995,29.86063888888889,126.83311111111112,0.8,270.0,2019-04-18 01:50:10,刺网
12995,29.86063888888889,126.83313888888887,0.3,86.0,2019-04-18 02:00:10,刺网
12995,29.860611111111112,126.8329722222222,0.4,17.0,2019-04-18 02:10:10,刺网
12995,29.860555555555557,126.83263888888888,0.6,46.0,2019-04-18 02:20:10,刺网
12995,29.8605,126.83252777777777,1.3,104.0,2019-04-18 02:30:10,刺网
12995,29.8605,126.83261111111106,0.9,113.0,2019-04-18 02:40:09,刺网
12995,29.860555555555557,126.83269444444444,1.2,106.0,2019-04-18 02:50:09,刺网
12995,29.86058333333333,126.8327777777778,1.0,289.0,2019-04-18 03:00:09,刺网
12995,29.860527777777786,126.83252777777777,1.0,153.0,2019-04-18 03:10:09,刺网
12995,29.86058333333333,126.83200000000001,1.1,3.0,2019-04-18 03:20:09,刺网
12995,29.860555555555557,126.83172222222224,0.4,0.0,2019-04-18 03:30:09,刺网
12995,29.86066666666667,126.83172222222224,0.2,0.0,2019-04-18 03:40:09,刺网
12995,29.860611111111112,126.83158333333333,1.2,135.0,2019-04-18 03:50:09,刺网
12995,29.860750000000003,126.83138888888887,0.1,0.0,2019-04-18 04:00:09,刺网
12995,29.866611111111126,126.8322777777778,6.8,350.0,2019-04-18 04:10:09,刺网
12995,29.88663888888889,126.83219444444444,7.1,358.0,2019-04-18 04:20:09,刺网
12995,29.90708333333333,126.83230555555555,7.3,6.0,2019-04-18 04:30:08,刺网
12995,29.923027777777786,126.83663888888887,7.3,101.0,2019-04-18 04:40:08,刺网
12995,29.90308333333333,126.83833333333332,7.7,168.0,2019-04-18 04:50:08,刺网
12995,29.8825,126.83841666666666,7.2,171.0,2019-04-18 05:00:08,刺网
12995,29.870777777777786,126.84444444444445,7.9,356.0,2019-04-18 05:10:08,刺网
12995,29.893361111111112,126.84436111111113,8.1,4.0,2019-04-18 05:20:08,刺网
12995,29.91611111111111,126.84425,8.1,7.0,2019-04-18 05:30:08,刺网
12995,29.92011111111111,126.85033333333334,7.6,172.0,2019-04-18 05:40:08,刺网
12995,29.89975,126.85061111111106,7.2,176.0,2019-04-18 05:50:08,刺网
12995,29.8795,126.85088888888887,7.4,175.0,2019-04-18 06:00:08,刺网
12995,29.88083333333333,126.85683333333333,8.1,7.0,2019-04-18 06:10:10,刺网
12995,29.90213888888889,126.85688888888888,8.1,358.0,2019-04-18 06:20:10,刺网
12995,29.924722222222233,126.85691666666663,7.9,1.0,2019-04-18 06:30:10,刺网
12995,29.91372222222222,126.86305555555555,7.7,177.0,2019-04-18 06:40:10,刺网
12995,29.89225,126.86313888888887,7.3,181.0,2019-04-18 06:50:10,刺网
12995,29.874111111111112,126.85827777777777,6.6,222.0,2019-04-18 07:00:10,刺网
12995,29.86133333333333,126.84555555555555,6.4,226.0,2019-04-18 07:10:10,刺网
12995,29.85841666666667,126.84261111111113,0.5,0.0,2019-04-18 07:20:10,刺网
12995,29.858777777777767,126.84327777777777,0.7,14.0,2019-04-18 07:30:10,刺网
12995,29.85955555555556,126.84416666666668,0.7,48.0,2019-04-18 07:40:10,刺网
12995,29.862055555555557,126.84680555555555,1.2,43.0,2019-04-18 08:00:09,刺网
12995,29.86336111111111,126.84836111111107,0.0,0.0,2019-04-18 08:10:09,刺网
12995,29.864638888888887,126.8505,0.6,45.0,2019-04-18 08:20:09,刺网
12995,29.865527777777785,126.85230555555556,0.7,64.0,2019-04-18 08:30:09,刺网
12995,29.866277777777785,126.85455555555555,0.1,0.0,2019-04-18 08:40:09,刺网
12995,29.86725,126.85691666666663,1.1,47.0,2019-04-18 08:50:09,刺网
12995,29.868527777777786,126.85944444444445,1.4,61.0,2019-04-18 09:00:08,刺网
12995,29.869555555555554,126.86241666666666,0.8,74.0,2019-04-18 09:10:08,刺网
12995,29.86983333333333,126.86566666666666,0.9,96.0,2019-04-18 09:20:09,刺网
12995,29.87388888888889,126.85866666666666,6.8,318.0,2019-04-18 09:30:08,刺网
12995,29.88483333333333,126.84075,7.0,317.0,2019-04-18 09:40:08,刺网
12995,29.89161111111111,126.8327777777778,0.5,185.0,2019-04-18 09:50:08,刺网
12995,29.899527777777767,126.83200000000001,3.5,5.0,2019-04-18 10:00:08,刺网
12995,29.909416666666665,126.83352777777776,3.4,3.0,2019-04-18 10:10:08,刺网
12995,29.919777777777767,126.8354722222222,3.6,17.0,2019-04-18 10:20:08,刺网
12995,29.929944444444452,126.83730555555556,3.7,5.0,2019-04-18 10:30:08,刺网
12995,29.93891666666667,126.83855555555556,2.9,3.0,2019-04-18 10:40:08,刺网
12995,29.933694444444445,126.8462222222222,3.4,171.0,2019-04-18 11:00:07,刺网
12995,29.924277777777768,126.84919444444445,3.4,161.0,2019-04-18 11:10:07,刺网
12995,29.91508333333333,126.85163888888887,3.6,188.0,2019-04-18 11:20:10,刺网
12995,29.90633333333333,126.85208333333333,3.5,172.0,2019-04-18 11:30:11,刺网
12995,29.89761111111111,126.85286111111112,3.8,153.0,2019-04-18 11:40:10,刺网
12995,29.88930555555555,126.85372222222222,2.6,174.0,2019-04-18 11:50:10,刺网
12995,29.890611111111113,126.8607222222222,2.4,354.0,2019-04-18 12:00:10,刺网
12995,29.89908333333333,126.86197222222219,3.0,345.0,2019-04-18 12:10:10,刺网
12995,29.907666666666664,126.86294444444445,3.2,356.0,2019-04-18 12:20:10,刺网
12995,29.91561111111111,126.86341666666668,2.6,338.0,2019-04-18 12:30:10,刺网
12995,29.92383333333333,126.86344444444444,2.9,12.0,2019-04-18 12:40:10,刺网
12995,29.93108333333333,126.86330555555556,2.2,348.0,2019-04-18 12:50:10,刺网
12995,29.937777777777786,126.8637222222222,1.8,19.0,2019-04-18 13:00:10,刺网
12995,29.93441666666667,126.86905555555555,3.6,167.0,2019-04-18 13:10:09,刺网
12995,29.926111111111112,126.87052777777777,3.5,161.0,2019-04-18 13:20:09,刺网
12995,29.917388888888887,126.87163888888887,3.5,158.0,2019-04-18 13:30:09,刺网
12995,29.90838888888889,126.87308333333333,3.6,184.0,2019-04-18 13:40:09,刺网
12995,29.899027777777768,126.87419444444444,3.2,186.0,2019-04-18 13:50:09,刺网
12995,29.890638888888887,126.87513888888887,3.2,194.0,2019-04-18 14:00:09,刺网
12995,29.88588888888889,126.87430555555555,1.0,173.0,2019-04-18 14:10:09,刺网
12995,29.885277777777766,126.87805555555555,2.5,54.0,2019-04-18 14:20:09,刺网
12995,29.891666666666666,126.87866666666666,3.3,329.0,2019-04-18 14:30:09,刺网
12995,29.900361111111113,126.87827777777777,3.5,354.0,2019-04-18 14:40:09,刺网
12995,29.910222222222234,126.87869444444445,3.1,352.0,2019-04-18 14:50:08,刺网
12995,29.91925,126.87874999999998,3.6,356.0,2019-04-18 15:00:08,刺网
12995,29.9285,126.87930555555555,3.3,346.0,2019-04-18 15:10:08,刺网
12995,29.93583333333333,126.88230555555555,2.3,76.0,2019-04-18 15:20:08,刺网
12995,29.93063888888889,126.88641666666668,3.1,171.0,2019-04-18 15:30:08,刺网
12995,29.92225,126.88502777777781,3.0,192.0,2019-04-18 15:40:08,刺网
12995,29.914222222222214,126.88469444444445,2.9,163.0,2019-04-18 15:50:08,刺网
12995,29.906861111111112,126.88361111111112,3.0,204.0,2019-04-18 16:00:08,刺网
12995,29.903277777777767,126.88247222222219,0.5,179.0,2019-04-18 16:10:07,刺网
12995,29.90072222222221,126.88105555555555,3.2,158.0,2019-04-18 16:20:07,刺网
12995,29.895,126.8827222222222,1.0,131.0,2019-04-18 16:30:10,刺网
12995,29.89463888888889,126.88413888888887,0.4,0.0,2019-04-18 16:40:11,刺网
12995,29.895416666666666,126.88258333333332,0.8,307.0,2019-04-18 16:50:10,刺网
12995,29.896472222222233,126.88213888888887,0.4,301.0,2019-04-18 17:00:10,刺网
12995,29.8975,126.87994444444445,0.8,277.0,2019-04-18 17:10:10,刺网
12995,29.89863888888889,126.8772777777778,0.9,290.0,2019-04-18 17:20:10,刺网
12995,29.900194444444452,126.87533333333332,0.5,301.0,2019-04-18 17:30:10,刺网
12995,29.901555555555554,126.87472222222222,4.9,29.0,2019-04-18 17:40:10,刺网
12995,29.90088888888889,126.84624999999998,8.3,263.0,2019-04-18 18:00:09,刺网
12995,29.901166666666665,126.81947222222222,8.5,272.0,2019-04-18 18:10:09,刺网
12995,29.89672222222222,126.79552777777776,8.0,239.0,2019-04-18 18:20:09,刺网
12995,29.889277777777767,126.78486111111107,0.9,8.0,2019-04-18 18:30:09,刺网
12995,29.89008333333333,126.78463888888888,0.1,0.0,2019-04-18 18:40:09,刺网
12995,29.89008333333333,126.78463888888888,1.2,293.0,2019-04-18 18:50:09,刺网
12995,29.89011111111111,126.78469444444444,0.3,0.0,2019-04-18 19:00:09,刺网
12995,29.89011111111111,126.78475,0.4,5.0,2019-04-18 19:10:09,刺网
12995,29.89008333333333,126.78486111111107,0.4,43.0,2019-04-18 19:30:09,刺网
12995,29.89011111111111,126.78488888888887,0.3,0.0,2019-04-18 19:40:08,刺网
12995,29.89011111111111,126.7849722222222,0.2,0.0,2019-04-18 19:50:08,刺网
12995,29.89011111111111,126.78502777777777,0.2,0.0,2019-04-18 20:00:09,刺网
12995,29.89011111111111,126.78502777777777,0.2,0.0,2019-04-18 20:00:09,刺网
12995,29.89008333333333,126.78508333333332,0.1,0.0,2019-04-18 20:10:09,刺网
12995,29.89008333333333,126.78508333333332,0.1,0.0,2019-04-18 20:10:09,刺网
12995,29.89008333333333,126.78516666666668,0.8,105.0,2019-04-18 20:20:09,刺网
12995,29.89008333333333,126.78522222222222,0.5,0.0,2019-04-18 20:30:08,刺网
12995,29.89008333333333,126.78522222222222,0.5,0.0,2019-04-18 20:30:09,刺网
12995,29.890027777777767,126.78538888888887,0.7,305.0,2019-04-18 20:40:08,刺网
12995,29.890027777777767,126.78538888888887,0.7,305.0,2019-04-18 20:40:09,刺网
12995,29.890027777777767,126.78547222222224,0.2,0.0,2019-04-18 20:50:08,刺网
12995,29.89,126.78552777777777,0.2,0.0,2019-04-18 21:00:08,刺网
12995,29.89,126.78552777777777,0.2,0.0,2019-04-18 21:00:08,刺网
12995,29.889972222222234,126.78563888888887,0.1,0.0,2019-04-18 21:10:08,刺网
12995,29.889972222222234,126.78563888888887,0.1,0.0,2019-04-18 21:10:08,刺网
12995,29.889944444444453,126.78563888888887,0.1,0.0,2019-04-18 21:20:08,刺网
12995,29.889944444444453,126.78563888888887,0.1,0.0,2019-04-18 21:20:08,刺网
12995,29.889861111111113,126.78577777777777,0.4,46.0,2019-04-18 21:30:07,刺网
12995,29.889805555555554,126.78586111111107,0.4,115.0,2019-04-18 21:40:07,刺网
12995,29.889805555555554,126.78586111111107,0.4,115.0,2019-04-18 21:40:07,刺网
12995,29.88933333333333,126.78625,0.2,0.0,2019-04-18 22:20:12,刺网
12995,29.88891666666667,126.78641666666668,0.3,138.0,2019-04-18 23:30:11,刺网
12995,29.88888888888889,126.78641666666668,0.2,0.0,2019-04-18 23:40:11,刺网
12995,29.88888888888889,126.78641666666668,0.2,0.0,2019-04-18 23:40:11,刺网
12995,29.88888888888889,126.78641666666668,0.2,0.0,2019-04-18 23:50:11,刺网
12995,29.88888888888889,126.78641666666668,0.2,0.0,2019-04-18 23:50:11,刺网
12995,29.88886111111111,126.78641666666668,0.3,222.0,2019-04-19 00:00:11,刺网
12995,29.88886111111111,126.78641666666668,0.3,222.0,2019-04-19 00:00:11,刺网
12995,29.888805555555557,126.78641666666668,0.3,0.0,2019-04-19 00:10:11,刺网
12995,29.888805555555557,126.78641666666668,0.3,0.0,2019-04-19 00:10:11,刺网
12995,29.88875,126.78641666666668,0.3,56.0,2019-04-19 00:20:11,刺网
12995,29.88875,126.78641666666668,0.3,56.0,2019-04-19 00:20:11,刺网
12995,29.888722222222214,126.78641666666668,0.1,0.0,2019-04-19 00:30:10,刺网
12995,29.888722222222214,126.78641666666668,0.1,0.0,2019-04-19 00:30:10,刺网
12995,29.888722222222214,126.78641666666668,0.2,0.0,2019-04-19 00:40:10,刺网
12995,29.888722222222214,126.78641666666668,0.2,0.0,2019-04-19 00:40:10,刺网
12995,29.88869444444445,126.78644444444444,0.2,0.0,2019-04-19 00:50:10,刺网
12995,29.88869444444445,126.78644444444444,0.2,0.0,2019-04-19 00:50:10,刺网
12995,29.888638888888888,126.78641666666668,0.3,0.0,2019-04-19 01:00:10,刺网
12995,29.888638888888888,126.78641666666668,0.3,0.0,2019-04-19 01:00:10,刺网
12995,29.888638888888888,126.78641666666668,0.1,0.0,2019-04-19 01:10:09,刺网
12995,29.888638888888888,126.78641666666668,0.1,0.0,2019-04-19 01:10:09,刺网
12995,29.88858333333333,126.78641666666668,0.3,0.0,2019-04-19 01:20:09,刺网
12995,29.88858333333333,126.78641666666668,0.3,0.0,2019-04-19 01:20:10,刺网
12995,29.88858333333333,126.78638888888894,0.2,0.0,2019-04-19 01:30:09,刺网
12995,29.88855555555556,126.78638888888894,0.0,0.0,2019-04-19 01:40:09,刺网
12995,29.88855555555556,126.78638888888894,0.0,0.0,2019-04-19 01:40:09,刺网
12995,29.88858333333333,126.78638888888894,0.0,0.0,2019-04-19 01:50:08,刺网
12995,29.88858333333333,126.78638888888894,0.0,0.0,2019-04-19 01:50:08,刺网
12995,29.88847222222222,126.78641666666668,0.1,0.0,2019-04-19 02:00:08,刺网
12995,29.88847222222222,126.78641666666668,0.1,0.0,2019-04-19 02:00:08,刺网
12995,29.8885,126.78641666666668,0.2,0.0,2019-04-19 02:10:08,刺网
12995,29.8885,126.78641666666668,0.2,0.0,2019-04-19 02:10:08,刺网
12995,29.8885,126.78641666666668,0.2,0.0,2019-04-19 02:20:08,刺网
12995,29.8885,126.78641666666668,0.2,0.0,2019-04-19 02:20:08,刺网
12995,29.88847222222222,126.78641666666668,0.2,0.0,2019-04-19 02:30:08,刺网
12995,29.88847222222222,126.78641666666668,0.2,0.0,2019-04-19 02:30:08,刺网
12995,29.88855555555556,126.78644444444444,0.2,0.0,2019-04-19 02:40:08,刺网
12995,29.88855555555556,126.78644444444444,0.2,0.0,2019-04-19 02:40:08,刺网
12995,29.88858333333333,126.78641666666668,0.4,169.0,2019-04-19 02:50:07,刺网
12995,29.88858333333333,126.78641666666668,0.4,169.0,2019-04-19 02:50:08,刺网
12995,29.888638888888888,126.78644444444444,0.3,0.0,2019-04-19 03:00:07,刺网
12995,29.888638888888888,126.78644444444444,0.3,0.0,2019-04-19 03:00:07,刺网
12995,29.85666666666667,126.79030555555555,8.0,357.0,2019-04-19 04:40:11,刺网
12995,29.879472222222233,126.79055555555556,8.2,359.0,2019-04-19 04:50:11,刺网
12995,29.879472222222233,126.79055555555556,8.2,359.0,2019-04-19 04:50:11,刺网
12995,29.881777777777767,126.79588888888892,7.0,183.0,2019-04-19 05:00:11,刺网
12995,29.881777777777767,126.79588888888892,7.0,183.0,2019-04-19 05:00:11,刺网
12995,29.861555555555555,126.79588888888892,7.6,176.0,2019-04-19 05:10:11,刺网
12995,29.861555555555555,126.79588888888892,7.6,176.0,2019-04-19 05:10:11,刺网
12995,29.840416666666666,126.79586111111112,7.6,177.0,2019-04-19 05:20:11,刺网
12995,29.840416666666666,126.79586111111112,7.6,177.0,2019-04-19 05:20:11,刺网
12995,29.844472222222233,126.80175,8.4,356.0,2019-04-19 05:30:11,刺网
12995,29.844472222222233,126.80175,8.4,356.0,2019-04-19 05:30:11,刺网
12995,29.86827777777778,126.80161111111107,8.5,358.0,2019-04-19 05:40:10,刺网
12995,29.86827777777778,126.80161111111107,8.5,358.0,2019-04-19 05:40:11,刺网
12995,29.88813888888889,126.80580555555555,7.7,100.0,2019-04-19 05:50:10,刺网
12995,29.88813888888889,126.80580555555555,7.7,100.0,2019-04-19 05:50:11,刺网
12995,29.86711111111111,126.80802777777777,8.0,179.0,2019-04-19 06:00:10,刺网
12995,29.86711111111111,126.80802777777777,8.0,179.0,2019-04-19 06:00:10,刺网
12995,29.824361111111113,126.80819444444445,7.6,179.0,2019-04-19 06:20:10,刺网
12995,29.824361111111113,126.80819444444445,7.6,179.0,2019-04-19 06:20:10,刺网
12995,29.8295,126.81588888888888,8.9,1.0,2019-04-19 06:30:09,刺网
12995,29.8295,126.81588888888888,8.9,1.0,2019-04-19 06:30:09,刺网
12995,29.854027777777766,126.81633333333332,8.6,357.0,2019-04-19 06:40:09,刺网
12995,29.87819444444445,126.81525,8.6,1.0,2019-04-19 06:50:09,刺网
12995,29.87819444444445,126.81525,8.6,1.0,2019-04-19 06:50:09,刺网
12995,29.90013888888889,126.81355555555555,6.4,215.0,2019-04-19 07:00:08,刺网
12995,29.90013888888889,126.81355555555555,6.4,215.0,2019-04-19 07:00:09,刺网
12995,29.888416666666664,126.79783333333334,4.4,232.0,2019-04-19 07:10:08,刺网
12995,29.888416666666664,126.79783333333334,4.4,232.0,2019-04-19 07:10:08,刺网
12995,29.887555555555554,126.79536111111106,0.6,330.0,2019-04-19 07:20:08,刺网
12995,29.887555555555554,126.79536111111106,0.6,330.0,2019-04-19 07:20:08,刺网
12995,29.8895,126.79544444444444,0.7,308.0,2019-04-19 07:30:08,刺网
12995,29.8895,126.79544444444444,0.7,308.0,2019-04-19 07:30:08,刺网
12995,29.891861111111112,126.79552777777776,0.9,344.0,2019-04-19 07:40:08,刺网
12995,29.891861111111112,126.79552777777776,0.9,344.0,2019-04-19 07:40:08,刺网
12995,29.894527777777785,126.79552777777776,1.2,22.0,2019-04-19 07:50:08,刺网
12995,29.894527777777785,126.79552777777776,1.2,22.0,2019-04-19 07:50:08,刺网
12995,29.89708333333333,126.79561111111113,0.7,351.0,2019-04-19 08:00:07,刺网
12995,29.89975,126.79608333333331,0.9,18.0,2019-04-19 08:10:07,刺网
12995,29.90213888888889,126.79661111111106,1.0,20.0,2019-04-19 08:20:07,刺网
12995,29.904527777777766,126.79752777777777,0.9,13.0,2019-04-19 08:30:10,刺网
12995,29.90691666666667,126.79847222222222,0.7,351.0,2019-04-19 08:40:10,刺网
12995,29.909055555555554,126.79980555555555,0.8,48.0,2019-04-19 08:50:10,刺网
12995,29.911166666666666,126.80125,0.9,41.0,2019-04-19 09:00:10,刺网
12995,29.91033333333333,126.79244444444444,6.1,255.0,2019-04-19 09:10:10,刺网
12995,29.90691666666667,126.78016666666667,1.6,138.0,2019-04-19 09:20:09,刺网
12995,29.89258333333333,126.78086111111112,3.1,176.0,2019-04-19 09:40:09,刺网
12995,29.88344444444445,126.78297222222223,3.4,177.0,2019-04-19 09:50:09,刺网
12995,29.87511111111111,126.78405555555555,3.2,167.0,2019-04-19 10:00:09,刺网
12995,29.85988888888889,126.7865,1.0,89.0,2019-04-19 10:20:09,刺网
12995,29.85522222222223,126.78997222222222,3.0,100.0,2019-04-19 10:30:09,刺网
12995,29.86344444444445,126.79333333333334,3.5,15.0,2019-04-19 10:40:09,刺网
12995,29.873027777777786,126.79611111111107,4.1,19.0,2019-04-19 10:50:09,刺网
12995,29.88233333333333,126.79733333333333,3.3,3.0,2019-04-19 11:00:08,刺网
12995,29.8915,126.7985277777778,3.0,10.0,2019-04-19 11:10:08,刺网
12995,29.900277777777767,126.80244444444445,2.7,8.0,2019-04-19 11:20:08,刺网
12995,29.90375,126.80555555555556,3.8,160.0,2019-04-19 11:30:08,刺网
12995,29.89461111111111,126.80866666666668,3.5,172.0,2019-04-19 11:40:08,刺网
12995,29.885361111111113,126.81094444444444,3.5,180.0,2019-04-19 11:50:08,刺网
12995,29.876444444444445,126.81141666666666,2.8,175.0,2019-04-19 12:00:08,刺网
12995,29.86719444444445,126.81283333333332,3.4,169.0,2019-04-19 12:10:08,刺网
12995,29.857972222222234,126.81458333333332,3.7,172.0,2019-04-19 12:20:08,刺网
12995,29.848111111111113,126.81633333333332,3.6,163.0,2019-04-19 12:30:08,刺网
12995,29.841166666666666,126.82141666666666,0.3,106.0,2019-04-19 12:40:07,刺网
12995,29.846416666666666,126.82283333333334,1.1,51.0,2019-04-19 12:50:07,刺网
12995,29.853805555555557,126.82338888888887,2.8,13.0,2019-04-19 13:00:07,刺网
12995,29.8605,126.82516666666668,0.8,89.0,2019-04-19 13:10:07,刺网
12995,29.87341666666667,126.82894444444445,3.0,37.0,2019-04-19 13:30:07,刺网
12995,29.880305555555548,126.83194444444445,2.7,18.0,2019-04-19 13:40:10,刺网
12995,29.887555555555554,126.83633333333331,2.7,42.0,2019-04-19 13:50:10,刺网
12995,29.88333333333333,126.84311111111113,3.6,168.0,2019-04-19 14:00:10,刺网
12995,29.866111111111113,126.84047222222222,3.3,204.0,2019-04-19 14:20:09,刺网
12995,29.857555555555557,126.83763888888888,2.8,197.0,2019-04-19 14:30:09,刺网
12995,29.848722222222214,126.83638888888888,3.0,182.0,2019-04-19 14:40:09,刺网
12995,29.840416666666666,126.83436111111112,3.4,194.0,2019-04-19 14:50:09,刺网
12995,29.83225,126.83130555555556,3.2,197.0,2019-04-19 15:00:09,刺网
12995,29.823916666666666,126.83041666666666,3.6,198.0,2019-04-19 15:10:09,刺网
12995,29.81625,126.82891666666666,1.7,70.0,2019-04-19 15:20:09,刺网
12995,29.823,126.83416666666666,3.2,5.0,2019-04-19 15:30:09,刺网
12995,29.831944444444453,126.83713888888887,2.8,43.0,2019-04-19 15:40:09,刺网
12995,29.83969444444445,126.84058333333333,3.4,27.0,2019-04-19 15:50:08,刺网
12995,29.848722222222214,126.84391666666666,3.4,18.0,2019-04-19 16:00:08,刺网
12995,29.858138888888888,126.84630555555556,3.1,27.0,2019-04-19 16:10:08,刺网
12995,29.86741666666667,126.84930555555556,3.5,36.0,2019-04-19 16:20:08,刺网
12995,29.87552777777778,126.85061111111106,2.5,33.0,2019-04-19 16:30:08,刺网
12995,29.884611111111113,126.85083333333333,2.7,19.0,2019-04-19 16:40:08,刺网
12995,29.887638888888887,126.8484722222222,5.4,226.0,2019-04-19 16:50:08,刺网
12995,29.879527777777767,126.83855555555556,2.4,253.0,2019-04-19 17:00:08,刺网
12995,29.88036111111111,126.83502777777777,1.3,318.0,2019-04-19 17:10:07,刺网
12995,29.882805555555557,126.83341666666666,0.9,316.0,2019-04-19 17:20:07,刺网
12995,29.88441666666667,126.82888888888887,3.6,192.0,2019-04-19 17:30:07,刺网
12995,29.89022222222223,126.83261111111106,8.8,5.0,2019-04-19 17:40:07,刺网
12995,29.901555555555554,126.83372222222219,0.9,17.0,2019-04-19 17:50:07,刺网
12995,29.902222222222214,126.8327777777778,0.6,290.0,2019-04-19 18:00:07,刺网
12995,29.90219444444445,126.83266666666668,0.1,0.0,2019-04-19 18:20:07,刺网
12995,29.90219444444445,126.83266666666668,0.6,37.0,2019-04-19 18:30:07,刺网
12995,29.90219444444445,126.83272222222222,0.3,0.0,2019-04-19 18:40:07,刺网
12995,29.902166666666666,126.83266666666668,0.4,25.0,2019-04-19 18:50:10,刺网
12995,29.90219444444445,126.83272222222222,0.3,0.0,2019-04-19 19:00:07,刺网
12995,29.90225,126.83288888888887,0.5,66.0,2019-04-19 19:10:09,刺网
12995,29.90225,126.83291666666666,0.5,81.0,2019-04-19 19:20:10,刺网
12995,29.902222222222214,126.8329722222222,0.3,0.0,2019-04-19 19:30:09,刺网
12995,29.902277777777766,126.83313888888887,0.2,0.0,2019-04-19 19:40:09,刺网
12995,29.90225,126.83316666666666,0.1,0.0,2019-04-19 19:50:09,刺网
12995,29.90225,126.83325,0.1,0.0,2019-04-19 20:00:09,刺网
12995,29.90225,126.83322222222222,0.6,173.0,2019-04-19 20:10:09,刺网
12995,29.902277777777766,126.83325,0.4,0.0,2019-04-19 20:20:09,刺网
12995,29.902277777777766,126.83336111111107,0.4,0.0,2019-04-19 20:30:09,刺网
12995,29.902277777777766,126.8334722222222,0.2,0.0,2019-04-19 20:40:09,刺网
12995,29.90225,126.83344444444445,0.3,0.0,2019-04-19 20:50:09,刺网
12995,29.90225,126.83363888888887,0.6,0.0,2019-04-19 21:00:08,刺网
12995,29.902222222222214,126.83369444444445,0.1,0.0,2019-04-19 21:10:08,刺网
12995,29.90213888888889,126.83386111111106,0.3,0.0,2019-04-19 21:20:08,刺网
12995,29.90219444444445,126.83386111111106,0.4,223.0,2019-04-19 21:30:08,刺网
12995,29.90211111111111,126.83397222222222,0.3,0.0,2019-04-19 21:40:08,刺网
12995,29.90219444444445,126.83377777777778,0.3,0.0,2019-04-19 21:50:08,刺网
12995,29.90197222222222,126.83419444444445,0.2,160.0,2019-04-19 22:00:08,刺网
12995,29.901888888888887,126.83430555555556,0.1,0.0,2019-04-19 22:10:08,刺网
12995,29.901777777777767,126.83447222222222,0.1,0.0,2019-04-19 22:30:07,刺网
12995,29.90169444444444,126.83455555555555,0.3,0.0,2019-04-19 22:40:07,刺网
12995,29.90158333333333,126.83458333333333,0.6,162.0,2019-04-19 22:50:07,刺网
12995,29.90163888888889,126.83455555555555,0.4,0.0,2019-04-19 23:00:07,刺网
12995,29.901472222222214,126.83463888888888,0.3,0.0,2019-04-19 23:10:07,刺网
12995,29.901527777777765,126.83458333333333,0.4,164.0,2019-04-19 23:20:07,刺网
12995,29.90138888888889,126.83469444444445,0.1,0.0,2019-04-19 23:30:07,刺网
12995,29.90130555555556,126.8347222222222,0.0,0.0,2019-04-19 23:40:07,刺网
12995,29.90122222222222,126.8347222222222,0.2,0.0,2019-04-19 23:50:07,刺网
12995,29.90122222222222,126.83475,0.2,0.0,2019-04-20 00:00:10,刺网
12995,29.901194444444442,126.83475,0.3,0.0,2019-04-20 00:10:10,刺网
12995,29.901166666666665,126.83475,0.3,0.0,2019-04-20 00:20:09,刺网
12995,29.901166666666665,126.83469444444445,0.5,67.0,2019-04-20 00:30:09,刺网
12995,29.90108333333333,126.83469444444445,0.4,0.0,2019-04-20 00:40:09,刺网
12995,29.90097222222222,126.8347222222222,0.6,129.0,2019-04-20 00:50:09,刺网
12995,29.900916666666664,126.83466666666666,0.8,91.0,2019-04-20 01:00:09,刺网
12995,29.900805555555554,126.83480555555555,0.8,110.0,2019-04-20 01:10:09,刺网
12995,29.900777777777765,126.83483333333332,0.7,98.0,2019-04-20 01:20:09,刺网
12995,29.90075,126.83477777777777,0.3,259.0,2019-04-20 01:30:09,刺网
12995,29.90072222222221,126.83477777777777,0.1,0.0,2019-04-20 01:40:09,刺网
12995,29.90072222222221,126.83477777777777,0.3,149.0,2019-04-20 01:50:08,刺网
12995,29.90063888888889,126.83475,0.3,0.0,2019-04-20 02:00:08,刺网
12995,29.90061111111111,126.83477777777777,0.3,0.0,2019-04-20 02:10:08,刺网
12995,29.90055555555555,126.83477777777777,0.2,0.0,2019-04-20 02:20:08,刺网
12995,29.90058333333333,126.83475,0.3,0.0,2019-04-20 02:30:08,刺网
12995,29.900527777777786,126.83475,0.1,0.0,2019-04-20 02:40:08,刺网
12995,29.90055555555555,126.83477777777777,0.2,0.0,2019-04-20 02:50:08,刺网
12995,29.9005,126.83475,0.1,0.0,2019-04-20 03:00:08,刺网
12995,29.9005,126.83477777777777,0.4,0.0,2019-04-20 03:10:08,刺网
12995,29.90055555555555,126.83475,0.2,0.0,2019-04-20 03:20:07,刺网
12995,29.900666666666666,126.83475,0.2,0.0,2019-04-20 03:30:07,刺网
12995,29.90063888888889,126.83477777777777,0.1,0.0,2019-04-20 03:40:07,刺网
12995,29.900777777777765,126.83477777777777,0.3,0.0,2019-04-20 03:50:07,刺网
12995,29.911722222222213,126.83511111111108,8.1,0.0,2019-04-20 04:00:07,刺网
12995,29.93336111111111,126.83544444444445,7.7,359.0,2019-04-20 04:10:07,刺网
12995,29.95508333333333,126.83566666666664,7.4,357.0,2019-04-20 04:20:07,刺网
12995,29.94219444444445,126.84180555555555,7.5,181.0,2019-04-20 04:30:07,刺网
12995,29.921055555555558,126.84161111111106,7.6,176.0,2019-04-20 04:40:07,刺网
12995,29.900305555555555,126.84263888888887,7.1,123.0,2019-04-20 04:50:07,刺网
12995,29.917666666666666,126.84794444444445,8.1,1.0,2019-04-20 05:00:07,刺网
12995,29.94058333333333,126.84808333333332,8.0,359.0,2019-04-20 05:10:06,刺网
12995,29.962555555555554,126.84958333333331,7.0,86.0,2019-04-20 05:20:09,刺网
12995,29.944944444444445,126.85455555555555,7.6,178.0,2019-04-20 05:30:09,刺网
12995,29.92377777777777,126.8545277777778,7.6,182.0,2019-04-20 05:40:09,刺网
12995,29.90108333333333,126.85458333333332,7.6,179.0,2019-04-20 05:50:09,刺网
12995,29.91563888888889,126.86130555555556,8.1,356.0,2019-04-20 06:00:09,刺网
12995,29.93858333333333,126.861,8.2,358.0,2019-04-20 06:10:09,刺网
12995,29.961777777777765,126.86180555555555,7.7,39.0,2019-04-20 06:20:09,刺网
12995,29.92425,126.86805555555556,7.8,177.0,2019-04-20 06:40:09,刺网
12995,29.902361111111112,126.86805555555556,7.8,180.0,2019-04-20 06:50:08,刺网
12995,29.88513888888889,126.83941666666664,1.9,246.0,2019-04-20 07:10:08,刺网
12995,29.88486111111111,126.83666666666666,0.7,300.0,2019-04-20 07:20:08,刺网
12995,29.88591666666667,126.83425,0.8,291.0,2019-04-20 07:30:08,刺网
12995,29.88813888888889,126.82958333333332,1.3,295.0,2019-04-20 07:50:08,刺网
12995,29.88936111111111,126.82722222222222,0.8,302.0,2019-04-20 08:00:08,刺网
12995,29.890638888888887,126.82544444444444,0.7,299.0,2019-04-20 08:10:08,刺网
12995,29.892138888888887,126.82361111111106,0.7,316.0,2019-04-20 08:20:07,刺网
12995,29.893611111111113,126.82180555555556,0.8,324.0,2019-04-20 08:30:07,刺网
12995,29.89488888888889,126.82033333333334,0.6,331.0,2019-04-20 08:40:07,刺网
12995,29.89638888888889,126.81886111111106,0.9,323.0,2019-04-20 08:50:07,刺网
12995,29.898277777777786,126.8172222222222,0.7,326.0,2019-04-20 09:00:07,刺网
12995,29.89986111111111,126.81594444444444,0.7,345.0,2019-04-20 09:10:07,刺网
12995,29.900916666666664,126.81511111111112,0.4,346.0,2019-04-20 09:20:07,刺网
12995,29.90991666666667,126.82402777777777,7.2,33.0,2019-04-20 09:30:07,刺网
12995,29.925777777777785,126.83269444444444,1.0,243.0,2019-04-20 09:40:07,刺网
12995,29.92736111111111,126.83044444444445,3.7,8.0,2019-04-20 09:50:07,刺网
12995,29.938416666666665,126.83130555555556,4.1,1.0,2019-04-20 10:00:06,刺网
12995,29.950166666666664,126.83197222222222,3.9,1.0,2019-04-20 10:10:06,刺网
12995,29.96038888888889,126.83302777777777,3.7,6.0,2019-04-20 10:20:06,刺网
12995,29.970555555555553,126.83466666666666,3.3,3.0,2019-04-20 10:30:09,刺网
12995,29.969638888888888,126.84133333333332,2.5,166.0,2019-04-20 10:40:09,刺网
12995,29.96075,126.84269444444445,3.4,188.0,2019-04-20 10:50:09,刺网
12995,29.95172222222222,126.84380555555555,3.4,157.0,2019-04-20 11:00:09,刺网
12995,29.942638888888887,126.84597222222222,3.5,169.0,2019-04-20 11:10:09,刺网
12995,29.934166666666666,126.84713888888888,3.3,176.0,2019-04-20 11:20:09,刺网
12995,29.926861111111126,126.84711111111113,0.8,84.0,2019-04-20 11:30:09,刺网
12995,29.922888888888888,126.84877777777778,2.5,171.0,2019-04-20 11:40:08,刺网
12995,29.92441666666667,126.85427777777777,3.0,27.0,2019-04-20 11:50:08,刺网
12995,29.93269444444445,126.85708333333332,3.2,20.0,2019-04-20 12:00:08,刺网
12995,29.940916666666666,126.86044444444444,3.1,4.0,2019-04-20 12:10:08,刺网
12995,29.9575,126.86269444444444,3.2,28.0,2019-04-20 12:30:08,刺网
12995,29.965472222222232,126.86433333333332,1.5,343.0,2019-04-20 12:40:08,刺网
12995,29.972527777777767,126.8655,2.4,27.0,2019-04-20 12:50:08,刺网
12995,29.973111111111113,126.87391666666666,3.3,212.0,2019-04-20 13:00:08,刺网
12995,29.96408333333333,126.87441666666665,4.0,164.0,2019-04-20 13:10:08,刺网
12995,29.954305555555553,126.87661111111107,2.1,153.0,2019-04-20 13:20:07,刺网
12995,29.945999999999998,126.87736111111107,3.9,171.0,2019-04-20 13:30:07,刺网
12995,29.936472222222214,126.87738888888887,3.1,174.0,2019-04-20 13:40:07,刺网
12995,29.927,126.87938888888887,4.1,154.0,2019-04-20 13:50:07,刺网
12995,29.918138888888887,126.87825,3.7,156.0,2019-04-20 14:00:07,刺网
12995,29.91800000000001,126.88422222222223,2.9,53.0,2019-04-20 14:10:07,刺网
12995,29.925027777777785,126.8865277777778,2.8,18.0,2019-04-20 14:20:07,刺网
12995,29.93336111111111,126.88891666666667,3.2,17.0,2019-04-20 14:30:07,刺网
12995,29.94116666666667,126.89083333333332,2.7,6.0,2019-04-20 14:40:07,刺网
12995,29.949361111111113,126.89119444444445,2.8,2.0,2019-04-20 14:50:07,刺网
12995,29.95725,126.89180555555555,3.0,5.0,2019-04-20 15:00:06,刺网
12995,29.963972222222214,126.89391666666668,2.3,40.0,2019-04-20 15:10:06,刺网
12995,29.967277777777767,126.89877777777781,2.0,105.0,2019-04-20 15:20:06,刺网
12995,29.95969444444445,126.89986111111112,3.2,161.0,2019-04-20 15:30:06,刺网
12995,29.94986111111111,126.90086111111113,3.7,176.0,2019-04-20 15:40:09,刺网
12995,29.940027777777786,126.90166666666669,3.9,171.0,2019-04-20 15:50:09,刺网
12995,29.930888888888887,126.90225,3.3,176.0,2019-04-20 16:00:09,刺网
12995,29.921777777777766,126.90233333333332,2.6,180.0,2019-04-20 16:10:09,刺网
12995,29.91358333333333,126.89863888888893,3.3,194.0,2019-04-20 16:20:09,刺网
12995,29.905916666666666,126.89947222222223,2.4,130.0,2019-04-20 16:30:09,刺网
12995,29.90436111111111,126.90100000000001,3.1,127.0,2019-04-20 16:40:08,刺网
12995,29.909777777777766,126.91091666666668,4.1,65.0,2019-04-20 16:50:08,刺网
12995,29.91583333333333,126.92222222222223,4.3,61.0,2019-04-20 17:00:08,刺网
12995,29.924944444444453,126.9370277777778,6.5,60.0,2019-04-20 17:10:08,刺网
12995,29.934722222222234,126.953,6.2,56.0,2019-04-20 17:20:08,刺网
12995,29.937277777777766,126.95452777777778,1.7,236.0,2019-04-20 17:30:08,刺网
12995,29.943472222222233,126.95066666666666,8.3,12.0,2019-04-20 17:40:08,刺网
12995,29.966444444444445,126.9562222222222,8.1,8.0,2019-04-20 17:50:08,刺网
12995,29.99,126.96094444444445,8.6,12.0,2019-04-20 18:00:08,刺网
12995,30.014027777777766,126.96608333333332,9.1,13.0,2019-04-20 18:10:08,刺网
12995,30.038250000000005,126.97097222222222,9.0,11.0,2019-04-20 18:20:08,刺网
12995,30.062638888888888,126.97447222222222,10.3,347.0,2019-04-20 18:30:07,刺网
12995,30.08833333333333,126.97775,9.1,3.0,2019-04-20 18:40:07,刺网
12995,30.09858333333333,126.97861111111106,1.2,315.0,2019-04-20 18:50:07,刺网
12995,30.09919444444445,126.978,0.5,34.0,2019-04-20 19:00:07,刺网
12995,30.09919444444445,126.97802777777777,0.5,0.0,2019-04-20 19:10:07,刺网
12995,30.09925,126.97808333333332,0.5,75.0,2019-04-20 19:20:07,刺网
12995,30.099305555555553,126.97813888888888,0.4,284.0,2019-04-20 19:30:07,刺网
12995,30.099305555555553,126.97819444444444,0.7,43.0,2019-04-20 19:40:07,刺网
12995,30.09933333333333,126.97825,0.2,0.0,2019-04-20 19:50:06,刺网
12995,30.09938888888889,126.97833333333334,0.4,258.0,2019-04-20 20:00:06,刺网
12995,30.099472222222214,126.9784722222222,0.6,284.0,2019-04-20 20:10:06,刺网
12995,30.099472222222214,126.9785,0.1,0.0,2019-04-20 20:20:06,刺网
12995,30.099527777777766,126.97863888888888,0.1,0.0,2019-04-20 20:30:06,刺网
12995,30.09958333333333,126.97875,0.2,0.0,2019-04-20 20:40:06,刺网
12995,30.099611111111113,126.97880555555555,0.6,104.0,2019-04-20 20:50:09,刺网
12995,30.099611111111113,126.97891666666666,0.3,249.0,2019-04-20 21:00:06,刺网
12995,30.099611111111113,126.97897222222224,0.3,0.0,2019-04-20 21:10:09,刺网
12995,30.099638888888887,126.97913888888887,0.2,0.0,2019-04-20 21:20:09,刺网
12995,30.099638888888887,126.97922222222223,0.5,126.0,2019-04-20 21:30:09,刺网
12995,30.09966666666667,126.97933333333334,0.3,22.0,2019-04-20 21:40:08,刺网
12995,30.09966666666667,126.97941666666668,0.4,286.0,2019-04-20 21:50:08,刺网
12995,30.09966666666667,126.97938888888888,0.1,0.0,2019-04-20 22:00:08,刺网
12995,30.099638888888887,126.97961111111113,0.1,0.0,2019-04-20 22:10:08,刺网
12995,30.099638888888887,126.97963888888887,0.3,0.0,2019-04-20 22:20:08,刺网
12995,30.099638888888887,126.97963888888887,0.3,0.0,2019-04-20 22:30:08,刺网
12995,30.09958333333333,126.97983333333332,0.3,0.0,2019-04-20 22:40:08,刺网
12995,30.099555555555554,126.98005555555555,0.2,0.0,2019-04-20 22:50:08,刺网
12995,30.0995,126.98016666666668,0.4,0.0,2019-04-20 23:00:08,刺网
12995,30.099416666666666,126.98038888888892,0.8,174.0,2019-04-20 23:10:07,刺网
12995,30.09936111111111,126.98047222222223,0.2,0.0,2019-04-20 23:20:07,刺网
12995,30.09927777777777,126.98055555555555,0.2,0.0,2019-04-20 23:30:07,刺网
12995,30.099166666666665,126.98072222222223,0.3,0.0,2019-04-20 23:40:07,刺网
12995,30.099055555555548,126.98080555555555,0.9,126.0,2019-04-20 23:50:07,刺网
12995,30.099027777777767,126.98086111111112,0.4,0.0,2019-04-21 00:00:07,刺网
12995,30.099027777777767,126.98086111111112,0.4,0.0,2019-04-21 00:10:07,刺网
12995,30.098888888888887,126.98100000000001,0.3,0.0,2019-04-21 00:20:07,刺网
12995,30.098916666666664,126.98097222222222,0.2,0.0,2019-04-21 00:30:07,刺网
12995,30.098916666666664,126.98102777777778,0.3,0.0,2019-04-21 00:40:07,刺网
12995,30.098722222222214,126.98113888888888,0.8,90.0,2019-04-21 00:50:07,刺网
12995,30.09861111111111,126.98119444444444,0.3,185.0,2019-04-21 01:00:06,刺网
12995,30.09863888888889,126.98113888888888,0.4,0.0,2019-04-21 01:10:06,刺网
12995,30.098666666666666,126.98113888888888,0.6,158.0,2019-04-21 01:20:06,刺网
12995,30.098388888888888,126.9812777777778,0.2,0.0,2019-04-21 01:30:06,刺网
12995,30.09833333333333,126.9812777777778,0.2,0.0,2019-04-21 01:40:06,刺网
12995,30.09836111111111,126.9812777777778,0.4,299.0,2019-04-21 01:50:06,刺网
12995,30.09819444444444,126.98133333333334,0.2,0.0,2019-04-21 02:00:09,刺网
12995,30.098027777777766,126.98133333333334,0.3,184.0,2019-04-21 02:10:09,刺网
12995,30.098055555555554,126.98130555555555,0.6,305.0,2019-04-21 02:20:09,刺网
12995,30.09794444444444,126.98130555555555,0.6,171.0,2019-04-21 02:30:09,刺网
12995,30.097916666666666,126.9812777777778,0.2,0.0,2019-04-21 02:40:08,刺网
12995,30.09783333333333,126.98133333333334,0.2,0.0,2019-04-21 02:50:09,刺网
12995,30.09769444444445,126.9812777777778,0.7,179.0,2019-04-21 03:00:09,刺网
12995,30.09738888888889,126.98125,0.5,146.0,2019-04-21 03:10:08,刺网
12995,30.09725,126.98119444444444,0.6,253.0,2019-04-21 03:20:08,刺网
12995,30.096916666666665,126.98097222222222,0.7,152.0,2019-04-21 03:30:08,刺网
12995,30.09669444444444,126.98075,0.1,0.0,2019-04-21 03:40:08,刺网
12995,30.096527777777766,126.9805,0.3,108.0,2019-04-21 03:50:08,刺网
12995,30.096527777777766,126.98086111111112,6.8,171.0,2019-04-21 04:00:08,刺网
12995,30.113000000000003,126.98391666666666,7.4,356.0,2019-04-21 04:10:08,刺网
12995,30.13427777777777,126.98408333333332,8.2,0.0,2019-04-21 04:20:08,刺网
12995,30.143666666666665,126.99055555555556,7.3,184.0,2019-04-21 04:30:07,刺网
12995,30.12244444444445,126.99036111111113,7.0,179.0,2019-04-21 04:40:07,刺网
12995,30.101,126.99072222222223,8.0,178.0,2019-04-21 04:50:07,刺网
12995,30.10522222222223,126.99658333333332,8.1,358.0,2019-04-21 05:00:07,刺网
12995,30.127055555555554,126.99661111111112,7.5,357.0,2019-04-21 05:10:07,刺网
12995,30.130527777777786,127.00255555555556,7.0,180.0,2019-04-21 05:30:07,刺网
12995,30.108611111111113,127.00238888888887,7.6,178.0,2019-04-21 05:40:07,刺网
12995,30.095055555555554,127.00813888888894,7.6,28.0,2019-04-21 05:50:07,刺网
12995,30.118388888888887,127.00813888888894,8.0,355.0,2019-04-21 06:00:07,刺网
12995,30.14263888888889,127.00791666666666,8.4,357.0,2019-04-21 06:10:06,刺网
12995,30.14536111111111,127.0142777777778,7.3,181.0,2019-04-21 06:20:06,刺网
12995,30.12594444444445,127.01408333333332,7.3,180.0,2019-04-21 06:30:06,刺网
12995,30.106055555555557,127.01394444444445,7.3,175.0,2019-04-21 06:40:06,刺网
12995,30.102277777777786,127.0202777777778,7.8,358.0,2019-04-21 06:50:06,刺网
12995,30.11719444444445,127.01563888888887,6.9,232.0,2019-04-21 07:00:06,刺网
12995,30.10430555555555,126.9985,7.5,232.0,2019-04-21 07:10:09,刺网
12995,30.10058333333333,126.99080555555555,0.5,302.0,2019-04-21 07:20:09,刺网
12995,30.102138888888888,126.98816666666669,1.3,311.0,2019-04-21 07:30:09,刺网
12995,30.10447222222223,126.98519444444445,1.4,310.0,2019-04-21 07:40:09,刺网
12995,30.10769444444445,126.98222222222222,1.5,318.0,2019-04-21 07:50:09,刺网
12995,30.110722222222233,126.98005555555555,1.8,312.0,2019-04-21 08:00:08,刺网
12995,30.114527777777766,126.978,1.3,336.0,2019-04-21 08:10:08,刺网
12995,30.11783333333333,126.97580555555555,1.6,324.0,2019-04-21 08:20:08,刺网
12995,30.12113888888889,126.97383333333332,1.3,314.0,2019-04-21 08:30:08,刺网
12995,30.12763888888889,126.96902777777777,1.6,335.0,2019-04-21 08:50:08,刺网
12995,30.13036111111111,126.9667777777778,1.2,316.0,2019-04-21 09:00:08,刺网
12995,30.133250000000004,126.96486111111106,1.2,327.0,2019-04-21 09:10:08,刺网
12995,30.13622222222222,126.96355555555556,1.1,346.0,2019-04-21 09:20:08,刺网
12995,30.139388888888888,126.96280555555555,4.7,53.0,2019-04-21 09:30:08,刺网
12995,30.123916666666666,126.97202777777778,5.9,159.0,2019-04-21 09:40:07,刺网
12995,30.11794444444445,126.97672222222224,1.5,140.0,2019-04-21 09:50:07,刺网
12995,30.12741666666667,126.97633333333332,3.9,346.0,2019-04-21 10:00:07,刺网
12995,30.137472222222215,126.9752777777778,3.8,3.0,2019-04-21 10:10:07,刺网
12995,30.14761111111111,126.97313888888893,4.1,350.0,2019-04-21 10:20:07,刺网
12995,30.15736111111111,126.97119444444445,3.3,355.0,2019-04-21 10:30:07,刺网
12995,30.167027777777786,126.9725,3.4,49.0,2019-04-21 10:40:07,刺网
12995,30.16333333333333,126.98105555555556,3.7,158.0,2019-04-21 10:50:07,刺网
12995,30.15511111111111,126.9845277777778,3.4,161.0,2019-04-21 11:00:07,刺网
12995,30.14675,126.98655555555555,3.4,170.0,2019-04-21 11:10:07,刺网
12995,30.13888888888889,126.98822222222223,3.6,173.0,2019-04-21 11:20:06,刺网
12995,30.12986111111111,126.9902777777778,3.8,157.0,2019-04-21 11:30:06,刺网
12995,30.122916666666665,126.99825,3.5,5.0,2019-04-21 11:50:06,刺网
12995,30.130305555555548,126.99636111111107,4.3,15.0,2019-04-21 12:00:06,刺网
12995,30.14022222222223,126.99830555555555,3.6,15.0,2019-04-21 12:10:09,刺网
12995,30.148944444444442,126.99955555555556,3.2,5.0,2019-04-21 12:20:09,刺网
12995,30.15688888888889,126.99836111111112,3.1,344.0,2019-04-21 12:30:09,刺网
12995,30.164388888888887,126.9974722222222,3.0,6.0,2019-04-21 12:40:09,刺网
12995,30.1645,127.00330555555556,3.6,162.0,2019-04-21 12:50:08,刺网
12995,30.156027777777766,127.008,3.5,157.0,2019-04-21 13:00:08,刺网
12995,30.148777777777767,127.01302777777776,2.5,155.0,2019-04-21 13:10:08,刺网
12995,30.14388888888889,127.01541666666668,3.2,186.0,2019-04-21 13:20:08,刺网
12995,30.13586111111111,127.01425,1.8,183.0,2019-04-21 13:30:08,刺网
12995,30.129638888888888,127.01911111111107,4.1,121.0,2019-04-21 13:40:08,刺网
12995,30.124055555555554,127.0227222222222,2.9,180.0,2019-04-21 13:50:08,刺网
12995,30.12341666666667,127.02975,3.3,82.0,2019-04-21 14:00:08,刺网
12995,30.12680555555556,127.0289722222222,2.3,337.0,2019-04-21 14:10:08,刺网
12995,30.13441666666667,127.0287777777778,2.6,355.0,2019-04-21 14:20:08,刺网
12995,30.14147222222222,127.02866666666668,2.5,7.0,2019-04-21 14:30:08,刺网
12995,30.147277777777767,127.02747222222222,2.5,341.0,2019-04-21 14:40:08,刺网
12995,30.15355555555556,127.02633333333333,2.5,346.0,2019-04-21 14:50:07,刺网
12995,30.15969444444445,127.02283333333334,2.6,306.0,2019-04-21 15:00:07,刺网
12995,30.163666666666664,127.02205555555555,3.3,94.0,2019-04-21 15:10:07,刺网
12995,30.15883333333333,127.03191666666666,3.1,144.0,2019-04-21 15:20:07,刺网
12995,30.15130555555556,127.03319444444445,3.8,139.0,2019-04-21 15:30:07,刺网
12995,30.13516666666667,127.04136111111107,3.4,158.0,2019-04-21 15:50:07,刺网
12995,30.12683333333333,127.03997222222222,2.4,210.0,2019-04-21 16:00:06,刺网
12995,30.120777777777786,127.04430555555555,1.1,131.0,2019-04-21 16:10:06,刺网
12995,30.12141666666667,127.04730555555555,2.7,330.0,2019-04-21 16:20:06,刺网
12995,30.125694444444445,127.04083333333332,2.1,17.0,2019-04-21 16:30:06,刺网
12995,30.12583333333333,127.04861111111113,2.5,101.0,2019-04-21 16:40:06,刺网
12995,30.110138888888887,127.03313888888887,8.8,223.0,2019-04-21 16:50:06,刺网
12995,30.09311111111111,127.01266666666668,8.8,224.0,2019-04-21 17:00:06,刺网
12995,30.076638888888887,126.993,8.4,225.0,2019-04-21 17:10:06,刺网
12995,30.06036111111111,126.9737222222222,8.2,228.0,2019-04-21 17:20:06,刺网
12995,30.027222222222214,126.93430555555555,8.9,220.0,2019-04-21 17:40:09,刺网
12995,30.010666666666665,126.9145277777778,8.7,229.0,2019-04-21 17:50:08,刺网
12995,29.992638888888887,126.89769444444444,7.6,211.0,2019-04-21 18:00:08,刺网
12995,29.98533333333333,126.89141666666669,1.3,296.0,2019-04-21 18:10:08,刺网
12995,29.985916666666668,126.89033333333334,0.2,0.0,2019-04-21 18:20:08,刺网
12995,29.98602777777778,126.89044444444444,0.5,0.0,2019-04-21 18:30:08,刺网
12995,29.98602777777778,126.89044444444444,0.2,0.0,2019-04-21 18:40:08,刺网
12995,29.985972222222234,126.89036111111112,0.4,134.0,2019-04-21 18:50:08,刺网
12995,29.98605555555556,126.89047222222223,0.4,29.0,2019-04-21 19:00:08,刺网
12995,29.986166666666666,126.89058333333334,0.3,0.0,2019-04-21 19:10:08,刺网
12995,29.98613888888889,126.89058333333334,0.2,0.0,2019-04-21 19:20:08,刺网
12995,29.986222222222214,126.89069444444445,0.3,0.0,2019-04-21 19:30:08,刺网
12995,29.98625,126.89075,0.4,124.0,2019-04-21 19:40:07,刺网
12995,29.986305555555557,126.89083333333332,0.9,129.0,2019-04-21 20:00:07,刺网
12995,29.986361111111112,126.89091666666668,0.1,0.0,2019-04-21 20:10:07,刺网
12995,29.98638888888889,126.89102777777778,0.4,68.0,2019-04-21 20:20:07,刺网
12995,29.98638888888889,126.89108333333333,0.3,0.0,2019-04-21 20:30:07,刺网
12995,29.98641666666667,126.89116666666668,0.2,0.0,2019-04-21 20:40:07,刺网
12995,29.98641666666667,126.89116666666668,0.1,0.0,2019-04-21 20:50:07,刺网
12995,29.98641666666667,126.89119444444445,0.4,190.0,2019-04-21 21:00:06,刺网
12995,29.98644444444445,126.89125,0.2,0.0,2019-04-21 21:10:06,刺网
12995,29.98644444444445,126.8912777777778,0.1,0.0,2019-04-21 21:20:06,刺网
12995,29.986472222222233,126.89138888888893,0.3,0.0,2019-04-21 21:30:06,刺网
12995,29.98644444444445,126.89133333333334,0.1,0.0,2019-04-21 21:40:06,刺网
12995,29.986472222222233,126.89147222222223,0.2,0.0,2019-04-21 21:50:06,刺网
12995,29.986472222222233,126.89161111111113,0.1,0.0,2019-04-21 22:00:06,刺网
12995,29.986472222222233,126.89166666666668,0.1,0.0,2019-04-21 22:10:06,刺网
12995,29.986472222222233,126.8917777777778,0.1,0.0,2019-04-21 22:20:06,刺网
12995,29.98644444444445,126.89186111111113,0.6,141.0,2019-04-21 22:30:06,刺网
12995,29.98641666666667,126.89194444444445,0.6,186.0,2019-04-21 22:40:05,刺网
12995,29.98641666666667,126.8919722222222,0.4,0.0,2019-04-21 22:50:08,刺网
12995,29.98641666666667,126.89202777777778,0.2,310.0,2019-04-21 23:00:05,刺网
12995,29.98638888888889,126.89213888888894,0.1,0.0,2019-04-21 23:10:08,刺网
12995,29.98633333333333,126.89225,0.3,51.0,2019-04-21 23:20:08,刺网
12995,29.98627777777777,126.89236111111113,0.2,6.0,2019-04-21 23:30:08,刺网
12995,29.986222222222214,126.8925,0.2,0.0,2019-04-21 23:40:08,刺网
12995,29.98613888888889,126.89261111111112,0.2,0.0,2019-04-21 23:50:08,刺网
12995,29.98605555555556,126.89269444444444,0.1,0.0,2019-04-22 00:00:08,刺网
12995,29.98605555555556,126.89269444444444,0.3,25.0,2019-04-22 00:10:08,刺网
12995,29.985944444444453,126.89280555555555,0.1,0.0,2019-04-22 00:20:08,刺网
12995,29.985888888888887,126.89286111111113,0.3,327.0,2019-04-22 00:30:07,刺网
12995,29.985888888888887,126.89288888888888,0.6,5.0,2019-04-22 00:40:07,刺网
12995,29.985750000000003,126.89294444444445,0.3,138.0,2019-04-22 00:50:07,刺网
12995,29.98577777777778,126.89294444444445,0.3,80.0,2019-04-22 01:00:07,刺网
12995,29.98566666666667,126.89297222222223,0.5,174.0,2019-04-22 01:10:07,刺网
12995,29.98566666666667,126.89297222222223,0.1,0.0,2019-04-22 01:20:07,刺网
12995,29.98563888888889,126.89297222222223,0.3,0.0,2019-04-22 01:30:07,刺网
12995,29.985611111111112,126.89302777777776,0.6,71.0,2019-04-22 01:40:06,刺网
12995,29.985527777777786,126.89308333333334,0.2,0.0,2019-04-22 01:50:07,刺网
12995,29.98558333333333,126.89302777777776,0.0,0.0,2019-04-22 02:00:06,刺网
12995,29.985527777777786,126.89305555555555,0.4,82.0,2019-04-22 02:10:06,刺网
12995,29.98544444444445,126.89308333333334,0.4,14.0,2019-04-22 02:30:06,刺网
12995,29.985388888888888,126.89311111111112,0.4,36.0,2019-04-22 02:40:06,刺网
12995,29.985416666666666,126.89308333333334,0.6,59.0,2019-04-22 02:50:06,刺网
12995,29.985416666666666,126.89305555555555,0.3,0.0,2019-04-22 03:00:06,刺网
12995,29.985416666666666,126.89305555555555,0.2,0.0,2019-04-22 03:10:06,刺网
12995,29.98547222222223,126.89305555555555,0.7,107.0,2019-04-22 03:20:06,刺网
12995,29.985388888888888,126.89302777777776,0.3,251.0,2019-04-22 03:30:06,刺网
12995,29.985527777777786,126.893,0.3,12.0,2019-04-22 03:40:06,刺网
12995,29.985555555555557,126.89283333333334,0.3,223.0,2019-04-22 03:50:05,刺网
12995,29.98352777777778,126.89291666666666,2.5,129.0,2019-04-22 04:00:08,刺网
12995,29.964555555555553,126.89294444444445,7.5,183.0,2019-04-22 04:10:08,刺网
12995,29.94394444444445,126.893,7.5,177.0,2019-04-22 04:20:08,刺网
12995,29.923250000000003,126.89319444444445,7.5,177.0,2019-04-22 04:30:08,刺网
12995,29.9275,126.90088888888893,7.5,1.0,2019-04-22 04:40:08,刺网
12995,29.948138888888888,126.90063888888888,7.3,355.0,2019-04-22 04:50:08,刺网
12995,29.968666666666664,126.90061111111113,7.3,2.0,2019-04-22 05:00:08,刺网
12995,29.980638888888887,126.90794444444445,7.7,109.0,2019-04-22 05:10:08,刺网
12995,29.959888888888887,126.90863888888887,7.7,175.0,2019-04-22 05:20:08,刺网
12995,29.93708333333333,126.90855555555555,7.6,179.0,2019-04-22 05:30:07,刺网
12995,29.91741666666667,126.90908333333334,6.9,120.0,2019-04-22 05:40:07,刺网
12995,29.933194444444453,126.91630555555555,7.7,2.0,2019-04-22 05:50:07,刺网
12995,29.955416666666665,126.916,7.8,353.0,2019-04-22 06:00:07,刺网
12995,29.97775,126.9157777777778,7.8,1.0,2019-04-22 06:10:07,刺网
12995,29.97211111111111,126.92152777777778,7.5,180.0,2019-04-22 06:20:07,刺网
12995,29.95119444444445,126.92236111111113,7.6,177.0,2019-04-22 06:30:07,刺网
12995,29.933777777777767,126.9272777777778,7.3,91.0,2019-04-22 06:40:07,刺网
12995,29.954777777777768,126.9290277777778,7.5,357.0,2019-04-22 06:50:07,刺网
12995,29.974638888888887,126.92705555555555,4.5,225.0,2019-04-22 07:00:06,刺网
12995,29.96608333333333,126.91572222222223,4.5,227.0,2019-04-22 07:10:06,刺网
12995,29.96283333333333,126.90941666666667,0.6,281.0,2019-04-22 07:20:06,刺网
12995,29.962888888888887,126.9074722222222,0.4,290.0,2019-04-22 07:30:06,刺网
12995,29.964027777777765,126.9055277777778,1.0,297.0,2019-04-22 07:40:06,刺网
12995,29.96525,126.90361111111113,0.7,312.0,2019-04-22 07:50:06,刺网
12995,29.96661111111111,126.9014722222222,0.8,333.0,2019-04-22 08:00:06,刺网
12995,29.96819444444445,126.89941666666668,0.9,305.0,2019-04-22 08:10:06,刺网
12995,29.969972222222214,126.89738888888893,0.7,323.0,2019-04-22 08:20:06,刺网
12995,29.97163888888889,126.89569444444444,0.7,327.0,2019-04-22 08:30:06,刺网
12995,29.973388888888888,126.89397222222223,0.7,316.0,2019-04-22 08:40:05,刺网
12995,29.975277777777766,126.89216666666668,0.8,320.0,2019-04-22 08:50:05,刺网
12995,29.977027777777767,126.8905,0.8,328.0,2019-04-22 09:00:05,刺网
12995,29.978972222222207,126.88902777777778,0.9,333.0,2019-04-22 09:10:08,刺网
12995,29.98072222222222,126.88763888888887,0.9,341.0,2019-04-22 09:20:07,刺网
12995,29.982555555555553,126.88638888888893,1.1,20.0,2019-04-22 09:30:08,刺网
12995,29.98455555555556,126.88525,0.7,0.0,2019-04-22 09:40:08,刺网
12995,29.983833333333337,126.88808333333334,0.4,162.0,2019-04-22 09:50:08,刺网
12995,29.98525,126.88552777777778,3.1,274.0,2019-04-22 10:00:08,刺网
12995,29.978416666666664,126.88219444444445,2.9,190.0,2019-04-22 10:10:07,刺网
12995,29.970277777777767,126.8815,3.3,170.0,2019-04-22 10:20:07,刺网
12995,29.961666666666666,126.88180555555556,3.2,175.0,2019-04-22 10:30:07,刺网
12995,29.95322222222222,126.88294444444445,3.1,178.0,2019-04-22 10:40:07,刺网
12995,29.94511111111111,126.88402777777776,2.8,166.0,2019-04-22 10:50:07,刺网
12995,29.93761111111111,126.88716666666667,3.2,138.0,2019-04-22 11:00:07,刺网
12995,29.93830555555556,126.89294444444445,1.3,338.0,2019-04-22 11:10:07,刺网
12995,29.946805555555553,126.89288888888888,3.3,2.0,2019-04-22 11:20:07,刺网
12995,29.95733333333333,126.89233333333334,3.5,14.0,2019-04-22 11:30:07,刺网
12995,29.967361111111106,126.89205555555556,3.2,6.0,2019-04-22 11:40:07,刺网
12995,29.97658333333333,126.89244444444445,3.2,4.0,2019-04-22 11:50:07,刺网
12995,29.98608333333333,126.89386111111112,2.8,8.0,2019-04-22 12:00:06,刺网
12995,29.99663888888889,126.90141666666666,4.0,119.0,2019-04-22 12:20:06,刺网
12995,29.988138888888887,126.90413888888894,3.0,168.0,2019-04-22 12:30:06,刺网
12995,29.979194444444442,126.90497222222223,3.6,170.0,2019-04-22 12:40:06,刺网
12995,29.969972222222214,126.90683333333334,3.8,170.0,2019-04-22 12:50:06,刺网
12995,29.96222222222222,126.90766666666669,2.0,165.0,2019-04-22 13:00:06,刺网
12995,29.95330555555556,126.90905555555555,3.2,176.0,2019-04-22 13:10:06,刺网
12995,29.94461111111111,126.91113888888887,2.9,177.0,2019-04-22 13:20:06,刺网
12995,29.93944444444445,126.91283333333334,3.1,138.0,2019-04-22 13:30:06,刺网
12995,29.93875,126.92038888888894,3.8,85.0,2019-04-22 13:40:05,刺网
12995,29.94327777777778,126.92113888888888,2.6,327.0,2019-04-22 13:50:05,刺网
12995,29.951138888888888,126.92094444444444,3.1,347.0,2019-04-22 14:00:05,刺网
12995,29.959555555555553,126.92133333333334,3.0,4.0,2019-04-22 14:10:08,刺网
12995,29.96725,126.92141666666667,2.5,4.0,2019-04-22 14:20:08,刺网
12995,29.975416666666664,126.92247222222224,2.8,3.0,2019-04-22 14:30:08,刺网
12995,29.98338888888889,126.92286111111113,2.8,351.0,2019-04-22 14:40:08,刺网
12995,29.99105555555556,126.92488888888893,3.1,33.0,2019-04-22 14:50:08,刺网
12995,29.988166666666668,126.9297777777778,3.0,177.0,2019-04-22 15:00:07,刺网
12995,29.97808333333333,126.93163888888887,3.9,176.0,2019-04-22 15:10:07,刺网
12995,29.969277777777766,126.9325,3.4,185.0,2019-04-22 15:20:07,刺网
12995,29.95925,126.93258333333334,3.9,182.0,2019-04-22 15:30:07,刺网
12995,29.95072222222222,126.9335,3.5,164.0,2019-04-22 15:40:07,刺网
12995,29.945999999999998,126.93747222222223,1.8,43.0,2019-04-22 15:50:07,刺网
12995,29.95127777777777,126.94144444444444,2.5,15.0,2019-04-22 16:00:07,刺网
12995,29.95944444444445,126.94377777777778,2.2,11.0,2019-04-22 16:10:07,刺网
12995,29.967555555555553,126.94308333333332,3.1,3.0,2019-04-22 16:20:07,刺网
12995,29.99,126.96302777777777,8.7,49.0,2019-04-22 16:40:07,刺网
12995,30.00555555555556,126.9844722222222,8.9,48.0,2019-04-22 16:50:07,刺网
12995,30.014805555555554,126.99261111111113,1.8,280.0,2019-04-22 17:00:07,刺网
12995,30.021916666666666,127.00238888888887,8.9,66.0,2019-04-22 17:10:06,刺网
12995,30.032555555555554,127.02758333333334,8.7,66.0,2019-04-22 17:20:06,刺网
12995,30.04425,127.05244444444445,8.4,55.0,2019-04-22 17:30:06,刺网
12995,30.05694444444445,127.07486111111106,8.3,56.0,2019-04-22 17:40:06,刺网
12995,30.06958333333333,127.09691666666666,8.3,56.0,2019-04-22 17:50:06,刺网
12995,30.082638888888887,127.11883333333333,8.6,51.0,2019-04-22 18:00:06,刺网
12995,30.098305555555555,127.13916666666668,8.2,50.0,2019-04-22 18:10:06,刺网
12995,30.113972222222234,127.15972222222223,8.5,47.0,2019-04-22 18:20:06,刺网
12995,30.130861111111113,127.18147222222223,8.8,38.0,2019-04-22 18:30:06,刺网
12995,30.1495,127.19752777777781,9.2,34.0,2019-04-22 18:40:05,刺网
12995,30.15925,127.19816666666668,1.3,317.0,2019-04-22 18:50:05,刺网
12995,30.16019444444445,127.19744444444444,0.4,0.0,2019-04-22 19:00:05,刺网
12995,30.16033333333333,127.19766666666668,0.3,0.0,2019-04-22 19:10:05,刺网
12995,30.16033333333333,127.19769444444445,0.3,0.0,2019-04-22 19:20:05,刺网
12995,30.160305555555553,127.19766666666668,0.4,311.0,2019-04-22 19:30:08,刺网
12995,30.16033333333333,127.19769444444445,0.4,312.0,2019-04-22 19:40:07,刺网
12995,30.16038888888889,127.19780555555555,0.3,0.0,2019-04-22 19:50:08,刺网
12995,30.16036111111111,127.19775,0.3,0.0,2019-04-22 20:00:08,刺网
12995,30.16038888888889,127.19775,0.3,0.0,2019-04-22 20:10:07,刺网
12995,30.16038888888889,127.19780555555555,0.2,0.0,2019-04-22 20:20:07,刺网
12995,30.16036111111111,127.1977777777778,0.4,0.0,2019-04-22 20:30:07,刺网
12995,30.160472222222214,127.19805555555556,0.3,0.0,2019-04-22 20:40:07,刺网
12995,30.160527777777766,127.19819444444445,0.2,0.0,2019-04-22 21:00:07,刺网
12995,30.160527777777766,127.19819444444445,0.3,0.0,2019-04-22 21:10:07,刺网
12995,30.1605,127.19816666666668,0.2,0.0,2019-04-22 21:20:07,刺网
12995,30.160527777777766,127.19819444444445,0.1,0.0,2019-04-22 21:30:07,刺网
12995,30.160555555555554,127.19836111111113,0.3,0.0,2019-04-22 21:40:07,刺网
12995,30.160527777777766,127.19844444444445,0.1,0.0,2019-04-22 21:50:07,刺网
12995,30.160555555555554,127.19858333333332,0.3,93.0,2019-04-22 22:00:07,刺网
12995,30.16058333333333,127.19855555555556,0.2,0.0,2019-04-22 22:10:06,刺网
12995,30.16058333333333,127.19866666666668,0.4,0.0,2019-04-22 22:20:06,刺网
12995,30.16058333333333,127.19875,0.3,0.0,2019-04-22 22:30:06,刺网
12995,30.16058333333333,127.19894444444445,0.4,0.0,2019-04-22 22:40:06,刺网
12995,30.16058333333333,127.199,0.3,322.0,2019-04-22 22:50:06,刺网
12995,30.160555555555554,127.19916666666668,0.2,0.0,2019-04-22 23:00:06,刺网
12995,30.160527777777766,127.19925,0.2,0.0,2019-04-22 23:10:06,刺网
12995,30.160527777777766,127.19936111111113,0.3,0.0,2019-04-22 23:20:06,刺网
12995,30.160527777777766,127.19938888888888,0.1,0.0,2019-04-22 23:30:05,刺网
12995,30.1605,127.19947222222223,0.4,170.0,2019-04-22 23:40:05,刺网
12995,30.1605,127.19944444444445,0.3,0.0,2019-04-22 23:50:05,刺网
12995,30.160472222222214,127.1995,0.2,0.0,2019-04-23 00:00:05,刺网
12995,30.16044444444444,127.19961111111112,0.1,0.0,2019-04-23 00:10:05,刺网
12995,30.16033333333333,127.19986111111106,0.2,0.0,2019-04-23 00:20:05,刺网
12995,30.16025,127.2,0.3,8.0,2019-04-23 00:30:05,刺网
12995,30.160222222222234,127.20005555555555,0.2,0.0,2019-04-23 00:40:08,刺网
12995,30.160222222222234,127.20005555555555,0.1,0.0,2019-04-23 00:50:07,刺网
12995,30.160055555555555,127.20025,0.2,0.0,2019-04-23 01:00:05,刺网
12995,30.16,127.20030555555556,0.3,17.0,2019-04-23 01:10:07,刺网
12995,30.15988888888889,127.20041666666668,0.5,27.0,2019-04-23 01:20:07,刺网
12995,30.159861111111113,127.20047222222223,0.4,90.0,2019-04-23 01:30:07,刺网
12995,30.159861111111113,127.20044444444444,0.2,0.0,2019-04-23 01:40:07,刺网
12995,30.159805555555554,127.20052777777778,0.2,156.0,2019-04-23 01:50:07,刺网
12995,30.15975,127.20055555555555,0.2,0.0,2019-04-23 02:00:07,刺网
12995,30.15963888888889,127.20063888888888,0.2,0.0,2019-04-23 02:20:07,刺网
12995,30.159666666666666,127.20069444444445,0.3,0.0,2019-04-23 02:30:07,刺网
12995,30.1595,127.20077777777777,0.3,0.0,2019-04-23 02:40:07,刺网
12995,30.159555555555553,127.20075,0.1,0.0,2019-04-23 02:50:06,刺网
12995,30.1595,127.20075,0.4,0.0,2019-04-23 03:00:06,刺网
12995,30.159416666666665,127.20080555555555,0.5,52.0,2019-04-23 03:10:06,刺网
12995,30.15925,127.20083333333334,0.5,167.0,2019-04-23 03:20:06,刺网
12995,30.15919444444444,127.20086111111112,0.2,0.0,2019-04-23 03:30:06,刺网
12995,30.15913888888889,127.20091666666669,0.6,106.0,2019-04-23 03:40:06,刺网
12995,30.15908333333333,127.20091666666669,0.2,0.0,2019-04-23 03:50:06,刺网
12995,30.161305555555558,127.19841666666667,4.1,16.0,2019-04-23 04:00:06,刺网
12995,30.162861111111113,127.22030555555556,7.9,89.0,2019-04-23 04:10:06,刺网
12995,30.16266666666667,127.24602777777778,8.1,92.0,2019-04-23 04:20:05,刺网
12995,30.16638888888889,127.26633333333334,8.1,2.0,2019-04-23 04:30:05,刺网
12995,30.16933333333333,127.2455,7.8,270.0,2019-04-23 04:40:05,刺网
12995,30.16933333333333,127.22200000000001,7.3,270.0,2019-04-23 04:50:05,刺网
12995,30.173805555555557,127.20275,8.4,3.0,2019-04-23 05:00:05,刺网
12995,30.175722222222234,127.22811111111113,7.8,87.0,2019-04-23 05:10:05,刺网
12995,30.17625,127.25411111111113,8.0,91.0,2019-04-23 05:20:05,刺网
12995,30.17825,127.27566666666668,8.0,348.0,2019-04-23 05:30:05,刺网
12995,30.182777777777787,127.25505555555556,7.2,268.0,2019-04-23 05:40:05,刺网
12995,30.183194444444453,127.23080555555555,7.8,272.0,2019-04-23 05:50:07,刺网
12995,30.185194444444445,127.20766666666668,8.1,357.0,2019-04-23 06:00:07,刺网
12995,30.18994444444445,127.229,8.4,91.0,2019-04-23 06:10:08,刺网
12995,30.190166666666666,127.25486111111113,7.7,91.0,2019-04-23 06:20:07,刺网
12995,30.194527777777786,127.27547222222222,9.0,7.0,2019-04-23 06:30:07,刺网
12995,30.198472222222215,127.25341666666668,7.3,273.0,2019-04-23 06:40:07,刺网
12995,30.19925,127.22888888888887,7.7,267.0,2019-04-23 06:50:07,刺网
12995,30.1855,127.22419444444445,7.4,167.0,2019-04-23 07:00:07,刺网
12995,30.165416666666665,127.22627777777778,7.5,186.0,2019-04-23 07:10:07,刺网
12995,30.15794444444445,127.22541666666666,0.7,260.0,2019-04-23 07:20:07,刺网
12995,30.15925,127.22386111111106,1.2,324.0,2019-04-23 07:30:07,刺网
12995,30.160888888888888,127.22261111111106,1.5,334.0,2019-04-23 07:40:06,刺网
12995,30.16269444444445,127.22091666666668,0.3,313.0,2019-04-23 07:50:06,刺网
12995,30.16491666666667,127.2195,1.7,337.0,2019-04-23 08:00:06,刺网
12995,30.1675,127.21816666666666,0.6,345.0,2019-04-23 08:10:06,刺网
12995,30.17019444444445,127.21661111111106,1.8,332.0,2019-04-23 08:20:06,刺网
12995,30.17308333333333,127.2150277777778,1.9,337.0,2019-04-23 08:30:06,刺网
12995,30.176222222222233,127.21325,1.5,334.0,2019-04-23 08:40:06,刺网
12995,30.179805555555557,127.21175,1.1,334.0,2019-04-23 08:50:06,刺网
12995,30.182944444444445,127.21022222222223,1.0,340.0,2019-04-23 09:00:06,刺网
12995,30.18658333333333,127.20911111111113,1.1,330.0,2019-04-23 09:10:05,刺网
12995,30.190027777777786,127.20788888888887,1.5,348.0,2019-04-23 09:20:05,刺网
12995,30.181027777777786,127.20669444444445,4.6,169.0,2019-04-23 09:30:05,刺网
12995,30.175,127.20958333333333,3.2,101.0,2019-04-23 09:40:05,刺网
12995,30.173416666666668,127.21827777777777,2.4,81.0,2019-04-23 09:50:05,刺网
12995,30.174055555555555,127.22813888888888,3.1,71.0,2019-04-23 10:00:05,刺网
12995,30.17747222222223,127.23811111111112,3.5,48.0,2019-04-23 10:10:05,刺网
12995,30.182472222222234,127.25744444444445,3.6,70.0,2019-04-23 10:30:05,刺网
12995,30.18875,127.2595277777778,2.8,347.0,2019-04-23 10:40:05,刺网
12995,30.18891666666667,127.25413888888887,2.7,240.0,2019-04-23 10:50:05,刺网
12995,30.187972222222232,127.24605555555556,3.6,250.0,2019-04-23 11:00:08,刺网
12995,30.1855,127.23930555555555,2.2,217.0,2019-04-23 11:10:07,刺网
12995,30.182972222222233,127.23191666666666,2.8,245.0,2019-04-23 11:20:07,刺网
12995,30.18330555555556,127.22444444444444,1.8,282.0,2019-04-23 11:30:07,刺网
12995,30.193166666666666,127.21361111111112,4.1,64.0,2019-04-23 12:00:07,刺网
12995,30.193305555555558,127.22438888888887,3.5,94.0,2019-04-23 12:10:07,刺网
12995,30.194111111111113,127.23469444444444,3.5,65.0,2019-04-23 12:20:07,刺网
12995,30.196027777777786,127.24380555555555,3.5,54.0,2019-04-23 12:30:07,刺网
12995,30.200111111111113,127.25333333333332,3.3,74.0,2019-04-23 12:40:06,刺网
12995,30.202472222222234,127.26355555555556,4.3,79.0,2019-04-23 12:50:06,刺网
12995,30.204694444444453,127.27255555555556,3.9,41.0,2019-04-23 13:00:06,刺网
12995,30.20794444444445,127.27011111111106,2.0,300.0,2019-04-23 13:10:06,刺网
12995,30.20783333333333,127.26433333333334,0.9,11.0,2019-04-23 13:20:06,刺网
12995,30.20783333333333,127.26408333333332,2.5,0.0,2019-04-23 13:30:06,刺网
12995,30.20744444444445,127.26363888888888,1.0,27.0,2019-04-23 13:40:06,刺网
12995,30.20597222222222,127.26083333333334,1.0,158.0,2019-04-23 13:50:06,刺网
12995,30.20111111111111,127.25336111111106,2.7,276.0,2019-04-23 14:10:05,刺网
12995,30.199444444444445,127.24677777777778,2.5,232.0,2019-04-23 14:20:05,刺网
12995,30.20105555555556,127.24052777777777,1.0,288.0,2019-04-23 14:30:05,刺网
12995,30.20269444444445,127.23430555555555,3.2,304.0,2019-04-23 14:40:05,刺网
12995,30.202055555555553,127.22752777777778,1.4,43.0,2019-04-23 14:50:05,刺网
12995,30.20708333333333,127.23111111111113,1.2,70.0,2019-04-23 15:00:05,刺网
12995,30.20788888888889,127.24025,3.2,84.0,2019-04-23 15:10:05,刺网
12995,30.208444444444442,127.24966666666668,3.6,71.0,2019-04-23 15:20:05,刺网
12995,30.208000000000002,127.25686111111106,3.0,86.0,2019-04-23 15:30:05,刺网
12995,30.210694444444442,127.2655,3.8,55.0,2019-04-23 15:40:05,刺网
12995,30.214194444444445,127.27536111111112,3.2,95.0,2019-04-23 15:50:05,刺网
12995,30.216166666666666,127.28133333333334,4.1,50.0,2019-04-23 16:00:08,刺网
12995,30.22136111111111,127.2835,1.7,306.0,2019-04-23 16:10:04,刺网
12995,30.220555555555553,127.27855555555556,1.0,189.0,2019-04-23 16:20:07,刺网
12995,30.21941666666667,127.27736111111106,1.4,140.0,2019-04-23 16:30:07,刺网
12995,30.216805555555553,127.27263888888888,2.6,203.0,2019-04-23 16:40:07,刺网
12995,30.215916666666665,127.27052777777777,2.1,272.0,2019-04-23 16:50:07,刺网
12995,30.215916666666665,127.2619722222222,2.9,270.0,2019-04-23 17:00:07,刺网
12995,30.21969444444445,127.25613888888887,0.5,0.0,2019-04-23 17:10:07,刺网
12995,30.222166666666666,127.25711111111113,5.7,239.0,2019-04-23 17:20:06,刺网
12995,30.212888888888887,127.24491666666668,4.2,211.0,2019-04-23 17:30:06,刺网
12995,30.202222222222233,127.23813888888893,5.1,207.0,2019-04-23 17:40:06,刺网
12995,30.189972222222234,127.23186111111113,5.1,184.0,2019-04-23 17:50:06,刺网
12995,30.17763888888889,127.22588888888893,5.3,183.0,2019-04-23 18:00:06,刺网
12995,30.16658333333333,127.22463888888888,8.4,166.0,2019-04-23 18:10:06,刺网
12995,30.156055555555554,127.22327777777778,3.5,175.0,2019-04-23 18:20:06,刺网
12995,30.157666666666664,127.22069444444445,3.7,338.0,2019-04-23 18:30:06,刺网
12995,30.163527777777766,127.2272222222222,5.3,107.0,2019-04-23 18:40:06,刺网
12995,30.16488888888889,127.2295277777778,1.6,119.0,2019-04-23 18:50:06,刺网
12995,30.16494444444445,127.23013888888887,1.9,130.0,2019-04-23 19:00:06,刺网
12995,30.16494444444445,127.23016666666668,0.8,0.0,2019-04-23 19:10:05,刺网
12995,30.165111111111113,127.23,1.3,0.0,2019-04-23 19:20:05,刺网
12995,30.165194444444445,127.22966666666666,1.0,230.0,2019-04-23 19:30:05,刺网
12995,30.165222222222226,127.22958333333332,1.2,104.0,2019-04-23 19:40:05,刺网
12995,30.165222222222226,127.2294722222222,1.2,258.0,2019-04-23 19:50:05,刺网
12995,30.16525,127.22941666666668,2.5,300.0,2019-04-23 20:00:05,刺网
12995,30.165277777777767,127.22922222222223,0.4,0.0,2019-04-23 20:10:05,刺网
12995,30.165277777777767,127.22916666666669,1.5,303.0,2019-04-23 20:20:05,刺网
12995,30.165277777777767,127.22894444444445,0.3,72.0,2019-04-23 20:30:05,刺网
12995,30.16525,127.22927777777778,1.6,68.0,2019-04-23 20:40:05,刺网
12995,30.165194444444445,127.22955555555555,1.4,91.0,2019-04-23 20:50:05,刺网
12995,30.165138888888887,127.22969444444445,1.5,307.0,2019-04-23 21:00:04,刺网
12995,30.165138888888887,127.22966666666666,0.9,48.0,2019-04-23 21:10:04,刺网
12995,30.165138888888887,127.22966666666666,0.7,41.0,2019-04-23 21:20:07,刺网
12995,30.165166666666664,127.22961111111113,0.5,320.0,2019-04-23 21:30:07,刺网
12995,30.165166666666664,127.2295277777778,0.2,0.0,2019-04-23 21:40:07,刺网
12995,30.165138888888887,127.2295277777778,1.2,260.0,2019-04-23 21:50:07,刺网
12995,30.165111111111113,127.22958333333332,1.3,281.0,2019-04-23 22:00:07,刺网
12995,30.165194444444445,127.2295,0.4,0.0,2019-04-23 22:10:07,刺网
12995,30.165166666666664,127.22958333333332,0.9,97.0,2019-04-23 22:20:07,刺网
12995,30.165111111111113,127.22977777777778,0.8,19.0,2019-04-23 22:30:07,刺网
12995,30.165166666666664,127.22966666666666,0.6,137.0,2019-04-23 22:40:07,刺网
12995,30.165111111111113,127.22980555555556,0.4,236.0,2019-04-23 22:50:06,刺网
12995,30.165166666666664,127.22969444444445,1.0,83.0,2019-04-23 23:00:06,刺网
12995,30.165027777777766,127.22997222222222,0.3,0.0,2019-04-23 23:10:06,刺网
12995,30.165,127.23,0.4,92.0,2019-04-23 23:20:06,刺网
12995,30.165055555555554,127.22991666666668,1.1,14.0,2019-04-23 23:30:06,刺网
12995,30.165055555555554,127.22991666666668,1.2,25.0,2019-04-23 23:40:06,刺网
12995,30.16491666666667,127.23013888888887,1.2,95.0,2019-04-23 23:50:06,刺网
12995,30.16483333333333,127.23025,1.9,114.0,2019-04-24 00:00:06,刺网
12995,30.16491666666667,127.23019444444445,1.3,193.0,2019-04-24 00:10:05,刺网
12995,30.16488888888889,127.2302222222222,1.1,59.0,2019-04-24 00:20:05,刺网
12995,30.16461111111111,127.23047222222223,0.7,0.0,2019-04-24 00:30:05,刺网
12995,30.16455555555555,127.23058333333331,1.0,150.0,2019-04-24 00:40:05,刺网
12995,30.164638888888888,127.23047222222223,0.9,172.0,2019-04-24 00:50:05,刺网
12995,30.16444444444444,127.23055555555555,1.0,328.0,2019-04-24 01:00:05,刺网
12995,30.16461111111111,127.23044444444444,0.2,0.0,2019-04-24 01:10:05,刺网
12995,30.164527777777767,127.23052777777778,0.9,172.0,2019-04-24 01:20:05,刺网
12995,30.16444444444444,127.2305,0.6,333.0,2019-04-24 01:30:05,刺网
12995,30.16441666666667,127.23066666666666,0.5,298.0,2019-04-24 01:40:05,刺网
12995,30.164277777777766,127.23077777777776,0.9,160.0,2019-04-24 01:50:05,刺网
12995,30.164222222222214,127.23077777777776,0.7,35.0,2019-04-24 02:00:04,刺网
12995,30.164222222222214,127.23080555555555,0.4,63.0,2019-04-24 02:10:04,刺网
12995,30.164388888888887,127.23072222222223,0.4,186.0,2019-04-24 02:20:04,刺网
12995,30.16425,127.23077777777776,0.5,246.0,2019-04-24 02:30:07,刺网
12995,30.16411111111111,127.23083333333334,0.2,0.0,2019-04-24 02:40:07,刺网
12995,30.16402777777777,127.23091666666667,0.3,0.0,2019-04-24 03:00:07,刺网
12995,30.164,127.23075,0.4,38.0,2019-04-24 03:10:07,刺网
12995,30.164277777777766,127.23066666666666,0.1,0.0,2019-04-24 03:20:07,刺网
12995,30.16425,127.23066666666666,0.7,237.0,2019-04-24 03:30:07,刺网
12995,30.16411111111111,127.23086111111112,0.4,227.0,2019-04-24 03:40:07,刺网
12995,30.16419444444445,127.23080555555555,0.5,269.0,2019-04-24 03:50:06,刺网
12995,30.16344444444444,127.22777777777776,1.8,146.0,2019-04-24 04:00:06,刺网
12995,30.16372222222222,127.20666666666666,6.4,271.0,2019-04-24 04:10:06,刺网
12995,30.164055555555553,127.18361111111112,7.0,273.0,2019-04-24 04:20:06,刺网
12995,30.16833333333333,127.16502777777778,7.3,1.0,2019-04-24 04:30:06,刺网
12995,30.171111111111113,127.18672222222223,7.7,95.0,2019-04-24 04:40:06,刺网
12995,30.171083333333332,127.21122222222222,7.6,88.0,2019-04-24 04:50:06,刺网
12995,30.177138888888887,127.22841666666667,7.2,5.0,2019-04-24 05:00:06,刺网
12995,30.178611111111113,127.20386111111112,8.1,267.0,2019-04-24 05:10:06,刺网
12995,30.17866666666667,127.18083333333334,7.0,265.0,2019-04-24 05:20:05,刺网
12995,30.18425,127.16313888888894,7.5,8.0,2019-04-24 05:30:05,刺网
12995,30.186472222222214,127.18630555555555,7.3,87.0,2019-04-24 05:40:05,刺网
12995,30.18658333333333,127.21061111111112,7.9,92.0,2019-04-24 05:50:05,刺网
12995,30.19061111111111,127.23069444444445,8.1,1.0,2019-04-24 06:00:05,刺网
12995,30.193222222222214,127.20705555555556,7.4,270.0,2019-04-24 06:10:05,刺网
12995,30.193444444444445,127.18172222222223,8.0,269.0,2019-04-24 06:20:05,刺网
12995,30.19972222222223,127.17355555555555,7.3,90.0,2019-04-24 06:30:05,刺网
12995,30.19991666666667,127.19866666666668,7.8,91.0,2019-04-24 06:40:05,刺网
12995,30.196027777777786,127.21961111111112,7.6,165.0,2019-04-24 06:50:05,刺网
12995,30.17613888888889,127.22636111111107,7.6,173.0,2019-04-24 07:00:05,刺网
12995,30.15586111111111,127.2272222222222,3.7,193.0,2019-04-24 07:10:04,刺网
12995,30.15538888888889,127.22480555555555,1.2,317.0,2019-04-24 07:20:04,刺网
12995,30.156861111111112,127.22361111111113,0.9,50.0,2019-04-24 07:30:04,刺网
12995,30.158777777777768,127.22244444444445,0.5,329.0,2019-04-24 07:40:07,刺网
12995,30.16108333333333,127.2215,0.9,350.0,2019-04-24 07:50:07,刺网
12995,30.163555555555554,127.22058333333334,1.3,52.0,2019-04-24 08:00:07,刺网
12995,30.16597222222222,127.22008333333332,1.3,147.0,2019-04-24 08:10:07,刺网
12995,30.168138888888887,127.21969444444444,0.6,0.0,2019-04-24 08:20:07,刺网
12995,30.170361111111113,127.21875,0.6,0.0,2019-04-24 08:30:07,刺网
12995,30.17283333333333,127.21777777777778,1.1,333.0,2019-04-24 08:40:06,刺网
12995,30.175361111111112,127.21630555555555,1.2,332.0,2019-04-24 08:50:06,刺网
12995,30.17808333333333,127.21536111111112,1.6,329.0,2019-04-24 09:00:06,刺网
12995,30.180861111111113,127.21491666666668,0.4,0.0,2019-04-24 09:10:06,刺网
12995,30.183416666666666,127.21425,0.8,26.0,2019-04-24 09:20:06,刺网
12995,30.18638888888889,127.21388888888887,1.0,10.0,2019-04-24 09:30:06,刺网
12995,30.189055555555555,127.21308333333332,1.0,332.0,2019-04-24 09:40:06,刺网
12995,30.19216666666667,127.2120277777778,1.6,351.0,2019-04-24 09:50:06,刺网
12995,30.188722222222214,127.21541666666668,5.5,166.0,2019-04-24 10:00:05,刺网
12995,30.176333333333336,127.21869444444445,1.0,231.0,2019-04-24 10:10:06,刺网
12995,30.175666666666668,127.21088888888893,3.5,285.0,2019-04-24 10:20:05,刺网
12995,30.17736111111111,127.20366666666668,0.9,340.0,2019-04-24 10:30:05,刺网
12995,30.177944444444453,127.1954722222222,3.2,272.0,2019-04-24 10:40:05,刺网
12995,30.17808333333333,127.18541666666668,3.4,276.0,2019-04-24 10:50:05,刺网
12995,30.179111111111112,127.17525,3.0,287.0,2019-04-24 11:00:05,刺网
12995,30.179472222222234,127.16533333333336,2.6,267.0,2019-04-24 11:10:05,刺网
12995,30.183694444444445,127.15752777777777,2.7,332.0,2019-04-24 11:20:05,刺网
12995,30.188000000000002,127.16533333333336,3.2,100.0,2019-04-24 11:30:05,刺网
12995,30.188250000000004,127.17644444444444,3.3,83.0,2019-04-24 11:40:05,刺网
12995,30.18925,127.18602777777778,2.5,85.0,2019-04-24 11:50:05,刺网
12995,30.189805555555555,127.19605555555556,2.8,74.0,2019-04-24 12:00:05,刺网
12995,30.19075,127.20630555555556,3.6,75.0,2019-04-24 12:10:04,刺网
12995,30.19294444444445,127.21425,2.2,67.0,2019-04-24 12:20:04,刺网
12995,30.19761111111111,127.21680555555555,2.8,2.0,2019-04-24 12:30:04,刺网
12995,30.199472222222226,127.21244444444444,2.8,263.0,2019-04-24 12:40:04,刺网
12995,30.19986111111111,127.20505555555556,2.7,268.0,2019-04-24 12:50:07,刺网
12995,30.2,127.19677777777778,2.2,235.0,2019-04-24 13:00:07,刺网
12995,30.200222222222234,127.18969444444444,2.3,264.0,2019-04-24 13:10:07,刺网
12995,30.199472222222226,127.18211111111113,2.7,260.0,2019-04-24 13:20:07,刺网
12995,30.199277777777766,127.17522222222223,1.1,222.0,2019-04-24 13:30:06,刺网
12995,30.199972222222232,127.1677777777778,2.6,245.0,2019-04-24 13:40:07,刺网
12995,30.202805555555553,127.16147222222223,2.5,346.0,2019-04-24 13:50:06,刺网
12995,30.20683333333333,127.16747222222222,2.1,74.0,2019-04-24 14:00:06,刺网
12995,30.20725,127.17669444444445,3.7,81.0,2019-04-24 14:10:06,刺网
12995,30.209,127.18841666666668,3.5,89.0,2019-04-24 14:20:06,刺网
12995,30.20936111111111,127.2,4.1,97.0,2019-04-24 14:30:06,刺网
12995,30.20833333333333,127.2115,4.0,69.0,2019-04-24 14:40:06,刺网
12995,30.2105,127.21869444444445,1.4,119.0,2019-04-24 14:50:06,刺网
12995,30.21313888888889,127.22508333333334,3.2,11.0,2019-04-24 15:00:06,刺网
12995,30.216555555555555,127.21258333333334,2.9,270.0,2019-04-24 15:20:05,刺网
12995,30.21572222222222,127.20372222222224,2.6,264.0,2019-04-24 15:30:05,刺网
12995,30.214111111111112,127.19508333333334,2.9,243.0,2019-04-24 15:40:05,刺网
12995,30.211805555555554,127.18694444444445,3.1,241.0,2019-04-24 15:50:05,刺网
12995,30.209944444444453,127.17841666666668,2.7,292.0,2019-04-24 16:00:05,刺网
12995,30.21488888888889,127.17802777777777,2.2,25.0,2019-04-24 16:10:05,刺网
12995,30.21608333333333,127.18130555555555,2.3,260.0,2019-04-24 16:20:05,刺网
12995,30.217972222222233,127.18972222222223,3.9,81.0,2019-04-24 16:30:05,刺网
12995,30.219777777777768,127.20105555555556,3.3,73.0,2019-04-24 16:40:05,刺网
12995,30.222472222222233,127.2115,3.3,73.0,2019-04-24 16:50:05,刺网
12995,30.22433333333333,127.22147222222223,2.1,80.0,2019-04-24 17:00:04,刺网
12995,30.222972222222214,127.22291666666666,3.8,250.0,2019-04-24 17:10:04,刺网
12995,30.22013888888889,127.21147222222223,3.8,229.0,2019-04-24 17:20:04,刺网
12995,30.21075,127.19713888888893,6.0,231.0,2019-04-24 17:30:04,刺网
12995,30.200527777777786,127.18041666666667,6.4,238.0,2019-04-24 17:40:04,刺网
12995,30.192527777777766,127.16494444444444,0.5,0.0,2019-04-24 17:50:04,刺网
12995,30.192694444444445,127.16677777777778,0.2,0.0,2019-04-24 18:00:07,刺网
12995,30.19244444444445,127.16680555555556,0.7,185.0,2019-04-24 18:10:04,刺网
12995,30.19236111111111,127.16677777777778,0.6,88.0,2019-04-24 18:20:07,刺网
12995,30.19244444444445,127.16677777777778,0.3,222.0,2019-04-24 18:30:06,刺网
12995,30.19241666666667,127.16677777777778,0.4,204.0,2019-04-24 18:40:06,刺网
12995,30.192638888888887,127.16677777777778,0.6,88.0,2019-04-24 18:50:06,刺网
12995,30.192722222222233,127.16675,0.4,0.0,2019-04-24 19:00:06,刺网
12995,30.192805555555548,127.16675,0.6,131.0,2019-04-24 19:10:06,刺网
12995,30.192722222222233,127.16675,0.5,4.0,2019-04-24 19:20:06,刺网
12995,30.19283333333333,127.16666666666669,0.4,79.0,2019-04-24 19:30:06,刺网
12995,30.19319444444445,127.16655555555555,0.6,34.0,2019-04-24 19:40:06,刺网
12995,30.193361111111113,127.16641666666666,0.8,92.0,2019-04-24 19:50:06,刺网
12995,30.193583333333336,127.16622222222223,0.2,0.0,2019-04-24 20:00:06,刺网
12995,30.193722222222213,127.1659722222222,0.4,0.0,2019-04-24 20:10:06,刺网
12995,30.19388888888889,127.16572222222223,0.2,0.0,2019-04-24 20:20:06,刺网
12995,30.194055555555554,127.16519444444445,0.5,252.0,2019-04-24 20:40:05,刺网
12995,30.19408333333333,127.16497222222222,0.5,150.0,2019-04-24 20:50:05,刺网
12995,30.194027777777766,127.16480555555556,0.2,0.0,2019-04-24 21:00:05,刺网
12995,30.19408333333333,127.16483333333332,0.7,1.0,2019-04-24 21:10:05,刺网
12995,30.194055555555554,127.16475,0.9,282.0,2019-04-24 21:20:05,刺网
12995,30.194055555555554,127.16469444444445,0.3,199.0,2019-04-24 21:30:05,刺网
12995,30.194027777777766,127.16455555555555,0.6,271.0,2019-04-24 21:40:05,刺网
12995,30.194055555555554,127.16461111111113,0.3,63.0,2019-04-24 21:50:04,刺网
12995,30.194055555555554,127.1645277777778,0.4,51.0,2019-04-24 22:00:04,刺网
12995,30.194055555555554,127.16463888888893,0.7,164.0,2019-04-24 22:10:04,刺网
12995,30.194055555555554,127.16458333333334,1.2,133.0,2019-04-24 22:20:04,刺网
12995,30.194055555555554,127.16455555555555,0.3,163.0,2019-04-24 22:30:04,刺网
12995,30.194055555555554,127.16447222222223,0.4,291.0,2019-04-24 22:40:04,刺网
12995,30.194027777777766,127.16444444444444,0.2,0.0,2019-04-24 22:50:04,刺网
12995,30.19391666666667,127.16447222222223,0.4,195.0,2019-04-24 23:00:04,刺网
12995,30.194000000000006,127.16455555555555,0.2,0.0,2019-04-24 23:10:07,刺网
12995,30.194055555555554,127.1645277777778,0.8,44.0,2019-04-24 23:20:06,刺网
12995,30.19408333333333,127.16469444444445,0.6,105.0,2019-04-24 23:30:07,刺网
12995,30.194027777777766,127.16466666666668,1.0,75.0,2019-04-24 23:40:06,刺网
12995,30.19408333333333,127.16469444444445,0.3,0.0,2019-04-24 23:50:06,刺网
12995,30.19408333333333,127.16475,0.6,84.0,2019-04-25 00:00:06,刺网
12995,30.194111111111113,127.16475,0.5,0.0,2019-04-25 00:10:06,刺网
12995,30.19408333333333,127.16461111111113,0.6,52.0,2019-04-25 00:20:06,刺网
12995,30.19394444444445,127.16444444444444,0.3,0.0,2019-04-25 00:30:06,刺网
12995,30.19391666666667,127.16436111111112,0.3,42.0,2019-04-25 00:40:06,刺网
12995,30.193972222222214,127.16444444444444,0.8,157.0,2019-04-25 00:50:06,刺网
12995,30.194000000000006,127.16455555555555,0.4,345.0,2019-04-25 01:00:06,刺网
12995,30.194055555555554,127.16491666666668,0.5,148.0,2019-04-25 01:10:06,刺网
12995,30.194055555555554,127.16483333333332,0.3,0.0,2019-04-25 01:20:05,刺网
12995,30.194055555555554,127.16516666666668,0.2,0.0,2019-04-25 01:30:05,刺网
12995,30.19383333333333,127.1657777777778,0.5,125.0,2019-04-25 01:40:05,刺网
12995,30.193472222222233,127.16602777777778,0.2,0.0,2019-04-25 01:50:05,刺网
12995,30.193,127.16611111111112,0.2,0.0,2019-04-25 02:00:05,刺网
12995,30.192666666666664,127.16569444444444,0.8,187.0,2019-04-25 02:10:05,刺网
12995,30.192027777777767,127.16575,0.6,171.0,2019-04-25 02:20:05,刺网
12995,30.19144444444445,127.1659722222222,0.3,187.0,2019-04-25 02:30:05,刺网
12995,30.191222222222233,127.1657777777778,0.5,174.0,2019-04-25 02:40:04,刺网
12995,30.19116666666667,127.16563888888888,0.1,0.0,2019-04-25 02:50:04,刺网
12995,30.191055555555558,127.16566666666668,0.3,240.0,2019-04-25 03:00:04,刺网
12995,30.191194444444445,127.16566666666668,0.1,0.0,2019-04-25 03:10:04,刺网
12995,30.191055555555558,127.16558333333332,0.4,155.0,2019-04-25 03:20:04,刺网
12995,30.19102777777778,127.16516666666668,0.1,0.0,2019-04-25 03:30:04,刺网
12995,30.19088888888889,127.16502777777778,0.4,206.0,2019-04-25 03:40:04,刺网
12995,30.19086111111111,127.16466666666668,0.3,167.0,2019-04-25 03:50:04,刺网
12995,30.192888888888888,127.16080555555556,5.7,270.0,2019-04-25 04:00:04,刺网
12995,30.19325000000001,127.13736111111113,7.3,268.0,2019-04-25 04:10:04,刺网
12995,30.193027777777786,127.11338888888888,7.4,268.0,2019-04-25 04:20:07,刺网
12995,30.196638888888888,127.09291666666664,7.8,352.0,2019-04-25 04:30:06,刺网
12995,30.198611111111113,127.11613888888887,7.7,90.0,2019-04-25 04:40:06,刺网
12995,30.198777777777767,127.14144444444445,7.9,92.0,2019-04-25 04:50:06,刺网
12995,30.204666666666668,127.15630555555555,7.2,270.0,2019-04-25 05:00:06,刺网
12995,30.20525,127.1334722222222,7.5,268.0,2019-04-25 05:10:06,刺网
12995,30.20525,127.10886111111107,7.6,271.0,2019-04-25 05:20:06,刺网
12995,30.211055555555557,127.0942777777778,7.3,91.0,2019-04-25 05:30:06,刺网
12995,30.211333333333336,127.11880555555555,7.8,88.0,2019-04-25 05:40:06,刺网
12995,30.211222222222233,127.1437777777778,7.9,91.0,2019-04-25 05:50:06,刺网
12995,30.21744444444445,127.15063888888888,8.3,267.0,2019-04-25 06:00:06,刺网
12995,30.21747222222222,127.12480555555555,8.0,274.0,2019-04-25 06:10:05,刺网
12995,30.217194444444445,127.09919444444445,8.0,269.0,2019-04-25 06:20:05,刺网
12995,30.22194444444445,127.10722222222222,7.5,84.0,2019-04-25 06:30:05,刺网
12995,30.222777777777768,127.13088888888888,7.1,91.0,2019-04-25 06:40:05,刺网
12995,30.2115,127.14519444444444,6.9,151.0,2019-04-25 06:50:05,刺网
12995,30.194861111111113,127.15394444444445,3.1,144.0,2019-04-25 07:00:05,刺网
12995,30.1935,127.15497222222223,0.2,0.0,2019-04-25 07:10:05,刺网
12995,30.19352777777778,127.15430555555555,0.2,0.0,2019-04-25 07:20:05,刺网
12995,30.193305555555558,127.15361111111113,0.5,38.0,2019-04-25 07:30:05,刺网
12995,30.19383333333333,127.15297222222223,0.7,202.0,2019-04-25 07:40:04,刺网
12995,30.194277777777767,127.15213888888893,0.1,0.0,2019-04-25 07:50:04,刺网
12995,30.19525,127.15169444444444,0.3,3.0,2019-04-25 08:00:04,刺网
12995,30.19583333333333,127.1509722222222,0.3,0.0,2019-04-25 08:10:04,刺网
12995,30.19683333333333,127.14988888888894,0.4,0.0,2019-04-25 08:20:04,刺网
12995,30.19747222222223,127.14886111111113,0.5,0.0,2019-04-25 08:30:04,刺网
12995,30.19902777777777,127.14797222222224,0.5,0.0,2019-04-25 08:40:04,刺网
12995,30.2,127.1472777777778,0.8,345.0,2019-04-25 08:50:04,刺网
12995,30.200944444444442,127.14647222222223,0.6,0.0,2019-04-25 09:00:04,刺网
12995,30.201999999999998,127.14566666666668,1.0,341.0,2019-04-25 09:10:04,刺网
12995,30.203527777777786,127.14491666666667,0.4,0.0,2019-04-25 09:20:06,刺网
12995,30.205055555555553,127.14408333333334,0.8,330.0,2019-04-25 09:30:06,刺网
12995,30.206472222222214,127.14313888888893,0.6,339.0,2019-04-25 09:40:06,刺网
12995,30.208416666666665,127.14261111111112,0.9,336.0,2019-04-25 09:50:06,刺网
12995,30.208444444444442,127.14311111111112,3.7,196.0,2019-04-25 10:00:06,刺网
12995,30.20419444444445,127.14513888888894,2.0,178.0,2019-04-25 10:10:06,刺网
12995,30.203166666666664,127.13544444444445,3.3,272.0,2019-04-25 10:20:06,刺网
12995,30.20363888888889,127.12533333333332,3.5,291.0,2019-04-25 10:30:06,刺网
12995,30.20208333333333,127.11977777777778,1.3,207.0,2019-04-25 10:40:06,刺网
12995,30.204694444444453,127.11191666666666,3.7,298.0,2019-04-25 10:50:06,刺网
12995,30.205361111111113,127.10322222222223,3.4,283.0,2019-04-25 11:00:06,刺网
12995,30.20963888888889,127.09444444444445,3.3,298.0,2019-04-25 11:10:05,刺网
12995,30.21233333333333,127.098,1.5,111.0,2019-04-25 11:20:05,刺网
12995,30.21263888888889,127.1069722222222,2.9,96.0,2019-04-25 11:30:05,刺网
12995,30.213,127.11399999999999,2.6,115.0,2019-04-25 11:40:05,刺网
12995,30.21169444444445,127.12291666666664,2.8,103.0,2019-04-25 11:50:05,刺网
12995,30.212055555555555,127.13080555555555,2.3,49.0,2019-04-25 12:00:05,刺网
12995,30.214444444444442,127.13872222222223,2.6,98.0,2019-04-25 12:10:05,刺网
12995,30.219527777777767,127.13733333333334,2.9,302.0,2019-04-25 12:20:05,刺网
12995,30.21986111111111,127.12905555555555,2.2,289.0,2019-04-25 12:30:05,刺网
12995,30.220055555555554,127.12133333333333,2.4,282.0,2019-04-25 12:40:05,刺网
12995,30.221138888888888,127.11361111111113,1.8,255.0,2019-04-25 12:50:05,刺网
12995,30.223111111111113,127.106,2.9,284.0,2019-04-25 13:00:05,刺网
12995,30.226111111111113,127.09733333333332,2.9,299.0,2019-04-25 13:10:04,刺网
12995,30.227694444444445,127.08958333333332,3.2,310.0,2019-04-25 13:20:04,刺网
12995,30.23475,127.08752777777777,1.9,70.0,2019-04-25 13:30:04,刺网
12995,30.23380555555556,127.09791666666666,3.1,110.0,2019-04-25 13:40:04,刺网
12995,30.23183333333333,127.10702777777777,2.9,106.0,2019-04-25 13:50:04,刺网
12995,30.23041666666667,127.11486111111107,3.3,103.0,2019-04-25 14:00:04,刺网
12995,30.228416666666664,127.124,2.4,111.0,2019-04-25 14:10:04,刺网
12995,30.227472222222215,127.13344444444445,2.2,68.0,2019-04-25 14:20:04,刺网
12995,30.22963888888889,127.13863888888888,2.6,57.0,2019-04-25 14:30:03,刺网
12995,30.232388888888888,127.13902777777778,3.2,335.0,2019-04-25 14:40:06,刺网
12995,30.23191666666667,127.13375,2.3,258.0,2019-04-25 14:50:06,刺网
12995,30.23386111111111,127.12533333333332,2.9,278.0,2019-04-25 15:00:06,刺网
12995,30.236583333333336,127.11741666666666,3.1,288.0,2019-04-25 15:10:06,刺网
12995,30.238555555555557,127.10797222222222,2.8,285.0,2019-04-25 15:20:06,刺网
12995,30.241138888888887,127.09908333333333,2.3,295.0,2019-04-25 15:30:06,刺网
12995,30.243972222222233,127.09125,2.4,311.0,2019-04-25 15:40:06,刺网
12995,30.24525,127.09794444444445,3.7,109.0,2019-04-25 15:50:05,刺网
12995,30.24286111111111,127.10799999999999,3.8,109.0,2019-04-25 16:00:06,刺网
12995,30.23991666666667,127.11877777777778,3.2,84.0,2019-04-25 16:10:05,刺网
12995,30.23933333333333,127.12925,3.1,68.0,2019-04-25 16:20:05,刺网
12995,30.235722222222233,127.12808333333332,5.1,207.0,2019-04-25 16:30:05,刺网
12995,30.22138888888889,127.12091666666666,5.7,207.0,2019-04-25 16:40:05,刺网
12995,30.20894444444445,127.11569444444444,2.2,170.0,2019-04-25 16:50:05,刺网
12995,30.200222222222234,127.1164722222222,6.3,190.0,2019-04-25 17:00:05,刺网
12995,30.18302777777778,127.10719444444445,7.2,203.0,2019-04-25 17:10:05,刺网
12995,30.162722222222214,127.10338888888887,7.9,187.0,2019-04-25 17:20:04,刺网
12995,30.142222222222234,127.10063888888888,7.2,185.0,2019-04-25 17:30:05,刺网
12995,30.12286111111111,127.09811111111112,7.1,188.0,2019-04-25 17:40:04,刺网
12995,30.10316666666667,127.09725,7.3,182.0,2019-04-25 17:50:04,刺网
12995,30.082722222222234,127.09700000000001,6.9,180.0,2019-04-25 18:00:04,刺网
12995,30.06438888888889,127.09663888888888,6.5,180.0,2019-04-25 18:10:04,刺网
12995,30.05263888888889,127.09808333333332,1.6,125.0,2019-04-25 18:20:04,刺网
12995,30.052194444444453,127.09958333333331,0.8,43.0,2019-04-25 18:30:04,刺网
12995,30.052194444444453,127.09955555555555,0.5,70.0,2019-04-25 18:40:04,刺网
12995,30.05216666666667,127.09958333333331,0.7,52.0,2019-04-25 18:50:04,刺网
12995,30.05225,127.09958333333331,0.6,49.0,2019-04-25 19:00:04,刺网
12995,30.052277777777785,127.09958333333331,0.4,319.0,2019-04-25 19:10:04,刺网
12995,30.052277777777785,127.09961111111113,0.6,159.0,2019-04-25 19:20:03,刺网
12995,30.05216666666667,127.09952777777778,0.2,0.0,2019-04-25 19:30:03,刺网
12995,30.05216666666667,127.09952777777778,0.5,0.0,2019-04-25 19:40:03,刺网
12995,30.052111111111113,127.09947222222222,0.2,0.0,2019-04-25 19:50:03,刺网
12995,30.052055555555555,127.0995,0.5,203.0,2019-04-25 20:00:06,刺网
12995,30.05183333333333,127.09936111111112,0.6,38.0,2019-04-25 20:10:03,刺网
12995,30.05194444444445,127.09941666666666,0.8,222.0,2019-04-25 20:20:06,刺网
12995,30.05177777777777,127.09930555555556,0.5,222.0,2019-04-25 20:30:06,刺网
12995,30.051527777777785,127.09905555555555,0.7,240.0,2019-04-25 20:40:06,刺网
12995,30.05158333333333,127.09908333333333,0.3,0.0,2019-04-25 20:50:06,刺网
12995,30.051861111111112,127.09936111111112,0.7,223.0,2019-04-25 21:00:06,刺网
12995,30.05161111111111,127.09911111111107,0.4,0.0,2019-04-25 21:10:06,刺网
12995,30.051722222222214,127.09925,0.1,0.0,2019-04-25 21:20:05,刺网
12995,30.051472222222234,127.09897222222222,0.2,0.0,2019-04-25 21:30:05,刺网
12995,30.051805555555553,127.09930555555556,0.1,0.0,2019-04-25 21:40:05,刺网
12995,30.05183333333333,127.09933333333332,0.2,0.0,2019-04-25 21:50:05,刺网
12995,30.05175,127.09927777777777,0.1,0.0,2019-04-25 22:00:05,刺网
12995,30.051444444444453,127.09894444444444,0.4,223.0,2019-04-25 22:10:05,刺网
12995,30.05177777777777,127.09927777777777,0.2,0.0,2019-04-25 22:20:05,刺网
12995,30.05183333333333,127.09933333333332,0.6,32.0,2019-04-25 22:30:04,刺网
12995,30.05191666666667,127.09938888888887,0.3,0.0,2019-04-25 22:40:04,刺网
12995,30.052111111111113,127.0995,0.2,0.0,2019-04-25 22:50:04,刺网
12995,30.052027777777766,127.09947222222222,0.2,340.0,2019-04-25 23:00:04,刺网
12995,30.052055555555555,127.09944444444444,0.3,0.0,2019-04-25 23:10:04,刺网
12995,30.05216666666667,127.09952777777778,0.5,63.0,2019-04-25 23:20:04,刺网
12995,30.052027777777766,127.09944444444444,0.2,0.0,2019-04-25 23:30:04,刺网
12995,30.052027777777766,127.09944444444444,0.4,52.0,2019-04-25 23:40:04,刺网
12995,30.052027777777766,127.09941666666666,0.6,289.0,2019-04-25 23:50:04,刺网
12995,30.052,127.09944444444444,0.3,0.0,2019-04-26 00:00:04,刺网
12995,30.05225,127.09958333333331,0.3,0.0,2019-04-26 00:10:04,刺网
12995,30.052222222222234,127.09952777777778,0.1,0.0,2019-04-26 00:20:03,刺网
12995,30.052222222222234,127.09958333333331,0.2,0.0,2019-04-26 00:30:03,刺网
12995,30.05208333333333,127.0995,0.4,159.0,2019-04-26 00:40:03,刺网
12995,30.05225,127.09958333333331,0.5,179.0,2019-04-26 00:50:03,刺网
12995,30.052138888888887,127.09952777777778,0.9,251.0,2019-04-26 01:00:03,刺网
12995,30.05216666666667,127.09955555555555,0.7,4.0,2019-04-26 01:10:06,刺网
12995,30.052138888888887,127.09952777777778,0.7,287.0,2019-04-26 01:20:06,刺网
12995,30.05236111111111,127.09963888888888,0.1,0.0,2019-04-26 01:30:06,刺网
12995,30.05208333333333,127.09952777777778,0.5,201.0,2019-04-26 01:40:06,刺网
12995,30.052027777777766,127.09947222222222,0.7,206.0,2019-04-26 01:50:06,刺网
12995,30.052027777777766,127.0995,0.6,213.0,2019-04-26 02:00:06,刺网
12995,30.052111111111113,127.0995,0.6,205.0,2019-04-26 02:10:05,刺网
12995,30.05175,127.09911111111107,0.8,223.0,2019-04-26 02:20:05,刺网
12995,30.052055555555555,127.0995,0.2,0.0,2019-04-26 02:30:05,刺网
12995,30.05163888888889,127.09913888888887,0.2,0.0,2019-04-26 02:40:05,刺网
12995,30.05155555555556,127.09911111111107,0.6,30.0,2019-04-26 02:50:05,刺网
12995,30.0515,127.09905555555555,0.6,68.0,2019-04-26 03:00:05,刺网
12995,30.05183333333333,127.09938888888887,0.7,144.0,2019-04-26 03:10:05,刺网
12995,30.05169444444445,127.09925,0.3,0.0,2019-04-26 03:20:05,刺网
12995,30.05169444444445,127.09927777777777,0.2,0.0,2019-04-26 03:30:05,刺网
12995,30.05169444444445,127.0992222222222,0.8,192.0,2019-04-26 03:40:05,刺网
12995,30.051388888888887,127.09888888888888,0.1,0.0,2019-04-26 03:50:04,刺网
12995,30.05388888888889,127.10013888888888,8.3,60.0,2019-04-26 04:00:04,刺网
12995,30.070611111111113,127.10558333333331,7.3,357.0,2019-04-26 04:10:04,刺网
12995,30.091361111111112,127.10502777777776,7.7,358.0,2019-04-26 04:20:04,刺网
12995,30.106972222222232,127.10008333333332,6.9,227.0,2019-04-26 04:30:04,刺网
12995,30.085555555555555,127.09913888888887,7.9,179.0,2019-04-26 04:40:04,刺网
12995,30.063388888888888,127.09925,7.7,179.0,2019-04-26 04:50:04,刺网
12995,30.06163888888889,127.09291666666664,7.2,356.0,2019-04-26 05:00:04,刺网
12995,30.08216666666667,127.0924722222222,7.1,353.0,2019-04-26 05:10:04,刺网
12995,30.102750000000004,127.09269444444445,7.8,359.0,2019-04-26 05:20:04,刺网
12995,30.095916666666664,127.08577777777776,7.6,180.0,2019-04-26 05:30:03,刺网
12995,30.074472222222226,127.08586111111107,7.6,180.0,2019-04-26 05:40:03,刺网
12995,30.052805555555555,127.08569444444444,8.1,181.0,2019-04-26 05:50:03,刺网
12995,30.010277777777766,127.08452777777778,7.7,186.0,2019-04-26 06:10:03,刺网
12995,30.008555555555557,127.07658333333332,6.6,350.0,2019-04-26 06:20:03,刺网
12995,30.027027777777768,127.07600000000001,7.3,1.0,2019-04-26 06:30:06,刺网
12995,30.046083333333332,127.07586111111112,7.6,3.0,2019-04-26 06:40:06,刺网
12995,30.06213888888889,127.07577777777777,4.0,11.0,2019-04-26 06:50:06,刺网
12995,30.07233333333333,127.07641666666666,1.3,113.0,2019-04-26 07:00:06,刺网
12995,30.070888888888888,127.07919444444444,1.9,134.0,2019-04-26 07:10:06,刺网
12995,30.069305555555548,127.08186111111112,1.7,135.0,2019-04-26 07:20:05,刺网
12995,30.067694444444445,127.08488888888887,1.0,118.0,2019-04-26 07:30:05,刺网
12995,30.06594444444445,127.08755555555555,0.8,114.0,2019-04-26 07:40:05,刺网
12995,30.064138888888888,127.0895,0.6,117.0,2019-04-26 07:50:05,刺网
12995,30.062305555555554,127.09208333333332,0.6,118.0,2019-04-26 08:00:05,刺网
12995,30.060472222222234,127.09519444444445,0.8,127.0,2019-04-26 08:10:05,刺网
12995,30.058888888888887,127.09730555555555,0.4,0.0,2019-04-26 08:20:05,刺网
12995,30.057805555555557,127.09916666666666,0.3,0.0,2019-04-26 08:30:05,刺网
12995,30.05611111111111,127.10094444444445,1.7,150.0,2019-04-26 08:40:05,刺网
12995,30.05533333333333,127.10280555555555,1.1,120.0,2019-04-26 08:50:04,刺网
12995,30.0545,127.10477777777778,0.6,71.0,2019-04-26 09:00:04,刺网
12995,30.05375,127.1069722222222,0.7,137.0,2019-04-26 09:10:04,刺网
12995,30.053,127.10844444444444,0.7,69.0,2019-04-26 09:20:04,刺网
12995,30.052555555555557,127.11113888888887,0.6,90.0,2019-04-26 09:30:04,刺网
12995,30.05194444444445,127.11336111111108,0.4,97.0,2019-04-26 09:40:04,刺网
12995,30.06194444444445,127.11886111111107,5.8,6.0,2019-04-26 09:50:04,刺网
12995,30.06416666666667,127.11463888888888,3.4,329.0,2019-04-26 10:00:04,刺网
12995,30.07411111111111,127.11397222222222,3.1,354.0,2019-04-26 10:10:04,刺网
12995,30.083000000000002,127.11447222222222,2.6,351.0,2019-04-26 10:20:03,刺网
12995,30.091972222222214,127.1137222222222,4.1,357.0,2019-04-26 10:30:03,刺网
12995,30.101777777777766,127.11444444444444,3.6,350.0,2019-04-26 10:40:03,刺网
12995,30.11033333333333,127.1124722222222,3.0,309.0,2019-04-26 10:50:03,刺网
12995,30.105972222222213,127.10844444444444,3.1,196.0,2019-04-26 11:00:03,刺网
12995,30.09863888888889,127.10811111111113,3.1,181.0,2019-04-26 11:10:03,刺网
12995,30.09144444444444,127.10766666666666,2.1,188.0,2019-04-26 11:20:06,刺网
12995,30.085638888888887,127.10736111111108,1.4,191.0,2019-04-26 11:30:03,刺网
12995,30.08238888888889,127.10708333333332,1.2,130.0,2019-04-26 11:40:06,刺网
12995,30.075805555555558,127.10516666666666,3.0,185.0,2019-04-26 11:50:06,刺网
12995,30.06875,127.10441666666664,2.3,171.0,2019-04-26 12:00:06,刺网
12995,30.065027777777786,127.10294444444445,0.3,0.0,2019-04-26 12:10:06,刺网
12995,30.07019444444445,127.09933333333332,3.8,8.0,2019-04-26 12:20:06,刺网
12995,30.07919444444445,127.09905555555555,2.6,356.0,2019-04-26 12:30:05,刺网
12995,30.086722222222214,127.0985277777778,3.2,348.0,2019-04-26 12:40:05,刺网
12995,30.094972222222214,127.09841666666668,3.1,28.0,2019-04-26 12:50:05,刺网
12995,30.099055555555548,127.09933333333332,3.4,332.0,2019-04-26 13:00:05,刺网
12995,30.10730555555556,127.09897222222222,2.9,336.0,2019-04-26 13:10:05,刺网
12995,30.114027777777785,127.09766666666668,1.6,306.0,2019-04-26 13:20:05,刺网
12995,30.108611111111113,127.09472222222222,2.6,180.0,2019-04-26 13:30:05,刺网
12995,30.101055555555558,127.0942777777778,2.5,179.0,2019-04-26 13:40:04,刺网
12995,30.093000000000004,127.09419444444444,3.0,170.0,2019-04-26 13:50:04,刺网
12995,30.08513888888889,127.09383333333332,3.3,172.0,2019-04-26 14:00:04,刺网
12995,30.077333333333332,127.0932222222222,3.4,178.0,2019-04-26 14:10:04,刺网
12995,30.062027777777786,127.09155555555556,2.6,184.0,2019-04-26 14:30:04,刺网
12995,30.055722222222233,127.09080555555555,1.1,151.0,2019-04-26 14:40:04,刺网
12995,30.051444444444453,127.09036111111112,1.1,160.0,2019-04-26 14:50:04,刺网
12995,30.046777777777766,127.08941666666664,2.1,156.0,2019-04-26 15:00:03,刺网
12995,30.043972222222234,127.08911111111112,1.6,159.0,2019-04-26 15:10:04,刺网
12995,30.04030555555555,127.08866666666668,1.1,215.0,2019-04-26 15:20:03,刺网
12995,30.036305555555558,127.08808333333332,2.4,193.0,2019-04-26 15:30:03,刺网
12995,30.028444444444442,127.08738888888894,3.1,173.0,2019-04-26 15:40:03,刺网
12995,30.02241666666667,127.08758333333333,1.8,183.0,2019-04-26 15:50:03,刺网
12995,30.01430555555556,127.08613888888887,2.4,182.0,2019-04-26 16:10:03,刺网
12995,30.016277777777766,127.08280555555555,2.7,326.0,2019-04-26 16:20:03,刺网
12995,30.023111111111113,127.07930555555555,2.3,333.0,2019-04-26 16:30:03,刺网
12995,30.03058333333333,127.07713888888887,2.1,336.0,2019-04-26 16:40:06,刺网
12995,30.03775000000001,127.07572222222224,3.2,348.0,2019-04-26 16:50:06,刺网
12995,30.045472222222234,127.07575,3.0,2.0,2019-04-26 17:00:05,刺网
12995,30.053611111111113,127.07591666666669,3.9,22.0,2019-04-26 17:10:06,刺网
12995,30.06119444444445,127.07841666666668,2.1,68.0,2019-04-26 17:20:05,刺网
12995,30.06533333333333,127.08152777777777,3.9,8.0,2019-04-26 17:30:05,刺网
12995,30.06975,127.07980555555555,4.1,10.0,2019-04-26 17:40:05,刺网
12995,30.07994444444445,127.08136111111112,3.7,356.0,2019-04-26 17:50:05,刺网
12995,30.08908333333333,127.0829722222222,3.6,22.0,2019-04-26 18:00:05,刺网
12995,30.108777777777767,127.08683333333332,7.1,40.0,2019-04-26 18:20:05,刺网
12995,30.11133333333333,127.0954722222222,1.4,101.0,2019-04-26 18:30:05,刺网
12995,30.10994444444445,127.09811111111112,1.2,190.0,2019-04-26 18:40:05,刺网
12995,30.10955555555556,127.09777777777781,0.6,233.0,2019-04-26 18:50:05,刺网
12995,30.1095,127.09769444444444,0.5,14.0,2019-04-26 19:00:04,刺网
12995,30.109444444444453,127.09766666666668,1.0,63.0,2019-04-26 19:10:04,刺网
12995,30.109472222222234,127.09772222222222,1.6,49.0,2019-04-26 19:20:04,刺网
12995,30.109444444444453,127.09763888888888,1.0,46.0,2019-04-26 19:30:04,刺网
12995,30.109361111111113,127.09755555555556,0.6,92.0,2019-04-26 19:40:04,刺网
12995,30.109444444444453,127.09769444444444,0.2,0.0,2019-04-26 19:50:04,刺网
12995,30.109361111111113,127.09758333333332,0.4,145.0,2019-04-26 20:00:03,刺网
12995,30.10919444444445,127.09736111111107,1.5,200.0,2019-04-26 20:50:03,刺网
12995,30.10916666666667,127.09733333333332,1.0,60.0,2019-04-26 21:00:03,刺网
12995,30.109111111111112,127.0972222222222,1.0,260.0,2019-04-26 21:10:03,刺网
12995,30.10913888888889,127.0972777777778,0.8,29.0,2019-04-26 21:20:03,刺网
12995,30.109027777777786,127.09711111111113,0.5,81.0,2019-04-26 21:30:03,刺网
12995,30.10919444444445,127.09733333333332,0.6,230.0,2019-04-26 21:40:03,刺网
12995,30.10916666666667,127.09736111111107,2.0,42.0,2019-04-26 21:50:03,刺网
12995,30.10916666666667,127.09725,0.5,112.0,2019-04-26 22:00:03,刺网
12995,30.10908333333333,127.09719444444444,0.9,289.0,2019-04-26 22:10:06,刺网
12995,30.109,127.09700000000001,0.3,0.0,2019-04-26 22:20:06,刺网
12995,30.109,127.09697222222222,0.5,197.0,2019-04-26 22:30:06,刺网
12995,30.109111111111112,127.09716666666668,0.5,223.0,2019-04-26 22:40:05,刺网
12995,30.10894444444445,127.09688888888887,0.5,130.0,2019-04-26 23:00:05,刺网
12995,30.109027777777786,127.09702777777778,0.4,204.0,2019-04-26 23:20:05,刺网
12995,30.10916666666667,127.0972777777778,1.0,245.0,2019-04-26 23:30:05,刺网
12995,30.10891666666667,127.09683333333334,0.1,0.0,2019-04-26 23:50:05,刺网
12995,30.109055555555557,127.09711111111113,0.7,235.0,2019-04-27 00:10:05,刺网
12995,30.108833333333337,127.09661111111107,0.6,243.0,2019-04-27 00:30:04,刺网
12995,30.108833333333337,127.09661111111107,0.4,0.0,2019-04-27 00:40:04,刺网
12995,30.10908333333333,127.09719444444444,0.6,4.0,2019-04-27 00:50:04,刺网
12995,30.10894444444445,127.09686111111112,0.7,214.0,2019-04-27 01:00:04,刺网
12995,30.10891666666667,127.09680555555555,1.4,227.0,2019-04-27 01:10:04,刺网
12995,30.10891666666667,127.09686111111112,0.5,84.0,2019-04-27 01:20:04,刺网
12995,30.10891666666667,127.09686111111112,0.4,218.0,2019-04-27 01:30:04,刺网
12995,30.10880555555556,127.09638888888887,0.8,261.0,2019-04-27 01:40:03,刺网
12995,30.10880555555556,127.09647222222222,1.5,64.0,2019-04-27 02:00:03,刺网
12995,30.10875,127.09624999999998,0.8,310.0,2019-04-27 02:20:03,刺网
12995,30.10880555555556,127.09652777777777,0.2,0.0,2019-04-27 02:40:03,刺网
12995,30.10875,127.09630555555556,1.7,236.0,2019-04-27 02:50:03,刺网
12995,30.108833333333337,127.0965,0.2,0.0,2019-04-27 03:00:03,刺网
12995,30.10880555555556,127.09644444444444,0.4,0.0,2019-04-27 03:10:03,刺网
12995,30.108777777777767,127.09619444444445,1.3,294.0,2019-04-27 03:20:02,刺网
12995,30.108722222222234,127.09605555555555,0.6,0.0,2019-04-27 03:30:06,刺网
12995,30.108722222222234,127.09611111111107,0.8,36.0,2019-04-27 03:40:05,刺网
12995,30.108722222222234,127.09608333333333,1.0,0.0,2019-04-27 03:50:05,刺网
12995,30.108722222222234,127.09608333333333,0.7,41.0,2019-04-27 04:00:05,刺网
12995,30.10875,127.09619444444445,1.2,167.0,2019-04-27 04:10:05,刺网
12995,30.10875,127.09613888888887,0.6,0.0,2019-04-27 04:20:05,刺网
12995,30.110722222222233,127.09586111111106,3.7,348.0,2019-04-27 04:30:05,刺网
12995,30.11963888888889,127.0902222222222,6.7,13.0,2019-04-27 04:40:05,刺网
12995,30.136472222222213,127.08980555555556,7.1,352.0,2019-04-27 04:50:05,刺网
12995,30.15558333333333,127.08930555555555,6.8,357.0,2019-04-27 05:00:05,刺网
12995,30.160777777777767,127.08291666666666,7.3,180.0,2019-04-27 05:10:05,刺网
12995,30.14011111111111,127.083,7.4,183.0,2019-04-27 05:20:04,刺网
12995,30.119777777777767,127.0829722222222,7.5,180.0,2019-04-27 05:30:04,刺网
12995,30.118444444444442,127.07680555555555,7.4,5.0,2019-04-27 05:40:04,刺网
12995,30.137666666666664,127.0762222222222,8.0,8.0,2019-04-27 05:50:04,刺网
12995,30.15711111111111,127.07583333333334,7.8,7.0,2019-04-27 06:00:04,刺网
12995,30.15466666666667,127.06958333333333,6.3,174.0,2019-04-27 06:10:04,刺网
12995,30.13425,127.0695,6.9,181.0,2019-04-27 06:20:04,刺网
12995,30.11375,127.06941666666664,7.5,180.0,2019-04-27 06:30:04,刺网
12995,30.09358333333333,127.06952777777781,6.4,180.0,2019-04-27 06:40:03,刺网
12995,30.09386111111111,127.06194444444445,7.7,352.0,2019-04-27 06:50:03,刺网
12995,30.112361111111113,127.06186111111113,7.4,356.0,2019-04-27 07:00:03,刺网
12995,30.132305555555554,127.06141666666666,7.5,346.0,2019-04-27 07:10:03,刺网
12995,30.151194444444442,127.06080555555555,1.6,321.0,2019-04-27 07:20:03,刺网
12995,30.14980555555556,127.06030555555556,0.9,120.0,2019-04-27 07:30:03,刺网
12995,30.14794444444444,127.06030555555556,0.6,223.0,2019-04-27 07:40:03,刺网
12995,30.14638888888889,127.06005555555555,0.9,243.0,2019-04-27 07:50:03,刺网
12995,30.145111111111113,127.05908333333332,1.0,220.0,2019-04-27 08:00:03,刺网
12995,30.14383333333333,127.05852777777778,1.7,208.0,2019-04-27 08:10:03,刺网
12995,30.14275,127.05786111111112,1.2,238.0,2019-04-27 08:20:03,刺网
12995,30.14169444444445,127.05683333333332,1.1,275.0,2019-04-27 08:30:03,刺网
12995,30.14075,127.05555555555556,0.6,226.0,2019-04-27 08:40:02,刺网
12995,30.139888888888887,127.05425,1.3,318.0,2019-04-27 08:50:05,刺网
12995,30.13925,127.05252777777777,0.7,286.0,2019-04-27 09:00:02,刺网
12995,30.139138888888887,127.05052777777777,1.1,255.0,2019-04-27 09:10:05,刺网
12995,30.13869444444445,127.04891666666666,0.5,298.0,2019-04-27 09:20:05,刺网
12995,30.138,127.04672222222223,4.7,208.0,2019-04-27 09:30:05,刺网
12995,30.13144444444445,127.06575,6.4,108.0,2019-04-27 09:40:05,刺网
12995,30.123916666666666,127.08577777777776,6.6,116.0,2019-04-27 09:50:05,刺网
12995,30.121722222222214,127.1002222222222,2.7,211.0,2019-04-27 10:00:04,刺网
12995,30.12463888888889,127.09663888888888,3.3,357.0,2019-04-27 10:10:04,刺网
12995,30.134222222222213,127.09613888888887,4.3,37.0,2019-04-27 10:20:04,刺网
12995,30.143638888888887,127.09605555555555,4.3,354.0,2019-04-27 10:30:04,刺网
12995,30.15288888888889,127.09558333333332,2.9,7.0,2019-04-27 10:40:04,刺网
12995,30.16830555555556,127.09086111111107,2.3,233.0,2019-04-27 11:00:04,刺网
12995,30.16433333333333,127.08888888888887,1.8,183.0,2019-04-27 11:10:04,刺网
12995,30.15758333333333,127.08888888888887,3.1,163.0,2019-04-27 11:20:04,刺网
12995,30.150666666666666,127.08938888888888,3.4,179.0,2019-04-27 11:30:03,刺网
12995,30.14388888888889,127.08844444444445,3.3,194.0,2019-04-27 11:40:03,刺网
12995,30.137027777777767,127.08691666666664,2.8,184.0,2019-04-27 11:50:03,刺网
12995,30.130166666666664,127.08561111111106,1.8,190.0,2019-04-27 12:00:03,刺网
12995,30.12341666666667,127.08341666666666,3.1,189.0,2019-04-27 12:10:03,刺网
12995,30.120500000000003,127.07938888888887,2.2,8.0,2019-04-27 12:20:03,刺网
12995,30.12608333333333,127.07713888888887,3.2,13.0,2019-04-27 12:30:03,刺网
12995,30.13555555555555,127.07711111111112,2.4,341.0,2019-04-27 12:40:03,刺网
12995,30.144222222222233,127.07725,3.8,3.0,2019-04-27 12:50:03,刺网
12995,30.153722222222214,127.07811111111113,2.2,0.0,2019-04-27 13:00:03,刺网
12995,30.16338888888889,127.07736111111107,2.8,11.0,2019-04-27 13:10:03,刺网
12995,30.16802777777778,127.07319444444445,2.1,263.0,2019-04-27 13:20:03,刺网
12995,30.16158333333333,127.07177777777777,3.0,185.0,2019-04-27 13:30:02,刺网
12995,30.15438888888889,127.07163888888887,2.7,178.0,2019-04-27 13:40:02,刺网
12995,30.146972222222214,127.0705,2.3,204.0,2019-04-27 13:50:02,刺网
12995,30.139944444444453,127.06925,2.8,193.0,2019-04-27 14:00:05,刺网
12995,30.13261111111111,127.06775,3.0,182.0,2019-04-27 14:10:05,刺网
12995,30.12544444444445,127.06586111111106,2.7,188.0,2019-04-27 14:20:05,刺网
12995,30.11833333333333,127.06516666666668,1.8,160.0,2019-04-27 14:30:05,刺网
12995,30.11066666666667,127.06463888888894,2.1,175.0,2019-04-27 14:40:05,刺网
12995,30.103305555555558,127.06361111111113,5.2,188.0,2019-04-27 14:50:04,刺网
12995,30.100777777777786,127.05827777777776,2.4,343.0,2019-04-27 15:00:04,刺网
12995,30.107388888888888,127.05588888888887,3.9,6.0,2019-04-27 15:10:04,刺网
12995,30.117305555555554,127.05719444444445,3.7,14.0,2019-04-27 15:20:04,刺网
12995,30.12777777777778,127.05774999999998,2.6,346.0,2019-04-27 15:30:04,刺网
12995,30.136777777777766,127.05825,3.5,349.0,2019-04-27 15:40:04,刺网
12995,30.14683333333333,127.05758333333333,3.1,6.0,2019-04-27 15:50:04,刺网
12995,30.15569444444445,127.05808333333331,3.8,3.0,2019-04-27 16:00:04,刺网
12995,30.163305555555556,127.05883333333333,6.5,265.0,2019-04-27 16:10:04,刺网
12995,30.14897222222222,127.0435,6.8,222.0,2019-04-27 16:20:04,刺网
12995,30.13419444444445,127.02819444444445,7.1,222.0,2019-04-27 16:30:03,刺网
12995,30.119111111111113,127.01244444444444,7.6,223.0,2019-04-27 16:40:03,刺网
12995,30.106027777777786,127.00086111111106,3.5,170.0,2019-04-27 16:50:03,刺网
12995,30.10236111111111,126.99991666666666,2.2,170.0,2019-04-27 17:00:03,刺网
12995,30.09561111111111,126.98275,7.4,246.0,2019-04-27 17:10:03,刺网
12995,30.08519444444445,126.93786111111113,7.1,269.0,2019-04-27 17:30:03,刺网
12995,30.084888888888887,126.91302777777777,7.2,274.0,2019-04-27 17:40:03,刺网
12995,30.0875,126.89108333333333,7.5,275.0,2019-04-27 17:50:03,刺网
12995,30.092388888888888,126.86719444444445,7.9,284.0,2019-04-27 18:00:03,刺网
12995,30.09761111111111,126.84288888888888,7.7,288.0,2019-04-27 18:10:03,刺网
12995,30.10266666666667,126.81825,7.5,285.0,2019-04-27 18:20:03,刺网
12995,30.10769444444445,126.79352777777778,6.6,278.0,2019-04-27 18:30:02,刺网
12995,30.11258333333333,126.76922222222224,7.8,277.0,2019-04-27 18:40:02,刺网
12995,30.1175,126.74511111111113,6.5,284.0,2019-04-27 18:50:02,刺网
12995,30.12225,126.72077777777778,6.7,285.0,2019-04-27 19:00:02,刺网
12995,30.12725,126.69677777777778,7.0,276.0,2019-04-27 19:10:05,刺网
12995,30.13269444444445,126.67330555555556,5.9,271.0,2019-04-27 19:20:04,刺网
12995,30.138333333333332,126.64855555555555,7.5,284.0,2019-04-27 19:30:05,刺网
12995,30.143555555555558,126.62594444444444,7.6,279.0,2019-04-27 19:40:04,刺网
12995,30.149277777777765,126.60055555555556,7.8,288.0,2019-04-27 19:50:05,刺网
12995,30.154472222222214,126.5782222222222,7.7,284.0,2019-04-27 20:00:04,刺网
12995,30.15991666666667,126.55425,7.5,284.0,2019-04-27 20:10:04,刺网
12995,30.16533333333333,126.53055555555555,7.2,291.0,2019-04-27 20:20:04,刺网
12995,30.170444444444453,126.50822222222223,1.2,277.0,2019-04-27 20:30:04,刺网
12995,30.175777777777785,126.48458333333332,8.6,286.0,2019-04-27 20:40:04,刺网
12995,30.18694444444445,126.43544444444444,8.1,284.0,2019-04-27 21:00:04,刺网
12995,30.192527777777766,126.41058333333334,8.1,282.0,2019-04-27 21:10:04,刺网
12995,30.19811111111111,126.38594444444445,8.5,282.0,2019-04-27 21:20:04,刺网
12995,30.203805555555558,126.36088888888894,8.1,280.0,2019-04-27 21:30:03,刺网
12995,30.20952777777777,126.33572222222222,8.1,282.0,2019-04-27 21:40:03,刺网
12995,30.21533333333333,126.31030555555556,8.1,280.0,2019-04-27 21:50:03,刺网
12995,30.22683333333333,126.25925,8.4,281.0,2019-04-27 22:10:03,刺网
12995,30.232472222222214,126.23361111111113,8.2,277.0,2019-04-27 22:20:03,刺网
12995,30.23833333333333,126.20794444444445,8.1,285.0,2019-04-27 22:30:03,刺网
12995,30.24416666666667,126.18208333333334,8.2,281.0,2019-04-27 22:40:03,刺网
12995,30.25011111111111,126.15613888888888,8.5,287.0,2019-04-27 22:50:03,刺网
12995,30.25594444444444,126.13011111111106,8.6,275.0,2019-04-27 23:00:03,刺网
12995,30.261861111111113,126.10402777777777,8.7,280.0,2019-04-27 23:10:03,刺网
12995,30.26775,126.07788888888888,8.1,281.0,2019-04-27 23:20:03,刺网
12995,30.27363888888889,126.05161111111107,8.6,275.0,2019-04-27 23:30:03,刺网
12995,30.27675,126.02466666666666,8.7,262.0,2019-04-27 23:40:03,刺网
12995,30.278277777777767,125.99744444444444,8.5,281.0,2019-04-27 23:50:02,刺网
12995,30.284388888888888,125.97061111111113,8.8,292.0,2019-04-28 00:00:02,刺网
12995,30.290805555555558,125.9422777777778,8.7,282.0,2019-04-28 00:10:02,刺网
12995,30.29644444444445,125.91705555555555,9.1,281.0,2019-04-28 00:20:02,刺网
12995,30.30244444444445,125.88994444444445,9.0,281.0,2019-04-28 00:30:05,刺网
12995,30.30875,125.8625,8.9,281.0,2019-04-28 00:40:05,刺网
12995,30.315027777777786,125.83461111111113,9.1,284.0,2019-04-28 00:50:05,刺网
12995,30.32125,125.80658333333334,8.5,286.0,2019-04-28 01:00:05,刺网
12995,30.32761111111111,125.77875,9.0,287.0,2019-04-28 01:10:04,刺网
12995,30.33377777777777,125.7507222222222,9.1,278.0,2019-04-28 01:20:04,刺网
12995,30.340222222222234,125.72238888888893,9.1,287.0,2019-04-28 01:30:04,刺网
12995,30.34675,125.69380555555556,9.1,282.0,2019-04-28 01:40:04,刺网
12995,30.35311111111111,125.66525,9.2,284.0,2019-04-28 01:50:04,刺网
12995,30.359472222222234,125.63697222222223,8.8,286.0,2019-04-28 02:00:04,刺网
12995,30.36594444444445,125.60863888888888,9.4,284.0,2019-04-28 02:10:04,刺网
12995,30.372694444444445,125.57847222222222,9.4,287.0,2019-04-28 02:20:04,刺网
12995,30.378722222222233,125.55183333333332,8.6,277.0,2019-04-28 02:30:04,刺网
12995,30.38508333333333,125.52325,9.4,284.0,2019-04-28 02:40:03,刺网
12995,30.391527777777767,125.49461111111113,8.7,288.0,2019-04-28 02:50:03,刺网
12995,30.401472222222214,125.46755555555555,9.2,293.0,2019-04-28 03:00:03,刺网
12995,30.42019444444445,125.42436111111112,7.2,338.0,2019-04-28 03:20:03,刺网
12995,30.437277777777766,125.41908333333332,7.1,4.0,2019-04-28 03:30:03,刺网
12995,30.4565,125.41958333333334,6.3,330.0,2019-04-28 03:40:03,刺网
12995,30.442138888888888,125.41280555555555,7.3,184.0,2019-04-28 03:50:03,刺网
12995,30.42308333333333,125.41272222222223,7.1,177.0,2019-04-28 04:00:03,刺网
12995,30.402972222222214,125.41252777777778,7.1,179.0,2019-04-28 04:10:03,刺网
12995,30.391333333333336,125.40444444444445,7.0,8.0,2019-04-28 04:20:03,刺网
12995,30.414,125.40472222222223,7.8,354.0,2019-04-28 04:30:03,刺网
12995,30.434222222222214,125.40477777777781,7.8,2.0,2019-04-28 04:40:03,刺网
12995,30.456194444444442,125.4045277777778,8.0,3.0,2019-04-28 04:50:02,刺网
12995,30.444527777777786,125.39680555555556,7.1,181.0,2019-04-28 05:00:02,刺网
12995,30.42475,125.39644444444444,7.2,185.0,2019-04-28 05:10:02,刺网
12995,30.40486111111111,125.39619444444445,6.9,181.0,2019-04-28 05:20:02,刺网
12995,30.38494444444445,125.39525,7.5,243.0,2019-04-28 05:30:02,刺网
12995,30.40294444444444,125.3885,8.4,10.0,2019-04-28 05:40:02,刺网
12995,30.424888888888887,125.3882777777778,8.3,10.0,2019-04-28 05:50:05,刺网
12995,30.43288888888889,125.40186111111113,7.5,91.0,2019-04-28 06:00:05,刺网
12995,30.4305,125.42480555555555,6.6,98.0,2019-04-28 06:10:05,刺网
12995,30.429277777777767,125.43200000000002,1.3,279.0,2019-04-28 06:20:05,刺网
12995,30.429805555555557,125.42938888888894,1.0,280.0,2019-04-28 06:30:05,刺网
12995,30.43044444444445,125.42661111111113,0.6,268.0,2019-04-28 06:40:04,刺网
12995,30.43113888888889,125.42466666666668,1.6,251.0,2019-04-28 06:50:04,刺网
12995,30.43175,125.42216666666668,0.9,293.0,2019-04-28 07:00:04,刺网
12995,30.43255555555556,125.41980555555556,0.9,308.0,2019-04-28 07:10:04,刺网
12995,30.433194444444453,125.41741666666668,1.2,305.0,2019-04-28 07:20:04,刺网
12995,30.43380555555556,125.41505555555555,0.8,273.0,2019-04-28 07:30:04,刺网
12995,30.4345,125.41266666666668,0.9,292.0,2019-04-28 07:40:04,刺网
12995,30.4355,125.41033333333334,1.4,295.0,2019-04-28 07:50:04,刺网
12995,30.43602777777778,125.408,0.5,0.0,2019-04-28 08:00:03,刺网
12995,30.43333333333333,125.41736111111106,6.8,106.0,2019-04-28 08:10:03,刺网
12995,30.43419444444445,125.425,3.3,3.0,2019-04-28 08:20:03,刺网
12995,30.44383333333333,125.42483333333334,3.8,356.0,2019-04-28 08:30:03,刺网
12995,30.453916666666665,125.4235277777778,3.6,337.0,2019-04-28 08:40:03,刺网
12995,30.456277777777768,125.41730555555556,3.6,176.0,2019-04-28 08:50:03,刺网
12995,30.44844444444445,125.41666666666669,3.8,154.0,2019-04-28 09:00:03,刺网
12995,30.42738888888889,125.42263888888887,3.8,182.0,2019-04-28 09:20:03,刺网
12995,30.41625,125.423,4.2,181.0,2019-04-28 09:30:03,刺网
12995,30.407027777777767,125.42213888888894,1.8,173.0,2019-04-28 09:40:03,刺网
12995,30.397666666666666,125.42105555555555,2.8,168.0,2019-04-28 09:50:02,刺网
12995,30.38869444444445,125.41852777777778,3.1,243.0,2019-04-28 10:00:02,刺网
12995,30.39413888888889,125.41408333333334,4.1,10.0,2019-04-28 10:10:02,刺网
12995,30.404805555555555,125.4152777777778,4.2,5.0,2019-04-28 10:20:02,刺网
12995,30.41444444444444,125.41616666666668,3.4,3.0,2019-04-28 10:30:02,刺网
12995,30.424527777777786,125.41661111111112,3.5,355.0,2019-04-28 10:40:02,刺网
12995,30.43441666666667,125.41686111111113,2.7,357.0,2019-04-28 10:50:02,刺网
12995,30.44308333333333,125.41652777777777,2.7,344.0,2019-04-28 11:00:05,刺网
12995,30.45058333333333,125.41463888888893,3.3,339.0,2019-04-28 11:10:05,刺网
12995,30.45066666666667,125.40922222222223,3.4,210.0,2019-04-28 11:20:04,刺网
12995,30.444777777777766,125.40497222222223,3.1,151.0,2019-04-28 11:30:05,刺网
12995,30.43569444444445,125.40752777777777,3.2,195.0,2019-04-28 11:40:04,刺网
12995,30.4275,125.40544444444444,3.2,183.0,2019-04-28 11:50:04,刺网
12995,30.41905555555556,125.40547222222223,1.4,243.0,2019-04-28 12:00:04,刺网
12995,30.412305555555548,125.40591666666668,3.3,154.0,2019-04-28 12:10:04,刺网
12995,30.40269444444445,125.40583333333332,3.7,190.0,2019-04-28 12:20:04,刺网
