渔船ID,lat,lon,速度,方向,time,type
14618,29.947555555555557,122.26608333333333,0.2,0.0,2020-10-08 18:48:00,围网
14618,29.947527777777786,122.26605555555555,0.4,114.0,2020-10-08 18:58:00,围网
14618,29.9475,122.26611111111113,0.5,93.0,2020-10-08 19:08:00,围网
14618,29.947527777777786,122.26605555555555,0.0,0.0,2020-10-08 19:18:00,围网
14618,29.947527777777786,122.26608333333333,0.0,0.0,2020-10-08 19:27:59,围网
14618,29.947527777777786,122.26608333333333,0.0,0.0,2020-10-08 19:37:59,围网
14618,29.947555555555557,122.26608333333333,0.0,0.0,2020-10-08 19:47:59,围网
14618,29.947527777777786,122.26605555555555,0.0,0.0,2020-10-08 19:58:02,围网
14618,29.9475,122.26608333333333,0.1,0.0,2020-10-08 20:08:02,围网
14618,29.947527777777786,122.26608333333333,0.0,0.0,2020-10-08 20:18:02,围网
14618,29.94763888888889,122.26608333333333,0.1,0.0,2020-10-08 20:28:02,围网
14618,29.947555555555557,122.26605555555555,0.0,0.0,2020-10-08 20:38:01,围网
14618,29.9475,122.26611111111113,0.2,0.0,2020-10-08 20:48:01,围网
14618,29.94758333333333,122.26605555555555,0.1,0.0,2020-10-08 20:58:01,围网
14618,29.947527777777786,122.26608333333333,0.1,0.0,2020-10-08 21:08:01,围网
14618,29.947388888888888,122.26616666666668,0.1,0.0,2020-10-08 21:18:01,围网
14618,29.9475,122.26608333333333,0.0,0.0,2020-10-08 21:28:01,围网
14618,29.947555555555557,122.26608333333333,0.0,0.0,2020-10-08 21:38:01,围网
14618,29.947888888888887,122.26613888888888,0.0,0.0,2020-10-08 21:48:01,围网
14618,29.94758333333333,122.26613888888888,0.0,0.0,2020-10-08 21:58:01,围网
14618,29.9475,122.26608333333333,0.2,0.0,2020-10-08 22:08:00,围网
14618,29.947527777777786,122.26608333333333,0.1,0.0,2020-10-08 22:17:43,围网
14618,29.947555555555557,122.26605555555555,0.1,0.0,2020-10-08 22:27:43,围网
14618,29.94761111111111,122.26611111111113,0.2,0.0,2020-10-08 22:37:43,围网
14618,29.9475,122.26611111111113,0.0,0.0,2020-10-08 22:47:43,围网
14618,29.947527777777786,122.26605555555555,0.1,0.0,2020-10-08 22:57:43,围网
14618,29.947527777777786,122.26611111111113,0.1,0.0,2020-10-08 23:07:43,围网
14618,29.9475,122.26608333333333,0.1,0.0,2020-10-08 23:18:00,围网
14618,29.947555555555557,122.26608333333333,0.0,0.0,2020-10-08 23:28:00,围网
14618,29.947527777777786,122.26605555555555,0.0,0.0,2020-10-08 23:38:00,围网
14618,29.9475,122.26605555555555,0.0,0.0,2020-10-08 23:48:00,围网
14618,29.947527777777786,122.26608333333333,0.0,0.0,2020-10-08 23:57:59,围网
14618,29.947527777777786,122.26608333333333,0.0,0.0,2020-10-09 00:07:59,围网
14618,29.947527777777786,122.26605555555555,0.0,0.0,2020-10-09 00:17:59,围网
14618,29.947527777777786,122.26608333333333,0.0,0.0,2020-10-09 00:27:59,围网
14618,29.947555555555557,122.266,0.0,0.0,2020-10-09 00:38:02,围网
14618,29.947555555555557,122.26605555555555,0.0,0.0,2020-10-09 00:48:02,围网
14618,29.9475,122.26611111111113,0.0,0.0,2020-10-09 00:58:02,围网
14618,29.947555555555557,122.26611111111113,0.0,0.0,2020-10-09 01:08:02,围网
14618,29.947555555555557,122.26605555555555,0.0,0.0,2020-10-09 01:18:01,围网
14618,29.9475,122.26608333333333,0.1,0.0,2020-10-09 01:28:01,围网
14618,29.947555555555557,122.26608333333333,0.0,0.0,2020-10-09 01:38:01,围网
14618,29.9475,122.26611111111113,0.0,0.0,2020-10-09 01:48:01,围网
14618,29.94758333333333,122.26611111111113,0.0,0.0,2020-10-09 01:58:01,围网
14618,29.947555555555557,122.26605555555555,0.0,0.0,2020-10-09 02:08:01,围网
14618,29.947555555555557,122.26613888888888,0.3,0.0,2020-10-09 02:18:01,围网
14618,29.9475,122.26611111111113,0.1,0.0,2020-10-09 02:28:01,围网
14618,29.947527777777786,122.26602777777778,0.1,0.0,2020-10-09 02:38:01,围网
14618,29.947527777777786,122.26597222222222,0.2,0.0,2020-10-09 02:48:01,围网
14618,29.947555555555557,122.26608333333333,0.0,0.0,2020-10-09 02:58:00,围网
14618,29.9475,122.26602777777778,0.0,0.0,2020-10-09 03:08:00,围网
14618,29.9475,122.26608333333333,0.2,0.0,2020-10-09 03:18:00,围网
14618,29.9475,122.26608333333333,0.2,0.0,2020-10-09 03:28:00,围网
14618,29.947527777777786,122.26613888888888,0.1,0.0,2020-10-09 03:38:00,围网
14618,29.94744444444445,122.26616666666668,0.1,0.0,2020-10-09 03:48:00,围网
14618,29.9475,122.26608333333333,0.0,0.0,2020-10-09 03:58:00,围网
14618,29.9475,122.26608333333333,0.0,0.0,2020-10-09 04:08:00,围网
14618,29.947527777777786,122.26602777777778,0.0,0.0,2020-10-09 04:18:00,围网
14618,29.947527777777786,122.26608333333333,0.0,0.0,2020-10-09 04:28:00,围网
14618,29.947555555555557,122.26605555555555,0.0,0.0,2020-10-09 04:38:00,围网
14618,29.9475,122.26605555555555,0.0,0.0,2020-10-09 04:47:59,围网
14618,29.947527777777786,122.26611111111113,0.0,0.0,2020-10-09 04:57:59,围网
14618,29.9475,122.26605555555555,0.0,0.0,2020-10-09 05:07:59,围网
14618,29.9475,122.26605555555555,0.2,0.0,2020-10-09 05:20:26,围网
14618,29.94761111111111,122.26608333333333,0.1,0.0,2020-10-09 05:30:26,围网
14618,29.94758333333333,122.26605555555555,0.7,7.0,2020-10-09 05:40:26,围网
14618,29.947527777777786,122.26605555555555,0.0,0.0,2020-10-09 05:50:26,围网
14618,29.947527777777786,122.26605555555555,0.0,0.0,2020-10-09 06:00:26,围网
14618,29.9475,122.26605555555555,0.0,0.0,2020-10-09 06:10:26,围网
14618,29.9475,122.26605555555555,0.0,0.0,2020-10-09 06:18:02,围网
14618,29.94747222222223,122.26608333333333,0.0,0.0,2020-10-09 06:28:01,围网
14618,29.9475,122.26605555555555,0.0,0.0,2020-10-09 06:38:01,围网
14618,29.94747222222223,122.26605555555555,0.0,0.0,2020-10-09 06:48:01,围网
14618,29.94733333333333,122.26608333333333,0.0,0.0,2020-10-09 06:58:01,围网
14618,29.94747222222223,122.26611111111113,0.3,0.0,2020-10-09 07:08:01,围网
14618,29.94741666666667,122.26602777777778,0.1,0.0,2020-10-09 07:18:01,围网
14618,29.947527777777786,122.26608333333333,0.0,0.0,2020-10-09 07:28:01,围网
14618,29.9475,122.26602777777778,0.6,230.0,2020-10-09 07:38:01,围网
14618,29.94769444444445,122.26616666666668,0.1,0.0,2020-10-09 07:48:00,围网
14618,29.94744444444445,122.26594444444444,0.4,0.0,2020-10-09 07:58:00,围网
14618,29.94747222222223,122.26597222222222,0.3,0.0,2020-10-09 08:08:00,围网
14618,29.94747222222223,122.26605555555555,0.3,0.0,2020-10-09 08:18:00,围网
14618,29.9475,122.26608333333333,0.1,0.0,2020-10-09 08:28:00,围网
14618,29.947527777777786,122.26608333333333,0.1,0.0,2020-10-09 08:48:00,围网
14618,29.94761111111111,122.26605555555555,0.0,0.0,2020-10-09 08:58:00,围网
14618,29.947555555555557,122.26611111111113,0.1,0.0,2020-10-09 09:08:00,围网
14618,29.9475,122.26605555555555,0.0,0.0,2020-10-09 09:17:59,围网
14618,29.94733333333333,122.26577777777777,1.8,140.0,2020-10-09 09:37:59,围网
14618,29.936,122.27594444444445,5.9,158.0,2020-10-09 09:47:59,围网
14618,29.924555555555557,122.2919722222222,7.3,113.0,2020-10-09 09:58:02,围网
14618,29.922472222222233,122.3099722222222,5.7,44.0,2020-10-09 10:08:02,围网
14618,29.938000000000002,122.31763888888888,6.4,27.0,2020-10-09 10:18:02,围网
14618,29.955861111111112,122.32908333333332,7.1,26.0,2020-10-09 10:28:01,围网
14618,29.97013888888889,122.34088888888887,6.8,54.0,2020-10-09 10:38:01,围网
14618,29.975055555555553,122.36266666666668,7.8,102.0,2020-10-09 10:48:01,围网
14618,29.971666666666664,122.38505555555555,7.0,98.0,2020-10-09 10:58:01,围网
14618,29.97211111111111,122.40625,6.7,71.0,2020-10-09 11:08:01,围网
14618,29.978027777777786,122.42702777777778,6.8,50.0,2020-10-09 11:18:01,围网
14618,29.988805555555558,122.44536111111113,6.8,53.0,2020-10-09 11:28:01,围网
14618,29.99897222222221,122.46291666666666,6.0,58.0,2020-10-09 11:38:01,围网
14618,30.009555555555554,122.48138888888887,6.7,59.0,2020-10-09 11:48:01,围网
14618,30.01988888888889,122.49991666666666,7.2,62.0,2020-10-09 11:58:01,围网
14618,30.03044444444444,122.51797222222223,6.5,57.0,2020-10-09 12:08:01,围网
14618,30.05641666666667,122.55105555555555,7.4,45.0,2020-10-09 12:28:00,围网
14618,30.07236111111111,122.56741666666666,7.2,38.0,2020-10-09 12:38:00,围网
14618,30.08672222222221,122.58188888888887,7.3,51.0,2020-10-09 12:48:00,围网
14618,30.10144444444445,122.59608333333333,6.7,38.0,2020-10-09 12:58:00,围网
14618,30.116722222222233,122.6099722222222,7.6,40.0,2020-10-09 13:08:00,围网
14618,30.145111111111113,122.64033333333334,7.2,46.0,2020-10-09 13:28:00,围网
14618,30.15633333333333,122.65847222222223,7.3,58.0,2020-10-09 13:38:00,围网
14618,30.167472222222226,122.67769444444444,7.3,54.0,2020-10-09 13:47:59,围网
14618,30.181527777777767,122.69508333333334,7.6,40.0,2020-10-09 13:57:59,围网
14618,30.1935,122.70288888888888,0.4,0.0,2020-10-09 14:07:59,围网
14618,30.19275,122.70258333333334,0.3,0.0,2020-10-09 14:17:59,围网
14618,30.192972222222235,122.70263888888887,2.2,281.0,2020-10-09 14:27:59,围网
14618,30.19225,122.70036111111112,0.8,0.0,2020-10-09 14:38:02,围网
14618,30.18861111111111,122.70083333333334,1.6,160.0,2020-10-09 14:47:59,围网
14618,30.18563888888889,122.70258333333334,0.8,125.0,2020-10-09 14:58:02,围网
14618,30.184305555555554,122.70308333333334,5.3,306.0,2020-10-09 15:08:01,围网
14618,30.21238888888889,122.69388888888888,5.2,34.0,2020-10-09 15:28:01,围网
14618,30.22169444444444,122.70708333333332,5.7,53.0,2020-10-09 15:38:01,围网
14618,30.23191666666667,122.72125,5.9,52.0,2020-10-09 15:48:01,围网
14618,30.24125,122.73780555555555,9.3,96.0,2020-10-09 15:58:01,围网
14618,30.247027777777767,122.75780555555555,8.8,72.0,2020-10-09 16:08:01,围网
14618,30.254055555555553,122.78272222222222,7.7,74.0,2020-10-09 16:18:01,围网
14618,30.25986111111111,122.80774999999998,8.3,85.0,2020-10-09 16:28:01,围网
14618,30.266333333333336,122.83394444444444,9.1,84.0,2020-10-09 16:38:01,围网
14618,30.272444444444453,122.86030555555556,9.2,78.0,2020-10-09 16:48:01,围网
14618,30.279305555555553,122.88797222222223,7.5,73.0,2020-10-09 16:58:00,围网
14618,30.28458333333333,122.91025,7.5,85.0,2020-10-09 17:08:00,围网
14618,30.29044444444445,122.93491666666668,7.6,70.0,2020-10-09 17:18:00,围网
14618,30.297138888888888,122.95780555555555,7.4,62.0,2020-10-09 17:28:00,围网
14618,30.302888888888887,122.98158333333332,7.7,75.0,2020-10-09 17:38:00,围网
14618,30.30958333333333,123.00333333333332,8.5,78.0,2020-10-09 17:48:00,围网
14618,30.314055555555555,123.02775,7.4,76.0,2020-10-09 17:58:00,围网
14618,30.32044444444445,123.05094444444444,6.6,71.0,2020-10-09 18:08:00,围网
14618,30.32641666666667,123.0739722222222,7.0,69.0,2020-10-09 18:18:00,围网
14618,30.333416666666665,123.09780555555555,9.1,75.0,2020-10-09 18:27:59,围网
14618,30.33975,123.11983333333332,6.5,67.0,2020-10-09 18:37:59,围网
14618,30.346916666666665,123.1425277777778,7.9,76.0,2020-10-09 18:47:59,围网
14618,30.35383333333333,123.1652777777778,8.4,68.0,2020-10-09 18:57:59,围网
14618,30.361472222222233,123.19027777777778,8.5,69.0,2020-10-09 19:08:02,围网
14618,30.36808333333333,123.21233333333332,7.3,70.0,2020-10-09 19:18:02,围网
14618,30.37544444444445,123.23619444444445,8.2,64.0,2020-10-09 19:28:02,围网
14618,30.382777777777786,123.25975,7.2,76.0,2020-10-09 19:38:01,围网
14618,30.38966666666667,123.28280555555556,6.8,68.0,2020-10-09 19:48:02,围网
14618,30.39680555555555,123.3055,7.1,70.0,2020-10-09 19:58:01,围网
14618,30.403805555555557,123.32794444444444,7.6,61.0,2020-10-09 20:08:01,围网
14618,30.410805555555555,123.35036111111113,7.3,70.0,2020-10-09 20:18:01,围网
14618,30.4245,123.39469444444444,8.7,59.0,2020-10-09 20:38:01,围网
14618,30.43113888888889,123.4170277777778,7.3,63.0,2020-10-09 20:48:01,围网
14618,30.438000000000002,123.43908333333334,7.2,69.0,2020-10-09 20:58:01,围网
14618,30.444888888888887,123.4615,6.7,66.0,2020-10-09 21:08:01,围网
14618,30.451916666666666,123.48408333333332,7.1,70.0,2020-10-09 21:18:00,围网
14618,30.46155555555555,123.50002777777777,6.9,63.0,2020-10-09 21:28:01,围网
14618,30.46844444444444,123.52141666666668,7.1,70.0,2020-10-09 21:38:00,围网
14618,30.47497222222221,123.54269444444445,6.9,62.0,2020-10-09 21:48:00,围网
14618,30.4815,123.56369444444445,6.8,69.0,2020-10-09 21:58:00,围网
14618,30.48791666666667,123.58466666666666,8.1,64.0,2020-10-09 22:08:00,围网
14618,30.49491666666667,123.60644444444445,7.9,74.0,2020-10-09 22:18:00,围网
14618,30.5015,123.62816666666666,6.6,59.0,2020-10-09 22:28:00,围网
14618,30.50802777777778,123.64950000000002,7.9,73.0,2020-10-09 22:38:00,围网
14618,30.51475,123.67094444444444,7.2,67.0,2020-10-09 22:48:00,围网
14618,30.52127777777777,123.69230555555555,7.7,74.0,2020-10-09 22:58:00,围网
14618,30.527916666666666,123.71405555555555,8.0,75.0,2020-10-09 23:07:59,围网
14618,30.53463888888889,123.73588888888894,7.4,74.0,2020-10-09 23:18:00,围网
14618,30.54175,123.75908333333334,6.9,80.0,2020-10-09 23:27:59,围网
14618,30.54808333333333,123.77977777777778,7.4,73.0,2020-10-09 23:37:59,围网
14618,30.555111111111113,123.80183333333332,7.0,73.0,2020-10-09 23:47:59,围网
14618,30.561527777777766,123.82391666666666,6.7,65.0,2020-10-09 23:58:02,围网
14618,30.56847222222222,123.84608333333333,7.0,64.0,2020-10-10 00:08:02,围网
14618,30.575194444444445,123.86827777777776,7.4,73.0,2020-10-10 00:18:02,围网
14618,30.582,123.88975,7.9,78.0,2020-10-10 00:28:02,围网
14618,30.5885,123.91113888888887,7.9,68.0,2020-10-10 00:38:01,围网
14618,30.595222222222233,123.93261111111113,7.7,73.0,2020-10-10 00:48:01,围网
14618,30.60161111111111,123.95380555555555,7.8,98.0,2020-10-10 00:58:01,围网
14618,30.60805555555556,123.97497222222222,7.3,84.0,2020-10-10 01:08:01,围网
14618,30.614611111111113,123.9965,7.4,84.0,2020-10-10 01:18:01,围网
14618,30.619194444444453,124.01869444444445,7.4,73.0,2020-10-10 01:28:01,围网
14618,30.62666666666667,124.04322222222223,7.5,74.0,2020-10-10 01:38:01,围网
14618,30.632666666666665,124.06347222222222,6.5,69.0,2020-10-10 01:48:01,围网
14618,30.63947222222221,124.08566666666664,7.5,64.0,2020-10-10 01:58:01,围网
14618,30.64619444444445,124.10761111111107,7.4,64.0,2020-10-10 02:08:00,围网
14618,30.652777777777768,124.12913888888887,7.4,73.0,2020-10-10 02:18:00,围网
14618,30.6595,124.15091666666667,7.3,72.0,2020-10-10 02:28:00,围网
14618,30.66627777777777,124.17319444444445,6.6,69.0,2020-10-10 02:38:00,围网
14618,30.673055555555557,124.19538888888887,7.7,67.0,2020-10-10 02:48:00,围网
14618,30.68,124.21775,7.5,64.0,2020-10-10 02:58:00,围网
14618,30.683611111111112,124.24088888888888,7.4,89.0,2020-10-10 03:08:00,围网
14618,30.68644444444445,124.26413888888888,7.4,82.0,2020-10-10 03:18:00,围网
14618,30.684,124.28780555555555,8.2,110.0,2020-10-10 03:28:00,围网
14618,30.67841666666667,124.31188888888887,8.3,106.0,2020-10-10 03:38:00,围网
14618,30.671972222222234,124.33741666666668,7.9,100.0,2020-10-10 03:48:00,围网
14618,30.666527777777766,124.35980555555555,8.6,103.0,2020-10-10 03:57:59,围网
14618,30.660888888888888,124.38436111111113,10.9,85.0,2020-10-10 04:07:59,围网
14618,30.654888888888888,124.40888888888892,10.6,92.0,2020-10-10 04:17:59,围网
14618,30.64880555555556,124.43330555555555,7.8,109.0,2020-10-10 04:28:02,围网
14618,30.642972222222234,124.45847222222223,10.8,88.0,2020-10-10 04:38:02,围网
14618,30.638527777777767,124.48433333333334,8.0,91.0,2020-10-10 04:48:02,围网
14618,30.634694444444445,124.50838888888893,8.5,106.0,2020-10-10 04:58:02,围网
14618,30.630722222222207,124.5337222222222,7.6,88.0,2020-10-10 05:08:01,围网
14618,30.62669444444445,124.5585,9.7,93.0,2020-10-10 05:18:01,围网
14618,30.62275,124.58394444444444,8.3,103.0,2020-10-10 05:28:01,围网
14618,30.618416666666665,124.60891666666666,7.8,97.0,2020-10-10 05:38:01,围网
14618,30.61444444444445,124.63422222222223,8.4,93.0,2020-10-10 05:48:01,围网
14618,30.610222222222234,124.6605,8.0,93.0,2020-10-10 05:58:01,围网
14618,30.606361111111113,124.68416666666668,8.0,107.0,2020-10-10 06:08:01,围网
14618,30.60241666666667,124.70919444444445,8.2,106.0,2020-10-10 06:18:17,围网
14618,30.59861111111111,124.73416666666668,8.5,99.0,2020-10-10 06:28:17,围网
14618,30.59441666666667,124.75927777777778,8.7,84.0,2020-10-10 06:38:17,围网
14618,30.590305555555553,124.78394444444444,8.4,93.0,2020-10-10 06:48:16,围网
14618,30.58625,124.80833333333334,7.5,99.0,2020-10-10 06:58:16,围网
14618,30.58222222222221,124.83291666666666,8.2,93.0,2020-10-10 07:08:16,围网
14618,30.578166666666664,124.85774999999998,8.1,99.0,2020-10-10 07:18:00,围网
14618,30.573277777777786,124.88202777777781,7.4,97.0,2020-10-10 07:28:00,围网
14618,30.567972222222235,124.90672222222223,8.3,100.0,2020-10-10 07:38:00,围网
14618,30.561722222222233,124.93108333333332,9.1,107.0,2020-10-10 07:48:00,围网
14618,30.555027777777767,124.95613888888887,8.8,112.0,2020-10-10 07:58:00,围网
14618,30.545222222222232,124.9825,8.3,108.0,2020-10-10 08:08:00,围网
14618,30.532694444444445,125.00416666666666,8.0,126.0,2020-10-10 08:18:00,围网
14618,30.496972222222233,125.04422222222223,9.0,148.0,2020-10-10 08:37:59,围网
14618,30.48036111111111,125.05308333333332,2.4,175.0,2020-10-10 08:47:59,围网
14618,30.476305555555548,125.05219444444445,3.7,242.0,2020-10-10 08:57:59,围网
14618,30.47711111111111,125.04283333333332,1.8,285.0,2020-10-10 09:07:59,围网
14618,30.478305555555554,125.03552777777777,2.8,281.0,2020-10-10 09:18:02,围网
14618,30.47930555555555,125.02794444444444,3.1,269.0,2020-10-10 09:28:01,围网
14618,30.479722222222208,125.02,2.3,285.0,2020-10-10 09:38:01,围网
14618,30.480305555555553,125.01183333333334,2.3,268.0,2020-10-10 09:48:01,围网
14618,30.480916666666666,125.00366666666667,2.8,272.0,2020-10-10 09:58:01,围网
14618,30.48161111111111,124.9955,3.5,265.0,2020-10-10 10:08:01,围网
14618,30.48177777777777,124.98658333333334,2.9,255.0,2020-10-10 10:18:01,围网
14618,30.482111111111113,124.97869444444444,2.2,287.0,2020-10-10 10:28:01,围网
14618,30.48263888888889,124.97016666666669,3.2,301.0,2020-10-10 10:38:01,围网
14618,30.483027777777767,124.96147222222223,2.9,275.0,2020-10-10 10:48:01,围网
14618,30.48341666666667,124.95280555555556,1.9,268.0,2020-10-10 10:58:01,围网
14618,30.483472222222233,124.94391666666668,4.1,250.0,2020-10-10 11:08:01,围网
14618,30.483277777777786,124.93491666666668,3.7,258.0,2020-10-10 11:18:01,围网
14618,30.48108333333333,124.91744444444444,3.7,247.0,2020-10-10 11:38:00,围网
14618,30.480555555555554,124.90855555555555,3.5,301.0,2020-10-10 11:48:00,围网
14618,30.48041666666667,124.89927777777778,2.5,261.0,2020-10-10 11:58:00,围网
14618,30.48027777777777,124.88988888888893,3.3,279.0,2020-10-10 12:08:00,围网
14618,30.48019444444445,124.88130555555556,2.9,246.0,2020-10-10 12:18:00,围网
14618,30.48,124.87175,2.1,272.0,2020-10-10 12:28:00,围网
14618,30.47991666666667,124.86325,3.0,262.0,2020-10-10 12:38:00,围网
14618,30.48008333333333,124.85441666666664,3.1,264.0,2020-10-10 12:48:00,围网
14618,30.480305555555553,124.84552777777776,2.4,276.0,2020-10-10 12:58:00,围网
14618,30.4805,124.83655555555555,2.7,270.0,2020-10-10 13:07:59,围网
14618,30.480527777777766,124.82761111111112,2.8,252.0,2020-10-10 13:17:59,围网
14618,30.480694444444442,124.819,3.0,263.0,2020-10-10 13:27:59,围网
14618,30.480999999999998,124.8105,2.8,254.0,2020-10-10 13:37:59,围网
14618,30.48097222222221,124.802,3.1,278.0,2020-10-10 13:48:02,围网
14618,30.481388888888887,124.79355555555556,3.0,276.0,2020-10-10 13:58:02,围网
14618,30.482138888888887,124.78511111111106,2.8,270.0,2020-10-10 14:08:02,围网
14618,30.48244444444445,124.77775,1.0,241.0,2020-10-10 14:18:01,围网
14618,30.483027777777767,124.77922222222223,2.8,330.0,2020-10-10 14:28:02,围网
14618,30.4835,124.7800277777778,0.5,226.0,2020-10-10 14:38:01,围网
14618,30.48319444444445,124.7775277777778,1.6,209.0,2020-10-10 14:48:01,围网
14618,30.48252777777777,124.7745,2.1,234.0,2020-10-10 14:58:01,围网
14618,30.482555555555553,124.76966666666668,6.5,299.0,2020-10-10 15:08:01,围网
14618,30.48777777777779,124.74580555555555,7.3,280.0,2020-10-10 15:18:01,围网
14618,30.492472222222233,124.71794444444444,8.8,287.0,2020-10-10 15:28:01,围网
14618,30.49683333333333,124.6897777777778,8.2,285.0,2020-10-10 15:38:01,围网
14618,30.507638888888888,124.66769444444445,4.8,43.0,2020-10-10 15:48:01,围网
14618,30.51358333333333,124.66066666666669,8.1,302.0,2020-10-10 15:58:01,围网
14618,30.52675,124.6365,8.8,302.0,2020-10-10 16:08:01,围网
14618,30.53916666666667,124.61188888888887,9.1,293.0,2020-10-10 16:18:00,围网
14618,30.551416666666668,124.5872222222222,8.6,304.0,2020-10-10 16:28:00,围网
14618,30.564055555555555,124.56277777777777,8.7,297.0,2020-10-10 16:38:00,围网
14618,30.576999999999998,124.53666666666666,8.6,301.0,2020-10-10 16:48:00,围网
14618,30.58819444444445,124.51441666666666,9.1,293.0,2020-10-10 16:58:00,围网
14618,30.60016666666667,124.49094444444445,8.5,300.0,2020-10-10 17:08:00,围网
14618,30.61183333333333,124.46761111111113,8.6,296.0,2020-10-10 17:18:00,围网
14618,30.62341666666667,124.44433333333336,8.6,298.0,2020-10-10 17:28:00,围网
14618,30.634777777777767,124.42119444444445,8.5,304.0,2020-10-10 17:38:00,围网
14618,30.64622222222221,124.39858333333332,7.9,297.0,2020-10-10 17:48:00,围网
14618,30.65747222222221,124.37575,8.4,302.0,2020-10-10 17:57:59,围网
14618,30.669027777777767,124.3532777777778,8.5,289.0,2020-10-10 18:07:59,围网
14618,30.68052777777779,124.33066666666666,7.0,303.0,2020-10-10 18:18:02,围网
14618,30.69183333333333,124.30769444444445,6.9,304.0,2020-10-10 18:28:02,围网
14618,30.70308333333333,124.28502777777777,7.9,301.0,2020-10-10 18:38:02,围网
14618,30.71491666666667,124.26180555555555,8.3,296.0,2020-10-10 18:48:02,围网
14618,30.726166666666664,124.23930555555555,8.0,303.0,2020-10-10 18:58:02,围网
14618,30.736583333333336,124.21858333333331,8.3,298.0,2020-10-10 19:08:02,围网
14618,30.74794444444445,124.19625,8.1,299.0,2020-10-10 19:18:01,围网
14618,30.75938888888889,124.17344444444444,9.0,291.0,2020-10-10 19:28:01,围网
14618,30.770777777777766,124.15047222222223,8.4,294.0,2020-10-10 19:38:01,围网
14618,30.78238888888889,124.12738888888887,8.5,302.0,2020-10-10 19:48:01,围网
14618,30.79450000000001,124.10477777777778,8.8,298.0,2020-10-10 19:58:01,围网
14618,30.80769444444445,124.08322222222222,8.0,299.0,2020-10-10 20:08:01,围网
14618,30.821388888888887,124.06261111111112,8.7,311.0,2020-10-10 20:18:01,围网
14618,30.83594444444445,124.04286111111112,8.3,314.0,2020-10-10 20:28:01,围网
14618,30.850388888888887,124.02308333333332,7.7,306.0,2020-10-10 20:38:00,围网
14618,30.86486111111111,124.00336111111106,8.3,317.0,2020-10-10 20:48:00,围网
14618,30.879444444444445,123.98336111111112,7.6,309.0,2020-10-10 20:58:00,围网
14618,30.896694444444442,123.96558333333333,8.2,335.0,2020-10-10 21:08:00,围网
14618,30.916305555555557,123.95766666666668,7.8,338.0,2020-10-10 21:18:00,围网
14618,30.937305555555554,123.94905555555556,8.3,344.0,2020-10-10 21:28:00,围网
14618,30.958166666666664,123.94030555555555,8.5,341.0,2020-10-10 21:38:00,围网
14618,30.979194444444442,123.93144444444445,8.6,329.0,2020-10-10 21:48:00,围网
14618,31.00036111111111,123.92269444444445,8.0,338.0,2020-10-10 21:58:00,围网
14618,31.006777777777767,123.93791666666668,8.0,96.0,2020-10-10 22:08:00,围网
14618,31.00594444444444,123.96436111111113,8.1,97.0,2020-10-10 22:18:00,围网
14618,30.99466666666667,124.0115,7.8,110.0,2020-10-10 22:37:59,围网
14618,30.98836111111111,124.02994444444445,0.8,0.0,2020-10-10 22:47:59,围网
14618,30.98847222222221,124.02519444444445,6.7,294.0,2020-10-10 22:57:59,围网
14618,30.990416666666665,124.01711111111112,1.7,269.0,2020-10-10 23:08:02,围网
14618,30.991888888888887,124.00944444444444,2.1,294.0,2020-10-10 23:17:59,围网
14618,30.99330555555556,124.00266666666668,2.5,281.0,2020-10-10 23:28:02,围网
14618,30.99475,123.99536111111112,2.2,291.0,2020-10-10 23:38:02,围网
14618,30.996388888888887,123.98811111111112,2.3,274.0,2020-10-10 23:48:01,围网
14618,30.997916666666665,123.98075,2.3,260.0,2020-10-10 23:58:01,围网
14618,30.999388888888888,123.97341666666668,1.8,272.0,2020-10-11 00:08:01,围网
14618,31.00263888888889,123.95875,2.5,276.0,2020-10-11 00:28:01,围网
14618,31.00411111111111,123.95141666666666,2.6,282.0,2020-10-11 00:38:01,围网
14618,31.00575000000001,123.94411111111113,2.0,282.0,2020-10-11 00:48:01,围网
14618,31.007388888888887,123.93683333333334,1.7,290.0,2020-10-11 00:58:01,围网
14618,31.009027777777767,123.92955555555555,2.4,276.0,2020-10-11 01:08:01,围网
14618,31.010472222222226,123.92227777777781,1.7,283.0,2020-10-11 01:18:00,围网
14618,31.012305555555553,123.91463888888893,3.0,286.0,2020-10-11 01:28:00,围网
14618,31.01391666666667,123.90791666666668,2.2,279.0,2020-10-11 01:38:00,围网
14618,31.015638888888887,123.90072222222223,2.1,281.0,2020-10-11 01:48:00,围网
14618,31.018305555555557,123.8937222222222,2.9,268.0,2020-10-11 01:58:00,围网
14618,31.020138888888887,123.88638888888893,2.1,287.0,2020-10-11 02:08:00,围网
14618,31.02180555555555,123.88513888888887,3.2,104.0,2020-10-11 02:18:00,围网
14618,31.022444444444453,123.88908333333336,1.2,43.0,2020-10-11 02:28:00,围网
14618,31.02422222222221,123.88894444444445,0.8,66.0,2020-10-11 02:38:00,围网
14618,31.02563888888889,123.88863888888888,1.0,72.0,2020-10-11 02:48:00,围网
14618,31.02494444444445,123.8892777777778,3.4,88.0,2020-10-11 02:57:59,围网
14618,31.027527777777767,123.89027777777778,7.3,278.0,2020-10-11 03:07:59,围网
14618,31.04116666666667,123.86661111111107,8.9,300.0,2020-10-11 03:17:59,围网
14618,31.05383333333333,123.842,8.9,300.0,2020-10-11 03:27:59,围网
14618,31.06722222222221,123.81583333333332,8.5,295.0,2020-10-11 03:38:02,围网
14618,31.07908333333333,123.79286111111112,8.4,301.0,2020-10-11 03:48:02,围网
14618,31.0915,123.76830555555556,9.1,303.0,2020-10-11 03:58:02,围网
14618,31.104111111111113,123.74386111111107,8.3,297.0,2020-10-11 04:08:01,围网
14618,31.116277777777785,123.7195,9.0,299.0,2020-10-11 04:18:01,围网
14618,31.12733333333333,123.69466666666666,8.4,286.0,2020-10-11 04:28:01,围网
14618,31.13794444444445,123.66969444444445,8.8,293.0,2020-10-11 04:38:01,围网
14618,31.14788888888889,123.64494444444445,8.3,291.0,2020-10-11 04:48:01,围网
14618,31.159416666666665,123.62219444444445,8.3,297.0,2020-10-11 04:58:01,围网
14618,31.191666666666666,123.585,8.2,310.0,2020-10-11 05:18:01,围网
14618,31.204777777777768,123.57266666666666,1.2,312.0,2020-10-11 05:28:01,围网
14618,31.20494444444445,123.57538888888888,0.6,71.0,2020-10-11 05:38:01,围网
14618,31.204555555555554,123.57844444444444,2.8,123.0,2020-10-11 05:48:00,围网
14618,31.198611111111113,123.58513888888888,3.0,102.0,2020-10-11 05:58:00,围网
14618,31.198027777777767,123.5944722222222,2.5,88.0,2020-10-11 06:08:00,围网
14618,31.19775000000001,123.60336111111107,3.0,96.0,2020-10-11 06:18:00,围网
14618,31.19641666666667,123.61186111111112,2.7,105.0,2020-10-11 06:28:00,围网
14618,31.19444444444445,123.62013888888887,3.0,113.0,2020-10-11 06:38:00,围网
14618,31.190527777777767,123.62708333333332,2.6,128.0,2020-10-11 06:48:00,围网
14618,31.18647222222221,123.63372222222223,2.4,116.0,2020-10-11 06:58:00,围网
14618,31.18419444444445,123.6419722222222,3.0,110.0,2020-10-11 07:08:00,围网
14618,31.182,123.65013888888888,2.5,101.0,2020-10-11 07:18:00,围网
14618,31.17955555555556,123.65811111111113,2.7,115.0,2020-10-11 07:28:00,围网
14618,31.17688888888889,123.66611111111112,2.3,114.0,2020-10-11 07:38:00,围网
14618,31.17469444444445,123.67438888888887,2.4,94.0,2020-10-11 07:47:59,围网
14618,31.17313888888889,123.68352777777778,2.7,101.0,2020-10-11 07:57:59,围网
14618,31.171861111111113,123.69147222222223,2.3,97.0,2020-10-11 08:07:59,围网
14618,31.170444444444453,123.70011111111113,2.9,92.0,2020-10-11 08:17:59,围网
14618,31.16830555555556,123.70919444444445,2.8,110.0,2020-10-11 08:28:02,围网
14618,31.16711111111111,123.71797222222223,2.6,109.0,2020-10-11 08:38:02,围网
14618,31.16622222222221,123.72647222222223,2.7,88.0,2020-10-11 08:48:01,围网
14618,31.165888888888887,123.73480555555555,2.4,80.0,2020-10-11 08:58:01,围网
14618,31.16530555555555,123.74302777777777,2.5,80.0,2020-10-11 09:08:01,围网
14618,31.1645,123.75116666666668,2.3,94.0,2020-10-11 09:18:01,围网
14618,31.16372222222222,123.75913888888887,2.5,101.0,2020-10-11 09:28:01,围网
14618,31.16222222222222,123.77491666666668,2.5,99.0,2020-10-11 09:48:01,围网
14618,31.160416666666666,123.78266666666669,2.6,111.0,2020-10-11 09:58:01,围网
14618,31.158777777777768,123.781,3.5,183.0,2020-10-11 10:08:01,围网
14618,31.15644444444445,123.78138888888887,0.6,0.0,2020-10-11 10:18:01,围网
14618,31.153861111111112,123.78200000000001,1.5,171.0,2020-10-11 10:28:01,围网
14618,31.15122222222222,123.78202777777778,0.7,181.0,2020-10-11 10:38:01,围网
14618,31.157972222222234,123.79297222222222,8.0,52.0,2020-10-11 10:48:00,围网
14618,31.17183333333333,123.81327777777777,8.9,52.0,2020-10-11 10:58:00,围网
14618,31.186138888888888,123.83358333333332,7.8,54.0,2020-10-11 11:08:00,围网
14618,31.20030555555556,123.85383333333333,7.9,54.0,2020-10-11 11:18:00,围网
14618,31.21469444444445,123.87444444444445,8.1,47.0,2020-10-11 11:28:00,围网
14618,31.22858333333333,123.89475,8.2,52.0,2020-10-11 11:38:00,围网
14618,31.24358333333333,123.9127777777778,8.3,52.0,2020-10-11 11:48:00,围网
14618,31.261277777777767,123.92636111111106,8.2,39.0,2020-10-11 11:58:00,围网
14618,31.27825,123.93825,1.9,0.0,2020-10-11 12:08:00,围网
14618,31.27908333333333,123.92316666666667,2.0,261.0,2020-10-11 12:27:59,围网
14618,31.279138888888887,123.91555555555556,2.3,269.0,2020-10-11 12:37:59,围网
14618,31.27922222222222,123.90797222222223,2.8,271.0,2020-10-11 12:47:59,围网
14618,31.27936111111111,123.90019444444445,2.2,256.0,2020-10-11 12:57:59,围网
14618,31.27991666666667,123.89263888888892,2.7,269.0,2020-10-11 13:08:02,围网
14618,31.280527777777767,123.88491666666668,2.6,280.0,2020-10-11 13:18:02,围网
14618,31.281055555555557,123.87711111111106,2.6,266.0,2020-10-11 13:28:01,围网
14618,31.281555555555553,123.86908333333332,2.4,270.0,2020-10-11 13:38:01,围网
14618,31.28211111111111,123.86116666666666,2.1,262.0,2020-10-11 13:48:01,围网
14618,31.28263888888889,123.85355555555556,2.5,273.0,2020-10-11 13:58:01,围网
14618,31.28311111111111,123.84575,2.2,271.0,2020-10-11 14:08:01,围网
14618,31.283583333333336,123.83777777777777,2.2,291.0,2020-10-11 14:18:01,围网
14618,31.273194444444442,123.82088888888887,7.7,238.0,2020-10-11 14:28:01,围网
14618,31.27119444444445,123.81047222222222,3.5,42.0,2020-10-11 14:38:01,围网
14618,31.279166666666665,123.82519444444445,6.7,61.0,2020-10-11 14:48:01,围网
14618,31.2835,123.83808333333332,0.6,106.0,2020-10-11 14:58:01,围网
14618,31.28386111111111,123.84002777777776,1.4,146.0,2020-10-11 15:08:01,围网
14618,31.28355555555556,123.83883333333333,0.5,249.0,2020-10-11 15:18:00,围网
14618,31.282972222222234,123.83708333333333,0.9,246.0,2020-10-11 15:28:00,围网
14618,31.29561111111111,123.837,8.6,7.0,2020-10-11 15:38:00,围网
14618,31.31944444444445,123.83791666666666,8.3,359.0,2020-10-11 15:48:00,围网
14618,31.34330555555556,123.83788888888887,8.7,4.0,2020-10-11 15:58:00,围网
14618,31.367722222222234,123.8377222222222,9.0,355.0,2020-10-11 16:08:00,围网
14618,31.392222222222234,123.83797222222222,8.7,6.0,2020-10-11 16:18:00,围网
14618,31.417027777777786,123.83802777777777,8.8,7.0,2020-10-11 16:28:00,围网
14618,31.4435,123.84016666666666,9.3,357.0,2020-10-11 16:38:00,围网
14618,31.454722222222234,123.83925,3.5,313.0,2020-10-11 16:48:00,围网
14618,31.45872222222221,123.83213888888888,2.3,305.0,2020-10-11 16:58:00,围网
14618,31.463305555555557,123.82577777777777,2.7,313.0,2020-10-11 17:08:00,围网
14618,31.46536111111111,123.81827777777777,2.6,282.0,2020-10-11 17:17:59,围网
14618,31.470527777777786,123.81266666666669,2.5,322.0,2020-10-11 17:27:59,围网
14618,31.476416666666665,123.80808333333331,3.4,331.0,2020-10-11 17:37:59,围网
14618,31.48188888888889,123.80316666666668,2.8,341.0,2020-10-11 17:48:02,围网
14618,31.48716666666667,123.79816666666666,2.4,315.0,2020-10-11 17:58:02,围网
14618,31.4925,123.79330555555555,2.2,315.0,2020-10-11 18:08:01,围网
14618,31.49866666666667,123.78966666666666,2.9,17.0,2020-10-11 18:18:01,围网
14618,31.506166666666665,123.79080555555555,3.0,29.0,2020-10-11 18:28:01,围网
14618,31.511777777777766,123.79755555555555,2.5,54.0,2020-10-11 18:38:01,围网
14618,31.513444444444442,123.80616666666668,2.2,72.0,2020-10-11 18:48:01,围网
14618,31.514972222222234,123.81327777777777,2.8,71.0,2020-10-11 18:58:01,围网
14618,31.515666666666664,123.82094444444445,2.2,87.0,2020-10-11 19:08:01,围网
14618,31.516055555555557,123.82858333333333,2.8,89.0,2020-10-11 19:18:01,围网
14618,31.516277777777766,123.83633333333331,2.6,85.0,2020-10-11 19:28:01,围网
14618,31.516638888888888,123.84397222222222,2.1,81.0,2020-10-11 19:38:01,围网
14618,31.51694444444445,123.8517222222222,2.8,80.0,2020-10-11 19:48:01,围网
14618,31.51725,123.85941666666666,2.4,93.0,2020-10-11 19:58:01,围网
14618,31.51744444444445,123.8672222222222,2.4,85.0,2020-10-11 20:08:01,围网
14618,31.51763888888889,123.87502777777777,2.6,82.0,2020-10-11 20:18:00,围网
14618,31.517666666666663,123.8827777777778,3.3,87.0,2020-10-11 20:28:00,围网
14618,31.5175,123.89069444444445,2.5,86.0,2020-10-11 20:38:00,围网
14618,31.517277777777768,123.89861111111112,2.2,100.0,2020-10-11 20:48:00,围网
14618,31.51675,123.91458333333334,2.5,89.0,2020-10-11 21:08:00,围网
14618,31.516305555555558,123.92263888888887,2.5,96.0,2020-10-11 21:18:00,围网
14618,31.51586111111111,123.93069444444444,2.6,82.0,2020-10-11 21:28:00,围网
14618,31.51525,123.93875,2.3,100.0,2020-10-11 21:38:00,围网
14618,31.51475,123.94677777777778,2.5,87.0,2020-10-11 21:47:59,围网
14618,31.514805555555554,123.9547777777778,2.8,106.0,2020-10-11 21:57:59,围网
14618,31.514388888888888,123.96275,2.4,100.0,2020-10-11 22:07:59,围网
14618,31.513333333333332,123.96775,2.5,292.0,2020-10-11 22:17:59,围网
14618,31.51358333333333,123.96844444444444,0.2,0.0,2020-10-11 22:28:02,围网
14618,31.513,123.96969444444444,0.9,83.0,2020-10-11 22:38:02,围网
14618,31.51208333333333,123.97080555555556,0.7,96.0,2020-10-11 22:48:02,围网
14618,31.511277777777767,123.97172222222223,0.9,323.0,2020-10-11 22:58:01,围网
14618,31.51158333333333,123.97772222222223,2.6,93.0,2020-10-11 23:08:01,围网
14618,31.510527777777767,123.98513888888887,2.6,93.0,2020-10-11 23:18:01,围网
14618,31.510472222222226,123.99305555555556,2.4,90.0,2020-10-11 23:28:01,围网
14618,31.510361111111113,124.00086111111106,2.5,90.0,2020-10-11 23:38:01,围网
14618,31.510222222222232,124.00858333333332,2.3,95.0,2020-10-11 23:48:01,围网
14618,31.51011111111111,124.01613888888888,2.1,98.0,2020-10-11 23:58:01,围网
14618,31.51,124.02375,2.3,93.0,2020-10-12 00:08:01,围网
14618,31.51069444444445,124.03108333333331,2.4,69.0,2020-10-12 00:18:01,围网
14618,31.515638888888887,124.03561111111112,2.3,17.0,2020-10-12 00:28:01,围网
14618,31.52063888888889,124.03877777777778,2.0,14.0,2020-10-12 00:38:00,围网
14618,31.525388888888887,124.04225,2.0,32.0,2020-10-12 00:48:00,围网
14618,31.530305555555554,124.04544444444444,2.0,24.0,2020-10-12 00:58:00,围网
14618,31.534861111111113,124.04930555555555,2.4,42.0,2020-10-12 01:08:00,围网
14618,31.540277777777767,124.05219444444445,2.6,22.0,2020-10-12 01:18:00,围网
14618,31.545777777777786,124.05211111111113,2.5,337.0,2020-10-12 01:28:00,围网
14618,31.55155555555556,124.05205555555555,2.1,6.0,2020-10-12 01:38:00,围网
14618,31.557194444444452,124.04941666666666,2.3,330.0,2020-10-12 01:48:00,围网
14618,31.56063888888889,124.04280555555556,2.6,268.0,2020-10-12 01:58:00,围网
14618,31.56069444444445,124.03494444444445,2.3,267.0,2020-10-12 02:08:00,围网
14618,31.56083333333333,124.0277222222222,2.0,264.0,2020-10-12 02:18:00,围网
14618,31.56111111111111,124.02044444444445,2.3,266.0,2020-10-12 02:28:00,围网
14618,31.56136111111111,124.01302777777776,2.3,279.0,2020-10-12 02:37:59,围网
14618,31.56158333333333,124.00569444444444,2.5,273.0,2020-10-12 02:47:59,围网
14618,31.561694444444445,123.99905555555556,2.1,284.0,2020-10-12 02:57:59,围网
14618,31.56233333333333,124.0,2.2,289.0,2020-10-12 03:08:02,围网
14618,31.56286111111111,123.9995,0.7,335.0,2020-10-12 03:18:02,围网
14618,31.56225,123.99891666666666,0.5,200.0,2020-10-12 03:28:01,围网
14618,31.56166666666667,123.99830555555555,0.2,0.0,2020-10-12 03:38:01,围网
14618,31.56183333333333,123.9964722222222,1.3,264.0,2020-10-12 03:48:01,围网
14618,31.560472222222234,123.99361111111112,2.7,248.0,2020-10-12 03:58:01,围网
14618,31.56116666666667,123.98383333333334,2.3,278.0,2020-10-12 04:08:01,围网
14618,31.56138888888889,123.97636111111107,2.5,268.0,2020-10-12 04:18:01,围网
14618,31.56205555555556,123.96144444444445,2.2,271.0,2020-10-12 04:38:01,围网
14618,31.562444444444445,123.95411111111113,2.3,282.0,2020-10-12 04:48:01,围网
14618,31.56275,123.94666666666667,2.3,269.0,2020-10-12 04:58:01,围网
14618,31.563416666666665,123.93291666666669,1.9,270.0,2020-10-12 05:18:00,围网
14618,31.56369444444445,123.92555555555555,2.2,268.0,2020-10-12 05:28:00,围网
14618,31.564694444444445,123.91758333333334,2.2,275.0,2020-10-12 05:38:00,围网
14618,31.56586111111111,123.91055555555555,2.9,289.0,2020-10-12 05:48:00,围网
14618,31.56708333333333,123.90316666666668,2.2,271.0,2020-10-12 05:58:00,围网
14618,31.568222222222207,123.89580555555555,2.0,288.0,2020-10-12 06:08:00,围网
14618,31.569388888888888,123.88855555555556,1.8,280.0,2020-10-12 06:18:00,围网
14618,31.572027777777766,123.88158333333332,2.1,290.0,2020-10-12 06:28:00,围网
14618,31.5755,123.87508333333334,2.2,311.0,2020-10-12 06:38:00,围网
14618,31.57991666666667,123.86916666666666,2.3,304.0,2020-10-12 06:48:00,围网
14618,31.58447222222221,123.86338888888888,2.4,323.0,2020-10-12 06:58:00,围网
14618,31.591361111111112,123.86083333333332,2.8,15.0,2020-10-12 07:08:00,围网
14618,31.59825,123.86555555555556,2.8,52.0,2020-10-12 07:17:59,围网
14618,31.60052777777778,123.87383333333332,2.8,101.0,2020-10-12 07:27:59,围网
14618,31.600305555555558,123.88166666666666,2.6,101.0,2020-10-12 07:37:59,围网
14618,31.599722222222233,123.88988888888893,2.5,101.0,2020-10-12 07:47:59,围网
14618,31.59775,123.89666666666668,2.3,109.0,2020-10-12 07:58:01,围网
14618,31.595666666666666,123.90386111111113,1.9,91.0,2020-10-12 08:08:01,围网
14618,31.593277777777786,123.91111111111113,2.4,105.0,2020-10-12 08:18:01,围网
14618,31.59097222222222,123.91863888888888,2.4,107.0,2020-10-12 08:28:01,围网
14618,31.588638888888887,123.9262222222222,2.2,111.0,2020-10-12 08:38:01,围网
14618,31.586166666666664,123.93388888888887,2.4,104.0,2020-10-12 08:48:01,围网
14618,31.58369444444445,123.94155555555555,3.1,112.0,2020-10-12 08:58:01,围网
14618,31.58297222222223,123.94491666666669,2.4,325.0,2020-10-12 09:08:01,围网
14618,31.58130555555556,123.9457777777778,0.4,0.0,2020-10-12 09:18:01,围网
14618,31.579527777777766,123.94694444444444,0.5,0.0,2020-10-12 09:28:01,围网
14618,31.577527777777767,123.94791666666669,0.7,167.0,2020-10-12 09:38:00,围网
14618,31.57566666666667,123.9484722222222,1.3,332.0,2020-10-12 09:48:01,围网
14618,31.573277777777786,123.94916666666668,1.3,174.0,2020-10-12 09:58:00,围网
14618,31.570611111111113,123.94975,1.5,183.0,2020-10-12 10:08:00,围网
14618,31.567638888888887,123.95019444444445,0.8,160.0,2020-10-12 10:18:00,围网
14618,31.56458333333333,123.94947222222223,1.6,219.0,2020-10-12 10:28:00,围网
14618,31.549527777777786,123.95761111111106,3.2,115.0,2020-10-12 10:48:00,围网
14618,31.54786111111111,123.96666666666668,2.7,91.0,2020-10-12 10:58:00,围网
14618,31.54725,123.9747777777778,2.6,91.0,2020-10-12 11:08:00,围网
14618,31.546333333333337,123.98263888888887,2.4,97.0,2020-10-12 11:18:00,围网
14618,31.544277777777786,123.99058333333332,2.8,108.0,2020-10-12 11:28:00,围网
14618,31.54225000000001,123.99838888888893,2.6,103.0,2020-10-12 11:38:00,围网
14618,31.540250000000004,124.00611111111112,2.6,103.0,2020-10-12 11:48:00,围网
14618,31.538000000000004,124.01375,2.7,97.0,2020-10-12 11:57:59,围网
14618,31.53552777777778,124.02180555555556,1.9,109.0,2020-10-12 12:08:02,围网
14618,31.53313888888889,124.0287777777778,2.3,107.0,2020-10-12 12:17:59,围网
14618,31.52819444444444,124.04344444444445,2.6,111.0,2020-10-12 12:38:01,围网
14618,31.525472222222234,124.05052777777777,2.5,116.0,2020-10-12 12:48:01,围网
14618,31.52241666666667,124.05738888888894,2.0,107.0,2020-10-12 12:58:01,围网
14618,31.519444444444442,124.06425,2.2,108.0,2020-10-12 13:08:01,围网
14618,31.516527777777767,124.07088888888887,2.5,117.0,2020-10-12 13:18:01,围网
14618,31.51369444444445,124.07733333333331,2.6,127.0,2020-10-12 13:28:01,围网
14618,31.510972222222208,124.08372222222219,2.4,119.0,2020-10-12 13:38:01,围网
14618,31.50802777777778,124.08997222222222,2.1,114.0,2020-10-12 13:48:01,围网
14618,31.50533333333333,124.09611111111107,2.7,116.0,2020-10-12 13:58:01,围网
14618,31.50263888888889,124.10188888888888,2.3,103.0,2020-10-12 14:08:01,围网
14618,31.49983333333333,124.10799999999999,2.3,119.0,2020-10-12 14:18:01,围网
14618,31.495,124.11872222222222,1.9,109.0,2020-10-12 14:38:01,围网
14618,31.492722222222234,124.12397222222219,1.9,113.0,2020-10-12 14:48:00,围网
14618,31.4905,124.12908333333333,1.6,122.0,2020-10-12 14:58:00,围网
14618,31.48633333333333,124.1329722222222,2.0,151.0,2020-10-12 15:08:00,围网
14618,31.481361111111113,124.13591666666667,1.9,146.0,2020-10-12 15:18:00,围网
14618,31.47486111111111,124.13486111111106,2.9,201.0,2020-10-12 15:28:00,围网
14618,31.470111111111112,124.12725,3.0,249.0,2020-10-12 15:38:00,围网
14618,31.47197222222222,124.11788888888887,2.8,301.0,2020-10-12 15:48:00,围网
14618,31.47588888888889,124.11061111111113,2.6,293.0,2020-10-12 15:58:00,围网
14618,31.47958333333333,124.10333333333332,2.7,304.0,2020-10-12 16:08:00,围网
14618,31.483138888888888,124.09591666666668,2.3,295.0,2020-10-12 16:18:00,围网
14618,31.487027777777786,124.08797222222222,2.7,296.0,2020-10-12 16:27:59,围网
14618,31.490444444444442,124.0809722222222,2.8,301.0,2020-10-12 16:37:59,围网
14618,31.494055555555555,124.07344444444445,2.6,287.0,2020-10-12 16:47:59,围网
14618,31.495305555555557,124.06469444444444,2.9,275.0,2020-10-12 16:58:02,围网
14618,31.49575,124.05605555555556,3.2,279.0,2020-10-12 17:08:02,围网
14618,31.496333333333336,124.05458333333333,0.7,242.0,2020-10-12 17:18:01,围网
14618,31.49588888888889,124.05125,1.5,245.0,2020-10-12 17:28:01,围网
14618,31.49533333333333,124.04813888888887,0.8,262.0,2020-10-12 17:38:01,围网
14618,31.496194444444445,124.04469444444445,1.3,14.0,2020-10-12 17:48:01,围网
14618,31.496472222222234,124.04205555555555,3.7,296.0,2020-10-12 17:58:01,围网
14618,31.50583333333333,124.04127777777781,2.6,15.0,2020-10-12 18:08:01,围网
14618,31.512888888888888,124.0437222222222,2.7,11.0,2020-10-12 18:18:01,围网
14618,31.520138888888887,124.04611111111107,2.0,28.0,2020-10-12 18:28:01,围网
14618,31.52352777777779,124.05269444444444,2.2,81.0,2020-10-12 18:38:01,围网
14618,31.523166666666665,124.05866666666668,1.5,97.0,2020-10-12 18:48:01,围网
14618,31.524527777777767,124.06502777777777,2.3,72.0,2020-10-12 18:58:01,围网
14618,31.52525,124.07163888888887,1.9,90.0,2020-10-12 19:08:01,围网
14618,31.525055555555554,124.07769444444445,2.4,98.0,2020-10-12 19:18:00,围网
14618,31.525,124.08377777777778,1.9,91.0,2020-10-12 19:28:00,围网
14618,31.52533333333333,124.09019444444445,1.8,82.0,2020-10-12 19:38:00,围网
14618,31.526138888888887,124.09686111111112,2.5,116.0,2020-10-12 19:48:00,围网
14618,31.52625,124.10363888888888,1.8,92.0,2020-10-12 19:58:00,围网
14618,31.52625,124.11055555555555,2.2,84.0,2020-10-12 20:08:00,围网
14618,31.523611111111112,124.11622222222222,2.3,169.0,2020-10-12 20:18:00,围网
14618,31.517944444444442,124.1164722222222,1.6,157.0,2020-10-12 20:28:00,围网
14618,31.51313888888889,124.11955555555555,2.2,136.0,2020-10-12 20:38:00,围网
14618,31.51008333333333,124.12647222222222,2.5,100.0,2020-10-12 20:48:00,围网
14618,31.50783333333333,124.1327777777778,2.1,114.0,2020-10-12 20:58:00,围网
14618,31.505,124.13933333333334,2.3,108.0,2020-10-12 21:07:59,围网
14618,31.502805555555554,124.14638888888894,2.3,90.0,2020-10-12 21:17:59,围网
14618,31.50175,124.15405555555556,2.0,107.0,2020-10-12 21:27:59,围网
14618,31.50122222222221,124.16163888888887,2.4,100.0,2020-10-12 21:38:02,围网
14618,31.501277777777766,124.16944444444445,2.3,94.0,2020-10-12 21:48:02,围网
14618,31.501166666666666,124.17733333333334,2.7,91.0,2020-10-12 21:58:01,围网
14618,31.49975,124.18511111111113,2.8,106.0,2020-10-12 22:08:01,围网
14618,31.498472222222233,124.19311111111112,2.3,89.0,2020-10-12 22:18:01,围网
14618,31.49758333333333,124.20100000000001,2.4,102.0,2020-10-12 22:28:01,围网
14618,31.49672222222221,124.20886111111106,2.7,97.0,2020-10-12 22:38:01,围网
14618,31.495027777777786,124.22536111111113,2.7,101.0,2020-10-12 22:58:01,围网
14618,31.491888888888887,124.24075,2.6,97.0,2020-10-12 23:18:01,围网
14618,31.49019444444445,124.24869444444445,2.9,92.0,2020-10-12 23:28:01,围网
14618,31.488972222222234,124.2567222222222,2.6,97.0,2020-10-12 23:38:01,围网
14618,31.48852777777779,124.26475,2.4,98.0,2020-10-12 23:48:00,围网
14618,31.488083333333336,124.27263888888888,2.4,88.0,2020-10-12 23:58:00,围网
14618,31.487472222222234,124.28041666666668,2.4,92.0,2020-10-13 00:08:00,围网
14618,31.48697222222223,124.28813888888894,2.2,106.0,2020-10-13 00:18:00,围网
14618,31.48566666666667,124.2950277777778,1.0,203.0,2020-10-13 00:28:00,围网
14618,31.483361111111112,124.29358333333332,1.5,167.0,2020-10-13 00:38:00,围网
14618,31.479944444444445,124.29402777777777,1.7,171.0,2020-10-13 00:48:00,围网
14618,31.476055555555554,124.29408333333332,1.8,175.0,2020-10-13 00:58:00,围网
14618,31.477166666666665,124.30258333333332,7.0,66.0,2020-10-13 01:08:00,围网
14618,31.48544444444445,124.32308333333332,7.4,70.0,2020-10-13 01:18:00,围网
14618,31.49216666666667,124.34644444444444,7.6,70.0,2020-10-13 01:28:00,围网
14618,31.49625,124.3607222222222,4.7,204.0,2020-10-13 01:37:59,围网
14618,31.494944444444453,124.35158333333332,2.4,261.0,2020-10-13 01:47:59,围网
14618,31.49505555555556,124.34422222222223,2.2,286.0,2020-10-13 01:57:59,围网
14618,31.494944444444453,124.33666666666666,2.5,265.0,2020-10-13 02:07:59,围网
14618,31.495,124.329,2.1,304.0,2020-10-13 02:18:01,围网
14618,31.495,124.32133333333331,2.5,285.0,2020-10-13 02:28:02,围网
14618,31.494972222222234,124.31344444444444,2.5,278.0,2020-10-13 02:38:01,围网
14618,31.494805555555555,124.30541666666666,2.7,269.0,2020-10-13 02:48:01,围网
14618,31.49433333333333,124.29722222222222,2.7,270.0,2020-10-13 02:58:01,围网
14618,31.493472222222234,124.27991666666668,2.5,260.0,2020-10-13 03:18:01,围网
14618,31.49308333333333,124.27180555555556,2.3,257.0,2020-10-13 03:28:01,围网
14618,31.49258333333333,124.25438888888887,2.8,272.0,2020-10-13 03:48:01,围网
14618,31.492638888888887,124.24572222222223,2.7,265.0,2020-10-13 03:58:01,围网
14618,31.49316666666667,124.23702777777778,2.7,265.0,2020-10-13 04:08:01,围网
14618,31.49375,124.2285,2.5,274.0,2020-10-13 04:18:01,围网
14618,31.49483333333333,124.22008333333332,3.2,266.0,2020-10-13 04:28:01,围网
14618,31.496,124.21161111111113,3.0,240.0,2020-10-13 04:38:01,围网
14618,31.49708333333333,124.20308333333334,2.5,274.0,2020-10-13 04:48:00,围网
14618,31.498166666666666,124.19411111111113,3.3,253.0,2020-10-13 04:58:00,围网
14618,31.499194444444445,124.18597222222222,2.5,275.0,2020-10-13 05:08:00,围网
14618,31.499972222222233,124.17747222222219,2.8,274.0,2020-10-13 05:18:00,围网
14618,31.500888888888888,124.16841666666667,2.5,276.0,2020-10-13 05:28:00,围网
14618,31.501777777777768,124.16044444444445,3.0,284.0,2020-10-13 05:38:00,围网
14618,31.502861111111113,124.15211111111113,3.1,262.0,2020-10-13 05:48:00,围网
14618,31.503833333333336,124.14391666666668,2.6,280.0,2020-10-13 05:58:00,围网
14618,31.50438888888889,124.13572222222223,2.4,287.0,2020-10-13 06:08:00,围网
14618,31.50483333333333,124.1275,2.7,258.0,2020-10-13 06:18:00,围网
14618,31.505194444444445,124.1194722222222,2.4,263.0,2020-10-13 06:27:59,围网
14618,31.50575000000001,124.11138888888887,2.6,287.0,2020-10-13 06:37:59,围网
14618,31.507666666666665,124.10322222222223,3.5,271.0,2020-10-13 06:47:59,围网
14618,31.50994444444445,124.09536111111107,2.6,300.0,2020-10-13 06:58:02,围网
14618,31.51233333333333,124.08755555555555,2.8,308.0,2020-10-13 07:08:02,围网
14618,31.51444444444445,124.08002777777777,3.3,290.0,2020-10-13 07:18:01,围网
14618,31.51675,124.07269444444445,2.5,265.0,2020-10-13 07:28:02,围网
14618,31.519805555555553,124.06527777777778,2.4,285.0,2020-10-13 07:38:01,围网
14618,31.52277777777777,124.0589722222222,2.7,332.0,2020-10-13 07:48:01,围网
14618,31.52425,124.05888888888887,2.5,244.0,2020-10-13 07:58:01,围网
14618,31.52525,124.05630555555555,1.5,224.0,2020-10-13 08:08:01,围网
14618,31.525388888888887,124.05561111111112,1.7,220.0,2020-10-13 08:18:01,围网
14618,31.525444444444442,124.0547777777778,1.9,215.0,2020-10-13 08:28:01,围网
14618,31.525305555555555,124.05377777777778,1.7,12.0,2020-10-13 08:38:01,围网
14618,31.520805555555555,124.0527777777778,2.1,195.0,2020-10-13 08:48:01,围网
14618,31.515694444444442,124.05505555555555,2.3,141.0,2020-10-13 08:58:01,围网
14618,31.51236111111111,124.06172222222223,2.5,110.0,2020-10-13 09:08:00,围网
14618,31.51072222222221,124.0695,4.3,168.0,2020-10-13 09:18:00,围网
14618,31.50980555555555,124.07758333333334,2.7,55.0,2020-10-13 09:28:00,围网
14618,31.5095,124.08586111111107,2.5,80.0,2020-10-13 09:38:00,围网
14618,31.508722222222207,124.09480555555555,2.5,98.0,2020-10-13 09:48:00,围网
14618,31.508111111111113,124.10261111111107,2.9,112.0,2020-10-13 09:58:00,围网
14618,31.50761111111111,124.111,3.4,115.0,2020-10-13 10:08:00,围网
14618,31.506777777777767,124.11941666666664,2.5,91.0,2020-10-13 10:18:00,围网
14618,31.506305555555556,124.1279722222222,2.7,87.0,2020-10-13 10:28:00,围网
14618,31.505861111111113,124.13655555555556,2.8,101.0,2020-10-13 10:38:00,围网
14618,31.505055555555554,124.14508333333336,2.8,94.0,2020-10-13 10:48:00,围网
14618,31.502972222222233,124.15341666666669,2.7,115.0,2020-10-13 10:58:00,围网
14618,31.499027777777766,124.16119444444445,3.0,120.0,2020-10-13 11:07:59,围网
14618,31.496388888888887,124.16961111111112,2.7,82.0,2020-10-13 11:17:59,围网
14618,31.49447222222223,124.17802777777777,2.4,90.0,2020-10-13 11:27:59,围网
14618,31.4925,124.1862777777778,3.7,126.0,2020-10-13 11:38:02,围网
14618,31.490277777777766,124.19447222222222,3.3,131.0,2020-10-13 11:48:01,围网
14618,31.488277777777785,124.20308333333334,2.9,86.0,2020-10-13 11:58:01,围网
14618,31.486666666666668,124.21041666666666,2.0,0.0,2020-10-13 12:08:01,围网
14618,31.48508333333333,124.21816666666666,2.0,0.0,2020-10-13 12:18:01,围网
14618,31.48394444444445,124.22566666666668,2.5,95.0,2020-10-13 12:28:01,围网
14618,31.482944444444442,124.23294444444444,2.9,101.0,2020-10-13 12:38:01,围网
14618,31.48172222222221,124.24016666666668,2.5,107.0,2020-10-13 12:48:01,围网
14618,31.480472222222208,124.24716666666669,2.4,88.0,2020-10-13 12:58:01,围网
14618,31.47936111111111,124.254,2.1,82.0,2020-10-13 13:08:01,围网
14618,31.47816666666667,124.26063888888888,1.5,91.0,2020-10-13 13:18:01,围网
14618,31.47608333333333,124.26725,3.4,125.0,2020-10-13 13:28:01,围网
14618,31.47269444444445,124.27363888888887,2.6,122.0,2020-10-13 13:38:01,围网
14618,31.467972222222233,124.2795,2.7,144.0,2020-10-13 13:48:01,围网
14618,31.465416666666666,124.27708333333332,2.0,153.0,2020-10-13 13:58:00,围网
14618,31.4595,124.2757777777778,1.5,190.0,2020-10-13 14:08:00,围网
14618,31.453916666666665,124.27391666666666,2.0,194.0,2020-10-13 14:18:00,围网
14618,31.45283333333333,124.26991666666667,7.0,331.0,2020-10-13 14:28:00,围网
14618,31.468805555555555,124.25833333333334,7.2,319.0,2020-10-13 14:38:00,围网
14618,31.483472222222233,124.24322222222223,6.6,304.0,2020-10-13 14:48:00,围网
14618,31.499722222222232,124.22813888888888,7.5,325.0,2020-10-13 14:58:00,围网
14618,31.516055555555557,124.21780555555556,7.9,325.0,2020-10-13 15:08:00,围网
14618,31.53305555555556,124.20661111111113,7.4,326.0,2020-10-13 15:18:00,围网
14618,31.550611111111113,124.1952777777778,6.9,333.0,2020-10-13 15:28:00,围网
14618,31.56827777777778,124.18366666666668,7.1,336.0,2020-10-13 15:38:00,围网
14618,31.58594444444445,124.17147222222223,8.0,319.0,2020-10-13 15:47:59,围网
14618,31.60341666666667,124.15700000000001,7.8,323.0,2020-10-13 15:57:59,围网
14618,31.62061111111111,124.14208333333332,7.8,330.0,2020-10-13 16:08:02,围网
14618,31.63691666666667,124.12163888888887,9.4,272.0,2020-10-13 16:17:59,围网
14618,31.641388888888887,124.09780555555555,5.0,219.0,2020-10-13 16:28:02,围网
14618,31.63827777777778,124.09286111111106,4.0,275.0,2020-10-13 16:38:01,围网
14618,31.64188888888889,124.07277777777777,2.3,296.0,2020-10-13 16:58:01,围网
14618,31.64402777777777,124.06388888888887,4.1,284.0,2020-10-13 17:08:01,围网
14618,31.64627777777777,124.05494444444444,2.8,289.0,2020-10-13 17:18:01,围网
14618,31.648111111111113,124.04569444444445,4.2,262.0,2020-10-13 17:28:01,围网
14618,31.64966666666667,124.03633333333332,3.0,268.0,2020-10-13 17:38:01,围网
14618,31.65075,124.01716666666668,2.4,274.0,2020-10-13 17:58:01,围网
14618,31.65133333333333,124.00733333333334,3.1,277.0,2020-10-13 18:08:01,围网
14618,31.65183333333333,123.99833333333332,3.7,278.0,2020-10-13 18:18:01,围网
14618,31.652555555555555,123.9885,3.0,277.0,2020-10-13 18:28:00,围网
14618,31.65322222222222,123.97977777777778,3.1,265.0,2020-10-13 18:38:00,围网
14618,31.65375,123.97058333333334,2.9,284.0,2020-10-13 18:48:00,围网
14618,31.65447222222221,123.9615,3.1,241.0,2020-10-13 18:58:00,围网
14618,31.65511111111111,123.95261111111112,2.7,281.0,2020-10-13 19:08:00,围网
14618,31.65636111111111,123.93516666666667,2.4,264.0,2020-10-13 19:28:00,围网
14618,31.657055555555548,123.92661111111113,3.4,281.0,2020-10-13 19:38:00,围网
14618,31.657666666666664,123.91822222222223,2.6,255.0,2020-10-13 19:48:00,围网
14618,31.658416666666664,123.91008333333336,2.5,276.0,2020-10-13 19:58:00,围网
14618,31.659722222222207,123.90200000000002,2.2,271.0,2020-10-13 20:08:00,围网
14618,31.660916666666665,123.89411111111113,2.0,276.0,2020-10-13 20:18:00,围网
14618,31.664,123.8865,2.5,314.0,2020-10-13 20:27:59,围网
14618,31.66775,123.87886111111106,2.7,314.0,2020-10-13 20:38:02,围网
14618,31.670972222222233,123.87208333333332,2.4,292.0,2020-10-13 20:48:02,围网
14618,31.673861111111112,123.86747222222219,2.4,106.0,2020-10-13 20:58:02,围网
14618,31.675583333333336,123.86841666666666,1.4,347.0,2020-10-13 21:08:02,围网
14618,31.67666666666667,123.86769444444445,0.5,0.0,2020-10-13 21:18:01,围网
14618,31.677611111111112,123.86697222222222,1.1,207.0,2020-10-13 21:28:01,围网
14618,31.6825,123.86566666666666,7.0,355.0,2020-10-13 21:38:01,围网
14618,31.70647222222221,123.8622222222222,8.3,349.0,2020-10-13 21:48:01,围网
14618,31.729194444444442,123.8535,8.3,338.0,2020-10-13 21:58:01,围网
14618,31.75311111111111,123.84494444444445,8.9,17.0,2020-10-13 22:08:01,围网
14618,31.77441666666667,123.842,11.2,344.0,2020-10-13 22:18:01,围网
14618,31.787722222222232,123.83816666666668,4.1,77.0,2020-10-13 22:28:01,围网
14618,31.79125,123.84033333333332,6.4,71.0,2020-10-13 22:38:01,围网
14618,31.79288888888889,123.85127777777778,2.8,90.0,2020-10-13 22:48:01,围网
14618,31.79466666666667,123.85930555555555,2.8,81.0,2020-10-13 22:58:00,围网
14618,31.79641666666667,123.86777777777776,3.3,88.0,2020-10-13 23:08:00,围网
14618,31.798027777777786,123.8763611111111,3.6,106.0,2020-10-13 23:18:00,围网
14618,31.79794444444445,123.88516666666668,3.0,85.0,2020-10-13 23:28:00,围网
14618,31.797638888888887,123.89388888888894,3.1,96.0,2020-10-13 23:38:00,围网
14618,31.79741666666667,123.90258333333334,2.7,76.0,2020-10-13 23:48:00,围网
14618,31.797277777777786,123.91136111111106,2.6,80.0,2020-10-13 23:58:00,围网
14618,31.79705555555556,123.92016666666667,2.8,102.0,2020-10-14 00:08:00,围网
14618,31.796888888888887,123.92894444444444,2.6,91.0,2020-10-14 00:18:00,围网
14618,31.79658333333333,123.93769444444445,2.6,99.0,2020-10-14 00:28:00,围网
14618,31.795861111111112,123.94638888888888,2.5,100.0,2020-10-14 00:38:00,围网
14618,31.794472222222232,123.95511111111112,3.0,101.0,2020-10-14 00:48:00,围网
14618,31.79261111111111,123.96425,2.6,101.0,2020-10-14 00:57:59,围网
14618,31.78972222222223,123.97180555555555,2.7,123.0,2020-10-14 01:07:59,围网
14618,31.78716666666667,123.97997222222222,2.7,103.0,2020-10-14 01:17:59,围网
14618,31.78577777777778,123.98822222222223,2.9,108.0,2020-10-14 01:28:02,围网
14618,31.78475000000001,123.99630555555555,3.1,107.0,2020-10-14 01:38:02,围网
14618,31.78386111111111,124.00419444444445,2.7,89.0,2020-10-14 01:48:02,围网
14618,31.78322222222221,124.01188888888888,2.6,101.0,2020-10-14 01:58:01,围网
14618,31.78191666666667,124.01961111111113,2.4,97.0,2020-10-14 02:08:01,围网
14618,31.77836111111111,124.03430555555555,2.5,110.0,2020-10-14 02:28:01,围网
14618,31.77633333333333,124.04136111111107,2.5,81.0,2020-10-14 02:38:01,围网
14618,31.77438888888889,124.04819444444445,2.8,121.0,2020-10-14 02:48:01,围网
14618,31.77233333333333,124.05488888888893,1.8,0.0,2020-10-14 02:58:01,围网
14618,31.77025,124.06163888888888,2.6,124.0,2020-10-14 03:08:01,围网
14618,31.76763888888889,124.0672222222222,2.9,137.0,2020-10-14 03:18:01,围网
14618,31.764611111111112,124.07286111111112,1.5,115.0,2020-10-14 03:28:00,围网
14618,31.7605,124.07780555555556,2.7,150.0,2020-10-14 03:38:00,围网
14618,31.759527777777766,124.07608333333332,0.5,0.0,2020-10-14 03:48:00,围网
14618,31.755472222222235,124.07291666666666,0.9,214.0,2020-10-14 03:58:00,围网
14618,31.751638888888888,124.06941666666664,2.0,215.0,2020-10-14 04:08:00,围网
14618,31.74833333333333,124.06486111111107,2.5,231.0,2020-10-14 04:18:00,围网
14618,31.745305555555557,124.05991666666668,1.4,236.0,2020-10-14 04:28:00,围网
14618,31.744888888888887,124.05047222222224,2.2,234.0,2020-10-14 04:38:00,围网
14618,31.744277777777786,124.04194444444445,5.6,297.0,2020-10-14 04:48:00,围网
14618,31.746805555555554,124.02411111111113,10.1,271.0,2020-10-14 04:58:00,围网
14618,31.744777777777767,124.01647222222222,1.8,248.0,2020-10-14 05:08:00,围网
14618,31.73913888888889,124.00680555555556,3.3,240.0,2020-10-14 05:18:00,围网
14618,31.73525,123.9995277777778,3.1,266.0,2020-10-14 05:28:00,围网
14618,31.734527777777767,123.98919444444445,2.3,268.0,2020-10-14 05:37:59,围网
14618,31.73458333333333,123.96944444444445,4.3,273.0,2020-10-14 05:58:02,围网
14618,31.73333333333333,123.96016666666668,3.0,276.0,2020-10-14 06:08:02,围网
14618,31.73175,123.95122222222223,2.6,250.0,2020-10-14 06:18:02,围网
14618,31.73097222222221,123.94172222222224,3.5,274.0,2020-10-14 06:28:02,围网
14618,31.73038888888889,123.93233333333332,2.4,268.0,2020-10-14 06:38:01,围网
14618,31.73,123.92291666666668,2.5,244.0,2020-10-14 06:48:01,围网
14618,31.73008333333333,123.91369444444445,2.8,234.0,2020-10-14 06:58:01,围网
14618,31.73044444444444,123.90438888888887,2.4,264.0,2020-10-14 07:08:01,围网
14618,31.73108333333333,123.89533333333334,2.7,233.0,2020-10-14 07:18:01,围网
14618,31.73191666666667,123.88586111111113,2.6,283.0,2020-10-14 07:28:01,围网
14618,31.73263888888889,123.87763888888887,3.8,237.0,2020-10-14 07:38:01,围网
14618,31.733611111111113,123.86886111111107,2.5,286.0,2020-10-14 07:48:01,围网
14618,31.735,123.85197222222222,1.7,264.0,2020-10-14 08:08:00,围网
14618,31.735388888888888,123.84377777777777,3.4,278.0,2020-10-14 08:18:00,围网
14618,31.73622222222221,123.83572222222222,2.8,255.0,2020-10-14 08:28:00,围网
14618,31.737361111111113,123.82769444444445,3.2,283.0,2020-10-14 08:38:00,围网
14618,31.73844444444445,123.81994444444445,2.6,272.0,2020-10-14 08:48:00,围网
14618,31.73908333333333,123.81238888888888,2.4,255.0,2020-10-14 08:58:00,围网
14618,31.740444444444442,123.80494444444444,2.4,294.0,2020-10-14 09:08:00,围网
14618,31.742,123.80608333333332,1.0,251.0,2020-10-14 09:18:00,围网
14618,31.743111111111112,123.80380555555556,1.7,240.0,2020-10-14 09:28:00,围网
14618,31.743861111111112,123.80138888888888,0.5,0.0,2020-10-14 09:38:00,围网
14618,31.7445,123.79930555555555,2.0,323.0,2020-10-14 09:48:00,围网
14618,31.745305555555557,123.79688888888887,2.6,225.0,2020-10-14 09:58:00,围网
14618,31.74508333333333,123.79366666666668,3.1,218.0,2020-10-14 10:07:59,围网
14618,31.74183333333333,123.7892222222222,2.0,213.0,2020-10-14 10:17:59,围网
14618,31.73852777777779,123.78408333333331,1.7,236.0,2020-10-14 10:27:59,围网
14618,31.735388888888888,123.77925,2.2,247.0,2020-10-14 10:37:59,围网
14618,31.73236111111111,123.77433333333332,1.9,207.0,2020-10-14 10:48:02,围网
14618,31.72586111111111,123.76972222222223,2.7,191.0,2020-10-14 10:58:02,围网
14618,31.722305555555554,123.76608333333333,2.9,267.0,2020-10-14 11:08:01,围网
14618,31.71608333333333,123.76277777777777,1.4,210.0,2020-10-14 11:18:02,围网
14618,31.71075,123.76030555555555,2.3,190.0,2020-10-14 11:28:01,围网
14618,31.705277777777766,123.7577777777778,2.6,192.0,2020-10-14 11:38:01,围网
14618,31.699055555555553,123.75816666666668,1.6,183.0,2020-10-14 11:48:01,围网
14618,31.695888888888888,123.76022222222224,2.4,25.0,2020-10-14 11:58:01,围网
14618,31.7015,123.76288888888888,2.9,195.0,2020-10-14 12:08:01,围网
14618,31.69463888888889,123.76141666666666,1.9,202.0,2020-10-14 12:18:01,围网
14618,31.68830555555556,123.75955555555555,2.3,190.0,2020-10-14 12:28:01,围网
14618,31.681638888888887,123.75886111111107,3.2,217.0,2020-10-14 12:38:00,围网
14618,31.67388888888889,123.7625277777778,4.9,18.0,2020-10-14 12:58:00,围网
14618,31.67216666666667,123.76461111111112,3.9,180.0,2020-10-14 13:08:00,围网
14618,31.665138888888887,123.76299999999999,2.6,193.0,2020-10-14 13:18:00,围网
14618,31.65736111111111,123.76297222222222,2.0,175.0,2020-10-14 13:28:00,围网
14618,31.641666666666666,123.75488888888893,3.3,197.0,2020-10-14 13:38:00,围网
14618,31.623583333333336,123.74505555555555,5.7,201.0,2020-10-14 13:48:00,围网
14618,31.626555555555555,123.75305555555555,6.4,40.0,2020-10-14 13:58:00,围网
14618,31.6375,123.76636111111112,6.1,41.0,2020-10-14 14:08:00,围网
14618,31.65063888888889,123.77777777777777,5.9,32.0,2020-10-14 14:18:00,围网
14618,31.66413888888889,123.7875,5.3,17.0,2020-10-14 14:28:00,围网
14618,31.67825,123.79427777777778,5.7,20.0,2020-10-14 14:38:00,围网
14618,31.692472222222232,123.80044444444445,5.9,18.0,2020-10-14 14:48:00,围网
14618,31.70625,123.80561111111112,5.9,8.0,2020-10-14 14:57:59,围网
14618,31.72119444444445,123.81047222222222,5.7,10.0,2020-10-14 15:07:59,围网
14618,31.72347222222221,123.80586111111107,2.6,319.0,2020-10-14 15:17:59,围网
14618,31.72044444444445,123.80619444444444,1.8,223.0,2020-10-14 15:28:02,围网
14618,31.713611111111113,123.80063888888887,1.8,208.0,2020-10-14 15:48:01,围网
14618,31.709611111111112,123.7969722222222,1.3,200.0,2020-10-14 15:58:01,围网
14618,31.705777777777786,123.79261111111113,2.0,218.0,2020-10-14 16:08:01,围网
14618,31.70255555555556,123.78930555555556,1.8,225.0,2020-10-14 16:18:01,围网
14618,31.69925,123.78508333333332,2.9,230.0,2020-10-14 16:28:01,围网
14618,31.69550000000001,123.77983333333331,1.5,240.0,2020-10-14 16:38:01,围网
14618,31.69708333333333,123.7807222222222,2.4,34.0,2020-10-14 16:48:01,围网
14618,31.71108333333333,123.79755555555555,6.7,46.0,2020-10-14 17:08:01,围网
14618,31.71911111111111,123.81358333333333,6.3,55.0,2020-10-14 17:18:00,围网
14618,31.726805555555554,123.82988888888887,4.9,61.0,2020-10-14 17:28:01,围网
14618,31.733138888888888,123.84308333333333,1.0,258.0,2020-10-14 17:38:00,围网
14618,31.73044444444444,123.83519444444444,8.4,248.0,2020-10-14 17:48:00,围网
14618,31.72922222222222,123.82436111111107,3.3,263.0,2020-10-14 17:58:00,围网
14618,31.73019444444445,123.81422222222223,2.8,281.0,2020-10-14 18:08:00,围网
14618,31.73194444444445,123.80405555555555,2.9,281.0,2020-10-14 18:18:00,围网
14618,31.73375,123.79508333333334,4.1,289.0,2020-10-14 18:28:00,围网
14618,31.73763888888889,123.78658333333334,2.4,307.0,2020-10-14 18:38:00,围网
14618,31.740277777777766,123.77736111111106,3.9,263.0,2020-10-14 18:48:00,围网
14618,31.74163888888889,123.76752777777777,3.4,264.0,2020-10-14 18:58:00,围网
14618,31.74175,123.75783333333334,2.5,259.0,2020-10-14 19:08:00,围网
14618,31.741416666666666,123.73913888888887,2.7,267.0,2020-10-14 19:28:00,围网
14618,31.741416666666666,123.7120277777778,2.1,252.0,2020-10-14 19:57:59,围网
14618,31.741222222222234,123.70336111111112,2.5,278.0,2020-10-14 20:08:02,围网
14618,31.741222222222234,123.6947777777778,2.5,256.0,2020-10-14 20:18:02,围网
14618,31.74116666666667,123.6857222222222,3.0,276.0,2020-10-14 20:28:01,围网
14618,31.74116666666667,123.67788888888887,3.1,270.0,2020-10-14 20:38:01,围网
14618,31.74116666666667,123.66969444444445,2.8,244.0,2020-10-14 20:48:01,围网
14618,31.741222222222234,123.66175,2.4,256.0,2020-10-14 20:58:01,围网
14618,31.74136111111111,123.65394444444445,2.8,209.0,2020-10-14 21:08:01,围网
14618,31.74216666666667,123.64594444444445,2.5,283.0,2020-10-14 21:18:01,围网
14618,31.74330555555556,123.63869444444444,2.5,253.0,2020-10-14 21:28:01,围网
14618,31.74491666666667,123.6314722222222,2.1,287.0,2020-10-14 21:38:01,围网
14618,31.747,123.62452777777777,2.7,310.0,2020-10-14 21:48:01,围网
14618,31.74883333333333,123.62358333333331,2.8,84.0,2020-10-14 21:58:01,围网
14618,31.75038888888889,123.62286111111106,1.8,5.0,2020-10-14 22:08:00,围网
14618,31.751583333333336,123.6212777777778,2.4,20.0,2020-10-14 22:18:00,围网
14618,31.75263888888889,123.61983333333332,1.2,260.0,2020-10-14 22:28:00,围网
14618,31.7555,123.61738888888887,4.0,39.0,2020-10-14 22:38:00,围网
14618,31.754638888888888,123.62708333333332,2.2,106.0,2020-10-14 22:48:00,围网
14618,31.75438888888889,123.63438888888888,2.2,104.0,2020-10-14 22:58:00,围网
14618,31.754055555555553,123.6419722222222,2.4,97.0,2020-10-14 23:08:00,围网
14618,31.753611111111113,123.64966666666668,2.6,99.0,2020-10-14 23:18:00,围网
14618,31.75319444444445,123.65755555555555,2.6,79.0,2020-10-14 23:28:00,围网
14618,31.753055555555555,123.66563888888888,2.5,106.0,2020-10-14 23:38:00,围网
14618,31.752777777777766,123.67386111111112,3.4,119.0,2020-10-14 23:48:00,围网
14618,31.75269444444445,123.68230555555556,2.6,102.0,2020-10-14 23:58:00,围网
14618,31.752527777777786,123.69052777777777,2.8,39.0,2020-10-15 00:07:59,围网
14618,31.75236111111111,123.699,2.5,69.0,2020-10-15 00:17:59,围网
14618,31.75261111111111,123.70725,2.4,92.0,2020-10-15 00:27:59,围网
14618,31.75288888888889,123.7155,3.5,101.0,2020-10-15 00:37:59,围网
14618,31.753027777777767,123.72419444444445,2.9,96.0,2020-10-15 00:47:59,围网
14618,31.753138888888888,123.73183333333334,2.4,91.0,2020-10-15 00:58:02,围网
14618,31.7535,123.74002777777777,3.2,90.0,2020-10-15 01:08:02,围网
14618,31.753916666666665,123.74811111111113,2.3,84.0,2020-10-15 01:18:01,围网
14618,31.754722222222235,123.75583333333331,2.6,93.0,2020-10-15 01:28:01,围网
14618,31.75533333333333,123.76361111111113,2.0,64.0,2020-10-15 01:38:01,围网
14618,31.755916666666664,123.77116666666667,2.1,85.0,2020-10-15 01:48:01,围网
14618,31.75633333333333,123.77858333333332,2.2,78.0,2020-10-15 01:58:01,围网
14618,31.756777777777767,123.78575,2.2,86.0,2020-10-15 02:08:01,围网
14618,31.756805555555548,123.79286111111112,2.5,102.0,2020-10-15 02:18:01,围网
14618,31.756694444444445,123.8,2.6,110.0,2020-10-15 02:28:01,围网
14618,31.75638888888889,123.80688888888888,2.3,93.0,2020-10-15 02:38:01,围网
14618,31.75627777777777,123.81355555555555,2.2,94.0,2020-10-15 02:48:00,围网
14618,31.75619444444445,123.82019444444445,2.2,97.0,2020-10-15 02:58:00,围网
14618,31.75558333333333,123.82600000000001,2.0,99.0,2020-10-15 03:08:00,围网
14618,31.75411111111111,123.83244444444445,2.2,102.0,2020-10-15 03:18:00,围网
14618,31.752861111111113,123.83855555555556,1.4,107.0,2020-10-15 03:28:00,围网
14618,31.750666666666664,123.84458333333332,2.3,102.0,2020-10-15 03:38:00,围网
14618,31.748027777777786,123.85052777777777,2.2,121.0,2020-10-15 03:48:00,围网
14618,31.744805555555555,123.85608333333332,2.3,134.0,2020-10-15 03:58:00,围网
14618,31.74166666666667,123.86138888888887,1.6,138.0,2020-10-15 04:08:00,围网
14618,31.73983333333333,123.86027777777777,1.2,314.0,2020-10-15 04:18:00,围网
14618,31.735222222222234,123.8564722222222,0.3,0.0,2020-10-15 04:28:00,围网
14618,31.73041666666667,123.85241666666666,1.1,225.0,2020-10-15 04:38:00,围网
14618,31.726166666666664,123.8474722222222,2.3,231.0,2020-10-15 04:47:59,围网
14618,31.724027777777767,123.8425277777778,1.5,104.0,2020-10-15 04:57:59,围网
14618,31.728,123.8574722222222,5.3,65.0,2020-10-15 05:08:02,围网
14618,31.730472222222208,123.87380555555555,5.9,81.0,2020-10-15 05:18:02,围网
14618,31.732722222222232,123.88388888888888,1.6,156.0,2020-10-15 05:28:02,围网
14618,31.73,123.87141666666666,3.2,250.0,2020-10-15 05:38:02,围网
14618,31.72861111111111,123.86177777777776,2.7,268.0,2020-10-15 05:48:01,围网
14618,31.728416666666664,123.85216666666666,3.2,248.0,2020-10-15 05:58:01,围网
14618,31.72825,123.84266666666667,3.2,292.0,2020-10-15 06:08:01,围网
14618,31.72819444444444,123.83305555555555,3.3,258.0,2020-10-15 06:18:01,围网
14618,31.72797222222223,123.82352777777777,2.9,254.0,2020-10-15 06:28:01,围网
14618,31.72780555555555,123.81405555555556,2.7,272.0,2020-10-15 06:38:01,围网
14618,31.72833333333333,123.8045277777778,2.7,279.0,2020-10-15 06:48:01,围网
14618,31.730527777777766,123.79511111111113,3.1,313.0,2020-10-15 06:58:01,围网
14618,31.733638888888887,123.78605555555555,2.9,292.0,2020-10-15 07:08:01,围网
14618,31.736361111111112,123.77608333333332,3.2,287.0,2020-10-15 07:18:01,围网
14618,31.73852777777779,123.7672777777778,3.5,280.0,2020-10-15 07:28:00,围网
14618,31.73975,123.75775,3.4,290.0,2020-10-15 07:38:00,围网
14618,31.741416666666666,123.74838888888893,2.7,284.0,2020-10-15 07:48:00,围网
14618,31.743222222222233,123.73913888888887,3.2,270.0,2020-10-15 07:58:00,围网
14618,31.744111111111113,123.73011111111113,2.6,284.0,2020-10-15 08:08:00,围网
14618,31.744888888888887,123.7212222222222,3.3,282.0,2020-10-15 08:18:00,围网
14618,31.74552777777778,123.71255555555555,2.6,256.0,2020-10-15 08:28:00,围网
14618,31.74625,123.70402777777778,3.2,286.0,2020-10-15 08:38:00,围网
14618,31.747,123.69563888888894,2.6,278.0,2020-10-15 08:48:00,围网
14618,31.747777777777767,123.68741666666668,2.3,269.0,2020-10-15 08:58:00,围网
14618,31.7485,123.67938888888894,2.1,270.0,2020-10-15 09:08:00,围网
14618,31.749222222222233,123.67166666666668,2.2,268.0,2020-10-15 09:18:00,围网
14618,31.749805555555557,123.66380555555556,2.3,276.0,2020-10-15 09:27:59,围网
14618,31.750416666666666,123.65708333333332,2.5,278.0,2020-10-15 09:37:59,围网
14618,31.751916666666666,123.64988888888894,2.2,293.0,2020-10-15 09:47:59,围网
14618,31.75363888888889,123.64297222222223,2.1,293.0,2020-10-15 09:58:02,围网
14618,31.755055555555554,123.63630555555555,1.7,261.0,2020-10-15 10:08:02,围网
14618,31.75641666666667,123.6299722222222,2.0,307.0,2020-10-15 10:18:02,围网
14618,31.75786111111111,123.6237777777778,2.0,286.0,2020-10-15 10:28:01,围网
14618,31.759166666666665,123.61761111111107,1.7,279.0,2020-10-15 10:38:01,围网
14618,31.760277777777766,123.61766666666666,2.9,76.0,2020-10-15 10:48:01,围网
14618,31.76163888888889,123.61922222222222,1.0,145.0,2020-10-15 10:58:01,围网
14618,31.76216666666667,123.62027777777777,1.2,49.0,2020-10-15 11:08:01,围网
14618,31.76241666666667,123.62105555555556,0.4,0.0,2020-10-15 11:18:01,围网
14618,31.75441666666667,123.62808333333332,2.2,123.0,2020-10-15 11:28:01,围网
14618,31.750805555555555,123.63441666666668,3.1,60.0,2020-10-15 11:38:01,围网
14618,31.746472222222234,123.63394444444445,2.6,200.0,2020-10-15 11:48:01,围网
14618,31.740444444444442,123.63786111111112,3.6,113.0,2020-10-15 11:58:01,围网
14618,31.73725,123.64708333333334,3.5,89.0,2020-10-15 12:08:00,围网
14618,31.73622222222221,123.6565,2.7,101.0,2020-10-15 12:18:00,围网
14618,31.735833333333336,123.66572222222223,3.4,108.0,2020-10-15 12:28:00,围网
14618,31.736583333333336,123.67469444444444,3.1,76.0,2020-10-15 12:38:00,围网
14618,31.73802777777778,123.68316666666666,2.4,83.0,2020-10-15 12:48:00,围网
14618,31.73858333333333,123.69191666666669,2.6,76.0,2020-10-15 12:58:00,围网
14618,31.73913888888889,123.70063888888888,3.1,96.0,2020-10-15 13:08:00,围网
14618,31.738805555555558,123.70952777777778,2.4,97.0,2020-10-15 13:18:00,围网
14618,31.738944444444453,123.71825,2.0,96.0,2020-10-15 13:28:00,围网
14618,31.738777777777766,123.72691666666668,2.0,85.0,2020-10-15 13:38:00,围网
14618,31.738944444444453,123.73586111111106,1.9,89.0,2020-10-15 13:48:00,围网
14618,31.738833333333336,123.74363888888887,2.0,76.0,2020-10-15 13:57:59,围网
14618,31.738722222222233,123.75194444444445,2.6,91.0,2020-10-15 14:07:59,围网
14618,31.738555555555557,123.76022222222224,3.0,94.0,2020-10-15 14:17:59,围网
14618,31.737277777777766,123.76858333333332,3.3,102.0,2020-10-15 14:27:59,围网
14618,31.73613888888889,123.77666666666669,1.6,85.0,2020-10-15 14:38:02,围网
14618,31.734277777777766,123.78475,2.1,102.0,2020-10-15 14:48:02,围网
14618,31.73216666666667,123.79266666666668,1.9,98.0,2020-10-15 14:58:01,围网
14618,31.73041666666667,123.80019444444444,1.9,119.0,2020-10-15 15:08:01,围网
14618,31.72922222222222,123.80741666666668,3.1,109.0,2020-10-15 15:18:01,围网
14618,31.72819444444444,123.81408333333331,2.3,110.0,2020-10-15 15:28:01,围网
14618,31.72727777777777,123.82044444444445,1.5,84.0,2020-10-15 15:38:01,围网
14618,31.72438888888889,123.81827777777777,2.9,157.0,2020-10-15 15:48:01,围网
14618,31.717194444444445,123.81697222222222,2.7,198.0,2020-10-15 15:58:01,围网
14618,31.71130555555556,123.81472222222222,1.7,208.0,2020-10-15 16:08:01,围网
14618,31.706888888888887,123.81275,5.6,87.0,2020-10-15 16:18:01,围网
14618,31.71313888888889,123.83283333333334,7.5,84.0,2020-10-15 16:28:01,围网
14618,31.71744444444445,123.85386111111107,6.7,80.0,2020-10-15 16:38:00,围网
14618,31.72169444444444,123.87444444444445,6.4,70.0,2020-10-15 16:48:00,围网
14618,31.725972222222207,123.89441666666669,6.0,63.0,2020-10-15 16:58:00,围网
14618,31.731055555555557,123.91377777777781,6.5,75.0,2020-10-15 17:08:00,围网
14618,31.73191666666667,123.921,3.1,266.0,2020-10-15 17:18:00,围网
14618,31.730472222222208,123.91027777777781,3.1,259.0,2020-10-15 17:28:00,围网
14618,31.730305555555553,123.90086111111113,4.9,254.0,2020-10-15 17:38:00,围网
14618,31.73108333333333,123.89147222222223,2.9,265.0,2020-10-15 17:48:00,围网
14618,31.7315,123.88163888888887,3.6,259.0,2020-10-15 17:58:00,围网
14618,31.73186111111111,123.87102777777777,4.2,256.0,2020-10-15 18:08:00,围网
14618,31.7325,123.86155555555555,3.1,256.0,2020-10-15 18:18:00,围网
14618,31.73269444444445,123.85125,3.4,255.0,2020-10-15 18:28:00,围网
14618,31.732805555555554,123.84091666666666,3.5,257.0,2020-10-15 18:37:59,围网
14618,31.73266666666667,123.83022222222222,3.2,283.0,2020-10-15 18:47:59,围网
14618,31.732416666666666,123.82052777777777,3.1,272.0,2020-10-15 18:57:59,围网
14618,31.73194444444445,123.81047222222222,3.1,280.0,2020-10-15 19:07:59,围网
14618,31.73155555555555,123.80047222222224,3.2,264.0,2020-10-15 19:18:02,围网
14618,31.732194444444445,123.79025,3.0,281.0,2020-10-15 19:28:02,围网
14618,31.732833333333332,123.78036111111112,4.3,313.0,2020-10-15 19:38:01,围网
14618,31.735138888888887,123.7705,3.1,292.0,2020-10-15 19:48:02,围网
14618,31.737972222222233,123.76091666666667,3.2,296.0,2020-10-15 19:58:01,围网
14618,31.739777777777785,123.75111111111113,3.1,284.0,2020-10-15 20:08:01,围网
14618,31.74069444444445,123.74094444444445,2.6,261.0,2020-10-15 20:18:01,围网
14618,31.74144444444445,123.73211111111112,3.9,288.0,2020-10-15 20:28:01,围网
14618,31.74222222222223,123.72288888888887,2.2,270.0,2020-10-15 20:38:01,围网
14618,31.74316666666667,123.71394444444445,3.1,286.0,2020-10-15 20:48:01,围网
14618,31.74433333333333,123.69683333333334,1.8,244.0,2020-10-15 21:08:01,围网
14618,31.74463888888889,123.6887777777778,2.4,263.0,2020-10-15 21:18:00,围网
14618,31.74588888888889,123.68063888888894,2.5,279.0,2020-10-15 21:28:01,围网
14618,31.747222222222234,123.67269444444445,2.1,274.0,2020-10-15 21:38:00,围网
14618,31.74752777777778,123.66533333333336,2.2,264.0,2020-10-15 21:48:00,围网
14618,31.747472222222232,123.6585277777778,2.4,266.0,2020-10-15 21:58:00,围网
14618,31.747555555555557,123.65188888888888,1.7,265.0,2020-10-15 22:08:00,围网
14618,31.74916666666667,123.6485,2.8,40.0,2020-10-15 22:18:00,围网
14618,31.752666666666666,123.64961111111113,1.1,328.0,2020-10-15 22:28:00,围网
14618,31.75494444444445,123.6485277777778,2.2,17.0,2020-10-15 22:38:00,围网
14618,31.757555555555548,123.64716666666668,1.9,251.0,2020-10-15 22:48:00,围网
14618,31.743944444444452,123.65497222222223,7.2,153.0,2020-10-15 22:58:00,围网
14618,31.74019444444445,123.65758333333332,3.2,333.0,2020-10-15 23:07:59,围网
14618,31.742638888888887,123.66697222222223,2.5,100.0,2020-10-15 23:17:59,围网
14618,31.74327777777778,123.67491666666668,2.5,77.0,2020-10-15 23:27:59,围网
14618,31.74372222222221,123.68305555555555,2.8,86.0,2020-10-15 23:37:59,围网
14618,31.74383333333333,123.69133333333332,3.0,73.0,2020-10-15 23:47:59,围网
14618,31.74383333333333,123.69977777777778,2.8,103.0,2020-10-15 23:58:02,围网
14618,31.74369444444445,123.70841666666668,2.9,73.0,2020-10-16 00:08:02,围网
14618,31.743361111111113,123.71719444444444,2.7,105.0,2020-10-16 00:18:02,围网
14618,31.742666666666665,123.72616666666669,3.3,113.0,2020-10-16 00:28:01,围网
14618,31.74175,123.73586111111106,2.8,90.0,2020-10-16 00:38:01,围网
14618,31.740972222222233,123.74466666666666,3.2,88.0,2020-10-16 00:48:01,围网
14618,31.740111111111112,123.75397222222223,3.0,98.0,2020-10-16 00:58:01,围网
14618,31.73927777777777,123.76333333333334,2.3,93.0,2020-10-16 01:08:01,围网
14618,31.73858333333333,123.77288888888887,2.6,82.0,2020-10-16 01:18:01,围网
14618,31.73769444444445,123.78238888888887,3.3,94.0,2020-10-16 01:28:01,围网
14618,31.73755555555556,123.79169444444445,2.6,69.0,2020-10-16 01:38:01,围网
14618,31.738277777777785,123.80069444444445,3.3,64.0,2020-10-16 01:48:01,围网
14618,31.73869444444445,123.8094722222222,2.9,91.0,2020-10-16 01:58:00,围网
14618,31.737222222222233,123.81861111111112,3.2,90.0,2020-10-16 02:08:00,围网
14618,31.73602777777778,123.82752777777776,2.7,84.0,2020-10-16 02:18:00,围网
14618,31.73494444444445,123.83616666666668,3.4,99.0,2020-10-16 02:28:00,围网
14618,31.73394444444445,123.84472222222222,3.4,93.0,2020-10-16 02:38:00,围网
14618,31.7335,123.85344444444445,2.3,36.0,2020-10-16 02:48:00,围网
14618,31.732777777777766,123.8610277777778,2.3,85.0,2020-10-16 02:58:00,围网
14618,31.731972222222232,123.86880555555555,2.3,95.0,2020-10-16 03:08:00,围网
14618,31.73116666666667,123.87638888888887,2.5,96.0,2020-10-16 03:18:00,围网
14618,31.73038888888889,123.88366666666668,1.9,76.0,2020-10-16 03:28:00,围网
14618,31.72969444444445,123.89066666666668,2.3,95.0,2020-10-16 03:38:00,围网
14618,31.72888888888889,123.8972777777778,1.3,101.0,2020-10-16 03:48:00,围网
14618,31.728277777777766,123.90355555555556,2.5,107.0,2020-10-16 03:57:59,围网
14618,31.72644444444445,123.90983333333334,2.0,99.0,2020-10-16 04:07:59,围网
14618,31.72419444444445,123.90958333333332,2.2,303.0,2020-10-16 04:17:59,围网
14618,31.718777777777767,123.90805555555555,1.9,0.0,2020-10-16 04:28:02,围网
14618,31.713777777777768,123.90547222222223,2.7,201.0,2020-10-16 04:38:02,围网
14618,31.71544444444445,123.90372222222223,5.7,251.0,2020-10-16 04:58:02,围网
14618,31.71619444444445,123.89330555555556,2.1,303.0,2020-10-16 05:08:01,围网
14618,31.717416666666665,123.88530555555555,3.1,284.0,2020-10-16 05:18:01,围网
14618,31.718777777777767,123.87722222222222,2.4,295.0,2020-10-16 05:28:01,围网
14618,31.720166666666664,123.86877777777778,2.2,301.0,2020-10-16 05:38:01,围网
14618,31.721777777777767,123.86022222222222,3.0,291.0,2020-10-16 05:48:01,围网
14618,31.72333333333333,123.85136111111107,3.1,284.0,2020-10-16 05:58:01,围网
14618,31.724916666666665,123.84230555555555,2.7,289.0,2020-10-16 06:08:01,围网
14618,31.72661111111111,123.83305555555555,2.8,278.0,2020-10-16 06:18:01,围网
14618,31.727666666666664,123.82344444444445,3.7,263.0,2020-10-16 06:28:01,围网
14618,31.7285,123.8137222222222,3.0,290.0,2020-10-16 06:38:01,围网
14618,31.72952777777777,123.80397222222223,3.2,275.0,2020-10-16 06:48:00,围网
14618,31.73094444444445,123.79425,3.1,273.0,2020-10-16 06:58:00,围网
14618,31.73266666666667,123.78380555555556,3.0,280.0,2020-10-16 07:08:00,围网
14618,31.73397222222221,123.77458333333333,3.1,261.0,2020-10-16 07:18:00,围网
14618,31.73566666666667,123.76472222222222,3.7,293.0,2020-10-16 07:28:00,围网
14618,31.73769444444445,123.75491666666667,3.5,259.0,2020-10-16 07:38:00,围网
14618,31.73911111111111,123.74508333333334,3.5,255.0,2020-10-16 07:48:00,围网
14618,31.74058333333333,123.73522222222222,3.1,267.0,2020-10-16 07:58:00,围网
14618,31.74213888888889,123.72541666666666,3.0,273.0,2020-10-16 08:08:00,围网
14618,31.744111111111113,123.70605555555555,2.9,277.0,2020-10-16 08:28:14,围网
14618,31.745166666666666,123.69658333333334,3.0,284.0,2020-10-16 08:38:14,围网
14618,31.746277777777767,123.68725,2.9,276.0,2020-10-16 08:48:14,围网
14618,31.747222222222234,123.67822222222223,3.3,285.0,2020-10-16 08:58:14,围网
14618,31.74825,123.66941666666666,2.4,275.0,2020-10-16 09:08:14,围网
14618,31.749194444444445,123.66033333333334,3.3,283.0,2020-10-16 09:17:59,围网
14618,31.75069444444444,123.64480555555555,2.4,277.0,2020-10-16 09:38:01,围网
14618,31.75133333333333,123.63733333333334,2.7,282.0,2020-10-16 09:48:01,围网
14618,31.752027777777766,123.63008333333332,2.2,275.0,2020-10-16 09:58:01,围网
14618,31.752527777777786,123.62325,1.8,278.0,2020-10-16 10:08:01,围网
14618,31.75569444444445,123.62308333333333,3.6,66.0,2020-10-16 10:18:01,围网
14618,31.760027777777786,123.62188888888888,1.0,351.0,2020-10-16 10:28:01,围网
14618,31.763666666666666,123.62113888888888,1.2,352.0,2020-10-16 10:38:01,围网
14618,31.76672222222221,123.61977777777778,2.4,150.0,2020-10-16 10:48:01,围网
14618,31.751555555555555,123.632,7.3,138.0,2020-10-16 10:58:01,围网
14618,31.74688888888889,123.63838888888893,3.8,309.0,2020-10-16 11:08:01,围网
14618,31.749222222222233,123.64775,2.7,76.0,2020-10-16 11:18:01,围网
14618,31.74983333333333,123.65586111111112,2.1,101.0,2020-10-16 11:28:00,围网
14618,31.749194444444445,123.66280555555555,2.2,121.0,2020-10-16 11:38:00,围网
14618,31.747472222222232,123.67813888888894,2.5,99.0,2020-10-16 11:58:00,围网
14618,31.746777777777766,123.68633333333334,2.8,98.0,2020-10-16 12:08:00,围网
14618,31.746055555555557,123.6947777777778,2.8,83.0,2020-10-16 12:18:00,围网
14618,31.74463888888889,123.70319444444445,3.1,99.0,2020-10-16 12:28:00,围网
14618,31.7435,123.71188888888894,3.2,95.0,2020-10-16 12:38:00,围网
14618,31.74286111111111,123.72091666666668,3.2,96.0,2020-10-16 12:48:00,围网
14618,31.742666666666665,123.73030555555556,3.3,95.0,2020-10-16 12:58:00,围网
14618,31.742555555555555,123.73969444444445,3.1,85.0,2020-10-16 13:07:59,围网
14618,31.741861111111113,123.74916666666668,3.5,99.0,2020-10-16 13:17:59,围网
14618,31.741555555555554,123.7585277777778,3.0,92.0,2020-10-16 13:27:59,围网
14618,31.73922222222221,123.7685277777778,2.5,112.0,2020-10-16 13:37:59,围网
14618,31.737,123.77725,2.5,96.0,2020-10-16 13:47:59,围网
14618,31.73494444444445,123.78675,2.9,90.0,2020-10-16 13:58:02,围网
14618,31.733277777777786,123.79638888888887,3.3,105.0,2020-10-16 14:08:02,围网
14618,31.731416666666664,123.80583333333333,3.2,88.0,2020-10-16 14:18:01,围网
14618,31.7295,123.81525,2.9,97.0,2020-10-16 14:28:01,围网
14618,31.727916666666665,123.8245,3.4,110.0,2020-10-16 14:38:01,围网
14618,31.726166666666664,123.83358333333332,3.1,98.0,2020-10-16 14:48:01,围网
14618,31.72513888888889,123.8405,0.7,0.0,2020-10-16 14:58:01,围网
14618,31.720666666666666,123.8412222222222,2.3,145.0,2020-10-16 15:08:01,围网
14618,31.714777777777766,123.84355555555555,2.7,150.0,2020-10-16 15:18:01,围网
14618,31.70875,123.84502777777777,1.3,156.0,2020-10-16 15:28:01,围网
14618,31.707361111111112,123.84236111111107,7.2,305.0,2020-10-16 15:38:01,围网
14618,31.71975,123.8234722222222,7.2,311.0,2020-10-16 15:48:01,围网
14618,31.7305,123.8057777777778,7.2,303.0,2020-10-16 15:58:01,围网
14618,31.74216666666667,123.78675,7.1,301.0,2020-10-16 16:08:00,围网
14618,31.7535,123.76772222222222,7.5,300.0,2020-10-16 16:18:00,围网
14618,31.765027777777767,123.74841666666669,7.9,294.0,2020-10-16 16:28:00,围网
14618,31.776722222222233,123.72922222222223,7.0,303.0,2020-10-16 16:38:00,围网
14618,31.78858333333333,123.70958333333333,7.5,308.0,2020-10-16 16:48:00,围网
14618,31.80072222222222,123.68925,7.8,311.0,2020-10-16 16:58:00,围网
14618,31.81205555555556,123.6672222222222,7.4,301.0,2020-10-16 17:08:00,围网
14618,31.82283333333333,123.64505555555556,3.4,281.0,2020-10-16 17:18:00,围网
14618,31.83222222222221,123.64047222222223,6.4,354.0,2020-10-16 17:28:00,围网
14618,31.869194444444453,123.62347222222219,2.4,311.0,2020-10-16 17:48:00,围网
14618,31.869277777777786,123.61427777777777,7.0,271.0,2020-10-16 17:58:00,围网
14618,31.869777777777767,123.60552777777777,2.8,269.0,2020-10-16 18:07:59,围网
14618,31.87011111111111,123.59669444444445,3.7,262.0,2020-10-16 18:17:59,围网
14618,31.87041666666667,123.58744444444444,2.8,266.0,2020-10-16 18:27:59,围网
14618,31.87072222222222,123.57794444444444,3.0,267.0,2020-10-16 18:38:02,围网
14618,31.87113888888889,123.56819444444444,2.7,269.0,2020-10-16 18:48:02,围网
14618,31.87130555555556,123.55819444444445,2.6,258.0,2020-10-16 18:58:02,围网
14618,31.87155555555556,123.54811111111113,3.1,275.0,2020-10-16 19:08:01,围网
14618,31.87161111111111,123.51744444444445,2.6,258.0,2020-10-16 19:38:01,围网
14618,31.87161111111111,123.5072777777778,2.6,270.0,2020-10-16 19:48:01,围网
14618,31.87172222222221,123.4970277777778,3.2,281.0,2020-10-16 19:58:01,围网
14618,31.871777777777766,123.4862222222222,3.0,266.0,2020-10-16 20:08:01,围网
14618,31.87188888888889,123.47677777777778,2.9,268.0,2020-10-16 20:18:01,围网
14618,31.872,123.46686111111113,3.3,279.0,2020-10-16 20:28:01,围网
14618,31.87216666666667,123.45705555555556,3.1,273.0,2020-10-16 20:38:01,围网
14618,31.87225,123.44744444444444,2.5,266.0,2020-10-16 20:48:01,围网
14618,31.87233333333333,123.43816666666667,2.8,265.0,2020-10-16 20:58:00,围网
14618,31.872527777777766,123.42908333333334,2.8,271.0,2020-10-16 21:08:00,围网
14618,31.87325,123.42011111111113,2.3,265.0,2020-10-16 21:18:00,围网
14618,31.87397222222221,123.41136111111106,2.9,275.0,2020-10-16 21:28:00,围网
14618,31.87466666666667,123.40291666666668,3.0,276.0,2020-10-16 21:38:00,围网
14618,31.87544444444445,123.39480555555555,2.4,277.0,2020-10-16 21:48:00,围网
14618,31.877944444444445,123.38644444444445,2.6,289.0,2020-10-16 21:58:00,围网
14618,31.88058333333333,123.37838888888888,2.6,289.0,2020-10-16 22:08:00,围网
14618,31.88375,123.37016666666666,2.3,294.0,2020-10-16 22:18:00,围网
14618,31.88725,123.36316666666666,2.3,292.0,2020-10-16 22:28:00,围网
14618,31.894055555555553,123.34911111111107,2.4,303.0,2020-10-16 22:48:00,围网
14618,31.89683333333333,123.35155555555555,1.6,14.0,2020-10-16 22:57:59,围网
14618,31.901666666666664,123.35077777777776,0.9,320.0,2020-10-16 23:07:59,围网
14618,31.90519444444445,123.35063888888888,1.1,13.0,2020-10-16 23:17:59,围网
14618,31.908638888888888,123.35083333333333,1.2,15.0,2020-10-16 23:28:02,围网
14618,31.912277777777767,123.35108333333332,1.1,4.0,2020-10-16 23:38:02,围网
14618,31.91563888888889,123.35180555555556,1.4,17.0,2020-10-16 23:48:02,围网
14618,31.91858333333333,123.35313888888888,2.0,58.0,2020-10-16 23:58:01,围网
14618,31.921277777777767,123.35502777777776,1.1,43.0,2020-10-17 00:08:01,围网
14618,31.92372222222221,123.3569722222222,0.4,0.0,2020-10-17 00:18:01,围网
14618,31.92588888888889,123.35966666666666,1.3,52.0,2020-10-17 00:28:01,围网
14618,31.92686111111113,123.3613611111111,2.0,177.0,2020-10-17 00:38:01,围网
14618,31.91997222222223,123.36197222222219,2.6,143.0,2020-10-17 00:48:01,围网
14618,31.91619444444445,123.37008333333333,3.2,101.0,2020-10-17 00:58:01,围网
14618,31.915027777777766,123.38008333333332,3.0,91.0,2020-10-17 01:08:01,围网
14618,31.91341666666667,123.38980555555555,3.2,108.0,2020-10-17 01:18:01,围网
14618,31.911166666666666,123.39941666666668,3.0,94.0,2020-10-17 01:28:01,围网
14618,31.908916666666666,123.40911111111113,3.2,90.0,2020-10-17 01:38:01,围网
14618,31.90691666666667,123.41936111111113,2.9,99.0,2020-10-17 01:48:00,围网
14618,31.902027777777768,123.43983333333334,4.1,107.0,2020-10-17 02:08:00,围网
14618,31.899555555555555,123.45011111111113,4.9,117.0,2020-10-17 02:18:00,围网
14618,31.89708333333333,123.46030555555555,4.3,114.0,2020-10-17 02:28:00,围网
14618,31.894305555555555,123.47133333333332,3.3,112.0,2020-10-17 02:38:00,围网
14618,31.892,123.48111111111113,3.1,100.0,2020-10-17 02:48:00,围网
14618,31.889555555555553,123.49133333333332,3.0,98.0,2020-10-17 02:58:00,围网
14618,31.88719444444445,123.50158333333331,2.8,98.0,2020-10-17 03:08:00,围网
14618,31.884777777777767,123.51163888888887,3.5,105.0,2020-10-17 03:18:00,围网
14618,31.88233333333333,123.5215,2.9,105.0,2020-10-17 03:28:00,围网
14618,31.88025,123.53113888888888,2.8,102.0,2020-10-17 03:37:59,围网
14618,31.87811111111111,123.54055555555556,2.8,107.0,2020-10-17 03:47:59,围网
14618,31.875916666666665,123.54963888888894,3.3,105.0,2020-10-17 03:57:59,围网
14618,31.87383333333333,123.55841666666667,2.6,98.0,2020-10-17 04:08:02,围网
14618,31.87183333333333,123.56683333333334,3.4,115.0,2020-10-17 04:18:02,围网
14618,31.870027777777786,123.57466666666666,3.5,117.0,2020-10-17 04:28:02,围网
14618,31.86816666666667,123.58219444444444,3.5,120.0,2020-10-17 04:38:01,围网
14618,31.86638888888889,123.58977777777778,2.0,107.0,2020-10-17 04:48:01,围网
14618,31.865055555555557,123.59594444444444,2.0,96.0,2020-10-17 04:58:01,围网
14618,31.863611111111112,123.6023611111111,2.0,108.0,2020-10-17 05:08:01,围网
14618,31.861694444444453,123.60858333333331,2.2,114.0,2020-10-17 05:18:01,围网
14618,31.858583333333332,123.61463888888888,2.5,130.0,2020-10-17 05:28:01,围网
14618,31.85008333333333,123.61691666666664,3.8,199.0,2020-10-17 05:38:01,围网
14618,31.841166666666666,123.61486111111107,3.6,198.0,2020-10-17 05:48:01,围网
14618,31.84058333333333,123.61397222222222,3.4,182.0,2020-10-17 05:58:01,围网
14618,31.83558333333333,123.61097222222222,1.8,193.0,2020-10-17 06:08:01,围网
14618,31.83075,123.6074722222222,2.2,214.0,2020-10-17 06:18:01,围网
14618,31.82605555555556,123.60311111111113,1.9,220.0,2020-10-17 06:28:01,围网
14618,31.823611111111113,123.59797222222224,5.4,48.0,2020-10-17 06:38:00,围网
14618,31.85461111111111,123.62052777777777,6.7,22.0,2020-10-17 06:58:00,围网
14618,31.86066666666667,123.61408333333333,7.4,301.0,2020-10-17 07:08:00,围网
14618,31.863250000000004,123.60461111111113,2.6,290.0,2020-10-17 07:18:00,围网
14618,31.86602777777778,123.59541666666664,3.3,285.0,2020-10-17 07:28:00,围网
14618,31.867305555555554,123.5852777777778,3.5,277.0,2020-10-17 07:38:00,围网
14618,31.868861111111112,123.5645,3.4,275.0,2020-10-17 07:58:00,围网
14618,31.869861111111113,123.55394444444444,3.0,273.0,2020-10-17 08:08:00,围网
14618,31.870666666666665,123.54358333333332,3.3,274.0,2020-10-17 08:17:59,围网
14618,31.871666666666666,123.53325,3.1,259.0,2020-10-17 08:27:59,围网
14618,31.872472222222232,123.5229722222222,3.1,282.0,2020-10-17 08:37:59,围网
14618,31.8735,123.51297222222222,3.6,270.0,2020-10-17 08:48:02,围网
14618,31.874388888888888,123.50288888888888,3.0,276.0,2020-10-17 08:58:02,围网
14618,31.87525,123.4925,3.1,282.0,2020-10-17 09:08:01,围网
14618,31.87605555555556,123.48355555555555,2.9,277.0,2020-10-17 09:18:01,围网
14618,31.87686111111111,123.47430555555556,2.4,278.0,2020-10-17 09:28:01,围网
14618,31.87763888888889,123.46538888888894,2.5,263.0,2020-10-17 09:38:01,围网
14618,31.87852777777778,123.45675,2.8,276.0,2020-10-17 09:48:01,围网
14618,31.879361111111113,123.44852777777778,2.6,283.0,2020-10-17 09:58:00,围网
14618,31.88025,123.44061111111112,2.3,275.0,2020-10-17 10:08:01,围网
14618,31.88211111111111,123.43263888888887,1.9,270.0,2020-10-17 10:18:01,围网
14618,31.88408333333333,123.42486111111113,2.3,286.0,2020-10-17 10:28:01,围网
14618,31.88555555555555,123.4175277777778,2.4,278.0,2020-10-17 10:38:01,围网
14618,31.886972222222226,123.41052777777777,2.9,294.0,2020-10-17 10:48:01,围网
14618,31.889805555555554,123.40341666666669,2.0,300.0,2020-10-17 10:58:01,围网
14618,31.892666666666663,123.39663888888887,2.8,304.0,2020-10-17 11:08:01,围网
14618,31.895888888888887,123.38977777777781,2.3,299.0,2020-10-17 11:18:00,围网
14618,31.899611111111113,123.384,2.3,315.0,2020-10-17 11:28:00,围网
14618,31.903388888888887,123.37808333333332,2.4,301.0,2020-10-17 11:38:00,围网
14618,31.90683333333333,123.3725,2.1,314.0,2020-10-17 11:48:00,围网
14618,31.91072222222222,123.37966666666664,3.9,68.0,2020-10-17 11:58:00,围网
14618,31.91311111111111,123.38213888888887,1.0,0.0,2020-10-17 12:08:00,围网
14618,31.916638888888887,123.38416666666667,1.0,0.0,2020-10-17 12:18:00,围网
14618,31.92102777777778,123.37436111111107,6.8,279.0,2020-10-17 12:28:00,围网
14618,31.924611111111112,123.35177777777777,6.7,272.0,2020-10-17 12:38:00,围网
14618,31.927972222222234,123.342,5.1,42.0,2020-10-17 12:47:59,围网
14618,31.9285,123.3547222222222,2.7,94.0,2020-10-17 12:57:59,围网
14618,31.927277777777785,123.37288888888888,3.0,96.0,2020-10-17 13:18:02,围网
14618,31.92619444444445,123.38266666666668,3.1,98.0,2020-10-17 13:27:59,围网
14618,31.924916666666668,123.39136111111112,2.9,112.0,2020-10-17 13:38:01,围网
14618,31.923805555555557,123.40100000000001,3.3,89.0,2020-10-17 13:48:01,围网
14618,31.922722222222234,123.41069444444445,3.3,86.0,2020-10-17 13:58:01,围网
14618,31.92144444444445,123.42038888888894,3.2,86.0,2020-10-17 14:08:01,围网
14618,31.92052777777778,123.43030555555555,3.2,92.0,2020-10-17 14:18:01,围网
14618,31.919777777777767,123.44038888888888,3.4,97.0,2020-10-17 14:28:01,围网
14618,31.91875,123.45041666666668,3.2,91.0,2020-10-17 14:38:01,围网
14618,31.91786111111111,123.46058333333332,3.5,85.0,2020-10-17 14:48:01,围网
14618,31.9165,123.47069444444445,3.2,97.0,2020-10-17 14:58:01,围网
14618,31.91566666666667,123.48080555555555,3.6,107.0,2020-10-17 15:08:01,围网
14618,31.914638888888888,123.49094444444445,6.1,122.0,2020-10-17 15:18:01,围网
14618,31.914,123.50108333333333,3.1,94.0,2020-10-17 15:28:00,围网
14618,31.913055555555548,123.51091666666667,2.9,102.0,2020-10-17 15:38:00,围网
14618,31.91216666666667,123.51972222222223,3.1,94.0,2020-10-17 15:48:00,围网
14618,31.91147222222222,123.5287222222222,2.7,92.0,2020-10-17 15:58:00,围网
14618,31.91058333333333,123.53744444444445,2.7,90.0,2020-10-17 16:08:00,围网
14618,31.909555555555553,123.54586111111112,2.7,95.0,2020-10-17 16:18:00,围网
14618,31.908361111111113,123.55405555555555,2.2,98.0,2020-10-17 16:28:00,围网
14618,31.90708333333333,123.56191666666666,2.5,92.0,2020-10-17 16:38:00,围网
14618,31.905666666666665,123.56947222222222,2.6,95.0,2020-10-17 16:48:00,围网
14618,31.883416666666665,123.59511111111112,3.0,192.0,2020-10-17 17:58:02,围网
14618,31.877027777777766,123.59358333333331,3.2,200.0,2020-10-17 18:08:02,围网
14618,31.87880555555556,123.59761111111106,5.9,45.0,2020-10-17 18:18:02,围网
14618,31.88808333333333,123.61486111111107,6.4,72.0,2020-10-17 18:28:01,围网
14618,31.89269444444445,123.62280555555556,1.6,244.0,2020-10-17 18:38:01,围网
14618,31.88875,123.61863888888887,2.1,219.0,2020-10-17 18:48:01,围网
14618,31.88475,123.61419444444445,2.2,229.0,2020-10-17 18:58:01,围网
14618,31.881166666666665,123.60969444444444,2.1,227.0,2020-10-17 19:08:01,围网
14618,31.87777777777778,123.60461111111113,2.1,229.0,2020-10-17 19:18:01,围网
14618,31.877111111111113,123.59363888888888,3.1,279.0,2020-10-17 19:28:01,围网
14618,31.87886111111111,123.58444444444444,2.5,296.0,2020-10-17 19:38:01,围网
14618,31.88122222222221,123.57536111111106,2.6,286.0,2020-10-17 19:48:01,围网
14618,31.883138888888887,123.56527777777778,3.1,272.0,2020-10-17 19:58:01,围网
14618,31.884527777777766,123.55616666666668,3.1,289.0,2020-10-17 20:08:00,围网
14618,31.886111111111113,123.54647222222222,3.5,284.0,2020-10-17 20:18:00,围网
14618,31.887638888888887,123.53666666666666,4.0,287.0,2020-10-17 20:28:00,围网
14618,31.889166666666664,123.52680555555555,3.1,272.0,2020-10-17 20:38:00,围网
14618,31.890888888888888,123.51700000000001,3.2,282.0,2020-10-17 20:48:00,围网
14618,31.89263888888889,123.50716666666666,3.3,272.0,2020-10-17 20:58:00,围网
14618,31.89613888888889,123.48772222222222,2.7,274.0,2020-10-17 21:18:00,围网
14618,31.89777777777777,123.47825,3.1,255.0,2020-10-17 21:28:00,围网
14618,31.899444444444452,123.46888888888887,2.9,270.0,2020-10-17 21:38:00,围网
14618,31.90108333333333,123.4597777777778,2.9,270.0,2020-10-17 21:48:00,围网
14618,31.90261111111111,123.45088888888893,3.1,273.0,2020-10-17 21:58:00,围网
14618,31.905277777777766,123.44163888888887,3.1,302.0,2020-10-17 22:07:59,围网
14618,31.90819444444444,123.43358333333332,3.0,289.0,2020-10-17 22:17:59,围网
14618,31.91094444444445,123.42527777777778,2.5,291.0,2020-10-17 22:27:59,围网
14618,31.913638888888887,123.41730555555556,2.5,290.0,2020-10-17 22:38:02,围网
14618,31.916138888888888,123.40963888888888,2.7,291.0,2020-10-17 22:48:02,围网
14618,31.918888888888887,123.40230555555556,2.6,304.0,2020-10-17 22:58:02,围网
14618,31.922555555555554,123.39522222222223,2.7,302.0,2020-10-17 23:08:02,围网
14618,31.92597222222221,123.38841666666669,1.7,290.0,2020-10-17 23:18:01,围网
14618,31.92811111111111,123.38191666666664,2.0,289.0,2020-10-17 23:28:01,围网
14618,31.93044444444445,123.37583333333332,2.0,282.0,2020-10-17 23:38:01,围网
14618,31.933194444444453,123.37936111111112,3.5,355.0,2020-10-17 23:48:01,围网
14618,31.93758333333333,123.38180555555556,1.3,17.0,2020-10-17 23:58:01,围网
14618,31.94108333333333,123.38283333333334,1.5,29.0,2020-10-18 00:08:01,围网
14618,31.94305555555556,123.37763888888887,7.2,256.0,2020-10-18 00:18:01,围网
14618,31.93733333333333,123.35661111111106,7.0,250.0,2020-10-18 00:28:01,围网
14618,31.93986111111111,123.3535,2.4,126.0,2020-10-18 00:38:01,围网
14618,31.936777777777767,123.36252777777777,2.2,86.0,2020-10-18 00:48:01,围网
14618,31.935666666666666,123.36991666666668,2.3,107.0,2020-10-18 00:58:00,围网
14618,31.93433333333333,123.37755555555556,2.3,102.0,2020-10-18 01:08:00,围网
14618,31.93305555555556,123.38558333333332,2.4,121.0,2020-10-18 01:18:00,围网
14618,31.931527777777767,123.39380555555556,2.3,111.0,2020-10-18 01:28:00,围网
14618,31.92975,123.40208333333334,2.8,100.0,2020-10-18 01:38:00,围网
14618,31.927972222222234,123.41058333333334,2.8,111.0,2020-10-18 01:48:00,围网
14618,31.92619444444445,123.41933333333334,3.0,108.0,2020-10-18 01:58:00,围网
14618,31.924277777777768,123.42816666666668,2.8,103.0,2020-10-18 02:08:00,围网
14618,31.922888888888888,123.43752777777777,3.1,102.0,2020-10-18 02:18:00,围网
14618,31.921277777777767,123.44755555555555,2.9,92.0,2020-10-18 02:28:00,围网
14618,31.920500000000004,123.45658333333334,3.0,95.0,2020-10-18 02:37:59,围网
14618,31.919583333333332,123.46636111111113,3.1,103.0,2020-10-18 02:47:59,围网
14618,31.918527777777786,123.47605555555555,3.1,102.0,2020-10-18 02:57:59,围网
14618,31.91772222222223,123.48583333333332,2.8,93.0,2020-10-18 03:07:59,围网
14618,31.913527777777766,123.49480555555556,3.4,149.0,2020-10-18 03:18:02,围网
14618,31.90708333333333,123.50188888888887,3.5,129.0,2020-10-18 03:28:01,围网
14618,31.901888888888887,123.51047222222222,3.4,120.0,2020-10-18 03:38:01,围网
14618,31.89719444444445,123.51899999999999,3.1,121.0,2020-10-18 03:48:02,围网
14618,31.892,123.52677777777778,3.6,137.0,2020-10-18 03:58:01,围网
14618,31.886194444444442,123.5347222222222,3.5,133.0,2020-10-18 04:08:01,围网
14618,31.88091666666667,123.54316666666666,3.4,125.0,2020-10-18 04:18:01,围网
14618,31.876305555555557,123.55175,3.4,114.0,2020-10-18 04:28:01,围网
14618,31.87163888888889,123.56055555555555,2.8,121.0,2020-10-18 04:38:01,围网
14618,31.867722222222234,123.56811111111112,2.9,113.0,2020-10-18 04:48:01,围网
14618,31.86486111111111,123.57597222222222,2.6,106.0,2020-10-18 04:58:01,围网
14618,31.86188888888889,123.58327777777777,2.2,115.0,2020-10-18 05:08:01,围网
14618,31.855722222222226,123.58963888888887,2.9,142.0,2020-10-18 05:18:01,围网
14618,31.847055555555553,123.59238888888888,3.2,169.0,2020-10-18 05:28:01,围网
14618,31.83811111111111,123.5919722222222,2.8,184.0,2020-10-18 05:38:00,围网
14618,31.82933333333333,123.59125,3.1,195.0,2020-10-18 05:48:00,围网
14618,31.82741666666667,123.5912222222222,1.4,163.0,2020-10-18 05:58:00,围网
14618,31.82155555555555,123.58966666666666,2.6,181.0,2020-10-18 06:08:00,围网
14618,31.81511111111111,123.58719444444445,2.3,202.0,2020-10-18 06:18:00,围网
14618,31.80880555555556,123.58408333333333,2.5,194.0,2020-10-18 06:28:00,围网
14618,31.81088888888889,123.57819444444445,2.4,171.0,2020-10-18 06:38:00,围网
14618,31.80533333333333,123.57566666666666,5.4,332.0,2020-10-18 06:48:00,围网
14618,31.82194444444445,123.56225,8.0,312.0,2020-10-18 06:58:00,围网
14618,31.837972222222234,123.54683333333334,7.5,318.0,2020-10-18 07:08:00,围网
14618,31.85436111111111,123.531,7.8,324.0,2020-10-18 07:18:00,围网
14618,31.87,123.52183333333332,2.7,259.0,2020-10-18 07:27:59,围网
14618,31.87236111111111,123.5119722222222,2.6,270.0,2020-10-18 07:37:59,围网
14618,31.87611111111111,123.50552777777777,2.9,289.0,2020-10-18 07:47:59,围网
14618,31.879722222222235,123.49863888888888,2.9,296.0,2020-10-18 07:58:02,围网
14618,31.88347222222221,123.49119444444445,2.9,299.0,2020-10-18 08:08:02,围网
14618,31.887472222222208,123.48358333333331,3.4,291.0,2020-10-18 08:18:01,围网
14618,31.89155555555555,123.47580555555555,2.6,307.0,2020-10-18 08:28:01,围网
14618,31.89494444444445,123.46691666666666,3.2,289.0,2020-10-18 08:38:01,围网
14618,31.89775,123.45725,3.1,292.0,2020-10-18 08:48:01,围网
14618,31.901166666666665,123.44697222222223,3.1,285.0,2020-10-18 08:58:01,围网
14618,31.904,123.43763888888887,3.3,288.0,2020-10-18 09:08:01,围网
14618,31.90669444444445,123.42755555555556,3.3,285.0,2020-10-18 09:18:01,围网
14618,31.909111111111113,123.41725,3.3,288.0,2020-10-18 09:28:01,围网
14618,31.911666666666665,123.40722222222223,3.1,285.0,2020-10-18 09:38:01,围网
14618,31.914222222222207,123.39713888888893,3.1,284.0,2020-10-18 09:48:01,围网
14618,31.91666666666667,123.38719444444445,3.3,280.0,2020-10-18 09:58:01,围网
14618,31.91911111111111,123.37733333333333,3.0,285.0,2020-10-18 10:08:00,围网
14618,31.92144444444445,123.36786111111113,3.1,287.0,2020-10-18 10:18:00,围网
14618,31.92377777777777,123.35863888888888,3.1,284.0,2020-10-18 10:28:00,围网
14618,31.925916666666666,123.34980555555555,2.5,293.0,2020-10-18 10:38:00,围网
14618,31.928305555555557,123.3412777777778,3.4,296.0,2020-10-18 10:48:00,围网
14618,31.93194444444445,123.33302777777777,3.1,305.0,2020-10-18 10:58:00,围网
14618,31.93922222222222,123.3265,3.7,340.0,2020-10-18 11:08:00,围网
14618,31.947388888888888,123.32566666666666,3.1,14.0,2020-10-18 11:18:00,围网
14618,31.955527777777768,123.32575,2.9,352.0,2020-10-18 11:28:00,围网
14618,31.963638888888887,123.32483333333332,3.1,341.0,2020-10-18 11:38:00,围网
14618,31.971527777777766,123.3235,2.9,358.0,2020-10-18 11:48:00,围网
14618,31.97933333333333,123.32325,3.3,0.0,2020-10-18 11:58:00,围网
14618,31.978388888888887,123.32402777777777,0.3,0.0,2020-10-18 12:07:59,围网
14618,31.98158333333333,123.32663888888888,0.5,2.0,2020-10-18 12:17:59,围网
14618,31.98783333333333,123.32766666666667,0.6,0.0,2020-10-18 12:38:02,围网
14618,31.97444444444445,123.32519444444445,8.1,182.0,2020-10-18 12:48:02,围网
14618,31.953888888888887,123.32463888888887,7.8,180.0,2020-10-18 12:58:02,围网
14618,31.93305555555556,123.32380555555555,7.7,189.0,2020-10-18 13:08:01,围网
14618,31.91836111111111,123.32536111111106,1.7,11.0,2020-10-18 13:18:01,围网
14618,31.924277777777768,123.32422222222222,4.4,5.0,2020-10-18 13:28:01,围网
14618,31.93111111111111,123.32355555555556,2.1,344.0,2020-10-18 13:38:01,围网
14618,31.937361111111112,123.32316666666668,2.8,7.0,2020-10-18 13:48:01,围网
14618,31.944055555555554,123.3264722222222,3.2,31.0,2020-10-18 13:58:01,围网
14618,31.948888888888888,123.33391666666664,3.0,50.0,2020-10-18 14:08:01,围网
14618,31.950027777777766,123.34313888888887,2.7,87.0,2020-10-18 14:18:01,围网
14618,31.94969444444445,123.35247222222219,3.5,107.0,2020-10-18 14:28:01,围网
14618,31.949277777777766,123.3615,2.8,101.0,2020-10-18 14:38:00,围网
14618,31.94819444444445,123.37055555555555,2.7,93.0,2020-10-18 14:48:00,围网
14618,31.94669444444445,123.37986111111107,3.1,95.0,2020-10-18 14:58:00,围网
14618,31.94466666666667,123.38894444444445,3.1,108.0,2020-10-18 15:08:00,围网
14618,31.941722222222207,123.39766666666668,3.6,102.0,2020-10-18 15:18:00,围网
14618,31.939166666666665,123.40730555555555,3.1,104.0,2020-10-18 15:28:00,围网
14618,31.93694444444445,123.41591666666667,2.7,96.0,2020-10-18 15:38:00,围网
14618,31.934027777777768,123.42491666666668,3.4,120.0,2020-10-18 15:48:00,围网
14618,31.930194444444453,123.43358333333332,2.8,111.0,2020-10-18 15:58:00,围网
14618,31.92663888888889,123.44244444444445,3.0,116.0,2020-10-18 16:08:00,围网
14618,31.923055555555557,123.45133333333334,2.8,111.0,2020-10-18 16:18:00,围网
14618,31.920305555555558,123.46052777777777,3.0,102.0,2020-10-18 16:27:59,围网
14618,31.91833333333333,123.46955555555556,2.1,104.0,2020-10-18 16:37:59,围网
14618,31.915777777777766,123.4784722222222,2.9,102.0,2020-10-18 16:47:59,围网
14618,31.913305555555556,123.48752777777777,2.7,105.0,2020-10-18 16:57:59,围网
14618,31.91225,123.49600000000001,2.2,109.0,2020-10-18 17:08:02,围网
14618,31.91072222222222,123.50419444444445,2.5,102.0,2020-10-18 17:18:02,围网
14618,31.90947222222222,123.51172222222223,2.3,103.0,2020-10-18 17:28:01,围网
14618,31.90822222222221,123.51925,2.0,102.0,2020-10-18 17:38:02,围网
14618,31.90675,123.52563888888888,2.5,114.0,2020-10-18 17:48:01,围网
14618,31.904611111111112,123.53233333333333,2.1,106.0,2020-10-18 17:58:01,围网
14618,31.90225,123.53869444444445,2.1,110.0,2020-10-18 18:08:01,围网
14618,31.89911111111111,123.54486111111108,1.9,119.0,2020-10-18 18:18:01,围网
14618,31.896166666666666,123.55075,2.1,127.0,2020-10-18 18:28:01,围网
14618,31.89419444444445,123.54797222222223,3.4,176.0,2020-10-18 18:38:01,围网
14618,31.88869444444445,123.5465,1.6,202.0,2020-10-18 18:48:01,围网
14618,31.883388888888888,123.54427777777778,2.3,201.0,2020-10-18 18:58:01,围网
14618,31.87822222222222,123.54094444444445,3.0,255.0,2020-10-18 19:08:00,围网
14618,31.87838888888889,123.53222222222222,2.8,315.0,2020-10-18 19:18:01,围网
14618,31.881,123.52683333333334,1.7,297.0,2020-10-18 19:28:00,围网
14618,31.88383333333333,123.52147222222223,2.3,306.0,2020-10-18 19:38:00,围网
14618,31.88644444444445,123.51477777777778,2.7,285.0,2020-10-18 19:48:00,围网
14618,31.88858333333333,123.50794444444445,2.6,287.0,2020-10-18 19:58:00,围网
14618,31.89113888888889,123.50036111111113,2.5,287.0,2020-10-18 20:08:00,围网
14618,31.89380555555556,123.49244444444444,3.0,286.0,2020-10-18 20:18:00,围网
14618,31.8955,123.48341666666668,3.1,268.0,2020-10-18 20:28:00,围网
14618,31.89702777777777,123.47411111111113,3.2,281.0,2020-10-18 20:38:00,围网
14618,31.89858333333333,123.4645277777778,3.5,270.0,2020-10-18 20:48:00,围网
14618,31.90013888888889,123.45486111111113,3.2,277.0,2020-10-18 20:58:00,围网
14618,31.90186111111111,123.44516666666668,3.0,275.0,2020-10-18 21:08:00,围网
14618,31.903527777777786,123.43541666666668,3.3,273.0,2020-10-18 21:17:59,围网
14618,31.90519444444445,123.42561111111112,3.1,279.0,2020-10-18 21:27:59,围网
14618,31.90688888888889,123.41583333333334,3.1,269.0,2020-10-18 21:37:59,围网
14618,31.90861111111111,123.40625,3.1,282.0,2020-10-18 21:47:59,围网
14618,31.91044444444444,123.39594444444445,3.1,283.0,2020-10-18 21:58:02,围网
14618,31.9135,123.37766666666668,3.0,279.0,2020-10-18 22:18:02,围网
14618,31.915138888888887,123.36866666666668,3.0,286.0,2020-10-18 22:28:01,围网
14618,31.916777777777767,123.35988888888888,2.6,286.0,2020-10-18 22:38:01,围网
14618,31.920666666666666,123.35138888888888,3.0,301.0,2020-10-18 22:48:01,围网
14618,31.92513888888889,123.34333333333332,2.8,303.0,2020-10-18 22:58:01,围网
14618,31.9305,123.33619444444444,2.9,323.0,2020-10-18 23:08:01,围网
14618,31.93922222222222,123.33525,2.9,3.0,2020-10-18 23:18:01,围网
14618,31.947055555555554,123.33430555555556,2.8,332.0,2020-10-18 23:28:01,围网
14618,31.954166666666666,123.32930555555555,2.6,326.0,2020-10-18 23:38:01,围网
14618,31.96097222222221,123.32483333333332,2.5,331.0,2020-10-18 23:48:01,围网
14618,31.96838888888889,123.32338888888887,2.5,14.0,2020-10-18 23:58:01,围网
14618,31.97619444444444,123.32394444444445,2.7,355.0,2020-10-19 00:08:01,围网
14618,31.98308333333333,123.32416666666666,3.1,348.0,2020-10-19 00:18:00,围网
14618,31.990361111111113,123.32444444444445,2.6,9.0,2020-10-19 00:28:00,围网
14618,31.99286111111111,123.32575,2.4,177.0,2020-10-19 00:38:00,围网
14618,31.994805555555555,123.32808333333332,1.4,8.0,2020-10-19 00:48:00,围网
14618,31.99708333333333,123.32936111111113,1.1,2.0,2020-10-19 00:58:00,围网
14618,31.99897222222221,123.33061111111112,0.4,0.0,2020-10-19 01:08:00,围网
14618,32.00069444444445,123.33172222222224,1.1,14.0,2020-10-19 01:18:00,围网
14618,31.984055555555553,123.33002777777777,7.8,172.0,2020-10-19 01:28:00,围网
14618,31.961972222222233,123.32961111111106,7.9,179.0,2020-10-19 01:38:00,围网
14618,31.939611111111113,123.32916666666668,8.2,173.0,2020-10-19 01:47:59,围网
14618,31.918722222222208,123.3262222222222,8.7,166.0,2020-10-19 01:57:59,围网
14618,31.898111111111113,123.33058333333332,4.1,99.0,2020-10-19 02:07:59,围网
14618,31.90475,123.33191666666666,1.8,349.0,2020-10-19 02:17:59,围网
14618,31.909861111111113,123.33211111111113,2.0,10.0,2020-10-19 02:27:59,围网
14618,31.915,123.3322222222222,1.7,25.0,2020-10-19 02:38:02,围网
14618,31.920388888888887,123.33497222222219,2.5,23.0,2020-10-19 02:48:02,围网
14618,31.92508333333333,123.34063888888888,2.6,52.0,2020-10-19 02:58:01,围网
14618,31.931305555555557,123.3562222222222,2.7,72.0,2020-10-19 03:18:01,围网
14618,31.93336111111111,123.3647222222222,3.0,85.0,2020-10-19 03:28:01,围网
14618,31.932361111111113,123.37441666666665,2.7,100.0,2020-10-19 03:38:01,围网
14618,31.931583333333336,123.38402777777776,3.1,96.0,2020-10-19 03:48:01,围网
14618,31.93080555555556,123.3935277777778,2.9,97.0,2020-10-19 03:58:01,围网
14618,31.92827777777779,123.42213888888894,2.7,89.0,2020-10-19 04:28:01,围网
14618,31.92752777777779,123.43055555555556,2.7,91.0,2020-10-19 04:38:01,围网
14618,31.92683333333333,123.4392777777778,2.7,94.0,2020-10-19 04:48:00,围网
14618,31.925666666666668,123.44794444444445,2.5,97.0,2020-10-19 04:58:00,围网
14618,31.924222222222234,123.45633333333332,2.9,107.0,2020-10-19 05:08:00,围网
14618,31.92136111111111,123.46466666666667,2.6,109.0,2020-10-19 05:18:00,围网
14618,31.91875,123.47288888888887,2.4,105.0,2020-10-19 05:28:00,围网
14618,31.916166666666665,123.48080555555555,2.7,94.0,2020-10-19 05:38:00,围网
14618,31.91372222222222,123.48833333333332,2.1,112.0,2020-10-19 05:48:00,围网
14618,31.911388888888887,123.49552777777777,2.3,104.0,2020-10-19 05:58:00,围网
14618,31.90888888888889,123.5024722222222,2.4,114.0,2020-10-19 06:08:00,围网
14618,31.90544444444444,123.50905555555555,2.3,118.0,2020-10-19 06:18:00,围网
14618,31.90213888888889,123.51530555555556,2.1,119.0,2020-10-19 06:28:00,围网
14618,31.89772222222223,123.52141666666668,2.6,138.0,2020-10-19 06:38:00,围网
14618,31.89375,123.5264722222222,2.3,128.0,2020-10-19 06:47:59,围网
14618,31.88872222222221,123.53130555555555,2.6,142.0,2020-10-19 06:57:59,围网
14618,31.883250000000004,123.53563888888887,2.1,168.0,2020-10-19 07:07:59,围网
14618,31.88091666666667,123.53355555555555,1.4,259.0,2020-10-19 07:18:02,围网
14618,31.87511111111111,123.53,2.3,219.0,2020-10-19 07:28:02,围网
14618,31.86944444444445,123.52566666666668,2.3,215.0,2020-10-19 07:38:01,围网
14618,31.8665,123.52033333333334,6.3,333.0,2020-10-19 07:48:01,围网
14618,31.881888888888888,123.50630555555556,7.1,317.0,2020-10-19 07:58:01,围网
14618,31.88441666666667,123.49672222222223,6.1,273.0,2020-10-19 08:08:01,围网
14618,31.88558333333333,123.48541666666668,2.9,279.0,2020-10-19 08:18:01,围网
14618,31.88711111111111,123.47663888888887,2.7,286.0,2020-10-19 08:28:01,围网
14618,31.88875,123.4675,3.0,276.0,2020-10-19 08:38:01,围网
14618,31.89058333333333,123.45758333333332,3.2,283.0,2020-10-19 08:48:00,围网
14618,31.892277777777768,123.44861111111112,2.9,289.0,2020-10-19 08:58:00,围网
14618,31.893472222222233,123.43852777777781,3.4,267.0,2020-10-19 09:08:01,围网
14618,31.894527777777785,123.42822222222223,3.3,278.0,2020-10-19 09:18:01,围网
14618,31.89552777777779,123.41794444444444,3.3,276.0,2020-10-19 09:28:01,围网
14618,31.8965,123.40763888888887,3.3,275.0,2020-10-19 09:38:00,围网
14618,31.897388888888887,123.39725,3.3,271.0,2020-10-19 09:48:00,围网
14618,31.898944444444442,123.38688888888888,3.2,280.0,2020-10-19 09:58:00,围网
14618,31.90061111111111,123.37666666666668,2.8,278.0,2020-10-19 10:08:00,围网
14618,31.90238888888889,123.36652777777776,2.9,274.0,2020-10-19 10:18:00,围网
14618,31.904277777777768,123.35658333333332,3.0,281.0,2020-10-19 10:28:00,围网
14618,31.9065,123.34683333333334,3.5,303.0,2020-10-19 10:38:00,围网
14618,31.91063888888889,123.33775,3.9,318.0,2020-10-19 10:48:00,围网
14618,31.91891666666667,123.33119444444445,3.7,355.0,2020-10-19 10:58:00,围网
14618,31.926333333333336,123.33058333333332,2.4,357.0,2020-10-19 11:08:00,围网
14618,31.93347222222221,123.32983333333333,2.4,349.0,2020-10-19 11:18:00,围网
14618,31.94088888888889,123.32838888888894,3.5,335.0,2020-10-19 11:27:59,围网
14618,31.94844444444445,123.32675,2.4,348.0,2020-10-19 11:37:59,围网
14618,31.955805555555557,123.3262777777778,2.8,1.0,2020-10-19 11:47:59,围网
14618,31.97088888888889,123.32566666666666,3.0,345.0,2020-10-19 12:08:02,围网
14618,31.97808333333333,123.32472222222222,3.0,353.0,2020-10-19 12:18:01,围网
14618,31.985555555555557,123.32413888888887,3.3,352.0,2020-10-19 12:28:01,围网
14618,31.992916666666666,123.32258333333333,3.4,343.0,2020-10-19 12:38:01,围网
14618,32.000305555555556,123.32122222222222,3.7,350.0,2020-10-19 12:48:01,围网
14618,32.00769444444445,123.32,3.0,345.0,2020-10-19 12:58:01,围网
14618,32.0155,123.31883333333332,2.4,354.0,2020-10-19 13:08:01,围网
14618,32.022305555555555,123.3177777777778,2.4,346.0,2020-10-19 13:18:01,围网
14618,32.02938888888889,123.31669444444445,2.7,329.0,2020-10-19 13:28:01,围网
14618,32.02963888888889,123.31886111111106,0.8,28.0,2020-10-19 13:38:01,围网
14618,32.032472222222225,123.32280555555555,1.6,15.0,2020-10-19 13:48:01,围网
14618,32.03491666666667,123.32394444444445,2.0,21.0,2020-10-19 13:58:01,围网
14618,32.037305555555555,123.32511111111113,0.6,14.0,2020-10-19 14:08:00,围网
14618,32.03938888888889,123.3125,8.1,268.0,2020-10-19 14:18:00,围网
14618,32.039527777777785,123.28697222222222,7.5,271.0,2020-10-19 14:28:00,围网
14618,32.03669444444444,123.27811111111113,6.2,159.0,2020-10-19 14:38:00,围网
14618,32.03213888888889,123.28275,3.2,106.0,2020-10-19 14:48:00,围网
14618,32.029694444444445,123.28961111111113,3.0,117.0,2020-10-19 14:58:00,围网
14618,32.027,123.29616666666666,2.5,117.0,2020-10-19 15:08:00,围网
14618,32.023472222222225,123.30288888888887,2.6,114.0,2020-10-19 15:18:00,围网
14618,32.02008333333333,123.30872222222222,2.5,114.0,2020-10-19 15:28:00,围网
14618,32.01633333333333,123.31511111111112,3.0,109.0,2020-10-19 15:38:00,围网
14618,32.01208333333334,123.32105555555556,2.8,129.0,2020-10-19 15:47:59,围网
14618,32.00708333333333,123.32608333333332,2.7,152.0,2020-10-19 15:57:59,围网
14618,32.001194444444444,123.32727777777778,2.1,165.0,2020-10-19 16:07:59,围网
14618,31.995638888888887,123.32841666666668,1.5,193.0,2020-10-19 16:17:59,围网
14618,31.98997222222223,123.32986111111107,2.1,161.0,2020-10-19 16:27:59,围网
14618,31.98419444444445,123.33133333333332,2.4,161.0,2020-10-19 16:38:02,围网
14618,31.978277777777766,123.3327777777778,2.3,163.0,2020-10-19 16:48:01,围网
14618,31.97225,123.33411111111107,2.3,166.0,2020-10-19 16:58:01,围网
14618,31.966166666666666,123.33541666666666,1.9,171.0,2020-10-19 17:08:01,围网
14618,31.959861111111113,123.33725,2.3,172.0,2020-10-19 17:18:01,围网
14618,31.953194444444442,123.34102777777777,2.5,150.0,2020-10-19 17:28:01,围网
14618,31.947777777777766,123.34561111111113,3.4,149.0,2020-10-19 17:38:01,围网
14618,31.94211111111111,123.35116666666669,2.7,131.0,2020-10-19 17:48:01,围网
14618,31.93636111111111,123.35663888888888,2.7,137.0,2020-10-19 17:58:01,围网
14618,31.930888888888887,123.36286111111107,4.0,118.0,2020-10-19 18:08:01,围网
14618,31.92619444444445,123.37052777777777,3.4,146.0,2020-10-19 18:18:01,围网
14618,31.920333333333332,123.37561111111113,2.7,115.0,2020-10-19 18:28:01,围网
14618,31.914388888888887,123.38041666666666,2.8,135.0,2020-10-19 18:38:01,围网
14618,31.90819444444444,123.38466666666667,2.5,143.0,2020-10-19 18:48:01,围网
14618,31.90169444444444,123.38811111111113,3.0,129.0,2020-10-19 18:58:00,围网
14618,31.895138888888887,123.39091666666668,3.0,158.0,2020-10-19 19:08:00,围网
14618,31.888222222222232,123.39211111111112,2.6,178.0,2020-10-19 19:18:00,围网
14618,31.88119444444445,123.39258333333336,2.4,153.0,2020-10-19 19:28:00,围网
14618,31.87666666666667,123.39205555555556,1.0,347.0,2020-10-19 19:38:00,围网
14618,31.875,123.38991666666668,1.5,206.0,2020-10-19 19:48:00,围网
14618,31.87058333333333,123.38611111111112,3.1,230.0,2020-10-19 19:58:00,围网
14618,31.86641666666667,123.38169444444445,3.1,222.0,2020-10-19 20:08:00,围网
14618,31.86275,123.3765,1.9,0.0,2020-10-19 20:18:00,围网
14618,31.8615,123.38011111111106,6.1,87.0,2020-10-19 20:28:00,围网
14618,31.86269444444445,123.39647222222223,5.4,84.0,2020-10-19 20:37:59,围网
14618,31.86405555555556,123.41388888888888,7.0,83.0,2020-10-19 20:47:59,围网
14618,31.86411111111111,123.43491666666668,6.5,91.0,2020-10-19 20:57:59,围网
14618,31.863833333333336,123.45580555555556,7.0,96.0,2020-10-19 21:07:59,围网
14618,31.86338888888889,123.47675,7.4,97.0,2020-10-19 21:18:02,围网
14618,31.861722222222234,123.49777777777778,6.9,97.0,2020-10-19 21:28:02,围网
14618,31.863194444444453,123.51391666666666,3.6,256.0,2020-10-19 21:38:02,围网
14618,31.86063888888889,123.50219444444444,2.4,245.0,2020-10-19 21:48:01,围网
14618,31.85961111111111,123.49330555555555,2.5,254.0,2020-10-19 21:58:01,围网
14618,31.869527777777765,123.49230555555555,4.5,7.0,2020-10-19 22:08:01,围网
14618,31.88336111111111,123.49066666666668,5.2,354.0,2020-10-19 22:18:01,围网
14618,31.89763888888889,123.48866666666667,4.7,353.0,2020-10-19 22:28:01,围网
14618,31.912111111111113,123.48616666666668,5.7,352.0,2020-10-19 22:38:01,围网
14618,31.92730555555556,123.4830277777778,5.3,349.0,2020-10-19 22:48:01,围网
14618,31.942555555555554,123.47986111111106,5.5,352.0,2020-10-19 22:58:01,围网
14618,31.958166666666664,123.47677777777778,6.1,345.0,2020-10-19 23:08:01,围网
14618,31.97408333333333,123.47369444444445,5.4,348.0,2020-10-19 23:18:01,围网
14618,31.98983333333333,123.47169444444445,5.3,355.0,2020-10-19 23:28:01,围网
14618,32.021138888888885,123.4687777777778,5.5,355.0,2020-10-19 23:48:00,围网
14618,32.037777777777784,123.4670277777778,5.8,352.0,2020-10-19 23:58:00,围网
14618,32.05280555555556,123.46577777777777,5.7,355.0,2020-10-20 00:08:00,围网
14618,32.069,123.46425,5.9,348.0,2020-10-20 00:18:00,围网
14618,32.08530555555557,123.46272222222223,6.1,353.0,2020-10-20 00:28:00,围网
14618,32.10175,123.46113888888887,6.3,352.0,2020-10-20 00:38:00,围网
14618,32.11852777777778,123.45969444444445,5.7,350.0,2020-10-20 00:48:00,围网
14618,32.13488888888889,123.45794444444445,6.2,3.0,2020-10-20 00:58:00,围网
14618,32.15583333333333,123.46080555555555,8.3,9.0,2020-10-20 01:08:00,围网
14618,32.18002777777778,123.4635,8.3,5.0,2020-10-20 01:17:59,围网
14618,32.20047222222223,123.4632777777778,2.0,350.0,2020-10-20 01:27:59,围网
14618,32.20425000000001,123.46144444444445,2.5,30.0,2020-10-20 01:37:59,围网
14618,32.20733333333334,123.46633333333334,2.2,60.0,2020-10-20 01:47:59,围网
14618,32.20780555555556,123.47363888888887,2.0,63.0,2020-10-20 01:58:02,围网
14618,32.207472222222236,123.48130555555555,2.4,85.0,2020-10-20 02:07:59,围网
14618,32.20702777777778,123.48811111111112,2.2,87.0,2020-10-20 02:18:01,围网
14618,32.20633333333333,123.49547222222222,2.1,100.0,2020-10-20 02:28:01,围网
14618,32.20608333333334,123.50322222222223,2.5,84.0,2020-10-20 02:38:01,围网
14618,32.206027777777784,123.51122222222222,2.4,83.0,2020-10-20 02:48:01,围网
14618,32.20586111111112,123.51925,3.2,81.0,2020-10-20 02:58:01,围网
14618,32.2055,123.52736111111106,2.6,102.0,2020-10-20 03:08:01,围网
14618,32.20511111111111,123.53555555555555,2.5,82.0,2020-10-20 03:18:01,围网
14618,32.20511111111111,123.5439722222222,3.0,76.0,2020-10-20 03:28:01,围网
14618,32.20586111111112,123.55227777777776,2.9,52.0,2020-10-20 03:38:01,围网
14618,32.214666666666666,123.56425,2.5,68.0,2020-10-20 03:58:01,围网
14618,32.21594444444445,123.57258333333333,2.2,68.0,2020-10-20 04:08:01,围网
14618,32.217222222222226,123.58133333333332,2.2,84.0,2020-10-20 04:18:00,围网
14618,32.21797222222221,123.58916666666666,2.5,83.0,2020-10-20 04:28:00,围网
14618,32.21772222222222,123.59777777777781,3.2,97.0,2020-10-20 04:38:00,围网
14618,32.21780555555556,123.60619444444444,2.5,93.0,2020-10-20 04:48:00,围网
14618,32.21775,123.61461111111113,2.3,80.0,2020-10-20 04:58:00,围网
14618,32.216944444444444,123.62297222222222,3.1,110.0,2020-10-20 05:08:00,围网
14618,32.21027777777778,123.62958333333331,2.6,150.0,2020-10-20 05:18:00,围网
14618,32.205694444444454,123.63336111111113,0.8,54.0,2020-10-20 05:28:00,围网
14618,32.2085,123.63227777777777,0.3,0.0,2020-10-20 05:38:00,围网
14618,32.202222222222225,123.63447222222223,2.3,164.0,2020-10-20 05:48:00,围网
14618,32.19672222222222,123.63563888888888,2.3,182.0,2020-10-20 05:57:59,围网
14618,32.19125,123.6362777777778,2.2,180.0,2020-10-20 06:07:59,围网
14618,32.185583333333334,123.63644444444445,2.0,184.0,2020-10-20 06:17:59,围网
14618,32.179916666666664,123.63572222222223,4.3,246.0,2020-10-20 06:28:02,围网
14618,32.175999999999995,123.62325,4.6,292.0,2020-10-20 06:38:02,围网
14618,32.17622222222222,123.60669444444444,3.1,251.0,2020-10-20 06:48:02,围网
14618,32.177388888888885,123.58280555555555,8.7,268.0,2020-10-20 06:58:02,围网
14618,32.17586111111111,123.56394444444445,2.6,207.0,2020-10-20 07:08:01,围网
14618,32.17019444444444,123.56119444444445,2.2,204.0,2020-10-20 07:18:01,围网
14618,32.164194444444455,123.55841666666667,2.1,214.0,2020-10-20 07:28:01,围网
14618,32.15830555555556,123.55502777777777,2.9,213.0,2020-10-20 07:38:01,围网
14618,32.15255555555555,123.55138888888888,2.1,216.0,2020-10-20 07:48:01,围网
14618,32.14725,123.54725,1.7,212.0,2020-10-20 07:58:01,围网
14618,32.13733333333333,123.5379722222222,1.0,224.0,2020-10-20 08:18:00,围网
14618,32.13580555555556,123.52933333333334,7.3,309.0,2020-10-20 08:28:01,围网
14618,32.13880555555556,123.52161111111113,1.9,301.0,2020-10-20 08:38:01,围网
14618,32.14133333333333,123.51647222222222,1.9,310.0,2020-10-20 08:48:00,围网
14618,32.14713888888889,123.50486111111113,2.1,300.0,2020-10-20 09:08:00,围网
14618,32.15275,123.49055555555556,2.6,293.0,2020-10-20 09:28:00,围网
14618,32.15541666666667,123.48255555555555,2.6,288.0,2020-10-20 09:38:00,围网
14618,32.15830555555556,123.47419444444445,2.7,288.0,2020-10-20 09:48:00,围网
14618,32.16125,123.46566666666666,2.8,292.0,2020-10-20 09:58:00,围网
14618,32.16425,123.45694444444445,3.4,294.0,2020-10-20 10:08:00,围网
14618,32.16738888888889,123.44808333333332,3.1,264.0,2020-10-20 10:18:00,围网
14618,32.170472222222216,123.43844444444444,3.0,293.0,2020-10-20 10:27:59,围网
14618,32.173111111111105,123.42941666666668,2.9,284.0,2020-10-20 10:37:59,围网
14618,32.17619444444445,123.41933333333334,3.4,280.0,2020-10-20 10:47:59,围网
14618,32.178888888888885,123.41030555555555,3.3,299.0,2020-10-20 10:57:59,围网
14618,32.18272222222222,123.40116666666668,2.9,301.0,2020-10-20 11:07:59,围网
14618,32.18702777777778,123.3924722222222,3.1,297.0,2020-10-20 11:18:02,围网
14618,32.1891111111111,123.38252777777777,3.3,287.0,2020-10-20 11:28:02,围网
14618,32.19008333333333,123.37288888888888,2.9,279.0,2020-10-20 11:38:01,围网
14618,32.191027777777784,123.36363888888887,2.8,278.0,2020-10-20 11:48:02,围网
14618,32.19202777777777,123.35475,2.6,276.0,2020-10-20 11:58:01,围网
14618,32.19297222222223,123.34616666666666,2.3,278.0,2020-10-20 12:08:01,围网
14618,32.19375,123.33788888888887,2.1,270.0,2020-10-20 12:18:01,围网
14618,32.19472222222222,123.33002777777777,2.3,263.0,2020-10-20 12:28:01,围网
14618,32.19616666666666,123.32233333333332,1.9,278.0,2020-10-20 12:38:01,围网
14618,32.19758333333333,123.31491666666666,2.6,278.0,2020-10-20 12:48:01,围网
14618,32.19894444444444,123.3075,1.7,275.0,2020-10-20 12:58:01,围网
14618,32.200750000000006,123.30116666666667,2.4,295.0,2020-10-20 13:08:01,围网
14618,32.20319444444445,123.2945,2.6,287.0,2020-10-20 13:18:00,围网
14618,32.205555555555556,123.28819444444444,2.3,289.0,2020-10-20 13:28:00,围网
14618,32.20883333333333,123.28605555555555,2.9,62.0,2020-10-20 13:38:00,围网
14618,32.21255555555556,123.28741666666667,1.5,355.0,2020-10-20 13:48:00,围网
14618,32.21680555555556,123.28658333333334,1.3,346.0,2020-10-20 13:58:00,围网
14618,32.22138888888889,123.28580555555556,1.9,347.0,2020-10-20 14:08:00,围网
14618,32.22511111111111,123.29544444444444,8.3,84.0,2020-10-20 14:18:00,围网
14618,32.22661111111111,123.32369444444444,7.7,100.0,2020-10-20 14:28:00,围网
14618,32.224111111111114,123.34580555555556,1.3,34.0,2020-10-20 14:38:00,围网
14618,32.22563888888889,123.34966666666666,0.6,0.0,2020-10-20 14:48:00,围网
14618,32.23008333333334,123.35144444444445,4.6,55.0,2020-10-20 14:58:00,围网
14618,32.23177777777778,123.36330555555556,2.2,81.0,2020-10-20 15:08:00,围网
14618,32.23169444444445,123.37069444444445,3.0,109.0,2020-10-20 15:18:00,围网
14618,32.23138888888889,123.37838888888888,2.7,98.0,2020-10-20 15:27:59,围网
14618,32.23091666666667,123.38611111111112,2.9,100.0,2020-10-20 15:37:59,围网
14618,32.230250000000005,123.394,2.7,111.0,2020-10-20 15:47:59,围网
14618,32.22961111111111,123.40213888888893,3.0,99.0,2020-10-20 15:58:02,围网
14618,32.22888888888889,123.41038888888887,2.9,85.0,2020-10-20 16:08:02,围网
14618,32.22869444444445,123.41883333333334,2.7,96.0,2020-10-20 16:18:01,围网
14618,32.227861111111125,123.42716666666666,3.3,96.0,2020-10-20 16:28:01,围网
14618,32.22719444444445,123.43558333333333,2.1,102.0,2020-10-20 16:38:01,围网
14618,32.22652777777778,123.44405555555555,2.5,93.0,2020-10-20 16:48:01,围网
14618,32.22541666666667,123.45244444444445,2.8,102.0,2020-10-20 16:58:01,围网
14618,32.22366666666667,123.46972222222223,2.5,103.0,2020-10-20 17:18:01,围网
14618,32.22313888888889,123.47752777777778,2.7,101.0,2020-10-20 17:28:01,围网
14618,32.22258333333334,123.48575,2.4,106.0,2020-10-20 17:38:01,围网
14618,32.22225,123.49394444444445,2.4,86.0,2020-10-20 17:48:01,围网
14618,32.22175000000001,123.50194444444445,2.4,83.0,2020-10-20 17:58:00,围网
14618,32.22177777777778,123.50983333333332,2.4,96.0,2020-10-20 18:08:00,围网
14618,32.22161111111111,123.51744444444445,2.6,99.0,2020-10-20 18:18:00,围网
14618,32.219972222222225,123.52491666666668,3.1,106.0,2020-10-20 18:28:00,围网
14618,32.218111111111114,123.53213888888894,2.7,114.0,2020-10-20 18:38:00,围网
14618,32.21627777777777,123.5392222222222,2.6,101.0,2020-10-20 18:48:00,围网
14618,32.21458333333334,123.54613888888888,2.9,105.0,2020-10-20 18:58:00,围网
14618,32.21277777777778,123.55269444444444,1.0,0.0,2020-10-20 19:08:00,围网
14618,32.210166666666666,123.55083333333332,3.8,208.0,2020-10-20 19:18:00,围网
14618,32.20647222222223,123.54883333333332,1.0,191.0,2020-10-20 19:28:00,围网
14618,32.20344444444444,123.54708333333332,1.7,220.0,2020-10-20 19:38:00,围网
14618,32.201472222222236,123.54613888888888,3.1,122.0,2020-10-20 19:48:00,围网
14618,32.19936111111111,123.56594444444444,7.0,89.0,2020-10-20 19:58:00,围网
14618,32.196416666666664,123.59069444444445,8.0,98.0,2020-10-20 20:08:00,围网
14618,32.19427777777777,123.6154722222222,7.3,97.0,2020-10-20 20:17:59,围网
14618,32.187055555555546,123.66316666666668,7.5,114.0,2020-10-20 20:38:02,围网
14618,32.17969444444444,123.68597222222222,7.5,125.0,2020-10-20 20:48:02,围网
14618,32.17216666666666,123.7085277777778,7.4,114.0,2020-10-20 20:58:02,围网
14618,32.16511111111111,123.73069444444445,7.4,117.0,2020-10-20 21:08:01,围网
14618,32.15802777777777,123.73791666666666,1.6,257.0,2020-10-20 21:18:01,围网
14618,32.15613888888889,123.72633333333332,2.7,255.0,2020-10-20 21:28:01,围网
14618,32.155388888888886,123.71666666666668,2.9,280.0,2020-10-20 21:38:01,围网
14618,32.15566666666666,123.708,2.9,268.0,2020-10-20 21:48:01,围网
14618,32.15572222222222,123.6987777777778,2.9,271.0,2020-10-20 21:58:01,围网
14618,32.15588888888889,123.6894722222222,2.7,270.0,2020-10-20 22:08:01,围网
14618,32.156055555555554,123.68011111111113,2.7,274.0,2020-10-20 22:18:00,围网
14618,32.156194444444445,123.6707777777778,2.7,257.0,2020-10-20 22:28:00,围网
14618,32.156305555555555,123.6615,2.9,264.0,2020-10-20 22:38:00,围网
14618,32.15652777777777,123.65222222222219,3.1,273.0,2020-10-20 22:48:00,围网
14618,32.15675,123.64302777777776,2.9,280.0,2020-10-20 22:58:00,围网
14618,32.157,123.63388888888888,2.5,260.0,2020-10-20 23:08:00,围网
14618,32.15727777777778,123.62488888888888,2.3,251.0,2020-10-20 23:18:00,围网
14618,32.15738888888889,123.61613888888887,2.8,259.0,2020-10-20 23:28:00,围网
14618,32.15763888888889,123.60758333333332,3.6,287.0,2020-10-20 23:38:00,围网
14618,32.15788888888889,123.59866666666667,2.3,279.0,2020-10-20 23:48:00,围网
14618,32.15797222222222,123.59108333333332,3.0,280.0,2020-10-20 23:58:00,围网
14618,32.158166666666666,123.58319444444444,2.1,257.0,2020-10-21 00:08:00,围网
14618,32.158194444444455,123.57566666666666,2.7,272.0,2020-10-21 00:18:00,围网
14618,32.15827777777777,123.5685,2.4,276.0,2020-10-21 00:27:59,围网
14618,32.15830555555556,123.56161111111106,1.8,254.0,2020-10-21 00:37:59,围网
14618,32.15836111111111,123.55505555555555,2.0,274.0,2020-10-21 00:47:59,围网
14618,32.159194444444445,123.54836111111106,1.8,279.0,2020-10-21 00:57:59,围网
14618,32.160361111111115,123.54175,1.0,273.0,2020-10-21 01:08:01,围网
14618,32.16141666666667,123.53538888888887,1.9,292.0,2020-10-21 01:18:01,围网
14618,32.16247222222222,123.52919444444444,1.2,268.0,2020-10-21 01:28:01,围网
14618,32.163555555555554,123.52333333333333,1.0,251.0,2020-10-21 01:38:01,围网
14618,32.16544444444444,123.52222222222224,4.0,88.0,2020-10-21 01:48:01,围网
14618,32.16988888888889,123.52286111111113,1.6,5.0,2020-10-21 01:58:01,围网
14618,32.17369444444444,123.522,1.4,333.0,2020-10-21 02:08:01,围网
14618,32.17769444444444,123.52130555555556,1.8,341.0,2020-10-21 02:18:01,围网
14618,32.18152777777778,123.52111111111113,1.4,345.0,2020-10-21 02:28:01,围网
14618,32.18530555555556,123.52138888888894,2.1,24.0,2020-10-21 02:38:01,围网
14618,32.18872222222222,123.52188888888887,1.5,57.0,2020-10-21 02:48:01,围网
14618,32.191805555555554,123.52286111111113,1.0,334.0,2020-10-21 02:58:01,围网
14618,32.194694444444444,123.52422222222219,2.3,53.0,2020-10-21 03:08:00,围网
14618,32.19733333333333,123.52586111111113,1.4,323.0,2020-10-21 03:18:00,围网
14618,32.19947222222222,123.52755555555555,1.8,82.0,2020-10-21 03:28:00,围网
14618,32.20161111111111,123.52969444444444,0.8,13.0,2020-10-21 03:38:00,围网
14618,32.203250000000004,123.53200000000001,0.9,22.0,2020-10-21 03:48:00,围网
14618,32.204722222222216,123.53458333333332,0.4,0.0,2020-10-21 03:58:00,围网
14618,32.20586111111112,123.53744444444445,1.3,65.0,2020-10-21 04:08:00,围网
14618,32.20666666666667,123.54008333333331,2.0,36.0,2020-10-21 04:18:00,围网
14618,32.206972222222234,123.54305555555555,1.7,91.0,2020-10-21 04:28:00,围网
14618,32.207222222222235,123.54630555555555,1.0,42.0,2020-10-21 04:38:00,围网
14618,32.20680555555556,123.54941666666666,1.0,74.0,2020-10-21 04:48:00,围网
14618,32.20616666666667,123.55258333333332,0.8,89.0,2020-10-21 04:58:00,围网
14618,32.20508333333334,123.55588888888887,0.5,0.0,2020-10-21 05:07:59,围网
14618,32.20369444444445,123.55916666666668,0.6,0.0,2020-10-21 05:17:59,围网
14618,32.20058333333334,123.56305555555555,8.5,191.0,2020-10-21 05:27:59,围网
14618,32.17619444444445,123.57816666666666,10.7,144.0,2020-10-21 05:37:59,围网
14618,32.154916666666665,123.60266666666666,10.9,121.0,2020-10-21 05:48:02,围网
14618,32.135055555555546,123.62525,9.4,149.0,2020-10-21 05:58:02,围网
14618,32.11202777777778,123.64255555555556,10.1,148.0,2020-10-21 06:08:01,围网
14618,32.08844444444445,123.66191666666668,9.9,142.0,2020-10-21 06:18:01,围网
14618,32.06683333333333,123.67908333333334,9.9,143.0,2020-10-21 06:28:01,围网
14618,32.04355555555555,123.69711111111113,10.2,144.0,2020-10-21 06:38:01,围网
14618,32.01908333333333,123.7134722222222,10.3,155.0,2020-10-21 06:48:01,围网
14618,31.994722222222233,123.72983333333332,10.1,142.0,2020-10-21 06:58:01,围网
14618,31.970388888888888,123.7462777777778,10.2,142.0,2020-10-21 07:08:01,围网
14618,31.94580555555555,123.76275,10.2,149.0,2020-10-21 07:18:01,围网
14618,31.8965,123.79538888888888,10.6,147.0,2020-10-21 07:38:01,围网
14618,31.872055555555555,123.81158333333332,10.3,146.0,2020-10-21 07:48:00,围网
14618,31.84683333333333,123.82438888888888,10.2,161.0,2020-10-21 07:58:01,围网
14618,31.820555555555554,123.8345,10.6,153.0,2020-10-21 08:08:01,围网
14618,31.794694444444453,123.845,11.0,147.0,2020-10-21 08:18:00,围网
14618,31.769666666666666,123.85961111111112,9.0,149.0,2020-10-21 08:28:00,围网
14618,31.755305555555548,123.87869444444445,9.6,160.0,2020-10-21 08:38:00,围网
14618,31.728972222222207,123.88455555555555,9.7,176.0,2020-10-21 08:48:00,围网
14618,31.703277777777767,123.88961111111112,8.9,172.0,2020-10-21 08:58:00,围网
14618,31.678305555555557,123.8942777777778,8.6,159.0,2020-10-21 09:08:00,围网
14618,31.652444444444445,123.89413888888888,9.1,173.0,2020-10-21 09:18:00,围网
14618,31.627027777777766,123.8937777777778,9.3,177.0,2020-10-21 09:28:00,围网
14618,31.601777777777766,123.89319444444445,9.0,177.0,2020-10-21 09:38:00,围网
14618,31.576638888888887,123.89311111111112,8.8,176.0,2020-10-21 09:47:59,围网
14618,31.551666666666666,123.89286111111113,8.6,180.0,2020-10-21 09:57:59,围网
14618,31.527277777777766,123.89302777777776,9.2,168.0,2020-10-21 10:07:59,围网
14618,31.50255555555556,123.89391666666668,8.8,175.0,2020-10-21 10:18:02,围网
14618,31.47966666666667,123.8965277777778,5.3,174.0,2020-10-21 10:28:02,围网
14618,31.47744444444445,123.89133333333334,6.1,263.0,2020-10-21 10:37:59,围网
14618,31.477638888888887,123.88022222222222,2.2,269.0,2020-10-21 10:48:01,围网
14618,31.477916666666665,123.8712777777778,2.3,268.0,2020-10-21 10:58:01,围网
14618,31.478277777777766,123.86244444444445,2.9,277.0,2020-10-21 11:08:01,围网
14618,31.47875,123.85366666666668,2.6,284.0,2020-10-21 11:18:01,围网
14618,31.478972222222207,123.84527777777777,2.3,268.0,2020-10-21 11:28:01,围网
14618,31.479555555555553,123.8370277777778,2.6,268.0,2020-10-21 11:38:01,围网
14618,31.47991666666667,123.82894444444445,2.3,281.0,2020-10-21 11:48:01,围网
14618,31.480305555555553,123.82108333333332,2.3,273.0,2020-10-21 11:58:01,围网
14618,31.4805,123.81316666666666,2.0,265.0,2020-10-21 12:08:01,围网
14618,31.480472222222208,123.80608333333332,2.0,259.0,2020-10-21 12:18:01,围网
14618,31.48183333333333,123.79141666666666,2.2,273.0,2020-10-21 12:38:00,围网
14618,31.4825,123.78397222222222,2.1,287.0,2020-10-21 12:48:00,围网
14618,31.483027777777767,123.7777222222222,1.7,262.0,2020-10-21 12:58:00,围网
14618,31.483611111111113,123.77133333333332,2.0,272.0,2020-10-21 13:08:00,围网
14618,31.48419444444445,123.76519444444445,2.2,291.0,2020-10-21 13:18:00,围网
14618,31.48472222222223,123.75913888888887,1.7,254.0,2020-10-21 13:28:00,围网
14618,31.48558333333333,123.75336111111106,1.8,292.0,2020-10-21 13:38:00,围网
14618,31.493111111111112,123.7415277777778,2.7,319.0,2020-10-21 13:58:00,围网
14618,31.497777777777767,123.73616666666668,2.1,302.0,2020-10-21 14:08:00,围网
14618,31.5,123.7387222222222,2.1,88.0,2020-10-21 14:18:00,围网
14618,31.502666666666666,123.74308333333332,1.0,46.0,2020-10-21 14:28:00,围网
14618,31.50441666666667,123.74586111111113,1.0,0.0,2020-10-21 14:37:59,围网
14618,31.50069444444444,123.74708333333334,6.7,183.0,2020-10-21 14:47:59,围网
14618,31.48455555555556,123.74705555555555,0.8,0.0,2020-10-21 14:58:02,围网
14618,31.482555555555553,123.75613888888887,4.4,112.0,2020-10-21 15:08:02,围网
14618,31.48183333333333,123.76380555555555,3.2,116.0,2020-10-21 15:18:01,围网
14618,31.48125,123.77158333333334,3.1,106.0,2020-10-21 15:28:01,围网
14618,31.4805,123.77936111111113,3.8,97.0,2020-10-21 15:38:01,围网
14618,31.48,123.78747222222222,3.2,99.0,2020-10-21 15:48:01,围网
14618,31.479027777777766,123.79597222222222,2.6,90.0,2020-10-21 15:58:01,围网
14618,31.478027777777786,123.81222222222222,2.6,95.0,2020-10-21 16:18:01,围网
14618,31.47711111111111,123.82036111111113,3.6,96.0,2020-10-21 16:28:01,围网
14618,31.47588888888889,123.82855555555555,3.5,107.0,2020-10-21 16:38:01,围网
14618,31.47444444444445,123.83666666666666,3.0,111.0,2020-10-21 16:48:01,围网
14618,31.47313888888889,123.845,2.2,97.0,2020-10-21 16:58:01,围网
14618,31.47266666666666,123.85336111111107,2.5,95.0,2020-10-21 17:08:01,围网
14618,31.472277777777766,123.8610277777778,2.7,94.0,2020-10-21 17:18:00,围网
14618,31.471777777777767,123.86919444444445,3.0,100.0,2020-10-21 17:28:00,围网
14618,31.47130555555556,123.8772777777778,2.7,94.0,2020-10-21 17:38:00,围网
14618,31.47133333333333,123.88525,3.4,108.0,2020-10-21 17:48:00,围网
14618,31.471027777777767,123.89297222222223,2.5,95.0,2020-10-21 17:58:00,围网
14618,31.470388888888888,123.90061111111113,2.5,82.0,2020-10-21 18:08:00,围网
14618,31.469805555555553,123.90825,2.6,73.0,2020-10-21 18:18:00,围网
14618,31.46894444444445,123.9157777777778,2.5,92.0,2020-10-21 18:28:00,围网
14618,31.468138888888888,123.92330555555556,2.4,91.0,2020-10-21 18:38:00,围网
14618,31.46744444444445,123.93058333333332,2.9,103.0,2020-10-21 18:48:00,围网
14618,31.46733333333333,123.93780555555556,2.4,99.0,2020-10-21 18:58:00,围网
14618,31.46933333333333,123.95072222222224,2.3,89.0,2020-10-21 19:17:59,围网
14618,31.47013888888889,123.9562777777778,2.0,73.0,2020-10-21 19:27:59,围网
14618,31.470166666666664,123.96233333333332,2.8,97.0,2020-10-21 19:37:59,围网
14618,31.47008333333333,123.96833333333332,2.2,97.0,2020-10-21 19:48:02,围网
14618,31.469666666666665,123.97425,2.0,95.0,2020-10-21 19:58:02,围网
14618,31.46747222222222,123.98016666666668,2.0,190.0,2020-10-21 20:08:01,围网
14618,31.46519444444445,123.9775,1.6,172.0,2020-10-21 20:18:01,围网
14618,31.461222222222233,123.97736111111112,1.8,192.0,2020-10-21 20:28:01,围网
14618,31.45697222222222,123.97677777777778,1.5,194.0,2020-10-21 20:38:01,围网
14618,31.453944444444442,123.96419444444444,1.3,101.0,2020-10-21 20:48:01,围网
14618,31.441388888888888,123.95383333333334,2.6,256.0,2020-10-21 21:08:01,围网
14618,31.441277777777767,123.94555555555556,2.5,260.0,2020-10-21 21:18:01,围网
14618,31.44175,123.93722222222223,2.6,269.0,2020-10-21 21:28:01,围网
14618,31.44191666666667,123.92969444444445,2.7,263.0,2020-10-21 21:38:01,围网
14618,31.442027777777767,123.92163888888888,2.5,260.0,2020-10-21 21:48:00,围网
14618,31.44211111111111,123.91338888888893,2.4,261.0,2020-10-21 21:58:00,围网
14618,31.44216666666667,123.90511111111113,3.0,276.0,2020-10-21 22:08:00,围网
14618,31.442722222222233,123.88794444444444,3.0,279.0,2020-10-21 22:28:00,围网
14618,31.443361111111113,123.87927777777777,2.9,276.0,2020-10-21 22:38:00,围网
14618,31.443972222222207,123.87066666666666,2.7,270.0,2020-10-21 22:48:00,围网
14618,31.44508333333333,123.86216666666664,2.4,282.0,2020-10-21 22:58:00,围网
14618,31.446972222222207,123.85363888888888,2.7,243.0,2020-10-21 23:08:00,围网
14618,31.448638888888887,123.84508333333332,2.3,0.0,2020-10-21 23:18:00,围网
14618,31.44983333333333,123.83677777777777,2.0,0.0,2020-10-21 23:28:00,围网
14618,31.45036111111111,123.82791666666664,2.4,273.0,2020-10-21 23:38:00,围网
14618,31.45069444444444,123.82030555555555,2.4,270.0,2020-10-21 23:47:59,围网
14618,31.45138888888889,123.81233333333331,2.3,279.0,2020-10-21 23:57:59,围网
14618,31.45241666666667,123.80441666666664,2.6,269.0,2020-10-22 00:07:59,围网
14618,31.45333333333333,123.79666666666668,2.5,276.0,2020-10-22 00:17:59,围网
14618,31.454166666666666,123.78913888888887,2.7,268.0,2020-10-22 00:28:02,围网
14618,31.455111111111112,123.78169444444444,2.2,265.0,2020-10-22 00:38:02,围网
14618,31.45597222222222,123.77455555555555,2.5,270.0,2020-10-22 00:48:01,围网
14618,31.45669444444445,123.76752777777777,2.1,265.0,2020-10-22 00:58:01,围网
14618,31.457472222222233,123.76066666666668,2.2,275.0,2020-10-22 01:08:01,围网
14618,31.458305555555555,123.75402777777781,2.4,283.0,2020-10-22 01:18:01,围网
14618,31.459083333333336,123.74744444444444,2.0,278.0,2020-10-22 01:28:01,围网
14618,31.45983333333333,123.74119444444445,1.9,287.0,2020-10-22 01:38:01,围网
14618,31.4625,123.73433333333334,2.3,293.0,2020-10-22 01:48:01,围网
14618,31.46563888888889,123.72861111111106,2.4,299.0,2020-10-22 01:58:01,围网
14618,31.468555555555554,123.72261111111106,2.2,295.0,2020-10-22 02:08:01,围网
14618,31.470222222222233,123.72561111111112,0.6,344.0,2020-10-22 02:18:01,围网
14618,31.473277777777767,123.72491666666667,0.4,0.0,2020-10-22 02:28:00,围网
14618,31.47427777777777,123.72619444444445,0.9,103.0,2020-10-22 02:38:00,围网
14618,31.471166666666665,123.72394444444444,7.1,215.0,2020-10-22 02:48:00,围网
14618,31.461194444444452,123.70388888888893,7.4,249.0,2020-10-22 02:58:00,围网
14618,31.462111111111113,123.70341666666668,5.3,98.0,2020-10-22 03:08:00,围网
14618,31.461055555555557,123.71333333333334,2.6,94.0,2020-10-22 03:18:00,围网
14618,31.460027777777785,123.72091666666668,2.6,93.0,2020-10-22 03:28:00,围网
14618,31.45938888888889,123.72886111111107,2.5,101.0,2020-10-22 03:38:00,围网
14618,31.458361111111113,123.73694444444445,2.9,108.0,2020-10-22 03:48:00,围网
14618,31.45711111111111,123.74541666666666,2.7,94.0,2020-10-22 03:58:00,围网
14618,31.456166666666665,123.75408333333334,2.5,81.0,2020-10-22 04:08:00,围网
14618,31.45575,123.76255555555555,2.8,86.0,2020-10-22 04:18:00,围网
14618,31.455055555555553,123.77077777777778,2.6,95.0,2020-10-22 04:28:00,围网
14618,31.45422222222221,123.7789722222222,2.5,81.0,2020-10-22 04:37:59,围网
14618,31.453527777777786,123.78713888888888,2.9,83.0,2020-10-22 04:47:59,围网
14618,31.45358333333333,123.79536111111106,2.9,78.0,2020-10-22 04:57:59,围网
14618,31.45366666666667,123.80338888888888,3.7,39.0,2020-10-22 05:08:02,围网
14618,31.453111111111113,123.8115,2.9,0.0,2020-10-22 05:18:02,围网
14618,31.45258333333333,123.81936111111106,2.9,0.0,2020-10-22 05:28:02,围网
14618,31.45208333333333,123.82730555555555,3.9,29.0,2020-10-22 05:38:01,围网
14618,31.451638888888887,123.83519444444444,3.5,60.0,2020-10-22 05:48:01,围网
14618,31.451166666666666,123.84316666666666,2.2,111.0,2020-10-22 05:58:01,围网
14618,31.45075,123.85077777777776,2.4,94.0,2020-10-22 06:08:01,围网
14618,31.450027777777766,123.85769444444445,2.1,0.0,2020-10-22 06:18:01,围网
14618,31.449472222222226,123.86494444444445,2.6,49.0,2020-10-22 06:28:01,围网
14618,31.448888888888888,123.87205555555555,2.4,58.0,2020-10-22 06:38:01,围网
14618,31.44836111111111,123.87908333333333,2.5,82.0,2020-10-22 06:48:01,围网
14618,31.44761111111111,123.88600000000001,2.4,90.0,2020-10-22 06:58:01,围网
14618,31.44661111111111,123.89283333333334,1.1,0.0,2020-10-22 07:08:00,围网
14618,31.44377777777777,123.89983333333332,2.2,130.0,2020-10-22 07:18:00,围网
14618,31.44083333333333,123.9067777777778,1.8,118.0,2020-10-22 07:28:00,围网
14618,31.43847222222222,123.91325,2.5,119.0,2020-10-22 07:38:00,围网
14618,31.436694444444445,123.91941666666666,1.8,104.0,2020-10-22 07:48:00,围网
14618,31.435,123.92536111111113,1.9,127.0,2020-10-22 07:58:00,围网
14618,31.431527777777767,123.93105555555556,2.3,126.0,2020-10-22 08:08:00,围网
14618,31.42736111111111,123.93691666666666,2.3,134.0,2020-10-22 08:18:00,围网
14618,31.42544444444445,123.93475,2.4,197.0,2020-10-22 08:28:00,围网
14618,31.41944444444445,123.93322222222223,2.6,195.0,2020-10-22 08:38:00,围网
14618,31.413666666666664,123.9309722222222,3.1,197.0,2020-10-22 08:48:00,围网
14618,31.41861111111111,123.9297777777778,6.0,1.0,2020-10-22 08:58:00,围网
14618,31.436972222222234,123.93,6.4,7.0,2020-10-22 09:08:00,围网
14618,31.44116666666667,123.92436111111112,7.7,287.0,2020-10-22 09:17:59,围网
14618,31.442027777777767,123.91544444444445,2.5,284.0,2020-10-22 09:27:59,围网
14618,31.44319444444445,123.90816666666667,1.8,288.0,2020-10-22 09:38:01,围网
14618,31.444111111111113,123.90044444444445,2.5,274.0,2020-10-22 09:48:02,围网
14618,31.445027777777767,123.89211111111112,2.8,269.0,2020-10-22 09:58:02,围网
14618,31.44575,123.88413888888887,2.6,264.0,2020-10-22 10:08:02,围网
14618,31.446666666666665,123.8757222222222,2.6,278.0,2020-10-22 10:18:01,围网
14618,31.447555555555557,123.8664722222222,2.5,288.0,2020-10-22 10:28:01,围网
14618,31.44838888888889,123.85825,2.7,280.0,2020-10-22 10:38:01,围网
14618,31.44902777777777,123.84933333333332,2.6,274.0,2020-10-22 10:48:01,围网
14618,31.449277777777766,123.84030555555556,2.8,273.0,2020-10-22 10:58:01,围网
14618,31.44955555555555,123.8312222222222,3.0,273.0,2020-10-22 11:08:01,围网
14618,31.44986111111111,123.822,3.4,284.0,2020-10-22 11:18:01,围网
14618,31.450083333333332,123.81275,2.9,265.0,2020-10-22 11:28:01,围网
14618,31.450222222222234,123.80363888888887,2.7,256.0,2020-10-22 11:38:01,围网
14618,31.45030555555556,123.79452777777777,2.8,264.0,2020-10-22 11:48:01,围网
14618,31.450555555555553,123.78552777777777,2.7,255.0,2020-10-22 11:58:00,围网
14618,31.450861111111113,123.77661111111112,2.9,248.0,2020-10-22 12:08:00,围网
14618,31.45111111111111,123.76780555555555,2.7,275.0,2020-10-22 12:18:00,围网
14618,31.451472222222232,123.75869444444444,2.6,270.0,2020-10-22 12:28:00,围网
14618,31.451666666666664,123.74994444444445,2.7,272.0,2020-10-22 12:38:00,围网
14618,31.451888888888888,123.74194444444444,2.3,262.0,2020-10-22 12:48:00,围网
14618,31.45225,123.73358333333331,2.5,262.0,2020-10-22 12:58:00,围网
14618,31.452638888888888,123.72538888888887,2.5,279.0,2020-10-22 13:08:00,围网
14618,31.45283333333333,123.71738888888888,2.7,274.0,2020-10-22 13:18:00,围网
14618,31.45308333333333,123.70952777777778,1.9,273.0,2020-10-22 13:28:00,围网
14618,31.45366666666667,123.70144444444445,2.2,280.0,2020-10-22 13:38:00,围网
14618,31.45427777777777,123.69419444444445,2.0,254.0,2020-10-22 13:48:00,围网
14618,31.45491666666667,123.68672222222223,1.9,267.0,2020-10-22 13:57:59,围网
14618,31.45622222222222,123.6725,1.8,271.0,2020-10-22 14:17:59,围网
14618,31.456277777777768,123.6689722222222,2.7,68.0,2020-10-22 14:28:02,围网
14618,31.458666666666666,123.67044444444444,0.5,97.0,2020-10-22 14:38:02,围网
14618,31.459722222222233,123.66991666666668,0.4,0.0,2020-10-22 14:48:01,围网
14618,31.460166666666666,123.66941666666666,0.1,0.0,2020-10-22 14:58:02,围网
14618,31.46027777777777,123.66880555555555,0.6,0.0,2020-10-22 15:08:02,围网
14618,31.459083333333336,123.66925,3.3,77.0,2020-10-22 15:18:01,围网
14618,31.45797222222223,123.6785,2.1,83.0,2020-10-22 15:28:01,围网
14618,31.457694444444453,123.68538888888894,2.0,89.0,2020-10-22 15:38:01,围网
14618,31.457527777777766,123.6924722222222,2.3,87.0,2020-10-22 15:48:01,围网
14618,31.456916666666668,123.69961111111112,2.3,91.0,2020-10-22 15:58:01,围网
14618,31.45633333333333,123.70686111111112,2.0,96.0,2020-10-22 16:08:01,围网
14618,31.45563888888889,123.71430555555555,2.3,97.0,2020-10-22 16:18:01,围网
14618,31.45483333333333,123.72166666666666,2.9,72.0,2020-10-22 16:28:01,围网
14618,31.454472222222233,123.72933333333334,2.7,74.0,2020-10-22 16:38:00,围网
14618,31.45408333333333,123.73716666666668,3.0,90.0,2020-10-22 16:48:00,围网
14618,31.45363888888889,123.74552777777777,2.5,105.0,2020-10-22 16:58:00,围网
14618,31.453111111111113,123.75283333333334,2.4,82.0,2020-10-22 17:08:00,围网
14618,31.45269444444445,123.7607777777778,2.9,83.0,2020-10-22 17:18:00,围网
14618,31.45213888888889,123.76880555555556,2.5,92.0,2020-10-22 17:28:00,围网
14618,31.451638888888887,123.77688888888888,2.7,96.0,2020-10-22 17:38:00,围网
14618,31.450944444444442,123.78516666666668,4.0,118.0,2020-10-22 17:48:00,围网
14618,31.448888888888888,123.80175,4.1,88.0,2020-10-22 18:08:00,围网
14618,31.44925,123.8105,2.8,91.0,2020-10-22 18:18:00,围网
14618,31.44988888888889,123.81866666666667,2.3,85.0,2020-10-22 18:28:00,围网
14618,31.45063888888889,123.82655555555556,1.8,67.0,2020-10-22 18:37:59,围网
14618,31.450777777777766,123.83494444444445,2.2,78.0,2020-10-22 18:47:59,围网
14618,31.45075,123.84241666666668,2.6,95.0,2020-10-22 18:57:59,围网
14618,31.449472222222226,123.85094444444445,2.3,95.0,2020-10-22 19:08:02,围网
14618,31.44811111111111,123.85836111111112,2.7,90.0,2020-10-22 19:18:02,围网
14618,31.44683333333333,123.86611111111112,3.7,99.0,2020-10-22 19:28:02,围网
14618,31.44558333333333,123.87375,3.1,100.0,2020-10-22 19:38:02,围网
14618,31.444138888888887,123.88130555555556,4.2,135.0,2020-10-22 19:48:01,围网
14618,31.441666666666666,123.88863888888888,3.2,127.0,2020-10-22 19:58:01,围网
14618,31.43488888888889,123.89350000000002,3.1,166.0,2020-10-22 20:08:01,围网
14618,31.43122222222221,123.89438888888893,1.5,31.0,2020-10-22 20:18:01,围网
14618,31.427861111111113,123.89455555555556,0.7,0.0,2020-10-22 20:28:01,围网
14618,31.418527777777786,123.89525,0.8,175.0,2020-10-22 20:48:01,围网
14618,31.422666666666665,123.89513888888894,2.9,323.0,2020-10-22 20:58:01,围网
14618,31.42447222222223,123.89219444444444,3.6,337.0,2020-10-22 21:08:01,围网
14618,31.42913888888889,123.88988888888893,2.4,338.0,2020-10-22 21:18:01,围网
14618,31.43283333333333,123.88691666666666,1.7,352.0,2020-10-22 21:28:00,围网
14618,31.436555555555554,123.88291666666666,2.2,318.0,2020-10-22 21:38:00,围网
14618,31.440305555555554,123.8787222222222,2.9,315.0,2020-10-22 21:48:00,围网
14618,31.443638888888888,123.8732222222222,3.5,288.0,2020-10-22 21:58:00,围网
14618,31.445777777777767,123.86611111111112,2.2,297.0,2020-10-22 22:08:00,围网
14618,31.44694444444445,123.85805555555555,3.9,257.0,2020-10-22 22:18:00,围网
14618,31.44841666666667,123.85,2.8,331.0,2020-10-22 22:28:00,围网
14618,31.44955555555555,123.84186111111113,3.7,270.0,2020-10-22 22:38:00,围网
14618,31.450055555555554,123.83333333333331,3.3,264.0,2020-10-22 22:48:00,围网
14618,31.450527777777786,123.82480555555556,2.7,279.0,2020-10-22 22:58:00,围网
14618,31.450916666666664,123.81605555555555,4.3,258.0,2020-10-22 23:08:00,围网
14618,31.45111111111111,123.8075,3.5,291.0,2020-10-22 23:17:59,围网
14618,31.451583333333332,123.79838888888894,3.4,257.0,2020-10-22 23:27:59,围网
14618,31.45183333333333,123.79036111111112,2.5,272.0,2020-10-22 23:37:59,围网
14618,31.452111111111112,123.78186111111113,2.5,305.0,2020-10-22 23:48:02,围网
14618,31.45216666666667,123.77344444444445,2.4,249.0,2020-10-22 23:58:02,围网
14618,31.45241666666667,123.76522222222222,3.0,296.0,2020-10-23 00:08:02,围网
14618,31.453111111111113,123.75688888888888,2.8,303.0,2020-10-23 00:18:02,围网
14618,31.45366666666667,123.74858333333331,4.0,236.0,2020-10-23 00:28:02,围网
14618,31.454305555555553,123.74030555555555,2.5,275.0,2020-10-23 00:38:01,围网
14618,31.454555555555554,123.73205555555555,3.3,238.0,2020-10-23 00:48:01,围网
14618,31.45483333333333,123.72386111111106,3.4,282.0,2020-10-23 00:58:01,围网
14618,31.455277777777766,123.71575,2.9,310.0,2020-10-23 01:08:01,围网
14618,31.45569444444445,123.70786111111113,3.2,0.0,2020-10-23 01:18:01,围网
14618,31.456,123.69977777777778,3.9,311.0,2020-10-23 01:28:01,围网
14618,31.45647222222221,123.69191666666669,3.0,260.0,2020-10-23 01:38:01,围网
14618,31.45669444444445,123.68483333333332,2.6,286.0,2020-10-23 01:48:01,围网
14618,31.45711111111111,123.67741666666667,2.5,295.0,2020-10-23 01:58:01,围网
14618,31.457694444444453,123.67016666666667,1.8,256.0,2020-10-23 02:08:00,围网
14618,31.458111111111112,123.663,2.7,229.0,2020-10-23 02:18:00,围网
14618,31.45894444444445,123.65583333333332,1.7,293.0,2020-10-23 02:28:00,围网
14618,31.458277777777766,123.64925,2.6,248.0,2020-10-23 02:38:00,围网
14618,31.458861111111112,123.64963888888893,3.0,44.0,2020-10-23 02:48:00,围网
14618,31.45819444444444,123.65016666666668,1.1,259.0,2020-10-23 03:08:00,围网
14618,31.4575,123.65055555555556,2.4,173.0,2020-10-23 03:18:00,围网
14618,31.45669444444445,123.65066666666668,0.6,33.0,2020-10-23 03:28:00,围网
14618,31.455666666666666,123.65091666666667,0.6,100.0,2020-10-23 03:38:00,围网
14618,31.45444444444445,123.65122222222223,0.5,130.0,2020-10-23 03:47:59,围网
14618,31.45925,123.65566666666668,8.5,91.0,2020-10-23 03:57:59,围网
14618,31.45719444444445,123.66322222222223,2.8,125.0,2020-10-23 04:07:59,围网
14618,31.455805555555557,123.663,0.3,0.0,2020-10-23 04:17:59,围网
14618,31.45508333333333,123.66419444444445,0.9,0.0,2020-10-23 04:28:02,围网
14618,31.45475,123.66427777777778,1.5,6.0,2020-10-23 04:38:02,围网
14618,31.454138888888888,123.6647777777778,1.9,194.0,2020-10-23 04:48:02,围网
14618,31.45397222222222,123.66502777777778,0.4,0.0,2020-10-23 04:58:02,围网
14618,31.453611111111112,123.66513888888888,1.2,186.0,2020-10-23 05:08:01,围网
14618,31.45330555555556,123.6655,1.2,216.0,2020-10-23 05:18:01,围网
14618,31.45275,123.66561111111113,0.9,0.0,2020-10-23 05:28:01,围网
14618,31.45186111111111,123.666,1.3,218.0,2020-10-23 05:38:01,围网
14618,31.449222222222208,123.66738888888894,1.4,164.0,2020-10-23 05:48:01,围网
14618,31.446277777777766,123.66894444444445,2.2,96.0,2020-10-23 05:58:01,围网
14618,31.443972222222207,123.67030555555556,1.6,169.0,2020-10-23 06:08:01,围网
14618,31.44088888888889,123.67230555555555,1.9,152.0,2020-10-23 06:18:01,围网
14618,31.436972222222234,123.67411111111113,2.8,184.0,2020-10-23 06:28:01,围网
14618,31.43311111111111,123.67580555555556,1.9,114.0,2020-10-23 06:38:00,围网
14618,31.429111111111112,123.67736111111113,1.3,99.0,2020-10-23 06:48:00,围网
14618,31.42538888888889,123.67894444444444,1.6,159.0,2020-10-23 06:58:00,围网
14618,31.421055555555558,123.6807777777778,1.8,157.0,2020-10-23 07:08:00,围网
14618,31.41658333333333,123.68286111111112,1.4,127.0,2020-10-23 07:18:00,围网
14618,31.41161111111111,123.68422222222223,2.0,163.0,2020-10-23 07:28:00,围网
14618,31.4065,123.68547222222223,2.7,126.0,2020-10-23 07:38:00,围网
14618,31.401,123.68758333333334,3.8,106.0,2020-10-23 07:48:00,围网
14618,31.395611111111112,123.68930555555555,3.4,106.0,2020-10-23 07:58:00,围网
14618,31.390361111111112,123.69180555555555,1.5,7.0,2020-10-23 08:08:00,围网
14618,31.38586111111111,123.69205555555556,1.7,173.0,2020-10-23 08:18:00,围网
14618,31.378555555555558,123.69327777777778,2.1,244.0,2020-10-23 08:37:59,围网
14618,31.38144444444445,123.69283333333334,3.2,298.0,2020-10-23 08:47:59,围网
14618,31.39,123.691,4.4,342.0,2020-10-23 08:57:59,围网
14618,31.401555555555554,123.68894444444445,3.9,332.0,2020-10-23 09:08:02,围网
14618,31.413,123.68641666666667,3.6,6.0,2020-10-23 09:18:02,围网
14618,31.42586111111111,123.6839722222222,3.1,2.0,2020-10-23 09:28:01,围网
14618,31.45144444444445,123.68158333333334,4.0,328.0,2020-10-23 09:48:01,围网
14618,31.465944444444442,123.68011111111113,4.6,336.0,2020-10-23 09:58:01,围网
14618,31.47797222222223,123.67905555555555,4.3,349.0,2020-10-23 10:08:01,围网
14618,31.49169444444445,123.67769444444444,4.9,11.0,2020-10-23 10:18:01,围网
14618,31.504722222222235,123.67600000000002,5.5,349.0,2020-10-23 10:28:01,围网
14618,31.517944444444442,123.67494444444445,4.0,8.0,2020-10-23 10:38:01,围网
14618,31.531944444444445,123.67319444444445,4.9,352.0,2020-10-23 10:48:01,围网
14618,31.545388888888887,123.67005555555555,2.3,320.0,2020-10-23 10:58:01,围网
14618,31.54216666666667,123.66919444444444,3.6,186.0,2020-10-23 11:08:01,围网
14618,31.536638888888888,123.6677777777778,1.4,180.0,2020-10-23 11:18:01,围网
14618,31.536583333333336,123.66786111111112,1.2,117.0,2020-10-23 11:28:00,围网
14618,31.53669444444445,123.66766666666668,1.8,334.0,2020-10-23 11:38:00,围网
14618,31.536722222222235,123.66761111111113,2.2,340.0,2020-10-23 11:58:00,围网
14618,31.53669444444445,123.66744444444444,0.4,0.0,2020-10-23 12:08:00,围网
14618,31.53666666666667,123.66747222222222,1.0,0.0,2020-10-23 12:18:00,围网
14618,31.536777777777786,123.66733333333332,0.5,0.0,2020-10-23 12:28:00,围网
14618,31.53680555555556,123.66725,0.8,7.0,2020-10-23 12:38:00,围网
14618,31.53680555555556,123.66725,0.8,91.0,2020-10-23 12:48:00,围网
14618,31.53680555555556,123.66716666666667,0.3,0.0,2020-10-23 12:58:00,围网
14618,31.53680555555556,123.66713888888893,2.5,341.0,2020-10-23 13:07:59,围网
14618,31.53675,123.66719444444445,1.8,109.0,2020-10-23 13:17:59,围网
14618,31.536777777777786,123.66738888888894,0.4,0.0,2020-10-23 13:27:59,围网
14618,31.53675,123.66741666666668,1.1,13.0,2020-10-23 13:37:59,围网
14618,31.536722222222235,123.66744444444444,0.4,0.0,2020-10-23 13:48:02,围网
14618,31.53669444444445,123.66755555555555,1.0,40.0,2020-10-23 13:58:02,围网
14618,31.536638888888888,123.66783333333336,0.3,0.0,2020-10-23 14:08:01,围网
14618,31.53666666666667,123.66805555555555,0.4,0.0,2020-10-23 14:18:01,围网
14618,31.53661111111111,123.66808333333331,1.5,162.0,2020-10-23 14:28:01,围网
14618,31.536583333333336,123.66830555555555,0.8,206.0,2020-10-23 14:38:01,围网
14618,31.536583333333336,123.6685,0.7,83.0,2020-10-23 14:48:01,围网
14618,31.536638888888888,123.66858333333332,1.0,3.0,2020-10-23 14:58:01,围网
14618,31.53991666666667,123.66813888888888,2.9,335.0,2020-10-23 15:08:01,围网
14618,31.52322222222222,123.66483333333332,9.0,195.0,2020-10-23 15:18:01,围网
14618,31.501277777777766,123.65727777777781,7.2,206.0,2020-10-23 15:28:01,围网
14618,31.481638888888888,123.64277777777778,7.6,210.0,2020-10-23 15:38:01,围网
14618,31.47425,123.64036111111112,1.2,97.0,2020-10-23 15:48:01,围网
14618,31.473888888888887,123.64211111111112,1.0,103.0,2020-10-23 15:58:01,围网
14618,31.474694444444445,123.6437777777778,1.1,346.0,2020-10-23 16:08:00,围网
14618,31.47169444444444,123.64444444444445,4.7,179.0,2020-10-23 16:18:00,围网
14618,31.46672222222222,123.64700000000002,1.3,137.0,2020-10-23 16:28:00,围网
14618,31.463916666666666,123.65266666666668,1.8,110.0,2020-10-23 16:38:00,围网
14618,31.46113888888889,123.6587222222222,2.2,100.0,2020-10-23 16:48:00,围网
14618,31.45922222222222,123.6645277777778,3.3,101.0,2020-10-23 16:58:00,围网
14618,31.457777777777785,123.67113888888888,2.5,112.0,2020-10-23 17:08:00,围网
14618,31.45644444444445,123.67786111111113,3.1,118.0,2020-10-23 17:18:00,围网
14618,31.45513888888889,123.68480555555556,2.4,114.0,2020-10-23 17:28:00,围网
14618,31.45488888888889,123.69225,2.7,108.0,2020-10-23 17:38:00,围网
14618,31.454555555555554,123.69961111111112,3.1,103.0,2020-10-23 17:48:00,围网
14618,31.448305555555557,123.71241666666668,2.9,102.0,2020-10-23 18:07:59,围网
14618,31.448611111111113,123.72011111111112,2.5,109.0,2020-10-23 18:17:59,围网
14618,31.449472222222226,123.73516666666669,2.3,88.0,2020-10-23 18:38:02,围网
14618,31.44955555555555,123.74272222222223,2.7,99.0,2020-10-23 18:48:02,围网
14618,31.449388888888887,123.75075,2.1,83.0,2020-10-23 18:58:01,围网
14618,31.44916666666667,123.758,2.9,102.0,2020-10-23 19:08:01,围网
14618,31.448638888888887,123.76558333333332,2.8,85.0,2020-10-23 19:18:01,围网
14618,31.447805555555554,123.77308333333332,2.7,102.0,2020-10-23 19:28:01,围网
14618,31.44613888888889,123.78813888888894,2.5,83.0,2020-10-23 19:48:01,围网
14618,31.445305555555557,123.79558333333333,2.3,90.0,2020-10-23 19:58:01,围网
14618,31.444527777777786,123.80308333333332,2.5,93.0,2020-10-23 20:08:01,围网
14618,31.443305555555558,123.81038888888888,2.5,62.0,2020-10-23 20:18:01,围网
14618,31.442027777777767,123.818,3.1,94.0,2020-10-23 20:28:01,围网
14618,31.44183333333333,123.8250277777778,2.4,111.0,2020-10-23 20:38:00,围网
14618,31.44208333333333,123.83219444444444,1.6,82.0,2020-10-23 20:48:00,围网
14618,31.44191666666667,123.83925,2.8,107.0,2020-10-23 20:58:00,围网
14618,31.44113888888889,123.84672222222223,2.3,118.0,2020-10-23 21:08:00,围网
14618,31.440638888888888,123.85316666666668,2.1,70.0,2020-10-23 21:18:00,围网
14618,31.439777777777767,123.85991666666666,2.0,52.0,2020-10-23 21:28:00,围网
14618,31.43891666666667,123.86658333333332,2.2,87.0,2020-10-23 21:38:00,围网
14618,31.43758333333333,123.86555555555556,2.7,165.0,2020-10-23 21:48:00,围网
14618,31.434638888888887,123.86652777777776,2.1,190.0,2020-10-23 21:58:00,围网
14618,31.427972222222234,123.86708333333333,1.3,184.0,2020-10-23 22:18:00,围网
14618,31.424527777777786,123.86691666666664,1.7,165.0,2020-10-23 22:28:00,围网
14618,31.421805555555554,123.86586111111107,1.6,349.0,2020-10-23 22:37:59,围网
14618,31.43111111111111,123.8677222222222,5.6,3.0,2020-10-23 22:47:59,围网
14618,31.435166666666664,123.86644444444444,2.7,333.0,2020-10-23 22:57:59,围网
14618,31.440916666666666,123.85994444444445,3.4,327.0,2020-10-23 23:08:02,围网
14618,31.4435,123.85294444444445,2.8,336.0,2020-10-23 23:17:59,围网
14618,31.446027777777786,123.84702777777778,2.3,285.0,2020-10-23 23:28:02,围网
14618,31.44880555555556,123.84063888888888,2.4,287.0,2020-10-23 23:38:02,围网
14618,31.449805555555557,123.83325,2.4,292.0,2020-10-23 23:48:01,围网
14618,31.449972222222232,123.82600000000001,2.4,270.0,2020-10-23 23:58:01,围网
14618,31.45044444444445,123.81877777777778,3.8,254.0,2020-10-24 00:08:01,围网
14618,31.45105555555556,123.81169444444444,3.1,262.0,2020-10-24 00:18:01,围网
14618,31.45180555555555,123.80444444444444,3.4,270.0,2020-10-24 00:28:01,围网
14618,31.452527777777767,123.79719444444444,2.5,263.0,2020-10-24 00:38:01,围网
14618,31.45300000000001,123.78983333333332,2.9,260.0,2020-10-24 00:48:01,围网
14618,31.45344444444445,123.78233333333333,3.0,258.0,2020-10-24 00:58:01,围网
14618,31.45369444444445,123.77486111111112,2.8,284.0,2020-10-24 01:08:01,围网
14618,31.45397222222222,123.76755555555556,2.7,283.0,2020-10-24 01:18:00,围网
14618,31.45458333333333,123.75966666666666,2.4,253.0,2020-10-24 01:28:00,围网
14618,31.45519444444445,123.75272222222222,3.0,306.0,2020-10-24 01:38:00,围网
14618,31.45572222222221,123.74541666666666,2.4,293.0,2020-10-24 01:48:00,围网
14618,31.45622222222222,123.73822222222223,2.8,280.0,2020-10-24 01:58:00,围网
14618,31.45666666666667,123.73113888888888,2.3,281.0,2020-10-24 02:08:00,围网
14618,31.457166666666666,123.72394444444444,3.0,265.0,2020-10-24 02:18:00,围网
14618,31.45758333333333,123.71683333333334,2.3,302.0,2020-10-24 02:28:00,围网
14618,31.45783333333333,123.70983333333334,2.4,261.0,2020-10-24 02:38:00,围网
14618,31.458416666666665,123.70286111111112,2.3,263.0,2020-10-24 02:48:00,围网
14618,31.4585,123.6960277777778,3.4,313.0,2020-10-24 02:58:00,围网
14618,31.45875,123.68933333333334,3.0,258.0,2020-10-24 03:08:00,围网
14618,31.459083333333336,123.68275,1.5,252.0,2020-10-24 03:17:59,围网
14618,31.45944444444445,123.67616666666667,1.8,277.0,2020-10-24 03:27:59,围网
14618,31.459777777777767,123.66938888888888,2.5,310.0,2020-10-24 03:38:02,围网
14618,31.46044444444444,123.6635,1.7,250.0,2020-10-24 03:48:02,围网
14618,31.46102777777779,123.65730555555555,1.8,216.0,2020-10-24 03:58:02,围网
14618,31.4615,123.65205555555555,0.7,0.0,2020-10-24 04:08:01,围网
14618,31.462972222222234,123.65466666666669,3.7,44.0,2020-10-24 04:18:01,围网
14618,31.46333333333333,123.65588888888892,0.7,0.0,2020-10-24 04:28:01,围网
14618,31.46327777777779,123.65686111111113,0.5,0.0,2020-10-24 04:38:01,围网
14618,31.462972222222234,123.65705555555556,3.1,244.0,2020-10-24 04:48:01,围网
14618,31.45675,123.66055555555555,2.5,108.0,2020-10-24 04:58:01,围网
14618,31.4545,123.66697222222223,2.1,120.0,2020-10-24 05:08:01,围网
14618,31.452527777777767,123.67341666666668,2.6,145.0,2020-10-24 05:18:01,围网
14618,31.45036111111111,123.67994444444444,2.8,116.0,2020-10-24 05:28:01,围网
14618,31.447916666666664,123.68636111111113,2.5,97.0,2020-10-24 05:38:01,围网
14618,31.44747222222223,123.69433333333336,2.8,74.0,2020-10-24 05:48:01,围网
14618,31.44733333333333,123.70141666666666,3.6,119.0,2020-10-24 05:58:00,围网
14618,31.446222222222207,123.71638888888887,3.0,105.0,2020-10-24 06:18:00,围网
14618,31.445555555555554,123.72394444444444,4.4,142.0,2020-10-24 06:28:00,围网
14618,31.44525,123.73175,2.2,94.0,2020-10-24 06:38:00,围网
14618,31.44466666666667,123.73955555555555,2.4,97.0,2020-10-24 06:48:00,围网
14618,31.44408333333333,123.74755555555555,3.2,108.0,2020-10-24 06:58:00,围网
14618,31.44372222222221,123.7554722222222,2.8,98.0,2020-10-24 07:08:00,围网
14618,31.443444444444445,123.76341666666669,2.7,84.0,2020-10-24 07:18:00,围网
14618,31.44333333333333,123.7717222222222,2.6,55.0,2020-10-24 07:27:59,围网
14618,31.443361111111113,123.77919444444444,2.0,78.0,2020-10-24 07:37:59,围网
14618,31.443583333333336,123.78688888888887,1.9,101.0,2020-10-24 07:47:59,围网
14618,31.443972222222207,123.7949722222222,2.7,103.0,2020-10-24 07:57:59,围网
14618,31.444222222222226,123.80197222222222,2.3,66.0,2020-10-24 08:07:59,围网
14618,31.444555555555556,123.81675,1.8,63.0,2020-10-24 08:28:02,围网
14618,31.44458333333333,123.83113888888887,2.7,103.0,2020-10-24 08:48:01,围网
14618,31.444222222222226,123.83819444444444,3.4,112.0,2020-10-24 08:58:01,围网
14618,31.44394444444445,123.84516666666669,1.7,99.0,2020-10-24 09:08:01,围网
14618,31.44383333333333,123.8520277777778,2.0,93.0,2020-10-24 09:18:01,围网
14618,31.44355555555556,123.85880555555555,2.3,81.0,2020-10-24 09:28:01,围网
14618,31.442916666666665,123.86561111111112,2.3,82.0,2020-10-24 09:38:01,围网
14618,31.442277777777786,123.87230555555556,3.7,123.0,2020-10-24 09:48:01,围网
14618,31.44088888888889,123.87916666666666,1.8,123.0,2020-10-24 09:58:01,围网
14618,31.437916666666666,123.87788888888888,3.3,181.0,2020-10-24 10:08:00,围网
14618,31.4335,123.87838888888888,2.6,170.0,2020-10-24 10:18:00,围网
14618,31.42844444444445,123.87825,2.9,154.0,2020-10-24 10:28:00,围网
14618,31.42430555555556,123.8767777777778,3.8,15.0,2020-10-24 10:38:00,围网
14618,31.43872222222221,123.87830555555556,2.2,4.0,2020-10-24 10:48:00,围网
14618,31.440638888888888,123.87694444444445,3.8,223.0,2020-10-24 10:58:00,围网
14618,31.441277777777767,123.86761111111107,3.0,254.0,2020-10-24 11:08:00,围网
14618,31.441777777777766,123.86144444444444,2.6,275.0,2020-10-24 11:18:00,围网
14618,31.44275,123.8552222222222,2.5,262.0,2020-10-24 11:28:00,围网
14618,31.443166666666666,123.8485277777778,2.6,0.0,2020-10-24 11:38:00,围网
14618,31.443361111111113,123.84155555555556,2.3,250.0,2020-10-24 11:48:00,围网
14618,31.4435,123.83444444444444,2.2,249.0,2020-10-24 11:58:00,围网
14618,31.443472222222233,123.82722222222222,2.5,256.0,2020-10-24 12:08:00,围网
14618,31.44361111111111,123.8195,2.7,287.0,2020-10-24 12:17:59,围网
14618,31.44372222222221,123.81244444444445,2.2,271.0,2020-10-24 12:27:59,围网
14618,31.44408333333333,123.80486111111112,2.7,262.0,2020-10-24 12:37:59,围网
14618,31.444527777777786,123.79719444444444,3.0,266.0,2020-10-24 12:47:59,围网
14618,31.444722222222207,123.78947222222222,3.2,259.0,2020-10-24 12:57:59,围网
14618,31.445,123.78161111111108,2.9,269.0,2020-10-24 13:08:02,围网
14618,31.444944444444445,123.77369444444444,2.2,276.0,2020-10-24 13:18:02,围网
14618,31.44508333333333,123.76575,3.4,259.0,2020-10-24 13:28:01,围网
14618,31.44544444444445,123.7577222222222,2.8,248.0,2020-10-24 13:38:01,围网
14618,31.44558333333333,123.74972222222222,2.8,273.0,2020-10-24 13:48:01,围网
14618,31.44583333333333,123.74172222222224,2.2,273.0,2020-10-24 13:58:01,围网
14618,31.44594444444445,123.73375,2.8,266.0,2020-10-24 14:08:01,围网
14618,31.44575,123.72575,3.0,263.0,2020-10-24 14:18:01,围网
14618,31.44572222222222,123.71733333333331,2.8,233.0,2020-10-24 14:28:01,围网
14618,31.44583333333333,123.70988888888893,3.3,296.0,2020-10-24 14:38:01,围网
14618,31.446055555555557,123.70194444444445,2.8,277.0,2020-10-24 14:48:01,围网
14618,31.44625,123.6940277777778,3.1,316.0,2020-10-24 14:58:01,围网
14618,31.44686111111111,123.68625,2.4,280.0,2020-10-24 15:08:00,围网
14618,31.447777777777766,123.67855555555555,2.5,248.0,2020-10-24 15:18:00,围网
14618,31.448611111111113,123.67094444444444,2.7,285.0,2020-10-24 15:28:00,围网
14618,31.449277777777766,123.66341666666668,2.2,264.0,2020-10-24 15:38:00,围网
14618,31.446472222222226,123.65700000000001,2.3,241.0,2020-10-24 15:48:00,围网
14618,31.442638888888887,123.653,0.9,14.0,2020-10-24 15:58:00,围网
14618,31.445777777777767,123.65411111111112,1.7,287.0,2020-10-24 16:08:00,围网
14618,31.446472222222226,123.65283333333336,1.0,227.0,2020-10-24 16:28:00,围网
14618,31.44955555555555,123.65166666666669,1.9,247.0,2020-10-24 16:38:00,围网
14618,31.45261111111111,123.65536111111112,2.4,41.0,2020-10-24 16:48:00,围网
14618,31.45525,123.66127777777778,2.8,30.0,2020-10-24 16:57:59,围网
14618,31.458055555555553,123.66713888888893,2.0,72.0,2020-10-24 17:07:59,围网
14618,31.460527777777767,123.67313888888893,2.5,53.0,2020-10-24 17:17:59,围网
14618,31.461972222222233,123.6795277777778,2.0,98.0,2020-10-24 17:27:59,围网
14618,31.462666666666664,123.68605555555555,3.0,107.0,2020-10-24 17:37:59,围网
14618,31.463416666666664,123.69269444444444,2.3,89.0,2020-10-24 17:48:02,围网
14618,31.46313888888889,123.69930555555555,2.6,95.0,2020-10-24 17:58:01,围网
14618,31.4625,123.70577777777778,2.7,89.0,2020-10-24 18:08:01,围网
14618,31.462694444444452,123.71294444444445,2.3,88.0,2020-10-24 18:18:01,围网
14618,31.462944444444442,123.71958333333332,2.5,79.0,2020-10-24 18:28:01,围网
14618,31.46319444444445,123.72661111111113,2.2,85.0,2020-10-24 18:38:01,围网
14618,31.46313888888889,123.73402777777777,2.1,85.0,2020-10-24 18:48:01,围网
14618,31.463166666666666,123.74069444444444,2.3,104.0,2020-10-24 18:58:00,围网
14618,31.46308333333333,123.74786111111112,2.0,102.0,2020-10-24 19:08:01,围网
14618,31.462861111111113,123.75502777777777,2.7,75.0,2020-10-24 19:18:01,围网
14618,31.462527777777765,123.76222222222222,2.6,95.0,2020-10-24 19:28:01,围网
14618,31.462111111111113,123.76952777777778,2.3,105.0,2020-10-24 19:38:01,围网
14618,31.46230555555555,123.7769722222222,2.4,65.0,2020-10-24 19:48:01,围网
14618,31.462666666666664,123.78447222222222,2.2,99.0,2020-10-24 19:58:00,围网
14618,31.46319444444445,123.79958333333332,2.5,98.0,2020-10-24 20:18:00,围网
14618,31.463166666666666,123.80713888888887,2.5,92.0,2020-10-24 20:28:00,围网
14618,31.46305555555556,123.81469444444444,2.4,74.0,2020-10-24 20:38:00,围网
14618,31.463027777777786,123.82238888888894,2.4,110.0,2020-10-24 20:48:00,围网
14618,31.462916666666665,123.83044444444445,2.2,94.0,2020-10-24 20:58:00,围网
14618,31.462861111111113,123.83755555555555,2.7,105.0,2020-10-24 21:08:00,围网
14618,31.462694444444452,123.84522222222222,1.9,115.0,2020-10-24 21:18:00,围网
14618,31.46258333333333,123.85283333333334,2.6,76.0,2020-10-24 21:28:00,围网
14618,31.46247222222221,123.86044444444444,2.6,97.0,2020-10-24 21:38:00,围网
14618,31.46222222222222,123.86808333333332,2.7,99.0,2020-10-24 21:47:59,围网
14618,31.46208333333333,123.87563888888887,2.4,91.0,2020-10-24 21:57:59,围网
14618,31.462,123.88319444444444,3.2,63.0,2020-10-24 22:07:59,围网
14618,31.461861111111112,123.89075,2.3,121.0,2020-10-24 22:17:59,围网
14618,31.46183333333333,123.89819444444444,2.6,45.0,2020-10-24 22:27:59,围网
14618,31.461861111111112,123.90555555555555,2.2,78.0,2020-10-24 22:38:01,围网
14618,31.4615,123.91275,2.3,88.0,2020-10-24 22:48:02,围网
14618,31.461444444444442,123.91986111111113,2.0,112.0,2020-10-24 22:58:01,围网
14618,31.46019444444445,123.91880555555555,3.2,201.0,2020-10-24 23:08:01,围网
14618,31.45863888888889,123.91908333333332,2.2,173.0,2020-10-24 23:18:01,围网
14618,31.4565,123.91938888888888,1.3,186.0,2020-10-24 23:28:01,围网
14618,31.464,123.92527777777778,7.9,28.0,2020-10-24 23:38:01,围网
14618,31.483916666666666,123.93430555555555,7.7,23.0,2020-10-24 23:48:01,围网
14618,31.50344444444445,123.9427777777778,7.7,22.0,2020-10-24 23:58:01,围网
14618,31.50966666666667,123.94308333333332,2.9,252.0,2020-10-25 00:08:01,围网
14618,31.50975,123.93433333333334,1.9,279.0,2020-10-25 00:18:01,围网
14618,31.510055555555557,123.92780555555555,0.9,278.0,2020-10-25 00:28:01,围网
14618,31.510527777777767,123.92136111111112,1.6,300.0,2020-10-25 00:38:01,围网
14618,31.511111111111113,123.91486111111112,1.7,285.0,2020-10-25 00:48:00,围网
14618,31.511416666666666,123.90819444444445,2.5,245.0,2020-10-25 00:58:00,围网
14618,31.511944444444445,123.90158333333332,1.8,287.0,2020-10-25 01:08:00,围网
14618,31.51238888888889,123.89433333333336,2.0,280.0,2020-10-25 01:18:00,围网
14618,31.51286111111111,123.88791666666668,2.5,281.0,2020-10-25 01:28:00,围网
14618,31.513361111111113,123.881,2.1,282.0,2020-10-25 01:38:00,围网
14618,31.51388888888889,123.874,2.5,243.0,2020-10-25 01:48:00,围网
14618,31.51425,123.86705555555555,2.3,280.0,2020-10-25 01:58:00,围网
14618,31.51444444444445,123.86008333333334,2.2,270.0,2020-10-25 02:08:00,围网
14618,31.51475,123.85305555555556,2.1,265.0,2020-10-25 02:18:00,围网
14618,31.51505555555556,123.846,2.1,274.0,2020-10-25 02:27:59,围网
14618,31.51552777777778,123.83888888888887,2.1,277.0,2020-10-25 02:37:59,围网
14618,31.51586111111111,123.83183333333334,2.8,296.0,2020-10-25 02:47:59,围网
14618,31.51613888888889,123.82486111111106,2.4,266.0,2020-10-25 02:57:59,围网
14618,31.516527777777767,123.8177777777778,2.0,267.0,2020-10-25 03:07:59,围网
14618,31.51688888888889,123.81080555555555,2.2,256.0,2020-10-25 03:18:02,围网
14618,31.517277777777768,123.80344444444445,2.2,286.0,2020-10-25 03:27:59,围网
14618,31.517666666666663,123.79694444444445,2.2,276.0,2020-10-25 03:38:01,围网
14618,31.51805555555556,123.79011111111107,2.4,292.0,2020-10-25 03:48:01,围网
14618,31.51833333333333,123.78330555555556,2.0,264.0,2020-10-25 03:58:01,围网
14618,31.51883333333333,123.77625,2.0,268.0,2020-10-25 04:08:01,围网
14618,31.519305555555555,123.76986111111113,1.9,266.0,2020-10-25 04:18:01,围网
14618,31.51969444444445,123.76325,2.1,265.0,2020-10-25 04:28:01,围网
14618,31.520111111111113,123.75669444444445,2.6,313.0,2020-10-25 04:38:01,围网
14618,31.52108333333333,123.75013888888887,1.9,292.0,2020-10-25 04:48:01,围网
14618,31.52194444444445,123.74363888888887,3.1,313.0,2020-10-25 04:58:01,围网
14618,31.52308333333333,123.7372777777778,2.3,310.0,2020-10-25 05:08:01,围网
14618,31.524,123.73102777777778,1.4,319.0,2020-10-25 05:18:01,围网
14618,31.52622222222222,123.73425,1.0,8.0,2020-10-25 05:28:00,围网
14618,31.527722222222234,123.73458333333332,0.4,0.0,2020-10-25 05:38:00,围网
14618,31.528777777777766,123.73455555555556,0.6,351.0,2020-10-25 05:48:00,围网
14618,31.52569444444445,123.73313888888887,1.4,159.0,2020-10-25 05:58:00,围网
14618,31.510277777777766,123.72944444444445,8.2,212.0,2020-10-25 06:08:00,围网
14618,31.491972222222234,123.71622222222223,8.0,207.0,2020-10-25 06:18:00,围网
14618,31.47272222222222,123.70558333333334,7.5,200.0,2020-10-25 06:28:00,围网
14618,31.466638888888887,123.69927777777778,4.1,6.0,2020-10-25 06:38:00,围网
14618,31.467916666666664,123.70980555555555,3.0,71.0,2020-10-25 06:48:00,围网
14618,31.468055555555555,123.71716666666669,2.1,91.0,2020-10-25 06:58:00,围网
14618,31.467861111111112,123.72452777777778,2.4,77.0,2020-10-25 07:08:00,围网
14618,31.4675,123.73183333333334,2.5,79.0,2020-10-25 07:17:59,围网
14618,31.46716666666667,123.7392222222222,4.0,88.0,2020-10-25 07:27:59,围网
14618,31.467194444444445,123.74683333333334,2.6,73.0,2020-10-25 07:37:59,围网
14618,31.467111111111112,123.75480555555555,2.5,80.0,2020-10-25 07:47:59,围网
14618,31.46686111111111,123.76177777777778,2.8,112.0,2020-10-25 07:57:59,围网
14618,31.466583333333336,123.76936111111112,2.3,74.0,2020-10-25 08:08:02,围网
14618,31.46638888888889,123.77694444444445,2.2,73.0,2020-10-25 08:18:01,围网
14618,31.466472222222233,123.78458333333332,2.4,98.0,2020-10-25 08:28:01,围网
14618,31.466638888888887,123.79230555555556,2.6,94.0,2020-10-25 08:38:01,围网
14618,31.466444444444445,123.80005555555556,2.8,113.0,2020-10-25 08:48:01,围网
14618,31.4655,123.8155,2.0,78.0,2020-10-25 09:08:01,围网
14618,31.465,123.82319444444445,2.3,82.0,2020-10-25 09:18:01,围网
14618,31.464388888888887,123.831,2.6,89.0,2020-10-25 09:28:01,围网
14618,31.4645,123.83863888888888,2.6,91.0,2020-10-25 09:38:01,围网
14618,31.46375,123.8472222222222,2.4,97.0,2020-10-25 09:48:01,围网
14618,31.46383333333333,123.85486111111106,2.9,93.0,2020-10-25 09:58:01,围网
14618,31.463638888888887,123.86186111111112,2.0,59.0,2020-10-25 10:08:00,围网
14618,31.46333333333333,123.86941666666664,2.6,97.0,2020-10-25 10:18:00,围网
14618,31.46311111111111,123.87680555555555,2.6,99.0,2020-10-25 10:28:00,围网
14618,31.462972222222234,123.88416666666667,2.5,77.0,2020-10-25 10:38:00,围网
14618,31.46233333333333,123.89144444444445,2.6,64.0,2020-10-25 10:48:00,围网
14618,31.461416666666665,123.89877777777781,2.3,72.0,2020-10-25 10:58:00,围网
14618,31.460555555555555,123.90597222222222,2.5,104.0,2020-10-25 11:08:00,围网
14618,31.45975,123.91311111111112,1.7,85.0,2020-10-25 11:18:00,围网
14618,31.45891666666667,123.92013888888887,2.9,117.0,2020-10-25 11:28:00,围网
14618,31.45788888888889,123.92705555555555,2.9,121.0,2020-10-25 11:38:00,围网
14618,31.45669444444445,123.93058333333332,2.3,290.0,2020-10-25 11:48:00,围网
14618,31.454027777777767,123.92925,1.7,181.0,2020-10-25 11:58:00,围网
14618,31.45063888888889,123.92944444444444,2.5,189.0,2020-10-25 12:07:59,围网
14618,31.447388888888888,123.92933333333336,1.1,185.0,2020-10-25 12:17:59,围网
14618,31.45758333333333,123.93780555555556,3.5,31.0,2020-10-25 12:27:59,围网
14618,31.46725,123.94566666666668,5.0,57.0,2020-10-25 12:37:59,围网
14618,31.47533333333333,123.95686111111112,1.4,255.0,2020-10-25 12:48:02,围网
14618,31.473111111111113,123.95580555555556,2.2,210.0,2020-10-25 12:58:01,围网
14618,31.470194444444445,123.9549722222222,0.8,0.0,2020-10-25 13:08:01,围网
14618,31.46744444444445,123.95366666666668,0.4,0.0,2020-10-25 13:18:01,围网
14618,31.46847222222221,123.95011111111113,3.3,275.0,2020-10-25 13:28:01,围网
14618,31.47,123.94080555555556,2.6,262.0,2020-10-25 13:38:01,围网
14618,31.471138888888888,123.93416666666668,2.2,284.0,2020-10-25 13:48:01,围网
14618,31.47197222222222,123.92725,2.7,0.0,2020-10-25 13:58:01,围网
14618,31.47261111111111,123.92008333333334,2.8,0.0,2020-10-25 14:08:01,围网
14618,31.473027777777766,123.91236111111112,2.5,263.0,2020-10-25 14:18:01,围网
14618,31.47363888888889,123.90536111111112,2.6,302.0,2020-10-25 14:28:01,围网
14618,31.47422222222221,123.89788888888893,2.4,271.0,2020-10-25 14:38:01,围网
14618,31.474777777777767,123.89038888888888,2.6,257.0,2020-10-25 14:48:00,围网
14618,31.475361111111113,123.88286111111113,2.3,272.0,2020-10-25 14:58:01,围网
14618,31.476,123.87533333333332,2.2,279.0,2020-10-25 15:08:00,围网
14618,31.476277777777767,123.86766666666666,2.5,244.0,2020-10-25 15:18:00,围网
14618,31.47644444444445,123.86002777777777,2.7,253.0,2020-10-25 15:28:00,围网
14618,31.47644444444445,123.85230555555556,2.5,270.0,2020-10-25 15:38:00,围网
14618,31.47658333333333,123.84458333333332,2.7,294.0,2020-10-25 15:48:00,围网
14618,31.47658333333333,123.83680555555556,2.1,279.0,2020-10-25 15:58:00,围网
14618,31.47663888888889,123.82922222222223,2.4,259.0,2020-10-25 16:08:00,围网
14618,31.47666666666667,123.82166666666666,2.4,279.0,2020-10-25 16:18:00,围网
14618,31.47669444444445,123.81358333333333,2.3,266.0,2020-10-25 16:28:00,围网
14618,31.476722222222207,123.80647222222223,2.4,251.0,2020-10-25 16:38:00,围网
14618,31.476805555555554,123.79899999999999,2.5,278.0,2020-10-25 16:47:59,围网
14618,31.476861111111113,123.79155555555555,2.4,287.0,2020-10-25 16:57:59,围网
14618,31.47694444444444,123.78413888888888,2.1,256.0,2020-10-25 17:07:59,围网
14618,31.476999999999997,123.77686111111113,2.7,281.0,2020-10-25 17:18:02,围网
14618,31.47705555555555,123.76955555555556,2.2,267.0,2020-10-25 17:28:02,围网
14618,31.477166666666665,123.76236111111106,2.1,266.0,2020-10-25 17:38:01,围网
14618,31.47736111111111,123.7552777777778,2.4,277.0,2020-10-25 17:48:01,围网
14618,31.477555555555554,123.74833333333332,1.8,251.0,2020-10-25 17:58:01,围网
14618,31.477722222222226,123.74138888888888,2.2,273.0,2020-10-25 18:08:01,围网
14618,31.477916666666665,123.73463888888894,1.9,264.0,2020-10-25 18:18:01,围网
14618,31.478,123.72802777777777,2.0,277.0,2020-10-25 18:28:01,围网
14618,31.47869444444445,123.72391666666668,3.2,54.0,2020-10-25 18:38:01,围网
14618,31.48033333333333,123.72616666666669,1.1,37.0,2020-10-25 18:48:01,围网
14618,31.48236111111111,123.72572222222223,0.5,5.0,2020-10-25 18:58:01,围网
14618,31.48441666666667,123.72533333333334,0.6,301.0,2020-10-25 19:08:01,围网
14618,31.486666666666668,123.72494444444445,0.7,338.0,2020-10-25 19:18:01,围网
14618,31.48927777777777,123.72752777777778,5.3,99.0,2020-10-25 19:28:01,围网
14618,31.48838888888889,123.73491666666666,1.9,116.0,2020-10-25 19:38:00,围网
14618,31.486583333333336,123.74125,2.4,86.0,2020-10-25 19:48:00,围网
14618,31.48494444444445,123.74769444444445,1.8,106.0,2020-10-25 19:58:00,围网
14618,31.483361111111112,123.75438888888887,2.4,99.0,2020-10-25 20:08:00,围网
14618,31.48177777777777,123.76113888888888,2.0,108.0,2020-10-25 20:18:00,围网
14618,31.47883333333333,123.77497222222222,2.4,98.0,2020-10-25 20:38:00,围网
14618,31.47819444444444,123.7832222222222,2.5,104.0,2020-10-25 20:48:00,围网
14618,31.476999999999997,123.79047222222222,2.6,92.0,2020-10-25 20:58:00,围网
14618,31.47625,123.79833333333332,2.7,110.0,2020-10-25 21:08:00,围网
14618,31.47483333333333,123.81438888888887,2.5,100.0,2020-10-25 21:27:59,围网
14618,31.474805555555548,123.82263888888887,2.3,99.0,2020-10-25 21:37:59,围网
14618,31.474805555555548,123.83083333333332,2.9,82.0,2020-10-25 21:47:59,围网
14618,31.474638888888887,123.83902777777777,2.7,82.0,2020-10-25 21:57:59,围网
14618,31.474166666666665,123.8472222222222,2.7,95.0,2020-10-25 22:08:01,围网
14618,31.47397222222222,123.8555,2.8,91.0,2020-10-25 22:18:01,围网
14618,31.474166666666665,123.86383333333332,2.8,93.0,2020-10-25 22:28:02,围网
14618,31.474138888888888,123.88044444444445,2.9,107.0,2020-10-25 22:48:01,围网
14618,31.474,123.88913888888894,2.7,100.0,2020-10-25 22:58:01,围网
14618,31.474055555555548,123.8967777777778,2.4,92.0,2020-10-25 23:08:01,围网
14618,31.474055555555548,123.90486111111113,2.4,94.0,2020-10-25 23:18:01,围网
14618,31.474055555555548,123.91288888888887,2.3,80.0,2020-10-25 23:28:01,围网
14618,31.474055555555548,123.92086111111112,2.6,84.0,2020-10-25 23:38:01,围网
14618,31.474055555555548,123.92877777777778,2.6,72.0,2020-10-25 23:48:01,围网
14618,31.473916666666664,123.93672222222223,2.5,95.0,2020-10-25 23:58:01,围网
14618,31.473916666666664,123.94447222222222,2.2,95.0,2020-10-26 00:08:01,围网
14618,31.47383333333333,123.95213888888892,2.4,78.0,2020-10-26 00:18:01,围网
14618,31.473805555555554,123.95972222222224,2.2,91.0,2020-10-26 00:28:00,围网
14618,31.473805555555554,123.96716666666669,2.2,88.0,2020-10-26 00:38:00,围网
14618,31.47361111111111,123.96561111111113,1.9,84.0,2020-10-26 00:48:00,围网
14618,31.471777777777767,123.96777777777778,0.7,161.0,2020-10-26 00:58:00,围网
14618,31.470388888888888,123.9680277777778,0.8,190.0,2020-10-26 01:08:00,围网
14618,31.46908333333333,123.96813888888887,0.8,260.0,2020-10-26 01:18:00,围网
14618,31.46763888888889,123.96805555555555,0.7,36.0,2020-10-26 01:28:00,围网
14618,31.46622222222221,123.96786111111112,0.4,200.0,2020-10-26 01:38:00,围网
14618,31.46475,123.96741666666668,0.5,174.0,2020-10-26 01:48:00,围网
14618,31.46563888888889,123.95913888888887,8.8,283.0,2020-10-26 01:58:00,围网
14618,31.468499999999995,123.93005555555555,8.9,280.0,2020-10-26 02:08:00,围网
14618,31.47741666666667,123.90291666666668,9.1,285.0,2020-10-26 02:17:59,围网
14618,31.48622222222221,123.87566666666666,9.2,291.0,2020-10-26 02:27:59,围网
14618,31.495222222222232,123.84841666666668,9.1,286.0,2020-10-26 02:37:59,围网
14618,31.504,123.82102777777777,8.9,287.0,2020-10-26 02:47:59,围网
14618,31.512611111111113,123.79899999999999,2.4,301.0,2020-10-26 02:58:01,围网
14618,31.517,123.77991666666668,8.4,271.0,2020-10-26 03:08:02,围网
14618,31.51872222222222,123.74916666666668,8.9,271.0,2020-10-26 03:18:01,围网
14618,31.519055555555553,123.72241666666667,5.0,270.0,2020-10-26 03:28:01,围网
14618,31.51897222222221,123.71694444444445,0.8,244.0,2020-10-26 03:38:01,围网
14618,31.519055555555553,123.71469444444445,1.2,227.0,2020-10-26 03:48:01,围网
14618,31.52025,123.70347222222222,9.2,271.0,2020-10-26 03:58:01,围网
14618,31.51608333333333,123.67361111111113,9.2,262.0,2020-10-26 04:08:01,围网
14618,31.512305555555553,123.61308333333332,9.3,267.0,2020-10-26 04:28:01,围网
14618,31.512,123.5827777777778,9.5,275.0,2020-10-26 04:38:01,围网
14618,31.5125,123.55236111111107,9.6,272.0,2020-10-26 04:48:01,围网
14618,31.512666666666664,123.53525,1.5,282.0,2020-10-26 04:58:01,围网
14618,31.51425,123.53236111111107,0.8,326.0,2020-10-26 05:08:01,围网
14618,31.515638888888887,123.53025,1.3,313.0,2020-10-26 05:18:00,围网
14618,31.517111111111113,123.52830555555555,1.0,314.0,2020-10-26 05:28:00,围网
14618,31.51875,123.52669444444444,0.9,332.0,2020-10-26 05:38:00,围网
14618,31.52052777777779,123.52488888888894,0.8,325.0,2020-10-26 05:48:00,围网
14618,31.522388888888887,123.52322222222223,0.9,345.0,2020-10-26 05:58:00,围网
14618,31.524305555555554,123.52175,1.3,347.0,2020-10-26 06:08:00,围网
14618,31.52608333333333,123.52041666666666,0.8,0.0,2020-10-26 06:18:00,围网
14618,31.52788888888889,123.51919444444445,1.5,344.0,2020-10-26 06:28:00,围网
14618,31.529888888888888,123.518,1.2,324.0,2020-10-26 06:38:00,围网
14618,31.53191666666667,123.51688888888887,1.1,318.0,2020-10-26 06:48:00,围网
14618,31.534027777777766,123.51602777777778,1.8,278.0,2020-10-26 06:57:59,围网
14618,31.53605555555556,123.51508333333334,0.9,0.0,2020-10-26 07:07:59,围网
14618,31.538083333333336,123.51438888888887,0.5,0.0,2020-10-26 07:17:59,围网
14618,31.53988888888889,123.51366666666668,0.8,0.0,2020-10-26 07:27:59,围网
14618,31.543944444444445,123.5125277777778,0.8,317.0,2020-10-26 07:48:02,围网
14618,31.54561111111111,123.51219444444445,0.7,346.0,2020-10-26 07:58:01,围网
14618,31.54725,123.51205555555555,0.4,347.0,2020-10-26 08:08:01,围网
14618,31.54883333333333,123.51211111111112,0.8,6.0,2020-10-26 08:18:01,围网
14618,31.549805555555558,123.51258333333334,0.5,249.0,2020-10-26 08:28:01,围网
14618,31.550555555555555,123.5125277777778,0.2,0.0,2020-10-26 08:38:01,围网
14618,31.552222222222234,123.51416666666668,3.2,330.0,2020-10-26 08:48:01,围网
14618,31.55116666666667,123.51236111111106,0.1,0.0,2020-10-26 08:58:01,围网
14618,31.551333333333336,123.51263888888887,0.2,0.0,2020-10-26 09:08:01,围网
14618,31.55158333333333,123.51327777777777,0.1,0.0,2020-10-26 09:18:01,围网
14618,31.551527777777785,123.5144722222222,1.0,57.0,2020-10-26 09:28:01,围网
14618,31.540222222222226,123.5142777777778,9.6,176.0,2020-10-26 09:38:01,围网
14618,31.514,123.51302777777776,9.0,184.0,2020-10-26 09:48:00,围网
14618,31.491277777777785,123.51602777777778,8.5,164.0,2020-10-26 09:58:00,围网
14618,31.46675,123.51488888888888,9.1,179.0,2020-10-26 10:08:00,围网
14618,31.442138888888888,123.51455555555556,8.6,181.0,2020-10-26 10:18:00,围网
14618,31.417361111111113,123.51280555555556,8.9,188.0,2020-10-26 10:28:00,围网
14618,31.39244444444445,123.50977777777778,9.0,187.0,2020-10-26 10:38:00,围网
14618,31.36816666666667,123.50719444444445,9.4,184.0,2020-10-26 10:48:00,围网
14618,31.342527777777768,123.50686111111106,9.0,181.0,2020-10-26 10:58:00,围网
14618,31.316777777777766,123.5065,9.0,180.0,2020-10-26 11:08:00,围网
14618,31.290861111111113,123.50616666666667,9.2,178.0,2020-10-26 11:18:00,围网
14618,31.26458333333333,123.506,9.8,181.0,2020-10-26 11:28:00,围网
14618,31.23791666666667,123.50563888888892,9.7,182.0,2020-10-26 11:37:59,围网
14618,31.21058333333333,123.50511111111106,9.9,179.0,2020-10-26 11:47:59,围网
14618,31.181027777777786,123.50488888888893,9.9,180.0,2020-10-26 11:58:02,围网
14618,31.154555555555554,123.50436111111112,10.1,184.0,2020-10-26 12:07:59,围网
14618,31.09883333333333,123.50363888888887,10.1,178.0,2020-10-26 12:28:01,围网
14618,31.07113888888889,123.50358333333332,9.7,181.0,2020-10-26 12:38:01,围网
14618,31.04369444444445,123.50316666666667,9.8,182.0,2020-10-26 12:48:01,围网
14618,31.016444444444453,123.50266666666668,9.5,179.0,2020-10-26 12:58:01,围网
14618,30.98927777777777,123.50269444444444,9.5,178.0,2020-10-26 13:08:01,围网
14618,30.96225,123.50222222222222,9.6,177.0,2020-10-26 13:18:01,围网
14618,30.935416666666665,123.5019722222222,9.6,180.0,2020-10-26 13:28:01,围网
14618,30.90858333333333,123.50147222222222,9.5,180.0,2020-10-26 13:38:01,围网
14618,30.881305555555556,123.50108333333333,9.8,180.0,2020-10-26 13:48:01,围网
14618,30.85458333333333,123.50116666666668,9.2,177.0,2020-10-26 13:58:01,围网
14618,30.82697222222221,123.50369444444445,9.5,190.0,2020-10-26 14:08:01,围网
14618,30.802111111111113,123.50225,9.5,180.0,2020-10-26 14:18:01,围网
14618,30.77525,123.50194444444445,9.6,178.0,2020-10-26 14:28:00,围网
14618,30.74888888888889,123.50327777777778,9.6,177.0,2020-10-26 14:38:00,围网
14618,30.722527777777767,123.50327777777778,9.3,181.0,2020-10-26 14:48:00,围网
14618,30.69625,123.50436111111112,9.4,178.0,2020-10-26 14:58:00,围网
14618,30.67013888888889,123.50605555555555,9.3,174.0,2020-10-26 15:08:00,围网
14618,30.644416666666668,123.50794444444445,9.2,173.0,2020-10-26 15:18:00,围网
14618,30.61872222222221,123.5085277777778,9.2,178.0,2020-10-26 15:28:00,围网
14618,30.592777777777766,123.50933333333334,9.3,178.0,2020-10-26 15:38:00,围网
14618,30.566777777777766,123.51,9.1,176.0,2020-10-26 15:48:00,围网
14618,30.54125,123.51061111111113,8.9,178.0,2020-10-26 15:58:00,围网
14618,30.515888888888888,123.5112777777778,8.9,180.0,2020-10-26 16:08:00,围网
14618,30.489472222222233,123.51216666666666,8.9,179.0,2020-10-26 16:17:59,围网
14618,30.466305555555557,123.5127222222222,8.8,179.0,2020-10-26 16:27:59,围网
14618,30.44163888888889,123.51355555555556,8.9,178.0,2020-10-26 16:37:59,围网
14618,30.41694444444445,123.5142777777778,9.0,172.0,2020-10-26 16:48:02,围网
14618,30.39233333333333,123.51605555555555,8.7,177.0,2020-10-26 16:58:02,围网
14618,30.370305555555557,123.51658333333332,2.6,176.0,2020-10-26 17:08:02,围网
14618,30.371,123.51763888888887,3.8,254.0,2020-10-26 17:18:01,围网
14618,30.37994444444445,123.51430555555555,2.4,357.0,2020-10-26 17:28:01,围网
14618,30.38705555555555,123.51286111111106,2.2,6.0,2020-10-26 17:38:01,围网
14618,30.39402777777777,123.51083333333334,2.0,23.0,2020-10-26 17:48:00,围网
14618,30.401055555555555,123.50858333333332,2.3,44.0,2020-10-26 17:58:01,围网
14618,30.408166666666666,123.50658333333334,2.2,0.0,2020-10-26 18:08:01,围网
14618,30.41544444444445,123.50455555555556,2.4,334.0,2020-10-26 18:18:01,围网
14618,30.422138888888888,123.50175,2.7,339.0,2020-10-26 18:28:01,围网
14618,30.42852777777778,123.49913888888888,2.6,336.0,2020-10-26 18:38:01,围网
14618,30.44241666666667,123.49380555555555,2.6,338.0,2020-10-26 18:58:01,围网
14618,30.44941666666667,123.49180555555556,2.6,341.0,2020-10-26 19:08:00,围网
14618,30.45647222222221,123.48975,2.8,339.0,2020-10-26 19:18:00,围网
14618,30.46347222222222,123.48763888888887,2.9,340.0,2020-10-26 19:28:00,围网
14618,30.470388888888888,123.48555555555555,2.7,339.0,2020-10-26 19:38:00,围网
14618,30.47738888888889,123.48352777777778,2.5,341.0,2020-10-26 19:48:00,围网
14618,30.484361111111113,123.48141666666666,2.7,334.0,2020-10-26 19:58:00,围网
14618,30.491194444444453,123.47938888888888,2.4,337.0,2020-10-26 20:08:00,围网
14618,30.49794444444445,123.47741666666668,2.4,337.0,2020-10-26 20:18:00,围网
14618,30.50486111111111,123.476,2.4,350.0,2020-10-26 20:28:00,围网
14618,30.512305555555553,123.47583333333334,2.5,9.0,2020-10-26 20:38:00,围网
14618,30.51888888888889,123.4760277777778,2.6,10.0,2020-10-26 20:47:59,围网
14618,30.525805555555557,123.476,2.3,354.0,2020-10-26 20:57:59,围网
14618,30.53911111111111,123.4755,2.3,358.0,2020-10-26 21:17:59,围网
14618,30.545666666666666,123.47536111111113,2.3,353.0,2020-10-26 21:28:02,围网
14618,30.55163888888889,123.47511111111113,1.1,165.0,2020-10-26 21:38:02,围网
14618,30.549722222222233,123.47925,3.4,114.0,2020-10-26 21:48:02,围网
14618,30.549,123.48083333333334,0.6,73.0,2020-10-26 21:58:02,围网
14618,30.549222222222234,123.48177777777778,0.4,0.0,2020-10-26 22:08:01,围网
14618,30.54561111111111,123.48355555555555,8.5,183.0,2020-10-26 22:18:01,围网
14618,30.525055555555554,123.49841666666669,2.5,141.0,2020-10-26 22:38:01,围网
14618,30.51875,123.50236111111107,2.3,159.0,2020-10-26 22:48:01,围网
14618,30.512888888888888,123.50536111111113,2.6,150.0,2020-10-26 22:58:01,围网
14618,30.506527777777766,123.50825,2.6,163.0,2020-10-26 23:08:01,围网
14618,30.5,123.51088888888893,2.8,152.0,2020-10-26 23:18:01,围网
14618,30.49341666666667,123.51355555555556,2.7,157.0,2020-10-26 23:28:01,围网
14618,30.48688888888889,123.5167777777778,2.7,148.0,2020-10-26 23:38:00,围网
14618,30.480583333333332,123.521,2.7,153.0,2020-10-26 23:48:00,围网
14618,30.47427777777777,123.52516666666668,2.8,154.0,2020-10-26 23:58:00,围网
14618,30.46788888888889,123.52938888888887,2.8,142.0,2020-10-27 00:08:00,围网
14618,30.4615,123.53369444444445,2.7,152.0,2020-10-27 00:18:00,围网
14618,30.45513888888889,123.53788888888887,2.7,147.0,2020-10-27 00:28:00,围网
14618,30.44875,123.54208333333332,2.7,150.0,2020-10-27 00:38:00,围网
14618,30.442472222222232,123.5462222222222,2.4,141.0,2020-10-27 00:48:00,围网
14618,30.435472222222234,123.55,2.7,164.0,2020-10-27 00:58:00,围网
14618,30.42933333333333,123.55322222222223,2.6,150.0,2020-10-27 01:08:00,围网
14618,30.422916666666666,123.55655555555555,2.6,155.0,2020-10-27 01:18:00,围网
14618,30.416555555555554,123.5600277777778,2.5,154.0,2020-10-27 01:27:59,围网
14618,30.410222222222234,123.56338888888894,2.5,151.0,2020-10-27 01:37:59,围网
14618,30.404055555555548,123.56669444444445,2.5,159.0,2020-10-27 01:47:59,围网
14618,30.398000000000003,123.56986111111112,2.4,153.0,2020-10-27 01:57:59,围网
14618,30.39191666666667,123.57261111111107,2.4,162.0,2020-10-27 02:08:02,围网
14618,30.385361111111113,123.5734722222222,2.4,184.0,2020-10-27 02:18:02,围网
14618,30.378833333333336,123.57330555555555,2.6,180.0,2020-10-27 02:28:01,围网
14618,30.3725,123.5735,2.3,169.0,2020-10-27 02:38:01,围网
14618,30.36625,123.57369444444444,2.3,182.0,2020-10-27 02:48:01,围网
14618,30.36002777777778,123.57386111111107,2.1,177.0,2020-10-27 02:58:01,围网
14618,30.35352777777778,123.57413888888887,2.1,182.0,2020-10-27 03:08:01,围网
14618,30.34794444444444,123.57433333333331,2.1,180.0,2020-10-27 03:18:01,围网
14618,30.34213888888889,123.57444444444445,2.0,178.0,2020-10-27 03:28:01,围网
14618,30.33647222222222,123.57463888888887,2.0,172.0,2020-10-27 03:38:01,围网
14618,30.340166666666665,123.57438888888888,0.7,294.0,2020-10-27 03:48:01,围网
14618,30.33833333333333,123.5727222222222,0.4,260.0,2020-10-27 03:58:01,围网
14618,30.33805555555556,123.571,0.4,0.0,2020-10-27 04:08:01,围网
14618,30.337722222222233,123.5689722222222,0.6,0.0,2020-10-27 04:18:00,围网
14618,30.33747222222221,123.56658333333333,2.4,301.0,2020-10-27 04:28:00,围网
14618,30.35475000000001,123.54775,9.0,315.0,2020-10-27 04:38:00,围网
14618,30.365972222222233,123.53211111111112,4.6,262.0,2020-10-27 04:48:00,围网
14618,30.37319444444445,123.52388888888888,2.8,328.0,2020-10-27 04:58:00,围网
14618,30.37822222222222,123.51711111111112,2.7,310.0,2020-10-27 05:08:00,围网
14618,30.38344444444445,123.50991666666668,2.8,312.0,2020-10-27 05:18:00,围网
14618,30.38813888888889,123.50358333333332,2.7,308.0,2020-10-27 05:28:00,围网
14618,30.39372222222222,123.4975,3.1,329.0,2020-10-27 05:38:00,围网
14618,30.40058333333333,123.4932777777778,2.8,334.0,2020-10-27 05:48:00,围网
14618,30.408,123.49083333333333,2.7,343.0,2020-10-27 05:58:00,围网
14618,30.415388888888888,123.4887222222222,2.7,346.0,2020-10-27 06:07:59,围网
14618,30.422777777777767,123.48652777777778,2.7,348.0,2020-10-27 06:17:59,围网
14618,30.430194444444453,123.48441666666666,2.8,340.0,2020-10-27 06:27:59,围网
14618,30.437777777777786,123.48213888888893,2.9,345.0,2020-10-27 06:37:59,围网
14618,30.44533333333333,123.47986111111106,3.2,343.0,2020-10-27 06:48:02,围网
14618,30.45300000000001,123.47794444444445,2.8,358.0,2020-10-27 06:58:02,围网
14618,30.460555555555555,123.477,2.7,350.0,2020-10-27 07:08:02,围网
14618,30.46794444444444,123.47436111111112,2.8,341.0,2020-10-27 07:18:01,围网
14618,30.47558333333333,123.47147222222223,2.7,344.0,2020-10-27 07:28:01,围网
14618,30.48233333333333,123.46866666666668,2.9,339.0,2020-10-27 07:38:01,围网
14618,30.489527777777766,123.46577777777777,2.8,340.0,2020-10-27 07:48:01,围网
14618,30.496805555555554,123.46405555555555,2.9,348.0,2020-10-27 07:58:01,围网
14618,30.50397222222222,123.46275,2.7,351.0,2020-10-27 08:08:01,围网
14618,30.510972222222208,123.46136111111107,2.5,339.0,2020-10-27 08:18:01,围网
14618,30.51372222222221,123.46025,2.7,136.0,2020-10-27 08:28:00,围网
14618,30.512305555555553,123.46402777777777,2.7,192.0,2020-10-27 08:38:01,围网
14618,30.512555555555554,123.46283333333334,0.4,0.0,2020-10-27 08:48:01,围网
14618,30.51297222222223,123.46061111111112,0.4,0.0,2020-10-27 09:08:00,围网
14618,30.534388888888888,123.47005555555555,9.2,21.0,2020-10-27 09:18:00,围网
14618,30.606361111111113,123.5017777777778,8.9,25.0,2020-10-27 09:48:00,围网
14618,30.629444444444445,123.51333333333334,9.0,21.0,2020-10-27 09:58:00,围网
14618,30.65258333333333,123.52480555555556,8.9,9.0,2020-10-27 10:08:00,围网
14618,30.675750000000004,123.5362222222222,8.7,24.0,2020-10-27 10:18:00,围网
14618,30.698888888888888,123.54769444444445,8.9,18.0,2020-10-27 10:28:00,围网
14618,30.72186111111111,123.55911111111112,8.8,20.0,2020-10-27 10:38:00,围网
14618,30.744722222222233,123.57041666666666,8.9,25.0,2020-10-27 10:47:59,围网
14618,30.76738888888889,123.58172222222224,9.0,20.0,2020-10-27 10:57:59,围网
14618,30.78994444444445,123.59277777777777,8.9,22.0,2020-10-27 11:07:59,围网
14618,30.812361111111112,123.60394444444445,8.5,21.0,2020-10-27 11:18:02,围网
14618,30.834555555555553,123.61480555555555,8.8,21.0,2020-10-27 11:28:02,围网
14618,30.85683333333333,123.62580555555556,9.1,15.0,2020-10-27 11:38:02,围网
14618,30.8805,123.63780555555556,8.6,23.0,2020-10-27 11:48:01,围网
14618,30.901166666666665,123.648,8.4,24.0,2020-10-27 11:58:01,围网
14618,30.922916666666666,123.6587222222222,8.5,19.0,2020-10-27 12:08:01,围网
14618,30.9445,123.66958333333334,8.3,25.0,2020-10-27 12:18:01,围网
14618,30.96611111111111,123.68025,8.5,26.0,2020-10-27 12:28:01,围网
14618,30.987305555555555,123.69077777777778,8.1,22.0,2020-10-27 12:38:01,围网
14618,31.029138888888887,123.71144444444445,8.1,20.0,2020-10-27 12:58:01,围网
14618,31.049527777777786,123.72169444444445,8.1,23.0,2020-10-27 13:08:01,围网
14618,31.08991666666667,123.74180555555556,8.1,26.0,2020-10-27 13:28:01,围网
14618,31.11000000000001,123.75163888888888,8.0,26.0,2020-10-27 13:38:01,围网
14618,31.130194444444445,123.76180555555555,7.7,20.0,2020-10-27 13:48:00,围网
14618,31.15172222222222,123.7725,8.0,22.0,2020-10-27 13:58:00,围网
14618,31.17091666666667,123.7819722222222,7.9,20.0,2020-10-27 14:08:00,围网
14618,31.2115,123.80230555555555,7.9,23.0,2020-10-27 14:28:00,围网
14618,31.23186111111111,123.81216666666666,7.7,20.0,2020-10-27 14:38:00,围网
14618,31.25208333333333,123.8225,7.9,22.0,2020-10-27 14:48:00,围网
14618,31.27175,123.83430555555556,7.8,31.0,2020-10-27 14:58:00,围网
14618,31.290111111111113,123.84897222222222,8.1,44.0,2020-10-27 15:08:00,围网
14618,31.306305555555557,123.86811111111106,8.4,45.0,2020-10-27 15:17:59,围网
14618,31.321222222222207,123.8885,8.3,60.0,2020-10-27 15:27:59,围网
14618,31.33513888888889,123.90880555555556,7.9,41.0,2020-10-27 15:37:59,围网
14618,31.35191666666667,123.925,7.8,42.0,2020-10-27 15:47:59,围网
14618,31.37005555555556,123.93922222222223,7.9,33.0,2020-10-27 15:57:59,围网
14618,31.388027777777786,123.95611111111113,7.9,42.0,2020-10-27 16:07:59,围网
14618,31.391305555555558,123.95716666666668,2.7,179.0,2020-10-27 16:18:02,围网
14618,31.391277777777766,123.94494444444445,3.1,263.0,2020-10-27 16:28:01,围网
14618,31.39113888888889,123.93561111111113,3.0,262.0,2020-10-27 16:38:01,围网
14618,31.390416666666663,123.92627777777778,3.2,263.0,2020-10-27 16:48:01,围网
14618,31.38975,123.91683333333334,2.8,265.0,2020-10-27 16:58:01,围网
14618,31.389,123.90736111111113,2.8,264.0,2020-10-27 17:08:01,围网
14618,31.388305555555558,123.89788888888893,2.8,249.0,2020-10-27 17:18:01,围网
14618,31.387611111111113,123.8887777777778,2.8,265.0,2020-10-27 17:28:01,围网
14618,31.386888888888887,123.87958333333331,2.9,256.0,2020-10-27 17:38:01,围网
14618,31.385805555555557,123.87055555555555,2.9,255.0,2020-10-27 17:48:01,围网
14618,31.38436111111111,123.86130555555556,3.2,253.0,2020-10-27 17:58:01,围网
14618,31.383055555555558,123.85169444444445,3.0,262.0,2020-10-27 18:08:01,围网
14618,31.381694444444445,123.84241666666668,2.8,259.0,2020-10-27 18:18:00,围网
14618,31.38063888888889,123.83380555555556,2.8,266.0,2020-10-27 18:28:00,围网
14618,31.38008333333333,123.82494444444444,2.6,263.0,2020-10-27 18:38:00,围网
14618,31.3795,123.81613888888887,2.8,264.0,2020-10-27 18:48:00,围网
14618,31.37880555555556,123.80752777777776,2.6,263.0,2020-10-27 18:58:00,围网
14618,31.378166666666665,123.79894444444444,2.6,266.0,2020-10-27 19:08:00,围网
14618,31.37758333333333,123.79047222222222,2.6,270.0,2020-10-27 19:18:00,围网
14618,31.377027777777766,123.78213888888894,2.1,263.0,2020-10-27 19:28:00,围网
14618,31.37638888888889,123.77391666666666,2.3,268.0,2020-10-27 19:38:00,围网
14618,31.37586111111111,123.76586111111112,2.3,264.0,2020-10-27 19:48:00,围网
14618,31.375277777777786,123.7579722222222,2.3,260.0,2020-10-27 19:58:00,围网
14618,31.37469444444445,123.75025,2.3,264.0,2020-10-27 20:07:59,围网
14618,31.374111111111112,123.74266666666668,2.4,264.0,2020-10-27 20:17:59,围网
14618,31.37369444444445,123.73475,2.2,271.0,2020-10-27 20:27:59,围网
14618,31.37375,123.72772222222223,2.3,272.0,2020-10-27 20:37:59,围网
14618,31.373777777777768,123.72041666666668,2.3,247.0,2020-10-27 20:48:01,围网
14618,31.37380555555556,123.7062222222222,2.1,270.0,2020-10-27 21:08:01,围网
14618,31.37372222222222,123.69930555555555,2.2,274.0,2020-10-27 21:18:01,围网
14618,31.37380555555556,123.69225,1.8,267.0,2020-10-27 21:28:01,围网
14618,31.37566666666667,123.69680555555556,0.3,0.0,2020-10-27 21:38:01,围网
14618,31.37761111111111,123.69655555555555,0.8,3.0,2020-10-27 21:48:01,围网
14618,31.37886111111111,123.69675,0.3,0.0,2020-10-27 21:58:01,围网
14618,31.38102777777778,123.68675,8.5,278.0,2020-10-27 22:08:01,围网
14618,31.38358333333333,123.66272222222223,0.8,88.0,2020-10-27 22:18:01,围网
14618,31.38794444444445,123.66883333333334,2.8,67.0,2020-10-27 22:28:01,围网
14618,31.389888888888887,123.67758333333336,2.7,79.0,2020-10-27 22:38:01,围网
14618,31.39155555555555,123.68530555555556,2.6,73.0,2020-10-27 22:48:00,围网
14618,31.393472222222233,123.69375,2.8,78.0,2020-10-27 22:58:00,围网
14618,31.39536111111111,123.70219444444444,2.7,74.0,2020-10-27 23:08:00,围网
14618,31.39838888888889,123.71019444444444,2.7,65.0,2020-10-27 23:18:00,围网
14618,31.401611111111112,123.71797222222223,2.7,62.0,2020-10-27 23:28:00,围网
14618,31.404611111111112,123.72577777777781,2.6,68.0,2020-10-27 23:38:00,围网
14618,31.40519444444445,123.73461111111112,2.7,92.0,2020-10-27 23:48:00,围网
14618,31.405055555555553,123.7434722222222,2.7,83.0,2020-10-27 23:58:00,围网
14618,31.40494444444445,123.7522777777778,2.9,87.0,2020-10-28 00:08:00,围网
14618,31.40522222222221,123.76094444444445,2.8,97.0,2020-10-28 00:18:00,围网
14618,31.40513888888889,123.76963888888888,2.6,87.0,2020-10-28 00:28:00,围网
14618,31.40513888888889,123.77822222222223,2.6,85.0,2020-10-28 00:38:00,围网
14618,31.405027777777768,123.7872777777778,2.6,86.0,2020-10-28 00:48:00,围网
14618,31.404972222222234,123.79519444444445,2.6,92.0,2020-10-28 00:57:59,围网
14618,31.404888888888888,123.80341666666666,2.6,90.0,2020-10-28 01:07:59,围网
14618,31.40486111111111,123.81152777777777,2.6,86.0,2020-10-28 01:17:59,围网
14618,31.40458333333333,123.8195,2.5,99.0,2020-10-28 01:28:02,围网
14618,31.404277777777768,123.82730555555555,2.7,95.0,2020-10-28 01:38:02,围网
14618,31.404055555555548,123.83488888888887,2.5,99.0,2020-10-28 01:48:01,围网
14618,31.403777777777766,123.84227777777778,2.3,98.0,2020-10-28 01:58:01,围网
14618,31.40358333333333,123.84941666666666,2.6,97.0,2020-10-28 02:08:01,围网
14618,31.403305555555555,123.85636111111107,2.2,99.0,2020-10-28 02:18:01,围网
14618,31.40308333333333,123.86305555555555,2.2,104.0,2020-10-28 02:28:01,围网
14618,31.402916666666666,123.86955555555555,1.9,97.0,2020-10-28 02:38:01,围网
14618,31.40275,123.87594444444444,2.0,91.0,2020-10-28 02:48:01,围网
14618,31.40258333333333,123.88252777777777,2.0,93.0,2020-10-28 02:58:01,围网
14618,31.402027777777768,123.88830555555555,1.8,99.0,2020-10-28 03:08:01,围网
14618,31.395277777777785,123.88380555555555,1.6,195.0,2020-10-28 03:28:01,围网
14618,31.391416666666665,123.88188888888888,1.9,207.0,2020-10-28 03:38:00,围网
14618,31.389111111111113,123.87905555555555,5.6,47.0,2020-10-28 03:48:00,围网
14618,31.401166666666665,123.88511111111113,4.5,237.0,2020-10-28 03:58:00,围网
14618,31.396916666666666,123.87405555555556,2.8,242.0,2020-10-28 04:08:00,围网
14618,31.39388888888889,123.86572222222222,2.8,240.0,2020-10-28 04:18:00,围网
14618,31.389833333333332,123.8577222222222,2.8,245.0,2020-10-28 04:28:00,围网
14618,31.386,123.84961111111113,2.8,235.0,2020-10-28 04:38:00,围网
14618,31.382055555555556,123.84158333333332,2.6,247.0,2020-10-28 04:48:00,围网
14618,31.37761111111111,123.82316666666668,3.0,255.0,2020-10-28 05:08:00,围网
14618,31.376444444444445,123.8144722222222,2.7,262.0,2020-10-28 05:17:59,围网
14618,31.37511111111111,123.80527777777776,2.8,262.0,2020-10-28 05:27:59,围网
14618,31.37380555555556,123.79619444444445,2.9,257.0,2020-10-28 05:37:59,围网
14618,31.3725,123.78708333333331,2.7,259.0,2020-10-28 05:47:59,围网
14618,31.37144444444445,123.77791666666666,2.9,261.0,2020-10-28 05:58:02,围网
14618,31.37161111111111,123.76869444444445,2.8,272.0,2020-10-28 06:08:02,围网
14618,31.371805555555554,123.7595,2.8,272.0,2020-10-28 06:18:01,围网
14618,31.371944444444445,123.75038888888888,2.7,269.0,2020-10-28 06:28:01,围网
14618,31.373027777777786,123.74130555555556,3.1,280.0,2020-10-28 06:38:01,围网
14618,31.37466666666667,123.73227777777778,2.9,276.0,2020-10-28 06:48:01,围网
14618,31.37594444444445,123.72316666666669,2.6,280.0,2020-10-28 06:58:01,围网
14618,31.37994444444445,123.71483333333332,2.8,294.0,2020-10-28 07:08:01,围网
14618,31.381083333333336,123.70527777777778,2.6,273.0,2020-10-28 07:18:01,围网
14618,31.382444444444445,123.6970277777778,2.8,284.0,2020-10-28 07:28:01,围网
14618,31.385805555555557,123.68861111111113,2.9,301.0,2020-10-28 07:38:01,围网
14618,31.38891666666667,123.68036111111113,2.9,294.0,2020-10-28 07:48:01,围网
14618,31.39188888888889,123.67230555555555,2.7,292.0,2020-10-28 07:58:01,围网
14618,31.39494444444445,123.66450000000002,2.7,296.0,2020-10-28 08:08:01,围网
14618,31.397805555555554,123.6567777777778,2.6,290.0,2020-10-28 08:18:01,围网
14618,31.399527777777767,123.64908333333334,2.3,279.0,2020-10-28 08:28:00,围网
14618,31.40172222222222,123.63427777777778,2.4,267.0,2020-10-28 08:48:00,围网
14618,31.4025,123.6272777777778,2.1,271.0,2020-10-28 08:58:00,围网
14618,31.403388888888887,123.62044444444444,2.2,273.0,2020-10-28 09:08:00,围网
14618,31.40538888888889,123.62288888888888,0.7,345.0,2020-10-28 09:18:00,围网
14618,31.407805555555555,123.62166666666666,0.7,331.0,2020-10-28 09:28:00,围网
14618,31.409277777777767,123.62119444444444,0.5,348.0,2020-10-28 09:38:00,围网
14618,31.40669444444445,123.60925,8.2,238.0,2020-10-28 09:48:00,围网
14618,31.395222222222234,123.58575,8.5,238.0,2020-10-28 09:57:59,围网
14618,31.385361111111113,123.56083333333332,8.4,236.0,2020-10-28 10:07:59,围网
14618,31.37425,123.53663888888887,8.5,252.0,2020-10-28 10:17:59,围网
14618,31.36708333333333,123.51527777777778,1.5,276.0,2020-10-28 10:27:59,围网
14618,31.369527777777765,123.52036111111113,3.0,77.0,2020-10-28 10:38:02,围网
14618,31.370916666666666,123.52827777777777,2.6,64.0,2020-10-28 10:48:01,围网
14618,31.373305555555557,123.53611111111113,2.2,70.0,2020-10-28 10:58:02,围网
14618,31.37558333333333,123.54386111111107,2.5,68.0,2020-10-28 11:08:01,围网
14618,31.37580555555556,123.55225,2.7,87.0,2020-10-28 11:18:01,围网
14618,31.375722222222233,123.56055555555555,2.6,90.0,2020-10-28 11:28:01,围网
14618,31.3755,123.56947222222222,2.4,91.0,2020-10-28 11:38:01,围网
14618,31.37538888888889,123.57741666666666,2.7,95.0,2020-10-28 11:48:01,围网
14618,31.375277777777786,123.58588888888887,2.6,86.0,2020-10-28 11:58:01,围网
14618,31.375166666666665,123.59436111111113,2.5,92.0,2020-10-28 12:08:01,围网
14618,31.374388888888888,123.60269444444445,2.7,96.0,2020-10-28 12:18:01,围网
14618,31.371472222222234,123.61933333333332,2.7,96.0,2020-10-28 12:38:01,围网
14618,31.37005555555556,123.62786111111107,2.7,96.0,2020-10-28 12:48:01,围网
14618,31.369194444444453,123.63622222222223,2.6,98.0,2020-10-28 12:58:00,围网
14618,31.36847222222222,123.64441666666669,2.7,92.0,2020-10-28 13:08:00,围网
14618,31.367666666666665,123.65258333333334,2.5,88.0,2020-10-28 13:18:00,围网
14618,31.366944444444453,123.66058333333334,2.6,95.0,2020-10-28 13:28:00,围网
14618,31.3665,123.66833333333334,2.4,86.0,2020-10-28 13:38:00,围网
14618,31.36647222222223,123.67636111111106,1.9,88.0,2020-10-28 13:48:00,围网
14618,31.36636111111111,123.68330555555555,1.9,87.0,2020-10-28 13:58:00,围网
14618,31.36625,123.69041666666666,2.1,87.0,2020-10-28 14:08:00,围网
14618,31.366222222222234,123.69738888888894,2.1,97.0,2020-10-28 14:18:00,围网
14618,31.366194444444453,123.70438888888887,2.2,94.0,2020-10-28 14:28:00,围网
14618,31.36602777777778,123.71125,1.5,98.0,2020-10-28 14:37:59,围网
14618,31.36591666666667,123.71763888888887,1.8,89.0,2020-10-28 14:47:59,围网
14618,31.36583333333333,123.72386111111106,1.8,81.0,2020-10-28 14:57:59,围网
14618,31.365805555555557,123.72983333333332,1.7,81.0,2020-10-28 15:07:59,围网
14618,31.36572222222221,123.73561111111113,1.6,77.0,2020-10-28 15:18:02,围网
14618,31.36433333333333,123.73683333333334,2.1,265.0,2020-10-28 15:28:02,围网
14618,31.3595,123.73408333333332,1.4,204.0,2020-10-28 15:38:02,围网
14618,31.35466666666667,123.73183333333334,1.9,208.0,2020-10-28 15:48:01,围网
14618,31.349777777777767,123.72877777777781,1.4,214.0,2020-10-28 15:58:01,围网
14618,31.358777777777767,123.72866666666668,6.4,0.0,2020-10-28 16:08:01,围网
14618,31.363916666666668,123.72194444444445,4.4,274.0,2020-10-28 16:18:01,围网
14618,31.36369444444445,123.71297222222222,2.6,276.0,2020-10-28 16:28:01,围网
14618,31.36425,123.70436111111113,2.8,276.0,2020-10-28 16:38:01,围网
14618,31.364527777777766,123.69555555555556,2.9,285.0,2020-10-28 16:48:01,围网
14618,31.365,123.68663888888894,2.8,270.0,2020-10-28 16:58:01,围网
14618,31.365305555555558,123.67761111111112,3.0,269.0,2020-10-28 17:08:01,围网
14618,31.365361111111113,123.66830555555555,2.8,272.0,2020-10-28 17:18:00,围网
14618,31.365666666666666,123.65908333333334,3.0,278.0,2020-10-28 17:28:00,围网
14618,31.366805555555555,123.64988888888894,2.8,285.0,2020-10-28 17:38:00,围网
14618,31.369027777777767,123.63127777777778,2.7,282.0,2020-10-28 17:58:00,围网
14618,31.370166666666666,123.62125,3.0,281.0,2020-10-28 18:08:00,围网
14618,31.371333333333336,123.61238888888887,2.7,280.0,2020-10-28 18:18:00,围网
14618,31.372888888888887,123.60302777777777,3.5,266.0,2020-10-28 18:28:00,围网
14618,31.374861111111112,123.59375,3.2,266.0,2020-10-28 18:38:00,围网
14618,31.376722222222234,123.58436111111112,3.3,267.0,2020-10-28 18:48:00,围网
14618,31.37825,123.57488888888888,3.4,283.0,2020-10-28 18:58:00,围网
14618,31.37994444444445,123.5655,3.2,280.0,2020-10-28 19:08:00,围网
14618,31.381555555555554,123.55625,3.2,284.0,2020-10-28 19:17:59,围网
14618,31.383194444444445,123.5470277777778,2.7,285.0,2020-10-28 19:27:59,围网
14618,31.38480555555555,123.53805555555556,2.8,279.0,2020-10-28 19:37:59,围网
14618,31.38622222222222,123.529,2.7,264.0,2020-10-28 19:47:59,围网
14618,31.387583333333332,123.52011111111106,2.9,281.0,2020-10-28 19:58:02,围网
14618,31.38891666666667,123.5112777777778,2.2,246.0,2020-10-28 20:08:01,围网
14618,31.390361111111112,123.50211111111112,2.7,277.0,2020-10-28 20:18:01,围网
14618,31.391527777777767,123.49419444444445,2.5,261.0,2020-10-28 20:28:01,围网
14618,31.392138888888887,123.48594444444444,2.6,247.0,2020-10-28 20:38:01,围网
14618,31.392777777777766,123.47780555555555,2.4,268.0,2020-10-28 20:48:01,围网
14618,31.39333333333333,123.46991666666668,2.3,272.0,2020-10-28 20:58:01,围网
14618,31.39494444444445,123.462,3.1,281.0,2020-10-28 21:08:01,围网
14618,31.396166666666666,123.45436111111113,0.9,72.0,2020-10-28 21:18:01,围网
14618,31.397222222222233,123.44666666666667,2.6,291.0,2020-10-28 21:28:01,围网
14618,31.398055555555555,123.4394722222222,1.4,277.0,2020-10-28 21:38:01,围网
14618,31.39997222222223,123.44125,1.9,283.0,2020-10-28 21:48:01,围网
14618,31.401138888888887,123.44075,2.3,257.0,2020-10-28 21:58:01,围网
14618,31.401999999999997,123.43955555555556,1.5,0.0,2020-10-28 22:08:00,围网
14618,31.380138888888887,123.45038888888894,7.9,179.0,2020-10-28 22:28:00,围网
14618,31.36002777777778,123.45077777777777,8.0,176.0,2020-10-28 22:38:00,围网
14618,31.337277777777768,123.45183333333334,7.8,177.0,2020-10-28 22:48:00,围网
14618,31.327111111111112,123.45319444444445,2.6,256.0,2020-10-28 22:58:00,围网
14618,31.32847222222221,123.45938888888894,2.7,102.0,2020-10-28 23:08:00,围网
14618,31.327333333333332,123.4674722222222,3.6,114.0,2020-10-28 23:18:00,围网
14618,31.326694444444453,123.47558333333332,2.9,102.0,2020-10-28 23:28:00,围网
14618,31.326,123.48408333333332,3.2,95.0,2020-10-28 23:38:00,围网
14618,31.325083333333332,123.49272222222223,2.9,94.0,2020-10-28 23:48:00,围网
14618,31.324305555555554,123.50141666666666,3.3,112.0,2020-10-28 23:57:59,围网
14618,31.32188888888889,123.51011111111113,3.7,148.0,2020-10-29 00:07:59,围网
14618,31.318,123.5269722222222,2.0,85.0,2020-10-29 00:27:59,围网
14618,31.318666666666665,123.53566666666666,2.9,85.0,2020-10-29 00:37:59,围网
14618,31.31936111111111,123.54305555555555,2.4,82.0,2020-10-29 00:48:02,围网
14618,31.32033333333333,123.55077777777777,2.7,91.0,2020-10-29 00:58:01,围网
14618,31.320611111111113,123.55858333333332,2.1,93.0,2020-10-29 01:08:02,围网
14618,31.320305555555557,123.56652777777776,2.3,70.0,2020-10-29 01:18:01,围网
14618,31.319944444444445,123.57436111111107,2.7,84.0,2020-10-29 01:28:01,围网
14618,31.319888888888887,123.58211111111113,2.4,97.0,2020-10-29 01:38:01,围网
14618,31.31963888888889,123.58991666666668,3.0,99.0,2020-10-29 01:48:01,围网
14618,31.31969444444445,123.59766666666668,2.9,87.0,2020-10-29 01:58:01,围网
14618,31.319805555555554,123.60530555555556,2.4,83.0,2020-10-29 02:08:01,围网
14618,31.319888888888887,123.61288888888888,2.3,80.0,2020-10-29 02:18:01,围网
14618,31.319944444444445,123.62052777777777,2.5,89.0,2020-10-29 02:28:01,围网
14618,31.319972222222226,123.62786111111107,2.7,98.0,2020-10-29 02:38:01,围网
14618,31.32011111111111,123.6355,2.0,91.0,2020-10-29 02:48:01,围网
14618,31.32,123.64194444444445,1.6,78.0,2020-10-29 02:58:00,围网
14618,31.31966666666667,123.64888888888888,2.8,107.0,2020-10-29 03:08:00,围网
14618,31.318527777777767,123.65583333333332,2.5,96.0,2020-10-29 03:18:00,围网
14618,31.3175,123.66241666666667,1.6,98.0,2020-10-29 03:28:00,围网
14618,31.316388888888888,123.66894444444445,2.3,101.0,2020-10-29 03:38:00,围网
14618,31.31505555555556,123.67530555555555,3.1,114.0,2020-10-29 03:48:00,围网
14618,31.312722222222234,123.68138888888888,2.1,126.0,2020-10-29 03:58:00,围网
14618,31.30983333333333,123.68130555555555,1.0,300.0,2020-10-29 04:08:00,围网
14618,31.306527777777767,123.67875,1.0,199.0,2020-10-29 04:18:00,围网
14618,31.30263888888889,123.67605555555555,0.7,201.0,2020-10-29 04:28:00,围网
14618,31.299,123.67280555555556,1.9,221.0,2020-10-29 04:38:00,围网
14618,31.29575,123.66891666666666,2.3,274.0,2020-10-29 04:47:59,围网
14618,31.307722222222232,123.68088888888893,4.5,57.0,2020-10-29 04:57:59,围网
14618,31.318361111111113,123.6959722222222,6.7,50.0,2020-10-29 05:07:59,围网
14618,31.329611111111113,123.71208333333333,6.6,44.0,2020-10-29 05:18:02,围网
14618,31.340416666666666,123.72852777777778,7.8,54.0,2020-10-29 05:28:02,围网
14618,31.34936111111111,123.74644444444445,7.6,57.0,2020-10-29 05:38:02,围网
14618,31.358361111111112,123.76502777777776,7.8,67.0,2020-10-29 05:48:02,围网
14618,31.36758333333333,123.78386111111112,7.4,70.0,2020-10-29 05:58:01,围网
14618,31.37563888888889,123.80333333333333,6.8,59.0,2020-10-29 06:08:01,围网
14618,31.38286111111111,123.82319444444445,6.1,75.0,2020-10-29 06:18:01,围网
14618,31.383055555555558,123.82505555555555,0.6,0.0,2020-10-29 06:28:01,围网
14618,31.37858333333333,123.81855555555555,2.2,220.0,2020-10-29 06:38:01,围网
14618,31.376527777777767,123.80858333333332,2.9,254.0,2020-10-29 06:48:01,围网
14618,31.375555555555557,123.79963888888894,3.4,288.0,2020-10-29 06:58:01,围网
14618,31.374222222222233,123.79027777777776,4.7,286.0,2020-10-29 07:08:00,围网
14618,31.372916666666665,123.78211111111112,3.1,248.0,2020-10-29 07:18:00,围网
14618,31.371527777777786,123.77369444444444,2.7,260.0,2020-10-29 07:28:00,围网
14618,31.37019444444445,123.76533333333334,3.1,275.0,2020-10-29 07:38:00,围网
14618,31.369,123.75697222222222,3.3,284.0,2020-10-29 07:48:00,围网
14618,31.367777777777786,123.74886111111113,2.5,225.0,2020-10-29 07:58:00,围网
14618,31.36713888888889,123.74055555555556,2.3,274.0,2020-10-29 08:08:00,围网
14618,31.36666666666667,123.73233333333332,3.1,274.0,2020-10-29 08:18:00,围网
14618,31.366194444444453,123.7242222222222,2.5,263.0,2020-10-29 08:28:00,围网
14618,31.36602777777778,123.71619444444444,2.0,243.0,2020-10-29 08:38:00,围网
14618,31.366111111111113,123.70830555555555,2.0,251.0,2020-10-29 08:48:00,围网
14618,31.366111111111113,123.70072222222224,2.1,268.0,2020-10-29 08:58:00,围网
14618,31.366277777777785,123.69316666666668,2.7,285.0,2020-10-29 09:08:00,围网
14618,31.36669444444445,123.68536111111112,2.2,261.0,2020-10-29 09:18:00,围网
14618,31.367472222222233,123.6785,2.1,274.0,2020-10-29 09:27:59,围网
14618,31.369555555555554,123.66447222222223,2.0,248.0,2020-10-29 09:47:59,围网
14618,31.370555555555555,123.65775,2.0,289.0,2020-10-29 09:58:02,围网
14618,31.371527777777786,123.65088888888893,2.1,279.0,2020-10-29 10:08:02,围网
14618,31.372694444444445,123.64480555555555,2.9,254.0,2020-10-29 10:18:01,围网
14618,31.37372222222222,123.63883333333334,1.3,356.0,2020-10-29 10:28:01,围网
14618,31.375750000000004,123.64116666666668,0.5,133.0,2020-10-29 10:38:01,围网
14618,31.3765,123.64138888888893,1.5,339.0,2020-10-29 10:48:01,围网
14618,31.37708333333333,123.641,0.7,14.0,2020-10-29 10:58:01,围网
14618,31.37741666666667,123.64072222222224,1.0,298.0,2020-10-29 11:08:01,围网
14618,31.397861111111112,123.6412777777778,8.8,10.0,2020-10-29 11:18:01,围网
14618,31.421611111111112,123.64766666666668,7.6,19.0,2020-10-29 11:28:01,围网
14618,31.44075,123.64938888888894,3.8,15.0,2020-10-29 11:38:01,围网
14618,31.443305555555558,123.65183333333334,3.0,30.0,2020-10-29 11:48:00,围网
14618,31.45438888888889,123.66416666666667,2.2,36.0,2020-10-29 12:08:00,围网
14618,31.45875,123.67030555555556,2.8,55.0,2020-10-29 12:18:00,围网
14618,31.462138888888887,123.67775,2.8,62.0,2020-10-29 12:28:00,围网
14618,31.46552777777778,123.68508333333334,2.2,50.0,2020-10-29 12:38:00,围网
14618,31.468805555555555,123.69233333333334,2.5,51.0,2020-10-29 12:48:00,围网
14618,31.473722222222207,123.7075,3.4,78.0,2020-10-29 13:08:00,围网
14618,31.47444444444445,123.71613888888888,3.5,91.0,2020-10-29 13:18:00,围网
14618,31.47533333333333,123.72452777777778,3.3,105.0,2020-10-29 13:28:00,围网
14618,31.473861111111113,123.73391666666666,2.6,83.0,2020-10-29 13:38:00,围网
14618,31.47258333333333,123.75875,2.8,95.0,2020-10-29 14:07:59,围网
14618,31.472555555555548,123.76675,2.4,88.0,2020-10-29 14:17:59,围网
14618,31.47219444444445,123.77475,3.0,103.0,2020-10-29 14:28:02,围网
14618,31.472027777777768,123.7824722222222,2.8,85.0,2020-10-29 14:38:02,围网
14618,31.47183333333333,123.78997222222222,2.1,68.0,2020-10-29 14:48:02,围网
14618,31.47169444444444,123.79716666666668,2.7,90.0,2020-10-29 14:58:01,围网
14618,31.47144444444445,123.8042222222222,3.0,108.0,2020-10-29 15:08:01,围网
14618,31.468527777777766,123.81172222222223,4.0,128.0,2020-10-29 15:18:01,围网
14618,31.4655,123.81891666666664,1.8,133.0,2020-10-29 15:28:01,围网
14618,31.462666666666664,123.82591666666669,3.3,107.0,2020-10-29 15:38:01,围网
14618,31.45963888888889,123.83311111111112,2.1,113.0,2020-10-29 15:48:01,围网
14618,31.456916666666668,123.83930555555555,3.7,143.0,2020-10-29 15:58:01,围网
14618,31.45397222222222,123.84552777777776,2.1,85.0,2020-10-29 16:08:01,围网
14618,31.44761111111111,123.8497222222222,3.5,175.0,2020-10-29 16:18:01,围网
14618,31.44013888888889,123.853,3.6,131.0,2020-10-29 16:28:00,围网
14618,31.439805555555555,123.8505,1.6,202.0,2020-10-29 16:38:00,围网
14618,31.435027777777766,123.84822222222222,2.2,197.0,2020-10-29 16:48:00,围网
14618,31.4305,123.84525,0.4,0.0,2020-10-29 16:58:00,围网
14618,31.42619444444445,123.84169444444444,2.1,207.0,2020-10-29 17:08:00,围网
14618,31.41486111111111,123.846,8.2,146.0,2020-10-29 17:18:00,围网
14618,31.39725,123.8562777777778,2.0,94.0,2020-10-29 17:28:00,围网
14618,31.390916666666666,123.84947222222222,3.9,166.0,2020-10-29 17:38:00,围网
14618,31.385055555555553,123.84299999999999,3.1,253.0,2020-10-29 17:48:00,围网
14618,31.38194444444445,123.83333333333331,3.0,263.0,2020-10-29 17:58:00,围网
14618,31.37994444444445,123.82455555555555,3.6,273.0,2020-10-29 18:08:00,围网
14618,31.377861111111113,123.81536111111113,2.7,253.0,2020-10-29 18:18:00,围网
14618,31.375888888888888,123.80619444444444,3.3,247.0,2020-10-29 18:28:00,围网
14618,31.37433333333333,123.79686111111113,2.9,254.0,2020-10-29 18:37:59,围网
14618,31.372972222222234,123.78755555555556,3.4,251.0,2020-10-29 18:47:59,围网
14618,31.37219444444445,123.77816666666666,3.4,252.0,2020-10-29 18:57:59,围网
14618,31.37191666666667,123.76888888888887,3.3,262.0,2020-10-29 19:08:02,围网
14618,31.37175,123.75966666666666,3.6,248.0,2020-10-29 19:18:02,围网
14618,31.37188888888889,123.75041666666668,3.1,269.0,2020-10-29 19:28:02,围网
14618,31.37230555555556,123.74119444444445,2.9,262.0,2020-10-29 19:38:01,围网
14618,31.37225,123.73211111111112,3.1,257.0,2020-10-29 19:48:01,围网
14618,31.37219444444445,123.72319444444445,3.4,242.0,2020-10-29 19:58:01,围网
14618,31.37216666666667,123.71391666666666,2.4,251.0,2020-10-29 20:08:01,围网
14618,31.37191666666667,123.70591666666668,2.8,281.0,2020-10-29 20:18:01,围网
14618,31.371805555555554,123.69752777777781,3.1,276.0,2020-10-29 20:28:01,围网
14618,31.37191666666667,123.68913888888888,2.9,275.0,2020-10-29 20:38:01,围网
14618,31.372027777777767,123.68088888888893,2.8,260.0,2020-10-29 20:48:01,围网
14618,31.37225,123.67277777777778,2.5,284.0,2020-10-29 20:58:00,围网
14618,31.372722222222233,123.66441666666668,2.4,269.0,2020-10-29 21:08:00,围网
14618,31.37322222222221,123.65688888888887,1.8,259.0,2020-10-29 21:18:00,围网
14618,31.37536111111111,123.64158333333334,3.0,287.0,2020-10-29 21:38:00,围网
14618,31.37691666666667,123.63416666666667,2.2,273.0,2020-10-29 21:48:00,围网
14618,31.378472222222207,123.62688888888887,2.7,282.0,2020-10-29 21:58:00,围网
14618,31.379972222222232,123.61975,2.1,269.0,2020-10-29 22:08:00,围网
14618,31.38286111111111,123.61252777777777,2.3,306.0,2020-10-29 22:18:00,围网
14618,31.38958333333333,123.6077222222222,3.2,326.0,2020-10-29 22:28:00,围网
14618,31.39597222222222,123.60386111111107,2.8,316.0,2020-10-29 22:38:00,围网
14618,31.401194444444442,123.60075,1.7,48.0,2020-10-29 22:48:00,围网
14618,31.40186111111111,123.60669444444444,3.1,102.0,2020-10-29 22:58:00,围网
14618,31.401944444444442,123.60783333333332,0.9,39.0,2020-10-29 23:07:59,围网
14618,31.402027777777768,123.60836111111112,0.6,119.0,2020-10-29 23:17:59,围网
14618,31.40136111111111,123.61333333333332,8.2,120.0,2020-10-29 23:27:59,围网
14618,31.399166666666666,123.64022222222222,8.5,84.0,2020-10-29 23:37:59,围网
14618,31.3995,123.6677222222222,8.0,92.0,2020-10-29 23:48:02,围网
14618,31.40094444444444,123.67163888888888,4.0,92.0,2020-10-29 23:58:02,围网
14618,31.40063888888889,123.68241666666668,2.4,102.0,2020-10-30 00:08:01,围网
14618,31.401138888888887,123.69108333333332,3.0,90.0,2020-10-30 00:18:01,围网
14618,31.40213888888889,123.70019444444445,3.7,100.0,2020-10-30 00:28:01,围网
14618,31.402916666666666,123.70819444444444,2.4,90.0,2020-10-30 00:38:01,围网
14618,31.402722222222234,123.71686111111113,2.9,105.0,2020-10-30 00:48:01,围网
14618,31.403055555555554,123.72544444444445,2.8,86.0,2020-10-30 00:58:01,围网
14618,31.40358333333333,123.7337777777778,2.5,78.0,2020-10-30 01:08:01,围网
14618,31.403,123.74397222222223,3.2,107.0,2020-10-30 01:18:01,围网
14618,31.395166666666665,123.7499722222222,3.6,159.0,2020-10-30 01:28:01,围网
14618,31.390638888888887,123.75844444444445,4.4,77.0,2020-10-30 01:38:01,围网
14618,31.39375,123.76716666666668,1.5,79.0,2020-10-30 01:48:00,围网
14618,31.39552777777779,123.78255555555555,3.6,93.0,2020-10-30 02:08:00,围网
14618,31.394861111111112,123.79069444444444,2.2,92.0,2020-10-30 02:18:00,围网
14618,31.394111111111112,123.79861111111113,2.5,77.0,2020-10-30 02:28:00,围网
14618,31.39305555555556,123.80677777777777,2.2,91.0,2020-10-30 02:38:00,围网
14618,31.39236111111111,123.81380555555555,2.0,103.0,2020-10-30 02:48:00,围网
14618,31.391666666666666,123.82105555555556,2.6,98.0,2020-10-30 02:58:00,围网
14618,31.39086111111111,123.82813888888887,2.8,94.0,2020-10-30 03:08:00,围网
14618,31.390138888888888,123.83488888888887,1.9,99.0,2020-10-30 03:18:00,围网
14618,31.38944444444445,123.8414722222222,2.3,102.0,2020-10-30 03:28:00,围网
14618,31.387916666666666,123.84808333333332,2.6,117.0,2020-10-30 03:38:00,围网
14618,31.38669444444445,123.85430555555556,1.8,91.0,2020-10-30 03:48:00,围网
14618,31.385777777777786,123.86025,1.8,102.0,2020-10-30 03:57:59,围网
14618,31.383527777777786,123.86488888888887,1.5,189.0,2020-10-30 04:07:59,围网
14618,31.380222222222233,123.86127777777777,2.7,186.0,2020-10-30 04:17:59,围网
14618,31.37483333333333,123.8599722222222,2.8,204.0,2020-10-30 04:27:59,围网
14618,31.36966666666667,123.85780555555556,1.9,202.0,2020-10-30 04:38:02,围网
14618,31.36411111111111,123.8544722222222,1.8,213.0,2020-10-30 04:47:59,围网
14618,31.36188888888889,123.85144444444445,3.6,32.0,2020-10-30 04:58:01,围网
14618,31.375694444444445,123.85972222222222,7.0,26.0,2020-10-30 05:08:01,围网
14618,31.38925,123.87072222222223,6.4,49.0,2020-10-30 05:18:01,围网
14618,31.39941666666667,123.88575,5.5,51.0,2020-10-30 05:28:01,围网
14618,31.418722222222208,123.91427777777778,5.7,57.0,2020-10-30 05:48:01,围网
14618,31.42908333333333,123.92955555555555,6.9,54.0,2020-10-30 05:58:01,围网
14618,31.438805555555557,123.94466666666666,5.4,65.0,2020-10-30 06:08:01,围网
14618,31.44541666666667,123.96133333333331,5.5,71.0,2020-10-30 06:18:01,围网
14618,31.45197222222221,123.9784722222222,4.5,70.0,2020-10-30 06:28:01,围网
14618,31.45875,123.99541666666666,5.7,61.0,2020-10-30 06:38:01,围网
14618,31.466444444444445,124.01105555555556,5.8,56.0,2020-10-30 06:48:01,围网
14618,31.47444444444445,124.02861111111108,5.9,77.0,2020-10-30 06:58:00,围网
14618,31.48183333333333,124.04402777777777,6.7,56.0,2020-10-30 07:08:00,围网
14618,31.49002777777779,124.06130555555555,6.9,53.0,2020-10-30 07:18:00,围网
14618,31.500611111111112,124.07702777777777,6.9,70.0,2020-10-30 07:28:00,围网
14618,31.503138888888888,124.08036111111113,2.1,266.0,2020-10-30 07:38:00,围网
14618,31.506722222222226,124.07144444444445,4.0,341.0,2020-10-30 07:48:00,围网
14618,31.512583333333332,124.0647777777778,2.7,325.0,2020-10-30 07:58:00,围网
14618,31.518416666666663,124.05822222222223,3.0,314.0,2020-10-30 08:08:00,围网
14618,31.52425,124.0515,3.1,318.0,2020-10-30 08:18:00,围网
14618,31.530055555555553,124.04491666666668,3.1,306.0,2020-10-30 08:28:00,围网
14618,31.536027777777786,124.03855555555555,3.1,298.0,2020-10-30 08:38:00,围网
14618,31.54194444444445,124.03208333333332,2.8,328.0,2020-10-30 08:47:59,围网
14618,31.547916666666666,124.02552777777777,4.1,296.0,2020-10-30 08:57:59,围网
14618,31.554277777777767,124.01880555555556,2.8,320.0,2020-10-30 09:08:02,围网
14618,31.562638888888888,124.00455555555556,2.5,264.0,2020-10-30 09:28:01,围网
14618,31.565777777777786,123.98836111111108,2.9,276.0,2020-10-30 09:48:01,围网
14618,31.568972222222207,123.98083333333334,2.7,284.0,2020-10-30 09:58:01,围网
14618,31.57236111111111,123.97361111111113,2.9,267.0,2020-10-30 10:08:01,围网
14618,31.57575000000001,123.96658333333332,3.1,303.0,2020-10-30 10:18:01,围网
14618,31.579305555555553,123.95991666666669,3.0,320.0,2020-10-30 10:28:01,围网
14618,31.583805555555557,123.95419444444444,3.0,350.0,2020-10-30 10:38:01,围网
14618,31.5895,123.94983333333332,2.7,335.0,2020-10-30 10:48:01,围网
14618,31.595027777777766,123.9459722222222,2.7,320.0,2020-10-30 10:58:01,围网
14618,31.60016666666667,123.94188888888893,2.5,271.0,2020-10-30 11:08:01,围网
14618,31.600777777777786,123.94436111111112,2.8,352.0,2020-10-30 11:18:01,围网
14618,31.60116666666667,123.94530555555555,0.9,74.0,2020-10-30 11:28:00,围网
14618,31.600444444444445,123.94666666666667,0.9,54.0,2020-10-30 11:38:01,围网
14618,31.599527777777766,123.94766666666668,0.5,165.0,2020-10-30 11:48:00,围网
14618,31.588,123.96030555555555,8.6,135.0,2020-10-30 11:58:00,围网
14618,31.57258333333333,123.98138888888887,8.5,132.0,2020-10-30 12:08:00,围网
14618,31.555166666666665,123.99975,9.2,138.0,2020-10-30 12:18:00,围网
14618,31.545361111111113,124.02036111111113,7.3,80.0,2020-10-30 12:28:00,围网
14618,31.52422222222221,124.033,8.4,165.0,2020-10-30 12:38:00,围网
14618,31.511833333333332,124.03866666666669,3.7,168.0,2020-10-30 12:48:00,围网
14618,31.50525,124.04391666666666,2.4,123.0,2020-10-30 12:58:00,围网
14618,31.50308333333333,124.04641666666666,2.5,12.0,2020-10-30 13:08:00,围网
14618,31.508722222222207,124.05294444444445,2.1,48.0,2020-10-30 13:17:59,围网
14618,31.512638888888887,124.05866666666668,2.5,69.0,2020-10-30 13:27:59,围网
14618,31.514777777777766,124.06541666666666,3.1,79.0,2020-10-30 13:37:59,围网
14618,31.516527777777767,124.07274999999998,2.4,95.0,2020-10-30 13:48:02,围网
14618,31.5175,124.08061111111112,2.9,91.0,2020-10-30 13:58:02,围网
14618,31.519361111111113,124.09608333333333,2.4,85.0,2020-10-30 14:18:01,围网
14618,31.51963888888889,124.10388888888887,2.2,61.0,2020-10-30 14:28:01,围网
14618,31.51983333333333,124.11155555555555,2.6,78.0,2020-10-30 14:38:01,围网
14618,31.520055555555555,124.11905555555555,2.5,88.0,2020-10-30 14:48:01,围网
14618,31.5195,124.12666666666668,2.0,108.0,2020-10-30 14:58:01,围网
14618,31.51880555555556,124.13422222222223,2.5,89.0,2020-10-30 15:08:01,围网
14618,31.517944444444442,124.14158333333334,2.0,87.0,2020-10-30 15:18:01,围网
14618,31.517055555555554,124.14872222222223,1.8,69.0,2020-10-30 15:28:01,围网
14618,31.51511111111111,124.16222222222223,2.9,107.0,2020-10-30 15:48:01,围网
14618,31.51416666666667,124.16852777777778,1.0,99.0,2020-10-30 15:58:01,围网
14618,31.51280555555556,124.17475,2.4,104.0,2020-10-30 16:08:01,围网
14618,31.511194444444445,124.18072222222223,3.3,112.0,2020-10-30 16:18:00,围网
14618,31.509527777777766,124.18647222222224,1.8,130.0,2020-10-30 16:28:00,围网
14618,31.50625,124.19225,1.9,126.0,2020-10-30 16:38:00,围网
14618,31.502194444444445,124.19786111111112,3.6,148.0,2020-10-30 16:48:00,围网
14618,31.49805555555556,124.20308333333334,1.3,96.0,2020-10-30 16:58:00,围网
14618,31.49447222222223,124.20822222222223,1.8,109.0,2020-10-30 17:08:00,围网
14618,31.49061111111111,124.21291666666666,2.3,160.0,2020-10-30 17:18:00,围网
14618,31.487805555555557,124.20955555555555,2.0,236.0,2020-10-30 17:28:00,围网
14618,31.48322222222221,124.20555555555555,2.3,233.0,2020-10-30 17:38:00,围网
14618,31.478388888888887,124.20102777777778,1.7,242.0,2020-10-30 17:48:00,围网
14618,31.474694444444445,124.1960277777778,2.3,227.0,2020-10-30 17:57:59,围网
14618,31.48038888888889,124.19069444444445,7.0,332.0,2020-10-30 18:07:59,围网
14618,31.49822222222221,124.17863888888887,7.7,323.0,2020-10-30 18:18:02,围网
14618,31.516333333333336,124.16638888888887,7.5,330.0,2020-10-30 18:28:02,围网
14618,31.53458333333333,124.15386111111113,8.1,330.0,2020-10-30 18:38:01,围网
14618,31.552916666666665,124.14163888888888,3.0,20.0,2020-10-30 18:48:02,围网
14618,31.54930555555556,124.13911111111112,5.2,216.0,2020-10-30 18:58:01,围网
14618,31.544027777777767,124.13219444444445,3.6,243.0,2020-10-30 19:08:01,围网
14618,31.54119444444445,124.12302777777776,2.4,244.0,2020-10-30 19:18:01,围网
14618,31.53969444444445,124.11355555555555,3.3,247.0,2020-10-30 19:28:01,围网
14618,31.539638888888888,124.10377777777781,3.0,268.0,2020-10-30 19:38:01,围网
14618,31.53961111111111,124.09411111111108,3.2,292.0,2020-10-30 19:48:01,围网
14618,31.5395,124.08402777777776,2.9,273.0,2020-10-30 19:58:01,围网
14618,31.53925,124.07533333333332,2.8,258.0,2020-10-30 20:08:01,围网
14618,31.53916666666667,124.06613888888887,2.8,256.0,2020-10-30 20:18:01,围网
14618,31.53897222222223,124.05719444444445,2.6,268.0,2020-10-30 20:28:01,围网
14618,31.539055555555557,124.04836111111106,2.7,255.0,2020-10-30 20:38:00,围网
14618,31.538833333333336,124.03983333333332,3.1,279.0,2020-10-30 20:48:00,围网
14618,31.538777777777767,124.0315,2.7,273.0,2020-10-30 20:58:00,围网
14618,31.53866666666667,124.02305555555556,2.3,277.0,2020-10-30 21:08:00,围网
14618,31.53975,124.01525,2.6,287.0,2020-10-30 21:18:00,围网
14618,31.54225000000001,124.00716666666666,2.2,286.0,2020-10-30 21:28:00,围网
14618,31.544777777777767,123.99930555555555,3.0,316.0,2020-10-30 21:38:00,围网
14618,31.54691666666667,123.99161111111113,2.9,258.0,2020-10-30 21:48:00,围网
14618,31.54894444444445,123.98430555555555,2.5,301.0,2020-10-30 21:58:00,围网
14618,31.551222222222233,123.97675,2.6,301.0,2020-10-30 22:08:00,围网
14618,31.55327777777779,123.97027777777778,1.8,286.0,2020-10-30 22:18:00,围网
14618,31.55533333333333,123.96358333333332,2.0,291.0,2020-10-30 22:28:00,围网
14618,31.557361111111113,123.95716666666668,1.8,260.0,2020-10-30 22:37:59,围网
14618,31.55933333333333,123.95094444444445,2.1,296.0,2020-10-30 22:47:59,围网
14618,31.562638888888888,123.93922222222223,2.1,299.0,2020-10-30 23:07:59,围网
14618,31.56594444444445,123.93394444444445,2.5,332.0,2020-10-30 23:18:02,围网
14618,31.56961111111111,123.92905555555555,2.0,287.0,2020-10-30 23:28:02,围网
14618,31.57305555555555,123.92436111111112,1.4,314.0,2020-10-30 23:38:02,围网
14618,31.573916666666666,123.92866666666669,2.0,346.0,2020-10-30 23:48:01,围网
14618,31.575888888888887,123.93261111111113,1.2,45.0,2020-10-30 23:58:01,围网
14618,31.57644444444445,123.93472222222222,1.7,44.0,2020-10-31 00:08:01,围网
14618,31.5775,123.89702777777781,2.4,301.0,2020-10-31 00:38:01,围网
14618,31.578805555555558,123.9159722222222,2.8,81.0,2020-10-31 00:58:01,围网
14618,31.57844444444445,123.92505555555556,2.9,95.0,2020-10-31 01:08:01,围网
14618,31.578055555555554,123.93411111111112,2.8,75.0,2020-10-31 01:18:00,围网
14618,31.57783333333333,123.95222222222222,2.5,89.0,2020-10-31 01:38:00,围网
14618,31.577472222222234,123.96133333333331,2.9,86.0,2020-10-31 01:48:00,围网
14618,31.57719444444445,123.97041666666668,2.9,66.0,2020-10-31 01:58:00,围网
14618,31.57666666666667,123.97944444444445,2.8,96.0,2020-10-31 02:08:00,围网
14618,31.57605555555556,123.98827777777778,2.5,70.0,2020-10-31 02:18:00,围网
14618,31.57536111111111,123.99766666666667,3.3,109.0,2020-10-31 02:28:00,围网
14618,31.574361111111113,124.00488888888893,1.5,186.0,2020-10-31 02:38:00,围网
14618,31.573,124.00183333333334,3.5,133.0,2020-10-31 02:48:00,围网
14618,31.569138888888887,124.01283333333332,1.9,142.0,2020-10-31 02:58:00,围网
14618,31.566194444444445,124.02980555555555,2.7,99.0,2020-10-31 03:18:00,围网
14618,31.56558333333333,124.03788888888887,3.3,106.0,2020-10-31 03:27:59,围网
14618,31.56275,124.05358333333332,2.9,95.0,2020-10-31 03:47:59,围网
14618,31.56130555555556,124.06102777777778,3.3,102.0,2020-10-31 03:58:01,围网
14618,31.560055555555557,124.06819444444444,2.3,104.0,2020-10-31 04:08:02,围网
14618,31.55847222222221,124.0749722222222,2.6,104.0,2020-10-31 04:18:01,围网
14618,31.55525,124.08175,2.9,111.0,2020-10-31 04:28:02,围网
14618,31.55183333333333,124.0884722222222,2.7,129.0,2020-10-31 04:38:01,围网
14618,31.549,124.09413888888888,2.2,103.0,2020-10-31 04:48:01,围网
14618,31.546138888888887,124.10002777777777,2.4,125.0,2020-10-31 04:58:01,围网
14618,31.54241666666667,124.10524999999998,3.8,154.0,2020-10-31 05:08:01,围网
14618,31.541722222222226,124.10183333333332,2.9,168.0,2020-10-31 05:18:01,围网
14618,31.537555555555556,124.09983333333332,3.1,207.0,2020-10-31 05:28:01,围网
14618,31.53897222222223,124.09516666666669,6.5,5.0,2020-10-31 05:48:01,围网
14618,31.556777777777786,124.09575,3.4,11.0,2020-10-31 05:58:01,围网
14618,31.556694444444453,124.08494444444445,2.9,271.0,2020-10-31 06:08:00,围网
14618,31.557277777777767,124.07597222222222,2.7,247.0,2020-10-31 06:18:00,围网
14618,31.558166666666665,124.06694444444445,2.6,264.0,2020-10-31 06:28:00,围网
14618,31.559,124.05774999999998,2.8,273.0,2020-10-31 06:38:00,围网
14618,31.55991666666667,124.04783333333334,2.8,282.0,2020-10-31 06:48:00,围网
14618,31.560416666666665,124.03883333333332,2.9,278.0,2020-10-31 06:58:00,围网
14618,31.560972222222233,124.02925,3.0,278.0,2020-10-31 07:08:00,围网
14618,31.561527777777766,124.01961111111113,3.2,265.0,2020-10-31 07:18:00,围网
14618,31.56219444444445,124.01,3.4,282.0,2020-10-31 07:28:00,围网
14618,31.562916666666666,124.00033333333334,3.0,275.0,2020-10-31 07:38:00,围网
14618,31.56361111111111,123.99058333333332,3.4,254.0,2020-10-31 07:48:00,围网
14618,31.56436111111111,123.98091666666667,3.5,276.0,2020-10-31 07:57:59,围网
14618,31.56569444444445,123.96188888888894,3.0,278.0,2020-10-31 08:17:59,围网
14618,31.56636111111111,123.95277777777778,3.2,290.0,2020-10-31 08:27:59,围网
14618,31.56708333333333,123.94369444444445,3.6,303.0,2020-10-31 08:38:02,围网
14618,31.567694444444445,123.93488888888888,2.4,282.0,2020-10-31 08:48:01,围网
14618,31.56847222222222,123.92566666666669,2.7,276.0,2020-10-31 08:58:01,围网
14618,31.569111111111113,123.91775,2.3,259.0,2020-10-31 09:08:01,围网
14618,31.56983333333333,123.9095,2.8,257.0,2020-10-31 09:18:01,围网
14618,31.57058333333333,123.90152777777777,2.7,219.0,2020-10-31 09:28:01,围网
14618,31.57119444444445,123.89375,1.1,0.0,2020-10-31 09:38:01,围网
14618,31.572027777777766,123.88630555555555,1.3,0.0,2020-10-31 09:48:01,围网
14618,31.57319444444445,123.87886111111106,1.0,0.0,2020-10-31 09:58:01,围网
14618,31.5745,123.87136111111107,2.2,283.0,2020-10-31 10:08:01,围网
14618,31.57625,123.86461111111113,2.0,276.0,2020-10-31 10:18:01,围网
14618,31.578611111111112,123.85769444444445,2.5,297.0,2020-10-31 10:28:01,围网
14618,31.580777777777786,123.851,1.8,308.0,2020-10-31 10:38:01,围网
14618,31.58294444444445,123.84452777777777,2.5,290.0,2020-10-31 10:48:00,围网
14618,31.584972222222234,123.83838888888887,1.9,289.0,2020-10-31 10:58:00,围网
14618,31.58811111111111,123.83219444444444,2.2,299.0,2020-10-31 11:08:00,围网
14618,31.590138888888887,123.83652777777776,2.2,335.0,2020-10-31 11:18:00,围网
14618,31.59375,123.83686111111106,1.5,13.0,2020-10-31 11:28:00,围网
14618,31.59694444444445,123.83713888888887,1.1,331.0,2020-10-31 11:38:00,围网
14618,31.60008333333333,123.83761111111107,1.2,25.0,2020-10-31 11:48:00,围网
14618,31.60511111111111,123.84336111111112,4.5,81.0,2020-10-31 11:58:00,围网
14618,31.6075,123.85186111111106,4.3,75.0,2020-10-31 12:08:00,围网
14618,31.60758333333333,123.86038888888888,3.1,87.0,2020-10-31 12:18:00,围网
14618,31.60775000000001,123.86888888888888,2.7,89.0,2020-10-31 12:28:00,围网
14618,31.607722222222232,123.8774722222222,2.9,85.0,2020-10-31 12:37:59,围网
14618,31.60758333333333,123.88616666666668,2.8,105.0,2020-10-31 12:47:59,围网
14618,31.607138888888887,123.895,3.1,101.0,2020-10-31 12:57:59,围网
14618,31.606638888888888,123.90411111111112,3.3,86.0,2020-10-31 13:07:59,围网
14618,31.605694444444445,123.91372222222223,3.0,110.0,2020-10-31 13:18:02,围网
14618,31.6045,123.92225,2.7,111.0,2020-10-31 13:28:02,围网
14618,31.603,123.93138888888888,2.9,109.0,2020-10-31 13:38:01,围网
14618,31.602138888888888,123.94091666666668,3.5,92.0,2020-10-31 13:48:01,围网
14618,31.60136111111111,123.95047222222223,2.4,58.0,2020-10-31 13:58:01,围网
14618,31.60083333333333,123.9602777777778,3.2,102.0,2020-10-31 14:08:01,围网
14618,31.60011111111111,123.96933333333334,4.3,114.0,2020-10-31 14:18:01,围网
14618,31.599305555555553,123.98816666666669,3.3,99.0,2020-10-31 14:38:01,围网
14618,31.59925,123.99730555555556,3.6,112.0,2020-10-31 14:48:01,围网
14618,31.597277777777766,124.00638888888888,3.6,131.0,2020-10-31 14:58:01,围网
14618,31.594,124.01494444444445,2.9,108.0,2020-10-31 15:08:01,围网
14618,31.591666666666665,124.02372222222222,3.0,119.0,2020-10-31 15:18:01,围网
14618,31.58958333333333,124.033,2.9,99.0,2020-10-31 15:28:00,围网
14618,31.587611111111112,124.041,2.9,111.0,2020-10-31 15:38:00,围网
14618,31.585555555555555,124.04938888888887,2.8,102.0,2020-10-31 15:48:00,围网
14618,31.58361111111111,124.05755555555555,3.2,100.0,2020-10-31 15:58:00,围网
14618,31.58175,124.06552777777777,3.0,108.0,2020-10-31 16:08:00,围网
14618,31.579666666666668,124.07333333333332,2.4,99.0,2020-10-31 16:18:00,围网
14618,31.57791666666667,124.08072222222222,2.5,109.0,2020-10-31 16:28:00,围网
14618,31.57625,124.08788888888887,3.5,117.0,2020-10-31 16:38:00,围网
14618,31.574638888888888,124.09472222222222,4.0,115.0,2020-10-31 16:48:00,围网
14618,31.57325,124.10136111111107,3.3,113.0,2020-10-31 16:58:00,围网
14618,31.570055555555548,124.10722222222222,2.8,121.0,2020-10-31 17:08:00,围网
14618,31.56355555555556,124.1107222222222,4.2,153.0,2020-10-31 17:17:59,围网
14618,31.55638888888889,124.11275,4.2,178.0,2020-10-31 17:27:59,围网
14618,31.556305555555557,124.11186111111112,2.4,187.0,2020-10-31 17:38:02,围网
14618,31.55355555555556,124.10788888888888,1.4,247.0,2020-10-31 17:48:02,围网
14618,31.551805555555553,124.10436111111107,1.0,237.0,2020-10-31 17:58:02,围网
14618,31.550638888888887,124.10036111111113,2.5,258.0,2020-10-31 18:08:01,围网
14618,31.5405,124.08675,8.0,223.0,2020-10-31 18:18:01,围网
14618,31.521027777777785,124.07263888888887,8.1,219.0,2020-10-31 18:28:01,围网
14618,31.5105,124.06130555555555,3.3,255.0,2020-10-31 18:38:01,围网
14618,31.50844444444445,124.05002777777777,2.5,260.0,2020-10-31 18:48:01,围网
14618,31.50702777777777,124.04130555555555,2.4,254.0,2020-10-31 18:58:01,围网
14618,31.50561111111111,124.03255555555555,2.6,251.0,2020-10-31 19:08:01,围网
14618,31.504361111111113,124.02383333333331,2.8,265.0,2020-10-31 19:18:01,围网
14618,31.503555555555558,124.0149722222222,3.1,269.0,2020-10-31 19:28:01,围网
14618,31.50375,124.0059722222222,3.1,275.0,2020-10-31 19:38:01,围网
14618,31.503888888888888,123.9965,2.9,252.0,2020-10-31 19:48:01,围网
14618,31.50397222222222,123.98816666666669,2.8,278.0,2020-10-31 19:58:00,围网
14618,31.504027777777768,123.97938888888888,2.6,261.0,2020-10-31 20:08:00,围网
14618,31.50413888888889,123.97066666666667,2.3,265.0,2020-10-31 20:18:00,围网
14618,31.50413888888889,123.96213888888887,2.6,268.0,2020-10-31 20:28:00,围网
14618,31.50425,123.95372222222224,2.4,258.0,2020-10-31 20:38:00,围网
14618,31.50433333333333,123.94552777777777,2.6,272.0,2020-10-31 20:48:00,围网
14618,31.50433333333333,123.93763888888887,2.2,264.0,2020-10-31 20:58:00,围网
14618,31.50438888888889,123.9297777777778,2.2,270.0,2020-10-31 21:08:00,围网
14618,31.504444444444445,123.92233333333334,1.9,273.0,2020-10-31 21:18:00,围网
14618,31.50458333333333,123.91505555555555,2.8,269.0,2020-10-31 21:28:00,围网
14618,31.505722222222207,123.90744444444445,2.5,270.0,2020-10-31 21:38:00,围网
14618,31.506999999999998,123.90008333333334,2.0,290.0,2020-10-31 21:48:00,围网
14618,31.50819444444444,123.89241666666668,2.3,267.0,2020-10-31 21:57:59,围网
14618,31.509166666666665,123.88586111111113,2.4,278.0,2020-10-31 22:07:59,围网
14618,31.51130555555556,123.87899999999999,1.9,296.0,2020-10-31 22:17:59,围网
14618,31.514083333333332,123.87227777777778,2.0,293.0,2020-10-31 22:28:01,围网
14618,31.51669444444445,123.86572222222222,2.0,288.0,2020-10-31 22:38:01,围网
14618,31.519305555555555,123.85941666666666,2.0,292.0,2020-10-31 22:48:01,围网
14618,31.52175,123.85333333333332,2.1,291.0,2020-10-31 22:58:01,围网
14618,31.52411111111111,123.84752777777777,2.4,300.0,2020-10-31 23:08:01,围网
14618,31.52758333333333,123.84211111111112,2.3,304.0,2020-10-31 23:18:01,围网
14618,31.53172222222221,123.83711111111113,2.6,305.0,2020-10-31 23:28:01,围网
14618,31.535472222222232,123.83216666666668,1.7,308.0,2020-10-31 23:38:01,围网
14618,31.53688888888889,123.83669444444445,2.6,343.0,2020-10-31 23:48:01,围网
14618,31.54044444444445,123.83822222222223,1.7,36.0,2020-10-31 23:58:01,围网
14618,31.54441666666667,123.83969444444445,2.0,50.0,2020-11-01 00:08:01,围网
14618,31.547694444444453,123.84136111111107,2.3,42.0,2020-11-01 00:18:01,围网
14618,31.53375,123.84155555555556,7.1,171.0,2020-11-01 00:28:01,围网
14618,31.51519444444445,123.84202777777777,6.4,212.0,2020-11-01 00:38:01,围网
14618,31.502222222222233,123.83463888888888,4.8,32.0,2020-11-01 00:48:00,围网
14618,31.50397222222222,123.84672222222223,2.8,85.0,2020-11-01 00:58:00,围网
14618,31.50322222222222,123.8562777777778,3.0,73.0,2020-11-01 01:08:00,围网
14618,31.50311111111111,123.86602777777777,3.1,81.0,2020-11-01 01:18:00,围网
14618,31.50244444444445,123.87575,2.6,0.0,2020-11-01 01:28:00,围网
14618,31.501666666666665,123.88544444444445,2.8,94.0,2020-11-01 01:38:00,围网
14618,31.49886111111111,123.90480555555555,3.5,100.0,2020-11-01 01:58:00,围网
14618,31.49725,123.91447222222223,3.3,98.0,2020-11-01 02:08:00,围网
14618,31.495222222222232,123.92461111111112,3.0,104.0,2020-11-01 02:18:00,围网
14618,31.49302777777779,123.93344444444445,2.9,112.0,2020-11-01 02:28:00,围网
14618,31.491111111111113,123.94302777777777,3.2,101.0,2020-11-01 02:37:59,围网
14618,31.48966666666667,123.95261111111112,3.1,98.0,2020-11-01 02:47:59,围网
14618,31.488138888888887,123.96208333333333,3.0,102.0,2020-11-01 02:57:59,围网
14618,31.486611111111113,123.97138888888892,3.3,106.0,2020-11-01 03:08:02,围网
14618,31.485194444444453,123.98061111111113,3.0,94.0,2020-11-01 03:18:01,围网
14618,31.48380555555556,123.98966666666666,2.6,99.0,2020-11-01 03:28:02,围网
14618,31.48233333333333,123.99855555555555,3.8,104.0,2020-11-01 03:38:01,围网
14618,31.4815,124.00708333333333,3.2,100.0,2020-11-01 03:48:01,围网
14618,31.481055555555557,124.01513888888887,2.2,67.0,2020-11-01 03:58:01,围网
14618,31.48033333333333,124.02344444444445,2.6,97.0,2020-11-01 04:08:01,围网
14618,31.479833333333332,124.03066666666666,2.6,97.0,2020-11-01 04:18:01,围网
14618,31.47933333333333,124.03836111111107,2.6,100.0,2020-11-01 04:28:01,围网
14618,31.47888888888889,124.04483333333332,2.1,103.0,2020-11-01 04:38:01,围网
14618,31.47736111111111,124.05175,2.5,105.0,2020-11-01 04:48:01,围网
14618,31.47586111111111,124.05838888888893,1.9,102.0,2020-11-01 04:58:01,围网
14618,31.47397222222222,124.06480555555555,2.2,110.0,2020-11-01 05:08:01,围网
14618,31.47194444444445,124.07105555555556,2.3,99.0,2020-11-01 05:18:00,围网
14618,31.46886111111111,124.07675,2.9,147.0,2020-11-01 05:28:00,围网
14618,31.461277777777767,124.07925,3.0,180.0,2020-11-01 05:38:00,围网
14618,31.453277777777767,124.07852777777778,2.8,167.0,2020-11-01 05:48:00,围网
14618,31.447277777777767,124.07736111111107,1.2,37.0,2020-11-01 05:58:00,围网
14618,31.446666666666665,124.07475,2.0,223.0,2020-11-01 06:08:00,围网
14618,31.44475,124.07088888888887,1.5,251.0,2020-11-01 06:18:00,围网
14618,31.443222222222207,124.06633333333332,2.0,258.0,2020-11-01 06:28:00,围网
14618,31.43208333333333,124.08077777777777,8.0,174.0,2020-11-01 06:38:00,围网
14618,31.418388888888888,124.09386111111107,6.5,139.0,2020-11-01 06:48:00,围网
14618,31.40219444444445,124.10511111111107,7.6,171.0,2020-11-01 06:58:00,围网
14618,31.399277777777765,124.09558333333332,2.8,272.0,2020-11-01 07:07:59,围网
14618,31.399277777777765,124.08580555555555,2.1,279.0,2020-11-01 07:17:59,围网
14618,31.39986111111111,124.07605555555556,2.1,276.0,2020-11-01 07:27:59,围网
14618,31.401166666666665,124.06669444444445,1.8,270.0,2020-11-01 07:37:59,围网
14618,31.401111111111113,124.05652777777777,2.8,267.0,2020-11-01 07:48:02,围网
14618,31.4005,124.04741666666666,3.0,254.0,2020-11-01 07:58:02,围网
14618,31.4,124.038,2.6,265.0,2020-11-01 08:08:01,围网
14618,31.399555555555555,124.02875,2.7,260.0,2020-11-01 08:18:01,围网
14618,31.399694444444453,124.01938888888887,2.6,269.0,2020-11-01 08:28:01,围网
14618,31.39988888888889,124.01013888888887,3.0,267.0,2020-11-01 08:38:01,围网
14618,31.400055555555554,124.00047222222223,2.5,268.0,2020-11-01 08:48:01,围网
14618,31.400194444444452,123.9920277777778,2.8,260.0,2020-11-01 08:58:01,围网
14618,31.400277777777767,123.98325,2.4,271.0,2020-11-01 09:08:01,围网
14618,31.401166666666665,123.97447222222222,2.8,276.0,2020-11-01 09:18:01,围网
14618,31.401166666666665,123.96608333333332,2.8,263.0,2020-11-01 09:28:01,围网
14618,31.400055555555554,123.95863888888887,2.0,255.0,2020-11-01 09:38:01,围网
14618,31.39908333333333,123.94355555555555,2.5,276.0,2020-11-01 09:58:00,围网
14618,31.399694444444453,123.92813888888894,2.2,272.0,2020-11-01 10:18:00,围网
14618,31.400027777777765,123.92061111111113,1.9,279.0,2020-11-01 10:28:00,围网
14618,31.400305555555555,123.91330555555555,2.1,262.0,2020-11-01 10:38:00,围网
14618,31.400444444444442,123.90636111111112,2.1,269.0,2020-11-01 10:48:00,围网
14618,31.400305555555555,123.89930555555556,2.0,264.0,2020-11-01 10:58:00,围网
14618,31.400194444444452,123.89333333333336,1.8,271.0,2020-11-01 11:08:00,围网
14618,31.40358333333333,123.89700000000002,2.5,318.0,2020-11-01 11:18:00,围网
14618,31.407166666666665,123.89644444444444,1.6,340.0,2020-11-01 11:28:00,围网
14618,31.41105555555556,123.89613888888887,1.5,5.0,2020-11-01 11:38:00,围网
14618,31.41458333333333,123.89613888888887,1.5,324.0,2020-11-01 11:47:59,围网
14618,31.417805555555557,123.89672222222224,1.6,28.0,2020-11-01 11:57:59,围网
14618,31.421138888888887,123.89752777777778,1.2,27.0,2020-11-01 12:07:59,围网
14618,31.42430555555556,123.89863888888893,1.0,29.0,2020-11-01 12:17:59,围网
14618,31.427138888888887,123.90002777777778,1.4,26.0,2020-11-01 12:28:01,围网
14618,31.42966666666667,123.90169444444444,1.0,32.0,2020-11-01 12:38:01,围网
14618,31.431583333333336,123.9037777777778,1.3,51.0,2020-11-01 12:48:01,围网
14618,31.434027777777768,123.90761111111112,7.0,161.0,2020-11-01 12:58:01,围网
14618,31.410055555555555,123.91205555555555,8.5,170.0,2020-11-01 13:08:01,围网
14618,31.400111111111112,123.91697222222223,4.2,47.0,2020-11-01 13:18:01,围网
14618,31.40225,123.91861111111113,1.8,172.0,2020-11-01 13:28:01,围网
14618,31.400361111111113,123.9297222222222,3.2,101.0,2020-11-01 13:38:01,围网
14618,31.39986111111111,123.9385,3.2,92.0,2020-11-01 13:48:01,围网
14618,31.39897222222222,123.9472222222222,3.1,100.0,2020-11-01 13:58:01,围网
14618,31.397527777777785,123.95625,2.7,96.0,2020-11-01 14:08:01,围网
14618,31.39702777777777,123.96450000000002,3.7,90.0,2020-11-01 14:18:01,围网
14618,31.39825,123.97313888888893,2.8,92.0,2020-11-01 14:28:00,围网
14618,31.399305555555554,123.98155555555556,2.9,91.0,2020-11-01 14:38:00,围网
14618,31.400111111111112,123.98986111111113,2.8,81.0,2020-11-01 14:48:00,围网
14618,31.40483333333333,124.00525,2.2,69.0,2020-11-01 15:08:00,围网
14618,31.407277777777768,124.01227777777778,2.3,69.0,2020-11-01 15:18:00,围网
14618,31.409,124.01855555555555,2.0,67.0,2020-11-01 15:28:00,围网
14618,31.40894444444445,124.02641666666666,2.6,96.0,2020-11-01 15:38:00,围网
14618,31.408666666666665,124.03402777777777,1.9,83.0,2020-11-01 15:48:00,围网
14618,31.408555555555555,124.04141666666666,2.1,83.0,2020-11-01 15:58:00,围网
14618,31.40858333333333,124.0485,1.7,82.0,2020-11-01 16:08:00,围网
14618,31.408555555555555,124.05525,1.7,79.0,2020-11-01 16:17:59,围网
14618,31.408555555555555,124.06183333333334,2.5,91.0,2020-11-01 16:27:59,围网
14618,31.407777777777767,124.06836111111107,2.8,96.0,2020-11-01 16:37:59,围网
14618,31.4065,124.07513888888887,2.5,104.0,2020-11-01 16:47:59,围网
14618,31.40533333333333,124.08141666666666,2.5,102.0,2020-11-01 16:58:02,围网
14618,31.403111111111112,124.08775,0.5,0.0,2020-11-01 17:08:01,围网
14618,31.39975,124.09377777777777,2.3,121.0,2020-11-01 17:18:01,围网
14618,31.396777777777768,124.09969444444445,2.4,125.0,2020-11-01 17:28:01,围网
14618,31.394305555555555,124.10213888888887,2.1,263.0,2020-11-01 17:38:01,围网
14618,31.39072222222222,124.09797222222224,4.3,242.0,2020-11-01 17:48:01,围网
14618,31.388055555555557,124.09480555555555,1.1,235.0,2020-11-01 17:58:01,围网
14618,31.385388888888887,124.09166666666668,1.6,246.0,2020-11-01 18:08:01,围网
14618,31.405,124.11147222222222,7.1,39.0,2020-11-01 18:28:01,围网
14618,31.40925,124.11041666666664,5.8,264.0,2020-11-01 18:38:01,围网
14618,31.40888888888889,124.10122222222222,2.7,271.0,2020-11-01 18:48:01,围网
14618,31.40894444444445,124.09227777777778,3.1,277.0,2020-11-01 18:58:01,围网
14618,31.40894444444445,124.08327777777777,3.0,270.0,2020-11-01 19:08:01,围网
14618,31.40869444444445,124.07413888888887,3.0,273.0,2020-11-01 19:18:00,围网
14618,31.40875,124.06488888888887,2.8,266.0,2020-11-01 19:28:00,围网
14618,31.40869444444445,124.05502777777777,2.7,270.0,2020-11-01 19:38:00,围网
14618,31.40861111111111,124.04644444444445,3.0,263.0,2020-11-01 19:48:00,围网
14618,31.40875,124.03730555555555,2.5,269.0,2020-11-01 19:58:00,围网
14618,31.40869444444445,124.02822222222223,3.1,256.0,2020-11-01 20:08:00,围网
14618,31.40875,124.01916666666666,2.8,263.0,2020-11-01 20:18:00,围网
14618,31.40880555555556,124.01016666666668,2.9,261.0,2020-11-01 20:28:00,围网
14618,31.408777777777768,124.0012777777778,2.7,257.0,2020-11-01 20:38:00,围网
14618,31.40883333333333,123.9925,2.5,259.0,2020-11-01 20:48:00,围网
14618,31.40897222222221,123.98352777777778,2.5,272.0,2020-11-01 20:57:59,围网
14618,31.40897222222221,123.9755,2.4,265.0,2020-11-01 21:07:59,围网
14618,31.40908333333333,123.96727777777778,2.2,260.0,2020-11-01 21:17:59,围网
14618,31.40913888888889,123.95919444444445,2.5,275.0,2020-11-01 21:27:59,围网
14618,31.409166666666664,123.95133333333334,2.0,262.0,2020-11-01 21:37:59,围网
14618,31.40925,123.94311111111112,2.7,272.0,2020-11-01 21:47:59,围网
14618,31.40922222222222,123.93608333333331,2.2,275.0,2020-11-01 21:58:01,围网
14618,31.40922222222222,123.92866666666669,2.3,252.0,2020-11-01 22:08:01,围网
14618,31.409305555555548,123.92144444444445,1.8,274.0,2020-11-01 22:18:01,围网
14618,31.40933333333333,123.91441666666668,2.4,276.0,2020-11-01 22:28:01,围网
14618,31.40936111111111,123.90755555555555,2.5,276.0,2020-11-01 22:38:01,围网
14618,31.409388888888888,123.90088888888893,2.8,276.0,2020-11-01 22:48:01,围网
14618,31.409416666666665,123.89441666666669,1.8,254.0,2020-11-01 22:58:01,围网
14618,31.40933333333333,123.88816666666668,1.7,263.0,2020-11-01 23:08:01,围网
14618,31.40933333333333,123.882,1.9,264.0,2020-11-01 23:18:01,围网
14618,31.409305555555548,123.87605555555555,1.8,275.0,2020-11-01 23:28:01,围网
14618,31.411166666666666,123.87541666666664,2.1,74.0,2020-11-01 23:38:00,围网
14618,31.413777777777767,123.87602777777781,1.3,333.0,2020-11-01 23:48:01,围网
14618,31.416555555555554,123.87530555555556,1.1,346.0,2020-11-01 23:58:00,围网
14618,31.418972222222234,123.87461111111112,0.9,340.0,2020-11-02 00:08:00,围网
14618,31.41011111111111,123.8694722222222,7.5,198.0,2020-11-02 00:18:00,围网
14618,31.4125,123.87047222222222,3.5,96.0,2020-11-02 00:28:00,围网
14618,31.41144444444444,123.8805,2.3,92.0,2020-11-02 00:38:00,围网
14618,31.4105,123.88813888888893,2.7,73.0,2020-11-02 00:48:00,围网
14618,31.41075,123.89641666666668,2.6,82.0,2020-11-02 00:58:00,围网
14618,31.410472222222207,123.9048888888889,2.6,74.0,2020-11-02 01:08:00,围网
14618,31.40975,123.91338888888893,2.6,93.0,2020-11-02 01:18:00,围网
14618,31.40897222222221,123.9219722222222,2.8,90.0,2020-11-02 01:28:00,围网
14618,31.408638888888888,123.93083333333334,2.9,92.0,2020-11-02 01:38:00,围网
14618,31.409388888888888,123.93961111111112,2.7,74.0,2020-11-02 01:47:59,围网
14618,31.41019444444445,123.94833333333334,2.6,95.0,2020-11-02 01:57:59,围网
14618,31.41,123.95763888888888,2.6,95.0,2020-11-02 02:07:59,围网
14618,31.40988888888889,123.96583333333334,2.7,88.0,2020-11-02 02:17:59,围网
14618,31.410166666666665,123.97455555555555,2.8,93.0,2020-11-02 02:28:02,围网
14618,31.410305555555553,123.98330555555556,2.9,92.0,2020-11-02 02:38:01,围网
14618,31.41044444444444,123.99188888888894,2.6,86.0,2020-11-02 02:48:01,围网
14618,31.41072222222222,124.00025,2.6,94.0,2020-11-02 02:58:01,围网
14618,31.410805555555555,124.0084722222222,2.4,92.0,2020-11-02 03:08:01,围网
14618,31.410611111111113,124.0165,2.3,84.0,2020-11-02 03:18:01,围网
14618,31.41063888888889,124.02425,2.6,93.0,2020-11-02 03:28:01,围网
14618,31.410277777777768,124.03936111111106,2.4,98.0,2020-11-02 03:48:01,围网
14618,31.409722222222207,124.04675,2.0,93.0,2020-11-02 03:58:01,围网
14618,31.409305555555548,124.05388888888888,2.1,96.0,2020-11-02 04:08:01,围网
14618,31.40869444444445,124.06125,2.1,100.0,2020-11-02 04:18:01,围网
14618,31.40644444444445,124.06802777777777,3.4,137.0,2020-11-02 04:28:01,围网
14618,31.39675,124.07088888888887,3.6,182.0,2020-11-02 04:38:00,围网
14618,31.38819444444445,124.07213888888887,3.2,137.0,2020-11-02 04:48:00,围网
14618,31.37875,124.08505555555556,2.5,124.0,2020-11-02 05:08:00,围网
14618,31.37094444444445,124.08747222222222,3.2,180.0,2020-11-02 05:18:00,围网
14618,31.363000000000003,124.0884722222222,2.9,174.0,2020-11-02 05:28:00,围网
14618,31.363138888888887,124.08736111111112,1.4,209.0,2020-11-02 05:38:00,围网
14618,31.35844444444445,124.08475,1.8,208.0,2020-11-02 05:48:00,围网
14618,31.35388888888889,124.08183333333334,2.0,206.0,2020-11-02 05:58:00,围网
14618,31.349555555555554,124.07827777777777,2.2,212.0,2020-11-02 06:08:00,围网
14618,31.347666666666665,124.06816666666666,7.3,346.0,2020-11-02 06:18:00,围网
14618,31.36638888888889,124.05608333333332,8.2,307.0,2020-11-02 06:27:59,围网
14618,31.37791666666667,124.04363888888888,7.5,322.0,2020-11-02 06:37:59,围网
14618,31.38658333333333,124.01875,8.8,283.0,2020-11-02 06:47:59,围网
14618,31.389888888888887,123.99113888888887,8.9,274.0,2020-11-02 06:57:59,围网
14618,31.39038888888889,123.97169444444445,2.1,256.0,2020-11-02 07:08:02,围网
14618,31.385277777777766,123.96477777777778,5.5,127.0,2020-11-02 07:18:02,围网
14618,31.382027777777786,123.98588888888894,6.8,100.0,2020-11-02 07:28:01,围网
14618,31.379166666666666,124.00736111111112,6.9,104.0,2020-11-02 07:38:01,围网
14618,31.37755555555556,124.02847222222222,6.6,89.0,2020-11-02 07:48:01,围网
14618,31.3765,124.04591666666668,2.6,90.0,2020-11-02 07:58:01,围网
14618,31.375750000000004,124.04533333333332,1.1,342.0,2020-11-02 08:08:01,围网
14618,31.377972222222233,124.04763888888887,1.7,47.0,2020-11-02 08:18:01,围网
14618,31.37769444444445,124.04844444444444,0.5,183.0,2020-11-02 08:28:01,围网
14618,31.377027777777766,124.04552777777776,2.1,270.0,2020-11-02 08:38:01,围网
14618,31.37691666666667,124.0405,1.4,267.0,2020-11-02 08:48:01,围网
14618,31.37669444444445,124.03452777777778,1.8,254.0,2020-11-02 08:58:01,围网
14618,31.384694444444445,124.02091666666666,10.7,292.0,2020-11-02 09:08:01,围网
14618,31.38630555555555,123.98716666666668,9.8,265.0,2020-11-02 09:18:00,围网
14618,31.382638888888888,123.92758333333336,9.7,286.0,2020-11-02 09:38:00,围网
14618,31.389777777777766,123.89791666666667,9.4,290.0,2020-11-02 09:48:00,围网
14618,31.397222222222233,123.86836111111107,9.1,281.0,2020-11-02 09:58:00,围网
14618,31.40147222222221,123.83761111111107,9.2,274.0,2020-11-02 10:08:00,围网
14618,31.404611111111112,123.8115,6.2,280.0,2020-11-02 10:18:00,围网
14618,31.4065,123.7922222222222,5.9,279.0,2020-11-02 10:28:00,围网
14618,31.408055555555553,123.77338888888887,5.8,272.0,2020-11-02 10:38:00,围网
14618,31.40991666666667,123.76322222222224,1.6,320.0,2020-11-02 10:48:00,围网
14618,31.4125,123.75986111111106,1.4,311.0,2020-11-02 10:58:00,围网
14618,31.415194444444445,123.75663888888887,1.2,306.0,2020-11-02 11:08:00,围网
14618,31.41788888888889,123.7537222222222,1.0,305.0,2020-11-02 11:17:59,围网
14618,31.420472222222234,123.75144444444445,1.1,320.0,2020-11-02 11:27:59,围网
14618,31.423111111111112,123.74933333333334,1.5,308.0,2020-11-02 11:37:59,围网
14618,31.42130555555556,123.73355555555555,5.3,243.0,2020-11-02 11:48:02,围网
14618,31.41769444444445,123.72366666666667,1.0,313.0,2020-11-02 11:58:01,围网
14618,31.40586111111111,123.708,7.5,224.0,2020-11-02 12:08:01,围网
14618,31.39191666666667,123.69063888888893,7.5,246.0,2020-11-02 12:18:01,围网
14618,31.39386111111111,123.66583333333334,8.2,284.0,2020-11-02 12:28:01,围网
14618,31.390361111111112,123.64136111111112,7.8,256.0,2020-11-02 12:38:01,围网
14618,31.38308333333333,123.61752777777777,7.5,273.0,2020-11-02 12:48:01,围网
14618,31.383416666666665,123.60858333333331,0.2,0.0,2020-11-02 12:58:01,围网
14618,31.38375,123.6062222222222,3.9,335.0,2020-11-02 13:08:01,围网
14618,31.389166666666664,123.61480555555555,2.5,82.0,2020-11-02 13:18:01,围网
14618,31.390166666666666,123.62330555555555,2.7,76.0,2020-11-02 13:28:01,围网
14618,31.39097222222221,123.63163888888887,2.7,88.0,2020-11-02 13:38:01,围网
14618,31.3915,123.64002777777776,2.7,89.0,2020-11-02 13:48:01,围网
14618,31.392,123.64855555555555,3.1,93.0,2020-11-02 13:58:00,围网
14618,31.39225,123.65708333333332,2.6,75.0,2020-11-02 14:08:00,围网
14618,31.392722222222233,123.66566666666668,2.5,30.0,2020-11-02 14:18:00,围网
14618,31.393,123.67427777777776,2.8,80.0,2020-11-02 14:28:00,围网
14618,31.39344444444445,123.68286111111112,2.7,92.0,2020-11-02 14:38:00,围网
14618,31.39380555555556,123.69147222222223,2.5,91.0,2020-11-02 14:48:00,围网
14618,31.39416666666667,123.69994444444444,3.0,94.0,2020-11-02 14:58:00,围网
14618,31.39461111111111,123.70897222222223,2.3,89.0,2020-11-02 15:08:00,围网
14618,31.39508333333333,123.71675,2.1,92.0,2020-11-02 15:18:00,围网
14618,31.3945,123.73333333333332,2.4,82.0,2020-11-02 15:38:00,围网
14618,31.39394444444445,123.74163888888887,2.7,84.0,2020-11-02 15:48:00,围网
14618,31.39338888888889,123.74975,2.5,89.0,2020-11-02 15:57:59,围网
14618,31.392944444444442,123.7577222222222,2.6,96.0,2020-11-02 16:07:59,围网
14618,31.3925,123.76555555555555,2.5,94.0,2020-11-02 16:17:59,围网
14618,31.39147222222222,123.78066666666666,2.8,93.0,2020-11-02 16:38:02,围网
14618,31.391,123.78780555555555,2.4,87.0,2020-11-02 16:48:01,围网
14618,31.39025,123.795,2.4,96.0,2020-11-02 16:58:01,围网
14618,31.38947222222221,123.80241666666666,4.0,105.0,2020-11-02 17:08:01,围网
14618,31.389027777777766,123.80866666666668,2.1,95.0,2020-11-02 17:18:01,围网
14618,31.38816666666667,123.81463888888894,2.2,105.0,2020-11-02 17:28:01,围网
14618,31.38708333333333,123.82086111111107,2.1,107.0,2020-11-02 17:38:01,围网
14618,31.386166666666664,123.82683333333334,1.8,92.0,2020-11-02 17:48:01,围网
14618,31.38427777777777,123.83255555555556,2.0,123.0,2020-11-02 17:58:01,围网
14618,31.38141666666667,123.83811111111113,1.9,122.0,2020-11-02 18:08:01,围网
14618,31.37894444444445,123.83894444444445,2.5,284.0,2020-11-02 18:18:01,围网
14618,31.374472222222234,123.83544444444445,1.1,0.0,2020-11-02 18:28:00,围网
14618,31.370666666666665,123.83330555555555,1.3,249.0,2020-11-02 18:38:00,围网
14618,31.366722222222233,123.83011111111112,1.6,237.0,2020-11-02 18:48:00,围网
14618,31.363166666666668,123.82575,4.5,302.0,2020-11-02 18:58:00,围网
14618,31.368944444444452,123.83419444444445,6.8,41.0,2020-11-02 19:08:00,围网
14618,31.38275,123.84888888888888,6.8,37.0,2020-11-02 19:18:00,围网
14618,31.397055555555553,123.85969444444444,1.9,273.0,2020-11-02 19:28:00,围网
14618,31.395666666666664,123.85144444444445,3.6,291.0,2020-11-02 19:38:00,围网
14618,31.39611111111111,123.84002777777776,2.9,273.0,2020-11-02 19:48:00,围网
14618,31.3965,123.83077777777777,3.2,274.0,2020-11-02 19:58:00,围网
14618,31.39641666666667,123.82152777777776,3.2,260.0,2020-11-02 20:08:00,围网
14618,31.395138888888887,123.81233333333331,3.1,248.0,2020-11-02 20:18:00,围网
14618,31.39283333333333,123.8035,2.9,254.0,2020-11-02 20:28:00,围网
14618,31.390527777777766,123.79516666666667,2.5,252.0,2020-11-02 20:37:59,围网
14618,31.38886111111111,123.78663888888887,2.7,252.0,2020-11-02 20:47:59,围网
14618,31.38744444444445,123.77799999999999,2.7,258.0,2020-11-02 20:57:59,围网
14618,31.386555555555553,123.76925,3.1,267.0,2020-11-02 21:08:02,围网
14618,31.38675,123.76022222222224,2.8,269.0,2020-11-02 21:18:02,围网
14618,31.386972222222226,123.75141666666666,2.7,269.0,2020-11-02 21:28:01,围网
14618,31.387027777777767,123.74216666666666,2.6,270.0,2020-11-02 21:38:01,围网
14618,31.38783333333333,123.73386111111112,2.7,276.0,2020-11-02 21:48:01,围网
14618,31.388638888888888,123.72511111111113,2.4,272.0,2020-11-02 21:58:01,围网
14618,31.38933333333333,123.71669444444444,2.9,280.0,2020-11-02 22:08:01,围网
14618,31.38966666666667,123.70855555555555,2.2,269.0,2020-11-02 22:18:01,围网
14618,31.38969444444445,123.70077777777777,2.4,269.0,2020-11-02 22:28:01,围网
14618,31.389722222222233,123.69325,2.3,257.0,2020-11-02 22:38:01,围网
14618,31.389833333333332,123.686,1.8,262.0,2020-11-02 22:48:01,围网
14618,31.389777777777766,123.67933333333336,2.1,262.0,2020-11-02 22:58:00,围网
14618,31.389777777777766,123.67272222222222,2.5,279.0,2020-11-02 23:08:00,围网
14618,31.389888888888887,123.66613888888894,2.0,277.0,2020-11-02 23:18:00,围网
14618,31.389944444444453,123.65991666666667,2.0,271.0,2020-11-02 23:28:00,围网
14618,31.391666666666666,123.65827777777778,2.6,34.0,2020-11-02 23:38:00,围网
14618,31.394222222222233,123.65794444444445,0.7,350.0,2020-11-02 23:48:00,围网
14618,31.39613888888889,123.658,0.5,109.0,2020-11-02 23:58:00,围网
14618,31.39777777777777,123.65797222222223,0.5,0.0,2020-11-03 00:08:00,围网
14618,31.39919444444445,123.6575,0.6,0.0,2020-11-03 00:18:00,围网
14618,31.39244444444445,123.65880555555556,7.5,156.0,2020-11-03 00:28:00,围网
