渔船ID,lat,lon,速度,方向,time,type
15087,29.81344444444445,122.72288888888887,8.2,272.0,2020-09-05 16:37:39,围网
15087,29.81438888888889,122.69666666666667,7.2,276.0,2020-09-05 16:47:34,围网
15087,29.817777777777767,122.64447222222222,9.1,278.0,2020-09-05 17:07:34,围网
15087,29.81963888888889,122.61797222222219,7.5,273.0,2020-09-05 17:17:35,围网
15087,29.82216666666667,122.59044444444444,8.9,270.0,2020-09-05 17:28:02,围网
15087,29.82241666666667,122.56422222222223,7.5,270.0,2020-09-05 17:37:34,围网
15087,29.82263888888889,122.53633333333332,9.2,269.0,2020-09-05 17:47:34,围网
15087,29.82230555555555,122.50758333333332,9.7,272.0,2020-09-05 17:57:34,围网
15087,29.82050000000001,122.47669444444445,10.7,268.0,2020-09-05 18:07:34,围网
15087,29.81875,122.44347222222223,11.5,263.0,2020-09-05 18:17:34,围网
15087,29.821222222222207,122.41413888888887,10.6,270.0,2020-09-05 18:27:34,围网
15087,29.83205555555556,122.38558333333332,10.1,303.0,2020-09-05 18:37:34,围网
15087,29.850972222222207,122.36930555555556,9.1,326.0,2020-09-05 18:47:34,围网
15087,29.87408333333333,122.35572222222223,6.3,326.0,2020-09-05 18:57:34,围网
15087,29.89322222222221,122.3417777777778,9.3,327.0,2020-09-05 19:07:34,围网
15087,29.90858333333333,122.3195,9.2,282.0,2020-09-05 19:17:34,围网
15087,29.916555555555554,122.29038888888887,9.4,297.0,2020-09-05 19:27:34,围网
15087,29.93658333333333,122.27580555555555,6.1,352.0,2020-09-05 19:37:34,围网
15087,29.94044444444444,122.27858333333332,1.4,19.0,2020-09-05 19:47:34,围网
15087,29.94075,122.2785,0.1,0.0,2020-09-05 19:57:42,围网
15087,29.94088888888889,122.27852777777778,0.0,0.0,2020-09-05 20:08:02,围网
15087,29.940416666666664,122.27819444444445,3.8,240.0,2020-09-05 20:17:33,围网
15087,29.942472222222232,122.29227777777778,2.9,48.0,2020-09-05 20:27:33,围网
15087,29.942222222222235,122.2925277777778,0.0,0.0,2020-09-05 20:37:33,围网
15087,29.942222222222235,122.2925,0.0,0.0,2020-09-05 20:47:33,围网
15087,29.94219444444445,122.29255555555555,0.0,0.0,2020-09-05 20:57:58,围网
15087,29.94216666666667,122.29236111111106,0.5,0.0,2020-09-05 21:07:33,围网
15087,29.94372222222221,122.2925,3.9,350.0,2020-09-05 21:17:33,围网
15087,29.94341666666667,122.29247222222222,0.1,0.0,2020-09-05 21:27:33,围网
15087,29.943388888888887,122.29236111111106,0.1,0.0,2020-09-05 21:37:33,围网
15087,29.943361111111113,122.2927222222222,0.0,0.0,2020-09-05 21:47:33,围网
15087,29.943388888888887,122.29255555555555,0.0,0.0,2020-09-05 21:58:02,围网
15087,29.943361111111113,122.29258333333334,0.0,0.0,2020-09-05 22:07:33,围网
15087,29.94341666666667,122.29258333333334,0.0,0.0,2020-09-05 22:17:33,围网
15087,29.943388888888887,122.29255555555555,0.0,0.0,2020-09-05 22:27:33,围网
15087,29.943444444444445,122.2925277777778,0.0,0.0,2020-09-05 22:37:33,围网
15087,29.943444444444445,122.29255555555555,0.0,0.0,2020-09-05 22:47:33,围网
15087,29.94341666666667,122.29255555555555,0.0,0.0,2020-09-05 22:57:33,围网
15087,29.943388888888887,122.29255555555555,0.0,0.0,2020-09-05 23:07:33,围网
15087,29.943388888888887,122.29258333333334,0.0,0.0,2020-09-05 23:17:33,围网
15087,29.943388888888887,122.29255555555555,0.0,0.0,2020-09-05 23:27:33,围网
15087,29.94333333333333,122.29266666666668,0.0,0.0,2020-09-05 23:37:33,围网
15087,29.943305555555558,122.29261111111113,0.0,0.0,2020-09-05 23:47:33,围网
15087,29.943361111111113,122.29258333333334,0.0,0.0,2020-09-05 23:57:33,围网
15087,29.94333333333333,122.29263888888887,0.0,0.0,2020-09-06 00:08:00,围网
15087,29.94333333333333,122.29269444444445,0.0,0.0,2020-09-06 00:17:33,围网
15087,29.94325000000001,122.29269444444445,0.0,0.0,2020-09-06 00:27:33,围网
15087,29.943361111111113,122.29327777777776,0.7,0.0,2020-09-06 00:37:33,围网
15087,29.94325000000001,122.29269444444445,0.1,0.0,2020-09-06 00:47:34,围网
15087,29.94311111111111,122.29297222222222,0.0,0.0,2020-09-06 00:57:33,围网
15087,29.943472222222233,122.29375,0.2,0.0,2020-09-06 01:07:32,围网
15087,29.94369444444445,122.29383333333332,0.0,0.0,2020-09-06 01:17:32,围网
15087,29.94388888888889,122.29375,0.2,0.0,2020-09-06 01:27:35,围网
15087,29.94386111111111,122.29383333333332,0.1,0.0,2020-09-06 01:37:32,围网
15087,29.94355555555556,122.29402777777777,0.4,0.0,2020-09-06 01:47:32,围网
15087,29.94377777777777,122.2937777777778,0.1,0.0,2020-09-06 01:57:32,围网
15087,29.94372222222221,122.29380555555555,0.0,0.0,2020-09-06 02:07:32,围网
15087,29.94369444444445,122.29386111111107,0.0,0.0,2020-09-06 02:17:32,围网
15087,29.943805555555556,122.2937222222222,0.0,0.0,2020-09-06 02:28:00,围网
15087,29.94375,122.29375,0.0,0.0,2020-09-06 02:37:32,围网
15087,29.943805555555556,122.29375,0.0,0.0,2020-09-06 02:47:32,围网
15087,29.94375,122.2937777777778,0.0,0.0,2020-09-06 02:57:32,围网
15087,29.94372222222221,122.29380555555555,0.0,0.0,2020-09-06 03:07:32,围网
15087,29.94372222222221,122.2937777777778,0.0,0.0,2020-09-06 03:17:32,围网
15087,29.94375,122.29375,0.0,0.0,2020-09-06 03:27:32,围网
15087,29.94377777777777,122.29375,0.0,0.0,2020-09-06 03:37:32,围网
15087,29.94369444444445,122.29380555555555,0.0,0.0,2020-09-06 03:47:32,围网
15087,29.943666666666665,122.29380555555555,0.0,0.0,2020-09-06 03:57:32,围网
15087,29.94369444444445,122.29383333333332,0.0,0.0,2020-09-06 04:07:32,围网
15087,29.943638888888888,122.29383333333332,0.0,0.0,2020-09-06 04:17:32,围网
15087,29.943583333333336,122.29391666666666,0.0,0.0,2020-09-06 04:27:32,围网
15087,29.943638888888888,122.29386111111107,0.0,0.0,2020-09-06 04:37:32,围网
15087,29.94352777777778,122.29388888888887,0.1,0.0,2020-09-06 04:47:32,围网
15087,29.943638888888888,122.29405555555556,0.3,0.0,2020-09-06 04:57:32,围网
15087,29.94305555555556,122.29458333333332,0.1,0.0,2020-09-06 05:07:32,围网
15087,29.94386111111111,122.29361111111106,0.4,0.0,2020-09-06 05:27:32,围网
15087,29.94372222222221,122.2937777777778,0.3,0.0,2020-09-06 05:37:32,围网
15087,29.94369444444445,122.29355555555556,0.3,0.0,2020-09-06 05:47:32,围网
15087,29.94375,122.2937222222222,0.1,0.0,2020-09-06 05:58:00,围网
15087,29.943805555555556,122.2937777777778,0.1,0.0,2020-09-06 06:07:31,围网
15087,29.943666666666665,122.2935,0.0,0.0,2020-09-06 06:17:31,围网
15087,29.94352777777778,122.2937777777778,0.9,277.0,2020-09-06 06:27:31,围网
15087,29.94319444444445,122.29299999999999,0.1,0.0,2020-09-06 06:37:31,围网
15087,29.943166666666666,122.29302777777777,0.3,0.0,2020-09-06 06:47:31,围网
15087,29.94319444444445,122.29305555555555,0.1,0.0,2020-09-06 06:57:31,围网
15087,29.94327777777778,122.29305555555555,0.1,0.0,2020-09-06 07:07:31,围网
15087,29.94319444444445,122.29302777777777,0.0,0.0,2020-09-06 07:17:31,围网
15087,29.94319444444445,122.29305555555555,0.0,0.0,2020-09-06 07:27:31,围网
15087,29.943222222222207,122.29308333333331,0.0,0.0,2020-09-06 07:37:31,围网
15087,29.943166666666666,122.29311111111113,0.0,0.0,2020-09-06 07:47:31,围网
15087,29.94325000000001,122.29302777777777,0.0,0.0,2020-09-06 07:57:31,围网
15087,29.943166666666666,122.29302777777777,0.0,0.0,2020-09-06 08:08:02,围网
15087,29.94327777777778,122.29305555555555,0.0,0.0,2020-09-06 08:17:31,围网
15087,29.94325000000001,122.29308333333331,0.0,0.0,2020-09-06 08:27:31,围网
15087,29.94319444444445,122.29299999999999,0.1,0.0,2020-09-06 08:37:31,围网
15087,29.94311111111111,122.29308333333331,0.2,0.0,2020-09-06 08:47:31,围网
15087,29.94325000000001,122.29308333333331,0.0,0.0,2020-09-06 08:57:31,围网
15087,29.943222222222207,122.29305555555555,0.0,0.0,2020-09-06 09:07:31,围网
15087,29.943222222222207,122.29299999999999,0.1,0.0,2020-09-06 09:17:31,围网
15087,29.94313888888889,122.29302777777777,0.3,0.0,2020-09-06 09:27:31,围网
15087,29.94327777777778,122.29299999999999,0.1,0.0,2020-09-06 09:37:31,围网
15087,29.943222222222207,122.29297222222222,0.0,0.0,2020-09-06 09:47:31,围网
15087,29.94313888888889,122.29299999999999,0.0,0.0,2020-09-06 09:57:31,围网
15087,29.94311111111111,122.29286111111112,0.0,0.0,2020-09-06 10:07:32,围网
15087,29.94325000000001,122.29305555555555,0.1,0.0,2020-09-06 10:17:35,围网
15087,29.943305555555558,122.29313888888888,0.7,54.0,2020-09-06 10:27:31,围网
15087,29.943166666666666,122.29291666666666,0.1,0.0,2020-09-06 10:37:31,围网
15087,29.943166666666666,122.29297222222222,0.1,0.0,2020-09-06 10:47:31,围网
15087,29.94313888888889,122.29299999999999,0.1,0.0,2020-09-06 10:57:31,围网
15087,29.943166666666666,122.29297222222222,0.1,0.0,2020-09-06 11:07:31,围网
15087,29.943166666666666,122.29305555555555,0.1,0.0,2020-09-06 11:17:30,围网
15087,29.94311111111111,122.29302777777777,0.2,0.0,2020-09-06 11:27:30,围网
15087,29.943166666666666,122.29299999999999,0.2,0.0,2020-09-06 11:37:30,围网
15087,29.943166666666666,122.29308333333331,0.1,0.0,2020-09-06 11:47:30,围网
15087,29.94313888888889,122.29311111111113,0.1,0.0,2020-09-06 11:57:30,围网
15087,29.943166666666666,122.29305555555555,0.1,0.0,2020-09-06 12:08:09,围网
15087,29.94311111111111,122.29313888888888,0.0,0.0,2020-09-06 12:17:30,围网
15087,29.94313888888889,122.29311111111113,0.0,0.0,2020-09-06 12:27:30,围网
15087,29.943166666666666,122.29305555555555,0.1,0.0,2020-09-06 12:37:30,围网
15087,29.94313888888889,122.29311111111113,0.0,0.0,2020-09-06 12:47:30,围网
15087,29.94325000000001,122.29308333333331,0.3,0.0,2020-09-06 12:57:30,围网
15087,29.94311111111111,122.29316666666666,0.0,0.0,2020-09-06 13:07:30,围网
15087,29.943166666666666,122.29308333333331,0.2,0.0,2020-09-06 13:17:30,围网
15087,29.94319444444445,122.29313888888888,0.2,0.0,2020-09-06 13:27:30,围网
15087,29.943166666666666,122.29308333333331,0.4,0.0,2020-09-06 13:37:30,围网
15087,29.94319444444445,122.29305555555555,0.2,0.0,2020-09-06 13:47:30,围网
15087,29.943166666666666,122.29319444444445,0.6,0.0,2020-09-06 13:57:30,围网
15087,29.94311111111111,122.29308333333331,0.7,99.0,2020-09-06 14:07:30,围网
15087,29.94311111111111,122.29316666666666,1.6,93.0,2020-09-06 14:17:30,围网
15087,29.943166666666666,122.29322222222223,2.0,91.0,2020-09-06 14:27:30,围网
15087,29.94319444444445,122.29338888888893,2.0,89.0,2020-09-06 14:37:30,围网
15087,29.94319444444445,122.29302777777777,1.1,101.0,2020-09-06 14:47:30,围网
15087,29.94325000000001,122.29294444444444,0.7,99.0,2020-09-06 14:57:32,围网
15087,29.94313888888889,122.29311111111113,0.5,0.0,2020-09-06 15:17:30,围网
15087,29.94311111111111,122.29316666666666,0.6,88.0,2020-09-06 15:27:30,围网
15087,29.943166666666666,122.29305555555555,0.0,0.0,2020-09-06 15:37:57,围网
15087,29.94319444444445,122.29308333333331,0.0,0.0,2020-09-06 15:47:30,围网
15087,29.94311111111111,122.29308333333331,0.2,0.0,2020-09-06 15:57:30,围网
15087,29.94319444444445,122.29308333333331,0.0,0.0,2020-09-06 16:07:30,围网
15087,29.943166666666666,122.29305555555555,0.0,0.0,2020-09-06 16:17:30,围网
15087,29.94311111111111,122.29313888888888,0.1,0.0,2020-09-06 16:27:29,围网
15087,29.94311111111111,122.29322222222223,0.0,0.0,2020-09-06 16:37:30,围网
15087,29.94313888888889,122.29327777777776,0.4,0.0,2020-09-06 16:47:29,围网
15087,29.943222222222207,122.29327777777776,0.2,0.0,2020-09-06 16:57:29,围网
15087,29.943166666666666,122.29313888888888,0.0,0.0,2020-09-06 17:07:30,围网
15087,29.943166666666666,122.29313888888888,0.2,0.0,2020-09-06 17:17:29,围网
15087,29.944055555555554,122.2922222222222,0.6,0.0,2020-09-06 17:27:34,围网
15087,29.943166666666666,122.29305555555555,0.0,0.0,2020-09-06 17:37:59,围网
15087,29.94313888888889,122.29305555555555,0.0,0.0,2020-09-06 17:47:29,围网
15087,29.943166666666666,122.29308333333331,0.7,121.0,2020-09-06 17:57:29,围网
15087,29.94319444444445,122.29311111111113,0.8,125.0,2020-09-06 18:07:29,围网
15087,29.94319444444445,122.29308333333331,0.0,0.0,2020-09-06 18:17:29,围网
15087,29.943166666666666,122.29308333333331,0.0,0.0,2020-09-06 18:27:29,围网
15087,29.94313888888889,122.29308333333331,0.0,0.0,2020-09-06 18:37:29,围网
15087,29.943166666666666,122.29311111111113,0.0,0.0,2020-09-06 18:47:29,围网
15087,29.94313888888889,122.29302777777777,0.0,0.0,2020-09-06 18:57:29,围网
15087,29.94311111111111,122.29311111111113,0.1,0.0,2020-09-06 19:07:29,围网
15087,29.94319444444445,122.29297222222222,0.0,0.0,2020-09-06 19:17:29,围网
15087,29.943166666666666,122.29302777777777,0.1,0.0,2020-09-06 19:27:29,围网
15087,29.94325000000001,122.29302777777777,0.1,0.0,2020-09-06 19:37:29,围网
15087,29.94325000000001,122.29302777777777,0.1,0.0,2020-09-06 19:47:29,围网
15087,29.94311111111111,122.29305555555555,0.2,0.0,2020-09-06 19:57:29,围网
15087,29.943222222222207,122.29297222222222,0.0,0.0,2020-09-06 20:07:56,围网
15087,29.943222222222207,122.29299999999999,0.0,0.0,2020-09-06 20:17:29,围网
15087,29.94325000000001,122.29294444444444,0.0,0.0,2020-09-06 20:27:29,围网
15087,29.94319444444445,122.29299999999999,0.0,0.0,2020-09-06 20:37:29,围网
15087,29.94325000000001,122.29297222222222,0.0,0.0,2020-09-06 20:47:29,围网
15087,29.943222222222207,122.29297222222222,0.0,0.0,2020-09-06 20:57:29,围网
15087,29.943222222222207,122.29294444444444,0.0,0.0,2020-09-06 21:07:29,围网
15087,29.943166666666666,122.29308333333331,0.0,0.0,2020-09-06 21:17:29,围网
15087,29.94319444444445,122.29294444444444,0.0,0.0,2020-09-06 21:27:28,围网
15087,29.943222222222207,122.29288888888887,0.1,0.0,2020-09-06 21:37:28,围网
15087,29.943222222222207,122.29291666666666,0.0,0.0,2020-09-06 21:47:28,围网
15087,29.943166666666666,122.29299999999999,0.0,0.0,2020-09-06 21:57:28,围网
15087,29.943166666666666,122.29283333333332,0.1,0.0,2020-09-06 22:07:28,围网
15087,29.94319444444445,122.29299999999999,0.1,0.0,2020-09-06 22:17:30,围网
15087,29.943361111111113,122.29322222222223,0.6,67.0,2020-09-06 22:27:32,围网
15087,29.943166666666666,122.29297222222222,0.0,0.0,2020-09-06 22:38:09,围网
15087,29.943166666666666,122.29302777777777,0.0,0.0,2020-09-06 22:47:28,围网
15087,29.943222222222207,122.29299999999999,0.0,0.0,2020-09-06 22:57:28,围网
15087,29.943166666666666,122.29297222222222,0.0,0.0,2020-09-06 23:07:28,围网
15087,29.94319444444445,122.29305555555555,0.0,0.0,2020-09-06 23:17:28,围网
15087,29.943027777777786,122.29319444444445,0.3,0.0,2020-09-06 23:27:28,围网
15087,29.94325000000001,122.29302777777777,0.1,0.0,2020-09-06 23:37:28,围网
15087,29.94319444444445,122.29305555555555,0.2,0.0,2020-09-06 23:47:28,围网
15087,29.943166666666666,122.29316666666666,0.0,0.0,2020-09-06 23:57:28,围网
15087,29.94319444444445,122.29311111111113,0.0,0.0,2020-09-07 00:07:28,围网
15087,29.94327777777778,122.29313888888888,0.0,0.0,2020-09-07 00:17:28,围网
15087,29.943444444444445,122.29316666666666,0.1,0.0,2020-09-07 00:27:34,围网
15087,29.94319444444445,122.29305555555555,0.3,0.0,2020-09-07 00:37:28,围网
15087,29.943166666666666,122.29308333333331,0.0,0.0,2020-09-07 00:47:57,围网
15087,29.943166666666666,122.29302777777777,0.0,0.0,2020-09-07 00:57:28,围网
15087,29.94319444444445,122.29305555555555,0.0,0.0,2020-09-07 01:07:28,围网
15087,29.943222222222207,122.29308333333331,0.0,0.0,2020-09-07 01:17:28,围网
15087,29.94319444444445,122.29308333333331,0.3,0.0,2020-09-07 01:27:28,围网
15087,29.94319444444445,122.29302777777777,0.0,0.0,2020-09-07 01:37:28,围网
15087,29.94319444444445,122.29308333333331,0.0,0.0,2020-09-07 01:47:28,围网
15087,29.943222222222207,122.29308333333331,0.0,0.0,2020-09-07 01:57:28,围网
15087,29.94319444444445,122.29316666666666,0.0,0.0,2020-09-07 02:07:28,围网
15087,29.943166666666666,122.29311111111113,0.3,0.0,2020-09-07 02:17:28,围网
15087,29.94311111111111,122.29327777777776,0.0,0.0,2020-09-07 02:27:31,围网
15087,29.943222222222207,122.29311111111113,0.0,0.0,2020-09-07 02:37:27,围网
15087,29.943222222222207,122.29308333333331,0.1,0.0,2020-09-07 02:47:27,围网
15087,29.9435,122.29297222222222,0.2,0.0,2020-09-07 02:57:27,围网
15087,29.943361111111113,122.29297222222222,0.4,0.0,2020-09-07 03:07:28,围网
15087,29.94208333333333,122.2935,0.6,163.0,2020-09-07 03:17:38,围网
15087,29.94327777777778,122.29299999999999,0.0,0.0,2020-09-07 03:27:27,围网
15087,29.942805555555548,122.29316666666666,0.0,0.0,2020-09-07 03:37:27,围网
15087,29.94327777777778,122.29302777777777,0.1,0.0,2020-09-07 03:47:27,围网
15087,29.943222222222207,122.29308333333331,0.0,0.0,2020-09-07 03:57:27,围网
15087,29.943222222222207,122.29305555555555,0.0,0.0,2020-09-07 04:07:55,围网
15087,29.94325000000001,122.29302777777777,0.0,0.0,2020-09-07 04:17:27,围网
15087,29.94325000000001,122.29308333333331,0.0,0.0,2020-09-07 04:27:27,围网
15087,29.94325000000001,122.29305555555555,0.0,0.0,2020-09-07 04:37:27,围网
15087,29.94319444444445,122.29305555555555,0.0,0.0,2020-09-07 04:47:27,围网
15087,29.943222222222207,122.29313888888888,0.3,0.0,2020-09-07 04:57:27,围网
15087,29.94319444444445,122.29308333333331,0.0,0.0,2020-09-07 05:07:27,围网
15087,29.94319444444445,122.29308333333331,0.0,0.0,2020-09-07 05:17:27,围网
15087,29.94311111111111,122.29313888888888,0.1,0.0,2020-09-07 05:27:27,围网
15087,29.943222222222207,122.29305555555555,0.0,0.0,2020-09-07 05:37:27,围网
15087,29.943027777777786,122.29336111111112,0.1,0.0,2020-09-07 05:47:27,围网
15087,29.942916666666665,122.29347222222222,0.2,0.0,2020-09-07 05:57:27,围网
15087,29.94305555555556,122.29313888888888,0.1,0.0,2020-09-07 06:07:27,围网
15087,29.943305555555558,122.29294444444444,0.5,0.0,2020-09-07 06:17:27,围网
15087,29.94325000000001,122.29302777777777,0.3,139.0,2020-09-07 06:27:27,围网
15087,29.943222222222207,122.29302777777777,0.8,136.0,2020-09-07 06:37:27,围网
15087,29.943222222222207,122.29308333333331,0.2,0.0,2020-09-07 06:47:27,围网
15087,29.94327777777778,122.29294444444444,0.1,0.0,2020-09-07 06:57:27,围网
15087,29.94341666666667,122.29280555555556,0.6,146.0,2020-09-07 07:07:31,围网
15087,29.94313888888889,122.29311111111113,0.0,0.0,2020-09-07 07:17:34,围网
15087,29.943305555555558,122.29291666666666,0.0,0.0,2020-09-07 07:27:55,围网
15087,29.943444444444445,122.29291666666666,0.2,0.0,2020-09-07 07:37:27,围网
15087,29.94341666666667,122.29291666666666,0.5,0.0,2020-09-07 07:47:26,围网
15087,29.943388888888887,122.29288888888887,0.6,0.0,2020-09-07 07:57:26,围网
15087,29.943305555555558,122.29294444444444,0.0,0.0,2020-09-07 08:07:55,围网
15087,29.943638888888888,122.29538888888888,4.5,86.0,2020-09-07 08:17:26,围网
15087,29.94175,122.31511111111112,7.1,109.0,2020-09-07 08:27:26,围网
15087,29.95877777777777,122.33022222222222,8.3,34.0,2020-09-07 08:37:26,围网
15087,29.96983333333333,122.35055555555556,7.9,79.0,2020-09-07 08:47:26,围网
15087,29.97097222222222,122.37833333333332,8.8,93.0,2020-09-07 08:57:26,围网
15087,29.97425,122.40333333333334,8.1,67.0,2020-09-07 09:07:26,围网
15087,29.98041666666667,122.42838888888893,8.8,74.0,2020-09-07 09:17:26,围网
15087,29.98544444444445,122.45341666666668,8.2,85.0,2020-09-07 09:27:26,围网
15087,29.98680555555556,122.48055555555555,8.2,89.0,2020-09-07 09:37:26,围网
15087,29.988138888888887,122.50813888888894,8.4,81.0,2020-09-07 09:47:26,围网
15087,29.990055555555557,122.53436111111112,8.1,89.0,2020-09-07 09:57:26,围网
15087,29.990972222222233,122.56033333333332,8.4,87.0,2020-09-07 10:07:26,围网
15087,29.99016666666667,122.58538888888887,8.1,111.0,2020-09-07 10:17:26,围网
15087,29.990250000000003,122.61113888888887,7.8,88.0,2020-09-07 10:27:26,围网
15087,29.990388888888887,122.63727777777781,7.9,92.0,2020-09-07 10:37:26,围网
15087,29.9905,122.66233333333334,8.1,82.0,2020-09-07 10:47:26,围网
15087,29.99091666666667,122.68816666666667,8.2,92.0,2020-09-07 10:57:26,围网
15087,29.99016666666667,122.7137777777778,8.4,113.0,2020-09-07 11:07:26,围网
15087,29.989166666666666,122.73927777777777,7.7,87.0,2020-09-07 11:17:26,围网
15087,29.98838888888889,122.76430555555555,8.6,87.0,2020-09-07 11:27:26,围网
15087,29.98761111111111,122.78997222222222,7.9,84.0,2020-09-07 11:37:26,围网
15087,29.98719444444445,122.81627777777778,8.8,95.0,2020-09-07 11:47:26,围网
15087,29.986777777777768,122.84277777777777,7.4,82.0,2020-09-07 11:57:26,围网
15087,29.98625,122.87166666666666,9.0,100.0,2020-09-07 12:08:08,围网
15087,29.985972222222234,122.89702777777781,7.6,92.0,2020-09-07 12:17:26,围网
15087,29.985527777777786,122.92322222222224,7.9,87.0,2020-09-07 12:27:26,围网
15087,29.985222222222234,122.9502222222222,6.3,89.0,2020-09-07 12:37:26,围网
15087,29.984861111111112,122.977,8.2,98.0,2020-09-07 12:47:26,围网
15087,29.981638888888888,123.00605555555555,8.7,84.0,2020-09-07 12:57:55,围网
15087,29.982083333333332,123.03316666666666,8.5,91.0,2020-09-07 13:07:25,围网
15087,29.981666666666666,123.06119444444445,8.7,80.0,2020-09-07 13:17:25,围网
15087,29.98113888888889,123.08966666666666,8.8,105.0,2020-09-07 13:27:25,围网
15087,29.980583333333332,123.11852777777777,8.8,98.0,2020-09-07 13:37:25,围网
15087,29.98083333333333,123.14761111111113,9.9,84.0,2020-09-07 13:47:25,围网
15087,29.98083333333333,123.17647222222223,9.3,91.0,2020-09-07 13:57:25,围网
15087,29.98075,123.20544444444445,8.7,94.0,2020-09-07 14:07:25,围网
15087,29.981027777777786,123.23466666666668,9.5,88.0,2020-09-07 14:17:25,围网
15087,29.98108333333333,123.26425,9.0,88.0,2020-09-07 14:27:25,围网
15087,29.981666666666666,123.29375,7.1,77.0,2020-09-07 14:37:26,围网
15087,29.982833333333332,123.32283333333334,9.7,72.0,2020-09-07 14:47:25,围网
15087,29.986694444444453,123.35158333333332,8.6,83.0,2020-09-07 14:57:25,围网
15087,29.988888888888887,123.3815,9.7,76.0,2020-09-07 15:07:25,围网
15087,29.99136111111111,123.41161111111113,9.0,82.0,2020-09-07 15:17:25,围网
15087,30.00425,123.43244444444444,7.1,25.0,2020-09-07 15:27:25,围网
15087,30.02475,123.44552777777777,8.7,12.0,2020-09-07 15:37:25,围网
15087,30.04508333333333,123.46022222222223,9.8,44.0,2020-09-07 15:47:25,围网
15087,30.06463888888889,123.47669444444445,8.9,24.0,2020-09-07 15:57:26,围网
15087,30.06463888888889,123.47669444444445,8.9,24.0,2020-09-07 16:08:55,围网
15087,30.104972222222226,123.49980555555555,3.7,349.0,2020-09-07 16:17:55,围网
15087,30.10094444444445,123.49988888888888,7.9,186.0,2020-09-07 16:27:27,围网
15087,30.09122222222221,123.50027777777778,2.2,0.0,2020-09-07 16:37:25,围网
15087,30.08572222222222,123.50211111111112,2.4,0.0,2020-09-07 16:47:28,围网
15087,30.080388888888887,123.50413888888887,1.9,163.0,2020-09-07 16:57:25,围网
15087,30.074333333333332,123.50736111111112,2.5,165.0,2020-09-07 17:07:25,围网
15087,30.06827777777778,123.51119444444444,1.7,172.0,2020-09-07 17:17:25,围网
15087,30.063194444444445,123.51438888888887,0.6,0.0,2020-09-07 17:27:26,围网
15087,30.05777777777779,123.51619444444445,0.5,0.0,2020-09-07 17:37:26,围网
15087,30.05230555555556,123.51741666666666,0.6,0.0,2020-09-07 17:47:25,围网
15087,30.046722222222233,123.518,2.7,187.0,2020-09-07 17:57:25,围网
15087,30.041305555555557,123.51861111111113,2.1,171.0,2020-09-07 18:07:25,围网
15087,30.03586111111111,123.51913888888888,3.0,192.0,2020-09-07 18:17:24,围网
15087,30.030416666666664,123.51980555555555,1.3,175.0,2020-09-07 18:27:24,围网
15087,30.02513888888889,123.52083333333331,2.1,156.0,2020-09-07 18:37:24,围网
15087,30.01991666666667,123.52180555555556,1.4,164.0,2020-09-07 18:47:25,围网
15087,30.014861111111113,123.5225,2.2,0.0,2020-09-07 18:57:24,围网
15087,30.009722222222226,123.52333333333333,2.8,153.0,2020-09-07 19:07:24,围网
15087,30.00469444444445,123.52411111111113,2.0,202.0,2020-09-07 19:17:30,围网
15087,29.99983333333333,123.52455555555555,2.5,152.0,2020-09-07 19:27:24,围网
15087,29.994777777777767,123.52491666666668,2.2,201.0,2020-09-07 19:37:50,围网
15087,29.990361111111113,123.52519444444445,1.5,160.0,2020-09-07 19:47:24,围网
15087,29.985944444444453,123.52544444444445,1.6,166.0,2020-09-07 19:57:24,围网
15087,29.98161111111111,123.52555555555556,1.8,186.0,2020-09-07 20:07:24,围网
15087,29.97736111111111,123.52538888888887,1.7,182.0,2020-09-07 20:17:24,围网
15087,29.979027777777766,123.52302777777777,1.5,311.0,2020-09-07 20:27:24,围网
15087,29.982555555555553,123.52061111111112,1.7,316.0,2020-09-07 20:37:55,围网
15087,29.98458333333333,123.52036111111113,0.6,20.0,2020-09-07 20:47:24,围网
15087,29.98638888888889,123.52066666666668,0.4,334.0,2020-09-07 20:57:24,围网
15087,29.985055555555554,123.53763888888888,7.5,92.0,2020-09-07 21:07:24,围网
15087,29.99297222222223,123.56277777777777,8.4,71.0,2020-09-07 21:17:29,围网
15087,30.00597222222222,123.58563888888888,8.9,58.0,2020-09-07 21:27:24,围网
15087,30.01961111111111,123.60877777777776,9.4,54.0,2020-09-07 21:37:24,围网
15087,30.03433333333333,123.63208333333333,9.7,57.0,2020-09-07 21:47:24,围网
15087,30.049277777777768,123.6555277777778,9.1,58.0,2020-09-07 21:57:24,围网
15087,30.06436111111111,123.67955555555555,9.0,48.0,2020-09-07 22:07:39,围网
15087,30.07858333333333,123.70238888888888,7.8,60.0,2020-09-07 22:17:24,围网
15087,30.092194444444445,123.72538888888887,9.3,63.0,2020-09-07 22:27:24,围网
15087,30.10669444444445,123.74836111111112,9.4,53.0,2020-09-07 22:37:24,围网
15087,30.121972222222233,123.77094444444445,11.5,38.0,2020-09-07 22:47:24,围网
15087,30.13930555555555,123.79208333333332,9.7,41.0,2020-09-07 22:57:24,围网
15087,30.15661111111111,123.81355555555555,10.4,40.0,2020-09-07 23:07:26,围网
15087,30.174222222222234,123.83536111111113,9.3,45.0,2020-09-07 23:17:39,围网
15087,30.19158333333333,123.85594444444445,10.2,39.0,2020-09-07 23:27:23,围网
15087,30.20983333333333,123.87766666666668,9.9,41.0,2020-09-07 23:37:23,围网
15087,30.228388888888887,123.89988888888894,9.4,47.0,2020-09-07 23:47:23,围网
15087,30.247277777777786,123.92200000000001,9.2,39.0,2020-09-07 23:57:23,围网
15087,30.26575,123.94386111111106,9.3,45.0,2020-09-08 00:07:23,围网
15087,30.28397222222221,123.96580555555555,9.6,39.0,2020-09-08 00:17:23,围网
15087,30.302750000000003,123.98816666666669,8.9,52.0,2020-09-08 00:27:39,围网
15087,30.320638888888887,124.00941666666668,9.4,40.0,2020-09-08 00:37:23,围网
15087,30.33919444444444,124.03125,9.2,46.0,2020-09-08 00:47:23,围网
15087,30.35822222222221,124.05369444444445,9.8,43.0,2020-09-08 00:57:23,围网
15087,30.37680555555556,124.07644444444445,10.2,45.0,2020-09-08 01:07:23,围网
15087,30.39575,124.0995,9.2,48.0,2020-09-08 01:17:23,围网
15087,30.41419444444445,124.12213888888887,9.7,48.0,2020-09-08 01:27:23,围网
15087,30.432388888888887,124.14472222222223,9.3,52.0,2020-09-08 01:37:23,围网
15087,30.45111111111111,124.16747222222222,9.6,44.0,2020-09-08 01:47:23,围网
15087,30.469777777777768,124.19027777777778,9.5,41.0,2020-09-08 01:57:23,围网
15087,30.48852777777779,124.21311111111113,10.3,46.0,2020-09-08 02:07:23,围网
15087,30.506999999999998,124.2362777777778,10.3,48.0,2020-09-08 02:17:23,围网
15087,30.525388888888887,124.25933333333334,10.2,55.0,2020-09-08 02:27:23,围网
15087,30.542055555555557,124.2837777777778,10.2,43.0,2020-09-08 02:37:23,围网
15087,30.56069444444445,124.30638888888888,9.3,46.0,2020-09-08 02:47:23,围网
15087,30.57944444444445,124.32908333333332,9.4,48.0,2020-09-08 02:57:23,围网
15087,30.59808333333333,124.35213888888887,9.8,51.0,2020-09-08 03:07:23,围网
15087,30.617,124.37561111111113,10.7,57.0,2020-09-08 03:17:27,围网
15087,30.63586111111111,124.39875,10.4,43.0,2020-09-08 03:27:26,围网
15087,30.655361111111112,124.4225,10.1,49.0,2020-09-08 03:37:39,围网
15087,30.674222222222234,124.44552777777777,9.7,46.0,2020-09-08 03:47:23,围网
15087,30.693472222222233,124.46930555555555,9.5,46.0,2020-09-08 03:57:23,围网
15087,30.71236111111111,124.49269444444445,9.7,43.0,2020-09-08 04:07:23,围网
15087,30.73169444444445,124.51655555555556,10.4,44.0,2020-09-08 04:17:22,围网
15087,30.75069444444444,124.54005555555555,10.6,42.0,2020-09-08 04:27:22,围网
15087,30.769222222222233,124.56275,9.3,41.0,2020-09-08 04:37:22,围网
15087,30.78811111111111,124.585,10.0,42.0,2020-09-08 04:47:22,围网
15087,30.80691666666667,124.60705555555555,9.2,45.0,2020-09-08 04:57:22,围网
15087,30.82547222222223,124.62905555555555,10.2,45.0,2020-09-08 05:07:22,围网
15087,30.84394444444445,124.65113888888894,9.7,46.0,2020-09-08 05:17:22,围网
15087,30.862305555555555,124.67313888888893,9.2,45.0,2020-09-08 05:27:22,围网
15087,30.880472222222235,124.69469444444445,8.6,43.0,2020-09-08 05:37:22,围网
15087,30.89844444444445,124.71602777777778,8.7,42.0,2020-09-08 05:47:22,围网
15087,30.91625,124.73691666666666,9.6,48.0,2020-09-08 05:57:22,围网
15087,30.93458333333333,124.75877777777778,9.0,35.0,2020-09-08 06:07:38,围网
15087,30.95197222222221,124.77955555555555,8.7,41.0,2020-09-08 06:17:22,围网
15087,30.969277777777766,124.80022222222222,8.9,48.0,2020-09-08 06:27:22,围网
15087,30.986583333333336,124.82086111111107,8.1,44.0,2020-09-08 06:37:22,围网
15087,31.003555555555558,124.841,8.2,48.0,2020-09-08 06:47:22,围网
15087,31.020222222222234,124.8607222222222,5.4,40.0,2020-09-08 06:57:24,围网
15087,31.03683333333333,124.88041666666666,8.1,45.0,2020-09-08 07:07:22,围网
15087,31.05319444444445,124.89997222222222,8.5,43.0,2020-09-08 07:17:22,围网
15087,31.06958333333333,124.91958333333334,8.9,52.0,2020-09-08 07:27:22,围网
15087,31.08672222222221,124.93975,8.7,44.0,2020-09-08 07:37:33,围网
15087,31.103361111111113,124.95930555555556,8.3,45.0,2020-09-08 07:47:22,围网
15087,31.12033333333333,124.97927777777778,8.8,41.0,2020-09-08 07:57:22,围网
15087,31.13741666666667,124.9994722222222,9.3,46.0,2020-09-08 08:07:22,围网
15087,31.15422222222222,125.01961111111113,8.8,50.0,2020-09-08 08:17:22,围网
15087,31.17094444444445,125.0395,7.8,45.0,2020-09-08 08:27:22,围网
15087,31.18738888888889,125.05922222222223,8.3,46.0,2020-09-08 08:37:22,围网
15087,31.20397222222222,125.07880555555555,8.5,43.0,2020-09-08 08:47:22,围网
15087,31.220916666666664,125.09888888888888,8.7,49.0,2020-09-08 08:57:39,围网
15087,31.253027777777767,125.13733333333334,9.2,46.0,2020-09-08 09:17:22,围网
15087,31.26925,125.15672222222223,7.7,41.0,2020-09-08 09:27:23,围网
15087,31.28619444444445,125.17688888888893,8.1,44.0,2020-09-08 09:38:05,围网
15087,31.30158333333333,125.19519444444445,8.5,42.0,2020-09-08 09:47:39,围网
15087,31.317555555555554,125.21408333333332,8.3,48.0,2020-09-08 09:57:28,围网
15087,31.334194444444442,125.23405555555556,8.4,47.0,2020-09-08 10:07:38,围网
15087,31.35058333333333,125.25280555555555,8.5,47.0,2020-09-08 10:17:21,围网
15087,31.36783333333333,125.27222222222224,8.7,38.0,2020-09-08 10:27:21,围网
15087,31.38525,125.29172222222223,8.6,45.0,2020-09-08 10:37:21,围网
15087,31.40286111111111,125.31144444444445,9.1,42.0,2020-09-08 10:47:21,围网
15087,31.42094444444445,125.33158333333333,9.1,42.0,2020-09-08 10:57:21,围网
15087,31.45802777777779,125.37352777777777,9.5,47.0,2020-09-08 11:17:21,围网
15087,31.477027777777767,125.39494444444445,9.8,39.0,2020-09-08 11:27:21,围网
15087,31.497555555555557,125.41613888888894,9.6,40.0,2020-09-08 11:37:39,围网
15087,31.51883333333333,125.43466666666669,10.0,28.0,2020-09-08 11:47:21,围网
15087,31.54069444444445,125.45372222222224,9.9,37.0,2020-09-08 11:57:21,围网
15087,31.562527777777767,125.47294444444445,9.7,37.0,2020-09-08 12:07:20,围网
15087,31.584416666666666,125.49219444444445,10.5,28.0,2020-09-08 12:17:20,围网
15087,31.60669444444445,125.51180555555555,10.1,42.0,2020-09-08 12:27:21,围网
15087,31.62894444444445,125.53133333333334,9.9,32.0,2020-09-08 12:37:21,围网
15087,31.651166666666665,125.55066666666666,10.3,41.0,2020-09-08 12:47:21,围网
15087,31.67372222222221,125.57,9.9,34.0,2020-09-08 12:57:21,围网
15087,31.69613888888889,125.58969444444445,9.9,31.0,2020-09-08 13:07:21,围网
15087,31.71869444444444,125.60883333333332,10.2,38.0,2020-09-08 13:17:21,围网
15087,31.741416666666666,125.62805555555555,10.1,38.0,2020-09-08 13:27:21,围网
15087,31.76416666666667,125.64725,10.1,34.0,2020-09-08 13:37:21,围网
15087,31.78691666666667,125.66630555555555,10.1,35.0,2020-09-08 13:47:21,围网
15087,31.80991666666667,125.68525,10.3,31.0,2020-09-08 13:57:21,围网
15087,31.83475,125.70169444444444,8.2,4.0,2020-09-08 14:07:42,围网
15087,31.849777777777767,125.70580555555556,9.2,5.0,2020-09-08 14:17:21,围网
15087,31.857805555555558,125.70738888888893,2.1,33.0,2020-09-08 14:27:21,围网
15087,31.86258333333333,125.70994444444445,1.9,40.0,2020-09-08 14:37:20,围网
15087,31.86716666666667,125.71280555555555,2.1,11.0,2020-09-08 14:47:20,围网
15087,31.8715,125.71594444444445,2.1,35.0,2020-09-08 14:57:20,围网
15087,31.875722222222233,125.71944444444445,1.5,42.0,2020-09-08 15:07:20,围网
15087,31.87986111111111,125.723,2.5,4.0,2020-09-08 15:17:20,围网
15087,31.88405555555555,125.72677777777778,1.8,52.0,2020-09-08 15:27:20,围网
15087,31.88797222222223,125.73077777777776,1.7,46.0,2020-09-08 15:37:20,围网
15087,31.89191666666667,125.73519444444445,1.8,42.0,2020-09-08 15:47:20,围网
15087,31.89572222222222,125.73955555555555,1.4,0.0,2020-09-08 15:57:24,围网
15087,31.899166666666666,125.74425,9.3,349.0,2020-09-08 16:07:25,围网
15087,31.901944444444442,125.7492777777778,2.0,0.0,2020-09-08 16:17:22,围网
15087,31.904277777777768,125.75488888888893,2.1,48.0,2020-09-08 16:27:39,围网
15087,31.90558333333333,125.76066666666668,2.1,74.0,2020-09-08 16:37:20,围网
15087,31.90569444444445,125.76661111111108,1.6,105.0,2020-09-08 16:47:20,围网
15087,31.904416666666666,125.77236111111112,1.7,98.0,2020-09-08 16:57:20,围网
15087,31.902472222222233,125.77805555555555,3.1,116.0,2020-09-08 17:07:20,围网
15087,31.899527777777767,125.78288888888888,1.7,167.0,2020-09-08 17:17:20,围网
15087,31.89563888888889,125.78663888888887,1.5,147.0,2020-09-08 17:27:20,围网
15087,31.891527777777767,125.7895,0.9,0.0,2020-09-08 17:37:20,围网
15087,31.8875,125.79261111111113,1.8,160.0,2020-09-08 17:47:20,围网
15087,31.88363888888889,125.79580555555556,0.4,0.0,2020-09-08 17:57:20,围网
15087,31.87966666666667,125.79875,2.0,140.0,2020-09-08 18:07:20,围网
15087,31.875222222222234,125.80086111111108,1.9,167.0,2020-09-08 18:17:20,围网
15087,31.870555555555555,125.80233333333332,1.3,167.0,2020-09-08 18:27:32,围网
15087,31.865972222222233,125.80313888888894,1.8,192.0,2020-09-08 18:37:25,围网
15087,31.86125,125.80275,1.4,187.0,2020-09-08 18:47:20,围网
15087,31.8565,125.80230555555555,1.5,184.0,2020-09-08 18:57:20,围网
15087,31.851944444444445,125.80188888888887,1.2,182.0,2020-09-08 19:07:20,围网
15087,31.84738888888889,125.80166666666666,1.7,170.0,2020-09-08 19:17:39,围网
15087,31.84308333333333,125.80136111111106,1.9,205.0,2020-09-08 19:27:20,围网
15087,31.840916666666665,125.80075,1.2,328.0,2020-09-08 19:37:35,围网
15087,31.844805555555553,125.79936111111112,2.1,4.0,2020-09-08 19:47:19,围网
15087,31.84486111111111,125.80052777777777,1.3,132.0,2020-09-08 19:57:19,围网
15087,31.84411111111111,125.80213888888888,0.3,0.0,2020-09-08 20:07:19,围网
15087,31.844,125.80358333333332,0.5,0.0,2020-09-08 20:17:19,围网
15087,31.843777777777767,125.80494444444444,1.4,157.0,2020-09-08 20:27:19,围网
15087,31.83433333333333,125.80372222222222,2.2,175.0,2020-09-08 20:37:21,围网
15087,31.829722222222234,125.80127777777778,1.3,218.0,2020-09-08 20:47:57,围网
15087,31.826472222222232,125.79686111111113,2.0,253.0,2020-09-08 20:57:19,围网
15087,31.82472222222221,125.79063888888888,1.9,251.0,2020-09-08 21:07:19,围网
15087,31.82483333333333,125.78463888888888,1.6,285.0,2020-09-08 21:17:19,围网
15087,31.82822222222222,125.77941666666666,2.0,320.0,2020-09-08 21:27:19,围网
15087,31.831722222222233,125.77622222222222,1.6,317.0,2020-09-08 21:37:19,围网
15087,31.835555555555555,125.77333333333333,1.3,324.0,2020-09-08 21:47:19,围网
15087,31.839111111111112,125.76975,1.7,321.0,2020-09-08 21:57:19,围网
15087,31.84261111111111,125.76613888888888,2.1,322.0,2020-09-08 22:07:19,围网
15087,31.84633333333333,125.7624722222222,1.8,334.0,2020-09-08 22:17:22,围网
15087,31.85013888888889,125.75877777777778,2.4,333.0,2020-09-08 22:27:39,围网
15087,31.85333333333333,125.75555555555556,1.6,303.0,2020-09-08 22:37:19,围网
15087,31.85744444444445,125.75147222222222,2.1,0.0,2020-09-08 22:47:19,围网
15087,31.861611111111113,125.74786111111112,2.5,306.0,2020-09-08 22:57:19,围网
15087,31.86583333333333,125.74475,1.6,345.0,2020-09-08 23:07:19,围网
15087,31.870222222222232,125.74155555555555,2.3,0.0,2020-09-08 23:17:19,围网
15087,31.87455555555556,125.738,1.5,0.0,2020-09-08 23:27:22,围网
15087,31.87836111111111,125.73458333333332,1.1,0.0,2020-09-08 23:37:21,围网
15087,31.88216666666667,125.73130555555555,1.5,324.0,2020-09-08 23:47:24,围网
15087,31.88636111111111,125.72841666666667,1.7,307.0,2020-09-08 23:57:39,围网
15087,31.890555555555554,125.72580555555555,1.9,328.0,2020-09-09 00:07:19,围网
15087,31.89530555555556,125.72338888888888,1.8,336.0,2020-09-09 00:17:19,围网
15087,31.900055555555554,125.72152777777778,1.5,347.0,2020-09-09 00:27:19,围网
15087,31.904805555555555,125.71936111111113,1.9,340.0,2020-09-09 00:37:18,围网
15087,31.90936111111111,125.71716666666669,1.8,348.0,2020-09-09 00:47:18,围网
15087,31.91372222222222,125.71530555555556,1.8,343.0,2020-09-09 00:57:18,围网
15087,31.91816666666667,125.71352777777778,1.4,330.0,2020-09-09 01:07:18,围网
15087,31.922722222222234,125.71183333333336,1.5,328.0,2020-09-09 01:17:18,围网
15087,31.92741666666667,125.71036111111113,1.5,336.0,2020-09-09 01:27:18,围网
15087,31.932111111111112,125.70911111111113,1.6,336.0,2020-09-09 01:37:18,围网
15087,31.93694444444445,125.70761111111106,1.6,338.0,2020-09-09 01:47:18,围网
15087,31.941777777777766,125.7060277777778,2.2,325.0,2020-09-09 01:57:18,围网
15087,31.946638888888888,125.70455555555556,1.7,342.0,2020-09-09 02:07:38,围网
15087,31.948277777777786,125.70388888888893,1.6,169.0,2020-09-09 02:17:18,围网
15087,31.94408333333333,125.7047777777778,1.7,172.0,2020-09-09 02:27:18,围网
15087,31.94508333333333,125.70577777777778,0.6,25.0,2020-09-09 02:37:18,围网
15087,31.946361111111113,125.70738888888893,0.8,65.0,2020-09-09 02:47:18,围网
15087,31.948138888888888,125.70905555555555,0.3,0.0,2020-09-09 02:57:18,围网
15087,31.94975,125.7107777777778,1.1,27.0,2020-09-09 03:07:18,围网
15087,31.954027777777767,125.7134722222222,8.0,351.0,2020-09-09 03:17:18,围网
15087,31.975416666666664,125.70811111111112,7.4,345.0,2020-09-09 03:27:18,围网
15087,31.97308333333333,125.71016666666668,4.8,182.0,2020-09-09 03:37:18,围网
15087,31.968611111111112,125.71297222222222,1.5,151.0,2020-09-09 03:47:18,围网
15087,31.96461111111111,125.71713888888893,1.6,141.0,2020-09-09 03:57:18,围网
15087,31.96097222222221,125.72119444444445,2.2,142.0,2020-09-09 04:07:18,围网
15087,31.957305555555553,125.72494444444445,1.2,133.0,2020-09-09 04:17:18,围网
15087,31.953416666666666,125.72844444444445,1.3,159.0,2020-09-09 04:27:18,围网
15087,31.94919444444445,125.73152777777777,1.7,129.0,2020-09-09 04:37:18,围网
15087,31.944777777777766,125.73438888888887,2.0,152.0,2020-09-09 04:47:18,围网
15087,31.940277777777766,125.73736111111113,2.0,113.0,2020-09-09 04:57:18,围网
15087,31.935388888888887,125.74030555555555,1.5,143.0,2020-09-09 05:07:39,围网
15087,31.930888888888887,125.74319444444444,2.5,140.0,2020-09-09 05:17:18,围网
15087,31.926222222222233,125.74613888888888,1.8,156.0,2020-09-09 05:27:18,围网
15087,31.92158333333333,125.74888888888887,2.2,143.0,2020-09-09 05:37:17,围网
15087,31.91686111111111,125.75152777777777,1.8,165.0,2020-09-09 05:47:17,围网
15087,31.912027777777766,125.75394444444444,2.9,129.0,2020-09-09 05:57:17,围网
15087,31.907138888888888,125.75591666666666,2.4,137.0,2020-09-09 06:07:17,围网
15087,31.90225,125.75819444444444,2.2,148.0,2020-09-09 06:17:22,围网
15087,31.89741666666667,125.76061111111113,2.1,112.0,2020-09-09 06:27:17,围网
15087,31.892555555555553,125.76291666666664,1.6,0.0,2020-09-09 06:37:17,围网
15087,31.887666666666664,125.76511111111112,2.0,0.0,2020-09-09 06:47:17,围网
15087,31.88291666666667,125.7675,2.0,124.0,2020-09-09 06:57:17,围网
15087,31.878166666666665,125.76969444444444,2.5,142.0,2020-09-09 07:07:17,围网
15087,31.873472222222233,125.77194444444444,2.1,0.0,2020-09-09 07:17:17,围网
15087,31.868666666666666,125.77383333333331,1.8,0.0,2020-09-09 07:27:18,围网
15087,31.863805555555558,125.77588888888893,1.7,149.0,2020-09-09 07:37:39,围网
15087,31.859277777777766,125.77766666666668,2.0,147.0,2020-09-09 07:47:17,围网
15087,31.85477777777778,125.77969444444444,2.1,134.0,2020-09-09 07:57:17,围网
15087,31.84983333333333,125.7807222222222,1.9,186.0,2020-09-09 08:07:38,围网
15087,31.84497222222221,125.78066666666666,2.3,148.0,2020-09-09 08:17:17,围网
15087,31.84,125.78075,2.4,183.0,2020-09-09 08:27:17,围网
15087,31.83519444444445,125.78066666666666,2.6,138.0,2020-09-09 08:37:17,围网
15087,31.830416666666665,125.78055555555555,1.9,169.0,2020-09-09 08:47:17,围网
15087,31.831194444444442,125.7787777777778,1.4,23.0,2020-09-09 08:57:17,围网
15087,31.83483333333333,125.77733333333332,0.4,0.0,2020-09-09 09:07:18,围网
15087,31.83511111111111,125.77569444444444,2.2,121.0,2020-09-09 09:17:39,围网
15087,31.834972222222234,125.77644444444445,1.7,9.0,2020-09-09 09:27:17,围网
15087,31.84769444444445,125.78066666666666,1.2,114.0,2020-09-09 09:37:17,围网
15087,31.85661111111111,125.77813888888888,1.8,351.0,2020-09-09 09:47:17,围网
15087,31.860527777777786,125.77530555555555,2.1,341.0,2020-09-09 09:57:17,围网
15087,31.865333333333336,125.77191666666666,2.4,292.0,2020-09-09 10:07:17,围网
15087,31.87013888888889,125.7685,1.7,212.0,2020-09-09 10:17:17,围网
15087,31.874944444444445,125.76505555555555,1.8,329.0,2020-09-09 10:27:17,围网
15087,31.879472222222233,125.76072222222223,2.5,345.0,2020-09-09 10:37:17,围网
15087,31.8845,125.75752777777777,2.5,331.0,2020-09-09 10:47:16,围网
15087,31.889777777777766,125.75455555555556,2.6,323.0,2020-09-09 10:57:16,围网
15087,31.895222222222234,125.75194444444445,2.9,324.0,2020-09-09 11:07:18,围网
15087,31.900805555555554,125.74980555555555,2.3,337.0,2020-09-09 11:17:16,围网
15087,31.90644444444445,125.74852777777778,1.9,344.0,2020-09-09 11:27:18,围网
15087,31.912194444444445,125.74791666666668,3.4,345.0,2020-09-09 11:37:17,围网
15087,31.91794444444445,125.74811111111113,2.0,44.0,2020-09-09 11:47:33,围网
15087,31.921111111111113,125.75283333333334,2.2,12.0,2020-09-09 11:57:16,围网
15087,31.92741666666667,125.75302777777777,2.4,0.0,2020-09-09 12:08:03,围网
15087,31.92838888888889,125.7505277777778,3.2,204.0,2020-09-09 12:17:19,围网
15087,31.926305555555558,125.7482222222222,2.1,353.0,2020-09-09 12:27:39,围网
15087,31.92763888888889,125.74722222222222,0.1,0.0,2020-09-09 12:37:16,围网
15087,31.93191666666667,125.74738888888888,8.7,22.0,2020-09-09 12:47:16,围网
15087,31.94088888888889,125.7495,1.5,1.0,2020-09-09 12:57:16,围网
15087,31.94633333333333,125.74883333333334,1.9,349.0,2020-09-09 13:07:16,围网
15087,31.95180555555555,125.7474722222222,1.7,353.0,2020-09-09 13:17:16,围网
15087,31.957027777777768,125.74611111111106,1.8,3.0,2020-09-09 13:27:16,围网
15087,31.96216666666667,125.74475,1.9,1.0,2020-09-09 13:37:16,围网
15087,31.96733333333333,125.74375,1.8,339.0,2020-09-09 13:47:16,围网
15087,31.97225,125.7434722222222,1.9,355.0,2020-09-09 13:57:16,围网
15087,31.97725,125.74338888888893,1.6,356.0,2020-09-09 14:07:16,围网
15087,31.98244444444445,125.74358333333332,2.1,353.0,2020-09-09 14:17:16,围网
15087,31.98772222222223,125.74355555555556,1.7,353.0,2020-09-09 14:27:16,围网
15087,31.99280555555556,125.74355555555556,2.1,359.0,2020-09-09 14:37:16,围网
15087,31.997888888888887,125.74366666666668,1.9,22.0,2020-09-09 14:47:17,围网
15087,32.00302777777778,125.74358333333332,2.5,354.0,2020-09-09 14:57:18,围网
15087,32.008027777777784,125.74358333333332,2.1,343.0,2020-09-09 15:07:16,围网
15087,32.013277777777766,125.7435277777778,1.6,0.0,2020-09-09 15:17:44,围网
15087,32.018055555555556,125.74372222222222,1.7,357.0,2020-09-09 15:27:16,围网
15087,32.02294444444444,125.74425,1.5,345.0,2020-09-09 15:37:17,围网
15087,32.02755555555555,125.74633333333333,1.5,32.0,2020-09-09 15:47:16,围网
15087,32.031666666666666,125.74991666666666,1.9,51.0,2020-09-09 15:57:39,围网
15087,32.03436111111111,125.75452777777778,1.8,70.0,2020-09-09 16:07:16,围网
15087,32.0375,125.75844444444445,1.5,38.0,2020-09-09 16:17:15,围网
15087,32.041027777777785,125.76205555555555,2.2,27.0,2020-09-09 16:27:15,围网
15087,32.04441666666666,125.76575,2.1,73.0,2020-09-09 16:37:15,围网
15087,32.04566666666666,125.77138888888894,1.6,66.0,2020-09-09 16:47:15,围网
15087,32.044111111111114,125.77763888888887,1.7,103.0,2020-09-09 16:57:15,围网
15087,32.04152777777778,125.78286111111113,1.6,112.0,2020-09-09 17:07:15,围网
15087,32.039111111111104,125.78755555555556,1.5,107.0,2020-09-09 17:17:15,围网
15087,32.036972222222225,125.79236111111106,1.9,94.0,2020-09-09 17:27:15,围网
15087,32.03466666666666,125.79705555555556,1.8,122.0,2020-09-09 17:37:15,围网
15087,32.03213888888889,125.80177777777777,1.6,124.0,2020-09-09 17:47:15,围网
15087,32.03261111111111,125.79836111111106,1.6,284.0,2020-09-09 17:57:15,围网
15087,32.03344444444444,125.79488888888888,3.9,9.0,2020-09-09 18:08:08,围网
15087,32.03383333333333,125.79661111111106,1.3,131.0,2020-09-09 18:17:15,围网
15087,32.034611111111104,125.79836111111106,0.7,59.0,2020-09-09 18:27:15,围网
15087,32.029555555555554,125.80758333333333,1.6,127.0,2020-09-09 18:37:15,围网
15087,32.02305555555555,125.81627777777778,1.6,140.0,2020-09-09 18:57:14,围网
15087,32.019888888888886,125.82066666666668,2.1,117.0,2020-09-09 19:07:15,围网
15087,32.01663888888889,125.82505555555555,1.8,138.0,2020-09-09 19:17:15,围网
15087,32.01316666666666,125.82922222222223,2.0,168.0,2020-09-09 19:27:15,围网
15087,32.00983333333333,125.83322222222222,1.6,142.0,2020-09-09 19:37:15,围网
15087,32.00658333333333,125.83716666666666,1.7,157.0,2020-09-09 19:47:15,围网
15087,32.003055555555555,125.84069444444445,1.6,144.0,2020-09-09 19:57:15,围网
15087,31.99583333333333,125.84730555555555,1.9,134.0,2020-09-09 20:17:15,围网
15087,31.99233333333333,125.8505,1.1,160.0,2020-09-09 20:27:15,围网
15087,31.989,125.85358333333332,2.9,130.0,2020-09-09 20:37:19,围网
15087,31.98491666666667,125.85597222222219,2.1,140.0,2020-09-09 20:47:39,围网
15087,31.980555555555554,125.85655555555556,1.6,173.0,2020-09-09 20:57:15,围网
15087,31.976027777777766,125.85666666666664,1.8,162.0,2020-09-09 21:07:15,围网
15087,31.97158333333333,125.85672222222222,1.8,141.0,2020-09-09 21:17:14,围网
15087,31.967027777777766,125.85561111111113,1.8,192.0,2020-09-09 21:27:14,围网
15087,31.96263888888889,125.85288888888887,1.7,207.0,2020-09-09 21:37:14,围网
15087,31.958444444444442,125.85033333333334,1.6,199.0,2020-09-09 21:47:24,围网
15087,31.95563888888889,125.84525,2.2,261.0,2020-09-09 21:57:14,围网
15087,31.95775,125.837,2.9,308.0,2020-09-09 22:07:39,围网
15087,31.96155555555555,125.83180555555555,2.5,330.0,2020-09-09 22:17:14,围网
15087,31.96641666666667,125.82844444444444,2.4,339.0,2020-09-09 22:27:14,围网
15087,31.970555555555553,125.82575,3.5,336.0,2020-09-09 22:37:14,围网
15087,31.97486111111111,125.82294444444445,2.2,317.0,2020-09-09 22:47:14,围网
15087,31.979138888888887,125.82016666666668,2.2,315.0,2020-09-09 22:57:14,围网
15087,31.98341666666667,125.81730555555555,1.9,323.0,2020-09-09 23:07:14,围网
15087,31.987805555555557,125.8145,1.5,334.0,2020-09-09 23:17:19,围网
15087,31.99216666666667,125.81172222222223,1.5,346.0,2020-09-09 23:27:19,围网
15087,31.99661111111111,125.80883333333333,2.0,323.0,2020-09-09 23:37:18,围网
15087,32.00122222222222,125.80619444444444,2.1,0.0,2020-09-09 23:47:18,围网
15087,32.005805555555554,125.80338888888888,1.8,332.0,2020-09-09 23:57:18,围网
15087,32.010444444444445,125.79933333333334,1.8,309.0,2020-09-10 00:08:08,围网
15087,32.01397222222222,125.79533333333332,1.7,321.0,2020-09-10 00:17:14,围网
15087,32.01763888888889,125.79091666666666,2.0,322.0,2020-09-10 00:27:14,围网
15087,32.021194444444454,125.78658333333334,1.7,302.0,2020-09-10 00:37:14,围网
15087,32.01855555555555,125.78802777777777,1.6,134.0,2020-09-10 00:47:14,围网
15087,32.017999999999994,125.78975,3.8,46.0,2020-09-10 00:57:14,围网
15087,32.019277777777766,125.78988888888892,0.8,359.0,2020-09-10 01:07:14,围网
15087,32.021055555555556,125.79030555555555,0.6,12.0,2020-09-10 01:17:14,围网
15087,32.02272222222222,125.78144444444445,3.8,281.0,2020-09-10 01:27:14,围网
15087,32.02488888888889,125.77580555555555,1.7,303.0,2020-09-10 01:37:14,围网
15087,32.02808333333333,125.77125,1.5,300.0,2020-09-10 01:47:14,围网
15087,32.03127777777777,125.76688888888887,1.9,305.0,2020-09-10 01:57:14,围网
15087,32.034416666666665,125.76255555555555,2.3,331.0,2020-09-10 02:07:14,围网
15087,32.04113888888889,125.75486111111113,1.9,311.0,2020-09-10 02:27:13,围网
15087,32.044555555555554,125.75138888888887,1.9,322.0,2020-09-10 02:37:13,围网
15087,32.047999999999995,125.74788888888894,1.6,319.0,2020-09-10 02:47:13,围网
15087,32.05141666666667,125.74430555555556,1.7,326.0,2020-09-10 02:57:13,围网
15087,32.054777777777765,125.7409722222222,1.9,346.0,2020-09-10 03:07:13,围网
15087,32.059111111111115,125.7392222222222,1.3,341.0,2020-09-10 03:17:13,围网
15087,32.0635,125.73802777777777,1.2,0.0,2020-09-10 03:27:13,围网
15087,32.06783333333333,125.73775,1.5,358.0,2020-09-10 03:37:13,围网
15087,32.07213888888889,125.73813888888893,1.2,45.0,2020-09-10 03:47:13,围网
15087,32.076416666666674,125.73905555555555,1.1,0.0,2020-09-10 03:57:15,围网
15087,32.08080555555556,125.74041666666666,1.5,22.0,2020-09-10 04:07:38,围网
15087,32.08458333333333,125.74255555555555,1.5,39.0,2020-09-10 04:17:13,围网
15087,32.08827777777777,125.74563888888888,1.6,31.0,2020-09-10 04:27:13,围网
15087,32.091527777777785,125.7492777777778,1.6,42.0,2020-09-10 04:37:13,围网
15087,32.09430555555556,125.75336111111106,1.7,38.0,2020-09-10 04:47:13,围网
15087,32.095194444444445,125.75908333333334,2.1,95.0,2020-09-10 04:57:13,围网
15087,32.095055555555554,125.76486111111107,3.1,80.0,2020-09-10 05:07:16,围网
15087,32.094861111111115,125.77075,1.9,82.0,2020-09-10 05:17:39,围网
15087,32.09463888888889,125.77605555555556,1.7,80.0,2020-09-10 05:27:13,围网
15087,32.09444444444445,125.78144444444445,1.7,100.0,2020-09-10 05:37:13,围网
15087,32.09425,125.78675,1.4,85.0,2020-09-10 05:47:13,围网
15087,32.094194444444454,125.79211111111113,1.7,98.0,2020-09-10 05:57:13,围网
15087,32.09402777777778,125.7974722222222,1.4,84.0,2020-09-10 06:07:13,围网
15087,32.093722222222226,125.80294444444445,1.7,100.0,2020-09-10 06:17:13,围网
15087,32.093472222222225,125.8085,1.6,92.0,2020-09-10 06:27:13,围网
15087,32.09330555555556,125.81402777777777,1.7,93.0,2020-09-10 06:37:13,围网
15087,32.092305555555555,125.8255,1.8,106.0,2020-09-10 06:57:13,围网
15087,32.0915,125.83080555555556,2.0,100.0,2020-09-10 07:07:12,围网
15087,32.09069444444445,125.8359722222222,1.8,101.0,2020-09-10 07:17:12,围网
15087,32.08975,125.84119444444444,1.6,109.0,2020-09-10 07:27:12,围网
15087,32.08944444444445,125.83844444444445,1.7,294.0,2020-09-10 07:37:12,围网
15087,32.08908333333333,125.83569444444444,0.9,316.0,2020-09-10 07:47:12,围网
15087,32.088055555555556,125.83605555555555,2.9,9.0,2020-09-10 07:57:12,围网
15087,32.087833333333336,125.83894444444445,0.9,0.0,2020-09-10 08:07:38,围网
15087,32.08627777777778,125.84930555555556,4.1,96.0,2020-09-10 08:17:12,围网
15087,32.08430555555556,125.85480555555556,1.3,0.0,2020-09-10 08:27:12,围网
15087,32.08227777777778,125.85958333333332,1.7,0.0,2020-09-10 08:37:12,围网
15087,32.08030555555556,125.86427777777777,1.0,0.0,2020-09-10 08:47:12,围网
15087,32.07633333333334,125.8733611111111,1.3,0.0,2020-09-10 09:07:39,围网
15087,32.07286111111112,125.8769722222222,1.9,134.0,2020-09-10 09:17:35,围网
15087,32.06836111111112,125.87916666666666,1.9,172.0,2020-09-10 09:27:12,围网
15087,32.06338888888889,125.88030555555555,1.7,184.0,2020-09-10 09:37:12,围网
15087,32.05855555555555,125.88077777777777,1.9,196.0,2020-09-10 09:47:12,围网
15087,32.05361111111111,125.88063888888887,1.5,184.0,2020-09-10 09:57:12,围网
15087,32.048777777777765,125.87944444444445,1.8,196.0,2020-09-10 10:07:12,围网
15087,32.04416666666666,125.8767777777778,1.8,213.0,2020-09-10 10:17:12,围网
15087,32.04025,125.8727222222222,1.9,230.0,2020-09-10 10:27:12,围网
15087,32.037194444444445,125.86783333333334,1.9,244.0,2020-09-10 10:37:12,围网
15087,32.036805555555546,125.86075,2.2,270.0,2020-09-10 10:47:12,围网
15087,32.03825,125.85405555555555,2.1,294.0,2020-09-10 10:57:12,围网
15087,32.03983333333333,125.84819444444445,1.9,275.0,2020-09-10 11:07:12,围网
15087,32.041277777777765,125.8425,1.7,271.0,2020-09-10 11:17:12,围网
15087,32.04216666666666,125.83655555555555,2.0,273.0,2020-09-10 11:27:12,围网
15087,32.04308333333333,125.83069444444445,1.9,273.0,2020-09-10 11:37:12,围网
15087,32.044000000000004,125.82488888888888,2.0,272.0,2020-09-10 11:47:12,围网
15087,32.044916666666666,125.81894444444444,1.8,278.0,2020-09-10 11:57:12,围网
15087,32.046055555555554,125.81258333333334,1.8,281.0,2020-09-10 12:07:56,围网
15087,32.04705555555555,125.80713888888887,1.8,290.0,2020-09-10 12:17:12,围网
15087,32.047999999999995,125.80130555555556,1.8,283.0,2020-09-10 12:27:11,围网
15087,32.049,125.7955,1.5,276.0,2020-09-10 12:37:11,围网
15087,32.05,125.7897222222222,1.7,275.0,2020-09-10 12:47:11,围网
15087,32.05088888888889,125.78388888888887,1.7,259.0,2020-09-10 12:57:11,围网
15087,32.051805555555546,125.77813888888888,1.6,275.0,2020-09-10 13:07:11,围网
15087,32.05291666666667,125.77230555555555,1.8,279.0,2020-09-10 13:17:11,围网
15087,32.05377777777777,125.76658333333332,1.5,281.0,2020-09-10 13:27:11,围网
15087,32.055638888888886,125.75544444444445,1.4,289.0,2020-09-10 13:47:11,围网
15087,32.05719444444444,125.75016666666669,1.5,283.0,2020-09-10 13:57:11,围网
15087,32.062,125.73433333333334,1.4,300.0,2020-09-10 14:27:11,围网
15087,32.06358333333333,125.72913888888887,0.6,0.0,2020-09-10 14:37:11,围网
15087,32.06513888888889,125.72408333333334,1.5,288.0,2020-09-10 14:47:11,围网
15087,32.06802777777778,125.72,1.9,0.0,2020-09-10 14:57:33,围网
15087,32.06761111111111,125.72294444444445,1.4,139.0,2020-09-10 15:07:11,围网
15087,32.06794444444444,125.72691666666668,1.9,52.0,2020-09-10 15:17:11,围网
15087,32.068972222222236,125.72747222222222,0.4,202.0,2020-09-10 15:27:11,围网
15087,32.07,125.72769444444445,0.9,4.0,2020-09-10 15:37:11,围网
15087,32.07094444444445,125.72358333333332,8.3,276.0,2020-09-10 15:47:11,围网
15087,32.07411111111111,125.71547222222223,1.6,319.0,2020-09-10 15:57:11,围网
15087,32.07861111111111,125.71261111111113,2.2,331.0,2020-09-10 16:07:11,围网
15087,32.083694444444454,125.71116666666668,2.0,357.0,2020-09-10 16:17:11,围网
15087,32.08847222222223,125.71197222222222,1.5,30.0,2020-09-10 16:27:11,围网
15087,32.09261111111111,125.71427777777778,1.5,23.0,2020-09-10 16:37:11,围网
15087,32.09613888888889,125.7175,1.7,23.0,2020-09-10 16:47:11,围网
15087,32.09886111111111,125.72194444444445,1.7,72.0,2020-09-10 16:57:11,围网
15087,32.1015,125.7320277777778,1.5,91.0,2020-09-10 17:17:11,围网
15087,32.102027777777785,125.73736111111113,1.8,94.0,2020-09-10 17:27:11,围网
15087,32.10227777777778,125.74255555555555,1.7,0.0,2020-09-10 17:37:11,围网
15087,32.10261111111111,125.74847222222222,1.4,87.0,2020-09-10 17:48:09,围网
15087,32.10252777777778,125.75897222222223,1.7,94.0,2020-09-10 18:07:38,围网
15087,32.10238888888889,125.76430555555555,1.7,90.0,2020-09-10 18:17:10,围网
15087,32.10230555555556,125.77008333333332,1.6,88.0,2020-09-10 18:27:10,围网
15087,32.10219444444445,125.77566666666668,1.7,94.0,2020-09-10 18:37:10,围网
15087,32.10175,125.78111111111113,1.5,99.0,2020-09-10 18:47:10,围网
15087,32.10077777777778,125.7862222222222,1.6,96.0,2020-09-10 18:57:10,围网
15087,32.09952777777778,125.79161111111112,1.7,98.0,2020-09-10 19:07:10,围网
15087,32.098333333333336,125.79686111111113,1.6,108.0,2020-09-10 19:17:10,围网
15087,32.097166666666666,125.80197222222222,1.3,102.0,2020-09-10 19:27:10,围网
15087,32.09597222222223,125.8070277777778,1.7,111.0,2020-09-10 19:37:10,围网
15087,32.09502777777778,125.81211111111112,1.5,96.0,2020-09-10 19:47:10,围网
15087,32.09391666666667,125.81725,1.6,104.0,2020-09-10 19:57:10,围网
15087,32.092222222222226,125.82208333333332,1.6,113.0,2020-09-10 20:07:10,围网
15087,32.08994444444444,125.82663888888888,1.7,110.0,2020-09-10 20:17:10,围网
15087,32.08716666666667,125.83061111111112,1.7,117.0,2020-09-10 20:27:10,围网
15087,32.083666666666666,125.83388888888888,1.7,135.0,2020-09-10 20:37:10,围网
15087,32.080555555555556,125.83736111111112,2.0,125.0,2020-09-10 20:47:10,围网
15087,32.077694444444454,125.84077777777777,1.5,123.0,2020-09-10 20:57:10,围网
15087,32.074027777777786,125.84347222222222,1.7,0.0,2020-09-10 21:07:10,围网
15087,32.069500000000005,125.84416666666668,2.8,146.0,2020-09-10 21:17:11,围网
15087,32.065305555555554,125.84594444444444,1.5,161.0,2020-09-10 21:27:38,围网
15087,32.06177777777777,125.84827777777777,0.7,17.0,2020-09-10 21:37:10,围网
15087,32.058388888888885,125.85102777777777,1.5,149.0,2020-09-10 21:47:10,围网
15087,32.05536111111111,125.85427777777777,1.9,115.0,2020-09-10 21:57:10,围网
15087,32.052611111111105,125.85730555555556,1.0,159.0,2020-09-10 22:07:10,围网
15087,32.055611111111105,125.85408333333334,0.9,0.0,2020-09-10 22:17:10,围网
15087,32.05722222222221,125.85083333333333,2.2,323.0,2020-09-10 22:27:38,围网
15087,32.057944444444445,125.85072222222222,0.4,0.0,2020-09-10 22:37:09,围网
15087,32.05922222222222,125.85063888888888,5.2,86.0,2020-09-10 22:47:09,围网
15087,32.049,125.86505555555556,2.9,255.0,2020-09-10 22:57:09,围网
15087,32.04138888888889,125.86036111111108,1.6,231.0,2020-09-10 23:07:09,围网
15087,32.03908333333333,125.85561111111113,1.7,263.0,2020-09-10 23:17:09,围网
15087,32.03825,125.84925,2.1,261.0,2020-09-10 23:27:09,围网
15087,32.03747222222222,125.84338888888892,1.8,264.0,2020-09-10 23:37:09,围网
15087,32.03672222222222,125.83788888888887,1.7,255.0,2020-09-10 23:47:09,围网
15087,32.03586111111111,125.8322777777778,1.8,267.0,2020-09-10 23:57:09,围网
15087,32.035,125.82658333333332,2.0,276.0,2020-09-11 00:07:09,围网
15087,32.03558333333333,125.82058333333332,1.7,277.0,2020-09-11 00:17:09,围网
15087,32.03633333333333,125.8145,1.6,273.0,2020-09-11 00:27:38,围网
15087,32.03691666666666,125.80894444444445,1.7,272.0,2020-09-11 00:37:09,围网
15087,32.03747222222222,125.80294444444445,1.8,274.0,2020-09-11 00:47:09,围网
15087,32.03813888888889,125.79705555555556,1.8,286.0,2020-09-11 00:57:09,围网
15087,32.04002777777778,125.79130555555555,2.0,298.0,2020-09-11 01:07:09,围网
15087,32.041916666666665,125.78544444444445,1.6,292.0,2020-09-11 01:17:09,围网
15087,32.044555555555554,125.77991666666668,1.7,306.0,2020-09-11 01:27:09,围网
15087,32.04725,125.77438888888888,1.7,290.0,2020-09-11 01:37:09,围网
15087,32.04955555555555,125.76861111111113,1.9,291.0,2020-09-11 01:47:09,围网
15087,32.05163888888889,125.76277777777777,2.0,298.0,2020-09-11 01:57:09,围网
15087,32.053916666666666,125.75705555555555,1.9,295.0,2020-09-11 02:07:09,围网
15087,32.056305555555554,125.7515,2.3,304.0,2020-09-11 02:17:09,围网
15087,32.058388888888885,125.74625,1.7,300.0,2020-09-11 02:27:09,围网
15087,32.060944444444445,125.74061111111112,1.5,0.0,2020-09-11 02:37:09,围网
15087,32.06275,125.73522222222222,1.5,294.0,2020-09-11 02:47:09,围网
15087,32.06469444444444,125.72983333333332,1.7,294.0,2020-09-11 02:57:09,围网
15087,32.06669444444445,125.72447222222222,1.5,280.0,2020-09-11 03:07:09,围网
15087,32.06866666666667,125.71925,1.2,0.0,2020-09-11 03:17:09,围网
15087,32.070527777777784,125.71402777777777,1.7,0.0,2020-09-11 03:27:09,围网
15087,32.072611111111115,125.70905555555555,1.6,302.0,2020-09-11 03:37:18,围网
15087,32.07480555555557,125.70422222222223,1.4,298.0,2020-09-11 03:47:32,围网
15087,32.07711111111111,125.69977777777778,1.7,307.0,2020-09-11 03:57:08,围网
15087,32.07988888888889,125.69533333333334,2.0,294.0,2020-09-11 04:07:08,围网
15087,32.0831388888889,125.6912222222222,2.1,321.0,2020-09-11 04:17:08,围网
15087,32.08750000000001,125.6887222222222,1.9,335.0,2020-09-11 04:27:08,围网
15087,32.092194444444445,125.68741666666668,1.4,337.0,2020-09-11 04:37:08,围网
15087,32.096833333333336,125.68661111111112,1.8,349.0,2020-09-11 04:47:08,围网
15087,32.09455555555556,125.68819444444445,1.5,147.0,2020-09-11 04:57:08,围网
15087,32.09166666666667,125.68916666666668,2.0,356.0,2020-09-11 05:07:08,围网
15087,32.09286111111112,125.69022222222222,0.2,0.0,2020-09-11 05:17:08,围网
15087,32.093861111111124,125.69013888888887,0.5,0.0,2020-09-11 05:27:08,围网
15087,32.092472222222234,125.6935277777778,7.8,136.0,2020-09-11 05:37:08,围网
15087,32.087472222222225,125.70083333333334,1.6,116.0,2020-09-11 05:47:08,围网
15087,32.0861388888889,125.70641666666668,1.3,108.0,2020-09-11 05:57:08,围网
15087,32.084805555555555,125.71186111111112,1.8,110.0,2020-09-11 06:07:36,围网
15087,32.083555555555556,125.71680555555555,1.6,101.0,2020-09-11 06:17:08,围网
15087,32.082194444444454,125.72197222222222,1.7,108.0,2020-09-11 06:27:08,围网
15087,32.08083333333334,125.72713888888887,1.7,108.0,2020-09-11 06:37:08,围网
15087,32.0795,125.73236111111108,1.6,106.0,2020-09-11 06:47:08,围网
15087,32.07816666666667,125.73769444444444,1.7,97.0,2020-09-11 06:57:08,围网
15087,32.07691666666667,125.74305555555556,1.5,109.0,2020-09-11 07:07:08,围网
15087,32.07555555555556,125.74827777777777,1.7,103.0,2020-09-11 07:17:08,围网
15087,32.07430555555556,125.7535277777778,1.7,100.0,2020-09-11 07:27:08,围网
15087,32.072972222222226,125.75883333333331,1.7,99.0,2020-09-11 07:37:08,围网
15087,32.071694444444454,125.76408333333332,1.5,104.0,2020-09-11 07:47:08,围网
15087,32.070416666666674,125.76911111111107,1.8,96.0,2020-09-11 07:57:08,围网
15087,32.06841666666667,125.77394444444445,1.4,148.0,2020-09-11 08:07:10,围网
15087,32.06633333333333,125.77891666666666,2.2,115.0,2020-09-11 08:17:08,围网
15087,32.064499999999995,125.78386111111112,2.6,104.0,2020-09-11 08:27:07,围网
15087,32.062583333333336,125.78861111111112,1.9,116.0,2020-09-11 08:37:07,围网
15087,32.06063888888889,125.79319444444445,2.1,107.0,2020-09-11 08:47:09,围网
15087,32.058388888888885,125.79733333333333,3.5,121.0,2020-09-11 08:57:12,围网
15087,32.05525,125.80213888888888,1.5,132.0,2020-09-11 09:08:03,围网
15087,32.05280555555556,125.80563888888894,1.6,134.0,2020-09-11 09:17:07,围网
15087,32.05025,125.80933333333334,1.4,131.0,2020-09-11 09:27:07,围网
15087,32.04775,125.81291666666664,1.4,115.0,2020-09-11 09:37:07,围网
15087,32.04525,125.81666666666666,1.4,140.0,2020-09-11 09:47:07,围网
15087,32.041999999999994,125.81966666666666,1.5,145.0,2020-09-11 09:57:07,围网
15087,32.03783333333333,125.82161111111112,1.8,163.0,2020-09-11 10:07:07,围网
15087,32.03341666666667,125.82274999999998,1.7,178.0,2020-09-11 10:17:07,围网
15087,32.02913888888889,125.82344444444445,1.6,179.0,2020-09-11 10:27:07,围网
15087,32.02502777777778,125.82330555555555,1.2,184.0,2020-09-11 10:37:07,围网
15087,32.02094444444445,125.82244444444444,1.4,214.0,2020-09-11 10:47:07,围网
15087,32.017250000000004,125.8197777777778,1.5,223.0,2020-09-11 10:57:07,围网
15087,32.01386111111111,125.8165,1.8,225.0,2020-09-11 11:07:07,围网
15087,32.01086111111111,125.81241666666666,2.0,242.0,2020-09-11 11:17:07,围网
15087,32.01097222222222,125.81172222222223,1.3,50.0,2020-09-11 11:27:07,围网
15087,32.01433333333333,125.81525,1.7,29.0,2020-09-11 11:37:07,围网
15087,32.01527777777777,125.81311111111113,0.6,0.0,2020-09-11 11:47:07,围网
15087,32.01622222222222,125.81094444444444,1.0,298.0,2020-09-11 11:57:07,围网
15087,32.01730555555556,125.80447222222222,9.5,273.0,2020-09-11 12:07:56,围网
15087,32.01730555555556,125.80447222222222,9.5,273.0,2020-09-11 12:18:37,围网
15087,32.01916666666666,125.7879722222222,1.8,292.0,2020-09-11 12:27:34,围网
15087,32.02144444444444,125.78291666666668,1.9,295.0,2020-09-11 12:37:07,围网
15087,32.024055555555556,125.77777777777777,1.9,303.0,2020-09-11 12:47:07,围网
15087,32.02663888888889,125.77252777777777,1.8,301.0,2020-09-11 12:57:07,围网
15087,32.02913888888889,125.76719444444444,3.0,0.0,2020-09-11 13:07:07,围网
15087,32.031194444444445,125.76152777777777,1.8,289.0,2020-09-11 13:17:07,围网
15087,32.03297222222222,125.75583333333331,1.8,299.0,2020-09-11 13:27:06,围网
15087,32.034777777777784,125.75025,1.9,295.0,2020-09-11 13:37:06,围网
15087,32.036777777777765,125.74475,1.9,287.0,2020-09-11 13:47:06,围网
15087,32.03875,125.73911111111113,1.7,288.0,2020-09-11 13:57:06,围网
15087,32.04052777777777,125.73361111111113,1.7,289.0,2020-09-11 14:07:06,围网
15087,32.042472222222216,125.72816666666668,1.7,291.0,2020-09-11 14:17:06,围网
15087,32.04419444444444,125.71675,1.7,280.0,2020-09-11 14:37:06,围网
15087,32.044916666666666,125.71116666666668,1.7,272.0,2020-09-11 14:47:06,围网
15087,32.04627777777777,125.70580555555556,1.9,301.0,2020-09-11 14:57:06,围网
15087,32.04852777777778,125.70058333333333,1.5,295.0,2020-09-11 15:07:06,围网
15087,32.05075,125.69552777777777,1.7,292.0,2020-09-11 15:17:06,围网
15087,32.05283333333333,125.69033333333334,1.5,291.0,2020-09-11 15:27:07,围网
15087,32.05469444444444,125.68480555555556,1.8,291.0,2020-09-11 15:37:06,围网
15087,32.05649999999999,125.67913888888887,1.9,279.0,2020-09-11 15:47:06,围网
15087,32.057555555555545,125.67336111111106,1.8,278.0,2020-09-11 15:57:06,围网
15087,32.058499999999995,125.66730555555556,1.7,289.0,2020-09-11 16:07:35,围网
15087,32.0595,125.66188888888892,2.0,286.0,2020-09-11 16:17:11,围网
15087,32.06086111111111,125.6562777777778,1.7,283.0,2020-09-11 16:27:36,围网
15087,32.06197222222223,125.65111111111112,1.8,293.0,2020-09-11 16:37:06,围网
15087,32.06366666666666,125.64580555555555,1.9,303.0,2020-09-11 16:47:06,围网
15087,32.06586111111111,125.64058333333334,1.7,300.0,2020-09-11 16:57:06,围网
15087,32.06805555555556,125.63530555555555,2.3,306.0,2020-09-11 17:07:06,围网
15087,32.070166666666665,125.62983333333332,2.1,277.0,2020-09-11 17:17:06,围网
15087,32.072222222222216,125.62427777777776,1.2,278.0,2020-09-11 17:27:06,围网
15087,32.07408333333334,125.61886111111107,2.6,286.0,2020-09-11 17:37:06,围网
15087,32.078361111111114,125.6087222222222,1.7,312.0,2020-09-11 17:57:06,围网
15087,32.07961111111111,125.60641666666666,0.7,0.0,2020-09-11 18:07:06,围网
15087,32.07902777777778,125.60783333333332,1.7,137.0,2020-09-11 18:17:06,围网
15087,32.0801388888889,125.60641666666666,1.1,0.0,2020-09-11 18:27:06,围网
15087,32.082527777777784,125.601,1.6,349.0,2020-09-11 18:37:06,围网
15087,32.08558333333334,125.5954722222222,1.1,355.0,2020-09-11 18:47:05,围网
15087,32.08625000000001,125.59627777777777,2.5,122.0,2020-09-11 18:57:05,围网
15087,32.08405555555556,125.60247222222219,3.3,115.0,2020-09-11 19:07:05,围网
15087,32.08591666666667,125.59986111111107,0.4,0.0,2020-09-11 19:17:05,围网
15087,32.085416666666674,125.5995,0.3,0.0,2020-09-11 19:27:05,围网
15087,32.085166666666666,125.59936111111112,0.6,161.0,2020-09-11 19:37:34,围网
15087,32.085138888888885,125.59933333333332,0.3,62.0,2020-09-11 19:47:05,围网
15087,32.08508333333334,125.59938888888887,1.0,111.0,2020-09-11 19:57:05,围网
15087,32.08502777777778,125.59930555555556,0.5,0.0,2020-09-11 20:08:03,围网
15087,32.084861111111124,125.59927777777777,0.7,99.0,2020-09-11 20:17:05,围网
15087,32.084805555555555,125.5992222222222,0.2,0.0,2020-09-11 20:27:05,围网
15087,32.08477777777778,125.5992222222222,0.3,0.0,2020-09-11 20:37:05,围网
15087,32.08452777777778,125.59913888888887,0.2,0.0,2020-09-11 20:47:05,围网
15087,32.08444444444444,125.59911111111107,0.7,184.0,2020-09-11 20:57:05,围网
15087,32.08427777777778,125.59911111111107,0.4,0.0,2020-09-11 21:07:05,围网
15087,32.08430555555556,125.59908333333333,0.5,70.0,2020-09-11 21:17:05,围网
15087,32.084361111111114,125.59911111111107,0.7,247.0,2020-09-11 21:27:05,围网
15087,32.08411111111111,125.59908333333333,0.6,0.0,2020-09-11 21:37:05,围网
15087,32.08411111111111,125.59908333333333,0.7,74.0,2020-09-11 21:47:05,围网
15087,32.084027777777784,125.59908333333333,0.8,22.0,2020-09-11 21:57:05,围网
15087,32.083888888888886,125.59905555555555,1.0,97.0,2020-09-11 22:07:06,围网
15087,32.08383333333333,125.59908333333333,0.6,115.0,2020-09-11 22:17:05,围网
15087,32.08372222222222,125.59905555555555,0.4,0.0,2020-09-11 22:27:05,围网
15087,32.083361111111124,125.59913888888887,0.2,0.0,2020-09-11 22:37:05,围网
15087,32.08305555555556,125.59916666666666,0.6,0.0,2020-09-11 22:47:05,围网
15087,32.08302777777778,125.59919444444445,0.2,0.0,2020-09-11 22:57:05,围网
15087,32.083,125.59919444444445,0.7,0.0,2020-09-11 23:17:05,围网
15087,32.083,125.59919444444445,0.9,0.0,2020-09-11 23:27:04,围网
15087,32.083333333333336,125.60191666666664,1.3,104.0,2020-09-11 23:37:05,围网
15087,32.082861111111114,125.60886111111107,1.5,72.0,2020-09-11 23:47:05,围网
15087,32.08405555555556,125.61069444444445,6.1,96.0,2020-09-11 23:57:33,围网
15087,32.08208333333334,125.61886111111107,1.4,163.0,2020-09-12 00:07:04,围网
15087,32.07786111111112,125.61988888888894,2.1,180.0,2020-09-12 00:17:04,围网
15087,32.073166666666665,125.62002777777776,1.2,23.0,2020-09-12 00:27:04,围网
15087,32.0685,125.61838888888887,1.8,209.0,2020-09-12 00:37:04,围网
15087,32.0641111111111,125.615,2.7,176.0,2020-09-12 00:47:04,围网
15087,32.06086111111111,125.61044444444444,1.8,208.0,2020-09-12 00:57:04,围网
15087,32.05858333333333,125.60491666666668,1.8,241.0,2020-09-12 01:07:04,围网
15087,32.0575,125.59869444444445,1.9,276.0,2020-09-12 01:17:04,围网
15087,32.05672222222222,125.59305555555555,1.7,255.0,2020-09-12 01:27:04,围网
15087,32.056055555555545,125.58747222222222,1.7,269.0,2020-09-12 01:37:04,围网
15087,32.05588888888889,125.58183333333334,1.7,276.0,2020-09-12 01:47:04,围网
15087,32.056,125.57619444444444,1.7,262.0,2020-09-12 01:57:04,围网
15087,32.05625,125.5702777777778,1.6,268.0,2020-09-12 02:07:33,围网
15087,32.056888888888885,125.56502777777777,1.7,285.0,2020-09-12 02:17:04,围网
15087,32.058083333333336,125.55975,1.6,286.0,2020-09-12 02:27:04,围网
15087,32.060805555555554,125.54944444444445,1.8,275.0,2020-09-12 02:47:04,围网
15087,32.06225,125.544,1.8,284.0,2020-09-12 02:57:04,围网
15087,32.063805555555554,125.53852777777777,1.6,300.0,2020-09-12 03:07:04,围网
15087,32.065805555555556,125.53316666666666,1.8,291.0,2020-09-12 03:17:04,围网
15087,32.067861111111114,125.52802777777777,1.4,296.0,2020-09-12 03:27:04,围网
15087,32.06991666666667,125.52294444444445,1.7,287.0,2020-09-12 03:37:04,围网
15087,32.07216666666667,125.51797222222223,1.9,350.0,2020-09-12 03:47:04,围网
15087,32.074222222222225,125.51294444444444,1.2,349.0,2020-09-12 03:57:04,围网
15087,32.07583333333333,125.50780555555555,1.2,0.0,2020-09-12 04:07:04,围网
15087,32.07733333333333,125.50272222222222,1.8,0.0,2020-09-12 04:17:04,围网
15087,32.07911111111111,125.4974722222222,1.7,0.0,2020-09-12 04:27:05,围网
15087,32.081027777777784,125.49244444444444,1.1,0.0,2020-09-12 04:37:04,围网
15087,32.083555555555556,125.48791666666666,1.8,0.0,2020-09-12 04:47:04,围网
15087,32.08683333333333,125.48433333333334,1.4,0.0,2020-09-12 04:57:03,围网
15087,32.090722222222226,125.48133333333334,3.8,310.0,2020-09-12 05:07:03,围网
15087,32.09541666666667,125.48038888888892,4.8,0.0,2020-09-12 05:17:23,围网
15087,32.09283333333334,125.48372222222223,1.7,146.0,2020-09-12 05:27:31,围网
15087,32.090333333333334,125.48336111111112,2.5,349.0,2020-09-12 05:37:03,围网
15087,32.091138888888885,125.48486111111107,0.3,0.0,2020-09-12 05:47:03,围网
15087,32.09122222222222,125.48525,0.0,0.0,2020-09-12 05:57:03,围网
15087,32.09127777777777,125.48475,0.1,0.0,2020-09-12 06:07:03,围网
15087,32.09627777777778,125.4962777777778,9.6,68.0,2020-09-12 06:17:03,围网
15087,32.10005555555556,125.5259722222222,9.0,79.0,2020-09-12 06:27:03,围网
15087,32.105972222222235,125.55380555555556,8.8,83.0,2020-09-12 06:37:03,围网
15087,32.11555555555556,125.58105555555555,5.3,65.0,2020-09-12 06:47:03,围网
15087,32.11533333333333,125.58491666666666,0.9,128.0,2020-09-12 06:57:03,围网
15087,32.11341666666667,125.58633333333331,1.2,151.0,2020-09-12 07:07:03,围网
15087,32.11141666666667,125.5877222222222,0.9,146.0,2020-09-12 07:17:03,围网
15087,32.11375,125.59275,3.2,217.0,2020-09-12 07:27:03,围网
15087,32.12041666666667,125.59819444444445,0.5,0.0,2020-09-12 07:37:04,围网
15087,32.12008333333333,125.6047222222222,2.2,0.0,2020-09-12 07:47:03,围网
15087,32.11952777777778,125.61008333333334,2.3,0.0,2020-09-12 07:57:03,围网
15087,32.11866666666667,125.61583333333333,1.7,107.0,2020-09-12 08:07:33,围网
15087,32.11777777777777,125.62105555555556,2.4,112.0,2020-09-12 08:17:03,围网
15087,32.11675,125.62661111111107,1.6,92.0,2020-09-12 08:27:03,围网
15087,32.11588888888889,125.63216666666666,1.9,94.0,2020-09-12 08:37:03,围网
15087,32.114055555555545,125.6373888888889,1.7,116.0,2020-09-12 08:47:03,围网
15087,32.111999999999995,125.64219444444444,1.2,120.0,2020-09-12 08:57:03,围网
15087,32.10986111111111,125.64700000000002,2.0,129.0,2020-09-12 09:07:03,围网
15087,32.10772222222222,125.65169444444444,1.5,96.0,2020-09-12 09:17:03,围网
15087,32.10380555555556,125.66116666666667,1.6,117.0,2020-09-12 09:37:02,围网
15087,32.101777777777784,125.66583333333334,1.8,111.0,2020-09-12 09:47:02,围网
15087,32.09988888888889,125.67072222222224,2.8,100.0,2020-09-12 09:57:03,围网
15087,32.09819444444445,125.67552777777777,1.8,105.0,2020-09-12 10:07:02,围网
15087,32.09669444444445,125.68052777777778,1.9,116.0,2020-09-12 10:17:03,围网
15087,32.09502777777778,125.68477777777778,2.3,124.0,2020-09-12 10:27:04,围网
15087,32.092888888888886,125.68894444444445,2.5,119.0,2020-09-12 10:37:05,围网
15087,32.090472222222225,125.69291666666666,2.4,106.0,2020-09-12 10:47:03,围网
15087,32.087972222222234,125.69691666666668,3.4,106.0,2020-09-12 10:57:05,围网
15087,32.08525,125.70133333333334,2.3,154.0,2020-09-12 11:07:30,围网
15087,32.08261111111111,125.7049722222222,1.7,124.0,2020-09-12 11:17:02,围网
15087,32.07977777777778,125.70866666666667,2.4,159.0,2020-09-12 11:27:02,围网
15087,32.077027777777786,125.71225,1.2,132.0,2020-09-12 11:37:02,围网
15087,32.073722222222216,125.71516666666668,1.6,153.0,2020-09-12 11:47:02,围网
15087,32.06947222222223,125.71680555555555,1.5,167.0,2020-09-12 11:57:02,围网
15087,32.06491666666667,125.71730555555555,1.6,190.0,2020-09-12 12:07:02,围网
15087,32.06719444444445,125.71591666666669,2.0,340.0,2020-09-12 12:17:02,围网
15087,32.06986111111112,125.71408333333332,2.1,170.0,2020-09-12 12:27:02,围网
15087,32.06827777777778,125.7134722222222,1.3,0.0,2020-09-12 12:37:03,围网
15087,32.06594444444444,125.71244444444444,2.6,63.0,2020-09-12 12:47:02,围网
15087,32.07088888888889,125.70391666666669,0.8,0.0,2020-09-12 12:57:02,围网
15087,32.07186111111112,125.69786111111112,1.8,281.0,2020-09-12 13:07:02,围网
15087,32.07291666666667,125.69216666666668,0.8,0.0,2020-09-12 13:17:04,围网
15087,32.07419444444445,125.68672222222223,1.2,0.0,2020-09-12 13:27:21,围网
15087,32.07519444444445,125.68141666666666,1.3,0.0,2020-09-12 13:37:07,围网
15087,32.07616666666667,125.67561111111112,1.9,270.0,2020-09-12 13:47:33,围网
15087,32.077888888888886,125.67055555555555,1.7,306.0,2020-09-12 13:57:02,围网
15087,32.08291666666667,125.66100000000002,2.0,334.0,2020-09-12 14:17:02,围网
15087,32.085388888888886,125.65641666666669,1.9,286.0,2020-09-12 14:27:01,围网
15087,32.08791666666667,125.65169444444444,2.0,291.0,2020-09-12 14:37:01,围网
15087,32.0905,125.64691666666668,2.1,302.0,2020-09-12 14:47:01,围网
15087,32.09297222222223,125.6419722222222,2.6,269.0,2020-09-12 14:57:01,围网
15087,32.09525,125.63688888888888,2.4,268.0,2020-09-12 15:07:01,围网
15087,32.097194444444455,125.63169444444445,1.9,299.0,2020-09-12 15:17:01,围网
15087,32.09897222222223,125.62644444444445,1.3,285.0,2020-09-12 15:27:01,围网
15087,32.10083333333333,125.62136111111107,1.8,279.0,2020-09-12 15:37:01,围网
15087,32.10263888888889,125.61619444444445,2.0,279.0,2020-09-12 15:47:01,围网
15087,32.104361111111125,125.611,1.6,297.0,2020-09-12 15:57:01,围网
15087,32.10652777777778,125.60552777777777,1.7,300.0,2020-09-12 16:07:56,围网
15087,32.10833333333333,125.60083333333333,1.8,316.0,2020-09-12 16:17:01,围网
15087,32.11033333333334,125.59558333333332,1.8,302.0,2020-09-12 16:27:01,围网
15087,32.112277777777784,125.59052777777777,1.6,328.0,2020-09-12 16:37:01,围网
15087,32.11413888888889,125.58541666666666,1.5,308.0,2020-09-12 16:47:01,围网
15087,32.11586111111112,125.58036111111113,2.5,296.0,2020-09-12 16:57:01,围网
15087,32.117055555555545,125.57516666666668,1.7,0.0,2020-09-12 17:07:04,围网
15087,32.118944444444445,125.56994444444445,1.6,273.0,2020-09-12 17:17:29,围网
15087,32.12016666666666,125.56488888888887,1.5,286.0,2020-09-12 17:27:01,围网
15087,32.121472222222216,125.55972222222222,1.6,263.0,2020-09-12 17:37:01,围网
15087,32.12291666666667,125.55466666666666,2.3,265.0,2020-09-12 17:47:01,围网
15087,32.124694444444444,125.54975,1.5,299.0,2020-09-12 17:57:01,围网
15087,32.126888888888885,125.5450277777778,1.7,315.0,2020-09-12 18:07:01,围网
15087,32.129444444444445,125.5405,1.4,0.0,2020-09-12 18:17:01,围网
15087,32.13113888888889,125.54036111111112,1.7,67.0,2020-09-12 18:27:01,围网
15087,32.1305,125.54513888888887,1.6,89.0,2020-09-12 18:37:01,围网
15087,32.130777777777766,125.54566666666666,0.6,306.0,2020-09-12 18:47:01,围网
15087,32.131750000000004,125.54330555555555,0.8,266.0,2020-09-12 18:57:01,围网
15087,32.13216666666666,125.54072222222223,6.1,269.0,2020-09-12 19:07:02,围网
15087,32.13341666666667,125.536,4.0,27.0,2020-09-12 19:17:01,围网
15087,32.134750000000004,125.54827777777777,1.7,64.0,2020-09-12 19:27:00,围网
15087,32.13552777777778,125.55333333333333,1.5,67.0,2020-09-12 19:37:00,围网
15087,32.136222222222216,125.55769444444445,1.7,77.0,2020-09-12 19:47:00,围网
15087,32.13658333333333,125.56244444444445,1.5,81.0,2020-09-12 19:57:00,围网
15087,32.13672222222222,125.56683333333334,1.2,114.0,2020-09-12 20:07:30,围网
15087,32.136972222222234,125.57044444444445,0.8,110.0,2020-09-12 20:17:00,围网
15087,32.13722222222222,125.57416666666666,1.1,91.0,2020-09-12 20:27:00,围网
15087,32.137166666666666,125.57833333333332,0.4,0.0,2020-09-12 20:37:00,围网
15087,32.13702777777778,125.58266666666668,1.4,86.0,2020-09-12 20:47:00,围网
15087,32.136805555555554,125.58694444444444,1.0,46.0,2020-09-12 20:57:00,围网
15087,32.13711111111111,125.59163888888888,1.7,62.0,2020-09-12 21:07:00,围网
15087,32.13961111111111,125.59597222222222,1.6,78.0,2020-09-12 21:17:00,围网
15087,32.13997222222222,125.60075,0.9,98.0,2020-09-12 21:27:00,围网
15087,32.13966666666666,125.60488888888894,1.3,79.0,2020-09-12 21:37:00,围网
15087,32.13930555555556,125.60941666666666,1.9,64.0,2020-09-12 21:47:00,围网
15087,32.13913888888889,125.61386111111106,0.8,0.0,2020-09-12 21:57:00,围网
15087,32.138888888888886,125.61833333333333,1.4,60.0,2020-09-12 22:07:00,围网
15087,32.13861111111111,125.62280555555556,1.2,90.0,2020-09-12 22:17:02,围网
15087,32.13838888888889,125.62725,1.2,82.0,2020-09-12 22:27:00,围网
15087,32.13802777777778,125.6317222222222,1.2,118.0,2020-09-12 22:37:00,围网
15087,32.13766666666667,125.63605555555556,1.6,30.0,2020-09-12 22:47:00,围网
15087,32.13727777777777,125.64019444444445,1.0,0.0,2020-09-12 22:57:00,围网
15087,32.136916666666664,125.64333333333336,1.9,289.0,2020-09-12 23:07:00,围网
15087,32.139,125.63813888888893,1.8,272.0,2020-09-12 23:17:00,围网
15087,32.13952777777778,125.63572222222223,2.6,117.0,2020-09-12 23:27:00,围网
15087,32.14013888888889,125.63441666666668,0.5,267.0,2020-09-12 23:37:00,围网
15087,32.14063888888889,125.63358333333332,0.7,23.0,2020-09-12 23:47:00,围网
15087,32.14077777777778,125.62269444444445,8.3,268.0,2020-09-12 23:57:28,围网
15087,32.14041666666667,125.59530555555556,9.4,272.0,2020-09-13 00:07:00,围网
15087,32.14063888888889,125.56700000000001,9.1,270.0,2020-09-13 00:17:00,围网
15087,32.14152777777778,125.53875,8.4,269.0,2020-09-13 00:26:59,围网
15087,32.14116666666666,125.51066666666668,7.6,277.0,2020-09-13 00:36:59,围网
15087,32.14602777777778,125.45455555555556,8.6,269.0,2020-09-13 00:56:59,围网
15087,32.14725,125.42583333333334,9.2,267.0,2020-09-13 01:06:59,围网
15087,32.148472222222225,125.39655555555555,9.1,275.0,2020-09-13 01:16:59,围网
15087,32.149722222222216,125.367,9.3,270.0,2020-09-13 01:26:59,围网
15087,32.151361111111115,125.3389722222222,9.4,274.0,2020-09-13 01:36:59,围网
15087,32.15280555555556,125.30966666666666,9.4,276.0,2020-09-13 01:46:59,围网
15087,32.155194444444454,125.28027777777778,9.3,274.0,2020-09-13 01:56:59,围网
15087,32.158527777777785,125.24955555555556,8.7,274.0,2020-09-13 02:07:38,围网
15087,32.16144444444444,125.22577777777781,2.8,284.0,2020-09-13 02:16:59,围网
15087,32.165194444444445,125.21619444444444,2.1,285.0,2020-09-13 02:26:59,围网
15087,32.16694444444444,125.2107777777778,1.5,300.0,2020-09-13 02:36:59,围网
15087,32.16855555555555,125.20522222222222,1.8,272.0,2020-09-13 02:46:59,围网
15087,32.17002777777777,125.19963888888893,1.9,277.0,2020-09-13 02:56:59,围网
15087,32.17172222222222,125.19416666666667,1.7,286.0,2020-09-13 03:06:59,围网
15087,32.17438888888889,125.18919444444445,1.6,305.0,2020-09-13 03:16:59,围网
15087,32.17766666666666,125.18466666666669,1.6,308.0,2020-09-13 03:26:59,围网
15087,32.18088888888889,125.18011111111113,2.1,297.0,2020-09-13 03:36:59,围网
15087,32.187916666666666,125.17116666666668,1.8,356.0,2020-09-13 03:56:59,围网
15087,32.191888888888876,125.16758333333334,1.2,0.0,2020-09-13 04:07:00,围网
15087,32.19597222222223,125.16355555555555,1.7,0.0,2020-09-13 04:17:09,围网
15087,32.2,125.16075,1.4,327.0,2020-09-13 04:27:27,围网
15087,32.203555555555546,125.15763888888887,1.7,307.0,2020-09-13 04:36:59,围网
15087,32.207222222222235,125.1544722222222,2.5,298.0,2020-09-13 04:46:59,围网
15087,32.21094444444444,125.1512777777778,1.6,336.0,2020-09-13 04:56:59,围网
15087,32.21477777777778,125.14825,1.5,335.0,2020-09-13 05:06:59,围网
15087,32.21861111111112,125.14536111111113,1.8,339.0,2020-09-13 05:16:59,围网
15087,32.22233333333333,125.14238888888893,1.4,322.0,2020-09-13 05:26:58,围网
15087,32.22641666666667,125.14019444444445,1.9,347.0,2020-09-13 05:36:58,围网
15087,32.230944444444454,125.13825,1.8,333.0,2020-09-13 05:46:58,围网
15087,32.23536111111112,125.13711111111112,1.5,344.0,2020-09-13 05:56:58,围网
15087,32.239888888888885,125.1365277777778,1.7,358.0,2020-09-13 06:06:58,围网
15087,32.244388888888885,125.13613888888894,1.8,15.0,2020-09-13 06:16:58,围网
15087,32.24861111111111,125.13566666666668,1.6,12.0,2020-09-13 06:26:58,围网
15087,32.25286111111112,125.13502777777781,1.5,2.0,2020-09-13 06:36:58,围网
15087,32.257222222222225,125.13475,1.4,348.0,2020-09-13 06:46:58,围网
15087,32.26172222222222,125.13458333333334,1.4,14.0,2020-09-13 06:56:58,围网
15087,32.26608333333333,125.13463888888893,1.6,354.0,2020-09-13 07:06:58,围网
15087,32.27044444444444,125.1345277777778,2.1,318.0,2020-09-13 07:16:58,围网
15087,32.27477777777778,125.13408333333334,1.6,358.0,2020-09-13 07:26:58,围网
15087,32.27144444444444,125.13363888888892,1.7,164.0,2020-09-13 07:36:58,围网
15087,32.26922222222222,125.13694444444445,1.8,97.0,2020-09-13 07:46:58,围网
15087,32.26880555555556,125.13788888888894,1.9,136.0,2020-09-13 07:56:58,围网
15087,32.26902777777778,125.13775,6.7,334.0,2020-09-13 08:07:36,围网
15087,32.28311111111111,125.12177777777777,7.5,296.0,2020-09-13 08:16:58,围网
15087,32.275416666666665,125.11622222222222,1.5,171.0,2020-09-13 08:26:58,围网
15087,32.271166666666666,125.11869444444444,1.8,158.0,2020-09-13 08:36:58,围网
15087,32.26741666666667,125.12236111111108,1.7,163.0,2020-09-13 08:46:58,围网
15087,32.26375,125.12586111111106,1.8,146.0,2020-09-13 08:56:58,围网
15087,32.25997222222223,125.12899999999999,2.1,158.0,2020-09-13 09:06:58,围网
15087,32.256083333333336,125.13208333333333,1.8,145.0,2020-09-13 09:16:58,围网
15087,32.25213888888889,125.13508333333334,1.6,158.0,2020-09-13 09:26:58,围网
15087,32.248222222222225,125.13825,1.5,140.0,2020-09-13 09:36:58,围网
15087,32.24425,125.14133333333334,1.5,137.0,2020-09-13 09:46:58,围网
15087,32.240277777777784,125.14444444444445,1.8,163.0,2020-09-13 09:57:06,围网
15087,32.23586111111111,125.14675,2.0,147.0,2020-09-13 10:06:58,围网
15087,32.23130555555556,125.14902777777776,1.8,120.0,2020-09-13 10:16:58,围网
15087,32.22686111111111,125.15138888888887,1.6,165.0,2020-09-13 10:26:57,围网
15087,32.22238888888889,125.15372222222223,1.6,143.0,2020-09-13 10:36:57,围网
15087,32.21786111111111,125.15602777777778,1.6,149.0,2020-09-13 10:46:57,围网
15087,32.21330555555556,125.15838888888894,1.7,144.0,2020-09-13 10:56:57,围网
15087,32.2085,125.16013888888894,1.8,133.0,2020-09-13 11:06:57,围网
15087,32.20366666666667,125.16188888888892,2.1,139.0,2020-09-13 11:16:57,围网
15087,32.19883333333333,125.16369444444445,1.7,177.0,2020-09-13 11:26:57,围网
15087,32.19425,125.16608333333332,2.0,135.0,2020-09-13 11:36:57,围网
15087,32.19016666666666,125.16944444444445,3.5,130.0,2020-09-13 11:47:01,围网
15087,32.18619444444445,125.17361111111113,4.3,99.0,2020-09-13 11:57:04,围网
15087,32.18233333333333,125.17775,2.2,151.0,2020-09-13 12:07:26,围网
15087,32.17855555555555,125.181,2.0,164.0,2020-09-13 12:16:57,围网
15087,32.17411111111111,125.18352777777778,1.7,156.0,2020-09-13 12:26:57,围网
15087,32.1695,125.18591666666669,2.2,175.0,2020-09-13 12:36:57,围网
15087,32.16483333333333,125.18761111111112,1.9,180.0,2020-09-13 12:46:57,围网
15087,32.15994444444444,125.18880555555555,1.8,165.0,2020-09-13 12:56:57,围网
15087,32.155138888888885,125.1897777777778,1.8,160.0,2020-09-13 13:06:57,围网
15087,32.15022222222222,125.1905,1.9,176.0,2020-09-13 13:16:57,围网
15087,32.145222222222216,125.19119444444445,1.3,179.0,2020-09-13 13:26:57,围网
15087,32.14022222222222,125.19166666666668,1.9,214.0,2020-09-13 13:36:57,围网
15087,32.139111111111106,125.1909722222222,1.4,20.0,2020-09-13 13:46:57,围网
15087,32.142361111111114,125.19058333333334,1.0,222.0,2020-09-13 13:56:57,围网
15087,32.13941666666667,125.18936111111113,1.8,209.0,2020-09-13 14:06:57,围网
15087,32.13580555555556,125.18825,1.3,196.0,2020-09-13 14:16:57,围网
15087,32.146527777777784,125.18438888888888,5.2,338.0,2020-09-13 14:26:57,围网
15087,32.16275,125.17744444444445,6.3,342.0,2020-09-13 14:36:57,围网
15087,32.181,125.17425,6.6,359.0,2020-09-13 14:46:57,围网
15087,32.19438888888888,125.16933333333334,2.3,226.0,2020-09-13 14:56:57,围网
15087,32.201527777777784,125.16341666666668,0.7,0.0,2020-09-13 15:07:18,围网
15087,32.204055555555556,125.15883333333332,2.5,285.0,2020-09-13 15:17:01,围网
15087,32.20661111111111,125.15438888888887,1.9,331.0,2020-09-13 15:27:08,围网
15087,32.209833333333336,125.15113888888894,1.7,318.0,2020-09-13 15:37:25,围网
15087,32.21327777777777,125.1484722222222,1.7,322.0,2020-09-13 15:46:56,围网
15087,32.21708333333333,125.14577777777778,1.4,331.0,2020-09-13 15:56:56,围网
15087,32.22080555555556,125.14297222222223,3.0,15.0,2020-09-13 16:06:57,围网
15087,32.224805555555555,125.14025,1.4,0.0,2020-09-13 16:16:56,围网
15087,32.22877777777778,125.1375277777778,1.6,322.0,2020-09-13 16:26:56,围网
15087,32.232472222222235,125.13416666666667,1.7,303.0,2020-09-13 16:36:56,围网
15087,32.23605555555555,125.13069444444444,1.7,312.0,2020-09-13 16:46:56,围网
15087,32.24008333333334,125.12730555555555,2.2,318.0,2020-09-13 16:57:25,围网
15087,32.24380555555556,125.12408333333332,2.0,308.0,2020-09-13 17:06:56,围网
15087,32.24797222222223,125.1215,1.6,339.0,2020-09-13 17:16:56,围网
15087,32.252555555555546,125.1195277777778,1.7,340.0,2020-09-13 17:26:56,围网
15087,32.25736111111112,125.1175,1.8,341.0,2020-09-13 17:37:01,围网
15087,32.262166666666666,125.11675,1.6,3.0,2020-09-13 17:46:56,围网
15087,32.26705555555555,125.11605555555555,1.8,2.0,2020-09-13 17:56:56,围网
15087,32.27194444444444,125.11533333333334,1.6,0.0,2020-09-13 18:06:56,围网
15087,32.27686111111111,125.11494444444445,1.7,16.0,2020-09-13 18:16:56,围网
15087,32.28172222222222,125.11522222222222,1.8,1.0,2020-09-13 18:26:56,围网
15087,32.28655555555555,125.11497222222219,1.5,4.0,2020-09-13 18:36:56,围网
15087,32.29158333333333,125.11399999999999,1.6,348.0,2020-09-13 18:46:56,围网
15087,32.296499999999995,125.11277777777777,1.9,344.0,2020-09-13 18:56:56,围网
15087,32.30141666666667,125.11202777777777,1.8,0.0,2020-09-13 19:06:56,围网
15087,32.306416666666664,125.11161111111107,1.7,345.0,2020-09-13 19:16:56,围网
15087,32.31119444444445,125.11124999999998,1.7,343.0,2020-09-13 19:26:56,围网
15087,32.31619444444444,125.11088888888894,1.4,358.0,2020-09-13 19:36:56,围网
15087,32.320916666666676,125.11008333333334,2.0,338.0,2020-09-13 19:46:56,围网
15087,32.325222222222216,125.10941666666666,1.2,0.0,2020-09-13 19:56:56,围网
15087,32.32244444444444,125.10855555555555,1.7,98.0,2020-09-13 20:07:57,围网
15087,32.32011111111111,125.10930555555555,2.4,347.0,2020-09-13 20:16:56,围网
15087,32.32186111111112,125.10847222222222,3.6,353.0,2020-09-13 20:26:56,围网
15087,32.32355555555556,125.10830555555556,3.8,305.0,2020-09-13 20:36:55,围网
15087,32.32538888888889,125.10797222222222,0.9,4.0,2020-09-13 20:46:55,围网
15087,32.32591666666667,125.10766666666666,0.7,66.0,2020-09-13 20:56:55,围网
15087,32.326750000000004,125.10533333333332,6.5,292.0,2020-09-13 21:06:58,围网
15087,32.32916666666667,125.09711111111113,2.6,286.0,2020-09-13 21:17:00,围网
15087,32.32983333333333,125.10691666666663,1.3,117.0,2020-09-13 21:26:55,围网
15087,32.32508333333334,125.10944444444445,1.6,167.0,2020-09-13 21:37:25,围网
15087,32.321111111111115,125.11030555555556,1.3,164.0,2020-09-13 21:46:55,围网
15087,32.31711111111111,125.11030555555556,1.5,187.0,2020-09-13 21:56:55,围网
15087,32.313361111111114,125.10919444444444,1.4,177.0,2020-09-13 22:06:55,围网
15087,32.30952777777778,125.10836111111112,2.0,213.0,2020-09-13 22:16:55,围网
15087,32.30552777777777,125.1074722222222,1.3,184.0,2020-09-13 22:26:55,围网
15087,32.301361111111106,125.10744444444444,2.1,173.0,2020-09-13 22:36:55,围网
15087,32.29708333333333,125.10761111111107,0.9,0.0,2020-09-13 22:46:58,围网
15087,32.29255555555555,125.10808333333333,1.5,189.0,2020-09-13 22:57:25,围网
15087,32.288361111111115,125.10863888888888,1.9,190.0,2020-09-13 23:06:55,围网
15087,32.283972222222225,125.109,1.8,180.0,2020-09-13 23:16:55,围网
15087,32.279444444444444,125.10936111111113,1.6,183.0,2020-09-13 23:26:55,围网
15087,32.27483333333333,125.10966666666666,1.8,176.0,2020-09-13 23:36:55,围网
15087,32.27,125.11005555555555,1.6,172.0,2020-09-13 23:46:55,围网
15087,32.26511111111111,125.1104722222222,2.3,164.0,2020-09-13 23:56:55,围网
15087,32.26025,125.11091666666668,2.1,153.0,2020-09-14 00:06:55,围网
15087,32.25530555555556,125.11116666666666,2.2,181.0,2020-09-14 00:16:55,围网
15087,32.250416666666666,125.11138888888887,1.7,177.0,2020-09-14 00:26:55,围网
15087,32.245444444444445,125.11144444444444,1.7,180.0,2020-09-14 00:36:55,围网
15087,32.2405,125.11152777777777,1.7,178.0,2020-09-14 00:46:55,围网
15087,32.23552777777778,125.11188888888887,1.9,170.0,2020-09-14 00:56:55,围网
15087,32.230555555555554,125.11188888888887,1.8,182.0,2020-09-14 01:06:58,围网
15087,32.22572222222223,125.11205555555556,1.6,185.0,2020-09-14 01:16:55,围网
15087,32.22077777777777,125.11219444444444,1.7,176.0,2020-09-14 01:26:55,围网
15087,32.215805555555555,125.11244444444445,3.2,137.0,2020-09-14 01:36:54,围网
15087,32.210861111111114,125.11272222222222,1.7,183.0,2020-09-14 01:46:54,围网
15087,32.20605555555556,125.11294444444445,2.0,168.0,2020-09-14 01:56:55,围网
15087,32.201055555555556,125.11302777777777,2.4,217.0,2020-09-14 02:07:25,围网
15087,32.19197222222222,125.11302777777777,1.6,180.0,2020-09-14 02:26:54,围网
15087,32.187277777777766,125.11311111111112,2.1,157.0,2020-09-14 02:36:54,围网
15087,32.182694444444444,125.11322222222222,1.5,178.0,2020-09-14 02:46:54,围网
15087,32.178305555555546,125.11322222222222,2.1,151.0,2020-09-14 02:56:54,围网
15087,32.17711111111111,125.11288888888888,0.9,341.0,2020-09-14 03:06:54,围网
15087,32.18069444444444,125.11186111111112,1.3,348.0,2020-09-14 03:16:54,围网
15087,32.17966666666666,125.11130555555556,0.5,0.0,2020-09-14 03:26:54,围网
15087,32.17861111111111,125.10975,0.9,0.0,2020-09-14 03:36:54,围网
15087,32.182472222222216,125.10538888888887,7.0,324.0,2020-09-14 03:46:54,围网
15087,32.20013888888889,125.0932222222222,7.2,333.0,2020-09-14 03:56:54,围网
15087,32.21797222222221,125.0809722222222,7.2,331.0,2020-09-14 04:06:53,围网
15087,32.22961111111111,125.07091666666666,1.2,63.0,2020-09-14 04:16:54,围网
15087,32.237944444444445,125.06905555555555,2.1,342.0,2020-09-14 04:26:54,围网
15087,32.24252777777778,125.06780555555555,1.9,2.0,2020-09-14 04:36:54,围网
15087,32.247055555555555,125.06613888888887,0.2,0.0,2020-09-14 04:46:54,围网
15087,32.25169444444445,125.06419444444445,1.8,325.0,2020-09-14 04:56:56,围网
15087,32.25625,125.06222222222222,1.8,347.0,2020-09-14 05:06:54,围网
15087,32.260694444444454,125.0602222222222,0.4,0.0,2020-09-14 05:16:55,围网
15087,32.26580555555556,125.05919444444444,1.9,314.0,2020-09-14 05:26:56,围网
15087,32.27033333333333,125.05911111111112,0.9,0.0,2020-09-14 05:36:54,围网
15087,32.275638888888885,125.05833333333334,1.8,0.0,2020-09-14 05:46:59,围网
15087,32.280611111111114,125.05780555555555,0.9,0.0,2020-09-14 05:56:54,围网
15087,32.28597222222222,125.05705555555555,1.6,351.0,2020-09-14 06:07:25,围网
15087,32.32661111111111,125.05411111111113,2.1,351.0,2020-09-14 07:26:53,围网
15087,32.34613888888889,125.04980555555555,1.3,0.0,2020-09-14 08:06:55,围网
15087,32.350277777777784,125.04616666666666,2.2,0.0,2020-09-14 08:16:54,围网
15087,32.355111111111114,125.04583333333332,1.6,0.0,2020-09-14 08:26:54,围网
15087,32.360083333333336,125.04605555555555,1.9,0.0,2020-09-14 08:36:57,围网
15087,32.36491666666667,125.04688888888887,1.6,0.0,2020-09-14 08:47:08,围网
15087,32.37013888888889,125.04686111111113,1.8,355.0,2020-09-14 08:57:39,围网
15087,32.374694444444444,125.04672222222223,1.8,3.0,2020-09-14 09:06:53,围网
15087,32.379472222222226,125.0465,1.9,351.0,2020-09-14 09:16:53,围网
15087,32.38427777777777,125.04619444444445,1.7,339.0,2020-09-14 09:26:53,围网
15087,32.38905555555555,125.04608333333331,1.8,347.0,2020-09-14 09:36:53,围网
15087,32.39344444444444,125.0457222222222,1.4,353.0,2020-09-14 09:46:53,围网
15087,32.39163888888889,125.04694444444445,1.8,217.0,2020-09-14 09:56:53,围网
15087,32.389111111111106,125.0485277777778,0.9,115.0,2020-09-14 10:07:39,围网
15087,32.38947222222223,125.05005555555556,0.1,0.0,2020-09-14 10:16:53,围网
15087,32.39088888888889,125.05072222222222,0.5,25.0,2020-09-14 10:26:53,围网
15087,32.39302777777778,125.0510277777778,4.5,355.0,2020-09-14 10:36:53,围网
15087,32.40922222222222,125.03663888888887,7.9,332.0,2020-09-14 10:46:53,围网
15087,32.409777777777784,125.03347222222222,7.7,195.0,2020-09-14 10:56:53,围网
15087,32.404,125.03311111111113,1.9,166.0,2020-09-14 11:06:53,围网
15087,32.399,125.03438888888887,1.8,169.0,2020-09-14 11:16:53,围网
15087,32.39402777777778,125.03566666666666,1.5,172.0,2020-09-14 11:26:53,围网
15087,32.38916666666667,125.03744444444445,1.7,162.0,2020-09-14 11:36:53,围网
15087,32.38447222222222,125.03969444444445,1.7,164.0,2020-09-14 11:46:52,围网
15087,32.37972222222222,125.04211111111113,1.8,161.0,2020-09-14 11:56:52,围网
15087,32.374611111111115,125.04469444444445,2.4,143.0,2020-09-14 12:07:39,围网
15087,32.369972222222216,125.0470277777778,2.0,161.0,2020-09-14 12:16:52,围网
15087,32.365138888888886,125.04944444444445,2.0,149.0,2020-09-14 12:26:52,围网
15087,32.36025,125.05180555555555,2.3,145.0,2020-09-14 12:36:52,围网
15087,32.35516666666667,125.05366666666669,1.9,0.0,2020-09-14 12:46:52,围网
15087,32.35,125.05505555555555,2.0,144.0,2020-09-14 12:56:52,围网
15087,32.344750000000005,125.05644444444445,2.6,139.0,2020-09-14 13:06:52,围网
15087,32.33908333333333,125.05686111111108,2.2,170.0,2020-09-14 13:16:52,围网
15087,32.33372222222222,125.05680555555556,1.7,163.0,2020-09-14 13:26:52,围网
15087,32.32847222222223,125.05738888888894,1.9,176.0,2020-09-14 13:36:52,围网
15087,32.32327777777777,125.05852777777778,2.3,134.0,2020-09-14 13:46:52,围网
15087,32.318138888888896,125.05922222222223,2.0,144.0,2020-09-14 13:56:52,围网
15087,32.31269444444445,125.05938888888888,2.4,200.0,2020-09-14 14:07:09,围网
15087,32.307805555555554,125.05944444444445,1.7,179.0,2020-09-14 14:16:52,围网
15087,32.30291666666667,125.0594722222222,1.6,167.0,2020-09-14 14:26:52,围网
15087,32.297666666666665,125.05958333333332,1.8,177.0,2020-09-14 14:36:52,围网
15087,32.292472222222216,125.05977777777778,1.7,177.0,2020-09-14 14:46:52,围网
15087,32.28727777777777,125.0599722222222,2.0,187.0,2020-09-14 14:56:52,围网
15087,32.28219444444444,125.05988888888888,1.9,182.0,2020-09-14 15:06:52,围网
15087,32.277166666666666,125.05938888888888,2.0,179.0,2020-09-14 15:16:52,围网
15087,32.272194444444445,125.05916666666668,2.0,181.0,2020-09-14 15:26:52,围网
15087,32.26741666666667,125.05875,2.5,0.0,2020-09-14 15:36:52,围网
15087,32.26263888888889,125.05797222222222,1.7,176.0,2020-09-14 15:46:52,围网
15087,32.258027777777784,125.05733333333332,1.5,171.0,2020-09-14 15:56:52,围网
15087,32.25344444444444,125.05675,1.7,181.0,2020-09-14 16:06:52,围网
15087,32.24911111111111,125.05572222222223,1.5,286.0,2020-09-14 16:16:57,围网
15087,32.24541666666667,125.05191666666666,2.3,231.0,2020-09-14 16:26:52,围网
15087,32.244416666666666,125.04733333333333,1.5,18.0,2020-09-14 16:36:52,围网
15087,32.24833333333333,125.04913888888888,1.8,40.0,2020-09-14 16:46:51,围网
15087,32.24752777777778,125.04788888888888,0.9,0.0,2020-09-14 16:56:58,围网
15087,32.249694444444444,125.04366666666668,0.9,279.0,2020-09-14 17:07:09,围网
15087,32.25,125.0395,1.5,272.0,2020-09-14 17:16:51,围网
15087,32.255972222222226,125.04716666666668,6.3,68.0,2020-09-14 17:26:51,围网
15087,32.26022222222222,125.04797222222223,1.2,24.0,2020-09-14 17:36:51,围网
15087,32.26841666666667,125.04983333333332,1.6,343.0,2020-09-14 17:46:51,围网
15087,32.273027777777784,125.0495,2.4,353.0,2020-09-14 17:56:51,围网
15087,32.277944444444444,125.04886111111112,1.6,343.0,2020-09-14 18:06:51,围网
15087,32.28297222222222,125.04772222222222,1.5,348.0,2020-09-14 18:16:51,围网
15087,32.28805555555555,125.04675,1.5,2.0,2020-09-14 18:26:51,围网
15087,32.29288888888889,125.04647222222222,2.3,344.0,2020-09-14 18:36:51,围网
15087,32.297916666666666,125.04555555555555,1.7,1.0,2020-09-14 18:46:51,围网
15087,32.30352777777777,125.04466666666666,1.5,359.0,2020-09-14 18:56:51,围网
15087,32.30891666666667,125.04322222222223,2.1,355.0,2020-09-14 19:06:51,围网
15087,32.31433333333333,125.0422222222222,1.9,344.0,2020-09-14 19:16:51,围网
15087,32.31983333333333,125.04091666666666,2.3,352.0,2020-09-14 19:26:51,围网
15087,32.32555555555556,125.03958333333333,1.6,345.0,2020-09-14 19:37:05,围网
15087,32.330972222222236,125.03841666666666,1.7,350.0,2020-09-14 19:46:51,围网
15087,32.33644444444445,125.03755555555556,2.1,353.0,2020-09-14 19:56:51,围网
15087,32.342361111111124,125.03708333333331,2.3,347.0,2020-09-14 20:07:26,围网
15087,32.34766666666667,125.03647222222223,2.2,356.0,2020-09-14 20:16:51,围网
15087,32.35325,125.0360277777778,2.1,346.0,2020-09-14 20:26:51,围网
15087,32.35863888888889,125.03577777777777,1.8,1.0,2020-09-14 20:36:51,围网
15087,32.364055555555545,125.03519444444444,2.0,356.0,2020-09-14 20:46:51,围网
15087,32.3695,125.03419444444445,2.6,340.0,2020-09-14 20:56:51,围网
15087,32.375055555555555,125.03341666666668,1.9,5.0,2020-09-14 21:06:51,围网
15087,32.38013888888889,125.03255555555555,2.1,4.0,2020-09-14 21:16:52,围网
15087,32.38541666666667,125.03161111111108,1.5,7.0,2020-09-14 21:26:51,围网
15087,32.39097222222223,125.03175,2.0,3.0,2020-09-14 21:36:51,围网
15087,32.395861111111124,125.03188888888887,2.0,22.0,2020-09-14 21:46:51,围网
15087,32.400999999999996,125.03202777777778,1.9,21.0,2020-09-14 21:57:05,围网
15087,32.405805555555546,125.03138888888887,2.0,353.0,2020-09-14 22:06:50,围网
15087,32.41077777777777,125.03125,1.5,318.0,2020-09-14 22:16:50,围网
15087,32.41575,125.0315,2.0,350.0,2020-09-14 22:26:50,围网
15087,32.420611111111114,125.03175,1.4,5.0,2020-09-14 22:36:50,围网
15087,32.42536111111111,125.03211111111112,1.9,15.0,2020-09-14 22:46:50,围网
15087,32.429805555555554,125.0325,2.1,2.0,2020-09-14 22:56:51,围网
15087,32.43433333333333,125.03313888888887,1.3,0.0,2020-09-14 23:06:51,围网
15087,32.43447222222222,125.03486111111107,1.2,141.0,2020-09-14 23:17:09,围网
15087,32.43175,125.03616666666667,0.8,279.0,2020-09-14 23:26:50,围网
15087,32.434083333333334,125.03791666666666,3.9,118.0,2020-09-14 23:36:50,围网
15087,32.43636111111111,125.03819444444444,0.5,19.0,2020-09-14 23:46:50,围网
15087,32.44113888888889,125.03711111111113,8.2,328.0,2020-09-14 23:56:50,围网
15087,32.46308333333334,125.02061111111112,9.1,326.0,2020-09-15 00:07:09,围网
15087,32.48441666666667,125.00538888888887,9.2,322.0,2020-09-15 00:16:49,围网
15087,32.507555555555555,124.99127777777778,9.3,335.0,2020-09-15 00:26:50,围网
15087,32.5325,124.98208333333334,9.0,328.0,2020-09-15 00:36:50,围网
15087,32.555499999999995,124.96977777777781,9.1,342.0,2020-09-15 00:46:50,围网
15087,32.57363888888889,124.9652777777778,0.5,80.0,2020-09-15 00:56:50,围网
15087,32.566555555555546,124.96772222222219,1.2,160.0,2020-09-15 01:06:50,围网
15087,32.56194444444444,124.97230555555555,2.2,129.0,2020-09-15 01:16:50,围网
15087,32.55844444444444,124.97719444444445,1.7,135.0,2020-09-15 01:26:50,围网
15087,32.55513888888889,124.98169444444444,1.6,137.0,2020-09-15 01:36:50,围网
15087,32.55127777777777,124.98563888888887,1.8,146.0,2020-09-15 01:46:50,围网
15087,32.54672222222222,124.9887222222222,1.8,145.0,2020-09-15 01:56:50,围网
15087,32.53888888888889,124.99619444444444,1.8,132.0,2020-09-15 02:16:50,围网
15087,32.53527777777778,124.9999722222222,1.7,134.0,2020-09-15 02:26:50,围网
15087,32.53183333333333,125.00361111111113,1.6,147.0,2020-09-15 02:36:50,围网
15087,32.52825,125.00730555555555,1.9,144.0,2020-09-15 02:46:49,围网
15087,32.52480555555556,125.01083333333334,1.4,128.0,2020-09-15 02:56:49,围网
15087,32.522194444444445,125.01333333333334,1.3,140.0,2020-09-15 03:06:49,围网
15087,32.521972222222225,125.0142777777778,1.6,328.0,2020-09-15 03:16:49,围网
15087,32.524861111111115,125.00983333333332,1.5,0.0,2020-09-15 03:26:49,围网
15087,32.52325,125.0114722222222,0.7,0.0,2020-09-15 03:36:49,围网
15087,32.52325,125.01133333333333,0.7,0.0,2020-09-15 03:46:53,围网
15087,32.52305555555555,125.01088888888893,0.1,0.0,2020-09-15 03:57:09,围网
15087,32.52305555555555,125.01066666666668,0.8,0.0,2020-09-15 04:06:49,围网
15087,32.52272222222222,125.00986111111106,0.7,0.0,2020-09-15 04:16:49,围网
15087,32.52191666666667,125.01125,7.7,144.0,2020-09-15 04:26:49,围网
15087,32.514222222222216,125.0157222222222,6.5,242.0,2020-09-15 04:36:52,围网
15087,32.51008333333333,125.01561111111113,2.1,198.0,2020-09-15 04:46:49,围网
15087,32.505555555555546,125.0142777777778,1.5,202.0,2020-09-15 04:56:49,围网
15087,32.50133333333333,125.01280555555556,1.6,231.0,2020-09-15 05:06:50,围网
15087,32.49788888888889,125.01172222222223,2.0,317.0,2020-09-15 05:16:49,围网
15087,32.502250000000004,125.0114722222222,1.7,334.0,2020-09-15 05:26:49,围网
15087,32.503777777777785,125.00913888888887,0.4,0.0,2020-09-15 05:36:49,围网
15087,32.50586111111112,125.00763888888888,0.3,0.0,2020-09-15 05:46:49,围网
15087,32.505,125.01408333333332,7.2,105.0,2020-09-15 05:56:49,围网
15087,32.511777777777766,125.0204722222222,7.4,351.0,2020-09-15 06:07:08,围网
15087,32.51752777777778,125.0165,2.7,311.0,2020-09-15 06:16:49,围网
15087,32.52166666666667,125.01027777777777,2.4,299.0,2020-09-15 06:26:53,围网
15087,32.525166666666664,125.00475,2.0,303.0,2020-09-15 06:36:49,围网
15087,32.52894444444444,124.99977777777778,2.0,314.0,2020-09-15 06:46:49,围网
15087,32.53308333333334,124.9952222222222,2.5,0.0,2020-09-15 06:56:49,围网
15087,32.53702777777778,124.99080555555555,1.9,313.0,2020-09-15 07:06:49,围网
15087,32.540972222222216,124.98652777777778,1.8,317.0,2020-09-15 07:16:49,围网
15087,32.54477777777777,124.98222222222222,2.0,312.0,2020-09-15 07:26:49,围网
15087,32.54869444444444,124.97788888888887,2.5,328.0,2020-09-15 07:36:49,围网
15087,32.55186111111111,124.97316666666669,2.1,316.0,2020-09-15 07:46:48,围网
15087,32.55441666666667,124.96772222222219,2.0,307.0,2020-09-15 07:56:48,围网
15087,32.557277777777784,124.9622222222222,2.0,310.0,2020-09-15 08:06:48,围网
15087,32.56075,124.9572777777778,1.8,314.0,2020-09-15 08:16:48,围网
15087,32.564499999999995,124.95252777777776,1.7,312.0,2020-09-15 08:26:48,围网
15087,32.56802777777778,124.94819444444445,1.5,323.0,2020-09-15 08:36:48,围网
15087,32.5715,124.94341666666668,1.6,305.0,2020-09-15 08:47:09,围网
15087,32.574444444444445,124.93936111111113,1.5,309.0,2020-09-15 08:56:48,围网
15087,32.57794444444445,124.936,1.4,329.0,2020-09-15 09:06:48,围网
15087,32.58166666666667,124.93327777777776,1.5,324.0,2020-09-15 09:16:48,围网
15087,32.58544444444445,124.93044444444445,1.7,325.0,2020-09-15 09:26:48,围网
15087,32.589638888888885,124.92758333333336,1.6,333.0,2020-09-15 09:36:52,围网
15087,32.59375000000001,124.92519444444444,1.7,340.0,2020-09-15 09:46:48,围网
15087,32.59769444444445,124.92275,1.5,334.0,2020-09-15 09:56:48,围网
15087,32.60166666666667,124.92011111111113,2.2,342.0,2020-09-15 10:06:48,围网
15087,32.605694444444445,124.91769444444445,1.8,340.0,2020-09-15 10:16:48,围网
15087,32.60922222222222,124.91644444444445,1.7,104.0,2020-09-15 10:26:48,围网
15087,32.60733333333334,124.92080555555556,1.5,137.0,2020-09-15 10:36:48,围网
15087,32.60833333333333,124.92222222222223,0.9,43.0,2020-09-15 10:46:48,围网
15087,32.61230555555556,124.92308333333334,2.3,20.0,2020-09-15 10:56:48,围网
15087,32.61580555555556,124.92336111111106,1.1,8.0,2020-09-15 11:07:05,围网
15087,32.61666666666667,124.92441666666666,7.5,145.0,2020-09-15 11:16:48,围网
15087,32.609611111111114,124.93052777777778,1.8,137.0,2020-09-15 11:26:48,围网
15087,32.60588888888889,124.93486111111108,1.8,131.0,2020-09-15 11:36:48,围网
15087,32.60227777777778,124.93905555555556,1.6,135.0,2020-09-15 11:46:48,围网
15087,32.598694444444455,124.94325,1.9,128.0,2020-09-15 11:56:48,围网
15087,32.594861111111115,124.94761111111113,2.1,130.0,2020-09-15 12:07:08,围网
15087,32.591138888888885,124.95183333333334,1.8,141.0,2020-09-15 12:16:48,围网
15087,32.58705555555556,124.95633333333332,1.9,131.0,2020-09-15 12:26:48,围网
15087,32.58305555555556,124.96088888888893,2.1,141.0,2020-09-15 12:36:48,围网
15087,32.578972222222234,124.96516666666668,1.8,129.0,2020-09-15 12:46:47,围网
15087,32.574722222222235,124.96952777777778,2.1,131.0,2020-09-15 12:56:47,围网
15087,32.570444444444455,124.974,2.1,128.0,2020-09-15 13:06:47,围网
15087,32.56638888888889,124.9782777777778,2.1,138.0,2020-09-15 13:16:47,围网
15087,32.56261111111111,124.98258333333334,1.8,138.0,2020-09-15 13:26:47,围网
15087,32.55877777777777,124.98675,1.9,138.0,2020-09-15 13:36:47,围网
15087,32.554944444444445,124.99113888888887,1.8,139.0,2020-09-15 13:46:47,围网
15087,32.55102777777777,124.99547222222222,2.1,140.0,2020-09-15 13:56:47,围网
15087,32.54694444444444,124.9995,1.8,139.0,2020-09-15 14:06:47,围网
15087,32.54266666666666,125.00355555555555,1.8,139.0,2020-09-15 14:16:47,围网
15087,32.53858333333333,125.0075,1.9,134.0,2020-09-15 14:26:47,围网
15087,32.534499999999994,125.01144444444445,1.7,129.0,2020-09-15 14:36:47,围网
15087,32.5305,125.01527777777778,1.7,143.0,2020-09-15 14:46:47,围网
15087,32.52638888888889,125.01899999999999,1.7,139.0,2020-09-15 14:56:47,围网
15087,32.522416666666665,125.02255555555556,1.7,140.0,2020-09-15 15:06:47,围网
15087,32.51830555555556,125.02619444444444,1.6,142.0,2020-09-15 15:16:47,围网
15087,32.51413888888889,125.03013888888887,2.0,139.0,2020-09-15 15:27:09,围网
15087,32.51027777777778,125.03375,2.0,139.0,2020-09-15 15:36:47,围网
15087,32.50658333333333,125.03730555555555,1.8,143.0,2020-09-15 15:46:47,围网
15087,32.50322222222222,125.04055555555556,1.5,136.0,2020-09-15 15:56:47,围网
15087,32.49991666666667,125.04355555555556,1.8,138.0,2020-09-15 16:06:47,围网
15087,32.49666666666667,125.04658333333332,1.4,147.0,2020-09-15 16:16:47,围网
15087,32.49483333333333,125.04597222222222,1.5,279.0,2020-09-15 16:26:47,围网
15087,32.49733333333333,125.04105555555556,1.0,138.0,2020-09-15 16:36:47,围网
15087,32.49761111111111,125.0384722222222,0.7,0.0,2020-09-15 16:46:47,围网
15087,32.49869444444445,125.03763888888888,0.6,0.0,2020-09-15 16:56:47,围网
15087,32.507666666666665,125.04113888888888,1.6,1.0,2020-09-15 17:17:09,围网
15087,32.51105555555555,125.03694444444444,2.3,0.0,2020-09-15 17:26:47,围网
15087,32.51416666666667,125.03083333333332,2.4,321.0,2020-09-15 17:36:46,围网
15087,32.51713888888889,125.02533333333334,2.1,316.0,2020-09-15 17:46:46,围网
15087,32.5205,125.0205,2.1,324.0,2020-09-15 17:56:46,围网
15087,32.52394444444445,125.01533333333334,1.8,306.0,2020-09-15 18:07:08,围网
15087,32.52733333333333,125.01044444444445,2.0,311.0,2020-09-15 18:16:46,围网
15087,32.53113888888889,125.0054722222222,2.3,313.0,2020-09-15 18:26:46,围网
15087,32.534972222222216,125.00058333333332,2.4,312.0,2020-09-15 18:36:46,围网
15087,32.53883333333333,124.99516666666668,1.9,305.0,2020-09-15 18:47:25,围网
15087,32.54208333333333,124.99036111111113,1.9,308.0,2020-09-15 18:56:46,围网
15087,32.545611111111114,124.98519444444445,2.3,314.0,2020-09-15 19:06:46,围网
15087,32.549416666666666,124.9802777777778,1.9,319.0,2020-09-15 19:16:46,围网
15087,32.55325,124.97522222222223,2.1,319.0,2020-09-15 19:26:46,围网
15087,32.55708333333333,124.97011111111112,1.6,311.0,2020-09-15 19:36:46,围网
15087,32.56111111111111,124.96508333333334,2.0,323.0,2020-09-15 19:46:46,围网
15087,32.56533333333333,124.96038888888887,2.1,308.0,2020-09-15 19:56:46,围网
15087,32.57,124.95619444444445,2.0,320.0,2020-09-15 20:06:46,围网
15087,32.57361111111111,124.95080555555555,2.6,294.0,2020-09-15 20:16:46,围网
15087,32.575861111111124,124.94427777777778,1.7,283.0,2020-09-15 20:26:46,围网
15087,32.579194444444454,124.93933333333334,2.0,309.0,2020-09-15 20:36:46,围网
15087,32.58294444444444,124.93466666666669,2.2,332.0,2020-09-15 20:46:47,围网
15087,32.587027777777784,124.93038888888893,2.0,330.0,2020-09-15 20:56:46,围网
15087,32.59144444444445,124.9265,2.2,354.0,2020-09-15 21:06:46,围网
15087,32.596805555555555,124.92386111111112,2.3,350.0,2020-09-15 21:16:46,围网
15087,32.60258333333333,124.92183333333334,2.1,346.0,2020-09-15 21:27:09,围网
15087,32.60769444444445,124.91919444444444,1.7,331.0,2020-09-15 21:36:46,围网
15087,32.61283333333333,124.91602777777778,1.7,316.0,2020-09-15 21:46:46,围网
15087,32.61733333333333,124.91183333333336,1.6,313.0,2020-09-15 21:56:46,围网
15087,32.62052777777778,124.90711111111112,1.8,301.0,2020-09-15 22:06:46,围网
15087,32.623472222222226,124.90288888888894,1.2,287.0,2020-09-15 22:16:48,围网
15087,32.62636111111112,124.89875,4.7,247.0,2020-09-15 22:26:46,围网
15087,32.62994444444444,124.89555555555555,1.3,32.0,2020-09-15 22:36:45,围网
15087,32.63063888888889,124.90030555555555,1.5,0.0,2020-09-15 22:46:45,围网
15087,32.63308333333334,124.90286111111112,1.7,34.0,2020-09-15 22:56:45,围网
15087,32.639250000000004,124.9055277777778,2.8,322.0,2020-09-15 23:06:45,围网
15087,32.64113888888889,124.90136111111113,5.5,281.0,2020-09-15 23:16:46,围网
15087,32.642972222222234,124.88358333333332,6.2,285.0,2020-09-15 23:26:45,围网
15087,32.64772222222222,124.866,5.5,251.0,2020-09-15 23:36:45,围网
15087,32.64530555555556,124.85094444444445,4.6,265.0,2020-09-15 23:46:46,围网
15087,32.64647222222221,124.84766666666668,4.3,59.0,2020-09-15 23:56:45,围网
15087,32.63947222222223,124.85125,1.3,149.0,2020-09-16 00:07:08,围网
15087,32.63586111111111,124.85380555555555,2.5,124.0,2020-09-16 00:16:45,围网
15087,32.63230555555556,124.85813888888887,2.3,134.0,2020-09-16 00:26:45,围网
15087,32.62869444444445,124.86230555555555,1.1,154.0,2020-09-16 00:36:45,围网
15087,32.62502777777778,124.86675,2.2,131.0,2020-09-16 00:46:45,围网
15087,32.62141666666667,124.87161111111112,2.2,138.0,2020-09-16 00:56:45,围网
15087,32.617555555555555,124.87605555555555,1.7,148.0,2020-09-16 01:06:45,围网
15087,32.613472222222235,124.88022222222222,1.6,137.0,2020-09-16 01:16:45,围网
15087,32.60941666666667,124.88463888888893,1.6,131.0,2020-09-16 01:26:45,围网
15087,32.605027777777785,124.88902777777778,2.4,148.0,2020-09-16 01:36:45,围网
15087,32.60080555555556,124.89355555555555,3.9,156.0,2020-09-16 01:46:45,围网
15087,32.59772222222223,124.89913888888887,2.4,110.0,2020-09-16 01:56:45,围网
15087,32.59436111111111,124.9042777777778,1.3,161.0,2020-09-16 02:06:45,围网
15087,32.59016666666667,124.90883333333332,1.6,140.0,2020-09-16 02:17:09,围网
15087,32.58594444444444,124.91261111111113,1.6,138.0,2020-09-16 02:26:45,围网
15087,32.58169444444445,124.91661111111112,1.7,150.0,2020-09-16 02:36:45,围网
15087,32.577666666666666,124.92055555555555,2.6,129.0,2020-09-16 02:46:45,围网
15087,32.57361111111111,124.92441666666666,2.2,145.0,2020-09-16 02:56:45,围网
15087,32.569500000000005,124.92827777777778,1.9,153.0,2020-09-16 03:06:45,围网
15087,32.565416666666664,124.93211111111113,2.0,137.0,2020-09-16 03:16:45,围网
15087,32.561611111111105,124.93575,2.1,130.0,2020-09-16 03:26:45,围网
15087,32.557888888888876,124.93930555555555,1.4,143.0,2020-09-16 03:36:44,围网
15087,32.55422222222221,124.94261111111112,1.8,134.0,2020-09-16 03:46:44,围网
15087,32.55047222222222,124.94538888888887,1.8,140.0,2020-09-16 03:56:44,围网
15087,32.54644444444444,124.94752777777781,1.3,163.0,2020-09-16 04:06:44,围网
15087,32.542138888888886,124.94891666666666,2.3,152.0,2020-09-16 04:16:44,围网
15087,32.538000000000004,124.9502777777778,1.7,168.0,2020-09-16 04:26:44,围网
15087,32.53413888888889,124.95172222222223,2.1,131.0,2020-09-16 04:36:44,围网
15087,32.530527777777785,124.95280555555556,2.1,165.0,2020-09-16 04:46:44,围网
15087,32.52661111111111,124.95341666666668,1.6,167.0,2020-09-16 04:57:09,围网
15087,32.522888888888886,124.95366666666668,1.4,175.0,2020-09-16 05:06:44,围网
15087,32.519416666666665,124.95380555555555,1.7,161.0,2020-09-16 05:16:44,围网
15087,32.519666666666666,124.9512777777778,1.1,305.0,2020-09-16 05:26:44,围网
15087,32.522305555555555,124.94919444444444,2.0,274.0,2020-09-16 05:36:44,围网
15087,32.52338888888889,124.94716666666667,1.3,239.0,2020-09-16 05:46:44,围网
15087,32.524194444444454,124.94675,1.1,228.0,2020-09-16 05:56:44,围网
15087,32.52577777777777,124.94638888888888,1.4,1.0,2020-09-16 06:06:45,围网
15087,32.517222222222216,124.94025,7.9,205.0,2020-09-16 06:16:44,围网
15087,32.49775,124.92891666666668,8.6,203.0,2020-09-16 06:26:44,围网
15087,32.485972222222216,124.9074722222222,5.4,323.0,2020-09-16 06:36:44,围网
15087,32.47569444444445,124.90691666666666,4.3,186.0,2020-09-16 06:46:44,围网
15087,32.482472222222235,124.91038888888887,2.3,0.0,2020-09-16 06:56:46,围网
15087,32.486972222222235,124.91005555555556,2.2,0.0,2020-09-16 07:06:44,围网
15087,32.49155555555556,124.90963888888888,3.6,3.0,2020-09-16 07:16:46,围网
15087,32.49608333333334,124.90911111111113,3.0,6.0,2020-09-16 07:26:50,围网
15087,32.50116666666666,124.90888888888892,2.5,3.0,2020-09-16 07:37:10,围网
15087,32.50552777777778,124.90836111111112,1.9,344.0,2020-09-16 07:47:09,围网
15087,32.51013888888889,124.90786111111113,1.9,358.0,2020-09-16 07:56:44,围网
15087,32.515194444444454,124.90725,2.5,0.0,2020-09-16 08:06:59,围网
15087,32.52025,124.90691666666666,2.2,21.0,2020-09-16 08:16:44,围网
15087,32.525499999999994,124.90644444444445,1.9,357.0,2020-09-16 08:26:45,围网
15087,32.530861111111115,124.90461111111112,2.5,319.0,2020-09-16 08:36:43,围网
15087,32.53616666666667,124.90216666666667,2.3,335.0,2020-09-16 08:46:46,围网
15087,32.541472222222225,124.89938888888894,2.2,339.0,2020-09-16 08:56:43,围网
15087,32.54655555555555,124.89675,1.9,335.0,2020-09-16 09:06:43,围网
15087,32.55172222222222,124.89541666666666,1.9,1.0,2020-09-16 09:16:43,围网
15087,32.55683333333333,124.89455555555556,1.1,0.0,2020-09-16 09:26:44,围网
15087,32.56177777777777,124.89397222222223,1.9,317.0,2020-09-16 09:36:43,围网
15087,32.566750000000006,124.89302777777776,1.9,5.0,2020-09-16 09:46:45,围网
15087,32.57136111111112,124.89219444444444,1.0,0.0,2020-09-16 09:56:43,围网
15087,32.57616666666667,124.89122222222224,1.9,9.0,2020-09-16 10:07:08,围网
15087,32.58061111111111,124.8905,2.4,10.0,2020-09-16 10:16:43,围网
15087,32.585055555555556,124.88994444444445,1.6,330.0,2020-09-16 10:26:43,围网
15087,32.589305555555555,124.8894722222222,1.5,333.0,2020-09-16 10:36:43,围网
15087,32.593361111111115,124.88891666666667,1.6,333.0,2020-09-16 10:46:43,围网
15087,32.59766666666667,124.89002777777776,1.3,8.0,2020-09-16 10:56:43,围网
15087,32.601777777777784,124.89163888888888,2.4,40.0,2020-09-16 11:06:43,围网
15087,32.60572222222222,124.89291666666666,1.4,26.0,2020-09-16 11:16:43,围网
15087,32.60958333333334,124.89333333333336,1.3,356.0,2020-09-16 11:26:43,围网
15087,32.60769444444445,124.89483333333334,0.8,167.0,2020-09-16 11:36:43,围网
15087,32.60472222222222,124.89688888888894,1.8,125.0,2020-09-16 11:46:43,围网
15087,32.60516666666667,124.90008333333334,0.5,0.0,2020-09-16 11:56:43,围网
15087,32.60419444444445,124.90430555555555,1.4,118.0,2020-09-16 12:06:43,围网
15087,32.59430555555556,124.90275,6.9,183.0,2020-09-16 12:16:43,围网
15087,32.580027777777794,124.90186111111113,7.5,188.0,2020-09-16 12:27:09,围网
15087,32.574138888888896,124.90311111111113,1.6,174.0,2020-09-16 12:36:43,围网
15087,32.568888888888885,124.90480555555555,1.5,182.0,2020-09-16 12:46:43,围网
15087,32.563777777777766,124.90711111111112,3.5,142.0,2020-09-16 12:56:43,围网
15087,32.55880555555555,124.91,2.0,148.0,2020-09-16 13:06:43,围网
15087,32.553888888888885,124.91316666666668,2.4,145.0,2020-09-16 13:16:43,围网
15087,32.54858333333333,124.91616666666668,2.1,150.0,2020-09-16 13:26:43,围网
15087,32.542972222222225,124.9177777777778,1.5,174.0,2020-09-16 13:36:43,围网
15087,32.5375,124.9195,2.2,156.0,2020-09-16 13:46:42,围网
15087,32.531888888888886,124.92111111111113,2.5,164.0,2020-09-16 13:56:42,围网
15087,32.52616666666667,124.92277777777778,3.1,158.0,2020-09-16 14:06:43,围网
15087,32.520555555555546,124.92444444444445,1.8,176.0,2020-09-16 14:16:42,围网
15087,32.514972222222234,124.92686111111112,2.9,142.0,2020-09-16 14:26:42,围网
15087,32.50930555555556,124.92913888888887,2.0,168.0,2020-09-16 14:36:43,围网
15087,32.50358333333333,124.9309722222222,2.5,152.0,2020-09-16 14:46:42,围网
15087,32.49769444444445,124.9325,2.2,171.0,2020-09-16 14:56:44,围网
15087,32.49152777777778,124.93372222222223,2.3,172.0,2020-09-16 15:07:09,围网
15087,32.48575,124.93455555555555,2.4,179.0,2020-09-16 15:16:42,围网
15087,32.4795,124.93477777777778,2.1,168.0,2020-09-16 15:26:42,围网
15087,32.473305555555555,124.93466666666669,2.4,188.0,2020-09-16 15:36:42,围网
15087,32.46725000000001,124.93425,3.2,166.0,2020-09-16 15:46:42,围网
15087,32.46141666666667,124.93375,2.2,186.0,2020-09-16 15:56:42,围网
15087,32.45552777777778,124.93380555555555,3.2,143.0,2020-09-16 16:06:42,围网
15087,32.44952777777777,124.93402777777777,2.1,193.0,2020-09-16 16:16:42,围网
15087,32.44363888888889,124.93419444444444,2.1,164.0,2020-09-16 16:26:42,围网
15087,32.43786111111111,124.93419444444444,2.4,182.0,2020-09-16 16:36:42,围网
15087,32.432111111111105,124.93355555555556,2.1,177.0,2020-09-16 16:46:42,围网
15087,32.42638888888889,124.93244444444444,2.1,164.0,2020-09-16 16:56:42,围网
15087,32.42102777777778,124.93127777777781,1.6,156.0,2020-09-16 17:06:42,围网
15087,32.41572222222222,124.93011111111113,1.9,183.0,2020-09-16 17:16:42,围网
15087,32.410444444444444,124.92802777777777,2.3,206.0,2020-09-16 17:27:27,围网
15087,32.40613888888889,124.92536111111113,2.5,219.0,2020-09-16 17:36:42,围网
15087,32.40158333333333,124.92183333333334,1.8,195.0,2020-09-16 17:46:42,围网
15087,32.39947222222221,124.91891666666666,1.1,355.0,2020-09-16 17:56:42,围网
15087,32.402388888888886,124.91791666666668,1.2,345.0,2020-09-16 18:06:42,围网
15087,32.40047222222222,124.91447222222223,1.4,228.0,2020-09-16 18:16:42,围网
15087,32.39608333333334,124.90933333333336,1.7,218.0,2020-09-16 18:26:42,围网
15087,32.38644444444444,124.91408333333334,8.1,177.0,2020-09-16 18:36:42,围网
15087,32.387,124.91244444444445,6.3,27.0,2020-09-16 18:46:41,围网
15087,32.391194444444444,124.91280555555555,1.4,350.0,2020-09-16 18:56:41,围网
15087,32.39538888888889,124.9115277777778,1.3,348.0,2020-09-16 19:06:41,围网
15087,32.399722222222216,124.91016666666668,1.4,347.0,2020-09-16 19:16:41,围网
15087,32.404333333333334,124.90883333333332,1.4,345.0,2020-09-16 19:26:41,围网
15087,32.40908333333333,124.90741666666668,1.7,346.0,2020-09-16 19:36:41,围网
15087,32.414138888888886,124.90597222222222,2.0,355.0,2020-09-16 19:46:41,围网
15087,32.41933333333333,124.90441666666666,1.7,348.0,2020-09-16 19:56:41,围网
15087,32.42472222222222,124.90291666666668,1.9,339.0,2020-09-16 20:07:08,围网
15087,32.42963888888889,124.90141666666666,1.9,342.0,2020-09-16 20:16:41,围网
15087,32.434916666666666,124.89986111111112,1.9,341.0,2020-09-16 20:26:41,围网
15087,32.44025,124.89825,1.9,339.0,2020-09-16 20:36:41,围网
15087,32.44569444444444,124.8965277777778,1.9,351.0,2020-09-16 20:46:41,围网
15087,32.450944444444445,124.89486111111113,1.6,343.0,2020-09-16 20:56:41,围网
15087,32.45619444444445,124.89369444444445,1.6,350.0,2020-09-16 21:06:41,围网
15087,32.461694444444454,124.89275,2.2,341.0,2020-09-16 21:16:41,围网
15087,32.467361111111124,124.89147222222223,2.0,342.0,2020-09-16 21:26:41,围网
15087,32.47280555555556,124.88944444444445,2.0,344.0,2020-09-16 21:36:41,围网
15087,32.478277777777784,124.88733333333334,2.3,351.0,2020-09-16 21:46:41,围网
15087,32.483805555555556,124.88522222222224,2.3,345.0,2020-09-16 21:56:41,围网
15087,32.48936111111112,124.88308333333332,2.3,345.0,2020-09-16 22:06:41,围网
15087,32.49472222222221,124.88138888888888,2.1,334.0,2020-09-16 22:16:41,围网
15087,32.50027777777777,124.87988888888887,1.8,346.0,2020-09-16 22:26:41,围网
15087,32.50575,124.87883333333332,2.0,348.0,2020-09-16 22:36:41,围网
15087,32.51116666666667,124.87844444444444,1.6,346.0,2020-09-16 22:46:41,围网
15087,32.5165,124.87830555555556,2.0,357.0,2020-09-16 22:56:41,围网
15087,32.52155555555555,124.87825,1.7,351.0,2020-09-16 23:06:41,围网
15087,32.526555555555554,124.87841666666668,1.7,0.0,2020-09-16 23:16:41,围网
15087,32.531305555555555,124.87883333333332,1.5,357.0,2020-09-16 23:26:41,围网
15087,32.535999999999994,124.87947222222219,2.0,7.0,2020-09-16 23:36:41,围网
15087,32.540694444444455,124.88008333333332,2.4,31.0,2020-09-16 23:46:42,围网
15087,32.545138888888886,124.88102777777777,1.5,15.0,2020-09-16 23:57:08,围网
15087,32.54669444444445,124.88230555555555,0.9,179.0,2020-09-17 00:06:40,围网
15087,32.54291666666667,124.88333333333334,1.4,173.0,2020-09-17 00:16:40,围网
15087,32.54441666666666,124.8859722222222,0.6,49.0,2020-09-17 00:26:40,围网
15087,32.545277777777784,124.88844444444445,1.0,54.0,2020-09-17 00:36:40,围网
15087,32.54772222222222,124.89322222222224,2.2,66.0,2020-09-17 00:46:40,围网
15087,32.549,124.89705555555555,0.4,232.0,2020-09-17 00:56:40,围网
15087,32.54177777777777,124.90105555555556,2.0,148.0,2020-09-17 01:06:40,围网
15087,32.53691666666666,124.90486111111113,2.0,138.0,2020-09-17 01:16:40,围网
15087,32.532916666666665,124.91044444444445,2.4,121.0,2020-09-17 01:26:40,围网
15087,32.52908333333333,124.91563888888888,1.5,143.0,2020-09-17 01:36:40,围网
15087,32.524611111111106,124.91980555555556,2.3,133.0,2020-09-17 01:46:40,围网
15087,32.52019444444444,124.92397222222223,2.1,152.0,2020-09-17 01:56:40,围网
15087,32.51541666666667,124.92822222222223,2.1,140.0,2020-09-17 02:07:07,围网
15087,32.511027777777784,124.93205555555555,2.0,144.0,2020-09-17 02:16:39,围网
15087,32.50627777777777,124.93594444444444,1.8,149.0,2020-09-17 02:26:40,围网
15087,32.50138888888889,124.94019444444444,2.8,132.0,2020-09-17 02:36:56,围网
15087,32.49677777777778,124.94386111111106,2.3,141.0,2020-09-17 02:46:40,围网
15087,32.49186111111111,124.94747222222222,2.0,149.0,2020-09-17 02:56:40,围网
15087,32.48619444444445,124.95019444444445,2.2,169.0,2020-09-17 03:06:40,围网
15087,32.47991666666667,124.95141666666666,2.2,174.0,2020-09-17 03:16:40,围网
15087,32.473777777777784,124.95213888888892,2.3,169.0,2020-09-17 03:26:40,围网
15087,32.46780555555556,124.95269444444445,2.1,184.0,2020-09-17 03:36:40,围网
15087,32.46186111111111,124.95319444444445,2.2,177.0,2020-09-17 03:46:40,围网
15087,32.456,124.95372222222224,2.3,177.0,2020-09-17 03:56:40,围网
15087,32.45019444444445,124.954,1.8,179.0,2020-09-17 04:06:40,围网
15087,32.44441666666666,124.9542777777778,2.0,170.0,2020-09-17 04:16:40,围网
15087,32.438888888888876,124.95444444444445,2.2,176.0,2020-09-17 04:26:40,围网
15087,32.43327777777777,124.95463888888894,1.8,185.0,2020-09-17 04:36:40,围网
15087,32.42769444444444,124.95483333333334,2.0,175.0,2020-09-17 04:46:39,围网
15087,32.42236111111111,124.95463888888894,1.8,177.0,2020-09-17 04:56:39,围网
15087,32.41677777777777,124.95411111111113,1.9,166.0,2020-09-17 05:06:39,围网
15087,32.41166666666666,124.95486111111113,1.9,172.0,2020-09-17 05:16:39,围网
15087,32.40644444444444,124.95516666666668,1.8,171.0,2020-09-17 05:26:39,围网
15087,32.401444444444444,124.95488888888893,1.6,158.0,2020-09-17 05:36:40,围网
15087,32.39663888888889,124.95416666666668,2.2,180.0,2020-09-17 05:46:39,围网
15087,32.397555555555556,124.95311111111113,0.8,0.0,2020-09-17 05:56:39,围网
15087,32.39883333333333,124.95011111111113,1.3,240.0,2020-09-17 06:07:07,围网
15087,32.395555555555546,124.94661111111112,1.4,221.0,2020-09-17 06:16:39,围网
15087,32.392555555555546,124.94305555555556,1.7,225.0,2020-09-17 06:26:39,围网
15087,32.389027777777784,124.94252777777778,7.1,143.0,2020-09-17 06:36:39,围网
15087,32.375083333333336,124.96230555555556,8.0,127.0,2020-09-17 06:46:39,围网
15087,32.360472222222235,124.98286111111112,8.1,134.0,2020-09-17 06:56:39,围网
15087,32.345916666666675,125.00316666666667,7.9,126.0,2020-09-17 07:06:39,围网
15087,32.33227777777778,125.02391666666666,7.8,125.0,2020-09-17 07:16:39,围网
15087,32.31905555555556,125.04419444444444,7.7,125.0,2020-09-17 07:26:39,围网
15087,32.30663888888889,125.06425,7.5,124.0,2020-09-17 07:36:39,围网
15087,32.29416666666666,125.08430555555556,7.5,128.0,2020-09-17 07:46:39,围网
15087,32.28136111111111,125.1047222222222,8.3,128.0,2020-09-17 07:56:39,围网
15087,32.267361111111114,125.12261111111107,7.2,125.0,2020-09-17 08:06:39,围网
15087,32.23902777777778,125.1599722222222,7.6,126.0,2020-09-17 08:26:39,围网
15087,32.22508333333334,125.17788888888887,7.5,128.0,2020-09-17 08:36:39,围网
15087,32.21211111111111,125.19619444444444,7.2,126.0,2020-09-17 08:46:39,围网
15087,32.199055555555546,125.21383333333334,7.1,124.0,2020-09-17 08:56:39,围网
15087,32.18647222222222,125.23097222222222,6.8,126.0,2020-09-17 09:06:39,围网
15087,32.174166666666665,125.24730555555556,6.6,131.0,2020-09-17 09:16:39,围网
15087,32.161861111111115,125.26408333333332,7.4,127.0,2020-09-17 09:26:39,围网
15087,32.147888888888886,125.2824722222222,7.0,128.0,2020-09-17 09:37:27,围网
15087,32.13552777777778,125.29752777777777,7.1,120.0,2020-09-17 09:46:38,围网
15087,32.12283333333333,125.31552777777777,7.2,130.0,2020-09-17 09:56:39,围网
15087,32.109750000000005,125.33338888888888,7.2,130.0,2020-09-17 10:06:38,围网
15087,32.096861111111124,125.35133333333332,7.1,130.0,2020-09-17 10:16:38,围网
15087,32.08502777777778,125.36991666666668,7.1,127.0,2020-09-17 10:26:38,围网
15087,32.07302777777778,125.38852777777778,7.3,123.0,2020-09-17 10:36:38,围网
15087,32.061499999999995,125.40777777777778,7.1,127.0,2020-09-17 10:46:38,围网
15087,32.04980555555556,125.42688888888893,7.3,123.0,2020-09-17 10:56:38,围网
15087,32.037638888888885,125.44611111111112,7.7,126.0,2020-09-17 11:06:38,围网
15087,32.02388888888889,125.4664722222222,8.2,131.0,2020-09-17 11:16:38,围网
15087,32.008805555555554,125.48536111111113,8.3,124.0,2020-09-17 11:26:38,围网
15087,31.99463888888889,125.50566666666668,8.1,131.0,2020-09-17 11:36:38,围网
15087,31.965166666666665,125.54658333333332,8.6,131.0,2020-09-17 11:56:38,围网
15087,31.9495,125.56888888888888,8.2,130.0,2020-09-17 12:07:27,围网
15087,31.936277777777768,125.58811111111113,8.3,132.0,2020-09-17 12:16:38,围网
15087,31.920972222222233,125.60813888888887,8.5,136.0,2020-09-17 12:26:38,围网
15087,31.90644444444445,125.62991666666666,8.3,128.0,2020-09-17 12:36:38,围网
15087,31.89413888888889,125.65305555555555,8.7,117.0,2020-09-17 12:46:38,围网
15087,31.883527777777786,125.6777777777778,8.3,118.0,2020-09-17 12:56:38,围网
15087,31.8795,125.70483333333334,8.4,86.0,2020-09-17 13:06:38,围网
15087,31.87852777777778,125.73338888888892,9.1,90.0,2020-09-17 13:16:38,围网
15087,31.877722222222232,125.76202777777776,8.9,88.0,2020-09-17 13:26:38,围网
15087,31.87675,125.79072222222223,8.5,87.0,2020-09-17 13:36:38,围网
15087,31.87413888888889,125.81944444444444,8.3,95.0,2020-09-17 13:46:38,围网
15087,31.87130555555556,125.84744444444445,8.2,86.0,2020-09-17 13:56:38,围网
15087,31.87216666666667,125.87561111111113,8.2,84.0,2020-09-17 14:06:38,围网
15087,31.873583333333336,125.90416666666668,8.8,82.0,2020-09-17 14:16:38,围网
15087,31.874805555555554,125.93236111111106,10.0,90.0,2020-09-17 14:26:38,围网
15087,31.87594444444445,125.96025,8.9,83.0,2020-09-17 14:36:37,围网
15087,31.87708333333333,125.98797222222224,8.0,86.0,2020-09-17 14:46:41,围网
15087,31.878694444444445,126.01611111111113,8.5,72.0,2020-09-17 14:56:37,围网
15087,31.88055555555556,126.04422222222223,8.1,84.0,2020-09-17 15:06:37,围网
15087,31.88394444444444,126.07269444444445,8.8,81.0,2020-09-17 15:17:06,围网
15087,31.88502777777777,126.09819444444445,8.1,87.0,2020-09-17 15:26:37,围网
15087,31.884722222222226,126.12486111111107,8.3,94.0,2020-09-17 15:36:37,围网
15087,31.88441666666667,126.15144444444445,7.9,88.0,2020-09-17 15:46:37,围网
15087,31.8845,126.17794444444445,8.4,87.0,2020-09-17 15:56:37,围网
15087,31.88494444444445,126.20527777777778,7.9,91.0,2020-09-17 16:07:06,围网
15087,31.884777777777767,126.21286111111112,1.9,167.0,2020-09-17 16:16:37,围网
15087,31.881555555555554,126.223,1.4,132.0,2020-09-17 16:26:37,围网
15087,31.878055555555555,126.22505555555556,1.5,161.0,2020-09-17 16:36:37,围网
15087,31.87383333333333,126.22541666666666,1.3,180.0,2020-09-17 16:46:37,围网
15087,31.869277777777786,126.22444444444444,2.8,181.0,2020-09-17 16:56:37,围网
15087,31.864638888888887,126.22275,2.7,308.0,2020-09-17 17:06:38,围网
15087,31.86036111111111,126.21780555555556,2.2,218.0,2020-09-17 17:16:37,围网
15087,31.85716666666667,126.21127777777778,2.1,0.0,2020-09-17 17:26:55,围网
15087,31.856277777777766,126.20391666666669,2.1,0.0,2020-09-17 17:36:38,围网
15087,31.855750000000004,126.1892777777778,1.7,0.0,2020-09-17 17:56:37,围网
15087,31.85641666666667,126.18191666666668,2.2,271.0,2020-09-17 18:06:37,围网
15087,31.857194444444445,126.17438888888887,2.1,276.0,2020-09-17 18:16:40,围网
15087,31.85844444444445,126.16705555555555,2.4,280.0,2020-09-17 18:26:37,围网
15087,31.860277777777767,126.15958333333332,2.3,291.0,2020-09-17 18:37:06,围网
15087,31.86208333333333,126.15286111111112,2.2,282.0,2020-09-17 18:46:37,围网
15087,31.86416666666667,126.14591666666668,2.3,294.0,2020-09-17 18:56:37,围网
15087,31.86641666666667,126.13888888888893,2.3,292.0,2020-09-17 19:06:44,围网
15087,31.868805555555557,126.13180555555556,2.2,292.0,2020-09-17 19:17:05,围网
15087,31.871111111111112,126.12555555555555,2.3,300.0,2020-09-17 19:26:37,围网
15087,31.87361111111111,126.11913888888887,2.2,298.0,2020-09-17 19:36:36,围网
15087,31.87619444444445,126.11283333333333,1.8,299.0,2020-09-17 19:46:36,围网
15087,31.878833333333336,126.10686111111107,2.3,289.0,2020-09-17 19:56:36,围网
15087,31.881611111111113,126.10091666666666,2.1,295.0,2020-09-17 20:06:36,围网
15087,31.884527777777766,126.09516666666669,2.6,292.0,2020-09-17 20:16:36,围网
15087,31.887611111111113,126.08916666666666,2.2,309.0,2020-09-17 20:26:36,围网
15087,31.89038888888889,126.08322222222222,2.1,301.0,2020-09-17 20:36:36,围网
15087,31.89322222222221,126.07738888888888,2.0,297.0,2020-09-17 20:46:36,围网
15087,31.89847222222221,126.06591666666668,2.1,291.0,2020-09-17 21:06:36,围网
15087,31.90122222222222,126.0602222222222,2.6,273.0,2020-09-17 21:16:36,围网
15087,31.90397222222222,126.05483333333332,1.9,320.0,2020-09-17 21:26:36,围网
15087,31.90669444444445,126.05036111111113,2.0,43.0,2020-09-17 21:36:36,围网
15087,31.908027777777786,126.0545,1.5,0.0,2020-09-17 21:46:37,围网
15087,31.90925,126.05341666666666,5.0,289.0,2020-09-17 21:56:36,围网
15087,31.91325,126.04925,2.1,327.0,2020-09-17 22:07:04,围网
15087,31.916305555555557,126.04455555555555,1.6,312.0,2020-09-17 22:16:36,围网
15087,31.91911111111111,126.04880555555556,3.0,116.0,2020-09-17 22:26:36,围网
15087,31.92383333333333,126.05147222222222,6.8,59.0,2020-09-17 22:36:36,围网
15087,31.929,126.05944444444445,2.1,89.0,2020-09-17 22:46:36,围网
15087,31.931277777777765,126.06344444444444,1.2,39.0,2020-09-17 22:56:36,围网
15087,31.93316666666667,126.0675,2.7,23.0,2020-09-17 23:06:36,围网
15087,31.93508333333333,126.07169444444445,1.3,84.0,2020-09-17 23:16:36,围网
15087,31.938805555555557,126.08075,2.2,84.0,2020-09-17 23:37:03,围网
15087,31.940527777777767,126.08502777777777,3.2,33.0,2020-09-17 23:46:36,围网
15087,31.94216666666667,126.08955555555555,1.6,75.0,2020-09-17 23:56:36,围网
15087,31.943666666666665,126.09388888888887,1.7,110.0,2020-09-18 00:06:36,围网
15087,31.945166666666665,126.09833333333331,2.0,33.0,2020-09-18 00:16:36,围网
15087,31.94569444444444,126.10319444444444,1.8,49.0,2020-09-18 00:26:36,围网
15087,31.94569444444444,126.10833333333332,3.0,113.0,2020-09-18 00:36:40,围网
15087,31.94525,126.11366666666667,2.7,62.0,2020-09-18 00:46:35,围网
15087,31.944777777777766,126.11888888888888,2.3,75.0,2020-09-18 00:56:35,围网
15087,31.944527777777786,126.12411111111106,1.9,86.0,2020-09-18 01:06:35,围网
15087,31.944194444444445,126.12933333333334,1.4,67.0,2020-09-18 01:16:35,围网
15087,31.94394444444445,126.1347222222222,1.1,82.0,2020-09-18 01:26:35,围网
15087,31.943305555555558,126.13986111111113,1.5,92.0,2020-09-18 01:36:35,围网
15087,31.942138888888888,126.14508333333336,1.6,75.0,2020-09-18 01:46:35,围网
15087,31.94094444444445,126.15041666666669,1.3,95.0,2020-09-18 01:56:35,围网
15087,31.939277777777768,126.15613888888888,0.8,108.0,2020-09-18 02:07:02,围网
15087,31.93741666666667,126.16119444444445,1.5,104.0,2020-09-18 02:16:35,围网
15087,31.93558333333333,126.16661111111112,1.5,87.0,2020-09-18 02:26:35,围网
15087,31.934722222222234,126.17219444444444,2.6,114.0,2020-09-18 02:36:35,围网
15087,31.933777777777767,126.17761111111112,0.7,90.0,2020-09-18 02:46:35,围网
15087,31.93208333333333,126.18275,3.0,132.0,2020-09-18 02:56:35,围网
15087,31.92963888888889,126.18791666666668,3.5,139.0,2020-09-18 03:06:35,围网
15087,31.92669444444445,126.1927777777778,2.2,118.0,2020-09-18 03:16:35,围网
15087,31.923111111111112,126.19711111111113,1.7,134.0,2020-09-18 03:26:35,围网
15087,31.91911111111111,126.20111111111113,1.7,117.0,2020-09-18 03:36:35,围网
15087,31.91461111111111,126.20455555555556,2.0,141.0,2020-09-18 03:46:35,围网
15087,31.91011111111111,126.20783333333334,1.4,159.0,2020-09-18 03:56:35,围网
15087,31.905555555555555,126.21088888888893,3.4,153.0,2020-09-18 04:06:35,围网
15087,31.90108333333333,126.21380555555555,2.6,107.0,2020-09-18 04:16:35,围网
15087,31.89608333333333,126.21408333333332,0.7,0.0,2020-09-18 04:26:35,围网
15087,31.896472222222233,126.21080555555555,0.9,0.0,2020-09-18 04:36:35,围网
15087,31.89605555555556,126.20872222222219,5.4,154.0,2020-09-18 04:46:35,围网
15087,31.891388888888887,126.20525,1.6,216.0,2020-09-18 04:57:03,围网
15087,31.88716666666667,126.20141666666666,1.4,239.0,2020-09-18 05:06:35,围网
15087,31.88361111111111,126.20580555555556,7.0,118.0,2020-09-18 05:16:35,围网
15087,31.87666666666667,126.2270277777778,7.4,90.0,2020-09-18 05:26:35,围网
15087,31.869722222222233,126.2477222222222,6.6,106.0,2020-09-18 05:36:34,围网
15087,31.86180555555556,126.26788888888888,7.0,116.0,2020-09-18 05:46:34,围网
15087,31.849138888888888,126.3072222222222,7.4,130.0,2020-09-18 06:06:34,围网
15087,31.843055555555555,126.32625,6.4,107.0,2020-09-18 06:16:34,围网
15087,31.83211111111111,126.34425,7.5,146.0,2020-09-18 06:26:34,围网
15087,31.812361111111112,126.35513888888887,8.9,171.0,2020-09-18 06:36:34,围网
15087,31.78761111111111,126.35944444444445,9.5,173.0,2020-09-18 06:46:34,围网
15087,31.76311111111111,126.36361111111113,8.8,172.0,2020-09-18 06:56:34,围网
15087,31.73905555555556,126.36752777777777,8.2,170.0,2020-09-18 07:06:34,围网
15087,31.71583333333333,126.37108333333332,8.0,174.0,2020-09-18 07:16:34,围网
15087,31.69275,126.37475,7.6,171.0,2020-09-18 07:26:34,围网
15087,31.670027777777786,126.37819444444445,6.1,157.0,2020-09-18 07:36:34,围网
15087,31.64702777777777,126.38194444444444,7.0,175.0,2020-09-18 07:46:34,围网
15087,31.622694444444445,126.38280555555555,10.7,182.0,2020-09-18 07:56:38,围网
15087,31.61347222222221,126.3763611111111,1.7,358.0,2020-09-18 08:07:57,围网
15087,31.62397222222221,126.3765,2.2,345.0,2020-09-18 08:16:34,围网
15087,31.62908333333333,126.37463888888887,1.4,6.0,2020-09-18 08:26:34,围网
15087,31.63425,126.37308333333333,1.7,3.0,2020-09-18 08:36:34,围网
15087,31.639555555555553,126.37186111111107,1.8,7.0,2020-09-18 08:46:34,围网
15087,31.64483333333333,126.36861111111112,1.2,350.0,2020-09-18 08:56:34,围网
15087,31.650222222222233,126.36611111111112,1.8,0.0,2020-09-18 09:06:34,围网
15087,31.65572222222222,126.3642222222222,5.5,286.0,2020-09-18 09:16:34,围网
15087,31.66111111111111,126.36255555555556,2.4,0.0,2020-09-18 09:26:35,围网
15087,31.66625,126.36061111111113,2.0,332.0,2020-09-18 09:36:37,围网
15087,31.671611111111112,126.35880555555555,3.4,2.0,2020-09-18 09:46:39,围网
15087,31.677055555555555,126.3569722222222,7.0,49.0,2020-09-18 09:57:27,围网
15087,31.68202777777779,126.35594444444445,1.6,0.0,2020-09-18 10:06:35,围网
15087,31.687277777777766,126.35458333333332,2.0,6.0,2020-09-18 10:16:35,围网
15087,31.692694444444445,126.35325,2.8,22.0,2020-09-18 10:26:34,围网
15087,31.698,126.35169444444445,1.8,0.0,2020-09-18 10:36:34,围网
15087,31.703166666666664,126.3505,1.8,355.0,2020-09-18 10:46:34,围网
15087,31.708277777777766,126.35005555555556,1.8,0.0,2020-09-18 10:56:34,围网
15087,31.713361111111112,126.35033333333334,2.2,358.0,2020-09-18 11:06:37,围网
15087,31.71811111111111,126.35013888888888,1.7,0.0,2020-09-18 11:16:33,围网
15087,31.72294444444444,126.34994444444445,3.3,4.0,2020-09-18 11:26:33,围网
15087,31.72786111111111,126.35016666666668,1.8,60.0,2020-09-18 11:36:33,围网
15087,31.732722222222232,126.35025,1.0,0.0,2020-09-18 11:46:33,围网
15087,31.73769444444445,126.34994444444445,2.0,2.0,2020-09-18 11:57:01,围网
15087,31.742527777777767,126.34927777777777,1.1,12.0,2020-09-18 12:08:03,围网
15087,31.74658333333333,126.35044444444445,2.4,336.0,2020-09-18 12:16:33,围网
15087,31.75111111111111,126.352,1.8,3.0,2020-09-18 12:26:33,围网
15087,31.7555,126.35369444444444,1.4,16.0,2020-09-18 12:36:33,围网
15087,31.759472222222207,126.35725,2.6,56.0,2020-09-18 12:46:33,围网
15087,31.760305555555554,126.3719722222222,3.5,158.0,2020-09-18 13:06:33,围网
15087,31.759638888888887,126.37316666666666,1.0,278.0,2020-09-18 13:16:33,围网
15087,31.758861111111113,126.36994444444444,2.1,220.0,2020-09-18 13:26:33,围网
15087,31.75775,126.37327777777777,1.5,152.0,2020-09-18 13:36:33,围网
15087,31.756888888888888,126.37519444444445,0.7,145.0,2020-09-18 13:46:33,围网
15087,31.756138888888888,126.37775,3.4,66.0,2020-09-18 13:56:33,围网
15087,31.74538888888889,126.37691666666666,2.8,153.0,2020-09-18 14:06:33,围网
15087,31.73991666666667,126.37786111111107,2.3,161.0,2020-09-18 14:16:33,围网
15087,31.733916666666666,126.37975,2.2,150.0,2020-09-18 14:26:33,围网
15087,31.728055555555553,126.38241666666666,2.3,147.0,2020-09-18 14:36:33,围网
15087,31.722055555555553,126.38450000000002,2.9,161.0,2020-09-18 14:46:33,围网
15087,31.71597222222222,126.38630555555555,3.3,142.0,2020-09-18 14:56:33,围网
15087,31.70975,126.38866666666668,2.2,167.0,2020-09-18 15:06:33,围网
15087,31.70363888888889,126.3912777777778,2.2,153.0,2020-09-18 15:16:33,围网
15087,31.69763888888889,126.39419444444445,2.5,147.0,2020-09-18 15:26:32,围网
15087,31.691861111111113,126.39744444444445,2.5,157.0,2020-09-18 15:36:32,围网
15087,31.685666666666666,126.40038888888893,2.4,175.0,2020-09-18 15:47:01,围网
15087,31.68638888888889,126.40011111111113,1.3,351.0,2020-09-18 15:56:32,围网
15087,31.686527777777766,126.39988888888894,0.2,0.0,2020-09-18 16:06:32,围网
15087,31.685527777777786,126.4015,2.2,238.0,2020-09-18 16:16:32,围网
15087,31.674916666666668,126.40541666666668,2.7,146.0,2020-09-18 16:26:32,围网
15087,31.669277777777786,126.40652777777778,2.8,201.0,2020-09-18 16:36:32,围网
15087,31.66411111111111,126.40700000000001,2.6,211.0,2020-09-18 16:46:32,围网
15087,31.659,126.40652777777778,1.8,169.0,2020-09-18 16:56:32,围网
15087,31.65408333333333,126.40680555555555,1.9,184.0,2020-09-18 17:06:32,围网
15087,31.64880555555556,126.40708333333332,2.5,196.0,2020-09-18 17:17:09,围网
15087,31.64416666666667,126.40725,2.1,196.0,2020-09-18 17:26:32,围网
15087,31.63930555555555,126.40744444444445,1.8,188.0,2020-09-18 17:36:32,围网
15087,31.634555555555554,126.40755555555555,2.1,187.0,2020-09-18 17:46:32,围网
15087,31.62986111111111,126.40744444444445,1.7,177.0,2020-09-18 17:56:32,围网
15087,31.62508333333333,126.40666666666668,2.1,198.0,2020-09-18 18:06:32,围网
15087,31.620500000000003,126.4057777777778,1.9,205.0,2020-09-18 18:16:32,围网
15087,31.61591666666667,126.40458333333332,1.8,213.0,2020-09-18 18:26:32,围网
15087,31.611472222222233,126.40302777777778,1.5,186.0,2020-09-18 18:36:32,围网
15087,31.607222222222234,126.40108333333332,1.7,200.0,2020-09-18 18:46:32,围网
15087,31.60319444444445,126.39825,1.9,224.0,2020-09-18 18:56:32,围网
15087,31.599472222222207,126.39466666666668,1.4,204.0,2020-09-18 19:06:32,围网
15087,31.595805555555554,126.39083333333332,2.4,233.0,2020-09-18 19:16:32,围网
15087,31.59241666666667,126.3865277777778,1.5,193.0,2020-09-18 19:26:32,围网
15087,31.589388888888887,126.38169444444445,1.5,210.0,2020-09-18 19:36:32,围网
15087,31.587,126.37616666666666,1.7,199.0,2020-09-18 19:46:32,围网
15087,31.58513888888889,126.37024999999998,1.7,240.0,2020-09-18 19:56:32,围网
15087,31.58358333333333,126.36391666666664,1.4,230.0,2020-09-18 20:07:01,围网
15087,31.58491666666667,126.36124999999998,2.2,53.0,2020-09-18 20:16:32,围网
15087,31.588611111111113,126.36269444444444,1.8,48.0,2020-09-18 20:26:31,围网
15087,31.59069444444444,126.36111111111107,1.9,312.0,2020-09-18 20:36:31,围网
15087,31.59208333333333,126.3582222222222,0.4,0.0,2020-09-18 20:46:31,围网
15087,31.593166666666665,126.35541666666666,0.4,0.0,2020-09-18 20:56:31,围网
15087,31.60388888888889,126.35466666666666,2.1,338.0,2020-09-18 21:06:31,围网
15087,31.609638888888888,126.35286111111112,2.0,352.0,2020-09-18 21:16:31,围网
15087,31.615388888888887,126.3509722222222,1.9,333.0,2020-09-18 21:26:33,围网
15087,31.62080555555556,126.3492222222222,3.1,347.0,2020-09-18 21:36:31,围网
15087,31.62680555555556,126.3474722222222,2.5,345.0,2020-09-18 21:47:03,围网
15087,31.63216666666667,126.34588888888894,2.5,352.0,2020-09-18 21:56:31,围网
15087,31.64333333333333,126.34283333333332,1.7,339.0,2020-09-18 22:16:31,围网
15087,31.648777777777767,126.34130555555555,1.9,340.0,2020-09-18 22:26:31,围网
15087,31.65408333333333,126.33988888888894,1.9,315.0,2020-09-18 22:36:31,围网
15087,31.659416666666665,126.33830555555555,1.9,335.0,2020-09-18 22:46:31,围网
15087,31.66461111111111,126.33677777777777,2.1,329.0,2020-09-18 22:56:31,围网
15087,31.669638888888887,126.3352777777778,2.1,336.0,2020-09-18 23:06:31,围网
15087,31.67444444444445,126.33377777777778,1.7,318.0,2020-09-18 23:16:31,围网
15087,31.679277777777767,126.33241666666666,1.5,327.0,2020-09-18 23:26:31,围网
15087,31.684055555555553,126.33186111111112,3.2,337.0,2020-09-18 23:36:33,围网
15087,31.688666666666666,126.33075,1.6,350.0,2020-09-18 23:46:59,围网
15087,31.692888888888888,126.32983333333333,2.1,312.0,2020-09-18 23:56:31,围网
15087,31.69730555555555,126.32911111111108,1.5,1.0,2020-09-19 00:06:31,围网
15087,31.701638888888887,126.32875,1.6,357.0,2020-09-19 00:16:31,围网
15087,31.70588888888889,126.32869444444445,1.7,9.0,2020-09-19 00:26:31,围网
15087,31.709944444444453,126.32883333333332,1.9,26.0,2020-09-19 00:36:31,围网
15087,31.71386111111111,126.32936111111113,1.1,355.0,2020-09-19 00:46:31,围网
15087,31.71788888888889,126.33027777777778,1.4,19.0,2020-09-19 00:56:31,围网
15087,31.721916666666665,126.33238888888887,1.5,22.0,2020-09-19 01:06:31,围网
15087,31.72572222222221,126.33591666666666,2.3,56.0,2020-09-19 01:16:31,围网
15087,31.72861111111111,126.34116666666668,2.2,51.0,2020-09-19 01:26:30,围网
15087,31.729944444444445,126.34758333333332,2.0,81.0,2020-09-19 01:36:30,围网
15087,31.73008333333333,126.35419444444445,1.9,98.0,2020-09-19 01:46:30,围网
15087,31.72944444444445,126.36063888888887,1.9,101.0,2020-09-19 01:56:30,围网
15087,31.72794444444445,126.36733333333332,2.1,105.0,2020-09-19 02:06:58,围网
15087,31.72697222222222,126.36980555555556,1.2,276.0,2020-09-19 02:16:30,围网
15087,31.72719444444445,126.36577777777777,1.5,258.0,2020-09-19 02:26:30,围网
15087,31.72525,126.36708333333333,0.6,137.0,2020-09-19 02:36:30,围网
15087,31.72355555555556,126.3695277777778,0.9,137.0,2020-09-19 02:46:30,围网
15087,31.72208333333333,126.37269444444445,1.2,97.0,2020-09-19 02:56:30,围网
15087,31.709861111111113,126.37461111111112,2.4,173.0,2020-09-19 03:06:30,围网
15087,31.703777777777766,126.37569444444445,2.3,169.0,2020-09-19 03:16:30,围网
15087,31.697944444444442,126.37683333333334,1.9,171.0,2020-09-19 03:26:30,围网
15087,31.69216666666667,126.37799999999999,1.7,166.0,2020-09-19 03:36:30,围网
15087,31.686527777777766,126.37927777777777,2.1,182.0,2020-09-19 03:46:30,围网
15087,31.68091666666667,126.38058333333332,1.6,171.0,2020-09-19 03:56:29,围网
15087,31.675500000000003,126.3817222222222,1.8,166.0,2020-09-19 04:06:30,围网
15087,31.670027777777786,126.38261111111107,2.0,162.0,2020-09-19 04:16:30,围网
15087,31.66458333333333,126.38322222222222,2.3,180.0,2020-09-19 04:26:30,围网
15087,31.659166666666664,126.38344444444445,2.0,167.0,2020-09-19 04:36:30,围网
15087,31.65361111111111,126.384,1.8,173.0,2020-09-19 04:46:30,围网
15087,31.648277777777786,126.38408333333334,1.9,152.0,2020-09-19 04:56:30,围网
15087,31.64352777777778,126.38377777777781,1.5,0.0,2020-09-19 05:06:31,围网
15087,31.644444444444453,126.38241666666666,0.8,322.0,2020-09-19 05:16:30,围网
15087,31.6495,126.38336111111113,2.4,34.0,2020-09-19 05:26:34,围网
15087,31.64958333333333,126.38313888888888,1.5,0.0,2020-09-19 05:36:32,围网
15087,31.646916666666666,126.38211111111113,0.9,220.0,2020-09-19 05:46:57,围网
15087,31.64458333333333,126.38011111111106,1.4,204.0,2020-09-19 05:56:30,围网
15087,31.64175,126.37780555555555,0.9,209.0,2020-09-19 06:06:30,围网
15087,31.638972222222232,126.37488888888888,0.8,201.0,2020-09-19 06:16:29,围网
15087,31.63630555555555,126.37163888888887,1.4,233.0,2020-09-19 06:26:29,围网
15087,31.633777777777766,126.368,1.1,227.0,2020-09-19 06:36:29,围网
15087,31.631555555555554,126.36397222222222,0.9,292.0,2020-09-19 06:46:29,围网
15087,31.629027777777768,126.35886111111107,3.7,185.0,2020-09-19 06:56:29,围网
15087,31.61708333333333,126.36127777777777,0.8,0.0,2020-09-19 07:06:29,围网
15087,31.62286111111111,126.35972222222222,6.7,14.0,2020-09-19 07:16:29,围网
15087,31.62808333333333,126.35875,1.9,350.0,2020-09-19 07:26:29,围网
15087,31.63327777777778,126.35630555555555,2.2,336.0,2020-09-19 07:36:29,围网
15087,31.638388888888887,126.35386111111107,2.2,325.0,2020-09-19 07:46:29,围网
15087,31.643666666666665,126.35130555555556,2.0,330.0,2020-09-19 07:56:30,围网
15087,31.64958333333333,126.34877777777778,2.0,351.0,2020-09-19 08:07:38,围网
15087,31.65436111111111,126.34713888888888,3.0,333.0,2020-09-19 08:16:29,围网
15087,31.65988888888889,126.34566666666666,2.1,345.0,2020-09-19 08:26:29,围网
15087,31.6655,126.34408333333332,2.4,337.0,2020-09-19 08:36:29,围网
15087,31.671111111111113,126.34241666666668,2.1,349.0,2020-09-19 08:46:29,围网
15087,31.676805555555557,126.34077777777777,2.0,355.0,2020-09-19 08:56:29,围网
15087,31.68255555555556,126.33908333333332,1.5,3.0,2020-09-19 09:06:29,围网
15087,31.688388888888888,126.33738888888894,1.9,347.0,2020-09-19 09:16:29,围网
15087,31.694277777777767,126.33577777777776,1.8,4.0,2020-09-19 09:26:29,围网
15087,31.700194444444445,126.33447222222222,3.2,345.0,2020-09-19 09:36:29,围网
15087,31.706194444444442,126.33319444444444,1.8,355.0,2020-09-19 09:46:29,围网
15087,31.712138888888887,126.33213888888888,1.9,346.0,2020-09-19 09:56:29,围网
15087,31.724055555555548,126.33011111111112,2.0,351.0,2020-09-19 10:16:29,围网
15087,31.73005555555555,126.32902777777777,3.3,330.0,2020-09-19 10:26:29,围网
15087,31.736,126.32777777777777,1.8,356.0,2020-09-19 10:36:29,围网
15087,31.74205555555556,126.32680555555555,2.3,348.0,2020-09-19 10:46:29,围网
15087,31.74805555555556,126.32575,2.3,0.0,2020-09-19 10:56:31,围网
15087,31.753777777777767,126.3245,2.2,349.0,2020-09-19 11:06:30,围网
15087,31.75936111111111,126.32341666666666,1.8,350.0,2020-09-19 11:16:28,围网
15087,31.764833333333332,126.32227777777778,1.2,0.0,2020-09-19 11:26:28,围网
15087,31.770222222222234,126.32116666666668,1.8,349.0,2020-09-19 11:36:31,围网
15087,31.775416666666665,126.32016666666668,1.7,0.0,2020-09-19 11:46:29,围网
15087,31.780638888888888,126.3189722222222,1.9,349.0,2020-09-19 11:56:30,围网
15087,31.78591666666667,126.31786111111113,1.8,351.0,2020-09-19 12:06:56,围网
15087,31.79069444444445,126.31688888888887,1.6,333.0,2020-09-19 12:16:28,围网
15087,31.79569444444445,126.31580555555556,1.7,340.0,2020-09-19 12:26:28,围网
15087,31.800611111111113,126.31519444444444,1.8,0.0,2020-09-19 12:36:28,围网
15087,31.805277777777786,126.31466666666668,1.7,354.0,2020-09-19 12:46:28,围网
15087,31.80283333333333,126.31788888888887,1.8,142.0,2020-09-19 12:56:28,围网
15087,31.79977777777778,126.31902777777776,0.5,50.0,2020-09-19 13:06:28,围网
15087,31.80058333333333,126.32052777777777,2.0,341.0,2020-09-19 13:16:28,围网
15087,31.801388888888887,126.32102777777777,0.8,111.0,2020-09-19 13:26:28,围网
15087,31.802055555555555,126.32297222222222,3.4,151.0,2020-09-19 13:36:28,围网
15087,31.792666666666666,126.3295,1.6,159.0,2020-09-19 13:46:28,围网
15087,31.788083333333336,126.33130555555556,1.7,169.0,2020-09-19 13:56:28,围网
15087,31.783305555555557,126.33311111111112,1.8,153.0,2020-09-19 14:06:28,围网
15087,31.7785,126.33480555555555,2.4,144.0,2020-09-19 14:16:28,围网
15087,31.77363888888889,126.33691666666664,2.1,152.0,2020-09-19 14:26:28,围网
15087,31.76875,126.33883333333333,1.8,160.0,2020-09-19 14:36:28,围网
15087,31.763638888888888,126.34033333333332,2.5,148.0,2020-09-19 14:46:28,围网
15087,31.75844444444445,126.34141666666666,1.7,177.0,2020-09-19 14:56:28,围网
15087,31.75308333333333,126.34205555555555,1.9,172.0,2020-09-19 15:06:28,围网
15087,31.747888888888887,126.342,2.0,166.0,2020-09-19 15:16:28,围网
15087,31.742444444444452,126.34366666666666,2.2,168.0,2020-09-19 15:26:28,围网
15087,31.736694444444453,126.34580555555556,2.1,169.0,2020-09-19 15:36:57,围网
15087,31.73147222222222,126.34783333333334,2.2,173.0,2020-09-19 15:46:28,围网
15087,31.726027777777766,126.3502777777778,2.2,151.0,2020-09-19 15:56:28,围网
15087,31.72061111111111,126.35269444444445,2.1,165.0,2020-09-19 16:06:28,围网
15087,31.71530555555556,126.35508333333333,2.1,168.0,2020-09-19 16:16:27,围网
15087,31.709972222222234,126.35730555555556,2.3,160.0,2020-09-19 16:26:27,围网
15087,31.70483333333333,126.35944444444445,2.0,167.0,2020-09-19 16:36:27,围网
15087,31.69988888888889,126.36163888888888,1.9,164.0,2020-09-19 16:46:27,围网
15087,31.69511111111111,126.36388888888888,2.0,151.0,2020-09-19 16:56:27,围网
15087,31.690361111111113,126.36602777777777,2.0,163.0,2020-09-19 17:06:27,围网
15087,31.68572222222221,126.36816666666664,1.8,152.0,2020-09-19 17:16:27,围网
15087,31.680944444444453,126.36983333333332,1.5,156.0,2020-09-19 17:26:27,围网
15087,31.67625,126.37119444444444,2.0,165.0,2020-09-19 17:36:27,围网
15087,31.67163888888889,126.37233333333332,1.5,160.0,2020-09-19 17:46:27,围网
15087,31.667277777777766,126.37355555555555,1.6,158.0,2020-09-19 17:56:27,围网
15087,31.662805555555554,126.37466666666666,1.7,173.0,2020-09-19 18:06:55,围网
15087,31.658527777777767,126.37463888888887,1.3,172.0,2020-09-19 18:16:27,围网
15087,31.654138888888887,126.37425,1.5,183.0,2020-09-19 18:26:27,围网
15087,31.64980555555556,126.37394444444445,1.5,173.0,2020-09-19 18:36:27,围网
15087,31.64552777777779,126.37380555555555,1.4,180.0,2020-09-19 18:46:27,围网
15087,31.641277777777766,126.37313888888887,0.9,286.0,2020-09-19 18:56:27,围网
15087,31.644805555555553,126.37169444444444,1.4,352.0,2020-09-19 19:06:27,围网
15087,31.646777777777768,126.36916666666666,2.7,250.0,2020-09-19 19:16:27,围网
15087,31.646027777777785,126.3659722222222,1.3,268.0,2020-09-19 19:26:27,围网
15087,31.644527777777785,126.36205555555556,1.2,236.0,2020-09-19 19:36:27,围网
15087,31.66344444444444,126.35247222222219,8.9,341.0,2020-09-19 19:46:27,围网
15087,31.68761111111111,126.34311111111113,9.1,348.0,2020-09-19 19:56:27,围网
15087,31.712666666666664,126.337,9.0,350.0,2020-09-19 20:06:27,围网
15087,31.72969444444445,126.33325,0.6,0.0,2020-09-19 20:16:27,围网
15087,31.739555555555555,126.33105555555555,2.1,332.0,2020-09-19 20:26:27,围网
15087,31.745,126.32902777777777,2.3,343.0,2020-09-19 20:36:27,围网
15087,31.750611111111112,126.32680555555555,1.8,345.0,2020-09-19 20:46:27,围网
15087,31.75608333333333,126.3249722222222,2.4,339.0,2020-09-19 20:56:27,围网
15087,31.761944444444445,126.32338888888887,2.0,337.0,2020-09-19 21:06:55,围网
15087,31.76722222222222,126.32216666666666,1.8,348.0,2020-09-19 21:16:26,围网
15087,31.77275,126.32116666666668,2.1,344.0,2020-09-19 21:26:26,围网
15087,31.778444444444442,126.3202222222222,1.7,344.0,2020-09-19 21:36:26,围网
15087,31.784111111111113,126.31916666666666,1.8,351.0,2020-09-19 21:46:26,围网
15087,31.78983333333333,126.31844444444445,1.9,344.0,2020-09-19 21:56:26,围网
15087,31.795472222222234,126.31669444444445,2.3,321.0,2020-09-19 22:06:26,围网
15087,31.80113888888889,126.31458333333332,1.9,339.0,2020-09-19 22:16:26,围网
15087,31.806722222222234,126.31261111111112,2.3,333.0,2020-09-19 22:26:26,围网
15087,31.81222222222221,126.31025,2.0,341.0,2020-09-19 22:36:26,围网
15087,31.81758333333333,126.30783333333332,1.6,339.0,2020-09-19 22:46:26,围网
15087,31.82258333333333,126.30555555555556,1.9,327.0,2020-09-19 22:56:26,围网
15087,31.827472222222234,126.30308333333332,1.7,327.0,2020-09-19 23:06:26,围网
15087,31.83216666666667,126.30002777777777,1.4,302.0,2020-09-19 23:16:26,围网
15087,31.83583333333333,126.29580555555556,1.9,0.0,2020-09-19 23:26:29,围网
15087,31.83933333333333,126.29158333333334,2.1,300.0,2020-09-19 23:36:26,围网
15087,31.843000000000004,126.28716666666666,2.4,306.0,2020-09-19 23:46:55,围网
15087,31.8465,126.28327777777777,1.8,318.0,2020-09-19 23:56:25,围网
15087,31.849972222222235,126.27933333333334,1.5,318.0,2020-09-20 00:06:26,围网
15087,31.85325000000001,126.27583333333334,1.7,323.0,2020-09-20 00:16:26,围网
15087,31.856583333333337,126.27255555555556,1.2,329.0,2020-09-20 00:26:26,围网
15087,31.860083333333336,126.26963888888888,1.4,320.0,2020-09-20 00:36:26,围网
15087,31.86344444444445,126.26666666666668,1.4,322.0,2020-09-20 00:46:26,围网
15087,31.86669444444445,126.26383333333334,1.2,323.0,2020-09-20 00:56:26,围网
15087,31.870500000000003,126.26177777777778,1.4,345.0,2020-09-20 01:06:26,围网
15087,31.87475,126.26102777777778,1.8,357.0,2020-09-20 01:16:26,围网
15087,31.879277777777766,126.26213888888887,1.6,12.0,2020-09-20 01:26:26,围网
15087,31.883250000000004,126.26383333333334,1.5,15.0,2020-09-20 01:36:26,围网
15087,31.886805555555554,126.26619444444445,1.6,34.0,2020-09-20 01:46:26,围网
15087,31.887916666666666,126.26741666666666,1.6,239.0,2020-09-20 01:56:26,围网
15087,31.883916666666664,126.26625,1.7,171.0,2020-09-20 02:06:55,围网
15087,31.882305555555554,126.26547222222223,3.8,224.0,2020-09-20 02:16:25,围网
15087,31.880944444444445,126.26294444444444,1.3,211.0,2020-09-20 02:26:25,围网
15087,31.87825,126.26061111111113,2.5,248.0,2020-09-20 02:36:25,围网
15087,31.908416666666664,126.22875,3.7,315.0,2020-09-20 02:56:25,围网
15087,31.90513888888889,126.22775,8.8,171.0,2020-09-20 03:06:29,围网
15087,31.894861111111112,126.22747222222222,2.2,166.0,2020-09-20 03:16:55,围网
15087,31.88963888888889,126.22766666666668,1.8,173.0,2020-09-20 03:26:25,围网
15087,31.884138888888888,126.22802777777777,2.1,169.0,2020-09-20 03:36:25,围网
15087,31.87838888888889,126.22844444444445,2.4,177.0,2020-09-20 03:46:25,围网
15087,31.87244444444445,126.22908333333334,2.0,166.0,2020-09-20 03:56:25,围网
15087,31.866555555555557,126.22911111111112,1.8,182.0,2020-09-20 04:06:25,围网
15087,31.86063888888889,126.23122222222223,2.4,159.0,2020-09-20 04:16:25,围网
15087,31.855166666666666,126.2342777777778,1.9,148.0,2020-09-20 04:26:25,围网
15087,31.84983333333333,126.2372777777778,1.7,146.0,2020-09-20 04:36:25,围网
15087,31.844638888888888,126.24002777777777,2.5,157.0,2020-09-20 04:46:25,围网
15087,31.839666666666666,126.24269444444445,1.9,156.0,2020-09-20 04:56:25,围网
15087,31.834805555555555,126.24516666666668,2.4,168.0,2020-09-20 05:06:25,围网
15087,31.830111111111112,126.2475,1.9,155.0,2020-09-20 05:16:25,围网
15087,31.82544444444445,126.25002777777777,1.7,154.0,2020-09-20 05:26:25,围网
15087,31.821055555555557,126.25238888888887,1.6,153.0,2020-09-20 05:36:25,围网
15087,31.816666666666666,126.25480555555555,1.6,156.0,2020-09-20 05:46:25,围网
15087,31.81222222222221,126.25702777777781,2.0,165.0,2020-09-20 05:56:25,围网
15087,31.80694444444445,126.25808333333332,1.3,172.0,2020-09-20 06:06:55,围网
15087,31.802277777777785,126.25897222222223,1.4,175.0,2020-09-20 06:16:25,围网
15087,31.797472222222233,126.25980555555556,1.7,166.0,2020-09-20 06:26:25,围网
15087,31.792666666666666,126.26041666666666,1.4,179.0,2020-09-20 06:36:25,围网
15087,31.78791666666667,126.26083333333334,1.5,178.0,2020-09-20 06:46:25,围网
15087,31.783,126.25738888888893,4.1,236.0,2020-09-20 06:56:25,围网
15087,31.781944444444445,126.24672222222223,3.3,260.0,2020-09-20 07:06:25,围网
15087,31.78247222222221,126.2387222222222,2.3,284.0,2020-09-20 07:16:24,围网
15087,31.78319444444445,126.23136111111113,2.6,297.0,2020-09-20 07:26:24,围网
15087,31.7835,126.22455555555555,2.8,260.0,2020-09-20 07:36:24,围网
15087,31.78286111111111,126.21755555555555,2.4,266.0,2020-09-20 07:46:24,围网
15087,31.78225,126.21061111111112,2.0,267.0,2020-09-20 07:56:24,围网
15087,31.78191666666667,126.2037777777778,1.7,275.0,2020-09-20 08:06:24,围网
15087,31.78191666666667,126.19927777777778,1.3,85.0,2020-09-20 08:16:57,围网
15087,31.783361111111113,126.20183333333334,1.4,117.0,2020-09-20 08:26:24,围网
15087,31.78308333333333,126.19963888888893,0.9,205.0,2020-09-20 08:36:24,围网
15087,31.78191666666667,126.19336111111113,1.8,249.0,2020-09-20 08:46:24,围网
15087,31.78058333333333,126.18711111111112,3.6,223.0,2020-09-20 08:56:24,围网
15087,31.79111111111111,126.18463888888893,2.3,309.0,2020-09-20 09:06:24,围网
15087,31.796388888888888,126.18036111111113,1.3,0.0,2020-09-20 09:16:24,围网
15087,31.80044444444445,126.17402777777778,1.8,300.0,2020-09-20 09:26:24,围网
15087,31.80583333333333,126.17083333333332,1.7,0.0,2020-09-20 09:36:24,围网
15087,31.811138888888888,126.16922222222223,1.9,49.0,2020-09-20 09:46:25,围网
15087,31.816388888888888,126.16730555555556,1.0,0.0,2020-09-20 09:56:25,围网
15087,31.821805555555553,126.16533333333336,1.7,342.0,2020-09-20 10:06:39,围网
15087,31.82691666666667,126.16347222222224,1.4,347.0,2020-09-20 10:16:24,围网
15087,31.83225,126.16188888888892,2.2,343.0,2020-09-20 10:26:24,围网
15087,31.8375,126.16025,2.0,347.0,2020-09-20 10:36:24,围网
15087,31.84269444444445,126.15830555555556,1.5,345.0,2020-09-20 10:46:24,围网
15087,31.84788888888889,126.15663888888888,2.2,349.0,2020-09-20 10:56:24,围网
15087,31.853305555555558,126.15561111111113,2.6,341.0,2020-09-20 11:06:24,围网
15087,31.858694444444453,126.15455555555555,1.5,358.0,2020-09-20 11:16:24,围网
15087,31.86405555555556,126.15222222222219,2.2,342.0,2020-09-20 11:26:24,围网
15087,31.86925,126.14844444444445,1.9,333.0,2020-09-20 11:36:24,围网
15087,31.87463888888889,126.14525,2.6,327.0,2020-09-20 11:46:30,围网
15087,31.880194444444445,126.14244444444445,1.9,336.0,2020-09-20 11:56:39,围网
15087,31.88533333333333,126.13991666666668,1.4,340.0,2020-09-20 12:06:24,围网
15087,31.89086111111111,126.13786111111112,2.3,323.0,2020-09-20 12:16:39,围网
15087,31.895861111111113,126.13583333333334,1.5,321.0,2020-09-20 12:26:23,围网
15087,31.901138888888887,126.13411111111112,2.0,342.0,2020-09-20 12:36:24,围网
15087,31.906111111111112,126.13244444444445,2.1,340.0,2020-09-20 12:46:23,围网
15087,31.91113888888889,126.13105555555555,1.7,330.0,2020-09-20 12:56:23,围网
15087,31.91597222222222,126.12963888888888,2.2,351.0,2020-09-20 13:06:23,围网
15087,31.920777777777786,126.1287222222222,1.8,348.0,2020-09-20 13:16:23,围网
15087,31.92541666666667,126.12827777777777,1.4,350.0,2020-09-20 13:26:23,围网
15087,31.92988888888889,126.12816666666666,0.7,0.0,2020-09-20 13:36:23,围网
15087,31.93438888888889,126.12788888888888,1.2,358.0,2020-09-20 13:46:23,围网
15087,31.938666666666666,126.12799999999999,1.5,7.0,2020-09-20 13:56:23,围网
15087,31.94305555555556,126.12963888888888,1.9,20.0,2020-09-20 14:06:38,围网
15087,31.945166666666665,126.13063888888887,1.5,178.0,2020-09-20 14:16:23,围网
15087,31.941527777777768,126.13166666666666,1.3,133.0,2020-09-20 14:26:23,围网
15087,31.94038888888889,126.12908333333333,2.0,213.0,2020-09-20 14:36:24,围网
15087,31.940472222222233,126.12652777777777,1.0,0.0,2020-09-20 14:46:23,围网
15087,31.94013888888889,126.12294444444444,1.0,0.0,2020-09-20 14:56:26,围网
15087,31.93947222222221,126.12013888888887,4.1,207.0,2020-09-20 15:06:37,围网
15087,31.944861111111113,126.12855555555555,2.2,48.0,2020-09-20 15:16:23,围网
15087,31.94688888888889,126.133,0.9,53.0,2020-09-20 15:26:23,围网
15087,31.94822222222221,126.13708333333334,1.7,73.0,2020-09-20 15:36:23,围网
15087,31.94852777777778,126.1419722222222,1.7,65.0,2020-09-20 15:46:23,围网
15087,31.948777777777767,126.14683333333336,2.1,93.0,2020-09-20 15:56:23,围网
15087,31.948722222222226,126.15186111111113,1.7,105.0,2020-09-20 16:06:23,围网
15087,31.94769444444445,126.15725,1.5,94.0,2020-09-20 16:16:23,围网
15087,31.94625,126.16252777777778,1.9,105.0,2020-09-20 16:26:23,围网
15087,31.944861111111113,126.16758333333334,1.9,93.0,2020-09-20 16:36:23,围网
15087,31.94352777777778,126.17263888888887,2.1,121.0,2020-09-20 16:46:23,围网
15087,31.94175,126.17758333333336,1.3,121.0,2020-09-20 16:56:23,围网
15087,31.93875,126.18247222222222,2.3,143.0,2020-09-20 17:06:39,围网
15087,31.933277777777786,126.1912222222222,2.0,126.0,2020-09-20 17:26:22,围网
15087,31.93122222222221,126.19588888888893,2.2,128.0,2020-09-20 17:36:22,围网
15087,31.92894444444445,126.20016666666668,1.6,127.0,2020-09-20 17:46:22,围网
15087,31.92588888888889,126.20405555555556,1.1,130.0,2020-09-20 17:56:22,围网
15087,31.922722222222234,126.20763888888888,2.1,148.0,2020-09-20 18:06:22,围网
15087,31.918888888888887,126.21019444444444,1.9,168.0,2020-09-20 18:16:22,围网
15087,31.91386111111111,126.21119444444444,1.2,173.0,2020-09-20 18:26:22,围网
15087,31.90869444444445,126.21066666666668,1.8,161.0,2020-09-20 18:36:22,围网
15087,31.90363888888889,126.20841666666668,2.6,200.0,2020-09-20 18:46:25,围网
15087,31.899,126.20519444444444,3.1,221.0,2020-09-20 18:56:22,围网
15087,31.89475,126.20102777777778,1.7,0.0,2020-09-20 19:06:22,围网
15087,31.89108333333333,126.1959722222222,1.9,0.0,2020-09-20 19:16:22,围网
15087,31.887666666666664,126.19066666666667,4.2,139.0,2020-09-20 19:26:22,围网
15087,31.88497222222223,126.18463888888893,4.8,136.0,2020-09-20 19:36:22,围网
15087,31.882555555555548,126.1785,1.8,0.0,2020-09-20 19:46:22,围网
15087,31.880416666666665,126.17175,2.7,259.0,2020-09-20 19:56:39,围网
15087,31.878472222222207,126.1652777777778,2.4,254.0,2020-09-20 20:06:22,围网
15087,31.87680555555556,126.15869444444445,2.1,249.0,2020-09-20 20:16:22,围网
15087,31.87880555555556,126.15761111111112,1.0,0.0,2020-09-20 20:26:22,围网
15087,31.880666666666666,126.15944444444445,0.6,0.0,2020-09-20 20:36:22,围网
15087,31.880388888888888,126.15261111111113,1.3,0.0,2020-09-20 20:46:24,围网
15087,31.87983333333333,126.14475,2.4,279.0,2020-09-20 20:56:39,围网
15087,31.882388888888887,126.14911111111113,4.0,81.0,2020-09-20 21:06:22,围网
15087,31.883916666666664,126.16830555555555,5.6,86.0,2020-09-20 21:16:22,围网
15087,31.88502777777777,126.18844444444444,6.0,84.0,2020-09-20 21:26:22,围网
15087,31.88475,126.20836111111113,6.6,92.0,2020-09-20 21:36:22,围网
15087,31.88369444444445,126.22688888888894,2.1,98.0,2020-09-20 21:46:22,围网
15087,31.879527777777767,126.21922222222223,7.1,240.0,2020-09-20 21:56:31,围网
15087,31.87866666666667,126.21,2.1,275.0,2020-09-20 22:06:22,围网
15087,31.87908333333333,126.20286111111112,1.8,278.0,2020-09-20 22:16:21,围网
15087,31.879527777777767,126.196,1.7,273.0,2020-09-20 22:26:21,围网
15087,31.880055555555554,126.18930555555555,1.8,270.0,2020-09-20 22:36:22,围网
15087,31.880527777777786,126.1827222222222,1.1,0.0,2020-09-20 22:46:21,围网
15087,31.88102777777778,126.17613888888887,1.5,270.0,2020-09-20 22:56:21,围网
15087,31.88158333333333,126.16958333333334,1.7,262.0,2020-09-20 23:06:21,围网
15087,31.882277777777766,126.16325,1.8,286.0,2020-09-20 23:16:21,围网
15087,31.884888888888888,126.1569722222222,2.1,281.0,2020-09-20 23:26:21,围网
15087,31.887305555555553,126.15105555555556,1.5,297.0,2020-09-20 23:36:21,围网
15087,31.889833333333332,126.14516666666668,1.7,306.0,2020-09-20 23:46:38,围网
15087,31.89230555555556,126.13969444444444,2.1,286.0,2020-09-20 23:56:21,围网
15087,31.89488888888889,126.13433333333334,1.8,304.0,2020-09-21 00:06:21,围网
15087,31.897361111111113,126.12925,1.9,303.0,2020-09-21 00:16:21,围网
15087,31.900027777777765,126.12422222222222,1.8,300.0,2020-09-21 00:26:21,围网
15087,31.902638888888887,126.11930555555556,1.7,299.0,2020-09-21 00:36:21,围网
15087,31.90597222222221,126.115,1.6,304.0,2020-09-21 00:46:21,围网
15087,31.90991666666667,126.11130555555556,1.9,296.0,2020-09-21 00:56:21,围网
15087,31.91383333333333,126.10799999999999,1.5,326.0,2020-09-21 01:06:21,围网
15087,31.91772222222223,126.10511111111107,1.2,332.0,2020-09-21 01:16:21,围网
15087,31.92130555555556,126.10255555555555,1.5,336.0,2020-09-21 01:26:21,围网
15087,31.925361111111112,126.10075,1.3,347.0,2020-09-21 01:36:21,围网
15087,31.929472222222234,126.09925,1.2,1.0,2020-09-21 01:46:21,围网
15087,31.933916666666665,126.09886111111106,1.7,5.0,2020-09-21 01:56:21,围网
15087,31.93875,126.09980555555555,1.5,27.0,2020-09-21 02:06:38,围网
15087,31.942972222222235,126.10113888888887,1.2,25.0,2020-09-21 02:16:21,围网
15087,31.94675,126.10269444444445,1.4,18.0,2020-09-21 02:26:21,围网
15087,31.9505,126.10494444444444,1.2,37.0,2020-09-21 02:36:21,围网
15087,31.953277777777767,126.10869444444445,1.6,38.0,2020-09-21 02:46:21,围网
15087,31.953861111111113,126.11425,2.8,117.0,2020-09-21 02:56:21,围网
15087,31.951555555555554,126.11766666666666,2.0,281.0,2020-09-21 03:06:21,围网
15087,31.95202777777777,126.11277777777777,1.8,268.0,2020-09-21 03:16:20,围网
15087,31.95058333333333,126.1095,0.6,246.0,2020-09-21 03:26:20,围网
15087,31.94916666666667,126.10761111111107,1.1,229.0,2020-09-21 03:36:20,围网
15087,31.947222222222226,126.10511111111107,1.1,223.0,2020-09-21 03:46:20,围网
15087,31.952472222222234,126.10477777777778,8.0,6.0,2020-09-21 03:56:21,围网
15087,31.95666666666667,126.10744444444444,1.3,60.0,2020-09-21 04:06:20,围网
15087,31.95788888888889,126.11305555555555,1.5,92.0,2020-09-21 04:16:20,围网
15087,31.956861111111113,126.11927777777777,1.6,0.0,2020-09-21 04:26:20,围网
15087,31.95502777777777,126.12438888888887,1.6,121.0,2020-09-21 04:36:20,围网
15087,31.95275,126.12899999999999,1.9,119.0,2020-09-21 04:46:20,围网
15087,31.949805555555557,126.1334722222222,1.0,129.0,2020-09-21 04:56:20,围网
15087,31.947,126.13780555555556,2.2,139.0,2020-09-21 05:06:20,围网
15087,31.94416666666667,126.14211111111112,1.6,116.0,2020-09-21 05:16:20,围网
15087,31.941222222222233,126.14636111111106,1.6,136.0,2020-09-21 05:26:20,围网
15087,31.937305555555554,126.14975,2.1,156.0,2020-09-21 05:36:20,围网
15087,31.93255555555556,126.15141666666666,2.3,178.0,2020-09-21 05:46:20,围网
15087,31.92736111111111,126.15213888888893,2.3,173.0,2020-09-21 05:56:20,围网
15087,31.921888888888887,126.1520277777778,1.3,184.0,2020-09-21 06:06:38,围网
15087,31.9165,126.15113888888894,3.6,215.0,2020-09-21 06:16:20,围网
15087,31.91113888888889,126.14938888888894,1.8,143.0,2020-09-21 06:26:20,围网
15087,31.90575,126.14783333333335,2.4,187.0,2020-09-21 06:36:20,围网
15087,31.900361111111113,126.1467777777778,1.3,172.0,2020-09-21 06:46:20,围网
15087,31.895,126.1455,1.6,195.0,2020-09-21 06:56:20,围网
15087,31.889777777777766,126.14375,0.8,196.0,2020-09-21 07:06:20,围网
15087,31.8795,126.13916666666668,2.0,215.0,2020-09-21 07:26:20,围网
15087,31.874472222222234,126.13636111111113,2.0,194.0,2020-09-21 07:36:20,围网
15087,31.865333333333336,126.1287222222222,2.2,221.0,2020-09-21 07:56:20,围网
15087,31.86125,126.12375,1.6,226.0,2020-09-21 08:06:19,围网
15087,31.857555555555557,126.11822222222222,1.5,240.0,2020-09-21 08:16:19,围网
15087,31.85416666666667,126.11233333333332,1.4,230.0,2020-09-21 08:26:37,围网
15087,31.84875,126.09152777777777,2.6,257.0,2020-09-21 08:56:37,围网
15087,31.84808333333333,126.08436111111112,1.9,274.0,2020-09-21 09:06:37,围网
15087,31.84883333333333,126.07475,2.0,58.0,2020-09-21 09:26:19,围网
15087,31.85033333333333,126.07619444444444,3.2,44.0,2020-09-21 09:36:19,围网
15087,31.85072222222221,126.06794444444445,3.0,271.0,2020-09-21 09:46:39,围网
15087,31.850500000000004,126.05822222222223,3.2,272.0,2020-09-21 09:56:19,围网
15087,31.85430555555555,126.05711111111113,6.3,95.0,2020-09-21 10:06:19,围网
15087,31.853027777777786,126.07611111111108,5.9,86.0,2020-09-21 10:16:19,围网
15087,31.85383333333333,126.09519444444445,6.0,86.0,2020-09-21 10:26:19,围网
15087,31.856027777777786,126.10544444444444,1.3,278.0,2020-09-21 10:36:19,围网
15087,31.864,126.10633333333332,1.4,353.0,2020-09-21 10:46:19,围网
15087,31.869611111111112,126.10461111111113,2.8,333.0,2020-09-21 10:56:19,围网
15087,31.874805555555554,126.10224999999998,1.7,333.0,2020-09-21 11:06:19,围网
15087,31.877527777777786,126.09583333333332,1.8,302.0,2020-09-21 11:16:19,围网
15087,31.881777777777767,126.09258333333334,1.5,315.0,2020-09-21 11:26:19,围网
15087,31.88636111111111,126.08988888888894,1.3,328.0,2020-09-21 11:36:19,围网
15087,31.89044444444444,126.08677777777777,1.3,348.0,2020-09-21 11:46:21,围网
15087,31.894805555555553,126.08386111111106,0.8,0.0,2020-09-21 11:56:19,围网
15087,31.89897222222222,126.08091666666668,1.6,319.0,2020-09-21 12:06:38,围网
15087,31.90294444444444,126.07838888888894,2.1,324.0,2020-09-21 12:16:19,围网
15087,31.907722222222233,126.07786111111106,1.4,352.0,2020-09-21 12:26:19,围网
15087,31.912,126.0779722222222,1.5,1.0,2020-09-21 12:36:19,围网
15087,31.915722222222207,126.07805555555555,1.5,358.0,2020-09-21 12:46:19,围网
15087,31.919472222222232,126.07819444444445,1.7,1.0,2020-09-21 12:56:19,围网
15087,31.923333333333336,126.07902777777777,1.4,14.0,2020-09-21 13:06:19,围网
15087,31.92655555555556,126.07711111111112,1.3,270.0,2020-09-21 13:16:18,围网
15087,31.929472222222234,126.07361111111106,1.5,330.0,2020-09-21 13:26:18,围网
15087,31.92838888888889,126.0745,1.7,162.0,2020-09-21 13:36:18,围网
15087,31.924277777777768,126.07600000000001,1.6,201.0,2020-09-21 13:46:18,围网
15087,31.92508333333333,126.07263888888887,3.2,329.0,2020-09-21 13:56:18,围网
15087,31.92608333333333,126.06738888888887,1.9,280.0,2020-09-21 14:06:18,围网
15087,31.926416666666668,126.06205555555556,1.8,275.0,2020-09-21 14:16:18,围网
15087,31.92675,126.0569722222222,1.6,259.0,2020-09-21 14:26:18,围网
15087,31.92691666666667,126.05202777777778,1.5,301.0,2020-09-21 14:36:20,围网
15087,31.927,126.04727777777778,1.6,263.0,2020-09-21 14:46:18,围网
15087,31.927277777777785,126.04258333333334,2.0,330.0,2020-09-21 14:56:20,围网
15087,31.92752777777779,126.038,1.6,275.0,2020-09-21 15:06:26,围网
15087,31.92744444444445,126.03355555555555,2.0,271.0,2020-09-21 15:16:18,围网
15087,31.92688888888889,126.02902777777777,3.3,260.0,2020-09-21 15:26:40,围网
15087,31.931777777777786,126.03838888888887,2.0,73.0,2020-09-21 15:37:24,围网
15087,31.932861111111112,126.04255555555555,1.5,64.0,2020-09-21 15:46:18,围网
15087,31.932722222222232,126.04741666666666,1.3,78.0,2020-09-21 15:56:18,围网
15087,31.932472222222234,126.0522222222222,1.7,93.0,2020-09-21 16:06:18,围网
15087,31.93216666666667,126.0572222222222,1.9,106.0,2020-09-21 16:16:18,围网
15087,31.93191666666667,126.06230555555555,1.4,85.0,2020-09-21 16:26:19,围网
15087,31.931611111111113,126.06700000000001,0.9,106.0,2020-09-21 16:36:18,围网
15087,31.931277777777765,126.07183333333332,1.8,111.0,2020-09-21 16:46:18,围网
15087,31.93063888888889,126.07666666666668,0.9,0.0,2020-09-21 16:56:18,围网
15087,31.93025,126.08141666666666,1.5,105.0,2020-09-21 17:06:39,围网
15087,31.92975,126.08588888888887,1.6,98.0,2020-09-21 17:16:18,围网
15087,31.928722222222234,126.09038888888887,1.1,118.0,2020-09-21 17:26:18,围网
15087,31.92675,126.09491666666666,1.1,116.0,2020-09-21 17:36:18,围网
15087,31.924916666666668,126.09933333333332,2.2,117.0,2020-09-21 17:46:18,围网
15087,31.923027777777786,126.10355555555556,1.3,125.0,2020-09-21 17:56:18,围网
15087,31.92144444444445,126.10733333333332,0.8,116.0,2020-09-21 18:06:18,围网
15087,31.91966666666667,126.11097222222222,1.5,134.0,2020-09-21 18:16:25,围网
15087,31.917222222222208,126.11427777777777,1.3,155.0,2020-09-21 18:26:17,围网
15087,31.912888888888887,126.1165,1.3,142.0,2020-09-21 18:36:17,围网
15087,31.902916666666666,126.11811111111106,1.2,165.0,2020-09-21 18:56:17,围网
15087,31.89775,126.11708333333333,0.9,0.0,2020-09-21 19:06:18,围网
15087,31.893,126.11455555555555,1.0,180.0,2020-09-21 19:16:19,围网
15087,31.887916666666666,126.1135277777778,2.0,138.0,2020-09-21 19:26:20,围网
15087,31.88288888888889,126.11269444444444,3.9,0.0,2020-09-21 19:36:19,围网
15087,31.87811111111111,126.11058333333332,1.2,140.0,2020-09-21 19:46:34,围网
15087,31.8735,126.10911111111106,2.3,196.0,2020-09-21 19:56:17,围网
15087,31.868777777777765,126.10833333333332,2.3,184.0,2020-09-21 20:06:17,围网
15087,31.86438888888889,126.10774999999998,1.2,191.0,2020-09-21 20:16:17,围网
15087,31.860166666666668,126.10719444444445,1.7,173.0,2020-09-21 20:26:17,围网
15087,31.856055555555557,126.10644444444445,1.6,199.0,2020-09-21 20:36:17,围网
15087,31.85525,126.10419444444445,0.8,343.0,2020-09-21 20:46:17,围网
15087,31.85886111111111,126.10294444444445,1.1,8.0,2020-09-21 20:56:17,围网
15087,31.859055555555557,126.09919444444445,2.2,245.0,2020-09-21 21:06:17,围网
15087,31.85736111111111,126.09291666666664,1.8,263.0,2020-09-21 21:16:17,围网
15087,31.863277777777785,126.09411111111108,8.1,36.0,2020-09-21 21:26:17,围网
15087,31.878000000000004,126.10811111111113,7.0,36.0,2020-09-21 21:36:17,围网
15087,31.89372222222222,126.1197222222222,6.7,33.0,2020-09-21 21:46:17,围网
15087,31.910611111111113,126.13072222222222,7.2,30.0,2020-09-21 21:56:17,围网
15087,31.930111111111113,126.14025,8.6,13.0,2020-09-21 22:06:38,围网
15087,31.96305555555556,126.155,5.5,335.0,2020-09-21 22:26:17,围网
15087,31.97422222222221,126.14686111111112,5.5,332.0,2020-09-21 22:36:17,围网
15087,31.978222222222207,126.13858333333332,2.1,328.0,2020-09-21 22:46:17,围网
15087,31.979138888888887,126.13091666666666,1.9,294.0,2020-09-21 22:56:17,围网
15087,31.98044444444444,126.12427777777776,2.0,291.0,2020-09-21 23:06:17,围网
15087,31.98216666666667,126.11766666666666,2.3,294.0,2020-09-21 23:16:16,围网
15087,31.98416666666667,126.11108333333333,2.6,311.0,2020-09-21 23:26:16,围网
15087,31.986166666666666,126.10463888888887,2.1,303.0,2020-09-21 23:36:17,围网
15087,31.98830555555556,126.09808333333332,2.5,274.0,2020-09-21 23:46:39,围网
15087,31.990527777777785,126.09208333333332,2.7,272.0,2020-09-21 23:56:16,围网
15087,31.99288888888889,126.08583333333333,1.9,289.0,2020-09-22 00:06:16,围网
15087,31.99538888888889,126.0797777777778,1.6,296.0,2020-09-22 00:16:16,围网
15087,31.997750000000003,126.07388888888887,2.4,306.0,2020-09-22 00:26:16,围网
15087,32.00025,126.06802777777777,2.3,275.0,2020-09-22 00:36:16,围网
15087,32.002611111111115,126.06230555555555,1.6,291.0,2020-09-22 00:46:16,围网
15087,32.004583333333336,126.05680555555556,2.2,256.0,2020-09-22 00:56:16,围网
15087,32.00680555555556,126.05141666666664,2.0,289.0,2020-09-22 01:06:16,围网
15087,32.009166666666665,126.04611111111107,1.7,297.0,2020-09-22 01:16:16,围网
15087,32.011694444444444,126.04088888888887,2.0,326.0,2020-09-22 01:26:16,围网
15087,32.014222222222216,126.03580555555556,2.2,297.0,2020-09-22 01:36:16,围网
15087,32.01747222222223,126.03113888888888,1.8,318.0,2020-09-22 01:46:16,围网
15087,32.020972222222234,126.02694444444445,1.6,321.0,2020-09-22 01:56:16,围网
15087,32.0245,126.02294444444445,2.5,304.0,2020-09-22 02:06:38,围网
15087,32.028,126.01958333333332,2.7,285.0,2020-09-22 02:16:16,围网
15087,32.031888888888886,126.01644444444445,1.9,333.0,2020-09-22 02:26:16,围网
15087,32.03594444444444,126.01369444444444,1.4,3.0,2020-09-22 02:36:16,围网
15087,32.040166666666664,126.0115,1.8,3.0,2020-09-22 02:46:16,围网
15087,32.04405555555555,126.0094722222222,1.8,335.0,2020-09-22 02:56:16,围网
15087,32.04802777777777,126.00763888888888,0.9,334.0,2020-09-22 03:06:16,围网
15087,32.05169444444444,126.00580555555555,1.7,16.0,2020-09-22 03:16:16,围网
15087,32.056111111111115,126.006,2.0,0.0,2020-09-22 03:26:16,围网
15087,32.05975,126.01013888888887,2.1,40.0,2020-09-22 03:36:16,围网
15087,32.06275,126.01394444444445,1.7,34.0,2020-09-22 03:46:16,围网
15087,32.063888888888876,126.01952777777778,1.3,0.0,2020-09-22 03:56:16,围网
15087,32.063694444444444,126.02102777777776,1.6,317.0,2020-09-22 04:06:16,围网
15087,32.06286111111111,126.01619444444445,2.0,242.0,2020-09-22 04:16:15,围网
15087,32.06019444444444,126.01538888888888,0.5,0.0,2020-09-22 04:26:20,围网
15087,32.058833333333325,126.01336111111112,2.1,207.0,2020-09-22 04:36:15,围网
15087,32.06297222222222,126.01591666666668,6.5,37.0,2020-09-22 04:46:16,围网
15087,32.07758333333334,126.02611111111106,6.1,28.0,2020-09-22 04:56:15,围网
15087,32.09375000000001,126.03363888888887,5.1,18.0,2020-09-22 05:06:15,围网
15087,32.110166666666665,126.04058333333332,6.8,32.0,2020-09-22 05:16:15,围网
15087,32.117055555555545,126.04694444444445,6.9,78.0,2020-09-22 05:26:15,围网
15087,32.11741666666667,126.05669444444445,2.1,88.0,2020-09-22 05:36:39,围网
15087,32.11619444444445,126.06697222222222,1.4,0.0,2020-09-22 05:56:15,围网
15087,32.113055555555555,126.07161111111112,1.2,57.0,2020-09-22 06:06:15,围网
15087,32.11241666666667,126.07661111111106,1.8,117.0,2020-09-22 06:16:15,围网
15087,32.111972222222235,126.08144444444444,0.3,0.0,2020-09-22 06:26:15,围网
15087,32.111583333333336,126.08622222222222,1.5,65.0,2020-09-22 06:36:15,围网
15087,32.11138888888889,126.09091666666666,1.1,80.0,2020-09-22 06:46:15,围网
15087,32.11108333333333,126.09525,2.3,93.0,2020-09-22 06:56:15,围网
15087,32.110083333333336,126.09955555555555,1.6,86.0,2020-09-22 07:06:15,围网
15087,32.10863888888889,126.10394444444445,0.7,0.0,2020-09-22 07:16:15,围网
15087,32.10508333333334,126.1124722222222,1.4,135.0,2020-09-22 07:36:15,围网
15087,32.10341666666667,126.11666666666666,1.4,111.0,2020-09-22 07:46:15,围网
15087,32.10158333333334,126.12063888888888,1.6,0.0,2020-09-22 07:56:15,围网
15087,32.09844444444445,126.12441666666665,1.3,134.0,2020-09-22 08:07:03,围网
15087,32.09552777777778,126.12725,1.8,142.0,2020-09-22 08:16:15,围网
15087,32.09227777777778,126.13011111111106,2.1,157.0,2020-09-22 08:26:15,围网
15087,32.08891666666667,126.1325,1.0,126.0,2020-09-22 08:36:15,围网
15087,32.08427777777778,126.13280555555555,0.9,160.0,2020-09-22 08:46:15,围网
15087,32.07963888888889,126.13208333333333,1.8,185.0,2020-09-22 08:56:15,围网
15087,32.07494444444445,126.12944444444445,2.0,221.0,2020-09-22 09:06:15,围网
15087,32.06880555555557,126.11855555555556,1.7,227.0,2020-09-22 09:26:14,围网
15087,32.06619444444444,126.1124722222222,2.1,257.0,2020-09-22 09:37:01,围网
15087,32.064777777777785,126.10644444444445,2.0,266.0,2020-09-22 09:46:14,围网
15087,32.06325,126.10002777777777,2.2,251.0,2020-09-22 09:56:14,围网
15087,32.06180555555555,126.09380555555555,1.8,253.0,2020-09-22 10:06:14,围网
15087,32.060694444444444,126.08730555555556,1.9,269.0,2020-09-22 10:16:14,围网
15087,32.060555555555545,126.084,0.6,51.0,2020-09-22 10:26:14,围网
15087,32.06222222222222,126.08480555555555,0.5,28.0,2020-09-22 10:36:14,围网
15087,32.062388888888876,126.08066666666666,2.7,266.0,2020-09-22 10:46:14,围网
15087,32.06158333333333,126.07361111111106,3.2,262.0,2020-09-22 10:56:14,围网
15087,32.06366666666666,126.07613888888888,2.7,66.0,2020-09-22 11:06:14,围网
15087,32.0635,126.06166666666668,4.1,307.0,2020-09-22 11:16:14,围网
15087,32.064861111111114,126.05316666666668,3.5,258.0,2020-09-22 11:26:14,围网
15087,32.06625,126.04569444444445,2.7,286.0,2020-09-22 11:36:14,围网
15087,32.06794444444444,126.03738888888893,2.1,301.0,2020-09-22 11:46:39,围网
15087,32.06877777777778,126.03105555555555,1.8,280.0,2020-09-22 11:56:14,围网
15087,32.06944444444445,126.0245,1.1,0.0,2020-09-22 12:06:14,围网
15087,32.07061111111111,126.01763888888887,2.5,309.0,2020-09-22 12:16:39,围网
15087,32.07161111111111,126.01133333333333,1.0,279.0,2020-09-22 12:26:14,围网
15087,32.072722222222225,126.00486111111113,2.6,315.0,2020-09-22 12:36:14,围网
15087,32.07377777777778,125.99855555555555,1.7,281.0,2020-09-22 12:46:14,围网
15087,32.074972222222236,125.99219444444445,1.7,272.0,2020-09-22 12:56:14,围网
15087,32.07627777777778,125.98611111111113,2.0,314.0,2020-09-22 13:06:14,围网
15087,32.07758333333334,125.98025,1.6,270.0,2020-09-22 13:16:14,围网
15087,32.07891666666667,125.97433333333332,2.3,316.0,2020-09-22 13:26:14,围网
15087,32.08083333333334,125.9685,1.3,305.0,2020-09-22 13:36:14,围网
15087,32.082722222222216,125.96275,1.7,295.0,2020-09-22 13:46:14,围网
15087,32.08475000000001,125.95711111111113,1.4,279.0,2020-09-22 13:56:14,围网
15087,32.08691666666667,125.95172222222223,1.2,296.0,2020-09-22 14:06:14,围网
15087,32.089055555555554,125.94655555555555,2.1,259.0,2020-09-22 14:16:13,围网
15087,32.091138888888885,125.94127777777778,1.7,74.0,2020-09-22 14:26:13,围网
15087,32.09294444444445,125.93638888888893,1.2,91.0,2020-09-22 14:36:15,围网
15087,32.094972222222225,125.93111111111112,2.1,263.0,2020-09-22 14:46:35,围网
15087,32.096972222222234,125.92658333333334,1.6,338.0,2020-09-22 14:56:13,围网
15087,32.09908333333334,125.92205555555556,1.4,352.0,2020-09-22 15:06:13,围网
15087,32.10127777777777,125.91763888888887,1.6,293.0,2020-09-22 15:16:13,围网
15087,32.1035,125.91327777777781,2.5,277.0,2020-09-22 15:26:13,围网
15087,32.10563888888889,125.90908333333334,3.4,0.0,2020-09-22 15:36:13,围网
15087,32.1075,125.9048888888889,2.6,289.0,2020-09-22 15:46:13,围网
15087,32.10794444444444,125.90458333333332,2.0,40.0,2020-09-22 15:56:13,围网
15087,32.107222222222234,125.90861111111113,1.1,93.0,2020-09-22 16:06:38,围网
15087,32.10669444444445,125.90772222222222,4.2,239.0,2020-09-22 16:16:16,围网
15087,32.106472222222216,125.90405555555556,1.3,309.0,2020-09-22 16:26:57,围网
15087,32.10602777777778,125.90158333333332,0.8,267.0,2020-09-22 16:36:13,围网
15087,32.113166666666665,125.90755555555555,1.7,24.0,2020-09-22 16:46:13,围网
15087,32.11427777777778,125.91194444444444,1.2,79.0,2020-09-22 16:56:13,围网
15087,32.11522222222221,125.91611111111112,1.3,81.0,2020-09-22 17:06:13,围网
15087,32.11669444444445,125.92475,2.4,112.0,2020-09-22 17:26:13,围网
15087,32.117,125.92969444444445,1.7,51.0,2020-09-22 17:36:13,围网
15087,32.11688888888889,125.93441666666666,1.3,83.0,2020-09-22 17:46:13,围网
15087,32.116777777777784,125.93933333333334,2.5,124.0,2020-09-22 17:56:13,围网
15087,32.11661111111111,125.944,1.7,59.0,2020-09-22 18:06:13,围网
15087,32.11658333333334,125.94861111111112,1.2,41.0,2020-09-22 18:16:13,围网
15087,32.116444444444454,125.95316666666668,1.6,46.0,2020-09-22 18:26:13,围网
15087,32.11627777777777,125.9577777777778,1.5,43.0,2020-09-22 18:36:13,围网
15087,32.11525,125.96236111111112,1.7,114.0,2020-09-22 18:46:13,围网
15087,32.11475000000001,125.96669444444444,2.2,0.0,2020-09-22 18:56:13,围网
15087,32.11388888888889,125.97075,1.5,0.0,2020-09-22 19:06:13,围网
15087,32.11266666666667,125.97472222222223,2.3,21.0,2020-09-22 19:16:12,围网
15087,32.111,125.97855555555556,2.3,130.0,2020-09-22 19:26:12,围网
15087,32.10775,125.98180555555555,1.8,0.0,2020-09-22 19:36:12,围网
15087,32.102472222222225,125.98294444444444,2.2,207.0,2020-09-22 19:46:39,围网
15087,32.09691666666667,125.98138888888887,1.8,208.0,2020-09-22 19:56:14,围网
15087,32.09158333333334,125.97808333333332,1.9,220.0,2020-09-22 20:06:39,围网
15087,32.08738888888889,125.9735277777778,1.8,248.0,2020-09-22 20:16:12,围网
15087,32.08383333333333,125.968,2.1,232.0,2020-09-22 20:26:12,围网
15087,32.080972222222236,125.96197222222222,2.7,260.0,2020-09-22 20:36:12,围网
15087,32.079,125.95530555555555,1.3,225.0,2020-09-22 20:46:12,围网
15087,32.077472222222234,125.94875,1.1,277.0,2020-09-22 20:56:12,围网
15087,32.076194444444454,125.94208333333331,2.5,251.0,2020-09-22 21:06:12,围网
15087,32.07519444444445,125.93516666666667,1.7,271.0,2020-09-22 21:16:12,围网
15087,32.074138888888896,125.92825,2.9,258.0,2020-09-22 21:26:12,围网
15087,32.07327777777777,125.92080555555556,2.8,265.0,2020-09-22 21:36:39,围网
15087,32.072527777777786,125.91394444444445,2.5,257.0,2020-09-22 21:46:12,围网
15087,32.071944444444455,125.90672222222223,2.5,259.0,2020-09-22 21:56:12,围网
15087,32.071694444444454,125.90263888888887,1.2,0.0,2020-09-22 22:06:12,围网
15087,32.07241666666667,125.9032777777778,1.2,35.0,2020-09-22 22:16:12,围网
15087,32.07277777777778,125.90069444444444,2.9,280.0,2020-09-22 22:27:09,围网
15087,32.07280555555556,125.89488888888893,4.0,230.0,2020-09-22 22:36:12,围网
15087,32.07266666666667,125.888,3.0,275.0,2020-09-22 22:46:12,围网
15087,32.072611111111115,125.88163888888887,4.2,247.0,2020-09-22 22:56:12,围网
15087,32.072750000000006,125.86575,3.2,280.0,2020-09-22 23:06:12,围网
15087,32.07330555555556,125.85855555555555,2.1,267.0,2020-09-22 23:16:12,围网
15087,32.07380555555556,125.85125,2.7,278.0,2020-09-22 23:26:12,围网
15087,32.074444444444445,125.84355555555555,1.0,239.0,2020-09-22 23:37:03,围网
15087,32.074888888888886,125.83697222222222,2.0,278.0,2020-09-22 23:46:12,围网
15087,32.07552777777778,125.82983333333333,1.9,289.0,2020-09-22 23:56:12,围网
15087,32.076,125.82274999999998,1.5,280.0,2020-09-23 00:06:12,围网
15087,32.076527777777784,125.81594444444444,3.1,305.0,2020-09-23 00:16:11,围网
15087,32.07688888888889,125.80913888888887,1.1,266.0,2020-09-23 00:26:11,围网
15087,32.07730555555556,125.80247222222219,2.5,267.0,2020-09-23 00:36:11,围网
15087,32.077972222222236,125.796,0.8,268.0,2020-09-23 00:46:11,围网
15087,32.07833333333333,125.7895277777778,2.7,265.0,2020-09-23 00:56:11,围网
15087,32.07916666666667,125.78277777777778,2.2,286.0,2020-09-23 01:06:11,围网
15087,32.07602777777778,125.77091666666666,2.4,200.0,2020-09-23 01:26:11,围网
15087,32.07397222222223,125.76580555555556,2.1,340.0,2020-09-23 01:36:11,围网
15087,32.073,125.75997222222222,2.6,192.0,2020-09-23 01:46:13,围网
15087,32.07438888888889,125.75269444444444,1.2,307.0,2020-09-23 01:56:39,围网
15087,32.07588888888889,125.74666666666668,2.3,294.0,2020-09-23 02:06:11,围网
15087,32.077666666666666,125.74061111111112,2.8,313.0,2020-09-23 02:16:11,围网
15087,32.07955555555556,125.73469444444444,2.1,290.0,2020-09-23 02:26:12,围网
15087,32.08144444444445,125.72888888888887,3.1,274.0,2020-09-23 02:36:11,围网
15087,32.0825,125.723,1.6,276.0,2020-09-23 02:46:11,围网
15087,32.082722222222216,125.71730555555555,1.4,309.0,2020-09-23 02:56:11,围网
15087,32.08269444444445,125.71183333333336,1.5,287.0,2020-09-23 03:06:11,围网
15087,32.08277777777778,125.70675,2.5,283.0,2020-09-23 03:16:11,围网
15087,32.08297222222223,125.70102777777778,1.5,278.0,2020-09-23 03:26:39,围网
15087,32.082861111111114,125.69588888888893,1.1,321.0,2020-09-23 03:36:11,围网
15087,32.083694444444454,125.69080555555556,2.0,265.0,2020-09-23 03:46:11,围网
15087,32.08463888888889,125.68575,4.1,263.0,2020-09-23 03:56:11,围网
15087,32.08533333333334,125.68130555555555,0.8,115.0,2020-09-23 04:06:11,围网
15087,32.08544444444445,125.68469444444445,2.9,153.0,2020-09-23 04:16:11,围网
15087,32.085166666666666,125.68741666666668,1.0,270.0,2020-09-23 04:26:11,围网
15087,32.08494444444445,125.68458333333334,0.6,0.0,2020-09-23 04:36:11,围网
15087,32.08416666666667,125.68072222222223,0.5,0.0,2020-09-23 04:46:11,围网
15087,32.08525,125.68469444444445,6.8,81.0,2020-09-23 04:56:11,围网
15087,32.086361111111124,125.70483333333334,8.3,85.0,2020-09-23 05:06:10,围网
15087,32.087250000000004,125.72444444444444,11.7,74.0,2020-09-23 05:16:10,围网
15087,32.08877777777778,125.74422222222223,7.6,75.0,2020-09-23 05:26:14,围网
15087,32.09166666666667,125.76330555555555,6.8,66.0,2020-09-23 05:36:10,围网
15087,32.094388888888886,125.78369444444445,12.6,84.0,2020-09-23 05:46:10,围网
15087,32.09558333333334,125.80425,7.5,86.0,2020-09-23 05:56:11,围网
15087,32.09677777777778,125.82577777777777,6.9,91.0,2020-09-23 06:06:38,围网
15087,32.09783333333333,125.84469444444444,6.1,56.0,2020-09-23 06:16:10,围网
15087,32.09816666666667,125.86475,5.5,83.0,2020-09-23 06:26:10,围网
15087,32.098638888888885,125.88197222222222,0.5,0.0,2020-09-23 06:36:10,围网
15087,32.09583333333334,125.87647222222222,8.4,270.0,2020-09-23 06:46:13,围网
15087,32.09463888888889,125.86636111111108,2.2,238.0,2020-09-23 06:56:10,围网
15087,32.09272222222222,125.86138888888887,1.4,264.0,2020-09-23 07:06:10,围网
15087,32.08827777777777,125.85116666666669,5.0,231.0,2020-09-23 07:26:10,围网
15087,32.08602777777778,125.84583333333332,3.8,249.0,2020-09-23 07:36:10,围网
15087,32.08383333333333,125.84036111111112,1.0,0.0,2020-09-23 07:46:11,围网
15087,32.08244444444445,125.83397222222222,0.7,0.0,2020-09-23 07:57:29,围网
15087,32.082388888888886,125.82913888888888,0.5,0.0,2020-09-23 08:06:10,围网
15087,32.082194444444454,125.82305555555556,1.0,240.0,2020-09-23 08:16:39,围网
15087,32.08211111111111,125.81755555555556,3.2,258.0,2020-09-23 08:26:10,围网
15087,32.081972222222234,125.81183333333334,1.1,263.0,2020-09-23 08:36:10,围网
15087,32.08155555555556,125.80583333333333,4.0,258.0,2020-09-23 08:46:10,围网
15087,32.08080555555556,125.79963888888894,2.2,280.0,2020-09-23 08:56:10,围网
15087,32.07997222222223,125.79330555555555,2.5,242.0,2020-09-23 09:06:10,围网
15087,32.077916666666674,125.78694444444444,2.9,232.0,2020-09-23 09:16:10,围网
15087,32.07555555555556,125.78047222222223,1.6,247.0,2020-09-23 09:26:10,围网
15087,32.074027777777786,125.77380555555555,3.0,256.0,2020-09-23 09:36:10,围网
15087,32.072611111111115,125.76694444444445,3.0,274.0,2020-09-23 09:46:10,围网
15087,32.07141666666667,125.75997222222222,2.3,256.0,2020-09-23 09:56:10,围网
15087,32.071583333333336,125.75236111111107,3.0,253.0,2020-09-23 10:06:38,围网
15087,32.072250000000004,125.74558333333331,2.3,323.0,2020-09-23 10:16:09,围网
15087,32.07269444444445,125.73869444444445,1.7,267.0,2020-09-23 10:26:09,围网
15087,32.073194444444454,125.73188888888888,2.3,259.0,2020-09-23 10:36:09,围网
15087,32.0735,125.72513888888888,2.6,268.0,2020-09-23 10:46:09,围网
15087,32.07438888888889,125.71813888888887,1.5,279.0,2020-09-23 10:56:09,围网
15087,32.07577777777778,125.71094444444445,3.4,275.0,2020-09-23 11:06:09,围网
15087,32.07741666666667,125.70388888888893,2.7,277.0,2020-09-23 11:16:09,围网
15087,32.07838888888889,125.69919444444444,1.1,142.0,2020-09-23 11:26:09,围网
15087,32.078027777777784,125.7000277777778,1.9,105.0,2020-09-23 11:36:15,围网
15087,32.07833333333333,125.69697222222223,3.8,296.0,2020-09-23 11:46:36,围网
15087,32.078555555555546,125.68961111111112,5.2,258.0,2020-09-23 11:56:09,围网
15087,32.080333333333336,125.68538888888894,6.8,107.0,2020-09-23 12:06:10,围网
15087,32.081222222222216,125.70333333333332,4.7,95.0,2020-09-23 12:16:09,围网
15087,32.08063888888889,125.72130555555556,6.0,76.0,2020-09-23 12:26:10,围网
15087,32.08016666666667,125.73994444444445,6.0,85.0,2020-09-23 12:36:10,围网
15087,32.07980555555556,125.75838888888893,4.2,79.0,2020-09-23 12:46:09,围网
15087,32.07925000000001,125.77719444444445,5.8,98.0,2020-09-23 12:56:09,围网
15087,32.078555555555546,125.79672222222223,5.4,99.0,2020-09-23 13:06:09,围网
15087,32.07663888888889,125.81544444444445,6.1,95.0,2020-09-23 13:16:09,围网
15087,32.075027777777784,125.83452777777778,7.3,85.0,2020-09-23 13:26:09,围网
15087,32.07255555555556,125.85325,5.7,118.0,2020-09-23 13:36:09,围网
15087,32.069,125.86980555555556,4.4,92.0,2020-09-23 13:46:09,围网
15087,32.068444444444445,125.88591666666667,4.7,103.0,2020-09-23 13:56:09,围网
15087,32.06666666666667,125.90058333333332,3.8,103.0,2020-09-23 14:06:39,围网
15087,32.06583333333333,125.89913888888887,4.3,0.0,2020-09-23 14:16:10,围网
15087,32.06980555555556,125.90630555555555,1.4,0.0,2020-09-23 14:26:09,围网
15087,32.07330555555556,125.90963888888888,1.0,31.0,2020-09-23 14:36:37,围网
15087,32.076055555555556,125.91263888888888,1.3,49.0,2020-09-23 14:46:09,围网
15087,32.078861111111124,125.91580555555555,0.6,0.0,2020-09-23 14:56:09,围网
15087,32.081722222222226,125.91930555555555,2.8,9.0,2020-09-23 15:06:08,围网
15087,32.08719444444445,125.92655555555555,0.9,0.0,2020-09-23 15:26:08,围网
15087,32.089555555555556,125.9305,1.4,90.0,2020-09-23 15:36:08,围网
15087,32.090972222222234,125.9350277777778,2.1,61.0,2020-09-23 15:46:08,围网
15087,32.09130555555556,125.93980555555555,3.0,55.0,2020-09-23 15:56:08,围网
15087,32.091833333333334,125.94430555555556,1.9,61.0,2020-09-23 16:06:08,围网
15087,32.09297222222223,125.94883333333334,1.6,77.0,2020-09-23 16:16:08,围网
15087,32.09425,125.95380555555555,1.5,80.0,2020-09-23 16:26:08,围网
15087,32.095166666666664,125.95825,2.3,109.0,2020-09-23 16:36:08,围网
15087,32.09583333333334,125.96263888888888,1.9,96.0,2020-09-23 16:46:08,围网
15087,32.0965,125.96722222222222,1.2,83.0,2020-09-23 16:56:36,围网
15087,32.097,125.97155555555555,1.5,76.0,2020-09-23 17:06:08,围网
15087,32.096972222222234,125.97638888888888,1.8,60.0,2020-09-23 17:16:08,围网
15087,32.09725,125.98138888888887,1.9,71.0,2020-09-23 17:26:08,围网
15087,32.097527777777785,125.9865,2.0,78.0,2020-09-23 17:36:08,围网
15087,32.09783333333333,125.99161111111113,1.7,98.0,2020-09-23 17:46:08,围网
15087,32.09808333333334,126.00172222222223,0.8,78.0,2020-09-23 18:06:08,围网
15087,32.097750000000005,126.00666666666666,1.5,98.0,2020-09-23 18:16:08,围网
15087,32.09730555555556,126.01155555555556,0.8,0.0,2020-09-23 18:26:08,围网
15087,32.095555555555556,126.01647222222222,2.8,120.0,2020-09-23 18:36:12,围网
15087,32.08997222222221,126.02136111111106,0.4,0.0,2020-09-23 18:46:08,围网
15087,32.08855555555556,126.0262777777778,0.6,0.0,2020-09-23 18:56:08,围网
15087,32.08750000000001,126.0312777777778,1.3,91.0,2020-09-23 19:06:08,围网
15087,32.08638888888889,126.03625,1.0,88.0,2020-09-23 19:16:08,围网
15087,32.08525,126.04125,0.8,0.0,2020-09-23 19:26:08,围网
15087,32.08405555555556,126.0462222222222,1.9,102.0,2020-09-23 19:36:08,围网
15087,32.08266666666667,126.05080555555556,1.4,110.0,2020-09-23 19:46:10,围网
15087,32.08058333333334,126.0552222222222,2.0,0.0,2020-09-23 19:56:11,围网
15087,32.07936111111112,126.05291666666666,0.5,265.0,2020-09-23 20:06:36,围网
15087,32.07994444444444,126.04880555555556,2.4,231.0,2020-09-23 20:16:07,围网
15087,32.07688888888889,126.04630555555555,2.7,212.0,2020-09-23 20:26:07,围网
15087,32.07336111111112,126.04333333333334,1.5,243.0,2020-09-23 20:36:07,围网
15087,32.07238888888889,126.03744444444445,7.7,304.0,2020-09-23 20:46:07,围网
15087,32.07541666666667,126.02888888888887,0.7,0.0,2020-09-23 20:56:10,围网
15087,32.07558333333334,126.02283333333334,2.1,252.0,2020-09-23 21:06:36,围网
15087,32.07611111111112,126.01144444444445,2.0,276.0,2020-09-23 21:26:07,围网
15087,32.076472222222236,126.00541666666666,1.1,288.0,2020-09-23 21:36:07,围网
15087,32.07677777777778,125.99938888888887,2.2,279.0,2020-09-23 21:46:07,围网
15087,32.077000000000005,125.99330555555555,2.2,266.0,2020-09-23 21:56:07,围网
15087,32.07719444444445,125.98725,2.2,280.0,2020-09-23 22:06:07,围网
15087,32.077555555555556,125.98102777777778,2.3,265.0,2020-09-23 22:16:08,围网
15087,32.078,125.97488888888893,2.4,284.0,2020-09-23 22:26:07,围网
15087,32.078361111111114,125.96872222222223,1.6,275.0,2020-09-23 22:36:07,围网
15087,32.07869444444445,125.96252777777778,1.3,269.0,2020-09-23 22:46:07,围网
15087,32.079194444444454,125.95630555555556,2.0,277.0,2020-09-23 22:56:07,围网
15087,32.07969444444445,125.94991666666668,1.5,275.0,2020-09-23 23:06:07,围网
15087,32.0801388888889,125.94366666666667,1.8,271.0,2020-09-23 23:16:07,围网
15087,32.08052777777778,125.93733333333334,2.2,256.0,2020-09-23 23:26:07,围网
15087,32.08108333333334,125.93052777777778,1.9,271.0,2020-09-23 23:37:03,围网
15087,32.08169444444445,125.92488888888893,2.1,282.0,2020-09-23 23:46:07,围网
15087,32.08233333333334,125.91886111111113,2.0,270.0,2020-09-23 23:56:07,围网
15087,32.08405555555556,125.90916666666668,0.5,0.0,2020-09-24 00:16:07,围网
15087,32.08452777777778,125.90302777777778,1.8,268.0,2020-09-24 00:26:07,围网
15087,32.084666666666664,125.89613888888887,1.7,287.0,2020-09-24 00:36:07,围网
15087,32.08591666666667,125.88972222222223,1.1,276.0,2020-09-24 00:46:07,围网
15087,32.08588888888889,125.88319444444444,1.7,254.0,2020-09-24 00:56:07,围网
15087,32.085722222222216,125.87683333333334,2.0,251.0,2020-09-24 01:06:06,围网
15087,32.08547222222223,125.87080555555555,0.9,0.0,2020-09-24 01:16:06,围网
15087,32.08594444444444,125.86475,0.8,0.0,2020-09-24 01:26:06,围网
15087,32.08719444444445,125.8582222222222,2.1,310.0,2020-09-24 01:36:35,围网
15087,32.08883333333333,125.85224999999998,2.6,253.0,2020-09-24 01:46:06,围网
15087,32.09019444444445,125.8460277777778,1.4,275.0,2020-09-24 01:56:06,围网
15087,32.091388888888886,125.84,2.6,274.0,2020-09-24 02:06:08,围网
15087,32.092805555555564,125.83419444444445,2.6,335.0,2020-09-24 02:16:06,围网
15087,32.094194444444454,125.82833333333332,2.3,315.0,2020-09-24 02:26:07,围网
15087,32.09577777777777,125.82261111111107,2.0,292.0,2020-09-24 02:36:06,围网
15087,32.09755555555556,125.81680555555555,1.8,307.0,2020-09-24 02:46:35,围网
15087,32.09913888888889,125.81147222222219,1.6,320.0,2020-09-24 02:56:06,围网
15087,32.100472222222216,125.80711111111113,1.7,293.0,2020-09-24 03:06:06,围网
15087,32.10108333333333,125.80911111111112,0.3,0.0,2020-09-24 03:16:06,围网
15087,32.10125,125.81191666666666,1.0,111.0,2020-09-24 03:26:06,围网
15087,32.10222222222223,125.81027777777777,0.8,238.0,2020-09-24 03:36:06,围网
15087,32.102833333333336,125.80738888888894,2.2,274.0,2020-09-24 03:46:06,围网
15087,32.10516666666667,125.80763888888887,7.7,91.0,2020-09-24 03:56:08,围网
15087,32.10219444444445,125.83047222222223,8.4,107.0,2020-09-24 04:06:26,围网
15087,32.09702777777778,125.85269444444445,10.3,95.0,2020-09-24 04:16:06,围网
15087,32.09358333333333,125.87233333333332,4.7,89.0,2020-09-24 04:26:17,围网
15087,32.095694444444455,125.88019444444444,5.7,97.0,2020-09-24 04:36:06,围网
15087,32.095916666666675,125.88694444444445,2.3,79.0,2020-09-24 04:46:06,围网
15087,32.09605555555556,125.89194444444445,2.3,75.0,2020-09-24 04:56:06,围网
15087,32.09616666666667,125.89730555555555,2.9,92.0,2020-09-24 05:06:06,围网
15087,32.096000000000004,125.90205555555555,1.6,0.0,2020-09-24 05:16:06,围网
15087,32.096000000000004,125.90733333333334,1.2,87.0,2020-09-24 05:26:33,围网
15087,32.095916666666675,125.9122777777778,1.7,80.0,2020-09-24 05:36:06,围网
15087,32.09588888888889,125.91741666666668,2.0,107.0,2020-09-24 05:46:06,围网
15087,32.095916666666675,125.92252777777777,1.9,125.0,2020-09-24 05:56:05,围网
15087,32.09597222222223,125.92763888888894,1.8,93.0,2020-09-24 06:06:05,围网
15087,32.09580555555556,125.93280555555555,2.0,95.0,2020-09-24 06:16:05,围网
15087,32.09577777777777,125.93819444444445,1.0,68.0,2020-09-24 06:26:05,围网
15087,32.09633333333333,125.94316666666668,1.5,52.0,2020-09-24 06:36:05,围网
15087,32.09675000000001,125.9482777777778,1.5,93.0,2020-09-24 06:46:05,围网
15087,32.097,125.95344444444444,1.5,93.0,2020-09-24 06:56:05,围网
15087,32.09711111111111,125.9585277777778,1.4,90.0,2020-09-24 07:06:05,围网
15087,32.097277777777784,125.9632777777778,2.0,82.0,2020-09-24 07:16:05,围网
15087,32.09694444444445,125.96816666666666,2.9,132.0,2020-09-24 07:26:05,围网
15087,32.090250000000005,125.97097222222222,3.0,177.0,2020-09-24 07:36:05,围网
15087,32.083972222222236,125.96944444444445,2.8,203.0,2020-09-24 07:46:05,围网
15087,32.07913888888889,125.96661111111106,1.9,209.0,2020-09-24 07:56:33,围网
15087,32.074972222222236,125.96355555555556,2.1,212.0,2020-09-24 08:06:05,围网
15087,32.07066666666667,125.96022222222223,2.0,175.0,2020-09-24 08:16:05,围网
15087,32.06647222222223,125.95658333333334,2.0,229.0,2020-09-24 08:26:05,围网
15087,32.06261111111111,125.95272222222222,1.4,226.0,2020-09-24 08:36:05,围网
15087,32.059083333333334,125.94866666666668,1.5,207.0,2020-09-24 08:46:05,围网
15087,32.05591666666667,125.94436111111112,1.4,238.0,2020-09-24 08:56:05,围网
15087,32.05288888888889,125.93986111111113,1.4,217.0,2020-09-24 09:06:05,围网
15087,32.04983333333333,125.93516666666667,2.1,223.0,2020-09-24 09:16:05,围网
15087,32.04702777777778,125.93033333333337,1.5,264.0,2020-09-24 09:26:05,围网
15087,32.044305555555546,125.92558333333334,1.2,0.0,2020-09-24 09:36:05,围网
15087,32.041472222222225,125.92072222222224,2.1,225.0,2020-09-24 09:46:05,围网
15087,32.04113888888889,125.92283333333334,5.1,102.0,2020-09-24 09:56:05,围网
15087,32.04133333333333,125.92391666666668,3.3,239.0,2020-09-24 10:06:38,围网
15087,32.03897222222222,125.92033333333336,0.4,234.0,2020-09-24 10:16:05,围网
15087,32.03616666666667,125.91541666666667,4.4,231.0,2020-09-24 10:26:05,围网
15087,32.02788888888889,125.90672222222223,4.0,204.0,2020-09-24 10:36:05,围网
15087,32.01661111111111,125.90019444444445,9.2,209.0,2020-09-24 10:46:05,围网
15087,31.99838888888889,125.8895,7.0,200.0,2020-09-24 10:56:04,围网
15087,31.980611111111113,125.87866666666666,7.6,208.0,2020-09-24 11:06:04,围网
15087,31.962972222222234,125.86786111111113,6.7,202.0,2020-09-24 11:16:04,围网
15087,31.94538888888889,125.85713888888887,7.0,208.0,2020-09-24 11:26:04,围网
15087,31.92777777777778,125.84658333333331,7.3,206.0,2020-09-24 11:36:04,围网
15087,31.9155,125.8372222222222,2.6,241.0,2020-09-24 11:46:04,围网
15087,31.89686111111111,125.82311111111113,8.7,204.0,2020-09-24 11:56:14,围网
15087,31.872222222222234,125.80825,10.6,212.0,2020-09-24 12:06:43,围网
15087,31.85058333333333,125.79505555555555,11.5,214.0,2020-09-24 12:16:04,围网
15087,31.82691666666667,125.7805,9.7,214.0,2020-09-24 12:26:04,围网
15087,31.802861111111113,125.76583333333332,9.9,211.0,2020-09-24 12:36:13,围网
15087,31.799222222222234,125.73763888888887,10.9,292.0,2020-09-24 12:46:04,围网
15087,31.80619444444445,125.71163888888887,10.5,315.0,2020-09-24 12:56:04,围网
15087,31.826305555555557,125.69063888888893,9.7,325.0,2020-09-24 13:06:04,围网
15087,31.84647222222221,125.6700277777778,9.7,319.0,2020-09-24 13:16:04,围网
15087,31.86666666666667,125.65022222222223,8.9,315.0,2020-09-24 13:26:04,围网
15087,31.886083333333332,125.63088888888888,9.5,315.0,2020-09-24 13:36:04,围网
15087,31.905916666666666,125.61091666666668,9.2,308.0,2020-09-24 13:46:04,围网
15087,31.925583333333336,125.59091666666666,9.9,325.0,2020-09-24 13:56:04,围网
15087,31.94511111111111,125.57175,9.2,316.0,2020-09-24 14:06:04,围网
15087,31.96447222222222,125.55255555555556,8.6,340.0,2020-09-24 14:16:04,围网
15087,31.983777777777767,125.533,9.2,337.0,2020-09-24 14:26:04,围网
15087,32.00258333333333,125.51422222222223,8.8,326.0,2020-09-24 14:36:06,围网
15087,32.02091666666667,125.49569444444445,9.0,323.0,2020-09-24 14:46:04,围网
15087,32.03988888888888,125.47672222222224,8.5,324.0,2020-09-24 14:56:04,围网
15087,32.059888888888885,125.45702777777778,10.8,314.0,2020-09-24 15:06:04,围网
15087,32.08016666666667,125.43658333333336,9.4,327.0,2020-09-24 15:16:04,围网
15087,32.10144444444445,125.41511111111113,9.8,317.0,2020-09-24 15:26:32,围网
15087,32.12105555555556,125.39530555555555,9.8,314.0,2020-09-24 15:36:04,围网
15087,32.141666666666666,125.37458333333332,10.4,325.0,2020-09-24 15:46:04,围网
15087,32.16244444444444,125.3532777777778,8.4,330.0,2020-09-24 15:56:03,围网
15087,32.18455555555555,125.33194444444445,9.5,316.0,2020-09-24 16:06:32,围网
15087,32.20463888888889,125.31286111111108,10.0,322.0,2020-09-24 16:16:03,围网
15087,32.22502777777778,125.29241666666668,11.8,313.0,2020-09-24 16:26:03,围网
15087,32.245555555555555,125.27219444444445,10.0,318.0,2020-09-24 16:36:03,围网
15087,32.266194444444444,125.25216666666668,8.9,316.0,2020-09-24 16:46:03,围网
15087,32.28633333333333,125.23188888888888,9.0,319.0,2020-09-24 16:56:03,围网
15087,32.32558333333334,125.19363888888887,9.9,319.0,2020-09-24 17:16:03,围网
15087,32.345194444444445,125.17430555555555,9.3,320.0,2020-09-24 17:26:03,围网
15087,32.36438888888889,125.1545277777778,9.2,324.0,2020-09-24 17:36:03,围网
15087,32.383277777777785,125.13444444444444,8.9,312.0,2020-09-24 17:46:03,围网
15087,32.401555555555554,125.11388888888888,8.5,317.0,2020-09-24 17:56:03,围网
15087,32.420777777777765,125.09275,8.9,324.0,2020-09-24 18:06:31,围网
15087,32.43819444444444,125.074,8.7,310.0,2020-09-24 18:16:03,围网
15087,32.456027777777784,125.0545,9.6,327.0,2020-09-24 18:26:03,围网
15087,32.473472222222235,125.03483333333332,8.8,317.0,2020-09-24 18:36:03,围网
15087,32.49080555555556,125.01588888888894,9.4,326.0,2020-09-24 18:46:03,围网
15087,32.508222222222216,124.99761111111113,8.4,316.0,2020-09-24 18:56:03,围网
15087,32.54633333333333,124.96111111111112,8.8,313.0,2020-09-24 19:16:03,围网
15087,32.56569444444445,124.94280555555555,9.0,317.0,2020-09-24 19:26:03,围网
15087,32.586666666666666,124.92811111111112,8.3,324.0,2020-09-24 19:36:04,围网
15087,32.60616666666667,124.91450000000002,4.8,328.0,2020-09-24 19:46:03,围网
15087,32.609527777777785,124.91563888888888,9.2,103.0,2020-09-24 19:56:03,围网
15087,32.60625,124.92508333333336,1.7,133.0,2020-09-24 20:06:30,围网
15087,32.604055555555554,124.9295,1.1,114.0,2020-09-24 20:16:03,围网
15087,32.60038888888889,124.93347222222219,1.7,119.0,2020-09-24 20:26:03,围网
15087,32.59622222222223,124.93666666666668,1.6,141.0,2020-09-24 20:36:03,围网
15087,32.592333333333336,124.9399722222222,3.9,140.0,2020-09-24 20:46:02,围网
15087,32.58858333333334,124.94330555555555,1.6,171.0,2020-09-24 20:56:02,围网
15087,32.58380555555556,124.94533333333334,1.6,153.0,2020-09-24 21:06:02,围网
15087,32.57991666666667,124.94833333333334,0.7,152.0,2020-09-24 21:16:02,围网
15087,32.5765,124.95175,1.2,133.0,2020-09-24 21:26:02,围网
15087,32.57336111111112,124.95525,0.8,134.0,2020-09-24 21:36:02,围网
15087,32.570416666666674,124.95861111111113,3.2,167.0,2020-09-24 21:46:02,围网
15087,32.56733333333334,124.96163888888887,1.8,143.0,2020-09-24 21:56:02,围网
15087,32.564388888888885,124.96461111111113,1.5,0.0,2020-09-24 22:06:03,围网
15087,32.56113888888889,124.96730555555555,1.3,114.0,2020-09-24 22:16:02,围网
15087,32.55825,124.97008333333332,1.0,0.0,2020-09-24 22:26:02,围网
15087,32.555416666666666,124.97302777777777,2.3,128.0,2020-09-24 22:36:02,围网
15087,32.552777777777784,124.97613888888887,1.5,0.0,2020-09-24 22:46:02,围网
15087,32.54983333333333,124.97916666666669,1.4,0.0,2020-09-24 22:56:13,围网
15087,32.54688888888889,124.98219444444445,1.5,170.0,2020-09-24 23:06:31,围网
15087,32.54438888888888,124.98522222222222,0.9,129.0,2020-09-24 23:16:01,围网
15087,32.543499999999995,124.98563888888887,1.7,343.0,2020-09-24 23:26:01,围网
15087,32.545777777777765,124.9820277777778,2.2,348.0,2020-09-24 23:36:02,围网
15087,32.54483333333333,124.98086111111112,0.2,0.0,2020-09-24 23:46:02,围网
15087,32.543416666666666,124.98008333333334,1.1,205.0,2020-09-24 23:56:02,围网
15087,32.54822222222222,124.98652777777778,6.1,52.0,2020-09-25 00:06:02,围网
15087,32.553277777777765,124.99505555555555,2.3,282.0,2020-09-25 00:16:02,围网
15087,32.56327777777777,124.99130555555556,2.5,307.0,2020-09-25 00:26:02,围网
15087,32.5665,124.98577777777777,1.9,304.0,2020-09-25 00:36:02,围网
15087,32.569500000000005,124.98088888888893,1.9,304.0,2020-09-25 00:46:02,围网
15087,32.57255555555556,124.97622222222222,2.3,315.0,2020-09-25 00:56:02,围网
15087,32.57591666666667,124.97197222222222,1.4,332.0,2020-09-25 01:06:02,围网
15087,32.57977777777778,124.96852777777778,1.9,336.0,2020-09-25 01:16:02,围网
15087,32.58325000000001,124.9639722222222,1.9,298.0,2020-09-25 01:26:30,围网
15087,32.58608333333333,124.95947222222222,2.2,311.0,2020-09-25 01:36:02,围网
15087,32.589361111111124,124.95483333333334,2.0,322.0,2020-09-25 01:46:01,围网
15087,32.59305555555556,124.95047222222223,1.7,311.0,2020-09-25 01:56:01,围网
15087,32.596472222222225,124.94633333333331,2.3,296.0,2020-09-25 02:06:01,围网
15087,32.60077777777778,124.94319444444444,2.3,314.0,2020-09-25 02:16:01,围网
15087,32.60519444444445,124.93930555555555,2.2,336.0,2020-09-25 02:26:01,围网
15087,32.60919444444445,124.93508333333334,3.3,273.0,2020-09-25 02:36:01,围网
15087,32.6135,124.93130555555555,2.6,296.0,2020-09-25 02:46:30,围网
15087,32.61713888888889,124.9277777777778,1.7,345.0,2020-09-25 02:56:01,围网
15087,32.620972222222235,124.92422222222223,1.8,335.0,2020-09-25 03:06:01,围网
15087,32.624138888888886,124.9198888888889,1.8,281.0,2020-09-25 03:16:01,围网
15087,32.626138888888896,124.91466666666668,1.3,245.0,2020-09-25 03:26:01,围网
15087,32.62772222222222,124.90958333333332,1.6,301.0,2020-09-25 03:36:01,围网
15087,32.62977777777777,124.90466666666669,1.5,320.0,2020-09-25 03:46:01,围网
15087,32.63216666666666,124.9,3.2,266.0,2020-09-25 03:56:01,围网
15087,32.63483333333333,124.89586111111113,2.5,290.0,2020-09-25 04:06:01,围网
15087,32.63777777777778,124.89155555555556,1.6,336.0,2020-09-25 04:16:02,围网
15087,32.64066666666667,124.88755555555555,1.8,316.0,2020-09-25 04:26:01,围网
15087,32.64341666666667,124.88366666666668,1.4,313.0,2020-09-25 04:36:01,围网
15087,32.64663888888889,124.88022222222222,1.7,296.0,2020-09-25 04:46:01,围网
15087,32.650666666666666,124.87808333333332,1.4,313.0,2020-09-25 04:56:01,围网
15087,32.65391666666667,124.87522222222222,2.7,293.0,2020-09-25 05:06:01,围网
15087,32.655388888888886,124.87455555555556,2.5,141.0,2020-09-25 05:16:01,围网
15087,32.65375,124.87916666666666,2.2,121.0,2020-09-25 05:26:01,围网
15087,32.65327777777777,124.88152777777776,0.6,0.0,2020-09-25 05:36:01,围网
15087,32.65241666666667,124.88336111111113,1.7,146.0,2020-09-25 05:46:01,围网
15087,32.65327777777777,124.88238888888887,6.8,325.0,2020-09-25 05:56:01,围网
15087,32.66555555555556,124.87063888888888,6.1,323.0,2020-09-25 06:06:57,围网
15087,32.66905555555555,124.8694722222222,2.7,226.0,2020-09-25 06:16:01,围网
15087,32.664111111111104,124.87944444444445,2.7,129.0,2020-09-25 06:26:01,围网
15087,32.660666666666664,124.88386111111113,1.9,127.0,2020-09-25 06:36:01,围网
15087,32.65708333333333,124.88822222222224,1.7,136.0,2020-09-25 06:46:00,围网
15087,32.65344444444444,124.89238888888893,0.8,0.0,2020-09-25 06:56:00,围网
15087,32.64933333333333,124.89669444444445,1.8,138.0,2020-09-25 07:06:28,围网
15087,32.64544444444444,124.90058333333332,2.3,127.0,2020-09-25 07:16:00,围网
15087,32.64125,124.90497222222223,2.2,132.0,2020-09-25 07:26:00,围网
15087,32.637055555555555,124.90930555555555,2.5,163.0,2020-09-25 07:36:00,围网
15087,32.63308333333334,124.91419444444445,2.2,122.0,2020-09-25 07:46:00,围网
15087,32.62927777777778,124.91891666666666,3.7,93.0,2020-09-25 07:56:00,围网
15087,32.62519444444445,124.92338888888894,2.2,134.0,2020-09-25 08:06:00,围网
15087,32.62116666666667,124.92769444444444,2.6,180.0,2020-09-25 08:16:00,围网
15087,32.61713888888889,124.93191666666668,2.3,156.0,2020-09-25 08:26:00,围网
15087,32.613083333333336,124.93625,2.3,141.0,2020-09-25 08:36:00,围网
15087,32.60908333333334,124.94069444444445,2.9,80.0,2020-09-25 08:46:00,围网
15087,32.60513888888889,124.945,2.2,137.0,2020-09-25 08:56:00,围网
15087,32.60113888888889,124.94941666666666,1.3,124.0,2020-09-25 09:06:00,围网
15087,32.597166666666666,124.95372222222224,2.0,121.0,2020-09-25 09:16:00,围网
15087,32.59319444444445,124.95819444444444,1.7,160.0,2020-09-25 09:26:00,围网
15087,32.58944444444445,124.96266666666668,2.1,117.0,2020-09-25 09:36:00,围网
15087,32.585722222222216,124.9670277777778,2.1,91.0,2020-09-25 09:46:00,围网
15087,32.58166666666667,124.97108333333333,1.8,154.0,2020-09-25 09:56:00,围网
15087,32.577138888888896,124.97491666666667,2.3,152.0,2020-09-25 10:06:30,围网
15087,32.57313888888889,124.97863888888888,1.0,125.0,2020-09-25 10:16:00,围网
15087,32.56913888888889,124.9825,2.3,128.0,2020-09-25 10:26:00,围网
15087,32.56497222222223,124.9862222222222,2.6,150.0,2020-09-25 10:36:00,围网
15087,32.560916666666664,124.99019444444444,2.1,152.0,2020-09-25 10:46:00,围网
15087,32.55669444444445,124.99397222222223,1.7,129.0,2020-09-25 10:56:00,围网
15087,32.55275,124.99775,1.8,138.0,2020-09-25 11:06:00,围网
15087,32.54838888888889,125.00108333333333,1.6,0.0,2020-09-25 11:16:00,围网
15087,32.54394444444444,125.00408333333334,2.2,156.0,2020-09-25 11:26:00,围网
15087,32.5395,125.00688888888888,2.0,69.0,2020-09-25 11:36:00,围网
15087,32.53897222222222,125.00655555555555,2.0,38.0,2020-09-25 11:45:59,围网
15087,32.54125,125.00391666666668,0.7,0.0,2020-09-25 11:55:59,围网
15087,32.53702777777778,125.00316666666667,2.1,138.0,2020-09-25 12:06:03,围网
15087,32.53347222222221,125.00430555555555,7.6,46.0,2020-09-25 12:16:00,围网
15087,32.53733333333333,125.01169444444444,6.4,10.0,2020-09-25 12:26:02,围网
15087,32.544805555555556,125.0095,3.6,293.0,2020-09-25 12:36:09,围网
15087,32.54736111111111,125.00661111111113,1.4,0.0,2020-09-25 12:46:17,围网
15087,32.54966666666666,125.00411111111113,1.1,298.0,2020-09-25 12:56:27,围网
15087,32.55169444444444,125.00158333333331,2.0,289.0,2020-09-25 13:05:59,围网
15087,32.55372222222222,124.99830555555555,0.3,0.0,2020-09-25 13:15:59,围网
15087,32.555638888888886,124.99477777777778,1.4,310.0,2020-09-25 13:25:59,围网
15087,32.557805555555554,124.99122222222222,1.3,305.0,2020-09-25 13:35:59,围网
15087,32.55969444444445,124.98711111111112,1.4,288.0,2020-09-25 13:45:59,围网
15087,32.56208333333333,124.98263888888887,1.6,283.0,2020-09-25 13:56:03,围网
15087,32.56466666666666,124.97811111111113,1.8,297.0,2020-09-25 14:05:59,围网
15087,32.56788888888889,124.97408333333334,1.6,301.0,2020-09-25 14:15:59,围网
15087,32.57141666666667,124.97041666666668,1.1,320.0,2020-09-25 14:25:59,围网
15087,32.57486111111112,124.96675,1.4,298.0,2020-09-25 14:35:59,围网
15087,32.57833333333333,124.96297222222222,1.6,304.0,2020-09-25 14:45:59,围网
15087,32.581833333333336,124.95961111111113,1.7,303.0,2020-09-25 14:56:02,围网
15087,32.583333333333336,124.9542777777778,1.4,289.0,2020-09-25 15:06:01,围网
15087,32.58416666666667,124.94886111111113,1.4,0.0,2020-09-25 15:15:59,围网
15087,32.58577777777778,124.94388888888888,1.6,314.0,2020-09-25 15:25:59,围网
15087,32.58880555555556,124.93963888888894,1.9,319.0,2020-09-25 15:35:59,围网
15087,32.592333333333336,124.93602777777778,2.0,321.0,2020-09-25 15:45:59,围网
15087,32.59572222222222,124.9325277777778,1.5,325.0,2020-09-25 15:55:59,围网
15087,32.59919444444445,124.92883333333332,1.5,297.0,2020-09-25 16:06:26,围网
15087,32.60138888888889,124.92411111111113,1.5,316.0,2020-09-25 16:15:59,围网
15087,32.60452777777778,124.91994444444444,2.0,316.0,2020-09-25 16:25:59,围网
15087,32.60752777777778,124.9157777777778,2.1,308.0,2020-09-25 16:35:59,围网
15087,32.610777777777784,124.91161111111113,1.9,331.0,2020-09-25 16:46:27,围网
15087,32.61383333333333,124.90797222222223,1.4,319.0,2020-09-25 16:55:58,围网
15087,32.61719444444444,124.90444444444445,1.6,302.0,2020-09-25 17:05:58,围网
15087,32.62069444444445,124.90105555555556,2.1,328.0,2020-09-25 17:15:58,围网
15087,32.62416666666667,124.89780555555555,1.7,314.0,2020-09-25 17:25:59,围网
15087,32.62758333333333,124.89469444444444,1.6,335.0,2020-09-25 17:35:58,围网
15087,32.63086111111112,124.89183333333335,1.7,329.0,2020-09-25 17:45:58,围网
15087,32.63436111111111,124.88994444444445,1.2,316.0,2020-09-25 17:55:58,围网
15087,32.636361111111114,124.89072222222224,1.8,121.0,2020-09-25 18:05:58,围网
15087,32.63286111111111,124.89508333333336,1.8,150.0,2020-09-25 18:15:58,围网
15087,32.631527777777784,124.8954722222222,2.5,212.0,2020-09-25 18:25:58,围网
15087,32.632444444444445,124.89475,4.5,305.0,2020-09-25 18:35:58,围网
15087,32.632222222222225,124.89472222222223,0.8,220.0,2020-09-25 18:45:58,围网
15087,32.63630555555556,124.88969444444444,8.4,325.0,2020-09-25 18:56:05,围网
15087,32.65236111111111,124.87472222222222,7.0,329.0,2020-09-25 19:05:58,围网
15087,32.66880555555556,124.8599722222222,7.6,321.0,2020-09-25 19:15:58,围网
15087,32.68694444444444,124.84677777777777,3.7,30.0,2020-09-25 19:26:01,围网
15087,32.688111111111105,124.84713888888888,6.9,136.0,2020-09-25 19:36:27,围网
15087,32.682277777777784,124.8545277777778,1.9,96.0,2020-09-25 19:45:58,围网
15087,32.679277777777784,124.85838888888892,2.4,99.0,2020-09-25 19:55:58,围网
15087,32.67586111111111,124.86283333333333,2.8,113.0,2020-09-25 20:07:03,围网
15087,32.673111111111105,124.86644444444444,2.5,101.0,2020-09-25 20:15:58,围网
15087,32.66975,124.87,2.0,145.0,2020-09-25 20:25:58,围网
15087,32.666444444444444,124.87358333333331,1.6,140.0,2020-09-25 20:35:58,围网
15087,32.66308333333333,124.87736111111107,1.8,141.0,2020-09-25 20:45:58,围网
15087,32.65975,124.88136111111106,1.8,139.0,2020-09-25 20:55:58,围网
15087,32.65638888888889,124.88544444444445,1.0,116.0,2020-09-25 21:05:58,围网
15087,32.65308333333333,124.88941666666666,2.4,172.0,2020-09-25 21:15:58,围网
15087,32.649722222222216,124.89336111111112,1.3,0.0,2020-09-25 21:25:58,围网
15087,32.64658333333333,124.89722222222224,1.7,0.0,2020-09-25 21:35:58,围网
15087,32.64311111111111,124.90119444444444,1.6,0.0,2020-09-25 21:45:58,围网
15087,32.639027777777784,124.90444444444445,0.9,0.0,2020-09-25 21:55:58,围网
15087,32.63447222222222,124.9074722222222,2.4,129.0,2020-09-25 22:06:26,围网
15087,32.630361111111114,124.91033333333334,1.7,151.0,2020-09-25 22:15:57,围网
15087,32.62591666666667,124.91338888888893,1.9,147.0,2020-09-25 22:25:57,围网
15087,32.62144444444444,124.91636111111113,2.1,144.0,2020-09-25 22:35:57,围网
15087,32.61713888888889,124.91925,1.9,169.0,2020-09-25 22:45:57,围网
15087,32.61258333333334,124.92200000000001,1.3,153.0,2020-09-25 22:55:57,围网
15087,32.60786111111111,124.92461111111112,1.9,163.0,2020-09-25 23:05:57,围网
15087,32.60322222222222,124.92725,2.2,152.0,2020-09-25 23:15:57,围网
15087,32.59888888888889,124.93052777777778,2.1,117.0,2020-09-25 23:26:27,围网
15087,32.595555555555556,124.9339722222222,2.6,161.0,2020-09-25 23:35:57,围网
15087,32.59225000000001,124.93747222222223,1.6,116.0,2020-09-25 23:45:57,围网
15087,32.58902777777778,124.94091666666668,1.6,129.0,2020-09-25 23:55:57,围网
15087,32.585861111111114,124.94430555555556,1.9,140.0,2020-09-26 00:05:57,围网
15087,32.56644444444444,124.95547222222223,0.6,0.0,2020-09-26 01:45:57,围网
15087,32.57208333333334,124.95336111111112,6.1,328.0,2020-09-26 01:55:57,围网
15087,32.575222222222216,124.94638888888888,2.0,271.0,2020-09-26 02:06:25,围网
15087,32.576472222222236,124.94016666666668,2.8,262.0,2020-09-26 02:15:57,围网
15087,32.577472222222234,124.93402777777777,2.8,270.0,2020-09-26 02:25:57,围网
15087,32.57838888888889,124.92819444444444,1.9,274.0,2020-09-26 02:35:57,围网
15087,32.57936111111112,124.92244444444445,2.0,270.0,2020-09-26 02:45:56,围网
15087,32.58027777777778,124.91680555555556,1.9,277.0,2020-09-26 02:55:56,围网
15087,32.583222222222226,124.91202777777778,2.2,308.0,2020-09-26 03:05:56,围网
15087,32.58733333333333,124.90825,2.7,329.0,2020-09-26 03:15:56,围网
15087,32.59130555555556,124.90458333333332,1.7,316.0,2020-09-26 03:25:56,围网
15087,32.595055555555554,124.90075,1.5,325.0,2020-09-26 03:35:56,围网
15087,32.59888888888889,124.89675,2.2,328.0,2020-09-26 03:45:56,围网
15087,32.60252777777778,124.89230555555555,2.5,307.0,2020-09-26 03:55:56,围网
15087,32.605944444444454,124.8875277777778,2.1,305.0,2020-09-26 04:05:56,围网
15087,32.60922222222222,124.88266666666668,1.7,303.0,2020-09-26 04:15:56,围网
15087,32.61244444444444,124.87769444444444,2.9,296.0,2020-09-26 04:25:56,围网
15087,32.61591666666667,124.87286111111106,2.0,289.0,2020-09-26 04:35:56,围网
15087,32.619388888888885,124.86813888888888,2.5,296.0,2020-09-26 04:45:58,围网
15087,32.622638888888886,124.86383333333332,2.1,298.0,2020-09-26 04:55:56,围网
15087,32.62616666666667,124.85977777777778,1.6,320.0,2020-09-26 05:05:56,围网
15087,32.62969444444445,124.85569444444445,1.5,317.0,2020-09-26 05:15:57,围网
15087,32.63319444444445,124.8514722222222,1.1,317.0,2020-09-26 05:25:59,围网
15087,32.63672222222222,124.84738888888887,1.7,317.0,2020-09-26 05:35:56,围网
15087,32.64008333333334,124.84330555555556,1.6,326.0,2020-09-26 05:45:58,围网
15087,32.643166666666666,124.83930555555555,0.4,0.0,2020-09-26 05:55:59,围网
15087,32.64677777777778,124.83494444444445,1.6,312.0,2020-09-26 06:06:25,围网
15087,32.64991666666667,124.83116666666668,2.2,341.0,2020-09-26 06:15:56,围网
15087,32.65322222222222,124.82725,1.7,327.0,2020-09-26 06:25:56,围网
15087,32.65638888888889,124.82341666666666,2.0,340.0,2020-09-26 06:35:56,围网
15087,32.659555555555556,124.81961111111113,1.2,323.0,2020-09-26 06:45:56,围网
15087,32.66275,124.81586111111106,1.7,325.0,2020-09-26 06:55:56,围网
15087,32.66591666666667,124.81225,2.1,313.0,2020-09-26 07:05:56,围网
15087,32.667611111111114,124.81077777777777,1.1,0.0,2020-09-26 07:15:57,围网
15087,32.66513888888889,124.81516666666668,1.0,0.0,2020-09-26 07:25:58,围网
15087,32.66313888888889,124.81772222222222,1.8,333.0,2020-09-26 07:35:55,围网
15087,32.66294444444444,124.81916666666666,1.9,0.0,2020-09-26 07:45:57,围网
15087,32.66188888888888,124.82055555555556,2.4,5.0,2020-09-26 07:55:56,围网
15087,32.66997222222222,124.80983333333332,6.4,312.0,2020-09-26 08:06:23,围网
15087,32.68161111111111,124.79375,7.6,317.0,2020-09-26 08:15:57,围网
15087,32.69636111111111,124.77688888888888,7.0,311.0,2020-09-26 08:26:27,围网
15087,32.70316666666667,124.76516666666667,1.5,223.0,2020-09-26 08:35:55,围网
15087,32.69355555555555,124.7697777777778,1.6,117.0,2020-09-26 08:45:55,围网
15087,32.69,124.77480555555556,2.0,150.0,2020-09-26 08:55:55,围网
15087,32.686611111111105,124.77952777777777,1.8,97.0,2020-09-26 09:05:55,围网
15087,32.683055555555555,124.78422222222223,2.0,124.0,2020-09-26 09:15:55,围网
15087,32.679111111111105,124.78880555555556,1.9,140.0,2020-09-26 09:26:17,围网
15087,32.675277777777765,124.79280555555556,3.1,120.0,2020-09-26 09:36:06,围网
15087,32.671638888888886,124.79700000000001,2.0,135.0,2020-09-26 09:45:55,围网
15087,32.66808333333333,124.80163888888887,2.0,80.0,2020-09-26 09:55:55,围网
15087,32.66438888888889,124.8065,1.9,142.0,2020-09-26 10:06:25,围网
15087,32.660694444444445,124.81111111111107,2.1,144.0,2020-09-26 10:16:34,围网
15087,32.65713888888889,124.81525,1.7,125.0,2020-09-26 10:25:55,围网
15087,32.653194444444445,124.81975,2.3,140.0,2020-09-26 10:35:55,围网
15087,32.648972222222234,124.82452777777776,2.1,148.0,2020-09-26 10:46:42,围网
15087,32.64541666666667,124.82863888888888,2.2,114.0,2020-09-26 10:55:55,围网
15087,32.641694444444454,124.83283333333334,1.7,129.0,2020-09-26 11:05:55,围网
15087,32.63766666666667,124.83705555555555,1.6,123.0,2020-09-26 11:15:55,围网
15087,32.633555555555546,124.84102777777777,1.8,141.0,2020-09-26 11:25:55,围网
15087,32.629555555555555,124.84502777777777,1.7,136.0,2020-09-26 11:35:55,围网
15087,32.62533333333333,124.84913888888887,2.1,142.0,2020-09-26 11:46:25,围网
15087,32.62163888888889,124.85280555555555,1.9,129.0,2020-09-26 11:55:55,围网
15087,32.61786111111111,124.85661111111106,2.2,155.0,2020-09-26 12:05:55,围网
15087,32.614055555555545,124.86044444444444,1.5,129.0,2020-09-26 12:15:55,围网
15087,32.610166666666665,124.86469444444445,2.1,121.0,2020-09-26 12:25:55,围网
15087,32.606472222222216,124.86894444444445,2.0,107.0,2020-09-26 12:35:55,围网
15087,32.60288888888889,124.87316666666666,2.1,136.0,2020-09-26 12:45:54,围网
15087,32.599361111111115,124.8772777777778,1.6,144.0,2020-09-26 12:55:54,围网
15087,32.59583333333334,124.88130555555556,1.8,136.0,2020-09-26 13:05:54,围网
15087,32.591972222222225,124.88486111111106,1.8,161.0,2020-09-26 13:15:54,围网
15087,32.58791666666667,124.88805555555555,1.9,139.0,2020-09-26 13:25:54,围网
15087,32.583694444444454,124.89075,1.5,153.0,2020-09-26 13:35:54,围网
15087,32.581972222222234,124.89144444444445,1.9,293.0,2020-09-26 13:45:54,围网
15087,32.585388888888886,124.88866666666668,1.6,321.0,2020-09-26 13:55:54,围网
15087,32.58361111111111,124.88725,0.9,50.0,2020-09-26 14:06:25,围网
15087,32.58111111111111,124.88722222222223,0.8,198.0,2020-09-26 14:15:54,围网
15087,32.586666666666666,124.87794444444445,1.3,289.0,2020-09-26 14:35:54,围网
15087,32.59027777777778,124.87391666666666,1.8,284.0,2020-09-26 14:45:58,围网
15087,32.5935,124.86991666666668,2.0,295.0,2020-09-26 14:55:54,围网
15087,32.596805555555555,124.86572222222222,2.0,297.0,2020-09-26 15:05:54,围网
15087,32.60033333333333,124.8612222222222,1.7,310.0,2020-09-26 15:16:25,围网
15087,32.60366666666667,124.85711111111112,2.5,323.0,2020-09-26 15:25:54,围网
15087,32.60727777777778,124.85247222222219,2.1,301.0,2020-09-26 15:35:54,围网
15087,32.61094444444444,124.84791666666666,1.7,316.0,2020-09-26 15:45:54,围网
15087,32.61475000000001,124.84338888888892,1.2,0.0,2020-09-26 15:55:54,围网
15087,32.618472222222216,124.83858333333332,1.9,319.0,2020-09-26 16:05:54,围网
15087,32.621972222222226,124.83372222222219,1.9,331.0,2020-09-26 16:15:54,围网
15087,32.62561111111111,124.82880555555555,2.0,293.0,2020-09-26 16:25:54,围网
15087,32.62891666666667,124.8234722222222,1.8,323.0,2020-09-26 16:35:54,围网
15087,32.632111111111115,124.81794444444445,1.9,311.0,2020-09-26 16:45:54,围网
15087,32.63497222222223,124.81227777777778,2.3,292.0,2020-09-26 16:55:54,围网
15087,32.63791666666667,124.80644444444445,1.8,291.0,2020-09-26 17:05:54,围网
15087,32.64080555555556,124.80091666666668,2.2,300.0,2020-09-26 17:15:54,围网
15087,32.64366666666667,124.79538888888888,2.1,290.0,2020-09-26 17:25:54,围网
15087,32.64658333333333,124.79008333333331,2.0,290.0,2020-09-26 17:35:54,围网
15087,32.649527777777784,124.78466666666668,2.7,282.0,2020-09-26 17:45:53,围网
15087,32.65255555555555,124.7789722222222,1.9,294.0,2020-09-26 17:55:53,围网
15087,32.65563888888889,124.77308333333332,1.8,315.0,2020-09-26 18:06:25,围网
15087,32.65833333333333,124.76813888888887,2.3,309.0,2020-09-26 18:15:53,围网
15087,32.66158333333333,124.76288888888888,3.0,316.0,2020-09-26 18:25:53,围网
15087,32.66477777777778,124.7577222222222,1.7,299.0,2020-09-26 18:35:53,围网
15087,32.66799999999999,124.75255555555556,1.8,296.0,2020-09-26 18:45:53,围网
15087,32.671305555555556,124.7475,2.1,304.0,2020-09-26 18:55:53,围网
15087,32.67525,124.74302777777777,1.9,319.0,2020-09-26 19:05:53,围网
15087,32.68413888888889,124.73538888888888,2.2,322.0,2020-09-26 19:26:09,围网
15087,32.688805555555554,124.73186111111113,2.1,313.0,2020-09-26 19:35:53,围网
15087,32.69336111111111,124.72841666666667,1.9,310.0,2020-09-26 19:45:53,围网
15087,32.69822222222222,124.72594444444445,2.4,338.0,2020-09-26 19:55:53,围网
15087,32.70183333333333,124.72525,1.6,141.0,2020-09-26 20:05:53,围网
15087,32.698722222222216,124.72775,1.5,143.0,2020-09-26 20:15:53,围网
15087,32.69911111111111,124.72869444444444,0.3,0.0,2020-09-26 20:25:53,围网
15087,32.70077777777778,124.72913888888887,0.4,0.0,2020-09-26 20:35:53,围网
15087,32.702972222222236,124.72716666666666,6.2,239.0,2020-09-26 20:45:53,围网
15087,32.70061111111111,124.70969444444445,0.1,0.0,2020-09-26 20:55:53,围网
15087,32.693305555555554,124.71333333333334,1.0,144.0,2020-09-26 21:05:53,围网
15087,32.68975,124.71680555555555,1.4,0.0,2020-09-26 21:15:53,围网
15087,32.686611111111105,124.72077777777778,0.9,0.0,2020-09-26 21:25:53,围网
15087,32.683638888888886,124.72480555555555,1.2,0.0,2020-09-26 21:35:53,围网
15087,32.68055555555555,124.72927777777778,1.6,154.0,2020-09-26 21:46:12,围网
15087,32.678666666666665,124.7345,2.1,112.0,2020-09-26 21:56:09,围网
15087,32.67702777777778,124.74,2.1,117.0,2020-09-26 22:05:53,围网
15087,32.67472222222222,124.7452222222222,2.0,137.0,2020-09-26 22:15:53,围网
15087,32.67222222222222,124.75047222222223,1.5,136.0,2020-09-26 22:26:08,围网
15087,32.66994444444444,124.75538888888887,2.1,133.0,2020-09-26 22:35:53,围网
15087,32.66763888888889,124.76036111111112,1.7,124.0,2020-09-26 22:45:52,围网
15087,32.665305555555555,124.76544444444444,2.1,137.0,2020-09-26 22:55:52,围网
15087,32.66291666666667,124.77061111111112,2.1,111.0,2020-09-26 23:06:09,围网
15087,32.66016666666666,124.77502777777778,1.7,127.0,2020-09-26 23:15:52,围网
15087,32.65672222222222,124.77916666666668,1.8,133.0,2020-09-26 23:25:52,围网
15087,32.65333333333333,124.78333333333332,1.4,138.0,2020-09-26 23:35:52,围网
15087,32.65011111111111,124.78802777777777,1.8,120.0,2020-09-26 23:45:52,围网
15087,32.64736111111111,124.79266666666668,1.9,112.0,2020-09-26 23:55:52,围网
15087,32.64480555555556,124.79744444444445,2.0,134.0,2020-09-27 00:06:08,围网
15087,32.64238888888889,124.80205555555555,1.9,128.0,2020-09-27 00:15:52,围网
15087,32.63986111111111,124.80688888888888,1.7,126.0,2020-09-27 00:25:52,围网
15087,32.637388888888886,124.81158333333332,2.3,97.0,2020-09-27 00:35:52,围网
15087,32.63508333333333,124.81619444444445,2.1,90.0,2020-09-27 00:45:52,围网
15087,32.632666666666665,124.8209722222222,2.0,124.0,2020-09-27 00:55:52,围网
15087,32.628305555555556,124.83052777777776,1.8,125.0,2020-09-27 01:15:52,围网
15087,32.626055555555546,124.8352222222222,1.7,148.0,2020-09-27 01:25:52,围网
15087,32.62377777777777,124.83969444444445,2.0,136.0,2020-09-27 01:35:52,围网
15087,32.62119444444445,124.84405555555556,1.1,127.0,2020-09-27 01:45:52,围网
15087,32.61880555555556,124.84844444444445,2.9,162.0,2020-09-27 01:55:52,围网
15087,32.6165,124.85244444444444,2.0,136.0,2020-09-27 02:05:52,围网
15087,32.61375,124.85616666666668,1.4,0.0,2020-09-27 02:15:52,围网
15087,32.61113888888889,124.85988888888888,2.3,153.0,2020-09-27 02:25:52,围网
15087,32.60869444444445,124.8635,1.7,120.0,2020-09-27 02:35:52,围网
15087,32.60638888888889,124.86705555555555,1.5,148.0,2020-09-27 02:45:52,围网
15087,32.605555555555554,124.86775,2.1,323.0,2020-09-27 02:55:52,围网
15087,32.60805555555556,124.86283333333333,2.1,287.0,2020-09-27 03:06:09,围网
15087,32.60808333333334,124.86083333333332,0.6,161.0,2020-09-27 03:15:52,围网
15087,32.60813888888889,124.85991666666666,0.2,0.0,2020-09-27 03:25:52,围网
15087,32.60808333333334,124.85852777777778,0.9,256.0,2020-09-27 03:35:52,围网
15087,32.60775,124.85652777777777,0.8,243.0,2020-09-27 03:45:51,围网
15087,32.60738888888889,124.8545,0.5,274.0,2020-09-27 03:55:51,围网
15087,32.607194444444445,124.85227777777777,1.0,257.0,2020-09-27 04:05:51,围网
15087,32.606972222222225,124.84988888888887,0.8,305.0,2020-09-27 04:15:51,围网
15087,32.60936111111111,124.85413888888887,2.5,43.0,2020-09-27 04:25:51,围网
15087,32.60977777777778,124.8523611111111,5.7,7.0,2020-09-27 04:35:51,围网
15087,32.61802777777777,124.84902777777776,2.4,303.0,2020-09-27 04:45:51,围网
15087,32.621722222222225,124.84269444444445,4.4,0.0,2020-09-27 04:55:51,围网
15087,32.62488888888889,124.83613888888887,2.0,289.0,2020-09-27 05:05:51,围网
15087,32.62775,124.8297777777778,2.1,324.0,2020-09-27 05:15:51,围网
15087,32.62994444444444,124.82330555555555,2.3,286.0,2020-09-27 05:25:51,围网
15087,32.631750000000004,124.81672222222224,2.7,316.0,2020-09-27 05:35:51,围网
15087,32.63386111111111,124.81052777777776,1.6,313.0,2020-09-27 05:45:51,围网
15087,32.635999999999996,124.80441666666664,1.6,302.0,2020-09-27 05:55:51,围网
15087,32.638361111111124,124.798,1.8,289.0,2020-09-27 06:06:27,围网
15087,32.6405,124.7925277777778,1.8,301.0,2020-09-27 06:15:51,围网
15087,32.642694444444444,124.78663888888887,2.0,294.0,2020-09-27 06:25:51,围网
15087,32.64483333333333,124.78027777777778,2.0,315.0,2020-09-27 06:35:51,围网
15087,32.64647222222221,124.77402777777776,2.7,330.0,2020-09-27 06:45:51,围网
15087,32.64944444444444,124.76863888888887,2.3,321.0,2020-09-27 06:55:51,围网
15087,32.65244444444444,124.76361111111113,1.7,301.0,2020-09-27 07:05:52,围网
15087,32.65525,124.75855555555556,2.0,304.0,2020-09-27 07:15:51,围网
15087,32.65825,124.75369444444445,7.2,339.0,2020-09-27 07:25:51,围网
15087,32.66144444444444,124.74941666666666,2.3,345.0,2020-09-27 07:35:52,围网
15087,32.66502777777778,124.74536111111112,2.7,339.0,2020-09-27 07:45:52,围网
15087,32.66891666666667,124.74163888888887,2.7,342.0,2020-09-27 07:55:54,围网
15087,32.67305555555555,124.73777777777778,1.7,324.0,2020-09-27 08:06:09,围网
15087,32.67691666666666,124.73441666666666,1.6,321.0,2020-09-27 08:15:51,围网
15087,32.681111111111115,124.73144444444445,2.3,352.0,2020-09-27 08:25:51,围网
15087,32.68547222222223,124.72913888888887,2.1,335.0,2020-09-27 08:35:51,围网
15087,32.68983333333333,124.727,1.8,308.0,2020-09-27 08:45:50,围网
15087,32.69186111111111,124.72675,1.4,118.0,2020-09-27 08:55:50,围网
15087,32.68866666666666,124.72986111111106,1.9,162.0,2020-09-27 09:05:50,围网
15087,32.6885,124.73113888888888,1.4,358.0,2020-09-27 09:15:50,围网
15087,32.68955555555555,124.73188888888888,0.3,0.0,2020-09-27 09:25:50,围网
15087,32.69063888888889,124.73191666666666,3.5,351.0,2020-09-27 09:35:50,围网
15087,32.687583333333336,124.70963888888888,7.5,264.0,2020-09-27 09:45:50,围网
15087,32.68575,124.70744444444445,8.5,154.0,2020-09-27 09:55:50,围网
15087,32.67875,124.71197222222222,1.6,154.0,2020-09-27 10:05:56,围网
15087,32.674,124.71261111111113,1.7,153.0,2020-09-27 10:15:50,围网
15087,32.67075,124.71838888888892,2.8,147.0,2020-09-27 10:25:50,围网
15087,32.66847222222222,124.7245,2.7,0.0,2020-09-27 10:35:50,围网
15087,32.666,124.73005555555555,2.2,0.0,2020-09-27 10:45:50,围网
15087,32.66341666666667,124.73536111111113,1.6,0.0,2020-09-27 10:55:50,围网
15087,32.660444444444444,124.74033333333334,2.0,0.0,2020-09-27 11:05:51,围网
15087,32.65833333333333,124.74661111111112,2.0,98.0,2020-09-27 11:16:09,围网
15087,32.65788888888889,124.75322222222223,1.6,98.0,2020-09-27 11:25:58,围网
15087,32.65686111111111,124.75936111111113,1.7,98.0,2020-09-27 11:35:50,围网
15087,32.65458333333333,124.76525,1.8,120.0,2020-09-27 11:45:50,围网
15087,32.65227777777777,124.77111111111113,2.1,124.0,2020-09-27 11:55:50,围网
15087,32.649861111111115,124.77719444444445,1.9,127.0,2020-09-27 12:05:50,围网
15087,32.64744444444444,124.78308333333332,2.6,142.0,2020-09-27 12:15:50,围网
15087,32.64533333333333,124.78875,2.0,136.0,2020-09-27 12:25:50,围网
15087,32.643055555555556,124.79469444444445,2.4,110.0,2020-09-27 12:35:50,围网
15087,32.640722222222216,124.80055555555555,2.1,111.0,2020-09-27 12:45:50,围网
15087,32.64058333333334,124.80686111111108,2.7,134.0,2020-09-27 12:55:50,围网
15087,32.63638888888889,124.81169444444444,2.4,154.0,2020-09-27 13:05:50,围网
15087,32.63063888888889,124.8142777777778,2.3,166.0,2020-09-27 13:15:50,围网
15087,32.62583333333333,124.81694444444445,1.7,157.0,2020-09-27 13:25:50,围网
15087,32.62138888888889,124.82033333333334,2.2,140.0,2020-09-27 13:35:50,围网
15087,32.61641666666667,124.82258333333333,2.3,178.0,2020-09-27 13:45:49,围网
15087,32.610638888888886,124.82255555555555,1.9,167.0,2020-09-27 13:55:49,围网
15087,32.60486111111111,124.82236111111106,2.0,175.0,2020-09-27 14:06:33,围网
15087,32.59458333333334,124.82297222222222,1.7,168.0,2020-09-27 14:25:49,围网
15087,32.589333333333336,124.82336111111107,0.4,0.0,2020-09-27 14:35:51,围网
15087,32.584027777777784,124.82372222222222,0.2,0.0,2020-09-27 14:45:49,围网
15087,32.579055555555556,124.82422222222222,2.0,191.0,2020-09-27 14:55:49,围网
15087,32.574222222222225,124.82461111111112,1.3,176.0,2020-09-27 15:05:49,围网
15087,32.569527777777786,124.82533333333332,1.8,168.0,2020-09-27 15:15:49,围网
15087,32.572,124.8245,1.4,0.0,2020-09-27 15:25:49,围网
15087,32.572250000000004,124.8219722222222,0.8,0.0,2020-09-27 15:35:49,围网
15087,32.57152777777778,124.81997222222222,0.6,0.0,2020-09-27 15:45:52,围网
15087,32.572027777777784,124.81866666666667,7.9,94.0,2020-09-27 15:55:49,围网
15087,32.57633333333334,124.84347222222222,7.8,80.0,2020-09-27 16:05:49,围网
15087,32.57772222222222,124.86405555555555,3.5,65.0,2020-09-27 16:15:50,围网
15087,32.58052777777778,124.85305555555556,2.5,0.0,2020-09-27 16:25:49,围网
15087,32.57958333333334,124.84541666666664,2.3,260.0,2020-09-27 16:36:09,围网
15087,32.578722222222225,124.83883333333333,2.1,248.0,2020-09-27 16:45:49,围网
15087,32.577666666666666,124.8322222222222,2.0,264.0,2020-09-27 16:55:49,围网
15087,32.57761111111111,124.82547222222222,1.2,274.0,2020-09-27 17:05:49,围网
15087,32.57830555555556,124.81875,1.5,305.0,2020-09-27 17:15:49,围网
15087,32.584722222222226,124.8160277777778,1.9,0.0,2020-09-27 17:25:49,围网
15087,32.59019444444445,124.81516666666668,1.3,9.0,2020-09-27 17:35:49,围网
15087,32.59525,124.81441666666666,2.0,15.0,2020-09-27 17:45:49,围网
15087,32.60033333333333,124.81394444444445,2.4,346.0,2020-09-27 17:55:49,围网
15087,32.60316666666667,124.81119444444445,6.5,216.0,2020-09-27 18:05:49,围网
15087,32.59861111111111,124.80041666666666,2.2,281.0,2020-09-27 18:15:49,围网
15087,32.59825000000001,124.7939722222222,1.8,273.0,2020-09-27 18:25:49,围网
15087,32.59763888888889,124.78755555555556,1.6,0.0,2020-09-27 18:35:49,围网
15087,32.59688888888889,124.78055555555555,1.7,0.0,2020-09-27 18:45:48,围网
15087,32.59638888888889,124.77302777777777,2.0,248.0,2020-09-27 18:55:48,围网
15087,32.59608333333334,124.76541666666668,1.9,251.0,2020-09-27 19:05:48,围网
15087,32.59733333333333,124.7582777777778,1.4,308.0,2020-09-27 19:15:48,围网
15087,32.6035,124.75283333333334,2.0,0.0,2020-09-27 19:25:51,围网
15087,32.61061111111111,124.75188888888887,1.5,0.0,2020-09-27 19:36:01,围网
15087,32.61636111111111,124.7515,2.0,5.0,2020-09-27 19:46:09,围网
15087,32.621555555555545,124.75075,1.9,10.0,2020-09-27 19:55:48,围网
15087,32.62711111111111,124.74977777777778,2.4,337.0,2020-09-27 20:05:49,围网
15087,32.63277777777777,124.74841666666669,2.0,346.0,2020-09-27 20:15:48,围网
15087,32.63833333333333,124.74602777777778,2.2,346.0,2020-09-27 20:25:48,围网
15087,32.64383333333333,124.74466666666666,1.6,357.0,2020-09-27 20:35:48,围网
15087,32.64947222222221,124.74461111111113,2.6,358.0,2020-09-27 20:45:48,围网
15087,32.65522222222222,124.74558333333331,4.3,342.0,2020-09-27 20:55:48,围网
15087,32.66108333333333,124.74580555555555,2.3,332.0,2020-09-27 21:05:48,围网
15087,32.666444444444444,124.74611111111106,1.5,359.0,2020-09-27 21:15:48,围网
15087,32.67208333333333,124.74680555555555,3.0,351.0,2020-09-27 21:25:51,围网
15087,32.677611111111105,124.74733333333332,2.3,0.0,2020-09-27 21:35:50,围网
15087,32.68272222222222,124.74836111111112,3.4,350.0,2020-09-27 21:45:49,围网
15087,32.68344444444444,124.74969444444444,1.4,161.0,2020-09-27 21:56:09,围网
15087,32.68080555555555,124.75011111111112,3.0,51.0,2020-09-27 22:06:09,围网
15087,32.68344444444444,124.7517777777778,1.4,350.0,2020-09-27 22:15:48,围网
15087,32.68633333333333,124.75236111111107,1.1,0.0,2020-09-27 22:25:48,围网
15087,32.68827777777777,124.75202777777778,1.6,4.0,2020-09-27 22:35:48,围网
15087,32.69063888888889,124.7515,1.4,0.0,2020-09-27 22:45:48,围网
15087,32.69275,124.75116666666668,1.3,0.0,2020-09-27 22:55:48,围网
15087,32.69458333333333,124.7507222222222,1.0,0.0,2020-09-27 23:05:48,围网
15087,32.69625,124.75041666666668,0.8,0.0,2020-09-27 23:15:48,围网
15087,32.69841666666667,124.75025,1.4,60.0,2020-09-27 23:25:49,围网
15087,32.696388888888876,124.73108333333332,7.4,246.0,2020-09-27 23:35:50,围网
15087,32.690805555555556,124.69233333333334,0.8,0.0,2020-09-27 23:55:50,围网
15087,32.684055555555545,124.69858333333332,2.2,119.0,2020-09-28 00:06:09,围网
15087,32.68033333333333,124.70244444444445,2.4,138.0,2020-09-28 00:15:47,围网
15087,32.67808333333333,124.70836111111113,2.0,141.0,2020-09-28 00:25:47,围网
15087,32.67583333333333,124.71430555555555,1.4,122.0,2020-09-28 00:35:47,围网
15087,32.67358333333333,124.72008333333332,2.0,102.0,2020-09-28 00:45:47,围网
15087,32.67144444444444,124.72577777777781,2.0,109.0,2020-09-28 00:55:47,围网
15087,32.6695,124.73136111111113,2.1,107.0,2020-09-28 01:05:47,围网
15087,32.669694444444445,124.72911111111112,1.0,311.0,2020-09-28 01:15:47,围网
15087,32.67241666666666,124.72330555555556,2.2,158.0,2020-09-28 01:25:47,围网
15087,32.67166666666667,124.72502777777778,0.1,0.0,2020-09-28 01:35:47,围网
15087,32.67127777777777,124.7252777777778,0.0,0.0,2020-09-28 01:45:47,围网
15087,32.670972222222225,124.72544444444445,1.5,148.0,2020-09-28 01:55:47,围网
15087,32.670611111111114,124.7255,0.3,0.0,2020-09-28 02:05:47,围网
15087,32.67016666666666,124.72536111111113,1.4,153.0,2020-09-28 02:15:47,围网
15087,32.66783333333333,124.73677777777776,2.2,126.0,2020-09-28 02:25:47,围网
15087,32.66625,124.74191666666668,2.0,98.0,2020-09-28 02:35:47,围网
15087,32.663916666666665,124.74669444444444,1.7,132.0,2020-09-28 02:45:47,围网
15087,32.65908333333333,124.74972222222222,2.3,161.0,2020-09-28 02:55:49,围网
15087,32.65322222222222,124.75075,2.9,205.0,2020-09-28 03:06:09,围网
15087,32.64816666666667,124.7515,2.1,156.0,2020-09-28 03:15:47,围网
15087,32.642861111111124,124.75152777777777,2.0,174.0,2020-09-28 03:25:47,围网
15087,32.63769444444445,124.75161111111107,2.1,156.0,2020-09-28 03:35:47,围网
15087,32.63272222222222,124.75166666666668,2.0,182.0,2020-09-28 03:45:47,围网
15087,32.62788888888889,124.75191666666666,2.1,11.0,2020-09-28 03:55:47,围网
15087,32.62316666666666,124.75297222222223,1.7,0.0,2020-09-28 04:05:49,围网
15087,32.618722222222225,124.754,0.5,0.0,2020-09-28 04:15:47,围网
15087,32.61419444444445,124.75541666666666,1.5,313.0,2020-09-28 04:25:47,围网
15087,32.609944444444444,124.75688888888888,2.3,15.0,2020-09-28 04:35:47,围网
15087,32.61263888888889,124.75513888888888,2.0,355.0,2020-09-28 04:45:46,围网
15087,32.61355555555556,124.7519722222222,2.8,297.0,2020-09-28 04:55:47,围网
15087,32.613305555555556,124.7494722222222,1.2,0.0,2020-09-28 05:05:46,围网
15087,32.61222222222222,124.74608333333332,0.7,232.0,2020-09-28 05:16:09,围网
15087,32.61058333333334,124.76236111111106,8.4,100.0,2020-09-28 05:25:46,围网
15087,32.61002777777778,124.78711111111113,7.7,94.0,2020-09-28 05:35:46,围网
15087,32.607166666666664,124.81138888888887,6.4,78.0,2020-09-28 05:45:46,围网
15087,32.605444444444444,124.82111111111112,1.1,118.0,2020-09-28 05:55:46,围网
15087,32.61577777777778,124.8222222222222,1.7,7.0,2020-09-28 06:05:46,围网
15087,32.62083333333334,124.82133333333331,1.9,318.0,2020-09-28 06:15:46,围网
15087,32.626055555555546,124.81894444444444,1.5,338.0,2020-09-28 06:25:47,围网
15087,32.63119444444445,124.81672222222224,3.3,359.0,2020-09-28 06:35:46,围网
15087,32.636694444444444,124.8142777777778,1.9,358.0,2020-09-28 06:46:09,围网
15087,32.641694444444454,124.81188888888887,2.9,313.0,2020-09-28 06:55:46,围网
15087,32.646750000000004,124.80813888888888,2.2,303.0,2020-09-28 07:05:46,围网
15087,32.65080555555556,124.80266666666668,2.6,317.0,2020-09-28 07:15:46,围网
15087,32.65463888888889,124.79741666666666,2.1,325.0,2020-09-28 07:25:46,围网
15087,32.658527777777785,124.79230555555556,3.0,339.0,2020-09-28 07:35:46,围网
15087,32.662305555555555,124.7872777777778,2.4,322.0,2020-09-28 07:45:46,围网
15087,32.66605555555555,124.78252777777777,2.2,326.0,2020-09-28 07:55:46,围网
15087,32.670138888888886,124.77758333333334,1.4,321.0,2020-09-28 08:06:27,围网
15087,32.67388888888889,124.77336111111107,2.2,319.0,2020-09-28 08:15:46,围网
15087,32.67836111111111,124.76905555555555,2.4,322.0,2020-09-28 08:25:46,围网
15087,32.682888888888876,124.76522222222222,2.3,316.0,2020-09-28 08:35:46,围网
15087,32.687444444444445,124.76163888888887,1.7,317.0,2020-09-28 08:45:46,围网
15087,32.69216666666666,124.75844444444445,2.0,322.0,2020-09-28 08:55:46,围网
15087,32.696999999999996,124.75563888888892,2.0,13.0,2020-09-28 09:05:46,围网
15087,32.70211111111111,124.75327777777778,3.2,355.0,2020-09-28 09:16:09,围网
15087,32.70680555555556,124.75113888888887,1.7,335.0,2020-09-28 09:25:46,围网
15087,32.71125000000001,124.74855555555555,1.6,323.0,2020-09-28 09:35:46,围网
15087,32.715333333333334,124.74561111111113,1.8,338.0,2020-09-28 09:45:45,围网
15087,32.719194444444454,124.74252777777778,2.2,341.0,2020-09-28 09:55:45,围网
15087,32.719972222222225,124.74388888888888,1.3,98.0,2020-09-28 10:05:45,围网
15087,32.71786111111111,124.74736111111108,1.9,71.0,2020-09-28 10:15:45,围网
15087,32.717694444444454,124.74941666666666,2.1,56.0,2020-09-28 10:25:45,围网
15087,32.72105555555556,124.75266666666668,0.3,0.0,2020-09-28 10:45:45,围网
15087,32.721805555555555,124.73191666666666,7.8,264.0,2020-09-28 10:55:45,围网
15087,32.72419444444445,124.70783333333334,8.2,285.0,2020-09-28 11:05:45,围网
15087,32.72733333333333,124.69313888888892,0.6,349.0,2020-09-28 11:16:09,围网
15087,32.727555555555554,124.69405555555555,1.7,59.0,2020-09-28 11:25:45,围网
15087,32.727444444444444,124.70572222222224,4.5,93.0,2020-09-28 11:35:45,围网
15087,32.725611111111114,124.71263888888888,2.3,95.0,2020-09-28 11:45:45,围网
15087,32.72388888888889,124.71883333333334,2.0,99.0,2020-09-28 11:55:45,围网
15087,32.721555555555554,124.72497222222222,2.5,130.0,2020-09-28 12:05:45,围网
15087,32.71894444444445,124.73105555555556,2.2,124.0,2020-09-28 12:15:45,围网
15087,32.715361111111115,124.73663888888888,3.7,163.0,2020-09-28 12:25:45,围网
15087,32.71102777777778,124.74147222222223,2.1,138.0,2020-09-28 12:35:45,围网
15087,32.706972222222234,124.74663888888887,2.2,141.0,2020-09-28 12:45:45,围网
15087,32.70308333333334,124.75222222222222,2.3,141.0,2020-09-28 12:55:45,围网
15087,32.698194444444454,124.75669444444445,2.1,144.0,2020-09-28 13:05:45,围网
15087,32.69208333333333,124.7585277777778,3.6,179.0,2020-09-28 13:15:47,围网
15087,32.68647222222222,124.76058333333332,2.3,188.0,2020-09-28 13:25:45,围网
15087,32.68077777777777,124.76277777777777,2.8,155.0,2020-09-28 13:35:45,围网
15087,32.67547222222222,124.76666666666668,2.3,152.0,2020-09-28 13:45:45,围网
15087,32.67025,124.77105555555555,3.3,167.0,2020-09-28 13:55:45,围网
15087,32.67025,124.77105555555555,3.3,167.0,2020-09-28 14:07:15,围网
15087,32.659194444444445,124.77961111111112,2.6,194.0,2020-09-28 14:16:08,围网
15087,32.653888888888886,124.78141666666666,1.8,177.0,2020-09-28 14:25:45,围网
15087,32.64811111111111,124.78341666666668,2.5,159.0,2020-09-28 14:36:09,围网
15087,32.643527777777784,124.78769444444444,1.7,138.0,2020-09-28 14:45:44,围网
15087,32.64080555555556,124.79413888888888,1.6,115.0,2020-09-28 14:55:45,围网
15087,32.6395,124.80038888888888,2.3,110.0,2020-09-28 15:05:44,围网
15087,32.638055555555546,124.80608333333332,2.7,111.0,2020-09-28 15:15:44,围网
15087,32.63586111111111,124.81119444444445,1.6,118.0,2020-09-28 15:25:45,围网
15087,32.632111111111115,124.81588888888888,3.3,142.0,2020-09-28 15:35:44,围网
15087,32.62786111111112,124.81963888888887,2.5,149.0,2020-09-28 15:45:44,围网
15087,32.62244444444444,124.82175,2.5,195.0,2020-09-28 15:56:09,围网
15087,32.61688888888889,124.82247222222222,2.1,0.0,2020-09-28 16:05:48,围网
15087,32.61102777777778,124.82280555555555,2.5,172.0,2020-09-28 16:15:44,围网
15087,32.60536111111111,124.82266666666666,1.8,172.0,2020-09-28 16:25:44,围网
15087,32.600138888888885,124.82247222222222,1.6,206.0,2020-09-28 16:35:44,围网
15087,32.5965,124.82180555555556,2.3,312.0,2020-09-28 16:45:44,围网
15087,32.59933333333333,124.8215,1.1,323.0,2020-09-28 16:55:44,围网
15087,32.59886111111111,124.81933333333332,0.5,136.0,2020-09-28 17:05:44,围网
15087,32.59769444444445,124.81588888888888,2.5,230.0,2020-09-28 17:15:44,围网
15087,32.58941666666667,124.8075,10.4,220.0,2020-09-28 17:25:44,围网
15087,32.56919444444445,124.7877777777778,9.7,215.0,2020-09-28 17:35:44,围网
15087,32.548972222222226,124.76744444444445,9.1,220.0,2020-09-28 17:45:44,围网
15087,32.52833333333333,124.74744444444444,9.5,216.0,2020-09-28 17:55:45,围网
15087,32.50805555555556,124.728,9.7,223.0,2020-09-28 18:06:08,围网
15087,32.48902777777778,124.70969444444445,9.0,218.0,2020-09-28 18:15:44,围网
15087,32.470333333333336,124.6892777777778,9.8,251.0,2020-09-28 18:25:44,围网
15087,32.44833333333333,124.67861111111112,8.6,179.0,2020-09-28 18:35:44,围网
15087,32.42419444444445,124.67691666666668,9.3,198.0,2020-09-28 18:45:44,围网
15087,32.402194444444454,124.67436111111112,8.6,214.0,2020-09-28 18:55:44,围网
15087,32.38227777777778,124.6550277777778,9.0,210.0,2020-09-28 19:05:44,围网
15087,32.36333333333334,124.63616666666668,8.3,209.0,2020-09-28 19:15:44,围网
