渔船ID,lat,lon,速度,方向,time,type
15344,29.84825,122.17561111111112,8.7,52.0,2019-10-16 09:11:14,围网
15344,29.86283333333333,122.19608333333332,8.0,47.0,2019-10-16 09:21:14,围网
15344,29.87755555555556,122.21769444444445,8.6,46.0,2019-10-16 09:31:14,围网
15344,29.89022222222223,122.23619444444445,6.3,54.0,2019-10-16 09:41:14,围网
15344,29.901527777777765,122.25147222222222,6.1,53.0,2019-10-16 09:51:14,围网
15344,29.915138888888887,122.26475,6.7,27.0,2019-10-16 10:01:14,围网
15344,29.931166666666666,122.27663888888887,8.2,16.0,2019-10-16 10:11:13,围网
15344,29.94019444444445,122.2799722222222,2.5,263.0,2019-10-16 10:21:14,围网
15344,29.94061111111111,122.2789722222222,0.1,0.0,2019-10-16 10:31:14,围网
15344,29.94061111111111,122.2789722222222,0.0,0.0,2019-10-16 10:41:14,围网
15344,29.9405,122.27913888888888,0.0,0.0,2019-10-16 10:51:14,围网
15344,29.94013888888889,122.27797222222222,1.4,243.0,2019-10-16 11:01:14,围网
15344,29.93986111111111,122.27777777777777,0.5,7.0,2019-10-16 11:11:14,围网
15344,29.939722222222233,122.27811111111113,0.4,0.0,2019-10-16 11:21:14,围网
15344,29.93947222222221,122.27802777777777,0.0,0.0,2019-10-16 11:31:41,围网
15344,29.939527777777766,122.27830555555555,0.0,0.0,2019-10-16 11:41:14,围网
15344,29.939527777777766,122.27838888888893,0.0,0.0,2019-10-16 11:51:14,围网
15344,29.939527777777766,122.27836111111112,0.0,0.0,2019-10-16 12:01:13,围网
15344,29.939555555555554,122.27841666666669,0.0,0.0,2019-10-16 12:11:13,围网
15344,29.93963888888889,122.27838888888893,0.0,0.0,2019-10-16 12:21:13,围网
15344,29.93958333333333,122.27847222222222,0.0,0.0,2019-10-16 12:31:13,围网
15344,29.93966666666667,122.27855555555556,0.1,0.0,2019-10-16 12:41:13,围网
15344,29.93958333333333,122.27811111111113,0.2,0.0,2019-10-16 12:51:13,围网
15344,29.93966666666667,122.2785,0.1,0.0,2019-10-16 13:01:13,围网
15344,29.93963888888889,122.27858333333332,0.0,0.0,2019-10-16 13:11:13,围网
15344,29.93963888888889,122.27858333333332,0.3,0.0,2019-10-16 13:21:13,围网
15344,29.939611111111113,122.27863888888888,0.0,0.0,2019-10-16 13:31:13,围网
15344,29.939611111111113,122.27855555555556,0.2,0.0,2019-10-16 13:41:13,围网
15344,29.939555555555554,122.27858333333332,0.3,0.0,2019-10-16 13:51:13,围网
15344,29.939555555555554,122.27852777777778,0.0,0.0,2019-10-16 14:01:45,围网
15344,29.9395,122.27852777777778,0.0,0.0,2019-10-16 14:11:13,围网
15344,29.939527777777766,122.27855555555556,0.0,0.0,2019-10-16 14:21:13,围网
15344,29.9395,122.27855555555556,0.0,0.0,2019-10-16 14:31:13,围网
15344,29.937555555555555,122.27616666666668,7.0,166.0,2019-10-16 14:41:13,围网
15344,29.92275,122.29608333333331,10.1,97.0,2019-10-16 14:51:13,围网
15344,29.93044444444445,122.3162222222222,6.1,16.0,2019-10-16 15:01:12,围网
15344,29.94688888888889,122.32336111111107,6.7,26.0,2019-10-16 15:11:12,围网
15344,29.96236111111111,122.33352777777776,6.4,37.0,2019-10-16 15:21:13,围网
15344,29.971527777777766,122.35069444444444,7.1,88.0,2019-10-16 15:31:12,围网
15344,29.96958333333333,122.38025,10.0,90.0,2019-10-16 15:41:13,围网
15344,29.976055555555554,122.4087222222222,7.3,72.0,2019-10-16 15:51:13,围网
15344,29.982027777777766,122.42908333333334,5.9,69.0,2019-10-16 16:01:13,围网
15344,29.98858333333333,122.44991666666668,7.1,67.0,2019-10-16 16:11:12,围网
15344,29.995666666666665,122.47183333333334,6.2,68.0,2019-10-16 16:21:12,围网
15344,30.00344444444445,122.49375,6.8,66.0,2019-10-16 16:31:52,围网
15344,30.010638888888888,122.51416666666668,7.1,64.0,2019-10-16 16:41:12,围网
15344,30.018666666666665,122.53619444444445,7.1,65.0,2019-10-16 16:51:12,围网
15344,30.03366666666667,122.57919444444444,7.2,64.0,2019-10-16 17:11:11,围网
15344,30.0405,122.59961111111113,6.8,70.0,2019-10-16 17:21:11,围网
15344,30.04744444444445,122.61994444444444,7.3,70.0,2019-10-16 17:31:11,围网
15344,30.06077777777778,122.66208333333331,6.7,65.0,2019-10-16 17:51:11,围网
15344,30.067611111111113,122.6839722222222,7.1,69.0,2019-10-16 18:01:11,围网
15344,30.07411111111111,122.70561111111112,7.7,75.0,2019-10-16 18:11:11,围网
15344,30.07919444444445,122.72736111111112,7.0,78.0,2019-10-16 18:21:11,围网
15344,30.082722222222234,122.74736111111108,5.7,78.0,2019-10-16 18:31:11,围网
15344,30.089111111111112,122.768,7.6,63.0,2019-10-16 18:41:11,围网
15344,30.09486111111111,122.78661111111113,5.8,71.0,2019-10-16 18:51:11,围网
15344,30.10027777777778,122.80405555555555,6.1,66.0,2019-10-16 19:01:11,围网
15344,30.106055555555557,122.82297222222222,6.2,69.0,2019-10-16 19:11:11,围网
15344,30.11188888888889,122.84188888888887,6.2,65.0,2019-10-16 19:21:11,围网
15344,30.117666666666665,122.86044444444444,6.3,72.0,2019-10-16 19:31:11,围网
15344,30.123305555555557,122.87877777777777,6.6,71.0,2019-10-16 19:41:11,围网
15344,30.129305555555554,122.89775,6.7,68.0,2019-10-16 19:51:11,围网
15344,30.136194444444442,122.91719444444445,5.9,66.0,2019-10-16 20:01:39,围网
15344,30.143027777777768,122.93483333333332,6.4,68.0,2019-10-16 20:11:11,围网
15344,30.152638888888887,122.95166666666668,6.1,55.0,2019-10-16 20:21:11,围网
15344,30.162777777777766,122.96891666666666,6.7,61.0,2019-10-16 20:31:11,围网
15344,30.17058333333333,122.9892222222222,6.3,62.0,2019-10-16 20:41:11,围网
15344,30.177277777777785,123.00944444444444,7.1,70.0,2019-10-16 20:51:11,围网
15344,30.17686111111113,123.02811111111113,6.8,61.0,2019-10-16 21:01:11,围网
15344,30.18488888888889,123.0485277777778,7.1,57.0,2019-10-16 21:11:11,围网
15344,30.19294444444445,123.06880555555556,6.9,59.0,2019-10-16 21:21:11,围网
15344,30.20069444444444,123.08844444444445,6.2,57.0,2019-10-16 21:31:11,围网
15344,30.208361111111113,123.10797222222222,7.7,59.0,2019-10-16 21:41:11,围网
15344,30.216277777777766,123.12791666666664,7.3,64.0,2019-10-16 21:51:11,围网
15344,30.22425,123.14816666666668,6.9,70.0,2019-10-16 22:01:10,围网
15344,30.23222222222222,123.16869444444444,7.9,65.0,2019-10-16 22:11:10,围网
15344,30.240416666666665,123.18963888888894,7.1,62.0,2019-10-16 22:21:10,围网
15344,30.24866666666667,123.21094444444445,6.9,64.0,2019-10-16 22:31:10,围网
15344,30.25691666666667,123.23177777777778,7.2,71.0,2019-10-16 22:41:10,围网
15344,30.26572222222222,123.25311111111112,8.0,71.0,2019-10-16 22:51:10,围网
15344,30.274694444444453,123.27427777777777,7.5,72.0,2019-10-16 23:01:10,围网
15344,30.283305555555557,123.29505555555555,7.9,66.0,2019-10-16 23:11:10,围网
15344,30.29241666666667,123.3155,7.2,64.0,2019-10-16 23:21:10,围网
15344,30.301222222222233,123.33638888888888,7.8,61.0,2019-10-16 23:31:10,围网
15344,30.310472222222234,123.35863888888888,7.3,63.0,2019-10-16 23:41:10,围网
15344,30.31983333333333,123.38072222222222,7.4,65.0,2019-10-16 23:51:38,围网
15344,30.32833333333333,123.40055555555556,5.9,63.0,2019-10-17 00:01:10,围网
15344,30.346,123.44325,8.0,66.0,2019-10-17 00:21:10,围网
15344,30.35519444444445,123.46511111111113,8.3,59.0,2019-10-17 00:31:10,围网
15344,30.3645,123.48725,6.5,68.0,2019-10-17 00:41:10,围网
15344,30.373777777777768,123.50922222222223,7.9,66.0,2019-10-17 00:51:10,围网
15344,30.38291666666667,123.53094444444444,8.1,68.0,2019-10-17 01:01:10,围网
15344,30.39188888888889,123.55266666666668,8.1,69.0,2019-10-17 01:11:10,围网
15344,30.40122222222222,123.57486111111106,7.5,55.0,2019-10-17 01:21:10,围网
15344,30.41038888888889,123.59672222222223,7.6,66.0,2019-10-17 01:31:10,围网
15344,30.42,123.6195277777778,7.1,64.0,2019-10-17 01:41:10,围网
15344,30.42977777777779,123.64294444444445,7.6,64.0,2019-10-17 01:51:10,围网
15344,30.439888888888888,123.6670277777778,8.2,60.0,2019-10-17 02:01:38,围网
15344,30.448694444444445,123.68838888888894,7.6,60.0,2019-10-17 02:11:10,围网
15344,30.458111111111112,123.71061111111112,7.1,62.0,2019-10-17 02:21:10,围网
15344,30.46761111111111,123.73294444444444,7.8,65.0,2019-10-17 02:31:10,围网
15344,30.476861111111113,123.75483333333334,7.2,62.0,2019-10-17 02:41:10,围网
15344,30.48613888888889,123.77638888888887,7.4,67.0,2019-10-17 02:51:09,围网
15344,30.495361111111112,123.79777777777778,7.3,62.0,2019-10-17 03:01:09,围网
15344,30.504277777777766,123.81988888888893,7.4,68.0,2019-10-17 03:11:09,围网
15344,30.513222222222232,123.84077777777777,7.5,65.0,2019-10-17 03:21:09,围网
15344,30.522222222222233,123.86202777777777,7.3,65.0,2019-10-17 03:31:09,围网
15344,30.53094444444445,123.88230555555555,8.2,67.0,2019-10-17 03:41:09,围网
15344,30.539444444444445,123.90200000000002,4.4,71.0,2019-10-17 03:51:09,围网
15344,30.547916666666666,123.92188888888887,6.9,73.0,2019-10-17 04:01:09,围网
15344,30.555999999999997,123.9410277777778,7.8,69.0,2019-10-17 04:11:09,围网
15344,30.56416666666667,123.96041666666666,6.7,70.0,2019-10-17 04:21:09,围网
15344,30.572055555555554,123.97908333333334,6.5,62.0,2019-10-17 04:31:09,围网
15344,30.57986111111111,123.99775,5.9,57.0,2019-10-17 04:41:09,围网
15344,30.587944444444442,124.01605555555555,4.7,85.0,2019-10-17 04:51:38,围网
15344,30.59508333333333,124.03294444444445,5.4,58.0,2019-10-17 05:01:09,围网
15344,30.602277777777786,124.04994444444445,6.3,56.0,2019-10-17 05:11:09,围网
15344,30.60955555555556,124.06702777777778,5.0,67.0,2019-10-17 05:21:09,围网
15344,30.61691666666667,124.08438888888887,5.4,68.0,2019-10-17 05:31:09,围网
15344,30.62433333333333,124.1014722222222,5.9,58.0,2019-10-17 05:41:09,围网
15344,30.63191666666667,124.1189722222222,5.6,67.0,2019-10-17 05:51:09,围网
15344,30.63958333333333,124.13688888888888,6.4,63.0,2019-10-17 06:01:09,围网
15344,30.647111111111112,124.1550277777778,7.4,62.0,2019-10-17 06:11:09,围网
15344,30.65458333333333,124.17280555555556,6.0,58.0,2019-10-17 06:21:09,围网
15344,30.662138888888887,124.19083333333332,6.0,58.0,2019-10-17 06:31:09,围网
15344,30.669583333333332,124.20827777777778,6.8,63.0,2019-10-17 06:41:09,围网
15344,30.677027777777766,124.22577777777781,5.3,66.0,2019-10-17 06:51:09,围网
15344,30.68433333333333,124.24297222222219,6.5,69.0,2019-10-17 07:01:09,围网
15344,30.691388888888888,124.26008333333334,6.7,69.0,2019-10-17 07:11:09,围网
15344,30.698166666666665,124.27658333333332,5.9,73.0,2019-10-17 07:21:09,围网
15344,30.70555555555556,124.29416666666668,5.6,62.0,2019-10-17 07:31:38,围网
15344,30.71222222222222,124.3099722222222,5.8,62.0,2019-10-17 07:41:08,围网
15344,30.71925,124.32683333333334,4.9,62.0,2019-10-17 07:51:08,围网
15344,30.725972222222207,124.34425,5.0,88.0,2019-10-17 08:01:08,围网
15344,30.730583333333332,124.3624722222222,6.0,70.0,2019-10-17 08:11:08,围网
15344,30.735750000000003,124.38094444444445,5.9,72.0,2019-10-17 08:21:08,围网
15344,30.74175,124.39875,5.6,62.0,2019-10-17 08:31:08,围网
15344,30.75058333333333,124.41475,6.2,60.0,2019-10-17 08:41:08,围网
15344,30.75594444444444,124.43236111111106,6.0,69.0,2019-10-17 08:51:08,围网
15344,30.762722222222234,124.44930555555555,6.7,76.0,2019-10-17 09:01:08,围网
15344,30.769222222222233,124.4665,6.0,69.0,2019-10-17 09:11:08,围网
15344,30.77638888888889,124.4845,6.4,70.0,2019-10-17 09:21:08,围网
15344,30.78183333333333,124.50236111111107,6.3,64.0,2019-10-17 09:31:08,围网
15344,30.78894444444445,124.52125,5.5,69.0,2019-10-17 09:41:38,围网
15344,30.795388888888887,124.53855555555555,5.8,70.0,2019-10-17 09:51:08,围网
15344,30.80225,124.55719444444445,6.5,80.0,2019-10-17 10:01:08,围网
15344,30.80933333333333,124.57652777777777,6.9,60.0,2019-10-17 10:11:08,围网
15344,30.8165,124.59586111111106,6.0,68.0,2019-10-17 10:21:08,围网
15344,30.823583333333332,124.61508333333332,7.1,79.0,2019-10-17 10:31:08,围网
15344,30.831166666666665,124.63386111111113,6.6,62.0,2019-10-17 10:41:08,围网
15344,30.83847222222222,124.65341666666669,5.9,64.0,2019-10-17 10:51:08,围网
15344,30.845916666666664,124.6730277777778,7.0,64.0,2019-10-17 11:01:08,围网
15344,30.85352777777778,124.69347222222223,6.1,58.0,2019-10-17 11:11:08,围网
15344,30.86144444444445,124.71413888888887,5.1,66.0,2019-10-17 11:21:08,围网
15344,30.86938888888889,124.73541666666668,8.3,60.0,2019-10-17 11:31:08,围网
15344,30.87725,124.75641666666668,7.2,70.0,2019-10-17 11:41:08,围网
15344,30.88558333333333,124.77802777777777,7.7,58.0,2019-10-17 11:51:08,围网
15344,30.89433333333333,124.801,7.1,58.0,2019-10-17 12:01:38,围网
15344,30.902277777777766,124.8220277777778,7.8,63.0,2019-10-17 12:11:08,围网
15344,30.910666666666664,124.84413888888888,6.7,63.0,2019-10-17 12:21:08,围网
15344,30.919138888888888,124.8665,8.0,71.0,2019-10-17 12:31:07,围网
15344,30.92763888888889,124.8887777777778,7.1,72.0,2019-10-17 12:41:07,围网
15344,30.936166666666665,124.91069444444445,6.9,61.0,2019-10-17 12:51:07,围网
15344,30.944527777777786,124.93288888888893,7.3,64.0,2019-10-17 13:01:07,围网
15344,30.95300000000001,124.95569444444445,8.1,62.0,2019-10-17 13:11:07,围网
15344,30.96161111111111,124.97872222222222,8.8,64.0,2019-10-17 13:21:07,围网
15344,30.971027777777767,125.00091666666668,7.4,62.0,2019-10-17 13:31:07,围网
15344,30.97966666666667,125.02386111111107,7.2,65.0,2019-10-17 13:41:07,围网
15344,30.98858333333333,125.0469722222222,8.9,69.0,2019-10-17 13:51:07,围网
15344,30.99725,125.06991666666669,7.8,69.0,2019-10-17 14:01:07,围网
15344,31.00577777777778,125.09294444444444,7.3,67.0,2019-10-17 14:11:07,围网
15344,31.01444444444445,125.11602777777777,7.7,62.0,2019-10-17 14:21:07,围网
15344,31.0235,125.1395,8.0,70.0,2019-10-17 14:31:07,围网
15344,31.03216666666667,125.16230555555555,7.6,64.0,2019-10-17 14:41:07,围网
15344,31.04158333333333,125.18705555555556,6.2,68.0,2019-10-17 14:52:10,围网
15344,31.04963888888889,125.2074722222222,8.2,64.0,2019-10-17 15:01:06,围网
15344,31.05808333333333,125.2294722222222,7.9,58.0,2019-10-17 15:11:07,围网
15344,31.066333333333336,125.25147222222222,8.2,70.0,2019-10-17 15:21:07,围网
15344,31.07466666666667,125.27294444444445,6.9,62.0,2019-10-17 15:31:07,围网
15344,31.083000000000002,125.29444444444445,7.3,69.0,2019-10-17 15:41:07,围网
15344,31.09275,125.3145,5.6,56.0,2019-10-17 15:51:07,围网
15344,31.09922222222221,125.33691666666664,7.3,83.0,2019-10-17 16:01:07,围网
15344,31.10919444444445,125.35430555555556,5.7,72.0,2019-10-17 16:11:07,围网
15344,31.117027777777786,125.37541666666664,8.2,75.0,2019-10-17 16:21:07,围网
15344,31.124861111111112,125.39641666666668,6.8,64.0,2019-10-17 16:31:07,围网
15344,31.132555555555548,125.41661111111112,7.2,66.0,2019-10-17 16:41:07,围网
15344,31.14022222222223,125.43625,7.0,63.0,2019-10-17 16:51:07,围网
15344,31.14769444444445,125.45636111111112,6.1,65.0,2019-10-17 17:01:07,围网
15344,31.154972222222234,125.47605555555555,7.7,71.0,2019-10-17 17:11:06,围网
15344,31.162111111111113,125.49527777777777,7.0,66.0,2019-10-17 17:21:09,围网
15344,31.16966666666667,125.51475,6.5,65.0,2019-10-17 17:31:06,围网
15344,31.17586111111111,125.53458333333332,6.3,75.0,2019-10-17 17:41:06,围网
15344,31.18166666666667,125.55383333333332,6.8,55.0,2019-10-17 17:51:52,围网
15344,31.18802777777778,125.5702222222222,6.5,64.0,2019-10-17 18:01:06,围网
15344,31.195611111111113,125.58822222222223,6.5,64.0,2019-10-17 18:11:06,围网
15344,31.20458333333333,125.60425,4.7,70.0,2019-10-17 18:21:06,围网
15344,31.20983333333333,125.62283333333332,6.5,64.0,2019-10-17 18:31:06,围网
15344,31.21688888888889,125.64038888888888,5.4,50.0,2019-10-17 18:41:06,围网
15344,31.22444444444445,125.65783333333334,5.8,69.0,2019-10-17 18:51:06,围网
15344,31.231027777777786,125.6760277777778,6.1,55.0,2019-10-17 19:01:06,围网
15344,31.23775,125.69513888888888,6.4,73.0,2019-10-17 19:11:06,围网
15344,31.244277777777786,125.71388888888887,6.9,73.0,2019-10-17 19:21:06,围网
15344,31.25075,125.73225,4.7,68.0,2019-10-17 19:31:06,围网
15344,31.257472222222226,125.7512777777778,7.0,72.0,2019-10-17 19:41:06,围网
15344,31.264194444444453,125.77016666666668,7.0,64.0,2019-10-17 19:51:06,围网
15344,31.27105555555556,125.78988888888892,4.5,63.0,2019-10-17 20:01:52,围网
15344,31.277055555555553,125.80733333333332,6.6,70.0,2019-10-17 20:11:06,围网
15344,31.282305555555553,125.82600000000001,5.2,62.0,2019-10-17 20:21:06,围网
15344,31.288277777777786,125.84525,6.7,74.0,2019-10-17 20:31:06,围网
15344,31.29452777777778,125.86394444444444,6.9,74.0,2019-10-17 20:41:06,围网
15344,31.29863888888889,125.88358333333332,5.5,89.0,2019-10-17 20:51:06,围网
15344,31.304305555555555,125.90208333333334,5.3,75.0,2019-10-17 21:01:06,围网
15344,31.31058333333333,125.92019444444445,5.6,67.0,2019-10-17 21:11:06,围网
15344,31.31658333333333,125.93777777777778,5.6,62.0,2019-10-17 21:21:06,围网
15344,31.32258333333333,125.95519444444444,4.8,69.0,2019-10-17 21:31:06,围网
15344,31.328722222222233,125.97241666666667,6.1,79.0,2019-10-17 21:41:06,围网
15344,31.33544444444444,125.99102777777777,6.2,77.0,2019-10-17 21:51:06,围网
15344,31.34216666666667,126.00938888888888,7.4,86.0,2019-10-17 22:01:05,围网
15344,31.34861111111111,126.02747222222222,6.8,70.0,2019-10-17 22:11:05,围网
15344,31.355694444444445,126.0470277777778,6.6,71.0,2019-10-17 22:21:05,围网
15344,31.362361111111113,126.06616666666667,7.2,62.0,2019-10-17 22:31:05,围网
15344,31.3695,126.08613888888887,6.7,70.0,2019-10-17 22:41:05,围网
15344,31.376555555555555,126.10638888888887,6.4,69.0,2019-10-17 22:51:05,围网
15344,31.383527777777786,126.12627777777777,6.7,77.0,2019-10-17 23:01:05,围网
15344,31.390638888888887,126.14641666666668,6.7,66.0,2019-10-17 23:11:05,围网
15344,31.39777777777777,126.16641666666666,6.8,61.0,2019-10-17 23:21:05,围网
15344,31.405361111111112,126.18725,6.4,73.0,2019-10-17 23:31:05,围网
15344,31.41294444444444,126.2079722222222,7.2,74.0,2019-10-17 23:41:05,围网
15344,31.421083333333332,126.23011111111113,7.3,74.0,2019-10-17 23:51:22,围网
15344,31.431166666666666,126.24783333333336,3.6,79.0,2019-10-18 00:01:05,围网
15344,31.432861111111112,126.25663888888887,1.6,139.0,2019-10-18 00:11:05,围网
15344,31.443027777777786,126.25741666666669,3.1,8.0,2019-10-18 00:21:05,围网
15344,31.449222222222208,126.25866666666668,2.3,0.0,2019-10-18 00:31:05,围网
15344,31.455111111111112,126.25988888888894,1.6,2.0,2019-10-18 00:41:05,围网
15344,31.46080555555556,126.2612777777778,2.1,13.0,2019-10-18 00:51:05,围网
15344,31.466166666666666,126.26297222222222,2.2,8.0,2019-10-18 01:01:05,围网
15344,31.471416666666666,126.26494444444445,2.0,11.0,2019-10-18 01:11:05,围网
15344,31.47658333333333,126.26708333333332,1.6,19.0,2019-10-18 01:21:05,围网
15344,31.481527777777767,126.26888888888887,2.3,38.0,2019-10-18 01:31:05,围网
15344,31.48644444444445,126.27219444444445,1.9,34.0,2019-10-18 01:41:05,围网
15344,31.491277777777785,126.27580555555555,2.0,43.0,2019-10-18 01:51:05,围网
15344,31.49597222222221,126.28011111111113,2.3,49.0,2019-10-18 02:01:39,围网
15344,31.49961111111111,126.28530555555555,2.5,71.0,2019-10-18 02:11:05,围网
15344,31.50308333333333,126.29125,2.5,69.0,2019-10-18 02:21:05,围网
15344,31.50608333333333,126.2974722222222,2.4,53.0,2019-10-18 02:31:05,围网
15344,31.50825,126.30416666666666,2.1,68.0,2019-10-18 02:41:05,围网
15344,31.509611111111113,126.31105555555555,2.1,80.0,2019-10-18 02:51:04,围网
15344,31.509888888888888,126.31841666666666,3.4,109.0,2019-10-18 03:01:04,围网
15344,31.50983333333333,126.32586111111112,2.3,92.0,2019-10-18 03:11:04,围网
15344,31.51008333333333,126.33336111111107,2.3,96.0,2019-10-18 03:21:04,围网
15344,31.510222222222232,126.34066666666666,1.7,55.0,2019-10-18 03:31:04,围网
15344,31.51069444444445,126.34777777777781,2.0,100.0,2019-10-18 03:41:04,围网
15344,31.510972222222208,126.35483333333332,3.5,112.0,2019-10-18 03:51:04,围网
15344,31.511277777777767,126.36180555555555,1.0,58.0,2019-10-18 04:01:04,围网
15344,31.51161111111111,126.37527777777777,2.0,107.0,2019-10-18 04:21:04,围网
15344,31.50788888888889,126.38191666666664,2.4,131.0,2019-10-18 04:31:04,围网
15344,31.502805555555554,126.38705555555555,2.7,116.0,2019-10-18 04:41:04,围网
15344,31.49766666666667,126.39141666666669,3.4,162.0,2019-10-18 04:51:04,围网
15344,31.492722222222234,126.39555555555555,2.4,141.0,2019-10-18 05:01:04,围网
15344,31.48775,126.39958333333334,1.7,0.0,2019-10-18 05:11:05,围网
15344,31.483,126.4035,4.3,163.0,2019-10-18 05:21:04,围网
15344,31.47833333333333,126.40733333333334,2.9,143.0,2019-10-18 05:31:04,围网
15344,31.47363888888889,126.4112222222222,1.4,132.0,2019-10-18 05:41:22,围网
15344,31.469361111111112,126.41497222222222,2.1,162.0,2019-10-18 05:51:04,围网
15344,31.46461111111111,126.41727777777778,1.2,258.0,2019-10-18 06:01:04,围网
15344,31.466444444444445,126.41516666666668,1.7,29.0,2019-10-18 06:11:04,围网
15344,31.464527777777768,126.41372222222223,2.1,193.0,2019-10-18 06:21:04,围网
15344,31.46097222222221,126.41147222222223,0.9,215.0,2019-10-18 06:31:04,围网
15344,31.473888888888887,126.40980555555555,5.2,357.0,2019-10-18 06:41:04,围网
15344,31.475666666666665,126.40775,3.2,345.0,2019-10-18 06:51:04,围网
15344,31.483361111111112,126.39916666666667,1.9,300.0,2019-10-18 07:01:04,围网
15344,31.49063888888889,126.39019444444445,3.0,279.0,2019-10-18 07:21:03,围网
15344,31.494138888888887,126.38558333333332,2.1,343.0,2019-10-18 07:31:03,围网
15344,31.49841666666667,126.38216666666666,1.6,304.0,2019-10-18 07:41:03,围网
15344,31.50236111111111,126.37811111111112,3.5,299.0,2019-10-18 07:51:03,围网
15344,31.50633333333333,126.37327777777777,3.0,315.0,2019-10-18 08:01:21,围网
15344,31.511277777777767,126.37169444444444,2.5,31.0,2019-10-18 08:11:03,围网
15344,31.51608333333333,126.37030555555555,2.0,55.0,2019-10-18 08:21:03,围网
15344,31.52097222222222,126.36916666666666,2.0,5.0,2019-10-18 08:31:02,围网
15344,31.52625,126.36875,2.3,346.0,2019-10-18 08:41:22,围网
15344,31.531111111111112,126.36836111111107,2.3,343.0,2019-10-18 08:51:03,围网
15344,31.53613888888889,126.36758333333331,1.1,333.0,2019-10-18 09:01:02,围网
15344,31.54144444444445,126.3664722222222,2.0,355.0,2019-10-18 09:11:02,围网
15344,31.54691666666667,126.36508333333332,2.4,337.0,2019-10-18 09:21:02,围网
15344,31.552611111111112,126.3635277777778,2.6,328.0,2019-10-18 09:31:02,围网
15344,31.55830555555556,126.36177777777776,2.6,352.0,2019-10-18 09:41:02,围网
15344,31.563972222222233,126.35963888888888,2.8,315.0,2019-10-18 09:51:02,围网
15344,31.569555555555553,126.35811111111113,3.7,328.0,2019-10-18 10:01:02,围网
15344,31.57547222222223,126.35655555555556,2.8,343.0,2019-10-18 10:11:02,围网
15344,31.58130555555556,126.35513888888887,2.3,348.0,2019-10-18 10:21:02,围网
15344,31.58722222222222,126.35355555555556,2.4,358.0,2019-10-18 10:31:02,围网
15344,31.593166666666665,126.35233333333332,2.2,323.0,2019-10-18 10:41:02,围网
15344,31.599055555555548,126.35069444444444,2.0,343.0,2019-10-18 10:51:02,围网
15344,31.627722222222232,126.34552777777776,2.4,349.0,2019-10-18 11:41:02,围网
15344,31.64822222222222,126.3455,3.5,271.0,2019-10-18 12:21:02,围网
15344,31.647,126.34313888888887,0.6,288.0,2019-10-18 12:31:01,围网
15344,31.646305555555557,126.34133333333332,0.7,334.0,2019-10-18 12:41:01,围网
15344,31.64544444444445,126.33825,1.0,229.0,2019-10-18 12:51:01,围网
15344,31.653277777777767,126.33575,0.5,98.0,2019-10-18 13:01:01,围网
15344,31.64913888888889,126.3342222222222,7.5,176.0,2019-10-18 13:11:01,围网
15344,31.64086111111111,126.33327777777777,1.9,161.0,2019-10-18 13:21:01,围网
15344,31.63572222222221,126.33375,2.2,196.0,2019-10-18 13:31:01,围网
15344,31.63058333333333,126.33452777777778,2.4,159.0,2019-10-18 13:41:01,围网
15344,31.625416666666666,126.33541666666666,2.2,165.0,2019-10-18 13:51:01,围网
15344,31.619972222222234,126.33636111111107,1.8,202.0,2019-10-18 14:01:20,围网
15344,31.61488888888889,126.33738888888894,2.3,190.0,2019-10-18 14:11:01,围网
15344,31.60966666666667,126.33844444444445,2.0,154.0,2019-10-18 14:21:01,围网
15344,31.60444444444445,126.33930555555555,1.6,188.0,2019-10-18 14:31:01,围网
15344,31.599027777777767,126.34002777777776,1.8,174.0,2019-10-18 14:41:01,围网
15344,31.59358333333333,126.34091666666666,2.1,170.0,2019-10-18 14:51:01,围网
15344,31.58825,126.34188888888887,2.3,187.0,2019-10-18 15:01:01,围网
15344,31.582722222222234,126.34299999999999,2.1,147.0,2019-10-18 15:11:01,围网
15344,31.57708333333333,126.34405555555556,2.0,196.0,2019-10-18 15:21:01,围网
15344,31.571361111111113,126.34516666666669,1.9,145.0,2019-10-18 15:31:01,围网
15344,31.56561111111111,126.3462222222222,1.9,182.0,2019-10-18 15:41:01,围网
15344,31.55991666666667,126.34716666666668,2.0,191.0,2019-10-18 15:51:01,围网
15344,31.55413888888889,126.34797222222224,3.1,157.0,2019-10-18 16:01:01,围网
15344,31.548333333333336,126.34880555555556,2.3,189.0,2019-10-18 16:11:01,围网
15344,31.54227777777778,126.34966666666666,2.3,193.0,2019-10-18 16:21:21,围网
15344,31.536583333333336,126.35013888888888,1.6,166.0,2019-10-18 16:31:01,围网
15344,31.530777777777786,126.3504722222222,1.9,171.0,2019-10-18 16:41:01,围网
15344,31.52494444444445,126.35063888888888,2.7,157.0,2019-10-18 16:51:01,围网
15344,31.519055555555553,126.35077777777776,1.5,190.0,2019-10-18 17:01:01,围网
15344,31.51311111111111,126.35086111111107,2.9,154.0,2019-10-18 17:11:01,围网
15344,31.50119444444445,126.35083333333333,2.7,194.0,2019-10-18 17:31:00,围网
15344,31.49527777777779,126.35083333333333,1.5,173.0,2019-10-18 17:41:00,围网
15344,31.489305555555553,126.35086111111107,2.3,193.0,2019-10-18 17:51:00,围网
15344,31.483472222222233,126.35102777777777,2.6,190.0,2019-10-18 18:01:00,围网
15344,31.4775,126.35111111111112,2.0,152.0,2019-10-18 18:11:00,围网
15344,31.47225,126.35063888888888,0.5,145.0,2019-10-18 18:21:00,围网
15344,31.474138888888888,126.35072222222222,1.5,29.0,2019-10-18 18:31:00,围网
15344,31.474,126.35066666666664,0.9,97.0,2019-10-18 18:41:00,围网
15344,31.498583333333336,126.36994444444444,1.6,322.0,2019-10-18 19:31:21,围网
15344,31.50322222222222,126.36975,2.1,32.0,2019-10-18 19:41:00,围网
15344,31.50802777777778,126.36963888888887,1.9,344.0,2019-10-18 19:51:00,围网
15344,31.51297222222223,126.36922222222222,2.6,18.0,2019-10-18 20:01:00,围网
15344,31.518166666666666,126.36883333333333,2.1,9.0,2019-10-18 20:11:00,围网
15344,31.52338888888889,126.36827777777776,1.6,352.0,2019-10-18 20:21:00,围网
15344,31.528777777777766,126.36794444444445,2.1,344.0,2019-10-18 20:31:00,围网
15344,31.53416666666667,126.36761111111107,2.3,343.0,2019-10-18 20:41:00,围网
15344,31.53955555555555,126.36716666666666,1.2,347.0,2019-10-18 20:51:00,围网
15344,31.54494444444445,126.36705555555555,2.3,343.0,2019-10-18 21:01:00,围网
15344,31.550555555555555,126.36686111111106,2.4,334.0,2019-10-18 21:11:00,围网
15344,31.55619444444445,126.36669444444445,2.0,341.0,2019-10-18 21:21:00,围网
15344,31.56194444444445,126.3665,2.3,11.0,2019-10-18 21:31:00,围网
15344,31.567611111111113,126.36680555555556,2.3,13.0,2019-10-18 21:41:00,围网
15344,31.57338888888889,126.36727777777777,1.8,358.0,2019-10-18 21:51:00,围网
15344,31.579694444444453,126.36713888888887,2.9,17.0,2019-10-18 22:01:20,围网
15344,31.585416666666664,126.36713888888887,1.8,8.0,2019-10-18 22:10:59,围网
15344,31.59144444444444,126.3672222222222,2.9,29.0,2019-10-18 22:20:59,围网
15344,31.59741666666667,126.36711111111113,1.7,2.0,2019-10-18 22:30:59,围网
15344,31.603472222222226,126.36711111111113,3.0,319.0,2019-10-18 22:40:59,围网
15344,31.60958333333333,126.36708333333333,1.9,358.0,2019-10-18 22:50:59,围网
15344,31.61563888888889,126.36719444444445,2.2,17.0,2019-10-18 23:01:00,围网
15344,31.62155555555556,126.36694444444444,2.4,11.0,2019-10-18 23:10:59,围网
15344,31.62741666666667,126.3664722222222,2.6,359.0,2019-10-18 23:20:59,围网
15344,31.63336111111111,126.36605555555555,2.4,48.0,2019-10-18 23:31:01,围网
15344,31.639388888888888,126.36561111111112,2.2,2.0,2019-10-18 23:41:00,围网
15344,31.64544444444445,126.36497222222219,3.4,61.0,2019-10-18 23:50:59,围网
15344,31.65130555555556,126.36452777777778,2.3,296.0,2019-10-19 00:00:59,围网
15344,31.65719444444445,126.36430555555555,3.1,65.0,2019-10-19 00:10:59,围网
15344,31.662916666666664,126.36391666666664,1.6,0.0,2019-10-19 00:20:59,围网
15344,31.668722222222208,126.36327777777777,2.7,324.0,2019-10-19 00:31:00,围网
15344,31.674611111111112,126.36316666666666,1.9,11.0,2019-10-19 00:41:21,围网
15344,31.68,126.36280555555555,2.1,11.0,2019-10-19 00:50:59,围网
15344,31.6855,126.36261111111112,2.3,345.0,2019-10-19 01:00:59,围网
15344,31.68925,126.36461111111113,0.8,56.0,2019-10-19 01:11:21,围网
15344,31.689888888888888,126.36783333333334,1.8,110.0,2019-10-19 01:20:59,围网
15344,31.689,126.37080555555555,0.6,287.0,2019-10-19 01:30:59,围网
15344,31.68738888888889,126.37211111111112,1.3,145.0,2019-10-19 01:40:59,围网
15344,31.697,126.3815,6.5,39.0,2019-10-19 01:50:59,围网
15344,31.70480555555556,126.38997222222223,2.6,177.0,2019-10-19 02:00:59,围网
15344,31.701777777777767,126.39186111111113,1.1,103.0,2019-10-19 02:10:59,围网
15344,31.701694444444442,126.39538888888887,1.6,138.0,2019-10-19 02:20:59,围网
15344,31.6935,126.3997222222222,5.3,161.0,2019-10-19 02:30:59,围网
15344,31.687361111111112,126.40208333333334,1.7,174.0,2019-10-19 02:40:59,围网
15344,31.68180555555556,126.40433333333334,2.1,164.0,2019-10-19 02:50:58,围网
15344,31.676055555555557,126.40594444444444,1.8,166.0,2019-10-19 03:00:59,围网
15344,31.67016666666667,126.40730555555555,2.5,159.0,2019-10-19 03:10:58,围网
15344,31.664222222222207,126.40827777777778,1.9,0.0,2019-10-19 03:20:58,围网
15344,31.658,126.40913888888888,2.0,186.0,2019-10-19 03:31:21,围网
15344,31.652166666666666,126.40980555555555,2.1,194.0,2019-10-19 03:40:58,围网
15344,31.64605555555556,126.41061111111112,2.4,176.0,2019-10-19 03:50:58,围网
15344,31.639972222222234,126.41141666666668,2.3,186.0,2019-10-19 04:00:58,围网
15344,31.63383333333333,126.41216666666666,2.7,181.0,2019-10-19 04:10:58,围网
15344,31.62761111111111,126.41288888888887,1.8,194.0,2019-10-19 04:20:58,围网
15344,31.62136111111111,126.41386111111113,1.8,173.0,2019-10-19 04:30:58,围网
15344,31.61497222222223,126.4147777777778,2.6,192.0,2019-10-19 04:40:58,围网
15344,31.6085,126.41569444444444,3.0,163.0,2019-10-19 04:50:58,围网
15344,31.60211111111111,126.41677777777778,2.6,172.0,2019-10-19 05:00:58,围网
15344,31.59561111111111,126.41747222222222,2.9,164.0,2019-10-19 05:10:58,围网
15344,31.589,126.41833333333334,3.2,167.0,2019-10-19 05:20:58,围网
15344,31.58244444444445,126.41888888888887,2.1,168.0,2019-10-19 05:30:58,围网
15344,31.57597222222222,126.41966666666669,3.0,172.0,2019-10-19 05:40:58,围网
15344,31.56966666666667,126.42113888888888,2.4,173.0,2019-10-19 05:50:58,围网
15344,31.563055555555557,126.42216666666668,2.8,151.0,2019-10-19 06:01:20,围网
15344,31.55694444444445,126.42319444444445,2.2,184.0,2019-10-19 06:10:58,围网
15344,31.55058333333333,126.4237777777778,2.9,181.0,2019-10-19 06:20:58,围网
15344,31.544277777777786,126.42438888888887,1.9,184.0,2019-10-19 06:30:58,围网
15344,31.537972222222226,126.42483333333334,2.4,182.0,2019-10-19 06:40:58,围网
15344,31.53163888888889,126.42519444444444,2.9,179.0,2019-10-19 06:50:58,围网
15344,31.5255,126.42558333333334,3.2,167.0,2019-10-19 07:00:58,围网
15344,31.51933333333333,126.42552777777777,3.0,162.0,2019-10-19 07:10:58,围网
15344,31.513361111111113,126.42577777777778,1.9,170.0,2019-10-19 07:20:58,围网
15344,31.50741666666667,126.4258888888889,2.0,178.0,2019-10-19 07:30:58,围网
15344,31.503833333333336,126.42586111111113,1.1,305.0,2019-10-19 07:40:57,围网
15344,31.50597222222222,126.42536111111113,2.2,301.0,2019-10-19 07:50:57,围网
15344,31.50363888888889,126.42511111111112,3.1,155.0,2019-10-19 08:00:57,围网
15344,31.50363888888889,126.42411111111113,4.1,357.0,2019-10-19 08:10:57,围网
15344,31.50633333333333,126.42308333333334,3.2,278.0,2019-10-19 08:20:57,围网
15344,31.516361111111113,126.42247222222224,1.8,25.0,2019-10-19 08:30:57,围网
15344,31.52072222222222,126.42222222222223,2.1,14.0,2019-10-19 08:40:59,围网
15344,31.52561111111111,126.4217777777778,2.3,333.0,2019-10-19 08:51:21,围网
15344,31.530055555555553,126.42172222222223,1.9,22.0,2019-10-19 09:00:57,围网
15344,31.534944444444452,126.42147222222223,2.0,11.0,2019-10-19 09:10:57,围网
15344,31.54002777777778,126.42133333333334,2.0,29.0,2019-10-19 09:20:57,围网
15344,31.54516666666667,126.42097222222222,1.4,14.0,2019-10-19 09:30:57,围网
15344,31.55033333333333,126.42033333333336,1.8,356.0,2019-10-19 09:40:57,围网
15344,31.555694444444452,126.41955555555555,1.7,3.0,2019-10-19 09:50:57,围网
15344,31.56119444444445,126.41841666666667,2.1,342.0,2019-10-19 10:00:57,围网
15344,31.56658333333333,126.41700000000002,2.3,339.0,2019-10-19 10:10:57,围网
15344,31.572055555555554,126.41569444444444,1.5,0.0,2019-10-19 10:20:57,围网
15344,31.57788888888889,126.41458333333334,2.3,350.0,2019-10-19 10:31:21,围网
15344,31.583388888888887,126.4135277777778,2.5,340.0,2019-10-19 10:40:57,围网
15344,31.58919444444444,126.41230555555555,1.9,358.0,2019-10-19 10:50:57,围网
15344,31.595055555555554,126.41125,1.7,357.0,2019-10-19 11:00:57,围网
15344,31.60094444444445,126.41013888888894,1.5,348.0,2019-10-19 11:10:57,围网
15344,31.60666666666667,126.40897222222223,2.1,345.0,2019-10-19 11:20:57,围网
15344,31.612305555555555,126.40780555555556,2.0,355.0,2019-10-19 11:30:57,围网
15344,31.618055555555557,126.40663888888888,2.3,9.0,2019-10-19 11:40:57,围网
15344,31.62380555555556,126.40530555555556,1.9,357.0,2019-10-19 11:50:57,围网
15344,31.629444444444445,126.40430555555555,2.0,1.0,2019-10-19 12:00:57,围网
15344,31.63511111111111,126.40344444444445,2.4,4.0,2019-10-19 12:10:57,围网
15344,31.64075,126.40280555555556,2.1,3.0,2019-10-19 12:20:57,围网
15344,31.646611111111113,126.40261111111113,2.5,343.0,2019-10-19 12:30:56,围网
15344,31.6525,126.40266666666668,1.9,2.0,2019-10-19 12:40:56,围网
15344,31.658277777777766,126.40288888888894,2.1,18.0,2019-10-19 12:50:56,围网
15344,31.66383333333333,126.40313888888893,1.8,347.0,2019-10-19 13:00:56,围网
15344,31.66938888888889,126.40319444444445,2.0,9.0,2019-10-19 13:10:56,围网
15344,31.674944444444453,126.40333333333334,1.9,351.0,2019-10-19 13:20:56,围网
15344,31.68058333333333,126.40344444444445,1.7,356.0,2019-10-19 13:30:56,围网
15344,31.68302777777778,126.40513888888887,1.2,0.0,2019-10-19 13:40:56,围网
15344,31.68258333333333,126.4095,0.5,0.0,2019-10-19 14:01:20,围网
15344,31.68583333333333,126.40761111111112,6.7,347.0,2019-10-19 14:10:56,围网
15344,31.70369444444445,126.40280555555556,4.5,348.0,2019-10-19 14:20:56,围网
15344,31.69991666666667,126.40388888888893,7.2,179.0,2019-10-19 14:30:56,围网
15344,31.69333333333333,126.4044722222222,1.1,161.0,2019-10-19 14:40:56,围网
15344,31.688055555555557,126.40519444444445,0.8,181.0,2019-10-19 14:50:56,围网
15344,31.68258333333333,126.406,1.7,193.0,2019-10-19 15:00:56,围网
15344,31.677138888888887,126.40672222222223,1.7,169.0,2019-10-19 15:10:56,围网
15344,31.67163888888889,126.40733333333334,1.6,168.0,2019-10-19 15:20:56,围网
15344,31.66608333333333,126.40783333333334,2.6,145.0,2019-10-19 15:30:56,围网
15344,31.6605,126.40816666666667,1.8,185.0,2019-10-19 15:40:56,围网
15344,31.654777777777767,126.4085277777778,1.9,163.0,2019-10-19 15:50:56,围网
15344,31.64913888888889,126.40844444444444,2.2,173.0,2019-10-19 16:00:56,围网
15344,31.64344444444445,126.40813888888893,2.2,175.0,2019-10-19 16:10:56,围网
15344,31.637527777777766,126.40788888888888,2.8,168.0,2019-10-19 16:21:21,围网
15344,31.63208333333333,126.40761111111112,2.2,186.0,2019-10-19 16:30:56,围网
15344,31.62633333333333,126.40708333333332,2.1,191.0,2019-10-19 16:40:56,围网
15344,31.62061111111111,126.40644444444445,2.1,182.0,2019-10-19 16:50:56,围网
15344,31.61491666666667,126.40594444444444,2.2,175.0,2019-10-19 17:00:56,围网
15344,31.60919444444445,126.40547222222223,2.4,197.0,2019-10-19 17:10:56,围网
15344,31.60333333333333,126.40522222222219,2.4,166.0,2019-10-19 17:20:55,围网
15344,31.597444444444445,126.40516666666667,2.1,187.0,2019-10-19 17:30:55,围网
15344,31.591527777777767,126.40505555555555,1.8,173.0,2019-10-19 17:40:55,围网
15344,31.579694444444453,126.40466666666669,2.1,183.0,2019-10-19 18:00:55,围网
15344,31.57375,126.40433333333334,3.3,164.0,2019-10-19 18:10:55,围网
15344,31.567805555555548,126.40402777777778,2.0,181.0,2019-10-19 18:20:55,围网
15344,31.56183333333333,126.40383333333334,2.2,174.0,2019-10-19 18:30:55,围网
15344,31.555916666666665,126.40322222222223,1.7,179.0,2019-10-19 18:40:55,围网
15344,31.55011111111111,126.40225,2.4,182.0,2019-10-19 18:50:55,围网
15344,31.54425,126.40108333333332,2.9,171.0,2019-10-19 19:00:55,围网
15344,31.53841666666667,126.3997777777778,1.9,0.0,2019-10-19 19:10:55,围网
15344,31.53244444444445,126.39833333333334,1.8,181.0,2019-10-19 19:21:21,围网
15344,31.527055555555553,126.39736111111112,1.9,209.0,2019-10-19 19:30:55,围网
15344,31.521472222222233,126.39661111111113,2.5,185.0,2019-10-19 19:40:55,围网
15344,31.5175,126.39597222222223,1.1,0.0,2019-10-19 19:50:55,围网
15344,31.52097222222222,126.39636111111106,1.7,355.0,2019-10-19 20:00:55,围网
15344,31.519111111111112,126.39697222222223,0.4,163.0,2019-10-19 20:10:55,围网
15344,31.51094444444445,126.39577777777778,4.7,158.0,2019-10-19 20:20:55,围网
15344,31.511333333333337,126.39266666666668,6.8,352.0,2019-10-19 20:30:55,围网
15344,31.52030555555556,126.391,1.4,348.0,2019-10-19 20:40:55,围网
15344,31.525527777777786,126.38997222222223,1.9,1.0,2019-10-19 20:50:55,围网
15344,31.530916666666666,126.38888888888893,2.2,337.0,2019-10-19 21:00:55,围网
15344,31.536361111111113,126.38794444444444,2.3,2.0,2019-10-19 21:10:55,围网
15344,31.541777777777767,126.38694444444445,2.2,338.0,2019-10-19 21:20:55,围网
15344,31.54741666666667,126.38586111111113,2.2,352.0,2019-10-19 21:30:54,围网
15344,31.55311111111111,126.38488888888894,2.1,337.0,2019-10-19 21:40:54,围网
15344,31.558777777777767,126.38369444444444,2.2,357.0,2019-10-19 21:50:54,围网
15344,31.564694444444445,126.38258333333332,2.4,326.0,2019-10-19 22:01:20,围网
15344,31.570305555555557,126.3817222222222,2.2,0.0,2019-10-19 22:10:54,围网
15344,31.57627777777777,126.38063888888887,2.2,359.0,2019-10-19 22:20:54,围网
15344,31.58227777777777,126.37938888888887,2.3,340.0,2019-10-19 22:30:54,围网
15344,31.588305555555557,126.37805555555555,2.1,11.0,2019-10-19 22:40:54,围网
15344,31.59433333333333,126.37691666666666,2.2,351.0,2019-10-19 22:50:54,围网
15344,31.600472222222226,126.3755,2.4,0.0,2019-10-19 23:00:54,围网
15344,31.60661111111111,126.37427777777776,2.2,347.0,2019-10-19 23:10:54,围网
15344,31.61269444444445,126.37294444444444,2.4,359.0,2019-10-19 23:20:54,围网
15344,31.61888888888889,126.37166666666666,2.2,352.0,2019-10-19 23:30:54,围网
15344,31.624972222222233,126.37030555555555,2.5,350.0,2019-10-19 23:40:54,围网
15344,31.630972222222233,126.36866666666668,2.2,350.0,2019-10-19 23:50:54,围网
15344,31.636861111111113,126.36705555555555,2.3,355.0,2019-10-20 00:00:54,围网
15344,31.64275,126.36552777777777,1.8,353.0,2019-10-20 00:10:54,围网
15344,31.64863888888889,126.36405555555555,2.6,333.0,2019-10-20 00:20:54,围网
15344,31.65444444444445,126.36252777777777,2.2,347.0,2019-10-20 00:30:54,围网
15344,31.66033333333333,126.36111111111107,2.5,334.0,2019-10-20 00:40:54,围网
15344,31.66611111111111,126.35972222222222,2.6,7.0,2019-10-20 00:50:54,围网
15344,31.671861111111113,126.35827777777777,1.9,339.0,2019-10-20 01:00:54,围网
15344,31.677805555555558,126.35688888888888,2.4,5.0,2019-10-20 01:11:21,围网
15344,31.68311111111111,126.35547222222222,2.2,337.0,2019-10-20 01:20:53,围网
15344,31.68861111111111,126.35397222222224,2.2,347.0,2019-10-20 01:30:54,围网
15344,31.694055555555554,126.35252777777777,2.1,350.0,2019-10-20 01:40:54,围网
15344,31.699361111111113,126.35113888888887,1.8,344.0,2019-10-20 01:50:53,围网
15344,31.70475,126.34986111111107,1.9,356.0,2019-10-20 02:00:53,围网
15344,31.709944444444453,126.3485,1.3,349.0,2019-10-20 02:10:53,围网
15344,31.71447222222222,126.34955555555555,1.0,37.0,2019-10-20 02:20:53,围网
15344,31.711055555555557,126.3504722222222,2.1,177.0,2019-10-20 02:30:53,围网
15344,31.710638888888887,126.35252777777777,0.2,0.0,2019-10-20 02:40:53,围网
15344,31.709194444444442,126.35280555555555,3.9,254.0,2019-10-20 02:50:52,围网
15344,31.70494444444445,126.34036111111112,2.0,221.0,2019-10-20 03:00:52,围网
15344,31.703111111111113,126.34038888888887,0.9,167.0,2019-10-20 03:10:52,围网
15344,31.70194444444445,126.34027777777777,0.6,343.0,2019-10-20 03:20:52,围网
15344,31.69311111111111,126.34111111111108,4.4,171.0,2019-10-20 03:30:52,围网
15344,31.68741666666667,126.34205555555555,2.1,165.0,2019-10-20 03:40:52,围网
15344,31.68191666666667,126.34327777777777,2.0,157.0,2019-10-20 03:50:52,围网
15344,31.67608333333333,126.34452777777777,2.1,168.0,2019-10-20 04:01:19,围网
15344,31.67061111111111,126.34569444444445,2.3,178.0,2019-10-20 04:10:52,围网
15344,31.664805555555553,126.34691666666666,2.0,179.0,2019-10-20 04:20:52,围网
15344,31.65886111111111,126.34805555555555,1.7,178.0,2019-10-20 04:30:52,围网
15344,31.65283333333333,126.34930555555556,2.3,170.0,2019-10-20 04:40:52,围网
15344,31.64675,126.35072222222222,2.1,170.0,2019-10-20 04:50:52,围网
15344,31.640666666666664,126.35213888888887,2.8,163.0,2019-10-20 05:00:52,围网
15344,31.634472222222207,126.3534722222222,2.2,189.0,2019-10-20 05:10:52,围网
15344,31.62825,126.35469444444445,2.5,156.0,2019-10-20 05:20:52,围网
15344,31.622,126.356,2.4,163.0,2019-10-20 05:30:51,围网
15344,31.615666666666666,126.35722222222222,2.0,166.0,2019-10-20 05:40:52,围网
15344,31.60933333333333,126.35855555555555,2.1,170.0,2019-10-20 05:50:52,围网
15344,31.60294444444445,126.35975,2.1,164.0,2019-10-20 06:00:52,围网
15344,31.596611111111113,126.36086111111106,2.5,160.0,2019-10-20 06:10:52,围网
15344,31.59025,126.36202777777777,2.4,168.0,2019-10-20 06:20:52,围网
15344,31.583861111111112,126.36311111111112,2.5,163.0,2019-10-20 06:30:52,围网
15344,31.5775,126.36430555555555,2.7,154.0,2019-10-20 06:40:52,围网
15344,31.57119444444445,126.36530555555555,2.5,157.0,2019-10-20 06:50:52,围网
15344,31.564972222222234,126.36644444444444,2.3,170.0,2019-10-20 07:00:57,围网
15344,31.55866666666667,126.36763888888888,2.7,164.0,2019-10-20 07:10:52,围网
15344,31.55216666666667,126.36872222222222,2.3,168.0,2019-10-20 07:21:20,围网
15344,31.546277777777767,126.36977777777778,2.2,192.0,2019-10-20 07:30:52,围网
15344,31.540250000000004,126.37083333333332,2.2,172.0,2019-10-20 07:40:51,围网
15344,31.534527777777786,126.37205555555555,1.7,159.0,2019-10-20 07:50:51,围网
15344,31.528777777777766,126.37319444444445,2.0,179.0,2019-10-20 08:00:51,围网
15344,31.52325,126.37427777777776,1.9,154.0,2019-10-20 08:10:51,围网
15344,31.517777777777766,126.37530555555556,2.0,168.0,2019-10-20 08:20:51,围网
15344,31.512555555555554,126.37586111111106,1.8,212.0,2019-10-20 08:30:51,围网
15344,31.514194444444453,126.37480555555555,1.6,356.0,2019-10-20 08:40:51,围网
15344,31.514805555555554,126.37386111111107,1.4,202.0,2019-10-20 08:50:51,围网
15344,31.510277777777766,126.37088888888887,8.4,182.0,2019-10-20 09:00:51,围网
15344,31.496861111111112,126.36741666666666,4.6,250.0,2019-10-20 09:10:51,围网
15344,31.506694444444445,126.36238888888887,2.2,331.0,2019-10-20 09:20:51,围网
15344,31.511805555555554,126.36044444444444,2.1,310.0,2019-10-20 09:30:51,围网
15344,31.517111111111113,126.35869444444445,2.3,334.0,2019-10-20 09:40:51,围网
15344,31.522472222222234,126.35672222222222,2.1,340.0,2019-10-20 09:50:51,围网
15344,31.528055555555554,126.35455555555555,2.3,334.0,2019-10-20 10:01:19,围网
15344,31.53319444444445,126.35224999999998,1.8,337.0,2019-10-20 10:10:51,围网
15344,31.538611111111113,126.35,2.0,355.0,2019-10-20 10:20:51,围网
15344,31.543722222222208,126.3465,2.7,324.0,2019-10-20 10:30:51,围网
15344,31.548250000000003,126.34133333333332,2.6,314.0,2019-10-20 10:40:51,围网
15344,31.552555555555557,126.336,2.0,315.0,2019-10-20 10:50:51,围网
15344,31.557055555555554,126.33075,2.2,321.0,2019-10-20 11:00:51,围网
15344,31.56175,126.32588888888893,1.7,347.0,2019-10-20 11:10:51,围网
15344,31.56711111111111,126.3219722222222,2.2,332.0,2019-10-20 11:20:51,围网
15344,31.5725,126.31813888888887,2.1,336.0,2019-10-20 11:30:51,围网
15344,31.57875,126.31644444444444,2.4,350.0,2019-10-20 11:40:51,围网
15344,31.584805555555555,126.315,2.4,25.0,2019-10-20 11:50:51,围网
15344,31.590888888888887,126.314,2.9,27.0,2019-10-20 12:00:51,围网
15344,31.59694444444445,126.31308333333332,2.5,29.0,2019-10-20 12:10:52,围网
15344,31.60325000000001,126.312,2.0,352.0,2019-10-20 12:21:18,围网
15344,31.60897222222223,126.31105555555555,1.9,351.0,2019-10-20 12:30:50,围网
15344,31.61483333333333,126.3100277777778,1.9,345.0,2019-10-20 12:40:50,围网
15344,31.620777777777786,126.30872222222222,2.1,350.0,2019-10-20 12:50:50,围网
15344,31.62669444444445,126.30716666666666,2.3,355.0,2019-10-20 13:00:50,围网
15344,31.63272222222223,126.30602777777777,2.3,351.0,2019-10-20 13:10:50,围网
15344,31.63872222222221,126.30480555555555,2.2,349.0,2019-10-20 13:20:50,围网
15344,31.64458333333333,126.30355555555555,2.0,345.0,2019-10-20 13:30:50,围网
15344,31.650388888888887,126.30247222222219,1.7,21.0,2019-10-20 13:40:50,围网
15344,31.656027777777766,126.30116666666667,2.2,337.0,2019-10-20 13:50:50,围网
15344,31.661805555555553,126.29988888888887,2.4,356.0,2019-10-20 14:00:50,围网
15344,31.667388888888887,126.29861111111113,2.1,336.0,2019-10-20 14:10:50,围网
15344,31.671944444444453,126.29811111111113,0.7,308.0,2019-10-20 14:20:51,围网
15344,31.67116666666667,126.29708333333332,0.4,0.0,2019-10-20 14:30:51,围网
15344,31.670777777777786,126.296,0.6,0.0,2019-10-20 14:40:51,围网
15344,31.670333333333332,126.29425,1.2,0.0,2019-10-20 14:50:52,围网
15344,31.66477777777777,126.29533333333332,4.4,139.0,2019-10-20 15:00:54,围网
15344,31.66188888888889,126.29461111111112,5.2,95.0,2019-10-20 15:10:53,围网
15344,31.653111111111112,126.30175,2.8,142.0,2019-10-20 15:20:54,围网
15344,31.6485,126.3034722222222,2.9,128.0,2019-10-20 15:30:53,围网
15344,31.6435,126.30488888888893,1.5,146.0,2019-10-20 15:41:02,围网
15344,31.638444444444442,126.30658333333334,2.4,150.0,2019-10-20 15:51:18,围网
15344,31.633555555555557,126.30794444444444,1.6,149.0,2019-10-20 16:00:50,围网
15344,31.62838888888889,126.30922222222223,1.5,155.0,2019-10-20 16:10:50,围网
15344,31.62311111111111,126.31041666666664,2.1,154.0,2019-10-20 16:20:50,围网
15344,31.617638888888887,126.31175,2.1,153.0,2019-10-20 16:30:50,围网
15344,31.61208333333333,126.3129722222222,2.0,174.0,2019-10-20 16:40:50,围网
15344,31.606444444444445,126.31347222222222,2.0,177.0,2019-10-20 16:50:50,围网
15344,31.595166666666664,126.31397222222222,1.8,178.0,2019-10-20 17:10:50,围网
15344,31.589527777777768,126.31555555555555,2.2,157.0,2019-10-20 17:20:49,围网
15344,31.583916666666664,126.31794444444445,2.6,185.0,2019-10-20 17:30:49,围网
15344,31.57830555555556,126.32055555555556,1.9,184.0,2019-10-20 17:40:49,围网
15344,31.57263888888889,126.32333333333332,2.5,131.0,2019-10-20 17:50:49,围网
15344,31.56663888888889,126.3262222222222,2.0,175.0,2019-10-20 18:01:37,围网
15344,31.561416666666666,126.32825,2.0,169.0,2019-10-20 18:10:49,围网
15344,31.555750000000003,126.33055555555555,2.5,177.0,2019-10-20 18:20:49,围网
15344,31.55019444444445,126.33313888888887,2.2,157.0,2019-10-20 18:30:49,围网
15344,31.544611111111113,126.33563888888888,1.8,144.0,2019-10-20 18:40:49,围网
15344,31.539,126.33741666666668,2.5,138.0,2019-10-20 18:50:49,围网
15344,31.53338888888889,126.33819444444444,2.0,176.0,2019-10-20 19:00:49,围网
15344,31.52780555555556,126.33858333333332,3.0,141.0,2019-10-20 19:10:49,围网
15344,31.52186111111111,126.339,2.3,161.0,2019-10-20 19:20:49,围网
15344,31.516111111111112,126.33933333333331,2.4,206.0,2019-10-20 19:30:49,围网
15344,31.51025000000001,126.33980555555556,2.3,147.0,2019-10-20 19:40:49,围网
15344,31.504444444444445,126.3402222222222,2.3,167.0,2019-10-20 19:50:49,围网
15344,31.498638888888888,126.34083333333332,2.6,156.0,2019-10-20 20:00:49,围网
15344,31.49286111111111,126.34138888888887,3.1,198.0,2019-10-20 20:10:49,围网
15344,31.48713888888889,126.34180555555555,2.0,146.0,2019-10-20 20:20:49,围网
15344,31.481388888888887,126.34222222222222,2.0,187.0,2019-10-20 20:30:49,围网
15344,31.47572222222221,126.34261111111113,1.9,143.0,2019-10-20 20:40:49,围网
15344,31.470027777777766,126.34294444444444,1.9,153.0,2019-10-20 20:50:49,围网
15344,31.468416666666666,126.34138888888887,1.5,358.0,2019-10-20 21:00:49,围网
15344,31.471805555555548,126.34222222222222,0.9,0.0,2019-10-20 21:10:49,围网
15344,31.47083333333333,126.33991666666668,1.4,89.0,2019-10-20 21:20:49,围网
15344,31.471138888888888,126.34325,7.3,95.0,2019-10-20 21:30:50,围网
15344,31.471777777777767,126.35852777777778,3.7,86.0,2019-10-20 21:40:49,围网
15344,31.47336111111111,126.36744444444444,1.8,0.0,2019-10-20 21:50:49,围网
15344,31.483027777777767,126.36658333333332,1.6,6.0,2019-10-20 22:01:16,围网
15344,31.488083333333336,126.36658333333332,2.3,355.0,2019-10-20 22:10:48,围网
15344,31.493222222222233,126.3670277777778,2.3,0.0,2019-10-20 22:20:48,围网
15344,31.49852777777778,126.3677222222222,1.1,34.0,2019-10-20 22:30:48,围网
15344,31.50386111111111,126.36830555555555,2.4,358.0,2019-10-20 22:40:48,围网
15344,31.50925,126.36872222222222,1.8,2.0,2019-10-20 22:50:48,围网
15344,31.514777777777766,126.36891666666664,2.4,351.0,2019-10-20 23:00:48,围网
15344,31.520416666666666,126.36925,2.1,23.0,2019-10-20 23:10:48,围网
15344,31.526055555555555,126.36991666666668,2.0,347.0,2019-10-20 23:20:48,围网
15344,31.531805555555554,126.37072222222223,2.3,7.0,2019-10-20 23:30:48,围网
15344,31.53758333333333,126.37133333333333,2.2,10.0,2019-10-20 23:40:48,围网
15344,31.54330555555556,126.37208333333332,1.8,13.0,2019-10-20 23:50:48,围网
15344,31.549083333333336,126.37291666666664,1.9,3.0,2019-10-21 00:00:48,围网
15344,31.55483333333333,126.3737222222222,1.6,4.0,2019-10-21 00:10:48,围网
15344,31.56077777777778,126.37458333333332,2.4,22.0,2019-10-21 00:20:48,围网
15344,31.56663888888889,126.37536111111108,2.5,3.0,2019-10-21 00:30:48,围网
15344,31.57261111111111,126.37608333333333,2.1,12.0,2019-10-21 00:40:48,围网
15344,31.58466666666667,126.37827777777777,2.7,1.0,2019-10-21 01:01:17,围网
15344,31.590138888888887,126.37919444444445,1.8,22.0,2019-10-21 01:10:48,围网
15344,31.59583333333333,126.38005555555556,2.2,346.0,2019-10-21 01:20:48,围网
15344,31.60163888888889,126.38033333333334,1.9,12.0,2019-10-21 01:30:48,围网
15344,31.60475000000001,126.381,1.9,197.0,2019-10-21 01:40:48,围网
15344,31.603638888888888,126.37966666666664,1.2,300.0,2019-10-21 01:50:48,围网
15344,31.602472222222232,126.37825,0.2,0.0,2019-10-21 02:00:48,围网
15344,31.601194444444445,126.37711111111106,1.3,274.0,2019-10-21 02:10:48,围网
15344,31.60608333333333,126.3763611111111,1.8,5.0,2019-10-21 02:20:48,围网
15344,31.611722222222234,126.37738888888887,2.0,8.0,2019-10-21 02:30:48,围网
15344,31.61725,126.37880555555556,2.0,6.0,2019-10-21 02:40:48,围网
15344,31.62263888888889,126.38091666666666,1.3,25.0,2019-10-21 02:50:47,围网
15344,31.62755555555556,126.38386111111113,2.5,47.0,2019-10-21 03:00:47,围网
15344,31.63075000000001,126.38902777777778,1.2,64.0,2019-10-21 03:10:47,围网
15344,31.629972222222232,126.39280555555555,1.3,131.0,2019-10-21 03:21:16,围网
15344,31.627111111111113,126.39430555555555,0.4,0.0,2019-10-21 03:30:47,围网
15344,31.62586111111111,126.39505555555556,0.6,337.0,2019-10-21 03:40:47,围网
15344,31.63808333333333,126.38891666666667,6.4,345.0,2019-10-21 03:50:47,围网
15344,31.64338888888889,126.38344444444445,2.6,206.0,2019-10-21 04:00:47,围网
15344,31.633222222222226,126.37897222222222,1.7,170.0,2019-10-21 04:10:47,围网
15344,31.62733333333333,126.3795,2.7,164.0,2019-10-21 04:20:47,围网
15344,31.62155555555556,126.38008333333332,1.8,177.0,2019-10-21 04:30:47,围网
15344,31.615972222222233,126.38036111111113,1.8,169.0,2019-10-21 04:40:47,围网
15344,31.61036111111111,126.38063888888887,2.2,191.0,2019-10-21 04:50:47,围网
15344,31.60463888888889,126.38083333333331,2.1,168.0,2019-10-21 05:00:47,围网
15344,31.598888888888887,126.38102777777777,2.2,166.0,2019-10-21 05:10:47,围网
15344,31.593055555555555,126.3809722222222,2.4,169.0,2019-10-21 05:20:47,围网
15344,31.587111111111113,126.38094444444445,1.8,176.0,2019-10-21 05:30:47,围网
15344,31.581194444444442,126.38086111111107,2.1,177.0,2019-10-21 05:40:47,围网
15344,31.57525,126.38072222222222,2.0,163.0,2019-10-21 05:50:47,围网
15344,31.56886111111111,126.38072222222222,2.0,182.0,2019-10-21 06:01:16,围网
15344,31.563055555555557,126.38075,1.7,182.0,2019-10-21 06:10:47,围网
15344,31.55686111111111,126.38072222222222,1.8,192.0,2019-10-21 06:20:47,围网
15344,31.550694444444442,126.38055555555556,2.1,178.0,2019-10-21 06:30:47,围网
15344,31.544555555555558,126.38058333333332,2.1,181.0,2019-10-21 06:40:47,围网
15344,31.53833333333333,126.38041666666666,2.2,199.0,2019-10-21 06:50:47,围网
15344,31.532138888888888,126.38033333333334,2.7,170.0,2019-10-21 07:00:47,围网
15344,31.525916666666664,126.38016666666668,3.1,152.0,2019-10-21 07:10:47,围网
15344,31.51975,126.38013888888888,2.6,198.0,2019-10-21 07:20:47,围网
15344,31.51347222222222,126.38022222222222,2.1,168.0,2019-10-21 07:30:47,围网
15344,31.50733333333333,126.38016666666668,2.0,169.0,2019-10-21 07:40:46,围网
15344,31.50119444444445,126.38005555555556,2.6,191.0,2019-10-21 07:50:46,围网
15344,31.494972222222234,126.37991666666666,2.9,153.0,2019-10-21 08:00:46,围网
15344,31.48375,126.3745,2.0,212.0,2019-10-21 08:20:46,围网
15344,31.478361111111113,126.3714722222222,2.7,235.0,2019-10-21 08:30:46,围网
15344,31.47269444444445,126.368,1.8,199.0,2019-10-21 08:41:14,围网
15344,31.467305555555548,126.36530555555555,2.2,208.0,2019-10-21 08:50:46,围网
15344,31.46172222222221,126.36269444444444,2.6,209.0,2019-10-21 09:00:46,围网
15344,31.456166666666665,126.36005555555555,2.1,194.0,2019-10-21 09:10:46,围网
15344,31.45061111111111,126.35730555555556,2.4,174.0,2019-10-21 09:20:46,围网
15344,31.44541666666667,126.35425,2.3,203.0,2019-10-21 09:30:46,围网
15344,31.44619444444445,126.35461111111113,0.3,343.0,2019-10-21 09:40:46,围网
15344,31.44613888888889,126.35433333333332,1.0,180.0,2019-10-21 09:50:46,围网
15344,31.443222222222207,126.35105555555555,2.5,217.0,2019-10-21 10:00:46,围网
15344,31.44613888888889,126.35130555555556,2.1,222.0,2019-10-21 10:10:46,围网
15344,31.45411111111111,126.35025,2.6,353.0,2019-10-21 10:20:46,围网
15344,31.45869444444445,126.35069444444444,1.4,2.0,2019-10-21 10:30:46,围网
15344,31.463,126.35108333333332,3.4,312.0,2019-10-21 10:40:46,围网
15344,31.467388888888888,126.35158333333332,2.3,28.0,2019-10-21 10:50:46,围网
15344,31.472055555555553,126.3520277777778,1.1,0.0,2019-10-21 11:00:46,围网
15344,31.47675,126.3523611111111,2.6,336.0,2019-10-21 11:11:14,围网
15344,31.48125,126.3527222222222,2.4,332.0,2019-10-21 11:20:46,围网
15344,31.485861111111113,126.35325,2.6,18.0,2019-10-21 11:30:46,围网
15344,31.49088888888889,126.3534722222222,3.1,327.0,2019-10-21 11:40:46,围网
15344,31.496222222222233,126.35397222222224,2.0,43.0,2019-10-21 11:50:46,围网
15344,31.501527777777767,126.35436111111107,1.8,17.0,2019-10-21 12:00:46,围网
15344,31.50702777777777,126.35516666666666,1.7,352.0,2019-10-21 12:10:46,围网
15344,31.51227777777777,126.35572222222223,2.2,0.0,2019-10-21 12:20:46,围网
15344,31.517722222222233,126.3562222222222,2.3,7.0,2019-10-21 12:30:45,围网
15344,31.52322222222222,126.35633333333332,1.6,342.0,2019-10-21 12:40:45,围网
15344,31.52858333333333,126.35641666666666,2.1,23.0,2019-10-21 12:50:45,围网
15344,31.53416666666667,126.35644444444445,2.1,7.0,2019-10-21 13:00:45,围网
15344,31.53969444444445,126.35677777777776,2.0,347.0,2019-10-21 13:10:45,围网
15344,31.545222222222232,126.35688888888888,1.9,347.0,2019-10-21 13:20:45,围网
15344,31.55094444444445,126.357,2.1,8.0,2019-10-21 13:30:45,围网
15344,31.556722222222234,126.35675,2.0,353.0,2019-10-21 13:40:45,围网
15344,31.56233333333333,126.35677777777776,2.6,2.0,2019-10-21 13:50:45,围网
15344,31.568388888888887,126.35672222222222,2.0,3.0,2019-10-21 14:01:13,围网
15344,31.573777777777767,126.35661111111106,2.3,32.0,2019-10-21 14:10:46,围网
15344,31.57944444444445,126.35638888888887,2.3,14.0,2019-10-21 14:20:45,围网
15344,31.585305555555554,126.35669444444444,2.5,353.0,2019-10-21 14:30:46,围网
15344,31.591027777777786,126.35638888888887,1.9,36.0,2019-10-21 14:40:47,围网
15344,31.59669444444444,126.35680555555555,2.3,352.0,2019-10-21 14:50:49,围网
15344,31.602305555555557,126.35816666666666,2.4,349.0,2019-10-21 15:00:48,围网
15344,31.607833333333332,126.3595,2.6,42.0,2019-10-21 15:10:47,围网
15344,31.61338888888889,126.36083333333332,2.1,0.0,2019-10-21 15:20:48,围网
15344,31.61875,126.36233333333332,2.1,0.0,2019-10-21 15:30:46,围网
15344,31.621861111111112,126.36288888888888,0.7,1.0,2019-10-21 15:41:13,围网
15344,31.622916666666665,126.36169444444445,2.4,263.0,2019-10-21 15:50:45,围网
15344,31.622972222222234,126.3592777777778,1.1,238.0,2019-10-21 16:00:45,围网
15344,31.622555555555554,126.357,3.4,318.0,2019-10-21 16:10:45,围网
15344,31.64108333333333,126.35633333333332,8.4,358.0,2019-10-21 16:20:45,围网
15344,31.66263888888889,126.35583333333332,8.3,357.0,2019-10-21 16:30:45,围网
15344,31.68366666666667,126.35488888888894,6.4,356.0,2019-10-21 16:40:45,围网
15344,31.70508333333333,126.35375,7.8,358.0,2019-10-21 16:50:44,围网
15344,31.72636111111111,126.3527222222222,7.7,3.0,2019-10-21 17:00:44,围网
15344,31.74786111111111,126.35208333333333,6.8,354.0,2019-10-21 17:10:44,围网
15344,31.769111111111112,126.35322222222223,7.0,5.0,2019-10-21 17:20:44,围网
15344,31.790055555555558,126.35333333333332,7.1,5.0,2019-10-21 17:30:44,围网
15344,31.80619444444445,126.35255555555555,1.0,160.0,2019-10-21 17:40:44,围网
15344,31.797777777777767,126.3460277777778,3.0,166.0,2019-10-21 17:50:44,围网
15344,31.79105555555556,126.34588888888894,1.9,196.0,2019-10-21 18:01:44,围网
15344,31.785833333333336,126.34613888888887,2.4,198.0,2019-10-21 18:10:44,围网
15344,31.78013888888889,126.34647222222222,1.7,154.0,2019-10-21 18:20:44,围网
15344,31.774555555555555,126.34663888888888,1.6,198.0,2019-10-21 18:30:44,围网
15344,31.769,126.34663888888888,2.6,152.0,2019-10-21 18:40:44,围网
15344,31.763416666666664,126.34675,2.3,170.0,2019-10-21 18:50:43,围网
15344,31.75783333333333,126.34677777777777,1.8,178.0,2019-10-21 19:00:44,围网
15344,31.75216666666667,126.34677777777777,1.7,199.0,2019-10-21 19:10:43,围网
15344,31.746527777777786,126.34672222222223,2.1,174.0,2019-10-21 19:20:43,围网
15344,31.740861111111112,126.34661111111107,2.2,192.0,2019-10-21 19:30:43,围网
15344,31.735,126.34644444444444,2.4,158.0,2019-10-21 19:40:43,围网
15344,31.729416666666665,126.3475,2.0,185.0,2019-10-21 19:50:43,围网
15344,31.72383333333333,126.3485277777778,3.2,211.0,2019-10-21 20:00:43,围网
15344,31.71819444444445,126.34961111111113,2.7,188.0,2019-10-21 20:10:43,围网
15344,31.71263888888889,126.35075,1.9,185.0,2019-10-21 20:20:43,围网
15344,31.701166666666666,126.35216666666666,1.6,153.0,2019-10-21 20:41:12,围网
15344,31.69033333333333,126.35308333333332,1.9,171.0,2019-10-21 21:00:43,围网
15344,31.68488888888889,126.35344444444445,2.4,188.0,2019-10-21 21:10:43,围网
15344,31.679472222222234,126.35363888888888,1.9,174.0,2019-10-21 21:20:43,围网
15344,31.674027777777766,126.35391666666666,1.4,161.0,2019-10-21 21:30:43,围网
15344,31.66869444444445,126.35413888888887,2.7,207.0,2019-10-21 21:40:43,围网
15344,31.66341666666667,126.3545277777778,2.4,169.0,2019-10-21 21:50:43,围网
15344,31.65819444444444,126.35486111111106,1.8,182.0,2019-10-21 22:00:43,围网
15344,31.653111111111112,126.35516666666666,1.6,189.0,2019-10-21 22:10:42,围网
15344,31.648027777777767,126.35555555555555,2.3,182.0,2019-10-21 22:20:42,围网
15344,31.642944444444442,126.35591666666666,2.7,208.0,2019-10-21 22:30:42,围网
15344,31.63786111111111,126.35633333333332,2.7,171.0,2019-10-21 22:40:42,围网
15344,31.63555555555555,126.35572222222223,1.4,349.0,2019-10-21 22:50:43,围网
15344,31.64008333333333,126.35494444444444,1.9,329.0,2019-10-21 23:00:42,围网
15344,31.63891666666667,126.35402777777777,1.0,0.0,2019-10-21 23:10:42,围网
15344,31.64575,126.35358333333332,7.3,8.0,2019-10-21 23:20:42,围网
15344,31.66833333333333,126.35616666666668,8.1,2.0,2019-10-21 23:31:11,围网
15344,31.68919444444445,126.3575,7.0,9.0,2019-10-21 23:40:42,围网
15344,31.70983333333333,126.35933333333334,4.7,25.0,2019-10-21 23:50:42,围网
15344,31.717555555555553,126.35677777777776,5.5,354.0,2019-10-22 00:00:42,围网
15344,31.724166666666665,126.35547222222222,1.9,359.0,2019-10-22 00:10:42,围网
15344,31.72966666666667,126.35480555555556,3.2,358.0,2019-10-22 00:20:42,围网
15344,31.735222222222234,126.35369444444444,3.2,342.0,2019-10-22 00:30:42,围网
15344,31.74075,126.35241666666666,2.8,356.0,2019-10-22 00:40:42,围网
15344,31.74625,126.35113888888887,2.7,350.0,2019-10-22 00:50:42,围网
15344,31.7515,126.34991666666666,3.5,13.0,2019-10-22 01:00:42,围网
15344,31.75758333333333,126.34886111111106,1.6,355.0,2019-10-22 01:11:10,围网
15344,31.76294444444445,126.34777777777781,1.5,339.0,2019-10-22 01:20:42,围网
15344,31.7685,126.34661111111107,2.2,340.0,2019-10-22 01:30:42,围网
15344,31.774,126.34544444444445,1.9,16.0,2019-10-22 01:40:42,围网
15344,31.77958333333333,126.34433333333334,3.3,324.0,2019-10-22 01:50:42,围网
15344,31.78536111111111,126.34386111111107,2.1,328.0,2019-10-22 02:00:42,围网
15344,31.791138888888888,126.34341666666668,2.7,343.0,2019-10-22 02:10:42,围网
15344,31.802277777777785,126.34241666666668,2.2,6.0,2019-10-22 02:30:42,围网
15344,31.80791666666667,126.34194444444445,2.6,330.0,2019-10-22 02:40:42,围网
15344,31.81344444444445,126.34136111111107,1.9,345.0,2019-10-22 02:50:42,围网
15344,31.819055555555554,126.34108333333332,2.5,18.0,2019-10-22 03:00:41,围网
15344,31.82461111111111,126.34097222222219,2.1,347.0,2019-10-22 03:10:41,围网
15344,31.83008333333333,126.34072222222223,1.6,352.0,2019-10-22 03:20:41,围网
15344,31.83538888888889,126.34052777777777,2.4,358.0,2019-10-22 03:30:41,围网
15344,31.840777777777767,126.34036111111112,1.8,0.0,2019-10-22 03:40:42,围网
15344,31.8465,126.33991666666668,1.4,6.0,2019-10-22 03:51:10,围网
15344,31.85147222222223,126.3395,1.5,1.0,2019-10-22 04:00:41,围网
15344,31.856777777777786,126.33936111111107,2.0,355.0,2019-10-22 04:10:41,围网
15344,31.86194444444445,126.33886111111107,2.4,26.0,2019-10-22 04:20:41,围网
15344,31.86691666666667,126.33866666666668,2.1,27.0,2019-10-22 04:30:41,围网
15344,31.87188888888889,126.33841666666666,2.1,36.0,2019-10-22 04:40:41,围网
15344,31.876638888888888,126.33852777777777,1.4,0.0,2019-10-22 04:50:41,围网
15344,31.880305555555548,126.34402777777777,2.7,51.0,2019-10-22 05:00:41,围网
15344,31.88136111111111,126.34769444444444,2.1,75.0,2019-10-22 05:10:41,围网
15344,31.879722222222235,126.3504722222222,2.2,98.0,2019-10-22 05:20:41,围网
15344,31.877388888888888,126.35141666666664,1.3,108.0,2019-10-22 05:30:41,围网
15344,31.87736111111111,126.34986111111107,4.6,18.0,2019-10-22 05:40:41,围网
15344,31.890416666666663,126.34691666666666,2.2,358.0,2019-10-22 05:51:09,围网
15344,31.882388888888887,126.33936111111107,2.1,202.0,2019-10-22 06:00:41,围网
15344,31.876444444444445,126.33794444444445,2.2,199.0,2019-10-22 06:10:41,围网
15344,31.870500000000003,126.3372222222222,2.0,169.0,2019-10-22 06:20:41,围网
15344,31.864527777777766,126.3370277777778,2.1,192.0,2019-10-22 06:30:41,围网
15344,31.858611111111113,126.33680555555556,2.2,181.0,2019-10-22 06:40:41,围网
15344,31.852638888888887,126.33697222222222,2.8,148.0,2019-10-22 06:50:41,围网
15344,31.84669444444444,126.33697222222222,2.1,149.0,2019-10-22 07:00:41,围网
15344,31.840777777777767,126.33686111111106,1.8,0.0,2019-10-22 07:10:43,围网
15344,31.83436111111111,126.3372222222222,2.9,152.0,2019-10-22 07:21:08,围网
15344,31.828527777777786,126.33708333333333,2.5,186.0,2019-10-22 07:30:41,围网
15344,31.82244444444445,126.33716666666666,2.0,180.0,2019-10-22 07:40:40,围网
15344,31.816277777777767,126.3372222222222,2.0,192.0,2019-10-22 07:50:40,围网
15344,31.81008333333333,126.33719444444445,2.0,184.0,2019-10-22 08:00:40,围网
15344,31.80388888888889,126.33705555555555,2.6,182.0,2019-10-22 08:10:40,围网
15344,31.797722222222234,126.33677777777777,2.8,188.0,2019-10-22 08:20:40,围网
15344,31.791472222222207,126.33672222222219,1.8,184.0,2019-10-22 08:30:40,围网
15344,31.78536111111111,126.33666666666666,2.5,196.0,2019-10-22 08:40:40,围网
15344,31.77911111111111,126.33652777777776,2.5,186.0,2019-10-22 08:50:40,围网
15344,31.772972222222233,126.33638888888888,2.4,185.0,2019-10-22 09:00:40,围网
15344,31.76677777777777,126.33619444444444,2.0,198.0,2019-10-22 09:10:40,围网
15344,31.76061111111111,126.33605555555555,2.4,173.0,2019-10-22 09:20:40,围网
15344,31.754472222222233,126.33577777777776,2.7,158.0,2019-10-22 09:30:40,围网
15344,31.74841666666667,126.33555555555556,2.0,196.0,2019-10-22 09:40:40,围网
15344,31.74297222222223,126.33230555555555,1.7,222.0,2019-10-22 09:50:40,围网
15344,31.738611111111112,126.32661111111106,2.2,223.0,2019-10-22 10:01:08,围网
15344,31.7355,126.32108333333332,2.2,236.0,2019-10-22 10:10:40,围网
15344,31.733555555555558,126.31469444444444,2.2,246.0,2019-10-22 10:20:40,围网
15344,31.731527777777767,126.30863888888888,1.9,251.0,2019-10-22 10:30:40,围网
15344,31.72952777777777,126.3025,2.0,291.0,2019-10-22 10:40:40,围网
15344,31.727888888888888,126.29613888888888,1.5,0.0,2019-10-22 10:50:40,围网
15344,31.72594444444444,126.28986111111112,1.3,215.0,2019-10-22 11:00:40,围网
15344,31.725305555555554,126.2925,1.6,33.0,2019-10-22 11:10:40,围网
15344,31.724555555555554,126.29325,0.9,212.0,2019-10-22 11:20:40,围网
15344,31.72194444444445,126.28988888888892,1.9,235.0,2019-10-22 11:30:40,围网
15344,31.735027777777766,126.27613888888888,5.7,315.0,2019-10-22 11:40:40,围网
15344,31.74002777777779,126.26569444444445,4.8,296.0,2019-10-22 11:50:40,围网
15344,31.74369444444445,126.26002777777781,1.9,310.0,2019-10-22 12:00:40,围网
15344,31.74763888888889,126.25530555555555,2.2,312.0,2019-10-22 12:10:40,围网
15344,31.75208333333333,126.25141666666666,1.6,344.0,2019-10-22 12:20:40,围网
15344,31.75691666666667,126.24736111111108,2.2,334.0,2019-10-22 12:31:19,围网
15344,31.761277777777767,126.24408333333334,2.5,338.0,2019-10-22 12:40:39,围网
15344,31.76625,126.24075,2.5,303.0,2019-10-22 12:50:39,围网
15344,31.77108333333333,126.23730555555555,1.9,350.0,2019-10-22 13:00:39,围网
15344,31.776277777777768,126.2345,2.3,300.0,2019-10-22 13:10:39,围网
15344,31.781416666666665,126.23172222222223,2.5,320.0,2019-10-22 13:20:39,围网
15344,31.7865,126.22888888888887,2.4,320.0,2019-10-22 13:30:39,围网
15344,31.791722222222226,126.22616666666669,1.7,339.0,2019-10-22 13:40:39,围网
15344,31.796861111111113,126.22338888888888,2.1,336.0,2019-10-22 13:50:39,围网
15344,31.80194444444445,126.22047222222223,2.0,335.0,2019-10-22 14:00:39,围网
15344,31.807194444444452,126.2182222222222,1.6,346.0,2019-10-22 14:10:39,围网
15344,31.812527777777767,126.21622222222223,2.0,352.0,2019-10-22 14:20:39,围网
15344,31.817694444444445,126.21405555555555,2.0,353.0,2019-10-22 14:30:39,围网
15344,31.822916666666664,126.21194444444444,1.7,337.0,2019-10-22 14:40:39,围网
15344,31.828138888888887,126.2097777777778,2.1,337.0,2019-10-22 14:50:39,围网
15344,31.83333333333333,126.20713888888888,2.3,324.0,2019-10-22 15:00:39,围网
15344,31.83872222222222,126.20458333333332,2.0,342.0,2019-10-22 15:10:39,围网
15344,31.844055555555553,126.20200000000001,1.8,353.0,2019-10-22 15:20:39,围网
15344,31.849611111111113,126.19930555555555,2.3,329.0,2019-10-22 15:30:39,围网
15344,31.855472222222232,126.19644444444445,2.2,331.0,2019-10-22 15:41:07,围网
15344,31.86063888888889,126.19377777777778,2.3,337.0,2019-10-22 15:50:39,围网
15344,31.866277777777785,126.19113888888887,2.3,337.0,2019-10-22 16:00:39,围网
15344,31.87183333333333,126.18838888888894,2.4,0.0,2019-10-22 16:10:39,围网
15344,31.87733333333333,126.18569444444445,2.3,333.0,2019-10-22 16:20:39,围网
15344,31.88291666666667,126.18308333333331,2.1,341.0,2019-10-22 16:30:39,围网
15344,31.888444444444442,126.1802777777778,1.7,16.0,2019-10-22 16:40:39,围网
15344,31.89425,126.17883333333332,2.0,3.0,2019-10-22 16:50:39,围网
15344,31.899277777777765,126.17908333333334,1.0,6.0,2019-10-22 17:00:39,围网
15344,31.90108333333333,126.17991666666668,1.1,53.0,2019-10-22 17:10:39,围网
15344,31.902027777777768,126.1822222222222,2.1,170.0,2019-10-22 17:20:39,围网
15344,31.901916666666665,126.18119444444444,0.2,0.0,2019-10-22 17:30:38,围网
15344,31.902916666666666,126.17891666666668,3.2,13.0,2019-10-22 17:40:38,围网
15344,31.90758333333333,126.18372222222223,8.4,59.0,2019-10-22 17:50:38,围网
15344,31.912194444444445,126.1915,2.1,55.0,2019-10-22 18:01:36,围网
15344,31.91491666666667,126.19647222222223,2.0,51.0,2019-10-22 18:10:38,围网
15344,31.91558333333333,126.20322222222224,2.2,95.0,2019-10-22 18:20:38,围网
15344,31.914666666666665,126.20988888888893,1.8,100.0,2019-10-22 18:30:38,围网
15344,31.913472222222207,126.21633333333334,2.0,112.0,2019-10-22 18:40:38,围网
15344,31.910277777777768,126.22208333333332,2.3,132.0,2019-10-22 18:50:38,围网
15344,31.90580555555556,126.2265277777778,3.5,169.0,2019-10-22 19:00:38,围网
15344,31.90108333333333,126.23036111111112,2.0,161.0,2019-10-22 19:10:38,围网
15344,31.8905,126.2362777777778,2.1,150.0,2019-10-22 19:30:38,围网
15344,31.88519444444445,126.2392222222222,2.3,149.0,2019-10-22 19:40:38,围网
15344,31.87986111111111,126.2422777777778,2.5,169.0,2019-10-22 19:50:38,围网
15344,31.8745,126.24513888888887,2.5,174.0,2019-10-22 20:00:38,围网
15344,31.869111111111113,126.24816666666666,2.0,146.0,2019-10-22 20:10:38,围网
15344,31.863555555555557,126.25094444444444,2.1,145.0,2019-10-22 20:20:38,围网
15344,31.857972222222234,126.25361111111113,2.2,156.0,2019-10-22 20:30:39,围网
15344,31.85236111111111,126.25627777777778,2.2,159.0,2019-10-22 20:40:38,围网
15344,31.84658333333333,126.25736111111112,2.8,152.0,2019-10-22 20:50:38,围网
15344,31.84075,126.25788888888887,2.4,171.0,2019-10-22 21:00:38,围网
15344,31.835027777777768,126.25808333333332,2.3,146.0,2019-10-22 21:10:38,围网
15344,31.829305555555553,126.25836111111113,3.0,140.0,2019-10-22 21:20:39,围网
15344,31.82322222222221,126.25927777777778,1.9,186.0,2019-10-22 21:31:06,围网
15344,31.817805555555548,126.25991666666668,2.3,163.0,2019-10-22 21:40:38,围网
15344,31.812027777777786,126.26105555555556,2.1,168.0,2019-10-22 21:50:38,围网
15344,31.80625,126.26219444444445,1.9,182.0,2019-10-22 22:00:38,围网
15344,31.800500000000003,126.26327777777777,2.3,184.0,2019-10-22 22:10:37,围网
15344,31.794777777777767,126.26408333333332,2.2,181.0,2019-10-22 22:20:37,围网
15344,31.78911111111111,126.26461111111112,2.5,154.0,2019-10-22 22:30:37,围网
15344,31.783444444444445,126.26511111111112,1.8,166.0,2019-10-22 22:40:37,围网
15344,31.77783333333333,126.26566666666666,2.1,178.0,2019-10-22 22:50:37,围网
15344,31.772277777777767,126.26616666666668,1.8,172.0,2019-10-22 23:00:37,围网
15344,31.77008333333333,126.26602777777778,1.4,332.0,2019-10-22 23:10:37,围网
15344,31.774277777777765,126.26575,2.2,131.0,2019-10-22 23:20:37,围网
15344,31.772666666666666,126.26619444444445,0.7,202.0,2019-10-22 23:30:37,围网
15344,31.77233333333333,126.25994444444444,2.7,149.0,2019-10-22 23:40:37,围网
15344,31.77638888888889,126.2495277777778,2.3,280.0,2019-10-22 23:50:37,围网
15344,31.7795,126.24280555555555,3.4,264.0,2019-10-23 00:01:36,围网
15344,31.78233333333333,126.23741666666668,2.3,310.0,2019-10-23 00:10:37,围网
15344,31.78577777777778,126.23163888888888,2.4,331.0,2019-10-23 00:20:37,围网
15344,31.78908333333333,126.22577777777781,2.1,318.0,2019-10-23 00:30:37,围网
15344,31.79255555555555,126.22019444444445,2.4,344.0,2019-10-23 00:40:37,围网
15344,31.796055555555558,126.21488888888894,2.5,339.0,2019-10-23 00:50:37,围网
15344,31.80041666666667,126.2105,2.3,332.0,2019-10-23 01:00:37,围网
15344,31.80508333333333,126.20663888888888,2.3,351.0,2019-10-23 01:10:37,围网
15344,31.81,126.20338888888894,2.0,339.0,2019-10-23 01:20:37,围网
15344,31.814805555555555,126.19983333333332,2.7,299.0,2019-10-23 01:30:37,围网
15344,31.819722222222207,126.19613888888887,2.2,336.0,2019-10-23 01:40:37,围网
15344,31.824361111111113,126.19230555555555,1.6,329.0,2019-10-23 01:50:37,围网
15344,31.829027777777767,126.18852777777781,2.4,335.0,2019-10-23 02:00:37,围网
15344,31.83377777777777,126.18475,2.0,346.0,2019-10-23 02:10:37,围网
15344,31.83858333333333,126.181,2.6,323.0,2019-10-23 02:20:37,围网
15344,31.84358333333333,126.17722222222223,2.2,313.0,2019-10-23 02:30:37,围网
15344,31.84833333333333,126.17336111111106,2.5,308.0,2019-10-23 02:40:37,围网
15344,31.853,126.16955555555555,2.1,315.0,2019-10-23 02:50:37,围网
15344,31.85761111111111,126.16566666666668,2.2,355.0,2019-10-23 03:00:36,围网
15344,31.862972222222233,126.16327777777781,2.5,329.0,2019-10-23 03:11:05,围网
15344,31.868111111111112,126.16172222222224,2.1,4.0,2019-10-23 03:20:36,围网
15344,31.87322222222221,126.15994444444445,1.6,358.0,2019-10-23 03:30:36,围网
15344,31.878694444444445,126.15830555555556,1.7,2.0,2019-10-23 03:40:36,围网
15344,31.884,126.15652777777778,1.7,329.0,2019-10-23 03:50:36,围网
15344,31.88933333333333,126.15463888888893,2.2,330.0,2019-10-23 04:00:36,围网
15344,31.89463888888889,126.15283333333336,2.1,3.0,2019-10-23 04:10:36,围网
15344,31.9,126.15108333333332,2.0,322.0,2019-10-23 04:20:36,围网
15344,31.905277777777766,126.14927777777778,2.4,5.0,2019-10-23 04:30:36,围网
15344,31.910416666666666,126.14744444444445,2.2,325.0,2019-10-23 04:40:36,围网
15344,31.915555555555553,126.14572222222223,1.9,348.0,2019-10-23 04:50:36,围网
15344,31.91997222222223,126.1445,1.0,306.0,2019-10-23 05:00:36,围网
15344,31.91980555555556,126.14286111111113,1.6,195.0,2019-10-23 05:10:40,围网
15344,31.91833333333333,126.1419722222222,0.3,0.0,2019-10-23 05:20:36,围网
15344,31.917777777777786,126.13994444444445,0.2,0.0,2019-10-23 05:30:36,围网
15344,31.92166666666667,126.14380555555556,1.1,0.0,2019-10-23 05:40:36,围网
15344,31.91566666666667,126.1482777777778,4.0,139.0,2019-10-23 05:50:37,围网
15344,31.91036111111111,126.15086111111113,2.1,179.0,2019-10-23 06:01:05,围网
15344,31.900361111111113,126.154,3.1,202.0,2019-10-23 06:20:36,围网
15344,31.895055555555555,126.1555,2.0,166.0,2019-10-23 06:30:36,围网
15344,31.88963888888889,126.15688888888887,1.4,150.0,2019-10-23 06:40:36,围网
15344,31.88425,126.15816666666667,2.0,168.0,2019-10-23 06:50:36,围网
15344,31.87886111111111,126.15925,1.9,168.0,2019-10-23 07:00:36,围网
15344,31.87341666666667,126.16005555555556,2.4,180.0,2019-10-23 07:10:36,围网
15344,31.86788888888889,126.16013888888894,3.0,219.0,2019-10-23 07:20:36,围网
15344,31.862472222222234,126.15980555555555,2.1,183.0,2019-10-23 07:30:36,围网
15344,31.857,126.15933333333336,2.1,188.0,2019-10-23 07:40:36,围网
15344,31.851388888888888,126.15866666666668,2.1,182.0,2019-10-23 07:50:35,围网
15344,31.845777777777766,126.15772222222222,1.9,182.0,2019-10-23 08:00:35,围网
15344,31.840055555555555,126.15655555555556,2.3,164.0,2019-10-23 08:10:35,围网
15344,31.83425,126.15544444444444,2.3,189.0,2019-10-23 08:20:35,围网
15344,31.82836111111111,126.15413888888894,2.0,202.0,2019-10-23 08:30:36,围网
15344,31.82269444444445,126.15280555555556,2.1,161.0,2019-10-23 08:40:35,围网
15344,31.816805555555554,126.1514722222222,2.2,0.0,2019-10-23 08:50:35,围网
15344,31.810805555555557,126.1505,2.3,124.0,2019-10-23 09:00:35,围网
15344,31.80483333333333,126.1497777777778,3.0,180.0,2019-10-23 09:10:35,围网
15344,31.798805555555557,126.14875,2.9,131.0,2019-10-23 09:20:35,围网
15344,31.792777777777786,126.14761111111113,2.8,0.0,2019-10-23 09:30:36,围网
15344,31.78661111111111,126.14694444444444,2.2,0.0,2019-10-23 09:40:35,围网
15344,31.780416666666664,126.14633333333332,2.7,185.0,2019-10-23 09:50:35,围网
15344,31.773777777777767,126.14572222222223,3.0,169.0,2019-10-23 10:01:05,围网
15344,31.767722222222233,126.14491666666667,3.1,214.0,2019-10-23 10:10:35,围网
15344,31.761722222222208,126.14277777777778,2.0,205.0,2019-10-23 10:20:34,围网
15344,31.75627777777777,126.1394722222222,2.0,193.0,2019-10-23 10:30:35,围网
15344,31.75111111111111,126.1359722222222,2.0,211.0,2019-10-23 10:40:35,围网
15344,31.746111111111112,126.13202777777781,2.3,215.0,2019-10-23 10:50:35,围网
15344,31.74116666666667,126.12788888888888,2.2,226.0,2019-10-23 11:00:35,围网
15344,31.736361111111112,126.12352777777777,2.4,214.0,2019-10-23 11:10:35,围网
15344,31.731666666666666,126.11888888888888,2.0,236.0,2019-10-23 11:20:35,围网
15344,31.727611111111113,126.11358333333332,1.6,211.0,2019-10-23 11:30:35,围网
15344,31.724805555555548,126.11202777777777,1.0,98.0,2019-10-23 11:40:35,围网
15344,31.72502777777777,126.11425,0.7,38.0,2019-10-23 11:50:35,围网
15344,31.72288888888889,126.11319444444445,1.5,208.0,2019-10-23 12:00:34,围网
15344,31.71988888888889,126.10913888888888,3.4,357.0,2019-10-23 12:10:34,围网
15344,31.72797222222223,126.11883333333333,2.7,17.0,2019-10-23 12:20:34,围网
15344,31.73266666666667,126.11663888888887,6.6,347.0,2019-10-23 12:30:34,围网
15344,31.73791666666667,126.11613888888887,1.2,10.0,2019-10-23 12:40:34,围网
15344,31.742027777777786,126.11444444444444,2.8,348.0,2019-10-23 12:50:34,围网
15344,31.74641666666667,126.1134722222222,1.6,353.0,2019-10-23 13:00:34,围网
15344,31.750805555555555,126.1124722222222,1.6,357.0,2019-10-23 13:10:36,围网
15344,31.755472222222235,126.1122222222222,0.9,344.0,2019-10-23 13:21:05,围网
15344,31.75966666666667,126.11124999999998,1.1,355.0,2019-10-23 13:30:34,围网
15344,31.76391666666667,126.10958333333332,1.5,0.0,2019-10-23 13:40:35,围网
15344,31.76888888888889,126.10722222222222,1.5,3.0,2019-10-23 13:50:34,围网
15344,31.773666666666664,126.10494444444444,1.5,15.0,2019-10-23 14:00:33,围网
15344,31.77861111111111,126.10344444444445,1.0,344.0,2019-10-23 14:10:34,围网
15344,31.78383333333333,126.10216666666666,2.0,335.0,2019-10-23 14:21:04,围网
15344,31.78880555555556,126.10105555555555,2.0,357.0,2019-10-23 14:30:33,围网
15344,31.793972222222234,126.09966666666666,1.6,356.0,2019-10-23 14:40:33,围网
15344,31.799027777777766,126.09869444444445,2.3,356.0,2019-10-23 14:50:33,围网
15344,31.80413888888889,126.09813888888887,2.2,15.0,2019-10-23 15:00:33,围网
15344,31.80922222222221,126.09769444444444,2.6,314.0,2019-10-23 15:10:33,围网
15344,31.81411111111111,126.09744444444445,1.9,3.0,2019-10-23 15:20:33,围网
15344,31.819027777777766,126.09711111111113,1.9,1.0,2019-10-23 15:30:33,围网
15344,31.82394444444445,126.09658333333331,2.0,336.0,2019-10-23 15:40:33,围网
15344,31.82908333333333,126.09611111111107,1.6,346.0,2019-10-23 15:50:33,围网
15344,31.834111111111113,126.09525,1.7,359.0,2019-10-23 16:00:33,围网
15344,31.839,126.0949722222222,1.7,12.0,2019-10-23 16:10:33,围网
15344,31.84386111111111,126.09505555555555,1.8,349.0,2019-10-23 16:20:33,围网
15344,31.84869444444445,126.0949722222222,2.5,7.0,2019-10-23 16:30:33,围网
15344,31.85341666666667,126.09486111111107,2.1,11.0,2019-10-23 16:40:33,围网
15344,31.858277777777786,126.09425,1.8,334.0,2019-10-23 16:50:33,围网
15344,31.863055555555558,126.09355555555555,1.4,350.0,2019-10-23 17:00:33,围网
15344,31.868111111111112,126.09283333333332,1.3,33.0,2019-10-23 17:10:33,围网
15344,31.873361111111112,126.09136111111107,1.9,19.0,2019-10-23 17:20:32,围网
15344,31.878722222222233,126.09102777777777,1.9,352.0,2019-10-23 17:30:32,围网
15344,31.883861111111113,126.08944444444445,1.6,3.0,2019-10-23 17:40:32,围网
15344,31.889277777777767,126.08855555555556,2.3,353.0,2019-10-23 17:50:32,围网
15344,31.89491666666667,126.08691666666664,1.7,349.0,2019-10-23 18:01:04,围网
15344,31.89991666666667,126.08519444444444,2.1,350.0,2019-10-23 18:10:32,围网
15344,31.902777777777768,126.08205555555556,1.5,265.0,2019-10-23 18:20:32,围网
15344,31.90163888888889,126.08063888888887,0.3,0.0,2019-10-23 18:30:32,围网
15344,31.901666666666664,126.07813888888887,3.0,224.0,2019-10-23 18:40:32,围网
15344,31.901666666666664,126.07483333333332,1.2,294.0,2019-10-23 18:50:32,围网
15344,31.91222222222222,126.07761111111112,5.4,6.0,2019-10-23 19:00:32,围网
15344,31.92425,126.08233333333332,4.9,28.0,2019-10-23 19:10:32,围网
15344,31.936611111111112,126.08725,4.6,29.0,2019-10-23 19:20:32,围网
15344,31.9475,126.09222222222222,2.4,12.0,2019-10-23 19:30:32,围网
15344,31.952527777777767,126.09302777777776,1.2,297.0,2019-10-23 19:40:32,围网
15344,31.95308333333333,126.09038888888887,0.6,0.0,2019-10-23 19:50:32,围网
15344,31.952277777777766,126.08966666666666,0.4,0.0,2019-10-23 20:00:32,围网
15344,31.951611111111113,126.08988888888894,2.7,185.0,2019-10-23 20:10:32,围网
15344,31.95133333333333,126.08988888888894,0.4,94.0,2019-10-23 20:20:48,围网
15344,31.950944444444442,126.09008333333333,1.7,211.0,2019-10-23 20:30:32,围网
15344,31.951166666666666,126.08991666666668,1.1,309.0,2019-10-23 20:40:32,围网
15344,31.950916666666664,126.08997222222222,0.4,0.0,2019-10-23 20:50:32,围网
15344,31.95105555555556,126.08991666666668,1.2,50.0,2019-10-23 21:00:32,围网
15344,31.95097222222222,126.08991666666668,1.2,288.0,2019-10-23 21:10:32,围网
15344,31.950944444444442,126.08986111111106,0.1,0.0,2019-10-23 21:20:32,围网
15344,31.95075,126.08997222222222,0.8,346.0,2019-10-23 21:30:32,围网
15344,31.95066666666667,126.09002777777776,0.3,0.0,2019-10-23 21:40:32,围网
15344,31.95061111111111,126.09011111111107,0.6,99.0,2019-10-23 21:50:32,围网
15344,31.95072222222222,126.09,0.6,218.0,2019-10-23 22:00:32,围网
15344,31.95061111111111,126.09008333333333,0.3,0.0,2019-10-23 22:10:31,围网
15344,31.950416666666666,126.09024999999998,0.9,90.0,2019-10-23 22:20:31,围网
15344,31.950277777777767,126.09041666666666,1.0,126.0,2019-10-23 22:30:31,围网
15344,31.950083333333332,126.09072222222223,0.4,0.0,2019-10-23 22:40:31,围网
15344,31.94994444444445,126.09072222222223,1.4,353.0,2019-10-23 22:50:31,围网
15344,31.94991666666667,126.09080555555555,0.4,0.0,2019-10-23 23:00:31,围网
15344,31.949527777777767,126.09130555555555,1.3,42.0,2019-10-23 23:10:31,围网
15344,31.949388888888887,126.09155555555556,0.4,88.0,2019-10-23 23:20:48,围网
15344,31.949333333333332,126.09166666666668,0.5,141.0,2019-10-23 23:30:31,围网
15344,31.949277777777766,126.0917777777778,1.5,128.0,2019-10-23 23:40:31,围网
15344,31.949277777777766,126.09183333333334,0.3,281.0,2019-10-23 23:50:31,围网
15344,31.94925,126.09183333333334,0.3,0.0,2019-10-24 00:00:31,围网
15344,31.949333333333332,126.09169444444444,0.4,0.0,2019-10-24 00:10:31,围网
15344,31.94925,126.09183333333334,1.8,125.0,2019-10-24 00:20:31,围网
15344,31.94919444444445,126.0919722222222,1.1,193.0,2019-10-24 00:30:31,围网
15344,31.94916666666667,126.09194444444445,0.4,332.0,2019-10-24 00:40:31,围网
15344,31.94913888888889,126.09202777777777,1.4,331.0,2019-10-24 00:50:31,围网
15344,31.949333333333332,126.09175,1.5,134.0,2019-10-24 01:00:31,围网
15344,31.949361111111113,126.09163888888888,0.0,0.0,2019-10-24 01:10:31,围网
15344,31.9495,126.09136111111107,0.5,0.0,2019-10-24 01:20:31,围网
15344,31.949472222222226,126.09136111111107,2.2,325.0,2019-10-24 01:30:31,围网
15344,31.94966666666667,126.09108333333332,0.5,0.0,2019-10-24 01:40:31,围网
15344,31.94975,126.09094444444445,0.8,101.0,2019-10-24 01:50:31,围网
15344,31.949638888888888,126.09105555555556,0.7,307.0,2019-10-24 02:00:47,围网
15344,31.94991666666667,126.09069444444445,0.3,0.0,2019-10-24 02:10:31,围网
15344,31.950166666666664,126.09047222222222,1.6,214.0,2019-10-24 02:20:31,围网
15344,31.94994444444445,126.09069444444445,1.1,155.0,2019-10-24 02:30:31,围网
15344,31.950083333333332,126.0905,0.5,233.0,2019-10-24 02:40:31,围网
15344,31.950111111111113,126.09047222222222,0.1,0.0,2019-10-24 02:50:31,围网
15344,31.950194444444445,126.09038888888887,2.1,152.0,2019-10-24 03:00:30,围网
15344,31.950222222222234,126.09038888888887,1.0,119.0,2019-10-24 03:10:30,围网
15344,31.950222222222234,126.09038888888887,0.2,0.0,2019-10-24 03:20:30,围网
15344,31.950166666666664,126.09047222222222,1.3,310.0,2019-10-24 03:30:30,围网
15344,31.95033333333333,126.09024999999998,0.1,0.0,2019-10-24 03:40:30,围网
15344,31.95036111111111,126.09027777777777,0.2,0.0,2019-10-24 03:50:30,围网
15344,31.95036111111111,126.09027777777777,0.5,308.0,2019-10-24 04:00:30,围网
15344,31.950388888888888,126.09024999999998,0.6,0.0,2019-10-24 04:10:30,围网
15344,31.95047222222223,126.09016666666666,1.1,337.0,2019-10-24 04:20:30,围网
15344,31.95108333333333,126.09072222222223,0.9,49.0,2019-10-24 04:30:30,围网
15344,31.95325,126.09338888888892,0.6,0.0,2019-10-24 04:40:30,围网
15344,31.957361111111112,126.09711111111113,3.2,27.0,2019-10-24 04:50:30,围网
15344,31.956999999999997,126.10169444444445,7.4,109.0,2019-10-24 05:00:30,围网
15344,31.954166666666666,126.10875,5.9,71.0,2019-10-24 05:10:30,围网
15344,31.953611111111112,126.11461111111113,3.9,80.0,2019-10-24 05:20:31,围网
15344,31.952638888888888,126.11961111111113,2.3,0.0,2019-10-24 05:30:30,围网
15344,31.95186111111111,126.12527777777777,1.9,95.0,2019-10-24 05:40:48,围网
15344,31.95133333333333,126.13080555555555,1.4,71.0,2019-10-24 05:50:30,围网
15344,31.94958333333333,126.13608333333332,1.9,122.0,2019-10-24 06:00:30,围网
15344,31.94597222222221,126.14041666666668,2.8,171.0,2019-10-24 06:10:30,围网
15344,31.941194444444445,126.14313888888893,1.1,152.0,2019-10-24 06:20:30,围网
15344,31.93647222222221,126.14569444444444,0.9,155.0,2019-10-24 06:30:30,围网
15344,31.931722222222234,126.14836111111113,2.6,189.0,2019-10-24 06:40:30,围网
15344,31.92694444444445,126.15108333333332,2.7,198.0,2019-10-24 06:50:30,围网
15344,31.921972222222234,126.15383333333334,2.0,158.0,2019-10-24 07:00:30,围网
15344,31.91686111111111,126.15647222222223,1.9,142.0,2019-10-24 07:10:30,围网
15344,31.91172222222221,126.15911111111113,2.2,171.0,2019-10-24 07:20:30,围网
15344,31.90661111111111,126.16197222222222,1.6,160.0,2019-10-24 07:30:30,围网
15344,31.90144444444445,126.165,3.2,113.0,2019-10-24 07:40:30,围网
15344,31.896166666666666,126.16786111111112,2.3,187.0,2019-10-24 07:50:29,围网
15344,31.89086111111111,126.17041666666668,3.3,131.0,2019-10-24 08:00:47,围网
15344,31.885638888888888,126.17238888888893,2.3,173.0,2019-10-24 08:10:29,围网
15344,31.880194444444445,126.17394444444444,2.3,182.0,2019-10-24 08:20:29,围网
15344,31.87472222222221,126.17525,2.9,139.0,2019-10-24 08:30:29,围网
15344,31.869138888888887,126.17625,2.4,149.0,2019-10-24 08:40:29,围网
15344,31.86347222222221,126.1775,2.5,180.0,2019-10-24 08:50:29,围网
15344,31.85763888888889,126.17866666666669,1.8,172.0,2019-10-24 09:00:29,围网
15344,31.851805555555554,126.1797777777778,2.5,198.0,2019-10-24 09:10:29,围网
15344,31.845916666666664,126.18136111111113,2.5,178.0,2019-10-24 09:20:29,围网
15344,31.839972222222233,126.18347222222219,2.4,143.0,2019-10-24 09:30:29,围网
15344,31.834055555555548,126.18541666666668,2.1,174.0,2019-10-24 09:40:29,围网
15344,31.828138888888887,126.18733333333334,1.6,139.0,2019-10-24 09:50:29,围网
15344,31.822194444444445,126.18894444444445,2.1,181.0,2019-10-24 10:00:29,围网
15344,31.81625,126.19025,3.2,199.0,2019-10-24 10:10:29,围网
15344,31.81044444444445,126.19119444444445,2.1,171.0,2019-10-24 10:20:29,围网
15344,31.8045,126.19158333333334,2.1,197.0,2019-10-24 10:30:29,围网
15344,31.79861111111111,126.19194444444445,4.5,176.0,2019-10-24 10:40:29,围网
15344,31.79269444444445,126.19194444444445,2.1,193.0,2019-10-24 10:50:29,围网
15344,31.78088888888889,126.18936111111113,2.6,196.0,2019-10-24 11:10:29,围网
15344,31.775194444444452,126.18691666666666,2.0,182.0,2019-10-24 11:20:29,围网
15344,31.77208333333333,126.18680555555555,1.9,128.0,2019-10-24 11:30:29,围网
15344,31.772861111111112,126.18866666666668,0.8,333.0,2019-10-24 11:40:29,围网
15344,31.76975,126.18886111111112,2.3,198.0,2019-10-24 11:50:29,围网
15344,31.764833333333332,126.18680555555555,2.8,245.0,2019-10-24 12:00:29,围网
15344,31.759166666666665,126.18058333333332,2.4,201.0,2019-10-24 12:10:29,围网
15344,31.7575,126.18008333333334,0.4,0.0,2019-10-24 12:20:29,围网
15344,31.7575,126.18002777777778,1.0,243.0,2019-10-24 12:30:28,围网
15344,31.7575,126.18008333333334,1.1,255.0,2019-10-24 12:40:28,围网
15344,31.756722222222226,126.1795277777778,1.2,187.0,2019-10-24 12:50:28,围网
15344,31.75236111111111,126.17638888888894,0.7,0.0,2019-10-24 13:00:28,围网
15344,31.748027777777786,126.17272222222222,0.9,226.0,2019-10-24 13:10:28,围网
15344,31.744138888888887,126.16808333333331,1.2,216.0,2019-10-24 13:20:28,围网
15344,31.740444444444442,126.16497222222222,1.0,0.0,2019-10-24 13:30:29,围网
15344,31.740527777777785,126.16483333333332,1.4,0.0,2019-10-24 13:40:34,围网
15344,31.740250000000003,126.16502777777778,0.4,312.0,2019-10-24 13:50:48,围网
15344,31.740277777777766,126.16502777777778,0.8,75.0,2019-10-24 14:00:28,围网
15344,31.740305555555555,126.16497222222222,0.8,207.0,2019-10-24 14:10:28,围网
15344,31.740361111111113,126.16491666666668,0.9,108.0,2019-10-24 14:20:28,围网
15344,31.740444444444442,126.16475,0.3,0.0,2019-10-24 14:30:28,围网
15344,31.7405,126.16463888888893,1.3,35.0,2019-10-24 14:40:28,围网
15344,31.74058333333333,126.16455555555555,1.0,152.0,2019-10-24 14:50:28,围网
15344,31.74055555555556,126.1645277777778,0.5,0.0,2019-10-24 15:00:28,围网
15344,31.74069444444445,126.16438888888894,0.3,0.0,2019-10-24 15:10:28,围网
15344,31.74072222222221,126.16433333333336,0.5,84.0,2019-10-24 15:20:28,围网
15344,31.74083333333333,126.16422222222224,1.5,287.0,2019-10-24 15:30:48,围网
15344,31.74094444444445,126.16413888888887,0.4,91.0,2019-10-24 15:40:28,围网
15344,31.74105555555556,126.16405555555555,0.7,51.0,2019-10-24 15:50:28,围网
15344,31.741277777777785,126.16380555555556,1.4,118.0,2019-10-24 16:00:28,围网
15344,31.74147222222221,126.16369444444445,1.1,64.0,2019-10-24 16:10:28,围网
15344,31.74158333333333,126.16358333333334,0.9,33.0,2019-10-24 16:20:28,围网
15344,31.741722222222233,126.1635277777778,1.3,327.0,2019-10-24 16:30:28,围网
15344,31.74183333333333,126.16344444444445,0.8,117.0,2019-10-24 16:40:28,围网
15344,31.742,126.16333333333334,0.4,0.0,2019-10-24 16:50:28,围网
15344,31.74211111111111,126.16333333333334,0.0,0.0,2019-10-24 17:00:28,围网
15344,31.74219444444445,126.16327777777781,0.8,37.0,2019-10-24 17:10:28,围网
15344,31.74222222222223,126.16327777777781,0.4,0.0,2019-10-24 17:20:27,围网
15344,31.74216666666667,126.16330555555555,0.3,0.0,2019-10-24 17:30:27,围网
15344,31.74216666666667,126.16325,1.6,121.0,2019-10-24 17:40:27,围网
15344,31.74211111111111,126.16333333333334,0.9,118.0,2019-10-24 17:50:27,围网
15344,31.742,126.16347222222224,1.4,128.0,2019-10-24 18:00:47,围网
15344,31.74191666666667,126.16358333333334,0.3,0.0,2019-10-24 18:10:27,围网
15344,31.741861111111113,126.16358333333334,0.4,297.0,2019-10-24 18:20:27,围网
15344,31.741888888888887,126.16355555555555,0.9,288.0,2019-10-24 18:30:27,围网
15344,31.74191666666667,126.1635277777778,0.7,20.0,2019-10-24 18:40:27,围网
15344,31.741861111111113,126.16361111111112,0.5,0.0,2019-10-24 18:50:27,围网
15344,31.74183333333333,126.16358333333334,0.1,0.0,2019-10-24 19:00:27,围网
15344,31.741861111111113,126.16355555555555,0.6,189.0,2019-10-24 19:10:27,围网
15344,31.74183333333333,126.16355555555555,0.5,282.0,2019-10-24 19:20:27,围网
15344,31.741722222222233,126.16369444444445,0.1,0.0,2019-10-24 19:30:27,围网
15344,31.74147222222221,126.16377777777781,0.9,228.0,2019-10-24 19:40:27,围网
15344,31.74105555555556,126.16422222222224,0.2,0.0,2019-10-24 20:00:27,围网
15344,31.74075,126.16447222222223,0.9,101.0,2019-10-24 20:10:27,围网
15344,31.740472222222234,126.16483333333332,1.8,84.0,2019-10-24 20:20:27,围网
15344,31.739694444444453,126.16697222222223,0.9,57.0,2019-10-24 20:40:27,围网
15344,31.739694444444453,126.16788888888892,1.0,86.0,2019-10-24 20:50:27,围网
15344,31.739777777777785,126.16833333333334,0.6,0.0,2019-10-24 21:00:27,围网
15344,31.73983333333333,126.1687777777778,2.2,106.0,2019-10-24 21:10:27,围网
15344,31.73988888888889,126.16883333333334,1.3,38.0,2019-10-24 21:20:48,围网
15344,31.73991666666667,126.16894444444445,1.2,21.0,2019-10-24 21:30:27,围网
15344,31.74002777777779,126.16925,0.0,0.0,2019-10-24 21:40:27,围网
15344,31.74019444444445,126.16961111111112,1.4,30.0,2019-10-24 21:50:27,围网
15344,31.74033333333333,126.1698888888889,1.3,74.0,2019-10-24 22:00:27,围网
15344,31.740527777777785,126.17019444444445,0.5,33.0,2019-10-24 22:10:26,围网
15344,31.74069444444445,126.17044444444444,0.8,167.0,2019-10-24 22:20:26,围网
15344,31.74069444444445,126.17047222222223,0.3,0.0,2019-10-24 22:30:26,围网
15344,31.740666666666666,126.17044444444444,2.8,53.0,2019-10-24 22:40:26,围网
15344,31.74063888888889,126.17041666666668,0.4,325.0,2019-10-24 22:50:26,围网
15344,31.74061111111111,126.17033333333336,1.2,220.0,2019-10-24 23:00:26,围网
15344,31.74063888888889,126.17044444444444,0.5,43.0,2019-10-24 23:10:26,围网
15344,31.740527777777785,126.17025,2.2,260.0,2019-10-24 23:20:26,围网
15344,31.740472222222234,126.17019444444445,0.7,332.0,2019-10-24 23:30:26,围网
15344,31.740361111111113,126.17,1.1,120.0,2019-10-24 23:50:26,围网
15344,31.740222222222233,126.16972222222223,0.7,253.0,2019-10-25 00:01:11,围网
15344,31.740222222222233,126.16969444444445,2.0,31.0,2019-10-25 00:10:26,围网
15344,31.74016666666667,126.16961111111112,0.4,0.0,2019-10-25 00:20:26,围网
15344,31.74008333333333,126.16936111111113,0.5,316.0,2019-10-25 00:30:26,围网
15344,31.74002777777779,126.16919444444444,0.2,0.0,2019-10-25 00:40:26,围网
15344,31.73997222222223,126.16916666666668,1.0,50.0,2019-10-25 00:50:26,围网
15344,31.73994444444445,126.16902777777777,0.4,355.0,2019-10-25 01:00:26,围网
15344,31.73991666666667,126.16902777777777,1.0,183.0,2019-10-25 01:10:26,围网
15344,31.73980555555556,126.16855555555556,0.4,0.0,2019-10-25 01:20:26,围网
15344,31.739777777777785,126.16847222222222,0.2,0.0,2019-10-25 01:30:26,围网
15344,31.73975,126.16827777777776,0.4,0.0,2019-10-25 01:40:26,围网
15344,31.739694444444453,126.16808333333331,2.2,299.0,2019-10-25 01:50:26,围网
15344,31.739694444444453,126.16783333333336,1.2,67.0,2019-10-25 02:00:26,围网
15344,31.73966666666667,126.1677222222222,0.9,77.0,2019-10-25 02:10:26,围网
15344,31.74283333333333,126.16811111111113,2.6,25.0,2019-10-25 02:20:26,围网
15344,31.752111111111113,126.17402777777778,6.0,42.0,2019-10-25 02:30:26,围网
15344,31.766861111111112,126.18700000000001,5.9,29.0,2019-10-25 02:40:26,围网
15344,31.783166666666666,126.1954722222222,4.2,11.0,2019-10-25 02:50:26,围网
15344,31.78777777777778,126.19475,7.3,352.0,2019-10-25 03:00:48,围网
15344,31.795861111111112,126.19369444444445,1.9,344.0,2019-10-25 03:10:25,围网
15344,31.80080555555556,126.19263888888894,1.7,328.0,2019-10-25 03:20:25,围网
15344,31.805861111111113,126.19152777777781,1.9,346.0,2019-10-25 03:30:25,围网
15344,31.81058333333333,126.19033333333334,1.3,21.0,2019-10-25 03:40:25,围网
15344,31.81511111111111,126.18902777777778,2.7,318.0,2019-10-25 03:50:25,围网
15344,31.82033333333333,126.18741666666668,1.6,358.0,2019-10-25 04:00:25,围网
15344,31.82525,126.18597222222222,1.5,325.0,2019-10-25 04:10:25,围网
15344,31.830055555555553,126.18447222222223,1.4,335.0,2019-10-25 04:20:25,围网
15344,31.83511111111111,126.18283333333336,2.2,8.0,2019-10-25 04:30:25,围网
15344,31.840416666666666,126.18108333333332,1.9,332.0,2019-10-25 04:40:25,围网
15344,31.846055555555555,126.17916666666667,2.0,345.0,2019-10-25 04:50:25,围网
15344,31.851888888888887,126.17719444444445,2.4,337.0,2019-10-25 05:00:25,围网
15344,31.85777777777778,126.17541666666666,2.8,316.0,2019-10-25 05:10:25,围网
15344,31.863722222222233,126.17363888888887,2.7,342.0,2019-10-25 05:20:25,围网
15344,31.869861111111113,126.1719722222222,2.7,316.0,2019-10-25 05:30:25,围网
15344,31.875722222222233,126.17025,1.8,0.0,2019-10-25 05:40:25,围网
15344,31.88175,126.16861111111113,2.0,347.0,2019-10-25 05:50:25,围网
15344,31.888,126.16711111111113,2.5,327.0,2019-10-25 06:00:47,围网
15344,31.89386111111111,126.16563888888888,2.5,351.0,2019-10-25 06:10:25,围网
15344,31.89994444444445,126.16416666666667,2.3,348.0,2019-10-25 06:20:25,围网
15344,31.906055555555554,126.16266666666668,2.0,339.0,2019-10-25 06:30:25,围网
15344,31.91208333333333,126.16105555555555,2.4,354.0,2019-10-25 06:40:25,围网
15344,31.91816666666667,126.15958333333332,2.5,16.0,2019-10-25 06:50:25,围网
15344,31.924055555555555,126.15780555555556,1.9,330.0,2019-10-25 07:00:25,围网
15344,31.930055555555555,126.15611111111113,2.5,349.0,2019-10-25 07:10:24,围网
15344,31.93591666666667,126.15458333333332,2.0,342.0,2019-10-25 07:20:24,围网
15344,31.941722222222207,126.15280555555556,2.0,336.0,2019-10-25 07:30:24,围网
15344,31.9475,126.15102777777778,2.4,333.0,2019-10-25 07:40:24,围网
15344,31.95347222222221,126.14958333333334,2.8,15.0,2019-10-25 07:50:24,围网
15344,31.959194444444442,126.14816666666668,1.9,348.0,2019-10-25 08:00:24,围网
15344,31.96469444444445,126.14702777777781,1.3,340.0,2019-10-25 08:10:24,围网
15344,31.970388888888888,126.14625,2.2,20.0,2019-10-25 08:20:24,围网
15344,31.976055555555554,126.14605555555555,1.5,0.0,2019-10-25 08:30:24,围网
15344,31.98,126.148,1.7,0.0,2019-10-25 08:40:24,围网
15344,31.979944444444445,126.15155555555555,1.7,112.0,2019-10-25 08:50:24,围网
15344,31.97925,126.1544722222222,3.8,111.0,2019-10-25 09:00:24,围网
15344,31.98097222222221,126.15247222222222,6.7,326.0,2019-10-25 09:10:24,围网
15344,31.98697222222223,126.14608333333334,5.3,167.0,2019-10-25 09:20:24,围网
15344,31.976388888888888,126.14688888888894,2.6,160.0,2019-10-25 09:30:48,围网
15344,31.97119444444445,126.14794444444445,2.2,162.0,2019-10-25 09:40:24,围网
15344,31.965555555555554,126.14941666666668,1.9,173.0,2019-10-25 09:50:24,围网
15344,31.95983333333333,126.15125,2.1,161.0,2019-10-25 10:00:24,围网
15344,31.95397222222222,126.15347222222222,2.5,161.0,2019-10-25 10:10:24,围网
15344,31.948166666666665,126.15608333333331,1.8,168.0,2019-10-25 10:20:23,围网
15344,31.942138888888888,126.15794444444445,2.1,167.0,2019-10-25 10:30:24,围网
15344,31.936166666666665,126.15941666666667,2.4,169.0,2019-10-25 10:40:23,围网
15344,31.930055555555555,126.16097222222223,2.9,159.0,2019-10-25 10:50:23,围网
15344,31.923861111111112,126.16261111111113,2.3,162.0,2019-10-25 11:00:23,围网
15344,31.917666666666666,126.16469444444445,2.4,174.0,2019-10-25 11:10:23,围网
15344,31.911388888888887,126.16686111111113,2.3,154.0,2019-10-25 11:20:23,围网
15344,31.905166666666666,126.1685,2.0,161.0,2019-10-25 11:30:23,围网
15344,31.898861111111113,126.16922222222223,2.0,161.0,2019-10-25 11:40:23,围网
15344,31.89247222222223,126.16991666666668,2.5,149.0,2019-10-25 11:50:23,围网
15344,31.88583333333333,126.17105555555555,2.1,183.0,2019-10-25 12:00:46,围网
15344,31.87969444444445,126.17230555555555,2.4,164.0,2019-10-25 12:10:23,围网
15344,31.87319444444445,126.17361111111113,2.3,182.0,2019-10-25 12:20:23,围网
15344,31.866777777777767,126.17475,2.7,164.0,2019-10-25 12:30:22,围网
15344,31.860416666666666,126.17516666666668,2.2,181.0,2019-10-25 12:40:22,围网
15344,31.85408333333333,126.17566666666669,2.0,182.0,2019-10-25 12:50:22,围网
15344,31.847638888888888,126.1762222222222,2.1,181.0,2019-10-25 13:00:22,围网
15344,31.841277777777766,126.17805555555556,2.3,164.0,2019-10-25 13:10:22,围网
15344,31.83513888888889,126.18033333333337,2.2,161.0,2019-10-25 13:20:22,围网
15344,31.82925,126.18302777777778,2.3,156.0,2019-10-25 13:30:22,围网
15344,31.82341666666667,126.18558333333333,2.4,173.0,2019-10-25 13:40:22,围网
15344,31.817055555555555,126.18616666666668,2.3,185.0,2019-10-25 13:50:22,围网
15344,31.810861111111112,126.18633333333334,2.3,177.0,2019-10-25 14:00:22,围网
15344,31.80469444444445,126.18638888888893,2.3,193.0,2019-10-25 14:10:22,围网
15344,31.79875,126.18661111111112,2.3,185.0,2019-10-25 14:20:22,围网
15344,31.79283333333333,126.18700000000001,2.1,182.0,2019-10-25 14:30:22,围网
15344,31.78691666666667,126.18733333333334,2.0,163.0,2019-10-25 14:40:22,围网
15344,31.78113888888889,126.18769444444445,2.4,170.0,2019-10-25 14:50:22,围网
15344,31.77966666666667,126.18705555555556,1.3,355.0,2019-10-25 15:00:22,围网
15344,31.781388888888888,126.18594444444444,0.9,0.0,2019-10-25 15:10:22,围网
15344,31.77808333333333,126.1852222222222,1.9,186.0,2019-10-25 15:20:23,围网
15344,31.785972222222235,126.19594444444445,6.8,57.0,2019-10-25 15:30:47,围网
15344,31.79486111111111,126.21577777777777,7.7,76.0,2019-10-25 15:40:22,围网
15344,31.80033333333333,126.23894444444444,7.4,76.0,2019-10-25 15:50:22,围网
15344,31.80605555555556,126.26208333333332,7.5,69.0,2019-10-25 16:00:22,围网
15344,31.81163888888889,126.28558333333332,8.5,67.0,2019-10-25 16:10:22,围网
15344,31.81552777777778,126.28830555555555,7.5,9.0,2019-10-25 16:20:22,围网
15344,31.825555555555557,126.28866666666669,2.1,17.0,2019-10-25 16:30:22,围网
15344,31.83094444444445,126.28863888888887,1.9,9.0,2019-10-25 16:40:22,围网
15344,31.836361111111113,126.28861111111112,2.1,358.0,2019-10-25 16:50:22,围网
15344,31.84183333333333,126.28869444444445,2.2,11.0,2019-10-25 17:00:22,围网
15344,31.84761111111111,126.28883333333332,2.0,351.0,2019-10-25 17:10:22,围网
15344,31.85311111111111,126.28877777777778,1.8,358.0,2019-10-25 17:20:21,围网
15344,31.858277777777786,126.28883333333332,1.9,21.0,2019-10-25 17:30:21,围网
15344,31.86344444444445,126.28894444444445,1.5,0.0,2019-10-25 17:40:21,围网
15344,31.869,126.28911111111113,2.4,38.0,2019-10-25 17:50:42,围网
15344,31.87444444444445,126.28980555555556,1.8,5.0,2019-10-25 18:00:21,围网
15344,31.87994444444445,126.29080555555555,2.0,17.0,2019-10-25 18:10:21,围网
15344,31.885416666666664,126.29302777777777,2.2,36.0,2019-10-25 18:20:21,围网
15344,31.89058333333333,126.296,2.4,46.0,2019-10-25 18:30:21,围网
15344,31.895888888888887,126.29963888888894,2.5,6.0,2019-10-25 18:40:21,围网
15344,31.9025,126.30038888888888,2.4,7.0,2019-10-25 18:50:21,围网
15344,31.9085,126.30163888888887,2.0,32.0,2019-10-25 19:00:21,围网
15344,31.913888888888888,126.3047222222222,2.5,43.0,2019-10-25 19:10:21,围网
15344,31.918722222222208,126.30863888888888,2.6,11.0,2019-10-25 19:20:21,围网
15344,31.92369444444445,126.31225,1.4,34.0,2019-10-25 19:30:21,围网
15344,31.928694444444453,126.31572222222222,2.4,36.0,2019-10-25 19:40:21,围网
15344,31.93386111111111,126.31911111111107,2.4,36.0,2019-10-25 19:50:21,围网
15344,31.93911111111111,126.32280555555555,2.1,17.0,2019-10-25 20:00:46,围网
15344,31.94391666666667,126.32619444444444,2.9,42.0,2019-10-25 20:10:21,围网
15344,31.94897222222221,126.32980555555555,2.8,45.0,2019-10-25 20:20:21,围网
15344,31.954166666666666,126.33327777777777,2.2,14.0,2019-10-25 20:30:21,围网
15344,31.959555555555553,126.33625,1.3,22.0,2019-10-25 20:40:21,围网
15344,31.964944444444445,126.33927777777777,2.2,19.0,2019-10-25 20:50:21,围网
15344,31.97025,126.34238888888888,2.2,38.0,2019-10-25 21:00:21,围网
15344,31.97544444444444,126.34533333333331,1.7,44.0,2019-10-25 21:10:21,围网
15344,31.98025,126.34897222222222,2.0,26.0,2019-10-25 21:20:21,围网
15344,31.984861111111112,126.35286111111112,1.8,27.0,2019-10-25 21:30:21,围网
15344,31.987527777777785,126.3575,1.0,102.0,2019-10-25 21:40:21,围网
15344,31.98563888888889,126.36083333333332,1.6,160.0,2019-10-25 21:50:21,围网
15344,31.98408333333333,126.3629722222222,0.7,0.0,2019-10-25 22:00:21,围网
15344,31.982722222222232,126.36363888888887,3.1,335.0,2019-10-25 22:10:20,围网
15344,31.986694444444453,126.3635277777778,2.6,155.0,2019-10-25 22:20:20,围网
15344,31.9755,126.3665,2.3,163.0,2019-10-25 22:30:47,围网
15344,31.970527777777786,126.37036111111112,2.1,137.0,2019-10-25 22:40:20,围网
15344,31.965611111111112,126.37491666666666,2.3,124.0,2019-10-25 22:50:20,围网
15344,31.961388888888887,126.38111111111112,2.5,121.0,2019-10-25 23:00:20,围网
15344,31.957555555555555,126.38747222222223,2.7,127.0,2019-10-25 23:10:20,围网
15344,31.953194444444442,126.39311111111112,2.5,136.0,2019-10-25 23:20:20,围网
15344,31.94844444444445,126.39833333333334,2.6,137.0,2019-10-25 23:30:20,围网
15344,31.94352777777778,126.40344444444445,2.9,126.0,2019-10-25 23:40:20,围网
15344,31.93844444444445,126.40847222222223,2.3,125.0,2019-10-25 23:50:20,围网
15344,31.93333333333333,126.4135,2.5,142.0,2019-10-26 00:00:20,围网
15344,31.928166666666666,126.41836111111112,2.6,149.0,2019-10-26 00:10:20,围网
15344,31.92286111111111,126.42291666666668,2.3,150.0,2019-10-26 00:20:20,围网
15344,31.917472222222226,126.42719444444445,2.6,160.0,2019-10-26 00:30:20,围网
15344,31.912055555555554,126.43144444444445,2.5,139.0,2019-10-26 00:40:20,围网
15344,31.90663888888889,126.43561111111113,2.2,162.0,2019-10-26 00:50:20,围网
15344,31.90108333333333,126.43941666666666,2.3,141.0,2019-10-26 01:00:20,围网
15344,31.8955,126.44305555555556,2.1,148.0,2019-10-26 01:10:20,围网
15344,31.889833333333332,126.44655555555555,2.3,148.0,2019-10-26 01:20:20,围网
15344,31.88433333333333,126.45005555555555,2.5,169.0,2019-10-26 01:30:20,围网
15344,31.878888888888888,126.45355555555555,2.2,146.0,2019-10-26 01:40:20,围网
15344,31.87352777777778,126.45697222222222,2.4,142.0,2019-10-26 01:50:20,围网
15344,31.86788888888889,126.46052777777777,2.3,143.0,2019-10-26 02:00:46,围网
15344,31.86233333333333,126.4625,2.1,188.0,2019-10-26 02:10:20,围网
15344,31.855999999999998,126.463,2.2,180.0,2019-10-26 02:20:20,围网
15344,31.84994444444445,126.46330555555555,1.9,179.0,2019-10-26 02:30:20,围网
15344,31.844027777777768,126.46358333333332,2.4,197.0,2019-10-26 02:40:20,围网
15344,31.838305555555557,126.4639722222222,2.1,191.0,2019-10-26 02:50:20,围网
15344,31.82697222222221,126.46486111111106,1.8,183.0,2019-10-26 03:10:19,围网
15344,31.821472222222226,126.4652777777778,1.8,167.0,2019-10-26 03:20:19,围网
15344,31.815916666666666,126.46561111111113,4.5,0.0,2019-10-26 03:30:19,围网
15344,31.81336111111111,126.46538888888894,0.6,6.0,2019-10-26 03:40:19,围网
15344,31.81575,126.46441666666666,2.2,189.0,2019-10-26 03:50:19,围网
15344,31.81283333333333,126.46450000000002,3.6,174.0,2019-10-26 04:00:19,围网
15344,31.8115,126.46258333333334,1.9,14.0,2019-10-26 04:10:19,围网
15344,31.81336111111111,126.46188888888894,5.4,173.0,2019-10-26 04:20:19,围网
15344,31.82183333333333,126.46008333333334,2.3,355.0,2019-10-26 04:30:19,围网
15344,31.8265,126.45958333333333,0.7,349.0,2019-10-26 04:40:19,围网
15344,31.831166666666665,126.45847222222223,1.7,330.0,2019-10-26 04:50:19,围网
15344,31.835916666666666,126.4572777777778,2.3,33.0,2019-10-26 05:00:19,围网
15344,31.840916666666665,126.45577777777778,2.2,1.0,2019-10-26 05:10:19,围网
15344,31.84597222222222,126.45402777777778,2.3,13.0,2019-10-26 05:20:19,围网
15344,31.851138888888887,126.4525,1.4,350.0,2019-10-26 05:30:19,围网
15344,31.85619444444445,126.45105555555556,2.3,334.0,2019-10-26 05:40:19,围网
15344,31.861666666666668,126.44908333333332,1.7,359.0,2019-10-26 05:50:19,围网
15344,31.867472222222233,126.44730555555556,2.3,358.0,2019-10-26 06:00:46,围网
15344,31.87305555555556,126.44555555555556,2.5,4.0,2019-10-26 06:10:19,围网
15344,31.878916666666665,126.44386111111106,2.0,347.0,2019-10-26 06:20:19,围网
15344,31.88475,126.44200000000001,2.0,356.0,2019-10-26 06:30:19,围网
15344,31.89094444444445,126.44002777777777,2.1,6.0,2019-10-26 06:40:19,围网
15344,31.897,126.43813888888893,2.2,4.0,2019-10-26 06:50:19,围网
15344,31.903055555555554,126.43630555555555,2.2,355.0,2019-10-26 07:00:19,围网
15344,31.90894444444445,126.43438888888888,2.6,335.0,2019-10-26 07:10:19,围网
15344,31.91491666666667,126.43269444444445,2.7,331.0,2019-10-26 07:20:19,围网
15344,31.92102777777778,126.43080555555555,1.9,354.0,2019-10-26 07:30:19,围网
15344,31.927027777777766,126.42891666666668,2.2,358.0,2019-10-26 07:40:19,围网
15344,31.93283333333333,126.42708333333331,2.4,353.0,2019-10-26 07:50:18,围网
15344,31.938666666666666,126.42527777777778,2.3,353.0,2019-10-26 08:00:18,围网
15344,31.94469444444445,126.42394444444444,2.3,6.0,2019-10-26 08:10:18,围网
15344,31.951027777777767,126.42272222222222,2.4,357.0,2019-10-26 08:20:47,围网
15344,31.956555555555553,126.42138888888893,2.6,323.0,2019-10-26 08:30:18,围网
15344,31.96236111111111,126.42011111111113,2.0,333.0,2019-10-26 08:40:18,围网
15344,31.96794444444444,126.41886111111113,1.9,347.0,2019-10-26 08:50:18,围网
15344,31.97347222222221,126.41763888888887,2.6,338.0,2019-10-26 09:00:18,围网
15344,31.979,126.41638888888887,1.9,344.0,2019-10-26 09:10:18,围网
15344,31.9845,126.41508333333334,1.7,0.0,2019-10-26 09:20:18,围网
15344,31.98975,126.41361111111112,2.1,339.0,2019-10-26 09:30:18,围网
15344,31.99330555555556,126.41627777777781,1.2,72.0,2019-10-26 09:40:18,围网
15344,31.99302777777779,126.41977777777781,1.1,120.0,2019-10-26 09:50:18,围网
15344,31.99222222222223,126.42275,1.0,131.0,2019-10-26 10:00:18,围网
15344,31.99033333333333,126.42458333333332,2.8,246.0,2019-10-26 10:10:18,围网
15344,31.99208333333333,126.41086111111113,3.3,275.0,2019-10-26 10:20:17,围网
15344,31.995777777777786,126.39661111111113,5.5,288.0,2019-10-26 10:30:18,围网
15344,32.00102777777778,126.37758333333332,5.6,275.0,2019-10-26 10:40:20,围网
15344,32.004583333333336,126.35652777777777,7.1,282.0,2019-10-26 10:50:47,围网
15344,32.007472222222226,126.33747222222222,6.8,278.0,2019-10-26 11:00:18,围网
15344,32.01027777777778,126.3179722222222,5.6,288.0,2019-10-26 11:10:18,围网
15344,32.00994444444444,126.29775,6.5,269.0,2019-10-26 11:20:18,围网
15344,32.014222222222216,126.27955555555555,5.5,292.0,2019-10-26 11:30:18,围网
15344,32.020861111111124,126.26205555555555,6.7,290.0,2019-10-26 11:40:18,围网
15344,32.025638888888885,126.24372222222222,6.7,277.0,2019-10-26 11:50:18,围网
15344,32.02930555555556,126.22441666666666,6.5,269.0,2019-10-26 12:00:18,围网
15344,32.03330555555556,126.20563888888893,7.0,274.0,2019-10-26 12:10:18,围网
15344,32.03413888888889,126.19497222222222,1.6,118.0,2019-10-26 12:20:18,围网
15344,32.031666666666666,126.20033333333336,1.6,135.0,2019-10-26 12:30:17,围网
15344,32.03041666666667,126.1999722222222,1.3,247.0,2019-10-26 12:40:17,围网
15344,32.03011111111111,126.1995277777778,0.5,0.0,2019-10-26 12:50:18,围网
15344,32.030055555555556,126.19933333333334,1.1,191.0,2019-10-26 13:00:19,围网
15344,32.02997222222222,126.19927777777778,0.7,42.0,2019-10-26 13:10:45,围网
15344,32.02997222222222,126.19927777777778,0.3,0.0,2019-10-26 13:20:17,围网
15344,32.02997222222222,126.19927777777778,0.4,262.0,2019-10-26 13:30:17,围网
15344,32.02986111111111,126.19913888888887,0.7,347.0,2019-10-26 13:40:17,围网
15344,32.029694444444445,126.19891666666666,0.4,0.0,2019-10-26 13:50:17,围网
15344,32.029666666666664,126.1987777777778,0.0,0.0,2019-10-26 14:00:17,围网
15344,32.02958333333333,126.19861111111112,0.9,171.0,2019-10-26 14:10:17,围网
15344,32.02963888888889,126.19872222222223,0.1,0.0,2019-10-26 14:20:17,围网
15344,32.029694444444445,126.19883333333334,0.4,0.0,2019-10-26 14:30:17,围网
15344,32.02958333333333,126.1984722222222,0.4,228.0,2019-10-26 14:40:17,围网
15344,32.02958333333333,126.19852777777778,0.1,0.0,2019-10-26 14:50:17,围网
15344,32.02958333333333,126.19858333333332,1.2,299.0,2019-10-26 15:00:17,围网
15344,32.029555555555554,126.19833333333334,0.7,326.0,2019-10-26 15:10:17,围网
15344,32.029555555555554,126.19855555555556,0.7,0.0,2019-10-26 15:20:17,围网
15344,32.02952777777778,126.1982777777778,1.1,0.0,2019-10-26 15:30:17,围网
15344,32.02952777777778,126.1982777777778,0.1,0.0,2019-10-26 15:40:17,围网
15344,32.0295,126.1982777777778,1.0,216.0,2019-10-26 15:50:45,围网
15344,32.029444444444444,126.19797222222223,1.2,125.0,2019-10-26 16:00:17,围网
15344,32.02941666666667,126.19791666666669,0.5,200.0,2019-10-26 16:10:17,围网
15344,32.029361111111115,126.19741666666668,1.7,357.0,2019-10-26 16:20:17,围网
15344,32.029361111111115,126.19741666666668,0.2,0.0,2019-10-26 16:30:17,围网
15344,32.029333333333334,126.19691666666668,1.2,346.0,2019-10-26 16:40:17,围网
15344,32.029333333333334,126.19658333333334,0.7,346.0,2019-10-26 16:50:17,围网
15344,32.029361111111115,126.19644444444445,0.7,107.0,2019-10-26 17:00:17,围网
15344,32.02938888888889,126.19611111111112,0.2,0.0,2019-10-26 17:10:17,围网
15344,32.029444444444444,126.19591666666668,0.8,249.0,2019-10-26 17:20:16,围网
15344,32.029444444444444,126.19586111111113,0.4,53.0,2019-10-26 17:30:16,围网
15344,32.02952777777778,126.1957777777778,0.6,38.0,2019-10-26 17:40:16,围网
15344,32.02958333333333,126.19541666666666,0.9,237.0,2019-10-26 17:50:16,围网
15344,32.02963888888889,126.19530555555555,1.0,149.0,2019-10-26 18:00:44,围网
15344,32.02961111111111,126.19533333333334,0.5,90.0,2019-10-26 18:10:16,围网
15344,32.029666666666664,126.19519444444445,1.0,302.0,2019-10-26 18:20:16,围网
15344,32.029666666666664,126.19522222222223,0.6,58.0,2019-10-26 18:30:16,围网
15344,32.02963888888889,126.19566666666668,0.3,0.0,2019-10-26 18:40:16,围网
15344,32.0305,126.19652777777776,1.3,222.0,2019-10-26 18:50:16,围网
15344,32.033805555555546,126.19636111111107,0.6,115.0,2019-10-26 19:00:16,围网
15344,32.023305555555545,126.21144444444445,7.5,124.0,2019-10-26 19:10:16,围网
15344,32.00991666666667,126.22955555555555,8.4,136.0,2019-10-26 19:20:16,围网
15344,31.99505555555556,126.24638888888887,7.9,135.0,2019-10-26 19:30:16,围网
15344,31.979388888888888,126.26233333333332,8.0,139.0,2019-10-26 19:40:16,围网
15344,31.9635,126.27736111111106,7.3,143.0,2019-10-26 19:50:16,围网
15344,31.94783333333333,126.29280555555556,7.6,139.0,2019-10-26 20:00:16,围网
15344,31.931611111111113,126.30758333333333,8.2,142.0,2019-10-26 20:10:16,围网
15344,31.915944444444442,126.32305555555556,8.4,145.0,2019-10-26 20:20:16,围网
15344,31.89988888888889,126.33844444444445,7.7,137.0,2019-10-26 20:30:16,围网
15344,31.88363888888889,126.35444444444445,8.2,137.0,2019-10-26 20:40:16,围网
15344,31.868222222222233,126.37141666666666,7.9,143.0,2019-10-26 20:50:16,围网
15344,31.85294444444445,126.38886111111113,6.6,136.0,2019-10-26 21:00:16,围网
15344,31.83872222222222,126.40761111111112,8.0,109.0,2019-10-26 21:10:16,围网
15344,31.823611111111113,126.42558333333334,8.6,143.0,2019-10-26 21:20:16,围网
15344,31.8065,126.44225,8.7,135.0,2019-10-26 21:30:16,围网
15344,31.7895,126.45936111111112,8.3,138.0,2019-10-26 21:40:16,围网
15344,31.772472222222234,126.47638888888888,8.3,135.0,2019-10-26 21:50:16,围网
15344,31.754472222222233,126.49425,8.4,140.0,2019-10-26 22:00:43,围网
15344,31.73788888888889,126.51061111111113,7.4,137.0,2019-10-26 22:10:16,围网
15344,31.72036111111111,126.52791666666666,8.2,138.0,2019-10-26 22:20:15,围网
15344,31.702472222222234,126.54580555555556,9.2,140.0,2019-10-26 22:30:15,围网
15344,31.68352777777778,126.56175,8.2,142.0,2019-10-26 22:40:15,围网
15344,31.66525,126.57994444444445,9.4,143.0,2019-10-26 22:50:15,围网
15344,31.64688888888889,126.59833333333331,7.8,140.0,2019-10-26 23:00:15,围网
15344,31.62866666666667,126.61691666666664,8.2,140.0,2019-10-26 23:10:15,围网
15344,31.610944444444453,126.63644444444445,9.5,143.0,2019-10-26 23:20:15,围网
15344,31.592111111111112,126.65530555555556,9.0,142.0,2019-10-26 23:30:15,围网
15344,31.573777777777767,126.67133333333334,9.3,135.0,2019-10-26 23:40:15,围网
15344,31.55472222222223,126.69008333333332,9.2,142.0,2019-10-26 23:50:15,围网
15344,31.53580555555556,126.70916666666668,8.2,142.0,2019-10-27 00:00:15,围网
15344,31.51677777777777,126.72797222222222,8.8,137.0,2019-10-27 00:10:15,围网
15344,31.49741666666667,126.74697222222223,9.3,144.0,2019-10-27 00:20:15,围网
15344,31.478222222222207,126.76591666666668,10.7,139.0,2019-10-27 00:30:15,围网
15344,31.458666666666666,126.78494444444445,8.7,138.0,2019-10-27 00:40:15,围网
15344,31.440166666666666,126.80480555555555,10.1,132.0,2019-10-27 00:50:14,围网
15344,31.42383333333333,126.82608333333332,8.7,132.0,2019-10-27 01:00:15,围网
15344,31.40925,126.84844444444445,8.8,117.0,2019-10-27 01:10:15,围网
15344,31.39822222222222,126.87375,8.6,118.0,2019-10-27 01:20:15,围网
15344,31.387,126.899,9.2,121.0,2019-10-27 01:30:15,围网
15344,31.375472222222232,126.92538888888888,9.4,119.0,2019-10-27 01:40:44,围网
15344,31.36488888888889,126.94947222222223,10.3,121.0,2019-10-27 01:50:15,围网
15344,31.35341666666667,126.97686111111112,8.4,114.0,2019-10-27 02:01:04,围网
15344,31.344027777777768,127.00013888888887,8.2,115.0,2019-10-27 02:10:15,围网
15344,31.339527777777768,127.01605555555555,0.8,136.0,2019-10-27 02:20:15,围网
15344,31.32697222222221,127.02108333333332,2.1,175.0,2019-10-27 02:30:14,围网
15344,31.321666666666665,127.02322222222223,2.1,161.0,2019-10-27 02:40:14,围网
15344,31.316472222222234,127.02527777777777,1.2,166.0,2019-10-27 02:50:14,围网
15344,31.31125,127.02694444444445,1.8,154.0,2019-10-27 03:00:14,围网
15344,31.30611111111111,127.02858333333332,2.1,146.0,2019-10-27 03:10:14,围网
15344,31.30094444444445,127.02983333333331,1.9,174.0,2019-10-27 03:20:14,围网
15344,31.29591666666667,127.03083333333332,2.2,161.0,2019-10-27 03:30:14,围网
15344,31.29083333333333,127.0315,1.8,196.0,2019-10-27 03:40:14,围网
15344,31.285833333333336,127.03188888888887,1.6,167.0,2019-10-27 03:50:14,围网
15344,31.28086111111111,127.0317777777778,2.2,183.0,2019-10-27 04:00:14,围网
15344,31.27597222222222,127.03158333333332,1.7,190.0,2019-10-27 04:10:14,围网
15344,31.271166666666666,127.03111111111113,2.6,194.0,2019-10-27 04:20:14,围网
15344,31.270194444444453,127.02361111111112,3.4,312.0,2019-10-27 04:30:14,围网
15344,31.277027777777768,127.01680555555555,2.9,313.0,2019-10-27 04:40:14,围网
15344,31.28325,127.01261111111113,2.2,350.0,2019-10-27 04:50:14,围网
15344,31.28941666666667,127.01063888888888,2.0,349.0,2019-10-27 05:00:14,围网
15344,31.29511111111111,127.00944444444444,1.6,346.0,2019-10-27 05:10:14,围网
15344,31.306611111111113,127.00683333333332,2.8,13.0,2019-10-27 05:30:14,围网
15344,31.312527777777767,127.00555555555556,1.8,27.0,2019-10-27 05:40:14,围网
15344,31.31847222222222,127.00436111111112,2.2,353.0,2019-10-27 05:50:13,围网
15344,31.32472222222221,127.00283333333334,2.4,347.0,2019-10-27 06:00:41,围网
15344,31.33061111111111,127.0015,2.5,355.0,2019-10-27 06:10:13,围网
15344,31.33675,127.00011111111112,2.4,353.0,2019-10-27 06:20:13,围网
15344,31.343055555555555,126.99875,3.0,334.0,2019-10-27 06:30:13,围网
15344,31.34938888888889,126.99725,2.5,348.0,2019-10-27 06:40:13,围网
15344,31.355750000000004,126.99541666666666,2.6,328.0,2019-10-27 06:50:13,围网
15344,31.36208333333333,126.99388888888888,2.5,351.0,2019-10-27 07:00:13,围网
15344,31.368416666666665,126.99244444444444,2.2,347.0,2019-10-27 07:10:13,围网
15344,31.37469444444445,126.99083333333333,2.3,358.0,2019-10-27 07:20:13,围网
15344,31.38091666666667,126.98938888888887,2.2,351.0,2019-10-27 07:30:13,围网
15344,31.38719444444445,126.98791666666666,2.7,329.0,2019-10-27 07:40:13,围网
15344,31.39341666666667,126.98644444444444,2.4,2.0,2019-10-27 07:50:13,围网
15344,31.399638888888887,126.9849722222222,2.4,11.0,2019-10-27 08:00:12,围网
15344,31.40569444444445,126.9835,2.3,350.0,2019-10-27 08:10:12,围网
15344,31.41725,126.98094444444445,2.1,12.0,2019-10-27 08:30:12,围网
15344,31.418805555555558,126.98063888888888,3.8,169.0,2019-10-27 08:40:12,围网
15344,31.41627777777777,126.97977777777778,2.3,23.0,2019-10-27 08:50:12,围网
15344,31.41622222222221,126.97877777777781,3.3,99.0,2019-10-27 09:00:12,围网
15344,31.41711111111111,126.97861111111106,4.7,109.0,2019-10-27 09:10:15,围网
15344,31.41011111111111,126.98197222222224,2.0,110.0,2019-10-27 09:20:12,围网
15344,31.400444444444442,126.9865,4.3,121.0,2019-10-27 09:30:12,围网
15344,31.396,126.9885277777778,4.3,125.0,2019-10-27 09:40:12,围网
15344,31.391416666666665,126.99058333333332,2.4,127.0,2019-10-27 09:50:12,围网
15344,31.38675,126.9935277777778,1.3,160.0,2019-10-27 10:00:39,围网
15344,31.382361111111113,126.99527777777777,1.8,167.0,2019-10-27 10:10:12,围网
15344,31.37758333333333,126.99666666666668,2.2,150.0,2019-10-27 10:20:12,围网
15344,31.37283333333333,126.99827777777777,1.8,174.0,2019-10-27 10:30:12,围网
15344,31.36794444444445,127.00022222222222,1.9,160.0,2019-10-27 10:40:12,围网
15344,31.36291666666667,127.0022777777778,1.7,163.0,2019-10-27 10:50:12,围网
15344,31.357944444444453,127.00505555555556,1.9,155.0,2019-10-27 11:00:12,围网
15344,31.353027777777786,127.00844444444445,2.2,145.0,2019-10-27 11:10:12,围网
15344,31.34808333333333,127.0119722222222,2.9,137.0,2019-10-27 11:20:12,围网
15344,31.34308333333333,127.01577777777777,2.3,148.0,2019-10-27 11:30:12,围网
15344,31.33819444444445,127.02016666666668,2.3,153.0,2019-10-27 11:40:12,围网
15344,31.333055555555557,127.02402777777776,2.1,145.0,2019-10-27 11:50:12,围网
15344,31.327805555555557,127.02758333333334,2.3,146.0,2019-10-27 12:00:12,围网
15344,31.32241666666667,127.03063888888887,2.3,158.0,2019-10-27 12:10:12,围网
15344,31.316861111111113,127.03294444444445,2.2,155.0,2019-10-27 12:20:12,围网
15344,31.31138888888889,127.03505555555556,2.1,143.0,2019-10-27 12:30:12,围网
15344,31.30583333333333,127.03708333333331,2.1,167.0,2019-10-27 12:40:12,围网
15344,31.300305555555557,127.03916666666666,2.6,142.0,2019-10-27 12:50:11,围网
15344,31.29480555555556,127.04111111111106,2.0,165.0,2019-10-27 13:00:11,围网
15344,31.28925,127.04316666666666,1.9,170.0,2019-10-27 13:10:11,围网
15344,31.283444444444445,127.04444444444445,1.8,168.0,2019-10-27 13:20:11,围网
15344,31.27733333333333,127.04561111111113,2.2,168.0,2019-10-27 13:30:12,围网
15344,31.27122222222221,127.04691666666666,2.3,172.0,2019-10-27 13:40:40,围网
15344,31.26558333333333,127.0480277777778,2.2,181.0,2019-10-27 13:50:11,围网
15344,31.25966666666667,127.04916666666666,2.1,163.0,2019-10-27 14:00:11,围网
15344,31.253833333333336,127.05027777777778,1.3,167.0,2019-10-27 14:10:11,围网
15344,31.24794444444445,127.05055555555555,2.4,206.0,2019-10-27 14:20:11,围网
15344,31.24216666666667,127.05058333333332,1.9,185.0,2019-10-27 14:30:11,围网
15344,31.2365,127.0505,2.1,173.0,2019-10-27 14:40:11,围网
15344,31.23086111111111,127.05041666666666,2.1,155.0,2019-10-27 14:50:11,围网
15344,31.225388888888887,127.05038888888888,1.9,188.0,2019-10-27 15:00:11,围网
15344,31.221527777777766,127.0497777777778,0.6,244.0,2019-10-27 15:10:11,围网
15344,31.22347222222221,127.04936111111112,2.0,4.0,2019-10-27 15:20:11,围网
15344,31.22283333333333,127.04922222222223,0.7,169.0,2019-10-27 15:30:11,围网
15344,31.22075,127.04819444444445,0.6,0.0,2019-10-27 15:40:12,围网
15344,31.218499999999995,127.04688888888887,0.2,0.0,2019-10-27 15:50:39,围网
15344,31.21669444444445,127.04547222222222,0.6,229.0,2019-10-27 16:00:11,围网
15344,31.218499999999995,127.04194444444445,3.1,358.0,2019-10-27 16:10:11,围网
15344,31.22722222222221,127.03633333333332,4.5,343.0,2019-10-27 16:20:11,围网
15344,31.23311111111111,127.0337222222222,2.5,331.0,2019-10-27 16:30:11,围网
15344,31.23858333333333,127.03147222222222,2.1,348.0,2019-10-27 16:40:11,围网
15344,31.24425,127.02911111111106,2.3,330.0,2019-10-27 16:50:11,围网
15344,31.249944444444452,127.02680555555555,2.5,350.0,2019-10-27 17:00:11,围网
15344,31.255666666666666,127.02444444444444,1.9,343.0,2019-10-27 17:10:11,围网
15344,31.26136111111111,127.02180555555556,2.0,343.0,2019-10-27 17:20:11,围网
15344,31.267166666666668,127.01911111111107,2.1,332.0,2019-10-27 17:30:11,围网
15344,31.273138888888887,127.01730555555555,2.3,341.0,2019-10-27 17:40:10,围网
15344,31.279277777777768,127.0155277777778,2.2,350.0,2019-10-27 17:50:10,围网
15344,31.28586111111111,127.01369444444444,1.9,343.0,2019-10-27 18:00:38,围网
15344,31.29186111111111,127.01191666666666,1.9,2.0,2019-10-27 18:10:10,围网
15344,31.29816666666667,127.01016666666668,2.2,358.0,2019-10-27 18:20:10,围网
15344,31.30466666666667,127.00833333333334,2.6,337.0,2019-10-27 18:30:10,围网
15344,31.31119444444445,127.00644444444444,2.4,347.0,2019-10-27 18:40:10,围网
15344,31.317694444444445,127.00463888888888,2.2,346.0,2019-10-27 18:50:10,围网
15344,31.324222222222208,127.00302777777777,2.3,358.0,2019-10-27 19:00:10,围网
15344,31.33091666666667,127.00158333333331,2.5,352.0,2019-10-27 19:10:10,围网
15344,31.337611111111112,126.99991666666666,2.2,352.0,2019-10-27 19:20:10,围网
15344,31.34425,126.9985,2.6,346.0,2019-10-27 19:30:10,围网
15344,31.350805555555556,126.99713888888893,2.1,357.0,2019-10-27 19:40:10,围网
15344,31.35744444444445,126.99588888888893,2.5,356.0,2019-10-27 19:50:10,围网
15344,31.364,126.99461111111113,2.5,5.0,2019-10-27 20:00:10,围网
15344,31.37061111111111,126.99319444444444,2.5,337.0,2019-10-27 20:10:10,围网
15344,31.377027777777766,126.99197222222222,2.3,347.0,2019-10-27 20:20:10,围网
15344,31.383416666666665,126.99061111111112,2.3,346.0,2019-10-27 20:30:10,围网
15344,31.38969444444445,126.98927777777777,2.2,349.0,2019-10-27 20:40:10,围网
15344,31.39597222222222,126.988,2.3,334.0,2019-10-27 20:50:10,围网
15344,31.40222222222221,126.98711111111112,2.4,8.0,2019-10-27 21:00:10,围网
15344,31.408555555555555,126.9872777777778,2.3,357.0,2019-10-27 21:10:10,围网
15344,31.41477777777777,126.98791666666666,2.3,21.0,2019-10-27 21:20:10,围网
15344,31.42083333333333,126.98811111111112,2.1,353.0,2019-10-27 21:30:10,围网
15344,31.426805555555557,126.98830555555556,1.9,359.0,2019-10-27 21:40:10,围网
15344,31.432805555555557,126.98986111111113,2.0,23.0,2019-10-27 21:50:10,围网
15344,31.43269444444445,126.98944444444444,1.8,212.0,2019-10-27 22:00:38,围网
15344,31.430055555555555,126.9895,1.9,335.0,2019-10-27 22:10:10,围网
15344,31.43063888888889,126.99102777777777,1.5,26.0,2019-10-27 22:20:10,围网
15344,31.43063888888889,126.99125,2.0,259.0,2019-10-27 22:30:09,围网
15344,31.43,126.99230555555555,6.6,165.0,2019-10-27 22:40:09,围网
15344,31.418527777777786,126.99294444444445,1.9,168.0,2019-10-27 22:50:09,围网
15344,31.41283333333333,126.99480555555556,2.0,158.0,2019-10-27 23:00:09,围网
15344,31.407027777777767,126.99683333333334,2.2,162.0,2019-10-27 23:10:09,围网
15344,31.401138888888887,126.99844444444444,2.3,165.0,2019-10-27 23:20:09,围网
15344,31.395222222222234,127.00030555555556,2.1,167.0,2019-10-27 23:30:09,围网
15344,31.38925,127.00244444444445,2.3,161.0,2019-10-27 23:40:09,围网
15344,31.38316666666667,127.00486111111113,2.5,159.0,2019-10-27 23:50:09,围网
15344,31.377055555555554,127.00747222222222,2.7,155.0,2019-10-28 00:00:09,围网
15344,31.37088888888889,127.01005555555555,2.2,164.0,2019-10-28 00:10:09,围网
15344,31.364611111111113,127.01266666666668,2.6,153.0,2019-10-28 00:20:09,围网
15344,31.358472222222233,127.01516666666667,2.6,163.0,2019-10-28 00:30:09,围网
15344,31.352027777777767,127.01783333333334,2.7,154.0,2019-10-28 00:40:15,围网
15344,31.345861111111113,127.02002777777777,6.0,136.0,2019-10-28 00:50:10,围网
15344,31.3395,127.02266666666668,1.8,170.0,2019-10-28 01:00:11,围网
15344,31.33308333333333,127.02519444444445,2.3,158.0,2019-10-28 01:10:09,围网
15344,31.32666666666667,127.02780555555556,3.0,137.0,2019-10-28 01:20:09,围网
15344,31.319722222222207,127.02822222222223,2.3,177.0,2019-10-28 01:30:11,围网
15344,31.31302777777778,127.02847222222222,2.4,170.0,2019-10-28 01:40:22,围网
15344,31.30680555555556,127.02916666666668,2.3,165.0,2019-10-28 01:50:10,围网
15344,31.30038888888889,127.02977777777778,2.4,170.0,2019-10-28 02:00:37,围网
15344,31.294472222222232,127.03025,2.2,169.0,2019-10-28 02:10:09,围网
15344,31.288305555555556,127.03105555555555,1.7,171.0,2019-10-28 02:20:09,围网
15344,31.282277777777768,127.03258333333332,2.1,169.0,2019-10-28 02:30:09,围网
15344,31.27622222222222,127.03422222222223,2.0,168.0,2019-10-28 02:40:09,围网
15344,31.27033333333333,127.03591666666668,2.0,169.0,2019-10-28 02:50:09,围网
15344,31.26458333333333,127.03761111111106,2.1,169.0,2019-10-28 03:00:09,围网
15344,31.258944444444445,127.03916666666666,2.0,171.0,2019-10-28 03:10:09,围网
15344,31.25336111111111,127.04063888888888,2.0,168.0,2019-10-28 03:20:08,围网
15344,31.247972222222234,127.04208333333332,1.8,160.0,2019-10-28 03:30:08,围网
15344,31.242666666666665,127.0435,2.1,175.0,2019-10-28 03:40:08,围网
15344,31.237388888888887,127.04488888888888,1.9,162.0,2019-10-28 03:50:08,围网
15344,31.232111111111113,127.04591666666668,2.0,182.0,2019-10-28 04:00:08,围网
15344,31.22727777777777,127.04561111111113,1.3,199.0,2019-10-28 04:10:08,围网
15344,31.23186111111111,127.04444444444445,1.8,344.0,2019-10-28 04:20:08,围网
15344,31.23236111111111,127.04347222222222,0.8,296.0,2019-10-28 04:30:08,围网
15344,31.23169444444445,127.04216666666666,0.3,0.0,2019-10-28 04:40:08,围网
15344,31.23263888888889,127.04119444444444,3.4,274.0,2019-10-28 04:50:08,围网
15344,31.24561111111111,127.03936111111106,2.2,352.0,2019-10-28 05:00:08,围网
15344,31.251527777777767,127.03925,1.9,6.0,2019-10-28 05:10:08,围网
15344,31.25758333333333,127.03916666666666,2.1,354.0,2019-10-28 05:20:08,围网
15344,31.26375,127.03905555555555,2.0,14.0,2019-10-28 05:30:08,围网
15344,31.26983333333333,127.03894444444445,1.9,18.0,2019-10-28 05:40:08,围网
15344,31.27622222222222,127.03855555555555,2.2,28.0,2019-10-28 05:50:08,围网
15344,31.283,127.03808333333332,2.0,357.0,2019-10-28 06:00:35,围网
15344,31.28913888888889,127.03775,2.2,4.0,2019-10-28 06:10:08,围网
15344,31.295638888888888,127.03725,2.4,0.0,2019-10-28 06:20:08,围网
15344,31.302222222222234,127.03669444444445,2.4,352.0,2019-10-28 06:30:08,围网
15344,31.309,127.03611111111113,2.3,351.0,2019-10-28 06:40:08,围网
15344,31.31580555555556,127.0355,2.5,349.0,2019-10-28 06:50:08,围网
15344,31.32261111111111,127.0347777777778,2.5,5.0,2019-10-28 07:00:08,围网
15344,31.32958333333333,127.03427777777777,2.6,353.0,2019-10-28 07:10:08,围网
15344,31.33663888888889,127.03375,2.4,1.0,2019-10-28 07:20:08,围网
15344,31.34372222222222,127.0332222222222,2.8,5.0,2019-10-28 07:30:08,围网
15344,31.35083333333333,127.03269444444445,2.5,355.0,2019-10-28 07:40:08,围网
15344,31.35791666666667,127.03216666666668,2.6,355.0,2019-10-28 07:50:08,围网
15344,31.36502777777779,127.03163888888888,2.3,355.0,2019-10-28 08:00:08,围网
15344,31.37225,127.03105555555555,2.7,11.0,2019-10-28 08:10:07,围网
15344,31.37941666666667,127.0305,2.7,10.0,2019-10-28 08:20:07,围网
15344,31.3865,127.02994444444445,2.7,5.0,2019-10-28 08:30:07,围网
15344,31.3935,127.02941666666666,2.4,10.0,2019-10-28 08:40:07,围网
15344,31.400472222222234,127.02891666666666,2.3,11.0,2019-10-28 08:50:07,围网
15344,31.40763888888889,127.02811111111113,2.0,0.0,2019-10-28 09:00:07,围网
15344,31.414805555555553,127.0275277777778,2.3,0.0,2019-10-28 09:10:07,围网
15344,31.421805555555554,127.02691666666666,3.4,0.0,2019-10-28 09:20:08,围网
15344,31.42875,127.02638888888887,2.3,0.0,2019-10-28 09:30:15,围网
15344,31.435416666666665,127.02563888888888,2.8,0.0,2019-10-28 09:40:07,围网
15344,31.44216666666667,127.02461111111113,1.9,0.0,2019-10-28 09:50:08,围网
15344,31.44880555555556,127.02444444444444,2.3,347.0,2019-10-28 10:00:35,围网
15344,31.456944444444442,127.02411111111113,1.7,199.0,2019-10-28 10:20:07,围网
15344,31.453277777777767,127.02555555555556,1.2,335.0,2019-10-28 10:30:07,围网
15344,31.456055555555555,127.02605555555556,0.7,348.0,2019-10-28 10:40:07,围网
15344,31.45561111111111,127.02563888888888,7.3,174.0,2019-10-28 10:50:07,围网
15344,31.434277777777766,127.02605555555556,7.8,177.0,2019-10-28 11:00:07,围网
15344,31.41544444444445,127.01919444444445,7.7,224.0,2019-10-28 11:10:07,围网
15344,31.40875,126.99791666666668,7.8,268.0,2019-10-28 11:20:07,围网
15344,31.40961111111111,126.98725,2.4,65.0,2019-10-28 11:30:07,围网
15344,31.398416666666666,126.98569444444445,1.8,176.0,2019-10-28 11:40:07,围网
15344,31.392555555555553,126.98691666666666,2.0,173.0,2019-10-28 11:50:07,围网
15344,31.386555555555553,126.98825,2.3,171.0,2019-10-28 12:00:07,围网
15344,31.380472222222235,126.98975,2.2,165.0,2019-10-28 12:10:07,围网
15344,31.37444444444445,126.99163888888887,2.3,167.0,2019-10-28 12:20:07,围网
15344,31.368388888888887,126.99344444444445,2.3,166.0,2019-10-28 12:30:07,围网
15344,31.36225,126.9952222222222,2.5,166.0,2019-10-28 12:40:07,围网
15344,31.355999999999998,126.99697222222223,2.4,161.0,2019-10-28 12:50:07,围网
15344,31.349805555555548,126.99866666666668,2.1,156.0,2019-10-28 13:00:06,围网
15344,31.34347222222221,127.00022222222222,3.2,170.0,2019-10-28 13:10:06,围网
15344,31.33758333333333,127.00191666666666,2.4,163.0,2019-10-28 13:20:09,围网
15344,31.3305,127.00358333333332,2.2,169.0,2019-10-28 13:30:40,围网
15344,31.32455555555555,127.00483333333334,2.1,175.0,2019-10-28 13:40:06,围网
15344,31.31825000000001,127.00608333333332,2.4,166.0,2019-10-28 13:50:06,围网
15344,31.31183333333333,127.0072777777778,2.3,173.0,2019-10-28 14:00:06,围网
15344,31.30538888888889,127.00811111111112,2.0,181.0,2019-10-28 14:10:06,围网
15344,31.29891666666667,127.00880555555555,2.1,180.0,2019-10-28 14:20:06,围网
15344,31.292527777777767,127.00938888888888,2.1,190.0,2019-10-28 14:30:06,围网
15344,31.28619444444445,127.01005555555555,2.3,172.0,2019-10-28 14:40:06,围网
15344,31.27991666666667,127.01058333333332,2.2,173.0,2019-10-28 14:50:06,围网
15344,31.27372222222222,127.01116666666668,2.3,175.0,2019-10-28 15:00:06,围网
15344,31.26744444444445,127.01166666666668,2.3,165.0,2019-10-28 15:10:06,围网
15344,31.26136111111111,127.01211111111112,2.1,178.0,2019-10-28 15:20:06,围网
15344,31.25536111111111,127.01263888888887,2.5,173.0,2019-10-28 15:30:06,围网
15344,31.249194444444445,127.01322222222224,2.2,180.0,2019-10-28 15:40:40,围网
15344,31.243805555555557,127.01369444444444,1.9,171.0,2019-10-28 15:50:06,围网
15344,31.238277777777785,127.01416666666668,2.0,179.0,2019-10-28 16:00:06,围网
15344,31.23269444444445,127.0145277777778,2.0,172.0,2019-10-28 16:10:06,围网
15344,31.22722222222221,127.01477777777778,1.8,178.0,2019-10-28 16:20:06,围网
15344,31.221805555555548,127.01502777777776,1.9,173.0,2019-10-28 16:30:06,围网
15344,31.21708333333333,127.01458333333332,1.2,238.0,2019-10-28 16:40:06,围网
15344,31.216583333333336,127.01188888888888,2.1,355.0,2019-10-28 16:50:06,围网
15344,31.219166666666666,127.0105,0.4,75.0,2019-10-28 17:00:06,围网
15344,31.219555555555548,127.00855555555556,0.4,284.0,2019-10-28 17:10:06,围网
15344,31.21583333333333,127.02366666666668,7.7,108.0,2019-10-28 17:20:06,围网
15344,31.21025,127.04736111111107,7.7,100.0,2019-10-28 17:30:06,围网
15344,31.21097222222221,127.05447222222222,4.6,353.0,2019-10-28 17:40:06,围网
15344,31.22422222222221,127.05369444444445,2.3,1.0,2019-10-28 17:50:05,围网
15344,31.23072222222222,127.05316666666668,2.3,352.0,2019-10-28 18:00:33,围网
15344,31.23675,127.05272222222222,2.2,354.0,2019-10-28 18:10:05,围网
15344,31.243222222222233,127.05208333333331,2.5,349.0,2019-10-28 18:20:05,围网
15344,31.249722222222232,127.05130555555556,2.6,357.0,2019-10-28 18:30:05,围网
15344,31.256305555555556,127.05058333333332,2.4,359.0,2019-10-28 18:40:05,围网
15344,31.269527777777768,127.04902777777777,2.4,1.0,2019-10-28 19:00:05,围网
15344,31.27622222222222,127.04808333333332,2.4,6.0,2019-10-28 19:10:05,围网
15344,31.283027777777786,127.04719444444444,2.6,354.0,2019-10-28 19:20:05,围网
15344,31.28983333333333,127.04627777777776,2.5,353.0,2019-10-28 19:30:05,围网
15344,31.30355555555556,127.04444444444445,3.0,15.0,2019-10-28 19:50:05,围网
15344,31.310472222222234,127.04358333333332,2.5,348.0,2019-10-28 20:00:05,围网
15344,31.317472222222207,127.04277777777777,2.4,3.0,2019-10-28 20:10:05,围网
15344,31.324444444444445,127.04180555555556,2.2,1.0,2019-10-28 20:20:05,围网
15344,31.3315,127.04086111111107,2.5,11.0,2019-10-28 20:30:05,围网
15344,31.338527777777767,127.04005555555555,2.3,6.0,2019-10-28 20:40:05,围网
15344,31.345388888888888,127.03930555555556,2.1,0.0,2019-10-28 20:50:05,围网
15344,31.35250000000001,127.03802777777777,2.4,352.0,2019-10-28 21:00:33,围网
15344,31.35880555555556,127.03702777777778,2.5,2.0,2019-10-28 21:10:05,围网
15344,31.365305555555558,127.0360277777778,2.3,352.0,2019-10-28 21:20:05,围网
15344,31.37158333333333,127.03480555555555,2.1,348.0,2019-10-28 21:30:05,围网
15344,31.37775,127.0337222222222,2.1,358.0,2019-10-28 21:40:05,围网
15344,31.38397222222222,127.03316666666666,2.3,356.0,2019-10-28 21:50:05,围网
15344,31.390138888888888,127.03261111111112,2.1,353.0,2019-10-28 22:00:04,围网
15344,31.39638888888889,127.03216666666668,2.3,357.0,2019-10-28 22:10:04,围网
15344,31.40241666666667,127.03169444444444,2.1,0.0,2019-10-28 22:20:04,围网
15344,31.40813888888889,127.03122222222223,1.9,349.0,2019-10-28 22:30:04,围网
15344,31.41369444444444,127.03075,1.9,351.0,2019-10-28 22:40:04,围网
15344,31.41919444444445,127.03022222222219,1.8,358.0,2019-10-28 22:50:04,围网
15344,31.42447222222223,127.0299722222222,1.7,18.0,2019-10-28 23:00:04,围网
15344,31.421888888888887,127.03269444444445,2.0,165.0,2019-10-28 23:10:04,围网
15344,31.420361111111113,127.03475,1.1,78.0,2019-10-28 23:20:04,围网
15344,31.42191666666667,127.037,0.9,61.0,2019-10-28 23:30:04,围网
15344,31.414972222222207,127.03055555555555,4.8,265.0,2019-10-28 23:40:04,围网
15344,31.409722222222207,127.03286111111113,7.6,177.0,2019-10-28 23:50:04,围网
15344,31.39941666666667,127.03469444444444,1.9,177.0,2019-10-29 00:00:32,围网
15344,31.39388888888889,127.03572222222222,2.1,175.0,2019-10-29 00:10:04,围网
15344,31.38808333333333,127.0367222222222,2.2,165.0,2019-10-29 00:20:04,围网
15344,31.38208333333333,127.03780555555555,2.2,175.0,2019-10-29 00:30:04,围网
15344,31.37597222222222,127.03897222222223,2.3,171.0,2019-10-29 00:40:04,围网
15344,31.36966666666667,127.04019444444445,2.4,173.0,2019-10-29 00:50:04,围网
15344,31.36330555555556,127.04144444444445,2.4,170.0,2019-10-29 01:00:03,围网
15344,31.356972222222232,127.04219444444445,2.4,169.0,2019-10-29 01:10:04,围网
15344,31.35058333333333,127.04291666666666,2.5,171.0,2019-10-29 01:20:03,围网
15344,31.34419444444445,127.04369444444444,2.3,172.0,2019-10-29 01:30:03,围网
15344,31.337777777777767,127.04477777777778,2.4,170.0,2019-10-29 01:40:03,围网
15344,31.331277777777768,127.04588888888892,2.3,171.0,2019-10-29 01:50:03,围网
15344,31.32477777777777,127.04691666666666,2.4,167.0,2019-10-29 02:00:03,围网
15344,31.318222222222207,127.0480277777778,2.5,164.0,2019-10-29 02:10:03,围网
15344,31.31166666666667,127.04911111111107,2.5,162.0,2019-10-29 02:20:03,围网
15344,31.305,127.05013888888887,2.4,171.0,2019-10-29 02:30:03,围网
15344,31.298305555555558,127.05119444444445,2.2,171.0,2019-10-29 02:40:03,围网
15344,31.29166666666667,127.05233333333332,2.6,163.0,2019-10-29 02:50:03,围网
15344,31.285,127.0534722222222,3.6,163.0,2019-10-29 03:00:04,围网
15344,31.27855555555556,127.05441666666664,2.7,201.0,2019-10-29 03:10:06,围网
15344,31.27172222222222,127.05544444444445,2.2,172.0,2019-10-29 03:20:33,围网
15344,31.265611111111113,127.05641666666666,2.2,173.0,2019-10-29 03:30:02,围网
15344,31.25927777777777,127.0575,2.2,169.0,2019-10-29 03:40:02,围网
15344,31.25311111111111,127.05836111111113,2.2,169.0,2019-10-29 03:50:02,围网
15344,31.246972222222233,127.05852777777778,2.1,182.0,2019-10-29 04:00:02,围网
15344,31.240972222222233,127.05858333333332,2.1,181.0,2019-10-29 04:10:02,围网
15344,31.235027777777766,127.05858333333332,2.1,183.0,2019-10-29 04:20:02,围网
15344,31.229194444444442,127.05858333333332,2.0,181.0,2019-10-29 04:30:02,围网
15344,31.22355555555556,127.05861111111106,1.9,187.0,2019-10-29 04:40:02,围网
15344,31.217972222222233,127.05872222222222,2.0,180.0,2019-10-29 04:50:02,围网
15344,31.212527777777765,127.05888888888887,1.8,176.0,2019-10-29 05:00:02,围网
15344,31.201999999999998,127.05894444444445,1.9,182.0,2019-10-29 05:20:02,围网
15344,31.19694444444445,127.05902777777777,1.8,177.0,2019-10-29 05:30:02,围网
15344,31.192638888888887,127.05830555555555,1.4,339.0,2019-10-29 05:40:02,围网
15344,31.19825,127.05613888888887,2.2,12.0,2019-10-29 05:50:02,围网
15344,31.19991666666667,127.05433333333332,0.7,294.0,2019-10-29 06:00:44,围网
15344,31.20044444444445,127.05211111111113,0.9,298.0,2019-10-29 06:10:02,围网
15344,31.20208333333333,127.04791666666668,3.8,357.0,2019-10-29 06:20:02,围网
15344,31.215138888888887,127.04833333333332,2.1,359.0,2019-10-29 06:30:02,围网
15344,31.22119444444445,127.04866666666668,2.1,7.0,2019-10-29 06:40:02,围网
15344,31.227138888888888,127.04894444444444,2.0,4.0,2019-10-29 06:50:02,围网
15344,31.23325,127.04930555555555,2.2,4.0,2019-10-29 07:00:02,围网
15344,31.23944444444445,127.04955555555556,2.2,1.0,2019-10-29 07:10:02,围网
15344,31.24572222222222,127.04966666666668,2.2,3.0,2019-10-29 07:20:02,围网
15344,31.252,127.04966666666668,2.2,2.0,2019-10-29 07:30:02,围网
15344,31.25833333333333,127.0497777777778,2.3,1.0,2019-10-29 07:40:02,围网
15344,31.264861111111113,127.0497777777778,2.2,3.0,2019-10-29 07:50:02,围网
15344,31.271472222222233,127.04980555555555,2.2,8.0,2019-10-29 08:00:02,围网
15344,31.27822222222222,127.0499722222222,2.5,1.0,2019-10-29 08:10:02,围网
15344,31.285055555555555,127.05008333333332,2.5,3.0,2019-10-29 08:20:02,围网
15344,31.29194444444445,127.05013888888887,2.5,2.0,2019-10-29 08:30:01,围网
15344,31.298777777777786,127.05027777777778,2.5,12.0,2019-10-29 08:40:01,围网
15344,31.305694444444452,127.05036111111113,2.4,6.0,2019-10-29 08:50:01,围网
15344,31.31288888888889,127.0505,2.6,2.0,2019-10-29 09:00:01,围网
15344,31.31991666666667,127.05072222222222,2.5,3.0,2019-10-29 09:10:01,围网
15344,31.326694444444453,127.05077777777777,2.2,5.0,2019-10-29 09:20:01,围网
15344,31.3335,127.0510277777778,2.1,2.0,2019-10-29 09:30:01,围网
15344,31.34011111111111,127.0510277777778,2.1,4.0,2019-10-29 09:40:01,围网
15344,31.34669444444444,127.05111111111113,1.8,4.0,2019-10-29 09:50:04,围网
15344,31.353805555555557,127.05130555555556,2.3,356.0,2019-10-29 10:00:31,围网
15344,31.360166666666668,127.05141666666664,2.2,354.0,2019-10-29 10:10:01,围网
15344,31.36669444444445,127.05138888888888,2.3,3.0,2019-10-29 10:20:01,围网
15344,31.37313888888889,127.05144444444444,2.2,358.0,2019-10-29 10:30:01,围网
15344,31.379444444444445,127.05158333333333,2.3,2.0,2019-10-29 10:40:01,围网
15344,31.385777777777786,127.05166666666666,2.2,2.0,2019-10-29 10:50:01,围网
15344,31.39194444444445,127.05133333333332,2.2,345.0,2019-10-29 11:00:01,围网
15344,31.39777777777777,127.04963888888894,2.1,352.0,2019-10-29 11:10:01,围网
15344,31.403444444444442,127.0485,2.0,353.0,2019-10-29 11:20:01,围网
15344,31.40411111111111,127.04938888888887,1.6,173.0,2019-10-29 11:30:01,围网
15344,31.401111111111113,127.05105555555555,2.2,353.0,2019-10-29 11:40:01,围网
15344,31.40325,127.05383333333332,0.8,64.0,2019-10-29 11:50:01,围网
15344,31.40397222222222,127.0467777777778,7.6,276.0,2019-10-29 12:00:01,围网
15344,31.41083333333333,127.03305555555555,3.0,39.0,2019-10-29 12:10:01,围网
15344,31.399611111111113,127.03530555555555,2.0,167.0,2019-10-29 12:20:01,围网
15344,31.39408333333333,127.03669444444445,2.0,170.0,2019-10-29 12:30:01,围网
15344,31.38847222222222,127.03811111111112,2.0,170.0,2019-10-29 12:40:01,围网
15344,31.38269444444445,127.0395,2.2,170.0,2019-10-29 12:50:01,围网
15344,31.37683333333333,127.04088888888887,2.1,167.0,2019-10-29 13:00:01,围网
15344,31.37102777777778,127.04205555555555,2.1,166.0,2019-10-29 13:10:01,围网
15344,31.365250000000003,127.04338888888893,2.3,168.0,2019-10-29 13:20:00,围网
15344,31.359361111111113,127.04469444444445,2.3,166.0,2019-10-29 13:30:00,围网
15344,31.353388888888887,127.04597222222222,2.2,172.0,2019-10-29 13:40:00,围网
15344,31.347527777777767,127.04633333333332,2.1,179.0,2019-10-29 13:50:00,围网
15344,31.341305555555557,127.04630555555555,2.1,176.0,2019-10-29 14:00:31,围网
15344,31.335666666666665,127.04627777777776,1.8,187.0,2019-10-29 14:10:00,围网
15344,31.329611111111113,127.04619444444445,1.8,185.0,2019-10-29 14:20:00,围网
15344,31.32333333333333,127.04616666666666,1.9,184.0,2019-10-29 14:30:00,围网
15344,31.317027777777767,127.04616666666666,2.1,183.0,2019-10-29 14:40:00,围网
15344,31.310861111111112,127.046,2.1,182.0,2019-10-29 14:50:00,围网
15344,31.30469444444445,127.04608333333331,2.0,182.0,2019-10-29 15:00:00,围网
15344,31.2985,127.04605555555555,2.0,181.0,2019-10-29 15:10:00,围网
15344,31.292305555555558,127.04611111111107,2.0,182.0,2019-10-29 15:20:00,围网
15344,31.286222222222207,127.04616666666666,2.3,183.0,2019-10-29 15:30:00,围网
15344,31.280277777777766,127.04619444444445,2.3,178.0,2019-10-29 15:40:00,围网
15344,31.274361111111112,127.04630555555555,2.1,181.0,2019-10-29 15:50:00,围网
15344,31.26847222222222,127.04641666666666,2.1,177.0,2019-10-29 16:00:00,围网
15344,31.262583333333332,127.0465,2.1,172.0,2019-10-29 16:10:00,围网
15344,31.256777777777767,127.04658333333332,1.6,165.0,2019-10-29 16:20:00,围网
15344,31.25108333333333,127.04663888888888,2.1,179.0,2019-10-29 16:30:00,围网
15344,31.245500000000003,127.04680555555555,2.0,176.0,2019-10-29 16:40:00,围网
15344,31.24008333333333,127.04691666666666,2.0,180.0,2019-10-29 16:50:00,围网
15344,31.229555555555553,127.04722222222222,2.0,190.0,2019-10-29 17:10:00,围网
15344,31.224416666666666,127.04733333333333,1.8,182.0,2019-10-29 17:20:00,围网
15344,31.21933333333333,127.04741666666666,1.6,175.0,2019-10-29 17:30:00,围网
15344,31.21794444444444,127.0467777777778,1.9,342.0,2019-10-29 17:40:00,围网
15344,31.223027777777766,127.04427777777778,0.6,153.0,2019-10-29 17:50:00,围网
15344,31.22194444444445,127.04413888888888,0.2,0.0,2019-10-29 17:59:59,围网
15344,31.22736111111111,127.05041666666666,7.6,39.0,2019-10-29 18:09:59,围网
15344,31.232055555555554,127.05272222222222,3.5,344.0,2019-10-29 18:19:59,围网
15344,31.245027777777786,127.04816666666666,2.2,358.0,2019-10-29 18:29:59,围网
15344,31.251361111111112,127.04713888888894,2.4,354.0,2019-10-29 18:39:59,围网
15344,31.25769444444445,127.04605555555555,2.2,350.0,2019-10-29 18:49:59,围网
15344,31.270611111111112,127.04352777777778,2.2,348.0,2019-10-29 19:09:59,围网
15344,31.27711111111111,127.04238888888894,2.3,349.0,2019-10-29 19:19:59,围网
15344,31.28386111111111,127.04091666666666,2.8,353.0,2019-10-29 19:29:59,围网
15344,31.29047222222223,127.03925,2.5,339.0,2019-10-29 19:39:59,围网
15344,31.297027777777767,127.03719444444445,1.8,352.0,2019-10-29 19:49:59,围网
15344,31.30383333333333,127.03516666666668,2.4,344.0,2019-10-29 20:00:14,围网
15344,31.31033333333333,127.03325,2.6,342.0,2019-10-29 20:09:59,围网
15344,31.317027777777767,127.03122222222223,2.3,349.0,2019-10-29 20:19:59,围网
15344,31.32372222222222,127.02936111111113,2.4,344.0,2019-10-29 20:29:59,围网
15344,31.33033333333333,127.02730555555556,2.7,340.0,2019-10-29 20:39:59,围网
15344,31.33691666666667,127.02522222222223,1.9,352.0,2019-10-29 20:49:59,围网
15344,31.349777777777767,127.02136111111106,2.4,339.0,2019-10-29 21:09:59,围网
15344,31.35613888888889,127.01938888888887,2.1,340.0,2019-10-29 21:19:59,围网
15344,31.362472222222234,127.01755555555556,2.5,339.0,2019-10-29 21:29:59,围网
15344,31.36875,127.01591666666668,2.2,356.0,2019-10-29 21:39:59,围网
15344,31.37475,127.01402777777777,2.0,347.0,2019-10-29 21:49:59,围网
15344,31.38075000000001,127.0125277777778,2.8,3.0,2019-10-29 21:59:59,围网
15344,31.38675,127.0114722222222,2.0,357.0,2019-10-29 22:10:01,围网
15344,31.39283333333333,127.01025,1.6,349.0,2019-10-29 22:19:59,围网
15344,31.398722222222233,127.00919444444445,2.3,353.0,2019-10-29 22:29:59,围网
15344,31.404527777777766,127.00791666666666,1.7,357.0,2019-10-29 22:39:59,围网
15344,31.41011111111111,127.00694444444444,2.0,351.0,2019-10-29 22:49:59,围网
15344,31.415722222222207,127.00572222222223,2.0,347.0,2019-10-29 23:00:15,围网
15344,31.42102777777778,127.00475,2.1,351.0,2019-10-29 23:09:58,围网
15344,31.42625,127.00425,1.7,355.0,2019-10-29 23:19:58,围网
15344,31.4315,127.00386111111106,2.0,353.0,2019-10-29 23:29:58,围网
15344,31.43544444444445,127.00602777777777,1.0,54.0,2019-10-29 23:39:58,围网
15344,31.432305555555555,127.00630555555556,1.5,184.0,2019-10-29 23:49:58,围网
15344,31.433611111111112,127.0107777777778,0.6,113.0,2019-10-29 23:59:58,围网
15344,31.433138888888887,127.0137777777778,2.4,223.0,2019-10-30 00:09:58,围网
15344,31.448555555555558,127.00013888888887,7.5,326.0,2019-10-30 00:19:58,围网
15344,31.46622222222221,126.98830555555556,7.2,330.0,2019-10-30 00:29:58,围网
15344,31.48375,126.97608333333334,7.1,327.0,2019-10-30 00:39:58,围网
15344,31.500666666666664,126.96372222222223,6.8,323.0,2019-10-30 00:49:58,围网
15344,31.51758333333333,126.9512777777778,7.0,327.0,2019-10-30 00:59:58,围网
15344,31.53394444444445,126.94305555555556,3.5,343.0,2019-10-30 01:09:58,围网
15344,31.523666666666664,126.94422222222224,2.0,183.0,2019-10-30 01:19:58,围网
15344,31.51819444444445,126.94466666666666,2.4,164.0,2019-10-30 01:29:58,围网
15344,31.512638888888887,126.94508333333334,2.0,174.0,2019-10-30 01:39:58,围网
15344,31.50658333333333,126.94555555555556,2.4,168.0,2019-10-30 01:50:15,围网
15344,31.500777777777767,126.94613888888887,2.0,186.0,2019-10-30 01:59:58,围网
15344,31.494694444444452,126.94680555555556,2.2,177.0,2019-10-30 02:09:58,围网
15344,31.48852777777779,126.94741666666668,3.0,160.0,2019-10-30 02:19:58,围网
15344,31.48233333333333,126.94813888888888,2.3,173.0,2019-10-30 02:29:58,围网
15344,31.476,126.9487777777778,2.1,180.0,2019-10-30 02:39:58,围网
15344,31.469638888888888,126.94947222222223,2.7,167.0,2019-10-30 02:49:58,围网
15344,31.46327777777779,126.95016666666668,2.5,173.0,2019-10-30 02:59:58,围网
15344,31.456888888888887,126.95080555555555,2.7,168.0,2019-10-30 03:09:58,围网
15344,31.45044444444445,126.95133333333334,2.5,175.0,2019-10-30 03:19:58,围网
15344,31.444027777777766,126.95183333333334,2.3,174.0,2019-10-30 03:29:58,围网
15344,31.437638888888888,126.95241666666666,3.2,171.0,2019-10-30 03:39:57,围网
15344,31.431305555555557,126.95277777777778,2.2,182.0,2019-10-30 03:49:57,围网
15344,31.424722222222233,126.953,2.3,195.0,2019-10-30 04:00:14,围网
15344,31.41861111111111,126.9530277777778,2.4,190.0,2019-10-30 04:09:57,围网
15344,31.412388888888888,126.95283333333334,2.2,183.0,2019-10-30 04:19:57,围网
15344,31.40613888888889,126.95219444444444,2.0,199.0,2019-10-30 04:29:57,围网
15344,31.400055555555554,126.95116666666668,2.3,200.0,2019-10-30 04:39:57,围网
15344,31.394111111111112,126.95005555555555,2.2,194.0,2019-10-30 04:49:57,围网
15344,31.388305555555558,126.9485,2.4,191.0,2019-10-30 04:59:57,围网
15344,31.38269444444445,126.94700000000002,2.0,183.0,2019-10-30 05:09:57,围网
15344,31.37716666666667,126.94494444444445,1.8,193.0,2019-10-30 05:19:57,围网
15344,31.37188888888889,126.94275,2.0,193.0,2019-10-30 05:29:57,围网
15344,31.366805555555555,126.94027777777778,2.2,203.0,2019-10-30 05:39:57,围网
15344,31.36180555555556,126.93797222222223,1.6,179.0,2019-10-30 05:49:57,围网
15344,31.36408333333333,126.93700000000001,2.0,341.0,2019-10-30 05:59:57,围网
15344,31.366083333333336,126.93597222222222,1.2,45.0,2019-10-30 06:09:57,围网
15344,31.36486111111111,126.93455555555555,4.3,238.0,2019-10-30 06:19:56,围网
15344,31.37736111111111,126.92091666666668,0.7,162.0,2019-10-30 06:29:57,围网
15344,31.38502777777777,126.91605555555556,4.0,339.0,2019-10-30 06:39:57,围网
15344,31.391027777777786,126.91433333333336,1.8,337.0,2019-10-30 06:49:57,围网
15344,31.396611111111113,126.91280555555555,2.0,346.0,2019-10-30 06:59:57,围网
15344,31.40241666666667,126.91166666666668,2.2,348.0,2019-10-30 07:09:57,围网
15344,31.40825,126.91066666666669,2.1,358.0,2019-10-30 07:19:57,围网
15344,31.41416666666667,126.90961111111113,2.0,0.0,2019-10-30 07:29:57,围网
15344,31.42011111111111,126.90850000000002,2.6,339.0,2019-10-30 07:40:00,围网
15344,31.42613888888889,126.90744444444445,2.4,23.0,2019-10-30 07:49:57,围网
15344,31.43241666666667,126.90622222222223,2.5,345.0,2019-10-30 08:00:14,围网
15344,31.43827777777778,126.90511111111113,2.1,354.0,2019-10-30 08:09:57,围网
15344,31.444388888888888,126.90388888888893,2.2,358.0,2019-10-30 08:19:57,围网
15344,31.45075,126.90258333333334,2.0,356.0,2019-10-30 08:29:57,围网
15344,31.45711111111111,126.90130555555555,2.5,349.0,2019-10-30 08:39:56,围网
15344,31.4635,126.90011111111113,2.3,4.0,2019-10-30 08:49:56,围网
15344,31.46986111111111,126.89891666666666,2.2,4.0,2019-10-30 08:59:56,围网
15344,31.476277777777767,126.8977777777778,2.6,343.0,2019-10-30 09:09:56,围网
15344,31.482722222222232,126.8965277777778,2.4,356.0,2019-10-30 09:19:56,围网
15344,31.48933333333333,126.89525,2.7,342.0,2019-10-30 09:29:56,围网
15344,31.495916666666666,126.89366666666668,2.5,351.0,2019-10-30 09:39:56,围网
15344,31.50255555555556,126.89211111111112,2.3,351.0,2019-10-30 09:49:56,围网
15344,31.50922222222221,126.89061111111113,2.3,353.0,2019-10-30 09:59:56,围网
15344,31.51583333333333,126.88919444444444,2.7,353.0,2019-10-30 10:09:56,围网
15344,31.522472222222234,126.88780555555556,2.8,10.0,2019-10-30 10:19:56,围网
15344,31.52925,126.88616666666668,2.7,344.0,2019-10-30 10:30:15,围网
15344,31.53558333333333,126.88475,2.2,356.0,2019-10-30 10:39:56,围网
15344,31.54208333333333,126.88322222222222,2.3,342.0,2019-10-30 10:49:56,围网
15344,31.5485,126.88175,2.3,356.0,2019-10-30 10:59:56,围网
15344,31.554805555555557,126.8802777777778,2.4,353.0,2019-10-30 11:09:56,围网
15344,31.560972222222233,126.87888888888888,2.4,358.0,2019-10-30 11:19:56,围网
15344,31.56716666666667,126.8784722222222,2.0,344.0,2019-10-30 11:29:56,围网
15344,31.57322222222221,126.87802777777777,2.1,2.0,2019-10-30 11:39:56,围网
15344,31.579166666666666,126.87769444444444,2.2,352.0,2019-10-30 11:49:56,围网
15344,31.58227777777777,126.87899999999999,1.8,179.0,2019-10-30 11:59:56,围网
15344,31.57825,126.87858333333332,2.7,298.0,2019-10-30 12:09:56,围网
15344,31.57875,126.88019444444444,1.6,135.0,2019-10-30 12:19:56,围网
15344,31.57761111111111,126.88183333333332,1.0,138.0,2019-10-30 12:29:56,围网
15344,31.57494444444445,126.88419444444445,6.7,160.0,2019-10-30 12:39:56,围网
15344,31.564083333333336,126.88636111111113,2.1,162.0,2019-10-30 12:49:56,围网
15344,31.558888888888887,126.88686111111113,2.2,154.0,2019-10-30 12:59:56,围网
15344,31.553583333333336,126.88786111111112,1.7,173.0,2019-10-30 13:09:56,围网
15344,31.54816666666667,126.88902777777778,2.4,149.0,2019-10-30 13:19:56,围网
15344,31.54269444444445,126.89027777777778,2.0,165.0,2019-10-30 13:29:55,围网
15344,31.53716666666667,126.89155555555556,2.3,159.0,2019-10-30 13:39:55,围网
15344,31.53119444444444,126.89283333333334,2.2,172.0,2019-10-30 13:50:15,围网
15344,31.5255,126.89411111111113,2.2,161.0,2019-10-30 13:59:55,围网
15344,31.5195,126.89525,2.2,174.0,2019-10-30 14:09:55,围网
15344,31.513361111111113,126.89641666666668,2.6,161.0,2019-10-30 14:19:55,围网
15344,31.50716666666667,126.89755555555556,2.2,168.0,2019-10-30 14:29:55,围网
15344,31.500888888888888,126.89875,2.2,161.0,2019-10-30 14:39:55,围网
15344,31.49466666666667,126.90008333333334,2.5,158.0,2019-10-30 14:49:55,围网
15344,31.48836111111111,126.90136111111113,2.2,168.0,2019-10-30 14:59:55,围网
15344,31.482027777777766,126.90275,2.2,169.0,2019-10-30 15:09:55,围网
15344,31.475805555555556,126.90419444444444,2.6,169.0,2019-10-30 15:19:55,围网
15344,31.469555555555548,126.90561111111113,2.0,176.0,2019-10-30 15:29:55,围网
15344,31.463305555555557,126.90705555555556,2.6,159.0,2019-10-30 15:39:55,围网
15344,31.456999999999997,126.90841666666668,2.4,157.0,2019-10-30 15:49:55,围网
15344,31.450555555555553,126.90955555555556,2.2,196.0,2019-10-30 16:00:14,围网
15344,31.4445,126.90880555555556,2.2,196.0,2019-10-30 16:09:55,围网
15344,31.438388888888888,126.90694444444445,2.6,182.0,2019-10-30 16:19:55,围网
15344,31.43269444444445,126.9042777777778,2.2,203.0,2019-10-30 16:29:55,围网
15344,31.42736111111111,126.90086111111113,2.1,216.0,2019-10-30 16:39:55,围网
15344,31.42233333333333,126.8967777777778,2.2,215.0,2019-10-30 16:49:55,围网
15344,31.417638888888888,126.89255555555556,2.0,227.0,2019-10-30 16:59:55,围网
15344,31.41308333333333,126.88819444444445,1.9,234.0,2019-10-30 17:09:55,围网
15344,31.408777777777768,126.88344444444445,2.2,235.0,2019-10-30 17:19:55,围网
15344,31.40458333333333,126.87861111111107,2.1,234.0,2019-10-30 17:29:55,围网
15344,31.4005,126.87369444444445,2.1,227.0,2019-10-30 17:39:54,围网
15344,31.401527777777765,126.87422222222222,1.9,28.0,2019-10-30 17:49:54,围网
15344,31.403444444444442,126.87555555555555,1.5,213.0,2019-10-30 17:59:54,围网
15344,31.40211111111111,126.87558333333332,0.5,215.0,2019-10-30 18:09:54,围网
15344,31.409388888888888,126.8535,8.4,293.0,2019-10-30 18:19:54,围网
15344,31.41791666666667,126.82805555555555,8.5,291.0,2019-10-30 18:29:54,围网
15344,31.426444444444453,126.80236111111107,8.5,290.0,2019-10-30 18:39:54,围网
15344,31.43486111111111,126.77616666666668,8.5,290.0,2019-10-30 18:49:54,围网
15344,31.443444444444445,126.74980555555555,8.8,292.0,2019-10-30 18:59:54,围网
15344,31.452361111111113,126.72355555555555,8.7,288.0,2019-10-30 19:09:54,围网
15344,31.469527777777767,126.67122222222223,8.0,288.0,2019-10-30 19:29:54,围网
15344,31.47813888888889,126.64525,8.3,288.0,2019-10-30 19:39:54,围网
15344,31.486722222222234,126.61913888888887,8.4,293.0,2019-10-30 19:49:57,围网
15344,31.49572222222222,126.59172222222223,8.6,290.0,2019-10-30 20:00:32,围网
15344,31.503722222222233,126.56758333333332,8.7,290.0,2019-10-30 20:09:54,围网
15344,31.51244444444445,126.54180555555556,8.6,288.0,2019-10-30 20:19:54,围网
15344,31.52097222222222,126.51580555555556,8.9,290.0,2019-10-30 20:29:54,围网
15344,31.52936111111111,126.49002777777777,8.8,289.0,2019-10-30 20:39:54,围网
15344,31.537805555555558,126.4639722222222,8.8,290.0,2019-10-30 20:49:54,围网
15344,31.54644444444445,126.43775,8.8,287.0,2019-10-30 20:59:54,围网
15344,31.555111111111113,126.41166666666668,8.8,288.0,2019-10-30 21:09:53,围网
15344,31.54872222222223,126.38769444444445,7.9,209.0,2019-10-30 21:19:53,围网
15344,31.539,126.36369444444445,8.3,247.0,2019-10-30 21:29:54,围网
15344,31.533166666666666,126.33736111111112,8.4,263.0,2019-10-30 21:39:53,围网
15344,31.531277777777767,126.31513888888887,5.2,317.0,2019-10-30 21:49:53,围网
15344,31.537527777777786,126.31930555555556,8.0,47.0,2019-10-30 21:59:53,围网
15344,31.54272222222223,126.32588888888893,2.1,56.0,2019-10-30 22:10:14,围网
15344,31.546611111111112,126.3310277777778,2.1,49.0,2019-10-30 22:19:53,围网
15344,31.550611111111113,126.3365,2.1,50.0,2019-10-30 22:29:53,围网
15344,31.55530555555556,126.34144444444445,2.1,47.0,2019-10-30 22:39:53,围网
15344,31.55825,126.34769444444444,2.5,68.0,2019-10-30 22:48:53,围网
15344,31.559444444444445,126.35458333333332,2.0,100.0,2019-10-30 22:58:52,围网
15344,31.55788888888889,126.36111111111107,2.1,116.0,2019-10-30 23:08:52,围网
15344,31.55408333333333,126.36577777777777,1.8,134.0,2019-10-30 23:18:52,围网
15344,31.55019444444445,126.36944444444444,1.7,141.0,2019-10-30 23:28:52,围网
15344,31.546388888888888,126.37308333333333,2.0,141.0,2019-10-30 23:38:52,围网
15344,31.54269444444445,126.3767777777778,1.9,141.0,2019-10-30 23:48:52,围网
15344,31.53880555555556,126.38052777777777,1.9,143.0,2019-10-30 23:58:52,围网
15344,31.534861111111113,126.38438888888888,2.5,140.0,2019-10-31 00:08:52,围网
15344,31.53088888888889,126.38838888888893,2.6,137.0,2019-10-31 00:18:52,围网
15344,31.526805555555555,126.39244444444445,2.2,142.0,2019-10-31 00:28:52,围网
15344,31.522472222222234,126.39666666666668,2.0,141.0,2019-10-31 00:38:52,围网
15344,31.51763888888889,126.39927777777778,2.0,180.0,2019-10-31 00:48:52,围网
15344,31.51233333333333,126.39936111111112,2.0,170.0,2019-10-31 00:58:52,围网
15344,31.507305555555554,126.39925,1.8,172.0,2019-10-31 01:08:52,围网
15344,31.502222222222233,126.39916666666667,2.4,148.0,2019-10-31 01:18:52,围网
15344,31.49688888888889,126.39916666666667,2.1,175.0,2019-10-31 01:29:14,围网
15344,31.491777777777767,126.39916666666667,1.9,183.0,2019-10-31 01:38:51,围网
15344,31.48633333333333,126.39919444444445,1.7,182.0,2019-10-31 01:48:52,围网
15344,31.480777777777767,126.39936111111112,1.7,188.0,2019-10-31 01:58:52,围网
15344,31.47511111111111,126.39941666666668,2.0,177.0,2019-10-31 02:08:52,围网
15344,31.46922222222221,126.39950000000002,2.3,179.0,2019-10-31 02:18:52,围网
15344,31.46333333333333,126.39958333333334,2.1,176.0,2019-10-31 02:28:52,围网
15344,31.457361111111112,126.3997222222222,2.1,176.0,2019-10-31 02:38:52,围网
15344,31.45133333333333,126.39975,2.1,189.0,2019-10-31 02:48:52,围网
15344,31.445305555555557,126.39961111111113,1.9,176.0,2019-10-31 02:58:52,围网
15344,31.43919444444445,126.39927777777778,2.0,183.0,2019-10-31 03:08:52,围网
15344,31.43302777777778,126.39908333333334,2.2,177.0,2019-10-31 03:18:52,围网
15344,31.42691666666667,126.39886111111113,2.5,167.0,2019-10-31 03:28:52,围网
15344,31.42083333333333,126.39869444444444,2.4,179.0,2019-10-31 03:38:52,围网
15344,31.41469444444445,126.39841666666668,2.2,180.0,2019-10-31 03:48:52,围网
15344,31.40822222222221,126.39808333333332,2.1,180.0,2019-10-31 03:59:13,围网
15344,31.40211111111111,126.39769444444444,2.3,180.0,2019-10-31 04:08:51,围网
15344,31.399472222222233,126.39888888888888,1.2,17.0,2019-10-31 04:18:51,围网
15344,31.40186111111111,126.39994444444444,2.7,167.0,2019-10-31 04:28:51,围网
15344,31.39838888888889,126.40163888888887,1.6,165.0,2019-10-31 04:38:51,围网
15344,31.4055,126.39044444444444,6.3,342.0,2019-10-31 04:48:51,围网
15344,31.412277777777767,126.38908333333336,4.8,167.0,2019-10-31 04:58:51,围网
15344,31.415722222222207,126.37880555555556,1.9,281.0,2019-10-31 05:08:51,围网
15344,31.41666666666667,126.37294444444444,1.6,285.0,2019-10-31 05:18:51,围网
15344,31.417972222222232,126.3672222222222,1.5,297.0,2019-10-31 05:28:51,围网
15344,31.41916666666667,126.36144444444444,2.0,281.0,2019-10-31 05:38:51,围网
15344,31.420305555555558,126.35541666666666,1.9,280.0,2019-10-31 05:48:51,围网
15344,31.42141666666667,126.34933333333332,1.8,282.0,2019-10-31 05:58:51,围网
15344,31.422694444444453,126.34291666666664,2.1,281.0,2019-10-31 06:08:51,围网
15344,31.424027777777766,126.3365,1.9,288.0,2019-10-31 06:18:51,围网
15344,31.425611111111113,126.33025,2.1,283.0,2019-10-31 06:28:51,围网
15344,31.42733333333333,126.32388888888887,1.8,305.0,2019-10-31 06:38:51,围网
15344,31.4315,126.31944444444444,2.4,322.0,2019-10-31 06:48:51,围网
15344,31.436416666666666,126.31636111111106,1.5,0.0,2019-10-31 06:58:53,围网
15344,31.44136111111111,126.31355555555555,1.7,0.0,2019-10-31 07:08:51,围网
15344,31.446305555555558,126.31116666666668,1.5,0.0,2019-10-31 07:18:51,围网
15344,31.45127777777777,126.30858333333332,1.8,339.0,2019-10-31 07:28:51,围网
15344,31.45644444444445,126.30588888888887,1.7,0.0,2019-10-31 07:38:57,围网
15344,31.46183333333333,126.303,2.0,336.0,2019-10-31 07:49:14,围网
15344,31.467055555555554,126.30036111111113,2.0,337.0,2019-10-31 07:58:51,围网
15344,31.472527777777767,126.29758333333334,2.4,333.0,2019-10-31 08:08:51,围网
15344,31.47813888888889,126.29463888888887,2.1,335.0,2019-10-31 08:18:51,围网
15344,31.483833333333337,126.29172222222223,2.3,338.0,2019-10-31 08:28:51,围网
15344,31.489722222222234,126.28863888888887,2.4,334.0,2019-10-31 08:38:51,围网
15344,31.49572222222222,126.28647222222223,2.2,349.0,2019-10-31 08:48:50,围网
15344,31.501666666666665,126.28525,2.2,350.0,2019-10-31 08:58:50,围网
15344,31.507666666666665,126.28408333333331,2.1,349.0,2019-10-31 09:08:50,围网
15344,31.51377777777777,126.28280555555556,2.1,352.0,2019-10-31 09:18:50,围网
15344,31.52608333333333,126.27994444444445,2.3,344.0,2019-10-31 09:38:50,围网
15344,31.53233333333333,126.27855555555556,2.3,349.0,2019-10-31 09:48:50,围网
15344,31.53933333333333,126.27694444444445,2.3,349.0,2019-10-31 09:59:43,围网
15344,31.545361111111113,126.27563888888888,2.4,348.0,2019-10-31 10:08:50,围网
15344,31.552027777777766,126.27416666666666,2.5,351.0,2019-10-31 10:18:50,围网
15344,31.558694444444445,126.27275,2.4,358.0,2019-10-31 10:28:50,围网
15344,31.565222222222232,126.27366666666668,2.4,14.0,2019-10-31 10:38:50,围网
15344,31.571583333333336,126.27522222222223,2.4,5.0,2019-10-31 10:48:50,围网
15344,31.577805555555557,126.27702777777776,2.2,18.0,2019-10-31 10:58:50,围网
15344,31.58388888888889,126.27930555555555,1.3,10.0,2019-10-31 11:08:50,围网
15344,31.584111111111113,126.27652777777777,1.7,244.0,2019-10-31 11:18:50,围网
15344,31.58394444444444,126.27600000000001,0.2,0.0,2019-10-31 11:28:50,围网
15344,31.58444444444445,126.27602777777778,0.6,65.0,2019-10-31 11:38:50,围网
15344,31.601777777777766,126.27952777777777,8.7,320.0,2019-10-31 11:48:50,围网
15344,31.604388888888888,126.27547222222222,5.3,140.0,2019-10-31 11:58:50,围网
15344,31.59633333333333,126.28111111111113,1.6,146.0,2019-10-31 12:08:50,围网
15344,31.59322222222222,126.28511111111106,1.6,141.0,2019-10-31 12:18:50,围网
15344,31.58983333333333,126.2890277777778,1.8,132.0,2019-10-31 12:28:50,围网
15344,31.58613888888889,126.29266666666668,1.7,155.0,2019-10-31 12:38:50,围网
15344,31.582,126.29555555555555,1.7,149.0,2019-10-31 12:48:50,围网
15344,31.577666666666666,126.29838888888894,1.6,157.0,2019-10-31 12:58:50,围网
15344,31.57319444444445,126.30055555555555,1.9,165.0,2019-10-31 13:08:50,围网
15344,31.568388888888887,126.3029722222222,1.7,157.0,2019-10-31 13:18:50,围网
15344,31.56375,126.30541666666666,1.9,164.0,2019-10-31 13:28:50,围网
15344,31.55891666666667,126.30783333333332,2.1,149.0,2019-10-31 13:38:49,围网
15344,31.55397222222221,126.311,2.1,146.0,2019-10-31 13:49:14,围网
15344,31.549194444444453,126.31386111111112,1.8,160.0,2019-10-31 13:58:49,围网
15344,31.543944444444445,126.31663888888887,2.1,156.0,2019-10-31 14:08:49,围网
15344,31.53838888888889,126.31941666666664,3.9,168.0,2019-10-31 14:18:49,围网
15344,31.532777777777767,126.32233333333332,2.2,155.0,2019-10-31 14:28:49,围网
15344,31.527055555555553,126.32533333333332,2.4,151.0,2019-10-31 14:38:49,围网
15344,31.52119444444445,126.3275,2.3,165.0,2019-10-31 14:48:49,围网
15344,31.515277777777786,126.32866666666666,2.3,167.0,2019-10-31 14:58:49,围网
15344,31.509305555555553,126.3297777777778,2.3,168.0,2019-10-31 15:08:49,围网
15344,31.50344444444445,126.33088888888894,2.3,169.0,2019-10-31 15:18:49,围网
15344,31.49741666666667,126.33208333333332,2.4,168.0,2019-10-31 15:28:49,围网
15344,31.41863888888889,126.33308333333332,2.1,180.0,2019-10-31 17:38:49,围网
15344,31.412555555555553,126.33322222222222,2.1,176.0,2019-10-31 17:48:49,围网
15344,31.40644444444445,126.33333333333331,2.1,178.0,2019-10-31 17:58:49,围网
15344,31.400277777777767,126.33333333333331,2.2,181.0,2019-10-31 18:08:49,围网
15344,31.401277777777768,126.33344444444445,1.8,348.0,2019-10-31 18:18:49,围网
15344,31.401527777777765,126.33427777777777,0.8,70.0,2019-10-31 18:28:48,围网
15344,31.399638888888887,126.33397222222222,0.9,178.0,2019-10-31 18:38:48,围网
15344,31.389388888888888,126.33200000000001,5.3,186.0,2019-10-31 18:48:48,围网
15344,31.398166666666665,126.32661111111106,1.4,338.0,2019-10-31 18:58:48,围网
15344,31.402472222222233,126.32530555555556,1.7,349.0,2019-10-31 19:08:48,围网
15344,31.40691666666667,126.32358333333332,1.6,353.0,2019-10-31 19:18:48,围网
15344,31.41177777777777,126.32216666666666,1.8,348.0,2019-10-31 19:28:48,围网
15344,31.417,126.32058333333332,2.1,344.0,2019-10-31 19:38:48,围网
15344,31.4225,126.31886111111106,2.0,0.0,2019-10-31 19:48:52,围网
15344,31.42844444444445,126.31741666666666,2.1,349.0,2019-10-31 19:59:13,围网
15344,31.43411111111111,126.3159722222222,2.2,345.0,2019-10-31 20:08:48,围网
15344,31.44025,126.31441666666666,2.2,350.0,2019-10-31 20:18:48,围网
15344,31.446388888888887,126.31277777777777,2.3,344.0,2019-10-31 20:28:48,围网
15344,31.452527777777767,126.31125,2.2,352.0,2019-10-31 20:38:48,围网
15344,31.45869444444445,126.30944444444445,2.4,346.0,2019-10-31 20:48:48,围网
15344,31.46491666666667,126.30741666666668,2.4,340.0,2019-10-31 20:58:48,围网
15344,31.471166666666665,126.30555555555556,2.4,348.0,2019-10-31 21:08:48,围网
15344,31.477472222222207,126.30375,2.4,347.0,2019-10-31 21:18:48,围网
15344,31.483694444444453,126.30183333333332,2.3,348.0,2019-10-31 21:28:48,围网
15344,31.48980555555556,126.2995,2.4,325.0,2019-10-31 21:38:48,围网
15344,31.49561111111111,126.2955,2.4,342.0,2019-10-31 21:48:48,围网
15344,31.502472222222234,126.29463888888887,2.2,356.0,2019-10-31 21:59:04,围网
15344,31.50858333333333,126.29380555555555,2.5,350.0,2019-10-31 22:08:48,围网
15344,31.515138888888888,126.29280555555556,2.3,349.0,2019-10-31 22:18:48,围网
15344,31.521527777777766,126.29186111111113,2.2,358.0,2019-10-31 22:28:49,围网
15344,31.52786111111111,126.29086111111107,1.8,49.0,2019-10-31 22:38:48,围网
15344,31.53466666666667,126.29038888888887,2.5,3.0,2019-10-31 22:49:14,围网
15344,31.547694444444453,126.29002777777777,2.4,357.0,2019-10-31 23:08:48,围网
15344,31.554361111111113,126.29002777777777,2.5,4.0,2019-10-31 23:18:47,围网
15344,31.560944444444445,126.2902222222222,2.3,0.0,2019-10-31 23:28:47,围网
15344,31.5675,126.29044444444445,2.3,0.0,2019-10-31 23:38:47,围网
15344,31.57383333333333,126.29063888888888,2.3,359.0,2019-10-31 23:48:47,围网
15344,31.580111111111112,126.29172222222223,2.1,6.0,2019-10-31 23:58:47,围网
15344,31.586388888888887,126.2927222222222,2.1,4.0,2019-11-01 00:08:47,围网
15344,31.59258333333333,126.29452777777777,2.2,16.0,2019-11-01 00:18:47,围网
15344,31.59483333333333,126.2969722222222,0.8,239.0,2019-11-01 00:28:47,围网
15344,31.593027777777767,126.29561111111113,2.2,41.0,2019-11-01 00:38:47,围网
15344,31.592472222222234,126.29933333333334,0.6,113.0,2019-11-01 00:48:47,围网
15344,31.59569444444444,126.2937222222222,7.2,307.0,2019-11-01 00:58:47,围网
15344,31.591916666666666,126.29125,8.0,181.0,2019-11-01 01:08:47,围网
15344,31.58586111111111,126.29191666666668,1.8,177.0,2019-11-01 01:18:47,围网
15344,31.581055555555558,126.29241666666668,1.9,172.0,2019-11-01 01:28:47,围网
15344,31.57619444444445,126.29291666666666,1.7,171.0,2019-11-01 01:38:47,围网
15344,31.571277777777766,126.29347222222222,1.9,175.0,2019-11-01 01:48:47,围网
15344,31.56594444444445,126.29394444444445,1.9,172.0,2019-11-01 01:59:13,围网
15344,31.56077777777778,126.29480555555556,1.9,174.0,2019-11-01 02:08:47,围网
15344,31.55536111111111,126.29566666666666,1.9,171.0,2019-11-01 02:18:47,围网
15344,31.549722222222233,126.29658333333332,1.9,170.0,2019-11-01 02:28:47,围网
15344,31.54391666666667,126.2975,2.0,173.0,2019-11-01 02:38:47,围网
15344,31.538000000000004,126.2985277777778,2.0,173.0,2019-11-01 02:48:47,围网
15344,31.531944444444445,126.29952777777778,2.1,177.0,2019-11-01 02:58:47,围网
15344,31.52583333333333,126.30044444444445,2.2,170.0,2019-11-01 03:08:47,围网
15344,31.51969444444445,126.30144444444444,2.5,170.0,2019-11-01 03:18:47,围网
15344,31.513388888888887,126.30238888888887,2.3,172.0,2019-11-01 03:28:47,围网
15344,31.50697222222221,126.30352777777777,2.3,172.0,2019-11-01 03:38:47,围网
15344,31.50033333333333,126.30461111111113,2.3,177.0,2019-11-01 03:48:47,围网
15344,31.493666666666666,126.30566666666668,2.6,171.0,2019-11-01 03:58:47,围网
15344,31.48686111111111,126.30683333333332,2.5,178.0,2019-11-01 04:08:46,围网
15344,31.48005555555555,126.30788888888887,2.5,169.0,2019-11-01 04:18:46,围网
15344,31.473388888888888,126.30888888888887,2.4,171.0,2019-11-01 04:28:46,围网
15344,31.4665,126.30988888888888,2.5,170.0,2019-11-01 04:38:46,围网
15344,31.45963888888889,126.31091666666669,2.4,173.0,2019-11-01 04:48:46,围网
15344,31.45272222222223,126.31191666666666,2.6,170.0,2019-11-01 04:58:46,围网
15344,31.44569444444444,126.3129722222222,2.8,162.0,2019-11-01 05:08:46,围网
15344,31.438666666666666,126.314,2.8,169.0,2019-11-01 05:18:46,围网
15344,31.431694444444453,126.31508333333332,2.6,162.0,2019-11-01 05:28:46,围网
15344,31.424777777777766,126.3160277777778,2.7,156.0,2019-11-01 05:38:46,围网
15344,31.41794444444445,126.3172222222222,2.5,168.0,2019-11-01 05:48:46,围网
15344,31.41083333333333,126.31822222222222,2.3,173.0,2019-11-01 05:59:13,围网
15344,31.40433333333333,126.31872222222222,2.4,180.0,2019-11-01 06:08:46,围网
15344,31.397472222222234,126.31902777777776,2.4,175.0,2019-11-01 06:18:46,围网
15344,31.390611111111113,126.31933333333332,2.4,177.0,2019-11-01 06:28:46,围网
15344,31.383527777777786,126.31972222222224,2.5,173.0,2019-11-01 06:38:46,围网
15344,31.37697222222221,126.32,2.2,184.0,2019-11-01 06:48:46,围网
15344,31.37619444444445,126.31941666666664,1.1,346.0,2019-11-01 06:58:46,围网
15344,31.376777777777786,126.31794444444445,2.4,199.0,2019-11-01 07:08:46,围网
15344,31.37313888888889,126.31636111111106,1.9,204.0,2019-11-01 07:18:46,围网
15344,31.382055555555556,126.33025,7.2,57.0,2019-11-01 07:28:46,围网
15344,31.391861111111112,126.34936111111112,6.1,63.0,2019-11-01 07:38:46,围网
15344,31.39597222222222,126.35033333333334,7.2,1.0,2019-11-01 07:48:46,围网
15344,31.403166666666664,126.35044444444445,1.6,5.0,2019-11-01 07:58:46,围网
15344,31.40763888888889,126.35041666666666,1.7,4.0,2019-11-01 08:08:46,围网
15344,31.41233333333333,126.35033333333334,1.7,15.0,2019-11-01 08:18:46,围网
15344,31.417472222222226,126.35019444444444,1.9,2.0,2019-11-01 08:28:46,围网
15344,31.422777777777767,126.35013888888888,1.9,358.0,2019-11-01 08:38:46,围网
15344,31.42827777777779,126.34994444444445,1.9,6.0,2019-11-01 08:48:46,围网
15344,31.43386111111111,126.34980555555555,2.0,5.0,2019-11-01 08:58:45,围网
15344,31.43958333333333,126.34988888888887,2.1,358.0,2019-11-01 09:08:45,围网
15344,31.445305555555557,126.34994444444445,2.0,4.0,2019-11-01 09:18:45,围网
15344,31.45105555555556,126.35005555555556,2.0,11.0,2019-11-01 09:28:45,围网
15344,31.45697222222222,126.35030555555555,2.1,13.0,2019-11-01 09:38:45,围网
15344,31.462972222222234,126.35058333333332,2.7,13.0,2019-11-01 09:48:45,围网
15344,31.46947222222222,126.35091666666666,2.3,354.0,2019-11-01 09:59:13,围网
15344,31.475361111111113,126.35125,2.2,0.0,2019-11-01 10:08:45,围网
15344,31.481638888888888,126.35166666666666,2.1,7.0,2019-11-01 10:18:45,围网
15344,31.487972222222233,126.35205555555555,2.4,355.0,2019-11-01 10:28:45,围网
15344,31.49430555555556,126.35241666666666,2.3,3.0,2019-11-01 10:38:45,围网
15344,31.500555555555554,126.35227777777777,2.3,1.0,2019-11-01 10:48:45,围网
15344,31.50675,126.35233333333332,2.1,358.0,2019-11-01 10:58:45,围网
15344,31.513027777777786,126.35241666666666,2.0,3.0,2019-11-01 11:08:45,围网
15344,31.51925,126.35241666666666,2.3,353.0,2019-11-01 11:18:45,围网
15344,31.5255,126.35244444444444,2.2,357.0,2019-11-01 11:28:45,围网
15344,31.531777777777766,126.35238888888887,2.3,0.0,2019-11-01 11:38:45,围网
15344,31.53802777777778,126.35233333333332,2.1,359.0,2019-11-01 11:48:45,围网
15344,31.54425,126.35227777777777,2.2,359.0,2019-11-01 11:58:45,围网
15344,31.550500000000003,126.3523611111111,2.3,5.0,2019-11-01 12:08:45,围网
15344,31.556722222222234,126.35247222222219,2.0,1.0,2019-11-01 12:18:45,围网
15344,31.562916666666666,126.35263888888888,1.9,1.0,2019-11-01 12:28:45,围网
15344,31.569055555555554,126.35261111111107,2.4,0.0,2019-11-01 12:38:45,围网
15344,31.575222222222234,126.35263888888888,2.1,359.0,2019-11-01 12:48:45,围网
15344,31.58133333333333,126.35247222222219,2.3,357.0,2019-11-01 12:58:45,围网
15344,31.58730555555555,126.35252777777777,2.1,4.0,2019-11-01 13:08:45,围网
15344,31.593166666666665,126.3522222222222,2.0,356.0,2019-11-01 13:18:44,围网
15344,31.596777777777767,126.35188888888888,1.9,197.0,2019-11-01 13:28:44,围网
15344,31.593055555555555,126.352,2.6,159.0,2019-11-01 13:38:44,围网
15344,31.59383333333333,126.35275,0.4,166.0,2019-11-01 13:49:32,围网
15344,31.593777777777767,126.35230555555556,5.9,339.0,2019-11-01 13:58:44,围网
15344,31.615444444444453,126.34558333333332,8.2,347.0,2019-11-01 14:08:44,围网
15344,31.63261111111111,126.3419722222222,1.8,116.0,2019-11-01 14:18:44,围网
15344,31.62283333333333,126.33986111111106,2.0,171.0,2019-11-01 14:28:44,围网
15344,31.61741666666667,126.34158333333332,2.0,161.0,2019-11-01 14:38:44,围网
15344,31.61194444444445,126.34333333333332,2.0,158.0,2019-11-01 14:48:43,围网
15344,31.60655555555556,126.34508333333332,1.9,162.0,2019-11-01 14:58:44,围网
15344,31.60116666666667,126.34683333333334,2.0,162.0,2019-11-01 15:08:44,围网
15344,31.5955,126.34875,3.4,159.0,2019-11-01 15:18:46,围网
15344,31.59019444444445,126.35030555555555,2.2,161.0,2019-11-01 15:29:14,围网
15344,31.584944444444453,126.35191666666664,2.2,161.0,2019-11-01 15:38:43,围网
15344,31.579361111111112,126.35361111111106,2.0,170.0,2019-11-01 15:48:44,围网
15344,31.573666666666664,126.35533333333332,2.1,163.0,2019-11-01 15:58:44,围网
15344,31.567916666666665,126.35683333333333,2.1,176.0,2019-11-01 16:08:43,围网
15344,31.56205555555556,126.35827777777777,2.1,170.0,2019-11-01 16:18:43,围网
15344,31.55613888888889,126.35980555555555,2.2,164.0,2019-11-01 16:28:43,围网
15344,31.55008333333333,126.36108333333333,2.0,173.0,2019-11-01 16:38:43,围网
15344,31.543888888888887,126.36219444444444,2.2,170.0,2019-11-01 16:48:43,围网
15344,31.53763888888889,126.3634722222222,2.2,167.0,2019-11-01 16:58:43,围网
15344,31.53108333333333,126.36463888888888,2.0,173.0,2019-11-01 17:09:11,围网
15344,31.52508333333333,126.36552777777777,2.2,179.0,2019-11-01 17:18:43,围网
15344,31.518777777777768,126.36644444444444,2.2,173.0,2019-11-01 17:28:43,围网
15344,31.512555555555554,126.36741666666666,2.2,175.0,2019-11-01 17:38:43,围网
15344,31.50627777777777,126.3685,2.2,172.0,2019-11-01 17:48:43,围网
15344,31.50008333333333,126.36961111111113,2.3,168.0,2019-11-01 17:58:43,围网
15344,31.49391666666667,126.37052777777777,2.2,170.0,2019-11-01 18:08:43,围网
15344,31.487861111111112,126.37141666666666,2.2,177.0,2019-11-01 18:18:43,围网
15344,31.48183333333333,126.37227777777778,2.1,172.0,2019-11-01 18:28:43,围网
15344,31.47583333333333,126.37130555555555,2.6,213.0,2019-11-01 18:38:42,围网
15344,31.470416666666665,126.36727777777777,2.2,211.0,2019-11-01 18:48:42,围网
15344,31.465166666666665,126.36341666666668,2.2,218.0,2019-11-01 18:58:42,围网
15344,31.45958333333333,126.361,2.1,193.0,2019-11-01 19:08:42,围网
15344,31.45369444444445,126.35991666666666,2.1,178.0,2019-11-01 19:18:42,围网
15344,31.45111111111111,126.35986111111107,1.3,25.0,2019-11-01 19:28:42,围网
15344,31.45558333333333,126.36036111111108,2.4,152.0,2019-11-01 19:38:42,围网
15344,31.453111111111113,126.36033333333332,0.2,0.0,2019-11-01 19:48:42,围网
15344,31.456916666666668,126.36361111111113,1.3,168.0,2019-11-01 19:59:10,围网
15344,31.46463888888889,126.36211111111106,1.8,0.0,2019-11-01 20:08:42,围网
15344,31.470055555555554,126.36055555555555,2.1,342.0,2019-11-01 20:18:42,围网
15344,31.47558333333333,126.35908333333332,2.2,345.0,2019-11-01 20:28:42,围网
15344,31.481277777777766,126.35761111111107,2.0,352.0,2019-11-01 20:38:42,围网
15344,31.48697222222223,126.35613888888888,2.1,346.0,2019-11-01 20:48:42,围网
15344,31.49280555555556,126.35461111111113,2.1,347.0,2019-11-01 20:58:42,围网
15344,31.49875,126.35311111111113,2.1,356.0,2019-11-01 21:08:42,围网
15344,31.50480555555556,126.3515,2.1,346.0,2019-11-01 21:18:42,围网
15344,31.51091666666667,126.34986111111107,2.5,353.0,2019-11-01 21:28:42,围网
15344,31.517055555555554,126.34822222222222,2.4,347.0,2019-11-01 21:38:42,围网
15344,31.52330555555556,126.34663888888888,2.5,347.0,2019-11-01 21:48:42,围网
15344,31.529694444444445,126.345,2.1,352.0,2019-11-01 21:58:42,围网
15344,31.536166666666666,126.34341666666668,2.3,351.0,2019-11-01 22:08:44,围网
15344,31.542638888888888,126.34194444444445,2.4,352.0,2019-11-01 22:18:43,围网
15344,31.548777777777786,126.34083333333332,2.3,341.0,2019-11-01 22:28:50,围网
15344,31.55483333333333,126.33944444444445,1.9,356.0,2019-11-01 22:38:43,围网
15344,31.56105555555556,126.33805555555556,2.3,345.0,2019-11-01 22:49:10,围网
15344,31.567,126.33666666666666,2.5,342.0,2019-11-01 22:58:42,围网
15344,31.57333333333333,126.33555555555556,2.3,354.0,2019-11-01 23:08:42,围网
15344,31.579722222222234,126.33480555555555,2.1,358.0,2019-11-01 23:18:42,围网
15344,31.586055555555557,126.33416666666666,2.2,0.0,2019-11-01 23:28:41,围网
15344,31.59244444444445,126.33352777777776,2.2,359.0,2019-11-01 23:38:41,围网
15344,31.598861111111113,126.33325,2.3,2.0,2019-11-01 23:48:41,围网
15344,31.605277777777786,126.33319444444444,2.2,359.0,2019-11-01 23:58:41,围网
15344,31.611666666666668,126.33316666666666,2.4,358.0,2019-11-02 00:08:41,围网
15344,31.61802777777779,126.33311111111112,2.1,0.0,2019-11-02 00:18:41,围网
15344,31.624388888888888,126.333,2.2,357.0,2019-11-02 00:28:41,围网
15344,31.630666666666666,126.33288888888887,2.0,4.0,2019-11-02 00:38:41,围网
15344,31.636833333333332,126.33283333333334,2.0,357.0,2019-11-02 00:48:41,围网
15344,31.642916666666665,126.33261111111106,2.2,357.0,2019-11-02 00:58:41,围网
15344,31.648861111111113,126.33255555555556,1.8,357.0,2019-11-02 01:08:41,围网
15344,31.654888888888888,126.33261111111106,2.0,9.0,2019-11-02 01:18:41,围网
15344,31.65719444444445,126.33344444444445,1.6,195.0,2019-11-02 01:28:41,围网
15344,31.65336111111111,126.33544444444445,2.2,65.0,2019-11-02 01:38:41,围网
15344,31.65308333333333,126.3375,0.4,0.0,2019-11-02 01:48:41,围网
15344,31.65286111111111,126.33797222222222,0.4,0.0,2019-11-02 01:59:10,围网
15344,31.65269444444445,126.33880555555555,0.7,152.0,2019-11-02 02:08:41,围网
15344,31.652166666666666,126.33938888888888,0.4,0.0,2019-11-02 02:18:41,围网
15344,31.651527777777765,126.33983333333332,0.4,171.0,2019-11-02 02:28:41,围网
15344,31.65072222222221,126.34061111111113,0.6,141.0,2019-11-02 02:38:41,围网
15344,31.649722222222234,126.34130555555555,0.6,139.0,2019-11-02 02:48:41,围网
15344,31.648694444444452,126.3425277777778,0.5,151.0,2019-11-02 02:58:41,围网
15344,31.64777777777777,126.34355555555555,0.5,163.0,2019-11-02 03:08:41,围网
15344,31.646611111111113,126.34455555555556,0.5,145.0,2019-11-02 03:18:41,围网
15344,31.645,126.34591666666668,0.9,142.0,2019-11-02 03:28:41,围网
15344,31.64333333333333,126.34744444444445,0.4,0.0,2019-11-02 03:38:41,围网
15344,31.641972222222233,126.34877777777778,0.5,147.0,2019-11-02 03:48:41,围网
15344,31.64019444444445,126.35,1.0,160.0,2019-11-02 03:58:41,围网
15344,31.638333333333332,126.351,0.7,174.0,2019-11-02 04:08:41,围网
15344,31.63661111111111,126.35208333333333,0.7,146.0,2019-11-02 04:18:40,围网
15344,31.641222222222233,126.34883333333332,6.8,325.0,2019-11-02 04:28:40,围网
15344,31.657916666666665,126.33780555555555,6.8,325.0,2019-11-02 04:38:40,围网
15344,31.67441666666667,126.32669444444444,6.7,326.0,2019-11-02 04:48:40,围网
15344,31.689972222222234,126.3142777777778,7.1,323.0,2019-11-02 04:58:40,围网
15344,31.705388888888887,126.30180555555555,6.8,329.0,2019-11-02 05:08:40,围网
15344,31.720527777777786,126.28941666666664,6.8,327.0,2019-11-02 05:18:40,围网
15344,31.73533333333333,126.27708333333332,6.7,325.0,2019-11-02 05:28:40,围网
15344,31.750472222222232,126.26480555555555,6.9,328.0,2019-11-02 05:38:40,围网
15344,31.76597222222221,126.25219444444444,6.9,326.0,2019-11-02 05:48:40,围网
15344,31.78219444444445,126.2387222222222,6.8,320.0,2019-11-02 05:59:08,围网
15344,31.788222222222235,126.23508333333334,1.8,339.0,2019-11-02 06:08:40,围网
15344,31.795361111111113,126.22841666666667,1.6,288.0,2019-11-02 06:18:40,围网
15344,31.79575,126.2224722222222,2.0,274.0,2019-11-02 06:28:40,围网
15344,31.795472222222234,126.21652777777777,1.8,268.0,2019-11-02 06:38:40,围网
15344,31.79511111111111,126.21069444444444,1.8,264.0,2019-11-02 06:48:39,围网
15344,31.79483333333333,126.2047777777778,1.9,269.0,2019-11-02 06:58:40,围网
15344,31.79466666666667,126.1987777777778,1.9,265.0,2019-11-02 07:08:40,围网
15344,31.79425,126.1924722222222,2.0,261.0,2019-11-02 07:18:40,围网
15344,31.79302777777778,126.18597222222222,2.0,261.0,2019-11-02 07:28:40,围网
15344,31.793250000000004,126.17927777777778,1.8,291.0,2019-11-02 07:38:40,围网
15344,31.79594444444445,126.17341666666668,1.9,313.0,2019-11-02 07:48:40,围网
15344,31.79963888888889,126.16841666666667,2.2,313.0,2019-11-02 07:58:40,围网
15344,31.803166666666666,126.16369444444445,1.9,310.0,2019-11-02 08:08:40,围网
15344,31.806722222222234,126.15905555555555,1.8,324.0,2019-11-02 08:18:40,围网
15344,31.81116666666667,126.156,1.8,326.0,2019-11-02 08:28:40,围网
15344,31.815555555555555,126.15311111111113,1.7,335.0,2019-11-02 08:38:40,围网
15344,31.81991666666667,126.15019444444445,1.9,323.0,2019-11-02 08:48:40,围网
15344,31.824277777777766,126.1472777777778,1.5,324.0,2019-11-02 08:58:40,围网
15344,31.82866666666667,126.14436111111112,1.6,331.0,2019-11-02 09:08:41,围网
15344,31.833000000000002,126.14141666666669,1.7,302.0,2019-11-02 09:18:39,围网
15344,31.837611111111112,126.1382777777778,1.7,319.0,2019-11-02 09:28:43,围网
15344,31.842027777777766,126.13411111111112,2.0,319.0,2019-11-02 09:39:07,围网
15344,31.84630555555556,126.13044444444445,1.8,332.0,2019-11-02 09:48:39,围网
15344,31.85108333333333,126.12713888888888,1.8,324.0,2019-11-02 09:58:39,围网
15344,31.855888888888888,126.12347222222219,1.9,327.0,2019-11-02 10:08:39,围网
15344,31.861,126.12030555555555,1.8,341.0,2019-11-02 10:18:39,围网
15344,31.866222222222234,126.11755555555555,1.8,334.0,2019-11-02 10:28:39,围网
15344,31.87161111111111,126.11477777777776,2.1,341.0,2019-11-02 10:38:39,围网
15344,31.877472222222234,126.113,1.9,342.0,2019-11-02 10:48:39,围网
15344,31.88327777777778,126.1112222222222,2.3,342.0,2019-11-02 10:58:39,围网
15344,31.889083333333332,126.10952777777777,2.1,347.0,2019-11-02 11:08:39,围网
15344,31.894972222222233,126.10830555555556,1.9,352.0,2019-11-02 11:18:39,围网
15344,31.900916666666664,126.10719444444445,2.3,350.0,2019-11-02 11:28:39,围网
15344,31.906861111111112,126.10602777777777,2.1,351.0,2019-11-02 11:38:38,围网
15344,31.912888888888887,126.10405555555555,2.1,339.0,2019-11-02 11:48:39,围网
15344,31.919083333333337,126.10166666666666,1.9,335.0,2019-11-02 11:59:06,围网
15344,31.91936111111111,126.09952777777778,1.7,167.0,2019-11-02 12:08:39,围网
15344,31.91783333333333,126.10108333333332,2.0,358.0,2019-11-02 12:18:39,围网
15344,31.91827777777778,126.10005555555556,0.7,298.0,2019-11-02 12:28:39,围网
15344,31.91933333333333,126.09802777777777,0.6,293.0,2019-11-02 12:38:39,围网
15344,31.924888888888887,126.09861111111113,3.9,313.0,2019-11-02 12:48:39,围网
15344,31.937472222222233,126.10008333333332,2.3,9.0,2019-11-02 12:58:39,围网
15344,31.94352777777778,126.10141666666664,2.0,13.0,2019-11-02 13:08:39,围网
15344,31.9495,126.1025,1.9,4.0,2019-11-02 13:18:39,围网
15344,31.955472222222234,126.10361111111106,2.2,14.0,2019-11-02 13:28:39,围网
15344,31.961333333333336,126.1047222222222,2.0,12.0,2019-11-02 13:38:39,围网
15344,31.967111111111112,126.10608333333332,2.1,18.0,2019-11-02 13:48:39,围网
15344,31.97286111111111,126.1075,2.1,16.0,2019-11-02 13:58:38,围网
15344,31.97861111111111,126.10963888888888,2.3,20.0,2019-11-02 14:08:38,围网
15344,31.98425,126.11230555555555,2.0,25.0,2019-11-02 14:18:41,围网
15344,31.98958333333333,126.11538888888887,2.1,36.0,2019-11-02 14:28:38,围网
15344,31.99466666666667,126.11916666666666,2.2,38.0,2019-11-02 14:38:38,围网
15344,31.99925,126.12355555555555,2.3,50.0,2019-11-02 14:48:38,围网
15344,32.00208333333334,126.13041666666666,2.3,84.0,2019-11-02 14:59:07,围网
15344,32.00275,126.13741666666668,2.4,88.0,2019-11-02 15:08:38,围网
15344,32.00102777777778,126.14441666666669,2.1,113.0,2019-11-02 15:18:38,围网
15344,31.997472222222232,126.15002777777778,2.2,135.0,2019-11-02 15:28:38,围网
15344,31.99330555555556,126.15458333333332,2.0,138.0,2019-11-02 15:38:38,围网
15344,31.988944444444453,126.15880555555556,2.0,142.0,2019-11-02 15:48:38,围网
15344,31.98458333333333,126.16316666666668,2.2,133.0,2019-11-02 15:58:38,围网
15344,31.980166666666666,126.1675,2.0,141.0,2019-11-02 16:08:38,围网
15344,31.97572222222221,126.17180555555555,2.3,146.0,2019-11-02 16:18:38,围网
15344,31.971138888888888,126.17616666666667,2.1,141.0,2019-11-02 16:28:38,围网
15344,31.966555555555555,126.18069444444444,2.1,139.0,2019-11-02 16:38:38,围网
15344,31.962027777777767,126.18527777777778,2.1,137.0,2019-11-02 16:48:38,围网
15344,31.957666666666665,126.19030555555555,2.2,145.0,2019-11-02 16:58:38,围网
15344,31.953388888888888,126.19533333333334,2.3,131.0,2019-11-02 17:08:38,围网
15344,31.949222222222208,126.20047222222223,2.2,128.0,2019-11-02 17:18:38,围网
15344,31.945138888888888,126.20577777777778,2.1,129.0,2019-11-02 17:28:38,围网
15344,31.941111111111113,126.21133333333331,1.9,126.0,2019-11-02 17:38:38,围网
15344,31.93705555555556,126.2169722222222,2.3,128.0,2019-11-02 17:49:06,围网
15344,31.933416666666666,126.22225,2.3,132.0,2019-11-02 17:58:38,围网
15344,31.92961111111111,126.22780555555555,1.9,128.0,2019-11-02 18:08:38,围网
15344,31.925750000000004,126.2332222222222,2.2,138.0,2019-11-02 18:18:38,围网
15344,31.921805555555554,126.2385,2.4,138.0,2019-11-02 18:28:38,围网
15344,31.91772222222223,126.24366666666668,2.1,140.0,2019-11-02 18:38:38,围网
15344,31.91341666666667,126.24855555555555,2.3,144.0,2019-11-02 18:48:37,围网
15344,31.91525,126.2477222222222,1.7,323.0,2019-11-02 18:58:37,围网
15344,31.91533333333333,126.24775,2.1,124.0,2019-11-02 19:08:37,围网
15344,31.913805555555548,126.24880555555555,0.9,179.0,2019-11-02 19:18:37,围网
15344,31.91019444444445,126.23255555555555,7.4,256.0,2019-11-02 19:28:37,围网
15344,31.90375,126.22336111111107,7.9,217.0,2019-11-02 19:38:38,围网
15344,31.896666666666665,126.21811111111113,2.0,199.0,2019-11-02 19:48:37,围网
15344,31.891027777777786,126.21555555555555,2.1,190.0,2019-11-02 19:59:12,围网
15344,31.886055555555558,126.21313888888888,2.1,215.0,2019-11-02 20:08:37,围网
15344,31.88069444444445,126.21061111111112,2.0,205.0,2019-11-02 20:18:37,围网
15344,31.87552777777778,126.20775,1.9,202.0,2019-11-02 20:28:37,围网
15344,31.870555555555555,126.20455555555556,2.1,215.0,2019-11-02 20:38:37,围网
15344,31.86661111111113,126.19938888888888,1.9,238.0,2019-11-02 20:48:37,围网
15344,31.86363888888889,126.19311111111112,2.2,243.0,2019-11-02 20:58:37,围网
15344,31.86186111111111,126.18597222222222,2.3,254.0,2019-11-02 21:08:37,围网
15344,31.86066666666667,126.17894444444444,2.1,260.0,2019-11-02 21:18:37,围网
15344,31.860277777777767,126.17175,2.4,265.0,2019-11-02 21:28:37,围网
15344,31.860833333333336,126.16436111111112,2.5,278.0,2019-11-02 21:38:37,围网
15344,31.86197222222223,126.15705555555556,1.8,286.0,2019-11-02 21:48:37,围网
15344,31.86333333333333,126.15008333333334,2.2,270.0,2019-11-02 21:58:37,围网
15344,31.86497222222223,126.14330555555556,2.1,290.0,2019-11-02 22:08:37,围网
15344,31.86713888888889,126.13675,2.0,291.0,2019-11-02 22:18:37,围网
15344,31.869611111111112,126.1305,1.7,286.0,2019-11-02 22:28:37,围网
15344,31.872472222222232,126.12427777777776,0.9,0.0,2019-11-02 22:38:37,围网
15344,31.87605555555556,126.11855555555556,2.3,313.0,2019-11-02 22:48:37,围网
15344,31.880277777777767,126.11344444444444,2.1,320.0,2019-11-02 22:58:37,围网
15344,31.88502777777777,126.1087222222222,1.9,329.0,2019-11-02 23:08:37,围网
15344,31.8905,126.10486111111106,1.4,0.0,2019-11-02 23:18:37,围网
15344,31.896305555555557,126.10255555555555,1.9,0.0,2019-11-02 23:28:37,围网
15344,31.90269444444445,126.10119444444445,2.2,353.0,2019-11-02 23:39:05,围网
15344,31.908416666666664,126.10033333333334,2.3,357.0,2019-11-02 23:48:36,围网
15344,31.91444444444444,126.09927777777777,2.4,359.0,2019-11-02 23:58:36,围网
15344,31.926527777777785,126.0972222222222,2.0,350.0,2019-11-03 00:18:36,围网
15344,31.9325,126.09608333333333,2.2,351.0,2019-11-03 00:28:36,围网
15344,31.93847222222222,126.09502777777777,2.0,353.0,2019-11-03 00:38:36,围网
15344,31.94444444444445,126.09425,2.1,353.0,2019-11-03 00:48:36,围网
15344,31.95630555555556,126.09452777777777,2.1,350.0,2019-11-03 01:08:36,围网
15344,31.962111111111113,126.09466666666664,2.1,350.0,2019-11-03 01:18:36,围网
15344,31.96716666666667,126.09538888888888,1.3,50.0,2019-11-03 01:28:36,围网
15344,31.96586111111111,126.09480555555555,2.1,196.0,2019-11-03 01:38:36,围网
15344,31.96563888888889,126.09713888888888,1.0,332.0,2019-11-03 01:48:36,围网
15344,31.966027777777786,126.09802777777777,0.3,0.0,2019-11-03 01:59:04,围网
15344,31.97652777777777,126.08197222222222,7.7,312.0,2019-11-03 02:08:36,围网
15344,31.98866666666667,126.06358333333333,4.3,298.0,2019-11-03 02:18:36,围网
15344,31.98027777777777,126.0629722222222,1.6,165.0,2019-11-03 02:28:36,围网
15344,31.97516666666667,126.06341666666668,1.9,175.0,2019-11-03 02:38:36,围网
15344,31.97013888888889,126.06438888888887,1.7,177.0,2019-11-03 02:48:36,围网
15344,31.965055555555555,126.06608333333332,1.8,171.0,2019-11-03 02:58:36,围网
15344,31.96025,126.06916666666666,2.0,161.0,2019-11-03 03:08:36,围网
15344,31.955166666666663,126.0709722222222,2.0,169.0,2019-11-03 03:18:36,围网
15344,31.94991666666667,126.07194444444444,1.8,185.0,2019-11-03 03:28:36,围网
15344,31.94461111111111,126.07291666666666,1.9,169.0,2019-11-03 03:38:36,围网
15344,31.933694444444445,126.07541666666664,1.9,168.0,2019-11-03 03:58:36,围网
15344,31.92805555555556,126.07666666666668,2.2,164.0,2019-11-03 04:08:36,围网
15344,31.92238888888889,126.07799999999999,1.9,170.0,2019-11-03 04:18:36,围网
15344,31.916777777777767,126.07933333333334,1.9,169.0,2019-11-03 04:28:36,围网
15344,31.91119444444445,126.08061111111112,2.2,162.0,2019-11-03 04:38:36,围网
15344,31.90569444444445,126.08186111111112,2.0,170.0,2019-11-03 04:48:36,围网
15344,31.900055555555554,126.08311111111112,2.3,158.0,2019-11-03 04:58:35,围网
15344,31.894416666666668,126.08427777777777,2.1,174.0,2019-11-03 05:08:35,围网
15344,31.88827777777778,126.08519444444444,2.0,173.0,2019-11-03 05:19:04,围网
15344,31.882638888888888,126.08594444444445,2.1,175.0,2019-11-03 05:28:35,围网
15344,31.876638888888888,126.08680555555556,2.2,165.0,2019-11-03 05:38:35,围网
15344,31.870638888888887,126.08766666666666,2.3,169.0,2019-11-03 05:48:36,围网
15344,31.8645,126.08852777777777,2.1,171.0,2019-11-03 05:58:35,围网
15344,31.85833333333333,126.08941666666664,2.3,170.0,2019-11-03 06:08:35,围网
15344,31.85219444444445,126.09033333333332,2.2,169.0,2019-11-03 06:18:35,围网
15344,31.846055555555555,126.09133333333332,2.1,167.0,2019-11-03 06:28:36,围网
15344,31.839944444444445,126.09238888888888,2.3,173.0,2019-11-03 06:38:36,围网
15344,31.83383333333333,126.09336111111112,2.3,167.0,2019-11-03 06:48:35,围网
15344,31.82772222222223,126.09438888888887,2.1,180.0,2019-11-03 06:58:35,围网
15344,31.821583333333336,126.09511111111112,2.3,173.0,2019-11-03 07:08:35,围网
15344,31.81538888888889,126.0955,2.2,183.0,2019-11-03 07:18:35,围网
15344,31.80911111111111,126.0954722222222,2.2,168.0,2019-11-03 07:28:35,围网
15344,31.802888888888887,126.09516666666669,2.1,181.0,2019-11-03 07:38:35,围网
15344,31.796611111111112,126.09433333333334,3.1,219.0,2019-11-03 07:48:36,围网
15344,31.792333333333332,126.09436111111113,1.5,47.0,2019-11-03 07:59:02,围网
15344,31.79658333333333,126.09533333333331,1.1,339.0,2019-11-03 08:08:35,围网
15344,31.793555555555557,126.09486111111107,1.2,189.0,2019-11-03 08:18:36,围网
15344,31.79194444444445,126.09536111111107,5.4,120.0,2019-11-03 08:28:36,围网
15344,31.79422222222223,126.09777777777781,7.0,353.0,2019-11-03 08:38:35,围网
15344,31.80158333333333,126.09561111111113,2.2,325.0,2019-11-03 08:48:35,围网
15344,31.806277777777765,126.0935,1.5,344.0,2019-11-03 08:58:35,围网
15344,31.81111111111111,126.09172222222223,1.8,348.0,2019-11-03 09:08:35,围网
15344,31.82094444444445,126.08880555555555,1.8,346.0,2019-11-03 09:28:35,围网
15344,31.82608333333333,126.08775,1.7,353.0,2019-11-03 09:38:35,围网
15344,31.83130555555556,126.08672222222219,2.0,352.0,2019-11-03 09:48:35,围网
15344,31.83663888888889,126.08530555555555,2.2,358.0,2019-11-03 09:58:35,围网
15344,31.842472222222234,126.08397222222222,2.0,351.0,2019-11-03 10:09:02,围网
15344,31.847805555555553,126.083,2.0,351.0,2019-11-03 10:18:35,围网
15344,31.853361111111113,126.08194444444445,2.0,353.0,2019-11-03 10:28:35,围网
15344,31.858888888888888,126.08008333333332,1.9,345.0,2019-11-03 10:38:35,围网
15344,31.86441666666667,126.07763888888887,2.1,342.0,2019-11-03 10:48:35,围网
15344,31.87,126.07533333333332,2.3,347.0,2019-11-03 10:58:35,围网
15344,31.875750000000004,126.07366666666668,2.3,342.0,2019-11-03 11:08:35,围网
15344,31.881472222222207,126.07191666666664,2.3,343.0,2019-11-03 11:18:35,围网
15344,31.887305555555553,126.07011111111107,2.1,349.0,2019-11-03 11:28:35,围网
15344,31.89319444444445,126.06830555555555,2.1,348.0,2019-11-03 11:38:35,围网
15344,31.90513888888889,126.06466666666668,2.0,349.0,2019-11-03 11:58:35,围网
15344,31.91097222222221,126.06294444444444,2.2,342.0,2019-11-03 12:08:35,围网
15344,31.91680555555555,126.06125,2.4,333.0,2019-11-03 12:18:35,围网
15344,31.922638888888887,126.05955555555555,2.1,349.0,2019-11-03 12:28:35,围网
15344,31.92852777777778,126.05783333333332,2.1,343.0,2019-11-03 12:38:35,围网
15344,31.934444444444445,126.05608333333332,2.3,340.0,2019-11-03 12:48:35,围网
15344,31.940638888888888,126.0542222222222,2.4,344.0,2019-11-03 12:58:40,围网
15344,31.946638888888888,126.05236111111107,2.6,333.0,2019-11-03 13:09:00,围网
15344,31.952444444444453,126.05063888888887,2.3,351.0,2019-11-03 13:18:35,围网
15344,31.958388888888887,126.04888888888887,2.3,344.0,2019-11-03 13:28:34,围网
15344,31.964222222222233,126.04713888888894,2.1,344.0,2019-11-03 13:38:35,围网
15344,31.970027777777766,126.04547222222222,2.2,357.0,2019-11-03 13:48:34,围网
15344,31.97594444444444,126.04605555555555,2.2,16.0,2019-11-03 13:58:34,围网
15344,31.98080555555555,126.04777777777778,1.2,61.0,2019-11-03 14:08:32,围网
15344,31.97966666666667,126.04594444444444,2.3,215.0,2019-11-03 14:18:32,围网
15344,31.97991666666667,126.04725,0.9,351.0,2019-11-03 14:28:32,围网
15344,31.97958333333333,126.04725,0.1,0.0,2019-11-03 14:38:32,围网
15344,31.97825,126.04922222222223,2.3,214.0,2019-11-03 14:48:32,围网
15344,31.96947222222222,126.04255555555555,2.2,171.0,2019-11-03 14:58:32,围网
15344,31.96408333333333,126.04325,2.5,166.0,2019-11-03 15:08:35,围网
15344,31.959083333333336,126.04430555555555,1.7,175.0,2019-11-03 15:19:00,围网
15344,31.95433333333333,126.04533333333332,1.9,159.0,2019-11-03 15:28:32,围网
15344,31.94925,126.04680555555555,1.8,176.0,2019-11-03 15:38:32,围网
15344,31.944277777777767,126.0487777777778,1.8,165.0,2019-11-03 15:48:32,围网
15344,31.93933333333333,126.05069444444445,1.7,167.0,2019-11-03 15:58:32,围网
15344,31.934166666666666,126.05194444444444,1.9,167.0,2019-11-03 16:08:32,围网
15344,31.92880555555556,126.05311111111112,1.8,164.0,2019-11-03 16:18:32,围网
15344,31.923305555555558,126.05408333333334,2.0,172.0,2019-11-03 16:28:32,围网
15344,31.91783333333333,126.05436111111106,1.8,188.0,2019-11-03 16:38:32,围网
15344,31.912305555555548,126.05438888888888,2.3,178.0,2019-11-03 16:48:32,围网
15344,31.906777777777766,126.054,1.9,178.0,2019-11-03 16:58:32,围网
15344,31.901138888888887,126.05375,2.3,184.0,2019-11-03 17:08:32,围网
15344,31.895166666666665,126.05372222222222,1.9,176.0,2019-11-03 17:18:32,围网
15344,31.88963888888889,126.05375,2.0,180.0,2019-11-03 17:28:32,围网
15344,31.88408333333333,126.05363888888887,1.9,180.0,2019-11-03 17:38:32,围网
15344,31.878555555555558,126.05366666666669,2.1,177.0,2019-11-03 17:48:32,围网
15344,31.872722222222233,126.05363888888887,2.1,176.0,2019-11-03 17:58:59,围网
15344,31.86725,126.05372222222222,2.2,174.0,2019-11-03 18:08:32,围网
15344,31.8615,126.05397222222223,1.9,186.0,2019-11-03 18:18:32,围网
15344,31.855694444444445,126.05466666666666,2.2,180.0,2019-11-03 18:28:32,围网
15344,31.84986111111111,126.05533333333334,2.2,170.0,2019-11-03 18:38:32,围网
15344,31.844055555555553,126.056,2.1,172.0,2019-11-03 18:48:31,围网
15344,31.83813888888889,126.0565,2.1,183.0,2019-11-03 18:58:31,围网
15344,31.83216666666667,126.05711111111113,2.0,175.0,2019-11-03 19:08:31,围网
15344,31.82611111111111,126.05780555555555,2.4,170.0,2019-11-03 19:18:31,围网
15344,31.82011111111111,126.05852777777778,2.3,167.0,2019-11-03 19:28:31,围网
15344,31.81425,126.05986111111108,2.0,170.0,2019-11-03 19:38:31,围网
15344,31.808416666666666,126.0617777777778,2.3,164.0,2019-11-03 19:48:31,围网
15344,31.802611111111112,126.0637777777778,2.0,163.0,2019-11-03 19:58:31,围网
15344,31.796861111111113,126.06544444444445,2.1,171.0,2019-11-03 20:08:31,围网
15344,31.790805555555558,126.06580555555556,2.1,176.0,2019-11-03 20:18:31,围网
15344,31.78477777777778,126.06422222222223,2.6,176.0,2019-11-03 20:28:31,围网
15344,31.779055555555548,126.06244444444445,1.1,153.0,2019-11-03 20:38:31,围网
15344,31.78025,126.06311111111113,1.5,29.0,2019-11-03 20:48:31,围网
15344,31.78075,126.06347222222222,1.3,131.0,2019-11-03 20:58:31,围网
15344,31.77780555555556,126.06333333333332,0.6,0.0,2019-11-03 21:08:31,围网
15344,31.77758333333333,126.04230555555556,7.7,270.0,2019-11-03 21:18:31,围网
15344,31.77869444444445,126.01972222222223,2.0,333.0,2019-11-03 21:28:30,围网
15344,31.78436111111111,126.01769444444444,4.1,350.0,2019-11-03 21:38:31,围网
15344,31.79000000000001,126.01655555555556,1.7,359.0,2019-11-03 21:49:12,围网
15344,31.794694444444453,126.0155,1.7,355.0,2019-11-03 21:58:31,围网
15344,31.799750000000003,126.0144722222222,1.8,346.0,2019-11-03 22:08:31,围网
15344,31.80475,126.01338888888893,2.1,347.0,2019-11-03 22:18:31,围网
15344,31.80980555555556,126.01238888888888,1.4,0.0,2019-11-03 22:28:31,围网
15344,31.81508333333333,126.01138888888887,1.8,345.0,2019-11-03 22:38:31,围网
15344,31.820305555555557,126.01011111111113,2.0,355.0,2019-11-03 22:48:31,围网
15344,31.825388888888888,126.0084722222222,1.9,357.0,2019-11-03 22:58:31,围网
15344,31.830666666666666,126.00738888888893,2.4,5.0,2019-11-03 23:08:31,围网
15344,31.83608333333333,126.00638888888888,1.5,347.0,2019-11-03 23:18:31,围网
15344,31.841416666666664,126.00536111111113,1.7,352.0,2019-11-03 23:28:31,围网
15344,31.846805555555548,126.00416666666666,1.8,3.0,2019-11-03 23:38:30,围网
15344,31.852138888888888,126.00297222222223,1.6,329.0,2019-11-03 23:48:30,围网
15344,31.857527777777786,126.0017777777778,2.1,347.0,2019-11-03 23:58:58,围网
15344,31.862416666666668,126.00088888888894,1.9,338.0,2019-11-04 00:08:30,围网
15344,31.867722222222234,126.00038888888888,1.8,356.0,2019-11-04 00:18:30,围网
15344,31.873,126.0,1.8,346.0,2019-11-04 00:28:30,围网
15344,31.878277777777786,125.9994722222222,1.8,354.0,2019-11-04 00:38:30,围网
15344,31.88369444444445,125.99886111111113,1.5,348.0,2019-11-04 00:48:30,围网
15344,31.889027777777766,125.99838888888893,2.0,353.0,2019-11-04 00:58:30,围网
15344,31.8945,125.99783333333336,2.1,351.0,2019-11-04 01:08:30,围网
15344,31.900055555555554,125.99744444444444,1.8,358.0,2019-11-04 01:18:30,围网
15344,31.905416666666664,125.99705555555555,2.1,343.0,2019-11-04 01:28:30,围网
15344,31.916527777777766,125.99588888888893,2.0,349.0,2019-11-04 01:48:30,围网
15344,31.92216666666667,125.9952222222222,1.7,358.0,2019-11-04 01:58:30,围网
15344,31.927750000000003,125.99480555555556,1.9,357.0,2019-11-04 02:08:30,围网
15344,31.933416666666666,125.99422222222223,2.1,357.0,2019-11-04 02:18:30,围网
15344,31.939083333333336,125.99375,1.7,354.0,2019-11-04 02:28:30,围网
15344,31.94463888888889,125.99316666666668,1.2,0.0,2019-11-04 02:38:30,围网
15344,31.950027777777766,125.99344444444445,1.6,0.0,2019-11-04 02:48:30,围网
15344,31.95133333333333,125.9952222222222,0.7,71.0,2019-11-04 02:58:58,围网
15344,31.950138888888887,125.99775,1.9,186.0,2019-11-04 03:08:30,围网
15344,31.949222222222208,125.99777777777778,0.6,59.0,2019-11-04 03:18:30,围网
15344,31.94916666666667,125.99608333333332,0.9,355.0,2019-11-04 03:28:30,围网
15344,31.94113888888889,125.9935277777778,2.1,203.0,2019-11-04 03:38:30,围网
15344,31.93577777777778,125.99325,2.1,163.0,2019-11-04 03:48:30,围网
15344,31.93044444444445,125.99397222222223,2.0,169.0,2019-11-04 03:58:30,围网
15344,31.924944444444453,125.99486111111106,2.4,166.0,2019-11-04 04:08:30,围网
15344,31.91936111111111,125.99569444444445,1.8,177.0,2019-11-04 04:18:30,围网
15344,31.913805555555548,125.99661111111112,2.0,170.0,2019-11-04 04:28:29,围网
15344,31.90822222222221,125.99755555555555,1.2,159.0,2019-11-04 04:38:29,围网
15344,31.902722222222234,125.99861111111113,1.6,164.0,2019-11-04 04:48:31,围网
15344,31.897055555555553,125.9995,1.5,162.0,2019-11-04 04:58:29,围网
15344,31.89155555555555,126.00038888888888,1.6,153.0,2019-11-04 05:08:29,围网
15344,31.886,126.0012222222222,1.8,160.0,2019-11-04 05:18:29,围网
15344,31.880305555555548,126.00211111111112,2.3,160.0,2019-11-04 05:28:29,围网
15344,31.874527777777786,126.0035277777778,1.9,157.0,2019-11-04 05:38:29,围网
15344,31.86875,126.00533333333334,2.1,169.0,2019-11-04 05:48:29,围网
15344,31.86275,126.00677777777777,2.0,166.0,2019-11-04 05:58:58,围网
15344,31.857222222222234,126.00766666666668,1.9,177.0,2019-11-04 06:08:29,围网
15344,31.85141666666667,126.00872222222222,2.1,181.0,2019-11-04 06:18:29,围网
15344,31.84558333333333,126.00983333333332,2.1,171.0,2019-11-04 06:28:29,围网
15344,31.83961111111111,126.0109722222222,2.2,169.0,2019-11-04 06:38:29,围网
15344,31.83377777777777,126.01213888888887,2.1,170.0,2019-11-04 06:48:29,围网
15344,31.82775,126.01341666666669,2.2,171.0,2019-11-04 06:58:29,围网
15344,31.82177777777777,126.01466666666668,2.2,167.0,2019-11-04 07:08:29,围网
15344,31.815638888888888,126.01577777777777,2.2,174.0,2019-11-04 07:18:29,围网
15344,31.80958333333333,126.01672222222223,2.2,173.0,2019-11-04 07:28:29,围网
15344,31.80344444444445,126.0175,2.2,169.0,2019-11-04 07:38:29,围网
15344,31.79733333333333,126.018,2.5,176.0,2019-11-04 07:48:29,围网
15344,31.79119444444445,126.01805555555555,2.4,164.0,2019-11-04 07:58:29,围网
15344,31.78511111111111,126.01766666666668,2.1,191.0,2019-11-04 08:08:29,围网
15344,31.77294444444444,126.01611111111113,2.3,183.0,2019-11-04 08:28:29,围网
15344,31.76691666666667,126.01491666666666,2.1,171.0,2019-11-04 08:38:29,围网
15344,31.76083333333333,126.01422222222223,2.2,196.0,2019-11-04 08:48:29,围网
15344,31.754722222222235,126.01366666666668,2.2,192.0,2019-11-04 08:58:29,围网
15344,31.75036111111111,126.01211111111112,0.6,337.0,2019-11-04 09:08:29,围网
15344,31.753277777777786,126.01363888888888,1.2,233.0,2019-11-04 09:18:28,围网
15344,31.75,126.0124722222222,0.9,236.0,2019-11-04 09:28:28,围网
15344,31.74883333333333,126.0172777777778,4.7,71.0,2019-11-04 09:38:28,围网
15344,31.7555,126.0165,3.8,353.0,2019-11-04 09:48:58,围网
15344,31.76019444444445,126.01588888888894,1.5,358.0,2019-11-04 09:58:28,围网
15344,31.764861111111113,126.01541666666668,1.8,356.0,2019-11-04 10:08:28,围网
15344,31.76955555555555,126.01511111111112,1.8,358.0,2019-11-04 10:18:28,围网
15344,31.77411111111111,126.01508333333334,1.9,5.0,2019-11-04 10:28:28,围网
15344,31.778666666666666,126.01519444444445,1.6,1.0,2019-11-04 10:38:28,围网
15344,31.783361111111113,126.01525,1.6,7.0,2019-11-04 10:48:28,围网
15344,31.78816666666667,126.01494444444445,1.8,354.0,2019-11-04 10:58:28,围网
15344,31.793083333333332,126.01469444444444,1.6,356.0,2019-11-04 11:08:28,围网
15344,31.79816666666667,126.01425,2.0,349.0,2019-11-04 11:18:28,围网
15344,31.80311111111111,126.01386111111113,1.8,353.0,2019-11-04 11:28:28,围网
15344,31.808166666666665,126.01308333333333,1.4,2.0,2019-11-04 11:38:28,围网
15344,31.813194444444445,126.01105555555556,1.8,344.0,2019-11-04 11:48:28,围网
15344,31.82325,126.00697222222222,1.7,335.0,2019-11-04 12:08:28,围网
15344,31.828388888888888,126.00502777777777,2.3,337.0,2019-11-04 12:18:28,围网
15344,31.83363888888889,126.00322222222223,1.9,340.0,2019-11-04 12:28:28,围网
15344,31.83875,126.00116666666668,2.0,345.0,2019-11-04 12:38:28,围网
15344,31.84413888888889,125.99941666666666,1.8,349.0,2019-11-04 12:48:28,围网
15344,31.849555555555554,125.99775,1.8,347.0,2019-11-04 12:58:28,围网
15344,31.854805555555558,125.99600000000001,2.2,335.0,2019-11-04 13:08:28,围网
15344,31.860083333333336,125.99430555555556,1.9,331.0,2019-11-04 13:18:28,围网
15344,31.86541666666667,125.99266666666668,1.7,354.0,2019-11-04 13:28:28,围网
15344,31.87072222222222,125.9909722222222,2.1,344.0,2019-11-04 13:38:28,围网
15344,31.87613888888889,125.98925,2.0,342.0,2019-11-04 13:48:28,围网
15344,31.881472222222207,125.9875,1.9,4.0,2019-11-04 13:58:28,围网
15344,31.886972222222226,125.98563888888887,2.3,335.0,2019-11-04 14:08:27,围网
15344,31.89236111111111,125.98386111111112,1.8,341.0,2019-11-04 14:18:27,围网
15344,31.89763888888889,125.98211111111112,2.0,346.0,2019-11-04 14:28:27,围网
15344,31.902916666666666,125.9805,1.8,339.0,2019-11-04 14:38:27,围网
15344,31.908555555555555,125.97863888888888,2.1,339.0,2019-11-04 14:49:12,围网
15344,31.91336111111111,125.97711111111113,1.7,355.0,2019-11-04 14:58:27,围网
15344,31.91866666666667,125.97538888888887,2.0,335.0,2019-11-04 15:08:27,围网
15344,31.923861111111112,125.97358333333332,2.0,356.0,2019-11-04 15:18:27,围网
15344,31.929111111111112,125.97194444444445,1.6,346.0,2019-11-04 15:28:27,围网
15344,31.934277777777766,125.9710277777778,0.6,20.0,2019-11-04 15:38:27,围网
15344,31.935472222222234,125.97272222222222,1.0,107.0,2019-11-04 15:48:27,围网
15344,31.934722222222234,125.97436111111112,0.5,184.0,2019-11-04 15:58:27,围网
15344,31.933416666666666,125.974,1.8,183.0,2019-11-04 16:08:27,围网
15344,31.93813888888889,125.96730555555555,2.0,75.0,2019-11-04 16:18:27,围网
15344,31.928361111111112,125.96494444444444,2.3,150.0,2019-11-04 16:28:27,围网
15344,31.923361111111113,125.96563888888888,2.0,152.0,2019-11-04 16:38:27,围网
15344,31.91830555555556,125.96688888888887,2.0,168.0,2019-11-04 16:48:27,围网
15344,31.91336111111111,125.96836111111112,3.2,139.0,2019-11-04 16:58:27,围网
15344,31.908416666666664,125.97022222222222,2.3,147.0,2019-11-04 17:08:27,围网
15344,31.90355555555556,125.97241666666667,1.8,133.0,2019-11-04 17:18:27,围网
15344,31.89863888888889,125.97452777777778,1.9,145.0,2019-11-04 17:28:27,围网
15344,31.89372222222222,125.9765277777778,1.8,176.0,2019-11-04 17:38:27,围网
15344,31.88855555555556,125.97816666666668,2.4,163.0,2019-11-04 17:48:27,围网
15344,31.88333333333333,125.97955555555555,2.1,0.0,2019-11-04 17:58:34,围网
15344,31.87808333333333,125.98105555555556,2.0,158.0,2019-11-04 18:08:41,围网
15344,31.87305555555556,125.98233333333332,1.8,169.0,2019-11-04 18:18:27,围网
15344,31.86783333333333,125.98336111111112,1.9,157.0,2019-11-04 18:28:27,围网
15344,31.862416666666668,125.98433333333334,2.0,168.0,2019-11-04 18:38:27,围网
15344,31.856805555555557,125.98525,1.9,182.0,2019-11-04 18:48:42,围网
15344,31.851333333333336,125.986,2.0,184.0,2019-11-04 18:58:26,围网
15344,31.84572222222221,125.98633333333332,2.2,176.0,2019-11-04 19:08:26,围网
15344,31.84008333333333,125.98633333333332,1.6,186.0,2019-11-04 19:18:26,围网
15344,31.8345,125.98625,1.6,179.0,2019-11-04 19:28:26,围网
15344,31.828833333333336,125.98625,2.0,180.0,2019-11-04 19:38:26,围网
15344,31.823166666666665,125.9862777777778,2.1,188.0,2019-11-04 19:48:26,围网
15344,31.817472222222207,125.98616666666668,2.1,206.0,2019-11-04 19:58:26,围网
15344,31.811805555555555,125.98605555555555,1.8,170.0,2019-11-04 20:08:26,围网
15344,31.80619444444445,125.98597222222222,1.9,202.0,2019-11-04 20:18:26,围网
15344,31.80044444444445,125.98594444444444,2.0,175.0,2019-11-04 20:28:26,围网
15344,31.794638888888887,125.98591666666668,2.3,162.0,2019-11-04 20:38:26,围网
15344,31.78886111111111,125.98580555555556,2.3,205.0,2019-11-04 20:48:26,围网
15344,31.78313888888889,125.9857222222222,2.6,173.0,2019-11-04 20:58:26,围网
15344,31.77738888888889,125.98513888888887,2.0,196.0,2019-11-04 21:08:26,围网
15344,31.771583333333336,125.98472222222222,1.8,171.0,2019-11-04 21:18:26,围网
15344,31.765777777777767,125.98455555555556,1.9,182.0,2019-11-04 21:28:26,围网
15344,31.760055555555557,125.9845277777778,1.9,191.0,2019-11-04 21:38:26,围网
15344,31.754222222222207,125.98455555555556,2.2,191.0,2019-11-04 21:48:42,围网
15344,31.748777777777786,125.98488888888888,1.9,187.0,2019-11-04 21:58:26,围网
15344,31.74330555555556,125.98544444444444,2.1,186.0,2019-11-04 22:08:26,围网
15344,31.73869444444445,125.98544444444444,0.6,51.0,2019-11-04 22:18:26,围网
15344,31.742527777777767,125.985,1.9,359.0,2019-11-04 22:28:26,围网
15344,31.74077777777779,125.98522222222222,0.2,0.0,2019-11-04 22:38:26,围网
15344,31.73483333333333,125.98675,8.4,148.0,2019-11-04 22:48:26,围网
15344,31.723805555555554,125.9965,4.6,157.0,2019-11-04 22:58:26,围网
15344,31.731666666666666,125.99455555555555,2.1,343.0,2019-11-04 23:08:26,围网
15344,31.73694444444445,125.99369444444444,2.3,354.0,2019-11-04 23:18:25,围网
15344,31.74219444444445,125.99280555555555,1.9,355.0,2019-11-04 23:28:25,围网
15344,31.747722222222233,125.99163888888887,2.3,11.0,2019-11-04 23:38:25,围网
15344,31.753166666666665,125.99063888888894,1.8,3.0,2019-11-04 23:48:25,围网
15344,31.758527777777786,125.98961111111113,3.4,340.0,2019-11-04 23:58:26,围网
15344,31.76441666666667,125.98858333333332,1.8,4.0,2019-11-05 00:08:41,围网
15344,31.76994444444445,125.9875,2.3,343.0,2019-11-05 00:18:25,围网
15344,31.77555555555556,125.98594444444444,2.1,347.0,2019-11-05 00:28:25,围网
15344,31.78122222222222,125.98425,2.1,1.0,2019-11-05 00:38:25,围网
15344,31.78680555555556,125.98266666666667,2.0,351.0,2019-11-05 00:48:25,围网
15344,31.792472222222226,125.98119444444444,2.1,343.0,2019-11-05 00:58:25,围网
15344,31.79819444444445,125.97955555555555,1.9,348.0,2019-11-05 01:08:25,围网
15344,31.80388888888889,125.97816666666668,1.6,348.0,2019-11-05 01:18:25,围网
15344,31.809638888888887,125.9765,2.2,4.0,2019-11-05 01:28:25,围网
15344,31.815472222222233,125.97488888888893,2.1,352.0,2019-11-05 01:38:25,围网
15344,31.821277777777766,125.9734722222222,2.1,322.0,2019-11-05 01:48:25,围网
15344,31.827111111111112,125.97183333333334,2.9,321.0,2019-11-05 01:58:25,围网
15344,31.83294444444445,125.97025,1.8,340.0,2019-11-05 02:08:25,围网
15344,31.839027777777765,125.96861111111113,2.6,319.0,2019-11-05 02:18:42,围网
15344,31.844638888888888,125.96719444444444,1.9,348.0,2019-11-05 02:28:25,围网
15344,31.850444444444445,125.96577777777777,2.1,343.0,2019-11-05 02:38:25,围网
15344,31.856055555555557,125.96422222222223,2.1,332.0,2019-11-05 02:48:25,围网
15344,31.861694444444453,125.96272222222223,2.0,333.0,2019-11-05 02:58:25,围网
15344,31.86725,125.96127777777778,2.0,345.0,2019-11-05 03:08:25,围网
15344,31.872722222222233,125.95972222222224,2.4,351.0,2019-11-05 03:18:24,围网
15344,31.87825,125.95811111111112,2.3,13.0,2019-11-05 03:28:25,围网
15344,31.883861111111113,125.95672222222224,2.1,343.0,2019-11-05 03:38:24,围网
15344,31.889555555555553,125.95516666666668,2.0,322.0,2019-11-05 03:48:24,围网
15344,31.895111111111113,125.95366666666668,1.8,343.0,2019-11-05 03:58:24,围网
15344,31.90055555555555,125.95222222222222,1.9,339.0,2019-11-05 04:08:24,围网
15344,31.906055555555554,125.95091666666669,1.7,336.0,2019-11-05 04:18:24,围网
15344,31.91147222222222,125.94977777777778,2.6,319.0,2019-11-05 04:28:24,围网
15344,31.91680555555555,125.94861111111112,2.4,317.0,2019-11-05 04:38:23,围网
15344,31.922027777777767,125.94736111111106,1.7,336.0,2019-11-05 04:48:23,围网
15344,31.92730555555556,125.94588888888893,1.8,335.0,2019-11-05 04:58:23,围网
15344,31.932305555555555,125.94458333333333,1.5,0.0,2019-11-05 05:08:23,围网
15344,31.937472222222233,125.94366666666667,2.3,355.0,2019-11-05 05:18:24,围网
15344,31.938222222222233,125.94458333333333,1.6,0.0,2019-11-05 05:28:24,围网
15344,31.936166666666665,125.9459722222222,3.5,110.0,2019-11-05 05:38:25,围网
15344,31.93413888888889,125.94752777777781,0.3,148.0,2019-11-05 05:48:41,围网
15344,31.92483333333333,125.9517777777778,5.4,145.0,2019-11-05 05:58:23,围网
15344,31.91769444444445,125.95486111111113,7.9,177.0,2019-11-05 06:08:23,围网
15344,31.90936111111111,125.95555555555555,2.2,156.0,2019-11-05 06:18:23,围网
15344,31.90394444444444,125.95675,1.8,165.0,2019-11-05 06:28:23,围网
15344,31.89847222222221,125.95813888888893,1.9,201.0,2019-11-05 06:38:23,围网
15344,31.892972222222234,125.9592777777778,2.6,197.0,2019-11-05 06:48:23,围网
15344,31.88736111111111,125.96033333333334,2.0,178.0,2019-11-05 06:58:23,围网
15344,31.881777777777767,125.96127777777778,2.2,146.0,2019-11-05 07:08:23,围网
15344,31.87619444444445,125.96216666666666,2.1,190.0,2019-11-05 07:18:23,围网
15344,31.87058333333333,125.96311111111113,2.9,206.0,2019-11-05 07:28:23,围网
15344,31.86483333333333,125.96394444444445,2.2,170.0,2019-11-05 07:38:23,围网
15344,31.85897222222223,125.96472222222219,2.1,173.0,2019-11-05 07:48:23,围网
15344,31.853055555555557,125.96516666666668,2.6,189.0,2019-11-05 07:58:23,围网
15344,31.840999999999998,125.9655,2.4,162.0,2019-11-05 08:18:23,围网
15344,31.834944444444453,125.96572222222223,1.8,168.0,2019-11-05 08:28:23,围网
15344,31.82269444444445,125.96613888888888,2.8,171.0,2019-11-05 08:48:23,围网
15344,31.816666666666666,125.9664722222222,2.1,195.0,2019-11-05 08:58:23,围网
15344,31.81075,125.9669722222222,1.9,175.0,2019-11-05 09:08:23,围网
15344,31.804805555555557,125.96736111111107,2.5,176.0,2019-11-05 09:18:23,围网
15344,31.79888888888889,125.96786111111112,2.1,181.0,2019-11-05 09:28:22,围网
15344,31.79288888888889,125.96816666666666,2.9,170.0,2019-11-05 09:38:22,围网
15344,31.786777777777786,125.96827777777777,3.7,178.0,2019-11-05 09:48:22,围网
15344,31.780555555555555,125.96761111111113,2.5,163.0,2019-11-05 09:58:22,围网
15344,31.774638888888887,125.96722222222222,1.7,162.0,2019-11-05 10:08:22,围网
15344,31.768777777777768,125.96708333333332,1.5,0.0,2019-11-05 10:18:23,围网
15344,31.763055555555557,125.96786111111112,2.3,173.0,2019-11-05 10:28:22,围网
15344,31.75733333333333,125.9669722222222,2.2,163.0,2019-11-05 10:38:22,围网
15344,31.75175,125.9655,1.9,204.0,2019-11-05 10:48:24,围网
15344,31.746055555555557,125.96402777777777,2.4,130.0,2019-11-05 10:58:22,围网
15344,31.74019444444445,125.96313888888888,2.1,0.0,2019-11-05 11:08:27,围网
15344,31.734361111111113,125.96291666666666,1.7,173.0,2019-11-05 11:18:41,围网
15344,31.729416666666665,125.96186111111112,0.9,209.0,2019-11-05 11:28:22,围网
15344,31.72936111111111,125.9597777777778,1.5,25.0,2019-11-05 11:38:22,围网
15344,31.728361111111113,125.95791666666666,1.1,185.0,2019-11-05 11:48:22,围网
15344,31.726805555555554,125.95555555555555,0.7,245.0,2019-11-05 11:58:22,围网
15344,31.71025,125.96063888888894,8.1,155.0,2019-11-05 12:08:22,围网
15344,31.69633333333333,125.97869444444444,7.0,116.0,2019-11-05 12:18:22,围网
15344,31.698555555555558,125.9827222222222,6.8,2.0,2019-11-05 12:28:22,围网
15344,31.706111111111113,125.9835,1.7,1.0,2019-11-05 12:38:22,围网
15344,31.711111111111112,125.98330555555556,2.0,31.0,2019-11-05 12:48:22,围网
15344,31.71605555555556,125.98311111111113,1.6,359.0,2019-11-05 12:58:22,围网
15344,31.721,125.98308333333333,1.3,357.0,2019-11-05 13:08:22,围网
15344,31.726055555555554,125.98308333333333,1.9,20.0,2019-11-05 13:18:22,围网
15344,31.731305555555554,125.98305555555555,2.5,337.0,2019-11-05 13:28:22,围网
15344,31.736555555555555,125.9830277777778,1.7,5.0,2019-11-05 13:38:22,围网
15344,31.741944444444453,125.98288888888894,1.9,19.0,2019-11-05 13:48:22,围网
15344,31.74708333333333,125.98244444444444,1.9,27.0,2019-11-05 13:58:22,围网
15344,31.75258333333333,125.98233333333332,2.1,349.0,2019-11-05 14:08:40,围网
15344,31.75786111111111,125.98227777777778,2.0,7.0,2019-11-05 14:18:21,围网
15344,31.763444444444442,125.98241666666668,2.0,352.0,2019-11-05 14:28:21,围网
15344,31.76908333333333,125.9824722222222,2.3,21.0,2019-11-05 14:38:21,围网
15344,31.77472222222222,125.98263888888887,1.9,18.0,2019-11-05 14:48:21,围网
15344,31.780472222222233,125.98291666666668,2.5,10.0,2019-11-05 14:58:21,围网
15344,31.786277777777766,125.98294444444444,2.3,6.0,2019-11-05 15:08:21,围网
15344,31.79216666666667,125.98325,2.6,57.0,2019-11-05 15:18:21,围网
15344,31.798222222222233,125.98341666666668,2.4,40.0,2019-11-05 15:28:22,围网
15344,31.80419444444445,125.98375,2.0,358.0,2019-11-05 15:38:21,围网
15344,31.810250000000003,125.98388888888887,2.4,16.0,2019-11-05 15:48:21,围网
15344,31.81625,125.984,2.5,9.0,2019-11-05 15:58:21,围网
15344,31.822194444444445,125.9844722222222,2.4,12.0,2019-11-05 16:08:21,围网
15344,31.828111111111113,125.98494444444445,2.4,358.0,2019-11-05 16:18:21,围网
15344,31.834027777777766,125.98541666666668,2.2,26.0,2019-11-05 16:28:21,围网
15344,31.83991666666667,125.98597222222222,1.8,14.0,2019-11-05 16:38:21,围网
15344,31.84575,125.98641666666668,1.7,13.0,2019-11-05 16:48:21,围网
15344,31.85125,125.98691666666666,2.0,44.0,2019-11-05 16:58:21,围网
15344,31.857055555555554,125.98738888888893,2.4,348.0,2019-11-05 17:08:41,围网
15344,31.86216666666667,125.98883333333332,2.1,1.0,2019-11-05 17:18:21,围网
15344,31.867472222222233,125.99005555555556,1.9,21.0,2019-11-05 17:28:21,围网
15344,31.869027777777767,125.99069444444444,0.4,0.0,2019-11-05 17:38:21,围网
15344,31.86858333333333,125.99236111111112,1.2,110.0,2019-11-05 17:48:21,围网
15344,31.867916666666666,125.99163888888887,0.0,0.0,2019-11-05 17:58:21,围网
15344,31.86733333333333,125.98955555555555,3.3,295.0,2019-11-05 18:08:21,围网
15344,31.860944444444453,125.98780555555555,2.5,174.0,2019-11-05 18:18:21,围网
15344,31.85566666666667,125.98875,2.1,143.0,2019-11-05 18:28:41,围网
15344,31.85083333333333,125.99038888888887,2.0,172.0,2019-11-05 18:38:21,围网
15344,31.845527777777786,125.991,1.9,195.0,2019-11-05 18:48:21,围网
15344,31.84019444444445,125.99186111111112,1.7,169.0,2019-11-05 18:58:21,围网
15344,31.83508333333333,125.99241666666668,1.9,172.0,2019-11-05 19:08:20,围网
15344,31.830111111111112,125.99291666666666,1.9,170.0,2019-11-05 19:18:20,围网
15344,31.825138888888887,125.99375,1.8,155.0,2019-11-05 19:28:20,围网
15344,31.82008333333333,125.99458333333332,1.5,186.0,2019-11-05 19:38:20,围网
15344,31.814888888888888,125.99555555555555,1.6,172.0,2019-11-05 19:48:20,围网
15344,31.80958333333333,125.99638888888887,1.9,180.0,2019-11-05 19:58:20,围网
15344,31.80413888888889,125.99638888888887,2.6,164.0,2019-11-05 20:08:20,围网
15344,31.79858333333333,125.99619444444444,2.2,195.0,2019-11-05 20:18:20,围网
15344,31.79302777777778,125.99608333333332,2.2,191.0,2019-11-05 20:28:20,围网
15344,31.78741666666667,125.99605555555556,1.9,182.0,2019-11-05 20:38:20,围网
15344,31.78175,125.99616666666668,2.0,171.0,2019-11-05 20:48:20,围网
15344,31.77608333333333,125.99663888888887,2.1,191.0,2019-11-05 20:58:20,围网
15344,31.77047222222223,125.99719444444445,2.0,192.0,2019-11-05 21:08:20,围网
15344,31.764805555555554,125.99788888888894,2.2,164.0,2019-11-05 21:18:20,围网
15344,31.759166666666665,125.99888888888887,2.2,193.0,2019-11-05 21:28:20,围网
15344,31.75330555555556,126.00013888888887,1.9,152.0,2019-11-05 21:38:41,围网
15344,31.74783333333333,126.00133333333332,2.1,166.0,2019-11-05 21:48:20,围网
15344,31.74213888888889,126.00236111111107,2.2,185.0,2019-11-05 21:58:20,围网
15344,31.73638888888889,126.00305555555555,2.0,178.0,2019-11-05 22:08:20,围网
15344,31.730694444444442,126.00386111111106,1.8,162.0,2019-11-05 22:18:20,围网
15344,31.72497222222221,126.00455555555556,2.1,176.0,2019-11-05 22:28:20,围网
15344,31.71925,126.00486111111113,2.0,165.0,2019-11-05 22:38:20,围网
15344,31.71347222222222,126.00522222222222,2.2,166.0,2019-11-05 22:48:20,围网
15344,31.707722222222234,126.00575,1.8,176.0,2019-11-05 22:58:20,围网
15344,31.70197222222221,126.00613888888887,2.3,194.0,2019-11-05 23:08:20,围网
15344,31.696222222222207,126.00638888888888,3.0,146.0,2019-11-05 23:18:20,围网
15344,31.6905,126.00661111111113,2.1,175.0,2019-11-05 23:28:20,围网
15344,31.684972222222232,126.00680555555556,2.5,156.0,2019-11-05 23:38:20,围网
15344,31.6795,126.00697222222222,2.6,191.0,2019-11-05 23:48:20,围网
15344,31.679277777777767,126.00677777777777,1.7,8.0,2019-11-05 23:58:19,围网
15344,31.680888888888887,126.00661111111113,0.1,0.0,2019-11-06 00:09:04,围网
15344,31.67958333333333,126.00613888888887,1.0,177.0,2019-11-06 00:18:19,围网
15344,31.67916666666667,126.00480555555555,1.5,99.0,2019-11-06 00:28:19,围网
15344,31.68808333333333,126.00508333333332,2.3,345.0,2019-11-06 00:38:19,围网
15344,31.693583333333336,126.00563888888892,1.8,6.0,2019-11-06 00:48:19,围网
15344,31.69908333333333,126.00636111111106,2.4,4.0,2019-11-06 00:58:19,围网
15344,31.704555555555554,126.007,2.1,8.0,2019-11-06 01:08:19,围网
15344,31.71005555555556,126.00766666666668,1.9,1.0,2019-11-06 01:18:19,围网
15344,31.715666666666664,126.0077777777778,1.8,352.0,2019-11-06 01:28:19,围网
15344,31.72133333333333,126.00780555555555,2.1,356.0,2019-11-06 01:38:19,围网
15344,31.72705555555555,126.00791666666666,2.1,17.0,2019-11-06 01:48:19,围网
15344,31.732833333333332,126.00791666666666,2.1,338.0,2019-11-06 01:58:19,围网
15344,31.74433333333333,126.00819444444444,2.3,0.0,2019-11-06 02:18:19,围网
15344,31.75,126.00830555555555,1.9,350.0,2019-11-06 02:28:19,围网
15344,31.75575000000001,126.008,2.2,334.0,2019-11-06 02:38:19,围网
15344,31.76094444444445,126.00308333333334,1.9,325.0,2019-11-06 02:48:19,围网
15344,31.76572222222222,125.99875,1.8,319.0,2019-11-06 02:58:19,围网
15344,31.77113888888889,125.9955,1.9,354.0,2019-11-06 03:08:19,围网
15344,31.77733333333333,125.99469444444445,1.6,0.0,2019-11-06 03:18:19,围网
15344,31.78333333333333,125.99477777777778,1.9,343.0,2019-11-06 03:28:19,围网
15344,31.78916666666667,125.99458333333332,1.5,7.0,2019-11-06 03:38:19,围网
15344,31.79497222222223,125.99427777777778,1.6,0.0,2019-11-06 03:48:23,围网
15344,31.801472222222234,125.99394444444445,2.3,11.0,2019-11-06 03:58:41,围网
15344,31.80733333333333,125.99372222222222,2.1,348.0,2019-11-06 04:08:19,围网
15344,31.81333333333333,125.9935277777778,1.9,359.0,2019-11-06 04:18:19,围网
15344,31.819555555555553,125.99325,2.5,349.0,2019-11-06 04:28:19,围网
15344,31.825722222222232,125.99302777777777,2.5,347.0,2019-11-06 04:38:19,围网
15344,31.831722222222233,125.99269444444445,2.3,352.0,2019-11-06 04:48:18,围网
15344,31.837694444444452,125.99236111111112,2.0,345.0,2019-11-06 04:58:18,围网
15344,31.84372222222222,125.99213888888887,2.1,5.0,2019-11-06 05:08:18,围网
15344,31.84986111111111,125.99188888888894,1.5,339.0,2019-11-06 05:18:18,围网
15344,31.855916666666666,125.99163888888887,2.4,0.0,2019-11-06 05:28:18,围网
15344,31.86186111111111,125.99133333333332,1.8,7.0,2019-11-06 05:38:18,围网
15344,31.86775,125.99133333333332,2.0,4.0,2019-11-06 05:48:18,围网
15344,31.873305555555557,125.99175,2.1,4.0,2019-11-06 05:58:18,围网
15344,31.87491666666667,125.99369444444444,1.1,94.0,2019-11-06 06:08:18,围网
15344,31.874277777777767,125.99569444444445,0.5,0.0,2019-11-06 06:18:18,围网
15344,31.874388888888888,125.99597222222219,0.4,0.0,2019-11-06 06:28:18,围网
15344,31.874111111111112,125.99563888888888,0.5,0.0,2019-11-06 06:38:18,围网
15344,31.86569444444445,125.99558333333331,2.2,202.0,2019-11-06 06:48:18,围网
15344,31.860388888888888,125.99605555555556,1.9,178.0,2019-11-06 06:58:18,围网
15344,31.855166666666666,125.99666666666668,2.0,167.0,2019-11-06 07:08:18,围网
15344,31.85008333333333,125.99755555555555,2.5,218.0,2019-11-06 07:18:18,围网
15344,31.84494444444445,125.99791666666668,2.1,0.0,2019-11-06 07:28:18,围网
15344,31.83961111111111,125.99841666666669,1.8,179.0,2019-11-06 07:38:41,围网
15344,31.83469444444445,125.99894444444445,1.8,185.0,2019-11-06 07:48:18,围网
15344,31.829472222222233,125.99977777777778,1.9,170.0,2019-11-06 07:58:18,围网
15344,31.82413888888889,126.00047222222223,1.7,178.0,2019-11-06 08:08:18,围网
15344,31.81875,126.00083333333332,2.0,175.0,2019-11-06 08:18:18,围网
15344,31.813222222222233,126.00172222222223,2.0,174.0,2019-11-06 08:28:18,围网
15344,31.80769444444445,126.00255555555556,2.0,176.0,2019-11-06 08:38:18,围网
15344,31.802027777777766,126.00325,2.4,180.0,2019-11-06 08:48:18,围网
15344,31.796277777777767,126.00444444444445,2.0,172.0,2019-11-06 08:58:18,围网
15344,31.78511111111111,126.0072777777778,2.0,170.0,2019-11-06 09:18:18,围网
15344,31.7795,126.0085,2.2,162.0,2019-11-06 09:28:18,围网
15344,31.773944444444442,126.00916666666667,1.8,178.0,2019-11-06 09:38:17,围网
15344,31.76833333333333,126.00997222222222,1.8,165.0,2019-11-06 09:48:17,围网
15344,31.762472222222208,126.0112777777778,2.1,160.0,2019-11-06 09:58:41,围网
15344,31.757055555555553,126.0125277777778,2.3,163.0,2019-11-06 10:08:17,围网
15344,31.75133333333333,126.01380555555555,2.0,177.0,2019-11-06 10:18:17,围网
15344,31.745666666666665,126.01475,1.9,181.0,2019-11-06 10:28:17,围网
15344,31.73983333333333,126.0155,2.0,177.0,2019-11-06 10:38:17,围网
15344,31.734055555555553,126.01616666666668,2.0,169.0,2019-11-06 10:48:17,围网
15344,31.728277777777766,126.01686111111113,2.2,178.0,2019-11-06 10:58:17,围网
15344,31.722444444444445,126.01758333333332,2.0,189.0,2019-11-06 11:08:17,围网
15344,31.716555555555555,126.01830555555556,2.1,182.0,2019-11-06 11:18:17,围网
15344,31.710694444444442,126.01902777777777,2.3,167.0,2019-11-06 11:28:17,围网
15344,31.70480555555556,126.0197777777778,1.8,180.0,2019-11-06 11:38:17,围网
15344,31.698916666666666,126.02025,2.2,168.0,2019-11-06 11:48:17,围网
15344,31.69386111111111,126.0197777777778,1.1,214.0,2019-11-06 11:58:17,围网
15344,31.69244444444445,126.01827777777777,0.1,0.0,2019-11-06 12:08:17,围网
15344,31.69219444444445,126.01880555555556,0.1,0.0,2019-11-06 12:18:17,围网
15344,31.68991666666667,126.01758333333332,6.7,201.0,2019-11-06 12:28:17,围网
15344,31.66783333333333,126.0199722222222,6.0,175.0,2019-11-06 12:38:17,围网
15344,31.664277777777766,126.01830555555556,6.8,7.0,2019-11-06 12:48:17,围网
15344,31.673388888888887,126.01797222222223,2.0,7.0,2019-11-06 12:58:17,围网
15344,31.67880555555556,126.01788888888888,1.9,6.0,2019-11-06 13:08:17,围网
15344,31.68425,126.01783333333334,1.9,354.0,2019-11-06 13:18:17,围网
15344,31.68986111111111,126.01772222222222,1.9,4.0,2019-11-06 13:28:41,围网
15344,31.695166666666665,126.0175,1.6,3.0,2019-11-06 13:38:17,围网
15344,31.7005,126.01694444444445,1.4,354.0,2019-11-06 13:48:17,围网
15344,31.705861111111112,126.01652777777777,1.7,1.0,2019-11-06 13:58:17,围网
15344,31.711222222222233,126.01638888888887,2.2,6.0,2019-11-06 14:08:17,围网
15344,31.71669444444445,126.01619444444445,1.4,351.0,2019-11-06 14:18:17,围网
15344,31.722222222222207,126.01622222222224,1.9,356.0,2019-11-06 14:28:16,围网
15344,31.72797222222223,126.01605555555555,2.0,359.0,2019-11-06 14:38:16,围网
15344,31.733638888888887,126.016,2.1,358.0,2019-11-06 14:48:16,围网
15344,31.73938888888889,126.01594444444444,2.1,5.0,2019-11-06 14:58:16,围网
15344,31.745166666666666,126.01588888888894,2.1,358.0,2019-11-06 15:08:16,围网
15344,31.75086111111111,126.01583333333332,1.8,16.0,2019-11-06 15:18:16,围网
15344,31.75666666666667,126.0157222222222,1.8,4.0,2019-11-06 15:28:16,围网
15344,31.76241666666667,126.01561111111113,2.1,358.0,2019-11-06 15:38:16,围网
15344,31.768166666666666,126.01522222222222,2.2,2.0,2019-11-06 15:48:16,围网
15344,31.774166666666666,126.01505555555555,2.2,4.0,2019-11-06 15:58:16,围网
15344,31.780361111111112,126.01494444444445,2.0,1.0,2019-11-06 16:08:40,围网
15344,31.786027777777786,126.01491666666666,2.4,1.0,2019-11-06 16:18:16,围网
15344,31.79194444444445,126.01483333333331,2.0,1.0,2019-11-06 16:28:16,围网
15344,31.797916666666666,126.01475,2.3,354.0,2019-11-06 16:38:16,围网
15344,31.80397222222221,126.01463888888892,2.3,359.0,2019-11-06 16:48:16,围网
15344,31.810194444444452,126.01463888888892,2.2,357.0,2019-11-06 16:58:16,围网
15344,31.81636111111111,126.01472222222222,2.2,5.0,2019-11-06 17:08:16,围网
15344,31.82241666666667,126.01480555555555,2.4,359.0,2019-11-06 17:18:16,围网
15344,31.82858333333333,126.01483333333331,2.1,1.0,2019-11-06 17:28:16,围网
15344,31.83463888888889,126.01480555555555,2.1,3.0,2019-11-06 17:38:16,围网
15344,31.84069444444444,126.01466666666668,1.9,356.0,2019-11-06 17:48:16,围网
15344,31.84669444444444,126.01458333333332,2.2,359.0,2019-11-06 17:58:16,围网
15344,31.852777777777767,126.01486111111107,2.1,352.0,2019-11-06 18:08:16,围网
15344,31.85866666666667,126.01569444444445,2.1,359.0,2019-11-06 18:18:16,围网
15344,31.860222222222234,126.01594444444444,1.5,223.0,2019-11-06 18:28:16,围网
15344,31.859972222222233,126.01441666666666,2.3,40.0,2019-11-06 18:38:16,围网
15344,31.86058333333333,126.01533333333334,0.3,0.0,2019-11-06 18:48:15,围网
15344,31.856388888888887,126.00444444444445,7.3,246.0,2019-11-06 18:58:16,围网
15344,31.848722222222207,125.9935277777778,3.0,47.0,2019-11-06 19:08:15,围网
15344,31.84125,125.99527777777777,1.6,154.0,2019-11-06 19:18:15,围网
15344,31.836277777777767,125.99644444444445,1.8,158.0,2019-11-06 19:28:41,围网
15344,31.83166666666667,125.99763888888887,1.7,168.0,2019-11-06 19:38:15,围网
15344,31.82686111111111,125.99897222222219,1.7,164.0,2019-11-06 19:48:15,围网
15344,31.822,126.00027777777778,1.7,172.0,2019-11-06 19:58:15,围网
15344,31.81719444444445,126.00152777777777,1.8,166.0,2019-11-06 20:08:15,围网
15344,31.812361111111112,126.00261111111112,1.7,167.0,2019-11-06 20:18:15,围网
15344,31.80741666666667,126.00338888888888,1.9,164.0,2019-11-06 20:28:15,围网
15344,31.80241666666667,126.00427777777777,1.8,172.0,2019-11-06 20:38:15,围网
15344,31.797277777777786,126.00491666666667,2.0,182.0,2019-11-06 20:48:15,围网
15344,31.792027777777786,126.0055,2.1,170.0,2019-11-06 20:58:15,围网
15344,31.78669444444445,126.00594444444445,1.8,178.0,2019-11-06 21:08:15,围网
15344,31.781305555555555,126.00647222222223,2.0,179.0,2019-11-06 21:18:15,围网
15344,31.77594444444444,126.00708333333333,2.4,169.0,2019-11-06 21:28:15,围网
15344,31.77058333333333,126.00758333333332,1.5,148.0,2019-11-06 21:38:15,围网
15344,31.765305555555557,126.00808333333332,1.8,180.0,2019-11-06 21:48:15,围网
15344,31.759888888888888,126.00905555555555,2.0,166.0,2019-11-06 21:58:15,围网
15344,31.754305555555554,126.01013888888887,2.0,167.0,2019-11-06 22:08:40,围网
15344,31.74908333333333,126.01111111111106,2.0,170.0,2019-11-06 22:18:15,围网
15344,31.743527777777786,126.01216666666666,2.0,178.0,2019-11-06 22:28:15,围网
15344,31.73802777777778,126.01325,2.0,173.0,2019-11-06 22:38:15,围网
15344,31.73252777777777,126.01436111111113,1.9,164.0,2019-11-06 22:48:15,围网
15344,31.72694444444444,126.0155,1.9,170.0,2019-11-06 22:58:15,围网
15344,31.721416666666666,126.01661111111108,2.0,173.0,2019-11-06 23:08:15,围网
15344,31.71597222222222,126.01763888888887,1.7,171.0,2019-11-06 23:18:15,围网
15344,31.710527777777767,126.0187222222222,2.1,168.0,2019-11-06 23:28:15,围网
15344,31.705055555555553,126.01972222222223,1.8,174.0,2019-11-06 23:38:14,围网
15344,31.69955555555555,126.02069444444444,2.2,163.0,2019-11-06 23:48:14,围网
15344,31.69400000000001,126.02169444444445,2.1,158.0,2019-11-06 23:58:14,围网
15344,31.68847222222222,126.0227222222222,2.1,173.0,2019-11-07 00:08:14,围网
15344,31.683000000000003,126.02369444444444,2.2,174.0,2019-11-07 00:18:14,围网
15344,31.67738888888889,126.0247777777778,2.1,164.0,2019-11-07 00:28:14,围网
15344,31.672,126.02583333333334,2.2,170.0,2019-11-07 00:38:13,围网
15344,31.666555555555554,126.02694444444445,2.1,170.0,2019-11-07 00:48:14,围网
15344,31.660999999999998,126.02805555555555,2.0,165.0,2019-11-07 00:58:14,围网
15344,31.655638888888888,126.02916666666668,2.3,170.0,2019-11-07 01:08:14,围网
15344,31.64986111111111,126.03030555555556,1.9,168.0,2019-11-07 01:18:59,围网
15344,31.64483333333333,126.0312777777778,1.8,169.0,2019-11-07 01:28:14,围网
15344,31.63947222222221,126.03236111111107,2.0,167.0,2019-11-07 01:38:13,围网
15344,31.634138888888888,126.03347222222222,1.9,164.0,2019-11-07 01:48:14,围网
15344,31.62880555555556,126.03458333333332,3.0,169.0,2019-11-07 01:58:13,围网
15344,31.62458333333333,126.03519444444444,1.1,2.0,2019-11-07 02:08:13,围网
15344,31.62886111111111,126.03430555555555,2.0,352.0,2019-11-07 02:18:13,围网
15344,31.628277777777786,126.03494444444445,0.7,165.0,2019-11-07 02:28:13,围网
15344,31.62625,126.03527777777781,0.8,180.0,2019-11-07 02:38:13,围网
15344,31.62566666666667,126.03258333333332,3.7,207.0,2019-11-07 02:48:13,围网
15344,31.63583333333333,126.03086111111112,1.9,352.0,2019-11-07 02:58:13,围网
15344,31.641361111111113,126.0299722222222,2.0,347.0,2019-11-07 03:08:13,围网
15344,31.646916666666666,126.02908333333332,1.9,354.0,2019-11-07 03:18:13,围网
15344,31.652555555555555,126.02819444444445,1.8,347.0,2019-11-07 03:28:13,围网
15344,31.65813888888889,126.02744444444444,1.9,354.0,2019-11-07 03:38:13,围网
15344,31.663888888888888,126.02672222222223,2.0,358.0,2019-11-07 03:48:13,围网
15344,31.66966666666667,126.02594444444445,2.0,3.0,2019-11-07 03:58:13,围网
15344,31.675666666666668,126.02519444444445,2.3,357.0,2019-11-07 04:08:39,围网
15344,31.68119444444445,126.02444444444444,2.2,352.0,2019-11-07 04:18:13,围网
15344,31.686888888888888,126.02366666666668,2.2,352.0,2019-11-07 04:28:13,围网
15344,31.692555555555554,126.02294444444445,1.8,359.0,2019-11-07 04:38:13,围网
15344,31.69833333333333,126.02236111111112,2.1,2.0,2019-11-07 04:48:13,围网
15344,31.70411111111111,126.0215277777778,1.7,359.0,2019-11-07 04:58:13,围网
15344,31.709861111111113,126.02083333333331,2.1,356.0,2019-11-07 05:08:12,围网
15344,31.71572222222222,126.02008333333332,2.1,356.0,2019-11-07 05:18:12,围网
15344,31.721666666666664,126.01927777777777,2.2,348.0,2019-11-07 05:28:12,围网
15344,31.72758333333333,126.0184722222222,2.1,1.0,2019-11-07 05:38:12,围网
15344,31.73344444444445,126.01761111111112,2.1,355.0,2019-11-07 05:48:12,围网
15344,31.73922222222221,126.01686111111113,1.9,349.0,2019-11-07 05:58:12,围网
15344,31.745222222222232,126.01602777777778,2.0,359.0,2019-11-07 06:08:12,围网
15344,31.75122222222221,126.01533333333334,2.0,347.0,2019-11-07 06:18:12,围网
15344,31.75694444444445,126.01444444444445,2.2,355.0,2019-11-07 06:28:12,围网
15344,31.762611111111113,126.01472222222222,2.1,359.0,2019-11-07 06:38:12,围网
15344,31.76813888888889,126.01477777777778,2.1,3.0,2019-11-07 06:48:12,围网
15344,31.773777777777767,126.01494444444445,2.2,359.0,2019-11-07 06:58:12,围网
15344,31.779416666666666,126.01502777777776,1.6,0.0,2019-11-07 07:08:16,围网
15344,31.784805555555558,126.01513888888887,1.7,0.0,2019-11-07 07:18:12,围网
15344,31.790416666666665,126.01461111111112,1.7,13.0,2019-11-07 07:28:40,围网
15344,31.79555555555556,126.01413888888888,1.8,352.0,2019-11-07 07:38:11,围网
15344,31.80086111111111,126.01358333333332,1.9,1.0,2019-11-07 07:48:12,围网
15344,31.81133333333333,126.01313888888888,1.9,0.0,2019-11-07 08:08:12,围网
15344,31.81658333333333,126.01325,1.7,4.0,2019-11-07 08:18:12,围网
15344,31.82161111111111,126.01322222222224,1.9,7.0,2019-11-07 08:28:12,围网
15344,31.8235,126.01555555555555,0.9,99.0,2019-11-07 08:38:12,围网
15344,31.822222222222226,126.01880555555556,2.0,161.0,2019-11-07 08:48:12,围网
15344,31.82083333333333,126.01952777777778,0.8,157.0,2019-11-07 08:58:12,围网
15344,31.82530555555556,126.01275,1.2,159.0,2019-11-07 09:08:12,围网
15344,31.815444444444445,126.01219444444445,2.1,168.0,2019-11-07 09:18:12,围网
15344,31.80986111111111,126.01258333333334,2.1,169.0,2019-11-07 09:28:12,围网
15344,31.804361111111113,126.01261111111113,1.9,191.0,2019-11-07 09:38:12,围网
15344,31.79891666666667,126.01266666666668,2.4,185.0,2019-11-07 09:48:12,围网
15344,31.792972222222232,126.01258333333334,2.0,174.0,2019-11-07 09:58:40,围网
15344,31.78769444444445,126.01277777777777,1.9,169.0,2019-11-07 10:08:11,围网
15344,31.782027777777767,126.01297222222222,2.0,179.0,2019-11-07 10:18:11,围网
15344,31.77625,126.01311111111113,1.8,187.0,2019-11-07 10:28:11,围网
15344,31.77038888888889,126.01333333333334,1.8,182.0,2019-11-07 10:38:11,围网
15344,31.764555555555553,126.01380555555555,2.0,173.0,2019-11-07 10:48:11,围网
15344,31.75866666666667,126.01430555555555,2.3,168.0,2019-11-07 10:58:11,围网
15344,31.75269444444445,126.01483333333331,2.2,178.0,2019-11-07 11:08:11,围网
15344,31.74636111111111,126.01533333333334,2.2,169.0,2019-11-07 11:18:11,围网
15344,31.740305555555555,126.01580555555556,1.9,177.0,2019-11-07 11:28:11,围网
15344,31.73433333333333,126.01636111111112,2.2,182.0,2019-11-07 11:38:11,围网
15344,31.72819444444444,126.01683333333334,2.2,181.0,2019-11-07 11:48:11,围网
15344,31.722027777777768,126.01730555555555,2.1,179.0,2019-11-07 11:58:11,围网
15344,31.715944444444442,126.01761111111112,2.2,180.0,2019-11-07 12:08:11,围网
15344,31.71005555555556,126.01761111111112,2.1,179.0,2019-11-07 12:18:11,围网
15344,31.70405555555555,126.01769444444444,2.1,175.0,2019-11-07 12:28:11,围网
15344,31.697805555555554,126.01794444444445,2.2,179.0,2019-11-07 12:38:13,围网
15344,31.691555555555553,126.01841666666668,2.2,173.0,2019-11-07 12:48:40,围网
15344,31.68572222222221,126.01880555555556,2.1,177.0,2019-11-07 12:58:11,围网
15344,31.67961111111111,126.01922222222224,2.0,177.0,2019-11-07 13:08:11,围网
15344,31.673472222222234,126.01961111111113,2.2,188.0,2019-11-07 13:18:11,围网
15344,31.66725,126.0199722222222,2.5,188.0,2019-11-07 13:28:11,围网
15344,31.66105555555556,126.02044444444445,1.9,174.0,2019-11-07 13:38:11,围网
15344,31.65494444444445,126.02094444444445,2.1,167.0,2019-11-07 13:48:11,围网
15344,31.648777777777767,126.02141666666668,2.1,169.0,2019-11-07 13:58:11,围网
15344,31.642777777777766,126.02175,2.1,179.0,2019-11-07 14:08:11,围网
15344,31.636833333333332,126.02213888888888,2.2,178.0,2019-11-07 14:18:11,围网
15344,31.63211111111111,126.02125,0.6,0.0,2019-11-07 14:28:11,围网
15344,31.630944444444445,126.02075,2.7,176.0,2019-11-07 14:48:10,围网
15344,31.63316666666667,126.01316666666666,7.2,317.0,2019-11-07 14:58:39,围网
15344,31.64772222222223,126.00169444444445,4.8,329.0,2019-11-07 15:08:10,围网
15344,31.65225,125.998,6.4,357.0,2019-11-07 15:18:10,围网
15344,31.65886111111111,125.99694444444445,1.8,340.0,2019-11-07 15:28:10,围网
15344,31.663666666666664,125.99594444444445,1.8,358.0,2019-11-07 15:38:10,围网
15344,31.668555555555557,125.9950277777778,1.9,352.0,2019-11-07 15:48:10,围网
15344,31.67361111111111,125.99416666666669,1.5,353.0,2019-11-07 15:58:10,围网
15344,31.67852777777778,125.99355555555556,1.8,16.0,2019-11-07 16:08:10,围网
15344,31.68344444444445,125.99252777777778,1.7,359.0,2019-11-07 16:18:10,围网
15344,31.688666666666666,125.99136111111108,2.3,352.0,2019-11-07 16:28:10,围网
15344,31.694055555555554,125.99063888888894,1.7,3.0,2019-11-07 16:38:10,围网
15344,31.69958333333333,125.99013888888888,1.8,351.0,2019-11-07 16:48:10,围网
15344,31.705,125.98975,1.7,0.0,2019-11-07 16:58:10,围网
15344,31.710638888888887,125.98927777777777,2.2,7.0,2019-11-07 17:08:14,围网
15344,31.716277777777766,125.98875,1.4,333.0,2019-11-07 17:18:10,围网
15344,31.721666666666664,125.98855555555555,1.8,0.0,2019-11-07 17:28:10,围网
15344,31.727527777777766,125.98819444444445,1.8,0.0,2019-11-07 17:38:10,围网
15344,31.73325,125.98775,1.6,357.0,2019-11-07 17:48:40,围网
15344,31.738555555555557,125.9872777777778,2.3,355.0,2019-11-07 17:58:10,围网
15344,31.744,125.9872777777778,1.7,9.0,2019-11-07 18:08:10,围网
15344,31.74944444444445,125.98725,1.9,355.0,2019-11-07 18:18:10,围网
15344,31.754972222222232,125.98711111111112,1.9,356.0,2019-11-07 18:28:10,围网
15344,31.760388888888887,125.98688888888887,2.2,348.0,2019-11-07 18:38:10,围网
15344,31.765611111111113,125.98647222222223,2.0,338.0,2019-11-07 18:48:10,围网
15344,31.77097222222222,125.98616666666668,1.7,6.0,2019-11-07 18:58:10,围网
15344,31.776138888888887,125.98611111111113,1.7,352.0,2019-11-07 19:08:10,围网
15344,31.78133333333333,125.98608333333333,1.9,354.0,2019-11-07 19:18:10,围网
15344,31.786388888888887,125.9855,2.0,343.0,2019-11-07 19:28:09,围网
15344,31.791138888888888,125.98666666666666,3.1,68.0,2019-11-07 19:38:09,围网
15344,31.785750000000004,125.9955,2.5,118.0,2019-11-07 19:48:09,围网
15344,31.782277777777768,126.00036111111113,2.2,100.0,2019-11-07 19:58:11,围网
15344,31.77833333333333,126.00447222222222,2.7,172.0,2019-11-07 20:08:37,围网
15344,31.7745,126.00775,1.9,167.0,2019-11-07 20:18:09,围网
15344,31.77025,126.01094444444445,2.2,134.0,2019-11-07 20:28:09,围网
15344,31.76580555555556,126.01405555555556,2.0,163.0,2019-11-07 20:38:09,围网
15344,31.761277777777767,126.01719444444444,2.2,155.0,2019-11-07 20:48:09,围网
15344,31.761277777777767,126.01719444444444,2.2,155.0,2019-11-07 20:48:09,围网
15344,31.75858333333333,126.01938888888887,1.0,10.0,2019-11-07 20:58:09,围网
15344,31.76144444444445,126.01841666666668,1.3,330.0,2019-11-07 21:08:09,围网
15344,31.760222222222232,126.01994444444445,0.7,127.0,2019-11-07 21:18:09,围网
15344,31.76102777777778,126.01947222222222,3.8,349.0,2019-11-07 21:28:09,围网
15344,31.76225,126.01980555555555,7.1,178.0,2019-11-07 21:38:09,围网
15344,31.75255555555556,126.02038888888887,2.3,170.0,2019-11-07 21:48:09,围网
15344,31.74683333333333,126.02061111111112,1.8,176.0,2019-11-07 21:58:09,围网
15344,31.74683333333333,126.02061111111112,1.8,176.0,2019-11-07 21:58:09,围网
15344,31.74116666666667,126.02175,2.4,162.0,2019-11-07 22:08:09,围网
15344,31.7355,126.02308333333332,1.8,160.0,2019-11-07 22:18:09,围网
15344,31.729777777777766,126.02408333333334,3.1,182.0,2019-11-07 22:28:09,围网
15344,31.72397222222222,126.02488888888894,2.4,171.0,2019-11-07 22:38:09,围网
15344,31.71808333333333,126.02563888888888,2.5,163.0,2019-11-07 22:48:09,围网
15344,31.71230555555555,126.02680555555555,2.5,162.0,2019-11-07 22:58:09,围网
15344,31.70666666666667,126.02836111111112,2.0,168.0,2019-11-07 23:08:09,围网
15344,31.700916666666664,126.02977777777778,2.3,173.0,2019-11-07 23:18:09,围网
15344,31.695,126.03,2.0,177.0,2019-11-07 23:28:09,围网
15344,31.689083333333336,126.02994444444445,2.6,158.0,2019-11-07 23:38:11,围网
15344,31.6825,126.03005555555555,1.9,200.0,2019-11-07 23:49:04,围网
15344,31.677,126.03038888888894,2.3,159.0,2019-11-07 23:58:09,围网
15344,31.67088888888889,126.03058333333333,2.2,189.0,2019-11-08 00:08:09,围网
15344,31.66472222222221,126.0307222222222,2.2,171.0,2019-11-08 00:18:09,围网
15344,31.65858333333333,126.03111111111113,1.9,175.0,2019-11-08 00:28:08,围网
15344,31.65238888888889,126.03133333333334,2.5,198.0,2019-11-08 00:38:08,围网
15344,31.64625,126.03163888888888,2.5,178.0,2019-11-08 00:48:08,围网
15344,31.64019444444445,126.03188888888887,2.0,176.0,2019-11-08 00:58:08,围网
15344,31.63419444444445,126.03200000000001,1.7,182.0,2019-11-08 01:08:08,围网
15344,31.62825,126.03211111111112,2.0,190.0,2019-11-08 01:18:08,围网
15344,31.62233333333333,126.03222222222222,2.2,183.0,2019-11-08 01:28:08,围网
15344,31.6165,126.03280555555556,2.5,143.0,2019-11-08 01:38:08,围网
15344,31.610527777777786,126.03308333333332,2.3,201.0,2019-11-08 01:48:08,围网
15344,31.6045,126.03327777777777,2.4,177.0,2019-11-08 01:58:08,围网
15344,31.598416666666665,126.03325,2.0,192.0,2019-11-08 02:08:36,围网
15344,31.59311111111111,126.03333333333332,2.3,197.0,2019-11-08 02:18:08,围网
15344,31.587611111111112,126.03338888888894,1.8,192.0,2019-11-08 02:28:08,围网
15344,31.58225,126.03366666666668,1.3,193.0,2019-11-08 02:38:08,围网
15344,31.57708333333333,126.03380555555556,2.1,190.0,2019-11-08 02:48:08,围网
15344,31.57191666666667,126.03394444444444,2.2,162.0,2019-11-08 02:58:08,围网
15344,31.56683333333333,126.03402777777777,2.6,202.0,2019-11-08 03:08:08,围网
15344,31.562555555555555,126.03386111111112,0.5,0.0,2019-11-08 03:18:08,围网
15344,31.56552777777778,126.03327777777777,1.5,327.0,2019-11-08 03:28:08,围网
15344,31.56433333333333,126.03286111111113,1.7,200.0,2019-11-08 03:38:08,围网
15344,31.56102777777778,126.03211111111112,1.5,180.0,2019-11-08 03:48:08,围网
15344,31.55741666666667,126.03113888888888,2.4,196.0,2019-11-08 03:58:08,围网
15344,31.54675,126.0305,2.1,179.0,2019-11-08 04:08:08,围网
15344,31.54136111111111,126.03047222222223,2.5,179.0,2019-11-08 04:18:08,围网
15344,31.53594444444445,126.03016666666667,1.7,177.0,2019-11-08 04:28:08,围网
15344,31.53069444444445,126.03016666666667,2.8,192.0,2019-11-08 04:38:08,围网
15344,31.525527777777786,126.03047222222223,1.8,182.0,2019-11-08 04:48:08,围网
15344,31.520055555555555,126.03033333333336,1.7,173.0,2019-11-08 04:58:35,围网
15344,31.515138888888888,126.03008333333334,2.1,162.0,2019-11-08 05:08:08,围网
15344,31.510027777777786,126.02986111111107,1.3,176.0,2019-11-08 05:18:07,围网
15344,31.50486111111111,126.02961111111112,2.0,188.0,2019-11-08 05:28:07,围网
15344,31.49969444444445,126.02911111111106,2.0,177.0,2019-11-08 05:38:07,围网
15344,31.494694444444452,126.02938888888887,2.1,164.0,2019-11-08 05:48:07,围网
15344,31.48975,126.03025,1.9,173.0,2019-11-08 05:58:07,围网
15344,31.484777777777786,126.02930555555555,3.0,221.0,2019-11-08 06:08:07,围网
15344,31.48305555555556,126.02127777777778,3.3,276.0,2019-11-08 06:18:07,围网
15344,31.49091666666667,126.01741666666666,3.2,334.0,2019-11-08 06:28:07,围网
15344,31.49597222222221,126.0157222222222,2.4,358.0,2019-11-08 06:38:07,围网
15344,31.50083333333333,126.01508333333334,1.5,336.0,2019-11-08 06:48:07,围网
15344,31.505722222222207,126.01463888888892,1.7,5.0,2019-11-08 06:58:07,围网
15344,31.510388888888887,126.01375,3.5,38.0,2019-11-08 07:08:07,围网
15344,31.51511111111111,126.01311111111113,1.3,353.0,2019-11-08 07:18:07,围网
15344,31.51963888888889,126.0125,1.6,285.0,2019-11-08 07:28:08,围网
15344,31.524694444444453,126.01241666666668,1.7,345.0,2019-11-08 07:38:35,围网
15344,31.5295,126.01244444444444,1.8,17.0,2019-11-08 07:48:07,围网
15344,31.53441666666667,126.01230555555556,2.0,354.0,2019-11-08 07:58:07,围网
15344,31.539027777777786,126.01161111111112,1.9,355.0,2019-11-08 08:08:07,围网
15344,31.543888888888887,126.01136111111107,2.1,5.0,2019-11-08 08:18:07,围网
15344,31.54875,126.01130555555555,2.1,359.0,2019-11-08 08:28:07,围网
15344,31.55375,126.01111111111106,2.2,336.0,2019-11-08 08:38:07,围网
15344,31.558694444444445,126.01088888888893,1.9,344.0,2019-11-08 08:48:07,围网
15344,31.5635,126.01063888888888,1.5,5.0,2019-11-08 08:58:07,围网
15344,31.568305555555558,126.01044444444445,2.3,5.0,2019-11-08 09:08:07,围网
15344,31.573305555555557,126.01019444444445,2.2,30.0,2019-11-08 09:18:34,围网
15344,31.577222222222233,126.01158333333332,1.8,66.0,2019-11-08 09:28:07,围网
15344,31.575888888888887,126.0142777777778,1.0,117.0,2019-11-08 09:38:07,围网
15344,31.574388888888887,126.01761111111112,0.5,124.0,2019-11-08 09:48:07,围网
15344,31.57411111111111,126.01825,7.0,18.0,2019-11-08 09:58:07,围网
15344,31.592555555555553,126.01783333333334,6.2,357.0,2019-11-08 10:08:06,围网
15344,31.610805555555558,126.01613888888888,5.9,4.0,2019-11-08 10:18:06,围网
15344,31.62897222222222,126.01502777777776,6.4,10.0,2019-11-08 10:28:06,围网
15344,31.64713888888889,126.0155,5.7,6.0,2019-11-08 10:38:06,围网
15344,31.66533333333333,126.01700000000001,7.5,10.0,2019-11-08 10:48:06,围网
15344,31.66533333333333,126.01780555555555,7.8,174.0,2019-11-08 10:58:06,围网
15344,31.65725,126.01980555555555,2.4,169.0,2019-11-08 11:08:06,围网
15344,31.65136111111111,126.021,2.0,0.0,2019-11-08 11:18:08,围网
15344,31.64547222222223,126.02186111111112,2.7,146.0,2019-11-08 11:28:06,围网
15344,31.63952777777777,126.02291666666666,3.3,139.0,2019-11-08 11:38:06,围网
15344,31.63361111111111,126.02341666666666,2.1,161.0,2019-11-08 11:48:06,围网
15344,31.627666666666666,126.02433333333332,1.9,161.0,2019-11-08 11:58:06,围网
15344,31.62144444444445,126.02544444444445,2.0,174.0,2019-11-08 12:08:33,围网
15344,31.61558333333333,126.0265,2.2,168.0,2019-11-08 12:18:06,围网
15344,31.603583333333336,126.02730555555556,2.0,198.0,2019-11-08 12:38:06,围网
15344,31.59794444444444,126.02808333333333,2.1,168.0,2019-11-08 12:48:06,围网
15344,31.592027777777766,126.02888888888887,2.0,172.0,2019-11-08 12:58:06,围网
15344,31.58613888888889,126.02941666666666,1.7,182.0,2019-11-08 13:08:06,围网
15344,31.57994444444445,126.02941666666666,2.1,181.0,2019-11-08 13:18:06,围网
15344,31.57386111111111,126.02894444444445,1.8,203.0,2019-11-08 13:28:06,围网
15344,31.567916666666665,126.02858333333332,2.2,185.0,2019-11-08 13:38:06,围网
15344,31.556027777777786,126.0287777777778,1.7,189.0,2019-11-08 13:58:06,围网
15344,31.55005555555556,126.02869444444444,2.0,171.0,2019-11-08 14:08:06,围网
15344,31.543972222222234,126.02808333333333,1.3,0.0,2019-11-08 14:18:06,围网
15344,31.537972222222226,126.02727777777778,2.2,175.0,2019-11-08 14:28:34,围网
15344,31.53244444444445,126.02633333333333,1.7,178.0,2019-11-08 14:38:06,围网
15344,31.526694444444445,126.02522222222223,2.2,176.0,2019-11-08 14:48:06,围网
15344,31.52113888888889,126.02438888888888,2.1,183.0,2019-11-08 14:58:05,围网
15344,31.515638888888887,126.02313888888894,1.9,192.0,2019-11-08 15:08:05,围网
15344,31.510277777777766,126.02219444444445,2.5,201.0,2019-11-08 15:18:05,围网
15344,31.505138888888887,126.02105555555555,1.7,201.0,2019-11-08 15:28:05,围网
15344,31.50011111111111,126.01963888888888,2.2,185.0,2019-11-08 15:38:05,围网
15344,31.494972222222234,126.01788888888888,1.9,181.0,2019-11-08 15:48:05,围网
15344,31.48994444444445,126.01588888888894,2.0,189.0,2019-11-08 15:58:05,围网
15344,31.484972222222233,126.0137777777778,1.7,205.0,2019-11-08 16:08:05,围网
15344,31.48261111111111,126.01255555555555,1.5,22.0,2019-11-08 16:18:05,围网
15344,31.48627777777777,126.01255555555555,0.7,359.0,2019-11-08 16:28:05,围网
15344,31.483916666666666,126.01155555555556,0.9,266.0,2019-11-08 16:38:05,围网
15344,31.48113888888889,126.00991666666668,0.7,232.0,2019-11-08 16:48:05,围网
15344,31.478,126.00819444444444,2.8,227.0,2019-11-08 16:58:05,围网
15344,31.48755555555556,126.00572222222223,2.2,1.0,2019-11-08 17:08:05,围网
15344,31.49280555555556,126.00569444444444,2.1,25.0,2019-11-08 17:18:06,围网
15344,31.498166666666666,126.00522222222222,2.9,338.0,2019-11-08 17:28:33,围网
15344,31.50311111111111,126.0047777777778,2.2,11.0,2019-11-08 17:38:05,围网
15344,31.50822222222222,126.00411111111113,2.4,324.0,2019-11-08 17:48:05,围网
15344,31.51355555555556,126.00319444444445,2.0,352.0,2019-11-08 17:58:05,围网
15344,31.51886111111111,126.00286111111113,2.0,1.0,2019-11-08 18:08:05,围网
15344,31.524277777777765,126.00263888888887,2.2,20.0,2019-11-08 18:18:05,围网
15344,31.529722222222233,126.00255555555556,1.6,345.0,2019-11-08 18:28:05,围网
15344,31.53511111111111,126.00255555555556,2.4,345.0,2019-11-08 18:38:05,围网
15344,31.540527777777786,126.00238888888887,1.0,7.0,2019-11-08 18:48:05,围网
15344,31.54616666666667,126.00222222222222,2.2,355.0,2019-11-08 18:58:05,围网
15344,31.551972222222233,126.00213888888894,1.7,8.0,2019-11-08 19:08:05,围网
15344,31.557722222222232,126.00230555555555,2.0,359.0,2019-11-08 19:18:04,围网
15344,31.563527777777786,126.0019722222222,1.6,345.0,2019-11-08 19:28:04,围网
15344,31.56916666666667,126.00222222222222,1.9,19.0,2019-11-08 19:38:04,围网
15344,31.575,126.00258333333332,2.3,2.0,2019-11-08 19:48:04,围网
15344,31.58088888888889,126.00266666666668,2.8,21.0,2019-11-08 19:58:04,围网
15344,31.587027777777767,126.00294444444445,2.5,344.0,2019-11-08 20:08:32,围网
15344,31.592277777777767,126.00288888888888,1.7,357.0,2019-11-08 20:18:04,围网
15344,31.59775,126.00313888888893,1.7,357.0,2019-11-08 20:28:04,围网
15344,31.60308333333333,126.00391666666668,2.0,359.0,2019-11-08 20:38:04,围网
15344,31.6085,126.00472222222223,2.0,9.0,2019-11-08 20:48:04,围网
15344,31.613805555555558,126.0055,2.3,5.0,2019-11-08 20:58:04,围网
15344,31.619111111111113,126.00625,2.2,58.0,2019-11-08 21:08:04,围网
15344,31.62425,126.00705555555555,1.9,14.0,2019-11-08 21:18:04,围网
15344,31.629638888888888,126.00841666666668,2.0,1.0,2019-11-08 21:28:07,围网
15344,31.63458333333333,126.01172222222223,3.1,53.0,2019-11-08 21:38:04,围网
15344,31.636388888888888,126.02005555555556,2.5,98.0,2019-11-08 21:48:06,围网
15344,31.634638888888887,126.02802777777777,3.1,99.0,2019-11-08 21:58:04,围网
15344,31.632388888888887,126.03444444444445,3.1,100.0,2019-11-08 22:08:04,围网
15344,31.62988888888889,126.04047222222222,2.2,111.0,2019-11-08 22:18:04,围网
15344,31.62744444444445,126.04508333333334,1.2,266.0,2019-11-08 22:28:04,围网
15344,31.629222222222207,126.04291666666666,0.6,0.0,2019-11-08 22:38:04,围网
15344,31.628138888888888,126.04538888888888,1.9,115.0,2019-11-08 22:48:08,围网
15344,31.62755555555556,126.04558333333333,4.9,294.0,2019-11-08 22:58:04,围网
15344,31.63633333333333,126.03333333333332,4.9,318.0,2019-11-08 23:08:32,围网
15344,31.64547222222223,126.02,5.2,323.0,2019-11-08 23:18:04,围网
15344,31.64472222222221,126.02011111111106,6.9,164.0,2019-11-08 23:28:04,围网
15344,31.63519444444445,126.02238888888893,1.8,154.0,2019-11-08 23:38:04,围网
15344,31.629055555555553,126.02425,2.1,0.0,2019-11-08 23:48:05,围网
15344,31.62313888888889,126.0257777777778,2.1,178.0,2019-11-08 23:58:40,围网
15344,31.617472222222233,126.02669444444444,1.9,202.0,2019-11-09 00:08:04,围网
15344,31.611527777777766,126.02763888888887,2.6,167.0,2019-11-09 00:18:03,围网
15344,31.605555555555558,126.02869444444444,2.2,161.0,2019-11-09 00:28:03,围网
15344,31.59966666666667,126.02975,2.1,196.0,2019-11-09 00:38:03,围网
15344,31.593777777777767,126.03055555555555,2.0,184.0,2019-11-09 00:48:02,围网
15344,31.58783333333333,126.03133333333334,1.9,165.0,2019-11-09 00:58:02,围网
15344,31.58183333333333,126.03208333333332,1.9,172.0,2019-11-09 01:08:03,围网
15344,31.575805555555558,126.033,2.1,164.0,2019-11-09 01:18:02,围网
15344,31.56963888888889,126.03388888888887,2.3,167.0,2019-11-09 01:28:02,围网
15344,31.56361111111111,126.03488888888887,2.1,175.0,2019-11-09 01:38:02,围网
15344,31.55177777777777,126.03688888888887,2.5,175.0,2019-11-09 01:58:02,围网
15344,31.54583333333333,126.03763888888888,1.9,178.0,2019-11-09 02:08:02,围网
15344,31.539972222222232,126.0385,2.3,164.0,2019-11-09 02:18:02,围网
15344,31.534027777777766,126.03925,2.7,161.0,2019-11-09 02:28:02,围网
15344,31.52822222222222,126.04025,2.1,184.0,2019-11-09 02:38:02,围网
15344,31.522472222222234,126.04130555555555,2.3,168.0,2019-11-09 02:48:02,围网
15344,31.51675,126.04211111111113,2.0,144.0,2019-11-09 02:58:02,围网
15344,31.511138888888887,126.04308333333331,2.3,160.0,2019-11-09 03:08:02,围网
15344,31.505666666666666,126.0439722222222,2.8,155.0,2019-11-09 03:18:02,围网
15344,31.50030555555556,126.04475,1.8,170.0,2019-11-09 03:28:02,围网
15344,31.49483333333333,126.04566666666666,2.1,171.0,2019-11-09 03:38:02,围网
15344,31.489555555555555,126.04641666666666,1.2,161.0,2019-11-09 03:48:30,围网
15344,31.48466666666667,126.04736111111107,2.0,188.0,2019-11-09 03:58:02,围网
15344,31.47944444444445,126.04825,1.9,176.0,2019-11-09 04:08:02,围网
15344,31.47422222222221,126.04911111111107,1.8,179.0,2019-11-09 04:18:02,围网
15344,31.469166666666666,126.04986111111107,1.8,171.0,2019-11-09 04:28:02,围网
15344,31.46408333333333,126.05061111111112,1.9,171.0,2019-11-09 04:38:02,围网
15344,31.459111111111113,126.05147222222222,2.0,180.0,2019-11-09 04:48:02,围网
15344,31.45422222222221,126.05225,2.0,167.0,2019-11-09 04:58:02,围网
15344,31.449305555555554,126.05302777777777,1.7,190.0,2019-11-09 05:08:02,围网
15344,31.44466666666667,126.05366666666669,1.9,169.0,2019-11-09 05:18:02,围网
15344,31.440222222222232,126.05430555555556,1.2,176.0,2019-11-09 05:28:02,围网
15344,31.43583333333333,126.05505555555555,1.8,171.0,2019-11-09 05:38:02,围网
15344,31.431583333333336,126.05569444444444,1.2,182.0,2019-11-09 05:48:01,围网
15344,31.42902777777777,126.05541666666666,1.6,349.0,2019-11-09 05:58:01,围网
15344,31.433083333333336,126.05444444444444,1.5,334.0,2019-11-09 06:08:30,围网
15344,31.431694444444453,126.05397222222223,2.0,179.0,2019-11-09 06:18:01,围网
15344,31.435,126.04969444444444,4.6,337.0,2019-11-09 06:28:01,围网
15344,31.440472222222233,126.04536111111106,3.3,223.0,2019-11-09 06:38:01,围网
15344,31.450555555555553,126.04094444444445,3.2,29.0,2019-11-09 06:48:01,围网
15344,31.45588888888889,126.03991666666668,2.6,352.0,2019-11-09 06:58:01,围网
15344,31.46113888888889,126.03861111111112,1.9,2.0,2019-11-09 07:08:01,围网
15344,31.46675,126.03802777777777,2.4,30.0,2019-11-09 07:18:01,围网
15344,31.472027777777768,126.03725,1.7,14.0,2019-11-09 07:28:01,围网
15344,31.47666666666667,126.03655555555555,2.4,318.0,2019-11-09 07:38:01,围网
15344,31.481527777777767,126.0360277777778,2.0,340.0,2019-11-09 07:48:01,围网
15344,31.48683333333333,126.03630555555556,2.0,359.0,2019-11-09 07:58:01,围网
15344,31.491972222222234,126.03738888888893,2.2,12.0,2019-11-09 08:08:01,围网
15344,31.497,126.03830555555555,2.4,23.0,2019-11-09 08:18:01,围网
15344,31.501555555555555,126.0407777777778,1.5,70.0,2019-11-09 08:28:01,围网
15344,31.500166666666665,126.04913888888888,2.9,129.0,2019-11-09 08:38:01,围网
15344,31.49733333333333,126.05536111111113,2.3,141.0,2019-11-09 08:48:01,围网
15344,31.49416666666667,126.06088888888893,2.5,97.0,2019-11-09 08:58:01,围网
15344,31.49075,126.06611111111113,2.0,150.0,2019-11-09 09:08:03,围网
15344,31.48680555555556,126.07111111111112,2.8,160.0,2019-11-09 09:18:06,围网
15344,31.482722222222232,126.07666666666668,1.9,123.0,2019-11-09 09:28:33,围网
15344,31.479111111111113,126.08177777777777,2.7,133.0,2019-11-09 09:38:01,围网
15344,31.475361111111113,126.08733333333332,2.1,114.0,2019-11-09 09:48:01,围网
15344,31.46769444444445,126.09788888888887,2.1,145.0,2019-11-09 10:08:01,围网
15344,31.464027777777765,126.10338888888887,2.0,138.0,2019-11-09 10:18:01,围网
15344,31.460555555555555,126.10916666666668,2.2,127.0,2019-11-09 10:28:01,围网
15344,31.456861111111113,126.1147222222222,2.8,117.0,2019-11-09 10:38:00,围网
15344,31.452972222222233,126.12005555555555,2.1,130.0,2019-11-09 10:48:00,围网
15344,31.448694444444445,126.12513888888887,2.2,133.0,2019-11-09 10:58:00,围网
15344,31.444194444444445,126.13002777777777,2.5,164.0,2019-11-09 11:08:00,围网
15344,31.43944444444445,126.13458333333334,2.2,133.0,2019-11-09 11:18:00,围网
15344,31.4345,126.13875,2.7,135.0,2019-11-09 11:28:00,围网
15344,31.429527777777786,126.14288888888888,2.3,151.0,2019-11-09 11:38:00,围网
15344,31.42447222222223,126.14686111111112,2.4,155.0,2019-11-09 11:48:00,围网
15344,31.41941666666667,126.15075,2.8,149.0,2019-11-09 11:58:00,围网
15344,31.41402777777777,126.15469444444444,1.6,158.0,2019-11-09 12:08:28,围网
15344,31.409111111111113,126.15791666666668,2.3,154.0,2019-11-09 12:18:00,围网
15344,31.4095,126.15816666666667,1.4,335.0,2019-11-09 12:28:00,围网
15344,31.40908333333333,126.15908333333334,0.1,0.0,2019-11-09 12:38:00,围网
15344,31.405555555555555,126.16041666666666,2.3,166.0,2019-11-09 12:48:00,围网
15344,31.418222222222226,126.15838888888894,6.3,351.0,2019-11-09 12:58:00,围网
15344,31.42511111111111,126.15866666666668,3.6,205.0,2019-11-09 13:08:00,围网
15344,31.41336111111111,126.15905555555555,2.2,162.0,2019-11-09 13:18:00,围网
15344,31.407416666666666,126.16069444444445,2.3,152.0,2019-11-09 13:28:00,围网
15344,31.40147222222221,126.16266666666668,2.0,167.0,2019-11-09 13:38:00,围网
15344,31.395611111111112,126.16450000000002,2.0,171.0,2019-11-09 13:48:00,围网
15344,31.389805555555554,126.16633333333334,2.2,154.0,2019-11-09 13:58:00,围网
15344,31.384027777777767,126.168,2.0,167.0,2019-11-09 14:08:00,围网
15344,31.37838888888889,126.16947222222224,2.6,160.0,2019-11-09 14:18:00,围网
15344,31.37238888888889,126.17005555555555,2.3,180.0,2019-11-09 14:28:27,围网
15344,31.36683333333333,126.16930555555555,2.0,193.0,2019-11-09 14:38:00,围网
15344,31.36108333333333,126.16805555555555,2.2,201.0,2019-11-09 14:48:00,围网
15344,31.35552777777778,126.16647222222224,2.1,197.0,2019-11-09 14:58:00,围网
15344,31.35016666666667,126.16458333333334,2.2,194.0,2019-11-09 15:08:00,围网
15344,31.34497222222221,126.16208333333331,2.1,188.0,2019-11-09 15:18:00,围网
15344,31.34,126.15933333333336,2.1,204.0,2019-11-09 15:27:59,围网
15344,31.334861111111113,126.15730555555555,1.8,200.0,2019-11-09 15:37:59,围网
15344,31.329611111111113,126.15519444444445,2.1,212.0,2019-11-09 15:47:59,围网
15344,31.32491666666667,126.15111111111112,3.2,208.0,2019-11-09 15:57:59,围网
15344,31.323277777777786,126.14755555555556,3.2,328.0,2019-11-09 16:07:59,围网
15344,31.32686111111111,126.14922222222224,1.5,164.0,2019-11-09 16:17:59,围网
15344,31.32458333333333,126.14705555555555,1.3,213.0,2019-11-09 16:27:59,围网
15344,31.325222222222234,126.13180555555556,8.2,289.0,2019-11-09 16:37:59,围网
15344,31.326527777777766,126.1052222222222,8.3,276.0,2019-11-09 16:47:59,围网
15344,31.32694444444445,126.07905555555556,7.8,276.0,2019-11-09 16:57:59,围网
15344,31.32788888888889,126.05255555555556,7.5,269.0,2019-11-09 17:07:59,围网
15344,31.32922222222221,126.02661111111112,7.6,267.0,2019-11-09 17:18:01,围网
15344,31.32938888888889,126.00002777777777,7.5,263.0,2019-11-09 17:28:01,围网
15344,31.329555555555554,125.97136111111112,8.2,268.0,2019-11-09 17:38:27,围网
15344,31.329527777777766,125.94561111111112,7.9,277.0,2019-11-09 17:47:59,围网
15344,31.330527777777768,125.91886111111113,9.1,266.0,2019-11-09 17:57:59,围网
15344,31.33125,125.89194444444445,8.3,259.0,2019-11-09 18:07:59,围网
15344,31.326611111111113,125.86580555555555,8.2,259.0,2019-11-09 18:17:59,围网
15344,31.322388888888888,125.83991666666668,7.8,263.0,2019-11-09 18:27:59,围网
15344,31.31805555555556,125.81369444444445,8.7,254.0,2019-11-09 18:37:59,围网
15344,31.31330555555556,125.78761111111106,8.0,256.0,2019-11-09 18:47:59,围网
15344,31.31036111111111,125.76430555555555,1.0,235.0,2019-11-09 18:57:59,围网
15344,31.317611111111113,125.76008333333334,2.6,353.0,2019-11-09 19:07:59,围网
15344,31.3245,125.75872222222222,2.3,359.0,2019-11-09 19:18:27,围网
15344,31.330666666666666,125.7577222222222,2.3,349.0,2019-11-09 19:27:59,围网
15344,31.337055555555555,125.75708333333333,2.0,357.0,2019-11-09 19:37:59,围网
15344,31.34347222222221,125.75741666666669,2.1,10.0,2019-11-09 19:47:59,围网
15344,31.34983333333333,125.758,2.6,354.0,2019-11-09 19:57:59,围网
15344,31.356222222222208,125.7585,2.2,0.0,2019-11-09 20:07:59,围网
15344,31.36261111111111,125.75880555555555,2.6,355.0,2019-11-09 20:17:58,围网
15344,31.368666666666666,125.76130555555555,2.0,26.0,2019-11-09 20:27:58,围网
15344,31.374305555555555,125.76458333333332,1.7,27.0,2019-11-09 20:37:58,围网
15344,31.380722222222207,125.76527777777778,2.4,4.0,2019-11-09 20:47:58,围网
15344,31.387,125.76505555555555,2.3,357.0,2019-11-09 20:57:58,围网
15344,31.393166666666666,125.765,2.4,1.0,2019-11-09 21:07:58,围网
15344,31.399277777777765,125.76569444444445,2.2,10.0,2019-11-09 21:17:58,围网
15344,31.40569444444445,125.76711111111112,2.2,7.0,2019-11-09 21:28:27,围网
15344,31.41144444444444,125.76866666666668,2.0,0.0,2019-11-09 21:37:58,围网
15344,31.417444444444445,125.77025,2.4,9.0,2019-11-09 21:47:58,围网
15344,31.423305555555558,125.77186111111112,2.5,31.0,2019-11-09 21:57:58,围网
15344,31.42908333333333,125.77341666666666,2.6,12.0,2019-11-09 22:07:58,围网
15344,31.434722222222234,125.77486111111112,2.2,32.0,2019-11-09 22:17:58,围网
15344,31.44013888888889,125.77733333333332,2.5,44.0,2019-11-09 22:27:58,围网
15344,31.44183333333333,125.78222222222222,0.9,168.0,2019-11-09 22:37:58,围网
15344,31.43958333333333,125.78441666666666,2.3,159.0,2019-11-09 22:47:58,围网
15344,31.43844444444445,125.7865,0.9,136.0,2019-11-09 22:57:58,围网
15344,31.43508333333333,125.77136111111106,6.8,260.0,2019-11-09 23:07:58,围网
15344,31.43225,125.74894444444445,6.9,258.0,2019-11-09 23:17:58,围网
15344,31.430722222222233,125.72638888888888,7.5,265.0,2019-11-09 23:27:58,围网
15344,31.42791666666667,125.703,6.9,264.0,2019-11-09 23:38:26,围网
15344,31.42241666666667,125.68686111111113,1.6,135.0,2019-11-09 23:47:58,围网
15344,31.41322222222221,125.6855277777778,2.7,158.0,2019-11-09 23:57:58,围网
15344,31.40708333333333,125.68608333333331,2.1,186.0,2019-11-10 00:07:58,围网
15344,31.400805555555554,125.68669444444444,2.6,178.0,2019-11-10 00:17:58,围网
15344,31.394361111111113,125.6875,2.0,186.0,2019-11-10 00:27:58,围网
15344,31.387916666666666,125.68822222222224,2.3,180.0,2019-11-10 00:37:58,围网
15344,31.38136111111111,125.68922222222223,2.2,175.0,2019-11-10 00:47:58,围网
15344,31.37466666666667,125.69027777777778,2.4,174.0,2019-11-10 00:57:58,围网
15344,31.36808333333333,125.69058333333334,2.4,175.0,2019-11-10 01:07:57,围网
15344,31.36138888888889,125.69044444444445,2.3,181.0,2019-11-10 01:17:57,围网
15344,31.35477777777778,125.69033333333334,2.3,178.0,2019-11-10 01:27:57,围网
15344,31.34808333333333,125.69019444444444,2.4,192.0,2019-11-10 01:37:57,围网
15344,31.341416666666664,125.69013888888887,2.4,166.0,2019-11-10 01:47:57,围网
15344,31.33466666666667,125.69,2.6,173.0,2019-11-10 01:58:01,围网
15344,31.327638888888888,125.68980555555555,2.8,178.0,2019-11-10 02:08:25,围网
15344,31.32119444444445,125.68980555555555,2.5,182.0,2019-11-10 02:17:57,围网
15344,31.3145,125.6897777777778,2.3,182.0,2019-11-10 02:27:57,围网
15344,31.30777777777779,125.68966666666668,2.5,178.0,2019-11-10 02:37:57,围网
15344,31.30113888888889,125.68983333333334,2.4,175.0,2019-11-10 02:47:57,围网
15344,31.294555555555558,125.68986111111113,2.3,171.0,2019-11-10 02:57:57,围网
15344,31.288138888888888,125.68988888888893,2.1,173.0,2019-11-10 03:07:57,围网
15344,31.281805555555554,125.68988888888893,2.5,177.0,2019-11-10 03:17:57,围网
15344,31.27561111111111,125.68986111111113,1.9,173.0,2019-11-10 03:27:57,围网
15344,31.26947222222222,125.69002777777777,2.2,185.0,2019-11-10 03:37:57,围网
15344,31.263388888888887,125.6899722222222,1.9,172.0,2019-11-10 03:47:57,围网
15344,31.25725,125.68972222222223,2.1,187.0,2019-11-10 03:57:57,围网
15344,31.251277777777766,125.68911111111113,2.0,186.0,2019-11-10 04:07:57,围网
15344,31.245361111111112,125.68844444444444,1.9,182.0,2019-11-10 04:17:57,围网
15344,31.24105555555556,125.68719444444444,0.9,7.0,2019-11-10 04:27:57,围网
15344,31.244138888888887,125.6855277777778,1.1,265.0,2019-11-10 04:37:57,围网
15344,31.24241666666667,125.68255555555555,1.5,240.0,2019-11-10 04:47:57,围网
15344,31.2395,125.68080555555555,6.8,112.0,2019-11-10 04:57:57,围网
15344,31.241944444444453,125.70286111111112,6.9,81.0,2019-11-10 05:07:57,围网
15344,31.24183333333333,125.72583333333334,7.0,97.0,2019-11-10 05:17:59,围网
15344,31.23577777777778,125.7475,6.9,95.0,2019-11-10 05:27:57,围网
15344,31.23638888888889,125.76205555555555,2.1,141.0,2019-11-10 05:37:57,围网
15344,31.24525,125.75911111111112,1.8,356.0,2019-11-10 05:47:57,围网
15344,31.25161111111111,125.75836111111113,2.2,359.0,2019-11-10 05:58:39,围网
15344,31.25725,125.7582777777778,2.3,354.0,2019-11-10 06:07:56,围网
15344,31.263361111111113,125.75844444444445,2.2,2.0,2019-11-10 06:17:56,围网
15344,31.26963888888889,125.75855555555556,2.5,10.0,2019-11-10 06:27:56,围网
15344,31.276027777777767,125.75866666666668,2.6,8.0,2019-11-10 06:37:56,围网
15344,31.282555555555554,125.75883333333331,2.7,10.0,2019-11-10 06:47:56,围网
15344,31.289055555555557,125.75880555555555,2.7,13.0,2019-11-10 06:57:56,围网
15344,31.295666666666666,125.759,2.9,5.0,2019-11-10 07:07:56,围网
15344,31.30236111111111,125.75919444444445,2.6,12.0,2019-11-10 07:17:56,围网
15344,31.30913888888889,125.75938888888888,2.4,9.0,2019-11-10 07:27:56,围网
15344,31.316,125.75958333333332,2.7,24.0,2019-11-10 07:37:56,围网
15344,31.322888888888887,125.7597222222222,2.5,19.0,2019-11-10 07:47:56,围网
15344,31.32986111111111,125.75997222222222,2.6,10.0,2019-11-10 07:57:56,围网
15344,31.336777777777765,125.76025,2.6,0.0,2019-11-10 08:07:56,围网
15344,31.34372222222222,125.76055555555556,3.0,45.0,2019-11-10 08:17:56,围网
15344,31.35058333333333,125.76086111111113,2.8,0.0,2019-11-10 08:27:56,围网
15344,31.35747222222223,125.76094444444445,2.8,0.0,2019-11-10 08:37:56,围网
15344,31.36433333333333,125.76094444444445,2.3,0.0,2019-11-10 08:47:56,围网
15344,31.37108333333333,125.76155555555556,2.8,51.0,2019-11-10 08:57:56,围网
15344,31.37808333333333,125.76263888888887,2.5,356.0,2019-11-10 09:08:27,围网
15344,31.38436111111111,125.76372222222223,2.6,20.0,2019-11-10 09:17:56,围网
15344,31.391,125.76480555555555,2.3,14.0,2019-11-10 09:27:56,围网
15344,31.403916666666664,125.76669444444444,2.4,350.0,2019-11-10 09:47:56,围网
15344,31.410277777777768,125.76761111111112,2.3,359.0,2019-11-10 09:57:56,围网
15344,31.416638888888887,125.76858333333332,2.3,351.0,2019-11-10 10:07:56,围网
15344,31.423027777777786,125.76988888888893,2.4,16.0,2019-11-10 10:17:56,围网
15344,31.42908333333333,125.77222222222224,2.5,30.0,2019-11-10 10:27:56,围网
15344,31.42961111111111,125.77430555555556,0.8,157.0,2019-11-10 10:37:56,围网
15344,31.42902777777777,125.77652777777777,0.2,0.0,2019-11-10 10:47:56,围网
15344,31.42916666666667,125.77966666666666,2.8,141.0,2019-11-10 10:57:55,围网
15344,31.429055555555554,125.77591666666667,4.2,152.0,2019-11-10 11:07:55,围网
15344,31.42072222222221,125.78380555555556,2.5,116.0,2019-11-10 11:17:55,围网
15344,31.417277777777766,125.79036111111112,2.4,120.0,2019-11-10 11:27:55,围网
15344,31.41411111111111,125.79713888888894,2.3,119.0,2019-11-10 11:37:55,围网
15344,31.411277777777766,125.8042222222222,2.5,110.0,2019-11-10 11:47:55,围网
15344,31.40858333333333,125.81125,2.3,117.0,2019-11-10 11:57:55,围网
15344,31.40513888888889,125.81855555555555,2.3,118.0,2019-11-10 12:08:38,围网
15344,31.40233333333333,125.82483333333332,2.3,123.0,2019-11-10 12:17:55,围网
15344,31.39905555555555,125.83144444444444,2.5,124.0,2019-11-10 12:27:55,围网
15344,31.395416666666666,125.83783333333334,2.4,132.0,2019-11-10 12:37:55,围网
15344,31.391666666666666,125.84436111111113,2.7,125.0,2019-11-10 12:47:55,围网
15344,31.388,125.85077777777776,2.2,124.0,2019-11-10 12:57:55,围网
15344,31.38405555555555,125.85758333333332,2.3,128.0,2019-11-10 13:08:33,围网
15344,31.38119444444445,125.8637222222222,2.3,104.0,2019-11-10 13:17:55,围网
15344,31.37983333333333,125.87091666666666,2.1,108.0,2019-11-10 13:27:55,围网
15344,31.37866666666667,125.8779722222222,2.2,104.0,2019-11-10 13:37:55,围网
15344,31.37713888888889,125.8847222222222,2.4,115.0,2019-11-10 13:47:55,围网
15344,31.37472222222221,125.8912777777778,1.9,110.0,2019-11-10 13:57:55,围网
15344,31.37175,125.8972777777778,2.1,126.0,2019-11-10 14:07:55,围网
15344,31.36725,125.90241666666668,2.3,147.0,2019-11-10 14:17:55,围网
15344,31.362305555555555,125.9067777777778,2.3,148.0,2019-11-10 14:27:55,围网
15344,31.35683333333333,125.91005555555556,2.3,160.0,2019-11-10 14:37:55,围网
15344,31.35091666666667,125.91225,2.1,165.0,2019-11-10 14:47:55,围网
15344,31.34508333333333,125.91408333333334,2.1,162.0,2019-11-10 14:57:55,围网
15344,31.33947222222222,125.91580555555555,2.0,174.0,2019-11-10 15:07:55,围网
15344,31.33388888888889,125.91741666666668,2.2,161.0,2019-11-10 15:17:55,围网
15344,31.32847222222221,125.91908333333332,2.0,165.0,2019-11-10 15:27:55,围网
15344,31.32311111111111,125.92063888888893,6.2,181.0,2019-11-10 15:37:54,围网
15344,31.317305555555553,125.92036111111112,2.1,189.0,2019-11-10 15:47:54,围网
15344,31.31144444444445,125.91797222222223,2.4,200.0,2019-11-10 15:57:54,围网
15344,31.30577777777778,125.91411111111113,2.3,207.0,2019-11-10 16:08:26,围网
15344,31.301277777777766,125.90980555555555,2.3,225.0,2019-11-10 16:17:54,围网
15344,31.296861111111113,125.90494444444445,2.2,234.0,2019-11-10 16:27:54,围网
15344,31.29483333333333,125.90163888888887,0.6,215.0,2019-11-10 16:37:54,围网
15344,31.29438888888889,125.89927777777778,2.1,274.0,2019-11-10 16:47:54,围网
15344,31.295861111111112,125.89925,0.4,7.0,2019-11-10 16:57:54,围网
15344,31.300472222222233,125.90094444444445,5.3,15.0,2019-11-10 17:07:54,围网
15344,31.317722222222233,125.91163888888887,7.4,32.0,2019-11-10 17:17:54,围网
15344,31.338,125.92086111111112,7.7,26.0,2019-11-10 17:27:54,围网
15344,31.35894444444445,125.92883333333332,7.9,21.0,2019-11-10 17:37:54,围网
15344,31.38008333333333,125.9362777777778,7.9,13.0,2019-11-10 17:47:54,围网
15344,31.401777777777767,125.94244444444445,7.6,18.0,2019-11-10 17:57:54,围网
15344,31.423444444444453,125.94852777777778,8.0,8.0,2019-11-10 18:07:54,围网
15344,31.44569444444444,125.95336111111112,8.3,7.0,2019-11-10 18:17:54,围网
15344,31.45458333333333,125.95608333333332,7.7,52.0,2019-11-10 18:27:54,围网
15344,31.461055555555557,125.9607777777778,2.5,10.0,2019-11-10 18:37:54,围网
15344,31.467666666666666,125.96161111111113,2.4,353.0,2019-11-10 18:47:54,围网
15344,31.474055555555548,125.9620277777778,2.3,5.0,2019-11-10 18:57:54,围网
15344,31.48036111111111,125.96236111111112,3.3,35.0,2019-11-10 19:07:55,围网
15344,31.487027777777786,125.96266666666668,2.3,347.0,2019-11-10 19:18:25,围网
15344,31.493000000000002,125.96302777777777,2.7,6.0,2019-11-10 19:27:54,围网
15344,31.499277777777767,125.96352777777778,2.6,20.0,2019-11-10 19:37:54,围网
15344,31.50563888888889,125.96402777777777,2.0,343.0,2019-11-10 19:47:54,围网
15344,31.512138888888888,125.96461111111113,2.3,7.0,2019-11-10 19:57:53,围网
15344,31.518527777777766,125.96586111111112,2.1,357.0,2019-11-10 20:07:53,围网
15344,31.524916666666666,125.9675,2.5,12.0,2019-11-10 20:17:53,围网
15344,31.53133333333333,125.96913888888888,2.4,11.0,2019-11-10 20:27:53,围网
15344,31.53769444444445,125.97111111111113,3.0,32.0,2019-11-10 20:37:53,围网
15344,31.543861111111113,125.97363888888887,2.2,9.0,2019-11-10 20:47:53,围网
15344,31.549888888888887,125.97644444444445,2.5,35.0,2019-11-10 20:57:53,围网
15344,31.55525,125.98041666666668,2.5,40.0,2019-11-10 21:07:53,围网
15344,31.560416666666665,125.98505555555555,2.2,33.0,2019-11-10 21:18:09,围网
15344,31.56458333333333,125.99016666666668,2.4,59.0,2019-11-10 21:27:53,围网
15344,31.56844444444444,125.99588888888893,2.4,59.0,2019-11-10 21:37:53,围网
15344,31.573166666666665,126.00094444444444,2.2,42.0,2019-11-10 21:47:53,围网
15344,31.578166666666664,126.00538888888887,2.8,51.0,2019-11-10 21:57:53,围网
15344,31.583388888888887,126.00941666666668,2.0,42.0,2019-11-10 22:07:52,围网
15344,31.588305555555557,126.01333333333334,2.1,51.0,2019-11-10 22:17:53,围网
15344,31.59308333333333,126.01738888888887,2.0,30.0,2019-11-10 22:27:52,围网
15344,31.59708333333333,126.02291666666666,3.6,78.0,2019-11-10 22:37:55,围网
15344,31.600361111111113,126.02902777777777,2.5,72.0,2019-11-10 22:47:52,围网
15344,31.603305555555558,126.03577777777777,2.8,85.0,2019-11-10 22:57:52,围网
15344,31.60577777777778,126.04255555555555,2.4,77.0,2019-11-10 23:07:52,围网
15344,31.608000000000004,126.04966666666668,2.3,69.0,2019-11-10 23:18:08,围网
15344,31.60972222222223,126.05669444444445,2.2,63.0,2019-11-10 23:27:52,围网
15344,31.61144444444445,126.06383333333332,2.9,99.0,2019-11-10 23:37:52,围网
15344,31.61269444444445,126.07116666666668,2.0,54.0,2019-11-10 23:47:52,围网
15344,31.61338888888889,126.07875,2.8,99.0,2019-11-10 23:57:52,围网
15344,31.61263888888889,126.08255555555556,1.8,175.0,2019-11-11 00:07:52,围网
15344,31.611583333333336,126.08063888888887,2.3,103.0,2019-11-11 00:17:52,围网
15344,31.610555555555557,126.08594444444445,0.1,0.0,2019-11-11 00:27:52,围网
15344,31.608361111111112,126.08994444444444,1.2,317.0,2019-11-11 00:37:52,围网
15344,31.608472222222233,126.09133333333332,0.9,0.0,2019-11-11 00:47:52,围网
15344,31.6075,126.09313888888887,0.5,0.0,2019-11-11 00:57:52,围网
15344,31.60736111111111,126.09319444444445,0.7,0.0,2019-11-11 01:07:54,围网
15344,31.607222222222234,126.09325,1.4,122.0,2019-11-11 01:17:53,围网
15344,31.607027777777766,126.09316666666666,1.2,0.0,2019-11-11 01:27:52,围网
15344,31.60694444444445,126.09336111111112,1.0,0.0,2019-11-11 01:37:51,围网
15344,31.60686111111111,126.09341666666668,0.5,156.0,2019-11-11 01:48:08,围网
15344,31.60675,126.09344444444444,0.1,0.0,2019-11-11 01:57:51,围网
15344,31.606472222222234,126.09344444444444,0.3,0.0,2019-11-11 02:07:51,围网
15344,31.60613888888889,126.09330555555556,0.8,0.0,2019-11-11 02:17:51,围网
15344,31.606277777777766,126.09352777777778,1.0,164.0,2019-11-11 02:27:51,围网
15344,31.605888888888888,126.09330555555556,0.7,0.0,2019-11-11 02:37:51,围网
15344,31.605694444444445,126.09316666666666,0.9,0.0,2019-11-11 02:47:51,围网
15344,31.605583333333332,126.09311111111113,1.3,150.0,2019-11-11 02:57:51,围网
15344,31.60536111111111,126.09302777777776,1.3,0.0,2019-11-11 03:07:51,围网
15344,31.60525,126.09280555555556,1.8,146.0,2019-11-11 03:17:54,围网
15344,31.605166666666666,126.09258333333334,2.3,278.0,2019-11-11 03:27:55,围网
15344,31.60505555555555,126.09244444444445,0.1,0.0,2019-11-11 03:38:08,围网
15344,31.605027777777767,126.09241666666668,1.5,27.0,2019-11-11 03:47:51,围网
15344,31.605027777777767,126.09238888888888,2.9,27.0,2019-11-11 03:57:51,围网
15344,31.604944444444453,126.09225,0.6,224.0,2019-11-11 04:07:51,围网
15344,31.604805555555558,126.092,1.0,6.0,2019-11-11 04:17:51,围网
15344,31.60477777777778,126.09191666666666,2.5,22.0,2019-11-11 04:27:51,围网
15344,31.60466666666667,126.09180555555555,0.8,0.0,2019-11-11 04:37:51,围网
15344,31.604722222222232,126.09183333333334,0.5,38.0,2019-11-11 04:47:51,围网
15344,31.60477777777778,126.09180555555555,0.4,0.0,2019-11-11 04:57:51,围网
15344,31.60475000000001,126.09186111111113,0.2,0.0,2019-11-11 05:07:51,围网
15344,31.604805555555558,126.09194444444445,1.8,248.0,2019-11-11 05:17:51,围网
15344,31.60475000000001,126.0917777777778,0.0,0.0,2019-11-11 05:27:51,围网
15344,31.604805555555558,126.09188888888887,1.0,113.0,2019-11-11 05:37:51,围网
15344,31.60475000000001,126.09186111111113,1.4,186.0,2019-11-11 05:47:51,围网
15344,31.604805555555558,126.0917777777778,1.5,0.0,2019-11-11 05:57:51,围网
15344,31.60491666666667,126.0919722222222,1.1,43.0,2019-11-11 06:08:07,围网
15344,31.605027777777767,126.09225,1.5,328.0,2019-11-11 06:17:50,围网
15344,31.60519444444445,126.09233333333331,0.2,0.0,2019-11-11 06:27:50,围网
15344,31.605277777777786,126.09244444444445,1.3,71.0,2019-11-11 06:37:50,围网
15344,31.60525,126.09236111111107,2.0,82.0,2019-11-11 06:47:50,围网
15344,31.605555555555558,126.09261111111113,1.5,190.0,2019-11-11 06:57:50,围网
15344,31.605583333333332,126.09269444444445,0.4,0.0,2019-11-11 07:07:50,围网
15344,31.605750000000004,126.09277777777777,1.3,93.0,2019-11-11 07:17:50,围网
15344,31.605999999999998,126.09299999999999,1.6,88.0,2019-11-11 07:27:50,围网
15344,31.606361111111113,126.09325,1.1,70.0,2019-11-11 07:37:50,围网
15344,31.60669444444445,126.09344444444444,1.0,134.0,2019-11-11 07:47:50,围网
15344,31.607138888888887,126.09377777777777,2.2,103.0,2019-11-11 07:57:50,围网
15344,31.607,126.09375,0.9,0.0,2019-11-11 08:07:50,围网
15344,31.607972222222234,126.09227777777778,0.5,0.0,2019-11-11 08:17:50,围网
15344,31.608833333333337,126.08816666666668,3.2,99.0,2019-11-11 08:27:50,围网
15344,31.618972222222233,126.0722222222222,4.7,310.0,2019-11-11 08:37:50,围网
15344,31.63269444444445,126.05794444444444,5.8,335.0,2019-11-11 08:47:50,围网
15344,31.64997222222223,126.04816666666666,4.5,349.0,2019-11-11 08:57:53,围网
15344,31.66866666666667,126.03991666666668,7.5,350.0,2019-11-11 09:08:08,围网
15344,31.680027777777767,126.03455555555556,0.8,43.0,2019-11-11 09:17:50,围网
15344,31.680611111111112,126.03611111111113,1.0,334.0,2019-11-11 09:27:50,围网
15344,31.68080555555556,126.03758333333332,1.0,347.0,2019-11-11 09:37:50,围网
15344,31.681,126.03955555555555,0.7,99.0,2019-11-11 09:47:50,围网
15344,31.68119444444445,126.04158333333334,1.5,91.0,2019-11-11 09:57:50,围网
15344,31.681527777777767,126.04408333333332,0.5,87.0,2019-11-11 10:07:50,围网
15344,31.681444444444452,126.04636111111107,1.1,97.0,2019-11-11 10:17:50,围网
15344,31.681444444444452,126.04913888888888,2.6,105.0,2019-11-11 10:27:50,围网
15344,31.68111111111111,126.0517222222222,1.3,352.0,2019-11-11 10:37:50,围网
15344,31.68080555555556,126.05491666666668,2.6,94.0,2019-11-11 10:47:50,围网
15344,31.680111111111113,126.05783333333332,1.8,83.0,2019-11-11 10:57:49,围网
15344,31.679361111111113,126.06105555555555,1.0,109.0,2019-11-11 11:07:49,围网
15344,31.67841666666667,126.06444444444445,1.7,131.0,2019-11-11 11:17:49,围网
15344,31.67725,126.0679722222222,1.4,93.0,2019-11-11 11:27:49,围网
15344,31.67594444444445,126.07163888888887,1.4,120.0,2019-11-11 11:37:49,围网
15344,31.674527777777786,126.07558333333333,2.5,117.0,2019-11-11 11:47:49,围网
15344,31.672888888888888,126.07952777777777,2.3,154.0,2019-11-11 11:57:49,围网
15344,31.67116666666667,126.08394444444444,1.0,112.0,2019-11-11 12:08:07,围网
15344,31.669472222222232,126.08816666666668,1.1,117.0,2019-11-11 12:17:49,围网
15344,31.66719444444445,126.09202777777777,3.1,114.0,2019-11-11 12:27:49,围网
15344,31.665027777777766,126.09597222222222,3.8,116.0,2019-11-11 12:37:49,围网
15344,31.66258333333333,126.10002777777777,1.1,135.0,2019-11-11 12:47:49,围网
15344,31.66008333333333,126.10391666666666,0.6,165.0,2019-11-11 12:57:49,围网
15344,31.65738888888889,126.10769444444445,0.8,138.0,2019-11-11 13:07:49,围网
15344,31.65486111111111,126.11183333333334,2.0,128.0,2019-11-11 13:17:49,围网
15344,31.65183333333333,126.11561111111112,1.0,134.0,2019-11-11 13:27:49,围网
15344,31.64875,126.11925,1.3,131.0,2019-11-11 13:37:49,围网
15344,31.6455,126.12283333333332,3.1,137.0,2019-11-11 13:47:49,围网
15344,31.642138888888887,126.12638888888887,2.1,133.0,2019-11-11 13:57:49,围网
15344,31.639,126.12986111111107,1.2,135.0,2019-11-11 14:07:49,围网
15344,31.635638888888888,126.13327777777776,0.2,0.0,2019-11-11 14:17:49,围网
15344,31.63225,126.13647222222224,1.4,140.0,2019-11-11 14:27:49,围网
15344,31.6285,126.13936111111113,3.5,153.0,2019-11-11 14:37:50,围网
15344,31.625166666666665,126.14211111111112,2.6,140.0,2019-11-11 14:48:00,围网
15344,31.62155555555556,126.14455555555556,3.3,141.0,2019-11-11 14:57:49,围网
15344,31.617694444444453,126.1465,2.0,148.0,2019-11-11 15:07:49,围网
15344,31.61408333333333,126.1485,0.7,155.0,2019-11-11 15:17:49,围网
15344,31.610611111111112,126.15038888888893,0.7,151.0,2019-11-11 15:27:49,围网
15344,31.60694444444445,126.15205555555555,2.2,151.0,2019-11-11 15:37:52,围网
15344,31.603305555555558,126.15322222222223,2.5,153.0,2019-11-11 15:47:48,围网
15344,31.599805555555548,126.15422222222223,5.5,159.0,2019-11-11 16:00:04,围网
15344,31.59611111111111,126.15511111111113,2.5,155.0,2019-11-11 16:10:48,围网
15344,31.59288888888889,126.15538888888894,1.5,189.0,2019-11-11 16:20:04,围网
15344,31.589527777777768,126.15575,1.3,196.0,2019-11-11 16:30:04,围网
15344,31.58613888888889,126.15538888888894,1.4,220.0,2019-11-11 16:40:04,围网
15344,31.58308333333333,126.15519444444445,1.7,197.0,2019-11-11 16:50:04,围网
15344,31.57994444444445,126.15469444444444,1.9,187.0,2019-11-11 17:00:04,围网
15344,31.57702777777777,126.15411111111112,1.2,219.0,2019-11-11 17:10:04,围网
15344,31.574277777777766,126.15336111111112,1.6,173.0,2019-11-11 17:20:04,围网
15344,31.571583333333336,126.15227777777778,1.5,203.0,2019-11-11 17:30:04,围网
15344,31.569305555555548,126.15125,2.2,132.0,2019-11-11 17:40:04,围网
15344,31.56716666666667,126.14986111111112,0.9,204.0,2019-11-11 17:50:04,围网
15344,31.570777777777767,126.13466666666667,7.5,281.0,2019-11-11 18:00:04,围网
15344,31.576472222222232,126.11225,8.1,285.0,2019-11-11 18:10:04,围网
15344,31.58138888888889,126.09033333333332,4.9,318.0,2019-11-11 18:20:04,围网
15344,31.58491666666667,126.08288888888887,7.2,297.0,2019-11-11 18:30:04,围网
15344,31.591027777777786,126.07511111111113,3.1,283.0,2019-11-11 18:40:04,围网
15344,31.595166666666664,126.07005555555556,1.7,341.0,2019-11-11 18:50:04,围网
15344,31.5995,126.06525,2.5,249.0,2019-11-11 19:00:04,围网
15344,31.604222222222226,126.06052777777776,2.1,308.0,2019-11-11 19:10:24,围网
15344,31.609361111111113,126.05677777777777,2.3,323.0,2019-11-11 19:20:04,围网
15344,31.614638888888887,126.05272222222222,2.0,326.0,2019-11-11 19:30:04,围网
15344,31.619888888888887,126.04891666666666,2.6,341.0,2019-11-11 19:40:04,围网
15344,31.62533333333333,126.0455,2.3,350.0,2019-11-11 19:50:04,围网
15344,31.630666666666666,126.0419722222222,2.0,332.0,2019-11-11 20:00:04,围网
15344,31.636194444444442,126.03830555555555,2.4,331.0,2019-11-11 20:10:04,围网
15344,31.64175,126.03483333333332,2.4,339.0,2019-11-11 20:20:04,围网
15344,31.647222222222233,126.0312777777778,2.1,328.0,2019-11-11 20:30:04,围网
15344,31.65297222222221,126.02833333333334,2.5,342.0,2019-11-11 20:40:03,围网
15344,31.65875,126.02561111111113,1.9,330.0,2019-11-11 20:50:03,围网
15344,31.66433333333333,126.02236111111112,2.0,327.0,2019-11-11 21:00:03,围网
15344,31.670222222222232,126.01983333333334,2.1,358.0,2019-11-11 21:10:03,围网
15344,31.676472222222234,126.0174722222222,2.8,342.0,2019-11-11 21:20:24,围网
15344,31.68197222222223,126.01519444444445,2.5,349.0,2019-11-11 21:30:03,围网
15344,31.687666666666665,126.01297222222222,2.0,339.0,2019-11-11 21:40:03,围网
15344,31.693222222222207,126.01058333333332,2.2,349.0,2019-11-11 21:50:03,围网
15344,31.698722222222226,126.00822222222223,1.7,342.0,2019-11-11 22:00:03,围网
15344,31.704166666666666,126.00633333333332,1.5,335.0,2019-11-11 22:10:03,围网
15344,31.70975,126.0055,2.4,22.0,2019-11-11 22:20:03,围网
15344,31.712694444444452,126.01508333333334,4.3,104.0,2019-11-11 22:30:03,围网
15344,31.70944444444445,126.02380555555555,2.3,125.0,2019-11-11 22:40:03,围网
15344,31.70588888888889,126.02958333333332,2.2,140.0,2019-11-11 22:50:03,围网
15344,31.702361111111113,126.0347777777778,1.8,110.0,2019-11-11 23:00:03,围网
15344,31.699305555555554,126.04075,2.2,140.0,2019-11-11 23:10:03,围网
15344,31.69619444444445,126.04672222222223,2.2,142.0,2019-11-11 23:20:04,围网
15344,31.69275,126.05288888888887,1.9,114.0,2019-11-11 23:30:24,围网
15344,31.69144444444445,126.05636111111107,0.7,10.0,2019-11-11 23:40:03,围网
15344,31.69444444444445,126.05461111111113,1.0,125.0,2019-11-11 23:50:03,围网
15344,31.69580555555555,126.0529722222222,6.2,296.0,2019-11-12 00:10:03,围网
15344,31.701166666666666,126.04119444444444,2.5,126.0,2019-11-12 00:20:03,围网
15344,31.69094444444445,126.04458333333332,2.1,157.0,2019-11-12 00:30:03,围网
15344,31.685416666666665,126.04861111111113,2.3,141.0,2019-11-12 00:40:03,围网
15344,31.68025,126.05394444444444,2.4,136.0,2019-11-12 00:50:03,围网
15344,31.67544444444445,126.05966666666666,2.8,122.0,2019-11-12 01:00:03,围网
15344,31.670388888888887,126.06480555555555,3.6,126.0,2019-11-12 01:10:03,围网
15344,31.665055555555554,126.06938888888888,3.1,130.0,2019-11-12 01:20:03,围网
15344,31.659527777777768,126.07344444444445,2.6,158.0,2019-11-12 01:30:02,围网
15344,31.65372222222221,126.07675,3.3,144.0,2019-11-12 01:40:02,围网
15344,31.64783333333333,126.07972222222222,2.6,156.0,2019-11-12 01:50:03,围网
15344,31.64188888888889,126.0825,2.4,153.0,2019-11-12 02:00:02,围网
15344,31.63561111111111,126.08494444444445,2.2,168.0,2019-11-12 02:10:23,围网
15344,31.62975,126.08711111111113,2.2,169.0,2019-11-12 02:20:02,围网
15344,31.623638888888888,126.089,2.2,174.0,2019-11-12 02:30:02,围网
15344,31.617444444444452,126.09083333333332,2.3,168.0,2019-11-12 02:40:02,围网
15344,31.61116666666667,126.09236111111107,2.2,169.0,2019-11-12 02:50:02,围网
15344,31.604861111111113,126.09352777777778,2.3,180.0,2019-11-12 03:00:02,围网
15344,31.59847222222221,126.09433333333334,2.3,178.0,2019-11-12 03:10:02,围网
15344,31.59213888888889,126.09475,2.6,171.0,2019-11-12 03:20:02,围网
15344,31.58588888888889,126.09513888888887,2.6,188.0,2019-11-12 03:30:02,围网
15344,31.579694444444453,126.09538888888888,2.0,201.0,2019-11-12 03:40:02,围网
15344,31.573638888888887,126.0954722222222,2.3,178.0,2019-11-12 03:50:02,围网
15344,31.56758333333333,126.09516666666669,2.1,183.0,2019-11-12 04:00:02,围网
15344,31.56175,126.09463888888888,2.2,176.0,2019-11-12 04:10:01,围网
15344,31.55597222222222,126.0937222222222,1.9,186.0,2019-11-12 04:20:02,围网
15344,31.55044444444445,126.09258333333334,2.2,176.0,2019-11-12 04:30:02,围网
15344,31.545222222222232,126.09091666666666,1.8,198.0,2019-11-12 04:40:02,围网
15344,31.540138888888887,126.08891666666666,1.6,196.0,2019-11-12 04:50:02,围网
15344,31.535138888888888,126.08655555555555,1.6,184.0,2019-11-12 05:00:02,围网
15344,31.530916666666666,126.08211111111113,1.9,225.0,2019-11-12 05:10:03,围网
15344,31.52822222222222,126.07527777777777,3.4,262.0,2019-11-12 05:20:02,围网
15344,31.525027777777765,126.0695,0.3,0.0,2019-11-12 05:30:02,围网
15344,31.52883333333333,126.072,0.8,0.0,2019-11-12 05:40:03,围网
15344,31.527638888888887,126.0704722222222,0.8,220.0,2019-11-12 05:50:24,围网
15344,31.5255,126.06769444444444,3.1,278.0,2019-11-12 06:00:02,围网
15344,31.53586111111111,126.06905555555555,4.4,13.0,2019-11-12 06:10:02,围网
15344,31.548333333333336,126.06830555555555,4.0,349.0,2019-11-12 06:20:02,围网
15344,31.55508333333333,126.06475,6.8,357.0,2019-11-12 06:30:02,围网
15344,31.562527777777767,126.06258333333334,2.0,350.0,2019-11-12 06:40:02,围网
15344,31.56858333333333,126.06027777777777,2.8,342.0,2019-11-12 06:50:02,围网
15344,31.574805555555553,126.05780555555555,2.9,317.0,2019-11-12 07:00:02,围网
15344,31.581083333333336,126.05566666666668,2.5,346.0,2019-11-12 07:10:02,围网
15344,31.58747222222221,126.05377777777778,2.1,353.0,2019-11-12 07:20:02,围网
15344,31.59394444444445,126.0529722222222,2.5,357.0,2019-11-12 07:30:02,围网
15344,31.600361111111113,126.05269444444444,2.8,341.0,2019-11-12 07:40:02,围网
15344,31.60669444444445,126.05238888888887,2.2,28.0,2019-11-12 07:50:02,围网
15344,31.613055555555558,126.05194444444444,1.7,37.0,2019-11-12 08:00:02,围网
15344,31.61963888888889,126.05147222222222,2.3,3.0,2019-11-12 08:10:24,围网
15344,31.625916666666665,126.05111111111113,2.5,353.0,2019-11-12 08:20:02,围网
15344,31.632527777777767,126.05036111111113,2.7,349.0,2019-11-12 08:30:02,围网
15344,31.63922222222222,126.04941666666666,2.1,352.0,2019-11-12 08:40:02,围网
15344,31.645777777777766,126.04797222222223,2.9,336.0,2019-11-12 08:50:02,围网
15344,31.65238888888889,126.04655555555556,2.5,348.0,2019-11-12 09:00:01,围网
15344,31.65894444444445,126.04555555555555,2.4,8.0,2019-11-12 09:10:02,围网
15344,31.66561111111111,126.04611111111107,2.3,13.0,2019-11-12 09:20:02,围网
15344,31.67219444444445,126.04722222222222,2.5,16.0,2019-11-12 09:30:02,围网
15344,31.67866666666667,126.048,2.6,20.0,2019-11-12 09:40:02,围网
15344,31.685305555555555,126.04886111111112,2.7,7.0,2019-11-12 09:50:02,围网
15344,31.69175,126.04958333333332,2.4,13.0,2019-11-12 10:00:02,围网
15344,31.704472222222233,126.05083333333332,2.6,30.0,2019-11-12 10:20:02,围网
15344,31.71058333333333,126.05105555555555,2.1,20.0,2019-11-12 10:30:02,围网
15344,31.716583333333336,126.0512222222222,2.8,32.0,2019-11-12 10:40:03,围网
15344,31.722527777777767,126.05116666666667,2.1,7.0,2019-11-12 10:50:25,围网
15344,31.72794444444445,126.05113888888887,1.9,353.0,2019-11-12 11:00:01,围网
15344,31.73352777777778,126.05136111111106,1.5,358.0,2019-11-12 11:10:01,围网
15344,31.738972222222234,126.05152777777776,1.6,339.0,2019-11-12 11:20:01,围网
15344,31.744055555555555,126.05247222222219,1.0,49.0,2019-11-12 11:30:01,围网
15344,31.743055555555557,126.05305555555556,1.7,194.0,2019-11-12 11:40:01,围网
15344,31.741972222222234,126.05561111111112,2.4,54.0,2019-11-12 11:50:01,围网
15344,31.74205555555556,126.05736111111106,1.1,66.0,2019-11-12 12:00:01,围网
15344,31.75263888888889,126.05316666666668,4.9,347.0,2019-11-12 12:10:01,围网
15344,31.755,126.05355555555555,6.3,184.0,2019-11-12 12:20:01,围网
15344,31.74466666666667,126.05377777777778,1.9,175.0,2019-11-12 12:30:02,围网
15344,31.73908333333333,126.05413888888887,2.4,171.0,2019-11-12 12:40:01,围网
15344,31.73344444444445,126.05413888888887,2.4,151.0,2019-11-12 12:50:02,围网
15344,31.72775,126.05411111111113,1.8,0.0,2019-11-12 13:00:04,围网
15344,31.72208333333333,126.05408333333334,2.4,150.0,2019-11-12 13:10:03,围网
15344,31.71622222222221,126.05377777777778,1.8,0.0,2019-11-12 13:20:03,围网
15344,31.71022222222223,126.05363888888887,3.3,144.0,2019-11-12 13:30:05,围网
15344,31.70433333333333,126.05344444444445,2.6,147.0,2019-11-12 13:40:03,围网
15344,31.698305555555557,126.05388888888888,1.8,0.0,2019-11-12 13:50:02,围网
15344,31.692138888888888,126.05505555555555,3.1,147.0,2019-11-12 14:00:03,围网
15344,31.685666666666666,126.05669444444445,2.1,180.0,2019-11-12 14:10:24,围网
15344,31.67966666666667,126.05805555555555,2.3,186.0,2019-11-12 14:20:01,围网
15344,31.667222222222208,126.06011111111113,2.5,175.0,2019-11-12 14:40:01,围网
15344,31.66097222222221,126.06088888888893,2.4,170.0,2019-11-12 14:50:01,围网
15344,31.654694444444445,126.06175,2.3,168.0,2019-11-12 15:00:01,围网
15344,31.64838888888889,126.06188888888887,2.3,193.0,2019-11-12 15:10:01,围网
15344,31.642138888888887,126.06161111111106,2.3,179.0,2019-11-12 15:20:01,围网
15344,31.63586111111111,126.0612222222222,2.2,186.0,2019-11-12 15:30:01,围网
15344,31.62961111111111,126.0612222222222,2.2,172.0,2019-11-12 15:40:01,围网
15344,31.62333333333333,126.062,2.2,164.0,2019-11-12 15:50:01,围网
15344,31.617,126.06316666666666,2.2,171.0,2019-11-12 16:00:00,围网
15344,31.610888888888887,126.06436111111113,2.2,172.0,2019-11-12 16:10:00,围网
15344,31.604805555555558,126.06552777777777,1.9,165.0,2019-11-12 16:20:00,围网
15344,31.598777777777766,126.06666666666666,2.0,173.0,2019-11-12 16:30:00,围网
15344,31.592916666666664,126.06788888888887,2.1,168.0,2019-11-12 16:40:00,围网
15344,31.58725,126.06902777777776,2.2,162.0,2019-11-12 16:50:00,围网
15344,31.58158333333333,126.07038888888887,1.9,166.0,2019-11-12 17:00:00,围网
15344,31.57611111111111,126.07158333333334,2.2,169.0,2019-11-12 17:10:00,围网
15344,31.57072222222222,126.07233333333332,2.1,160.0,2019-11-12 17:20:00,围网
15344,31.56602777777778,126.07225,1.2,0.0,2019-11-12 17:30:00,围网
15344,31.569944444444445,126.07069444444444,1.6,355.0,2019-11-12 17:40:00,围网
15344,31.568805555555556,126.06911111111107,1.2,0.0,2019-11-12 17:50:00,围网
15344,31.57113888888889,126.07211111111113,7.4,60.0,2019-11-12 18:00:00,围网
15344,31.57469444444445,126.07783333333332,4.1,350.0,2019-11-12 18:10:48,围网
15344,31.58558333333333,126.07738888888888,1.7,0.0,2019-11-12 18:20:00,围网
15344,31.59113888888889,126.07711111111112,1.7,357.0,2019-11-12 18:30:00,围网
15344,31.59636111111111,126.07688888888887,2.0,3.0,2019-11-12 18:40:00,围网
15344,31.60191666666667,126.07525,2.3,331.0,2019-11-12 18:50:00,围网
15344,31.60758333333333,126.071,2.5,325.0,2019-11-12 19:00:00,围网
15344,31.613166666666668,126.06661111111107,2.4,329.0,2019-11-12 19:10:00,围网
15344,31.618805555555557,126.06194444444445,2.6,325.0,2019-11-12 19:20:00,围网
15344,31.62461111111111,126.05725,2.5,319.0,2019-11-12 19:30:00,围网
15344,31.630277777777767,126.05255555555556,2.7,321.0,2019-11-12 19:40:00,围网
15344,31.636,126.04797222222223,2.7,318.0,2019-11-12 19:50:00,围网
15344,31.64177777777777,126.04347222222222,2.4,326.0,2019-11-12 20:00:00,围网
15344,31.64825,126.04019444444445,2.6,348.0,2019-11-12 20:10:00,围网
15344,31.655277777777766,126.03891666666668,2.4,346.0,2019-11-12 20:20:00,围网
15344,31.66208333333333,126.03744444444445,2.2,351.0,2019-11-12 20:30:00,围网
15344,31.668972222222234,126.03583333333331,2.3,351.0,2019-11-12 20:40:00,围网
15344,31.67586111111111,126.03427777777777,2.5,358.0,2019-11-12 20:49:59,围网
15344,31.682805555555557,126.03277777777778,2.5,359.0,2019-11-12 20:59:59,围网
15344,31.689777777777767,126.0315,2.4,353.0,2019-11-12 21:09:59,围网
15344,31.696972222222207,126.03011111111113,2.5,342.0,2019-11-12 21:20:25,围网
15344,31.70358333333333,126.02922222222223,2.4,353.0,2019-11-12 21:29:59,围网
15344,31.710555555555555,126.02875,2.3,358.0,2019-11-12 21:39:59,围网
15344,31.717416666666665,126.02858333333332,2.6,3.0,2019-11-12 21:49:59,围网
15344,31.72411111111111,126.02855555555556,2.1,356.0,2019-11-12 21:59:59,围网
15344,31.73072222222222,126.02861111111108,2.2,354.0,2019-11-12 22:09:59,围网
15344,31.737222222222233,126.02888888888887,2.2,354.0,2019-11-12 22:19:59,围网
15344,31.74358333333333,126.02930555555555,2.2,353.0,2019-11-12 22:29:59,围网
15344,31.74977777777778,126.02986111111107,2.5,21.0,2019-11-12 22:39:59,围网
15344,31.756,126.03163888888888,2.4,25.0,2019-11-12 22:49:59,围网
15344,31.761944444444445,126.0337222222222,2.3,20.0,2019-11-12 22:59:59,围网
15344,31.767916666666665,126.03502777777777,2.0,4.0,2019-11-12 23:09:59,围网
15344,31.77375,126.03486111111107,2.0,353.0,2019-11-12 23:19:59,围网
15344,31.77938888888889,126.03388888888887,1.8,349.0,2019-11-12 23:29:59,围网
15344,31.784722222222232,126.03280555555556,1.2,344.0,2019-11-12 23:39:59,围网
15344,31.789777777777786,126.03186111111113,1.9,350.0,2019-11-12 23:50:00,围网
15344,31.795055555555557,126.03161111111108,1.6,58.0,2019-11-12 23:59:59,围网
15344,31.79275,126.03361111111113,1.7,148.0,2019-11-13 00:10:48,围网
15344,31.79125,126.03725,3.1,137.0,2019-11-13 00:19:59,围网
15344,31.791,126.03991666666668,1.0,118.0,2019-11-13 00:29:59,围网
15344,31.798805555555557,126.0337777777778,6.8,326.0,2019-11-13 00:39:59,围网
15344,31.80838888888889,126.03058333333333,4.1,3.0,2019-11-13 00:49:59,围网
15344,31.80775,126.03252777777777,7.8,174.0,2019-11-13 00:59:59,围网
15344,31.797777777777767,126.03269444444445,2.0,173.0,2019-11-13 01:09:59,围网
15344,31.79197222222223,126.03283333333334,2.4,170.0,2019-11-13 01:19:59,围网
15344,31.78605555555556,126.033,2.0,179.0,2019-11-13 01:29:59,围网
15344,31.780166666666666,126.03330555555556,2.1,174.0,2019-11-13 01:39:59,围网
15344,31.77419444444445,126.03386111111112,2.2,172.0,2019-11-13 01:49:58,围网
15344,31.76808333333333,126.0349722222222,2.1,183.0,2019-11-13 01:59:58,围网
15344,31.761944444444445,126.03616666666667,2.2,171.0,2019-11-13 02:09:58,围网
15344,31.755722222222207,126.03641666666668,2.1,185.0,2019-11-13 02:19:58,围网
15344,31.749527777777786,126.03616666666667,2.0,188.0,2019-11-13 02:29:58,围网
15344,31.743361111111113,126.03583333333331,2.4,178.0,2019-11-13 02:39:58,围网
15344,31.73713888888889,126.0355,2.4,173.0,2019-11-13 02:49:58,围网
15344,31.730694444444442,126.03561111111112,2.8,173.0,2019-11-13 02:59:58,围网
15344,31.724305555555553,126.03569444444445,2.2,177.0,2019-11-13 03:10:03,围网
15344,31.717555555555553,126.03611111111113,2.9,173.0,2019-11-13 03:20:02,围网
15344,31.710777777777786,126.03616666666667,2.4,179.0,2019-11-13 03:30:25,围网
15344,31.70438888888889,126.03627777777778,2.4,177.0,2019-11-13 03:39:58,围网
15344,31.69761111111111,126.037,2.4,172.0,2019-11-13 03:49:58,围网
15344,31.69088888888889,126.03836111111107,2.5,171.0,2019-11-13 03:59:58,围网
15344,31.684166666666666,126.03983333333332,2.3,171.0,2019-11-13 04:09:58,围网
15344,31.67752777777779,126.04105555555556,2.3,168.0,2019-11-13 04:19:57,围网
15344,31.67102777777778,126.04255555555555,2.2,168.0,2019-11-13 04:29:58,围网
15344,31.66469444444445,126.04375,2.2,173.0,2019-11-13 04:39:58,围网
15344,31.65844444444444,126.04505555555555,2.2,169.0,2019-11-13 04:49:58,围网
15344,31.652277777777766,126.0462222222222,2.2,167.0,2019-11-13 04:59:58,围网
15344,31.646166666666666,126.04727777777778,2.0,165.0,2019-11-13 05:09:58,围网
15344,31.64008333333333,126.04841666666668,2.2,166.0,2019-11-13 05:19:58,围网
15344,31.63422222222221,126.04955555555556,2.0,170.0,2019-11-13 05:29:58,围网
15344,31.628833333333336,126.05063888888887,1.9,174.0,2019-11-13 05:39:58,围网
15344,31.62355555555556,126.05155555555555,1.9,173.0,2019-11-13 05:49:58,围网
15344,31.61827777777778,126.05180555555555,2.1,185.0,2019-11-13 05:59:58,围网
15344,31.61291666666667,126.05177777777777,2.0,183.0,2019-11-13 06:10:24,围网
15344,31.60819444444445,126.05177777777777,1.7,181.0,2019-11-13 06:19:58,围网
15344,31.60333333333333,126.05138888888888,1.7,197.0,2019-11-13 06:29:58,围网
15344,31.59869444444445,126.05008333333332,1.8,230.0,2019-11-13 06:39:57,围网
15344,31.603027777777786,126.0480277777778,2.9,326.0,2019-11-13 06:49:57,围网
15344,31.605888888888888,126.04475,1.0,252.0,2019-11-13 06:59:57,围网
15344,31.60566666666667,126.04169444444445,1.1,267.0,2019-11-13 07:09:57,围网
15344,31.59919444444445,126.04780555555556,2.8,333.0,2019-11-13 07:19:57,围网
15344,31.60866666666667,126.04569444444445,2.2,352.0,2019-11-13 07:29:57,围网
15344,31.614638888888887,126.04516666666667,2.1,354.0,2019-11-13 07:39:57,围网
15344,31.62075,126.04469444444445,2.2,357.0,2019-11-13 07:49:57,围网
15344,31.627,126.04422222222223,2.2,359.0,2019-11-13 07:59:57,围网
15344,31.633416666666665,126.04336111111112,2.5,350.0,2019-11-13 08:09:57,围网
15344,31.63991666666667,126.04216666666666,2.3,350.0,2019-11-13 08:19:57,围网
15344,31.646555555555555,126.04094444444445,2.1,354.0,2019-11-13 08:29:57,围网
15344,31.65322222222222,126.03963888888887,2.1,346.0,2019-11-13 08:39:57,围网
15344,31.660055555555555,126.03838888888887,2.1,356.0,2019-11-13 08:49:57,围网
15344,31.66675,126.03705555555555,2.1,350.0,2019-11-13 08:59:57,围网
15344,31.67377777777777,126.03594444444445,1.9,343.0,2019-11-13 09:09:57,围网
15344,31.680555555555557,126.03466666666668,2.2,350.0,2019-11-13 09:19:57,围网
15344,31.6875,126.03394444444444,2.2,358.0,2019-11-13 09:29:57,围网
15344,31.69461111111111,126.03336111111106,2.4,357.0,2019-11-13 09:40:25,围网
15344,31.70122222222221,126.03291666666668,2.4,359.0,2019-11-13 09:49:57,围网
15344,31.71491666666667,126.03361111111113,2.5,3.0,2019-11-13 10:09:57,围网
15344,31.72175,126.03383333333332,2.5,354.0,2019-11-13 10:19:57,围网
15344,31.728527777777767,126.03399999999999,2.3,1.0,2019-11-13 10:29:57,围网
15344,31.735194444444453,126.03430555555555,2.2,7.0,2019-11-13 10:39:57,围网
15344,31.74166666666667,126.03558333333332,2.3,14.0,2019-11-13 10:49:57,围网
15344,31.74786111111111,126.03716666666666,2.1,9.0,2019-11-13 10:59:57,围网
15344,31.75411111111111,126.0384722222222,2.2,11.0,2019-11-13 11:09:57,围网
15344,31.76033333333333,126.04033333333334,2.3,12.0,2019-11-13 11:19:57,围网
15344,31.766333333333336,126.04302777777777,2.3,23.0,2019-11-13 11:29:56,围网
15344,31.77225,126.04611111111107,2.2,17.0,2019-11-13 11:39:56,围网
15344,31.778527777777786,126.04716666666668,2.2,6.0,2019-11-13 11:49:56,围网
15344,31.78458333333333,126.04744444444445,1.9,2.0,2019-11-13 11:59:56,围网
15344,31.79069444444445,126.04788888888888,1.9,1.0,2019-11-13 12:10:24,围网
15344,31.796222222222234,126.04925,2.0,20.0,2019-11-13 12:19:56,围网
15344,31.80008333333333,126.05288888888887,1.3,169.0,2019-11-13 12:29:56,围网
15344,31.795972222222233,126.05127777777778,2.0,193.0,2019-11-13 12:39:56,围网
15344,31.79722222222223,126.05494444444444,1.3,65.0,2019-11-13 12:49:56,围网
15344,31.79855555555556,126.05930555555555,1.6,74.0,2019-11-13 12:59:56,围网
15344,31.79944444444445,126.06411111111107,1.4,79.0,2019-11-13 13:09:56,围网
15344,31.80094444444445,126.06769444444444,1.1,314.0,2019-11-13 13:19:56,围网
15344,31.7905,126.07255555555555,2.1,164.0,2019-11-13 13:29:56,围网
15344,31.78475000000001,126.07338888888887,1.9,178.0,2019-11-13 13:39:56,围网
15344,31.77308333333333,126.07461111111112,1.9,177.0,2019-11-13 13:59:56,围网
15344,31.767166666666668,126.07516666666668,2.2,174.0,2019-11-13 14:09:56,围网
15344,31.75494444444445,126.0764722222222,2.9,168.0,2019-11-13 14:29:56,围网
15344,31.74855555555556,126.07713888888887,2.2,172.0,2019-11-13 14:40:24,围网
15344,31.742666666666665,126.07775,2.2,173.0,2019-11-13 14:49:56,围网
15344,31.7365,126.07847222222222,2.2,175.0,2019-11-13 14:59:56,围网
15344,31.73033333333333,126.07913888888888,2.0,182.0,2019-11-13 15:09:56,围网
15344,31.726305555555548,126.07994444444445,1.1,145.0,2019-11-13 15:19:56,围网
15344,31.72708333333333,126.08236111111107,1.2,328.0,2019-11-13 15:29:56,围网
15344,31.73125,126.08033333333334,6.3,50.0,2019-11-13 15:39:56,围网
15344,31.73675,126.08152777777777,1.8,85.0,2019-11-13 15:49:56,围网
15344,31.735805555555558,126.08469444444445,0.9,112.0,2019-11-13 15:59:56,围网
15344,31.73394444444445,126.08808333333332,6.6,212.0,2019-11-13 16:09:56,围网
15344,31.72502777777777,126.08572222222222,6.6,180.0,2019-11-13 16:19:55,围网
15344,31.713555555555555,126.08533333333334,2.1,183.0,2019-11-13 16:29:55,围网
15344,31.70727777777777,126.08516666666668,2.2,188.0,2019-11-13 16:39:55,围网
15344,31.70108333333333,126.08469444444445,2.1,191.0,2019-11-13 16:49:55,围网
15344,31.695,126.08438888888887,2.0,179.0,2019-11-13 16:59:55,围网
15344,31.683416666666666,126.08377777777778,2.3,181.0,2019-11-13 17:19:55,围网
15344,31.67752777777779,126.08311111111112,2.2,172.0,2019-11-13 17:29:55,围网
15344,31.671722222222233,126.08269444444444,2.1,171.0,2019-11-13 17:39:55,围网
15344,31.66597222222222,126.08163888888888,2.1,0.0,2019-11-13 17:49:55,围网
15344,31.65988888888889,126.08022222222222,2.0,190.0,2019-11-13 18:00:23,围网
15344,31.64913888888889,126.07722222222222,2.2,192.0,2019-11-13 18:19:55,围网
15344,31.643777777777768,126.07602777777778,2.3,184.0,2019-11-13 18:29:55,围网
15344,31.638444444444442,126.07597222222222,1.8,176.0,2019-11-13 18:39:55,围网
15344,31.636861111111113,126.07572222222224,1.5,333.0,2019-11-13 18:49:55,围网
15344,31.64083333333333,126.07419444444444,1.9,160.0,2019-11-13 18:59:55,围网
15344,31.639166666666664,126.07530555555556,0.8,204.0,2019-11-13 19:09:55,围网
15344,31.63647222222221,126.07575,0.6,161.0,2019-11-13 19:19:55,围网
15344,31.633416666666665,126.07616666666668,4.5,190.0,2019-11-13 19:29:55,围网
15344,31.61983333333333,126.07538888888888,4.5,177.0,2019-11-13 19:39:55,围网
15344,31.606361111111113,126.07641666666666,4.8,169.0,2019-11-13 19:49:55,围网
15344,31.59325,126.07963888888888,4.6,162.0,2019-11-13 19:59:55,围网
15344,31.580222222222233,126.08497222222219,4.5,160.0,2019-11-13 20:10:22,围网
15344,31.573694444444442,126.09102777777777,2.8,119.0,2019-11-13 20:19:55,围网
15344,31.56925,126.09775,3.3,143.0,2019-11-13 20:29:55,围网
15344,31.565,126.09877777777778,3.6,336.0,2019-11-13 20:39:55,围网
15344,31.57680555555556,126.09352777777778,5.9,342.0,2019-11-13 20:49:55,围网
15344,31.592111111111112,126.08741666666668,5.2,340.0,2019-11-13 20:59:55,围网
15344,31.607805555555558,126.08130555555556,5.9,342.0,2019-11-13 21:09:54,围网
15344,31.62580555555556,126.07552777777776,6.1,336.0,2019-11-13 21:20:49,围网
15344,31.639777777777766,126.07247222222222,3.7,328.0,2019-11-13 21:29:54,围网
15344,31.638972222222232,126.0732777777778,1.1,145.0,2019-11-13 21:39:54,围网
15344,31.638388888888887,126.07536111111106,0.5,114.0,2019-11-13 21:49:54,围网
15344,31.637694444444445,126.07675,0.1,0.0,2019-11-13 21:59:54,围网
15344,31.636888888888887,126.07613888888888,0.5,265.0,2019-11-13 22:09:54,围网
15344,31.63661111111111,126.07580555555555,0.3,0.0,2019-11-13 22:19:54,围网
15344,31.6365,126.07577777777777,1.3,205.0,2019-11-13 22:29:54,围网
15344,31.636388888888888,126.07588888888893,0.2,0.0,2019-11-13 22:39:54,围网
15344,31.63652777777777,126.07636111111107,0.3,0.0,2019-11-13 22:49:54,围网
15344,31.63630555555555,126.07630555555555,0.7,184.0,2019-11-13 22:59:54,围网
15344,31.63625,126.07658333333332,0.3,0.0,2019-11-13 23:09:54,围网
15344,31.635972222222208,126.07691666666666,1.5,78.0,2019-11-13 23:19:54,围网
15344,31.636055555555558,126.07736111111107,1.2,188.0,2019-11-13 23:29:54,围网
15344,31.63591666666667,126.07788888888888,0.5,0.0,2019-11-13 23:39:54,围网
15344,31.635777777777786,126.07852777777778,1.5,116.0,2019-11-13 23:49:54,围网
15344,31.63486111111111,126.07883333333332,1.6,170.0,2019-11-13 23:59:54,围网
15344,31.634,126.07930555555555,0.7,0.0,2019-11-14 00:10:22,围网
15344,31.63347222222221,126.0799722222222,1.1,186.0,2019-11-14 00:19:54,围网
15344,31.632972222222232,126.0805,0.2,0.0,2019-11-14 00:29:54,围网
15344,31.632305555555554,126.08161111111107,0.8,19.0,2019-11-14 00:39:54,围网
15344,31.63105555555556,126.083,1.7,192.0,2019-11-14 00:49:54,围网
15344,31.630111111111113,126.08377777777778,0.5,0.0,2019-11-14 00:59:54,围网
15344,31.62933333333333,126.08425,1.3,142.0,2019-11-14 01:09:54,围网
15344,31.627805555555558,126.0855,1.4,144.0,2019-11-14 01:19:54,围网
15344,31.62697222222221,126.08627777777778,1.5,128.0,2019-11-14 01:29:54,围网
15344,31.625722222222233,126.08738888888894,1.3,208.0,2019-11-14 01:39:54,围网
15344,31.624388888888888,126.08852777777777,1.6,210.0,2019-11-14 01:49:54,围网
15344,31.623,126.08936111111107,0.7,0.0,2019-11-14 01:59:53,围网
15344,31.62136111111111,126.09066666666666,0.8,0.0,2019-11-14 02:09:53,围网
15344,31.62019444444445,126.09133333333332,0.5,142.0,2019-11-14 02:20:25,围网
15344,31.619083333333336,126.092,0.7,207.0,2019-11-14 02:29:53,围网
15344,31.617361111111112,126.09341666666668,1.0,158.0,2019-11-14 02:39:53,围网
15344,31.616083333333336,126.09402777777777,0.9,166.0,2019-11-14 02:49:53,围网
15344,31.615111111111112,126.09425,1.6,185.0,2019-11-14 02:59:53,围网
15344,31.613861111111113,126.09491666666666,2.6,73.0,2019-11-14 03:09:53,围网
15344,31.612416666666668,126.09552777777776,1.4,104.0,2019-11-14 03:19:53,围网
15344,31.6115,126.09630555555556,0.5,107.0,2019-11-14 03:29:53,围网
15344,31.60975,126.09694444444445,0.8,227.0,2019-11-14 03:39:53,围网
15344,31.608361111111112,126.09730555555555,0.2,0.0,2019-11-14 03:49:53,围网
15344,31.606638888888888,126.09816666666666,1.4,157.0,2019-11-14 03:59:53,围网
15344,31.604861111111113,126.09905555555555,0.9,162.0,2019-11-14 04:09:53,围网
15344,31.603361111111113,126.09933333333332,0.8,37.0,2019-11-14 04:19:53,围网
15344,31.60205555555555,126.09969444444445,0.5,120.0,2019-11-14 04:29:53,围网
15344,31.60061111111111,126.10044444444445,0.3,0.0,2019-11-14 04:39:53,围网
15344,31.59919444444445,126.10055555555556,1.2,109.0,2019-11-14 04:49:53,围网
15344,31.597472222222233,126.10041666666666,0.2,0.0,2019-11-14 05:09:53,围网
15344,31.59644444444445,126.10033333333334,0.1,0.0,2019-11-14 05:19:53,围网
15344,31.595805555555554,126.09997222222219,1.2,75.0,2019-11-14 05:29:53,围网
15344,31.59513888888889,126.09986111111107,0.4,0.0,2019-11-14 05:40:21,围网
15344,31.59461111111111,126.09955555555555,0.6,185.0,2019-11-14 05:49:53,围网
15344,31.594055555555553,126.09894444444444,0.4,0.0,2019-11-14 05:59:53,围网
15344,31.593555555555557,126.09863888888887,0.9,0.0,2019-11-14 06:09:53,围网
15344,31.59319444444445,126.09838888888888,0.5,0.0,2019-11-14 06:19:53,围网
15344,31.592861111111112,126.09827777777777,1.5,225.0,2019-11-14 06:29:53,围网
15344,31.59233333333333,126.098,1.5,239.0,2019-11-14 06:39:53,围网
15344,31.591777777777768,126.09697222222222,0.3,0.0,2019-11-14 06:59:52,围网
15344,31.591638888888887,126.09666666666666,1.4,236.0,2019-11-14 07:09:52,围网
15344,31.59147222222222,126.09605555555555,0.4,0.0,2019-11-14 07:19:52,围网
15344,31.591527777777767,126.09558333333332,0.5,0.0,2019-11-14 07:29:52,围网
15344,31.591527777777767,126.09533333333331,0.1,0.0,2019-11-14 07:39:52,围网
15344,31.59158333333333,126.095,0.6,0.0,2019-11-14 07:49:52,围网
15344,31.59161111111111,126.09488888888887,3.1,115.0,2019-11-14 07:59:52,围网
15344,31.59175,126.0945,0.8,46.0,2019-11-14 08:10:21,围网
15344,31.59213888888889,126.094,2.1,321.0,2019-11-14 08:19:52,围网
15344,31.59236111111111,126.09369444444445,1.5,310.0,2019-11-14 08:29:52,围网
15344,31.59275,126.09333333333332,1.4,0.0,2019-11-14 08:39:52,围网
15344,31.593166666666665,126.09299999999999,1.5,97.0,2019-11-14 08:49:52,围网
15344,31.59344444444445,126.09291666666664,2.4,130.0,2019-11-14 08:59:52,围网
15344,31.59336111111111,126.09297222222222,1.6,354.0,2019-11-14 09:09:52,围网
15344,31.59369444444444,126.09275,1.9,129.0,2019-11-14 09:19:52,围网
15344,31.593805555555555,126.09283333333332,2.0,147.0,2019-11-14 09:29:52,围网
15344,31.593916666666665,126.09272222222219,1.6,154.0,2019-11-14 09:39:52,围网
15344,31.59386111111111,126.09277777777777,0.6,0.0,2019-11-14 09:49:52,围网
15344,31.594,126.09272222222219,3.1,167.0,2019-11-14 09:59:52,围网
15344,31.59397222222222,126.09269444444445,1.2,106.0,2019-11-14 10:09:52,围网
15344,31.59372222222222,126.09294444444444,2.2,143.0,2019-11-14 10:19:52,围网
15344,31.593555555555557,126.09305555555555,1.3,74.0,2019-11-14 10:29:52,围网
15344,31.59333333333333,126.09316666666666,0.7,0.0,2019-11-14 10:39:52,围网
15344,31.590666666666664,126.09825,0.4,0.0,2019-11-14 12:07:33,围网
15344,31.59069444444444,126.09866666666667,1.6,241.0,2019-11-14 12:17:33,围网
15344,31.59072222222222,126.09886111111106,0.1,0.0,2019-11-14 12:27:33,围网
15344,31.590666666666664,126.09869444444445,1.8,185.0,2019-11-14 12:37:33,围网
15344,31.59069444444444,126.09891666666664,1.3,195.0,2019-11-14 12:48:01,围网
15344,31.590777777777767,126.09927777777777,0.9,73.0,2019-11-14 12:57:33,围网
15344,31.59083333333333,126.09944444444444,2.0,226.0,2019-11-14 13:07:33,围网
15344,31.590888888888887,126.09958333333331,0.2,0.0,2019-11-14 13:17:33,围网
15344,31.590944444444442,126.09983333333332,1.1,27.0,2019-11-14 13:27:33,围网
15344,31.59111111111111,126.10033333333334,1.5,106.0,2019-11-14 13:37:33,围网
15344,31.591277777777766,126.10069444444444,0.8,303.0,2019-11-14 13:47:33,围网
15344,31.591361111111112,126.10080555555555,1.0,355.0,2019-11-14 13:57:33,围网
15344,31.59147222222222,126.10094444444445,1.2,287.0,2019-11-14 14:07:33,围网
15344,31.59397222222222,126.10063888888888,2.2,322.0,2019-11-14 14:17:33,围网
15344,31.59572222222221,126.09797222222224,1.4,353.0,2019-11-14 14:27:33,围网
15344,31.604111111111113,126.09911111111107,2.9,6.0,2019-11-14 14:37:33,围网
15344,31.59647222222221,126.1005,5.6,173.0,2019-11-14 14:47:33,围网
15344,31.590138888888887,126.10297222222222,1.9,150.0,2019-11-14 14:57:33,围网
15344,31.584611111111112,126.10552777777777,1.5,152.0,2019-11-14 15:07:33,围网
15344,31.57927777777777,126.10799999999999,2.8,145.0,2019-11-14 15:17:33,围网
15344,31.57383333333333,126.11038888888888,2.3,176.0,2019-11-14 15:27:33,围网
15344,31.568166666666666,126.11244444444445,2.3,175.0,2019-11-14 15:37:33,围网
15344,31.562305555555554,126.11394444444444,3.3,169.0,2019-11-14 15:47:33,围网
15344,31.55608333333333,126.11533333333334,2.8,161.0,2019-11-14 15:58:01,围网
15344,31.55019444444445,126.11594444444445,2.7,160.0,2019-11-14 16:07:32,围网
15344,31.543944444444445,126.11575,2.5,171.0,2019-11-14 16:17:32,围网
15344,31.53775000000001,126.11502777777777,2.0,178.0,2019-11-14 16:27:32,围网
15344,31.53163888888889,126.11416666666666,3.1,150.0,2019-11-14 16:37:32,围网
15344,31.525666666666666,126.11313888888887,1.4,183.0,2019-11-14 16:47:32,围网
15344,31.51972222222221,126.11194444444445,2.5,192.0,2019-11-14 16:57:32,围网
15344,31.513805555555557,126.11097222222222,1.9,208.0,2019-11-14 17:07:32,围网
15344,31.50786111111111,126.11,2.4,208.0,2019-11-14 17:17:32,围网
15344,31.502055555555554,126.10891666666666,2.3,207.0,2019-11-14 17:27:32,围网
15344,31.49625,126.10799999999999,2.4,190.0,2019-11-14 17:37:32,围网
15344,31.49063888888889,126.10661111111106,2.1,198.0,2019-11-14 17:47:32,围网
15344,31.485166666666665,126.1052222222222,2.0,205.0,2019-11-14 17:57:32,围网
15344,31.4795,126.10283333333334,2.6,212.0,2019-11-14 18:08:06,围网
15344,31.47561111111111,126.09788888888887,2.4,252.0,2019-11-14 18:17:32,围网
15344,31.47780555555555,126.08930555555555,3.4,319.0,2019-11-14 18:27:32,围网
15344,31.48333333333333,126.08377777777778,2.7,346.0,2019-11-14 18:37:32,围网
15344,31.488555555555557,126.08083333333332,2.7,323.0,2019-11-14 18:47:32,围网
15344,31.493944444444452,126.0787222222222,2.9,19.0,2019-11-14 18:57:32,围网
15344,31.4995,126.07716666666666,2.7,332.0,2019-11-14 19:07:32,围网
15344,31.50486111111111,126.07552777777776,2.8,323.0,2019-11-14 19:17:32,围网
15344,31.51011111111111,126.07402777777777,2.5,8.0,2019-11-14 19:27:32,围网
15344,31.515611111111113,126.07322222222223,1.8,358.0,2019-11-14 19:37:32,围网
15344,31.52127777777777,126.0732777777778,2.5,359.0,2019-11-14 19:47:32,围网
15344,31.527027777777768,126.0734722222222,1.3,30.0,2019-11-14 19:57:32,围网
15344,31.532666666666664,126.0734722222222,2.6,339.0,2019-11-14 20:07:31,围网
15344,31.537888888888887,126.07358333333332,0.4,0.0,2019-11-14 20:17:31,围网
15344,31.53736111111111,126.07119444444444,1.8,194.0,2019-11-14 20:27:32,围网
15344,31.53694444444445,126.07105555555556,0.1,0.0,2019-11-14 20:37:31,围网
15344,31.537194444444452,126.06927777777777,1.8,319.0,2019-11-14 20:47:31,围网
15344,31.53844444444445,126.0485277777778,4.5,313.0,2019-11-14 20:58:00,围网
15344,31.544555555555558,126.04519444444445,8.2,357.0,2019-11-14 21:07:31,围网
15344,31.554111111111112,126.04419444444444,2.1,356.0,2019-11-14 21:17:31,围网
15344,31.56058333333333,126.04330555555555,2.5,351.0,2019-11-14 21:27:31,围网
15344,31.573472222222208,126.04358333333332,2.3,1.0,2019-11-14 21:47:30,围网
15344,31.57991666666667,126.04463888888887,2.6,18.0,2019-11-14 21:57:30,围网
15344,31.58602777777779,126.04625,2.5,15.0,2019-11-14 22:07:30,围网
15344,31.591638888888887,126.04955555555556,2.3,45.0,2019-11-14 22:17:30,围网
15344,31.596055555555555,126.0545277777778,1.9,69.0,2019-11-14 22:27:30,围网
15344,31.59875,126.06063888888887,2.0,70.0,2019-11-14 22:37:30,围网
15344,31.6,126.06691666666666,2.4,70.0,2019-11-14 22:47:30,围网
15344,31.600500000000004,126.07316666666668,1.6,92.0,2019-11-14 22:57:30,围网
15344,31.60052777777778,126.0792777777778,1.7,0.0,2019-11-14 23:07:31,围网
15344,31.600444444444445,126.0854722222222,2.5,74.0,2019-11-14 23:17:58,围网
15344,31.600361111111113,126.0912777777778,3.1,62.0,2019-11-14 23:27:30,围网
15344,31.60088888888889,126.09769444444444,2.1,82.0,2019-11-14 23:37:30,围网
15344,31.601333333333336,126.10441666666664,2.4,129.0,2019-11-14 23:47:30,围网
15344,31.60136111111111,126.11105555555555,2.2,99.0,2019-11-14 23:57:30,围网
15344,31.59922222222221,126.1172222222222,2.7,108.0,2019-11-15 00:07:30,围网
15344,31.59658333333333,126.12311111111113,1.7,120.0,2019-11-15 00:17:30,围网
15344,31.594166666666666,126.12913888888887,2.0,98.0,2019-11-15 00:27:30,围网
15344,31.591527777777767,126.13533333333336,2.6,110.0,2019-11-15 00:37:30,围网
15344,31.588777777777768,126.14188888888893,2.0,135.0,2019-11-15 00:47:30,围网
15344,31.58594444444445,126.14869444444444,2.2,132.0,2019-11-15 00:57:30,围网
15344,31.58302777777779,126.15561111111113,2.6,130.0,2019-11-15 01:07:30,围网
15344,31.58008333333333,126.16263888888888,2.6,117.0,2019-11-15 01:17:30,围网
15344,31.577055555555553,126.16975,2.3,117.0,2019-11-15 01:27:30,围网
15344,31.574,126.17691666666668,3.0,115.0,2019-11-15 01:37:30,围网
15344,31.570888888888888,126.18433333333334,3.0,120.0,2019-11-15 01:47:30,围网
15344,31.567805555555548,126.19180555555555,2.9,121.0,2019-11-15 01:57:30,围网
15344,31.56438888888889,126.20019444444445,2.5,115.0,2019-11-15 02:08:23,围网
15344,31.56144444444445,126.20713888888888,2.4,115.0,2019-11-15 02:17:30,围网
15344,31.55808333333333,126.21480555555556,2.9,102.0,2019-11-15 02:27:30,围网
15344,31.55466666666667,126.22233333333334,2.5,134.0,2019-11-15 02:37:30,围网
15344,31.551444444444453,126.23,3.1,93.0,2019-11-15 02:47:29,围网
15344,31.548111111111112,126.23769444444444,2.6,118.0,2019-11-15 02:57:29,围网
15344,31.54486111111111,126.24533333333332,2.8,137.0,2019-11-15 03:07:29,围网
15344,31.541638888888887,126.25283333333334,2.8,133.0,2019-11-15 03:17:29,围网
15344,31.5385,126.26027777777777,2.4,103.0,2019-11-15 03:27:29,围网
15344,31.535472222222232,126.26769444444444,2.0,111.0,2019-11-15 03:37:29,围网
15344,31.53247222222221,126.27505555555555,3.1,128.0,2019-11-15 03:47:29,围网
15344,31.5295,126.28219444444444,2.5,121.0,2019-11-15 03:57:29,围网
15344,31.526611111111112,126.28925,2.1,109.0,2019-11-15 04:07:29,围网
15344,31.52408333333333,126.2915,1.1,312.0,2019-11-15 04:17:29,围网
15344,31.52458333333333,126.28833333333333,2.7,126.0,2019-11-15 04:27:29,围网
15344,31.520666666666664,126.28947222222222,0.4,0.0,2019-11-15 04:37:29,围网
15344,31.51758333333333,126.28883333333332,1.5,317.0,2019-11-15 04:47:29,围网
15344,31.50711111111111,126.28463888888888,2.5,202.0,2019-11-15 04:57:29,围网
15344,31.500805555555555,126.28163888888888,2.2,203.0,2019-11-15 05:07:29,围网
15344,31.494944444444453,126.27836111111112,2.4,0.0,2019-11-15 05:17:30,围网
15344,31.48944444444445,126.27455555555555,2.9,0.0,2019-11-15 05:27:38,围网
15344,31.484305555555554,126.27,2.3,224.0,2019-11-15 05:37:57,围网
15344,31.48022222222221,126.26466666666668,2.4,257.0,2019-11-15 05:47:29,围网
15344,31.47683333333333,126.25830555555555,2.0,237.0,2019-11-15 05:57:29,围网
15344,31.47408333333333,126.25152777777777,2.0,267.0,2019-11-15 06:07:29,围网
15344,31.47194444444445,126.2445,2.9,229.0,2019-11-15 06:17:29,围网
15344,31.470527777777786,126.23725,2.0,268.0,2019-11-15 06:27:29,围网
15344,31.469555555555548,126.22980555555556,2.9,245.0,2019-11-15 06:37:29,围网
15344,31.467305555555548,126.22263888888888,3.2,234.0,2019-11-15 06:47:29,围网
15344,31.46463888888889,126.21566666666666,2.4,261.0,2019-11-15 06:57:29,围网
15344,31.462,126.20866666666667,2.4,261.0,2019-11-15 07:07:29,围网
15344,31.459111111111113,126.20169444444444,2.2,234.0,2019-11-15 07:17:29,围网
15344,31.45638888888889,126.19469444444445,2.3,238.0,2019-11-15 07:27:29,围网
15344,31.453777777777766,126.18775,2.2,243.0,2019-11-15 07:37:29,围网
15344,31.451527777777766,126.18061111111112,2.0,259.0,2019-11-15 07:47:28,围网
15344,31.44975,126.17344444444444,2.8,281.0,2019-11-15 07:57:28,围网
15344,31.44894444444445,126.16525,2.5,266.0,2019-11-15 08:07:59,围网
15344,31.44919444444445,126.15758333333332,2.2,279.0,2019-11-15 08:17:28,围网
15344,31.449777777777786,126.14980555555556,2.5,293.0,2019-11-15 08:27:28,围网
15344,31.45122222222221,126.1419722222222,2.6,282.0,2019-11-15 08:37:28,围网
15344,31.45294444444444,126.13422222222223,2.7,304.0,2019-11-15 08:47:28,围网
15344,31.45644444444445,126.12683333333334,2.4,310.0,2019-11-15 08:57:28,围网
15344,31.460777777777786,126.1202222222222,2.5,321.0,2019-11-15 09:07:28,围网
15344,31.465027777777767,126.11391666666664,2.4,303.0,2019-11-15 09:17:28,围网
15344,31.468916666666665,126.10777777777777,2.4,301.0,2019-11-15 09:27:28,围网
15344,31.47269444444445,126.10194444444444,2.0,313.0,2019-11-15 09:37:28,围网
15344,31.47669444444445,126.09619444444445,2.7,317.0,2019-11-15 09:47:28,围网
15344,31.48094444444445,126.09036111111112,2.8,321.0,2019-11-15 09:57:28,围网
15344,31.485944444444453,126.08513888888888,2.6,332.0,2019-11-15 10:07:28,围网
15344,31.491138888888887,126.08047222222223,2.5,307.0,2019-11-15 10:17:28,围网
15344,31.496333333333336,126.07588888888893,2.4,334.0,2019-11-15 10:27:28,围网
15344,31.501805555555553,126.07175,2.4,324.0,2019-11-15 10:37:28,围网
15344,31.50236111111111,126.073,1.9,130.0,2019-11-15 10:47:28,围网
15344,31.50186111111111,126.07325,1.6,353.0,2019-11-15 10:57:28,围网
15344,31.50380555555556,126.072,0.7,329.0,2019-11-15 11:07:30,围网
15344,31.50508333333333,126.05536111111113,8.2,272.0,2019-11-15 11:17:28,围网
15344,31.506888888888888,126.04241666666668,4.9,348.0,2019-11-15 11:27:28,围网
15344,31.52033333333333,126.0419722222222,1.6,351.0,2019-11-15 11:37:30,围网
15344,31.527472222222233,126.04175,2.3,1.0,2019-11-15 11:47:56,围网
15344,31.533638888888888,126.0397777777778,2.5,335.0,2019-11-15 11:57:28,围网
15344,31.539638888888888,126.03713888888888,2.1,335.0,2019-11-15 12:07:28,围网
15344,31.54569444444445,126.03527777777781,2.3,340.0,2019-11-15 12:17:28,围网
15344,31.551972222222233,126.03433333333334,2.3,356.0,2019-11-15 12:27:28,围网
15344,31.55852777777778,126.03463888888888,2.5,14.0,2019-11-15 12:37:27,围网
15344,31.56511111111111,126.03752777777777,2.5,25.0,2019-11-15 12:47:27,围网
15344,31.57086111111111,126.04258333333334,2.7,52.0,2019-11-15 12:57:27,围网
15344,31.574361111111113,126.05030555555555,2.6,71.0,2019-11-15 13:07:27,围网
15344,31.57533333333333,126.05858333333332,2.4,99.0,2019-11-15 13:17:27,围网
15344,31.57494444444445,126.06638888888888,2.4,90.0,2019-11-15 13:27:27,围网
15344,31.572916666666664,126.0734722222222,2.5,122.0,2019-11-15 13:37:27,围网
15344,31.57069444444444,126.08019444444444,2.2,123.0,2019-11-15 13:47:27,围网
15344,31.56847222222222,126.087,2.2,113.0,2019-11-15 13:57:55,围网
15344,31.566,126.09305555555555,1.9,116.0,2019-11-15 14:07:27,围网
15344,31.563055555555557,126.09905555555555,1.9,118.0,2019-11-15 14:17:27,围网
15344,31.55991666666667,126.10513888888887,2.4,125.0,2019-11-15 14:27:27,围网
15344,31.55675,126.11138888888887,2.2,116.0,2019-11-15 14:37:27,围网
15344,31.55352777777778,126.1177222222222,2.4,123.0,2019-11-15 14:47:27,围网
15344,31.550166666666666,126.12427777777776,2.4,116.0,2019-11-15 14:57:27,围网
15344,31.546861111111113,126.13088888888888,2.4,117.0,2019-11-15 15:07:27,围网
15344,31.5435,126.13747222222223,2.4,120.0,2019-11-15 15:17:27,围网
15344,31.540250000000004,126.14397222222223,2.2,124.0,2019-11-15 15:27:27,围网
15344,31.53691666666667,126.15038888888893,2.1,131.0,2019-11-15 15:37:27,围网
15344,31.53361111111111,126.15683333333334,2.6,111.0,2019-11-15 15:47:27,围网
15344,31.53033333333333,126.16327777777781,2.2,114.0,2019-11-15 15:57:27,围网
15344,31.52686111111111,126.16991666666668,2.2,120.0,2019-11-15 16:07:53,围网
15344,31.52375,126.17613888888887,2.4,122.0,2019-11-15 16:17:27,围网
15344,31.52052777777779,126.18269444444445,2.2,113.0,2019-11-15 16:27:27,围网
15344,31.517277777777768,126.18916666666668,1.9,121.0,2019-11-15 16:37:27,围网
15344,31.51372222222221,126.19522222222223,2.7,152.0,2019-11-15 16:47:27,围网
15344,31.506527777777766,126.19663888888887,2.8,164.0,2019-11-15 16:57:27,围网
15344,31.499972222222233,126.19641666666666,2.5,178.0,2019-11-15 17:07:27,围网
15344,31.49383333333333,126.19611111111112,2.0,193.0,2019-11-15 17:17:27,围网
15344,31.4945,126.19708333333334,1.8,12.0,2019-11-15 17:27:26,围网
15344,31.494805555555555,126.19591666666668,2.2,299.0,2019-11-15 17:37:26,围网
15344,31.49447222222223,126.19625,0.3,0.0,2019-11-15 17:47:26,围网
15344,31.492027777777786,126.19375,7.9,188.0,2019-11-15 17:57:26,围网
15344,31.48191666666667,126.19327777777778,1.7,21.0,2019-11-15 18:07:26,围网
15344,31.48041666666667,126.1825277777778,2.2,274.0,2019-11-15 18:17:26,围网
15344,31.48230555555555,126.17541666666666,2.4,306.0,2019-11-15 18:27:26,围网
15344,31.48469444444445,126.16852777777778,2.2,290.0,2019-11-15 18:37:26,围网
15344,31.48697222222223,126.16163888888887,2.2,297.0,2019-11-15 18:47:26,围网
15344,31.489305555555553,126.15444444444445,2.0,302.0,2019-11-15 18:57:26,围网
15344,31.49183333333333,126.14744444444445,2.1,300.0,2019-11-15 19:07:26,围网
15344,31.49447222222223,126.14041666666668,2.2,294.0,2019-11-15 19:17:26,围网
15344,31.496972222222233,126.13333333333334,1.6,290.0,2019-11-15 19:27:26,围网
15344,31.499388888888888,126.12633333333332,1.6,303.0,2019-11-15 19:37:27,围网
15344,31.502,126.11938888888888,2.2,297.0,2019-11-15 19:47:27,围网
15344,31.50788888888889,126.10494444444444,2.3,292.0,2019-11-15 20:07:53,围网
15344,31.51025000000001,126.09822222222222,2.1,291.0,2019-11-15 20:17:26,围网
15344,31.51241666666667,126.09105555555556,2.1,290.0,2019-11-15 20:27:26,围网
15344,31.5145,126.08388888888888,2.2,280.0,2019-11-15 20:37:26,围网
15344,31.516666666666666,126.07688888888887,2.2,288.0,2019-11-15 20:47:26,围网
15344,31.519222222222233,126.07005555555556,2.2,303.0,2019-11-15 20:57:26,围网
15344,31.522055555555553,126.06330555555556,2.3,293.0,2019-11-15 21:07:26,围网
15344,31.525055555555554,126.05686111111108,2.3,305.0,2019-11-15 21:17:26,围网
15344,31.528388888888887,126.05033333333334,2.2,300.0,2019-11-15 21:27:26,围网
15344,31.532,126.04402777777777,2.2,312.0,2019-11-15 21:37:26,围网
15344,31.535888888888888,126.03786111111113,2.2,307.0,2019-11-15 21:47:26,围网
15344,31.540055555555558,126.03202777777778,2.2,307.0,2019-11-15 21:57:26,围网
15344,31.544638888888887,126.02644444444445,2.3,317.0,2019-11-15 22:07:26,围网
15344,31.54938888888889,126.02122222222219,2.3,323.0,2019-11-15 22:17:26,围网
15344,31.554305555555555,126.01625,2.3,320.0,2019-11-15 22:27:25,围网
15344,31.559444444444445,126.0115,2.3,322.0,2019-11-15 22:37:25,围网
15344,31.564805555555555,126.00711111111113,2.4,328.0,2019-11-15 22:47:25,围网
15344,31.57044444444445,126.00313888888893,2.3,332.0,2019-11-15 22:57:25,围网
15344,31.57633333333333,125.99963888888892,2.4,342.0,2019-11-15 23:07:25,围网
15344,31.58258333333333,125.99636111111107,2.2,336.0,2019-11-15 23:17:54,围网
15344,31.5885,125.99388888888888,2.3,340.0,2019-11-15 23:27:25,围网
15344,31.594805555555553,125.99169444444445,2.2,333.0,2019-11-15 23:37:25,围网
15344,31.60116666666667,125.98994444444445,2.4,349.0,2019-11-15 23:47:25,围网
15344,31.60766666666667,125.98883333333332,1.8,16.0,2019-11-15 23:57:25,围网
15344,31.60522222222223,125.991,2.1,148.0,2019-11-16 00:07:25,围网
15344,31.606222222222208,125.9922777777778,0.8,40.0,2019-11-16 00:17:25,围网
15344,31.608833333333337,125.9945,4.7,149.0,2019-11-16 00:27:25,围网
15344,31.59813888888889,125.98952777777778,2.0,143.0,2019-11-16 00:37:25,围网
15344,31.595111111111112,125.99988888888888,1.9,129.0,2019-11-16 00:47:25,围网
15344,31.59194444444445,126.00572222222223,2.1,123.0,2019-11-16 00:57:25,围网
15344,31.58819444444445,126.01116666666668,2.7,125.0,2019-11-16 01:07:25,围网
15344,31.58422222222222,126.01633333333334,2.4,130.0,2019-11-16 01:17:25,围网
15344,31.580166666666663,126.02180555555556,2.2,141.0,2019-11-16 01:27:25,围网
15344,31.57608333333333,126.02736111111106,2.5,141.0,2019-11-16 01:37:25,围网
15344,31.57191666666667,126.03291666666668,2.5,140.0,2019-11-16 01:47:25,围网
15344,31.56744444444445,126.03811111111112,3.1,139.0,2019-11-16 01:57:25,围网
15344,31.56258333333333,126.04358333333332,2.5,130.0,2019-11-16 02:07:52,围网
15344,31.558166666666665,126.04863888888887,2.6,127.0,2019-11-16 02:17:25,围网
15344,31.55352777777778,126.05419444444445,2.5,126.0,2019-11-16 02:27:25,围网
15344,31.549083333333336,126.06,2.4,127.0,2019-11-16 02:37:25,围网
15344,31.54466666666667,126.06591666666668,2.4,133.0,2019-11-16 02:47:25,围网
15344,31.540138888888887,126.07166666666666,2.5,129.0,2019-11-16 02:57:25,围网
15344,31.53550000000001,126.07741666666666,2.3,136.0,2019-11-16 03:07:25,围网
15344,31.53088888888889,126.08313888888887,2.4,137.0,2019-11-16 03:17:24,围网
15344,31.52625,126.0887777777778,2.5,131.0,2019-11-16 03:27:24,围网
15344,31.520944444444442,126.09358333333331,2.5,152.0,2019-11-16 03:37:24,围网
15344,31.5145,126.09616666666666,2.5,166.0,2019-11-16 03:47:24,围网
15344,31.50788888888889,126.09713888888888,2.3,171.0,2019-11-16 03:57:24,围网
15344,31.50138888888889,126.09775,2.0,184.0,2019-11-16 04:07:24,围网
15344,31.49491666666667,126.0974722222222,2.4,181.0,2019-11-16 04:17:24,围网
15344,31.4885,126.0972222222222,2.2,176.0,2019-11-16 04:27:24,围网
15344,31.48188888888889,126.09711111111113,1.8,169.0,2019-11-16 04:37:24,围网
15344,31.47511111111111,126.09705555555556,0.5,0.0,2019-11-16 04:47:24,围网
15344,31.46847222222221,126.09705555555556,1.8,181.0,2019-11-16 04:57:24,围网
15344,31.45486111111111,126.09669444444445,1.7,179.0,2019-11-16 05:17:24,围网
15344,31.447972222222226,126.09661111111107,2.4,181.0,2019-11-16 05:27:24,围网
15344,31.441222222222233,126.09638888888887,1.6,0.0,2019-11-16 05:37:24,围网
15344,31.43408333333333,126.09630555555556,2.4,182.0,2019-11-16 05:47:52,围网
15344,31.42769444444445,126.09630555555556,2.4,183.0,2019-11-16 05:57:24,围网
15344,31.421055555555558,126.09611111111107,2.4,183.0,2019-11-16 06:07:24,围网
15344,31.41530555555555,126.0954722222222,1.3,205.0,2019-11-16 06:17:24,围网
15344,31.41597222222222,126.0954722222222,1.4,3.0,2019-11-16 06:27:24,围网
15344,31.415555555555553,126.09383333333332,0.9,190.0,2019-11-16 06:37:24,围网
15344,31.414277777777766,126.09308333333333,0.2,0.0,2019-11-16 06:47:24,围网
15344,31.41283333333333,126.09297222222222,1.5,183.0,2019-11-16 06:57:24,围网
15344,31.414638888888888,126.08391666666664,5.0,291.0,2019-11-16 07:07:24,围网
15344,31.41916666666667,126.07763888888887,2.1,308.0,2019-11-16 07:18:11,围网
15344,31.42297222222223,126.0732777777778,2.1,316.0,2019-11-16 07:27:24,围网
15344,31.42677777777779,126.06822222222222,2.0,311.0,2019-11-16 07:37:24,围网
15344,31.43052777777779,126.06288888888888,2.0,310.0,2019-11-16 07:47:24,围网
15344,31.43419444444445,126.05744444444444,2.2,307.0,2019-11-16 07:57:24,围网
15344,31.43808333333333,126.05163888888887,2.5,311.0,2019-11-16 08:07:23,围网
15344,31.44225,126.04583333333332,2.5,301.0,2019-11-16 08:17:23,围网
15344,31.446638888888888,126.04002777777777,2.5,311.0,2019-11-16 08:27:23,围网
15344,31.45127777777777,126.03461111111113,2.3,316.0,2019-11-16 08:37:23,围网
15344,31.456277777777768,126.0295,2.3,316.0,2019-11-16 08:47:23,围网
15344,31.46113888888889,126.02408333333334,2.8,313.0,2019-11-16 08:57:23,围网
15344,31.46575,126.01886111111112,2.1,320.0,2019-11-16 09:07:23,围网
15344,31.47044444444445,126.01341666666669,2.2,313.0,2019-11-16 09:17:23,围网
15344,31.47569444444445,126.00758333333332,2.5,315.0,2019-11-16 09:27:52,围网
15344,31.481055555555557,126.00288888888888,2.5,328.0,2019-11-16 09:37:23,围网
15344,31.48688888888889,125.99836111111112,2.5,328.0,2019-11-16 09:47:23,围网
15344,31.49297222222223,125.99477777777778,2.4,343.0,2019-11-16 09:57:23,围网
15344,31.4995,125.99241666666668,2.5,340.0,2019-11-16 10:07:23,围网
15344,31.50594444444444,125.9897777777778,2.4,342.0,2019-11-16 10:17:23,围网
15344,31.5125,125.98738888888893,2.6,340.0,2019-11-16 10:27:23,围网
15344,31.51913888888889,125.98536111111113,1.0,346.0,2019-11-16 10:37:23,围网
15344,31.52583333333333,125.98369444444445,2.5,345.0,2019-11-16 10:47:23,围网
15344,31.53247222222221,125.98230555555556,2.4,348.0,2019-11-16 10:57:23,围网
15344,31.53919444444445,125.98122222222223,2.5,351.0,2019-11-16 11:07:23,围网
15344,31.545972222222233,125.98041666666668,2.5,346.0,2019-11-16 11:17:23,围网
15344,31.55269444444445,125.98,2.4,0.0,2019-11-16 11:27:23,围网
15344,31.55941666666667,125.97983333333332,2.4,2.0,2019-11-16 11:37:23,围网
15344,31.566222222222233,125.97983333333332,2.3,0.0,2019-11-16 11:47:23,围网
15344,31.572944444444442,125.98030555555556,2.3,4.0,2019-11-16 11:57:23,围网
15344,31.57997222222223,125.98105555555556,2.3,4.0,2019-11-16 12:07:53,围网
15344,31.586305555555555,125.98219444444445,2.5,9.0,2019-11-16 12:17:23,围网
15344,31.59294444444444,125.9832222222222,1.6,8.0,2019-11-16 12:27:23,围网
15344,31.592027777777766,125.98205555555555,1.6,195.0,2019-11-16 12:37:23,围网
15344,31.593000000000004,125.98188888888888,1.3,1.0,2019-11-16 12:47:23,围网
15344,31.59663888888889,125.98186111111113,1.4,12.0,2019-11-16 12:57:22,围网
15344,31.60266666666667,125.97566666666668,3.5,27.0,2019-11-16 13:07:22,围网
15344,31.61277777777779,125.98486111111107,2.5,29.0,2019-11-16 13:17:22,围网
15344,31.61891666666667,125.98858333333332,2.4,29.0,2019-11-16 13:27:22,围网
15344,31.62508333333333,125.99163888888887,2.5,30.0,2019-11-16 13:37:22,围网
15344,31.63136111111111,125.99455555555555,2.4,32.0,2019-11-16 13:47:22,围网
15344,31.63738888888889,125.99858333333331,2.3,28.0,2019-11-16 13:57:52,围网
15344,31.64258333333333,126.00283333333334,2.4,40.0,2019-11-16 14:07:22,围网
15344,31.647305555555555,126.0085277777778,2.3,50.0,2019-11-16 14:17:22,围网
15344,31.65097222222222,126.0155277777778,2.5,64.0,2019-11-16 14:27:22,围网
15344,31.653277777777767,126.02305555555556,2.4,82.0,2019-11-16 14:37:22,围网
15344,31.654305555555553,126.03088888888892,2.6,78.0,2019-11-16 14:47:22,围网
15344,31.6545,126.03875,2.2,94.0,2019-11-16 14:57:22,围网
15344,31.65375,126.04641666666666,2.5,114.0,2019-11-16 15:07:22,围网
15344,31.65136111111111,126.05355555555555,2.5,120.0,2019-11-16 15:17:22,围网
15344,31.647444444444453,126.0595,2.2,136.0,2019-11-16 15:27:21,围网
15344,31.643277777777786,126.06494444444445,2.3,132.0,2019-11-16 15:37:22,围网
15344,31.639194444444442,126.07025,2.2,133.0,2019-11-16 15:47:22,围网
15344,31.634638888888887,126.07536111111106,2.2,138.0,2019-11-16 15:57:22,围网
15344,31.629527777777767,126.08155555555555,2.3,145.0,2019-11-16 16:07:52,围网
15344,31.624944444444445,126.08602777777777,2.3,148.0,2019-11-16 16:17:22,围网
15344,31.620027777777786,126.09052777777777,2.2,137.0,2019-11-16 16:27:22,围网
15344,31.61488888888889,126.09491666666666,2.1,142.0,2019-11-16 16:37:22,围网
15344,31.609861111111112,126.09938888888887,2.2,136.0,2019-11-16 16:47:22,围网
15344,31.604888888888887,126.10388888888887,2.2,144.0,2019-11-16 16:57:22,围网
15344,31.599777777777767,126.10791666666664,2.1,148.0,2019-11-16 17:07:21,围网
15344,31.59419444444445,126.11097222222222,2.5,165.0,2019-11-16 17:17:21,围网
15344,31.587777777777767,126.11116666666666,2.3,196.0,2019-11-16 17:27:21,围网
15344,31.581805555555555,126.10866666666666,2.2,210.0,2019-11-16 17:37:21,围网
15344,31.57622222222221,126.10577777777776,2.0,210.0,2019-11-16 17:47:21,围网
15344,31.570777777777767,126.10305555555556,1.9,202.0,2019-11-16 17:57:21,围网
15344,31.56533333333333,126.10038888888887,2.2,193.0,2019-11-16 18:07:21,围网
15344,31.55991666666667,126.09769444444444,2.0,206.0,2019-11-16 18:17:21,围网
15344,31.554444444444453,126.09502777777777,2.1,196.0,2019-11-16 18:27:21,围网
15344,31.549111111111113,126.09238888888888,2.1,206.0,2019-11-16 18:37:21,围网
15344,31.543388888888888,126.08955555555555,2.3,213.0,2019-11-16 18:47:52,围网
15344,31.538250000000005,126.08705555555555,2.2,210.0,2019-11-16 18:57:21,围网
15344,31.536027777777786,126.0852777777778,1.6,44.0,2019-11-16 19:07:20,围网
15344,31.538083333333336,126.08613888888887,2.0,209.0,2019-11-16 19:17:21,围网
15344,31.53841666666667,126.08411111111107,0.2,0.0,2019-11-16 19:27:20,围网
15344,31.539055555555557,126.08258333333332,0.4,0.0,2019-11-16 19:37:20,围网
15344,31.545388888888887,126.07108333333332,4.6,354.0,2019-11-16 19:47:20,围网
15344,31.55525,126.06886111111106,2.8,343.0,2019-11-16 19:57:20,围网
15344,31.56091666666667,126.0659722222222,2.4,325.0,2019-11-16 20:07:20,围网
15344,31.56616666666667,126.06205555555556,2.1,329.0,2019-11-16 20:17:19,围网
15344,31.571305555555558,126.05780555555555,2.5,315.0,2019-11-16 20:27:20,围网
15344,31.57638888888889,126.05308333333332,2.4,320.0,2019-11-16 20:37:20,围网
15344,31.581722222222233,126.0487777777778,2.3,324.0,2019-11-16 20:47:20,围网
15344,31.593000000000004,126.04088888888887,2.3,328.0,2019-11-16 21:07:20,围网
15344,31.59875,126.03694444444444,2.4,329.0,2019-11-16 21:17:20,围网
15344,31.60463888888889,126.03305555555555,2.4,323.0,2019-11-16 21:27:20,围网
15344,31.61063888888889,126.02933333333334,2.4,331.0,2019-11-16 21:37:20,围网
15344,31.61683333333333,126.02572222222223,2.2,333.0,2019-11-16 21:47:20,围网
15344,31.62305555555556,126.02205555555555,2.2,340.0,2019-11-16 21:57:20,围网
15344,31.62925,126.01827777777777,2.4,327.0,2019-11-16 22:07:20,围网
15344,31.635361111111113,126.01444444444445,2.5,326.0,2019-11-16 22:17:20,围网
15344,31.64147222222222,126.01058333333332,2.5,332.0,2019-11-16 22:27:20,围网
15344,31.647666666666666,126.00686111111106,2.4,339.0,2019-11-16 22:37:19,围网
15344,31.653861111111112,126.00336111111106,2.3,333.0,2019-11-16 22:47:19,围网
15344,31.660138888888888,125.99994444444445,2.2,340.0,2019-11-16 22:57:19,围网
15344,31.6665,125.99663888888887,2.6,341.0,2019-11-16 23:07:35,围网
15344,31.67258333333333,125.99363888888887,2.6,338.0,2019-11-16 23:17:19,围网
15344,31.678916666666666,125.99094444444445,2.4,332.0,2019-11-16 23:27:19,围网
15344,31.68533333333333,125.98866666666667,2.4,342.0,2019-11-16 23:37:19,围网
15344,31.691805555555554,125.98666666666666,2.3,343.0,2019-11-16 23:47:19,围网
15344,31.698277777777786,125.98486111111107,2.4,344.0,2019-11-16 23:57:19,围网
15344,31.70483333333333,125.98330555555556,2.3,352.0,2019-11-17 00:07:19,围网
15344,31.711277777777767,125.98194444444445,2.4,353.0,2019-11-17 00:17:19,围网
15344,31.71761111111111,125.98083333333334,2.7,355.0,2019-11-17 00:27:19,围网
15344,31.72397222222222,125.98016666666668,2.2,355.0,2019-11-17 00:37:19,围网
15344,31.73036111111111,125.97983333333332,2.4,354.0,2019-11-17 00:47:19,围网
15344,31.736777777777768,125.97958333333332,2.3,347.0,2019-11-17 00:57:19,围网
15344,31.74308333333333,125.97938888888888,2.3,349.0,2019-11-17 01:07:19,围网
15344,31.74936111111111,125.97958333333332,2.1,355.0,2019-11-17 01:17:19,围网
15344,31.755527777777786,125.98,2.6,14.0,2019-11-17 01:27:19,围网
15344,31.761722222222208,125.98063888888888,2.5,359.0,2019-11-17 01:37:19,围网
15344,31.767722222222233,125.98177777777778,2.1,13.0,2019-11-17 01:47:19,围网
15344,31.77358333333333,125.98316666666666,2.1,4.0,2019-11-17 01:57:19,围网
15344,31.779277777777768,125.98502777777777,2.1,11.0,2019-11-17 02:07:34,围网
15344,31.784527777777786,125.98719444444444,2.1,14.0,2019-11-17 02:17:19,围网
15344,31.789805555555557,125.98983333333334,2.0,18.0,2019-11-17 02:27:19,围网
15344,31.79491666666667,125.99291666666666,1.9,21.0,2019-11-17 02:37:19,围网
15344,31.79977777777778,125.99630555555555,2.2,38.0,2019-11-17 02:47:19,围网
15344,31.804361111111113,126.00002777777777,2.1,33.0,2019-11-17 02:57:19,围网
15344,31.804472222222234,126.00200000000001,1.5,179.0,2019-11-17 03:07:19,围网
15344,31.80163888888889,126.00238888888887,2.2,52.0,2019-11-17 03:17:18,围网
15344,31.802750000000003,126.00430555555555,1.1,46.0,2019-11-17 03:27:18,围网
15344,31.80461111111111,126.00733333333334,2.9,72.0,2019-11-17 03:37:18,围网
15344,31.80119444444445,126.01194444444445,7.8,170.0,2019-11-17 03:47:18,围网
15344,31.7915,126.01372222222223,1.7,163.0,2019-11-17 03:57:18,围网
15344,31.785611111111113,126.01547222222223,2.3,160.0,2019-11-17 04:07:18,围网
15344,31.77966666666667,126.01741666666666,2.4,158.0,2019-11-17 04:17:18,围网
15344,31.77358333333333,126.01916666666666,2.3,165.0,2019-11-17 04:27:18,围网
15344,31.76744444444445,126.02094444444445,2.7,152.0,2019-11-17 04:37:18,围网
15344,31.76125,126.02202777777778,2.1,176.0,2019-11-17 04:47:18,围网
15344,31.75491666666667,126.02302777777777,2.5,158.0,2019-11-17 04:57:18,围网
15344,31.748722222222234,126.02380555555555,2.8,165.0,2019-11-17 05:07:18,围网
15344,31.74227777777779,126.0247777777778,2.3,181.0,2019-11-17 05:17:18,围网
15344,31.73566666666667,126.02533333333334,2.7,188.0,2019-11-17 05:27:35,围网
15344,31.729416666666665,126.0259722222222,2.3,174.0,2019-11-17 05:37:18,围网
15344,31.723027777777766,126.02641666666666,1.9,181.0,2019-11-17 05:47:18,围网
15344,31.71661111111111,126.02675,2.2,174.0,2019-11-17 05:57:18,围网
15344,31.71044444444444,126.02702777777776,2.3,179.0,2019-11-17 06:07:18,围网
15344,31.70411111111111,126.02730555555556,2.6,178.0,2019-11-17 06:17:18,围网
15344,31.69766666666667,126.02741666666668,2.1,180.0,2019-11-17 06:27:18,围网
15344,31.691277777777767,126.0275277777778,1.9,176.0,2019-11-17 06:37:18,围网
15344,31.68494444444445,126.02777777777777,2.1,178.0,2019-11-17 06:47:18,围网
15344,31.678583333333336,126.0277222222222,2.0,177.0,2019-11-17 06:57:18,围网
15344,31.672305555555557,126.02766666666668,2.4,191.0,2019-11-17 07:07:18,围网
15344,31.666166666666665,126.02755555555555,2.1,185.0,2019-11-17 07:17:18,围网
15344,31.660166666666665,126.02741666666668,2.2,182.0,2019-11-17 07:27:18,围网
15344,31.654527777777766,126.02755555555555,2.4,177.0,2019-11-17 07:37:18,围网
15344,31.648944444444442,126.02755555555555,1.7,177.0,2019-11-17 07:47:18,围网
15344,31.643777777777768,126.02747222222222,2.0,185.0,2019-11-17 07:57:18,围网
15344,31.638055555555557,126.02686111111113,1.7,173.0,2019-11-17 08:07:34,围网
15344,31.63269444444445,126.02413888888887,2.2,219.0,2019-11-17 08:17:17,围网
15344,31.630055555555554,126.01508333333334,2.8,268.0,2019-11-17 08:27:17,围网
15344,31.62986111111111,126.00636111111106,2.6,278.0,2019-11-17 08:37:17,围网
15344,31.63138888888889,125.99833333333332,2.8,303.0,2019-11-17 08:47:17,围网
15344,31.63363888888889,125.99075,3.1,275.0,2019-11-17 08:57:17,围网
15344,31.636388888888888,125.98363888888888,2.6,302.0,2019-11-17 09:07:17,围网
15344,31.637611111111113,125.98111111111113,0.6,0.0,2019-11-17 09:17:17,围网
15344,31.636888888888887,125.98191666666666,2.3,305.0,2019-11-17 09:27:17,围网
15344,31.639027777777766,125.97833333333334,1.0,0.0,2019-11-17 09:37:17,围网
15344,31.63513888888889,125.97763888888888,3.0,174.0,2019-11-17 09:47:17,围网
15344,31.633111111111113,125.97491666666667,3.5,348.0,2019-11-17 09:57:17,围网
15344,31.645,125.9737222222222,2.8,345.0,2019-11-17 10:07:17,围网
15344,31.65138888888889,125.97236111111113,2.4,3.0,2019-11-17 10:17:18,围网
15344,31.65786111111111,125.97125,2.4,19.0,2019-11-17 10:27:17,围网
15344,31.664666666666665,125.96958333333332,2.2,349.0,2019-11-17 10:37:35,围网
15344,31.67094444444445,125.96891666666666,1.8,1.0,2019-11-17 10:47:17,围网
15344,31.677277777777785,125.9687777777778,1.7,346.0,2019-11-17 10:57:17,围网
15344,31.683833333333336,125.96844444444444,2.3,355.0,2019-11-17 11:07:19,围网
15344,31.69044444444444,125.96816666666666,2.7,358.0,2019-11-17 11:17:17,围网
15344,31.69730555555555,125.96711111111112,2.1,7.0,2019-11-17 11:27:17,围网
15344,31.70422222222221,125.96555555555555,2.9,342.0,2019-11-17 11:37:17,围网
15344,31.71113888888889,125.96372222222223,2.6,349.0,2019-11-17 11:47:17,围网
15344,31.71788888888889,125.96158333333334,3.2,328.0,2019-11-17 11:57:17,围网
15344,31.72508333333333,125.95911111111113,2.6,337.0,2019-11-17 12:07:59,围网
15344,31.731333333333332,125.95702777777778,2.2,354.0,2019-11-17 12:17:17,围网
15344,31.738083333333336,125.95511111111112,2.4,340.0,2019-11-17 12:27:17,围网
15344,31.74483333333333,125.95347222222222,2.4,352.0,2019-11-17 12:37:17,围网
15344,31.751666666666665,125.95211111111112,2.6,340.0,2019-11-17 12:47:17,围网
15344,31.75847222222221,125.95100000000001,2.5,349.0,2019-11-17 12:57:16,围网
15344,31.76522222222223,125.95008333333334,2.6,348.0,2019-11-17 13:07:16,围网
15344,31.772,125.94933333333334,2.3,16.0,2019-11-17 13:17:16,围网
15344,31.77872222222221,125.94894444444445,2.3,7.0,2019-11-17 13:27:16,围网
15344,31.78533333333333,125.94863888888894,2.3,355.0,2019-11-17 13:37:16,围网
15344,31.792,125.94883333333334,3.0,13.0,2019-11-17 13:47:16,围网
15344,31.7985,125.94916666666668,2.5,0.0,2019-11-17 13:57:16,围网
15344,31.804861111111112,125.95030555555556,2.5,93.0,2019-11-17 14:07:16,围网
15344,31.8115,125.95180555555555,2.0,20.0,2019-11-17 14:17:35,围网
15344,31.817638888888887,125.95352777777778,2.5,18.0,2019-11-17 14:27:16,围网
15344,31.82394444444445,125.95547222222223,2.3,15.0,2019-11-17 14:37:16,围网
15344,31.82997222222223,125.95733333333334,2.3,18.0,2019-11-17 14:47:16,围网
15344,31.83594444444445,125.95933333333336,2.2,27.0,2019-11-17 14:57:16,围网
15344,31.841916666666666,125.96152777777776,2.2,8.0,2019-11-17 15:07:16,围网
15344,31.84786111111111,125.96372222222223,2.3,20.0,2019-11-17 15:17:16,围网
15344,31.85141666666667,125.96544444444444,1.1,190.0,2019-11-17 15:27:16,围网
15344,31.848055555555554,125.96536111111112,0.2,0.0,2019-11-17 15:37:16,围网
15344,31.85163888888889,125.96725,3.1,8.0,2019-11-17 15:47:16,围网
15344,31.85550000000001,125.96986111111113,1.5,62.0,2019-11-17 15:57:16,围网
15344,31.85641666666667,125.97191666666666,4.6,25.0,2019-11-17 16:07:16,围网
15344,31.848027777777766,125.97747222222222,2.0,149.0,2019-11-17 16:17:16,围网
15344,31.84344444444445,125.98077777777776,2.3,139.0,2019-11-17 16:27:16,围网
15344,31.83888888888889,125.98419444444444,2.8,141.0,2019-11-17 16:37:16,围网
15344,31.8345,125.98775,1.7,132.0,2019-11-17 16:47:35,围网
15344,31.83063888888889,125.9909722222222,2.2,128.0,2019-11-17 16:57:16,围网
15344,31.82619444444445,125.99333333333334,1.7,180.0,2019-11-17 17:07:16,围网
15344,31.821305555555558,125.99463888888887,2.4,154.0,2019-11-17 17:17:16,围网
15344,31.81613888888889,125.9955,2.0,177.0,2019-11-17 17:27:16,围网
15344,31.810805555555557,125.99661111111112,2.3,160.0,2019-11-17 17:37:16,围网
15344,31.805277777777786,125.99675,1.7,183.0,2019-11-17 17:47:15,围网
15344,31.79977777777778,125.99669444444444,2.2,190.0,2019-11-17 17:57:15,围网
15344,31.794277777777786,125.99658333333332,2.4,199.0,2019-11-17 18:07:15,围网
15344,31.78875,125.99658333333332,2.1,189.0,2019-11-17 18:17:15,围网
15344,31.78311111111111,125.99672222222223,1.9,183.0,2019-11-17 18:27:15,围网
15344,31.77133333333333,125.99716666666669,2.0,191.0,2019-11-17 18:47:15,围网
15344,31.76541666666667,125.99733333333332,2.2,187.0,2019-11-17 18:57:15,围网
15344,31.759527777777766,125.9975277777778,2.2,174.0,2019-11-17 19:07:15,围网
15344,31.75358333333333,125.99775,1.8,177.0,2019-11-17 19:17:15,围网
15344,31.750222222222234,125.99733333333332,1.0,251.0,2019-11-17 19:27:15,围网
15344,31.75011111111111,125.99622222222222,0.2,0.0,2019-11-17 19:37:15,围网
15344,31.750777777777767,125.99527777777777,0.3,0.0,2019-11-17 19:47:15,围网
15344,31.74963888888889,125.99622222222222,5.0,182.0,2019-11-17 19:57:15,围网
15344,31.729944444444445,125.9975277777778,7.8,177.0,2019-11-17 20:07:34,围网
15344,31.71013888888889,125.99863888888888,7.6,177.0,2019-11-17 20:17:14,围网
15344,31.689972222222234,125.99961111111112,6.4,177.0,2019-11-17 20:27:15,围网
15344,31.67052777777778,126.00086111111106,7.2,178.0,2019-11-17 20:37:15,围网
15344,31.65075,126.00244444444445,7.7,174.0,2019-11-17 20:47:15,围网
15344,31.631083333333336,126.00327777777778,7.0,176.0,2019-11-17 20:57:15,围网
15344,31.61102777777778,126.00325,7.8,176.0,2019-11-17 21:07:15,围网
15344,31.59108333333333,126.00333333333332,7.3,172.0,2019-11-17 21:17:15,围网
15344,31.571277777777766,126.00327777777778,7.5,178.0,2019-11-17 21:27:15,围网
15344,31.5515,126.0035,7.1,177.0,2019-11-17 21:37:15,围网
15344,31.53208333333333,126.00375,6.6,182.0,2019-11-17 21:47:15,围网
15344,31.512638888888887,126.00405555555555,7.3,177.0,2019-11-17 21:57:15,围网
15344,31.493361111111113,126.00377777777778,7.1,181.0,2019-11-17 22:07:15,围网
15344,31.47408333333333,126.0035277777778,7.2,182.0,2019-11-17 22:17:15,围网
15344,31.45563888888889,126.00330555555556,6.4,185.0,2019-11-17 22:27:15,围网
15344,31.442666666666664,126.00311111111112,3.7,179.0,2019-11-17 22:37:14,围网
15344,31.438388888888888,126.00208333333332,1.6,18.0,2019-11-17 22:47:14,围网
15344,31.43725,125.99961111111112,0.9,342.0,2019-11-17 22:57:35,围网
15344,31.44080555555556,125.99902777777777,0.3,344.0,2019-11-17 23:07:14,围网
15344,31.446027777777786,125.99988888888888,2.9,17.0,2019-11-17 23:17:14,围网
15344,31.454,126.00133333333332,2.5,356.0,2019-11-17 23:27:14,围网
15344,31.451777777777767,126.00022222222222,6.0,154.0,2019-11-17 23:37:14,围网
15344,31.435666666666666,126.00969444444445,7.0,149.0,2019-11-17 23:47:14,围网
15344,31.42013888888889,126.02122222222219,5.5,142.0,2019-11-17 23:57:14,围网
15344,31.405166666666666,126.03388888888887,6.2,142.0,2019-11-18 00:07:14,围网
15344,31.39019444444445,126.04730555555555,7.4,147.0,2019-11-18 00:17:14,围网
15344,31.37525,126.06133333333332,7.6,139.0,2019-11-18 00:27:14,围网
15344,31.360944444444453,126.07680555555555,8.0,133.0,2019-11-18 00:37:14,围网
15344,31.35141666666667,126.08844444444445,2.5,325.0,2019-11-18 00:47:14,围网
15344,31.35408333333333,126.08933333333331,2.2,51.0,2019-11-18 00:57:14,围网
15344,31.356305555555558,126.08997222222222,0.1,0.0,2019-11-18 01:07:14,围网
15344,31.35613888888889,126.09075,1.9,96.0,2019-11-18 01:17:14,围网
15344,31.355999999999998,126.09111111111108,0.4,0.0,2019-11-18 01:27:15,围网
15344,31.35583333333333,126.09158333333332,1.1,0.0,2019-11-18 01:37:14,围网
15344,31.35566666666667,126.09183333333334,0.4,0.0,2019-11-18 01:47:14,围网
15344,31.355555555555558,126.09211111111112,0.2,0.0,2019-11-18 01:57:35,围网
15344,31.35536111111111,126.09236111111107,0.6,142.0,2019-11-18 02:07:14,围网
15344,31.35525,126.09261111111113,0.2,0.0,2019-11-18 02:17:14,围网
15344,31.355027777777767,126.09283333333332,0.4,86.0,2019-11-18 02:27:14,围网
15344,31.354722222222232,126.09313888888887,0.1,0.0,2019-11-18 02:37:14,围网
15344,31.35447222222223,126.09338888888892,0.6,157.0,2019-11-18 02:47:14,围网
15344,31.354277777777767,126.09355555555555,1.4,166.0,2019-11-18 02:57:14,围网
15344,31.353805555555557,126.09383333333332,1.1,5.0,2019-11-18 03:07:14,围网
15344,31.3535,126.09413888888888,2.0,156.0,2019-11-18 03:17:13,围网
15344,31.35313888888889,126.09441666666666,1.0,163.0,2019-11-18 03:27:13,围网
15344,31.35280555555555,126.09455555555556,1.2,158.0,2019-11-18 03:37:13,围网
15344,31.352027777777767,126.09475,0.0,0.0,2019-11-18 03:47:13,围网
15344,31.35011111111111,126.09483333333333,0.3,0.0,2019-11-18 03:57:13,围网
15344,31.34908333333333,126.09444444444445,0.7,243.0,2019-11-18 04:07:34,围网
15344,31.348388888888888,126.094,0.5,0.0,2019-11-18 04:17:13,围网
15344,31.34800000000001,126.09361111111107,0.0,0.0,2019-11-18 04:27:13,围网
15344,31.347777777777768,126.09341666666668,0.3,0.0,2019-11-18 04:37:13,围网
15344,31.34758333333333,126.09327777777777,0.1,0.0,2019-11-18 04:47:13,围网
15344,31.34741666666667,126.09294444444444,0.5,0.0,2019-11-18 04:57:13,围网
15344,31.34725,126.09277777777777,0.7,317.0,2019-11-18 05:07:13,围网
15344,31.34719444444445,126.09272222222219,0.1,0.0,2019-11-18 05:17:13,围网
15344,31.34711111111111,126.09255555555555,0.4,0.0,2019-11-18 05:27:13,围网
15344,31.346916666666665,126.09227777777778,0.7,36.0,2019-11-18 05:37:13,围网
15344,31.34675,126.092,0.6,51.0,2019-11-18 05:47:13,围网
15344,31.346555555555554,126.09169444444444,0.6,0.0,2019-11-18 05:57:13,围网
15344,31.34644444444445,126.09141666666666,0.2,0.0,2019-11-18 06:07:13,围网
15344,31.346166666666665,126.09113888888888,2.1,46.0,2019-11-18 06:17:13,围网
15344,31.34636111111111,126.09141666666666,0.5,0.0,2019-11-18 06:27:13,围网
15344,31.346,126.09097222222219,0.5,0.0,2019-11-18 06:37:13,围网
15344,31.345805555555554,126.09055555555555,0.2,0.0,2019-11-18 06:47:13,围网
15344,31.345805555555554,126.09041666666666,0.6,341.0,2019-11-18 06:57:13,围网
15344,31.34572222222221,126.09008333333333,0.4,0.0,2019-11-18 07:07:13,围网
15344,31.34569444444444,126.09002777777776,0.2,0.0,2019-11-18 07:17:13,围网
15344,31.345666666666666,126.08991666666668,0.4,269.0,2019-11-18 07:27:35,围网
15344,31.34561111111111,126.08963888888887,0.6,127.0,2019-11-18 07:37:13,围网
15344,31.34561111111111,126.08930555555555,1.7,270.0,2019-11-18 07:47:13,围网
15344,31.34561111111111,126.08941666666664,1.0,128.0,2019-11-18 07:57:13,围网
15344,31.34561111111111,126.08933333333331,0.2,0.0,2019-11-18 08:07:12,围网
15344,31.34561111111111,126.08905555555555,0.8,265.0,2019-11-18 08:17:12,围网
15344,31.34563888888889,126.08883333333333,0.8,334.0,2019-11-18 08:27:12,围网
15344,31.34563888888889,126.08866666666668,1.0,242.0,2019-11-18 08:37:12,围网
15344,31.34569444444444,126.08841666666666,0.4,0.0,2019-11-18 08:47:12,围网
15344,31.345666666666666,126.0882777777778,1.3,221.0,2019-11-18 08:57:12,围网
15344,31.34572222222221,126.08816666666668,1.5,268.0,2019-11-18 09:07:59,围网
15344,31.34575,126.08797222222222,1.9,231.0,2019-11-18 09:17:12,围网
15344,31.345777777777766,126.08780555555555,0.4,68.0,2019-11-18 09:27:12,围网
15344,31.345805555555554,126.08763888888888,0.5,300.0,2019-11-18 09:37:12,围网
15344,31.345861111111113,126.08758333333333,0.7,296.0,2019-11-18 09:47:12,围网
15344,31.34594444444444,126.0872777777778,0.6,67.0,2019-11-18 09:57:12,围网
15344,31.345916666666664,126.08733333333332,2.0,289.0,2019-11-18 10:07:12,围网
15344,31.346027777777767,126.0870277777778,1.7,103.0,2019-11-18 10:17:12,围网
15344,31.34611111111111,126.08683333333332,0.3,332.0,2019-11-18 10:27:12,围网
15344,31.34608333333333,126.08691666666664,1.3,234.0,2019-11-18 10:37:12,围网
15344,31.34608333333333,126.087,2.1,236.0,2019-11-18 10:47:12,围网
15344,31.346027777777767,126.08708333333333,0.6,287.0,2019-11-18 10:57:12,围网
15344,31.346027777777767,126.08730555555556,0.0,0.0,2019-11-18 11:07:12,围网
15344,31.345916666666664,126.08747222222222,1.6,111.0,2019-11-18 11:17:12,围网
15344,31.34588888888889,126.08761111111107,0.8,200.0,2019-11-18 11:27:12,围网
15344,31.34588888888889,126.08775,1.4,100.0,2019-11-18 11:37:12,围网
15344,31.34583333333333,126.08794444444445,0.3,0.0,2019-11-18 11:47:12,围网
15344,31.34583333333333,126.08797222222222,1.4,34.0,2019-11-18 11:57:12,围网
15344,31.345805555555554,126.08805555555556,0.5,215.0,2019-11-18 12:07:34,围网
15344,31.34575,126.08819444444444,0.7,8.0,2019-11-18 12:17:12,围网
15344,31.34572222222221,126.08830555555555,1.4,120.0,2019-11-18 12:27:11,围网
15344,31.34572222222221,126.0884722222222,0.2,0.0,2019-11-18 12:37:12,围网
15344,31.34572222222221,126.0887777777778,0.3,0.0,2019-11-18 12:47:11,围网
15344,31.345666666666666,126.08911111111112,0.6,321.0,2019-11-18 12:57:11,围网
15344,31.345666666666666,126.08925,2.1,140.0,2019-11-18 13:07:11,围网
15344,31.34569444444444,126.08983333333332,0.3,0.0,2019-11-18 13:17:11,围网
15344,31.345805555555554,126.09061111111113,0.6,117.0,2019-11-18 13:27:11,围网
15344,31.34594444444444,126.09113888888888,0.6,36.0,2019-11-18 13:37:11,围网
15344,31.34619444444445,126.09172222222223,0.4,0.0,2019-11-18 13:47:11,围网
15344,31.346166666666665,126.09175,0.9,0.0,2019-11-18 13:57:11,围网
15344,31.34583333333333,126.09094444444445,1.2,151.0,2019-11-18 14:07:11,围网
15344,31.34594444444444,126.09113888888888,0.4,294.0,2019-11-18 14:17:53,围网
15344,31.345916666666664,126.09113888888888,0.9,273.0,2019-11-18 14:27:11,围网
15344,31.34588888888889,126.091,0.5,130.0,2019-11-18 14:37:11,围网
15344,31.345861111111113,126.09083333333332,0.4,0.0,2019-11-18 14:47:11,围网
15344,31.345861111111113,126.09091666666666,0.6,154.0,2019-11-18 14:57:11,围网
15344,31.345861111111113,126.09097222222219,1.2,326.0,2019-11-18 15:07:11,围网
15344,31.345861111111113,126.09094444444445,1.9,352.0,2019-11-18 15:17:11,围网
15344,31.34594444444444,126.09116666666668,1.0,206.0,2019-11-18 15:27:11,围网
15344,31.346055555555555,126.09144444444445,1.0,191.0,2019-11-18 15:37:11,围网
15344,31.346055555555555,126.09144444444445,0.9,104.0,2019-11-18 15:47:11,围网
15344,31.346138888888888,126.09163888888888,0.7,86.0,2019-11-18 15:57:11,围网
15344,31.34611111111111,126.09180555555555,0.4,185.0,2019-11-18 16:07:34,围网
15344,31.34638888888889,126.09236111111107,0.7,324.0,2019-11-18 16:17:11,围网
15344,31.34633333333333,126.09222222222222,1.4,252.0,2019-11-18 16:27:11,围网
15344,31.34625,126.09208333333332,0.2,0.0,2019-11-18 16:37:11,围网
15344,31.34638888888889,126.09233333333331,0.2,0.0,2019-11-18 16:47:11,围网
15344,31.34625,126.09202777777777,2.9,298.0,2019-11-18 16:57:11,围网
15344,31.34630555555556,126.09213888888887,1.1,7.0,2019-11-18 17:07:10,围网
15344,31.34630555555556,126.09216666666666,0.2,0.0,2019-11-18 17:17:10,围网
15344,31.346277777777768,126.09216666666666,1.0,140.0,2019-11-18 17:27:10,围网
15344,31.34633333333333,126.09227777777778,0.6,81.0,2019-11-18 17:37:10,围网
15344,31.346277777777768,126.09213888888887,0.7,359.0,2019-11-18 17:47:10,围网
15344,31.34638888888889,126.09238888888888,0.6,40.0,2019-11-18 17:57:09,围网
15344,31.34625,126.09216666666666,0.3,0.0,2019-11-18 18:07:10,围网
15344,31.346138888888888,126.09191666666666,0.5,0.0,2019-11-18 18:17:11,围网
15344,31.34611111111111,126.09169444444444,1.4,0.0,2019-11-18 18:27:12,围网
15344,31.346138888888888,126.0917777777778,1.7,73.0,2019-11-18 18:37:11,围网
15344,31.34625,126.09208333333332,0.8,277.0,2019-11-18 18:47:34,围网
15344,31.346166666666665,126.0919722222222,1.1,89.0,2019-11-18 18:57:09,围网
15344,31.346277777777768,126.09216666666666,0.4,47.0,2019-11-18 19:07:09,围网
15344,31.346166666666665,126.09188888888887,0.7,202.0,2019-11-18 19:17:09,围网
15344,31.346138888888888,126.09175,0.7,315.0,2019-11-18 19:27:09,围网
15344,31.34608333333333,126.09169444444444,0.9,106.0,2019-11-18 19:37:09,围网
15344,31.346027777777767,126.0915,0.2,0.0,2019-11-18 19:47:09,围网
15344,31.34608333333333,126.09163888888888,0.5,129.0,2019-11-18 19:57:09,围网
15344,31.34611111111111,126.09169444444444,0.2,0.0,2019-11-18 20:07:09,围网
15344,31.346138888888888,126.09172222222223,0.0,0.0,2019-11-18 20:17:09,围网
15344,31.346,126.0914722222222,0.4,0.0,2019-11-18 20:27:09,围网
15344,31.34594444444444,126.09130555555555,0.4,0.0,2019-11-18 20:37:09,围网
15344,31.34597222222222,126.09138888888887,2.1,97.0,2019-11-18 20:47:11,围网
15344,31.345861111111113,126.091,1.1,31.0,2019-11-18 20:57:09,围网
15344,31.345805555555554,126.09083333333332,0.8,0.0,2019-11-18 21:07:09,围网
15344,31.34575,126.09063888888888,1.2,204.0,2019-11-18 21:17:09,围网
15344,31.34569444444444,126.09044444444444,0.3,0.0,2019-11-18 21:27:09,围网
15344,31.34572222222221,126.09019444444445,0.6,287.0,2019-11-18 21:37:34,围网
15344,31.34572222222221,126.09036111111112,0.6,0.0,2019-11-18 21:47:09,围网
15344,31.345777777777766,126.09063888888888,0.5,221.0,2019-11-18 21:57:09,围网
15344,31.345805555555554,126.09061111111113,0.7,0.0,2019-11-18 22:07:09,围网
15344,31.34572222222221,126.09033333333332,0.1,0.0,2019-11-18 22:17:09,围网
15344,31.34572222222221,126.09016666666666,0.4,0.0,2019-11-18 22:27:09,围网
15344,31.34569444444444,126.09011111111107,1.8,89.0,2019-11-18 22:37:09,围网
15344,31.34563888888889,126.09011111111107,1.2,342.0,2019-11-18 22:47:09,围网
15344,31.34561111111111,126.08983333333332,1.1,0.0,2019-11-18 22:57:08,围网
15344,31.34561111111111,126.09,3.5,32.0,2019-11-18 23:07:09,围网
15344,31.34569444444444,126.0902222222222,0.0,0.0,2019-11-18 23:17:34,围网
15344,31.34575,126.09047222222222,1.1,99.0,2019-11-18 23:27:08,围网
15344,31.34575,126.09041666666666,0.5,131.0,2019-11-18 23:37:08,围网
15344,31.345777777777766,126.09041666666666,1.4,266.0,2019-11-18 23:47:08,围网
15344,31.34583333333333,126.09086111111107,1.5,117.0,2019-11-18 23:57:08,围网
15344,31.34575,126.09047222222222,2.5,240.0,2019-11-19 00:07:08,围网
15344,31.34575,126.09030555555556,0.2,0.0,2019-11-19 00:17:08,围网
15344,31.345805555555554,126.09055555555555,1.8,305.0,2019-11-19 00:27:08,围网
15344,31.34575,126.09019444444445,1.0,317.0,2019-11-19 00:37:08,围网
15344,31.345777777777766,126.09055555555555,1.5,84.0,2019-11-19 00:47:08,围网
15344,31.345916666666664,126.091,0.9,109.0,2019-11-19 00:57:08,围网
15344,31.345777777777766,126.09058333333333,0.9,0.0,2019-11-19 01:07:08,围网
15344,31.345777777777766,126.09058333333333,1.6,77.0,2019-11-19 01:17:34,围网
15344,31.34597222222222,126.0912777777778,1.4,63.0,2019-11-19 01:27:08,围网
15344,31.34594444444444,126.09113888888888,0.2,0.0,2019-11-19 01:37:08,围网
15344,31.346,126.09144444444445,1.1,15.0,2019-11-19 01:47:08,围网
15344,31.34611111111111,126.09180555555555,0.6,17.0,2019-11-19 01:57:08,围网
15344,31.34622222222222,126.09194444444445,0.9,263.0,2019-11-19 02:07:08,围网
15344,31.346166666666665,126.09194444444445,0.5,72.0,2019-11-19 02:17:08,围网
15344,31.34630555555556,126.09216666666666,1.0,185.0,2019-11-19 02:27:08,围网
15344,31.34622222222222,126.09213888888887,1.0,154.0,2019-11-19 02:37:08,围网
15344,31.346138888888888,126.09191666666666,0.5,0.0,2019-11-19 02:47:08,围网
15344,31.345777777777766,126.09163888888888,2.3,150.0,2019-11-19 02:57:08,围网
15344,31.34597222222222,126.09169444444444,1.4,359.0,2019-11-19 03:07:08,围网
15344,31.34633333333333,126.09236111111107,1.5,0.0,2019-11-19 03:27:08,围网
15344,31.346277777777768,126.09225,0.1,0.0,2019-11-19 03:37:08,围网
15344,31.346277777777768,126.09211111111112,1.0,0.0,2019-11-19 03:47:11,围网
15344,31.34619444444445,126.092,0.3,0.0,2019-11-19 03:57:10,围网
15344,31.34630555555556,126.09219444444444,1.4,9.0,2019-11-19 04:07:33,围网
15344,31.346416666666666,126.0925,0.8,0.0,2019-11-19 04:17:07,围网
15344,31.346416666666666,126.0924722222222,0.8,18.0,2019-11-19 04:27:07,围网
15344,31.34644444444445,126.0925277777778,1.2,349.0,2019-11-19 04:37:07,围网
15344,31.3465,126.09266666666667,2.5,13.0,2019-11-19 04:47:07,围网
15344,31.346416666666666,126.0925277777778,1.2,49.0,2019-11-19 04:57:07,围网
15344,31.346416666666666,126.09255555555555,1.8,79.0,2019-11-19 05:07:07,围网
15344,31.34633333333333,126.0925,1.2,0.0,2019-11-19 05:17:07,围网
15344,31.346138888888888,126.09202777777777,1.7,20.0,2019-11-19 05:27:07,围网
15344,31.34597222222222,126.0914722222222,0.7,33.0,2019-11-19 05:37:34,围网
15344,31.34594444444444,126.09138888888887,0.4,89.0,2019-11-19 05:47:07,围网
15344,31.34594444444444,126.09130555555555,0.3,139.0,2019-11-19 05:57:07,围网
15344,31.34594444444444,126.09125,0.1,0.0,2019-11-19 06:07:07,围网
15344,31.345916666666664,126.09119444444444,0.8,217.0,2019-11-19 06:17:07,围网
15344,31.34588888888889,126.0912222222222,2.0,221.0,2019-11-19 06:27:07,围网
15344,31.345805555555554,126.09091666666666,0.2,0.0,2019-11-19 06:37:06,围网
15344,31.34588888888889,126.09111111111108,0.9,138.0,2019-11-19 06:47:07,围网
15344,31.345861111111113,126.091,0.8,19.0,2019-11-19 06:57:07,围网
15344,31.34575,126.09069444444445,0.6,120.0,2019-11-19 07:07:07,围网
15344,31.34575,126.09052777777777,1.5,49.0,2019-11-19 07:17:07,围网
15344,31.345805555555554,126.09083333333332,0.0,0.0,2019-11-19 07:27:07,围网
15344,31.34572222222221,126.09052777777777,0.8,174.0,2019-11-19 07:37:07,围网
15344,31.345777777777766,126.09069444444445,1.1,301.0,2019-11-19 07:47:07,围网
15344,31.34575,126.0905,1.6,154.0,2019-11-19 07:57:07,围网
15344,31.345666666666666,126.09016666666666,2.3,278.0,2019-11-19 08:07:33,围网
15344,31.345666666666666,126.08991666666668,1.0,69.0,2019-11-19 08:17:07,围网
15344,31.34563888888889,126.08955555555555,0.3,0.0,2019-11-19 08:27:07,围网
15344,31.34563888888889,126.08913888888887,1.3,65.0,2019-11-19 08:37:07,围网
15344,31.34561111111111,126.08905555555555,0.5,300.0,2019-11-19 08:47:07,围网
15344,31.34563888888889,126.0884722222222,1.5,293.0,2019-11-19 08:57:06,围网
15344,31.34561111111111,126.08866666666668,0.1,0.0,2019-11-19 09:07:06,围网
15344,31.34561111111111,126.08875,1.4,76.0,2019-11-19 09:17:06,围网
15344,31.34563888888889,126.08852777777777,0.4,0.0,2019-11-19 09:27:06,围网
15344,31.34561111111111,126.08872222222222,1.1,30.0,2019-11-19 09:37:06,围网
15344,31.34563888888889,126.08863888888888,0.5,78.0,2019-11-19 09:47:06,围网
15344,31.345666666666666,126.08830555555555,1.4,30.0,2019-11-19 09:57:06,围网
15344,31.34572222222221,126.08825,0.5,0.0,2019-11-19 10:07:06,围网
15344,31.345777777777766,126.08797222222222,1.2,93.0,2019-11-19 10:17:06,围网
15344,31.34575,126.08791666666666,0.9,78.0,2019-11-19 10:27:06,围网
15344,31.345777777777766,126.08786111111112,0.5,0.0,2019-11-19 10:37:34,围网
15344,31.34583333333333,126.08761111111107,0.8,112.0,2019-11-19 10:47:06,围网
15344,31.34594444444444,126.08725,0.5,0.0,2019-11-19 10:57:06,围网
15344,31.346,126.0870277777778,1.6,306.0,2019-11-19 11:07:06,围网
15344,31.346,126.0872222222222,0.9,138.0,2019-11-19 11:17:06,围网
15344,31.34597222222222,126.08730555555556,1.7,42.0,2019-11-19 11:27:06,围网
15344,31.34597222222222,126.0872777777778,0.9,54.0,2019-11-19 11:37:06,围网
15344,31.34594444444444,126.08733333333332,1.3,332.0,2019-11-19 11:47:06,围网
15344,31.34597222222222,126.08725,0.6,157.0,2019-11-19 11:57:34,围网
15344,31.346,126.08713888888887,0.7,177.0,2019-11-19 12:07:06,围网
15344,31.346027777777767,126.08697222222222,1.1,3.0,2019-11-19 12:17:06,围网
15344,31.34597222222222,126.0872222222222,1.2,91.0,2019-11-19 12:27:06,围网
15344,31.34597222222222,126.08716666666666,0.9,260.0,2019-11-19 12:37:06,围网
15344,31.34597222222222,126.08725,1.1,120.0,2019-11-19 12:47:06,围网
15344,31.34594444444444,126.0872777777778,2.0,111.0,2019-11-19 12:57:06,围网
15344,31.34588888888889,126.08747222222222,1.4,90.0,2019-11-19 13:07:06,围网
15344,31.345805555555554,126.08783333333334,1.7,117.0,2019-11-19 13:17:06,围网
15344,31.34575,126.08786111111112,0.1,0.0,2019-11-19 13:27:06,围网
15344,31.34569444444444,126.08819444444444,0.3,0.0,2019-11-19 13:37:06,围网
15344,31.34569444444444,126.0885,1.7,71.0,2019-11-19 13:47:34,围网
15344,31.345666666666666,126.08872222222222,0.9,242.0,2019-11-19 13:57:05,围网
15344,31.34563888888889,126.08913888888887,1.2,114.0,2019-11-19 14:07:05,围网
15344,31.345666666666666,126.0895,0.8,9.0,2019-11-19 14:17:05,围网
15344,31.34572222222221,126.08994444444444,1.1,96.0,2019-11-19 14:27:05,围网
15344,31.345666666666666,126.08963888888887,1.1,144.0,2019-11-19 14:37:05,围网
15344,31.345666666666666,126.08952777777776,1.0,325.0,2019-11-19 14:47:05,围网
15344,31.34572222222221,126.08994444444444,2.2,75.0,2019-11-19 14:57:05,围网
15344,31.34572222222221,126.08986111111106,0.3,0.0,2019-11-19 15:07:05,围网
15344,31.34572222222221,126.09013888888887,0.4,86.0,2019-11-19 15:17:05,围网
15344,31.34563888888889,126.08952777777776,0.4,0.0,2019-11-19 15:27:05,围网
15344,31.34575,126.09033333333332,0.7,82.0,2019-11-19 15:37:05,围网
15344,31.34583333333333,126.09069444444445,1.2,98.0,2019-11-19 15:47:05,围网
15344,31.345861111111113,126.09063888888888,1.1,322.0,2019-11-19 15:57:05,围网
15344,31.345916666666664,126.09105555555556,1.1,326.0,2019-11-19 16:08:22,围网
15344,31.34588888888889,126.09102777777777,0.3,0.0,2019-11-19 16:17:05,围网
15344,31.34708333333333,126.09058333333333,0.4,0.0,2019-11-19 16:27:05,围网
15344,31.35116666666667,126.09008333333333,2.4,325.0,2019-11-19 16:37:07,围网
15344,31.352138888888888,126.09441666666666,6.8,108.0,2019-11-19 16:47:05,围网
15344,31.340277777777768,126.11661111111107,5.7,96.0,2019-11-19 16:57:33,围网
15344,31.33775,126.1195277777778,7.3,174.0,2019-11-19 17:07:05,围网
15344,31.32875,126.12091666666666,1.9,209.0,2019-11-19 17:17:05,围网
15344,31.32386111111111,126.1219722222222,2.2,158.0,2019-11-19 17:27:05,围网
15344,31.31888888888889,126.12327777777777,1.8,179.0,2019-11-19 17:37:05,围网
15344,31.31383333333333,126.12411111111106,2.6,163.0,2019-11-19 17:47:05,围网
15344,31.30863888888889,126.1245,1.5,198.0,2019-11-19 17:57:05,围网
15344,31.30325,126.1245,1.3,195.0,2019-11-19 18:07:05,围网
15344,31.297694444444453,126.12444444444445,2.9,176.0,2019-11-19 18:17:05,围网
15344,31.29211111111111,126.12469444444444,1.9,182.0,2019-11-19 18:27:05,围网
15344,31.28661111111111,126.12513888888887,2.2,154.0,2019-11-19 18:37:05,围网
15344,31.280916666666666,126.12586111111106,1.4,187.0,2019-11-19 18:47:04,围网
15344,31.275111111111112,126.12663888888888,2.3,155.0,2019-11-19 18:57:04,围网
15344,31.26919444444445,126.12805555555555,1.7,178.0,2019-11-19 19:07:04,围网
15344,31.26319444444445,126.12913888888887,2.0,157.0,2019-11-19 19:17:04,围网
15344,31.25713888888889,126.13197222222222,2.1,159.0,2019-11-19 19:27:04,围网
15344,31.25125,126.13419444444445,2.6,149.0,2019-11-19 19:37:04,围网
15344,31.24513888888889,126.13586111111113,2.3,164.0,2019-11-19 19:47:04,围网
15344,31.238944444444453,126.13644444444445,2.6,179.0,2019-11-19 19:57:04,围网
15344,31.23244444444445,126.13705555555555,1.8,159.0,2019-11-19 20:07:33,围网
15344,31.22652777777777,126.13741666666668,2.4,201.0,2019-11-19 20:17:04,围网
15344,31.220416666666665,126.13780555555556,3.2,205.0,2019-11-19 20:27:04,围网
15344,31.214277777777767,126.13802777777778,2.1,160.0,2019-11-19 20:37:04,围网
15344,31.20822222222222,126.13830555555555,1.7,170.0,2019-11-19 20:47:04,围网
15344,31.202111111111112,126.139,2.0,181.0,2019-11-19 20:57:04,围网
15344,31.19613888888889,126.14055555555555,2.1,166.0,2019-11-19 21:07:04,围网
15344,31.190166666666666,126.14094444444444,2.7,175.0,2019-11-19 21:17:04,围网
15344,31.18425,126.141,2.2,165.0,2019-11-19 21:27:04,围网
15344,31.17841666666667,126.14119444444445,2.5,188.0,2019-11-19 21:37:04,围网
15344,31.17258333333333,126.14119444444445,1.6,191.0,2019-11-19 21:47:04,围网
15344,31.166888888888888,126.14133333333334,1.9,157.0,2019-11-19 21:57:04,围网
15344,31.16125,126.14147222222223,1.9,189.0,2019-11-19 22:07:04,围网
15344,31.15558333333333,126.14163888888888,1.8,202.0,2019-11-19 22:17:04,围网
15344,31.150027777777765,126.14175000000002,2.0,176.0,2019-11-19 22:27:04,围网
15344,31.144527777777785,126.14180555555555,1.3,178.0,2019-11-19 22:37:04,围网
15344,31.139111111111113,126.14194444444445,1.5,191.0,2019-11-19 22:47:04,围网
15344,31.13369444444445,126.14186111111113,1.2,182.0,2019-11-19 22:57:04,围网
15344,31.130666666666666,126.14116666666668,0.5,0.0,2019-11-19 23:07:04,围网
15344,31.134,126.14061111111113,2.1,345.0,2019-11-19 23:17:04,围网
15344,31.133222222222226,126.13966666666668,0.6,0.0,2019-11-19 23:27:04,围网
15344,31.130861111111113,126.13838888888893,1.4,215.0,2019-11-19 23:37:04,围网
15344,31.12777777777778,126.13677777777778,5.6,193.0,2019-11-19 23:47:04,围网
15344,31.117555555555555,126.13691666666666,3.2,186.0,2019-11-19 23:57:03,围网
15344,31.11213888888889,126.13647222222224,1.2,187.0,2019-11-20 00:07:31,围网
15344,31.107194444444445,126.1365,1.6,170.0,2019-11-20 00:17:03,围网
15344,31.102138888888888,126.13658333333336,1.3,164.0,2019-11-20 00:27:03,围网
15344,31.09713888888889,126.13661111111112,1.9,170.0,2019-11-20 00:37:03,围网
15344,31.09213888888889,126.13638888888893,1.6,164.0,2019-11-20 00:47:03,围网
15344,31.087194444444453,126.13583333333334,1.5,182.0,2019-11-20 00:57:03,围网
15344,31.082361111111112,126.13511111111113,1.6,180.0,2019-11-20 01:07:03,围网
15344,31.07758333333333,126.13411111111112,1.6,195.0,2019-11-20 01:17:03,围网
15344,31.072861111111113,126.13344444444445,2.0,162.0,2019-11-20 01:27:03,围网
15344,31.06808333333333,126.13313888888888,1.4,0.0,2019-11-20 01:37:03,围网
15344,31.063250000000004,126.13333333333334,1.1,165.0,2019-11-20 01:47:03,围网
15344,31.0585,126.13313888888888,1.4,179.0,2019-11-20 01:57:03,围网
15344,31.05375,126.13258333333332,1.3,208.0,2019-11-20 02:07:03,围网
15344,31.049055555555555,126.13211111111113,2.5,181.0,2019-11-20 02:17:03,围网
15344,31.04438888888889,126.1322222222222,3.7,178.0,2019-11-20 02:27:03,围网
15344,31.039638888888888,126.13224999999998,2.1,161.0,2019-11-20 02:37:03,围网
15344,31.03477777777778,126.1322222222222,2.8,170.0,2019-11-20 02:47:03,围网
15344,31.03019444444445,126.13219444444445,2.9,173.0,2019-11-20 02:57:05,围网
15344,31.025055555555554,126.13255555555556,1.6,161.0,2019-11-20 03:07:31,围网
15344,31.02047222222223,126.13280555555555,1.9,143.0,2019-11-20 03:17:03,围网
15344,31.01575,126.13258333333332,1.4,168.0,2019-11-20 03:27:03,围网
15344,31.01094444444445,126.13247222222219,2.2,150.0,2019-11-20 03:37:03,围网
15344,31.006027777777767,126.13230555555555,2.0,171.0,2019-11-20 03:47:03,围网
15344,31.00111111111111,126.132,2.3,183.0,2019-11-20 03:57:03,围网
15344,30.996055555555557,126.13183333333332,2.2,193.0,2019-11-20 04:07:03,围网
15344,30.99088888888889,126.13158333333332,2.2,176.0,2019-11-20 04:17:03,围网
15344,30.98569444444445,126.13133333333332,1.8,146.0,2019-11-20 04:27:03,围网
15344,30.980527777777766,126.13094444444445,1.7,201.0,2019-11-20 04:37:03,围网
15344,30.97519444444445,126.13066666666666,1.9,196.0,2019-11-20 04:47:03,围网
15344,30.969916666666666,126.13033333333334,2.3,161.0,2019-11-20 04:57:02,围网
15344,30.96447222222222,126.13022222222222,2.5,161.0,2019-11-20 05:07:02,围网
15344,30.95894444444445,126.12994444444445,2.1,181.0,2019-11-20 05:17:02,围网
15344,30.953388888888888,126.12975,2.3,177.0,2019-11-20 05:27:02,围网
15344,30.94769444444445,126.12947222222219,1.9,186.0,2019-11-20 05:37:02,围网
15344,30.942,126.12919444444445,1.9,180.0,2019-11-20 05:47:02,围网
15344,30.936277777777768,126.12886111111106,2.4,200.0,2019-11-20 05:57:02,围网
15344,30.93113888888889,126.12869444444445,1.7,89.0,2019-11-20 06:07:30,围网
15344,30.933694444444445,126.13116666666667,1.0,15.0,2019-11-20 06:17:02,围网
15344,30.933416666666666,126.1327777777778,0.7,194.0,2019-11-20 06:27:02,围网
15344,30.930055555555555,126.13311111111106,1.7,186.0,2019-11-20 06:37:02,围网
15344,30.925500000000003,126.13216666666666,7.8,210.0,2019-11-20 06:47:02,围网
15344,30.91483333333333,126.13038888888887,2.3,179.0,2019-11-20 06:57:02,围网
15344,30.90858333333333,126.1299722222222,2.3,194.0,2019-11-20 07:07:02,围网
15344,30.902305555555554,126.12983333333332,2.0,186.0,2019-11-20 07:17:02,围网
15344,30.89597222222222,126.1297777777778,2.8,191.0,2019-11-20 07:27:02,围网
15344,30.88969444444445,126.12958333333331,1.2,190.0,2019-11-20 07:37:02,围网
15344,30.88344444444445,126.12891666666664,2.2,175.0,2019-11-20 07:47:02,围网
15344,30.87713888888889,126.12841666666668,2.6,172.0,2019-11-20 07:57:02,围网
15344,30.87083333333333,126.12841666666668,2.0,194.0,2019-11-20 08:07:02,围网
15344,30.864472222222233,126.12855555555555,2.0,178.0,2019-11-20 08:17:02,围网
15344,30.858277777777786,126.12886111111106,2.3,172.0,2019-11-20 08:27:02,围网
15344,30.85216666666667,126.12833333333332,2.0,183.0,2019-11-20 08:37:02,围网
15344,30.845777777777766,126.12741666666666,2.0,192.0,2019-11-20 08:47:30,围网
15344,30.84011111111111,126.12638888888887,2.1,200.0,2019-11-20 08:57:02,围网
15344,30.834111111111113,126.12513888888887,2.5,216.0,2019-11-20 09:07:02,围网
15344,30.828138888888887,126.12358333333331,2.4,192.0,2019-11-20 09:17:02,围网
15344,30.822388888888888,126.12152777777777,2.4,207.0,2019-11-20 09:27:02,围网
15344,30.81675,126.11894444444445,2.5,220.0,2019-11-20 09:37:02,围网
15344,30.80566666666667,126.11308333333332,2.3,232.0,2019-11-20 09:57:01,围网
15344,30.80022222222223,126.11008333333334,2.9,217.0,2019-11-20 10:07:01,围网
15344,30.795027777777786,126.10663888888888,2.4,224.0,2019-11-20 10:17:01,围网
15344,30.789972222222232,126.103,2.3,212.0,2019-11-20 10:27:01,围网
15344,30.785055555555555,126.09894444444444,3.0,179.0,2019-11-20 10:37:01,围网
15344,30.78013888888889,126.09505555555555,2.4,209.0,2019-11-20 10:47:01,围网
15344,30.775444444444442,126.09075,2.4,191.0,2019-11-20 10:57:01,围网
15344,30.77083333333333,126.08647222222223,2.9,238.0,2019-11-20 11:07:01,围网
15344,30.766388888888887,126.08211111111113,2.2,225.0,2019-11-20 11:17:01,围网
15344,30.762138888888888,126.07763888888887,3.5,239.0,2019-11-20 11:27:01,围网
15344,30.75802777777778,126.07313888888888,2.0,208.0,2019-11-20 11:37:01,围网
15344,30.75438888888889,126.06819444444444,2.7,223.0,2019-11-20 11:47:01,围网
15344,30.7505,126.06327777777777,2.0,208.0,2019-11-20 11:57:01,围网
15344,30.746222222222233,126.05844444444445,3.1,249.0,2019-11-20 12:07:29,围网
15344,30.74225,126.05427777777777,2.4,220.0,2019-11-20 12:17:01,围网
15344,30.73927777777777,126.05063888888887,1.4,346.0,2019-11-20 12:27:01,围网
15344,30.742638888888887,126.05236111111107,2.2,345.0,2019-11-20 12:37:01,围网
15344,30.74205555555556,126.05066666666666,1.8,228.0,2019-11-20 12:47:30,围网
15344,30.7405,126.04744444444445,1.9,235.0,2019-11-20 12:57:01,围网
15344,30.740111111111112,126.04333333333334,3.3,4.0,2019-11-20 13:07:01,围网
15344,30.751277777777766,126.04277777777777,1.7,343.0,2019-11-20 13:17:01,围网
15344,30.756694444444445,126.0427222222222,2.4,353.0,2019-11-20 13:27:01,围网
15344,30.762138888888888,126.04302777777777,2.2,353.0,2019-11-20 13:37:01,围网
15344,30.767666666666663,126.04341666666667,1.4,11.0,2019-11-20 13:47:01,围网
15344,30.773277777777786,126.04405555555556,2.2,7.0,2019-11-20 13:57:01,围网
15344,30.778861111111112,126.0445,2.2,12.0,2019-11-20 14:07:00,围网
15344,30.784472222222234,126.045,2.8,26.0,2019-11-20 14:17:00,围网
15344,30.79016666666667,126.04555555555555,1.7,15.0,2019-11-20 14:27:00,围网
15344,30.795861111111112,126.04636111111107,1.9,28.0,2019-11-20 14:37:00,围网
15344,30.806027777777786,126.05197222222222,2.1,17.0,2019-11-20 14:57:00,围网
15344,30.810944444444445,126.05494444444444,2.3,41.0,2019-11-20 15:07:00,围网
15344,30.81569444444445,126.05805555555555,1.8,53.0,2019-11-20 15:17:00,围网
15344,30.82025,126.06158333333332,2.6,52.0,2019-11-20 15:27:00,围网
15344,30.818388888888887,126.06869444444445,2.2,131.0,2019-11-20 15:37:27,围网
15344,30.814222222222234,126.07277777777777,2.3,190.0,2019-11-20 15:47:00,围网
15344,30.809361111111112,126.07475,1.3,160.0,2019-11-20 15:56:59,围网
15344,30.804944444444452,126.0765,1.9,136.0,2019-11-20 16:06:59,围网
15344,30.800555555555555,126.07852777777778,1.4,161.0,2019-11-20 16:16:59,围网
15344,30.79594444444445,126.08011111111112,1.8,135.0,2019-11-20 16:26:59,围网
15344,30.79125,126.08169444444445,1.8,168.0,2019-11-20 16:36:59,围网
15344,30.786583333333336,126.08305555555555,1.9,188.0,2019-11-20 16:46:59,围网
15344,30.78175,126.08377777777778,1.6,157.0,2019-11-20 16:56:59,围网
15344,30.776888888888887,126.08433333333332,1.6,165.0,2019-11-20 17:06:59,围网
15344,30.771916666666666,126.08477777777777,4.4,6.0,2019-11-20 17:16:59,围网
15344,30.766861111111112,126.08544444444445,1.9,190.0,2019-11-20 17:26:59,围网
15344,30.761722222222208,126.0859722222222,2.4,213.0,2019-11-20 17:36:59,围网
15344,30.75658333333333,126.08658333333334,2.0,0.0,2019-11-20 17:46:59,围网
15344,30.75141666666667,126.08711111111113,2.1,179.0,2019-11-20 17:56:59,围网
15344,30.745916666666666,126.08783333333334,2.1,189.0,2019-11-20 18:07:26,围网
15344,30.740861111111112,126.0885,1.5,179.0,2019-11-20 18:16:59,围网
15344,30.7355,126.08919444444444,1.6,177.0,2019-11-20 18:26:59,围网
15344,30.730138888888888,126.08975,1.6,168.0,2019-11-20 18:36:59,围网
15344,30.724638888888887,126.09024999999998,1.9,179.0,2019-11-20 18:46:59,围网
15344,30.71911111111111,126.09077777777777,1.9,190.0,2019-11-20 18:56:59,围网
15344,30.71344444444444,126.09130555555555,2.2,202.0,2019-11-20 19:06:59,围网
15344,30.707777777777785,126.09155555555556,1.4,195.0,2019-11-20 19:16:59,围网
15344,30.709861111111113,126.0925,1.5,14.0,2019-11-20 19:26:59,围网
15344,30.710361111111112,126.0935,2.6,187.0,2019-11-20 19:36:58,围网
15344,30.709027777777766,126.09258333333334,3.2,359.0,2019-11-20 19:46:58,围网
15344,30.712611111111112,126.0954722222222,4.0,224.0,2019-11-20 19:56:58,围网
15344,30.70183333333333,126.09175,3.2,224.0,2019-11-20 20:06:58,围网
15344,30.69625,126.09008333333333,2.2,177.0,2019-11-20 20:16:58,围网
15344,30.690555555555555,126.0882777777778,2.6,206.0,2019-11-20 20:26:58,围网
15344,30.68480555555556,126.08627777777778,1.9,202.0,2019-11-20 20:36:58,围网
15344,30.67913888888889,126.08430555555556,2.3,211.0,2019-11-20 20:46:58,围网
15344,30.673388888888887,126.08230555555555,2.1,198.0,2019-11-20 20:57:01,围网
15344,30.66758333333333,126.08055555555555,3.0,218.0,2019-11-20 21:06:58,围网
15344,30.661638888888888,126.07894444444445,1.3,0.0,2019-11-20 21:16:58,围网
15344,30.65533333333333,126.07727777777778,2.4,212.0,2019-11-20 21:27:27,围网
15344,30.64975,126.07552777777776,2.3,188.0,2019-11-20 21:36:58,围网
15344,30.64383333333333,126.07358333333332,2.2,188.0,2019-11-20 21:46:58,围网
15344,30.638027777777786,126.07155555555555,2.3,187.0,2019-11-20 21:56:58,围网
15344,30.63219444444445,126.06972222222224,1.8,203.0,2019-11-20 22:06:58,围网
15344,30.626305555555557,126.06761111111106,2.3,196.0,2019-11-20 22:16:58,围网
15344,30.620500000000003,126.06513888888887,2.5,217.0,2019-11-20 22:26:58,围网
15344,30.614611111111113,126.06308333333332,2.8,196.0,2019-11-20 22:36:58,围网
15344,30.608638888888887,126.06133333333332,2.4,192.0,2019-11-20 22:46:58,围网
15344,30.60280555555555,126.05936111111113,2.6,209.0,2019-11-20 22:56:58,围网
15344,30.59733333333333,126.05636111111107,2.3,196.0,2019-11-20 23:06:58,围网
15344,30.592194444444445,126.05263888888888,2.5,209.0,2019-11-20 23:16:58,围网
15344,30.587277777777768,126.0485,2.6,207.0,2019-11-20 23:26:58,围网
15344,30.58208333333333,126.04511111111113,2.0,207.0,2019-11-20 23:36:58,围网
15344,30.578166666666664,126.03947222222222,2.9,213.0,2019-11-20 23:46:58,围网
15344,30.576138888888888,126.03244444444445,1.7,0.0,2019-11-20 23:56:58,围网
15344,30.577777777777786,126.02466666666666,2.3,310.0,2019-11-21 00:07:26,围网
15344,30.580527777777768,126.01875,1.9,310.0,2019-11-21 00:16:58,围网
15344,30.583444444444442,126.01302777777776,1.8,329.0,2019-11-21 00:26:58,围网
15344,30.58758333333333,126.0084722222222,2.0,3.0,2019-11-21 00:36:57,围网
15344,30.592805555555554,126.00580555555555,1.8,5.0,2019-11-21 00:46:57,围网
15344,30.59786111111111,126.00369444444445,2.6,341.0,2019-11-21 00:56:57,围网
15344,30.60325000000001,126.00355555555555,2.1,6.0,2019-11-21 01:06:57,围网
15344,30.60838888888889,126.00397222222223,2.4,3.0,2019-11-21 01:16:57,围网
15344,30.61358333333333,126.00427777777777,2.1,11.0,2019-11-21 01:26:57,围网
15344,30.61883333333333,126.00377777777778,2.0,344.0,2019-11-21 01:36:57,围网
15344,30.624194444444445,126.00238888888887,1.5,15.0,2019-11-21 01:46:57,围网
15344,30.629277777777766,125.99980555555555,1.7,324.0,2019-11-21 01:56:57,围网
15344,30.62980555555556,125.99636111111107,0.8,234.0,2019-11-21 02:06:57,围网
15344,30.629166666666666,125.99413888888887,0.5,0.0,2019-11-21 02:16:57,围网
15344,30.62886111111111,125.99116666666669,1.0,333.0,2019-11-21 02:26:57,围网
15344,30.635416666666664,125.98725,0.6,157.0,2019-11-21 02:36:57,围网
15344,30.64416666666667,125.98527777777778,3.9,356.0,2019-11-21 02:46:57,围网
15344,30.65055555555555,125.98569444444445,2.3,16.0,2019-11-21 02:56:57,围网
15344,30.65625,125.98758333333332,2.1,41.0,2019-11-21 03:06:57,围网
15344,30.66186111111111,125.98958333333331,2.1,4.0,2019-11-21 03:16:57,围网
15344,30.667388888888887,125.9915277777778,2.1,46.0,2019-11-21 03:26:57,围网
15344,30.67925,125.994,2.4,1.0,2019-11-21 03:47:25,围网
15344,30.68466666666667,125.99536111111112,2.0,22.0,2019-11-21 03:56:57,围网
15344,30.690277777777766,125.99672222222223,2.3,22.0,2019-11-21 04:06:57,围网
15344,30.69586111111111,125.99786111111112,1.7,29.0,2019-11-21 04:16:57,围网
15344,30.70144444444445,125.99911111111106,2.0,20.0,2019-11-21 04:26:57,围网
15344,30.706999999999997,126.00044444444444,2.3,3.0,2019-11-21 04:36:57,围网
15344,30.71230555555555,126.0015,2.2,1.0,2019-11-21 04:46:57,围网
15344,30.71783333333333,126.00266666666668,2.2,17.0,2019-11-21 04:56:57,围网
15344,30.723305555555555,126.00391666666668,1.5,17.0,2019-11-21 05:06:57,围网
15344,30.72869444444445,126.00491666666667,2.3,40.0,2019-11-21 05:16:57,围网
15344,30.73416666666667,126.00608333333332,1.7,28.0,2019-11-21 05:26:56,围网
15344,30.739527777777766,126.00705555555555,2.4,9.0,2019-11-21 05:36:56,围网
15344,30.74483333333333,126.00791666666666,1.9,0.0,2019-11-21 05:46:56,围网
15344,30.75,126.00905555555555,1.8,0.0,2019-11-21 05:56:56,围网
15344,30.755222222222233,126.01033333333334,2.2,2.0,2019-11-21 06:07:24,围网
15344,30.764833333333332,126.01236111111106,1.9,18.0,2019-11-21 06:26:56,围网
15344,30.76975,126.01347222222222,1.6,17.0,2019-11-21 06:36:56,围网
15344,30.77433333333333,126.01461111111112,1.5,9.0,2019-11-21 06:46:56,围网
15344,30.77897222222222,126.01594444444444,2.2,357.0,2019-11-21 06:56:56,围网
15344,30.783472222222233,126.01833333333332,1.7,40.0,2019-11-21 07:06:56,围网
15344,30.7845,126.02666666666669,3.5,109.0,2019-11-21 07:16:56,围网
15344,30.782666666666664,126.03480555555555,2.7,122.0,2019-11-21 07:26:56,围网
15344,30.78011111111111,126.04169444444445,2.9,134.0,2019-11-21 07:36:56,围网
15344,30.77663888888889,126.0480277777778,1.6,131.0,2019-11-21 07:46:56,围网
15344,30.77344444444445,126.05427777777777,2.3,106.0,2019-11-21 07:56:56,围网
15344,30.770027777777766,126.06025,2.3,116.0,2019-11-21 08:06:55,围网
15344,30.763361111111113,126.06647222222222,2.4,53.0,2019-11-21 08:26:56,围网
15344,30.76205555555555,126.06425,0.1,0.0,2019-11-21 08:47:24,围网
15344,30.75686111111111,126.06852777777777,1.9,188.0,2019-11-21 08:56:56,围网
15344,30.75188888888889,126.06527777777778,3.3,210.0,2019-11-21 09:06:56,围网
15344,30.749944444444452,126.05799999999999,7.7,253.0,2019-11-21 09:16:56,围网
15344,30.746194444444445,126.04941666666666,1.8,254.0,2019-11-21 09:26:56,围网
15344,30.74341666666667,126.04375,2.7,230.0,2019-11-21 09:36:56,围网
15344,30.740666666666666,126.03802777777777,1.9,250.0,2019-11-21 09:46:56,围网
15344,30.737805555555557,126.03225,2.4,223.0,2019-11-21 09:56:56,围网
15344,30.735055555555554,126.02633333333333,2.7,216.0,2019-11-21 10:06:56,围网
15344,30.732388888888888,126.02030555555555,2.7,216.0,2019-11-21 10:16:55,围网
15344,30.729944444444445,126.01419444444444,2.3,0.0,2019-11-21 10:26:55,围网
15344,30.72738888888889,126.008,2.2,248.0,2019-11-21 10:36:55,围网
15344,30.724916666666665,126.00169444444445,2.0,229.0,2019-11-21 10:46:55,围网
15344,30.722555555555548,125.99527777777777,2.4,254.0,2019-11-21 10:56:55,围网
15344,30.72025,125.98888888888894,2.1,251.0,2019-11-21 11:06:55,围网
15344,30.718166666666665,125.98230555555556,2.2,246.0,2019-11-21 11:16:55,围网
15344,30.716277777777766,125.97561111111112,2.6,234.0,2019-11-21 11:26:55,围网
15344,30.71447222222222,125.96886111111112,2.3,252.0,2019-11-21 11:36:55,围网
15344,30.71283333333333,125.96180555555556,2.0,257.0,2019-11-21 11:46:57,围网
15344,30.71172222222221,125.95452777777778,2.2,256.0,2019-11-21 11:57:24,围网
15344,30.71075,125.9477777777778,2.3,267.0,2019-11-21 12:06:55,围网
15344,30.70991666666667,125.94061111111112,2.3,254.0,2019-11-21 12:16:55,围网
15344,30.709083333333336,125.93355555555556,2.4,283.0,2019-11-21 12:26:55,围网
15344,30.708305555555555,125.92633333333332,2.5,280.0,2019-11-21 12:36:55,围网
15344,30.707527777777766,125.91913888888888,2.3,273.0,2019-11-21 12:46:55,围网
15344,30.706777777777766,125.91191666666668,2.4,261.0,2019-11-21 12:56:55,围网
15344,30.70625,125.90455555555555,2.2,288.0,2019-11-21 13:06:55,围网
15344,30.705666666666666,125.89725,2.4,0.0,2019-11-21 13:16:55,围网
15344,30.705416666666665,125.88994444444445,3.4,242.0,2019-11-21 13:26:56,围网
15344,30.705166666666663,125.88224999999998,2.6,259.0,2019-11-21 13:37:23,围网
15344,30.70497222222223,125.87527777777777,2.2,272.0,2019-11-21 13:46:55,围网
15344,30.7045,125.86791666666666,2.4,277.0,2019-11-21 13:56:55,围网
15344,30.70422222222221,125.86052777777776,2.3,260.0,2019-11-21 14:06:55,围网
15344,30.70375,125.85313888888888,2.3,255.0,2019-11-21 14:16:55,围网
15344,30.703111111111113,125.84575,2.3,264.0,2019-11-21 14:26:55,围网
15344,30.702472222222234,125.83838888888887,2.1,266.0,2019-11-21 14:36:55,围网
15344,30.70186111111111,125.83108333333332,2.7,284.0,2019-11-21 14:46:55,围网
15344,30.70136111111111,125.82369444444444,2.0,247.0,2019-11-21 14:56:55,围网
15344,30.700944444444442,125.81644444444444,1.8,250.0,2019-11-21 15:06:54,围网
15344,30.700888888888887,125.80975,1.5,256.0,2019-11-21 15:16:54,围网
15344,30.70194444444445,125.81194444444445,1.6,69.0,2019-11-21 15:27:51,围网
15344,30.702527777777767,125.81033333333332,2.3,274.0,2019-11-21 15:36:54,围网
15344,30.703861111111113,125.80533333333334,6.7,298.0,2019-11-21 15:46:54,围网
15344,30.717666666666666,125.78594444444445,5.4,347.0,2019-11-21 15:56:54,围网
15344,30.722361111111113,125.77588888888893,5.4,307.0,2019-11-21 16:06:54,围网
15344,30.725666666666665,125.76858333333332,2.6,306.0,2019-11-21 16:16:54,围网
15344,30.727888888888888,125.76183333333334,2.8,310.0,2019-11-21 16:26:54,围网
15344,30.730138888888888,125.75505555555556,2.5,296.0,2019-11-21 16:36:54,围网
15344,30.73244444444445,125.74836111111112,1.7,295.0,2019-11-21 16:46:54,围网
15344,30.734638888888888,125.74188888888894,2.3,305.0,2019-11-21 16:56:54,围网
15344,30.737027777777786,125.7355277777778,2.2,305.0,2019-11-21 17:06:54,围网
15344,30.739166666666666,125.72925,3.1,320.0,2019-11-21 17:16:54,围网
15344,30.741611111111112,125.72316666666669,2.3,275.0,2019-11-21 17:26:54,围网
15344,30.743972222222233,125.71708333333332,2.3,297.0,2019-11-21 17:36:54,围网
15344,30.74644444444445,125.71119444444444,2.1,289.0,2019-11-21 17:46:54,围网
15344,30.748472222222233,125.70516666666668,1.9,264.0,2019-11-21 17:56:54,围网
15344,30.749472222222234,125.69852777777778,2.1,297.0,2019-11-21 18:07:32,围网
15344,30.74963888888889,125.69275,2.7,298.0,2019-11-21 18:16:54,围网
15344,30.74825,125.68544444444444,2.6,238.0,2019-11-21 18:26:54,围网
15344,30.74894444444445,125.67938888888894,2.0,293.0,2019-11-21 18:36:54,围网
15344,30.750166666666665,125.67341666666668,0.1,0.0,2019-11-21 18:46:54,围网
15344,30.75197222222221,125.6677222222222,1.6,289.0,2019-11-21 18:56:54,围网
15344,30.754,125.66225,1.9,294.0,2019-11-21 19:06:54,围网
15344,30.758277777777767,125.65188888888888,1.9,291.0,2019-11-21 19:26:54,围网
15344,30.76025000000001,125.6467777777778,1.6,273.0,2019-11-21 19:36:54,围网
15344,30.76033333333333,125.64116666666668,1.7,278.0,2019-11-21 19:46:54,围网
15344,30.76055555555555,125.63572222222223,1.8,270.0,2019-11-21 19:56:53,围网
15344,30.760222222222232,125.63038888888887,1.8,247.0,2019-11-21 20:06:53,围网
15344,30.75975,125.62508333333334,1.5,268.0,2019-11-21 20:16:53,围网
15344,30.758944444444445,125.61969444444445,1.6,242.0,2019-11-21 20:26:53,围网
15344,30.75758333333333,125.61408333333333,2.0,228.0,2019-11-21 20:37:21,围网
15344,30.756166666666665,125.60911111111106,2.0,269.0,2019-11-21 20:46:53,围网
15344,30.75458333333333,125.60377777777781,1.8,253.0,2019-11-21 20:56:53,围网
15344,30.754027777777768,125.59825,1.7,267.0,2019-11-21 21:06:53,围网
15344,30.75336111111111,125.59269444444445,2.1,263.0,2019-11-21 21:16:53,围网
15344,30.752916666666664,125.58705555555555,2.0,300.0,2019-11-21 21:26:53,围网
15344,30.75288888888889,125.58141666666666,1.8,261.0,2019-11-21 21:36:53,围网
15344,30.75288888888889,125.57572222222224,1.8,300.0,2019-11-21 21:46:53,围网
15344,30.75288888888889,125.57008333333332,2.1,256.0,2019-11-21 21:56:53,围网
15344,30.75255555555556,125.56713888888888,1.8,146.0,2019-11-21 22:06:53,围网
15344,30.75075,125.57152777777776,0.5,0.0,2019-11-21 22:16:53,围网
15344,30.74916666666667,125.5705,0.5,0.0,2019-11-21 22:26:52,围网
15344,30.75263888888889,125.56488888888887,4.9,328.0,2019-11-21 22:36:53,围网
15344,30.754972222222232,125.56158333333332,7.3,283.0,2019-11-21 22:46:53,围网
15344,30.75622222222221,125.55280555555555,1.5,297.0,2019-11-21 22:56:53,围网
15344,30.756527777777766,125.54644444444445,2.8,265.0,2019-11-21 23:06:53,围网
15344,30.75713888888889,125.54016666666666,1.7,269.0,2019-11-21 23:16:53,围网
15344,30.757277777777766,125.53358333333333,1.7,242.0,2019-11-21 23:26:53,围网
15344,30.757305555555554,125.52688888888888,3.2,239.0,2019-11-21 23:36:53,围网
15344,30.75733333333333,125.52011111111106,2.3,269.0,2019-11-21 23:46:53,围网
15344,30.757305555555554,125.51330555555555,2.3,0.0,2019-11-21 23:56:53,围网
15344,30.757361111111113,125.50619444444445,2.6,261.0,2019-11-22 00:07:20,围网
15344,30.757472222222226,125.49944444444445,2.1,263.0,2019-11-22 00:16:53,围网
15344,30.757555555555548,125.49225,1.9,298.0,2019-11-22 00:26:53,围网
15344,30.757805555555557,125.485,2.3,272.0,2019-11-22 00:36:53,围网
15344,30.75800000000001,125.47763888888888,2.4,275.0,2019-11-22 00:46:52,围网
15344,30.758416666666665,125.47044444444445,2.5,277.0,2019-11-22 00:56:52,围网
15344,30.759027777777767,125.46325,2.2,278.0,2019-11-22 01:06:52,围网
15344,30.75986111111111,125.45611111111113,2.2,272.0,2019-11-22 01:16:52,围网
15344,30.76088888888889,125.44902777777777,2.4,269.0,2019-11-22 01:26:52,围网
15344,30.76216666666667,125.44191666666669,2.0,292.0,2019-11-22 01:36:52,围网
15344,30.76375,125.43483333333332,2.1,316.0,2019-11-22 01:46:52,围网
15344,30.765611111111113,125.42769444444444,3.0,267.0,2019-11-22 01:56:52,围网
15344,30.76744444444445,125.42038888888894,3.2,310.0,2019-11-22 02:06:52,围网
15344,30.76902777777777,125.41286111111113,1.9,299.0,2019-11-22 02:16:52,围网
15344,30.770194444444453,125.40530555555556,2.1,286.0,2019-11-22 02:26:54,围网
15344,30.77122222222221,125.39772222222223,2.4,307.0,2019-11-22 02:36:52,围网
15344,30.77208333333333,125.38963888888892,2.9,284.0,2019-11-22 02:47:20,围网
15344,30.77288888888889,125.38241666666666,2.9,299.0,2019-11-22 02:56:52,围网
15344,30.77352777777779,125.37486111111107,2.2,273.0,2019-11-22 03:06:52,围网
15344,30.774694444444453,125.36741666666666,2.0,290.0,2019-11-22 03:16:52,围网
15344,30.77583333333333,125.35983333333333,2.4,301.0,2019-11-22 03:26:52,围网
15344,30.777027777777768,125.35247222222219,2.1,275.0,2019-11-22 03:36:52,围网
15344,30.77808333333333,125.34519444444445,2.1,273.0,2019-11-22 03:46:52,围网
15344,30.779305555555553,125.338,2.1,266.0,2019-11-22 03:56:52,围网
15344,30.780638888888888,125.33088888888894,1.7,271.0,2019-11-22 04:06:52,围网
15344,30.781972222222233,125.32383333333333,1.7,355.0,2019-11-22 04:16:55,围网
15344,30.78355555555556,125.31691666666666,1.1,0.0,2019-11-22 04:26:52,围网
15344,30.785,125.31016666666667,2.2,279.0,2019-11-22 04:36:52,围网
15344,30.786388888888887,125.30333333333333,2.3,270.0,2019-11-22 04:46:52,围网
15344,30.78775000000001,125.29641666666666,2.0,301.0,2019-11-22 04:56:52,围网
15344,30.789305555555554,125.28955555555555,2.2,288.0,2019-11-22 05:07:19,围网
15344,30.79083333333333,125.28330555555556,1.9,279.0,2019-11-22 05:16:52,围网
15344,30.792666666666666,125.27925,1.4,132.0,2019-11-22 05:26:52,围网
15344,30.79344444444445,125.28355555555555,1.5,86.0,2019-11-22 05:36:51,围网
15344,30.795333333333332,125.28147222222222,1.2,305.0,2019-11-22 05:46:51,围网
15344,30.797777777777767,125.28658333333334,6.0,88.0,2019-11-22 05:56:51,围网
15344,30.80011111111111,125.29419444444444,3.7,6.0,2019-11-22 06:06:51,围网
15344,30.80236111111111,125.3065,2.1,77.0,2019-11-22 06:16:51,围网
15344,30.80258333333333,125.31291666666664,3.1,66.0,2019-11-22 06:26:51,围网
15344,30.80247222222223,125.31933333333332,2.3,83.0,2019-11-22 06:36:51,围网
15344,30.80247222222223,125.32588888888893,2.5,61.0,2019-11-22 06:46:51,围网
15344,30.802555555555557,125.33272222222222,2.4,62.0,2019-11-22 06:56:51,围网
15344,30.8025,125.33972222222219,2.2,87.0,2019-11-22 07:06:51,围网
15344,30.802138888888887,125.34652777777777,2.2,101.0,2019-11-22 07:16:51,围网
15344,30.80158333333333,125.36011111111112,2.2,94.0,2019-11-22 07:36:51,围网
15344,30.80086111111111,125.367,2.2,98.0,2019-11-22 07:46:51,围网
15344,30.799166666666668,125.3737777777778,2.0,122.0,2019-11-22 07:56:51,围网
15344,30.79719444444445,125.38083333333331,2.5,93.0,2019-11-22 08:07:26,围网
15344,30.79513888888889,125.387,2.6,133.0,2019-11-22 08:16:51,围网
15344,30.79286111111111,125.39375,2.0,112.0,2019-11-22 08:26:51,围网
15344,30.78994444444445,125.40022222222223,2.6,116.0,2019-11-22 08:36:51,围网
15344,30.78675,125.4065,2.5,105.0,2019-11-22 08:46:51,围网
15344,30.783305555555557,125.41272222222223,2.1,121.0,2019-11-22 08:56:51,围网
15344,30.77761111111111,125.41633333333334,2.9,160.0,2019-11-22 09:06:51,围网
15344,30.771611111111113,125.41863888888888,3.4,201.0,2019-11-22 09:16:51,围网
15344,30.76572222222222,125.42075,2.4,138.0,2019-11-22 09:26:51,围网
15344,30.759722222222226,125.42297222222223,2.6,161.0,2019-11-22 09:36:51,围网
15344,30.753611111111113,125.42513888888894,2.0,161.0,2019-11-22 09:46:50,围网
15344,30.74744444444445,125.42697222222222,1.8,167.0,2019-11-22 09:56:50,围网
15344,30.74136111111111,125.4267777777778,2.1,162.0,2019-11-22 10:06:50,围网
15344,30.735055555555554,125.42591666666668,2.1,216.0,2019-11-22 10:17:19,围网
15344,30.729416666666665,125.4250277777778,2.9,158.0,2019-11-22 10:26:50,围网
15344,30.72347222222221,125.42411111111113,2.4,179.0,2019-11-22 10:36:50,围网
15344,30.71758333333333,125.42313888888893,2.6,166.0,2019-11-22 10:46:50,围网
15344,30.711527777777768,125.42219444444444,2.4,182.0,2019-11-22 10:56:50,围网
15344,30.7055,125.42113888888888,2.4,191.0,2019-11-22 11:06:50,围网
15344,30.69966666666667,125.41894444444445,2.0,221.0,2019-11-22 11:16:50,围网
15344,30.69425,125.41552777777778,3.2,208.0,2019-11-22 11:26:50,围网
15344,30.690305555555554,125.41,2.5,243.0,2019-11-22 11:36:50,围网
15344,30.68788888888889,125.40363888888888,1.9,248.0,2019-11-22 11:46:50,围网
15344,30.68647222222221,125.39708333333334,1.6,256.0,2019-11-22 11:56:50,围网
15344,30.68483333333333,125.39333333333336,1.6,132.0,2019-11-22 12:06:50,围网
15344,30.6845,125.39700000000002,1.1,290.0,2019-11-22 12:16:50,围网
15344,30.682944444444445,125.39455555555556,1.2,161.0,2019-11-22 12:27:19,围网
15344,30.68191666666667,125.38575,8.4,258.0,2019-11-22 12:36:50,围网
15344,30.67580555555556,125.35980555555555,8.8,260.0,2019-11-22 12:46:50,围网
15344,30.66936111111111,125.33341666666666,8.2,261.0,2019-11-22 12:56:50,围网
15344,30.663055555555548,125.3070277777778,9.5,258.0,2019-11-22 13:06:50,围网
15344,30.65675,125.28038888888894,9.0,256.0,2019-11-22 13:16:50,围网
15344,30.650305555555555,125.25358333333332,9.1,250.0,2019-11-22 13:26:50,围网
15344,30.64394444444445,125.2265277777778,8.3,247.0,2019-11-22 13:36:50,围网
15344,30.637666666666664,125.19955555555555,9.6,251.0,2019-11-22 13:46:50,围网
15344,30.630944444444445,125.17275,8.3,252.0,2019-11-22 13:56:50,围网
15344,30.624388888888888,125.14591666666668,9.0,254.0,2019-11-22 14:06:49,围网
15344,30.61783333333333,125.11925,8.9,263.0,2019-11-22 14:16:49,围网
15344,30.611361111111112,125.09277777777777,7.7,255.0,2019-11-22 14:26:49,围网
15344,30.604833333333332,125.06611111111113,8.8,249.0,2019-11-22 14:36:49,围网
15344,30.59813888888889,125.03933333333332,8.0,250.0,2019-11-22 14:46:49,围网
15344,30.59133333333333,125.01244444444444,8.9,254.0,2019-11-22 14:56:49,围网
15344,30.58483333333333,124.98558333333332,8.1,250.0,2019-11-22 15:06:48,围网
15344,30.57822222222222,124.95816666666668,8.1,252.0,2019-11-22 15:16:48,围网
15344,30.571666666666665,124.93108333333332,8.4,252.0,2019-11-22 15:26:48,围网
15344,30.565166666666666,124.90411111111112,8.0,250.0,2019-11-22 15:36:48,围网
