渔船ID,lat,lon,速度,方向,time,type
15704,30.53058333333333,124.02575,7.4,256.0,2019-10-21 12:11:59,围网
15704,30.52330555555556,123.99577777777776,10.4,254.0,2019-10-21 12:22:19,围网
15704,30.516333333333336,123.9680277777778,9.8,252.0,2019-10-21 12:31:56,围网
15704,30.507972222222232,123.93955555555556,9.6,249.0,2019-10-21 12:41:56,围网
15704,30.50208333333333,123.91008333333336,9.9,255.0,2019-10-21 12:51:56,围网
15704,30.49594444444445,123.88094444444445,9.0,257.0,2019-10-21 13:01:56,围网
15704,30.48938888888889,123.85230555555556,8.8,259.0,2019-10-21 13:11:56,围网
15704,30.482916666666664,123.82386111111107,9.2,249.0,2019-10-21 13:21:56,围网
15704,30.476277777777767,123.79558333333333,9.1,253.0,2019-10-21 13:31:56,围网
15704,30.46922222222221,123.76722222222222,9.5,253.0,2019-10-21 13:41:55,围网
15704,30.46244444444445,123.7392222222222,9.1,255.0,2019-10-21 13:51:55,围网
15704,30.45572222222221,123.71191666666668,8.8,253.0,2019-10-21 14:01:55,围网
15704,30.449638888888888,123.68436111111113,8.7,250.0,2019-10-21 14:11:55,围网
15704,30.44313888888889,123.65652777777778,8.2,252.0,2019-10-21 14:21:55,围网
15704,30.436527777777766,123.6284722222222,8.8,259.0,2019-10-21 14:31:55,围网
15704,30.42822222222221,123.60013888888888,9.3,247.0,2019-10-21 14:42:19,围网
15704,30.42069444444445,123.57411111111112,8.7,242.0,2019-10-21 14:51:55,围网
15704,30.41308333333333,123.54675,8.0,254.0,2019-10-21 15:01:55,围网
15704,30.40513888888889,123.51922222222224,8.6,243.0,2019-10-21 15:11:55,围网
15704,30.397055555555553,123.4915277777778,7.7,249.0,2019-10-21 15:21:57,围网
15704,30.388361111111113,123.46427777777778,7.4,237.0,2019-10-21 15:31:57,围网
15704,30.37986111111111,123.43716666666668,7.9,240.0,2019-10-21 15:41:55,围网
15704,30.37188888888889,123.40972222222223,8.0,244.0,2019-10-21 15:51:56,围网
15704,30.36347222222221,123.38158333333332,9.3,251.0,2019-10-21 16:02:19,围网
15704,30.355305555555557,123.3552222222222,9.6,247.0,2019-10-21 16:11:55,围网
15704,30.34758333333333,123.329,8.5,247.0,2019-10-21 16:21:55,围网
15704,30.33872222222222,123.30261111111106,8.3,247.0,2019-10-21 16:31:55,围网
15704,30.32980555555556,123.27613888888888,7.9,240.0,2019-10-21 16:41:55,围网
15704,30.32188888888889,123.25033333333334,8.7,257.0,2019-10-21 16:51:55,围网
15704,30.314083333333336,123.22447222222222,8.4,252.0,2019-10-21 17:01:55,围网
15704,30.305111111111113,123.19905555555556,8.4,248.0,2019-10-21 17:11:55,围网
15704,30.29705555555556,123.17288888888888,8.5,253.0,2019-10-21 17:21:55,围网
15704,30.28819444444445,123.14719444444445,9.0,237.0,2019-10-21 17:31:55,围网
15704,30.27733333333333,123.12238888888888,9.0,245.0,2019-10-21 17:41:55,围网
15704,30.26916666666667,123.09627777777777,9.0,252.0,2019-10-21 17:51:55,围网
15704,30.26147222222221,123.06983333333334,8.2,247.0,2019-10-21 18:01:54,围网
15704,30.25486111111111,123.04322222222223,8.8,256.0,2019-10-21 18:11:54,围网
15704,30.24897222222221,123.01594444444444,8.7,252.0,2019-10-21 18:21:54,围网
15704,30.24175,122.989,8.6,249.0,2019-10-21 18:31:54,围网
15704,30.23419444444445,122.9620277777778,8.6,236.0,2019-10-21 18:41:54,围网
15704,30.220666666666666,122.93694444444445,8.4,262.0,2019-10-21 18:51:54,围网
15704,30.21725,122.90988888888893,7.8,268.0,2019-10-21 19:01:54,围网
15704,30.21161111111111,122.88236111111107,8.1,247.0,2019-10-21 19:11:54,围网
15704,30.203916666666665,122.8555,8.0,242.0,2019-10-21 19:21:56,围网
15704,30.19625,122.82875,6.9,242.0,2019-10-21 19:31:55,围网
15704,30.187361111111112,122.80238888888887,8.9,233.0,2019-10-21 19:42:18,围网
15704,30.177111111111113,122.77777777777777,8.7,260.0,2019-10-21 19:51:54,围网
15704,30.167361111111113,122.75108333333333,9.5,238.0,2019-10-21 20:01:54,围网
15704,30.152527777777767,122.72538888888887,9.6,236.0,2019-10-21 20:11:54,围网
15704,30.138666666666666,122.69955555555555,9.1,239.0,2019-10-21 20:21:54,围网
15704,30.125055555555555,122.67427777777776,8.9,236.0,2019-10-21 20:31:54,围网
15704,30.108611111111113,122.64983333333332,10.1,234.0,2019-10-21 20:41:54,围网
15704,30.08433333333333,122.63311111111106,10.2,210.0,2019-10-21 20:51:54,围网
15704,30.064083333333336,122.6107222222222,10.5,208.0,2019-10-21 21:01:54,围网
15704,30.039305555555554,122.59283333333332,10.1,206.0,2019-10-21 21:11:54,围网
15704,30.02769444444445,122.57236111111106,10.0,244.0,2019-10-21 21:21:54,围网
15704,30.01583333333333,122.54583333333332,9.4,248.0,2019-10-21 21:31:54,围网
15704,30.00625,122.51880555555556,9.0,250.0,2019-10-21 21:41:54,围网
15704,29.996944444444445,122.49297222222219,8.4,251.0,2019-10-21 21:51:54,围网
15704,29.98858333333333,122.46533333333336,8.5,250.0,2019-10-21 22:02:18,围网
15704,29.981805555555553,122.43944444444445,8.5,253.0,2019-10-21 22:11:53,围网
15704,29.97394444444444,122.41186111111112,8.6,265.0,2019-10-21 22:21:53,围网
15704,29.971888888888888,122.38522222222224,8.6,271.0,2019-10-21 22:31:53,围网
15704,29.976138888888887,122.36869444444444,5.0,298.0,2019-10-21 22:41:53,围网
15704,29.97344444444445,122.346,9.3,247.0,2019-10-21 22:51:53,围网
15704,29.955222222222233,122.32713888888887,9.1,211.0,2019-10-21 23:01:53,围网
15704,29.94483333333333,122.30675,8.6,277.0,2019-10-21 23:11:53,围网
15704,29.940305555555554,122.28363888888887,3.3,269.0,2019-10-21 23:21:53,围网
15704,29.940305555555554,122.28141666666666,0.4,302.0,2019-10-21 23:31:53,围网
15704,29.940527777777767,122.28138888888887,0.2,0.0,2019-10-21 23:41:53,围网
15704,29.944138888888887,122.29797222222223,6.1,70.0,2019-10-21 23:51:53,围网
15704,29.945138888888888,122.30025,0.0,0.0,2019-10-22 00:01:53,围网
15704,29.944972222222226,122.3005,0.2,0.0,2019-10-22 00:11:53,围网
15704,29.945305555555557,122.30008333333332,0.3,0.0,2019-10-22 00:21:55,围网
15704,29.94522222222223,122.30027777777778,0.7,0.0,2019-10-22 00:31:53,围网
15704,29.945166666666665,122.30025,0.0,0.0,2019-10-22 00:42:19,围网
15704,29.94519444444445,122.30022222222222,0.0,0.0,2019-10-22 00:51:53,围网
15704,29.94522222222223,122.30022222222222,0.0,0.0,2019-10-22 01:01:53,围网
15704,29.945166666666665,122.30022222222222,0.0,0.0,2019-10-22 01:11:53,围网
15704,29.94519444444445,122.30022222222222,0.0,0.0,2019-10-22 01:21:53,围网
15704,29.945138888888888,122.30025,0.0,0.0,2019-10-22 01:31:53,围网
15704,29.94525,122.30022222222222,0.0,0.0,2019-10-22 01:41:53,围网
15704,29.945138888888888,122.30025,0.0,0.0,2019-10-22 01:51:53,围网
15704,29.94519444444445,122.30022222222222,0.0,0.0,2019-10-22 02:01:53,围网
15704,29.945138888888888,122.30025,0.0,0.0,2019-10-22 02:11:53,围网
15704,29.945166666666665,122.30022222222222,0.1,0.0,2019-10-22 02:21:52,围网
15704,29.945138888888888,122.30038888888888,0.1,0.0,2019-10-22 02:31:52,围网
15704,29.945138888888888,122.30027777777778,0.0,0.0,2019-10-22 02:51:52,围网
15704,29.945138888888888,122.30036111111113,0.3,0.0,2019-10-22 03:01:52,围网
15704,29.945138888888888,122.30069444444445,0.1,0.0,2019-10-22 03:12:19,围网
15704,29.945055555555548,122.3012222222222,0.1,0.0,2019-10-22 03:21:52,围网
15704,29.94533333333333,122.30125,0.0,0.0,2019-10-22 03:31:52,围网
15704,29.94533333333333,122.30130555555556,0.0,0.0,2019-10-22 03:41:52,围网
15704,29.94536111111111,122.30130555555556,0.0,0.0,2019-10-22 03:51:52,围网
15704,29.94533333333333,122.30133333333332,0.0,0.0,2019-10-22 04:01:52,围网
15704,29.945305555555557,122.30133333333332,0.0,0.0,2019-10-22 04:11:52,围网
15704,29.94536111111111,122.30133333333332,0.0,0.0,2019-10-22 04:21:52,围网
15704,29.94536111111111,122.30130555555556,0.0,0.0,2019-10-22 04:31:52,围网
15704,29.94538888888889,122.30130555555556,0.0,0.0,2019-10-22 04:41:52,围网
15704,29.945277777777786,122.30141666666664,0.1,0.0,2019-10-22 04:51:52,围网
15704,29.94536111111111,122.30136111111106,0.0,0.0,2019-10-22 05:01:52,围网
15704,29.94536111111111,122.30136111111106,0.1,0.0,2019-10-22 05:11:52,围网
15704,29.94536111111111,122.30141666666664,0.0,0.0,2019-10-22 05:21:52,围网
15704,29.94538888888889,122.30133333333332,0.1,0.0,2019-10-22 05:31:52,围网
15704,29.94536111111111,122.30133333333332,0.0,0.0,2019-10-22 05:41:52,围网
15704,29.94541666666667,122.30130555555556,0.0,0.0,2019-10-22 05:51:52,围网
15704,29.94558333333333,122.30127777777778,0.1,0.0,2019-10-22 06:02:18,围网
15704,29.94533333333333,122.30138888888888,0.0,0.0,2019-10-22 06:11:52,围网
15704,29.94536111111111,122.30136111111106,0.0,0.0,2019-10-22 06:21:52,围网
15704,29.94533333333333,122.30136111111106,0.0,0.0,2019-10-22 06:31:52,围网
15704,29.94538888888889,122.30136111111106,0.1,0.0,2019-10-22 06:41:51,围网
15704,29.94538888888889,122.30138888888888,0.0,0.0,2019-10-22 06:51:51,围网
15704,29.94538888888889,122.30136111111106,0.0,0.0,2019-10-22 07:01:51,围网
15704,29.94544444444445,122.30136111111106,0.0,0.0,2019-10-22 07:21:51,围网
15704,29.94536111111111,122.30136111111106,0.0,0.0,2019-10-22 07:31:51,围网
15704,29.945305555555557,122.30141666666664,0.0,0.0,2019-10-22 07:41:51,围网
15704,29.94538888888889,122.30141666666664,0.1,0.0,2019-10-22 07:51:51,围网
15704,29.94533333333333,122.30138888888888,0.0,0.0,2019-10-22 08:01:51,围网
15704,29.945472222222232,122.30125,0.1,0.0,2019-10-22 08:21:51,围网
15704,29.94533333333333,122.30138888888888,0.1,0.0,2019-10-22 08:31:51,围网
15704,29.945305555555557,122.30127777777778,0.3,0.0,2019-10-22 08:41:51,围网
15704,29.945166666666665,122.30136111111106,0.0,0.0,2019-10-22 08:51:51,围网
15704,29.945305555555557,122.30141666666664,0.1,0.0,2019-10-22 09:01:51,围网
15704,29.94536111111111,122.30133333333332,0.2,0.0,2019-10-22 09:11:51,围网
15704,29.945166666666665,122.30133333333332,0.0,0.0,2019-10-22 09:21:51,围网
15704,29.944972222222226,122.30116666666667,0.1,0.0,2019-10-22 09:31:51,围网
15704,29.94483333333333,122.30091666666668,0.1,0.0,2019-10-22 09:41:51,围网
15704,29.94508333333333,122.30044444444445,0.0,0.0,2019-10-22 09:51:51,围网
15704,29.945166666666665,122.30027777777778,0.0,0.0,2019-10-22 10:02:18,围网
15704,29.94519444444445,122.30030555555555,0.1,0.0,2019-10-22 10:11:51,围网
15704,29.94522222222223,122.30025,0.1,0.0,2019-10-22 10:21:51,围网
15704,29.94519444444445,122.30025,0.0,0.0,2019-10-22 10:31:51,围网
15704,29.945166666666665,122.30025,0.0,0.0,2019-10-22 10:41:51,围网
15704,29.94522222222223,122.30022222222222,0.0,0.0,2019-10-22 10:51:51,围网
15704,29.94522222222223,122.30022222222222,0.0,0.0,2019-10-22 11:01:51,围网
15704,29.94525,122.30025,0.0,0.0,2019-10-22 11:11:50,围网
15704,29.94522222222223,122.30022222222222,0.0,0.0,2019-10-22 11:21:50,围网
15704,29.945305555555557,122.30025,0.0,0.0,2019-10-22 11:31:50,围网
15704,29.94525,122.30022222222222,0.2,0.0,2019-10-22 11:41:50,围网
15704,29.94522222222223,122.30019444444444,0.0,0.0,2019-10-22 11:51:50,围网
15704,29.94536111111111,122.30022222222222,0.2,0.0,2019-10-22 12:01:50,围网
15704,29.94163888888889,122.31538888888888,7.8,103.0,2019-10-22 12:11:50,围网
15704,29.956888888888887,122.32908333333332,7.1,33.0,2019-10-22 12:21:50,围网
15704,29.9735,122.33941666666664,7.2,20.0,2019-10-22 12:31:50,围网
15704,30.017,122.35458333333332,9.0,15.0,2019-10-22 12:51:50,围网
15704,30.040722222222207,122.36316666666666,8.2,30.0,2019-10-22 13:01:50,围网
15704,30.05852777777778,122.37752777777777,7.6,41.0,2019-10-22 13:11:50,围网
15704,30.073888888888888,122.39408333333334,7.7,46.0,2019-10-22 13:21:50,围网
15704,30.08872222222222,122.41183333333336,7.5,48.0,2019-10-22 13:31:50,围网
15704,30.102916666666665,122.43016666666668,6.9,51.0,2019-10-22 13:41:55,围网
15704,30.116111111111113,122.44788888888893,6.5,56.0,2019-10-22 13:51:53,围网
15704,30.126722222222234,122.4662777777778,6.4,55.0,2019-10-22 14:02:18,围网
15704,30.136777777777766,122.48297222222223,6.8,56.0,2019-10-22 14:11:50,围网
15704,30.148416666666666,122.50105555555555,6.5,56.0,2019-10-22 14:21:50,围网
15704,30.159555555555553,122.5197777777778,7.4,58.0,2019-10-22 14:31:50,围网
15704,30.169583333333332,122.54005555555555,7.4,63.0,2019-10-22 14:41:50,围网
15704,30.1765,122.56302777777776,7.1,72.0,2019-10-22 14:51:50,围网
15704,30.18352777777778,122.58366666666667,6.5,55.0,2019-10-22 15:01:50,围网
15704,30.200555555555553,122.59808333333332,8.8,19.0,2019-10-22 15:11:50,围网
15704,30.217805555555554,122.61408333333333,7.3,53.0,2019-10-22 15:21:50,围网
15704,30.231444444444442,122.63238888888887,7.5,45.0,2019-10-22 15:31:49,围网
15704,30.24558333333333,122.65111111111112,7.2,47.0,2019-10-22 15:41:49,围网
15704,30.259888888888888,122.6702222222222,8.1,52.0,2019-10-22 15:51:49,围网
15704,30.273916666666665,122.69,8.3,51.0,2019-10-22 16:01:49,围网
15704,30.287888888888887,122.71008333333334,7.9,53.0,2019-10-22 16:11:49,围网
15704,30.302027777777766,122.73019444444445,7.7,51.0,2019-10-22 16:21:49,围网
15704,30.316,122.75019444444445,8.0,49.0,2019-10-22 16:31:49,围网
15704,30.33019444444445,122.77055555555555,8.0,50.0,2019-10-22 16:41:49,围网
15704,30.34458333333333,122.79105555555556,8.0,50.0,2019-10-22 16:51:49,围网
15704,30.358722222222234,122.811,8.2,54.0,2019-10-22 17:01:49,围网
15704,30.37275,122.83083333333332,8.0,45.0,2019-10-22 17:11:50,围网
15704,30.382444444444445,122.85352777777777,7.7,74.0,2019-10-22 17:21:49,围网
15704,30.389833333333332,122.87833333333332,8.1,70.0,2019-10-22 17:31:49,围网
15704,30.39844444444445,122.90405555555556,7.6,68.0,2019-10-22 17:42:17,围网
15704,30.4075,122.92711111111113,8.5,70.0,2019-10-22 17:51:49,围网
15704,30.419527777777766,122.94961111111112,8.2,59.0,2019-10-22 18:01:49,围网
15704,30.430555555555557,122.97288888888887,8.5,59.0,2019-10-22 18:11:49,围网
15704,30.430888888888887,122.99425,7.6,66.0,2019-10-22 18:21:49,围网
15704,30.44219444444445,123.01563888888887,7.7,66.0,2019-10-22 18:31:49,围网
15704,30.452638888888888,123.0375,7.7,58.0,2019-10-22 18:41:49,围网
15704,30.46397222222221,123.06011111111113,7.9,62.0,2019-10-22 18:51:49,围网
15704,30.47519444444445,123.08327777777777,7.5,61.0,2019-10-22 19:01:49,围网
15704,30.483611111111113,123.10722222222222,8.1,70.0,2019-10-22 19:11:48,围网
15704,30.49216666666667,123.13155555555555,8.6,72.0,2019-10-22 19:21:48,围网
15704,30.502527777777786,123.15408333333336,7.4,59.0,2019-10-22 19:31:48,围网
15704,30.513333333333332,123.17625,8.3,60.0,2019-10-22 19:41:48,围网
15704,30.52419444444445,123.19822222222223,8.2,62.0,2019-10-22 19:51:48,围网
15704,30.53594444444445,123.22155555555555,7.9,58.0,2019-10-22 20:02:17,围网
15704,30.546138888888887,123.24272222222223,7.5,58.0,2019-10-22 20:11:48,围网
15704,30.55716666666667,123.26508333333334,7.4,59.0,2019-10-22 20:21:48,围网
15704,30.56719444444445,123.28844444444445,7.2,61.0,2019-10-22 20:31:48,围网
15704,30.576638888888887,123.31130555555555,8.7,64.0,2019-10-22 20:41:48,围网
15704,30.58675,123.33441666666666,7.7,60.0,2019-10-22 20:51:48,围网
15704,30.597972222222207,123.35636111111107,8.0,65.0,2019-10-22 21:01:48,围网
15704,30.60819444444445,123.37897222222222,8.1,61.0,2019-10-22 21:11:48,围网
15704,30.618250000000003,123.40163888888887,8.0,69.0,2019-10-22 21:21:48,围网
15704,30.6285,123.42422222222223,6.9,68.0,2019-10-22 21:31:48,围网
15704,30.63811111111111,123.44752777777781,6.6,72.0,2019-10-22 21:41:48,围网
15704,30.64755555555556,123.47108333333333,8.6,66.0,2019-10-22 21:51:48,围网
15704,30.657055555555548,123.49411111111112,8.2,65.0,2019-10-22 22:01:48,围网
15704,30.6665,123.51716666666668,8.2,66.0,2019-10-22 22:11:48,围网
15704,30.674805555555555,123.54133333333333,7.9,69.0,2019-10-22 22:21:48,围网
15704,30.681027777777786,123.5662222222222,8.4,75.0,2019-10-22 22:31:48,围网
15704,30.688000000000002,123.59191666666666,7.1,71.0,2019-10-22 22:42:15,围网
15704,30.694111111111113,123.61555555555556,8.4,73.0,2019-10-22 22:51:48,围网
15704,30.70061111111111,123.64033333333334,8.3,73.0,2019-10-22 23:01:47,围网
15704,30.70597222222222,123.66544444444445,8.3,77.0,2019-10-22 23:11:47,围网
15704,30.70877777777777,123.69125,8.5,97.0,2019-10-22 23:21:47,围网
15704,30.708166666666664,123.71727777777778,8.7,80.0,2019-10-22 23:31:47,围网
15704,30.70983333333333,123.74305555555556,8.3,83.0,2019-10-22 23:41:47,围网
15704,30.71313888888889,123.7687222222222,8.6,86.0,2019-10-22 23:51:46,围网
15704,30.71586111111111,123.79402777777777,9.1,82.0,2019-10-23 00:01:46,围网
15704,30.718666666666664,123.81936111111106,7.1,85.0,2019-10-23 00:11:46,围网
15704,30.72138888888889,123.84466666666664,7.9,73.0,2019-10-23 00:21:47,围网
15704,30.72427777777777,123.87116666666668,8.2,85.0,2019-10-23 00:32:15,围网
15704,30.72691666666667,123.89566666666668,8.0,90.0,2019-10-23 00:41:46,围网
15704,30.729805555555554,123.92102777777778,8.0,66.0,2019-10-23 00:51:46,围网
15704,30.737416666666668,123.94533333333334,8.2,69.0,2019-10-23 01:01:46,围网
15704,30.74358333333333,123.97027777777778,8.0,79.0,2019-10-23 01:11:46,围网
15704,30.747472222222232,123.99633333333333,7.5,84.0,2019-10-23 01:21:46,围网
15704,30.75044444444445,124.02222222222224,7.4,79.0,2019-10-23 01:31:46,围网
15704,30.75261111111111,124.04733333333333,8.1,89.0,2019-10-23 01:41:46,围网
15704,30.754305555555554,124.07338888888887,8.3,90.0,2019-10-23 01:51:46,围网
15704,30.755472222222235,124.09930555555556,7.7,81.0,2019-10-23 02:01:46,围网
15704,30.76136111111111,124.12472222222222,8.4,81.0,2019-10-23 02:11:51,围网
15704,30.76725,124.14955555555555,8.7,70.0,2019-10-23 02:21:46,围网
15704,30.77480555555555,124.1745,8.1,75.0,2019-10-23 02:31:46,围网
15704,30.78258333333333,124.19911111111112,8.6,72.0,2019-10-23 02:41:46,围网
15704,30.790138888888887,124.22416666666666,9.3,73.0,2019-10-23 02:51:46,围网
15704,30.797694444444453,124.24922222222223,8.7,75.0,2019-10-23 03:01:47,围网
15704,30.80341666666667,124.27652777777777,8.0,81.0,2019-10-23 03:12:18,围网
15704,30.809027777777786,124.30088888888888,8.5,81.0,2019-10-23 03:21:46,围网
15704,30.81466666666667,124.3267777777778,8.2,77.0,2019-10-23 03:31:46,围网
15704,30.820666666666664,124.3527222222222,8.6,75.0,2019-10-23 03:41:46,围网
15704,30.82558333333333,124.37930555555555,8.3,77.0,2019-10-23 03:51:46,围网
15704,30.832666666666665,124.40516666666667,9.5,77.0,2019-10-23 04:01:45,围网
15704,30.843666666666664,124.42838888888893,8.5,36.0,2019-10-23 04:11:45,围网
15704,30.85975,124.43472222222222,2.2,39.0,2019-10-23 04:21:46,围网
15704,30.860416666666666,124.43358333333332,1.1,0.0,2019-10-23 04:31:46,围网
15704,30.85425,124.43858333333333,2.4,153.0,2019-10-23 04:41:48,围网
15704,30.84975,124.44236111111113,1.9,121.0,2019-10-23 04:52:12,围网
15704,30.846805555555548,124.44786111111112,2.1,120.0,2019-10-23 05:01:45,围网
15704,30.844305555555554,124.45402777777778,2.4,146.0,2019-10-23 05:11:45,围网
15704,30.841916666666666,124.46036111111113,2.2,102.0,2019-10-23 05:21:45,围网
15704,30.839388888888887,124.46680555555555,2.3,128.0,2019-10-23 05:31:45,围网
15704,30.837194444444453,124.47355555555555,2.2,78.0,2019-10-23 05:41:45,围网
15704,30.835027777777768,124.48052777777778,3.4,73.0,2019-10-23 05:51:45,围网
15704,30.83280555555556,124.4875,2.9,102.0,2019-10-23 06:01:45,围网
15704,30.830361111111113,124.4944722222222,2.6,114.0,2019-10-23 06:11:45,围网
15704,30.827777777777786,124.50169444444445,3.0,90.0,2019-10-23 06:21:45,围网
15704,30.82533333333333,124.509,2.8,97.0,2019-10-23 06:31:45,围网
15704,30.822777777777766,124.51647222222222,3.4,96.0,2019-10-23 06:41:45,围网
15704,30.82025,124.52394444444445,3.0,119.0,2019-10-23 06:51:45,围网
15704,30.817638888888887,124.53144444444445,2.6,105.0,2019-10-23 07:01:45,围网
15704,30.81519444444445,124.53908333333334,2.5,104.0,2019-10-23 07:11:45,围网
15704,30.812444444444445,124.54666666666668,2.6,103.0,2019-10-23 07:21:45,围网
15704,30.80986111111111,124.55430555555556,3.1,124.0,2019-10-23 07:31:45,围网
15704,30.807305555555555,124.56205555555556,2.6,109.0,2019-10-23 07:41:45,围网
15704,30.80472222222223,124.56994444444445,3.1,106.0,2019-10-23 07:51:45,围网
15704,30.80472222222223,124.56994444444445,3.1,106.0,2019-10-23 08:03:16,围网
15704,30.799277777777768,124.58619444444444,2.3,0.0,2019-10-23 08:12:18,围网
15704,30.79691666666667,124.59394444444445,2.9,117.0,2019-10-23 08:21:44,围网
15704,30.79425,124.60191666666664,2.0,119.0,2019-10-23 08:31:44,围网
15704,30.78933333333333,124.61808333333332,2.5,95.0,2019-10-23 08:51:44,围网
15704,30.787111111111113,124.62425,1.3,97.0,2019-10-23 09:01:45,围网
15704,30.788694444444445,124.62069444444445,2.4,105.0,2019-10-23 09:11:47,围网
15704,30.78477777777778,124.62291666666664,2.6,183.0,2019-10-23 09:22:12,围网
15704,30.781944444444445,124.62344444444444,0.7,170.0,2019-10-23 09:31:44,围网
15704,30.777777777777786,124.62252777777776,8.3,136.0,2019-10-23 09:41:44,围网
15704,30.78988888888889,124.64355555555555,8.4,71.0,2019-10-23 09:51:44,围网
15704,30.804055555555554,124.66375,8.2,48.0,2019-10-23 10:01:44,围网
15704,30.817972222222235,124.68427777777778,9.0,59.0,2019-10-23 10:11:44,围网
15704,30.83225,124.70461111111112,8.7,57.0,2019-10-23 10:21:44,围网
15704,30.84611111111111,124.72463888888888,8.4,47.0,2019-10-23 10:31:44,围网
15704,30.85891666666667,124.74541666666666,7.8,56.0,2019-10-23 10:41:44,围网
15704,30.873027777777786,124.76491666666666,7.6,51.0,2019-10-23 10:51:44,围网
15704,30.88719444444445,124.78344444444444,8.0,49.0,2019-10-23 11:01:44,围网
15704,30.900916666666664,124.80208333333331,7.5,48.0,2019-10-23 11:11:44,围网
15704,30.91491666666667,124.82061111111112,7.3,41.0,2019-10-23 11:21:44,围网
15704,30.92972222222223,124.83752777777777,8.0,37.0,2019-10-23 11:31:44,围网
15704,30.94669444444445,124.85052777777777,8.3,33.0,2019-10-23 11:41:44,围网
15704,30.964055555555554,124.86252777777777,7.9,30.0,2019-10-23 11:51:44,围网
15704,30.98225,124.87394444444445,6.6,49.0,2019-10-23 12:02:18,围网
15704,30.989611111111113,124.88358333333332,0.8,178.0,2019-10-23 12:11:44,围网
15704,30.994805555555555,124.87569444444445,2.3,337.0,2019-10-23 12:21:43,围网
15704,30.996861111111112,124.86902777777777,1.8,324.0,2019-10-23 12:31:43,围网
15704,30.99908333333333,124.86244444444445,3.0,279.0,2019-10-23 12:41:43,围网
15704,31.00111111111111,124.85541666666666,2.4,278.0,2019-10-23 12:51:43,围网
15704,31.003416666666666,124.84827777777777,3.1,2.0,2019-10-23 13:01:43,围网
15704,31.00622222222221,124.84094444444445,2.5,297.0,2019-10-23 13:11:43,围网
15704,31.00866666666667,124.83316666666666,2.8,291.0,2019-10-23 13:21:43,围网
15704,31.011055555555558,124.82525,3.4,270.0,2019-10-23 13:31:43,围网
15704,31.013416666666664,124.81713888888888,4.6,269.0,2019-10-23 13:41:45,围网
15704,31.01625,124.80911111111112,3.0,270.0,2019-10-23 13:51:44,围网
15704,31.018777777777768,124.80094444444444,4.2,247.0,2019-10-23 14:01:44,围网
15704,31.02141666666667,124.79266666666668,4.0,270.0,2019-10-23 14:11:43,围网
15704,31.023777777777767,124.78416666666666,2.3,308.0,2019-10-23 14:21:43,围网
15704,31.026194444444442,124.77516666666668,2.7,309.0,2019-10-23 14:32:12,围网
15704,31.028388888888887,124.76694444444445,2.6,280.0,2019-10-23 14:41:43,围网
15704,31.03083333333333,124.75830555555555,2.4,324.0,2019-10-23 14:51:43,围网
15704,31.03383333333333,124.74975,3.9,275.0,2019-10-23 15:01:43,围网
15704,31.0375,124.74161111111113,2.8,308.0,2019-10-23 15:11:43,围网
15704,31.041722222222226,124.73402777777777,2.7,342.0,2019-10-23 15:21:43,围网
15704,31.046194444444453,124.72661111111113,3.2,304.0,2019-10-23 15:31:43,围网
15704,31.05005555555556,124.71883333333334,2.7,308.0,2019-10-23 15:41:43,围网
15704,31.05344444444445,124.71072222222223,2.9,310.0,2019-10-23 15:51:43,围网
15704,31.05686111111111,124.70252777777776,2.6,327.0,2019-10-23 16:01:43,围网
15704,31.0605,124.69425,3.7,287.0,2019-10-23 16:11:43,围网
15704,31.06425,124.686,3.0,287.0,2019-10-23 16:21:43,围网
15704,31.068027777777786,124.67769444444444,3.6,340.0,2019-10-23 16:31:42,围网
15704,31.069277777777767,124.66847222222222,2.9,260.0,2019-10-23 16:41:44,围网
15704,31.06886111111111,124.65952777777778,3.3,262.0,2019-10-23 16:51:42,围网
15704,31.06683333333333,124.6425277777778,2.2,244.0,2019-10-23 17:11:42,围网
15704,31.06661111111111,124.63408333333334,2.5,254.0,2019-10-23 17:21:42,围网
15704,31.06594444444445,124.6255,2.6,283.0,2019-10-23 17:32:10,围网
15704,31.066194444444445,124.62119444444444,1.5,28.0,2019-10-23 17:41:42,围网
15704,31.067805555555548,124.62241666666668,2.2,252.0,2019-10-23 17:51:42,围网
15704,31.06811111111111,124.62008333333333,0.8,305.0,2019-10-23 18:01:42,围网
15704,31.068555555555548,124.61694444444444,1.0,331.0,2019-10-23 18:11:42,围网
15704,31.067472222222207,124.61791666666666,6.3,99.0,2019-10-23 18:21:42,围网
15704,31.06655555555556,124.66636111111113,8.0,88.0,2019-10-23 18:41:42,围网
15704,31.06675,124.69255555555556,7.8,96.0,2019-10-23 18:52:10,围网
15704,31.067472222222207,124.70108333333332,3.9,237.0,2019-10-23 19:01:42,围网
15704,31.067527777777766,124.71052777777777,2.2,125.0,2019-10-23 19:11:42,围网
15704,31.066055555555558,124.71741666666668,2.3,105.0,2019-10-23 19:21:42,围网
15704,31.06494444444445,124.72438888888887,2.6,89.0,2019-10-23 19:31:42,围网
15704,31.06375,124.73158333333332,1.9,97.0,2019-10-23 19:41:42,围网
15704,31.062444444444445,124.7387222222222,2.5,92.0,2019-10-23 19:51:42,围网
15704,31.061277777777786,124.74613888888888,2.6,88.0,2019-10-23 20:01:42,围网
15704,31.06016666666667,124.75375,2.6,94.0,2019-10-23 20:11:42,围网
15704,31.058888888888887,124.76119444444444,2.3,87.0,2019-10-23 20:21:42,围网
15704,31.05755555555556,124.76880555555556,2.5,73.0,2019-10-23 20:31:42,围网
15704,31.05608333333333,124.7765,2.6,118.0,2019-10-23 20:41:41,围网
15704,31.05461111111111,124.78436111111112,2.2,85.0,2019-10-23 20:51:41,围网
15704,31.052916666666665,124.79208333333332,2.6,115.0,2019-10-23 21:01:41,围网
15704,31.05161111111111,124.80013888888887,2.1,120.0,2019-10-23 21:11:41,围网
15704,31.05019444444445,124.80816666666666,2.3,65.0,2019-10-23 21:21:41,围网
15704,31.048472222222234,124.81616666666667,3.3,122.0,2019-10-23 21:31:41,围网
15704,31.046555555555557,124.82402777777777,2.9,111.0,2019-10-23 21:41:41,围网
15704,31.045,124.83186111111112,2.3,117.0,2019-10-23 21:51:43,围网
15704,31.04336111111111,124.84008333333333,3.4,106.0,2019-10-23 22:02:18,围网
15704,31.04194444444445,124.84736111111107,2.2,96.0,2019-10-23 22:11:41,围网
15704,31.04000000000001,124.85508333333333,2.9,111.0,2019-10-23 22:21:41,围网
15704,31.03766666666667,124.86330555555556,2.2,89.0,2019-10-23 22:32:10,围网
15704,31.03383333333333,124.8785277777778,2.8,101.0,2019-10-23 22:51:41,围网
15704,31.03188888888889,124.88622222222223,2.5,104.0,2019-10-23 23:01:41,围网
15704,31.03013888888889,124.89380555555556,3.5,107.0,2019-10-23 23:11:41,围网
15704,31.02863888888889,124.90138888888887,2.5,107.0,2019-10-23 23:21:41,围网
15704,31.026777777777767,124.90880555555556,2.7,97.0,2019-10-23 23:31:41,围网
15704,31.02466666666667,124.91619444444444,2.3,118.0,2019-10-23 23:41:41,围网
15704,31.02194444444445,124.92336111111106,2.3,105.0,2019-10-23 23:51:41,围网
15704,31.019388888888887,124.93041666666667,4.2,161.0,2019-10-24 00:01:41,围网
15704,31.0135,124.93438888888888,0.5,348.0,2019-10-24 00:11:41,围网
15704,31.016333333333336,124.931,1.9,176.0,2019-10-24 00:21:41,围网
15704,31.012305555555553,124.9297777777778,1.3,149.0,2019-10-24 00:31:41,围网
15704,31.009527777777766,124.92780555555555,0.9,0.0,2019-10-24 00:41:41,围网
15704,31.00263888888889,124.92188888888887,9.5,222.0,2019-10-24 00:52:18,围网
15704,30.9825,124.90655555555556,9.6,205.0,2019-10-24 01:01:42,围网
15704,30.96275,124.88775,9.2,214.0,2019-10-24 01:11:40,围网
15704,30.9435,124.86825,9.0,214.0,2019-10-24 01:21:40,围网
15704,30.924,124.8492222222222,9.8,223.0,2019-10-24 01:31:40,围网
15704,30.90444444444445,124.8299722222222,8.9,221.0,2019-10-24 01:41:40,围网
15704,30.884166666666665,124.80952777777777,8.8,223.0,2019-10-24 01:52:10,围网
15704,30.866888888888887,124.78963888888887,9.6,216.0,2019-10-24 02:01:40,围网
15704,30.848416666666665,124.76899999999999,9.7,224.0,2019-10-24 02:11:40,围网
15704,30.830277777777766,124.74783333333336,8.6,223.0,2019-10-24 02:21:40,围网
15704,30.81219444444445,124.72672222222224,8.0,230.0,2019-10-24 02:31:40,围网
15704,30.794277777777786,124.70591666666668,8.9,220.0,2019-10-24 02:41:40,围网
15704,30.77933333333333,124.68525,3.1,223.0,2019-10-24 02:51:40,围网
15704,30.776722222222233,124.67572222222223,7.8,265.0,2019-10-24 03:01:40,围网
15704,30.77644444444445,124.66533333333336,1.9,251.0,2019-10-24 03:11:40,围网
15704,30.77697222222222,124.65686111111113,2.5,269.0,2019-10-24 03:21:40,围网
15704,30.778055555555554,124.64836111111113,2.3,278.0,2019-10-24 03:31:40,围网
15704,30.77922222222222,124.64005555555555,2.0,284.0,2019-10-24 03:41:40,围网
15704,30.78102777777778,124.632,2.0,308.0,2019-10-24 03:51:40,围网
15704,30.78383333333333,124.6237777777778,2.6,294.0,2019-10-24 04:02:07,围网
15704,30.7865,124.61636111111108,3.4,334.0,2019-10-24 04:11:40,围网
15704,30.78916666666667,124.60875,2.3,278.0,2019-10-24 04:21:40,围网
15704,30.791777777777767,124.60113888888887,4.2,286.0,2019-10-24 04:31:40,围网
15704,30.794138888888888,124.59347222222222,2.3,257.0,2019-10-24 04:41:40,围网
15704,30.79636111111111,124.58577777777776,2.5,338.0,2019-10-24 04:51:40,围网
15704,30.79875,124.57825,2.5,264.0,2019-10-24 05:01:39,围网
15704,30.801111111111112,124.5707777777778,2.8,267.0,2019-10-24 05:11:39,围网
15704,30.80386111111111,124.56355555555555,2.6,302.0,2019-10-24 05:21:39,围网
15704,30.80755555555556,124.55669444444445,3.0,288.0,2019-10-24 05:31:39,围网
15704,30.811527777777766,124.54991666666666,2.6,294.0,2019-10-24 05:41:39,围网
15704,30.815222222222232,124.54305555555555,3.0,296.0,2019-10-24 05:51:39,围网
15704,30.81872222222221,124.53625,2.8,305.0,2019-10-24 06:01:39,围网
15704,30.821666666666665,124.52936111111113,2.5,330.0,2019-10-24 06:11:39,围网
15704,30.82458333333333,124.52252777777777,3.0,268.0,2019-10-24 06:21:39,围网
15704,30.827111111111112,124.51563888888887,2.1,322.0,2019-10-24 06:31:39,围网
15704,30.829527777777766,124.509,1.4,294.0,2019-10-24 06:41:39,围网
15704,30.831944444444453,124.50266666666668,2.7,259.0,2019-10-24 06:51:39,围网
15704,30.83258333333333,124.49916666666668,2.2,75.0,2019-10-24 07:11:39,围网
15704,30.83222222222221,124.50097222222222,1.0,163.0,2019-10-24 07:22:06,围网
15704,30.83083333333333,124.50186111111113,0.6,0.0,2019-10-24 07:31:39,围网
15704,30.829,124.50211111111112,0.8,0.0,2019-10-24 07:41:39,围网
15704,30.823027777777767,124.50061111111113,3.6,162.0,2019-10-24 07:51:39,围网
15704,30.81527777777778,124.49977777777778,2.8,174.0,2019-10-24 08:01:39,围网
15704,30.80725,124.49983333333331,2.8,209.0,2019-10-24 08:11:39,围网
15704,30.797666666666668,124.50061111111113,2.9,177.0,2019-10-24 08:21:39,围网
15704,30.77658333333333,124.50016666666669,8.8,190.0,2019-10-24 08:32:07,围网
15704,30.754055555555553,124.49811111111113,8.8,175.0,2019-10-24 08:41:39,围网
15704,30.731444444444442,124.49241666666668,8.0,190.0,2019-10-24 08:51:39,围网
15704,30.709166666666665,124.4849722222222,8.5,195.0,2019-10-24 09:01:39,围网
15704,30.686694444444445,124.47716666666666,7.8,188.0,2019-10-24 09:11:38,围网
15704,30.66394444444445,124.46963888888894,7.7,180.0,2019-10-24 09:21:38,围网
15704,30.648861111111113,124.46069444444444,7.1,239.0,2019-10-24 09:31:38,围网
15704,30.64019444444445,124.44027777777778,9.1,234.0,2019-10-24 09:41:38,围网
15704,30.62686111111111,124.42047222222223,7.5,236.0,2019-10-24 09:51:38,围网
15704,30.598527777777786,124.38072222222222,7.2,225.0,2019-10-24 10:11:38,围网
15704,30.584166666666665,124.36041666666664,7.6,232.0,2019-10-24 10:21:38,围网
15704,30.569138888888887,124.34036111111112,7.7,218.0,2019-10-24 10:31:38,围网
15704,30.54511111111111,124.29797222222223,7.7,238.0,2019-10-24 10:51:38,围网
15704,30.53461111111111,124.27636111111107,7.2,257.0,2019-10-24 11:01:38,围网
15704,30.525527777777786,124.25402777777781,8.3,233.0,2019-10-24 11:11:38,围网
15704,30.518361111111112,124.2355,1.6,218.0,2019-10-24 11:21:38,围网
15704,30.509888888888888,124.23680555555555,8.8,184.0,2019-10-24 11:31:38,围网
15704,30.49933333333333,124.23830555555556,2.4,172.0,2019-10-24 11:41:38,围网
15704,30.49138888888889,124.23811111111112,2.8,184.0,2019-10-24 11:51:38,围网
15704,30.483472222222233,124.23752777777777,2.7,183.0,2019-10-24 12:01:38,围网
15704,30.475472222222226,124.23702777777778,3.5,164.0,2019-10-24 12:11:38,围网
15704,30.46747222222222,124.23641666666668,4.3,159.0,2019-10-24 12:21:38,围网
15704,30.45944444444445,124.23569444444445,3.2,204.0,2019-10-24 12:31:38,围网
15704,30.451472222222232,124.23463888888894,3.5,189.0,2019-10-24 12:41:39,围网
15704,30.44325000000001,124.23388888888887,2.3,188.0,2019-10-24 12:52:06,围网
15704,30.43569444444445,124.23366666666668,3.0,178.0,2019-10-24 13:01:38,围网
15704,30.427861111111113,124.23355555555555,2.8,195.0,2019-10-24 13:11:38,围网
15704,30.42011111111111,124.2332222222222,3.2,184.0,2019-10-24 13:21:38,围网
15704,30.4125,124.2325,2.8,190.0,2019-10-24 13:31:37,围网
15704,30.405027777777768,124.2315,2.7,203.0,2019-10-24 13:41:37,围网
15704,30.39769444444445,124.23030555555556,1.4,0.0,2019-10-24 13:51:37,围网
15704,30.39008333333333,124.22922222222223,2.4,195.0,2019-10-24 14:02:06,围网
15704,30.38336111111111,124.22913888888887,2.7,188.0,2019-10-24 14:11:37,围网
15704,30.37641666666667,124.22922222222223,2.5,182.0,2019-10-24 14:21:37,围网
15704,30.36966666666667,124.22938888888888,2.4,190.0,2019-10-24 14:31:37,围网
15704,30.363944444444453,124.22922222222223,0.9,317.0,2019-10-24 14:41:37,围网
15704,30.36716666666667,124.2270277777778,2.4,251.0,2019-10-24 14:51:37,围网
15704,30.36366666666667,124.22447222222222,1.7,192.0,2019-10-24 15:01:37,围网
15704,30.360111111111113,124.2212777777778,1.8,216.0,2019-10-24 15:11:37,围网
15704,30.356638888888888,124.21744444444445,2.4,192.0,2019-10-24 15:21:37,围网
15704,30.35391666666667,124.19333333333334,9.7,261.0,2019-10-24 15:31:37,围网
15704,30.353805555555557,124.16458333333334,8.7,264.0,2019-10-24 15:41:37,围网
15704,30.354972222222226,124.10538888888887,9.0,264.0,2019-10-24 16:02:06,围网
15704,30.355611111111113,124.07761111111112,9.2,270.0,2019-10-24 16:11:37,围网
15704,30.35613888888889,124.04858333333333,9.0,265.0,2019-10-24 16:21:37,围网
15704,30.356777777777786,124.01947222222222,10.7,256.0,2019-10-24 16:31:37,围网
15704,30.35736111111111,123.98994444444445,7.9,269.0,2019-10-24 16:41:37,围网
15704,30.35763888888889,123.96041666666666,8.5,275.0,2019-10-24 16:51:37,围网
15704,30.35822222222221,123.93152777777777,9.3,276.0,2019-10-24 17:01:37,围网
15704,30.359055555555557,123.90275,8.0,272.0,2019-10-24 17:11:36,围网
15704,30.359527777777767,123.87436111111107,7.4,263.0,2019-10-24 17:21:36,围网
15704,30.35994444444445,123.84472222222222,8.3,275.0,2019-10-24 17:32:05,围网
15704,30.360388888888888,123.81780555555555,8.9,266.0,2019-10-24 17:41:36,围网
15704,30.36108333333333,123.78936111111106,9.3,283.0,2019-10-24 17:51:36,围网
15704,30.36138888888889,123.76113888888888,8.7,276.0,2019-10-24 18:01:36,围网
15704,30.360944444444453,123.73358333333331,8.1,262.0,2019-10-24 18:11:36,围网
15704,30.35955555555556,123.70636111111112,8.4,270.0,2019-10-24 18:21:36,围网
15704,30.35913888888889,123.67869444444445,9.2,257.0,2019-10-24 18:31:36,围网
15704,30.35866666666667,123.6525,7.9,264.0,2019-10-24 18:41:36,围网
15704,30.358361111111112,123.62661111111107,8.2,259.0,2019-10-24 18:51:36,围网
15704,30.36519444444445,123.60294444444445,7.3,295.0,2019-10-24 19:01:36,围网
15704,30.37844444444445,123.58263888888888,8.4,310.0,2019-10-24 19:11:36,围网
15704,30.39275,123.56352777777781,8.4,317.0,2019-10-24 19:21:36,围网
15704,30.402527777777767,123.54963888888894,0.7,246.0,2019-10-24 19:31:35,围网
15704,30.395194444444453,123.54955555555556,2.6,177.0,2019-10-24 19:41:36,围网
15704,30.38975,123.55058333333332,1.9,149.0,2019-10-24 19:51:35,围网
15704,30.38436111111111,123.5522222222222,2.3,165.0,2019-10-24 20:02:06,围网
15704,30.37958333333333,123.55375,2.4,180.0,2019-10-24 20:11:35,围网
15704,30.374388888888888,123.55555555555556,1.7,179.0,2019-10-24 20:21:36,围网
15704,30.369111111111113,123.5572222222222,2.5,141.0,2019-10-24 20:31:35,围网
15704,30.36369444444445,123.5587777777778,2.3,184.0,2019-10-24 20:41:35,围网
15704,30.358166666666666,123.56036111111106,2.1,182.0,2019-10-24 20:51:35,围网
15704,30.352611111111113,123.56208333333332,3.0,148.0,2019-10-24 21:01:35,围网
15704,30.34683333333333,123.56386111111112,2.0,166.0,2019-10-24 21:11:35,围网
15704,30.33483333333333,123.56755555555556,2.3,168.0,2019-10-24 21:31:35,围网
15704,30.32858333333333,123.56941666666664,2.5,153.0,2019-10-24 21:41:35,围网
15704,30.322277777777767,123.57155555555555,2.5,143.0,2019-10-24 21:51:34,围网
15704,30.30941666666667,123.57566666666666,2.4,159.0,2019-10-24 22:11:34,围网
15704,30.302888888888887,123.57780555555556,2.5,170.0,2019-10-24 22:21:34,围网
15704,30.296111111111113,123.57991666666666,2.6,162.0,2019-10-24 22:31:36,围网
15704,30.288777777777767,123.58208333333332,2.6,181.0,2019-10-24 22:42:03,围网
15704,30.282,123.58438888888887,2.8,184.0,2019-10-24 22:51:34,围网
15704,30.27480555555555,123.58675,2.4,174.0,2019-10-24 23:01:34,围网
15704,30.267555555555553,123.58911111111112,2.5,169.0,2019-10-24 23:11:34,围网
15704,30.26016666666667,123.59119444444444,2.8,156.0,2019-10-24 23:21:34,围网
15704,30.25275,123.59338888888892,2.3,168.0,2019-10-24 23:31:34,围网
15704,30.245361111111112,123.59577777777777,2.9,173.0,2019-10-24 23:41:34,围网
15704,30.23772222222223,123.59794444444445,3.0,154.0,2019-10-24 23:51:34,围网
15704,30.23005555555555,123.60008333333332,3.0,164.0,2019-10-25 00:01:34,围网
15704,30.222361111111113,123.60211111111113,3.4,177.0,2019-10-25 00:11:34,围网
15704,30.214805555555554,123.60444444444445,3.2,165.0,2019-10-25 00:21:34,围网
15704,30.20719444444445,123.60663888888888,2.3,157.0,2019-10-25 00:31:34,围网
15704,30.199527777777767,123.60880555555555,3.3,156.0,2019-10-25 00:41:34,围网
15704,30.19191666666667,123.61086111111106,3.4,179.0,2019-10-25 00:51:34,围网
15704,30.184361111111112,123.61308333333332,2.9,184.0,2019-10-25 01:01:34,围网
15704,30.17688888888889,123.61525,2.4,156.0,2019-10-25 01:11:34,围网
15704,30.169555555555554,123.61755555555555,2.9,156.0,2019-10-25 01:21:34,围网
15704,30.16222222222222,123.61975,2.1,145.0,2019-10-25 01:31:34,围网
15704,30.154888888888888,123.62166666666666,2.7,177.0,2019-10-25 01:41:34,围网
15704,30.14769444444445,123.62358333333331,3.0,165.0,2019-10-25 01:51:34,围网
15704,30.14038888888889,123.62563888888887,2.9,173.0,2019-10-25 02:02:03,围网
15704,30.134,123.62752777777777,2.5,196.0,2019-10-25 02:11:33,围网
15704,30.12741666666667,123.62947222222219,4.1,200.0,2019-10-25 02:21:33,围网
15704,30.120777777777786,123.6302777777778,2.9,185.0,2019-10-25 02:31:33,围网
15704,30.122888888888887,123.62877777777777,2.0,0.0,2019-10-25 02:41:33,围网
15704,30.12102777777778,123.62716666666664,1.8,197.0,2019-10-25 02:51:33,围网
15704,30.118805555555557,123.62538888888888,1.3,213.0,2019-10-25 03:01:33,围网
15704,30.11661111111113,123.62302777777776,2.3,214.0,2019-10-25 03:11:34,围网
15704,30.11416666666667,123.62130555555555,5.1,193.0,2019-10-25 03:22:03,围网
15704,30.122527777777766,123.62161111111112,1.8,355.0,2019-10-25 03:31:33,围网
15704,30.12783333333333,123.62191666666664,1.2,358.0,2019-10-25 03:41:33,围网
15704,30.13330555555556,123.62191666666664,2.0,14.0,2019-10-25 03:51:33,围网
15704,30.139,123.62111111111106,1.3,20.0,2019-10-25 04:01:33,围网
15704,30.144972222222233,123.62019444444445,2.7,344.0,2019-10-25 04:11:33,围网
15704,30.151055555555555,123.61977777777778,2.5,333.0,2019-10-25 04:21:33,围网
15704,30.15738888888889,123.61858333333332,4.2,320.0,2019-10-25 04:31:33,围网
15704,30.16375,123.61724999999998,2.2,342.0,2019-10-25 04:41:33,围网
15704,30.170222222222232,123.61591666666666,2.9,348.0,2019-10-25 04:51:33,围网
15704,30.18330555555556,123.61413888888887,2.9,344.0,2019-10-25 05:11:33,围网
15704,30.190222222222232,123.61261111111112,2.7,339.0,2019-10-25 05:21:33,围网
15704,30.19691666666667,123.61111111111107,2.5,0.0,2019-10-25 05:31:33,围网
15704,30.20369444444445,123.60986111111107,1.8,0.0,2019-10-25 05:41:34,围网
15704,30.21058333333333,123.60861111111107,2.2,0.0,2019-10-25 05:51:34,围网
15704,30.218000000000004,123.60725,2.7,337.0,2019-10-25 06:02:05,围网
15704,30.22475,123.60611111111106,2.9,335.0,2019-10-25 06:11:32,围网
15704,30.23183333333333,123.6044722222222,3.0,334.0,2019-10-25 06:21:32,围网
15704,30.238944444444453,123.60297222222222,2.9,351.0,2019-10-25 06:31:32,围网
15704,30.246222222222233,123.6014722222222,2.5,356.0,2019-10-25 06:41:32,围网
15704,30.25330555555556,123.59961111111113,2.0,347.0,2019-10-25 06:51:32,围网
15704,30.260444444444442,123.59788888888887,2.8,333.0,2019-10-25 07:01:32,围网
15704,30.26747222222221,123.59605555555555,3.0,336.0,2019-10-25 07:11:32,围网
15704,30.274638888888887,123.59477777777781,2.3,326.0,2019-10-25 07:21:32,围网
15704,30.28169444444445,123.59375,2.8,355.0,2019-10-25 07:31:32,围网
15704,30.288694444444445,123.59266666666667,3.6,328.0,2019-10-25 07:41:32,围网
15704,30.29572222222221,123.5917777777778,3.0,326.0,2019-10-25 07:51:32,围网
15704,30.30263888888889,123.59066666666666,2.5,347.0,2019-10-25 08:01:32,围网
15704,30.309555555555555,123.59047222222222,1.8,347.0,2019-10-25 08:11:32,围网
15704,30.31636111111111,123.59030555555556,2.2,18.0,2019-10-25 08:21:32,围网
15704,30.32319444444445,123.58988888888894,2.3,1.0,2019-10-25 08:31:32,围网
15704,30.330055555555553,123.58933333333331,2.2,344.0,2019-10-25 08:41:32,围网
15704,30.32575000000001,123.58838888888887,3.6,100.0,2019-10-25 08:51:32,围网
15704,30.32575000000001,123.58822222222223,0.5,0.0,2019-10-25 09:01:32,围网
15704,30.325388888888888,123.589,0.6,105.0,2019-10-25 09:11:32,围网
15704,30.324472222222226,123.58913888888887,0.5,0.0,2019-10-25 09:21:32,围网
15704,30.318361111111113,123.59408333333332,4.3,156.0,2019-10-25 09:31:32,围网
15704,30.313972222222233,123.59897222222222,3.1,107.0,2019-10-25 09:41:32,围网
15704,30.309472222222233,123.60302777777777,3.2,109.0,2019-10-25 09:51:32,围网
15704,30.30425,123.60619444444444,2.2,164.0,2019-10-25 10:01:46,围网
15704,30.29944444444445,123.61005555555555,2.5,143.0,2019-10-25 10:11:32,围网
15704,30.294694444444453,123.61463888888888,2.2,147.0,2019-10-25 10:21:32,围网
15704,30.29000000000001,123.61961111111113,2.4,158.0,2019-10-25 10:31:31,围网
15704,30.284972222222233,123.62441666666665,2.8,97.0,2019-10-25 10:41:37,围网
15704,30.27986111111111,123.62916666666666,2.0,144.0,2019-10-25 10:51:31,围网
15704,30.274611111111113,123.63397222222223,3.4,109.0,2019-10-25 11:01:31,围网
15704,30.269222222222233,123.63872222222223,2.5,156.0,2019-10-25 11:11:31,围网
15704,30.2635,123.64291666666666,2.2,171.0,2019-10-25 11:21:31,围网
15704,30.2575,123.64675,2.4,149.0,2019-10-25 11:31:31,围网
15704,30.251472222222233,123.65052777777778,3.6,114.0,2019-10-25 11:41:31,围网
15704,30.24527777777779,123.65422222222223,3.0,135.0,2019-10-25 11:51:31,围网
15704,30.238888888888887,123.65725,3.1,154.0,2019-10-25 12:01:31,围网
15704,30.23225,123.66008333333336,2.5,152.0,2019-10-25 12:11:31,围网
15704,30.218166666666665,123.66311111111112,2.5,174.0,2019-10-25 12:31:31,围网
15704,30.21116666666667,123.66433333333336,2.8,165.0,2019-10-25 12:41:31,围网
15704,30.20425,123.66566666666668,2.5,0.0,2019-10-25 12:51:34,围网
15704,30.197277777777767,123.66683333333334,3.2,162.0,2019-10-25 13:01:31,围网
15704,30.190277777777766,123.668,2.5,165.0,2019-10-25 13:11:31,围网
15704,30.18330555555556,123.6695,3.0,150.0,2019-10-25 13:21:31,围网
15704,30.181444444444452,123.67033333333336,1.4,343.0,2019-10-25 13:31:47,围网
15704,30.18080555555556,123.67038888888894,0.8,196.0,2019-10-25 13:41:31,围网
15704,30.177555555555557,123.67069444444445,0.7,178.0,2019-10-25 13:51:31,围网
15704,30.173861111111112,123.6705277777778,1.7,182.0,2019-10-25 14:01:47,围网
15704,30.17083333333333,123.66205555555555,8.0,194.0,2019-10-25 14:11:31,围网
15704,30.146166666666666,123.67205555555556,9.7,153.0,2019-10-25 14:21:31,围网
15704,30.120472222222233,123.67744444444445,10.7,173.0,2019-10-25 14:31:31,围网
15704,30.094472222222233,123.68258333333334,9.6,172.0,2019-10-25 14:41:30,围网
15704,30.075277777777767,123.70094444444445,9.4,127.0,2019-10-25 14:51:30,围网
15704,30.058722222222233,123.72025,9.1,144.0,2019-10-25 15:01:30,围网
15704,30.041777777777767,123.73894444444444,9.2,152.0,2019-10-25 15:11:30,围网
15704,30.025222222222233,123.7577777777778,8.3,126.0,2019-10-25 15:21:30,围网
15704,30.009083333333336,123.7762777777778,7.8,126.0,2019-10-25 15:31:30,围网
15704,29.99327777777778,123.79441666666666,8.1,131.0,2019-10-25 15:41:30,围网
15704,29.97758333333333,123.81241666666666,8.0,144.0,2019-10-25 15:51:30,围网
15704,29.96183333333333,123.83016666666668,7.8,134.0,2019-10-25 16:01:30,围网
15704,29.946222222222207,123.84788888888887,8.7,143.0,2019-10-25 16:11:30,围网
15704,29.930611111111112,123.86530555555555,8.2,141.0,2019-10-25 16:21:30,围网
15704,29.915194444444445,123.88294444444445,7.7,129.0,2019-10-25 16:31:30,围网
15704,29.90008333333333,123.90058333333332,7.5,137.0,2019-10-25 16:41:30,围网
15704,29.884722222222226,123.91766666666668,8.2,140.0,2019-10-25 16:51:30,围网
15704,29.853583333333336,123.95077777777777,8.0,141.0,2019-10-25 17:11:30,围网
15704,29.837416666666666,123.96738888888888,9.4,127.0,2019-10-25 17:21:30,围网
15704,29.82108333333333,123.98588888888894,7.8,131.0,2019-10-25 17:31:47,围网
15704,29.80544444444445,124.00363888888887,8.8,145.0,2019-10-25 17:41:30,围网
15704,29.78925,124.02191666666666,7.2,138.0,2019-10-25 17:51:30,围网
15704,29.773888888888887,124.03894444444445,7.4,138.0,2019-10-25 18:01:30,围网
15704,29.75833333333333,124.05641666666666,7.9,138.0,2019-10-25 18:11:30,围网
15704,29.74308333333333,124.07361111111106,7.7,136.0,2019-10-25 18:21:30,围网
15704,29.727694444444445,124.09102777777777,8.0,139.0,2019-10-25 18:31:30,围网
15704,29.711222222222233,124.10677777777776,7.6,143.0,2019-10-25 18:41:30,围网
15704,29.69583333333333,124.12463888888887,8.3,126.0,2019-10-25 18:51:29,围网
15704,29.667277777777766,124.15661111111113,1.8,158.0,2019-10-25 19:11:29,围网
15704,29.66194444444445,124.15908333333334,7.3,152.0,2019-10-25 19:21:29,围网
15704,29.656805555555554,124.16544444444445,1.6,117.0,2019-10-25 19:31:30,围网
15704,29.654305555555553,124.17138888888893,2.2,108.0,2019-10-25 19:41:29,围网
15704,29.65172222222222,124.1775,0.8,0.0,2019-10-25 19:51:29,围网
15704,29.64919444444445,124.18391666666666,2.7,96.0,2019-10-25 20:01:46,围网
15704,29.646777777777768,124.19016666666668,2.3,110.0,2019-10-25 20:11:29,围网
15704,29.64388888888889,124.1965,2.0,151.0,2019-10-25 20:21:29,围网
15704,29.641333333333336,124.20330555555556,2.4,129.0,2019-10-25 20:31:29,围网
15704,29.63869444444445,124.21011111111113,2.4,144.0,2019-10-25 20:41:29,围网
15704,29.63561111111111,124.2167777777778,2.9,147.0,2019-10-25 20:51:29,围网
15704,29.63213888888889,124.22341666666668,2.7,108.0,2019-10-25 21:01:29,围网
15704,29.62863888888889,124.23016666666668,2.4,124.0,2019-10-25 21:11:29,围网
15704,29.625166666666665,124.23725,2.9,138.0,2019-10-25 21:21:29,围网
15704,29.62183333333333,124.2445277777778,2.4,105.0,2019-10-25 21:31:29,围网
15704,29.61872222222221,124.25158333333331,2.4,109.0,2019-10-25 21:41:29,围网
15704,29.61563888888889,124.25886111111107,3.1,140.0,2019-10-25 21:51:29,围网
15704,29.61258333333333,124.26625,2.8,128.0,2019-10-25 22:01:29,围网
15704,29.609305555555554,124.274,2.9,113.0,2019-10-25 22:11:47,围网
15704,29.606305555555558,124.28130555555555,2.3,110.0,2019-10-25 22:21:29,围网
15704,29.60361111111111,124.28911111111113,2.7,112.0,2019-10-25 22:31:29,围网
15704,29.601111111111113,124.29700000000001,2.6,112.0,2019-10-25 22:41:29,围网
15704,29.59836111111111,124.3047222222222,2.2,118.0,2019-10-25 22:51:29,围网
15704,29.596027777777767,124.31241666666666,2.7,107.0,2019-10-25 23:01:28,围网
15704,29.593888888888888,124.32005555555556,2.5,99.0,2019-10-25 23:11:28,围网
15704,29.591916666666666,124.32755555555555,1.6,0.0,2019-10-25 23:21:28,围网
15704,29.58969444444445,124.33483333333332,2.6,102.0,2019-10-25 23:31:28,围网
15704,29.58783333333333,124.34213888888887,2.6,97.0,2019-10-25 23:41:28,围网
15704,29.586055555555557,124.34941666666666,2.5,118.0,2019-10-25 23:51:28,围网
15704,29.58425,124.3564722222222,2.8,121.0,2019-10-26 00:01:28,围网
15704,29.582305555555553,124.36338888888888,2.9,126.0,2019-10-26 00:11:28,围网
15704,29.580472222222234,124.37024999999998,1.4,96.0,2019-10-26 00:21:28,围网
15704,29.578277777777767,124.37483333333331,1.7,295.0,2019-10-26 00:31:47,围网
15704,29.578555555555557,124.37033333333332,2.1,171.0,2019-10-26 00:41:28,围网
15704,29.57305555555555,124.3677222222222,4.1,204.0,2019-10-26 00:51:28,围网
15704,29.56991666666667,124.36927777777777,1.2,93.0,2019-10-26 01:01:28,围网
15704,29.570777777777767,124.36802777777777,2.7,170.0,2019-10-26 01:11:28,围网
15704,29.566666666666666,124.36822222222222,2.2,180.0,2019-10-26 01:21:28,围网
15704,29.556305555555557,124.365,9.0,190.0,2019-10-26 01:31:28,围网
15704,29.53233333333333,124.35722222222222,9.5,199.0,2019-10-26 01:41:33,围网
15704,29.507805555555557,124.34744444444445,9.4,198.0,2019-10-26 01:51:28,围网
15704,29.48236111111111,124.33647222222223,9.7,206.0,2019-10-26 02:01:46,围网
15704,29.462,124.32030555555555,8.5,215.0,2019-10-26 02:11:28,围网
15704,29.441388888888888,124.3035,9.5,206.0,2019-10-26 02:21:28,围网
15704,29.42075,124.286,8.8,216.0,2019-10-26 02:31:28,围网
15704,29.40136111111111,124.26594444444444,9.8,218.0,2019-10-26 02:41:28,围网
15704,29.381805555555548,124.24672222222223,8.1,225.0,2019-10-26 02:51:28,围网
15704,29.3625,124.22761111111113,9.6,216.0,2019-10-26 03:01:28,围网
15704,29.35033333333333,124.21769444444445,8.1,204.0,2019-10-26 03:11:27,围网
15704,29.34375,124.21230555555556,2.3,233.0,2019-10-26 03:21:27,围网
15704,29.33847222222222,124.20722222222223,2.1,207.0,2019-10-26 03:31:27,围网
15704,29.333305555555558,124.20194444444445,2.2,213.0,2019-10-26 03:41:27,围网
15704,29.328111111111113,124.19677777777778,2.4,207.0,2019-10-26 03:51:27,围网
15704,29.322916666666664,124.1917777777778,2.5,216.0,2019-10-26 04:01:27,围网
15704,29.31775,124.1867777777778,2.6,227.0,2019-10-26 04:11:27,围网
15704,29.312972222222232,124.18122222222223,2.4,215.0,2019-10-26 04:21:27,围网
15704,29.30838888888889,124.17572222222223,2.5,217.0,2019-10-26 04:31:27,围网
15704,29.30394444444445,124.17066666666668,2.4,241.0,2019-10-26 04:41:27,围网
15704,29.29958333333333,124.16566666666668,2.2,218.0,2019-10-26 04:51:27,围网
15704,29.29513888888889,124.16105555555555,2.9,190.0,2019-10-26 05:01:27,围网
15704,29.290722222222207,124.1562777777778,2.6,0.0,2019-10-26 05:11:28,围网
15704,29.28675,124.15136111111113,1.2,0.0,2019-10-26 05:21:27,围网
15704,29.282694444444445,124.14688888888894,1.8,0.0,2019-10-26 05:31:28,围网
15704,29.278916666666664,124.14263888888892,1.0,0.0,2019-10-26 05:41:28,围网
15704,29.27508333333333,124.13872222222223,0.9,0.0,2019-10-26 05:51:29,围网
15704,29.27111111111111,124.13411111111112,2.0,230.0,2019-10-26 06:01:46,围网
15704,29.267277777777768,124.13008333333332,2.0,208.0,2019-10-26 06:11:27,围网
15704,29.264944444444453,124.12366666666668,2.0,240.0,2019-10-26 06:21:27,围网
15704,29.264555555555553,124.11663888888887,2.1,265.0,2019-10-26 06:31:27,围网
15704,29.26594444444445,124.10930555555555,2.3,282.0,2019-10-26 06:41:27,围网
15704,29.2695,124.10238888888887,2.6,314.0,2019-10-26 06:51:27,围网
15704,29.27325,124.096,3.1,314.0,2019-10-26 07:01:27,围网
15704,29.27738888888889,124.09011111111107,2.4,327.0,2019-10-26 07:11:27,围网
15704,29.282305555555553,124.08477777777777,2.5,312.0,2019-10-26 07:21:26,围网
15704,29.28700000000001,124.07961111111106,2.1,325.0,2019-10-26 07:31:26,围网
15704,29.291611111111113,124.07469444444445,2.2,316.0,2019-10-26 07:41:26,围网
15704,29.292,124.07902777777777,2.8,80.0,2019-10-26 07:51:26,围网
15704,29.291083333333336,124.08263888888888,2.0,29.0,2019-10-26 08:01:26,围网
15704,29.29194444444445,124.08313888888887,0.6,53.0,2019-10-26 08:11:26,围网
15704,29.29241666666667,124.08377777777778,0.8,26.0,2019-10-26 08:21:29,围网
15704,29.29227777777778,124.07730555555555,7.5,263.0,2019-10-26 08:31:26,围网
15704,29.292361111111113,124.05327777777778,7.2,275.0,2019-10-26 08:41:26,围网
15704,29.29269444444445,124.03552777777777,0.8,0.0,2019-10-26 08:51:26,围网
15704,29.29258333333333,124.01391666666666,7.9,277.0,2019-10-26 09:01:26,围网
15704,29.292805555555557,123.9895,6.5,279.0,2019-10-26 09:11:26,围网
15704,29.293194444444445,123.96319444444444,7.8,273.0,2019-10-26 09:22:05,围网
15704,29.29375,123.94,7.8,269.0,2019-10-26 09:31:25,围网
15704,29.293555555555557,123.91513888888888,7.9,264.0,2019-10-26 09:41:26,围网
15704,29.291694444444445,123.90794444444445,6.3,180.0,2019-10-26 09:51:26,围网
15704,29.27588888888889,123.90769444444445,1.9,196.0,2019-10-26 10:11:26,围网
15704,29.26988888888889,123.90786111111113,2.0,200.0,2019-10-26 10:21:26,围网
15704,29.26372222222221,123.90777777777778,2.3,184.0,2019-10-26 10:31:26,围网
15704,29.25719444444445,123.90780555555556,2.1,184.0,2019-10-26 10:41:47,围网
15704,29.25105555555556,123.90780555555556,2.7,171.0,2019-10-26 10:51:26,围网
15704,29.244611111111112,123.90780555555556,2.3,172.0,2019-10-26 11:01:25,围网
15704,29.238055555555558,123.90761111111112,2.4,197.0,2019-10-26 11:11:26,围网
15704,29.231444444444442,123.90752777777777,2.6,170.0,2019-10-26 11:21:25,围网
15704,29.224694444444445,123.90755555555555,2.0,172.0,2019-10-26 11:31:25,围网
15704,29.21080555555556,123.90727777777781,2.7,166.0,2019-10-26 11:51:26,围网
15704,29.203861111111113,123.90702777777778,4.2,142.0,2019-10-26 12:01:25,围网
15704,29.19661111111111,123.90688888888887,2.7,168.0,2019-10-26 12:11:47,围网
15704,29.18986111111111,123.90663888888888,3.0,214.0,2019-10-26 12:21:25,围网
15704,29.18283333333333,123.90625,3.1,188.0,2019-10-26 12:31:25,围网
15704,29.175750000000004,123.90594444444444,2.8,195.0,2019-10-26 12:41:25,围网
15704,29.16875,123.90555555555555,3.0,176.0,2019-10-26 12:51:27,围网
15704,29.161416666666664,123.9055,3.0,165.0,2019-10-26 13:01:30,围网
15704,29.15433333333333,123.90536111111112,3.5,171.0,2019-10-26 13:11:25,围网
15704,29.147222222222233,123.90530555555556,2.9,165.0,2019-10-26 13:21:25,围网
15704,29.14022222222223,123.90519444444445,2.8,163.0,2019-10-26 13:31:25,围网
15704,29.13330555555556,123.905,3.0,189.0,2019-10-26 13:41:25,围网
15704,29.126472222222233,123.90494444444445,3.5,131.0,2019-10-26 13:51:26,围网
15704,29.11983333333333,123.90497222222223,3.9,129.0,2019-10-26 14:01:27,围网
15704,29.113166666666668,123.90522222222219,2.6,194.0,2019-10-26 14:11:27,围网
15704,29.106638888888888,123.90516666666667,2.9,133.0,2019-10-26 14:21:28,围网
15704,29.10013888888889,123.90505555555555,2.2,0.0,2019-10-26 14:31:29,围网
15704,29.094305555555554,123.90563888888893,0.9,0.0,2019-10-26 14:41:29,围网
15704,29.09794444444444,123.90405555555556,1.1,0.0,2019-10-26 14:51:29,围网
15704,29.094444444444445,123.90169444444444,0.5,0.0,2019-10-26 15:01:27,围网
15704,29.09111111111111,123.899,3.3,0.0,2019-10-26 15:11:25,围网
15704,29.097027777777768,123.89133333333334,4.6,339.0,2019-10-26 15:31:24,围网
15704,29.11047222222223,123.88555555555556,4.8,333.0,2019-10-26 15:41:24,围网
15704,29.113194444444453,123.88086111111107,3.0,318.0,2019-10-26 15:51:23,围网
15704,29.12308333333333,123.87630555555555,3.2,319.0,2019-10-26 16:01:23,围网
15704,29.127194444444445,123.86991666666668,2.3,10.0,2019-10-26 16:11:23,围网
15704,29.1315,123.86405555555555,0.7,0.0,2019-10-26 16:21:23,围网
15704,29.135805555555557,123.85786111111106,2.7,340.0,2019-10-26 16:31:23,围网
15704,29.141305555555558,123.85277777777776,2.1,323.0,2019-10-26 16:41:23,围网
15704,29.145777777777766,123.84624999999998,1.5,319.0,2019-10-26 16:51:23,围网
15704,29.149555555555555,123.83916666666666,0.8,0.0,2019-10-26 17:01:23,围网
15704,29.15347222222222,123.83211111111113,1.7,0.0,2019-10-26 17:11:24,围网
15704,29.157916666666665,123.8250277777778,3.1,328.0,2019-10-26 17:21:46,围网
15704,29.161638888888888,123.81819444444444,2.8,309.0,2019-10-26 17:31:23,围网
15704,29.165777777777766,123.81111111111107,2.9,300.0,2019-10-26 17:41:23,围网
15704,29.17019444444445,123.80425,3.0,307.0,2019-10-26 17:51:23,围网
15704,29.17444444444445,123.79708333333332,2.1,280.0,2019-10-26 18:01:46,围网
15704,29.17866666666667,123.79080555555555,2.4,314.0,2019-10-26 18:11:23,围网
15704,29.183611111111112,123.78458333333332,2.9,298.0,2019-10-26 18:21:23,围网
15704,29.187722222222234,123.77799999999999,2.4,302.0,2019-10-26 18:31:23,围网
15704,29.19211111111111,123.77175,2.4,310.0,2019-10-26 18:41:23,围网
15704,29.196222222222207,123.7655277777778,2.7,324.0,2019-10-26 18:51:23,围网
15704,29.20075,123.75975,2.3,323.0,2019-10-26 19:01:23,围网
15704,29.20558333333333,123.75425,2.9,284.0,2019-10-26 19:11:23,围网
15704,29.210527777777767,123.74908333333332,2.2,316.0,2019-10-26 19:21:23,围网
15704,29.21236111111111,123.74925,3.5,128.0,2019-10-26 19:31:23,围网
15704,29.21188888888889,123.74891666666666,1.6,70.0,2019-10-26 19:41:23,围网
15704,29.211388888888887,123.74783333333336,1.5,299.0,2019-10-26 19:51:23,围网
15704,29.210666666666665,123.74622222222222,0.4,224.0,2019-10-26 20:01:46,围网
15704,29.20983333333333,123.74458333333332,3.1,206.0,2019-10-26 20:11:22,围网
15704,29.228,123.74758333333334,6.9,7.0,2019-10-26 20:21:22,围网
15704,29.248583333333336,123.7525,8.0,10.0,2019-10-26 20:31:22,围网
15704,29.268777777777768,123.75738888888893,6.9,14.0,2019-10-26 20:41:22,围网
15704,29.28961111111111,123.76261111111113,7.8,19.0,2019-10-26 20:51:22,围网
15704,29.31083333333333,123.76491666666666,7.9,4.0,2019-10-26 21:01:22,围网
15704,29.33183333333333,123.76566666666666,8.1,4.0,2019-10-26 21:11:22,围网
15704,29.35355555555556,123.76577777777777,7.6,6.0,2019-10-26 21:21:22,围网
15704,29.37488888888889,123.7662777777778,7.8,3.0,2019-10-26 21:31:22,围网
15704,29.39622222222221,123.76641666666666,7.8,346.0,2019-10-26 21:41:22,围网
15704,29.41769444444445,123.76675,7.8,1.0,2019-10-26 21:51:22,围网
15704,29.439027777777767,123.76633333333334,7.7,6.0,2019-10-26 22:01:22,围网
15704,29.46044444444444,123.76658333333332,7.9,2.0,2019-10-26 22:11:46,围网
15704,29.480666666666664,123.76602777777778,7.3,3.0,2019-10-26 22:21:22,围网
15704,29.501666666666665,123.76547222222223,7.5,355.0,2019-10-26 22:31:22,围网
15704,29.52233333333333,123.765,7.6,354.0,2019-10-26 22:41:22,围网
15704,29.54275,123.76547222222223,8.0,9.0,2019-10-26 22:51:22,围网
15704,29.562972222222232,123.76616666666668,7.1,0.0,2019-10-26 23:01:22,围网
15704,29.58316666666667,123.76636111111112,7.4,1.0,2019-10-26 23:11:22,围网
15704,29.6035,123.76875,7.3,358.0,2019-10-26 23:21:22,围网
15704,29.62355555555556,123.76858333333332,6.3,355.0,2019-10-26 23:31:22,围网
15704,29.643166666666666,123.76866666666668,7.1,3.0,2019-10-26 23:41:22,围网
15704,29.66247222222221,123.77158333333334,6.4,347.0,2019-10-26 23:51:22,围网
15704,29.68166666666667,123.77138888888894,5.4,0.0,2019-10-27 00:01:22,围网
15704,29.700527777777786,123.77308333333332,7.0,17.0,2019-10-27 00:11:21,围网
15704,29.718555555555554,123.78361111111113,6.3,31.0,2019-10-27 00:21:21,围网
15704,29.734861111111112,123.78638888888894,6.0,348.0,2019-10-27 00:31:21,围网
15704,29.74552777777778,123.78202777777778,3.0,346.0,2019-10-27 00:41:22,围网
15704,29.746222222222233,123.78069444444445,3.3,159.0,2019-10-27 00:51:21,围网
15704,29.744194444444453,123.78636111111106,4.3,107.0,2019-10-27 01:01:21,围网
15704,29.7425,123.78916666666666,3.0,168.0,2019-10-27 01:11:21,围网
15704,29.738194444444453,123.78994444444444,1.9,175.0,2019-10-27 01:21:22,围网
15704,29.733583333333332,123.79066666666668,1.0,176.0,2019-10-27 01:31:46,围网
15704,29.72933333333333,123.79091666666666,1.2,175.0,2019-10-27 01:41:21,围网
15704,29.72483333333333,123.79088888888887,2.1,181.0,2019-10-27 01:51:21,围网
15704,29.72013888888889,123.79111111111106,3.2,176.0,2019-10-27 02:01:21,围网
15704,29.71563888888889,123.79130555555555,2.4,173.0,2019-10-27 02:11:21,围网
15704,29.71669444444445,123.79125,5.0,62.0,2019-10-27 02:21:22,围网
15704,29.722555555555548,123.80233333333332,3.7,63.0,2019-10-27 02:31:24,围网
15704,29.72819444444444,123.81416666666668,0.2,0.0,2019-10-27 02:41:21,围网
15704,29.72586111111111,123.81308333333332,3.9,275.0,2019-10-27 02:51:21,围网
15704,29.73466666666667,123.81255555555555,1.6,270.0,2019-10-27 03:01:22,围网
15704,29.7385,123.80955555555555,1.3,0.0,2019-10-27 03:11:25,围网
15704,29.74225,123.80569444444444,1.1,304.0,2019-10-27 03:21:46,围网
15704,29.74594444444445,123.80186111111112,2.1,304.0,2019-10-27 03:31:21,围网
15704,29.75019444444445,123.79780555555556,1.9,323.0,2019-10-27 03:41:21,围网
15704,29.7545,123.79355555555556,1.9,321.0,2019-10-27 03:51:21,围网
15704,29.75922222222221,123.78961111111113,1.5,317.0,2019-10-27 04:01:21,围网
15704,29.764083333333332,123.78552777777777,2.3,307.0,2019-10-27 04:11:21,围网
15704,29.76897222222221,123.7812777777778,2.3,323.0,2019-10-27 04:21:20,围网
15704,29.774,123.77677777777778,1.7,318.0,2019-10-27 04:31:20,围网
15704,29.779166666666665,123.77202777777778,2.8,309.0,2019-10-27 04:41:20,围网
15704,29.78463888888889,123.7672777777778,3.1,315.0,2019-10-27 04:51:20,围网
15704,29.790138888888887,123.7625,2.4,327.0,2019-10-27 05:01:20,围网
15704,29.795805555555557,123.75794444444445,1.5,328.0,2019-10-27 05:11:20,围网
15704,29.80177777777777,123.75338888888888,2.1,332.0,2019-10-27 05:21:20,围网
15704,29.807944444444445,123.74902777777777,3.0,326.0,2019-10-27 05:31:20,围网
15704,29.8145,123.74488888888894,3.9,317.0,2019-10-27 05:41:22,围网
15704,29.82108333333333,123.74036111111113,3.1,313.0,2019-10-27 05:51:20,围网
15704,29.82808333333333,123.73611111111113,2.4,335.0,2019-10-27 06:02:04,围网
15704,29.834166666666665,123.73238888888888,3.4,334.0,2019-10-27 06:11:20,围网
15704,29.840999999999998,123.72841666666667,3.3,327.0,2019-10-27 06:21:20,围网
15704,29.847972222222207,123.72419444444445,2.7,335.0,2019-10-27 06:31:20,围网
15704,29.854972222222226,123.71963888888894,2.7,337.0,2019-10-27 06:41:20,围网
15704,29.86194444444445,123.71505555555555,3.1,345.0,2019-10-27 06:51:20,围网
15704,29.869194444444453,123.71069444444444,2.9,324.0,2019-10-27 07:01:20,围网
15704,29.876555555555555,123.70677777777777,2.8,298.0,2019-10-27 07:11:20,围网
15704,29.88397222222222,123.703,2.2,332.0,2019-10-27 07:21:23,围网
15704,29.891333333333336,123.69969444444445,3.7,325.0,2019-10-27 07:31:20,围网
15704,29.898861111111113,123.69672222222223,2.8,341.0,2019-10-27 07:41:20,围网
15704,29.90647222222222,123.69383333333332,3.0,339.0,2019-10-27 07:51:20,围网
15704,29.914,123.69083333333332,2.8,352.0,2019-10-27 08:01:20,围网
15704,29.921805555555554,123.68880555555555,3.1,353.0,2019-10-27 08:11:20,围网
15704,29.92969444444445,123.68744444444445,2.7,357.0,2019-10-27 08:21:20,围网
15704,29.937527777777767,123.68619444444445,3.1,347.0,2019-10-27 08:31:19,围网
15704,29.945277777777786,123.68480555555556,2.8,343.0,2019-10-27 08:41:19,围网
15704,29.952916666666663,123.68308333333331,2.9,352.0,2019-10-27 08:51:19,围网
15704,29.960555555555555,123.68169444444445,3.0,351.0,2019-10-27 09:01:19,围网
15704,29.964305555555555,123.68294444444444,3.4,103.0,2019-10-27 09:11:19,围网
15704,29.96216666666667,123.68641666666667,2.2,154.0,2019-10-27 09:21:19,围网
15704,29.963694444444442,123.68752777777777,1.4,138.0,2019-10-27 09:31:19,围网
15704,29.965472222222232,123.68869444444445,0.8,66.0,2019-10-27 09:41:19,围网
15704,29.965666666666664,123.68525,5.0,276.0,2019-10-27 09:51:19,围网
15704,29.959111111111113,123.67686111111112,1.7,201.0,2019-10-27 10:01:45,围网
15704,29.95519444444445,123.67577777777778,1.8,174.0,2019-10-27 10:11:19,围网
15704,29.95063888888889,123.67583333333334,1.5,164.0,2019-10-27 10:21:19,围网
15704,29.945999999999998,123.67619444444445,1.9,173.0,2019-10-27 10:31:19,围网
15704,29.94116666666667,123.67686111111112,1.7,168.0,2019-10-27 10:41:18,围网
15704,29.936166666666665,123.6777777777778,1.9,166.0,2019-10-27 10:51:19,围网
15704,29.931027777777786,123.6790277777778,2.5,155.0,2019-10-27 11:01:19,围网
15704,29.925694444444453,123.68080555555555,2.0,171.0,2019-10-27 11:11:19,围网
15704,29.92025000000001,123.68333333333334,2.0,160.0,2019-10-27 11:21:19,围网
15704,29.91472222222221,123.68633333333334,2.0,145.0,2019-10-27 11:31:19,围网
15704,29.909111111111113,123.68933333333334,2.5,157.0,2019-10-27 11:41:19,围网
15704,29.903277777777767,123.6924722222222,2.4,161.0,2019-10-27 11:51:19,围网
15704,29.89733333333333,123.69575,2.3,161.0,2019-10-27 12:01:19,围网
15704,29.891333333333336,123.69888888888887,2.4,161.0,2019-10-27 12:11:19,围网
15704,29.885388888888887,123.70238888888888,2.3,156.0,2019-10-27 12:21:19,围网
15704,29.87925,123.70591666666668,3.3,135.0,2019-10-27 12:31:19,围网
15704,29.87311111111111,123.71019444444444,2.6,148.0,2019-10-27 12:41:18,围网
15704,29.86683333333333,123.71444444444445,2.3,134.0,2019-10-27 12:51:18,围网
15704,29.86044444444445,123.71886111111112,2.9,144.0,2019-10-27 13:01:18,围网
15704,29.853777777777786,123.72252777777777,3.4,154.0,2019-10-27 13:11:18,围网
15704,29.846611111111113,123.72627777777778,2.5,171.0,2019-10-27 13:21:46,围网
15704,29.839861111111112,123.7294722222222,2.9,153.0,2019-10-27 13:31:18,围网
15704,29.833388888888887,123.73388888888887,1.4,0.0,2019-10-27 13:41:22,围网
15704,29.826611111111113,123.73836111111108,2.1,0.0,2019-10-27 13:51:18,围网
15704,29.81983333333333,123.74269444444445,2.5,147.0,2019-10-27 14:01:46,围网
15704,29.813666666666666,123.74661111111112,2.7,157.0,2019-10-27 14:11:18,围网
15704,29.80725,123.75075,3.0,139.0,2019-10-27 14:21:18,围网
15704,29.80102777777779,123.7549722222222,2.7,151.0,2019-10-27 14:31:18,围网
15704,29.795,123.75919444444445,3.1,165.0,2019-10-27 14:41:18,围网
15704,29.789,123.76336111111112,3.0,160.0,2019-10-27 14:51:18,围网
15704,29.783,123.76733333333333,3.0,152.0,2019-10-27 15:01:18,围网
15704,29.777444444444445,123.77161111111113,2.3,157.0,2019-10-27 15:11:18,围网
15704,29.772222222222233,123.77594444444445,2.1,130.0,2019-10-27 15:21:18,围网
15704,29.76972222222221,123.77763888888887,1.0,0.0,2019-10-27 15:31:18,围网
15704,29.770611111111112,123.77469444444445,3.5,203.0,2019-10-27 15:41:45,围网
15704,29.76813888888889,123.77336111111107,0.7,208.0,2019-10-27 15:51:18,围网
15704,29.765555555555554,123.77163888888887,0.9,202.0,2019-10-27 16:01:18,围网
15704,29.768,123.77016666666668,3.7,343.0,2019-10-27 16:11:18,围网
15704,29.77630555555556,123.7695,3.0,16.0,2019-10-27 16:21:18,围网
15704,29.782138888888888,123.7665,2.1,339.0,2019-10-27 16:31:18,围网
15704,29.787472222222235,123.76205555555555,2.4,329.0,2019-10-27 16:41:18,围网
15704,29.79300000000001,123.75763888888888,2.6,327.0,2019-10-27 16:51:17,围网
15704,29.79875,123.75319444444445,1.8,338.0,2019-10-27 17:01:17,围网
15704,29.804944444444452,123.74944444444445,2.2,330.0,2019-10-27 17:11:17,围网
15704,29.81125,123.7452222222222,2.5,318.0,2019-10-27 17:21:17,围网
15704,29.81744444444445,123.74052777777777,2.3,346.0,2019-10-27 17:31:17,围网
15704,29.823916666666666,123.73616666666668,2.9,324.0,2019-10-27 17:41:17,围网
15704,29.83058333333333,123.73236111111108,2.9,336.0,2019-10-27 17:51:17,围网
15704,29.837805555555555,123.72780555555555,2.8,343.0,2019-10-27 18:01:45,围网
15704,29.8445,123.72386111111106,2.4,331.0,2019-10-27 18:11:17,围网
15704,29.85147222222223,123.71944444444445,2.9,340.0,2019-10-27 18:21:17,围网
15704,29.858638888888887,123.71513888888887,2.8,322.0,2019-10-27 18:31:17,围网
15704,29.86577777777779,123.71069444444444,3.4,330.0,2019-10-27 18:41:17,围网
15704,29.87322222222221,123.70683333333334,3.2,336.0,2019-10-27 18:51:17,围网
15704,29.88083333333333,123.70325,2.8,350.0,2019-10-27 19:01:17,围网
15704,29.888666666666666,123.70008333333334,2.9,344.0,2019-10-27 19:11:17,围网
15704,29.89672222222222,123.69716666666667,3.3,338.0,2019-10-27 19:21:17,围网
15704,29.904527777777766,123.69411111111113,2.9,329.0,2019-10-27 19:31:17,围网
15704,29.91261111111111,123.69147222222223,3.6,8.0,2019-10-27 19:41:17,围网
15704,29.920805555555557,123.68902777777778,2.8,301.0,2019-10-27 19:51:17,围网
15704,29.92880555555556,123.68647222222224,2.9,344.0,2019-10-27 20:01:17,围网
15704,29.93691666666667,123.68477777777778,3.2,2.0,2019-10-27 20:11:17,围网
15704,29.944888888888887,123.68316666666666,2.8,357.0,2019-10-27 20:21:17,围网
15704,29.95288888888889,123.68188888888888,2.9,16.0,2019-10-27 20:31:17,围网
15704,29.960777777777786,123.68044444444445,2.7,7.0,2019-10-27 20:41:17,围网
15704,29.968805555555555,123.67997222222222,3.1,22.0,2019-10-27 20:51:17,围网
15704,29.97725,123.68005555555555,1.6,356.0,2019-10-27 21:01:45,围网
15704,29.98475,123.68025,3.2,350.0,2019-10-27 21:11:16,围网
15704,29.992611111111113,123.68061111111112,3.1,5.0,2019-10-27 21:21:16,围网
15704,30.0005,123.68052777777778,2.7,357.0,2019-10-27 21:31:16,围网
15704,30.00819444444444,123.68052777777778,2.4,353.0,2019-10-27 21:41:16,围网
15704,30.01580555555556,123.68055555555556,2.8,357.0,2019-10-27 21:51:16,围网
15704,30.017611111111112,123.68230555555556,2.5,193.0,2019-10-27 22:01:17,围网
15704,30.017972222222234,123.68508333333334,2.6,139.0,2019-10-27 22:11:41,围网
15704,30.01919444444445,123.68566666666666,0.4,297.0,2019-10-27 22:21:16,围网
15704,30.021,123.6870277777778,1.3,45.0,2019-10-27 22:31:16,围网
15704,30.022472222222234,123.68830555555556,1.1,41.0,2019-10-27 22:41:16,围网
15704,30.024,123.6895,0.9,47.0,2019-10-27 22:51:16,围网
15704,30.025277777777767,123.69094444444444,1.4,37.0,2019-10-27 23:01:16,围网
15704,30.02622222222222,123.69252777777778,0.4,0.0,2019-10-27 23:11:16,围网
15704,30.02675,123.69425,0.5,0.0,2019-10-27 23:21:16,围网
15704,30.02577777777779,123.69280555555555,3.8,237.0,2019-10-27 23:31:16,围网
15704,30.02044444444445,123.68669444444444,0.3,0.0,2019-10-27 23:41:16,围网
15704,30.01813888888889,123.68833333333332,0.3,0.0,2019-10-27 23:51:16,围网
15704,30.016361111111113,123.69066666666667,2.3,181.0,2019-10-28 00:01:16,围网
15704,30.015888888888888,123.69094444444444,1.1,235.0,2019-10-28 00:11:16,围网
15704,30.013527777777767,123.69286111111113,1.1,149.0,2019-10-28 00:21:16,围网
15704,30.006888888888888,123.69369444444445,8.6,119.0,2019-10-28 00:31:16,围网
15704,30.00333333333333,123.72502777777778,9.9,98.0,2019-10-28 00:41:16,围网
15704,29.99975,123.75655555555555,9.7,93.0,2019-10-28 00:51:16,围网
15704,29.99661111111111,123.78838888888887,10.4,97.0,2019-10-28 01:01:16,围网
15704,29.9925,123.82213888888887,10.2,101.0,2019-10-28 01:11:44,围网
15704,29.99019444444445,123.85277777777776,10.1,93.0,2019-10-28 01:21:15,围网
15704,29.98691666666667,123.88380555555555,9.1,96.0,2019-10-28 01:31:15,围网
15704,29.985888888888887,123.9135,9.1,90.0,2019-10-28 01:41:15,围网
15704,29.98566666666667,123.94286111111113,9.2,86.0,2019-10-28 01:51:15,围网
15704,29.984055555555553,123.97205555555556,9.4,100.0,2019-10-28 02:01:15,围网
15704,29.980583333333332,124.00130555555555,9.5,99.0,2019-10-28 02:11:15,围网
15704,29.97736111111111,124.03108333333331,9.6,98.0,2019-10-28 02:21:15,围网
15704,29.97525,124.05941666666666,8.3,93.0,2019-10-28 02:31:15,围网
15704,29.973166666666664,124.08641666666666,8.1,93.0,2019-10-28 02:41:15,围网
15704,29.97147222222221,124.11272222222222,8.8,96.0,2019-10-28 02:51:15,围网
15704,29.96694444444445,124.16480555555556,8.6,94.0,2019-10-28 03:11:15,围网
15704,29.965027777777767,124.19016666666668,8.7,100.0,2019-10-28 03:21:15,围网
15704,29.962722222222233,124.2152222222222,8.7,100.0,2019-10-28 03:31:15,围网
15704,29.96080555555556,124.23986111111113,7.8,95.0,2019-10-28 03:41:15,围网
15704,29.95877777777777,124.26402777777777,8.7,105.0,2019-10-28 03:51:15,围网
15704,29.95705555555555,124.28894444444445,7.8,93.0,2019-10-28 04:01:43,围网
15704,29.955222222222233,124.31161111111106,7.5,91.0,2019-10-28 04:11:15,围网
15704,29.953416666666666,124.33513888888888,7.3,95.0,2019-10-28 04:21:15,围网
15704,29.95144444444445,124.35830555555556,7.2,101.0,2019-10-28 04:31:15,围网
15704,29.949777777777786,124.38063888888887,7.1,96.0,2019-10-28 04:41:15,围网
15704,29.94825,124.40275,7.0,97.0,2019-10-28 04:51:15,围网
15704,29.946361111111113,124.42483333333334,7.2,93.0,2019-10-28 05:01:15,围网
15704,29.94325000000001,124.44675,7.4,103.0,2019-10-28 05:11:14,围网
15704,29.94400000000001,124.46833333333332,7.0,94.0,2019-10-28 05:21:15,围网
15704,29.944055555555554,124.48975,7.0,86.0,2019-10-28 05:31:14,围网
15704,29.94372222222221,124.51122222222222,7.3,90.0,2019-10-28 05:41:14,围网
15704,29.94275,124.5337777777778,6.7,92.0,2019-10-28 05:51:43,围网
15704,29.941777777777766,124.55408333333334,6.7,93.0,2019-10-28 06:01:14,围网
15704,29.94044444444444,124.57477777777778,5.7,94.0,2019-10-28 06:11:14,围网
15704,29.93947222222221,124.59325,6.1,88.0,2019-10-28 06:21:14,围网
15704,29.93847222222222,124.61127777777777,5.6,92.0,2019-10-28 06:31:14,围网
15704,29.93786111111111,124.62955555555556,5.8,88.0,2019-10-28 06:41:14,围网
15704,29.937666666666665,124.64805555555556,5.8,94.0,2019-10-28 06:51:14,围网
15704,29.93775,124.66677777777778,6.1,86.0,2019-10-28 07:01:14,围网
15704,29.937527777777767,124.68575,6.0,102.0,2019-10-28 07:11:14,围网
15704,29.937277777777766,124.70502777777777,6.4,82.0,2019-10-28 07:21:14,围网
15704,29.93716666666667,124.72441666666666,6.3,89.0,2019-10-28 07:31:14,围网
15704,29.93572222222221,124.73102777777778,3.4,132.0,2019-10-28 07:41:13,围网
15704,29.92663888888889,124.7312777777778,4.1,191.0,2019-10-28 07:51:16,围网
15704,29.915138888888887,124.72963888888887,3.9,187.0,2019-10-28 08:02:09,围网
15704,29.9055,124.72816666666668,3.7,179.0,2019-10-28 08:11:14,围网
15704,29.897277777777767,124.72622222222222,0.4,0.0,2019-10-28 08:21:14,围网
15704,29.898694444444452,124.72338888888888,1.1,307.0,2019-10-28 08:31:14,围网
15704,29.900916666666664,124.72069444444445,1.1,325.0,2019-10-28 08:41:14,围网
15704,29.90322222222222,124.7182222222222,1.0,344.0,2019-10-28 08:51:14,围网
15704,29.905472222222233,124.71602777777778,1.1,314.0,2019-10-28 09:01:14,围网
15704,29.907055555555548,124.71458333333334,5.1,104.0,2019-10-28 09:11:13,围网
15704,29.91069444444444,124.71427777777778,1.1,1.0,2019-10-28 09:21:13,围网
15704,29.91308333333333,124.71477777777778,2.2,11.0,2019-10-28 09:31:13,围网
15704,29.915722222222207,124.71575,1.9,12.0,2019-10-28 09:41:13,围网
15704,29.9185,124.71705555555555,1.0,35.0,2019-10-28 09:51:13,围网
15704,29.921194444444453,124.71844444444444,0.8,30.0,2019-10-28 10:01:13,围网
15704,29.92377777777777,124.72019444444445,1.1,25.0,2019-10-28 10:11:13,围网
15704,29.92597222222221,124.72219444444444,1.0,52.0,2019-10-28 10:21:13,围网
15704,29.928027777777785,124.72458333333331,1.5,38.0,2019-10-28 10:31:41,围网
15704,29.9295,124.72677777777778,2.8,19.0,2019-10-28 10:41:12,围网
15704,29.92777777777778,124.7312777777778,8.5,145.0,2019-10-28 10:51:12,围网
15704,29.921055555555558,124.7365,2.4,129.0,2019-10-28 11:01:12,围网
15704,29.91686111111111,124.74277777777776,2.6,126.0,2019-10-28 11:11:12,围网
15704,29.91236111111111,124.74916666666668,2.8,128.0,2019-10-28 11:21:12,围网
15704,29.907555555555554,124.75561111111112,3.2,118.0,2019-10-28 11:31:12,围网
15704,29.90286111111111,124.76255555555555,3.1,121.0,2019-10-28 11:41:12,围网
15704,29.89783333333333,124.76969444444444,3.0,131.0,2019-10-28 11:51:12,围网
15704,29.892777777777766,124.77594444444445,4.7,111.0,2019-10-28 12:01:14,围网
15704,29.887611111111113,124.78308333333332,2.8,126.0,2019-10-28 12:11:13,围网
15704,29.882222222222207,124.79036111111112,4.4,114.0,2019-10-28 12:21:12,围网
15704,29.87675,124.79766666666669,3.4,134.0,2019-10-28 12:31:12,围网
15704,29.871666666666666,124.80563888888894,4.3,126.0,2019-10-28 12:41:12,围网
15704,29.866861111111113,124.81361111111113,3.6,120.0,2019-10-28 12:51:12,围网
15704,29.86197222222223,124.82144444444445,3.3,119.0,2019-10-28 13:01:12,围网
15704,29.856972222222232,124.82925,3.2,120.0,2019-10-28 13:11:12,围网
15704,29.852611111111113,124.83775,3.1,119.0,2019-10-28 13:21:41,围网
15704,29.848666666666666,124.84530555555556,2.7,122.0,2019-10-28 13:31:12,围网
15704,29.84458333333333,124.85313888888888,2.6,117.0,2019-10-28 13:41:12,围网
15704,29.841361111111112,124.86113888888887,2.5,116.0,2019-10-28 13:51:11,围网
15704,29.838166666666666,124.86905555555555,2.8,126.0,2019-10-28 14:01:11,围网
15704,29.83483333333333,124.87666666666668,2.8,103.0,2019-10-28 14:11:11,围网
15704,29.831111111111113,124.88402777777776,2.8,113.0,2019-10-28 14:21:11,围网
15704,29.827305555555554,124.89119444444445,2.5,114.0,2019-10-28 14:31:11,围网
15704,29.823916666666666,124.89819444444444,2.5,106.0,2019-10-28 14:41:11,围网
15704,29.820611111111113,124.90522222222219,4.8,105.0,2019-10-28 14:51:11,围网
15704,29.817555555555554,124.91213888888888,4.0,112.0,2019-10-28 15:01:11,围网
15704,29.81419444444445,124.91852777777778,2.8,123.0,2019-10-28 15:11:11,围网
15704,29.8115,124.92119444444445,2.2,286.0,2019-10-28 15:31:11,围网
15704,29.807388888888887,124.92055555555555,1.1,192.0,2019-10-28 15:41:11,围网
15704,29.80397222222221,124.91947222222224,1.9,204.0,2019-10-28 15:51:11,围网
15704,29.79894444444445,124.91869444444444,8.3,102.0,2019-10-28 16:01:11,围网
15704,29.792638888888888,124.94233333333334,2.3,29.0,2019-10-28 16:11:11,围网
15704,29.79733333333333,124.93416666666668,2.0,291.0,2019-10-28 16:21:11,围网
15704,29.800611111111113,124.92711111111113,1.8,317.0,2019-10-28 16:31:11,围网
15704,29.80402777777777,124.92005555555555,2.5,292.0,2019-10-28 16:41:11,围网
15704,29.80708333333333,124.91244444444445,2.5,291.0,2019-10-28 16:51:11,围网
15704,29.810194444444452,124.90469444444444,2.7,294.0,2019-10-28 17:01:11,围网
15704,29.81358333333333,124.89702777777781,2.5,304.0,2019-10-28 17:11:11,围网
15704,29.816944444444445,124.88913888888894,2.3,163.0,2019-10-28 17:21:13,围网
15704,29.82052777777778,124.88113888888887,3.0,301.0,2019-10-28 17:31:25,围网
15704,29.824527777777767,124.87244444444444,2.8,291.0,2019-10-28 17:42:03,围网
15704,29.828138888888887,124.86541666666666,2.8,292.0,2019-10-28 17:51:11,围网
15704,29.83208333333333,124.85758333333332,2.6,293.0,2019-10-28 18:01:10,围网
15704,29.836055555555557,124.84944444444444,3.0,292.0,2019-10-28 18:11:12,围网
15704,29.840138888888887,124.84080555555555,3.4,300.0,2019-10-28 18:21:39,围网
15704,29.844,124.83302777777777,3.0,294.0,2019-10-28 18:31:10,围网
15704,29.848111111111113,124.82488888888888,2.9,306.0,2019-10-28 18:41:10,围网
15704,29.85244444444445,124.81680555555555,3.0,316.0,2019-10-28 18:51:10,围网
15704,29.85686111111111,124.8087777777778,2.7,310.0,2019-10-28 19:01:10,围网
15704,29.861305555555557,124.80061111111112,3.0,305.0,2019-10-28 19:11:10,围网
15704,29.86563888888889,124.7925,3.2,296.0,2019-10-28 19:21:10,围网
15704,29.869805555555555,124.78438888888887,3.2,317.0,2019-10-28 19:31:10,围网
15704,29.874027777777766,124.7765,2.8,304.0,2019-10-28 19:41:10,围网
15704,29.87908333333333,124.76916666666666,3.0,316.0,2019-10-28 19:51:10,围网
15704,29.88433333333333,124.76205555555555,2.8,301.0,2019-10-28 20:01:10,围网
15704,29.88825000000001,124.75436111111112,2.8,301.0,2019-10-28 20:11:10,围网
15704,29.892,124.74672222222223,2.5,295.0,2019-10-28 20:21:10,围网
15704,29.89575,124.73927777777777,2.7,280.0,2019-10-28 20:31:10,围网
15704,29.89925,124.73205555555555,2.9,314.0,2019-10-28 20:41:10,围网
15704,29.903027777777766,124.72525,2.9,321.0,2019-10-28 20:51:10,围网
15704,29.90694444444444,124.71875,2.1,294.0,2019-10-28 21:01:10,围网
15704,29.91038888888889,124.71225,2.5,311.0,2019-10-28 21:11:10,围网
15704,29.91394444444445,124.70608333333332,2.4,306.0,2019-10-28 21:21:10,围网
15704,29.91569444444444,124.69988888888888,1.7,286.0,2019-10-28 21:31:10,围网
15704,29.918138888888887,124.70358333333333,3.0,82.0,2019-10-28 21:41:10,围网
15704,29.92061111111111,124.70383333333334,1.0,303.0,2019-10-28 21:51:10,围网
15704,29.92216666666667,124.70391666666669,0.3,0.0,2019-10-28 22:01:37,围网
15704,29.92352777777778,124.7049722222222,0.7,19.0,2019-10-28 22:11:09,围网
15704,29.924777777777766,124.706,0.9,0.0,2019-10-28 22:21:09,围网
15704,29.914638888888888,124.70233333333331,7.7,209.0,2019-10-28 22:31:09,围网
15704,29.91036111111111,124.7045,8.7,121.0,2019-10-28 22:41:09,围网
15704,29.90594444444444,124.71388888888887,2.7,120.0,2019-10-28 22:51:09,围网
15704,29.902638888888887,124.72113888888887,2.6,113.0,2019-10-28 23:01:09,围网
15704,29.899305555555554,124.72875,2.7,118.0,2019-10-28 23:11:09,围网
15704,29.89597222222222,124.73661111111113,2.9,120.0,2019-10-28 23:21:09,围网
15704,29.89252777777777,124.74475,3.2,113.0,2019-10-28 23:31:09,围网
15704,29.889027777777766,124.75288888888888,3.1,116.0,2019-10-28 23:41:09,围网
15704,29.885416666666664,124.76116666666668,3.1,115.0,2019-10-28 23:51:09,围网
15704,29.88191666666667,124.76969444444444,3.1,117.0,2019-10-29 00:01:09,围网
15704,29.87811111111111,124.77858333333332,3.4,122.0,2019-10-29 00:11:37,围网
15704,29.87441666666667,124.78680555555556,3.1,121.0,2019-10-29 00:21:09,围网
15704,29.870555555555555,124.79538888888888,3.3,115.0,2019-10-29 00:31:09,围网
15704,29.86644444444445,124.80391666666668,3.4,121.0,2019-10-29 00:41:09,围网
15704,29.86213888888889,124.81233333333331,3.0,124.0,2019-10-29 00:51:09,围网
15704,29.857861111111113,124.82080555555555,3.4,125.0,2019-10-29 01:01:09,围网
15704,29.85369444444445,124.82922222222223,3.2,125.0,2019-10-29 01:11:09,围网
15704,29.849472222222207,124.83755555555555,3.1,132.0,2019-10-29 01:21:09,围网
15704,29.845416666666665,124.84591666666668,3.2,129.0,2019-10-29 01:31:09,围网
15704,29.84133333333333,124.85411111111112,2.9,119.0,2019-10-29 01:41:09,围网
15704,29.830416666666665,124.8785,2.9,113.0,2019-10-29 02:11:09,围网
15704,29.827333333333332,124.88658333333336,2.8,105.0,2019-10-29 02:21:08,围网
15704,29.824277777777766,124.89463888888888,2.8,110.0,2019-10-29 02:31:08,围网
15704,29.82058333333333,124.90230555555556,2.4,112.0,2019-10-29 02:41:08,围网
15704,29.816805555555554,124.90966666666668,2.7,121.0,2019-10-29 02:51:08,围网
15704,29.81308333333333,124.91686111111113,2.8,121.0,2019-10-29 03:01:08,围网
15704,29.80933333333333,124.9237777777778,2.6,123.0,2019-10-29 03:11:08,围网
15704,29.805750000000003,124.93063888888894,2.5,127.0,2019-10-29 03:21:08,围网
15704,29.80236111111111,124.93727777777781,2.6,125.0,2019-10-29 03:31:08,围网
15704,29.79894444444445,124.94369444444445,2.3,120.0,2019-10-29 03:41:08,围网
15704,29.795638888888888,124.94991666666668,2.7,126.0,2019-10-29 03:51:08,围网
15704,29.7935,124.95188888888887,1.5,0.0,2019-10-29 04:01:08,围网
15704,29.791888888888888,124.94772222222224,3.7,184.0,2019-10-29 04:11:08,围网
15704,29.787472222222235,124.94644444444445,1.7,192.0,2019-10-29 04:21:08,围网
15704,29.78286111111111,124.94422222222224,1.8,198.0,2019-10-29 04:31:08,围网
15704,29.77633333333333,124.94852777777778,9.6,101.0,2019-10-29 04:41:07,围网
15704,29.77294444444444,124.96316666666668,4.8,240.0,2019-10-29 04:51:08,围网
15704,29.78158333333333,124.95511111111112,2.1,0.0,2019-10-29 05:01:21,围网
15704,29.785055555555555,124.9485,2.6,0.0,2019-10-29 05:11:10,围网
15704,29.788638888888887,124.94088888888888,2.7,296.0,2019-10-29 05:21:37,围网
15704,29.792027777777786,124.93394444444445,2.6,297.0,2019-10-29 05:31:08,围网
15704,29.795638888888888,124.92644444444444,2.5,304.0,2019-10-29 05:41:08,围网
15704,29.79936111111111,124.91886111111113,2.6,297.0,2019-10-29 05:51:08,围网
15704,29.80308333333333,124.91113888888887,2.9,301.0,2019-10-29 06:01:08,围网
15704,29.80697222222221,124.90330555555555,2.7,297.0,2019-10-29 06:11:08,围网
15704,29.81077777777778,124.89541666666666,2.6,299.0,2019-10-29 06:21:08,围网
15704,29.814777777777767,124.88744444444444,3.0,303.0,2019-10-29 06:31:08,围网
15704,29.81888888888889,124.87941666666666,3.1,301.0,2019-10-29 06:41:07,围网
15704,29.82275,124.87119444444444,2.6,297.0,2019-10-29 06:51:07,围网
15704,29.826777777777767,124.86305555555555,2.6,312.0,2019-10-29 07:01:07,围网
15704,29.830861111111112,124.85488888888894,2.8,303.0,2019-10-29 07:11:07,围网
15704,29.83483333333333,124.84661111111107,2.9,303.0,2019-10-29 07:21:07,围网
15704,29.83883333333333,124.8384722222222,3.0,295.0,2019-10-29 07:31:07,围网
15704,29.84275,124.83030555555555,2.3,299.0,2019-10-29 07:41:07,围网
15704,29.846555555555554,124.82194444444444,2.8,299.0,2019-10-29 07:51:07,围网
15704,29.846555555555554,124.82194444444444,2.8,299.0,2019-10-29 08:02:38,围网
15704,29.85436111111111,124.80544444444445,3.9,283.0,2019-10-29 08:11:09,围网
15704,29.858277777777786,124.79722222222222,2.9,301.0,2019-10-29 08:21:07,围网
15704,29.862305555555555,124.78927777777777,2.6,304.0,2019-10-29 08:31:07,围网
15704,29.86641666666667,124.78152777777777,2.8,301.0,2019-10-29 08:41:07,围网
15704,29.870222222222232,124.77375,2.7,297.0,2019-10-29 08:51:07,围网
15704,29.874111111111112,124.76622222222224,3.1,299.0,2019-10-29 09:01:07,围网
15704,29.877805555555558,124.75891666666666,2.6,296.0,2019-10-29 09:11:07,围网
15704,29.881305555555556,124.7517777777778,2.4,299.0,2019-10-29 09:21:07,围网
15704,29.88411111111111,124.74527777777777,2.3,300.0,2019-10-29 09:31:07,围网
15704,29.88725,124.73913888888887,2.0,285.0,2019-10-29 09:41:07,围网
15704,29.89080555555556,124.73319444444445,2.0,297.0,2019-10-29 09:51:08,围网
15704,29.89341666666667,124.73522222222222,2.6,72.0,2019-10-29 10:01:39,围网
15704,29.895555555555553,124.73880555555556,2.8,98.0,2019-10-29 10:11:07,围网
15704,29.89638888888889,124.73966666666666,0.3,0.0,2019-10-29 10:21:07,围网
15704,29.897472222222234,124.74061111111112,0.2,0.0,2019-10-29 10:31:07,围网
15704,29.89844444444445,124.74169444444445,0.7,118.0,2019-10-29 10:41:07,围网
15704,29.89897222222222,124.74283333333334,0.3,0.0,2019-10-29 10:51:06,围网
15704,29.89938888888889,124.74430555555556,0.8,113.0,2019-10-29 11:01:06,围网
15704,29.902555555555555,124.74016666666668,1.9,275.0,2019-10-29 11:11:06,围网
15704,29.902444444444445,124.74080555555555,0.3,0.0,2019-10-29 11:21:06,围网
15704,29.91775,124.74333333333334,9.2,12.0,2019-10-29 11:31:06,围网
15704,29.94313888888889,124.74816666666666,13.1,34.0,2019-10-29 11:41:06,围网
15704,29.96825,124.75338888888888,9.1,10.0,2019-10-29 11:51:06,围网
15704,29.99438888888889,124.7585,9.3,8.0,2019-10-29 12:01:34,围网
15704,30.01819444444445,124.76063888888888,9.0,0.0,2019-10-29 12:11:06,围网
15704,30.04291666666667,124.76091666666667,8.6,0.0,2019-10-29 12:21:06,围网
15704,30.06711111111111,124.76155555555556,8.6,3.0,2019-10-29 12:31:06,围网
15704,30.09075,124.76222222222222,8.8,4.0,2019-10-29 12:41:06,围网
15704,30.113944444444453,124.76280555555556,8.5,359.0,2019-10-29 12:51:06,围网
15704,30.12894444444445,124.76411111111106,1.0,98.0,2019-10-29 13:01:06,围网
15704,30.120916666666666,124.77527777777777,3.0,125.0,2019-10-29 13:11:06,围网
15704,30.116,124.78333333333332,3.0,131.0,2019-10-29 13:21:06,围网
15704,30.110861111111113,124.79127777777781,3.0,129.0,2019-10-29 13:31:06,围网
15704,30.105750000000004,124.79930555555555,3.3,125.0,2019-10-29 13:41:06,围网
15704,30.100666666666665,124.80725,3.2,124.0,2019-10-29 13:51:06,围网
15704,30.09075,124.82333333333332,2.9,130.0,2019-10-29 14:11:06,围网
15704,30.08572222222222,124.83116666666668,2.8,127.0,2019-10-29 14:21:06,围网
15704,30.08083333333333,124.83894444444445,3.0,130.0,2019-10-29 14:31:06,围网
15704,30.076,124.84677777777777,3.1,126.0,2019-10-29 14:41:06,围网
15704,30.07119444444445,124.8545,2.6,122.0,2019-10-29 14:51:06,围网
15704,30.06655555555556,124.86219444444444,2.6,124.0,2019-10-29 15:01:07,围网
15704,30.061888888888888,124.86969444444445,3.1,117.0,2019-10-29 15:11:12,围网
15704,30.05725,124.87708333333332,2.9,121.0,2019-10-29 15:21:05,围网
15704,30.05247222222223,124.8847222222222,2.5,124.0,2019-10-29 15:31:31,围网
15704,30.04816666666667,124.89147222222223,2.8,123.0,2019-10-29 15:41:05,围网
15704,30.04341666666667,124.89816666666668,2.9,135.0,2019-10-29 15:51:05,围网
15704,30.038555555555558,124.9044722222222,2.6,136.0,2019-10-29 16:01:05,围网
15704,30.032416666666666,124.90952777777778,2.8,150.0,2019-10-29 16:11:05,围网
15704,30.025444444444442,124.91305555555556,2.6,162.0,2019-10-29 16:21:05,围网
15704,30.01819444444445,124.91547222222223,2.6,159.0,2019-10-29 16:31:05,围网
15704,30.010805555555557,124.91705555555555,2.9,179.0,2019-10-29 16:41:05,围网
15704,30.0035,124.91794444444444,2.5,170.0,2019-10-29 16:51:05,围网
15704,29.99625,124.91808333333331,2.6,186.0,2019-10-29 17:01:05,围网
15704,29.99933333333333,124.91622222222223,2.0,19.0,2019-10-29 17:11:05,围网
15704,29.996194444444445,124.91491666666668,0.8,219.0,2019-10-29 17:21:05,围网
15704,29.992777777777786,124.91311111111112,1.8,202.0,2019-10-29 17:31:05,围网
15704,29.989027777777785,124.91047222222224,6.9,209.0,2019-10-29 17:41:05,围网
15704,29.978805555555557,124.92305555555555,3.3,201.0,2019-10-29 17:51:05,围网
15704,29.982388888888888,124.9110277777778,2.5,295.0,2019-10-29 18:01:32,围网
15704,29.985194444444453,124.9037777777778,2.4,286.0,2019-10-29 18:11:05,围网
15704,29.988111111111113,124.89616666666667,2.1,286.0,2019-10-29 18:21:05,围网
15704,29.99083333333333,124.88830555555555,2.4,291.0,2019-10-29 18:31:05,围网
15704,29.99383333333333,124.88038888888887,2.7,295.0,2019-10-29 18:41:05,围网
15704,29.996861111111112,124.8724722222222,2.5,294.0,2019-10-29 18:51:05,围网
15704,29.99975,124.86438888888887,2.7,289.0,2019-10-29 19:01:05,围网
15704,30.00311111111111,124.85588888888887,3.0,291.0,2019-10-29 19:11:05,围网
15704,30.00638888888889,124.84736111111107,2.7,288.0,2019-10-29 19:21:04,围网
15704,30.0095,124.83902777777777,2.9,300.0,2019-10-29 19:31:04,围网
15704,30.01244444444445,124.83072222222222,2.6,290.0,2019-10-29 19:41:04,围网
15704,30.01580555555556,124.82236111111106,3.0,294.0,2019-10-29 19:51:04,围网
15704,30.01883333333333,124.81397222222222,2.8,293.0,2019-10-29 20:01:04,围网
15704,30.02197222222221,124.8059722222222,3.0,297.0,2019-10-29 20:11:04,围网
15704,30.025277777777767,124.79805555555555,2.6,302.0,2019-10-29 20:21:04,围网
15704,30.028388888888887,124.79030555555555,2.3,295.0,2019-10-29 20:31:04,围网
15704,30.032138888888888,124.78283333333334,1.6,335.0,2019-10-29 20:41:04,围网
15704,30.03586111111111,124.77552777777777,2.2,300.0,2019-10-29 20:51:04,围网
15704,30.039305555555554,124.76841666666668,2.6,299.0,2019-10-29 21:01:04,围网
15704,30.04272222222223,124.7614722222222,2.5,296.0,2019-10-29 21:11:04,围网
15704,30.04569444444445,124.75447222222222,3.0,264.0,2019-10-29 21:21:04,围网
15704,30.04883333333333,124.74769444444445,2.0,304.0,2019-10-29 21:31:04,围网
15704,30.051972222222233,124.74125,2.4,300.0,2019-10-29 21:41:04,围网
15704,30.055027777777767,124.73494444444445,2.1,295.0,2019-10-29 21:51:04,围网
15704,30.057805555555557,124.7295,1.7,72.0,2019-10-29 22:01:32,围网
15704,30.05958333333333,124.73641666666668,3.4,301.0,2019-10-29 22:11:04,围网
15704,30.063055555555557,124.73738888888893,1.1,46.0,2019-10-29 22:21:04,围网
15704,30.064138888888888,124.73861111111113,0.8,40.0,2019-10-29 22:31:04,围网
15704,30.06491666666667,124.7402777777778,0.6,92.0,2019-10-29 22:41:04,围网
15704,30.065500000000004,124.74155555555555,0.5,39.0,2019-10-29 22:51:04,围网
15704,30.060055555555557,124.74708333333334,2.9,142.0,2019-10-29 23:01:04,围网
15704,30.05577777777778,124.75280555555555,2.7,114.0,2019-10-29 23:11:04,围网
15704,30.05233333333333,124.75955555555555,2.4,119.0,2019-10-29 23:21:04,围网
15704,30.04894444444445,124.76652777777777,2.4,116.0,2019-10-29 23:31:03,围网
15704,30.045500000000004,124.77366666666668,2.6,117.0,2019-10-29 23:41:03,围网
15704,30.04197222222223,124.781,2.6,120.0,2019-10-29 23:51:03,围网
15704,30.03841666666667,124.78841666666666,2.5,125.0,2019-10-30 00:01:03,围网
15704,30.034944444444452,124.79613888888888,2.7,110.0,2019-10-30 00:11:03,围网
15704,30.031527777777768,124.80427777777777,2.6,113.0,2019-10-30 00:21:03,围网
15704,30.028000000000002,124.81236111111107,2.9,119.0,2019-10-30 00:31:03,围网
15704,30.0245,124.82063888888894,3.2,132.0,2019-10-30 00:41:03,围网
15704,30.020944444444442,124.82908333333332,3.0,114.0,2019-10-30 00:51:03,围网
15704,30.01733333333333,124.83744444444444,3.3,130.0,2019-10-30 01:01:03,围网
15704,30.013666666666666,124.84586111111106,3.3,126.0,2019-10-30 01:11:03,围网
15704,30.01013888888889,124.85455555555555,3.1,112.0,2019-10-30 01:21:03,围网
15704,30.006638888888887,124.86330555555556,2.8,117.0,2019-10-30 01:31:03,围网
15704,30.003277777777786,124.87211111111112,3.4,124.0,2019-10-30 01:41:03,围网
15704,29.99983333333333,124.88091666666666,3.4,114.0,2019-10-30 01:51:03,围网
15704,29.99636111111111,124.89011111111112,2.8,107.0,2019-10-30 02:01:32,围网
15704,29.993361111111113,124.89838888888893,3.0,116.0,2019-10-30 02:11:03,围网
15704,29.986638888888887,124.9155,2.5,0.0,2019-10-30 02:31:03,围网
15704,29.9835,124.924,3.5,123.0,2019-10-30 02:41:03,围网
15704,29.98038888888889,124.93244444444444,2.9,113.0,2019-10-30 02:51:03,围网
15704,29.97705555555555,124.94075,2.5,108.0,2019-10-30 03:01:03,围网
15704,29.973777777777766,124.94883333333334,1.3,117.0,2019-10-30 03:11:02,围网
15704,29.97063888888889,124.95686111111112,3.1,111.0,2019-10-30 03:21:02,围网
15704,29.96761111111111,124.96455555555555,2.1,121.0,2019-10-30 03:31:02,围网
15704,29.964666666666666,124.97186111111112,2.8,123.0,2019-10-30 03:41:03,围网
15704,29.962,124.97908333333334,2.8,128.0,2019-10-30 03:51:03,围网
15704,29.95872222222221,124.98611111111113,2.1,116.0,2019-10-30 04:01:30,围网
15704,29.95894444444445,124.9814722222222,1.7,291.0,2019-10-30 04:11:02,围网
15704,29.95408333333333,124.98069444444445,0.4,193.0,2019-10-30 04:21:02,围网
15704,29.948777777777767,124.98013888888887,1.3,190.0,2019-10-30 04:31:02,围网
15704,29.9435,124.97916666666669,1.0,206.0,2019-10-30 04:41:02,围网
15704,29.941666666666666,124.97905555555555,1.1,269.0,2019-10-30 04:51:02,围网
15704,29.94441666666667,124.97222222222223,1.6,297.0,2019-10-30 05:01:02,围网
15704,29.947388888888888,124.96727777777778,2.7,316.0,2019-10-30 05:11:02,围网
15704,29.95047222222223,124.962,1.9,303.0,2019-10-30 05:21:02,围网
15704,29.953555555555557,124.95655555555555,2.1,303.0,2019-10-30 05:31:03,围网
15704,29.95683333333333,124.95072222222224,2.2,0.0,2019-10-30 05:41:04,围网
15704,29.96025,124.94466666666666,2.4,0.0,2019-10-30 05:51:04,围网
15704,29.96394444444445,124.93830555555556,2.7,320.0,2019-10-30 06:01:13,围网
15704,29.96747222222222,124.93147222222223,2.4,301.0,2019-10-30 06:11:30,围网
15704,29.97094444444444,124.9250277777778,2.1,305.0,2019-10-30 06:21:01,围网
15704,29.974694444444445,124.91811111111113,2.4,292.0,2019-10-30 06:31:02,围网
15704,29.978277777777766,124.91077777777778,2.0,297.0,2019-10-30 06:41:01,围网
15704,29.98188888888889,124.90311111111113,2.6,295.0,2019-10-30 06:51:01,围网
15704,29.985388888888888,124.89519444444444,2.4,304.0,2019-10-30 07:01:01,围网
15704,29.988944444444453,124.88672222222223,2.8,303.0,2019-10-30 07:11:25,围网
15704,29.99233333333333,124.87894444444444,2.6,295.0,2019-10-30 07:21:01,围网
15704,29.995666666666665,124.87069444444445,2.8,299.0,2019-10-30 07:31:01,围网
15704,29.999472222222234,124.86252777777777,2.7,297.0,2019-10-30 07:41:01,围网
15704,30.002972222222233,124.85416666666666,3.4,291.0,2019-10-30 07:51:00,围网
15704,30.00622222222221,124.8457222222222,3.2,292.0,2019-10-30 08:01:00,围网
15704,30.009638888888887,124.83741666666668,3.1,301.0,2019-10-30 08:11:00,围网
15704,30.013222222222232,124.82913888888888,2.7,291.0,2019-10-30 08:21:00,围网
15704,30.01597222222221,124.82069444444444,2.6,291.0,2019-10-30 08:31:00,围网
15704,30.019,124.81238888888888,3.0,279.0,2019-10-30 08:41:00,围网
15704,30.022111111111112,124.80419444444445,2.6,283.0,2019-10-30 08:51:00,围网
15704,30.02508333333333,124.79597222222222,2.5,284.0,2019-10-30 09:01:00,围网
15704,30.028527777777786,124.78794444444445,2.6,296.0,2019-10-30 09:11:00,围网
15704,30.03172222222221,124.78005555555555,2.8,306.0,2019-10-30 09:21:00,围网
15704,30.03475000000001,124.77236111111112,2.5,290.0,2019-10-30 09:31:00,围网
15704,30.038250000000005,124.765,2.7,291.0,2019-10-30 09:41:00,围网
15704,30.04197222222223,124.75794444444445,2.5,283.0,2019-10-30 09:51:00,围网
15704,30.04569444444445,124.75241666666666,3.6,59.0,2019-10-30 10:02:07,围网
15704,30.046055555555558,124.75861111111112,2.1,351.0,2019-10-30 10:11:00,围网
15704,30.049805555555558,124.76008333333334,1.2,345.0,2019-10-30 10:21:00,围网
15704,30.052277777777785,124.75963888888887,0.7,353.0,2019-10-30 10:31:00,围网
15704,30.054527777777786,124.7595,0.2,0.0,2019-10-30 10:41:00,围网
15704,30.06063888888889,124.74191666666668,8.5,293.0,2019-10-30 10:51:00,围网
15704,30.07022222222223,124.71688888888887,8.3,296.0,2019-10-30 11:01:00,围网
15704,30.079777777777768,124.69241666666667,8.4,294.0,2019-10-30 11:11:00,围网
15704,30.090805555555555,124.6689722222222,8.3,298.0,2019-10-30 11:21:00,围网
15704,30.103,124.64622222222219,8.6,305.0,2019-10-30 11:31:00,围网
15704,30.113833333333336,124.63030555555555,1.0,29.0,2019-10-30 11:41:00,围网
15704,30.109111111111112,124.63641666666668,2.9,137.0,2019-10-30 11:51:00,围网
15704,30.10552777777778,124.64205555555556,2.3,119.0,2019-10-30 12:01:00,围网
15704,30.10233333333333,124.64825,2.8,113.0,2019-10-30 12:10:59,围网
15704,30.098916666666664,124.65469444444444,2.4,124.0,2019-10-30 12:20:59,围网
15704,30.095472222222234,124.66127777777778,2.1,121.0,2019-10-30 12:30:59,围网
15704,30.09197222222221,124.66797222222223,2.7,117.0,2019-10-30 12:40:59,围网
15704,30.08833333333333,124.67472222222223,2.4,118.0,2019-10-30 12:50:59,围网
15704,30.084611111111112,124.68169444444445,2.9,117.0,2019-10-30 13:00:59,围网
15704,30.080777777777786,124.68869444444445,3.0,136.0,2019-10-30 13:10:59,围网
15704,30.07686111111111,124.69583333333334,2.7,117.0,2019-10-30 13:20:59,围网
15704,30.072861111111113,124.70311111111113,3.1,125.0,2019-10-30 13:31:02,围网
15704,30.068805555555556,124.71058333333332,3.1,127.0,2019-10-30 13:40:59,围网
15704,30.064777777777767,124.71808333333333,3.1,121.0,2019-10-30 13:50:59,围网
15704,30.060472222222234,124.72616666666669,2.9,120.0,2019-10-30 14:01:38,围网
15704,30.05633333333333,124.73305555555555,2.7,119.0,2019-10-30 14:10:59,围网
15704,30.052111111111113,124.74069444444444,2.5,119.0,2019-10-30 14:20:59,围网
15704,30.048111111111112,124.74847222222222,2.6,113.0,2019-10-30 14:30:59,围网
15704,30.044888888888888,124.75663888888887,3.2,127.0,2019-10-30 14:40:59,围网
15704,30.041777777777767,124.76472222222222,2.7,103.0,2019-10-30 14:50:59,围网
15704,30.03925,124.7729722222222,2.7,92.0,2019-10-30 15:00:59,围网
15704,30.036444444444445,124.78125,2.5,107.0,2019-10-30 15:10:59,围网
15704,30.034111111111113,124.78930555555556,2.5,103.0,2019-10-30 15:20:59,围网
15704,30.03163888888889,124.79705555555556,3.4,125.0,2019-10-30 15:30:59,围网
15704,30.02911111111111,124.80463888888887,2.6,118.0,2019-10-30 15:40:59,围网
15704,30.026722222222233,124.81202777777777,2.9,122.0,2019-10-30 15:50:59,围网
15704,30.02441666666667,124.81927777777777,2.3,115.0,2019-10-30 16:00:59,围网
15704,30.02216666666667,124.82619444444444,3.2,140.0,2019-10-30 16:10:59,围网
15704,30.020166666666665,124.83191666666666,1.3,242.0,2019-10-30 16:20:58,围网
15704,30.021166666666666,124.82619444444444,1.9,147.0,2019-10-30 16:30:58,围网
15704,30.016527777777767,124.82713888888887,2.7,171.0,2019-10-30 16:40:58,围网
15704,30.01283333333333,124.82680555555555,1.4,182.0,2019-10-30 16:50:58,围网
15704,30.009,124.8255,5.3,268.0,2019-10-30 17:00:58,围网
15704,30.023944444444442,124.8072222222222,7.5,324.0,2019-10-30 17:10:58,围网
15704,30.038611111111113,124.78811111111112,4.8,305.0,2019-10-30 17:21:02,围网
15704,30.048000000000002,124.7787222222222,2.5,288.0,2019-10-30 17:40:58,围网
15704,30.049166666666668,124.771,2.4,291.0,2019-10-30 17:50:58,围网
15704,30.05025,124.76352777777778,2.1,291.0,2019-10-30 18:00:58,围网
15704,30.05230555555556,124.75630555555556,2.5,291.0,2019-10-30 18:10:58,围网
15704,30.05544444444445,124.74961111111112,2.7,275.0,2019-10-30 18:20:58,围网
15704,30.058277777777786,124.74247222222222,2.5,274.0,2019-10-30 18:30:58,围网
15704,30.061138888888888,124.73527777777778,2.2,300.0,2019-10-30 18:40:58,围网
15704,30.064222222222234,124.72805555555556,2.6,295.0,2019-10-30 18:50:58,围网
15704,30.067472222222207,124.72072222222224,2.6,279.0,2019-10-30 19:00:58,围网
15704,30.07080555555555,124.71302777777777,2.6,292.0,2019-10-30 19:10:58,围网
15704,30.07394444444445,124.70508333333332,2.6,293.0,2019-10-30 19:20:58,围网
15704,30.07716666666667,124.6970277777778,2.9,286.0,2019-10-30 19:30:58,围网
15704,30.08058333333333,124.68891666666669,2.7,282.0,2019-10-30 19:40:59,围网
15704,30.084166666666665,124.68086111111113,2.9,282.0,2019-10-30 19:50:58,围网
15704,30.08758333333333,124.67261111111112,2.5,290.0,2019-10-30 20:01:13,围网
15704,30.09083333333333,124.66463888888893,3.0,301.0,2019-10-30 20:10:58,围网
15704,30.094055555555553,124.65636111111112,2.7,310.0,2019-10-30 20:20:58,围网
15704,30.09733333333333,124.6482777777778,2.8,301.0,2019-10-30 20:30:57,围网
15704,30.102,124.64063888888893,3.1,305.0,2019-10-30 20:40:57,围网
15704,30.10669444444445,124.63336111111113,2.8,292.0,2019-10-30 20:50:57,围网
15704,30.11105555555556,124.62608333333333,2.7,300.0,2019-10-30 21:00:57,围网
15704,30.115472222222234,124.61866666666668,3.0,288.0,2019-10-30 21:10:57,围网
15704,30.119083333333336,124.61094444444444,3.0,294.0,2019-10-30 21:20:57,围网
15704,30.12319444444445,124.60377777777781,2.5,301.0,2019-10-30 21:30:57,围网
15704,30.127527777777786,124.59688888888887,2.5,288.0,2019-10-30 21:40:57,围网
15704,30.131722222222226,124.59005555555555,2.8,296.0,2019-10-30 21:50:57,围网
15704,30.13586111111111,124.58333333333331,2.7,296.0,2019-10-30 22:00:57,围网
15704,30.139805555555554,124.57661111111106,2.2,298.0,2019-10-30 22:11:14,围网
15704,30.1435,124.5704722222222,1.8,306.0,2019-10-30 22:20:57,围网
15704,30.14719444444445,124.56430555555555,2.0,300.0,2019-10-30 22:30:57,围网
15704,30.15072222222221,124.55841666666667,1.2,321.0,2019-10-30 22:40:57,围网
15704,30.15222222222221,124.56052777777776,2.3,134.0,2019-10-30 22:49:57,围网
15704,30.15463888888889,124.56702777777778,2.8,127.0,2019-10-30 23:00:14,围网
15704,30.15625,124.56827777777777,0.6,32.0,2019-10-30 23:09:57,围网
15704,30.15875,124.56991666666669,0.5,0.0,2019-10-30 23:19:57,围网
15704,30.16105555555556,124.57177777777777,1.2,16.0,2019-10-30 23:29:57,围网
15704,30.16830555555556,124.54930555555555,7.9,290.0,2019-10-30 23:39:57,围网
15704,30.176805555555557,124.52555555555556,7.9,295.0,2019-10-30 23:49:57,围网
15704,30.197916666666664,124.48055555555555,7.8,295.0,2019-10-31 00:09:57,围网
15704,30.20875,124.45861111111113,7.7,299.0,2019-10-31 00:19:57,围网
15704,30.21941666666667,124.43683333333334,7.9,298.0,2019-10-31 00:29:57,围网
15704,30.227638888888887,124.42091666666668,4.3,230.0,2019-10-31 00:39:56,围网
15704,30.220277777777767,124.43936111111113,3.0,116.0,2019-10-31 00:59:56,围网
15704,30.216444444444445,124.44683333333334,2.7,125.0,2019-10-31 01:09:56,围网
15704,30.212555555555554,124.45458333333332,3.3,113.0,2019-10-31 01:19:56,围网
15704,30.20877777777777,124.46263888888888,3.0,109.0,2019-10-31 01:29:56,围网
15704,30.20483333333333,124.47083333333332,2.8,115.0,2019-10-31 01:39:56,围网
15704,30.200833333333332,124.47911111111112,2.9,123.0,2019-10-31 01:49:56,围网
15704,30.196805555555553,124.48744444444445,3.1,123.0,2019-10-31 01:59:56,围网
15704,30.192666666666664,124.49577777777776,3.0,118.0,2019-10-31 02:09:56,围网
15704,30.188222222222233,124.50405555555555,3.2,120.0,2019-10-31 02:19:56,围网
15704,30.18375,124.51236111111106,3.3,118.0,2019-10-31 02:29:56,围网
15704,30.179388888888887,124.52069444444444,3.4,115.0,2019-10-31 02:39:56,围网
15704,30.17513888888889,124.52913888888888,3.1,132.0,2019-10-31 02:49:56,围网
15704,30.170805555555557,124.53747222222222,3.3,130.0,2019-10-31 02:59:56,围网
15704,30.166305555555557,124.54630555555555,3.4,121.0,2019-10-31 03:09:56,围网
15704,30.161972222222207,124.55447222222222,3.2,120.0,2019-10-31 03:19:56,围网
15704,30.15786111111111,124.56263888888887,3.8,128.0,2019-10-31 03:29:56,围网
15704,30.15355555555556,124.5707777777778,2.8,115.0,2019-10-31 03:39:56,围网
15704,30.14933333333333,124.5795,2.8,115.0,2019-10-31 03:50:44,围网
15704,30.14558333333333,124.58691666666664,3.3,139.0,2019-10-31 03:59:56,围网
15704,30.14147222222222,124.59463888888888,3.0,132.0,2019-10-31 04:09:56,围网
15704,30.137666666666664,124.6022222222222,2.6,117.0,2019-10-31 04:19:56,围网
15704,30.133777777777766,124.60958333333332,2.6,113.0,2019-10-31 04:29:56,围网
15704,30.130194444444445,124.61677777777777,3.0,131.0,2019-10-31 04:39:56,围网
15704,30.12619444444445,124.6235,2.1,119.0,2019-10-31 04:49:56,围网
15704,30.12216666666667,124.63005555555556,2.0,115.0,2019-10-31 04:59:55,围网
15704,30.118194444444452,124.63636111111113,2.6,129.0,2019-10-31 05:09:55,围网
15704,30.11433333333333,124.6424722222222,2.1,139.0,2019-10-31 05:19:55,围网
15704,30.11336111111111,124.64219444444444,3.1,296.0,2019-10-31 05:29:55,围网
15704,30.110527777777786,124.63983333333334,0.4,0.0,2019-10-31 05:39:55,围网
15704,30.106388888888887,124.63891666666667,1.5,196.0,2019-10-31 05:49:55,围网
15704,30.10169444444445,124.63719444444445,2.5,220.0,2019-10-31 06:00:37,围网
15704,30.09138888888889,124.65608333333331,8.4,122.0,2019-10-31 06:09:55,围网
15704,30.07994444444445,124.67947222222222,8.2,117.0,2019-10-31 06:19:55,围网
15704,30.07041666666667,124.7025,7.7,112.0,2019-10-31 06:29:55,围网
15704,30.06125,124.72505555555556,7.6,120.0,2019-10-31 06:39:55,围网
15704,30.057972222222233,124.73347222222222,6.6,320.0,2019-10-31 06:49:55,围网
15704,30.0645,124.72286111111113,2.6,293.0,2019-10-31 06:59:55,围网
15704,30.06775,124.71555555555555,2.3,298.0,2019-10-31 07:09:55,围网
15704,30.07094444444445,124.70791666666666,2.7,290.0,2019-10-31 07:19:55,围网
15704,30.074222222222208,124.70013888888887,2.6,294.0,2019-10-31 07:29:55,围网
15704,30.077666666666666,124.69225,2.5,305.0,2019-10-31 07:39:55,围网
15704,30.081194444444442,124.68419444444444,2.9,293.0,2019-10-31 07:49:55,围网
15704,30.084777777777767,124.67580555555556,2.3,325.0,2019-10-31 07:59:55,围网
15704,30.088916666666666,124.66802777777778,2.2,309.0,2019-10-31 08:09:55,围网
15704,30.09322222222222,124.66022222222223,2.2,0.0,2019-10-31 08:19:55,围网
15704,30.097555555555555,124.65205555555555,2.0,0.0,2019-10-31 08:29:58,围网
15704,30.10175,124.64430555555555,2.4,291.0,2019-10-31 08:39:58,围网
15704,30.10583333333333,124.63583333333334,2.5,312.0,2019-10-31 08:49:56,围网
15704,30.11030555555556,124.62730555555555,3.1,300.0,2019-10-31 09:00:14,围网
15704,30.114611111111113,124.61930555555556,3.0,298.0,2019-10-31 09:09:54,围网
15704,30.11888888888889,124.61105555555555,2.9,298.0,2019-10-31 09:19:54,围网
15704,30.123361111111112,124.60291666666666,3.0,302.0,2019-10-31 09:29:54,围网
15704,30.12736111111111,124.59475,3.2,299.0,2019-10-31 09:39:54,围网
15704,30.131555555555554,124.58680555555556,2.9,304.0,2019-10-31 09:49:54,围网
15704,30.136,124.57916666666668,2.9,302.0,2019-10-31 09:59:54,围网
15704,30.140694444444442,124.57180555555556,2.7,307.0,2019-10-31 10:09:54,围网
15704,30.145222222222234,124.56463888888894,2.5,305.0,2019-10-31 10:19:54,围网
15704,30.15013888888889,124.55711111111113,2.7,303.0,2019-10-31 10:30:38,围网
15704,30.15425,124.55066666666666,2.7,303.0,2019-10-31 10:39:54,围网
15704,30.15847222222222,124.54380555555555,2.6,310.0,2019-10-31 10:49:54,围网
15704,30.16261111111111,124.53719444444445,2.3,305.0,2019-10-31 10:59:54,围网
15704,30.166638888888887,124.5307222222222,3.0,317.0,2019-10-31 11:09:54,围网
15704,30.170666666666666,124.52441666666664,2.5,313.0,2019-10-31 11:19:54,围网
15704,30.174611111111112,124.51822222222222,2.6,314.0,2019-10-31 11:29:54,围网
15704,30.17855555555556,124.5124722222222,2.1,307.0,2019-10-31 11:39:54,围网
15704,30.178472222222233,124.51602777777778,2.5,121.0,2019-10-31 11:49:54,围网
15704,30.181,124.52008333333332,1.0,43.0,2019-10-31 12:00:14,围网
15704,30.183083333333336,124.52166666666666,0.4,51.0,2019-10-31 12:09:54,围网
15704,30.18488888888889,124.5232777777778,0.6,93.0,2019-10-31 12:19:54,围网
15704,30.187361111111112,124.52527777777777,1.0,300.0,2019-10-31 12:29:54,围网
15704,30.180416666666666,124.52191666666666,1.3,177.0,2019-10-31 12:39:54,围网
15704,30.175750000000004,124.52413888888887,1.9,149.0,2019-10-31 12:49:54,围网
15704,30.171333333333337,124.52813888888888,2.1,139.0,2019-10-31 12:59:54,围网
15704,30.16719444444445,124.53327777777777,2.7,127.0,2019-10-31 13:09:54,围网
15704,30.163611111111113,124.53966666666666,2.2,131.0,2019-10-31 13:19:54,围网
15704,30.160138888888888,124.54641666666666,2.4,128.0,2019-10-31 13:29:54,围网
15704,30.1565,124.55319444444444,2.9,111.0,2019-10-31 13:39:55,围网
15704,30.15294444444444,124.56011111111113,4.2,109.0,2019-10-31 13:49:53,围网
15704,30.14958333333333,124.56791666666666,2.6,115.0,2019-10-31 14:00:14,围网
15704,30.14619444444445,124.57527777777777,2.9,116.0,2019-10-31 14:09:53,围网
15704,30.14258333333333,124.58288888888887,2.7,118.0,2019-10-31 14:19:53,围网
15704,30.13894444444445,124.5905,2.7,126.0,2019-10-31 14:29:53,围网
15704,30.13533333333333,124.59830555555556,3.0,113.0,2019-10-31 14:39:53,围网
15704,30.13144444444445,124.60611111111106,2.9,129.0,2019-10-31 14:49:53,围网
15704,30.12733333333333,124.61411111111107,2.8,128.0,2019-10-31 15:00:14,围网
15704,30.123472222222233,124.62161111111112,2.8,122.0,2019-10-31 15:09:53,围网
15704,30.11938888888889,124.62936111111112,2.3,128.0,2019-10-31 15:19:53,围网
15704,30.115472222222234,124.63722222222223,2.8,125.0,2019-10-31 15:29:53,围网
15704,30.06494444444445,124.72561111111112,1.8,317.0,2019-10-31 17:39:53,围网
15704,30.066111111111113,124.72097222222222,0.4,131.0,2019-10-31 17:49:52,围网
15704,30.06602777777778,124.72063888888893,0.3,0.0,2019-10-31 18:00:13,围网
15704,30.06602777777778,124.7205,0.7,343.0,2019-10-31 18:09:52,围网
15704,30.066055555555558,124.72036111111113,0.3,0.0,2019-10-31 18:19:52,围网
15704,30.066,124.72022222222222,0.2,0.0,2019-10-31 18:29:52,围网
15704,30.06608333333333,124.72002777777777,0.4,226.0,2019-10-31 18:39:52,围网
15704,30.066194444444445,124.71983333333334,0.1,0.0,2019-10-31 18:49:52,围网
15704,30.066222222222233,124.71977777777781,0.6,309.0,2019-10-31 18:59:52,围网
15704,30.066222222222233,124.71975,0.0,0.0,2019-10-31 19:09:52,围网
15704,30.06527777777778,124.7187777777778,2.2,247.0,2019-10-31 19:19:52,围网
15704,30.06491666666667,124.71633333333334,0.7,256.0,2019-10-31 19:29:52,围网
15704,30.06433333333333,124.71338888888893,1.0,257.0,2019-10-31 19:39:52,围网
15704,30.0615,124.70222222222222,9.1,241.0,2019-10-31 19:49:52,围网
15704,30.047722222222234,124.67725,9.0,227.0,2019-10-31 19:59:52,围网
15704,30.03161111111111,124.6545,9.0,230.0,2019-10-31 20:09:52,围网
15704,30.016055555555557,124.63161111111107,8.8,246.0,2019-10-31 20:19:52,围网
15704,30.00583333333333,124.60494444444444,9.0,243.0,2019-10-31 20:29:52,围网
15704,30.00263888888889,124.59088888888887,1.8,163.0,2019-10-31 20:39:52,围网
15704,30.007805555555557,124.57875,2.3,286.0,2019-10-31 20:49:52,围网
15704,30.010416666666664,124.57072222222223,2.7,285.0,2019-10-31 20:59:52,围网
15704,30.01319444444445,124.56269444444445,2.7,294.0,2019-10-31 21:09:53,围网
15704,30.0165,124.55488888888893,2.7,292.0,2019-10-31 21:19:52,围网
15704,30.019861111111112,124.54708333333332,2.6,294.0,2019-10-31 21:29:51,围网
15704,30.02308333333333,124.53947222222222,2.6,291.0,2019-10-31 21:39:51,围网
15704,30.02644444444445,124.53155555555556,2.7,303.0,2019-10-31 21:50:14,围网
15704,30.029527777777766,124.52425,2.4,295.0,2019-10-31 21:59:51,围网
15704,30.032777777777767,124.51683333333334,2.4,294.0,2019-10-31 22:09:51,围网
15704,30.03577777777778,124.5095277777778,2.6,298.0,2019-10-31 22:19:51,围网
15704,30.03880555555556,124.50238888888887,2.4,282.0,2019-10-31 22:29:51,围网
15704,30.04180555555555,124.49513888888887,2.7,299.0,2019-10-31 22:39:51,围网
15704,30.044777777777767,124.48805555555555,2.4,296.0,2019-10-31 22:49:51,围网
15704,30.047611111111113,124.48105555555556,2.4,297.0,2019-10-31 22:59:51,围网
15704,30.05038888888889,124.4742222222222,2.2,299.0,2019-10-31 23:09:51,围网
15704,30.05313888888889,124.4675277777778,2.5,299.0,2019-10-31 23:19:51,围网
15704,30.05580555555556,124.46091666666668,2.4,306.0,2019-10-31 23:29:51,围网
15704,30.058416666666666,124.45444444444445,2.2,293.0,2019-10-31 23:39:51,围网
15704,30.061083333333336,124.44833333333334,2.1,297.0,2019-10-31 23:49:51,围网
15704,30.064083333333336,124.44252777777778,1.3,58.0,2019-11-01 00:00:13,围网
15704,30.06358333333333,124.44977777777778,1.9,339.0,2019-11-01 00:09:51,围网
15704,30.066,124.45225,0.8,55.0,2019-11-01 00:19:50,围网
15704,30.0675,124.45388888888893,0.6,43.0,2019-11-01 00:29:51,围网
15704,30.07052777777778,124.45069444444445,7.8,305.0,2019-11-01 00:39:50,围网
15704,30.08838888888889,124.43577777777777,9.3,2.0,2019-11-01 00:49:50,围网
15704,30.11358333333333,124.4362777777778,8.8,3.0,2019-11-01 00:59:51,围网
15704,30.13825000000001,124.43672222222223,8.7,2.0,2019-11-01 01:09:51,围网
15704,30.16275,124.4370277777778,8.5,0.0,2019-11-01 01:19:51,围网
15704,30.17425,124.44216666666668,7.6,41.0,2019-11-01 01:29:51,围网
15704,30.180111111111113,124.44922222222223,2.9,56.0,2019-11-01 01:39:50,围网
15704,30.18419444444445,124.45683333333334,3.1,68.0,2019-11-01 01:49:50,围网
15704,30.186722222222233,124.46588888888893,3.1,70.0,2019-11-01 01:59:50,围网
15704,30.188388888888888,124.47497222222222,2.8,82.0,2019-11-01 02:09:50,围网
15704,30.188222222222233,124.48436111111113,3.2,114.0,2019-11-01 02:19:50,围网
15704,30.18483333333333,124.49361111111112,3.0,111.0,2019-11-01 02:29:49,围网
15704,30.18197222222223,124.5025,3.2,110.0,2019-11-01 02:39:49,围网
15704,30.17908333333333,124.5112777777778,3.1,107.0,2019-11-01 02:49:49,围网
15704,30.176277777777766,124.52025,3.1,111.0,2019-11-01 02:59:49,围网
15704,30.17316666666667,124.52908333333332,3.5,118.0,2019-11-01 03:09:49,围网
15704,30.17011111111111,124.53802777777777,4.0,113.0,2019-11-01 03:19:49,围网
15704,30.167222222222208,124.54683333333334,4.1,115.0,2019-11-01 03:29:49,围网
15704,30.16433333333333,124.55572222222223,3.2,110.0,2019-11-01 03:39:49,围网
15704,30.161277777777766,124.56463888888894,2.8,108.0,2019-11-01 03:50:13,围网
15704,30.15883333333333,124.57294444444445,2.6,110.0,2019-11-01 03:59:49,围网
15704,30.156027777777766,124.58136111111112,2.6,110.0,2019-11-01 04:09:49,围网
15704,30.15333333333333,124.58961111111113,2.9,115.0,2019-11-01 04:19:49,围网
15704,30.1505,124.59766666666668,2.7,114.0,2019-11-01 04:29:49,围网
15704,30.147861111111112,124.60563888888888,2.8,106.0,2019-11-01 04:39:49,围网
15704,30.145055555555555,124.61333333333332,2.8,123.0,2019-11-01 04:49:49,围网
15704,30.141222222222233,124.62058333333331,2.6,117.0,2019-11-01 04:59:49,围网
15704,30.137472222222208,124.62775,2.5,119.0,2019-11-01 05:09:49,围网
15704,30.133777777777766,124.63469444444445,2.2,121.0,2019-11-01 05:19:49,围网
15704,30.130138888888887,124.6415,2.3,98.0,2019-11-01 05:29:49,围网
15704,30.12688888888889,124.64813888888894,2.6,116.0,2019-11-01 05:39:49,围网
15704,30.12352777777778,124.65458333333332,2.2,113.0,2019-11-01 05:49:49,围网
15704,30.11605555555556,124.66644444444445,2.0,121.0,2019-11-01 06:09:49,围网
15704,30.11444444444445,124.66694444444445,1.7,306.0,2019-11-01 06:19:49,围网
15704,30.11225,124.66311111111112,3.7,217.0,2019-11-01 06:29:48,围网
15704,30.10822222222221,124.66080555555556,1.6,207.0,2019-11-01 06:39:48,围网
15704,30.104111111111113,124.65755555555555,1.7,223.0,2019-11-01 06:49:48,围网
15704,30.11675,124.65608333333331,7.0,3.0,2019-11-01 06:59:48,围网
15704,30.12713888888889,124.65344444444445,7.3,343.0,2019-11-01 07:09:48,围网
15704,30.132361111111113,124.64808333333332,2.2,297.0,2019-11-01 07:19:48,围网
15704,30.13533333333333,124.64219444444444,2.3,295.0,2019-11-01 07:29:48,围网
15704,30.138027777777786,124.63519444444445,3.0,298.0,2019-11-01 07:39:48,围网
15704,30.140916666666666,124.62822222222222,2.7,277.0,2019-11-01 07:49:48,围网
15704,30.14375,124.62088888888887,2.6,302.0,2019-11-01 07:59:48,围网
15704,30.14686111111111,124.61363888888887,2.5,302.0,2019-11-01 08:09:48,围网
15704,30.150055555555554,124.60625,2.9,301.0,2019-11-01 08:19:48,围网
15704,30.15269444444445,124.59819444444445,2.1,302.0,2019-11-01 08:29:48,围网
15704,30.15594444444444,124.59033333333332,2.2,310.0,2019-11-01 08:39:48,围网
15704,30.159111111111113,124.58238888888887,2.4,302.0,2019-11-01 08:49:48,围网
15704,30.16252777777777,124.57430555555555,3.4,299.0,2019-11-01 08:59:50,围网
15704,30.16558333333333,124.5659722222222,2.1,291.0,2019-11-01 09:09:48,围网
15704,30.168222222222226,124.55741666666668,2.4,0.0,2019-11-01 09:19:48,围网
15704,30.17116666666667,124.54905555555555,1.3,0.0,2019-11-01 09:29:51,围网
15704,30.17391666666667,124.54019444444445,1.7,289.0,2019-11-01 09:39:55,围网
15704,30.17663888888889,124.53180555555555,2.7,281.0,2019-11-01 09:50:13,围网
15704,30.17975,124.52394444444445,2.9,292.0,2019-11-01 09:59:48,围网
15704,30.18330555555556,124.51591666666668,2.6,298.0,2019-11-01 10:09:48,围网
15704,30.18675,124.50794444444445,2.9,292.0,2019-11-01 10:19:48,围网
15704,30.19019444444445,124.4999722222222,2.9,296.0,2019-11-01 10:29:48,围网
15704,30.19361111111111,124.49208333333333,2.8,296.0,2019-11-01 10:39:47,围网
15704,30.196805555555553,124.48425,2.8,300.0,2019-11-01 10:49:47,围网
15704,30.199972222222232,124.4765277777778,2.4,295.0,2019-11-01 10:59:47,围网
15704,30.203277777777767,124.46891666666666,2.7,297.0,2019-11-01 11:09:47,围网
15704,30.20630555555556,124.46141666666666,2.4,288.0,2019-11-01 11:19:47,围网
15704,30.20936111111111,124.45408333333334,2.3,297.0,2019-11-01 11:29:47,围网
15704,30.21222222222222,124.44688888888888,2.5,295.0,2019-11-01 11:39:47,围网
15704,30.21519444444445,124.43991666666668,2.4,298.0,2019-11-01 11:49:47,围网
15704,30.218055555555555,124.43466666666669,2.1,77.0,2019-11-01 12:00:12,围网
15704,30.218666666666664,124.43963888888894,2.0,325.0,2019-11-01 12:09:47,围网
15704,30.22119444444445,124.43797222222223,0.1,0.0,2019-11-01 12:19:47,围网
15704,30.22241666666667,124.43636111111113,0.8,299.0,2019-11-01 12:29:47,围网
15704,30.22363888888889,124.43411111111112,0.7,308.0,2019-11-01 12:39:47,围网
15704,30.23333333333333,124.43433333333334,8.9,15.0,2019-11-01 12:49:47,围网
15704,30.258138888888887,124.4362777777778,8.6,5.0,2019-11-01 12:59:47,围网
15704,30.30725,124.4380277777778,8.5,3.0,2019-11-01 13:19:47,围网
15704,30.33147222222221,124.43891666666669,8.8,359.0,2019-11-01 13:29:47,围网
15704,30.35533333333333,124.44183333333336,8.5,13.0,2019-11-01 13:39:47,围网
15704,30.37919444444445,124.44394444444444,8.6,9.0,2019-11-01 13:49:50,围网
15704,30.403055555555554,124.44716666666667,8.8,11.0,2019-11-01 13:59:49,围网
15704,30.427055555555555,124.45016666666668,8.7,6.0,2019-11-01 14:09:53,围网
15704,30.45072222222222,124.45541666666666,9.0,24.0,2019-11-01 14:19:54,围网
15704,30.474055555555548,124.46055555555556,8.7,15.0,2019-11-01 14:29:51,围网
15704,30.49758333333333,124.461,8.2,11.0,2019-11-01 14:39:54,围网
15704,30.52075,124.46252777777778,8.3,30.0,2019-11-01 14:49:50,围网
15704,30.54475,124.4634722222222,8.5,5.0,2019-11-01 15:00:16,围网
15704,30.553916666666666,124.46688888888887,3.4,284.0,2019-11-01 15:10:13,围网
15704,30.561611111111112,124.47677777777778,2.8,84.0,2019-11-01 15:19:46,围网
15704,30.56036111111111,124.48636111111112,2.9,111.0,2019-11-01 15:29:46,围网
15704,30.556555555555555,124.49477777777778,2.7,117.0,2019-11-01 15:39:46,围网
15704,30.549750000000003,124.51075,2.8,116.0,2019-11-01 15:59:46,围网
15704,30.54663888888889,124.51869444444445,2.7,125.0,2019-11-01 16:09:46,围网
15704,30.54347222222223,124.52680555555555,2.9,108.0,2019-11-01 16:19:46,围网
15704,30.540972222222226,124.53505555555556,3.0,103.0,2019-11-01 16:29:46,围网
15704,30.539,124.5437222222222,3.1,108.0,2019-11-01 16:39:46,围网
15704,30.53700000000001,124.55233333333332,2.9,101.0,2019-11-01 16:49:46,围网
15704,30.535,124.561,3.0,99.0,2019-11-01 16:59:46,围网
15704,30.533027777777786,124.5695,2.9,102.0,2019-11-01 17:09:46,围网
15704,30.53094444444445,124.57777777777777,2.9,103.0,2019-11-01 17:19:46,围网
15704,30.52936111111111,124.58591666666666,2.5,96.0,2019-11-01 17:29:46,围网
15704,30.52813888888889,124.59386111111107,2.5,103.0,2019-11-01 17:39:46,围网
15704,30.527055555555553,124.60155555555555,2.8,98.0,2019-11-01 17:49:48,围网
15704,30.525805555555557,124.60930555555555,2.5,97.0,2019-11-01 18:00:12,围网
15704,30.52472222222222,124.61625,2.3,101.0,2019-11-01 18:09:46,围网
15704,30.52352777777779,124.62319444444445,2.3,107.0,2019-11-01 18:19:46,围网
15704,30.5225,124.62991666666666,2.0,105.0,2019-11-01 18:29:46,围网
15704,30.52141666666667,124.63647222222224,1.9,103.0,2019-11-01 18:39:46,围网
15704,30.517916666666665,124.64258333333336,2.6,140.0,2019-11-01 18:49:46,围网
15704,30.51872222222222,124.63861111111113,2.1,301.0,2019-11-01 18:59:46,围网
15704,30.51511111111111,124.6365,1.7,206.0,2019-11-01 19:09:45,围网
15704,30.51236111111111,124.63377777777781,1.7,231.0,2019-11-01 19:19:45,围网
15704,30.51219444444445,124.64055555555555,7.6,89.0,2019-11-01 19:29:45,围网
15704,30.5115,124.66480555555556,7.5,94.0,2019-11-01 19:39:45,围网
15704,30.510638888888888,124.68913888888888,7.4,96.0,2019-11-01 19:49:45,围网
15704,30.51008333333333,124.69744444444444,4.8,311.0,2019-11-01 19:59:45,围网
15704,30.524472222222233,124.7109722222222,6.9,44.0,2019-11-01 20:09:45,围网
15704,30.53891666666667,124.72655555555555,6.8,42.0,2019-11-01 20:19:45,围网
15704,30.55355555555556,124.74219444444445,7.1,43.0,2019-11-01 20:29:45,围网
15704,30.56783333333333,124.75861111111112,7.1,48.0,2019-11-01 20:39:45,围网
15704,30.582694444444453,124.7747222222222,7.6,37.0,2019-11-01 20:49:45,围网
15704,30.597805555555553,124.79088888888887,7.6,42.0,2019-11-01 20:59:46,围网
15704,30.61338888888889,124.8070277777778,7.5,45.0,2019-11-01 21:09:45,围网
15704,30.629027777777768,124.8232777777778,7.7,43.0,2019-11-01 21:19:45,围网
15704,30.644805555555553,124.83969444444445,8.0,42.0,2019-11-01 21:29:47,围网
15704,30.66058333333333,124.85583333333332,8.3,43.0,2019-11-01 21:39:45,围网
15704,30.677,124.87313888888887,7.6,45.0,2019-11-01 21:50:12,围网
15704,30.691666666666666,124.88936111111113,7.5,44.0,2019-11-01 21:59:45,围网
15704,30.70711111111111,124.90641666666669,7.6,44.0,2019-11-01 22:09:45,围网
15704,30.722527777777767,124.92341666666668,7.7,41.0,2019-11-01 22:19:45,围网
15704,30.754722222222235,124.95730555555555,7.8,44.0,2019-11-01 22:39:45,围网
15704,30.77122222222221,124.97472222222223,7.7,49.0,2019-11-01 22:49:45,围网
15704,30.78777777777778,124.99258333333334,8.2,39.0,2019-11-01 22:59:45,围网
15704,30.805999999999997,125.00861111111112,8.0,36.0,2019-11-01 23:09:45,围网
15704,30.824277777777766,125.02469444444445,8.4,37.0,2019-11-01 23:19:44,围网
15704,30.84172222222222,125.04225,8.4,43.0,2019-11-01 23:29:44,围网
15704,30.859222222222233,125.05986111111108,8.2,45.0,2019-11-01 23:39:44,围网
15704,30.87633333333333,125.07827777777777,8.6,42.0,2019-11-01 23:49:44,围网
15704,30.894,125.09811111111112,8.0,44.0,2019-11-02 00:00:12,围网
15704,30.909861111111113,125.11686111111106,8.8,45.0,2019-11-02 00:09:44,围网
15704,30.926333333333336,125.13680555555555,8.6,43.0,2019-11-02 00:19:44,围网
15704,30.944861111111113,125.1544722222222,8.6,39.0,2019-11-02 00:29:44,围网
15704,30.959888888888887,125.17594444444444,8.4,60.0,2019-11-02 00:39:44,围网
15704,30.97130555555556,125.2,8.5,68.0,2019-11-02 00:49:44,围网
15704,30.98638888888889,125.22013888888887,8.8,24.0,2019-11-02 00:59:44,围网
15704,31.00866666666667,125.23152777777777,9.0,21.0,2019-11-02 01:09:44,围网
15704,31.03238888888889,125.23538888888888,8.6,359.0,2019-11-02 01:19:44,围网
15704,31.05633333333333,125.23966666666666,8.4,14.0,2019-11-02 01:29:43,围网
15704,31.09344444444445,125.27555555555556,9.1,46.0,2019-11-02 01:49:44,围网
15704,31.11077777777778,125.29611111111107,8.9,52.0,2019-11-02 01:59:44,围网
15704,31.128166666666665,125.31661111111107,8.8,44.0,2019-11-02 02:09:44,围网
15704,31.145277777777785,125.33741666666668,8.9,44.0,2019-11-02 02:19:44,围网
15704,31.16336111111111,125.359,8.9,47.0,2019-11-02 02:30:12,围网
15704,31.180222222222234,125.37786111111107,8.5,42.0,2019-11-02 02:39:44,围网
15704,31.198777777777767,125.39633333333332,8.7,46.0,2019-11-02 02:49:44,围网
15704,31.216277777777766,125.41622222222223,8.8,47.0,2019-11-02 02:59:44,围网
15704,31.23275,125.43725,8.7,44.0,2019-11-02 03:09:44,围网
15704,31.249861111111112,125.45722222222223,8.7,50.0,2019-11-02 03:19:44,围网
15704,31.266333333333336,125.47763888888888,8.6,51.0,2019-11-02 03:29:43,围网
15704,31.2785,125.50236111111107,8.9,67.0,2019-11-02 03:39:43,围网
15704,31.287944444444445,125.52880555555555,8.8,60.0,2019-11-02 03:49:43,围网
15704,31.305166666666665,125.54716666666668,7.3,37.0,2019-11-02 03:59:46,围网
15704,31.325138888888887,125.55988888888888,8.4,44.0,2019-11-02 04:10:11,围网
15704,31.34097222222222,125.57763888888887,8.0,43.0,2019-11-02 04:19:43,围网
15704,31.357527777777786,125.59597222222222,8.0,42.0,2019-11-02 04:29:43,围网
15704,31.373916666666666,125.61427777777777,7.9,41.0,2019-11-02 04:39:43,围网
15704,31.39022222222223,125.6325,8.1,43.0,2019-11-02 04:49:43,围网
15704,31.405777777777786,125.65133333333334,8.3,50.0,2019-11-02 04:59:43,围网
15704,31.41936111111111,125.67233333333334,8.3,63.0,2019-11-02 05:09:43,围网
15704,31.43047222222223,125.69569444444444,8.3,61.0,2019-11-02 05:19:43,围网
15704,31.441527777777768,125.71888888888887,8.2,58.0,2019-11-02 05:29:43,围网
15704,31.452472222222234,125.74177777777778,7.9,58.0,2019-11-02 05:39:43,围网
15704,31.46344444444444,125.76430555555555,7.8,59.0,2019-11-02 05:49:42,围网
15704,31.47444444444445,125.78663888888887,8.0,58.0,2019-11-02 05:59:43,围网
15704,31.487361111111113,125.80725,8.1,44.0,2019-11-02 06:09:43,围网
15704,31.500555555555554,125.82294444444445,7.8,46.0,2019-11-02 06:19:44,围网
15704,31.515305555555557,125.84069444444445,7.5,44.0,2019-11-02 06:29:46,围网
15704,31.52991666666667,125.85813888888887,7.5,43.0,2019-11-02 06:39:45,围网
15704,31.54508333333333,125.87602777777781,7.4,43.0,2019-11-02 06:50:11,围网
15704,31.55891666666667,125.89216666666668,7.4,47.0,2019-11-02 06:59:43,围网
15704,31.572138888888887,125.91083333333334,7.3,51.0,2019-11-02 07:09:43,围网
15704,31.585,125.92930555555556,7.4,49.0,2019-11-02 07:19:43,围网
15704,31.597777777777768,125.94769444444445,7.4,48.0,2019-11-02 07:29:43,围网
15704,31.5985,125.95005555555555,1.3,207.0,2019-11-02 07:39:42,围网
15704,31.60352777777778,125.94963888888893,1.6,358.0,2019-11-02 07:49:42,围网
15704,31.6085,125.94883333333334,1.7,352.0,2019-11-02 07:59:42,围网
15704,31.61344444444445,125.948,1.7,347.0,2019-11-02 08:09:42,围网
15704,31.6185,125.94700000000002,1.8,355.0,2019-11-02 08:19:42,围网
15704,31.623472222222233,125.94605555555556,1.8,349.0,2019-11-02 08:29:42,围网
15704,31.62852777777778,125.94505555555556,1.9,350.0,2019-11-02 08:39:42,围网
15704,31.63363888888889,125.94413888888887,1.8,350.0,2019-11-02 08:49:42,围网
15704,31.63872222222221,125.94311111111112,1.7,349.0,2019-11-02 08:59:42,围网
15704,31.643777777777768,125.94219444444445,1.9,352.0,2019-11-02 09:09:42,围网
15704,31.649,125.9412222222222,1.9,351.0,2019-11-02 09:19:42,围网
15704,31.65436111111111,125.94016666666668,2.0,343.0,2019-11-02 09:29:42,围网
15704,31.659722222222207,125.93925,1.8,338.0,2019-11-02 09:39:42,围网
15704,31.665527777777786,125.93813888888893,1.8,354.0,2019-11-02 09:49:42,围网
15704,31.67175,125.9369722222222,2.2,349.0,2019-11-02 10:00:11,围网
15704,31.6775,125.93591666666669,2.0,354.0,2019-11-02 10:09:42,围网
15704,31.68375,125.93475,2.4,350.0,2019-11-02 10:19:42,围网
15704,31.69019444444445,125.93361111111112,2.3,353.0,2019-11-02 10:29:42,围网
15704,31.69686111111111,125.93233333333332,2.2,351.0,2019-11-02 10:39:42,围网
15704,31.70363888888889,125.93111111111112,2.5,346.0,2019-11-02 10:49:42,围网
15704,31.71058333333333,125.92980555555555,2.5,349.0,2019-11-02 10:59:42,围网
15704,31.724888888888888,125.92725,2.5,351.0,2019-11-02 11:19:42,围网
15704,31.732138888888887,125.9260277777778,2.6,350.0,2019-11-02 11:29:42,围网
15704,31.739472222222233,125.92469444444444,2.8,347.0,2019-11-02 11:39:42,围网
15704,31.74683333333333,125.92327777777778,2.6,356.0,2019-11-02 11:49:42,围网
15704,31.754222222222207,125.92188888888887,2.6,354.0,2019-11-02 11:59:42,围网
15704,31.76158333333333,125.92058333333334,2.6,353.0,2019-11-02 12:09:41,围网
15704,31.76902777777777,125.91922222222223,2.9,348.0,2019-11-02 12:19:41,围网
15704,31.776527777777765,125.918,2.7,349.0,2019-11-02 12:29:41,围网
15704,31.78408333333333,125.91658333333334,2.8,356.0,2019-11-02 12:39:41,围网
15704,31.791638888888887,125.91522222222223,2.8,348.0,2019-11-02 12:49:41,围网
15704,31.799027777777766,125.91372222222223,2.6,350.0,2019-11-02 12:59:47,围网
15704,31.80688888888889,125.91236111111112,2.6,348.0,2019-11-02 13:10:10,围网
15704,31.805027777777767,125.91283333333334,2.6,199.0,2019-11-02 13:19:41,围网
15704,31.80675,125.91475,0.6,311.0,2019-11-02 13:29:41,围网
15704,31.80791666666667,125.91461111111113,0.4,1.0,2019-11-02 13:39:41,围网
15704,31.80991666666667,125.90413888888894,6.7,276.0,2019-11-02 13:49:41,围网
15704,31.82108333333333,125.88311111111106,8.5,313.0,2019-11-02 13:59:41,围网
15704,31.837416666666666,125.86163888888888,8.7,313.0,2019-11-02 14:09:41,围网
15704,31.853583333333336,125.84036111111112,8.4,309.0,2019-11-02 14:19:41,围网
15704,31.86991666666667,125.81930555555556,8.4,316.0,2019-11-02 14:29:41,围网
15704,31.888,125.79933333333334,8.8,316.0,2019-11-02 14:39:46,围网
15704,31.90872222222222,125.78158333333332,8.8,325.0,2019-11-02 14:50:09,围网
15704,31.92841666666667,125.76569444444445,8.8,327.0,2019-11-02 14:59:41,围网
15704,31.94161111111111,125.7555,8.1,331.0,2019-11-02 15:09:41,围网
15704,31.96225,125.73941666666666,8.7,327.0,2019-11-02 15:19:41,围网
15704,31.98125,125.72094444444444,8.7,319.0,2019-11-02 15:29:41,围网
15704,31.989694444444453,125.71288888888887,2.8,141.0,2019-11-02 15:39:41,围网
15704,31.980694444444442,125.71208333333333,2.0,182.0,2019-11-02 15:49:41,围网
15704,31.97519444444445,125.71208333333333,1.9,179.0,2019-11-02 15:59:41,围网
15704,31.969805555555553,125.71213888888887,2.0,181.0,2019-11-02 16:09:41,围网
15704,31.96458333333333,125.71175,1.7,189.0,2019-11-02 16:19:40,围网
15704,31.95958333333333,125.71088888888893,1.7,190.0,2019-11-02 16:29:40,围网
15704,31.95441666666667,125.7109722222222,2.0,171.0,2019-11-02 16:39:40,围网
15704,31.94919444444445,125.7110277777778,1.8,173.0,2019-11-02 16:49:40,围网
15704,31.943972222222207,125.7109722222222,1.7,182.0,2019-11-02 16:59:40,围网
15704,31.938805555555557,125.71063888888894,1.8,167.0,2019-11-02 17:09:40,围网
15704,31.93358333333333,125.71036111111113,2.1,169.0,2019-11-02 17:19:40,围网
15704,31.92819444444445,125.71011111111113,1.7,172.0,2019-11-02 17:29:40,围网
15704,31.922916666666666,125.70969444444445,2.1,171.0,2019-11-02 17:39:40,围网
15704,31.91713888888889,125.70955555555555,1.9,185.0,2019-11-02 17:50:08,围网
15704,31.91177777777777,125.70975,2.1,166.0,2019-11-02 17:59:40,围网
15704,31.90691666666667,125.71525,2.8,124.0,2019-11-02 18:09:40,围网
15704,31.90425,125.72230555555555,2.1,121.0,2019-11-02 18:19:40,围网
15704,31.901888888888887,125.72891666666666,2.3,114.0,2019-11-02 18:29:40,围网
15704,31.902055555555553,125.7314722222222,2.4,281.0,2019-11-02 18:39:40,围网
15704,31.90063888888889,125.73025,0.8,56.0,2019-11-02 18:49:40,围网
15704,31.899027777777768,125.73197222222224,1.9,146.0,2019-11-02 18:59:40,围网
15704,31.895888888888887,125.73136111111113,8.0,220.0,2019-11-02 19:09:40,围网
15704,31.87844444444445,125.71302777777777,8.5,225.0,2019-11-02 19:19:40,围网
15704,31.86175,125.69230555555555,8.7,226.0,2019-11-02 19:29:40,围网
15704,31.845194444444445,125.67172222222223,8.3,228.0,2019-11-02 19:39:40,围网
15704,31.828861111111113,125.65019444444445,8.6,229.0,2019-11-02 19:49:40,围网
15704,31.811,125.62658333333331,8.9,229.0,2019-11-02 20:00:36,围网
15704,31.795472222222234,125.60744444444444,9.1,221.0,2019-11-02 20:09:39,围网
15704,31.77897222222222,125.58563888888888,9.1,231.0,2019-11-02 20:19:39,围网
15704,31.763,125.56302777777776,9.2,231.0,2019-11-02 20:29:39,围网
15704,31.747027777777767,125.54019444444445,9.1,232.0,2019-11-02 20:39:39,围网
15704,31.731055555555557,125.51752777777777,9.1,227.0,2019-11-02 20:49:38,围网
15704,31.714972222222233,125.49494444444444,8.9,229.0,2019-11-02 20:59:39,围网
15704,31.69880555555556,125.47244444444445,9.1,230.0,2019-11-02 21:09:38,围网
15704,31.68241666666667,125.45036111111112,9.0,228.0,2019-11-02 21:19:39,围网
15704,31.66566666666667,125.42838888888893,9.1,221.0,2019-11-02 21:29:38,围网
15704,31.64911111111111,125.40616666666668,9.0,225.0,2019-11-02 21:39:38,围网
15704,31.63233333333333,125.38422222222223,9.0,229.0,2019-11-02 21:49:38,围网
15704,31.61272222222223,125.36686111111106,9.0,232.0,2019-11-02 21:59:38,围网
15704,31.59625,125.34458333333332,8.9,229.0,2019-11-02 22:09:38,围网
15704,31.579694444444453,125.32238888888894,8.9,222.0,2019-11-02 22:19:38,围网
15704,31.563055555555557,125.30019444444444,9.2,228.0,2019-11-02 22:29:38,围网
15704,31.54630555555556,125.27794444444444,8.8,222.0,2019-11-02 22:39:38,围网
15704,31.529694444444445,125.25605555555555,8.9,228.0,2019-11-02 22:49:41,围网
15704,31.513388888888887,125.23444444444445,8.7,230.0,2019-11-02 22:59:39,围网
15704,31.48113888888889,125.19197222222222,7.9,224.0,2019-11-02 23:19:40,围网
15704,31.4655,125.17008333333334,9.3,245.0,2019-11-02 23:29:39,围网
15704,31.448722222222226,125.14825,8.7,231.0,2019-11-02 23:40:06,围网
15704,31.43358333333333,125.12825,8.6,221.0,2019-11-02 23:49:38,围网
15704,31.41772222222223,125.10736111111108,8.6,229.0,2019-11-02 23:59:38,围网
15704,31.40294444444444,125.0855,8.6,234.0,2019-11-03 00:09:38,围网
15704,31.39027777777777,125.06180555555555,8.5,238.0,2019-11-03 00:19:38,围网
15704,31.37708333333333,125.03872222222222,8.3,228.0,2019-11-03 00:29:38,围网
15704,31.36216666666667,125.01783333333334,8.6,235.0,2019-11-03 00:39:38,围网
15704,31.34741666666667,124.9970277777778,8.1,227.0,2019-11-03 00:49:38,围网
15704,31.33083333333333,124.97869444444444,8.0,222.0,2019-11-03 00:59:37,围网
15704,31.31508333333333,124.95991666666669,7.9,226.0,2019-11-03 01:09:37,围网
15704,31.30013888888889,124.94027777777778,8.1,229.0,2019-11-03 01:19:37,围网
15704,31.28538888888889,124.92063888888893,8.1,225.0,2019-11-03 01:29:37,围网
15704,31.27072222222222,124.90111111111112,7.1,217.0,2019-11-03 01:39:37,围网
15704,31.256138888888888,124.88183333333332,7.7,228.0,2019-11-03 01:49:37,围网
15704,31.24133333333333,124.86088888888894,8.0,223.0,2019-11-03 02:00:11,围网
15704,31.22855555555555,124.84188888888887,7.9,233.0,2019-11-03 02:09:37,围网
15704,31.196472222222226,124.80641666666666,8.7,214.0,2019-11-03 02:29:37,围网
15704,31.178638888888887,124.79141666666666,7.9,214.0,2019-11-03 02:39:37,围网
15704,31.16069444444444,124.77661111111112,7.9,211.0,2019-11-03 02:49:37,围网
15704,31.12625,124.74388888888888,8.3,220.0,2019-11-03 03:09:37,围网
15704,31.109222222222233,124.7270277777778,8.1,213.0,2019-11-03 03:19:37,围网
15704,31.090916666666665,124.71175,8.2,219.0,2019-11-03 03:29:37,围网
15704,31.072194444444445,124.70613888888887,2.1,218.0,2019-11-03 03:39:37,围网
15704,31.06416666666667,124.71025,2.4,157.0,2019-11-03 03:49:37,围网
15704,31.059305555555554,124.71675,2.8,116.0,2019-11-03 03:59:37,围网
15704,31.05563888888889,124.72444444444444,2.7,121.0,2019-11-03 04:09:37,围网
15704,31.051805555555553,124.73188888888888,2.7,116.0,2019-11-03 04:19:37,围网
15704,31.048416666666668,124.73988888888893,2.7,110.0,2019-11-03 04:29:37,围网
15704,31.04511111111111,124.748,2.8,110.0,2019-11-03 04:39:37,围网
15704,31.038250000000005,124.76425,2.9,100.0,2019-11-03 04:59:37,围网
15704,31.035,124.7727222222222,3.0,0.0,2019-11-03 05:09:36,围网
15704,31.031777777777766,124.781,2.6,102.0,2019-11-03 05:19:36,围网
15704,31.028805555555557,124.78927777777777,2.9,98.0,2019-11-03 05:29:36,围网
15704,31.02588888888889,124.79758333333334,3.3,94.0,2019-11-03 05:39:36,围网
15704,31.02336111111111,124.80594444444445,3.4,100.0,2019-11-03 05:49:36,围网
15704,31.02069444444444,124.81469444444444,2.9,112.0,2019-11-03 06:00:06,围网
15704,31.018166666666666,124.82261111111107,2.5,92.0,2019-11-03 06:09:36,围网
15704,31.015555555555554,124.83077777777777,2.5,109.0,2019-11-03 06:19:36,围网
15704,31.012777777777767,124.83883333333333,3.1,114.0,2019-11-03 06:29:36,围网
15704,31.010222222222232,124.84675,2.8,108.0,2019-11-03 06:39:36,围网
15704,31.00786111111111,124.8544722222222,2.6,102.0,2019-11-03 06:49:36,围网
15704,31.005472222222235,124.862,2.6,111.0,2019-11-03 06:59:36,围网
15704,31.002916666666664,124.86938888888888,2.1,95.0,2019-11-03 07:09:36,围网
15704,31.000611111111112,124.87675,2.1,0.0,2019-11-03 07:19:37,围网
15704,30.99827777777778,124.88397222222223,2.1,0.0,2019-11-03 07:29:37,围网
15704,30.995638888888887,124.89136111111112,2.2,108.0,2019-11-03 07:40:04,围网
15704,30.993666666666666,124.89786111111113,2.0,105.0,2019-11-03 07:49:36,围网
15704,30.99238888888889,124.90019444444445,2.3,274.0,2019-11-03 07:59:36,围网
15704,30.98997222222223,124.89686111111112,4.6,221.0,2019-11-03 08:09:36,围网
15704,30.98622222222221,124.8952777777778,1.2,198.0,2019-11-03 08:19:36,围网
15704,30.982805555555554,124.89355555555555,2.7,255.0,2019-11-03 08:29:36,围网
15704,30.984972222222233,124.89330555555556,7.5,315.0,2019-11-03 08:39:36,围网
15704,30.98988888888889,124.88505555555555,1.9,298.0,2019-11-03 08:49:36,围网
15704,30.99183333333333,124.8785277777778,2.1,299.0,2019-11-03 08:59:36,围网
15704,30.99388888888889,124.87194444444445,2.3,284.0,2019-11-03 09:09:36,围网
15704,30.99608333333333,124.8652777777778,2.3,284.0,2019-11-03 09:19:35,围网
15704,30.99838888888889,124.85844444444444,2.7,282.0,2019-11-03 09:29:35,围网
15704,31.0005,124.85116666666669,3.2,279.0,2019-11-03 09:39:35,围网
15704,31.002666666666666,124.84366666666666,2.6,295.0,2019-11-03 09:49:38,围网
15704,31.00641666666667,124.82799999999999,2.9,274.0,2019-11-03 10:09:35,围网
15704,31.008388888888888,124.81994444444445,2.5,286.0,2019-11-03 10:19:35,围网
15704,31.010472222222226,124.81191666666666,3.1,288.0,2019-11-03 10:29:35,围网
15704,31.01233333333333,124.80369444444445,2.6,282.0,2019-11-03 10:39:35,围网
15704,31.01383333333333,124.7952222222222,2.9,281.0,2019-11-03 10:49:35,围网
15704,31.01580555555556,124.78686111111112,2.5,282.0,2019-11-03 10:59:35,围网
15704,31.017916666666665,124.77861111111108,2.6,292.0,2019-11-03 11:09:35,围网
15704,31.02,124.77044444444445,2.6,297.0,2019-11-03 11:19:35,围网
15704,31.02213888888889,124.76211111111112,2.6,299.0,2019-11-03 11:29:35,围网
15704,31.024555555555555,124.75394444444444,2.7,293.0,2019-11-03 11:39:35,围网
15704,31.02713888888889,124.74575,2.8,276.0,2019-11-03 11:49:35,围网
15704,31.02966666666667,124.73763888888887,2.8,289.0,2019-11-03 11:59:35,围网
15704,31.032277777777768,124.72961111111113,2.4,283.0,2019-11-03 12:09:35,围网
15704,31.03477777777778,124.72169444444445,2.3,279.0,2019-11-03 12:19:35,围网
15704,31.037222222222233,124.71405555555555,2.7,291.0,2019-11-03 12:29:35,围网
15704,31.039777777777786,124.70644444444444,2.7,289.0,2019-11-03 12:39:35,围网
15704,31.04288888888889,124.6987777777778,2.6,288.0,2019-11-03 12:49:36,围网
15704,31.044694444444453,124.69119444444445,2.5,0.0,2019-11-03 12:59:45,围网
15704,31.04752777777778,124.68355555555556,2.5,276.0,2019-11-03 13:10:03,围网
15704,31.04741666666667,124.68544444444444,2.5,147.0,2019-11-03 13:19:35,围网
15704,31.049750000000003,124.68741666666668,2.6,147.0,2019-11-03 13:29:34,围网
15704,31.04977777777778,124.6862777777778,0.2,0.0,2019-11-03 13:39:34,围网
15704,31.049833333333336,124.6849722222222,0.4,233.0,2019-11-03 13:49:34,围网
15704,31.037972222222226,124.67511111111112,8.6,210.0,2019-11-03 13:59:35,围网
15704,31.018638888888887,124.65875,8.7,216.0,2019-11-03 14:09:34,围网
15704,31.000999999999998,124.63919444444444,8.5,223.0,2019-11-03 14:19:34,围网
15704,30.984638888888888,124.62008333333333,8.3,228.0,2019-11-03 14:29:34,围网
15704,30.968611111111112,124.60069444444444,8.3,223.0,2019-11-03 14:39:34,围网
15704,30.9515,124.58036111111113,8.3,232.0,2019-11-03 14:50:12,围网
15704,30.93630555555556,124.56266666666669,8.1,224.0,2019-11-03 14:59:34,围网
15704,30.92208333333333,124.5420277777778,8.2,228.0,2019-11-03 15:09:34,围网
15704,30.907611111111112,124.5215277777778,8.0,230.0,2019-11-03 15:19:34,围网
15704,30.893027777777768,124.5007222222222,8.4,231.0,2019-11-03 15:29:34,围网
15704,30.87808333333333,124.47994444444444,8.5,232.0,2019-11-03 15:39:34,围网
15704,30.86358333333333,124.45944444444444,7.8,231.0,2019-11-03 15:49:34,围网
15704,30.85175,124.44927777777778,6.5,185.0,2019-11-03 15:59:34,围网
15704,30.84533333333333,124.45266666666667,2.6,127.0,2019-11-03 16:09:34,围网
15704,30.84183333333333,124.46086111111113,2.6,111.0,2019-11-03 16:19:34,围网
15704,30.83897222222221,124.46844444444444,2.6,105.0,2019-11-03 16:29:34,围网
15704,30.83663888888889,124.47608333333334,2.5,115.0,2019-11-03 16:39:34,围网
15704,30.834166666666665,124.48375,2.6,103.0,2019-11-03 16:49:34,围网
15704,30.83183333333333,124.4915277777778,2.8,105.0,2019-11-03 16:59:34,围网
15704,30.82922222222221,124.49930555555555,2.9,114.0,2019-11-03 17:09:34,围网
15704,30.826583333333332,124.50713888888887,2.4,101.0,2019-11-03 17:19:34,围网
15704,30.824277777777766,124.5149722222222,3.6,107.0,2019-11-03 17:29:35,围网
15704,30.822055555555554,124.52336111111107,4.1,107.0,2019-11-03 17:39:36,围网
15704,30.81983333333333,124.53175,2.7,98.0,2019-11-03 17:50:02,围网
15704,30.817777777777767,124.5395,2.8,111.0,2019-11-03 17:59:33,围网
15704,30.81558333333333,124.54763888888887,2.7,108.0,2019-11-03 18:09:33,围网
15704,30.813194444444445,124.55580555555555,2.7,104.0,2019-11-03 18:19:33,围网
15704,30.81077777777778,124.56397222222222,2.5,108.0,2019-11-03 18:29:33,围网
15704,30.80830555555556,124.5719722222222,2.6,106.0,2019-11-03 18:39:33,围网
15704,30.805750000000003,124.57988888888887,3.0,107.0,2019-11-03 18:49:33,围网
15704,30.80313888888889,124.58775,2.2,110.0,2019-11-03 18:59:33,围网
15704,30.800500000000003,124.59555555555555,3.2,111.0,2019-11-03 19:09:33,围网
15704,30.797916666666666,124.6032777777778,2.9,109.0,2019-11-03 19:19:33,围网
15704,30.795666666666666,124.61097222222222,2.6,102.0,2019-11-03 19:29:33,围网
15704,30.79358333333333,124.61863888888887,2.7,105.0,2019-11-03 19:39:33,围网
15704,30.7915,124.62616666666666,2.1,96.0,2019-11-03 19:49:33,围网
15704,30.789222222222207,124.63402777777776,2.2,106.0,2019-11-03 20:00:01,围网
15704,30.78702777777778,124.64102777777778,2.4,108.0,2019-11-03 20:09:33,围网
15704,30.78469444444445,124.64825,2.7,120.0,2019-11-03 20:19:33,围网
15704,30.782027777777767,124.65522222222219,0.8,144.0,2019-11-03 20:29:33,围网
15704,30.78383333333333,124.65005555555555,1.6,265.0,2019-11-03 20:39:33,围网
15704,30.77966666666667,124.6505,0.6,198.0,2019-11-03 20:49:33,围网
15704,30.776527777777765,124.64944444444444,1.4,200.0,2019-11-03 20:59:33,围网
15704,30.77822222222222,124.64419444444445,0.7,210.0,2019-11-03 21:09:33,围网
15704,30.78022222222221,124.63402777777776,1.8,284.0,2019-11-03 21:19:33,围网
15704,30.78238888888889,124.6279722222222,2.1,280.0,2019-11-03 21:29:33,围网
15704,30.78461111111111,124.62180555555555,1.9,303.0,2019-11-03 21:39:33,围网
15704,30.78688888888889,124.61541666666666,1.9,299.0,2019-11-03 21:49:32,围网
15704,30.789277777777766,124.60883333333332,1.9,280.0,2019-11-03 21:59:33,围网
15704,30.79136111111111,124.6020277777778,2.4,284.0,2019-11-03 22:09:33,围网
15704,30.793722222222208,124.59522222222222,3.2,280.0,2019-11-03 22:19:33,围网
15704,30.79591666666667,124.58825,2.5,296.0,2019-11-03 22:29:34,围网
15704,30.798111111111112,124.5812222222222,1.9,301.0,2019-11-03 22:39:36,围网
15704,30.80027777777779,124.57416666666666,3.0,278.0,2019-11-03 22:49:35,围网
15704,30.80233333333333,124.56716666666668,2.3,290.0,2019-11-03 22:59:35,围网
15704,30.80472222222223,124.56008333333334,2.3,305.0,2019-11-03 23:09:35,围网
15704,30.80716666666667,124.5529722222222,2.6,304.0,2019-11-03 23:19:32,围网
15704,30.809472222222233,124.54583333333332,3.2,178.0,2019-11-03 23:29:33,围网
15704,30.81183333333333,124.53855555555555,2.1,0.0,2019-11-03 23:39:35,围网
15704,30.81425,124.53116666666668,2.8,277.0,2019-11-03 23:50:00,围网
15704,30.81636111111111,124.52430555555556,3.1,272.0,2019-11-03 23:59:31,围网
15704,30.81877777777777,124.51716666666668,2.1,283.0,2019-11-04 00:09:32,围网
15704,30.821055555555557,124.50958333333332,2.6,294.0,2019-11-04 00:19:32,围网
15704,30.82344444444445,124.50208333333332,2.5,292.0,2019-11-04 00:29:32,围网
15704,30.825888888888887,124.49458333333332,2.5,281.0,2019-11-04 00:39:32,围网
15704,30.828277777777767,124.48716666666668,2.1,282.0,2019-11-04 00:49:32,围网
15704,30.83083333333333,124.47997222222222,2.3,298.0,2019-11-04 00:59:32,围网
15704,30.83358333333333,124.47291666666666,1.8,291.0,2019-11-04 01:09:32,围网
15704,30.836166666666664,124.46577777777777,2.9,276.0,2019-11-04 01:19:32,围网
15704,30.838527777777767,124.45875,2.3,290.0,2019-11-04 01:29:32,围网
15704,30.840944444444442,124.45186111111113,2.1,297.0,2019-11-04 01:39:32,围网
15704,30.84336111111111,124.445,2.7,312.0,2019-11-04 01:49:32,围网
15704,30.845666666666666,124.43780555555556,2.6,264.0,2019-11-04 01:59:59,围网
15704,30.847666666666665,124.43133333333334,3.1,282.0,2019-11-04 02:09:31,围网
15704,30.84927777777777,124.42491666666668,1.8,110.0,2019-11-04 02:19:31,围网
15704,30.84958333333333,124.43036111111113,1.4,278.0,2019-11-04 02:29:31,围网
15704,30.849027777777767,124.42933333333336,2.9,216.0,2019-11-04 02:39:31,围网
15704,30.84808333333333,124.42855555555555,1.0,217.0,2019-11-04 02:49:31,围网
15704,30.84708333333333,124.42738888888893,2.8,319.0,2019-11-04 02:59:31,围网
15704,30.85369444444445,124.41930555555555,0.9,337.0,2019-11-04 03:09:31,围网
15704,30.859305555555554,124.42427777777776,4.1,59.0,2019-11-04 03:19:31,围网
15704,30.86122222222223,124.43269444444445,2.6,81.0,2019-11-04 03:29:31,围网
15704,30.85897222222223,124.44083333333332,2.2,129.0,2019-11-04 03:39:31,围网
15704,30.85655555555556,124.44825,2.4,66.0,2019-11-04 03:49:31,围网
15704,30.854138888888887,124.45555555555555,3.6,129.0,2019-11-04 03:59:31,围网
15704,30.85175,124.46302777777777,2.5,107.0,2019-11-04 04:09:31,围网
15704,30.84938888888889,124.47069444444445,2.8,126.0,2019-11-04 04:19:37,围网
15704,30.846916666666665,124.47875,2.7,86.0,2019-11-04 04:30:00,围网
15704,30.844805555555553,124.48594444444444,2.5,102.0,2019-11-04 04:39:31,围网
15704,30.842472222222234,124.49380555555555,2.6,88.0,2019-11-04 04:49:31,围网
15704,30.840222222222234,124.50175,3.3,125.0,2019-11-04 04:59:31,围网
15704,30.837694444444452,124.50955555555555,2.8,82.0,2019-11-04 05:09:31,围网
15704,30.83511111111111,124.51738888888887,2.6,112.0,2019-11-04 05:19:31,围网
15704,30.832555555555555,124.52525,2.6,100.0,2019-11-04 05:29:31,围网
15704,30.83008333333333,124.53325,3.0,76.0,2019-11-04 05:39:31,围网
15704,30.827361111111113,124.54116666666668,3.0,92.0,2019-11-04 05:49:31,围网
15704,30.82469444444445,124.54902777777777,4.3,136.0,2019-11-04 05:59:31,围网
15704,30.822194444444445,124.55694444444444,2.3,109.0,2019-11-04 06:09:30,围网
15704,30.81925,124.56466666666668,2.6,113.0,2019-11-04 06:19:30,围网
15704,30.81630555555556,124.57241666666668,3.8,97.0,2019-11-04 06:29:30,围网
15704,30.81372222222221,124.58022222222222,3.0,51.0,2019-11-04 06:39:30,围网
15704,30.810944444444445,124.58788888888887,3.1,0.0,2019-11-04 06:49:32,围网
15704,30.80777777777779,124.59519444444445,4.5,114.0,2019-11-04 07:00:00,围网
15704,30.802277777777785,124.60880555555555,3.1,133.0,2019-11-04 07:19:30,围网
15704,30.799527777777786,124.61566666666666,1.6,87.0,2019-11-04 07:29:30,围网
15704,30.79705555555556,124.6225,4.1,73.0,2019-11-04 07:39:30,围网
15704,30.79438888888889,124.62908333333333,2.4,83.0,2019-11-04 07:49:30,围网
15704,30.79091666666667,124.63491666666668,4.4,111.0,2019-11-04 07:59:30,围网
15704,30.787722222222232,124.6345277777778,2.2,0.0,2019-11-04 08:09:30,围网
15704,30.78777777777778,124.63202777777781,3.1,0.0,2019-11-04 08:19:30,围网
15704,30.78341666666667,124.63119444444445,2.0,0.0,2019-11-04 08:29:30,围网
15704,30.778861111111112,124.6299722222222,3.2,132.0,2019-11-04 08:39:30,围网
15704,30.77397222222222,124.6269722222222,3.9,190.0,2019-11-04 08:50:12,围网
15704,30.76933333333333,124.62397222222219,2.2,211.0,2019-11-04 08:59:30,围网
15704,30.76275,124.62766666666668,6.9,93.0,2019-11-04 09:09:30,围网
15704,30.75561111111111,124.65002777777778,7.1,114.0,2019-11-04 09:19:30,围网
15704,30.749055555555554,124.67205555555556,5.5,103.0,2019-11-04 09:29:30,围网
15704,30.74744444444445,124.666,7.2,311.0,2019-11-04 09:39:30,围网
15704,30.750277777777786,124.65791666666668,1.3,296.0,2019-11-04 09:49:30,围网
15704,30.75188888888889,124.65169444444444,2.9,270.0,2019-11-04 09:59:30,围网
15704,30.753722222222233,124.64522222222223,1.3,289.0,2019-11-04 10:09:29,围网
15704,30.75597222222222,124.6387777777778,2.8,339.0,2019-11-04 10:19:29,围网
15704,30.758138888888887,124.63202777777781,2.1,0.0,2019-11-04 10:29:29,围网
15704,30.760388888888887,124.62519444444445,2.0,293.0,2019-11-04 10:39:29,围网
15704,30.76241666666667,124.61825,2.3,291.0,2019-11-04 10:49:29,围网
15704,30.76469444444445,124.61108333333333,2.2,347.0,2019-11-04 10:59:29,围网
15704,30.766666666666666,124.60388888888887,1.6,299.0,2019-11-04 11:09:29,围网
15704,30.76880555555556,124.59655555555555,1.0,0.0,2019-11-04 11:19:30,围网
15704,30.771166666666666,124.58883333333333,1.7,286.0,2019-11-04 11:29:58,围网
15704,30.77336111111111,124.58180555555555,2.1,289.0,2019-11-04 11:39:29,围网
15704,30.775666666666666,124.57444444444445,2.9,279.0,2019-11-04 11:49:29,围网
15704,30.77788888888889,124.56686111111112,2.1,297.0,2019-11-04 11:59:29,围网
15704,30.77986111111111,124.55919444444444,1.7,306.0,2019-11-04 12:09:29,围网
15704,30.78216666666667,124.55155555555555,1.3,303.0,2019-11-04 12:19:29,围网
15704,30.78458333333333,124.544,2.4,292.0,2019-11-04 12:29:29,围网
15704,30.78683333333333,124.53625,4.4,278.0,2019-11-04 12:39:29,围网
15704,30.78913888888889,124.5285,2.6,263.0,2019-11-04 12:49:30,围网
15704,30.791472222222207,124.52091666666666,2.1,319.0,2019-11-04 12:59:29,围网
15704,30.79405555555556,124.5135,2.5,290.0,2019-11-04 13:09:29,围网
15704,30.796527777777786,124.50611111111112,3.6,266.0,2019-11-04 13:19:29,围网
15704,30.80191666666667,124.49136111111108,1.4,0.0,2019-11-04 13:39:29,围网
15704,30.8045,124.48352777777778,2.7,301.0,2019-11-04 13:49:58,围网
15704,30.807,124.47641666666668,2.2,0.0,2019-11-04 13:59:29,围网
15704,30.809472222222233,124.46905555555556,2.2,0.0,2019-11-04 14:09:28,围网
15704,30.81183333333333,124.46166666666667,2.2,310.0,2019-11-04 14:19:28,围网
15704,30.81411111111111,124.4542777777778,3.1,323.0,2019-11-04 14:29:28,围网
15704,30.81486111111111,124.45488888888893,2.2,31.0,2019-11-04 14:39:28,围网
15704,30.81372222222221,124.45388888888893,1.4,214.0,2019-11-04 14:49:58,围网
15704,30.8125,124.45163888888888,0.9,231.0,2019-11-04 14:59:28,围网
15704,30.81088888888889,124.44894444444445,1.6,248.0,2019-11-04 15:09:27,围网
15704,30.80563888888889,124.45863888888887,5.0,125.0,2019-11-04 15:20:10,围网
15704,30.79883333333333,124.45883333333332,7.2,184.0,2019-11-04 15:29:27,围网
15704,30.78550000000001,124.45708333333332,6.5,192.0,2019-11-04 15:39:27,围网
15704,30.76736111111111,124.44472222222224,7.5,225.0,2019-11-04 15:49:27,围网
15704,30.76166666666667,124.40394444444445,6.4,287.0,2019-11-04 16:09:27,围网
15704,30.75866666666667,124.39941666666668,2.9,182.0,2019-11-04 16:19:27,围网
15704,30.75569444444445,124.4009722222222,0.8,197.0,2019-11-04 16:29:27,围网
15704,30.75236111111111,124.4014722222222,7.0,236.0,2019-11-04 16:39:27,围网
15704,30.75019444444445,124.40005555555555,2.3,169.0,2019-11-04 16:49:27,围网
15704,30.74719444444445,124.39925,1.1,252.0,2019-11-04 16:59:27,围网
15704,30.74297222222223,124.39969444444445,1.7,159.0,2019-11-04 17:09:27,围网
15704,30.74058333333333,124.40227777777778,1.3,135.0,2019-11-04 17:19:27,围网
15704,30.734444444444453,124.40022222222223,7.3,231.0,2019-11-04 17:29:27,围网
15704,30.72519444444445,124.37955555555556,7.2,247.0,2019-11-04 17:39:27,围网
15704,30.716472222222233,124.35861111111107,7.7,251.0,2019-11-04 17:49:27,围网
15704,30.707166666666666,124.33572222222222,7.6,231.0,2019-11-04 18:00:10,围网
15704,30.69894444444445,124.31566666666666,8.5,224.0,2019-11-04 18:09:27,围网
15704,30.690166666666666,124.29402777777777,7.9,254.0,2019-11-04 18:19:27,围网
15704,30.68141666666667,124.27222222222224,7.2,257.0,2019-11-04 18:29:27,围网
15704,30.672638888888887,124.25061111111113,7.5,253.0,2019-11-04 18:39:27,围网
15704,30.663666666666664,124.22905555555555,7.8,247.0,2019-11-04 18:49:26,围网
15704,30.654416666666666,124.21283333333334,2.8,160.0,2019-11-04 18:59:26,围网
15704,30.645,124.21125,5.0,188.0,2019-11-04 19:09:26,围网
15704,30.637638888888887,124.2105,2.3,180.0,2019-11-04 19:19:26,围网
15704,30.63083333333333,124.20988888888893,2.2,175.0,2019-11-04 19:29:26,围网
15704,30.62397222222221,124.20961111111113,2.6,178.0,2019-11-04 19:39:26,围网
15704,30.61711111111111,124.20938888888894,2.3,156.0,2019-11-04 19:49:26,围网
15704,30.610194444444453,124.20897222222223,2.3,179.0,2019-11-04 19:59:27,围网
15704,30.60325000000001,124.20880555555556,2.4,184.0,2019-11-04 20:09:26,围网
15704,30.59636111111111,124.20827777777778,2.6,178.0,2019-11-04 20:19:26,围网
15704,30.58936111111111,124.208,2.8,185.0,2019-11-04 20:29:26,围网
15704,30.58233333333333,124.20794444444445,2.9,161.0,2019-11-04 20:39:26,围网
15704,30.575277777777767,124.2079722222222,4.0,194.0,2019-11-04 20:49:26,围网
15704,30.568222222222207,124.20813888888893,2.8,166.0,2019-11-04 20:59:26,围网
15704,30.561138888888888,124.20816666666668,3.3,170.0,2019-11-04 21:09:26,围网
15704,30.554111111111112,124.20813888888893,2.5,179.0,2019-11-04 21:19:26,围网
15704,30.54708333333333,124.20813888888893,3.4,174.0,2019-11-04 21:29:26,围网
15704,30.53975,124.20822222222223,2.1,180.0,2019-11-04 21:39:57,围网
15704,30.533027777777786,124.20822222222223,2.6,195.0,2019-11-04 21:49:26,围网
15704,30.526138888888887,124.20838888888893,2.5,196.0,2019-11-04 21:59:26,围网
15704,30.51933333333333,124.20847222222223,2.7,193.0,2019-11-04 22:09:26,围网
15704,30.5125,124.20841666666668,2.5,157.0,2019-11-04 22:19:26,围网
15704,30.505722222222207,124.20847222222223,2.4,187.0,2019-11-04 22:29:26,围网
15704,30.49897222222221,124.20875,2.1,157.0,2019-11-04 22:39:26,围网
15704,30.49241666666667,124.20891666666668,2.3,174.0,2019-11-04 22:49:26,围网
15704,30.485972222222234,124.20897222222223,1.4,0.0,2019-11-04 22:59:25,围网
15704,30.47966666666667,124.20908333333334,1.7,0.0,2019-11-04 23:09:27,围网
15704,30.4735,124.20905555555555,2.2,173.0,2019-11-04 23:19:41,围网
15704,30.467527777777768,124.2090277777778,2.2,185.0,2019-11-04 23:29:25,围网
15704,30.469305555555554,124.20872222222219,1.9,336.0,2019-11-04 23:39:25,围网
15704,30.46863888888889,124.20769444444444,1.6,184.0,2019-11-04 23:49:25,围网
15704,30.466277777777766,124.20666666666666,1.5,183.0,2019-11-04 23:59:40,围网
15704,30.464,124.20530555555555,2.3,192.0,2019-11-05 00:09:25,围网
15704,30.46161111111111,124.203,3.3,256.0,2019-11-05 00:19:25,围网
15704,30.47233333333333,124.20219444444444,2.7,349.0,2019-11-05 00:29:25,围网
15704,30.47808333333333,124.19852777777778,5.7,331.0,2019-11-05 00:39:28,围网
15704,30.48322222222221,124.19480555555555,1.8,325.0,2019-11-05 00:49:27,围网
15704,30.48869444444445,124.19138888888894,1.8,313.0,2019-11-05 00:59:25,围网
15704,30.49416666666667,124.18769444444445,1.8,318.0,2019-11-05 01:09:41,围网
15704,30.4995,124.18411111111112,2.0,318.0,2019-11-05 01:19:25,围网
15704,30.50536111111111,124.18058333333332,2.1,338.0,2019-11-05 01:29:25,围网
15704,30.511111111111113,124.17688888888893,2.2,315.0,2019-11-05 01:39:25,围网
15704,30.51672222222221,124.17308333333334,2.4,335.0,2019-11-05 01:49:25,围网
15704,30.52219444444445,124.16905555555556,2.1,331.0,2019-11-05 01:59:25,围网
15704,30.52802777777778,124.16547222222223,2.6,341.0,2019-11-05 02:09:25,围网
15704,30.5335,124.16138888888894,2.5,328.0,2019-11-05 02:19:25,围网
15704,30.539055555555557,124.15741666666668,1.8,341.0,2019-11-05 02:29:25,围网
15704,30.54486111111111,124.15352777777778,2.7,322.0,2019-11-05 02:39:41,围网
15704,30.550361111111112,124.14988888888894,1.7,330.0,2019-11-05 02:49:25,围网
15704,30.55597222222222,124.14611111111113,2.5,328.0,2019-11-05 02:59:25,围网
15704,30.561555555555554,124.14233333333334,2.4,338.0,2019-11-05 03:09:24,围网
15704,30.567055555555555,124.13847222222222,2.8,306.0,2019-11-05 03:19:24,围网
15704,30.57241666666667,124.13469444444445,2.5,311.0,2019-11-05 03:29:24,围网
15704,30.577805555555557,124.1309722222222,2.2,332.0,2019-11-05 03:39:24,围网
15704,30.583222222222233,124.12741666666666,1.8,328.0,2019-11-05 03:49:24,围网
15704,30.588694444444442,124.12375,2.3,346.0,2019-11-05 03:59:41,围网
15704,30.593888888888888,124.12044444444444,2.0,329.0,2019-11-05 04:09:24,围网
15704,30.598722222222207,124.11697222222222,2.6,326.0,2019-11-05 04:19:24,围网
15704,30.60386111111111,124.11380555555556,2.5,346.0,2019-11-05 04:29:24,围网
15704,30.608777777777767,124.1105,2.0,334.0,2019-11-05 04:39:24,围网
15704,30.61338888888889,124.10733333333332,1.5,337.0,2019-11-05 04:49:24,围网
15704,30.61197222222223,124.11158333333331,3.3,144.0,2019-11-05 04:59:24,围网
15704,30.608305555555557,124.1145,2.7,193.0,2019-11-05 05:09:24,围网
15704,30.60758333333333,124.11494444444445,1.6,164.0,2019-11-05 05:19:24,围网
15704,30.60619444444445,124.11580555555555,0.5,0.0,2019-11-05 05:29:24,围网
15704,30.605305555555557,124.1175,2.1,1.0,2019-11-05 05:39:24,围网
15704,30.60655555555556,124.11752777777777,0.1,0.0,2019-11-05 05:49:24,围网
15704,30.60461111111111,124.11811111111106,1.8,86.0,2019-11-05 05:59:24,围网
15704,30.595472222222234,124.12544444444444,3.6,121.0,2019-11-05 06:09:24,围网
15704,30.59047222222221,124.13119444444445,3.8,0.0,2019-11-05 06:19:24,围网
15704,30.585555555555555,124.13730555555556,2.5,114.0,2019-11-05 06:29:41,围网
15704,30.580472222222234,124.14244444444445,3.1,175.0,2019-11-05 06:39:24,围网
15704,30.573027777777767,124.14169444444444,2.7,185.0,2019-11-05 06:49:24,围网
15704,30.56644444444445,124.1417777777778,2.4,182.0,2019-11-05 06:59:24,围网
15704,30.55980555555556,124.1419722222222,2.6,185.0,2019-11-05 07:09:24,围网
15704,30.553638888888887,124.14708333333334,3.0,136.0,2019-11-05 07:19:23,围网
15704,30.548972222222233,124.15408333333336,2.3,139.0,2019-11-05 07:29:23,围网
15704,30.54419444444445,124.16036111111113,2.9,134.0,2019-11-05 07:39:23,围网
15704,30.539222222222207,124.16644444444445,2.9,111.0,2019-11-05 07:49:23,围网
15704,30.53416666666667,124.17258333333334,2.8,126.0,2019-11-05 07:59:23,围网
15704,30.529055555555548,124.17872222222222,2.9,158.0,2019-11-05 08:09:23,围网
15704,30.52308333333333,124.18366666666668,2.4,147.0,2019-11-05 08:19:23,围网
15704,30.51708333333333,124.18838888888894,2.4,152.0,2019-11-05 08:29:23,围网
15704,30.511333333333337,124.1935,3.0,126.0,2019-11-05 08:39:23,围网
15704,30.50575000000001,124.19886111111113,2.6,129.0,2019-11-05 08:49:23,围网
15704,30.49983333333333,124.20383333333334,2.4,138.0,2019-11-05 08:59:23,围网
15704,30.494,124.20855555555555,2.7,119.0,2019-11-05 09:09:23,围网
15704,30.487972222222233,124.2132777777778,2.5,131.0,2019-11-05 09:19:23,围网
15704,30.482194444444445,124.21805555555555,2.3,125.0,2019-11-05 09:29:23,围网
15704,30.476388888888888,124.22233333333334,2.2,123.0,2019-11-05 09:39:23,围网
15704,30.470555555555553,124.22680555555556,3.1,0.0,2019-11-05 09:49:36,围网
15704,30.464805555555554,124.23136111111113,2.9,143.0,2019-11-05 09:59:41,围网
15704,30.459416666666666,124.23575,2.7,144.0,2019-11-05 10:09:23,围网
15704,30.453861111111113,124.24025,4.0,128.0,2019-11-05 10:19:23,围网
15704,30.44819444444445,124.24458333333332,3.1,138.0,2019-11-05 10:29:23,围网
15704,30.442472222222232,124.24897222222219,3.3,123.0,2019-11-05 10:39:23,围网
15704,30.436888888888888,124.25313888888893,3.0,136.0,2019-11-05 10:49:23,围网
15704,30.431305555555557,124.25733333333334,3.6,130.0,2019-11-05 10:59:23,围网
15704,30.42538888888889,124.26086111111113,4.3,132.0,2019-11-05 11:09:23,围网
15704,30.41905555555556,124.26305555555555,3.5,176.0,2019-11-05 11:19:23,围网
15704,30.41263888888889,124.26536111111112,2.5,176.0,2019-11-05 11:29:41,围网
15704,30.412194444444445,124.26530555555556,1.5,355.0,2019-11-05 11:39:22,围网
15704,30.4145,124.26333333333334,2.0,156.0,2019-11-05 11:49:22,围网
15704,30.414805555555553,124.2585,1.4,6.0,2019-11-05 11:59:22,围网
15704,30.41186111111111,124.26202777777776,0.7,244.0,2019-11-05 12:09:22,围网
15704,30.410555555555554,124.26002777777781,3.3,292.0,2019-11-05 12:19:22,围网
15704,30.40847222222222,124.2584722222222,0.5,193.0,2019-11-05 12:29:22,围网
15704,30.40575,124.25688888888888,0.9,206.0,2019-11-05 12:39:22,围网
15704,30.402916666666666,124.25472222222223,1.1,223.0,2019-11-05 12:49:22,围网
15704,30.39847222222221,124.25344444444444,8.0,173.0,2019-11-05 12:59:22,围网
15704,30.38855555555556,124.25183333333334,2.9,220.0,2019-11-05 13:09:22,围网
15704,30.38888888888889,124.2422777777778,4.9,323.0,2019-11-05 13:19:22,围网
15704,30.39533333333333,124.23644444444444,2.9,324.0,2019-11-05 13:29:22,围网
15704,30.40163888888889,124.23341666666668,2.6,357.0,2019-11-05 13:39:22,围网
15704,30.40783333333333,124.23061111111113,2.8,337.0,2019-11-05 13:49:22,围网
15704,30.413916666666665,124.22675,1.9,359.0,2019-11-05 13:59:40,围网
15704,30.41944444444445,124.22283333333334,2.3,331.0,2019-11-05 14:09:22,围网
15704,30.425,124.21863888888888,2.2,0.0,2019-11-05 14:19:22,围网
15704,30.430861111111113,124.21441666666666,2.0,0.0,2019-11-05 14:29:22,围网
15704,30.43675,124.21038888888887,1.7,0.0,2019-11-05 14:39:22,围网
15704,30.442527777777766,124.20636111111112,1.9,0.0,2019-11-05 14:49:22,围网
15704,30.44841666666667,124.20225,2.9,329.0,2019-11-05 14:59:22,围网
15704,30.454138888888888,124.198,3.2,324.0,2019-11-05 15:09:22,围网
15704,30.46005555555556,124.19383333333332,2.9,339.0,2019-11-05 15:19:22,围网
15704,30.466027777777786,124.18952777777778,2.0,317.0,2019-11-05 15:29:22,围网
15704,30.472027777777768,124.18536111111112,2.8,8.0,2019-11-05 15:39:22,围网
15704,30.478055555555553,124.18133333333334,2.3,340.0,2019-11-05 15:49:24,围网
15704,30.484361111111113,124.17769444444444,3.4,323.0,2019-11-05 15:59:41,围网
15704,30.490305555555555,124.17472222222223,4.1,312.0,2019-11-05 16:09:21,围网
15704,30.49641666666667,124.17141666666667,2.6,323.0,2019-11-05 16:19:21,围网
15704,30.50244444444445,124.16813888888888,2.7,343.0,2019-11-05 16:29:21,围网
15704,30.50533333333333,124.16719444444445,2.0,152.0,2019-11-05 16:39:21,围网
15704,30.50394444444445,124.16783333333336,4.1,254.0,2019-11-05 16:49:21,围网
15704,30.50283333333333,124.16538888888893,1.5,186.0,2019-11-05 16:59:21,围网
15704,30.501305555555557,124.16333333333334,4.3,277.0,2019-11-05 17:09:21,围网
15704,30.501583333333336,124.1592777777778,1.0,327.0,2019-11-05 17:19:21,围网
15704,30.49894444444445,124.14738888888893,8.4,261.0,2019-11-05 17:29:21,围网
15704,30.49063888888889,124.12219444444445,8.2,257.0,2019-11-05 17:39:21,围网
15704,30.480611111111113,124.09786111111113,8.5,243.0,2019-11-05 17:49:23,围网
15704,30.47063888888889,124.07352777777777,9.0,237.0,2019-11-05 17:59:21,围网
15704,30.460666666666665,124.04911111111107,8.8,242.0,2019-11-05 18:09:21,围网
15704,30.450944444444442,124.02444444444444,8.8,253.0,2019-11-05 18:19:21,围网
15704,30.442027777777767,123.99916666666668,9.2,246.0,2019-11-05 18:29:21,围网
15704,30.433777777777767,123.9725,8.5,249.0,2019-11-05 18:39:41,围网
15704,30.42580555555556,123.94819444444445,7.9,250.0,2019-11-05 18:49:21,围网
15704,30.41975,123.92211111111112,7.8,251.0,2019-11-05 18:59:21,围网
15704,30.413666666666664,123.89605555555555,8.7,247.0,2019-11-05 19:09:21,围网
15704,30.407527777777766,123.86977777777778,9.5,245.0,2019-11-05 19:19:21,围网
15704,30.40063888888889,123.84383333333332,8.3,255.0,2019-11-05 19:29:21,围网
15704,30.39388888888889,123.81802777777777,7.9,261.0,2019-11-05 19:39:21,围网
15704,30.38705555555555,123.7927222222222,8.5,262.0,2019-11-05 19:49:21,围网
15704,30.38,123.76769444444444,8.4,264.0,2019-11-05 19:59:20,围网
15704,30.37530555555556,123.74230555555555,8.1,253.0,2019-11-05 20:09:20,围网
15704,30.371861111111112,123.71663888888888,8.0,253.0,2019-11-05 20:19:20,围网
15704,30.367722222222234,123.69080555555556,8.7,261.0,2019-11-05 20:29:20,围网
15704,30.36444444444445,123.6647777777778,7.6,257.0,2019-11-05 20:39:20,围网
15704,30.360111111111113,123.63916666666668,8.9,247.0,2019-11-05 20:49:20,围网
15704,30.355638888888887,123.61369444444445,7.6,261.0,2019-11-05 20:59:20,围网
15704,30.351277777777767,123.58825,7.8,264.0,2019-11-05 21:09:20,围网
15704,30.34569444444444,123.56275,7.4,248.0,2019-11-05 21:19:20,围网
15704,30.337972222222234,123.53730555555555,8.5,248.0,2019-11-05 21:29:23,围网
15704,30.33094444444445,123.51169444444444,8.0,259.0,2019-11-05 21:39:21,围网
15704,30.326722222222234,123.48538888888888,8.3,251.0,2019-11-05 21:49:20,围网
15704,30.3225,123.45811111111112,8.4,258.0,2019-11-05 21:59:40,围网
15704,30.3175,123.4327222222222,8.5,253.0,2019-11-05 22:09:20,围网
15704,30.315027777777786,123.40644444444445,8.8,255.0,2019-11-05 22:19:20,围网
15704,30.313805555555557,123.39716666666668,1.3,195.0,2019-11-05 22:29:20,围网
15704,30.3105,123.39636111111106,3.0,209.0,2019-11-05 22:39:20,围网
15704,30.299527777777786,123.39236111111113,2.5,192.0,2019-11-05 22:49:20,围网
15704,30.29261111111111,123.39069444444445,2.7,197.0,2019-11-05 22:59:20,围网
15704,30.28558333333333,123.38913888888894,2.3,197.0,2019-11-05 23:09:20,围网
15704,30.27869444444445,123.3875277777778,3.2,166.0,2019-11-05 23:19:20,围网
15704,30.27186111111111,123.38569444444445,2.7,178.0,2019-11-05 23:29:20,围网
15704,30.265166666666666,123.38386111111113,2.2,0.0,2019-11-05 23:39:20,围网
15704,30.258277777777767,123.38208333333333,2.6,182.0,2019-11-05 23:49:41,围网
15704,30.251916666666666,123.38044444444445,2.4,193.0,2019-11-05 23:59:20,围网
15704,30.245361111111112,123.3787222222222,2.7,193.0,2019-11-06 00:09:19,围网
15704,30.23913888888889,123.37480555555555,2.8,213.0,2019-11-06 00:19:19,围网
15704,30.23325,123.37033333333332,2.4,206.0,2019-11-06 00:29:19,围网
15704,30.227138888888888,123.36625,2.5,210.0,2019-11-06 00:39:19,围网
15704,30.22125,123.3622777777778,2.6,212.0,2019-11-06 00:49:19,围网
15704,30.21619444444445,123.35736111111108,2.2,220.0,2019-11-06 00:59:19,围网
15704,30.21188888888889,123.35127777777778,2.6,242.0,2019-11-06 01:09:19,围网
15704,30.2085,123.34475,2.0,245.0,2019-11-06 01:19:19,围网
15704,30.206194444444442,123.33730555555556,2.4,270.0,2019-11-06 01:29:19,围网
15704,30.20502777777777,123.32966666666664,2.2,274.0,2019-11-06 01:39:19,围网
15704,30.20713888888889,123.32188888888888,2.5,292.0,2019-11-06 01:49:19,围网
15704,30.210777777777786,123.31469444444444,2.7,299.0,2019-11-06 01:59:40,围网
15704,30.214444444444442,123.30858333333332,4.3,275.0,2019-11-06 02:09:19,围网
15704,30.21897222222222,123.303,2.3,301.0,2019-11-06 02:19:19,围网
15704,30.22008333333333,123.30283333333334,1.9,127.0,2019-11-06 02:29:19,围网
15704,30.21883333333333,123.30291666666666,1.9,277.0,2019-11-06 02:39:19,围网
15704,30.21808333333333,123.30094444444444,1.2,255.0,2019-11-06 02:49:19,围网
15704,30.21708333333333,123.29858333333333,1.7,264.0,2019-11-06 02:59:19,围网
15704,30.213638888888887,123.2835,3.3,252.0,2019-11-06 03:09:19,围网
15704,30.218499999999995,123.27475,3.2,290.0,2019-11-06 03:19:19,围网
15704,30.22261111111111,123.2685,2.8,297.0,2019-11-06 03:29:19,围网
15704,30.22666666666667,123.26219444444445,2.7,296.0,2019-11-06 03:39:19,围网
15704,30.230888888888888,123.25619444444445,2.6,301.0,2019-11-06 03:49:18,围网
15704,30.23577777777778,123.25061111111113,2.6,326.0,2019-11-06 03:59:18,围网
15704,30.24102777777778,123.2455,2.3,293.0,2019-11-06 04:09:18,围网
15704,30.246861111111112,123.24138888888888,3.0,336.0,2019-11-06 04:19:18,围网
15704,30.25344444444445,123.23863888888887,2.5,345.0,2019-11-06 04:29:18,围网
15704,30.258722222222207,123.23372222222223,3.4,289.0,2019-11-06 04:39:18,围网
15704,30.265666666666664,123.23233333333332,3.1,11.0,2019-11-06 04:49:18,围网
15704,30.27263888888889,123.23225,2.2,355.0,2019-11-06 04:59:18,围网
15704,30.27958333333333,123.2330277777778,2.2,13.0,2019-11-06 05:09:23,围网
15704,30.286388888888887,123.23325,1.9,0.0,2019-11-06 05:19:24,围网
15704,30.293333333333337,123.23308333333333,2.6,7.0,2019-11-06 05:29:41,围网
15704,30.299750000000003,123.23305555555555,2.3,359.0,2019-11-06 05:39:18,围网
15704,30.30641666666667,123.2330277777778,2.4,351.0,2019-11-06 05:49:18,围网
15704,30.31302777777778,123.23316666666666,2.8,348.0,2019-11-06 05:59:18,围网
15704,30.319805555555554,123.23327777777777,3.8,5.0,2019-11-06 06:09:18,围网
15704,30.32641666666667,123.23330555555556,3.0,5.0,2019-11-06 06:19:18,围网
15704,30.33297222222223,123.23280555555556,1.6,0.0,2019-11-06 06:29:18,围网
15704,30.33972222222221,123.23277777777778,3.6,10.0,2019-11-06 06:39:18,围网
15704,30.346166666666665,123.23258333333334,3.4,8.0,2019-11-06 06:49:18,围网
15704,30.35244444444445,123.23191666666666,4.1,20.0,2019-11-06 06:59:18,围网
15704,30.359055555555557,123.23169444444444,2.8,0.0,2019-11-06 07:09:41,围网
15704,30.365222222222233,123.23208333333334,3.8,45.0,2019-11-06 07:19:19,围网
15704,30.371527777777786,123.23263888888887,2.2,349.0,2019-11-06 07:29:18,围网
15704,30.374777777777766,123.23358333333331,2.6,121.0,2019-11-06 07:39:19,围网
15704,30.373166666666666,123.23625,2.2,110.0,2019-11-06 07:49:18,围网
15704,30.371,123.23563888888887,0.5,224.0,2019-11-06 07:59:42,围网
15704,30.369972222222234,123.23472222222222,2.2,333.0,2019-11-06 08:09:19,围网
15704,30.369805555555555,123.23236111111108,6.8,332.0,2019-11-06 08:19:17,围网
15704,30.378277777777786,123.21969444444444,6.0,304.0,2019-11-06 08:29:17,围网
15704,30.377527777777786,123.21069444444444,4.9,209.0,2019-11-06 08:39:17,围网
15704,30.36713888888889,123.20891666666668,2.3,188.0,2019-11-06 08:49:17,围网
15704,30.360722222222233,123.20888888888894,2.9,176.0,2019-11-06 08:59:17,围网
15704,30.354277777777767,123.20891666666668,2.4,205.0,2019-11-06 09:09:17,围网
15704,30.34775,123.2090277777778,2.2,168.0,2019-11-06 09:19:16,围网
15704,30.340944444444442,123.20919444444445,2.3,178.0,2019-11-06 09:29:40,围网
15704,30.33469444444445,123.20919444444445,2.3,172.0,2019-11-06 09:39:16,围网
15704,30.328055555555554,123.20944444444444,2.4,180.0,2019-11-06 09:49:16,围网
15704,30.32141666666667,123.21013888888888,2.7,164.0,2019-11-06 09:59:16,围网
15704,30.314694444444445,123.21108333333332,2.9,153.0,2019-11-06 10:09:16,围网
15704,30.308000000000003,123.21183333333336,2.6,174.0,2019-11-06 10:19:16,围网
15704,30.301111111111112,123.2120277777778,2.7,180.0,2019-11-06 10:29:16,围网
15704,30.294305555555557,123.21191666666668,2.4,167.0,2019-11-06 10:39:16,围网
15704,30.28758333333333,123.21177777777778,3.5,179.0,2019-11-06 10:49:16,围网
15704,30.28072222222222,123.21188888888894,2.2,187.0,2019-11-06 10:59:16,围网
15704,30.273805555555555,123.21191666666668,2.3,188.0,2019-11-06 11:09:16,围网
15704,30.266361111111113,123.21188888888894,2.3,172.0,2019-11-06 11:20:04,围网
15704,30.26,123.21180555555556,2.5,183.0,2019-11-06 11:29:16,围网
15704,30.253138888888888,123.21169444444445,2.5,195.0,2019-11-06 11:39:16,围网
15704,30.24630555555556,123.2115,2.8,195.0,2019-11-06 11:49:16,围网
15704,30.239361111111112,123.21125,2.4,178.0,2019-11-06 11:59:16,围网
15704,30.232416666666666,123.21111111111112,2.7,172.0,2019-11-06 12:09:16,围网
15704,30.22544444444444,123.211,2.4,192.0,2019-11-06 12:19:16,围网
15704,30.21847222222221,123.21105555555555,2.6,175.0,2019-11-06 12:29:16,围网
15704,30.21130555555556,123.21141666666666,2.5,174.0,2019-11-06 12:39:15,围网
15704,30.204361111111112,123.21138888888888,2.6,179.0,2019-11-06 12:49:15,围网
15704,30.19725,123.21144444444445,2.6,184.0,2019-11-06 12:59:40,围网
15704,30.19080555555556,123.21163888888887,2.5,166.0,2019-11-06 13:09:15,围网
15704,30.18408333333333,123.21005555555556,2.6,184.0,2019-11-06 13:19:15,围网
15704,30.177611111111112,123.20805555555555,2.5,192.0,2019-11-06 13:29:15,围网
15704,30.171138888888887,123.20686111111112,2.6,193.0,2019-11-06 13:39:15,围网
15704,30.16461111111111,123.20588888888894,3.9,205.0,2019-11-06 13:49:15,围网
15704,30.15819444444444,123.20461111111112,1.9,183.0,2019-11-06 13:59:15,围网
15704,30.162805555555554,123.20536111111113,1.2,38.0,2019-11-06 14:09:15,围网
15704,30.161361111111113,123.20219444444444,0.1,0.0,2019-11-06 14:19:15,围网
15704,30.160472222222207,123.1995,1.0,220.0,2019-11-06 14:29:15,围网
15704,30.15961111111111,123.19655555555555,1.2,0.0,2019-11-06 14:39:15,围网
15704,30.153805555555557,123.17786111111113,6.7,269.0,2019-11-06 14:49:40,围网
15704,30.15572222222222,123.17025,8.1,325.0,2019-11-06 14:59:15,围网
15704,30.16458333333333,123.16361111111112,2.2,341.0,2019-11-06 15:09:15,围网
15704,30.171,123.1608888888889,2.1,352.0,2019-11-06 15:19:15,围网
15704,30.1775,123.15883333333332,2.4,357.0,2019-11-06 15:29:15,围网
15704,30.184027777777768,123.15700000000001,2.4,346.0,2019-11-06 15:39:15,围网
15704,30.190527777777767,123.15505555555555,2.4,337.0,2019-11-06 15:49:15,围网
15704,30.197138888888887,123.15316666666668,2.4,354.0,2019-11-06 15:59:15,围网
15704,30.20363888888889,123.15116666666668,2.4,333.0,2019-11-06 16:09:15,围网
15704,30.21022222222223,123.14963888888893,2.7,349.0,2019-11-06 16:19:15,围网
15704,30.21688888888889,123.1484722222222,2.4,352.0,2019-11-06 16:29:15,围网
15704,30.22347222222221,123.14736111111112,2.4,15.0,2019-11-06 16:39:15,围网
15704,30.23022222222221,123.14625,2.5,356.0,2019-11-06 16:49:14,围网
15704,30.23691666666667,123.14513888888894,2.3,351.0,2019-11-06 16:59:14,围网
15704,30.24383333333333,123.144,1.9,1.0,2019-11-06 17:09:14,围网
15704,30.25075,123.14258333333336,2.4,355.0,2019-11-06 17:19:14,围网
15704,30.2575,123.14136111111112,2.8,346.0,2019-11-06 17:29:14,围网
15704,30.264194444444453,123.14008333333334,2.3,13.0,2019-11-06 17:39:14,围网
15704,30.270916666666665,123.13905555555556,2.3,0.0,2019-11-06 17:49:14,围网
15704,30.277972222222232,123.13788888888894,2.3,351.0,2019-11-06 17:59:39,围网
15704,30.28458333333333,123.13688888888888,2.4,354.0,2019-11-06 18:09:14,围网
15704,30.29144444444445,123.13558333333332,2.7,339.0,2019-11-06 18:19:14,围网
15704,30.298361111111113,123.13413888888887,2.3,355.0,2019-11-06 18:29:14,围网
15704,30.30525,123.13255555555556,2.5,356.0,2019-11-06 18:39:14,围网
15704,30.31219444444445,123.13102777777777,2.9,329.0,2019-11-06 18:49:14,围网
15704,30.31916666666667,123.12947222222219,2.7,342.0,2019-11-06 18:59:14,围网
15704,30.326138888888888,123.12805555555555,2.5,344.0,2019-11-06 19:09:14,围网
15704,30.333111111111112,123.12627777777777,2.6,319.0,2019-11-06 19:19:14,围网
15704,30.33913888888889,123.12233333333332,2.5,332.0,2019-11-06 19:29:14,围网
15704,30.345027777777766,123.11852777777777,2.3,328.0,2019-11-06 19:39:14,围网
15704,30.35169444444445,123.11608333333332,2.5,343.0,2019-11-06 19:49:14,围网
15704,30.35819444444445,123.11413888888887,2.3,348.0,2019-11-06 19:59:14,围网
15704,30.35688888888889,123.1155,2.9,181.0,2019-11-06 20:09:14,围网
15704,30.356222222222208,123.11724999999998,2.8,232.0,2019-11-06 20:19:14,围网
15704,30.35655555555556,123.11758333333331,0.5,122.0,2019-11-06 20:29:14,围网
15704,30.356333333333332,123.11775,0.2,0.0,2019-11-06 20:39:14,围网
15704,30.356305555555558,123.11758333333331,0.2,0.0,2019-11-06 20:49:14,围网
15704,30.35661111111111,123.11319444444445,0.3,0.0,2019-11-06 20:59:14,围网
15704,30.356333333333332,123.11305555555555,0.9,0.0,2019-11-06 21:09:13,围网
15704,30.348166666666664,123.11169444444445,3.3,184.0,2019-11-06 21:19:13,围网
15704,30.3415,123.11216666666664,2.2,178.0,2019-11-06 21:29:39,围网
15704,30.335305555555554,123.11288888888888,2.5,183.0,2019-11-06 21:39:13,围网
15704,30.32866666666667,123.11375,2.5,189.0,2019-11-06 21:49:13,围网
15704,30.322055555555554,123.11569444444444,2.5,177.0,2019-11-06 21:59:13,围网
15704,30.315472222222233,123.118,2.5,188.0,2019-11-06 22:09:13,围网
15704,30.30891666666667,123.12013888888887,2.5,174.0,2019-11-06 22:19:13,围网
15704,30.30236111111111,123.12225,2.3,168.0,2019-11-06 22:29:13,围网
15704,30.29572222222221,123.12425,2.2,186.0,2019-11-06 22:39:13,围网
15704,30.289,123.1263611111111,2.3,163.0,2019-11-06 22:49:13,围网
15704,30.282138888888888,123.12861111111107,2.4,174.0,2019-11-06 22:59:13,围网
15704,30.275416666666665,123.13052777777777,2.3,175.0,2019-11-06 23:09:13,围网
15704,30.268638888888887,123.13244444444445,2.9,175.0,2019-11-06 23:19:13,围网
15704,30.26191666666667,123.13450000000002,2.6,167.0,2019-11-06 23:29:13,围网
15704,30.25525,123.13666666666668,2.7,166.0,2019-11-06 23:39:13,围网
15704,30.248638888888888,123.13872222222223,3.0,168.0,2019-11-06 23:49:13,围网
15704,30.24183333333333,123.13930555555555,2.1,167.0,2019-11-06 23:59:39,围网
15704,30.23558333333333,123.13944444444445,2.8,156.0,2019-11-07 00:09:13,围网
15704,30.22891666666667,123.13994444444445,2.8,191.0,2019-11-07 00:19:13,围网
15704,30.222361111111113,123.14055555555555,2.5,167.0,2019-11-07 00:29:13,围网
15704,30.21583333333333,123.14130555555555,2.6,160.0,2019-11-07 00:39:13,围网
15704,30.20925,123.14169444444444,2.3,165.0,2019-11-07 00:49:13,围网
15704,30.20294444444444,123.14169444444444,2.4,170.0,2019-11-07 00:59:13,围网
15704,30.19655555555555,123.14155555555556,2.3,188.0,2019-11-07 01:09:13,围网
15704,30.19025,123.14138888888893,2.1,179.0,2019-11-07 01:19:12,围网
15704,30.183944444444442,123.14172222222223,2.3,157.0,2019-11-07 01:29:12,围网
15704,30.177611111111112,123.14213888888894,2.4,159.0,2019-11-07 01:39:12,围网
15704,30.17141666666667,123.14261111111112,2.3,151.0,2019-11-07 01:49:12,围网
15704,30.165277777777767,123.14294444444445,1.9,152.0,2019-11-07 01:59:12,围网
15704,30.15922222222222,123.14222222222223,2.2,173.0,2019-11-07 02:09:12,围网
15704,30.163055555555548,123.14280555555555,2.5,0.0,2019-11-07 02:19:12,围网
15704,30.16236111111111,123.14086111111112,0.7,0.0,2019-11-07 02:29:12,围网
15704,30.16208333333333,123.13933333333334,0.7,0.0,2019-11-07 02:39:12,围网
15704,30.16186111111111,123.13813888888893,0.3,0.0,2019-11-07 02:49:12,围网
15704,30.1585,123.13844444444445,7.6,135.0,2019-11-07 02:59:14,围网
15704,30.14922222222221,123.15183333333334,1.7,123.0,2019-11-07 03:09:12,围网
15704,30.149361111111112,123.15036111111112,0.5,298.0,2019-11-07 03:19:40,围网
15704,30.15375,123.15016666666668,8.0,7.0,2019-11-07 03:29:12,围网
15704,30.162805555555554,123.15086111111113,2.2,6.0,2019-11-07 03:39:12,围网
15704,30.16966666666667,123.15086111111113,2.6,359.0,2019-11-07 03:49:12,围网
15704,30.17655555555556,123.15080555555555,2.4,355.0,2019-11-07 03:59:12,围网
15704,30.183555555555557,123.15091666666667,2.0,351.0,2019-11-07 04:09:12,围网
15704,30.190638888888888,123.15105555555556,2.9,351.0,2019-11-07 04:19:12,围网
15704,30.197888888888887,123.15011111111113,2.8,344.0,2019-11-07 04:29:12,围网
15704,30.20519444444445,123.14863888888893,2.9,346.0,2019-11-07 04:39:12,围网
15704,30.21247222222221,123.14711111111113,2.6,344.0,2019-11-07 04:49:12,围网
15704,30.219666666666665,123.14572222222223,2.5,346.0,2019-11-07 04:59:12,围网
15704,30.22697222222222,123.14444444444445,2.3,354.0,2019-11-07 05:09:12,围网
15704,30.234222222222233,123.14305555555555,3.5,333.0,2019-11-07 05:19:12,围网
15704,30.2415,123.14163888888888,2.6,356.0,2019-11-07 05:29:11,围网
15704,30.24875,123.14011111111112,2.6,356.0,2019-11-07 05:39:11,围网
15704,30.255861111111113,123.13833333333334,2.3,344.0,2019-11-07 05:49:11,围网
15704,30.26308333333333,123.1355,2.7,341.0,2019-11-07 05:59:39,围网
15704,30.26947222222222,123.13252777777777,2.5,332.0,2019-11-07 06:09:11,围网
15704,30.276166666666665,123.12933333333334,2.8,328.0,2019-11-07 06:19:11,围网
15704,30.282972222222234,123.12630555555555,2.7,342.0,2019-11-07 06:29:11,围网
15704,30.28986111111111,123.12344444444444,2.7,339.0,2019-11-07 06:39:11,围网
15704,30.29658333333333,123.12047222222222,2.7,337.0,2019-11-07 06:49:11,围网
15704,30.303305555555557,123.11763888888888,2.4,334.0,2019-11-07 06:59:11,围网
15704,30.310111111111112,123.11530555555555,2.8,330.0,2019-11-07 07:09:11,围网
15704,30.31722222222221,123.11399999999999,2.3,356.0,2019-11-07 07:19:11,围网
15704,30.324305555555554,123.11269444444444,2.7,355.0,2019-11-07 07:29:11,围网
15704,30.33136111111111,123.11161111111107,2.2,356.0,2019-11-07 07:39:10,围网
15704,30.338166666666666,123.11030555555556,2.8,348.0,2019-11-07 07:49:11,围网
15704,30.345027777777766,123.10894444444445,2.5,1.0,2019-11-07 07:59:11,围网
15704,30.35183333333333,123.10755555555555,2.4,346.0,2019-11-07 08:09:11,围网
15704,30.35838888888889,123.10611111111106,2.2,358.0,2019-11-07 08:19:11,围网
15704,30.36486111111111,123.10488888888894,2.0,355.0,2019-11-07 08:29:11,围网
15704,30.36216666666667,123.10938888888887,3.0,201.0,2019-11-07 08:49:11,围网
15704,30.36291666666667,123.11022222222222,3.3,355.0,2019-11-07 08:59:11,围网
15704,30.366111111111113,123.1087222222222,0.8,186.0,2019-11-07 09:09:11,围网
15704,30.365388888888887,123.10813888888887,0.1,0.0,2019-11-07 09:19:11,围网
15704,30.364527777777766,123.10827777777777,4.8,163.0,2019-11-07 09:29:11,围网
15704,30.3535,123.11147222222222,2.6,163.0,2019-11-07 09:39:11,围网
15704,30.34713888888889,123.11419444444445,2.3,167.0,2019-11-07 09:49:39,围网
15704,30.341305555555557,123.11675,2.3,159.0,2019-11-07 09:59:10,围网
15704,30.334972222222234,123.11930555555556,2.4,159.0,2019-11-07 10:09:10,围网
15704,30.328555555555557,123.12183333333333,2.3,165.0,2019-11-07 10:19:10,围网
15704,30.32230555555555,123.12436111111107,2.4,161.0,2019-11-07 10:29:10,围网
15704,30.31588888888889,123.12669444444445,2.4,160.0,2019-11-07 10:39:10,围网
15704,30.30919444444445,123.1285,2.4,162.0,2019-11-07 10:49:10,围网
15704,30.302277777777785,123.13052777777777,2.6,158.0,2019-11-07 10:59:10,围网
15704,30.29541666666667,123.13275,2.6,156.0,2019-11-07 11:09:10,围网
15704,30.288472222222207,123.13466666666667,2.6,172.0,2019-11-07 11:19:10,围网
15704,30.28133333333333,123.13680555555555,2.9,174.0,2019-11-07 11:29:10,围网
15704,30.27419444444445,123.13894444444445,2.7,153.0,2019-11-07 11:39:10,围网
15704,30.26733333333333,123.14122222222224,2.5,160.0,2019-11-07 11:49:10,围网
15704,30.260277777777766,123.14327777777778,2.5,162.0,2019-11-07 11:59:38,围网
15704,30.253916666666665,123.1452777777778,2.5,161.0,2019-11-07 12:09:10,围网
15704,30.24725,123.14736111111112,2.6,167.0,2019-11-07 12:19:10,围网
15704,30.240361111111113,123.14891666666666,2.7,184.0,2019-11-07 12:29:10,围网
