渔船ID,lat,lon,速度,方向,time,type
16464,30.02561111111111,122.82436111111107,1.7,342.0,2018-09-13 10:36:01,拖网
16464,30.030777777777786,122.82166666666666,2.1,325.0,2018-09-13 10:46:01,拖网
16464,30.035277777777786,122.81711111111113,1.8,321.0,2018-09-13 10:56:01,拖网
16464,30.04166666666667,122.81686111111112,3.2,10.0,2018-09-13 11:06:01,拖网
16464,30.05325,122.81675,1.6,4.0,2018-09-13 11:26:01,拖网
16464,30.05894444444445,122.81691666666666,2.2,356.0,2018-09-13 11:36:01,拖网
16464,30.06466666666667,122.8172222222222,2.3,34.0,2018-09-13 11:46:01,拖网
16464,30.070166666666665,122.81775,1.8,12.0,2018-09-13 11:56:01,拖网
16464,30.075888888888887,122.81822222222222,2.2,349.0,2018-09-13 12:06:01,拖网
16464,30.08158333333333,122.81886111111106,2.1,14.0,2018-09-13 12:16:01,拖网
16464,30.087416666666666,122.81958333333333,1.9,2.0,2018-09-13 12:26:01,拖网
16464,30.09330555555556,122.81972222222224,2.1,9.0,2018-09-13 12:36:01,拖网
16464,30.098861111111113,122.8202777777778,2.0,8.0,2018-09-13 12:46:01,拖网
16464,30.104,122.82091666666666,2.6,16.0,2018-09-13 12:56:01,拖网
16464,30.104805555555558,122.82180555555556,0.8,138.0,2018-09-13 13:06:01,拖网
16464,30.10447222222223,122.8220277777778,1.4,15.0,2018-09-13 13:16:01,拖网
16464,30.10597222222221,122.82183333333332,1.1,50.0,2018-09-13 13:26:01,拖网
16464,30.10280555555555,122.82541666666664,1.4,0.0,2018-09-13 13:36:01,拖网
16464,30.096611111111113,122.83377777777778,6.8,120.0,2018-09-13 13:46:01,拖网
16464,30.08619444444444,122.85358333333332,7.5,118.0,2018-09-13 13:56:01,拖网
16464,30.0745,122.8733611111111,7.4,115.0,2018-09-13 14:06:01,拖网
16464,30.06411111111111,122.893,7.3,116.0,2018-09-13 14:16:01,拖网
16464,30.05386111111111,122.91338888888893,7.6,112.0,2018-09-13 14:26:01,拖网
16464,30.04208333333333,122.93425,8.0,116.0,2018-09-13 14:36:01,拖网
16464,30.028805555555557,122.95338888888894,7.8,117.0,2018-09-13 14:46:01,拖网
16464,30.01722222222222,122.97486111111112,8.1,126.0,2018-09-13 14:56:01,拖网
16464,30.005861111111113,122.9965,8.0,118.0,2018-09-13 15:06:01,拖网
16464,29.99375,123.01763888888887,7.8,123.0,2018-09-13 15:16:01,拖网
16464,29.97744444444445,123.03394444444444,7.4,139.0,2018-09-13 15:26:01,拖网
16464,29.96283333333333,123.05313888888894,9.2,117.0,2018-09-13 15:36:01,拖网
16464,29.94961111111111,123.07436111111107,8.4,137.0,2018-09-13 15:46:01,拖网
16464,29.93847222222222,123.09877777777778,7.9,119.0,2018-09-13 15:57:01,拖网
16464,29.93188888888889,123.12055555555555,9.0,113.0,2018-09-13 16:06:01,拖网
16464,29.923305555555558,123.14236111111113,8.0,119.0,2018-09-13 16:16:01,拖网
16464,29.91369444444444,123.16363888888893,7.6,107.0,2018-09-13 16:26:01,拖网
16464,29.905166666666666,123.18447222222223,8.6,114.0,2018-09-13 16:36:01,拖网
16464,29.89741666666667,123.19769444444445,9.5,130.0,2018-09-13 16:46:01,拖网
16464,29.89177777777777,123.20563888888893,2.3,119.0,2018-09-13 16:56:01,拖网
16464,29.89044444444444,123.21144444444445,1.9,106.0,2018-09-13 17:06:01,拖网
16464,29.88966666666667,123.21719444444444,1.8,108.0,2018-09-13 17:16:01,拖网
16464,29.88786111111111,123.22236111111113,2.2,142.0,2018-09-13 17:26:01,拖网
16464,29.88519444444445,123.22752777777778,1.5,125.0,2018-09-13 17:36:01,拖网
16464,29.88091666666667,123.23172222222223,1.9,158.0,2018-09-13 17:46:01,拖网
16464,29.87469444444445,123.23327777777777,1.6,186.0,2018-09-13 17:56:01,拖网
16464,29.86916666666667,123.23394444444445,2.0,181.0,2018-09-13 18:06:01,拖网
16464,29.86358333333333,123.23466666666668,2.2,171.0,2018-09-13 18:16:01,拖网
16464,29.858694444444453,123.2360277777778,2.1,166.0,2018-09-13 18:26:01,拖网
16464,29.85372222222223,123.23719444444444,1.8,153.0,2018-09-13 18:36:01,拖网
16464,29.848805555555558,123.23819444444445,1.8,162.0,2018-09-13 18:46:01,拖网
16464,29.843916666666665,123.23883333333332,1.8,189.0,2018-09-13 18:56:01,拖网
16464,29.839055555555554,123.2390277777778,1.6,185.0,2018-09-13 19:06:01,拖网
16464,29.83438888888889,123.23888888888894,1.9,190.0,2018-09-13 19:16:01,拖网
16464,29.83,123.23908333333334,1.7,172.0,2018-09-13 19:26:01,拖网
16464,29.825722222222232,123.2390277777778,1.6,175.0,2018-09-13 19:36:01,拖网
16464,29.82155555555555,123.23861111111113,1.7,169.0,2018-09-13 19:46:01,拖网
16464,29.81733333333333,123.23697222222222,1.9,181.0,2018-09-13 19:56:01,拖网
16464,29.81316666666667,123.23508333333334,1.3,193.0,2018-09-13 20:06:01,拖网
16464,29.809472222222233,123.23352777777778,1.3,202.0,2018-09-13 20:16:01,拖网
16464,29.807388888888887,123.23108333333332,1.6,298.0,2018-09-13 20:26:01,拖网
16464,29.809361111111112,123.22922222222223,0.6,325.0,2018-09-13 20:36:01,拖网
16464,29.81105555555556,123.22738888888892,1.0,281.0,2018-09-13 20:46:01,拖网
16464,29.81111111111111,123.22591666666668,0.3,336.0,2018-09-13 20:56:01,拖网
16464,29.810972222222233,123.22444444444444,1.0,250.0,2018-09-13 21:06:01,拖网
16464,29.80341666666667,123.23019444444445,6.2,130.0,2018-09-13 21:16:01,拖网
16464,29.794138888888888,123.24444444444444,5.9,23.0,2018-09-13 21:26:01,拖网
16464,29.80102777777779,123.24825,1.5,20.0,2018-09-13 21:36:01,拖网
16464,29.806277777777765,123.24919444444444,1.7,10.0,2018-09-13 21:46:01,拖网
16464,29.811777777777767,123.24944444444445,2.1,345.0,2018-09-13 21:56:01,拖网
16464,29.817888888888888,123.24813888888887,2.4,344.0,2018-09-13 22:06:01,拖网
16464,29.82380555555555,123.2455,2.7,308.0,2018-09-13 22:16:01,拖网
16464,29.829361111111112,123.2415,2.6,329.0,2018-09-13 22:26:01,拖网
16464,29.835361111111112,123.23994444444445,2.2,355.0,2018-09-13 22:36:01,拖网
16464,29.84133333333333,123.24038888888887,2.0,2.0,2018-09-13 22:46:01,拖网
16464,29.847166666666666,123.24133333333332,2.2,350.0,2018-09-13 22:56:01,拖网
16464,29.853361111111113,123.23958333333331,2.0,17.0,2018-09-13 23:06:01,拖网
16464,29.859444444444453,123.23988888888893,2.1,0.0,2018-09-13 23:16:01,拖网
16464,29.865388888888887,123.24072222222223,2.3,7.0,2018-09-13 23:26:01,拖网
16464,29.871277777777767,123.24108333333332,2.3,0.0,2018-09-13 23:36:01,拖网
16464,29.877277777777767,123.24038888888887,3.2,0.0,2018-09-13 23:46:01,拖网
16464,29.883194444444445,123.2397777777778,2.1,0.0,2018-09-13 23:56:01,拖网
16464,29.88933333333333,123.2392222222222,2.1,357.0,2018-09-14 00:06:01,拖网
16464,29.89491666666667,123.23875,2.3,350.0,2018-09-14 00:16:01,拖网
16464,29.900666666666666,123.23819444444445,2.3,356.0,2018-09-14 00:26:01,拖网
16464,29.90613888888889,123.23725,1.5,8.0,2018-09-14 00:36:01,拖网
16464,29.911555555555548,123.23605555555555,1.9,333.0,2018-09-14 00:46:01,拖网
16464,29.916638888888887,123.23580555555556,2.2,351.0,2018-09-14 00:56:01,拖网
16464,29.921972222222234,123.2362222222222,2.0,345.0,2018-09-14 01:06:01,拖网
16464,29.92708333333333,123.23686111111112,1.8,358.0,2018-09-14 01:16:01,拖网
16464,29.93216666666667,123.23652777777778,2.1,4.0,2018-09-14 01:26:01,拖网
16464,29.93686111111111,123.23588888888894,1.6,351.0,2018-09-14 01:36:01,拖网
16464,29.941416666666665,123.23569444444445,1.7,8.0,2018-09-14 01:46:01,拖网
16464,29.945999999999998,123.23566666666666,2.0,353.0,2018-09-14 01:56:01,拖网
16464,29.950416666666666,123.23530555555556,2.0,351.0,2018-09-14 02:06:01,拖网
16464,29.95480555555556,123.23536111111113,1.4,16.0,2018-09-14 02:16:01,拖网
16464,29.95922222222222,123.23641666666668,1.9,28.0,2018-09-14 02:26:01,拖网
16464,29.95825,123.23855555555555,0.6,0.0,2018-09-14 02:36:01,拖网
16464,29.95588888888889,123.23972222222223,0.9,115.0,2018-09-14 02:46:01,拖网
16464,29.95583333333333,123.24155555555555,0.2,0.0,2018-09-14 03:06:01,拖网
16464,29.95330555555556,123.23758333333332,7.0,254.0,2018-09-14 03:16:01,拖网
16464,29.94716666666667,123.22658333333334,8.3,196.0,2018-09-14 03:26:01,拖网
16464,29.94072222222222,123.22566666666668,2.1,176.0,2018-09-14 03:36:01,拖网
16464,29.93555555555556,123.22736111111112,1.7,169.0,2018-09-14 03:46:01,拖网
16464,29.9305,123.22869444444444,1.4,167.0,2018-09-14 03:56:01,拖网
16464,29.925361111111112,123.2295,2.2,162.0,2018-09-14 04:06:01,拖网
16464,29.920472222222234,123.23102777777778,2.1,156.0,2018-09-14 04:16:01,拖网
16464,29.91525,123.23327777777777,2.1,150.0,2018-09-14 04:26:01,拖网
16464,29.910055555555555,123.23530555555556,2.3,152.0,2018-09-14 04:36:01,拖网
16464,29.90483333333333,123.23741666666668,2.1,161.0,2018-09-14 04:46:01,拖网
16464,29.89980555555556,123.23491666666666,2.0,226.0,2018-09-14 04:56:01,拖网
16464,29.89477777777777,123.2335,1.9,185.0,2018-09-14 05:06:01,拖网
16464,29.889083333333332,123.23438888888887,2.2,174.0,2018-09-14 05:16:01,拖网
16464,29.8835,123.2360277777778,2.1,170.0,2018-09-14 05:26:01,拖网
16464,29.87811111111111,123.23808333333334,2.1,167.0,2018-09-14 05:36:01,拖网
16464,29.87294444444445,123.2402777777778,2.0,170.0,2018-09-14 05:46:01,拖网
16464,29.86758333333333,123.24061111111112,2.2,148.0,2018-09-14 05:56:01,拖网
16464,29.85761111111111,123.24425,1.9,151.0,2018-09-14 06:16:01,拖网
16464,29.852694444444452,123.24569444444445,2.1,142.0,2018-09-14 06:26:01,拖网
16464,29.84788888888889,123.24738888888888,1.7,163.0,2018-09-14 06:36:01,拖网
16464,29.84272222222221,123.24813888888887,1.9,169.0,2018-09-14 06:46:01,拖网
16464,29.837555555555554,123.24875,2.1,153.0,2018-09-14 06:56:01,拖网
16464,29.83241666666667,123.24911111111106,2.0,0.0,2018-09-14 07:06:01,拖网
16464,29.827388888888887,123.2495277777778,2.3,162.0,2018-09-14 07:16:01,拖网
16464,29.82261111111111,123.24969444444444,2.8,162.0,2018-09-14 07:26:01,拖网
16464,29.817694444444445,123.24977777777778,2.3,170.0,2018-09-14 07:36:01,拖网
16464,29.813194444444445,123.24961111111112,0.8,0.0,2018-09-14 07:46:01,拖网
16464,29.808972222222234,123.25030555555556,1.6,157.0,2018-09-14 07:56:01,拖网
16464,29.804361111111113,123.24977777777778,1.8,193.0,2018-09-14 08:06:01,拖网
16464,29.80019444444445,123.24844444444444,1.6,195.0,2018-09-14 08:16:01,拖网
16464,29.800611111111113,123.24591666666667,0.5,317.0,2018-09-14 08:26:01,拖网
16464,29.8025,123.24438888888888,1.3,324.0,2018-09-14 08:36:01,拖网
16464,29.803027777777785,123.24291666666666,0.6,0.0,2018-09-14 08:46:01,拖网
16464,29.802861111111113,123.24075,1.0,310.0,2018-09-14 08:56:01,拖网
16464,29.7995,123.24611111111106,3.1,127.0,2018-09-14 09:06:01,拖网
16464,29.805416666666666,123.2507222222222,1.4,0.0,2018-09-14 09:16:01,拖网
16464,29.805416666666666,123.2507222222222,1.4,0.0,2018-09-14 09:16:17,拖网
16464,29.81077777777778,123.25033333333334,1.3,0.0,2018-09-14 09:26:01,拖网
16464,29.81077777777778,123.25033333333334,1.3,0.0,2018-09-14 09:26:17,拖网
16464,29.825833333333332,123.24863888888888,1.5,0.0,2018-09-14 09:56:01,拖网
16464,29.825833333333332,123.24863888888888,1.5,0.0,2018-09-14 09:56:17,拖网
16464,29.831055555555558,123.24844444444444,1.9,7.0,2018-09-14 10:06:01,拖网
16464,29.831055555555558,123.24844444444444,1.9,7.0,2018-09-14 10:06:20,拖网
16464,29.852750000000004,123.24838888888893,2.2,358.0,2018-09-14 10:46:01,拖网
16464,29.858000000000004,123.2485,2.1,355.0,2018-09-14 10:56:01,拖网
16464,29.86369444444445,123.24830555555555,2.5,344.0,2018-09-14 11:06:01,拖网
16464,29.86958333333333,123.24644444444445,2.1,348.0,2018-09-14 11:16:01,拖网
16464,29.87533333333333,123.24475,2.4,1.0,2018-09-14 11:26:01,拖网
16464,29.881138888888888,123.24419444444445,2.7,342.0,2018-09-14 11:36:01,拖网
16464,29.886972222222226,123.244,2.4,358.0,2018-09-14 11:46:01,拖网
16464,29.892888888888887,123.24319444444444,2.4,19.0,2018-09-14 11:56:01,拖网
16464,29.898861111111113,123.24261111111113,2.4,27.0,2018-09-14 12:06:01,拖网
16464,29.90475,123.24194444444444,2.3,345.0,2018-09-14 12:16:01,拖网
16464,29.91044444444444,123.24077777777778,2.5,337.0,2018-09-14 12:26:01,拖网
16464,29.916,123.23972222222223,2.5,14.0,2018-09-14 12:36:01,拖网
16464,29.92130555555556,123.23783333333334,2.4,350.0,2018-09-14 12:46:01,拖网
16464,29.926305555555558,123.23563888888887,2.0,358.0,2018-09-14 12:56:01,拖网
16464,29.93138888888889,123.23413888888888,1.7,350.0,2018-09-14 13:06:01,拖网
16464,29.9365,123.23319444444445,2.2,9.0,2018-09-14 13:16:01,拖网
16464,29.94183333333333,123.2335,2.0,0.0,2018-09-14 13:26:01,拖网
16464,29.947138888888887,123.23397222222222,1.8,9.0,2018-09-14 13:36:01,拖网
16464,29.952305555555554,123.23383333333334,2.1,341.0,2018-09-14 13:46:01,拖网
16464,29.95708333333333,123.23286111111112,1.7,355.0,2018-09-14 13:56:01,拖网
16464,29.96222222222222,123.233,1.9,6.0,2018-09-14 14:06:01,拖网
16464,29.96683333333333,123.23361111111113,2.3,356.0,2018-09-14 14:16:01,拖网
16464,29.97138888888889,123.23411111111106,2.1,18.0,2018-09-14 14:26:01,拖网
16464,29.975555555555548,123.23522222222222,3.2,128.0,2018-09-14 14:36:01,拖网
16464,29.973888888888887,123.23694444444445,1.6,167.0,2018-09-14 14:46:01,拖网
16464,29.972805555555553,123.23811111111112,0.2,0.0,2018-09-14 14:56:01,拖网
16464,29.973749999999995,123.23963888888888,0.2,0.0,2018-09-14 15:06:01,拖网
16464,29.974055555555548,123.23963888888888,0.4,0.0,2018-09-14 15:16:01,拖网
16464,29.973722222222207,123.23530555555556,7.1,267.0,2018-09-14 15:26:01,拖网
16464,29.97636111111111,123.223,3.6,73.0,2018-09-14 15:36:01,拖网
16464,29.97072222222221,123.21636111111113,1.7,194.0,2018-09-14 15:46:01,拖网
16464,29.96447222222222,123.21791666666668,3.0,139.0,2018-09-14 15:56:01,拖网
16464,29.959888888888887,123.2212777777778,3.1,142.0,2018-09-14 16:06:01,拖网
16464,29.955444444444442,123.22391666666668,2.2,174.0,2018-09-14 16:16:01,拖网
16464,29.950777777777766,123.2254722222222,1.7,156.0,2018-09-14 16:26:01,拖网
16464,29.946055555555557,123.22805555555556,1.9,143.0,2018-09-14 16:36:01,拖网
16464,29.94116666666667,123.22963888888887,1.4,170.0,2018-09-14 16:46:01,拖网
16464,29.936138888888888,123.23066666666666,2.0,188.0,2018-09-14 16:56:01,拖网
16464,29.930888888888887,123.23222222222222,1.7,173.0,2018-09-14 17:06:01,拖网
16464,29.92608333333333,123.2337777777778,2.0,151.0,2018-09-14 17:16:01,拖网
16464,29.920972222222233,123.23494444444445,1.6,186.0,2018-09-14 17:26:01,拖网
16464,29.915805555555554,123.23613888888887,1.8,184.0,2018-09-14 17:36:01,拖网
16464,29.91075,123.23808333333334,1.9,168.0,2018-09-14 17:46:01,拖网
16464,29.905777777777786,123.24030555555555,1.7,164.0,2018-09-14 17:56:01,拖网
16464,29.900444444444442,123.24197222222222,1.8,200.0,2018-09-14 18:06:01,拖网
16464,29.895555555555553,123.24308333333332,2.3,175.0,2018-09-14 18:16:01,拖网
16464,29.89033333333333,123.2434722222222,2.0,172.0,2018-09-14 18:26:01,拖网
16464,29.885222222222207,123.2434722222222,2.5,171.0,2018-09-14 18:36:01,拖网
16464,29.88,123.24338888888893,1.6,0.0,2018-09-14 18:46:01,拖网
16464,29.87488888888889,123.24372222222222,1.9,0.0,2018-09-14 18:56:01,拖网
16464,29.87019444444445,123.24516666666668,1.7,0.0,2018-09-14 19:06:01,拖网
16464,29.86561111111111,123.24666666666668,2.2,0.0,2018-09-14 19:16:01,拖网
16464,29.860833333333336,123.24694444444445,0.9,0.0,2018-09-14 19:26:01,拖网
16464,29.85583333333333,123.24536111111112,1.5,0.0,2018-09-14 19:36:01,拖网
16464,29.85116666666667,123.24508333333334,1.8,187.0,2018-09-14 19:46:01,拖网
16464,29.8465,123.24527777777777,1.7,179.0,2018-09-14 19:56:01,拖网
16464,29.84161111111111,123.24497222222222,1.6,214.0,2018-09-14 20:06:01,拖网
16464,29.837277777777768,123.24455555555555,1.6,169.0,2018-09-14 20:16:01,拖网
16464,29.832666666666665,123.24336111111113,1.6,182.0,2018-09-14 20:26:01,拖网
16464,29.828277777777767,123.24094444444445,1.6,213.0,2018-09-14 20:36:01,拖网
16464,29.82847222222221,123.23830555555556,1.1,301.0,2018-09-14 20:46:01,拖网
16464,29.83013888888889,123.23711111111112,1.0,343.0,2018-09-14 20:56:01,拖网
16464,29.830222222222233,123.23558333333332,0.9,274.0,2018-09-14 21:06:01,拖网
16464,29.829694444444453,123.233,0.6,274.0,2018-09-14 21:16:01,拖网
16464,29.840611111111112,123.23775,6.4,2.0,2018-09-14 21:26:01,拖网
16464,29.855638888888887,123.24605555555556,6.4,19.0,2018-09-14 21:36:01,拖网
16464,29.86497222222223,123.24966666666668,1.8,24.0,2018-09-14 21:46:01,拖网
16464,29.87075,123.24813888888887,2.6,334.0,2018-09-14 21:56:01,拖网
16464,29.87605555555556,123.24494444444444,2.5,315.0,2018-09-14 22:06:01,拖网
16464,29.87911111111111,123.23775,2.2,342.0,2018-09-14 22:16:01,拖网
16464,29.884138888888888,123.2345277777778,2.0,336.0,2018-09-14 22:26:01,拖网
16464,29.889833333333332,123.23305555555555,2.2,331.0,2018-09-14 22:36:01,拖网
16464,29.89558333333333,123.23222222222222,2.2,345.0,2018-09-14 22:46:01,拖网
16464,29.90122222222222,123.23136111111113,2.8,335.0,2018-09-14 22:56:01,拖网
16464,29.906861111111112,123.22905555555555,1.8,334.0,2018-09-14 23:06:01,拖网
16464,29.91244444444445,123.22658333333334,3.2,331.0,2018-09-14 23:16:01,拖网
16464,29.918083333333332,123.22436111111112,2.3,342.0,2018-09-14 23:26:01,拖网
16464,29.923861111111112,123.22277777777781,2.8,338.0,2018-09-14 23:36:01,拖网
16464,29.929805555555557,123.2212777777778,2.1,348.0,2018-09-14 23:46:01,拖网
16464,29.93561111111111,123.21961111111112,2.1,337.0,2018-09-14 23:56:01,拖网
16464,29.94161111111111,123.21788888888894,2.0,1.0,2018-09-15 00:06:01,拖网
16464,29.946972222222207,123.21600000000001,1.5,345.0,2018-09-15 00:16:01,拖网
16464,29.95272222222223,123.21483333333332,2.5,340.0,2018-09-15 00:26:01,拖网
16464,29.95863888888889,123.21447222222223,1.7,6.0,2018-09-15 00:36:01,拖网
16464,29.964194444444445,123.21416666666669,3.0,352.0,2018-09-15 00:46:01,拖网
16464,29.96994444444445,123.21344444444445,2.5,346.0,2018-09-15 00:56:01,拖网
16464,29.975361111111113,123.21213888888887,2.4,342.0,2018-09-15 01:06:01,拖网
16464,29.98044444444444,123.21036111111113,2.5,347.0,2018-09-15 01:16:01,拖网
16464,29.985388888888888,123.20811111111112,5.2,339.0,2018-09-15 01:26:01,拖网
16464,29.99013888888889,123.2060277777778,1.5,330.0,2018-09-15 01:36:01,拖网
16464,29.99527777777779,123.20466666666668,2.1,320.0,2018-09-15 01:46:01,拖网
16464,30.00036111111111,123.20363888888888,1.9,348.0,2018-09-15 01:56:01,拖网
16464,30.00563888888889,123.20266666666667,1.8,357.0,2018-09-15 02:06:01,拖网
16464,30.01019444444445,123.20188888888887,2.2,355.0,2018-09-15 02:16:01,拖网
16464,30.01508333333333,123.20216666666668,1.5,11.0,2018-09-15 02:26:01,拖网
16464,30.01975,123.20213888888892,2.1,353.0,2018-09-15 02:36:01,拖网
16464,30.02433333333333,123.20219444444444,2.2,358.0,2018-09-15 02:46:01,拖网
16464,30.02863888888889,123.20211111111112,2.0,19.0,2018-09-15 02:56:01,拖网
16464,30.02788888888889,123.20475,0.7,82.0,2018-09-15 03:06:01,拖网
16464,30.027027777777768,123.205,0.8,294.0,2018-09-15 03:16:01,拖网
16464,30.02813888888889,123.20569444444445,2.5,204.0,2018-09-15 03:26:01,拖网
16464,30.029611111111112,123.2042777777778,1.1,273.0,2018-09-15 03:36:01,拖网
16464,30.035416666666666,123.1970277777778,6.3,305.0,2018-09-15 03:46:01,拖网
16464,30.045666666666666,123.17808333333332,7.9,302.0,2018-09-15 03:56:01,拖网
16464,30.058000000000003,123.1622777777778,6.9,294.0,2018-09-15 04:06:01,拖网
16464,30.05472222222223,123.14316666666667,6.4,241.0,2018-09-15 04:16:01,拖网
16464,30.048027777777786,123.14147222222223,1.8,151.0,2018-09-15 04:26:01,拖网
16464,30.04341666666667,123.14358333333334,2.6,146.0,2018-09-15 04:36:01,拖网
16464,30.03880555555556,123.14522222222223,1.9,170.0,2018-09-15 04:46:01,拖网
16464,30.034222222222233,123.14638888888894,2.1,167.0,2018-09-15 04:56:01,拖网
16464,30.02944444444445,123.14716666666668,2.8,144.0,2018-09-15 05:06:01,拖网
16464,30.024611111111113,123.14819444444444,2.0,162.0,2018-09-15 05:16:01,拖网
16464,30.01947222222222,123.15013888888888,2.3,145.0,2018-09-15 05:27:01,拖网
16464,30.01511111111111,123.15236111111106,2.3,129.0,2018-09-15 05:36:01,拖网
16464,30.010527777777767,123.15505555555555,2.7,149.0,2018-09-15 05:46:01,拖网
16464,30.006138888888888,123.1580277777778,2.0,155.0,2018-09-15 05:56:01,拖网
16464,30.001777777777768,123.16080555555556,2.2,131.0,2018-09-15 06:06:01,拖网
16464,29.99741666666667,123.16358333333334,1.4,140.0,2018-09-15 06:16:01,拖网
16464,29.992666666666665,123.16536111111112,1.9,154.0,2018-09-15 06:26:01,拖网
16464,29.98788888888889,123.16680555555556,2.2,145.0,2018-09-15 06:36:01,拖网
16464,29.983166666666666,123.16805555555555,2.3,140.0,2018-09-15 06:46:01,拖网
16464,29.978222222222207,123.16933333333334,3.7,143.0,2018-09-15 06:56:01,拖网
16464,29.97347222222221,123.17016666666667,1.7,0.0,2018-09-15 07:06:01,拖网
16464,29.968416666666666,123.17088888888892,1.3,180.0,2018-09-15 07:17:01,拖网
16464,29.964388888888887,123.17263888888887,2.6,159.0,2018-09-15 07:26:01,拖网
16464,29.959944444444453,123.17430555555555,2.0,163.0,2018-09-15 07:36:01,拖网
16464,29.95569444444445,123.17627777777778,1.7,151.0,2018-09-15 07:46:01,拖网
16464,29.951694444444442,123.17877777777778,1.3,119.0,2018-09-15 07:56:01,拖网
16464,29.948722222222226,123.18325,1.0,118.0,2018-09-15 08:07:01,拖网
16464,29.94466666666667,123.18438888888888,2.1,170.0,2018-09-15 08:16:01,拖网
16464,29.939611111111113,123.18416666666668,2.7,178.0,2018-09-15 08:26:01,拖网
16464,29.934722222222234,123.18344444444445,1.4,185.0,2018-09-15 08:36:01,拖网
16464,29.929944444444452,123.18213888888893,1.4,0.0,2018-09-15 08:46:01,拖网
16464,29.92505555555556,123.18172222222223,1.7,176.0,2018-09-15 08:57:01,拖网
16464,29.921194444444453,123.1809722222222,1.9,177.0,2018-09-15 09:06:01,拖网
16464,29.91697222222223,123.17905555555555,1.9,209.0,2018-09-15 09:16:01,拖网
16464,29.9145,123.1760277777778,1.4,357.0,2018-09-15 09:26:01,拖网
16464,29.91658333333333,123.17491666666668,1.8,358.0,2018-09-15 09:36:01,拖网
16464,29.91741666666667,123.17344444444444,2.4,344.0,2018-09-15 09:46:01,拖网
16464,29.9165,123.1725,1.6,260.0,2018-09-15 09:56:01,拖网
16464,29.91772222222223,123.15938888888893,6.9,262.0,2018-09-15 10:06:01,拖网
16464,29.91741666666667,123.14819444444444,1.9,330.0,2018-09-15 10:16:01,拖网
16464,29.92016666666667,123.13933333333334,7.8,25.0,2018-09-15 10:26:01,拖网
16464,29.92616666666667,123.14063888888893,2.0,342.0,2018-09-15 10:36:01,拖网
16464,29.93122222222221,123.13963888888892,2.7,353.0,2018-09-15 10:46:01,拖网
16464,29.93633333333333,123.13783333333336,1.9,345.0,2018-09-15 10:56:01,拖网
16464,29.941277777777767,123.13558333333332,2.3,347.0,2018-09-15 11:06:01,拖网
16464,29.94619444444445,123.1334722222222,2.7,353.0,2018-09-15 11:16:01,拖网
16464,29.95127777777777,123.13208333333333,2.7,348.0,2018-09-15 11:26:01,拖网
16464,29.95638888888889,123.13075,2.6,343.0,2018-09-15 11:36:01,拖网
16464,29.961416666666665,123.12861111111107,1.8,337.0,2018-09-15 11:46:01,拖网
16464,29.96669444444445,123.12647222222222,2.5,353.0,2018-09-15 11:56:01,拖网
16464,29.971805555555548,123.12561111111113,1.7,329.0,2018-09-15 12:06:01,拖网
16464,29.977138888888888,123.12411111111106,2.2,2.0,2018-09-15 12:16:01,拖网
16464,29.98269444444445,123.12333333333332,3.5,326.0,2018-09-15 12:26:01,拖网
16464,29.988138888888887,123.12216666666666,2.4,345.0,2018-09-15 12:36:01,拖网
16464,29.9935,123.12063888888888,3.6,338.0,2018-09-15 12:46:01,拖网
16464,29.99888888888889,123.11894444444445,5.8,336.0,2018-09-15 12:56:01,拖网
16464,30.00413888888889,123.11730555555555,2.9,339.0,2018-09-15 13:06:01,拖网
16464,30.00944444444445,123.11608333333332,2.1,353.0,2018-09-15 13:16:01,拖网
16464,30.014777777777766,123.11525,2.3,336.0,2018-09-15 13:26:01,拖网
16464,30.02494444444445,123.11286111111107,2.3,349.0,2018-09-15 13:46:01,拖网
16464,30.030027777777768,123.112,2.5,329.0,2018-09-15 13:56:01,拖网
16464,30.03525,123.11144444444444,1.1,23.0,2018-09-15 14:06:01,拖网
16464,30.04008333333333,123.11161111111107,1.3,3.0,2018-09-15 14:16:01,拖网
16464,30.04497222222223,123.11230555555555,1.4,23.0,2018-09-15 14:26:01,拖网
16464,30.049916666666668,123.11338888888888,1.3,21.0,2018-09-15 14:36:01,拖网
16464,30.05466666666667,123.1147222222222,1.7,13.0,2018-09-15 14:46:01,拖网
16464,30.059472222222233,123.1154722222222,2.0,7.0,2018-09-15 14:56:01,拖网
16464,30.064222222222234,123.11788888888887,2.3,34.0,2018-09-15 15:06:01,拖网
16464,30.06933333333333,123.11863888888887,1.9,6.0,2018-09-15 15:16:01,拖网
16464,30.07413888888889,123.11988888888894,1.9,3.0,2018-09-15 15:26:01,拖网
16464,30.0755,123.12172222222222,1.2,121.0,2018-09-15 15:36:01,拖网
16464,30.073916666666666,123.12211111111112,0.3,0.0,2018-09-15 15:46:01,拖网
16464,30.073638888888887,123.12194444444445,0.3,0.0,2018-09-15 15:56:01,拖网
16464,30.07338888888889,123.1214722222222,0.7,293.0,2018-09-15 16:06:01,拖网
16464,30.07563888888889,123.10944444444445,5.4,269.0,2018-09-15 16:16:01,拖网
16464,30.063777777777766,123.10636111111107,1.1,186.0,2018-09-15 16:36:01,拖网
16464,30.0595,123.10511111111107,2.5,182.0,2018-09-15 16:46:01,拖网
16464,30.05463888888889,123.10561111111113,2.7,134.0,2018-09-15 16:56:01,拖网
16464,30.049722222222233,123.10816666666666,2.7,181.0,2018-09-15 17:06:01,拖网
16464,30.04497222222223,123.10866666666666,1.8,180.0,2018-09-15 17:16:01,拖网
16464,30.04008333333333,123.10866666666666,1.9,180.0,2018-09-15 17:26:01,拖网
16464,30.035138888888888,123.11058333333332,2.1,165.0,2018-09-15 17:36:01,拖网
16464,30.0305,123.1137222222222,2.1,164.0,2018-09-15 17:46:01,拖网
16464,30.025305555555555,123.11383333333332,3.2,157.0,2018-09-15 17:56:01,拖网
16464,30.02,123.11397222222222,1.3,186.0,2018-09-15 18:06:01,拖网
16464,30.015027777777767,123.11377777777778,2.8,165.0,2018-09-15 18:16:01,拖网
16464,30.009722222222226,123.1142222222222,1.4,186.0,2018-09-15 18:26:01,拖网
16464,30.00441666666667,123.11513888888888,2.0,165.0,2018-09-15 18:36:01,拖网
16464,29.99955555555556,123.11733333333332,2.5,147.0,2018-09-15 18:46:01,拖网
16464,29.994888888888887,123.1197222222222,1.5,156.0,2018-09-15 18:56:01,拖网
16464,29.990444444444442,123.1225,1.2,159.0,2018-09-15 19:06:01,拖网
16464,29.98605555555556,123.12513888888887,2.6,153.0,2018-09-15 19:16:01,拖网
16464,29.981361111111113,123.12663888888888,2.5,159.0,2018-09-15 19:26:01,拖网
16464,29.97669444444445,123.12811111111112,2.4,168.0,2018-09-15 19:36:01,拖网
16464,29.97194444444445,123.12883333333332,1.3,172.0,2018-09-15 19:46:01,拖网
16464,29.967388888888888,123.12980555555555,0.9,179.0,2018-09-15 19:56:01,拖网
16464,29.962888888888887,123.13111111111112,2.9,171.0,2018-09-15 20:06:01,拖网
16464,29.958666666666666,123.13261111111107,1.5,175.0,2018-09-15 20:16:01,拖网
16464,29.954361111111112,123.13322222222222,2.6,160.0,2018-09-15 20:26:01,拖网
16464,29.95,123.13341666666668,1.8,180.0,2018-09-15 20:36:01,拖网
16464,29.94580555555555,123.13330555555555,1.6,151.0,2018-09-15 20:46:01,拖网
16464,29.94163888888889,123.13286111111113,1.2,192.0,2018-09-15 20:56:01,拖网
16464,29.93758333333333,123.132,1.0,198.0,2018-09-15 21:06:01,拖网
16464,29.93352777777778,123.13116666666667,0.5,0.0,2018-09-15 21:16:01,拖网
16464,29.92958333333333,123.13,1.9,183.0,2018-09-15 21:26:01,拖网
16464,29.928777777777785,123.12658333333331,0.3,0.0,2018-09-15 21:36:01,拖网
16464,29.931527777777767,123.12494444444445,0.8,0.0,2018-09-15 21:46:01,拖网
16464,29.93305555555556,123.12311111111113,2.1,57.0,2018-09-15 21:56:01,拖网
16464,29.934166666666666,123.11905555555555,1.7,294.0,2018-09-15 22:06:01,拖网
16464,29.924555555555557,123.1263611111111,5.9,158.0,2018-09-15 22:16:01,拖网
16464,29.92275,123.12963888888888,5.1,51.0,2018-09-15 22:26:01,拖网
16464,29.928583333333336,123.13083333333331,2.6,354.0,2018-09-15 22:36:01,拖网
16464,29.933694444444445,123.12883333333332,2.1,333.0,2018-09-15 22:46:01,拖网
16464,29.93861111111111,123.12708333333332,2.2,350.0,2018-09-15 22:56:01,拖网
16464,29.9435,123.12525,2.3,327.0,2018-09-15 23:06:01,拖网
16464,29.94841666666667,123.12413888888888,2.8,298.0,2018-09-15 23:16:01,拖网
16464,29.95366666666667,123.1233611111111,2.4,0.0,2018-09-15 23:26:01,拖网
16464,29.958416666666665,123.12105555555556,2.1,0.0,2018-09-15 23:36:01,拖网
16464,29.963361111111112,123.11875,3.1,357.0,2018-09-15 23:46:01,拖网
16464,29.96822222222222,123.11669444444445,2.0,335.0,2018-09-15 23:56:01,拖网
16464,29.973388888888888,123.11505555555556,2.5,324.0,2018-09-16 00:06:01,拖网
16464,29.97855555555555,123.1134722222222,1.5,2.0,2018-09-16 00:16:01,拖网
16464,29.983916666666666,123.11216666666664,1.8,6.0,2018-09-16 00:26:01,拖网
16464,29.98933333333333,123.11124999999998,2.2,21.0,2018-09-16 00:36:01,拖网
16464,29.994777777777767,123.1105,1.8,334.0,2018-09-16 00:46:01,拖网
16464,30.00019444444445,123.11025,2.5,336.0,2018-09-16 00:56:01,拖网
16464,30.00555555555556,123.11025,2.3,0.0,2018-09-16 01:06:01,拖网
16464,30.011,123.11025,1.9,22.0,2018-09-16 01:16:01,拖网
16464,30.016277777777766,123.11033333333332,4.0,22.0,2018-09-16 01:26:01,拖网
16464,30.021638888888887,123.11061111111113,3.3,250.0,2018-09-16 01:36:01,拖网
16464,30.02683333333333,123.11091666666668,1.6,0.0,2018-09-16 01:46:01,拖网
16464,30.03211111111111,123.11113888888887,2.1,12.0,2018-09-16 01:56:01,拖网
16464,30.037138888888887,123.11113888888887,1.9,353.0,2018-09-16 02:06:01,拖网
16464,30.04258333333333,123.11111111111107,1.1,17.0,2018-09-16 02:16:01,拖网
16464,30.04797222222223,123.11124999999998,1.1,20.0,2018-09-16 02:26:01,拖网
16464,30.05333333333333,123.11166666666666,2.4,23.0,2018-09-16 02:36:01,拖网
16464,30.05863888888889,123.11202777777777,1.6,13.0,2018-09-16 02:46:01,拖网
16464,30.063777777777766,123.11258333333332,2.6,352.0,2018-09-16 02:56:01,拖网
16464,30.06891666666667,123.11305555555555,1.6,14.0,2018-09-16 03:06:01,拖网
16464,30.073888888888888,123.1134722222222,2.6,358.0,2018-09-16 03:16:01,拖网
16464,30.078527777777786,123.11383333333332,0.8,4.0,2018-09-16 03:26:01,拖网
16464,30.083055555555557,123.11430555555555,1.3,347.0,2018-09-16 03:36:01,拖网
16464,30.087416666666666,123.11536111111113,2.3,21.0,2018-09-16 03:46:01,拖网
16464,30.091277777777766,123.11761111111107,1.7,114.0,2018-09-16 03:56:01,拖网
16464,30.089055555555554,123.12019444444445,1.9,149.0,2018-09-16 04:06:01,拖网
16464,30.08922222222222,123.12011111111107,1.7,121.0,2018-09-16 04:16:01,拖网
16464,30.09,123.12191666666664,0.8,0.0,2018-09-16 04:26:01,拖网
16464,30.09122222222221,123.12347222222219,1.4,0.0,2018-09-16 04:36:01,拖网
16464,30.09194444444445,123.12172222222222,13.9,280.0,2018-09-16 04:46:01,拖网
16464,30.092527777777768,123.11111111111107,5.4,68.0,2018-09-16 04:56:01,拖网
16464,30.08408333333333,123.1122777777778,3.2,145.0,2018-09-16 05:06:01,拖网
16464,30.08,123.11430555555555,2.1,135.0,2018-09-16 05:16:01,拖网
16464,30.075805555555558,123.11575,1.7,164.0,2018-09-16 05:26:01,拖网
16464,30.071305555555558,123.11744444444444,2.6,144.0,2018-09-16 05:36:01,拖网
16464,30.06688888888889,123.11855555555556,1.3,192.0,2018-09-16 05:46:01,拖网
16464,30.06222222222221,123.1189722222222,1.6,162.0,2018-09-16 05:56:01,拖网
16464,30.05755555555556,123.11863888888887,1.2,194.0,2018-09-16 06:06:01,拖网
16464,30.052777777777766,123.11869444444444,2.3,163.0,2018-09-16 06:16:01,拖网
16464,30.04794444444445,123.11863888888887,2.0,176.0,2018-09-16 06:26:01,拖网
16464,30.04283333333333,123.1195277777778,2.0,163.0,2018-09-16 06:36:01,拖网
16464,30.037805555555558,123.12161111111112,1.8,165.0,2018-09-16 06:46:01,拖网
16464,30.03311111111111,123.12441666666665,1.7,145.0,2018-09-16 06:56:01,拖网
16464,30.02875,123.12716666666664,2.3,156.0,2018-09-16 07:06:01,拖网
16464,30.024361111111112,123.12947222222219,1.2,158.0,2018-09-16 07:16:01,拖网
16464,30.01961111111111,123.13052777777777,1.8,168.0,2018-09-16 07:26:01,拖网
16464,30.009888888888888,123.12922222222224,1.4,190.0,2018-09-16 07:46:01,拖网
16464,30.005222222222233,123.12772222222222,2.8,186.0,2018-09-16 07:56:01,拖网
16464,30.000222222222234,123.12730555555555,1.4,163.0,2018-09-16 08:06:01,拖网
16464,29.99575,123.12672222222223,1.9,181.0,2018-09-16 08:16:01,拖网
16464,29.991222222222234,123.12552777777776,1.9,213.0,2018-09-16 08:26:01,拖网
16464,29.98675,123.12425,3.1,198.0,2018-09-16 08:36:01,拖网
16464,29.98233333333333,123.12305555555555,1.5,194.0,2018-09-16 08:46:01,拖网
16464,29.97794444444445,123.12211111111112,2.5,177.0,2018-09-16 08:56:01,拖网
16464,29.973527777777786,123.12152777777777,1.7,192.0,2018-09-16 09:06:01,拖网
16464,29.968888888888888,123.12083333333332,1.5,166.0,2018-09-16 09:16:01,拖网
16464,29.964666666666666,123.11919444444445,2.7,201.0,2018-09-16 09:26:01,拖网
16464,29.960638888888887,123.11708333333333,1.2,189.0,2018-09-16 09:36:01,拖网
16464,29.956555555555553,123.11686111111106,1.3,145.0,2018-09-16 09:46:01,拖网
16464,29.952638888888888,123.11622222222222,1.3,211.0,2018-09-16 09:56:01,拖网
16464,29.95475,123.11319444444445,1.2,343.0,2018-09-16 10:06:01,拖网
16464,29.95644444444445,123.11244444444445,1.2,0.0,2018-09-16 10:16:01,拖网
16464,29.95658333333333,123.11066666666666,0.6,12.0,2018-09-16 10:26:01,拖网
16464,29.95727777777777,123.10883333333332,0.8,316.0,2018-09-16 10:36:01,拖网
16464,29.952055555555553,123.1074722222222,6.1,163.0,2018-09-16 10:46:01,拖网
16464,29.937527777777767,123.11386111111106,7.2,149.0,2018-09-16 10:56:01,拖网
16464,29.928472222222233,123.11502777777777,2.2,302.0,2018-09-16 11:06:01,拖网
16464,29.923027777777786,123.11516666666668,5.0,143.0,2018-09-16 11:16:01,拖网
16464,29.909805555555554,123.11844444444445,4.3,154.0,2018-09-16 11:26:01,拖网
16464,29.91494444444445,123.12583333333332,1.2,8.0,2018-09-16 11:36:01,拖网
16464,29.92027777777778,123.12619444444445,2.5,352.0,2018-09-16 11:46:01,拖网
16464,29.925666666666668,123.12558333333332,2.5,342.0,2018-09-16 11:56:01,拖网
16464,29.930972222222234,123.12444444444445,2.3,354.0,2018-09-16 12:06:01,拖网
16464,29.936138888888888,123.12352777777777,1.9,0.0,2018-09-16 12:16:01,拖网
16464,29.941333333333336,123.12297222222222,1.0,2.0,2018-09-16 12:26:01,拖网
16464,29.946527777777767,123.12186111111107,1.3,359.0,2018-09-16 12:36:01,拖网
16464,29.951583333333332,123.12041666666666,1.2,340.0,2018-09-16 12:46:01,拖网
16464,29.95663888888889,123.11869444444444,2.0,342.0,2018-09-16 12:56:01,拖网
16464,29.96161111111111,123.11708333333333,1.5,331.0,2018-09-16 13:06:01,拖网
16464,29.966527777777767,123.1155,2.3,1.0,2018-09-16 13:16:01,拖网
16464,29.9715,123.11405555555555,0.9,353.0,2018-09-16 13:26:01,拖网
16464,29.97652777777777,123.11305555555555,1.5,358.0,2018-09-16 13:36:01,拖网
16464,29.98147222222222,123.11213888888888,2.3,335.0,2018-09-16 13:46:01,拖网
16464,29.98641666666667,123.11127777777777,1.2,334.0,2018-09-16 13:56:01,拖网
16464,29.99166666666667,123.1107222222222,1.3,17.0,2018-09-16 14:06:01,拖网
16464,29.996277777777767,123.11027777777777,1.7,355.0,2018-09-16 14:16:01,拖网
16464,30.000999999999998,123.10986111111107,2.1,3.0,2018-09-16 14:26:01,拖网
16464,30.00577777777778,123.10963888888888,1.0,0.0,2018-09-16 14:36:01,拖网
16464,30.010416666666664,123.10913888888888,1.9,3.0,2018-09-16 14:46:01,拖网
16464,30.01519444444445,123.1085,2.3,8.0,2018-09-16 14:56:01,拖网
16464,30.01991666666667,123.10774999999998,1.3,358.0,2018-09-16 15:06:01,拖网
16464,30.024611111111113,123.10719444444445,1.3,358.0,2018-09-16 15:16:01,拖网
16464,30.02933333333333,123.10708333333332,1.9,351.0,2018-09-16 15:26:01,拖网
16464,30.034055555555554,123.10799999999999,1.7,13.0,2018-09-16 15:36:01,拖网
16464,30.038888888888888,123.1094722222222,2.8,15.0,2018-09-16 15:46:01,拖网
16464,30.04316666666667,123.11266666666668,2.3,39.0,2018-09-16 15:56:01,拖网
16464,30.047583333333336,123.11525,3.8,343.0,2018-09-16 16:06:01,拖网
16464,30.05183333333333,123.11786111111113,1.5,56.0,2018-09-16 16:16:01,拖网
16464,30.05625,123.11991666666668,1.7,353.0,2018-09-16 16:26:01,拖网
16464,30.060666666666666,123.12169444444444,1.6,349.0,2018-09-16 16:36:01,拖网
16464,30.059444444444445,123.12358333333331,1.4,174.0,2018-09-16 16:46:01,拖网
16464,30.05777777777779,123.12258333333332,1.6,328.0,2018-09-16 16:56:01,拖网
16464,30.05777777777779,123.12361111111107,0.9,163.0,2018-09-16 17:06:01,拖网
16464,30.058277777777786,123.12433333333333,0.5,0.0,2018-09-16 17:16:01,拖网
16464,30.05880555555556,123.12458333333332,0.4,0.0,2018-09-16 17:26:01,拖网
16464,30.05880555555556,123.12458333333332,0.4,0.0,2018-09-16 17:37:01,拖网
16464,30.05019444444445,123.11927777777777,7.1,248.0,2018-09-16 17:46:01,拖网
16464,30.042638888888888,123.0995,7.5,239.0,2018-09-16 17:56:01,拖网
16464,30.0335,123.07897222222222,7.0,239.0,2018-09-16 18:06:01,拖网
16464,30.02333333333333,123.05958333333332,7.1,261.0,2018-09-16 18:16:01,拖网
16464,30.01297222222223,123.03869444444445,8.6,212.0,2018-09-16 18:26:01,拖网
16464,29.999805555555557,123.01816666666666,8.3,240.0,2018-09-16 18:36:01,拖网
16464,29.99363888888889,123.00441666666666,2.5,238.0,2018-09-16 18:46:01,拖网
16464,29.98425,123.00158333333331,1.3,195.0,2018-09-16 18:56:01,拖网
16464,29.97886111111111,123.00208333333332,1.8,160.0,2018-09-16 19:06:01,拖网
16464,29.97363888888889,123.00413888888887,2.6,154.0,2018-09-16 19:16:01,拖网
16464,29.96938888888889,123.008,2.0,154.0,2018-09-16 19:26:01,拖网
16464,29.965416666666666,123.01163888888887,1.5,152.0,2018-09-16 19:36:01,拖网
16464,29.96094444444445,123.0144722222222,2.6,159.0,2018-09-16 19:46:01,拖网
16464,29.95647222222221,123.01702777777778,2.3,140.0,2018-09-16 19:56:01,拖网
16464,29.951694444444442,123.01952777777778,1.5,158.0,2018-09-16 20:06:01,拖网
16464,29.94736111111111,123.02161111111113,1.7,148.0,2018-09-16 20:16:01,拖网
16464,29.942972222222235,123.02402777777776,2.1,170.0,2018-09-16 20:26:01,拖网
16464,29.93813888888889,123.02486111111112,0.6,0.0,2018-09-16 20:36:01,拖网
16464,29.93330555555556,123.0245277777778,3.3,170.0,2018-09-16 20:46:01,拖网
16464,29.928638888888887,123.02419444444445,1.6,176.0,2018-09-16 20:56:01,拖网
16464,29.92383333333333,123.02388888888888,2.0,190.0,2018-09-16 21:06:01,拖网
16464,29.919527777777766,123.02394444444445,0.9,177.0,2018-09-16 21:16:01,拖网
16464,29.915194444444445,123.02402777777776,2.0,179.0,2018-09-16 21:26:01,拖网
16464,29.91097222222221,123.02430555555556,1.6,171.0,2018-09-16 21:36:01,拖网
16464,29.907027777777767,123.02441666666664,1.1,177.0,2018-09-16 21:46:01,拖网
16464,29.90283333333333,123.02394444444445,2.7,171.0,2018-09-16 21:56:01,拖网
16464,29.898694444444452,123.02380555555555,1.7,184.0,2018-09-16 22:06:01,拖网
16464,29.894972222222233,123.02352777777777,1.0,0.0,2018-09-16 22:16:01,拖网
16464,29.891222222222233,123.0227777777778,1.3,190.0,2018-09-16 22:26:01,拖网
16464,29.887611111111113,123.02183333333332,1.2,206.0,2018-09-16 22:36:01,拖网
16464,29.883916666666664,123.02105555555555,1.7,133.0,2018-09-16 22:46:01,拖网
16464,29.880111111111113,123.02008333333332,1.0,183.0,2018-09-16 22:56:01,拖网
16464,29.876527777777767,123.01908333333333,1.2,189.0,2018-09-16 23:06:01,拖网
16464,29.87313888888889,123.01922222222224,1.6,140.0,2018-09-16 23:16:01,拖网
16464,29.870027777777786,123.01966666666668,1.2,220.0,2018-09-16 23:26:01,拖网
16464,29.86416666666667,123.01577777777777,1.3,198.0,2018-09-16 23:46:01,拖网
16464,29.866,123.01311111111113,2.6,28.0,2018-09-16 23:56:01,拖网
16464,29.869777777777767,123.01611111111113,0.7,0.0,2018-09-17 00:06:01,拖网
16464,29.87172222222221,123.0155277777778,1.1,348.0,2018-09-17 00:16:01,拖网
16464,29.87472222222221,123.01491666666666,0.6,0.0,2018-09-17 00:26:01,拖网
16464,29.864,123.01672222222223,6.5,202.0,2018-09-17 00:36:01,拖网
16464,29.868111111111112,123.0187222222222,2.7,345.0,2018-09-17 00:46:01,拖网
16464,29.873666666666665,123.01811111111112,2.3,348.0,2018-09-17 00:56:01,拖网
16464,29.878888888888888,123.0172777777778,2.7,340.0,2018-09-17 01:06:01,拖网
16464,29.884027777777767,123.01663888888888,2.0,349.0,2018-09-17 01:16:01,拖网
16464,29.889138888888887,123.0155,1.2,339.0,2018-09-17 01:26:01,拖网
16464,29.89433333333333,123.01438888888887,1.3,345.0,2018-09-17 01:36:01,拖网
16464,29.89913888888889,123.01236111111106,1.8,311.0,2018-09-17 01:46:01,拖网
16464,29.90333333333333,123.00916666666667,1.9,321.0,2018-09-17 01:56:01,拖网
16464,29.90783333333333,123.00661111111113,2.7,358.0,2018-09-17 02:06:01,拖网
16464,29.912805555555554,123.00541666666666,1.8,7.0,2018-09-17 02:16:01,拖网
16464,29.91794444444445,123.00461111111113,2.0,3.0,2018-09-17 02:26:01,拖网
16464,29.92316666666667,123.00441666666666,2.6,5.0,2018-09-17 02:36:01,拖网
16464,29.92838888888889,123.00491666666667,2.7,31.0,2018-09-17 02:46:01,拖网
16464,29.93363888888889,123.00538888888887,2.3,0.0,2018-09-17 02:56:01,拖网
16464,29.938861111111112,123.006,3.2,43.0,2018-09-17 03:06:01,拖网
16464,29.944027777777766,123.00705555555555,3.1,51.0,2018-09-17 03:16:01,拖网
16464,29.94894444444445,123.00836111111113,1.8,0.0,2018-09-17 03:26:01,拖网
16464,29.953722222222233,123.00986111111106,2.2,0.0,2018-09-17 03:36:01,拖网
16464,29.95847222222222,123.01208333333332,1.8,47.0,2018-09-17 03:46:01,拖网
16464,29.962694444444452,123.014,1.7,13.0,2018-09-17 03:56:01,拖网
16464,29.967194444444445,123.01566666666666,1.5,18.0,2018-09-17 04:06:01,拖网
16464,29.971805555555548,123.01683333333334,1.4,8.0,2018-09-17 04:16:01,拖网
16464,29.97636111111111,123.01752777777777,1.3,5.0,2018-09-17 04:26:01,拖网
16464,29.980777777777767,123.01827777777777,1.2,8.0,2018-09-17 04:36:01,拖网
16464,29.98491666666667,123.01969444444444,0.5,17.0,2018-09-17 04:46:01,拖网
16464,29.989027777777785,123.021,1.3,21.0,2018-09-17 04:56:01,拖网
16464,29.99308333333333,123.02261111111108,1.4,8.0,2018-09-17 05:06:01,拖网
16464,29.99636111111111,123.02602777777778,1.6,49.0,2018-09-17 05:16:01,拖网
16464,29.99916666666667,123.02977777777778,1.8,45.0,2018-09-17 05:26:01,拖网
16464,30.00161111111111,123.03397222222222,2.0,53.0,2018-09-17 05:36:01,拖网
16464,29.998777777777786,123.03541666666666,1.1,188.0,2018-09-17 05:46:01,拖网
16464,29.99725,123.03366666666668,2.3,28.0,2018-09-17 05:56:01,拖网
16464,29.99688888888889,123.03544444444445,0.8,97.0,2018-09-17 06:06:01,拖网
16464,29.99594444444445,123.03791666666666,0.4,133.0,2018-09-17 06:16:01,拖网
16464,29.99505555555556,123.04,0.6,30.0,2018-09-17 06:26:01,拖网
16464,29.99222222222223,123.05072222222222,4.1,134.0,2018-09-17 06:36:01,拖网
16464,29.988250000000004,123.05330555555555,8.8,177.0,2018-09-17 06:46:01,拖网
16464,29.98019444444445,123.05516666666666,2.1,127.0,2018-09-17 06:56:01,拖网
16464,29.97569444444445,123.05808333333331,2.4,137.0,2018-09-17 07:06:01,拖网
16464,29.97136111111111,123.06136111111107,1.7,139.0,2018-09-17 07:16:01,拖网
16464,29.96722222222222,123.0647777777778,2.3,140.0,2018-09-17 07:26:01,拖网
16464,29.963527777777767,123.06913888888887,2.3,115.0,2018-09-17 07:36:01,拖网
16464,29.96013888888889,123.07380555555555,2.4,141.0,2018-09-17 07:46:01,拖网
16464,29.956944444444442,123.0782222222222,2.3,145.0,2018-09-17 07:56:01,拖网
16464,29.953388888888888,123.08208333333332,1.9,144.0,2018-09-17 08:06:01,拖网
16464,29.949388888888887,123.08513888888888,1.9,121.0,2018-09-17 08:16:01,拖网
16464,29.94611111111111,123.08925,2.3,132.0,2018-09-17 08:26:01,拖网
16464,29.94244444444445,123.09297222222222,1.9,125.0,2018-09-17 08:36:01,拖网
16464,29.93883333333333,123.09675,1.6,106.0,2018-09-17 08:46:01,拖网
16464,29.935166666666664,123.1002777777778,4.1,151.0,2018-09-17 08:56:01,拖网
16464,29.93225,123.10427777777777,3.7,103.0,2018-09-17 09:06:01,拖网
16464,29.929527777777786,123.10836111111112,1.6,132.0,2018-09-17 09:16:01,拖网
16464,29.926222222222233,123.111,1.9,122.0,2018-09-17 09:26:01,拖网
16464,29.92191666666667,123.11308333333332,1.5,155.0,2018-09-17 09:36:01,拖网
16464,29.917305555555554,123.11377777777778,1.2,130.0,2018-09-17 09:46:01,拖网
16464,29.913055555555548,123.11486111111107,1.4,175.0,2018-09-17 09:56:01,拖网
16464,29.90883333333333,123.11575,1.4,0.0,2018-09-17 10:06:01,拖网
16464,29.90466666666667,123.11633333333332,1.1,0.0,2018-09-17 10:16:01,拖网
16464,29.900361111111113,123.11677777777777,2.8,122.0,2018-09-17 10:26:01,拖网
16464,29.89605555555556,123.11661111111107,1.4,0.0,2018-09-17 10:36:01,拖网
16464,29.89155555555555,123.11541666666666,1.1,191.0,2018-09-17 10:46:01,拖网
16464,29.88744444444445,123.11380555555556,1.8,203.0,2018-09-17 10:56:01,拖网
16464,29.87880555555556,123.11127777777777,1.2,196.0,2018-09-17 11:16:01,拖网
16464,29.874305555555555,123.1110277777778,1.9,171.0,2018-09-17 11:26:01,拖网
16464,29.86983333333333,123.11108333333333,1.4,173.0,2018-09-17 11:36:01,拖网
16464,29.86508333333333,123.11105555555555,1.9,175.0,2018-09-17 11:46:01,拖网
16464,29.863194444444453,123.10963888888888,3.2,310.0,2018-09-17 11:56:01,拖网
16464,29.86583333333333,123.1085,0.5,356.0,2018-09-17 12:06:01,拖网
16464,29.86563888888889,123.10791666666664,1.0,219.0,2018-09-17 12:16:01,拖网
16464,29.863888888888887,123.10738888888888,0.2,0.0,2018-09-17 12:26:01,拖网
16464,29.865250000000003,123.11594444444445,7.1,99.0,2018-09-17 12:36:01,拖网
16464,29.86486111111111,123.12844444444444,0.7,32.0,2018-09-17 12:46:01,拖网
16464,29.870638888888887,123.13183333333332,1.5,10.0,2018-09-17 12:56:01,拖网
16464,29.87552777777778,123.13224999999998,1.7,12.0,2018-09-17 13:06:01,拖网
16464,29.879972222222232,123.13216666666666,1.5,359.0,2018-09-17 13:16:01,拖网
16464,29.88466666666667,123.13133333333332,1.7,341.0,2018-09-17 13:26:01,拖网
16464,29.88925,123.13191666666664,1.7,4.0,2018-09-17 13:36:01,拖网
16464,29.89419444444445,123.13213888888887,1.5,346.0,2018-09-17 13:46:01,拖网
16464,29.89905555555555,123.1302777777778,2.2,302.0,2018-09-17 13:56:01,拖网
16464,29.903277777777767,123.1274722222222,1.4,301.0,2018-09-17 14:06:01,拖网
16464,29.90688888888889,123.12386111111107,2.8,21.0,2018-09-17 14:16:01,拖网
16464,29.91183333333333,123.12330555555555,2.0,18.0,2018-09-17 14:26:01,拖网
16464,29.91675,123.12227777777778,1.3,23.0,2018-09-17 14:36:01,拖网
16464,29.92169444444445,123.12202777777777,3.2,18.0,2018-09-17 14:46:01,拖网
16464,29.92672222222223,123.12194444444445,2.1,9.0,2018-09-17 14:56:01,拖网
16464,29.93166666666667,123.12038888888887,1.9,348.0,2018-09-17 15:06:01,拖网
16464,29.93636111111111,123.11869444444444,2.1,0.0,2018-09-17 15:16:01,拖网
16464,29.94130555555556,123.11763888888888,1.7,349.0,2018-09-17 15:26:01,拖网
16464,29.94619444444445,123.11683333333332,1.4,0.0,2018-09-17 15:36:01,拖网
16464,29.95125,123.11638888888888,1.5,358.0,2018-09-17 15:46:01,拖网
16464,29.95561111111111,123.11630555555556,1.1,349.0,2018-09-17 15:56:01,拖网
16464,29.960361111111112,123.11608333333332,1.8,354.0,2018-09-17 16:06:01,拖网
16464,29.965027777777767,123.1155,2.2,343.0,2018-09-17 16:16:01,拖网
16464,29.96986111111111,123.11569444444444,2.4,25.0,2018-09-17 16:26:01,拖网
16464,29.97444444444445,123.11611111111112,1.6,19.0,2018-09-17 16:36:01,拖网
16464,29.97894444444444,123.11675,2.2,36.0,2018-09-17 16:46:01,拖网
16464,29.97858333333333,123.1189722222222,1.3,156.0,2018-09-17 16:56:01,拖网
16464,29.97663888888889,123.11922222222222,3.1,288.0,2018-09-17 17:06:01,拖网
16464,29.97708333333333,123.12002777777776,0.5,0.0,2018-09-17 17:16:01,拖网
16464,29.97736111111111,123.12141666666666,0.8,85.0,2018-09-17 17:26:01,拖网
16464,29.97738888888889,123.12347222222219,0.9,118.0,2018-09-17 17:36:01,拖网
16464,29.977166666666665,123.12569444444445,0.6,105.0,2018-09-17 17:46:01,拖网
16464,29.97669444444445,123.12830555555556,0.9,82.0,2018-09-17 17:56:01,拖网
16464,29.97619444444444,123.13119444444445,5.1,77.0,2018-09-17 18:06:01,拖网
16464,29.97433333333333,123.12719444444444,5.3,226.0,2018-09-17 18:16:01,拖网
16464,29.95663888888889,123.12516666666669,7.0,172.0,2018-09-17 18:26:01,拖网
16464,29.936555555555554,123.12422222222222,7.3,185.0,2018-09-17 18:36:01,拖网
16464,29.91658333333333,123.12130555555555,8.6,174.0,2018-09-17 18:46:01,拖网
16464,29.89563888888889,123.11930555555556,6.6,189.0,2018-09-17 18:56:01,拖网
16464,29.87736111111111,123.11502777777777,7.3,188.0,2018-09-17 19:06:01,拖网
16464,29.859,123.10916666666668,8.0,199.0,2018-09-17 19:16:01,拖网
16464,29.840999999999998,123.10322222222223,7.4,189.0,2018-09-17 19:26:01,拖网
16464,29.82241666666667,123.0984722222222,7.5,202.0,2018-09-17 19:36:01,拖网
16464,29.815916666666666,123.09525,7.7,181.0,2018-09-17 19:46:01,拖网
16464,29.80875,123.09813888888887,2.1,142.0,2018-09-17 19:56:01,拖网
16464,29.803611111111113,123.09827777777777,1.5,162.0,2018-09-17 20:06:01,拖网
16464,29.79930555555556,123.09858333333332,1.3,181.0,2018-09-17 20:16:01,拖网
16464,29.794583333333332,123.0985277777778,2.5,150.0,2018-09-17 20:26:01,拖网
16464,29.78986111111111,123.09899999999999,1.6,177.0,2018-09-17 20:36:01,拖网
16464,29.78519444444445,123.09988888888887,2.0,184.0,2018-09-17 20:46:01,拖网
16464,29.780527777777767,123.10111111111112,2.1,123.0,2018-09-17 20:56:01,拖网
16464,29.775916666666664,123.10219444444445,1.8,0.0,2018-09-17 21:06:01,拖网
16464,29.771472222222233,123.10383333333333,2.3,155.0,2018-09-17 21:16:01,拖网
16464,29.7675,123.107,1.9,145.0,2018-09-17 21:26:01,拖网
16464,29.76386111111111,123.10988888888888,1.3,136.0,2018-09-17 21:36:01,拖网
16464,29.75997222222223,123.11261111111112,2.8,113.0,2018-09-17 21:46:01,拖网
16464,29.75597222222222,123.11469444444445,1.9,152.0,2018-09-17 21:56:01,拖网
16464,29.751444444444445,123.11580555555555,1.7,157.0,2018-09-17 22:06:01,拖网
16464,29.74708333333333,123.11666666666666,1.1,0.0,2018-09-17 22:16:01,拖网
16464,29.742694444444453,123.11691666666664,1.7,0.0,2018-09-17 22:26:01,拖网
16464,29.73844444444445,123.11655555555555,2.8,0.0,2018-09-17 22:36:01,拖网
16464,29.73419444444445,123.11608333333332,3.5,0.0,2018-09-17 22:46:01,拖网
16464,29.729861111111113,123.11577777777777,1.5,186.0,2018-09-17 22:56:01,拖网
16464,29.72569444444445,123.11555555555556,1.1,186.0,2018-09-17 23:06:01,拖网
16464,29.72144444444445,123.11552777777777,2.3,188.0,2018-09-17 23:16:01,拖网
16464,29.71725,123.11536111111113,1.4,160.0,2018-09-17 23:26:01,拖网
16464,29.71322222222221,123.11477777777776,1.6,153.0,2018-09-17 23:36:01,拖网
16464,29.70947222222221,123.11419444444445,1.1,169.0,2018-09-17 23:46:01,拖网
16464,29.70563888888889,123.11363888888887,2.2,183.0,2018-09-17 23:56:01,拖网
16464,29.701777777777767,123.1129722222222,1.5,183.0,2018-09-18 00:06:01,拖网
16464,29.698166666666665,123.11252777777777,1.3,190.0,2018-09-18 00:15:01,拖网
16464,29.69458333333333,123.11208333333332,1.0,177.0,2018-09-18 00:25:01,拖网
16464,29.691944444444445,123.1107222222222,1.3,356.0,2018-09-18 00:35:01,拖网
16464,29.694805555555554,123.11044444444444,1.1,13.0,2018-09-18 00:45:01,拖网
16464,29.69736111111111,123.11086111111106,0.3,0.0,2018-09-18 00:55:01,拖网
16464,29.698611111111113,123.11069444444445,0.7,0.0,2018-09-18 01:05:01,拖网
16464,29.7,123.1104722222222,1.0,320.0,2018-09-18 01:15:01,拖网
16464,29.686722222222233,123.11005555555555,7.1,176.0,2018-09-18 01:25:01,拖网
16464,29.668527777777786,123.11030555555556,6.2,180.0,2018-09-18 01:35:01,拖网
16464,29.67525,123.11313888888887,3.8,2.0,2018-09-18 01:45:01,拖网
16464,29.68025,123.11169444444445,2.3,324.0,2018-09-18 01:56:01,拖网
16464,29.68461111111111,123.10941666666666,2.0,320.0,2018-09-18 02:05:01,拖网
16464,29.68891666666667,123.10688888888888,2.2,321.0,2018-09-18 02:15:01,拖网
16464,29.693027777777786,123.10416666666666,1.9,331.0,2018-09-18 02:25:01,拖网
16464,29.69708333333333,123.10133333333332,2.2,324.0,2018-09-18 02:35:01,拖网
16464,29.70125,123.09877777777778,1.5,336.0,2018-09-18 02:45:01,拖网
16464,29.705861111111112,123.09700000000001,2.8,349.0,2018-09-18 02:55:01,拖网
16464,29.71058333333333,123.09538888888888,1.5,327.0,2018-09-18 03:05:01,拖网
16464,29.714972222222233,123.09311111111113,1.5,335.0,2018-09-18 03:15:01,拖网
16464,29.719277777777766,123.09077777777777,1.8,331.0,2018-09-18 03:25:01,拖网
16464,29.723305555555555,123.08825,1.8,334.0,2018-09-18 03:35:01,拖网
16464,29.72725,123.08563888888888,1.1,311.0,2018-09-18 03:45:01,拖网
16464,29.731027777777786,123.08280555555555,1.3,252.0,2018-09-18 03:55:01,拖网
16464,29.735166666666665,123.08002777777777,1.6,333.0,2018-09-18 04:06:01,拖网
16464,29.7395,123.07808333333332,1.7,323.0,2018-09-18 04:15:01,拖网
16464,29.744055555555555,123.07644444444445,1.4,342.0,2018-09-18 04:25:01,拖网
16464,29.74880555555556,123.07544444444444,1.8,3.0,2018-09-18 04:35:01,拖网
16464,29.75358333333333,123.07466666666666,1.3,2.0,2018-09-18 04:45:01,拖网
16464,29.758388888888888,123.0744722222222,2.3,24.0,2018-09-18 04:55:01,拖网
16464,29.76327777777778,123.07455555555555,2.0,13.0,2018-09-18 05:05:01,拖网
16464,29.76819444444445,123.07422222222222,1.8,346.0,2018-09-18 05:15:01,拖网
16464,29.773055555555555,123.0735,1.9,12.0,2018-09-18 05:25:01,拖网
16464,29.77786111111111,123.07274999999998,2.0,3.0,2018-09-18 05:35:01,拖网
16464,29.782611111111112,123.07244444444444,1.7,0.0,2018-09-18 05:45:01,拖网
16464,29.787472222222235,123.07238888888894,1.4,345.0,2018-09-18 05:56:01,拖网
16464,29.79225000000001,123.07277777777777,2.1,11.0,2018-09-18 06:06:01,拖网
16464,29.796944444444453,123.07344444444445,2.1,28.0,2018-09-18 06:16:01,拖网
16464,29.801388888888887,123.0732777777778,1.4,4.0,2018-09-18 06:25:01,拖网
16464,29.805750000000003,123.07252777777776,1.8,1.0,2018-09-18 06:35:01,拖网
16464,29.810055555555557,123.0722222222222,1.8,356.0,2018-09-18 06:45:01,拖网
16464,29.811222222222234,123.074,0.5,177.0,2018-09-18 06:55:01,拖网
16464,29.80922222222221,123.07505555555555,0.5,172.0,2018-09-18 07:05:01,拖网
16464,29.80908333333333,123.07566666666666,0.6,31.0,2018-09-18 07:15:01,拖网
16464,29.80941666666667,123.07694444444445,2.5,197.0,2018-09-18 07:25:01,拖网
16464,29.81061111111111,123.07752777777776,0.3,0.0,2018-09-18 07:35:01,拖网
16464,29.81088888888889,123.08525,7.5,108.0,2018-09-18 07:45:01,拖网
16464,29.80775,123.10633333333332,1.4,96.0,2018-09-18 07:55:01,拖网
16464,29.805750000000003,123.11572222222222,2.0,0.0,2018-09-18 08:05:01,拖网
16464,29.8065,123.12119444444444,1.5,94.0,2018-09-18 08:15:01,拖网
16464,29.80477777777779,123.12608333333333,1.6,141.0,2018-09-18 08:25:01,拖网
16464,29.801305555555558,123.13,2.4,164.0,2018-09-18 08:35:01,拖网
16464,29.79705555555556,123.13244444444445,1.8,148.0,2018-09-18 08:45:01,拖网
16464,29.79344444444445,123.13538888888893,1.6,160.0,2018-09-18 08:55:01,拖网
16464,29.789305555555554,123.13725,1.6,148.0,2018-09-18 09:05:01,拖网
16464,29.785027777777767,123.1382777777778,1.5,169.0,2018-09-18 09:15:01,拖网
16464,29.781388888888888,123.14122222222224,1.8,140.0,2018-09-18 09:25:01,拖网
16464,29.777472222222233,123.14344444444444,1.8,158.0,2018-09-18 09:36:01,拖网
16464,29.773027777777767,123.14261111111112,1.8,0.0,2018-09-18 09:45:01,拖网
16464,29.768666666666665,123.141,1.7,223.0,2018-09-18 09:56:01,拖网
16464,29.76441666666667,123.1395,1.6,192.0,2018-09-18 10:06:01,拖网
16464,29.76011111111111,123.14013888888887,1.6,159.0,2018-09-18 10:15:01,拖网
16464,29.75594444444444,123.14155555555556,1.3,159.0,2018-09-18 10:25:01,拖网
16464,29.75172222222222,123.14241666666668,1.8,168.0,2018-09-18 10:35:01,拖网
16464,29.743361111111113,123.14388888888894,0.8,180.0,2018-09-18 10:55:01,拖网
16464,29.73913888888889,123.144,1.6,181.0,2018-09-18 11:05:01,拖网
16464,29.73494444444445,123.14358333333334,1.4,173.0,2018-09-18 11:15:01,拖网
16464,29.73080555555555,123.14263888888892,1.3,197.0,2018-09-18 11:25:01,拖网
16464,29.726888888888887,123.14091666666668,1.5,209.0,2018-09-18 11:35:01,拖网
16464,29.72308333333333,123.1385,1.6,208.0,2018-09-18 11:45:01,拖网
16464,29.719166666666666,123.13683333333334,1.6,164.0,2018-09-18 11:55:01,拖网
16464,29.71533333333333,123.13505555555555,1.8,222.0,2018-09-18 12:05:01,拖网
16464,29.711527777777768,123.13325,1.6,211.0,2018-09-18 12:15:01,拖网
16464,29.70780555555556,123.13130555555556,1.6,212.0,2018-09-18 12:25:01,拖网
16464,29.70583333333333,123.1297222222222,0.6,0.0,2018-09-18 12:35:01,拖网
16464,29.70822222222222,123.1297222222222,1.2,357.0,2018-09-18 12:45:01,拖网
16464,29.70983333333333,123.12980555555555,0.7,221.0,2018-09-18 12:56:01,拖网
16464,29.70991666666667,123.1295,0.9,269.0,2018-09-18 13:05:01,拖网
16464,29.70808333333333,123.13011111111106,7.1,163.0,2018-09-18 13:15:01,拖网
16464,29.68986111111111,123.133,6.6,139.0,2018-09-18 13:25:01,拖网
16464,29.67225,123.13458333333334,5.8,166.0,2018-09-18 13:35:01,拖网
16464,29.66605555555555,123.13555555555556,7.5,22.0,2018-09-18 13:45:01,拖网
16464,29.673027777777786,123.13838888888893,1.6,355.0,2018-09-18 13:55:01,拖网
16464,29.67811111111111,123.13719444444445,1.8,342.0,2018-09-18 14:05:01,拖网
16464,29.68258333333333,123.13436111111113,1.4,0.0,2018-09-18 14:15:01,拖网
16464,29.6865,123.13094444444445,1.9,335.0,2018-09-18 14:25:01,拖网
16464,29.690027777777786,123.1272777777778,1.7,344.0,2018-09-18 14:35:01,拖网
16464,29.693583333333336,123.12383333333332,1.6,329.0,2018-09-18 14:45:01,拖网
16464,29.69769444444445,123.12130555555555,1.2,0.0,2018-09-18 14:55:01,拖网
16464,29.701999999999998,123.11927777777777,1.6,3.0,2018-09-18 15:05:01,拖网
16464,29.70630555555556,123.11711111111113,1.5,353.0,2018-09-18 15:15:01,拖网
16464,29.710777777777786,123.11533333333334,1.7,358.0,2018-09-18 15:25:01,拖网
16464,29.71544444444445,123.11397222222222,1.9,0.0,2018-09-18 15:35:01,拖网
16464,29.72033333333333,123.1124722222222,1.8,338.0,2018-09-18 15:46:01,拖网
16464,29.72502777777777,123.11138888888887,2.1,351.0,2018-09-18 15:55:01,拖网
16464,29.729888888888887,123.10994444444445,2.1,350.0,2018-09-18 16:05:01,拖网
16464,29.74897222222221,123.10616666666668,1.6,20.0,2018-09-18 16:45:01,拖网
16464,29.753833333333336,123.1069722222222,1.9,13.0,2018-09-18 16:55:01,拖网
16464,29.75869444444445,123.10763888888887,1.8,17.0,2018-09-18 17:05:01,拖网
16464,29.76358333333333,123.10836111111112,2.0,358.0,2018-09-18 17:15:01,拖网
16464,29.768694444444442,123.10894444444445,1.5,357.0,2018-09-18 17:25:01,拖网
16464,29.7785,123.10952777777777,1.9,1.0,2018-09-18 17:46:01,拖网
16464,29.78313888888889,123.10986111111107,1.9,23.0,2018-09-18 17:55:01,拖网
16464,29.78777777777778,123.11088888888894,1.9,13.0,2018-09-18 18:05:01,拖网
16464,29.79102777777778,123.11588888888888,1.9,59.0,2018-09-18 18:15:01,拖网
16464,29.796055555555558,123.11666666666666,2.0,20.0,2018-09-18 18:25:01,拖网
16464,29.800666666666665,123.11763888888888,1.8,20.0,2018-09-18 18:35:01,拖网
16464,29.804972222222233,123.11872222222222,1.7,28.0,2018-09-18 18:45:01,拖网
16464,29.80922222222221,123.12019444444445,3.1,69.0,2018-09-18 18:55:01,拖网
16464,29.80675,123.12169444444444,0.5,0.0,2018-09-18 19:05:01,拖网
16464,29.80544444444445,123.12216666666666,0.6,18.0,2018-09-18 19:16:01,拖网
16464,29.8065,123.12327777777777,1.7,117.0,2018-09-18 19:25:01,拖网
16464,29.80741666666667,123.12477777777778,0.5,127.0,2018-09-18 19:35:01,拖网
16464,29.80833333333333,123.12655555555556,0.8,46.0,2018-09-18 19:45:01,拖网
16464,29.80922222222221,123.12869444444445,1.0,58.0,2018-09-18 19:55:01,拖网
16464,29.80830555555556,123.1285,5.6,275.0,2018-09-18 20:05:01,拖网
16464,29.80433333333333,123.11997222222222,4.3,60.0,2018-09-18 20:15:01,拖网
16464,29.797555555555558,123.11544444444445,1.7,180.0,2018-09-18 20:25:01,拖网
16464,29.79275,123.11619444444445,1.3,183.0,2018-09-18 20:35:01,拖网
16464,29.788138888888888,123.11694444444444,2.0,161.0,2018-09-18 20:45:01,拖网
16464,29.783444444444445,123.1175,1.9,181.0,2018-09-18 20:55:01,拖网
16464,29.778805555555557,123.11788888888887,1.5,191.0,2018-09-18 21:05:01,拖网
16464,29.77419444444445,123.11816666666664,1.9,167.0,2018-09-18 21:15:01,拖网
16464,29.76961111111111,123.11830555555555,1.6,194.0,2018-09-18 21:25:01,拖网
16464,29.765277777777786,123.11905555555555,1.5,0.0,2018-09-18 21:35:01,拖网
16464,29.76075,123.1202222222222,1.2,0.0,2018-09-18 21:45:01,拖网
16464,29.75636111111111,123.122,1.1,0.0,2018-09-18 21:55:01,拖网
16464,29.751666666666665,123.12411111111106,1.7,152.0,2018-09-18 22:06:01,拖网
16464,29.74711111111111,123.12430555555555,1.8,194.0,2018-09-18 22:15:01,拖网
16464,29.742555555555555,123.12330555555555,1.9,186.0,2018-09-18 22:25:01,拖网
16464,29.738055555555558,123.12327777777777,1.7,192.0,2018-09-18 22:35:01,拖网
16464,29.733638888888887,123.12205555555555,1.6,194.0,2018-09-18 22:45:01,拖网
16464,29.729194444444442,123.122,1.3,160.0,2018-09-18 22:55:01,拖网
16464,29.724555555555554,123.12238888888888,1.8,155.0,2018-09-18 23:05:01,拖网
16464,29.72008333333333,123.12230555555556,1.8,182.0,2018-09-18 23:15:01,拖网
16464,29.71586111111111,123.12063888888888,1.9,201.0,2018-09-18 23:25:01,拖网
16464,29.712,123.11827777777776,2.1,166.0,2018-09-18 23:35:01,拖网
16464,29.70738888888889,123.11966666666666,1.6,166.0,2018-09-18 23:45:01,拖网
16464,29.703055555555554,123.12011111111107,1.7,167.0,2018-09-18 23:55:01,拖网
16464,29.698833333333337,123.12044444444444,1.4,160.0,2018-09-19 00:05:01,拖网
16464,29.69461111111111,123.12063888888888,2.5,137.0,2018-09-19 00:15:01,拖网
16464,29.690361111111113,123.12063888888888,1.5,167.0,2018-09-19 00:25:01,拖网
16464,29.686138888888888,123.12108333333332,1.9,150.0,2018-09-19 00:35:01,拖网
16464,29.682,123.12108333333332,1.5,161.0,2018-09-19 00:45:01,拖网
16464,29.677944444444453,123.12075,1.6,168.0,2018-09-19 00:55:01,拖网
16464,29.673972222222233,123.1197222222222,1.5,0.0,2018-09-19 01:05:01,拖网
16464,29.67008333333333,123.11833333333333,1.5,173.0,2018-09-19 01:15:01,拖网
16464,29.66627777777777,123.117,1.4,214.0,2018-09-19 01:25:01,拖网
16464,29.66725,123.11591666666666,1.8,11.0,2018-09-19 01:35:01,拖网
16464,29.67027777777778,123.11705555555555,1.0,112.0,2018-09-19 01:46:01,拖网
16464,29.67058333333333,123.1165,2.5,312.0,2018-09-19 01:55:01,拖网
16464,29.672555555555554,123.11686111111106,0.8,14.0,2018-09-19 02:05:01,拖网
16464,29.67361111111111,123.11741666666666,5.0,203.0,2018-09-19 02:15:01,拖网
16464,29.65694444444444,123.11869444444444,6.3,179.0,2018-09-19 02:25:01,拖网
16464,29.639138888888887,123.1177222222222,6.5,181.0,2018-09-19 02:35:01,拖网
16464,29.626472222222233,123.11833333333333,2.8,112.0,2018-09-19 02:45:01,拖网
16464,29.63483333333333,123.12144444444445,2.2,335.0,2018-09-19 02:55:01,拖网
16464,29.63966666666667,123.11780555555555,2.3,323.0,2018-09-19 03:05:01,拖网
16464,29.643694444444442,123.11411111111107,1.9,314.0,2018-09-19 03:15:01,拖网
16464,29.64763888888889,123.11091666666668,1.3,342.0,2018-09-19 03:25:01,拖网
16464,29.651999999999997,123.10861111111107,1.4,349.0,2018-09-19 03:35:01,拖网
16464,29.656666666666666,123.10691666666663,1.7,348.0,2018-09-19 03:45:01,拖网
16464,29.66147222222222,123.10566666666666,1.2,339.0,2018-09-19 03:55:01,拖网
16464,29.666638888888887,123.10494444444444,1.7,336.0,2018-09-19 04:06:01,拖网
16464,29.67141666666667,123.10475,1.7,353.0,2018-09-19 04:15:01,拖网
16464,29.676416666666668,123.10494444444444,2.0,359.0,2018-09-19 04:25:01,拖网
16464,29.68138888888889,123.1052222222222,1.7,347.0,2018-09-19 04:35:01,拖网
16464,29.68636111111111,123.10594444444445,2.3,9.0,2018-09-19 04:45:01,拖网
16464,29.691416666666665,123.10686111111107,1.5,2.0,2018-09-19 04:55:01,拖网
16464,29.69661111111111,123.10758333333332,1.9,14.0,2018-09-19 05:05:01,拖网
16464,29.70175,123.10841666666668,1.7,357.0,2018-09-19 05:15:01,拖网
16464,29.70697222222222,123.10908333333332,1.8,5.0,2018-09-19 05:25:01,拖网
16464,29.712194444444453,123.10944444444445,1.9,4.0,2018-09-19 05:35:01,拖网
16464,29.717361111111106,123.10958333333332,2.2,356.0,2018-09-19 05:45:01,拖网
16464,29.72241666666667,123.10944444444445,2.2,7.0,2018-09-19 05:55:01,拖网
16464,29.7275,123.10905555555556,1.9,353.0,2018-09-19 06:05:01,拖网
16464,29.73233333333333,123.10755555555555,2.0,337.0,2018-09-19 06:15:01,拖网
16464,29.73691666666667,123.10575,2.1,344.0,2018-09-19 06:25:01,拖网
16464,29.741722222222233,123.10475,2.0,351.0,2018-09-19 06:35:01,拖网
16464,29.74658333333333,123.10419444444445,1.5,359.0,2018-09-19 06:45:01,拖网
16464,29.75141666666667,123.10427777777777,1.8,358.0,2018-09-19 06:55:01,拖网
16464,29.75627777777777,123.10469444444445,2.1,17.0,2018-09-19 07:05:01,拖网
16464,29.761055555555558,123.10530555555556,1.2,2.0,2018-09-19 07:15:01,拖网
16464,29.76572222222222,123.10619444444444,1.7,357.0,2018-09-19 07:25:01,拖网
16464,29.77030555555556,123.10755555555555,2.0,14.0,2018-09-19 07:35:01,拖网
16464,29.77486111111111,123.10894444444445,1.7,349.0,2018-09-19 07:45:01,拖网
16464,29.77947222222221,123.11052777777776,1.2,0.0,2018-09-19 07:56:01,拖网
16464,29.776999999999997,123.11244444444445,0.5,94.0,2018-09-19 08:06:01,拖网
16464,29.776944444444442,123.1125,0.7,18.0,2018-09-19 08:15:01,拖网
16464,29.77863888888889,123.1147222222222,1.0,42.0,2018-09-19 08:25:01,拖网
16464,29.78108333333333,123.11719444444445,0.6,56.0,2018-09-19 08:35:01,拖网
16464,29.783722222222234,123.12008333333333,1.4,49.0,2018-09-19 08:45:01,拖网
16464,29.786166666666666,123.12299999999999,0.8,0.0,2018-09-19 08:55:01,拖网
16464,29.788472222222207,123.12608333333333,1.3,0.0,2018-09-19 09:05:01,拖网
16464,29.79058333333333,123.12930555555555,1.9,48.0,2018-09-19 09:16:01,拖网
16464,29.794472222222232,123.13547222222223,1.5,56.0,2018-09-19 09:35:01,拖网
16464,29.79625,123.13852777777778,1.6,78.0,2018-09-19 09:45:01,拖网
16464,29.79797222222223,123.14158333333334,1.7,69.0,2018-09-19 09:55:01,拖网
16464,29.799555555555557,123.14483333333334,2.3,93.0,2018-09-19 10:05:01,拖网
16464,29.801111111111112,123.14791666666667,1.2,108.0,2018-09-19 10:15:01,拖网
16464,29.78858333333333,123.13883333333334,6.4,190.0,2018-09-19 10:26:01,拖网
16464,29.773944444444442,123.13208333333333,6.0,222.0,2018-09-19 10:35:01,拖网
16464,29.759166666666665,123.12558333333332,2.0,133.0,2018-09-19 10:45:01,拖网
16464,29.75563888888889,123.12563888888887,7.8,224.0,2018-09-19 10:55:01,拖网
16464,29.74961111111111,123.12325,2.0,177.0,2018-09-19 11:05:01,拖网
16464,29.745222222222232,123.12413888888888,1.7,176.0,2018-09-19 11:15:01,拖网
16464,29.74105555555556,123.12558333333332,1.4,141.0,2018-09-19 11:25:01,拖网
16464,29.73716666666667,123.1279722222222,2.0,136.0,2018-09-19 11:35:01,拖网
16464,29.73322222222221,123.1297222222222,1.9,143.0,2018-09-19 11:45:01,拖网
16464,29.72944444444445,123.13163888888887,1.2,154.0,2018-09-19 11:55:01,拖网
16464,29.72502777777777,123.13105555555555,1.1,162.0,2018-09-19 12:05:01,拖网
16464,29.72111111111111,123.13022222222222,1.4,165.0,2018-09-19 12:15:01,拖网
16464,29.7175,123.12927777777777,1.3,203.0,2018-09-19 12:25:01,拖网
16464,29.714,123.12811111111112,1.7,205.0,2018-09-19 12:35:01,拖网
16464,29.71019444444445,123.12702777777777,1.9,174.0,2018-09-19 12:45:01,拖网
16464,29.705472222222234,123.12752777777777,1.9,162.0,2018-09-19 12:55:01,拖网
16464,29.700916666666664,123.12777777777777,1.6,168.0,2018-09-19 13:05:01,拖网
16464,29.696444444444445,123.1274722222222,1.7,169.0,2018-09-19 13:15:01,拖网
16464,29.691944444444445,123.12672222222223,1.5,173.0,2018-09-19 13:25:01,拖网
16464,29.687666666666665,123.12469444444444,1.1,0.0,2018-09-19 13:35:01,拖网
16464,29.68338888888889,123.12277777777777,2.0,180.0,2018-09-19 13:45:01,拖网
16464,29.67897222222221,123.12083333333332,1.8,211.0,2018-09-19 13:56:01,拖网
16464,29.675666666666668,123.11719444444445,1.9,248.0,2018-09-19 14:05:01,拖网
16464,29.67766666666667,123.11588888888888,0.8,30.0,2018-09-19 14:15:01,拖网
16464,29.6795,123.11694444444444,2.0,142.0,2018-09-19 14:25:01,拖网
16464,29.680166666666665,123.11577777777777,0.1,0.0,2018-09-19 14:35:01,拖网
16464,29.681305555555557,123.11522222222222,0.6,28.0,2018-09-19 14:45:01,拖网
16464,29.6825,123.11483333333332,0.5,309.0,2018-09-19 14:55:01,拖网
16464,29.66891666666667,123.1175,7.2,174.0,2018-09-19 15:05:01,拖网
16464,29.650527777777786,123.11455555555555,7.2,185.0,2018-09-19 15:15:01,拖网
16464,29.631694444444445,123.11225,7.0,184.0,2018-09-19 15:25:01,拖网
16464,29.61336111111111,123.1145,6.5,169.0,2018-09-19 15:35:01,拖网
16464,29.59647222222221,123.1212777777778,7.5,121.0,2018-09-19 15:45:01,拖网
16464,29.58594444444445,123.12763888888887,2.6,17.0,2018-09-19 15:55:01,拖网
16464,29.595027777777766,123.13105555555555,2.0,354.0,2018-09-19 16:06:01,拖网
16464,29.60025000000001,123.13044444444445,1.5,346.0,2018-09-19 16:15:01,拖网
16464,29.605583333333332,123.12894444444444,1.7,347.0,2018-09-19 16:25:01,拖网
16464,29.610833333333336,123.12783333333331,1.9,353.0,2018-09-19 16:35:01,拖网
16464,29.61605555555556,123.12730555555555,1.9,354.0,2018-09-19 16:45:01,拖网
16464,29.621277777777767,123.12691666666666,1.6,355.0,2018-09-19 16:55:01,拖网
16464,29.626527777777767,123.1267777777778,1.9,3.0,2018-09-19 17:05:01,拖网
16464,29.63183333333333,123.12666666666668,2.1,344.0,2018-09-19 17:15:01,拖网
16464,29.637,123.12463888888887,2.0,341.0,2018-09-19 17:25:01,拖网
16464,29.641861111111112,123.12227777777778,1.8,321.0,2018-09-19 17:35:01,拖网
16464,29.646527777777766,123.11997222222222,1.4,346.0,2018-09-19 17:45:01,拖网
16464,29.651055555555555,123.1175,2.0,342.0,2018-09-19 17:55:01,拖网
16464,29.655638888888888,123.11513888888888,1.7,337.0,2018-09-19 18:05:01,拖网
16464,29.66044444444444,123.1135277777778,1.3,343.0,2018-09-19 18:15:01,拖网
16464,29.66525,123.11197222222219,1.9,344.0,2018-09-19 18:25:01,拖网
16464,29.670027777777786,123.1105,2.1,345.0,2018-09-19 18:35:01,拖网
16464,29.674805555555555,123.10919444444444,4.0,323.0,2018-09-19 18:45:01,拖网
16464,29.67972222222223,123.10799999999999,1.3,342.0,2018-09-19 18:56:01,拖网
16464,29.68413888888889,123.107,1.4,345.0,2018-09-19 19:05:01,拖网
16464,29.688805555555557,123.10597222222219,1.0,346.0,2018-09-19 19:15:01,拖网
16464,29.693472222222233,123.10483333333332,2.2,356.0,2018-09-19 19:25:01,拖网
16464,29.69805555555555,123.10377777777781,1.7,348.0,2018-09-19 19:35:01,拖网
16464,29.702472222222234,123.10269444444445,1.3,350.0,2018-09-19 19:45:01,拖网
16464,29.706888888888887,123.10163888888887,0.9,338.0,2018-09-19 19:55:01,拖网
16464,29.711222222222233,123.10069444444444,1.7,337.0,2018-09-19 20:05:01,拖网
16464,29.7155,123.09980555555555,1.9,0.0,2018-09-19 20:15:01,拖网
16464,29.71972222222222,123.09897222222222,1.1,347.0,2018-09-19 20:25:01,拖网
16464,29.723805555555554,123.09813888888887,1.2,342.0,2018-09-19 20:35:01,拖网
16464,29.72780555555555,123.09733333333332,1.0,0.0,2018-09-19 20:45:01,拖网
16464,29.732,123.09686111111112,1.2,355.0,2018-09-19 20:56:01,拖网
16464,29.735833333333336,123.09663888888888,1.2,8.0,2018-09-19 21:05:01,拖网
16464,29.73988888888889,123.09686111111112,1.5,16.0,2018-09-19 21:15:01,拖网
16464,29.73794444444445,123.09938888888887,2.2,152.0,2018-09-19 21:25:01,拖网
16464,29.737416666666668,123.10058333333332,3.6,3.0,2018-09-19 21:45:01,拖网
16464,29.739611111111113,123.10291666666666,0.8,88.0,2018-09-19 21:55:01,拖网
16464,29.74144444444445,123.10483333333332,1.6,259.0,2018-09-19 22:05:01,拖网
16464,29.73680555555556,123.09944444444444,2.5,149.0,2018-09-19 22:15:01,拖网
16464,29.732555555555553,123.09994444444445,1.9,168.0,2018-09-19 22:25:01,拖网
16464,29.72008333333333,123.10141666666664,1.8,0.0,2018-09-19 22:55:01,拖网
16464,29.715999999999998,123.10136111111107,1.3,0.0,2018-09-19 23:06:01,拖网
16464,29.71175,123.10191666666664,1.9,0.0,2018-09-19 23:15:01,拖网
16464,29.70744444444445,123.10294444444445,2.7,124.0,2018-09-19 23:25:01,拖网
16464,29.703277777777767,123.10422222222222,3.4,121.0,2018-09-19 23:35:01,拖网
16464,29.699361111111113,123.10586111111107,1.8,180.0,2018-09-19 23:46:01,拖网
16464,29.69541666666667,123.10661111111106,1.1,178.0,2018-09-19 23:55:01,拖网
16464,29.691527777777768,123.10813888888887,1.9,165.0,2018-09-20 00:05:01,拖网
16464,29.68738888888889,123.10913888888888,1.7,186.0,2018-09-20 00:15:01,拖网
16464,29.68333333333333,123.10936111111113,2.0,197.0,2018-09-20 00:25:01,拖网
16464,29.679388888888887,123.10925,1.0,179.0,2018-09-20 00:35:01,拖网
16464,29.67544444444445,123.10902777777777,1.0,177.0,2018-09-20 00:45:01,拖网
16464,29.67158333333333,123.10855555555555,0.7,195.0,2018-09-20 00:55:01,拖网
16464,29.66786111111111,123.10883333333332,1.4,158.0,2018-09-20 01:05:01,拖网
16464,29.66433333333333,123.1075,1.1,175.0,2018-09-20 01:15:01,拖网
16464,29.66069444444444,123.10686111111107,2.1,176.0,2018-09-20 01:25:01,拖网
16464,29.657027777777767,123.10619444444444,1.2,166.0,2018-09-20 01:35:01,拖网
16464,29.65319444444444,123.10594444444445,1.2,214.0,2018-09-20 01:46:01,拖网
16464,29.649777777777786,123.10513888888887,1.9,195.0,2018-09-20 01:55:01,拖网
16464,29.646666666666665,123.10288888888887,1.7,189.0,2018-09-20 02:05:01,拖网
16464,29.64344444444445,123.1017222222222,1.4,219.0,2018-09-20 02:15:01,拖网
16464,29.640361111111112,123.10116666666669,1.4,195.0,2018-09-20 02:25:01,拖网
16464,29.63708333333333,123.10063888888888,1.3,205.0,2018-09-20 02:35:01,拖网
16464,29.63383333333333,123.10002777777777,1.2,191.0,2018-09-20 02:45:01,拖网
16464,29.630805555555558,123.09880555555556,2.1,200.0,2018-09-20 02:55:01,拖网
16464,29.627944444444445,123.09708333333332,1.1,203.0,2018-09-20 03:05:01,拖网
16464,29.625555555555557,123.09477777777781,1.6,211.0,2018-09-20 03:15:01,拖网
16464,29.623583333333336,123.09230555555555,1.6,173.0,2018-09-20 03:25:01,拖网
16464,29.624777777777766,123.09294444444444,2.2,22.0,2018-09-20 03:35:01,拖网
16464,29.628472222222207,123.09491666666666,3.4,46.0,2018-09-20 03:45:01,拖网
16464,29.63105555555556,123.09558333333332,0.6,0.0,2018-09-20 03:55:01,拖网
16464,29.63422222222221,123.09763888888888,1.9,34.0,2018-09-20 04:06:01,拖网
16464,29.6375,123.09969444444445,1.1,33.0,2018-09-20 04:15:01,拖网
16464,29.641,123.10197222222222,0.7,32.0,2018-09-20 04:25:01,拖网
16464,29.64994444444445,123.1045277777778,1.4,350.0,2018-09-20 04:35:01,拖网
16464,29.655638888888888,123.10455555555555,2.0,326.0,2018-09-20 04:45:01,拖网
16464,29.66125,123.10405555555555,2.7,12.0,2018-09-20 04:55:01,拖网
16464,29.66683333333333,123.10316666666668,2.1,352.0,2018-09-20 05:05:01,拖网
16464,29.67233333333333,123.10230555555556,2.3,339.0,2018-09-20 05:15:01,拖网
16464,29.677722222222233,123.10122222222222,1.9,6.0,2018-09-20 05:25:01,拖网
16464,29.68277777777779,123.09963888888888,1.8,331.0,2018-09-20 05:35:01,拖网
16464,29.687666666666665,123.09805555555555,2.3,341.0,2018-09-20 05:45:01,拖网
16464,29.692555555555554,123.09613888888887,2.1,343.0,2018-09-20 05:55:01,拖网
16464,29.697388888888888,123.09477777777781,1.8,356.0,2018-09-20 06:05:01,拖网
16464,29.7025,123.09352777777778,2.0,355.0,2018-09-20 06:15:01,拖网
16464,29.70780555555556,123.09258333333334,2.0,352.0,2018-09-20 06:25:01,拖网
16464,29.713166666666666,123.0919722222222,2.8,339.0,2018-09-20 06:35:01,拖网
16464,29.718611111111112,123.0919722222222,3.0,359.0,2018-09-20 06:45:01,拖网
16464,29.72408333333333,123.0919722222222,1.8,17.0,2018-09-20 06:55:01,拖网
16464,29.72952777777777,123.0917777777778,3.1,8.0,2018-09-20 07:05:01,拖网
16464,29.73483333333333,123.09094444444445,1.0,317.0,2018-09-20 07:15:01,拖网
16464,29.73986111111111,123.08994444444444,1.5,343.0,2018-09-20 07:25:01,拖网
16464,29.74475,123.08872222222222,1.8,333.0,2018-09-20 07:35:01,拖网
16464,29.74961111111111,123.0872777777778,1.6,350.0,2018-09-20 07:45:01,拖网
16464,29.754277777777766,123.08588888888887,3.4,351.0,2018-09-20 07:55:01,拖网
16464,29.759777777777767,123.0854722222222,3.1,8.0,2018-09-20 08:06:01,拖网
16464,29.764861111111113,123.08561111111106,2.4,11.0,2018-09-20 08:15:01,拖网
16464,29.770138888888887,123.08613888888887,2.1,332.0,2018-09-20 08:25:01,拖网
16464,29.775388888888887,123.08694444444444,2.6,19.0,2018-09-20 08:35:01,拖网
16464,29.780666666666665,123.0875,1.3,353.0,2018-09-20 08:45:01,拖网
16464,29.78591666666667,123.08802777777777,1.5,344.0,2018-09-20 08:55:01,拖网
16464,29.79122222222223,123.08858333333332,1.3,335.0,2018-09-20 09:06:01,拖网
16464,29.796,123.08902777777777,1.5,8.0,2018-09-20 09:15:01,拖网
16464,29.800916666666666,123.08994444444444,2.4,23.0,2018-09-20 09:25:01,拖网
16464,29.805611111111112,123.09141666666666,2.1,21.0,2018-09-20 09:35:01,拖网
16464,29.80697222222221,123.09380555555555,2.0,162.0,2018-09-20 09:45:01,拖网
16464,29.80355555555556,123.09294444444444,0.6,0.0,2018-09-20 09:55:01,拖网
16464,29.80433333333333,123.09336111111112,1.5,0.0,2018-09-20 10:05:01,拖网
16464,29.806611111111113,123.09594444444444,0.8,0.0,2018-09-20 10:15:01,拖网
16464,29.808055555555555,123.0984722222222,2.5,205.0,2018-09-20 10:25:01,拖网
16464,29.801527777777785,123.09397222222222,4.7,233.0,2018-09-20 10:35:01,拖网
16464,29.792527777777767,123.08380555555556,2.8,0.0,2018-09-20 10:45:01,拖网
16464,29.782138888888888,123.07675,4.1,222.0,2018-09-20 10:55:01,拖网
16464,29.77569444444445,123.07416666666666,6.1,234.0,2018-09-20 11:05:01,拖网
16464,29.77133333333333,123.06947222222222,1.8,183.0,2018-09-20 11:16:01,拖网
16464,29.767055555555554,123.06947222222222,2.0,173.0,2018-09-20 11:25:01,拖网
16464,29.762888888888888,123.06991666666669,2.0,147.0,2018-09-20 11:35:01,拖网
16464,29.758944444444445,123.06894444444444,2.1,234.0,2018-09-20 11:45:01,拖网
16464,29.75491666666667,123.06811111111112,1.9,178.0,2018-09-20 11:55:01,拖网
16464,29.75058333333333,123.0689722222222,1.8,146.0,2018-09-20 12:05:01,拖网
16464,29.74655555555556,123.06838888888888,2.0,231.0,2018-09-20 12:15:01,拖网
16464,29.742666666666665,123.07147222222223,2.4,113.0,2018-09-20 12:25:01,拖网
16464,29.73933333333333,123.07466666666666,2.5,132.0,2018-09-20 12:35:01,拖网
16464,29.735555555555557,123.07688888888887,1.5,158.0,2018-09-20 12:45:01,拖网
16464,29.73075,123.07708333333332,2.2,190.0,2018-09-20 12:55:01,拖网
16464,29.726111111111113,123.0762222222222,2.0,196.0,2018-09-20 13:05:01,拖网
16464,29.72175,123.0749722222222,1.6,188.0,2018-09-20 13:15:01,拖网
16464,29.717361111111106,123.07511111111113,1.4,177.0,2018-09-20 13:25:01,拖网
16464,29.712944444444442,123.07577777777777,1.6,170.0,2018-09-20 13:35:01,拖网
16464,29.708666666666666,123.07694444444445,1.5,173.0,2018-09-20 13:45:01,拖网
16464,29.70441666666667,123.07708333333332,1.4,175.0,2018-09-20 13:56:01,拖网
16464,29.700138888888887,123.07680555555555,1.9,168.0,2018-09-20 14:06:01,拖网
16464,29.69655555555555,123.07630555555555,1.3,181.0,2018-09-20 14:15:01,拖网
16464,29.69275,123.07611111111108,1.0,195.0,2018-09-20 14:25:01,拖网
16464,29.689,123.07597222222222,1.3,190.0,2018-09-20 14:35:01,拖网
16464,29.68544444444445,123.07527777777777,2.0,225.0,2018-09-20 14:45:01,拖网
16464,29.68225,123.07255555555555,1.3,228.0,2018-09-20 14:55:01,拖网
16464,29.67977777777779,123.06844444444445,1.4,225.0,2018-09-20 15:05:01,拖网
16464,29.68122222222221,123.06202777777777,2.1,309.0,2018-09-20 15:15:01,拖网
16464,29.685805555555557,123.05786111111112,1.9,332.0,2018-09-20 15:25:01,拖网
16464,29.690361111111113,123.05511111111107,1.6,319.0,2018-09-20 15:35:01,拖网
16464,29.69491666666667,123.05341666666666,1.4,346.0,2018-09-20 15:45:01,拖网
16464,29.699805555555557,123.05288888888887,1.8,21.0,2018-09-20 15:55:01,拖网
16464,29.704777777777768,123.05216666666666,1.5,325.0,2018-09-20 16:06:01,拖网
16464,29.70947222222221,123.05158333333333,1.6,353.0,2018-09-20 16:15:01,拖网
16464,29.71447222222222,123.05080555555556,1.5,355.0,2018-09-20 16:25:01,拖网
16464,29.71694444444445,123.05119444444445,1.4,136.0,2018-09-20 16:35:01,拖网
16464,29.71375,123.0517222222222,0.2,0.0,2018-09-20 16:45:01,拖网
16464,29.71397222222221,123.05116666666667,0.5,20.0,2018-09-20 16:55:01,拖网
16464,29.71597222222222,123.05177777777777,2.3,26.0,2018-09-20 17:05:01,拖网
16464,29.7155,123.05294444444445,6.1,160.0,2018-09-20 17:15:01,拖网
16464,29.69916666666667,123.05266666666668,5.2,171.0,2018-09-20 17:25:01,拖网
16464,29.682277777777767,123.05133333333332,6.4,179.0,2018-09-20 17:35:01,拖网
16464,29.66641666666667,123.04969444444444,4.4,182.0,2018-09-20 17:45:01,拖网
16464,29.650777777777765,123.04902777777777,2.1,157.0,2018-09-20 17:55:01,拖网
16464,29.65447222222221,123.04836111111106,4.4,4.0,2018-09-20 18:05:01,拖网
16464,29.65988888888889,123.04533333333332,2.2,329.0,2018-09-20 18:16:01,拖网
16464,29.6625,123.04102777777777,1.8,302.0,2018-09-20 18:25:01,拖网
16464,29.663277777777786,123.03636111111106,1.6,320.0,2018-09-20 18:35:01,拖网
16464,29.666638888888887,123.03305555555555,1.4,323.0,2018-09-20 18:45:01,拖网
16464,29.671055555555558,123.03066666666666,2.4,343.0,2018-09-20 18:55:01,拖网
16464,29.676305555555558,123.0299722222222,2.4,6.0,2018-09-20 19:05:01,拖网
16464,29.681527777777767,123.02986111111107,2.0,357.0,2018-09-20 19:15:01,拖网
16464,29.686722222222233,123.02963888888887,2.1,334.0,2018-09-20 19:25:01,拖网
16464,29.69183333333333,123.02944444444445,2.1,359.0,2018-09-20 19:35:01,拖网
16464,29.696805555555553,123.02863888888888,1.8,0.0,2018-09-20 19:45:01,拖网
16464,29.701583333333332,123.0275,1.9,351.0,2018-09-20 19:55:01,拖网
16464,29.70636111111111,123.02591666666667,2.0,339.0,2018-09-20 20:06:01,拖网
16464,29.71083333333333,123.02527777777777,2.0,0.0,2018-09-20 20:15:01,拖网
16464,29.71586111111111,123.02616666666668,1.5,7.0,2018-09-20 20:25:01,拖网
16464,29.72069444444444,123.02669444444444,2.1,1.0,2018-09-20 20:35:01,拖网
16464,29.72544444444444,123.027,2.0,8.0,2018-09-20 20:45:01,拖网
16464,29.730138888888888,123.02841666666669,1.7,9.0,2018-09-20 20:55:01,拖网
16464,29.73469444444445,123.03088888888892,2.0,29.0,2018-09-20 21:05:01,拖网
16464,29.738972222222234,123.03422222222223,1.8,12.0,2018-09-20 21:15:01,拖网
16464,29.74275,123.03794444444445,2.7,54.0,2018-09-20 21:25:01,拖网
16464,29.74641666666667,123.0415,1.4,55.0,2018-09-20 21:35:01,拖网
16464,29.749972222222233,123.04519444444445,2.3,52.0,2018-09-20 21:45:01,拖网
16464,29.75322222222222,123.04897222222222,1.5,40.0,2018-09-20 21:55:01,拖网
16464,29.75694444444445,123.052,1.5,6.0,2018-09-20 22:05:01,拖网
16464,29.761055555555558,123.05394444444444,1.5,15.0,2018-09-20 22:15:01,拖网
16464,29.765166666666666,123.05488888888893,1.6,359.0,2018-09-20 22:25:01,拖网
16464,29.769111111111112,123.05566666666668,1.5,15.0,2018-09-20 22:35:01,拖网
16464,29.773055555555555,123.056,1.4,342.0,2018-09-20 22:46:01,拖网
16464,29.776416666666666,123.0557777777778,1.0,351.0,2018-09-20 22:55:01,拖网
16464,29.77947222222221,123.05683333333332,2.6,126.0,2018-09-20 23:05:01,拖网
16464,29.77633333333333,123.05888888888887,1.0,171.0,2018-09-20 23:15:01,拖网
16464,29.774527777777767,123.05913888888887,0.2,0.0,2018-09-20 23:25:01,拖网
16464,29.77411111111111,123.06058333333333,0.3,0.0,2018-09-20 23:35:01,拖网
16464,29.773555555555557,123.06244444444445,0.2,0.0,2018-09-20 23:45:01,拖网
16464,29.77263888888889,123.05808333333331,5.4,231.0,2018-09-20 23:55:01,拖网
16464,29.767777777777766,123.04019444444445,6.2,248.0,2018-09-21 00:05:01,拖网
16464,29.76019444444445,123.03105555555555,4.1,162.0,2018-09-21 00:15:01,拖网
16464,29.752,123.02613888888888,2.2,178.0,2018-09-21 00:25:01,拖网
16464,29.746861111111112,123.02799999999999,2.0,157.0,2018-09-21 00:35:01,拖网
16464,29.74241666666667,123.03119444444445,1.6,158.0,2018-09-21 00:45:01,拖网
16464,29.738194444444453,123.03391666666666,1.6,135.0,2018-09-21 00:55:01,拖网
16464,29.73386111111111,123.0365,1.5,161.0,2018-09-21 01:05:01,拖网
16464,29.72933333333333,123.03830555555555,1.7,170.0,2018-09-21 01:15:01,拖网
16464,29.72472222222222,123.03955555555555,1.8,162.0,2018-09-21 01:25:01,拖网
16464,29.720194444444445,123.04080555555555,1.7,183.0,2018-09-21 01:35:01,拖网
16464,29.71575,123.04166666666669,1.9,173.0,2018-09-21 01:45:01,拖网
16464,29.711111111111112,123.04194444444445,0.9,0.0,2018-09-21 01:55:01,拖网
16464,29.706416666666666,123.04166666666669,2.0,186.0,2018-09-21 02:06:01,拖网
16464,29.70213888888889,123.04008333333331,2.0,225.0,2018-09-21 02:15:01,拖网
16464,29.6985,123.03666666666666,2.0,204.0,2018-09-21 02:25:01,拖网
16464,29.69400000000001,123.03655555555555,1.8,172.0,2018-09-21 02:35:01,拖网
16464,29.68963888888889,123.03725,1.1,175.0,2018-09-21 02:45:01,拖网
16464,29.68563888888889,123.03825,1.6,187.0,2018-09-21 02:55:01,拖网
16464,29.681555555555555,123.0384722222222,1.1,177.0,2018-09-21 03:05:01,拖网
16464,29.67733333333333,123.03844444444445,1.6,187.0,2018-09-21 03:15:01,拖网
16464,29.67308333333333,123.03827777777781,1.2,178.0,2018-09-21 03:25:01,拖网
16464,29.66891666666667,123.03833333333333,1.3,173.0,2018-09-21 03:35:01,拖网
16464,29.665027777777766,123.0379722222222,1.6,178.0,2018-09-21 03:45:01,拖网
16464,29.66125,123.0377222222222,1.6,181.0,2018-09-21 03:55:01,拖网
16464,29.657527777777766,123.03677777777777,2.2,172.0,2018-09-21 04:05:01,拖网
16464,29.653861111111112,123.03561111111112,1.3,196.0,2018-09-21 04:15:01,拖网
16464,29.65025,123.03491666666666,1.3,176.0,2018-09-21 04:25:01,拖网
16464,29.64683333333333,123.03527777777781,1.2,191.0,2018-09-21 04:35:01,拖网
16464,29.64341666666667,123.03483333333332,1.2,167.0,2018-09-21 04:45:01,拖网
16464,29.64011111111111,123.03316666666666,1.8,197.0,2018-09-21 04:55:01,拖网
16464,29.63727777777777,123.03022222222219,1.4,209.0,2018-09-21 05:05:01,拖网
16464,29.63525,123.02622222222222,1.6,229.0,2018-09-21 05:15:01,拖网
16464,29.637,123.02497222222222,1.1,22.0,2018-09-21 05:25:01,拖网
16464,29.639777777777766,123.02713888888887,1.5,124.0,2018-09-21 05:35:01,拖网
16464,29.64086111111111,123.02713888888887,2.7,305.0,2018-09-21 05:46:01,拖网
16464,29.6425,123.02833333333334,0.5,11.0,2018-09-21 05:55:01,拖网
16464,29.63383333333333,123.02538888888887,5.9,202.0,2018-09-21 06:05:01,拖网
16464,29.627472222222234,123.02191666666666,6.7,10.0,2018-09-21 06:15:01,拖网
16464,29.636888888888887,123.02230555555555,2.5,339.0,2018-09-21 06:25:01,拖网
16464,29.642166666666668,123.01994444444445,1.8,337.0,2018-09-21 06:35:01,拖网
16464,29.64716666666667,123.01769444444444,1.6,334.0,2018-09-21 06:45:01,拖网
16464,29.651777777777767,123.01488888888888,2.2,320.0,2018-09-21 06:55:01,拖网
16464,29.6565,123.01238888888888,1.7,328.0,2018-09-21 07:05:01,拖网
16464,29.66133333333333,123.01025,1.6,333.0,2018-09-21 07:15:01,拖网
16464,29.666555555555554,123.00916666666667,2.4,348.0,2018-09-21 07:25:01,拖网
16464,29.67205555555556,123.00905555555555,2.3,7.0,2018-09-21 07:35:01,拖网
16464,29.67741666666667,123.0105,1.6,10.0,2018-09-21 07:45:01,拖网
16464,29.682805555555557,123.01119444444444,1.9,352.0,2018-09-21 07:55:01,拖网
16464,29.688388888888888,123.01141666666666,1.6,3.0,2018-09-21 08:06:01,拖网
16464,29.693638888888888,123.01133333333333,2.1,357.0,2018-09-21 08:15:01,拖网
16464,29.699,123.012,2.0,22.0,2018-09-21 08:25:01,拖网
16464,29.704166666666666,123.01416666666668,2.3,24.0,2018-09-21 08:35:01,拖网
16464,29.709027777777766,123.01700000000001,1.6,30.0,2018-09-21 08:45:01,拖网
16464,29.71416666666667,123.01866666666668,2.2,14.0,2018-09-21 08:55:01,拖网
16464,29.7195,123.01969444444444,1.7,3.0,2018-09-21 09:05:01,拖网
16464,29.72458333333333,123.02080555555555,1.5,6.0,2018-09-21 09:15:01,拖网
16464,29.729416666666665,123.02177777777777,2.1,23.0,2018-09-21 09:25:01,拖网
16464,29.73425,123.02255555555556,2.6,18.0,2018-09-21 09:35:01,拖网
16464,29.73905555555556,123.02288888888887,1.5,357.0,2018-09-21 09:45:01,拖网
16464,29.74355555555556,123.02233333333334,1.8,1.0,2018-09-21 09:55:01,拖网
16464,29.74766666666667,123.02122222222219,1.5,348.0,2018-09-21 10:05:01,拖网
16464,29.75133333333333,123.01952777777778,1.2,309.0,2018-09-21 10:15:01,拖网
16464,29.75411111111111,123.01691666666666,1.0,285.0,2018-09-21 10:25:01,拖网
16464,29.75836111111111,123.0172777777778,1.6,0.0,2018-09-21 10:35:01,拖网
16464,29.762916666666666,123.01891666666666,1.8,0.0,2018-09-21 10:45:01,拖网
16464,29.767027777777766,123.02183333333332,2.0,51.0,2018-09-21 10:55:01,拖网
16464,29.77052777777779,123.02552777777777,1.5,0.0,2018-09-21 11:05:01,拖网
16464,29.77075,123.02913888888888,1.1,148.0,2018-09-21 11:16:01,拖网
16464,29.769,123.02938888888887,0.6,212.0,2018-09-21 11:25:01,拖网
16464,29.76813888888889,123.03027777777778,2.5,187.0,2018-09-21 11:35:01,拖网
16464,29.768027777777768,123.03297222222223,0.7,102.0,2018-09-21 11:45:01,拖网
16464,29.76725,123.03627777777778,3.0,205.0,2018-09-21 11:55:01,拖网
16464,29.760222222222232,123.02994444444445,6.7,226.0,2018-09-21 12:05:01,拖网
16464,29.753055555555555,123.02583333333334,1.6,169.0,2018-09-21 12:15:01,拖网
16464,29.74763888888889,123.02788888888887,2.4,152.0,2018-09-21 12:25:01,拖网
16464,29.74286111111111,123.03075,1.8,172.0,2018-09-21 12:35:01,拖网
16464,29.73788888888889,123.0324722222222,2.0,165.0,2018-09-21 12:45:01,拖网
16464,29.73305555555556,123.03461111111113,2.4,147.0,2018-09-21 12:55:01,拖网
16464,29.727611111111113,123.03563888888887,1.9,193.0,2018-09-21 13:05:01,拖网
16464,29.72241666666667,123.03375,2.3,195.0,2018-09-21 13:15:01,拖网
16464,29.7175,123.03202777777778,1.9,199.0,2018-09-21 13:25:01,拖网
16464,29.712527777777765,123.03055555555555,2.0,177.0,2018-09-21 13:35:01,拖网
16464,29.70727777777777,123.03008333333334,2.3,162.0,2018-09-21 13:46:01,拖网
16464,29.702388888888887,123.0300277777778,1.7,183.0,2018-09-21 13:55:01,拖网
16464,29.697138888888887,123.03,1.8,175.0,2018-09-21 14:05:01,拖网
16464,29.69183333333333,123.02980555555555,2.6,178.0,2018-09-21 14:15:01,拖网
16464,29.686416666666666,123.02961111111112,1.9,183.0,2018-09-21 14:25:01,拖网
16464,29.68105555555556,123.02922222222223,2.1,190.0,2018-09-21 14:35:01,拖网
16464,29.675638888888887,123.02883333333332,1.9,193.0,2018-09-21 14:45:01,拖网
16464,29.67061111111111,123.02955555555555,1.6,175.0,2018-09-21 14:55:01,拖网
16464,29.665555555555553,123.02977777777778,1.8,180.0,2018-09-21 15:05:01,拖网
16464,29.66072222222222,123.02986111111107,2.0,176.0,2018-09-21 15:15:01,拖网
16464,29.65583333333333,123.02972222222222,1.3,0.0,2018-09-21 15:25:01,拖网
16464,29.651138888888887,123.0292777777778,0.7,0.0,2018-09-21 15:35:01,拖网
16464,29.64605555555556,123.02866666666668,1.5,186.0,2018-09-21 15:46:01,拖网
16464,29.64169444444445,123.02788888888887,2.0,199.0,2018-09-21 15:55:01,拖网
16464,29.63722222222221,123.02683333333334,1.4,192.0,2018-09-21 16:05:01,拖网
16464,29.63288888888889,123.02541666666666,2.0,178.0,2018-09-21 16:15:01,拖网
16464,29.628416666666666,123.02375,2.0,215.0,2018-09-21 16:25:01,拖网
16464,29.62425,123.02216666666666,1.6,203.0,2018-09-21 16:35:01,拖网
16464,29.62019444444445,123.02044444444445,1.4,180.0,2018-09-21 16:45:01,拖网
16464,29.61616666666667,123.01861111111113,2.0,168.0,2018-09-21 16:55:01,拖网
16464,29.612305555555555,123.01663888888888,2.0,161.0,2018-09-21 17:05:01,拖网
16464,29.608555555555558,123.01438888888887,2.0,209.0,2018-09-21 17:15:01,拖网
16464,29.604972222222226,123.01213888888887,1.7,195.0,2018-09-21 17:25:01,拖网
16464,29.601527777777786,123.00969444444445,1.5,186.0,2018-09-21 17:35:01,拖网
16464,29.598055555555554,123.00716666666666,1.3,211.0,2018-09-21 17:46:01,拖网
16464,29.59800000000001,123.0047777777778,3.0,333.0,2018-09-21 17:55:01,拖网
16464,29.600055555555556,123.00422222222224,1.4,329.0,2018-09-21 18:05:01,拖网
16464,29.59894444444444,123.00283333333334,3.5,250.0,2018-09-21 18:15:01,拖网
16464,29.596055555555555,123.0007222222222,2.3,198.0,2018-09-21 18:25:01,拖网
16464,29.593055555555555,122.99858333333331,1.1,236.0,2018-09-21 18:35:01,拖网
16464,29.597777777777768,123.00188888888887,1.7,357.0,2018-09-21 18:45:01,拖网
16464,29.60258333333333,123.0017777777778,1.7,338.0,2018-09-21 18:55:01,拖网
16464,29.60730555555556,123.00083333333332,2.2,333.0,2018-09-21 19:05:01,拖网
16464,29.61183333333333,122.99963888888892,2.2,343.0,2018-09-21 19:15:01,拖网
16464,29.6165,122.99938888888887,1.2,352.0,2018-09-21 19:25:01,拖网
16464,29.621111111111112,122.99933333333334,1.9,358.0,2018-09-21 19:35:01,拖网
16464,29.625694444444445,122.99969444444444,2.4,317.0,2018-09-21 19:45:01,拖网
16464,29.635416666666664,122.99983333333331,1.9,5.0,2018-09-21 20:06:01,拖网
16464,29.64005555555556,123.00019444444445,1.7,6.0,2018-09-21 20:15:01,拖网
16464,29.64491666666667,123.0005277777778,1.5,350.0,2018-09-21 20:25:01,拖网
16464,29.649722222222234,122.99980555555555,1.4,346.0,2018-09-21 20:35:01,拖网
16464,29.65447222222221,122.99944444444445,1.8,351.0,2018-09-21 20:45:01,拖网
16464,29.659111111111113,122.99875,1.9,350.0,2018-09-21 20:55:01,拖网
16464,29.66383333333333,122.99811111111113,2.1,346.0,2018-09-21 21:05:01,拖网
16464,29.66836111111111,122.99669444444444,1.4,3.0,2018-09-21 21:15:01,拖网
16464,29.673027777777786,122.99669444444444,1.5,358.0,2018-09-21 21:25:01,拖网
16464,29.677805555555558,122.99705555555555,1.6,13.0,2018-09-21 21:35:01,拖网
16464,29.6825,122.9975277777778,1.5,359.0,2018-09-21 21:45:01,拖网
16464,29.686972222222234,122.99775,1.8,345.0,2018-09-21 21:55:01,拖网
16464,29.691416666666665,122.99844444444444,0.9,0.0,2018-09-21 22:05:01,拖网
16464,29.69575,122.99972222222222,1.8,22.0,2018-09-21 22:15:01,拖网
16464,29.70411111111111,123.00119444444445,1.0,0.0,2018-09-21 22:35:01,拖网
16464,29.708166666666664,123.00183333333334,1.6,16.0,2018-09-21 22:45:01,拖网
16464,29.712111111111113,123.00313888888893,1.6,17.0,2018-09-21 22:55:01,拖网
16464,29.71433333333333,123.00902777777776,2.5,96.0,2018-09-21 23:05:01,拖网
16464,29.70525,123.01372222222223,4.9,126.0,2018-09-21 23:15:01,拖网
16464,29.70033333333333,123.01680555555555,2.6,149.0,2018-09-21 23:25:01,拖网
16464,29.695611111111113,123.01991666666667,2.0,116.0,2018-09-21 23:35:01,拖网
16464,29.69294444444445,123.02591666666667,1.9,102.0,2018-09-21 23:46:01,拖网
16464,29.69088888888889,123.03097222222222,1.9,156.0,2018-09-21 23:55:01,拖网
16464,29.685222222222233,123.03311111111113,1.9,174.0,2018-09-22 00:05:01,拖网
16464,29.679472222222234,123.03333333333332,1.8,173.0,2018-09-22 00:15:01,拖网
16464,29.6765,123.033,0.3,0.0,2018-09-22 00:25:01,拖网
16464,29.676972222222233,123.0325,0.3,0.0,2018-09-22 00:35:01,拖网
16464,29.676277777777766,123.033,1.2,191.0,2018-09-22 00:45:01,拖网
16464,29.674611111111112,123.03225,0.7,198.0,2018-09-22 00:55:01,拖网
16464,29.67244444444445,123.03119444444445,2.1,246.0,2018-09-22 01:05:01,拖网
16464,29.68438888888889,123.01819444444445,6.6,311.0,2018-09-22 01:15:01,拖网
16464,29.699,123.00625,6.5,333.0,2018-09-22 01:25:01,拖网
16464,29.71413888888889,122.99644444444445,6.0,314.0,2018-09-22 01:35:01,拖网
16464,29.71013888888889,122.9890277777778,1.3,208.0,2018-09-22 01:45:01,拖网
16464,29.704527777777766,122.98772222222222,1.9,194.0,2018-09-22 01:56:01,拖网
16464,29.699388888888887,122.98752777777777,2.3,158.0,2018-09-22 02:05:01,拖网
16464,29.694138888888887,122.98916666666666,1.7,153.0,2018-09-22 02:15:01,拖网
16464,29.689277777777768,122.99055555555556,1.9,157.0,2018-09-22 02:25:01,拖网
16464,29.68433333333333,122.99130555555556,1.8,165.0,2018-09-22 02:35:01,拖网
16464,29.679361111111113,122.99197222222222,1.7,164.0,2018-09-22 02:45:01,拖网
16464,29.67433333333333,122.99277777777776,1.9,154.0,2018-09-22 02:55:01,拖网
16464,29.669555555555554,122.99380555555555,1.8,161.0,2018-09-22 03:05:01,拖网
16464,29.66494444444445,122.99469444444445,1.4,165.0,2018-09-22 03:15:01,拖网
16464,29.66025,122.99591666666667,1.5,165.0,2018-09-22 03:25:01,拖网
16464,29.65586111111111,122.99713888888893,1.4,156.0,2018-09-22 03:35:01,拖网
16464,29.651805555555548,122.99855555555555,0.5,0.0,2018-09-22 03:45:01,拖网
16464,29.64755555555556,122.9999722222222,1.7,165.0,2018-09-22 03:56:01,拖网
16464,29.64380555555556,123.0012222222222,1.5,179.0,2018-09-22 04:05:01,拖网
16464,29.63958333333333,123.00105555555555,1.3,177.0,2018-09-22 04:15:01,拖网
16464,29.635472222222226,123.00058333333332,1.3,188.0,2018-09-22 04:25:01,拖网
16464,29.6315,122.99975,1.4,190.0,2018-09-22 04:35:01,拖网
16464,29.627666666666666,122.99811111111113,1.6,184.0,2018-09-22 04:45:01,拖网
16464,29.624027777777766,122.99611111111106,1.1,196.0,2018-09-22 04:55:01,拖网
16464,29.62327777777778,122.98969444444445,2.8,288.0,2018-09-22 05:05:01,拖网
16464,29.62833333333333,122.9845,2.1,329.0,2018-09-22 05:15:01,拖网
16464,29.633777777777766,122.98333333333332,1.8,4.0,2018-09-22 05:25:01,拖网
16464,29.638444444444442,122.98277777777778,1.7,0.0,2018-09-22 05:35:01,拖网
16464,29.642972222222234,122.98158333333332,1.6,48.0,2018-09-22 05:45:01,拖网
16464,29.647472222222234,122.98100000000001,2.1,0.0,2018-09-22 05:55:01,拖网
16464,29.65241666666667,122.97944444444445,1.5,347.0,2018-09-22 06:06:01,拖网
16464,29.65694444444444,122.97861111111106,1.5,1.0,2018-09-22 06:15:01,拖网
16464,29.66177777777777,122.97897222222224,1.2,344.0,2018-09-22 06:25:01,拖网
16464,29.666638888888887,122.97944444444445,1.6,6.0,2018-09-22 06:35:01,拖网
16464,29.6715,122.98008333333334,1.7,357.0,2018-09-22 06:45:01,拖网
16464,29.676388888888887,122.98077777777776,1.9,32.0,2018-09-22 06:55:01,拖网
16464,29.68091666666667,122.98227777777778,1.5,28.0,2018-09-22 07:05:01,拖网
16464,29.685194444444445,122.9835,0.9,158.0,2018-09-22 07:15:01,拖网
16464,29.68411111111111,122.98408333333332,0.6,352.0,2018-09-22 07:25:01,拖网
16464,29.684305555555554,122.9832222222222,1.4,334.0,2018-09-22 07:35:01,拖网
16464,29.68611111111111,122.98308333333333,0.3,329.0,2018-09-22 07:45:01,拖网
16464,29.687444444444445,122.98227777777778,0.4,338.0,2018-09-22 07:55:01,拖网
16464,29.69552777777778,122.9812777777778,2.2,336.0,2018-09-22 08:05:01,拖网
16464,29.70122222222221,122.98186111111113,2.2,19.0,2018-09-22 08:15:01,拖网
16464,29.70669444444445,122.98286111111112,1.8,18.0,2018-09-22 08:25:01,拖网
16464,29.71222222222222,122.98355555555555,2.2,3.0,2018-09-22 08:35:01,拖网
16464,29.717805555555554,122.9837777777778,2.1,5.0,2018-09-22 08:45:01,拖网
16464,29.723388888888888,122.98438888888887,2.1,21.0,2018-09-22 08:55:01,拖网
16464,29.72883333333333,122.98516666666669,2.1,7.0,2018-09-22 09:05:01,拖网
16464,29.734111111111112,122.98658333333334,2.2,21.0,2018-09-22 09:15:01,拖网
16464,29.73944444444445,122.986,2.2,351.0,2018-09-22 09:25:01,拖网
16464,29.74963888888889,122.9860277777778,1.8,0.0,2018-09-22 09:45:01,拖网
16464,29.75491666666667,122.98575,1.7,0.0,2018-09-22 09:56:01,拖网
16464,29.7595,122.98563888888887,2.0,354.0,2018-09-22 10:05:01,拖网
16464,29.76430555555556,122.98580555555556,1.9,9.0,2018-09-22 10:15:01,拖网
16464,29.76908333333333,122.98630555555556,1.9,2.0,2018-09-22 10:25:01,拖网
16464,29.773861111111113,122.98688888888887,2.1,10.0,2018-09-22 10:35:01,拖网
16464,29.77875,122.98713888888894,1.7,2.0,2018-09-22 10:45:01,拖网
16464,29.7835,122.98736111111113,1.8,2.0,2018-09-22 10:55:01,拖网
16464,29.78802777777778,122.98830555555556,1.5,5.0,2018-09-22 11:05:01,拖网
16464,29.792444444444453,122.99011111111106,1.5,23.0,2018-09-22 11:15:01,拖网
16464,29.790888888888887,122.99241666666668,1.4,162.0,2018-09-22 11:25:01,拖网
16464,29.78866666666667,122.99238888888893,4.5,148.0,2018-09-22 11:35:01,拖网
16464,29.786638888888888,122.99305555555556,0.8,192.0,2018-09-22 11:45:01,拖网
16464,29.784388888888888,122.99355555555556,3.0,289.0,2018-09-22 11:55:01,拖网
16464,29.80194444444445,122.995,6.6,1.0,2018-09-22 12:06:01,拖网
16464,29.79966666666667,122.99397222222223,1.6,188.0,2018-09-22 12:15:01,拖网
16464,29.795333333333332,122.99508333333334,2.2,180.0,2018-09-22 12:25:01,拖网
16464,29.78988888888889,122.99625,1.7,165.0,2018-09-22 12:35:01,拖网
16464,29.78466666666667,122.99763888888887,2.1,164.0,2018-09-22 12:45:01,拖网
16464,29.779416666666666,122.99908333333332,2.1,179.0,2018-09-22 12:55:01,拖网
16464,29.77413888888889,122.99961111111112,1.7,185.0,2018-09-22 13:05:01,拖网
16464,29.76858333333333,123.0005277777778,1.9,165.0,2018-09-22 13:15:01,拖网
16464,29.76327777777778,123.00144444444445,1.9,155.0,2018-09-22 13:25:01,拖网
16464,29.75791666666667,123.00255555555556,2.6,145.0,2018-09-22 13:35:01,拖网
16464,29.752277777777767,123.00391666666668,2.0,164.0,2018-09-22 13:46:01,拖网
16464,29.74725,123.00508333333332,1.7,161.0,2018-09-22 13:55:01,拖网
16464,29.74191666666667,123.00608333333332,1.8,169.0,2018-09-22 14:05:01,拖网
16464,29.736555555555555,123.00680555555556,1.8,163.0,2018-09-22 14:15:01,拖网
16464,29.73119444444444,123.00744444444445,2.5,182.0,2018-09-22 14:25:01,拖网
16464,29.72583333333333,123.00758333333332,2.1,163.0,2018-09-22 14:35:01,拖网
16464,29.72044444444445,123.00733333333334,2.1,186.0,2018-09-22 14:45:01,拖网
16464,29.715138888888887,123.00666666666666,1.8,197.0,2018-09-22 14:55:01,拖网
16464,29.709944444444453,123.00505555555556,1.6,201.0,2018-09-22 15:05:01,拖网
16464,29.70483333333333,123.00288888888888,2.2,229.0,2018-09-22 15:15:01,拖网
16464,29.69958333333333,123.00230555555555,1.9,177.0,2018-09-22 15:25:01,拖网
16464,29.694277777777767,123.00402777777781,1.5,160.0,2018-09-22 15:35:01,拖网
16464,29.689611111111113,123.00644444444444,2.3,157.0,2018-09-22 15:45:01,拖网
16464,29.685222222222233,123.00811111111112,1.3,167.0,2018-09-22 15:55:01,拖网
16464,29.680611111111112,123.00891666666666,2.3,176.0,2018-09-22 16:06:01,拖网
16464,29.67669444444445,123.01011111111113,1.5,158.0,2018-09-22 16:15:01,拖网
16464,29.67191666666667,123.01011111111113,2.0,193.0,2018-09-22 16:25:01,拖网
16464,29.66719444444445,123.00925,2.2,206.0,2018-09-22 16:35:01,拖网
16464,29.66263888888889,123.00805555555556,2.3,206.0,2018-09-22 16:45:01,拖网
16464,29.65822222222221,123.00638888888888,2.0,210.0,2018-09-22 16:55:01,拖网
16464,29.65394444444444,123.00452777777778,1.6,193.0,2018-09-22 17:05:01,拖网
16464,29.649777777777786,123.00263888888887,2.2,214.0,2018-09-22 17:15:01,拖网
16464,29.64575,123.00063888888887,1.8,197.0,2018-09-22 17:25:01,拖网
16464,29.646611111111113,122.99600000000001,0.7,0.0,2018-09-22 17:45:01,拖网
16464,29.64719444444445,122.99405555555555,2.3,308.0,2018-09-22 17:55:01,拖网
16464,29.64641666666667,122.99083333333333,0.7,0.0,2018-09-22 18:05:01,拖网
16464,29.65597222222221,122.98605555555555,6.6,0.0,2018-09-22 18:15:01,拖网
16464,29.666,122.98944444444444,2.2,17.0,2018-09-22 18:25:01,拖网
16464,29.67141666666667,122.98861111111113,1.7,350.0,2018-09-22 18:36:01,拖网
16464,29.67616666666667,122.98752777777777,1.3,346.0,2018-09-22 18:45:01,拖网
16464,29.680944444444453,122.98502777777777,2.5,325.0,2018-09-22 18:55:01,拖网
16464,29.68508333333333,122.98111111111113,2.3,307.0,2018-09-22 19:05:01,拖网
16464,29.689805555555555,122.97916666666669,2.1,0.0,2018-09-22 19:15:01,拖网
16464,29.694861111111113,122.97955555555555,1.6,10.0,2018-09-22 19:25:01,拖网
16464,29.699361111111113,122.98161111111106,1.9,9.0,2018-09-22 19:35:01,拖网
16464,29.703722222222233,122.983,1.9,22.0,2018-09-22 19:45:01,拖网
16464,29.708305555555555,122.98430555555555,2.2,20.0,2018-09-22 19:55:01,拖网
16464,29.712555555555554,122.98661111111113,1.6,18.0,2018-09-22 20:05:01,拖网
16464,29.71716666666667,122.98822222222223,1.8,8.0,2018-09-22 20:15:01,拖网
16464,29.72186111111111,122.98966666666666,1.5,21.0,2018-09-22 20:25:01,拖网
16464,29.72663888888889,122.9909722222222,1.2,11.0,2018-09-22 20:35:01,拖网
16464,29.731444444444442,122.99213888888887,2.0,30.0,2018-09-22 20:45:01,拖网
16464,29.73625,122.99311111111112,2.1,14.0,2018-09-22 20:55:01,拖网
16464,29.74138888888889,122.99194444444444,1.9,357.0,2018-09-22 21:05:01,拖网
16464,29.74636111111111,122.99138888888888,1.7,349.0,2018-09-22 21:15:01,拖网
16464,29.75111111111111,122.99108333333332,1.4,0.0,2018-09-22 21:25:01,拖网
16464,29.75608333333333,122.99169444444445,1.6,12.0,2018-09-22 21:36:01,拖网
16464,29.760472222222226,122.99325,1.5,32.0,2018-09-22 21:45:01,拖网
16464,29.764861111111113,122.99511111111113,2.1,12.0,2018-09-22 21:55:01,拖网
16464,29.76933333333333,122.99638888888887,1.8,35.0,2018-09-22 22:05:01,拖网
16464,29.773805555555555,122.99725,1.4,2.0,2018-09-22 22:15:01,拖网
16464,29.778055555555554,122.99794444444444,1.3,16.0,2018-09-22 22:25:01,拖网
16464,29.78247222222221,122.99925,1.5,25.0,2018-09-22 22:35:01,拖网
16464,29.78702777777778,123.00136111111112,1.8,35.0,2018-09-22 22:46:01,拖网
16464,29.791,123.00288888888888,1.9,20.0,2018-09-22 22:55:01,拖网
16464,29.795055555555557,123.00475,1.4,24.0,2018-09-22 23:05:01,拖网
16464,29.79894444444445,123.00655555555555,1.2,17.0,2018-09-22 23:15:01,拖网
16464,29.80252777777779,123.00877777777778,1.7,12.0,2018-09-22 23:25:01,拖网
16464,29.80366666666667,123.01100000000001,0.6,0.0,2018-09-22 23:35:01,拖网
16464,29.80175,123.01138888888887,0.7,191.0,2018-09-22 23:45:01,拖网
16464,29.800638888888887,123.0112777777778,0.3,0.0,2018-09-22 23:55:01,拖网
16464,29.80094444444445,123.01175,0.4,0.0,2018-09-23 00:05:01,拖网
16464,29.801111111111112,123.01180555555555,0.2,0.0,2018-09-23 00:15:01,拖网
16464,29.799111111111113,123.02355555555555,7.1,102.0,2018-09-23 00:25:01,拖网
16464,29.79575,123.04519444444445,6.1,119.0,2018-09-23 00:35:01,拖网
16464,29.788555555555558,123.04580555555556,2.0,183.0,2018-09-23 00:45:01,拖网
16464,29.783583333333336,123.05044444444445,1.8,0.0,2018-09-23 00:55:01,拖网
16464,29.779055555555548,123.05383333333332,1.9,149.0,2018-09-23 01:05:01,拖网
16464,29.774472222222233,123.05688888888888,1.9,149.0,2018-09-23 01:15:01,拖网
16464,29.76988888888889,123.05986111111108,1.9,150.0,2018-09-23 01:25:01,拖网
16464,29.76519444444445,123.06308333333332,1.8,151.0,2018-09-23 01:36:01,拖网
16464,29.76102777777778,123.06605555555555,1.7,145.0,2018-09-23 01:45:01,拖网
16464,29.756611111111113,123.06911111111107,1.8,138.0,2018-09-23 01:55:01,拖网
16464,29.751583333333336,123.07086111111107,2.2,182.0,2018-09-23 02:05:01,拖网
16464,29.74625,123.07161111111112,2.2,181.0,2018-09-23 02:15:01,拖网
16464,29.74105555555556,123.07166666666666,1.9,186.0,2018-09-23 02:25:01,拖网
16464,29.73605555555556,123.0702222222222,2.1,202.0,2018-09-23 02:35:01,拖网
16464,29.73125,123.06808333333332,1.8,187.0,2018-09-23 02:45:01,拖网
16464,29.726027777777766,123.06836111111107,1.7,173.0,2018-09-23 02:55:01,拖网
16464,29.72097222222222,123.06883333333332,2.0,169.0,2018-09-23 03:05:01,拖网
16464,29.715999999999998,123.06913888888887,1.6,174.0,2018-09-23 03:15:01,拖网
16464,29.711111111111112,123.06925,1.6,167.0,2018-09-23 03:25:01,拖网
16464,29.706194444444442,123.06913888888887,2.3,0.0,2018-09-23 03:35:01,拖网
16464,29.70136111111111,123.06916666666666,3.9,158.0,2018-09-23 03:45:01,拖网
16464,29.696638888888888,123.0692222222222,1.9,167.0,2018-09-23 03:55:01,拖网
16464,29.691972222222233,123.06905555555555,1.9,178.0,2018-09-23 04:06:01,拖网
16464,29.687777777777786,123.06886111111106,1.2,168.0,2018-09-23 04:15:01,拖网
16464,29.6835,123.06869444444445,1.8,172.0,2018-09-23 04:25:01,拖网
16464,29.679277777777767,123.06816666666666,1.6,193.0,2018-09-23 04:35:01,拖网
16464,29.675166666666666,123.06736111111107,1.6,186.0,2018-09-23 04:45:01,拖网
16464,29.671194444444453,123.06641666666664,1.7,201.0,2018-09-23 04:55:01,拖网
16464,29.667388888888887,123.06522222222222,1.5,207.0,2018-09-23 05:05:01,拖网
16464,29.66386111111111,123.06333333333332,1.0,0.0,2018-09-23 05:15:01,拖网
16464,29.660555555555554,123.06097222222222,1.5,207.0,2018-09-23 05:25:01,拖网
16464,29.658666666666665,123.05783333333332,2.0,0.0,2018-09-23 05:35:01,拖网
16464,29.66158333333333,123.05747222222222,0.8,0.0,2018-09-23 05:45:01,拖网
16464,29.66333333333333,123.0575,0.3,0.0,2018-09-23 05:55:01,拖网
16464,29.66394444444445,123.05563888888894,0.3,0.0,2018-09-23 06:05:01,拖网
16464,29.65933333333333,123.0585,6.0,167.0,2018-09-23 06:15:01,拖网
16464,29.646472222222233,123.06330555555556,2.9,96.0,2018-09-23 06:25:01,拖网
16464,29.65355555555556,123.06866666666667,2.5,355.0,2018-09-23 06:36:01,拖网
16464,29.659861111111113,123.06683333333334,2.2,344.0,2018-09-23 06:45:01,拖网
16464,29.665222222222226,123.06633333333332,1.7,1.0,2018-09-23 06:55:01,拖网
16464,29.670500000000004,123.06594444444444,2.0,352.0,2018-09-23 07:05:01,拖网
16464,29.675750000000004,123.06527777777778,1.8,356.0,2018-09-23 07:15:01,拖网
16464,29.681027777777786,123.06533333333334,1.8,357.0,2018-09-23 07:25:01,拖网
16464,29.68633333333333,123.06575,1.5,4.0,2018-09-23 07:35:01,拖网
16464,29.69163888888889,123.06594444444444,2.1,357.0,2018-09-23 07:45:01,拖网
16464,29.696972222222207,123.06591666666668,2.2,350.0,2018-09-23 07:55:01,拖网
16464,29.702277777777766,123.06586111111106,1.8,7.0,2018-09-23 08:05:01,拖网
16464,29.707611111111113,123.06572222222222,2.0,357.0,2018-09-23 08:15:01,拖网
16464,29.712861111111113,123.06405555555556,2.0,332.0,2018-09-23 08:25:01,拖网
16464,29.7175,123.0612222222222,1.8,332.0,2018-09-23 08:35:01,拖网
16464,29.721805555555548,123.05805555555555,1.6,330.0,2018-09-23 08:45:01,拖网
16464,29.7265,123.05541666666666,1.7,335.0,2018-09-23 08:55:01,拖网
16464,29.73094444444445,123.05269444444444,1.6,331.0,2018-09-23 09:05:01,拖网
16464,29.735166666666665,123.05033333333334,1.7,0.0,2018-09-23 09:15:01,拖网
16464,29.739694444444453,123.04805555555555,1.8,352.0,2018-09-23 09:26:01,拖网
16464,29.74436111111111,123.0474722222222,1.7,342.0,2018-09-23 09:35:01,拖网
16464,29.74888888888889,123.046,2.0,337.0,2018-09-23 09:45:01,拖网
16464,29.753833333333336,123.0449722222222,1.6,345.0,2018-09-23 09:55:01,拖网
16464,29.758722222222207,123.04422222222223,1.5,359.0,2018-09-23 10:05:01,拖网
16464,29.763333333333332,123.04383333333332,1.5,346.0,2018-09-23 10:15:01,拖网
16464,29.767861111111113,123.04344444444445,1.7,3.0,2018-09-23 10:25:01,拖网
16464,29.772222222222233,123.04302777777777,1.4,3.0,2018-09-23 10:35:01,拖网
16464,29.77647222222221,123.04336111111112,1.3,10.0,2018-09-23 10:45:01,拖网
16464,29.780527777777767,123.04313888888888,1.0,353.0,2018-09-23 10:55:01,拖网
16464,29.78475000000001,123.04227777777778,1.5,353.0,2018-09-23 11:05:01,拖网
16464,29.78916666666667,123.04216666666666,2.0,7.0,2018-09-23 11:15:01,拖网
16464,29.793388888888888,123.04480555555556,2.3,58.0,2018-09-23 11:25:01,拖网
16464,29.79261111111111,123.04730555555555,1.0,184.0,2018-09-23 11:35:01,拖网
16464,29.790055555555558,123.04694444444445,0.9,23.0,2018-09-23 11:45:01,拖网
16464,29.789805555555557,123.04827777777777,3.1,76.0,2018-09-23 11:55:01,拖网
16464,29.785055555555555,123.05077777777777,0.8,172.0,2018-09-23 12:15:01,拖网
16464,29.789472222222226,123.05119444444445,6.8,29.0,2018-09-23 12:25:01,拖网
16464,29.799805555555558,123.05558333333332,2.1,188.0,2018-09-23 12:35:01,拖网
16464,29.79136111111111,123.05327777777778,1.8,161.0,2018-09-23 12:45:01,拖网
16464,29.786277777777766,123.05541666666666,1.8,173.0,2018-09-23 12:55:01,拖网
16464,29.781555555555553,123.05713888888887,2.0,160.0,2018-09-23 13:05:01,拖网
16464,29.776805555555555,123.05908333333332,1.8,158.0,2018-09-23 13:15:01,拖网
16464,29.771916666666666,123.06061111111113,1.9,170.0,2018-09-23 13:25:01,拖网
16464,29.76694444444445,123.06180555555555,2.2,170.0,2018-09-23 13:35:01,拖网
16464,29.762027777777767,123.06263888888887,2.0,179.0,2018-09-23 13:45:01,拖网
16464,29.756527777777766,123.06327777777777,1.8,179.0,2018-09-23 13:55:01,拖网
16464,29.751305555555557,123.06341666666668,2.0,173.0,2018-09-23 14:05:01,拖网
16464,29.74588888888889,123.06352777777781,2.2,184.0,2018-09-23 14:15:01,拖网
16464,29.740416666666665,123.06330555555556,2.3,180.0,2018-09-23 14:25:01,拖网
16464,29.735027777777766,123.06283333333332,1.3,0.0,2018-09-23 14:35:01,拖网
16464,29.729722222222208,123.06130555555555,1.9,184.0,2018-09-23 14:45:01,拖网
16464,29.72438888888889,123.06033333333332,1.3,183.0,2018-09-23 14:55:01,拖网
16464,29.719055555555553,123.05902777777777,2.2,188.0,2018-09-23 15:05:01,拖网
16464,29.713611111111113,123.05799999999999,1.9,195.0,2018-09-23 15:15:01,拖网
16464,29.708277777777766,123.05686111111108,0.9,183.0,2018-09-23 15:25:01,拖网
16464,29.70288888888889,123.05602777777777,2.4,200.0,2018-09-23 15:35:01,拖网
16464,29.69769444444445,123.05536111111113,2.0,177.0,2018-09-23 15:45:01,拖网
16464,29.69258333333333,123.05475,2.6,196.0,2018-09-23 15:55:01,拖网
16464,29.687472222222233,123.0540277777778,2.0,200.0,2018-09-23 16:05:01,拖网
16464,29.68277777777779,123.05313888888894,2.0,192.0,2018-09-23 16:15:01,拖网
16464,29.67808333333333,123.05191666666666,1.8,192.0,2018-09-23 16:25:01,拖网
16464,29.6735,123.05063888888887,1.6,191.0,2018-09-23 16:35:01,拖网
16464,29.669027777777767,123.04925,1.8,193.0,2018-09-23 16:45:01,拖网
16464,29.66475,123.04766666666669,1.7,199.0,2018-09-23 16:55:01,拖网
16464,29.660666666666664,123.0457222222222,1.4,205.0,2018-09-23 17:05:01,拖网
16464,29.656666666666666,123.04325,2.9,257.0,2018-09-23 17:15:01,拖网
16464,29.65283333333333,123.04044444444445,1.5,205.0,2018-09-23 17:25:01,拖网
16464,29.64897222222222,123.03758333333332,1.2,212.0,2018-09-23 17:35:01,拖网
16464,29.649694444444453,123.03491666666666,0.9,338.0,2018-09-23 17:45:01,拖网
16464,29.65147222222221,123.03447222222222,0.5,334.0,2018-09-23 17:55:01,拖网
16464,29.651138888888887,123.03205555555556,3.2,246.0,2018-09-23 18:05:01,拖网
16464,29.64958333333333,123.02802777777777,2.2,240.0,2018-09-23 18:15:01,拖网
16464,29.64458333333333,123.03475,5.9,119.0,2018-09-23 18:25:01,拖网
16464,29.637138888888888,123.05077777777777,5.4,110.0,2018-09-23 18:35:01,拖网
16464,29.63291666666667,123.0665,5.2,94.0,2018-09-23 18:45:01,拖网
16464,29.63344444444445,123.072,7.3,43.0,2018-09-23 18:55:01,拖网
16464,29.639611111111112,123.07363888888888,2.0,350.0,2018-09-23 19:05:01,拖网
16464,29.645,123.07230555555556,1.5,351.0,2018-09-23 19:15:01,拖网
16464,29.64983333333333,123.07213888888887,2.1,15.0,2018-09-23 19:25:01,拖网
16464,29.654694444444445,123.07325,1.4,11.0,2018-09-23 19:35:01,拖网
16464,29.659666666666666,123.0739722222222,1.7,14.0,2018-09-23 19:45:01,拖网
16464,29.66469444444445,123.07538888888888,2.3,14.0,2018-09-23 19:55:01,拖网
16464,29.669611111111113,123.07716666666666,1.1,26.0,2018-09-23 20:05:01,拖网
16464,29.67433333333333,123.07852777777778,2.1,355.0,2018-09-23 20:15:01,拖网
16464,29.6795,123.07908333333332,2.0,356.0,2018-09-23 20:25:01,拖网
16464,29.684722222222234,123.07933333333334,2.0,354.0,2018-09-23 20:35:01,拖网
16464,29.689972222222234,123.07930555555555,1.9,343.0,2018-09-23 20:45:01,拖网
16464,29.69519444444445,123.07897222222222,1.9,343.0,2018-09-23 20:55:01,拖网
16464,29.700416666666666,123.07880555555555,1.7,7.0,2018-09-23 21:05:01,拖网
16464,29.70555555555556,123.07888888888887,2.0,5.0,2018-09-23 21:15:01,拖网
16464,29.710694444444442,123.07905555555556,1.7,355.0,2018-09-23 21:25:01,拖网
16464,29.71569444444444,123.07875,1.4,359.0,2018-09-23 21:35:01,拖网
16464,29.720666666666666,123.07847222222222,1.7,2.0,2018-09-23 21:45:01,拖网
16464,29.725555555555548,123.07819444444445,1.5,350.0,2018-09-23 21:55:01,拖网
16464,29.73038888888889,123.07805555555555,1.6,21.0,2018-09-23 22:05:01,拖网
16464,29.735055555555554,123.0774722222222,1.2,346.0,2018-09-23 22:15:01,拖网
16464,29.739694444444453,123.07694444444445,1.7,1.0,2018-09-23 22:25:01,拖网
16464,29.74441666666667,123.07702777777777,2.1,3.0,2018-09-23 22:35:01,拖网
16464,29.749,123.07713888888887,1.6,1.0,2018-09-23 22:45:01,拖网
16464,29.753277777777786,123.07680555555555,1.7,337.0,2018-09-23 22:55:01,拖网
16464,29.757472222222226,123.07686111111113,1.6,13.0,2018-09-23 23:05:01,拖网
16464,29.761777777777766,123.07777777777777,1.6,10.0,2018-09-23 23:15:01,拖网
16464,29.766027777777786,123.07891666666666,1.5,30.0,2018-09-23 23:25:01,拖网
16464,29.77025,123.0799722222222,1.3,22.0,2018-09-23 23:35:01,拖网
16464,29.774027777777768,123.0810277777778,1.3,18.0,2018-09-23 23:45:01,拖网
16464,29.77780555555556,123.08180555555555,1.5,13.0,2018-09-23 23:55:01,拖网
16464,29.7815,123.08283333333334,1.5,0.0,2018-09-24 00:05:01,拖网
16464,29.78158333333333,123.08436111111112,1.1,155.0,2018-09-24 00:15:01,拖网
16464,29.77897222222222,123.08497222222219,1.2,190.0,2018-09-24 00:25:01,拖网
16464,29.77758333333333,123.0852222222222,0.8,310.0,2018-09-24 00:35:01,拖网
16464,29.77683333333333,123.0852222222222,0.0,0.0,2018-09-24 00:45:01,拖网
16464,29.77569444444445,123.0845,0.4,0.0,2018-09-24 00:55:01,拖网
16464,29.791638888888887,123.08194444444445,6.5,353.0,2018-09-24 01:05:01,拖网
16464,29.80558333333333,123.08263888888888,2.6,128.0,2018-09-24 01:15:01,拖网
16464,29.79666666666667,123.08,2.0,169.0,2018-09-24 01:25:01,拖网
16464,29.79119444444445,123.08183333333334,1.9,165.0,2018-09-24 01:35:01,拖网
16464,29.78544444444445,123.08294444444445,2.3,153.0,2018-09-24 01:46:01,拖网
16464,29.78058333333333,123.08458333333333,1.5,161.0,2018-09-24 01:55:01,拖网
16464,29.775444444444442,123.08658333333334,1.9,165.0,2018-09-24 02:05:01,拖网
16464,29.77047222222223,123.08883333333333,2.3,141.0,2018-09-24 02:15:01,拖网
16464,29.76655555555556,123.09288888888888,2.0,138.0,2018-09-24 02:25:01,拖网
16464,29.763361111111113,123.09719444444444,1.8,119.0,2018-09-24 02:35:01,拖网
16464,29.760444444444442,123.10130555555556,2.1,159.0,2018-09-24 02:45:01,拖网
16464,29.755111111111113,123.10302777777777,2.5,165.0,2018-09-24 02:55:01,拖网
16464,29.74955555555556,123.10338888888887,2.1,163.0,2018-09-24 03:05:01,拖网
16464,29.744194444444453,123.1034722222222,2.7,192.0,2018-09-24 03:15:01,拖网
16464,29.738861111111113,123.10372222222222,1.7,181.0,2018-09-24 03:25:01,拖网
16464,29.733638888888887,123.10372222222222,1.7,188.0,2018-09-24 03:35:01,拖网
16464,29.72825,123.1032777777778,1.8,184.0,2018-09-24 03:45:01,拖网
16464,29.723166666666664,123.10283333333334,1.8,170.0,2018-09-24 03:55:01,拖网
16464,29.717777777777766,123.10261111111107,2.0,0.0,2018-09-24 04:06:01,拖网
16464,29.71322222222221,123.10283333333334,1.9,187.0,2018-09-24 04:15:01,拖网
16464,29.708527777777785,123.10291666666666,1.6,180.0,2018-09-24 04:25:01,拖网
16464,29.703916666666665,123.10277777777776,1.7,189.0,2018-09-24 04:35:01,拖网
16464,29.6995,123.1025,1.6,192.0,2018-09-24 04:45:01,拖网
16464,29.695055555555548,123.10166666666666,1.9,194.0,2018-09-24 04:55:01,拖网
16464,29.69075,123.10005555555556,1.2,184.0,2018-09-24 05:05:01,拖网
16464,29.68647222222221,123.09844444444445,1.5,171.0,2018-09-24 05:15:01,拖网
16464,29.682361111111113,123.09652777777777,1.8,199.0,2018-09-24 05:25:01,拖网
16464,29.6785,123.09380555555555,1.4,205.0,2018-09-24 05:35:01,拖网
16464,29.674944444444453,123.0905,1.2,201.0,2018-09-24 05:45:01,拖网
16464,29.67163888888889,123.08716666666666,1.4,224.0,2018-09-24 05:55:01,拖网
16464,29.668388888888888,123.08388888888888,1.3,229.0,2018-09-24 06:05:01,拖网
16464,29.665194444444445,123.08063888888887,2.5,245.0,2018-09-24 06:15:01,拖网
16464,29.66294444444444,123.07672222222223,1.4,340.0,2018-09-24 06:25:01,拖网
16464,29.667277777777766,123.07663888888888,1.6,231.0,2018-09-24 06:35:01,拖网
16464,29.668388888888888,123.0762777777778,1.0,272.0,2018-09-24 06:45:01,拖网
16464,29.667472222222226,123.07283333333334,1.1,239.0,2018-09-24 06:55:01,拖网
16464,29.666638888888887,123.069,1.5,255.0,2018-09-24 07:05:01,拖网
16464,29.66627777777777,123.06488888888887,1.6,257.0,2018-09-24 07:15:01,拖网
16464,29.665888888888887,123.06091666666669,1.2,259.0,2018-09-24 07:25:01,拖网
16464,29.67025000000001,123.06480555555555,4.3,335.0,2018-09-24 07:35:01,拖网
16464,29.675638888888887,123.06561111111112,3.3,119.0,2018-09-24 07:45:01,拖网
16464,29.68119444444445,123.06466666666668,1.5,4.0,2018-09-24 07:55:01,拖网
16464,29.68591666666667,123.06152777777777,2.0,325.0,2018-09-24 08:05:01,拖网
16464,29.689305555555553,123.05688888888888,1.7,14.0,2018-09-24 08:15:01,拖网
16464,29.692722222222233,123.05275,2.1,333.0,2018-09-24 08:25:01,拖网
16464,29.69766666666667,123.05047222222224,0.7,0.0,2018-09-24 08:35:01,拖网
16464,29.70175,123.04780555555556,1.6,292.0,2018-09-24 08:45:01,拖网
16464,29.705472222222234,123.04388888888887,3.9,326.0,2018-09-24 08:55:01,拖网
16464,29.709111111111113,123.03991666666668,2.9,21.0,2018-09-24 09:05:01,拖网
16464,29.711944444444452,123.03788888888887,2.1,1.0,2018-09-24 09:15:01,拖网
16464,29.713166666666666,123.03983333333332,1.5,240.0,2018-09-24 09:25:01,拖网
16464,29.712666666666664,123.03838888888887,1.4,235.0,2018-09-24 09:35:01,拖网
16464,29.712111111111113,123.03536111111113,1.6,233.0,2018-09-24 09:45:01,拖网
16464,29.715277777777786,123.02922222222223,6.2,338.0,2018-09-24 09:55:01,拖网
16464,29.715277777777786,123.02922222222223,6.2,338.0,2018-09-24 10:06:01,拖网
16464,29.738888888888887,123.00536111111113,6.8,315.0,2018-09-24 10:15:01,拖网
16464,29.74833333333333,122.98555555555555,6.5,298.0,2018-09-24 10:25:01,拖网
16464,29.753833333333336,122.96316666666668,7.1,264.0,2018-09-24 10:35:01,拖网
16464,29.759083333333336,122.94136111111106,7.5,292.0,2018-09-24 10:45:01,拖网
16464,29.764138888888887,122.91908333333332,7.2,281.0,2018-09-24 10:55:01,拖网
16464,29.767166666666668,122.89611111111113,7.7,271.0,2018-09-24 11:05:01,拖网
16464,29.770416666666666,122.87024999999998,8.0,256.0,2018-09-24 11:16:01,拖网
16464,29.773055555555555,122.85094444444445,7.8,302.0,2018-09-24 11:25:01,拖网
16464,29.776888888888887,122.82908333333332,7.5,293.0,2018-09-24 11:35:01,拖网
