渔船ID,lat,lon,速度,方向,time,type
17121,30.708861111111112,122.77280555555555,0.1,0.0,2019-03-11 20:16:07,刺网
17121,30.708861111111112,122.7727777777778,0.0,0.0,2019-03-11 20:21:06,刺网
17121,30.708861111111112,122.77280555555555,0.0,0.0,2019-03-11 20:26:06,刺网
17121,30.708861111111112,122.77283333333334,0.0,0.0,2019-03-11 20:31:07,刺网
17121,30.70891666666667,122.7727777777778,0.0,0.0,2019-03-11 20:36:07,刺网
17121,30.70888888888889,122.7727777777778,0.1,0.0,2019-03-11 20:41:07,刺网
17121,30.70888888888889,122.77280555555555,0.0,0.0,2019-03-11 20:46:07,刺网
17121,30.708861111111112,122.77283333333334,0.2,0.0,2019-03-11 20:51:07,刺网
17121,30.70891666666667,122.7727777777778,0.0,0.0,2019-03-11 20:56:07,刺网
17121,30.70888888888889,122.7727777777778,0.1,0.0,2019-03-11 21:01:07,刺网
17121,30.70888888888889,122.7727777777778,0.3,0.0,2019-03-11 21:06:07,刺网
17121,30.708861111111112,122.77280555555555,0.1,0.0,2019-03-11 21:11:07,刺网
17121,30.70883333333333,122.7727777777778,0.1,0.0,2019-03-11 21:16:07,刺网
17121,30.708805555555557,122.7727777777778,0.2,0.0,2019-03-11 21:21:07,刺网
17121,30.70883333333333,122.77280555555555,0.0,0.0,2019-03-11 21:26:07,刺网
17121,30.70883333333333,122.77280555555555,0.1,0.0,2019-03-11 21:31:07,刺网
17121,30.708805555555557,122.77280555555555,0.0,0.0,2019-03-11 21:36:07,刺网
17121,30.70883333333333,122.7727777777778,0.2,0.0,2019-03-11 21:41:07,刺网
17121,30.70883333333333,122.77275,0.1,0.0,2019-03-11 21:46:07,刺网
17121,30.708861111111112,122.7727777777778,0.0,0.0,2019-03-11 21:51:07,刺网
17121,30.70888888888889,122.77275,0.1,0.0,2019-03-11 21:56:07,刺网
17121,30.708861111111112,122.77275,0.0,0.0,2019-03-11 22:01:07,刺网
17121,30.70888888888889,122.7727777777778,0.1,0.0,2019-03-11 22:06:44,刺网
17121,30.70888888888889,122.7727777777778,0.1,0.0,2019-03-11 22:11:07,刺网
17121,30.708861111111112,122.7727777777778,0.1,0.0,2019-03-11 22:16:07,刺网
17121,30.708861111111112,122.7727777777778,0.0,0.0,2019-03-11 22:21:07,刺网
17121,30.708861111111112,122.77275,0.0,0.0,2019-03-11 22:26:07,刺网
17121,30.70888888888889,122.77280555555555,0.1,0.0,2019-03-11 22:31:07,刺网
17121,30.70888888888889,122.7727777777778,0.1,0.0,2019-03-11 22:36:06,刺网
17121,30.708861111111112,122.77275,0.0,0.0,2019-03-11 22:41:06,刺网
17121,30.70888888888889,122.7727777777778,0.2,0.0,2019-03-11 22:46:06,刺网
17121,30.708861111111112,122.77275,0.1,0.0,2019-03-11 22:51:06,刺网
17121,30.708861111111112,122.7727222222222,0.2,0.0,2019-03-11 22:56:06,刺网
17121,30.70888888888889,122.77275,0.0,0.0,2019-03-11 23:01:06,刺网
17121,30.708861111111112,122.77275,0.1,0.0,2019-03-11 23:06:06,刺网
17121,30.70888888888889,122.7727777777778,0.0,0.0,2019-03-11 23:11:06,刺网
17121,30.70888888888889,122.77275,0.1,0.0,2019-03-11 23:21:06,刺网
17121,30.708861111111112,122.7727777777778,0.2,0.0,2019-03-11 23:26:06,刺网
17121,30.70891666666667,122.77275,0.0,0.0,2019-03-11 23:31:06,刺网
17121,30.708805555555557,122.77280555555555,0.1,0.0,2019-03-11 23:36:06,刺网
17121,30.70888888888889,122.7727222222222,0.0,0.0,2019-03-11 23:41:06,刺网
17121,30.70888888888889,122.77275,0.1,0.0,2019-03-11 23:46:06,刺网
17121,30.70888888888889,122.7727777777778,0.1,0.0,2019-03-11 23:51:06,刺网
17121,30.70888888888889,122.77280555555555,0.1,0.0,2019-03-11 23:56:06,刺网
17121,30.708972222222233,122.77283333333334,1.2,62.0,2019-03-12 00:01:06,刺网
17121,30.70891666666667,122.77275,0.2,0.0,2019-03-12 00:06:43,刺网
17121,30.708861111111112,122.7727222222222,0.0,0.0,2019-03-12 00:11:06,刺网
17121,30.708861111111112,122.77275,0.1,0.0,2019-03-12 00:21:06,刺网
17121,30.708861111111112,122.77275,0.2,0.0,2019-03-12 00:26:06,刺网
17121,30.708861111111112,122.77275,0.1,0.0,2019-03-12 00:31:06,刺网
17121,30.70888888888889,122.77275,0.0,0.0,2019-03-12 00:36:06,刺网
17121,30.708861111111112,122.77275,0.2,0.0,2019-03-12 00:41:06,刺网
17121,30.708861111111112,122.7727222222222,0.0,0.0,2019-03-12 00:46:06,刺网
17121,30.70888888888889,122.77275,0.0,0.0,2019-03-12 00:51:06,刺网
17121,30.70888888888889,122.7727777777778,0.1,0.0,2019-03-12 00:56:06,刺网
17121,30.70891666666667,122.7727222222222,0.3,0.0,2019-03-12 01:01:05,刺网
17121,30.70891666666667,122.7727777777778,0.0,0.0,2019-03-12 01:06:06,刺网
17121,30.70891666666667,122.77275,0.1,0.0,2019-03-12 01:11:06,刺网
17121,30.70888888888889,122.7727777777778,0.0,0.0,2019-03-12 01:16:06,刺网
17121,30.70891666666667,122.77280555555555,0.1,0.0,2019-03-12 01:21:06,刺网
17121,30.70891666666667,122.7727777777778,0.0,0.0,2019-03-12 01:26:06,刺网
17121,30.70891666666667,122.77280555555555,0.1,0.0,2019-03-12 01:31:06,刺网
17121,30.70891666666667,122.77280555555555,0.0,0.0,2019-03-12 01:36:06,刺网
17121,30.70891666666667,122.7727777777778,0.3,0.0,2019-03-12 01:41:06,刺网
17121,30.708861111111112,122.77275,0.2,0.0,2019-03-12 01:46:06,刺网
17121,30.708805555555557,122.77275,0.6,191.0,2019-03-12 01:51:06,刺网
17121,30.70883333333333,122.77275,0.3,0.0,2019-03-12 01:56:06,刺网
17121,30.709,122.7727777777778,0.2,0.0,2019-03-12 02:01:06,刺网
17121,30.70891666666667,122.77275,0.0,0.0,2019-03-12 02:06:43,刺网
17121,30.70891666666667,122.77275,0.0,0.0,2019-03-12 02:11:06,刺网
17121,30.70891666666667,122.77275,0.1,0.0,2019-03-12 02:21:06,刺网
17121,30.70894444444445,122.77275,0.0,0.0,2019-03-12 02:26:06,刺网
17121,30.70891666666667,122.77275,0.1,0.0,2019-03-12 02:31:06,刺网
17121,30.70891666666667,122.77275,0.1,0.0,2019-03-12 02:36:06,刺网
17121,30.70888888888889,122.7727777777778,0.1,0.0,2019-03-12 02:41:06,刺网
17121,30.70894444444445,122.77275,0.1,0.0,2019-03-12 02:46:06,刺网
17121,30.70888888888889,122.77275,0.2,0.0,2019-03-12 02:51:05,刺网
17121,30.70891666666667,122.77275,0.0,0.0,2019-03-12 02:56:05,刺网
17121,30.70891666666667,122.7727222222222,0.1,0.0,2019-03-12 03:01:05,刺网
17121,30.70888888888889,122.7727777777778,0.0,0.0,2019-03-12 03:06:05,刺网
17121,30.70888888888889,122.7727777777778,0.1,0.0,2019-03-12 03:11:05,刺网
17121,30.70891666666667,122.77275,0.1,0.0,2019-03-12 03:21:05,刺网
17121,30.70891666666667,122.77275,0.1,0.0,2019-03-12 03:26:05,刺网
17121,30.70891666666667,122.77275,0.1,0.0,2019-03-12 03:31:05,刺网
17121,30.708972222222233,122.7727222222222,0.1,0.0,2019-03-12 03:36:05,刺网
17121,30.708972222222233,122.77269444444444,0.1,0.0,2019-03-12 03:41:05,刺网
17121,30.70894444444445,122.77275,0.0,0.0,2019-03-12 03:46:05,刺网
17121,30.70891666666667,122.7727777777778,0.0,0.0,2019-03-12 03:51:05,刺网
17121,30.70891666666667,122.77275,0.1,0.0,2019-03-12 03:56:05,刺网
17121,30.70891666666667,122.77275,0.1,0.0,2019-03-12 04:01:05,刺网
17121,30.708861111111112,122.7727777777778,0.1,0.0,2019-03-12 04:06:42,刺网
17121,30.70891666666667,122.7727777777778,0.2,0.0,2019-03-12 04:11:05,刺网
17121,30.70894444444445,122.77275,0.1,0.0,2019-03-12 04:16:05,刺网
17121,30.70888888888889,122.7727777777778,0.2,0.0,2019-03-12 04:21:05,刺网
17121,30.70888888888889,122.77280555555555,0.1,0.0,2019-03-12 04:26:05,刺网
17121,30.70888888888889,122.7727777777778,0.2,0.0,2019-03-12 04:31:05,刺网
17121,30.70891666666667,122.7727777777778,0.1,0.0,2019-03-12 04:36:05,刺网
17121,30.70888888888889,122.77280555555555,0.2,0.0,2019-03-12 04:41:05,刺网
17121,30.70894444444445,122.7727777777778,0.0,0.0,2019-03-12 04:46:05,刺网
17121,30.70891666666667,122.77280555555555,0.1,0.0,2019-03-12 04:56:05,刺网
17121,30.70891666666667,122.7727777777778,0.2,0.0,2019-03-12 05:01:05,刺网
17121,30.708861111111112,122.7727777777778,0.1,0.0,2019-03-12 05:06:05,刺网
17121,30.70894444444445,122.7727777777778,0.0,0.0,2019-03-12 05:11:05,刺网
17121,30.70891666666667,122.77280555555555,0.1,0.0,2019-03-12 05:16:04,刺网
17121,30.70891666666667,122.77286111111113,0.0,0.0,2019-03-12 05:21:14,刺网
17121,30.70888888888889,122.77283333333334,0.0,0.0,2019-03-12 05:26:05,刺网
17121,30.70891666666667,122.77280555555555,0.1,0.0,2019-03-12 05:31:05,刺网
17121,30.70855555555556,122.77280555555555,0.1,0.0,2019-03-12 05:36:05,刺网
17121,30.708666666666666,122.77341666666666,0.0,0.0,2019-03-12 05:41:05,刺网
17121,30.70863888888889,122.7727777777778,0.1,0.0,2019-03-12 05:46:33,刺网
17121,30.70869444444445,122.77283333333334,0.1,0.0,2019-03-12 05:51:04,刺网
17121,30.708666666666666,122.77280555555555,0.0,0.0,2019-03-12 05:56:04,刺网
17121,30.708666666666666,122.77283333333334,0.0,0.0,2019-03-12 06:01:05,刺网
17121,30.70869444444445,122.77283333333334,0.0,0.0,2019-03-12 06:06:41,刺网
17121,30.7075,122.76858333333332,8.2,254.0,2019-03-12 06:11:04,刺网
17121,30.69716666666667,122.76516666666667,9.3,157.0,2019-03-12 06:16:04,刺网
17121,30.6855,122.77263888888888,9.5,158.0,2019-03-12 06:21:04,刺网
17121,30.673666666666666,122.78013888888887,9.6,152.0,2019-03-12 06:26:04,刺网
17121,30.661027777777786,122.7855,9.5,161.0,2019-03-12 06:31:04,刺网
17121,30.649361111111112,122.79288888888887,9.3,152.0,2019-03-12 06:36:04,刺网
17121,30.63775,122.7995,9.1,161.0,2019-03-12 06:41:04,刺网
17121,30.627194444444445,122.80713888888887,9.1,151.0,2019-03-12 06:46:04,刺网
17121,30.616972222222234,122.81538888888888,9.0,137.0,2019-03-12 06:51:04,刺网
17121,30.607388888888888,122.82469444444445,9.0,143.0,2019-03-12 06:56:04,刺网
17121,30.597722222222234,122.83361111111113,8.5,142.0,2019-03-12 07:01:04,刺网
17121,30.587694444444452,122.84244444444445,8.8,134.0,2019-03-12 07:06:04,刺网
17121,30.578722222222233,122.8523611111111,8.9,139.0,2019-03-12 07:11:04,刺网
17121,30.568361111111113,122.8607222222222,8.8,149.0,2019-03-12 07:16:04,刺网
17121,30.557388888888887,122.86783333333334,9.3,147.0,2019-03-12 07:21:04,刺网
17121,30.546277777777767,122.87536111111108,9.1,151.0,2019-03-12 07:26:04,刺网
17121,30.53466666666667,122.8822222222222,9.5,150.0,2019-03-12 07:31:04,刺网
17121,30.52255555555555,122.88905555555556,9.4,145.0,2019-03-12 07:36:04,刺网
17121,30.51075,122.89616666666667,9.3,155.0,2019-03-12 07:41:04,刺网
17121,30.49894444444445,122.90297222222223,9.5,154.0,2019-03-12 07:46:04,刺网
17121,30.487111111111112,122.90972222222223,9.5,158.0,2019-03-12 07:51:04,刺网
17121,30.475055555555553,122.916,9.7,155.0,2019-03-12 07:56:04,刺网
17121,30.46347222222222,122.92361111111113,9.4,149.0,2019-03-12 08:01:04,刺网
17121,30.451999999999998,122.93066666666668,9.2,161.0,2019-03-12 08:06:41,刺网
17121,30.442055555555555,122.9339722222222,7.4,242.0,2019-03-12 08:11:03,刺网
17121,30.44333333333333,122.93636111111113,8.6,107.0,2019-03-12 08:16:03,刺网
17121,30.436611111111112,122.93986111111113,8.0,227.0,2019-03-12 08:21:03,刺网
17121,30.42747222222223,122.93172222222223,8.4,244.0,2019-03-12 08:26:03,刺网
17121,30.42683333333333,122.92802777777777,7.6,111.0,2019-03-12 08:31:03,刺网
17121,30.429361111111113,122.9325,7.9,348.0,2019-03-12 08:36:03,刺网
17121,30.432305555555555,122.92536111111113,6.6,240.0,2019-03-12 08:41:03,刺网
17121,30.43208333333333,122.92625,5.6,329.0,2019-03-12 08:46:03,刺网
17121,30.437666666666665,122.93169444444445,5.3,26.0,2019-03-12 08:51:03,刺网
17121,30.438527777777786,122.93200000000002,0.7,332.0,2019-03-12 08:56:03,刺网
17121,30.43855555555556,122.93191666666668,0.1,0.0,2019-03-12 09:01:03,刺网
17121,30.43858333333333,122.93180555555556,0.1,0.0,2019-03-12 09:06:03,刺网
17121,30.43858333333333,122.93180555555556,0.3,0.0,2019-03-12 09:11:03,刺网
17121,30.43847222222222,122.9309722222222,7.0,348.0,2019-03-12 09:16:03,刺网
17121,30.442055555555555,122.94013888888887,8.3,101.0,2019-03-12 09:21:03,刺网
17121,30.44033333333333,122.94566666666668,7.3,48.0,2019-03-12 09:26:03,刺网
17121,30.44080555555556,122.94536111111113,7.4,286.0,2019-03-12 09:31:03,刺网
17121,30.441194444444445,122.94166666666668,5.0,188.0,2019-03-12 09:36:03,刺网
17121,30.441944444444445,122.94283333333334,7.0,325.0,2019-03-12 09:41:03,刺网
17121,30.44208333333333,122.93194444444444,7.8,254.0,2019-03-12 09:46:03,刺网
17121,30.43844444444445,122.93194444444444,0.2,0.0,2019-03-12 09:51:03,刺网
17121,30.43855555555556,122.93197222222223,0.1,0.0,2019-03-12 09:56:03,刺网
17121,30.438527777777786,122.93205555555555,0.0,0.0,2019-03-12 10:01:03,刺网
17121,30.43844444444445,122.93213888888893,0.3,258.0,2019-03-12 10:06:40,刺网
17121,30.43844444444445,122.93211111111113,0.1,0.0,2019-03-12 10:11:03,刺网
17121,30.438388888888888,122.93216666666667,0.0,0.0,2019-03-12 10:16:03,刺网
17121,30.438388888888888,122.93216666666667,0.1,0.0,2019-03-12 10:21:03,刺网
17121,30.43836111111111,122.93219444444445,0.1,0.0,2019-03-12 10:26:03,刺网
17121,30.4385,122.93208333333334,0.2,0.0,2019-03-12 10:31:03,刺网
17121,30.438388888888888,122.93213888888893,0.0,0.0,2019-03-12 10:36:03,刺网
17121,30.43833333333333,122.93216666666667,0.2,0.0,2019-03-12 10:41:03,刺网
17121,30.438416666666665,122.93205555555555,0.2,0.0,2019-03-12 10:46:03,刺网
17121,30.4385,122.93216666666667,0.2,0.0,2019-03-12 10:51:03,刺网
17121,30.438388888888888,122.93200000000002,0.1,0.0,2019-03-12 10:56:03,刺网
17121,30.43836111111111,122.93208333333334,0.1,0.0,2019-03-12 11:01:03,刺网
17121,30.438250000000004,122.93219444444445,0.3,0.0,2019-03-12 11:06:03,刺网
17121,30.438222222222233,122.93219444444445,0.1,0.0,2019-03-12 11:11:03,刺网
17121,30.44241666666667,122.93247222222222,7.7,59.0,2019-03-12 11:16:03,刺网
17121,30.443166666666666,122.93716666666668,1.7,309.0,2019-03-12 11:21:03,刺网
17121,30.443361111111113,122.93475,1.2,281.0,2019-03-12 11:26:03,刺网
17121,30.44425,122.93266666666668,1.3,282.0,2019-03-12 11:31:03,刺网
17121,30.443,122.93330555555555,0.7,64.0,2019-03-12 11:36:03,刺网
17121,30.442138888888888,122.9335,0.9,122.0,2019-03-12 11:46:03,刺网
17121,30.438000000000002,122.93902777777778,8.0,71.0,2019-03-12 11:51:03,刺网
17121,30.43855555555556,122.94183333333336,8.9,71.0,2019-03-12 11:56:03,刺网
17121,30.441666666666666,122.93530555555556,8.0,291.0,2019-03-12 12:01:03,刺网
17121,30.438222222222233,122.93180555555556,0.0,0.0,2019-03-12 12:06:40,刺网
17121,30.43830555555556,122.93186111111113,0.3,0.0,2019-03-12 12:11:03,刺网
17121,30.4385,122.93183333333334,0.2,0.0,2019-03-12 12:16:03,刺网
17121,30.4385,122.93191666666668,0.1,0.0,2019-03-12 12:21:03,刺网
17121,30.43844444444445,122.93197222222223,0.1,0.0,2019-03-12 12:26:02,刺网
17121,30.43847222222222,122.93197222222223,0.1,0.0,2019-03-12 12:31:02,刺网
17121,30.4385,122.93191666666668,0.0,0.0,2019-03-12 12:36:02,刺网
17121,30.4385,122.93191666666668,0.1,0.0,2019-03-12 12:41:02,刺网
17121,30.438416666666665,122.9320277777778,0.0,0.0,2019-03-12 12:46:02,刺网
17121,30.43844444444445,122.93200000000002,0.1,0.0,2019-03-12 12:51:02,刺网
17121,30.438416666666665,122.93194444444444,0.0,0.0,2019-03-12 12:56:02,刺网
17121,30.43855555555556,122.93188888888888,0.4,0.0,2019-03-12 13:01:02,刺网
17121,30.43858333333333,122.93191666666668,0.1,0.0,2019-03-12 13:06:02,刺网
17121,30.43855555555556,122.93194444444444,0.0,0.0,2019-03-12 13:11:02,刺网
17121,30.43858333333333,122.93191666666668,0.5,0.0,2019-03-12 13:16:02,刺网
17121,30.43855555555556,122.93188888888888,0.2,0.0,2019-03-12 13:21:02,刺网
17121,30.438527777777786,122.93191666666668,0.0,0.0,2019-03-12 13:26:02,刺网
17121,30.43855555555556,122.93188888888888,0.1,0.0,2019-03-12 13:31:02,刺网
17121,30.43861111111111,122.93188888888888,0.3,0.0,2019-03-12 13:36:02,刺网
17121,30.43858333333333,122.93191666666668,0.3,0.0,2019-03-12 13:41:02,刺网
17121,30.438527777777786,122.93194444444444,0.1,0.0,2019-03-12 13:46:02,刺网
17121,30.438055555555557,122.93180555555556,7.1,207.0,2019-03-12 13:51:02,刺网
17121,30.43175,122.92630555555556,2.2,284.0,2019-03-12 13:56:02,刺网
17121,30.430611111111112,122.92563888888893,1.5,193.0,2019-03-12 14:01:02,刺网
17121,30.430861111111113,122.925,1.2,14.0,2019-03-12 14:06:39,刺网
17121,30.43105555555556,122.92563888888893,2.3,234.0,2019-03-12 14:11:02,刺网
17121,30.429944444444452,122.92472222222223,1.2,358.0,2019-03-12 14:16:02,刺网
17121,30.431638888888887,122.92552777777777,1.3,59.0,2019-03-12 14:21:02,刺网
17121,30.43269444444445,122.93052777777778,8.7,79.0,2019-03-12 14:26:02,刺网
17121,30.43808333333333,122.94269444444444,8.6,38.0,2019-03-12 14:31:02,刺网
17121,30.441222222222233,122.94216666666668,1.2,58.0,2019-03-12 14:36:02,刺网
17121,30.44075,122.94380555555556,2.7,133.0,2019-03-12 14:41:02,刺网
17121,30.44008333333333,122.9427777777778,1.8,291.0,2019-03-12 14:46:02,刺网
17121,30.441333333333336,122.94197222222222,1.0,92.0,2019-03-12 14:51:02,刺网
17121,30.44019444444445,122.94311111111112,0.8,257.0,2019-03-12 14:56:02,刺网
17121,30.43975,122.94433333333336,7.7,116.0,2019-03-12 15:01:02,刺网
17121,30.435666666666666,122.94713888888893,6.0,267.0,2019-03-12 15:06:02,刺网
17121,30.436,122.94086111111106,1.2,284.0,2019-03-12 15:11:02,刺网
17121,30.435194444444445,122.93875,1.8,212.0,2019-03-12 15:16:02,刺网
17121,30.43380555555556,122.93758333333334,1.5,208.0,2019-03-12 15:21:02,刺网
17121,30.432194444444452,122.9362777777778,1.5,211.0,2019-03-12 15:26:02,刺网
17121,30.431555555555555,122.93144444444445,6.0,318.0,2019-03-12 15:31:02,刺网
17121,30.438000000000002,122.93080555555555,0.6,37.0,2019-03-12 15:36:02,刺网
17121,30.43802777777778,122.93025,1.3,268.0,2019-03-12 15:41:02,刺网
17121,30.438111111111112,122.93133333333334,2.0,0.0,2019-03-12 15:46:02,刺网
17121,30.438388888888888,122.93080555555555,0.3,0.0,2019-03-12 15:51:02,刺网
17121,30.438194444444445,122.93094444444445,3.7,179.0,2019-03-12 15:56:03,刺网
17121,30.43780555555556,122.93133333333334,0.6,345.0,2019-03-12 16:01:02,刺网
17121,30.43813888888889,122.93122222222223,0.1,0.0,2019-03-12 16:06:39,刺网
17121,30.43816666666667,122.93119444444444,0.1,0.0,2019-03-12 16:11:02,刺网
17121,30.43827777777778,122.93111111111112,0.2,0.0,2019-03-12 16:16:02,刺网
17121,30.43830555555556,122.9310277777778,0.1,0.0,2019-03-12 16:21:02,刺网
17121,30.43830555555556,122.93111111111112,0.4,309.0,2019-03-12 16:26:02,刺网
17121,30.438194444444445,122.93119444444444,0.1,0.0,2019-03-12 16:31:02,刺网
17121,30.43813888888889,122.93122222222223,0.1,0.0,2019-03-12 16:36:02,刺网
17121,30.43808333333333,122.93125,0.1,0.0,2019-03-12 16:41:01,刺网
17121,30.43813888888889,122.93125,0.5,128.0,2019-03-12 16:46:01,刺网
17121,30.43808333333333,122.93125,0.4,267.0,2019-03-12 16:51:01,刺网
17121,30.43816666666667,122.93119444444444,0.0,0.0,2019-03-12 16:56:01,刺网
17121,30.43827777777778,122.93108333333332,0.0,0.0,2019-03-12 17:01:01,刺网
17121,30.43827777777778,122.93108333333332,0.2,0.0,2019-03-12 17:06:01,刺网
17121,30.438222222222233,122.93116666666668,0.1,0.0,2019-03-12 17:11:01,刺网
17121,30.43827777777778,122.93111111111112,0.1,0.0,2019-03-12 17:16:01,刺网
17121,30.43836111111111,122.9309722222222,0.1,0.0,2019-03-12 17:21:01,刺网
17121,30.43833333333333,122.9310277777778,0.0,0.0,2019-03-12 17:26:01,刺网
17121,30.43827777777778,122.93105555555556,0.1,0.0,2019-03-12 17:31:01,刺网
17121,30.43827777777778,122.93108333333332,0.2,0.0,2019-03-12 17:36:01,刺网
17121,30.43827777777778,122.93108333333332,0.2,0.0,2019-03-12 17:41:01,刺网
17121,30.438222222222233,122.93119444444444,0.3,255.0,2019-03-12 17:46:01,刺网
17121,30.43813888888889,122.93122222222223,0.3,3.0,2019-03-12 17:51:01,刺网
17121,30.43794444444445,122.93130555555555,0.3,217.0,2019-03-12 17:56:01,刺网
17121,30.437638888888888,122.93125,0.6,128.0,2019-03-12 18:01:01,刺网
17121,30.43738888888889,122.93075,0.3,0.0,2019-03-12 18:06:38,刺网
17121,30.43738888888889,122.93063888888894,0.1,0.0,2019-03-12 18:11:01,刺网
17121,30.437361111111112,122.93061111111112,0.1,0.0,2019-03-12 18:16:01,刺网
17121,30.43738888888889,122.93055555555556,0.1,0.0,2019-03-12 18:21:01,刺网
17121,30.437305555555554,122.93063888888894,0.2,0.0,2019-03-12 18:26:01,刺网
17121,30.43733333333333,122.93063888888894,0.1,0.0,2019-03-12 18:31:01,刺网
17121,30.437361111111112,122.93063888888894,0.0,0.0,2019-03-12 18:36:01,刺网
17121,30.437361111111112,122.93072222222223,0.1,0.0,2019-03-12 18:41:01,刺网
17121,30.43733333333333,122.93080555555555,0.2,0.0,2019-03-12 18:46:01,刺网
17121,30.43738888888889,122.93094444444445,0.3,314.0,2019-03-12 18:51:01,刺网
17121,30.43733333333333,122.93080555555555,0.0,0.0,2019-03-12 18:56:00,刺网
17121,30.437361111111112,122.9307777777778,0.1,0.0,2019-03-12 19:01:01,刺网
17121,30.43733333333333,122.93069444444444,0.0,0.0,2019-03-12 19:06:00,刺网
17121,30.43733333333333,122.93066666666668,0.3,0.0,2019-03-12 19:11:01,刺网
17121,30.437305555555554,122.93066666666668,0.1,0.0,2019-03-12 19:16:01,刺网
17121,30.43733333333333,122.93069444444444,0.0,0.0,2019-03-12 19:21:01,刺网
17121,30.437361111111112,122.93061111111112,0.1,0.0,2019-03-12 19:26:01,刺网
17121,30.437361111111112,122.93069444444444,0.4,0.0,2019-03-12 19:31:01,刺网
17121,30.43733333333333,122.93066666666668,0.1,0.0,2019-03-12 19:36:01,刺网
17121,30.43733333333333,122.93066666666668,0.1,0.0,2019-03-12 19:41:01,刺网
17121,30.43733333333333,122.93069444444444,0.0,0.0,2019-03-12 19:46:01,刺网
17121,30.437361111111112,122.93066666666668,0.1,0.0,2019-03-12 19:51:01,刺网
17121,30.437361111111112,122.93066666666668,0.1,0.0,2019-03-12 19:56:01,刺网
17121,30.437361111111112,122.93069444444444,0.0,0.0,2019-03-12 20:01:01,刺网
17121,30.43733333333333,122.93063888888894,0.2,0.0,2019-03-12 20:06:38,刺网
17121,30.43733333333333,122.93075,0.3,0.0,2019-03-12 20:11:01,刺网
17121,30.43733333333333,122.93066666666668,0.2,0.0,2019-03-12 20:16:01,刺网
17121,30.43733333333333,122.93080555555555,0.1,0.0,2019-03-12 20:21:01,刺网
17121,30.43733333333333,122.9307777777778,0.3,0.0,2019-03-12 20:26:01,刺网
17121,30.437361111111112,122.93088888888893,0.0,0.0,2019-03-12 20:31:01,刺网
17121,30.43733333333333,122.9309722222222,0.2,0.0,2019-03-12 20:36:01,刺网
17121,30.43738888888889,122.93088888888893,0.2,0.0,2019-03-12 20:41:01,刺网
17121,30.437361111111112,122.93088888888893,0.1,0.0,2019-03-12 20:46:01,刺网
17121,30.437361111111112,122.93086111111113,0.2,0.0,2019-03-12 20:51:01,刺网
17121,30.437361111111112,122.9307777777778,0.1,0.0,2019-03-12 20:56:01,刺网
17121,30.437361111111112,122.9307777777778,0.2,0.0,2019-03-12 21:01:01,刺网
17121,30.437361111111112,122.93088888888893,0.2,0.0,2019-03-12 21:06:00,刺网
17121,30.43733333333333,122.9307777777778,0.4,19.0,2019-03-12 21:11:00,刺网
17121,30.437305555555554,122.93080555555555,0.0,0.0,2019-03-12 21:16:00,刺网
17121,30.43733333333333,122.93075,0.1,0.0,2019-03-12 21:21:00,刺网
17121,30.43733333333333,122.93075,0.2,0.0,2019-03-12 21:26:00,刺网
17121,30.437305555555554,122.93075,0.1,0.0,2019-03-12 21:31:00,刺网
17121,30.43733333333333,122.93063888888894,0.4,0.0,2019-03-12 21:36:00,刺网
17121,30.437305555555554,122.93061111111112,0.8,115.0,2019-03-12 21:41:00,刺网
17121,30.43733333333333,122.93066666666668,0.1,0.0,2019-03-12 21:46:00,刺网
17121,30.43733333333333,122.93075,0.1,0.0,2019-03-12 21:51:00,刺网
17121,30.437305555555554,122.93058333333332,0.1,0.0,2019-03-12 21:56:00,刺网
17121,30.43733333333333,122.93061111111112,0.4,0.0,2019-03-12 22:01:01,刺网
17121,30.437361111111112,122.93052777777778,0.3,0.0,2019-03-12 22:06:37,刺网
17121,30.437361111111112,122.93052777777778,0.1,0.0,2019-03-12 22:11:00,刺网
17121,30.43733333333333,122.9305,0.3,0.0,2019-03-12 22:16:00,刺网
17121,30.43733333333333,122.93052777777778,0.2,0.0,2019-03-12 22:21:00,刺网
17121,30.437305555555554,122.93055555555556,0.5,80.0,2019-03-12 22:26:00,刺网
17121,30.43733333333333,122.93047222222224,0.8,89.0,2019-03-12 22:31:00,刺网
17121,30.43733333333333,122.93052777777778,0.8,102.0,2019-03-12 22:36:00,刺网
17121,30.437361111111112,122.93038888888893,0.4,0.0,2019-03-12 22:41:00,刺网
17121,30.43733333333333,122.9305,0.0,0.0,2019-03-12 22:46:00,刺网
17121,30.437361111111112,122.93044444444445,0.1,0.0,2019-03-12 22:51:00,刺网
17121,30.43733333333333,122.9305,0.2,0.0,2019-03-12 23:01:00,刺网
17121,30.437361111111112,122.9305,0.5,0.0,2019-03-12 23:06:00,刺网
17121,30.437361111111112,122.93052777777778,1.7,76.0,2019-03-12 23:11:00,刺网
17121,30.43733333333333,122.93052777777778,0.8,139.0,2019-03-12 23:16:00,刺网
17121,30.43733333333333,122.93044444444445,0.2,0.0,2019-03-12 23:21:00,刺网
17121,30.437361111111112,122.93044444444445,0.2,0.0,2019-03-12 23:26:00,刺网
17121,30.43741666666667,122.93033333333337,0.5,0.0,2019-03-12 23:31:00,刺网
17121,30.43733333333333,122.93041666666667,0.6,0.0,2019-03-12 23:36:00,刺网
17121,30.43733333333333,122.93047222222224,0.1,0.0,2019-03-12 23:41:00,刺网
17121,30.437361111111112,122.93030555555555,0.2,0.0,2019-03-12 23:46:00,刺网
17121,30.43733333333333,122.93058333333332,0.8,0.0,2019-03-12 23:51:00,刺网
17121,30.437305555555554,122.93055555555556,0.6,0.0,2019-03-12 23:56:00,刺网
17121,30.437305555555554,122.9305,0.1,0.0,2019-03-13 00:01:00,刺网
17121,30.437305555555554,122.93061111111112,0.5,265.0,2019-03-13 00:06:37,刺网
17121,30.43733333333333,122.93058333333332,0.2,0.0,2019-03-13 00:11:00,刺网
17121,30.43733333333333,122.93058333333332,0.1,0.0,2019-03-13 00:16:00,刺网
17121,30.437305555555554,122.93055555555556,0.1,0.0,2019-03-13 00:21:00,刺网
17121,30.437361111111112,122.93047222222224,0.2,0.0,2019-03-13 00:26:00,刺网
17121,30.43733333333333,122.93052777777778,0.1,0.0,2019-03-13 00:31:00,刺网
17121,30.43733333333333,122.9305,0.4,158.0,2019-03-13 00:36:00,刺网
17121,30.43733333333333,122.93052777777778,0.3,250.0,2019-03-13 00:41:00,刺网
17121,30.437305555555554,122.93058333333332,0.4,21.0,2019-03-13 00:46:00,刺网
17121,30.437305555555554,122.93058333333332,0.2,0.0,2019-03-13 00:51:00,刺网
17121,30.437305555555554,122.93061111111112,0.3,0.0,2019-03-13 00:56:00,刺网
17121,30.437305555555554,122.93069444444444,0.0,0.0,2019-03-13 01:01:00,刺网
17121,30.43733333333333,122.93075,0.1,0.0,2019-03-13 01:06:00,刺网
17121,30.437305555555554,122.93058333333332,0.3,0.0,2019-03-13 01:11:00,刺网
17121,30.43733333333333,122.93052777777778,0.3,278.0,2019-03-13 01:16:00,刺网
17121,30.437361111111112,122.93044444444445,0.2,0.0,2019-03-13 01:21:00,刺网
17121,30.43733333333333,122.93055555555556,0.3,0.0,2019-03-13 01:26:00,刺网
17121,30.437305555555554,122.93069444444444,0.5,335.0,2019-03-13 01:31:00,刺网
17121,30.437305555555554,122.93061111111112,0.0,0.0,2019-03-13 01:36:00,刺网
17121,30.43733333333333,122.93069444444444,0.3,0.0,2019-03-13 01:40:59,刺网
17121,30.43733333333333,122.93066666666668,0.1,0.0,2019-03-13 01:45:59,刺网
17121,30.43733333333333,122.9307777777778,0.1,0.0,2019-03-13 01:50:59,刺网
17121,30.437361111111112,122.93052777777778,0.4,0.0,2019-03-13 01:55:59,刺网
17121,30.437361111111112,122.93052777777778,0.4,0.0,2019-03-13 02:00:59,刺网
17121,30.43733333333333,122.93058333333332,0.1,0.0,2019-03-13 02:06:37,刺网
17121,30.43738888888889,122.93052777777778,0.4,2.0,2019-03-13 02:10:59,刺网
17121,30.437361111111112,122.93088888888893,0.3,0.0,2019-03-13 02:15:59,刺网
17121,30.43733333333333,122.93066666666668,0.1,0.0,2019-03-13 02:20:59,刺网
17121,30.43738888888889,122.93036111111113,0.2,0.0,2019-03-13 02:25:59,刺网
17121,30.437305555555554,122.93058333333332,0.3,0.0,2019-03-13 02:30:59,刺网
17121,30.43733333333333,122.93061111111112,0.2,0.0,2019-03-13 02:35:59,刺网
17121,30.437305555555554,122.93069444444444,0.2,0.0,2019-03-13 02:40:59,刺网
17121,30.43738888888889,122.93038888888893,0.2,0.0,2019-03-13 02:45:59,刺网
17121,30.43733333333333,122.93052777777778,0.4,0.0,2019-03-13 02:50:59,刺网
17121,30.437361111111112,122.93055555555556,0.4,0.0,2019-03-13 02:55:59,刺网
17121,30.437277777777766,122.93063888888894,0.3,0.0,2019-03-13 03:00:59,刺网
17121,30.437305555555554,122.93058333333332,0.5,80.0,2019-03-13 03:05:59,刺网
17121,30.43733333333333,122.93061111111112,0.1,0.0,2019-03-13 03:10:59,刺网
17121,30.43733333333333,122.93052777777778,0.1,0.0,2019-03-13 03:15:59,刺网
17121,30.43738888888889,122.93052777777778,0.2,0.0,2019-03-13 03:20:59,刺网
17121,30.437361111111112,122.93055555555556,0.5,0.0,2019-03-13 03:25:59,刺网
17121,30.437305555555554,122.93069444444444,0.4,0.0,2019-03-13 03:30:59,刺网
17121,30.437361111111112,122.93061111111112,0.6,34.0,2019-03-13 03:35:59,刺网
17121,30.43733333333333,122.93061111111112,0.0,0.0,2019-03-13 03:40:59,刺网
17121,30.43733333333333,122.93063888888894,0.2,0.0,2019-03-13 03:45:59,刺网
17121,30.43733333333333,122.93058333333332,0.3,0.0,2019-03-13 03:50:59,刺网
17121,30.437305555555554,122.93061111111112,0.6,0.0,2019-03-13 03:55:59,刺网
17121,30.43733333333333,122.93052777777778,0.4,85.0,2019-03-13 04:00:59,刺网
17121,30.43733333333333,122.93058333333332,0.4,0.0,2019-03-13 04:06:36,刺网
17121,30.43733333333333,122.9305,0.5,0.0,2019-03-13 04:10:59,刺网
17121,30.437277777777766,122.93058333333332,0.1,0.0,2019-03-13 04:15:59,刺网
17121,30.43733333333333,122.93055555555556,0.2,0.0,2019-03-13 04:20:59,刺网
17121,30.43733333333333,122.93055555555556,0.2,0.0,2019-03-13 04:25:59,刺网
17121,30.43733333333333,122.93055555555556,0.3,0.0,2019-03-13 04:30:59,刺网
17121,30.43733333333333,122.93055555555556,0.8,215.0,2019-03-13 04:35:59,刺网
17121,30.437305555555554,122.93055555555556,0.3,0.0,2019-03-13 04:40:59,刺网
17121,30.437305555555554,122.9305,0.1,0.0,2019-03-13 04:45:59,刺网
17121,30.437277777777766,122.93063888888894,0.3,0.0,2019-03-13 04:50:59,刺网
17121,30.437305555555554,122.93058333333332,0.2,0.0,2019-03-13 04:55:59,刺网
17121,30.437305555555554,122.93061111111112,0.2,0.0,2019-03-13 05:00:59,刺网
17121,30.43725,122.93061111111112,0.2,0.0,2019-03-13 05:05:59,刺网
17121,30.437277777777766,122.93058333333332,0.2,0.0,2019-03-13 05:10:59,刺网
17121,30.43733333333333,122.93044444444445,0.1,0.0,2019-03-13 05:15:59,刺网
17121,30.437361111111112,122.93038888888893,0.6,134.0,2019-03-13 05:20:59,刺网
17121,30.43733333333333,122.93047222222224,0.9,127.0,2019-03-13 05:25:59,刺网
17121,30.43733333333333,122.93041666666667,0.4,0.0,2019-03-13 05:30:59,刺网
17121,30.43733333333333,122.93047222222224,0.1,0.0,2019-03-13 05:35:59,刺网
17121,30.43733333333333,122.9305,0.3,0.0,2019-03-13 05:40:59,刺网
17121,30.43733333333333,122.93052777777778,0.5,0.0,2019-03-13 05:45:59,刺网
17121,30.437305555555554,122.93047222222224,0.3,0.0,2019-03-13 05:50:59,刺网
17121,30.43733333333333,122.93047222222224,0.2,0.0,2019-03-13 05:55:59,刺网
17121,30.437361111111112,122.93038888888893,0.4,0.0,2019-03-13 06:00:59,刺网
17121,30.436166666666665,122.92963888888887,8.0,180.0,2019-03-13 06:06:36,刺网
17121,30.425611111111113,122.93355555555556,9.1,155.0,2019-03-13 06:10:59,刺网
17121,30.415111111111113,122.93986111111113,8.6,154.0,2019-03-13 06:15:59,刺网
17121,30.402555555555555,122.94327777777778,9.7,168.0,2019-03-13 06:20:58,刺网
17121,30.38922222222222,122.94697222222223,9.7,178.0,2019-03-13 06:25:58,刺网
17121,30.375472222222232,122.94913888888887,9.8,171.0,2019-03-13 06:30:58,刺网
17121,30.362222222222233,122.95005555555555,9.4,180.0,2019-03-13 06:35:58,刺网
17121,30.353027777777786,122.95194444444445,2.4,354.0,2019-03-13 06:40:58,刺网
17121,30.35641666666667,122.95172222222223,5.0,0.0,2019-03-13 06:45:58,刺网
17121,30.363944444444453,122.95183333333334,5.5,357.0,2019-03-13 06:50:58,刺网
17121,30.371,122.95094444444445,5.4,343.0,2019-03-13 06:55:58,刺网
17121,30.377805555555558,122.95038888888894,4.7,0.0,2019-03-13 07:00:58,刺网
17121,30.384777777777767,122.95008333333334,4.9,356.0,2019-03-13 07:05:58,刺网
17121,30.391805555555553,122.94930555555555,5.4,351.0,2019-03-13 07:10:58,刺网
17121,30.399305555555554,122.94852777777778,5.1,354.0,2019-03-13 07:15:58,刺网
17121,30.407166666666665,122.94644444444445,6.2,349.0,2019-03-13 07:20:58,刺网
17121,30.41536111111111,122.94411111111113,5.7,343.0,2019-03-13 07:25:58,刺网
17121,30.4235,122.941,5.8,344.0,2019-03-13 07:30:58,刺网
17121,30.43108333333333,122.93866666666668,5.7,347.0,2019-03-13 07:35:58,刺网
17121,30.43569444444445,122.9385,0.7,350.0,2019-03-13 07:40:58,刺网
17121,30.43302777777778,122.9327777777778,6.1,254.0,2019-03-13 07:45:58,刺网
17121,30.439138888888888,122.92986111111112,7.4,20.0,2019-03-13 07:50:58,刺网
17121,30.441722222222214,122.93683333333334,8.0,95.0,2019-03-13 07:55:58,刺网
17121,30.44319444444445,122.93327777777776,6.3,102.0,2019-03-13 08:06:35,刺网
17121,30.443166666666666,122.93338888888893,5.7,347.0,2019-03-13 08:10:58,刺网
17121,30.44583333333333,122.93208333333334,6.7,276.0,2019-03-13 08:15:58,刺网
17121,30.43802777777778,122.92877777777778,9.3,206.0,2019-03-13 08:20:58,刺网
17121,30.43486111111111,122.93533333333336,8.0,55.0,2019-03-13 08:25:58,刺网
17121,30.43544444444445,122.93705555555556,0.3,0.0,2019-03-13 08:30:58,刺网
17121,30.43536111111111,122.9370277777778,0.5,141.0,2019-03-13 08:35:58,刺网
17121,30.435388888888887,122.9370277777778,0.3,0.0,2019-03-13 08:40:58,刺网
17121,30.43544444444445,122.93705555555556,0.6,100.0,2019-03-13 08:45:58,刺网
17121,30.4345,122.93905555555556,1.4,141.0,2019-03-13 08:50:58,刺网
17121,30.432222222222233,122.92877777777778,8.2,271.0,2019-03-13 08:55:58,刺网
17121,30.42888888888889,122.92461111111112,9.7,197.0,2019-03-13 09:00:58,刺网
17121,30.42841666666667,122.92633333333332,8.3,107.0,2019-03-13 09:05:58,刺网
17121,30.432472222222234,122.93661111111112,8.5,40.0,2019-03-13 09:10:58,刺网
17121,30.431611111111113,122.93616666666668,6.0,109.0,2019-03-13 09:15:58,刺网
17121,30.43525,122.93975,3.9,46.0,2019-03-13 09:20:58,刺网
17121,30.438194444444445,122.94280555555555,0.8,29.0,2019-03-13 09:25:58,刺网
17121,30.4385,122.94397222222223,0.8,168.0,2019-03-13 09:30:58,刺网
17121,30.44013888888889,122.94475,1.3,229.0,2019-03-13 09:35:58,刺网
17121,30.44033333333333,122.94572222222223,0.4,0.0,2019-03-13 09:40:58,刺网
17121,30.439277777777768,122.94425,1.9,59.0,2019-03-13 09:45:58,刺网
17121,30.44008333333333,122.94530555555555,0.4,308.0,2019-03-13 09:50:58,刺网
17121,30.44008333333333,122.94525,1.6,72.0,2019-03-13 09:55:58,刺网
17121,30.439972222222234,122.94502777777778,1.7,202.0,2019-03-13 10:00:58,刺网
17121,30.440027777777786,122.94475,0.6,288.0,2019-03-13 10:06:35,刺网
17121,30.43986111111111,122.94388888888888,5.1,286.0,2019-03-13 10:10:58,刺网
17121,30.439416666666666,122.94586111111113,4.7,119.0,2019-03-13 10:15:58,刺网
17121,30.44072222222222,122.94266666666668,5.4,87.0,2019-03-13 10:20:58,刺网
17121,30.44225,122.94311111111112,7.0,323.0,2019-03-13 10:25:58,刺网
17121,30.438861111111112,122.94275,1.5,217.0,2019-03-13 10:30:58,刺网
17121,30.438388888888888,122.94130555555556,1.5,269.0,2019-03-13 10:35:58,刺网
17121,30.43786111111111,122.94094444444444,2.2,62.0,2019-03-13 10:40:57,刺网
17121,30.43891666666667,122.94261111111112,0.6,339.0,2019-03-13 10:45:57,刺网
17121,30.438777777777766,122.94258333333336,2.0,50.0,2019-03-13 10:50:57,刺网
17121,30.43855555555556,122.94108333333332,1.8,254.0,2019-03-13 10:55:57,刺网
17121,30.434527777777767,122.93563888888887,8.2,234.0,2019-03-13 11:00:57,刺网
17121,30.438388888888888,122.93013888888888,6.9,4.0,2019-03-13 11:05:57,刺网
17121,30.438666666666666,122.93030555555555,0.4,48.0,2019-03-13 11:10:57,刺网
17121,30.43863888888889,122.93036111111113,0.7,281.0,2019-03-13 11:15:57,刺网
17121,30.438527777777786,122.93036111111113,0.1,0.0,2019-03-13 11:20:57,刺网
17121,30.43836111111111,122.93044444444445,1.1,127.0,2019-03-13 11:25:57,刺网
17121,30.43827777777778,122.93041666666667,0.1,0.0,2019-03-13 11:30:57,刺网
17121,30.438222222222233,122.93025,0.1,0.0,2019-03-13 11:35:57,刺网
17121,30.438222222222233,122.92991666666668,0.0,0.0,2019-03-13 11:40:57,刺网
17121,30.438250000000004,122.92983333333332,0.2,0.0,2019-03-13 11:45:57,刺网
17121,30.438222222222233,122.93,0.4,17.0,2019-03-13 11:50:57,刺网
17121,30.438250000000004,122.93002777777778,0.2,0.0,2019-03-13 11:55:57,刺网
17121,30.438194444444445,122.93005555555555,0.0,0.0,2019-03-13 12:00:57,刺网
17121,30.43836111111111,122.92983333333332,0.7,292.0,2019-03-13 12:06:34,刺网
17121,30.438388888888888,122.9295277777778,0.3,0.0,2019-03-13 12:10:57,刺网
17121,30.43836111111111,122.92963888888887,0.9,160.0,2019-03-13 12:15:57,刺网
17121,30.43836111111111,122.92963888888887,0.2,0.0,2019-03-13 12:20:57,刺网
17121,30.4425,122.9339722222222,8.1,100.0,2019-03-13 12:25:57,刺网
17121,30.44163888888889,122.93902777777778,1.1,68.0,2019-03-13 12:30:57,刺网
17121,30.442138888888888,122.94158333333334,1.1,211.0,2019-03-13 12:35:57,刺网
17121,30.44125,122.93816666666667,0.9,235.0,2019-03-13 12:45:57,刺网
17121,30.44088888888889,122.93841666666668,0.8,97.0,2019-03-13 12:50:57,刺网
17121,30.44163888888889,122.93708333333332,1.3,277.0,2019-03-13 12:55:57,刺网
17121,30.44283333333333,122.93533333333336,3.7,297.0,2019-03-13 13:00:57,刺网
17121,30.444472222222235,122.93258333333334,1.7,316.0,2019-03-13 13:05:57,刺网
17121,30.44388888888889,122.93333333333334,1.4,138.0,2019-03-13 13:10:57,刺网
17121,30.443722222222213,122.93288888888893,2.9,315.0,2019-03-13 13:15:57,刺网
17121,30.44388888888889,122.93344444444445,1.3,163.0,2019-03-13 13:20:57,刺网
17121,30.443361111111113,122.93297222222223,1.7,8.0,2019-03-13 13:25:57,刺网
17121,30.44377777777777,122.93383333333334,1.5,177.0,2019-03-13 13:30:57,刺网
17121,30.44236111111111,122.9345,2.6,205.0,2019-03-13 13:35:57,刺网
17121,30.4415,122.94136111111106,0.8,271.0,2019-03-13 13:40:57,刺网
17121,30.442472222222232,122.94211111111113,0.7,24.0,2019-03-13 13:45:57,刺网
17121,30.44233333333333,122.94316666666668,0.8,183.0,2019-03-13 13:50:57,刺网
17121,30.44244444444445,122.9429722222222,0.7,181.0,2019-03-13 13:55:57,刺网
17121,30.44144444444445,122.94361111111112,0.6,0.0,2019-03-13 14:00:59,刺网
17121,30.44233333333333,122.94280555555555,1.2,110.0,2019-03-13 14:06:34,刺网
17121,30.441333333333336,122.94311111111112,0.6,168.0,2019-03-13 14:10:57,刺网
17121,30.44236111111111,122.94161111111113,5.0,317.0,2019-03-13 14:15:57,刺网
17121,30.44491666666667,122.935,3.4,282.0,2019-03-13 14:20:57,刺网
17121,30.44525,122.9335,3.0,325.0,2019-03-13 14:25:57,刺网
17121,30.444472222222235,122.93213888888893,1.0,121.0,2019-03-13 14:30:57,刺网
17121,30.444555555555556,122.93255555555555,0.8,298.0,2019-03-13 14:35:57,刺网
17121,30.444805555555554,122.93183333333334,1.7,24.0,2019-03-13 14:40:57,刺网
17121,30.444888888888887,122.93238888888894,1.8,286.0,2019-03-13 14:45:57,刺网
17121,30.445138888888888,122.93269444444445,1.2,148.0,2019-03-13 14:50:57,刺网
17121,30.444861111111113,122.93191666666668,0.2,0.0,2019-03-13 14:55:57,刺网
17121,30.444944444444445,122.93266666666668,1.7,178.0,2019-03-13 15:00:57,刺网
17121,30.444138888888887,122.9310277777778,5.2,231.0,2019-03-13 15:05:56,刺网
17121,30.43738888888889,122.9262222222222,6.0,205.0,2019-03-13 15:10:56,刺网
17121,30.42852777777778,122.92258333333334,7.5,174.0,2019-03-13 15:15:56,刺网
17121,30.42708333333333,122.92408333333334,0.0,0.0,2019-03-13 15:20:56,刺网
17121,30.42744444444445,122.92466666666668,1.5,312.0,2019-03-13 15:25:56,刺网
17121,30.429472222222234,122.92469444444444,1.4,6.0,2019-03-13 15:30:56,刺网
17121,30.430611111111112,122.92494444444445,1.9,221.0,2019-03-13 15:35:56,刺网
17121,30.42916666666667,122.925,0.7,93.0,2019-03-13 15:40:56,刺网
17121,30.431222222222214,122.92561111111112,1.3,16.0,2019-03-13 15:45:56,刺网
17121,30.432777777777787,122.93152777777777,8.7,87.0,2019-03-13 15:50:56,刺网
17121,30.43813888888889,122.94222222222223,6.7,194.0,2019-03-13 15:55:56,刺网
17121,30.43863888888889,122.94041666666666,5.2,97.0,2019-03-13 16:00:56,刺网
17121,30.4395,122.94413888888887,1.6,229.0,2019-03-13 16:06:33,刺网
17121,30.44025,122.94461111111113,1.8,101.0,2019-03-13 16:10:56,刺网
17121,30.440027777777786,122.94522222222223,0.3,0.0,2019-03-13 16:20:56,刺网
17121,30.439722222222233,122.94555555555556,1.0,176.0,2019-03-13 16:25:56,刺网
17121,30.439416666666666,122.94538888888887,1.7,16.0,2019-03-13 16:30:56,刺网
17121,30.439138888888888,122.94444444444444,1.9,257.0,2019-03-13 16:35:56,刺网
17121,30.436472222222214,122.94200000000001,5.2,224.0,2019-03-13 16:40:56,刺网
17121,30.431,122.93661111111112,5.4,223.0,2019-03-13 16:45:56,刺网
17121,30.42738888888889,122.931,2.1,260.0,2019-03-13 16:50:56,刺网
17121,30.42691666666667,122.92944444444444,1.8,258.0,2019-03-13 16:55:56,刺网
17121,30.427055555555555,122.92755555555556,0.9,300.0,2019-03-13 17:00:56,刺网
17121,30.42769444444445,122.92883333333332,2.1,114.0,2019-03-13 17:05:56,刺网
17121,30.427,122.93041666666667,1.9,234.0,2019-03-13 17:10:56,刺网
17121,30.42691666666667,122.92830555555555,1.4,253.0,2019-03-13 17:15:55,刺网
17121,30.42777777777778,122.92869444444445,0.2,0.0,2019-03-13 17:20:55,刺网
17121,30.43080555555556,122.93558333333333,7.3,32.0,2019-03-13 17:25:55,刺网
17121,30.435166666666664,122.9387222222222,1.5,122.0,2019-03-13 17:30:56,刺网
17121,30.435277777777767,122.93811111111113,1.3,277.0,2019-03-13 17:35:56,刺网
17121,30.43380555555556,122.93683333333334,1.2,220.0,2019-03-13 17:40:55,刺网
17121,30.43255555555556,122.93561111111113,0.8,262.0,2019-03-13 17:45:56,刺网
17121,30.436277777777768,122.93047222222224,6.5,25.0,2019-03-13 17:50:56,刺网
17121,30.438722222222214,122.93086111111113,1.2,163.0,2019-03-13 17:55:56,刺网
17121,30.43794444444445,122.9310277777778,0.9,162.0,2019-03-13 18:00:56,刺网
17121,30.43802777777778,122.93111111111112,0.2,0.0,2019-03-13 18:06:33,刺网
17121,30.438000000000002,122.93108333333332,0.1,0.0,2019-03-13 18:10:56,刺网
17121,30.438000000000002,122.93116666666668,0.2,0.0,2019-03-13 18:15:56,刺网
17121,30.437972222222232,122.931,0.4,0.0,2019-03-13 18:20:56,刺网
17121,30.438000000000002,122.93108333333332,0.3,0.0,2019-03-13 18:25:56,刺网
17121,30.438000000000002,122.93108333333332,0.3,0.0,2019-03-13 18:30:56,刺网
17121,30.438000000000002,122.93105555555556,0.3,66.0,2019-03-13 18:35:56,刺网
17121,30.438000000000002,122.93094444444445,0.6,325.0,2019-03-13 18:40:56,刺网
17121,30.438000000000002,122.93108333333332,0.2,0.0,2019-03-13 18:45:56,刺网
17121,30.438000000000002,122.9310277777778,0.2,0.0,2019-03-13 18:50:56,刺网
17121,30.437972222222232,122.93094444444445,0.1,0.0,2019-03-13 18:55:56,刺网
17121,30.438000000000002,122.93086111111113,0.2,0.0,2019-03-13 19:05:56,刺网
17121,30.438000000000002,122.93116666666668,0.2,0.0,2019-03-13 19:10:56,刺网
17121,30.438000000000002,122.93105555555556,0.1,0.0,2019-03-13 19:15:56,刺网
17121,30.438000000000002,122.9310277777778,0.1,0.0,2019-03-13 19:20:56,刺网
17121,30.437972222222232,122.9309722222222,0.1,0.0,2019-03-13 19:25:55,刺网
17121,30.438000000000002,122.9310277777778,0.3,0.0,2019-03-13 19:30:55,刺网
17121,30.43802777777778,122.93122222222223,0.2,0.0,2019-03-13 19:35:55,刺网
17121,30.43802777777778,122.93116666666668,0.1,0.0,2019-03-13 19:40:55,刺网
17121,30.438000000000002,122.931,0.1,0.0,2019-03-13 19:45:55,刺网
17121,30.43802777777778,122.93113888888894,0.4,101.0,2019-03-13 19:50:55,刺网
17121,30.438055555555557,122.93125,0.1,0.0,2019-03-13 19:55:55,刺网
17121,30.438055555555557,122.93130555555555,0.2,0.0,2019-03-13 20:00:55,刺网
17121,30.43808333333333,122.93127777777781,0.0,0.0,2019-03-13 20:06:32,刺网
17121,30.438000000000002,122.93119444444444,0.1,0.0,2019-03-13 20:10:55,刺网
17121,30.438055555555557,122.93130555555555,0.3,32.0,2019-03-13 20:15:55,刺网
17121,30.438194444444445,122.9315,0.1,0.0,2019-03-13 20:20:55,刺网
17121,30.43802777777778,122.93119444444444,0.1,0.0,2019-03-13 20:25:55,刺网
17121,30.438055555555557,122.93127777777781,0.2,0.0,2019-03-13 20:30:55,刺网
17121,30.43813888888889,122.93138888888888,0.1,0.0,2019-03-13 20:35:55,刺网
17121,30.438111111111112,122.93127777777781,0.4,0.0,2019-03-13 20:45:55,刺网
17121,30.438055555555557,122.93122222222223,0.2,0.0,2019-03-13 20:50:55,刺网
17121,30.438000000000002,122.931,0.2,0.0,2019-03-13 20:55:55,刺网
17121,30.438055555555557,122.931,0.1,0.0,2019-03-13 21:00:55,刺网
17121,30.438000000000002,122.93108333333332,0.3,0.0,2019-03-13 21:05:55,刺网
17121,30.43802777777778,122.93113888888894,0.4,21.0,2019-03-13 21:10:55,刺网
17121,30.438250000000004,122.93119444444444,0.8,1.0,2019-03-13 21:20:55,刺网
17121,30.43847222222222,122.93127777777781,0.2,0.0,2019-03-13 21:25:55,刺网
17121,30.43875,122.93127777777781,0.2,0.0,2019-03-13 21:30:55,刺网
17121,30.43863888888889,122.93133333333334,0.0,0.0,2019-03-13 21:35:55,刺网
17121,30.43861111111111,122.93138888888888,0.2,0.0,2019-03-13 21:40:55,刺网
17121,30.43855555555556,122.93141666666666,0.1,0.0,2019-03-13 21:45:55,刺网
17121,30.438805555555557,122.93136111111113,0.4,0.0,2019-03-13 21:50:55,刺网
17121,30.43891666666667,122.93094444444445,0.1,0.0,2019-03-13 21:55:55,刺网
17121,30.438861111111112,122.931,0.0,0.0,2019-03-13 22:00:55,刺网
17121,30.438527777777786,122.93108333333332,0.3,165.0,2019-03-13 22:06:32,刺网
17121,30.438222222222233,122.93119444444444,0.4,0.0,2019-03-13 22:10:55,刺网
17121,30.438250000000004,122.93147222222223,0.3,284.0,2019-03-13 22:20:55,刺网
17121,30.438250000000004,122.9315,0.2,0.0,2019-03-13 22:25:55,刺网
17121,30.43836111111111,122.93155555555555,0.1,0.0,2019-03-13 22:30:55,刺网
17121,30.4385,122.93152777777777,0.0,0.0,2019-03-13 22:35:55,刺网
17121,30.438416666666665,122.93141666666666,0.6,305.0,2019-03-13 22:40:55,刺网
17121,30.438388888888888,122.93155555555555,0.3,0.0,2019-03-13 22:45:55,刺网
17121,30.43858333333333,122.93152777777777,0.1,0.0,2019-03-13 22:50:55,刺网
17121,30.43863888888889,122.93147222222223,0.6,14.0,2019-03-13 22:55:55,刺网
17121,30.43855555555556,122.93155555555555,0.4,264.0,2019-03-13 23:00:55,刺网
17121,30.438416666666665,122.93158333333334,0.3,0.0,2019-03-13 23:05:55,刺网
17121,30.43847222222222,122.93152777777777,0.4,0.0,2019-03-13 23:10:55,刺网
17121,30.438388888888888,122.93155555555555,0.0,0.0,2019-03-13 23:15:55,刺网
17121,30.4385,122.93152777777777,0.1,0.0,2019-03-13 23:20:55,刺网
17121,30.43847222222222,122.93152777777777,0.6,193.0,2019-03-13 23:25:55,刺网
17121,30.43836111111111,122.9315,0.3,275.0,2019-03-13 23:30:55,刺网
17121,30.438222222222233,122.93141666666666,0.6,227.0,2019-03-13 23:35:55,刺网
17121,30.43827777777778,122.93147222222223,0.4,0.0,2019-03-13 23:40:55,刺网
17121,30.438388888888888,122.93155555555555,0.5,7.0,2019-03-13 23:45:55,刺网
17121,30.43863888888889,122.9315,0.3,0.0,2019-03-13 23:50:55,刺网
17121,30.438805555555557,122.93138888888888,0.0,0.0,2019-03-13 23:55:55,刺网
17121,30.43888888888889,122.93111111111112,0.2,0.0,2019-03-14 00:00:54,刺网
17121,30.43891666666667,122.93111111111112,0.3,121.0,2019-03-14 00:06:32,刺网
17121,30.438861111111112,122.93108333333332,0.1,0.0,2019-03-14 00:10:54,刺网
17121,30.43883333333333,122.9307777777778,0.3,0.0,2019-03-14 00:15:54,刺网
17121,30.43883333333333,122.93072222222223,0.0,0.0,2019-03-14 00:20:54,刺网
17121,30.43883333333333,122.9307777777778,0.3,265.0,2019-03-14 00:25:54,刺网
17121,30.438805555555557,122.93066666666668,0.0,0.0,2019-03-14 00:30:54,刺网
17121,30.43888888888889,122.9307777777778,0.1,0.0,2019-03-14 00:35:54,刺网
17121,30.43875,122.93086111111113,0.2,0.0,2019-03-14 00:40:54,刺网
17121,30.43869444444445,122.93088888888893,0.1,0.0,2019-03-14 00:45:54,刺网
17121,30.43858333333333,122.931,0.2,0.0,2019-03-14 00:50:54,刺网
17121,30.43836111111111,122.93130555555555,0.3,0.0,2019-03-14 00:55:54,刺网
17121,30.43836111111111,122.93152777777777,0.2,0.0,2019-03-14 01:00:54,刺网
17121,30.43844444444445,122.93147222222223,0.2,0.0,2019-03-14 01:05:54,刺网
17121,30.43858333333333,122.93152777777777,0.0,0.0,2019-03-14 01:10:54,刺网
17121,30.43875,122.93141666666666,0.1,0.0,2019-03-14 01:15:54,刺网
17121,30.43888888888889,122.93119444444444,0.5,314.0,2019-03-14 01:20:54,刺网
17121,30.438805555555557,122.9309722222222,0.1,0.0,2019-03-14 01:25:54,刺网
17121,30.438666666666666,122.93080555555555,0.2,0.0,2019-03-14 01:30:54,刺网
17121,30.43844444444445,122.93066666666668,0.1,0.0,2019-03-14 01:35:54,刺网
17121,30.438416666666665,122.93058333333332,0.1,0.0,2019-03-14 01:40:54,刺网
17121,30.43836111111111,122.93055555555556,0.6,212.0,2019-03-14 01:45:54,刺网
17121,30.43830555555556,122.93055555555556,0.6,103.0,2019-03-14 01:50:54,刺网
17121,30.438527777777786,122.93075,0.5,0.0,2019-03-14 01:55:58,刺网
17121,30.438666666666666,122.93083333333334,0.4,0.0,2019-03-14 02:00:54,刺网
17121,30.43861111111111,122.93088888888893,0.1,0.0,2019-03-14 02:06:31,刺网
17121,30.438722222222214,122.93075,0.2,0.0,2019-03-14 02:10:54,刺网
17121,30.438722222222214,122.93055555555556,0.4,174.0,2019-03-14 02:15:54,刺网
17121,30.438666666666666,122.9305,0.1,0.0,2019-03-14 02:20:53,刺网
17121,30.4385,122.93055555555556,0.2,0.0,2019-03-14 02:25:54,刺网
17121,30.4385,122.93069444444444,0.3,0.0,2019-03-14 02:30:54,刺网
17121,30.438416666666665,122.93052777777778,0.0,0.0,2019-03-14 02:35:54,刺网
17121,30.438388888888888,122.93052777777778,0.5,240.0,2019-03-14 02:40:54,刺网
17121,30.43833333333333,122.9305,0.7,350.0,2019-03-14 02:45:54,刺网
17121,30.43836111111111,122.9305,0.1,0.0,2019-03-14 02:50:54,刺网
17121,30.43855555555556,122.9305,0.0,0.0,2019-03-14 02:55:54,刺网
17121,30.43869444444445,122.93055555555556,0.2,0.0,2019-03-14 03:00:54,刺网
17121,30.438666666666666,122.93055555555556,0.2,0.0,2019-03-14 03:05:54,刺网
17121,30.438805555555557,122.93063888888894,0.2,0.0,2019-03-14 03:10:54,刺网
17121,30.438805555555557,122.93069444444444,0.0,0.0,2019-03-14 03:15:54,刺网
17121,30.438805555555557,122.93072222222223,0.4,0.0,2019-03-14 03:20:54,刺网
17121,30.438805555555557,122.93069444444444,0.1,0.0,2019-03-14 03:25:54,刺网
17121,30.438805555555557,122.93072222222223,0.3,0.0,2019-03-14 03:30:54,刺网
17121,30.43888888888889,122.9307777777778,0.1,0.0,2019-03-14 03:35:54,刺网
17121,30.438805555555557,122.93072222222223,0.5,0.0,2019-03-14 03:40:54,刺网
17121,30.43883333333333,122.9307777777778,0.3,0.0,2019-03-14 03:45:54,刺网
17121,30.43888888888889,122.93086111111113,0.4,329.0,2019-03-14 03:50:54,刺网
17121,30.43891666666667,122.9310277777778,0.0,0.0,2019-03-14 03:55:54,刺网
17121,30.43891666666667,122.93105555555556,0.4,0.0,2019-03-14 04:00:53,刺网
17121,30.438861111111112,122.93125,0.3,0.0,2019-03-14 04:06:31,刺网
17121,30.43883333333333,122.93130555555555,0.2,0.0,2019-03-14 04:10:53,刺网
17121,30.438777777777766,122.93138888888888,0.7,157.0,2019-03-14 04:15:53,刺网
17121,30.438722222222214,122.93138888888888,0.1,0.0,2019-03-14 04:20:53,刺网
17121,30.438666666666666,122.9315,0.1,0.0,2019-03-14 04:25:53,刺网
17121,30.43861111111111,122.93152777777777,0.4,250.0,2019-03-14 04:30:53,刺网
17121,30.43847222222222,122.93147222222223,0.1,0.0,2019-03-14 04:35:53,刺网
17121,30.43830555555556,122.9315,0.4,212.0,2019-03-14 04:40:53,刺网
17121,30.438222222222233,122.93147222222223,0.7,174.0,2019-03-14 04:45:53,刺网
17121,30.43830555555556,122.9315,0.4,122.0,2019-03-14 04:50:53,刺网
17121,30.43830555555556,122.93152777777777,0.3,0.0,2019-03-14 04:55:53,刺网
17121,30.43847222222222,122.93158333333334,0.5,43.0,2019-03-14 05:00:53,刺网
17121,30.43847222222222,122.9315,0.3,0.0,2019-03-14 05:05:53,刺网
17121,30.4385,122.93144444444445,0.2,0.0,2019-03-14 05:10:53,刺网
17121,30.43861111111111,122.93147222222223,0.3,0.0,2019-03-14 05:15:53,刺网
17121,30.43861111111111,122.9315,0.4,107.0,2019-03-14 05:20:53,刺网
17121,30.43855555555556,122.93155555555555,0.1,0.0,2019-03-14 05:25:53,刺网
17121,30.43863888888889,122.9315,0.1,0.0,2019-03-14 05:30:53,刺网
17121,30.438861111111112,122.93133333333334,0.4,289.0,2019-03-14 05:35:53,刺网
17121,30.43888888888889,122.93111111111112,0.6,0.0,2019-03-14 05:40:54,刺网
17121,30.43891666666667,122.93125,0.3,0.0,2019-03-14 05:45:53,刺网
17121,30.438861111111112,122.93130555555555,0.1,0.0,2019-03-14 05:50:53,刺网
17121,30.43888888888889,122.9310277777778,0.2,0.0,2019-03-14 05:55:53,刺网
17121,30.438777777777766,122.93086111111113,4.9,4.0,2019-03-14 06:00:53,刺网
17121,30.43855555555556,122.93080555555555,0.5,174.0,2019-03-14 06:06:30,刺网
17121,30.438000000000002,122.9307777777778,0.3,0.0,2019-03-14 06:10:53,刺网
17121,30.438000000000002,122.93108333333332,0.3,0.0,2019-03-14 06:15:53,刺网
17121,30.438055555555557,122.93116666666668,0.0,0.0,2019-03-14 06:20:53,刺网
17121,30.438000000000002,122.93105555555556,0.3,0.0,2019-03-14 06:25:53,刺网
17121,30.43802777777778,122.93116666666668,0.3,0.0,2019-03-14 06:30:53,刺网
17121,30.438000000000002,122.931,0.2,0.0,2019-03-14 06:35:52,刺网
17121,30.438000000000002,122.93108333333332,0.1,0.0,2019-03-14 06:40:53,刺网
17121,30.43802777777778,122.93127777777781,0.5,0.0,2019-03-14 06:45:52,刺网
17121,30.43802777777778,122.93111111111112,0.2,0.0,2019-03-14 06:50:52,刺网
17121,30.43808333333333,122.93133333333334,0.1,0.0,2019-03-14 06:55:53,刺网
17121,30.43802777777778,122.93125,0.1,0.0,2019-03-14 07:00:52,刺网
17121,30.43802777777778,122.93105555555556,0.1,0.0,2019-03-14 07:05:53,刺网
17121,30.43808333333333,122.93125,0.4,0.0,2019-03-14 07:10:52,刺网
17121,30.438055555555557,122.93116666666668,0.3,0.0,2019-03-14 07:15:53,刺网
17121,30.43802777777778,122.931,0.4,0.0,2019-03-14 07:20:53,刺网
17121,30.43802777777778,122.93113888888894,0.3,0.0,2019-03-14 07:25:52,刺网
17121,30.43802777777778,122.93119444444444,0.1,0.0,2019-03-14 07:30:52,刺网
17121,30.438000000000002,122.93113888888894,0.3,0.0,2019-03-14 07:35:53,刺网
17121,30.43794444444445,122.93105555555556,0.2,0.0,2019-03-14 07:40:52,刺网
17121,30.438000000000002,122.93105555555556,0.2,0.0,2019-03-14 07:45:52,刺网
17121,30.437972222222232,122.93088888888893,0.1,0.0,2019-03-14 07:50:52,刺网
17121,30.437972222222232,122.93086111111113,0.4,0.0,2019-03-14 07:55:52,刺网
17121,30.437972222222232,122.93091666666668,0.1,0.0,2019-03-14 08:00:53,刺网
17121,30.43794444444445,122.93091666666668,0.0,0.0,2019-03-14 08:06:29,刺网
17121,30.43794444444445,122.9309722222222,0.1,0.0,2019-03-14 08:10:52,刺网
17121,30.43963888888889,122.93086111111113,7.7,342.0,2019-03-14 08:15:52,刺网
17121,30.445305555555557,122.93236111111106,5.9,253.0,2019-03-14 08:20:53,刺网
17121,30.44369444444445,122.93341666666667,9.3,142.0,2019-03-14 08:25:52,刺网
17121,30.442027777777767,122.93511111111113,8.6,266.0,2019-03-14 08:30:52,刺网
17121,30.44394444444445,122.93511111111113,8.4,100.0,2019-03-14 08:35:52,刺网
17121,30.44230555555556,122.93369444444444,8.2,284.0,2019-03-14 08:40:52,刺网
17121,30.444222222222226,122.93033333333337,5.9,186.0,2019-03-14 08:45:52,刺网
17121,30.438777777777766,122.9297222222222,8.4,207.0,2019-03-14 08:50:52,刺网
17121,30.43030555555556,122.93525,8.7,95.0,2019-03-14 08:55:52,刺网
17121,30.431027777777786,122.93838888888894,2.6,38.0,2019-03-14 09:00:52,刺网
17121,30.43,122.93841666666668,5.8,236.0,2019-03-14 09:05:52,刺网
17121,30.43033333333333,122.93805555555555,5.6,348.0,2019-03-14 09:10:51,刺网
17121,30.43194444444445,122.93944444444445,4.9,24.0,2019-03-14 09:15:52,刺网
17121,30.434972222222232,122.94022222222222,3.2,12.0,2019-03-14 09:20:51,刺网
17121,30.436611111111112,122.9410277777778,3.0,48.0,2019-03-14 09:25:51,刺网
17121,30.437277777777766,122.94200000000001,0.0,0.0,2019-03-14 09:30:51,刺网
17121,30.43761111111111,122.94172222222224,0.5,260.0,2019-03-14 09:35:51,刺网
17121,30.437916666666666,122.94158333333334,3.9,257.0,2019-03-14 09:40:51,刺网
17121,30.43861111111111,122.94027777777778,1.2,66.0,2019-03-14 09:45:51,刺网
17121,30.43861111111111,122.94036111111113,0.7,273.0,2019-03-14 09:50:51,刺网
17121,30.43813888888889,122.94052777777777,3.0,88.0,2019-03-14 09:55:51,刺网
17121,30.43858333333333,122.94211111111113,1.2,154.0,2019-03-14 10:00:51,刺网
17121,30.43794444444445,122.94183333333336,0.5,185.0,2019-03-14 10:06:28,刺网
17121,30.43758333333333,122.94119444444445,1.3,298.0,2019-03-14 10:10:51,刺网
17121,30.43833333333333,122.94147222222223,0.9,104.0,2019-03-14 10:15:51,刺网
17121,30.438222222222233,122.9410277777778,5.5,43.0,2019-03-14 10:20:51,刺网
17121,30.43911111111111,122.94472222222224,7.3,325.0,2019-03-14 10:25:51,刺网
17121,30.44086111111111,122.94408333333334,6.9,16.0,2019-03-14 10:30:51,刺网
17121,30.44113888888889,122.94244444444445,8.5,157.0,2019-03-14 10:35:51,刺网
17121,30.43783333333333,122.94063888888893,1.6,1.0,2019-03-14 10:40:51,刺网
17121,30.438666666666666,122.94186111111112,0.9,66.0,2019-03-14 10:45:51,刺网
17121,30.438250000000004,122.9415,0.5,254.0,2019-03-14 10:50:51,刺网
17121,30.43863888888889,122.94033333333334,1.7,97.0,2019-03-14 10:55:51,刺网
17121,30.43786111111111,122.94180555555555,7.2,69.0,2019-03-14 11:00:51,刺网
17121,30.431222222222214,122.935,8.7,217.0,2019-03-14 11:05:51,刺网
17121,30.428027777777785,122.92475,1.4,305.0,2019-03-14 11:10:51,刺网
17121,30.428277777777787,122.92436111111112,5.1,239.0,2019-03-14 11:15:51,刺网
17121,30.4295,122.92380555555556,7.4,33.0,2019-03-14 11:20:51,刺网
17121,30.43911111111111,122.93091666666668,4.6,135.0,2019-03-14 11:25:51,刺网
17121,30.43891666666667,122.93088888888893,0.2,0.0,2019-03-14 11:30:51,刺网
17121,30.439,122.93083333333334,0.1,0.0,2019-03-14 11:35:51,刺网
17121,30.439,122.93088888888893,0.0,0.0,2019-03-14 11:40:51,刺网
17121,30.438944444444445,122.93086111111113,0.2,0.0,2019-03-14 11:45:51,刺网
17121,30.438972222222233,122.93091666666668,0.0,0.0,2019-03-14 11:50:51,刺网
17121,30.438972222222233,122.93094444444445,0.1,0.0,2019-03-14 11:55:51,刺网
17121,30.439,122.93094444444445,0.2,0.0,2019-03-14 12:00:51,刺网
17121,30.438944444444445,122.93086111111113,0.0,0.0,2019-03-14 12:06:28,刺网
17121,30.438972222222233,122.93080555555555,0.2,0.0,2019-03-14 12:10:51,刺网
17121,30.438944444444445,122.9307777777778,0.1,0.0,2019-03-14 12:15:51,刺网
17121,30.438972222222233,122.93080555555555,0.0,0.0,2019-03-14 12:20:51,刺网
17121,30.438972222222233,122.9310277777778,0.2,0.0,2019-03-14 12:25:51,刺网
17121,30.43891666666667,122.9310277777778,0.5,298.0,2019-03-14 12:30:51,刺网
17121,30.439,122.93075,0.4,51.0,2019-03-14 12:35:51,刺网
17121,30.439,122.93113888888894,0.0,0.0,2019-03-14 12:40:51,刺网
17121,30.438972222222233,122.93119444444444,0.1,0.0,2019-03-14 12:45:51,刺网
17121,30.439138888888888,122.93127777777781,1.7,340.0,2019-03-14 12:50:51,刺网
17121,30.44236111111111,122.93072222222223,3.9,16.0,2019-03-14 12:55:51,刺网
17121,30.442638888888887,122.93075,0.4,0.0,2019-03-14 13:00:51,刺网
17121,30.442722222222233,122.93075,1.2,46.0,2019-03-14 13:05:51,刺网
17121,30.443388888888887,122.93075,0.7,7.0,2019-03-14 13:10:51,刺网
17121,30.443805555555556,122.9310277777778,1.2,191.0,2019-03-14 13:15:51,刺网
17121,30.44375,122.9307777777778,0.6,194.0,2019-03-14 13:20:51,刺网
17121,30.44333333333333,122.93061111111112,1.1,21.0,2019-03-14 13:25:51,刺网
17121,30.44327777777778,122.9310277777778,2.5,219.0,2019-03-14 13:30:51,刺网
17121,30.44241666666667,122.93163888888887,0.4,33.0,2019-03-14 13:35:51,刺网
17121,30.443972222222214,122.93680555555555,0.6,0.0,2019-03-14 13:40:51,刺网
17121,30.443805555555556,122.93605555555555,1.2,251.0,2019-03-14 13:45:50,刺网
17121,30.44408333333333,122.93386111111113,0.9,292.0,2019-03-14 13:50:50,刺网
17121,30.444000000000006,122.93313888888888,2.8,115.0,2019-03-14 13:55:50,刺网
17121,30.44352777777778,122.93347222222219,1.2,347.0,2019-03-14 14:00:50,刺网
17121,30.442888888888888,122.93311111111113,0.8,132.0,2019-03-14 14:06:28,刺网
17121,30.442277777777786,122.93547222222223,6.9,86.0,2019-03-14 14:10:50,刺网
17121,30.44230555555556,122.93805555555555,2.7,276.0,2019-03-14 14:15:50,刺网
17121,30.440972222222214,122.93755555555555,1.9,311.0,2019-03-14 14:20:50,刺网
17121,30.442222222222235,122.93830555555556,0.3,0.0,2019-03-14 14:25:50,刺网
17121,30.441666666666666,122.93713888888892,0.7,289.0,2019-03-14 14:30:50,刺网
17121,30.44258333333333,122.93766666666669,3.1,83.0,2019-03-14 14:35:50,刺网
17121,30.441277777777767,122.94238888888893,0.4,315.0,2019-03-14 14:40:50,刺网
17121,30.441111111111113,122.94213888888888,0.5,0.0,2019-03-14 14:45:50,刺网
17121,30.441666666666666,122.94205555555556,0.9,26.0,2019-03-14 14:50:50,刺网
17121,30.442694444444445,122.94219444444445,1.8,128.0,2019-03-14 14:55:50,刺网
17121,30.442,122.94258333333336,1.9,324.0,2019-03-14 15:00:50,刺网
17121,30.441777777777766,122.94322222222223,0.1,0.0,2019-03-14 15:05:50,刺网
17121,30.44188888888889,122.94322222222223,0.7,161.0,2019-03-14 15:10:50,刺网
17121,30.44069444444445,122.94369444444445,1.5,225.0,2019-03-14 15:15:50,刺网
17121,30.442027777777767,122.94036111111113,6.9,287.0,2019-03-14 15:20:50,刺网
17121,30.444777777777766,122.93177777777778,3.3,27.0,2019-03-14 15:25:50,刺网
17121,30.444527777777786,122.93208333333334,2.5,27.0,2019-03-14 15:30:50,刺网
17121,30.44533333333333,122.93266666666668,1.1,2.0,2019-03-14 15:35:50,刺网
17121,30.44508333333333,122.93230555555556,1.2,138.0,2019-03-14 15:40:50,刺网
17121,30.44533333333333,122.93175,0.9,0.0,2019-03-14 15:45:50,刺网
17121,30.445277777777786,122.93219444444445,2.1,169.0,2019-03-14 15:50:50,刺网
17121,30.445277777777786,122.93275,1.7,262.0,2019-03-14 15:55:50,刺网
17121,30.44475,122.93230555555556,1.5,44.0,2019-03-14 16:00:50,刺网
17121,30.43666666666667,122.9297777777778,7.5,203.0,2019-03-14 16:06:27,刺网
17121,30.43425,122.92638888888894,6.6,232.0,2019-03-14 16:10:49,刺网
17121,30.42883333333333,122.92447222222222,0.8,124.0,2019-03-14 16:15:50,刺网
17121,30.428694444444453,122.92469444444444,0.7,217.0,2019-03-14 16:20:50,刺网
17121,30.42736111111111,122.92522222222223,1.4,174.0,2019-03-14 16:25:50,刺网
17121,30.428222222222214,122.92388888888892,2.6,333.0,2019-03-14 16:30:50,刺网
17121,30.42769444444445,122.92508333333336,2.1,208.0,2019-03-14 16:35:50,刺网
17121,30.42844444444445,122.92402777777778,0.1,0.0,2019-03-14 16:40:50,刺网
17121,30.42811111111111,122.92427777777776,1.0,321.0,2019-03-14 16:45:50,刺网
17121,30.429361111111113,122.92441666666666,0.7,348.0,2019-03-14 16:50:50,刺网
17121,30.42769444444445,122.9320277777778,8.6,68.0,2019-03-14 16:55:50,刺网
17121,30.430277777777786,122.93813888888893,1.8,211.0,2019-03-14 17:00:50,刺网
17121,30.430166666666665,122.93875,1.4,176.0,2019-03-14 17:05:50,刺网
17121,30.430027777777767,122.93811111111113,3.2,153.0,2019-03-14 17:10:50,刺网
17121,30.42975,122.93819444444445,1.1,18.0,2019-03-14 17:15:50,刺网
17121,30.42969444444445,122.93847222222222,1.7,206.0,2019-03-14 17:20:50,刺网
17121,30.43036111111111,122.93863888888887,0.4,38.0,2019-03-14 17:25:50,刺网
17121,30.43338888888889,122.94022222222222,8.4,31.0,2019-03-14 17:30:50,刺网
17121,30.438805555555557,122.94436111111112,0.9,172.0,2019-03-14 17:35:50,刺网
17121,30.43891666666667,122.94488888888893,0.6,45.0,2019-03-14 17:40:50,刺网
17121,30.43855555555556,122.94502777777778,2.1,164.0,2019-03-14 17:45:50,刺网
17121,30.439277777777768,122.9452777777778,1.0,328.0,2019-03-14 17:50:50,刺网
17121,30.43922222222222,122.94530555555555,1.3,175.0,2019-03-14 17:55:50,刺网
17121,30.439305555555553,122.945,1.8,316.0,2019-03-14 18:00:50,刺网
17121,30.43938888888889,122.94383333333332,4.9,288.0,2019-03-14 18:05:27,刺网
17121,30.442666666666664,122.93344444444445,7.6,266.0,2019-03-14 18:09:50,刺网
17121,30.43883333333333,122.93127777777781,0.2,0.0,2019-03-14 18:14:49,刺网
17121,30.43875,122.93136111111113,0.0,0.0,2019-03-14 18:19:49,刺网
17121,30.438722222222214,122.93136111111113,0.1,0.0,2019-03-14 18:24:49,刺网
17121,30.43875,122.9315,0.1,0.0,2019-03-14 18:29:49,刺网
17121,30.438805555555557,122.93147222222223,0.2,0.0,2019-03-14 18:34:49,刺网
17121,30.438861111111112,122.93141666666666,0.0,0.0,2019-03-14 18:39:49,刺网
17121,30.438861111111112,122.93141666666666,0.2,0.0,2019-03-14 18:44:49,刺网
17121,30.438944444444445,122.93127777777781,0.1,0.0,2019-03-14 18:49:49,刺网
17121,30.438861111111112,122.93141666666666,0.0,0.0,2019-03-14 18:54:49,刺网
17121,30.438722222222214,122.93155555555555,0.2,0.0,2019-03-14 18:59:49,刺网
17121,30.43863888888889,122.93152777777777,0.1,0.0,2019-03-14 19:04:49,刺网
17121,30.43847222222222,122.93163888888887,0.1,0.0,2019-03-14 19:09:49,刺网
17121,30.43836111111111,122.93155555555555,0.1,0.0,2019-03-14 19:14:49,刺网
17121,30.43833333333333,122.93155555555555,0.0,0.0,2019-03-14 19:19:49,刺网
17121,30.43833333333333,122.93158333333334,0.1,0.0,2019-03-14 19:24:49,刺网
17121,30.438388888888888,122.93161111111112,0.1,0.0,2019-03-14 19:29:49,刺网
17121,30.43847222222222,122.93161111111112,0.3,0.0,2019-03-14 19:34:49,刺网
17121,30.43858333333333,122.93158333333334,0.2,0.0,2019-03-14 19:39:49,刺网
17121,30.43858333333333,122.93158333333334,0.1,0.0,2019-03-14 19:44:49,刺网
17121,30.43855555555556,122.93158333333334,0.1,0.0,2019-03-14 19:49:49,刺网
17121,30.43863888888889,122.93158333333334,0.0,0.0,2019-03-14 19:54:49,刺网
17121,30.43858333333333,122.93158333333334,0.3,201.0,2019-03-14 19:59:49,刺网
17121,30.43847222222222,122.93158333333334,0.1,0.0,2019-03-14 20:05:26,刺网
17121,30.438527777777786,122.93161111111112,0.1,0.0,2019-03-14 20:09:49,刺网
17121,30.43847222222222,122.93163888888887,0.0,0.0,2019-03-14 20:14:49,刺网
17121,30.43844444444445,122.93161111111112,0.1,0.0,2019-03-14 20:19:49,刺网
17121,30.43844444444445,122.93161111111112,0.1,0.0,2019-03-14 20:24:49,刺网
17121,30.43847222222222,122.93161111111112,0.2,0.0,2019-03-14 20:29:49,刺网
17121,30.438527777777786,122.93161111111112,0.1,0.0,2019-03-14 20:34:49,刺网
17121,30.438527777777786,122.93161111111112,0.1,0.0,2019-03-14 20:39:49,刺网
17121,30.43844444444445,122.93161111111112,0.0,0.0,2019-03-14 20:44:49,刺网
17121,30.438388888888888,122.93158333333334,0.2,0.0,2019-03-14 20:49:49,刺网
17121,30.43858333333333,122.93161111111112,0.4,0.0,2019-03-14 20:54:49,刺网
17121,30.43858333333333,122.93163888888887,0.3,4.0,2019-03-14 20:59:49,刺网
17121,30.438527777777786,122.93161111111112,0.1,0.0,2019-03-14 21:04:49,刺网
17121,30.43855555555556,122.93161111111112,0.1,0.0,2019-03-14 21:09:49,刺网
17121,30.438250000000004,122.9315,0.0,0.0,2019-03-14 21:14:49,刺网
17121,30.43816666666667,122.93141666666666,0.1,0.0,2019-03-14 21:19:49,刺网
17121,30.438111111111112,122.93136111111113,0.2,0.0,2019-03-14 21:24:49,刺网
17121,30.43816666666667,122.93144444444445,0.0,0.0,2019-03-14 21:29:49,刺网
17121,30.438222222222233,122.9315,0.1,0.0,2019-03-14 21:34:49,刺网
17121,30.43816666666667,122.93147222222223,0.2,0.0,2019-03-14 21:39:49,刺网
17121,30.43827777777778,122.9315,0.1,0.0,2019-03-14 21:44:49,刺网
17121,30.43827777777778,122.93155555555555,0.0,0.0,2019-03-14 21:49:49,刺网
17121,30.438222222222233,122.93152777777777,0.1,0.0,2019-03-14 21:54:49,刺网
17121,30.438250000000004,122.9315,0.0,0.0,2019-03-14 21:59:49,刺网
17121,30.43816666666667,122.93141666666666,0.0,0.0,2019-03-14 22:05:26,刺网
17121,30.438222222222233,122.93147222222223,0.0,0.0,2019-03-14 22:09:49,刺网
17121,30.43816666666667,122.93141666666666,0.0,0.0,2019-03-14 22:14:49,刺网
17121,30.43816666666667,122.93141666666666,0.1,0.0,2019-03-14 22:19:49,刺网
17121,30.43816666666667,122.93147222222223,0.2,0.0,2019-03-14 22:24:49,刺网
17121,30.438111111111112,122.93138888888888,0.0,0.0,2019-03-14 22:29:49,刺网
17121,30.43816666666667,122.93144444444445,0.1,0.0,2019-03-14 22:34:49,刺网
17121,30.438194444444445,122.93147222222223,0.0,0.0,2019-03-14 22:39:49,刺网
17121,30.438250000000004,122.93152777777777,0.3,0.0,2019-03-14 22:44:49,刺网
17121,30.43827777777778,122.93155555555555,0.1,0.0,2019-03-14 22:49:49,刺网
17121,30.438250000000004,122.9315,0.0,0.0,2019-03-14 22:54:49,刺网
17121,30.438250000000004,122.93152777777777,0.0,0.0,2019-03-14 22:59:48,刺网
17121,30.438250000000004,122.93152777777777,0.1,0.0,2019-03-14 23:04:48,刺网
17121,30.438194444444445,122.9315,0.1,0.0,2019-03-14 23:09:48,刺网
17121,30.43816666666667,122.93147222222223,0.2,0.0,2019-03-14 23:14:48,刺网
17121,30.43816666666667,122.93147222222223,0.0,0.0,2019-03-14 23:19:48,刺网
17121,30.438194444444445,122.93147222222223,0.0,0.0,2019-03-14 23:24:48,刺网
17121,30.438222222222233,122.93147222222223,0.0,0.0,2019-03-14 23:29:48,刺网
17121,30.43816666666667,122.93147222222223,0.0,0.0,2019-03-14 23:34:48,刺网
17121,30.438222222222233,122.93152777777777,0.0,0.0,2019-03-14 23:39:48,刺网
17121,30.438222222222233,122.93147222222223,0.1,0.0,2019-03-14 23:44:48,刺网
17121,30.438250000000004,122.93155555555555,0.4,55.0,2019-03-14 23:49:48,刺网
17121,30.43827777777778,122.93152777777777,0.2,0.0,2019-03-14 23:54:48,刺网
17121,30.43827777777778,122.93152777777777,0.1,0.0,2019-03-14 23:59:48,刺网
17121,30.438250000000004,122.93152777777777,0.4,35.0,2019-03-15 00:05:25,刺网
17121,30.43827777777778,122.93152777777777,0.2,0.0,2019-03-15 00:09:48,刺网
17121,30.438222222222233,122.9315,0.2,0.0,2019-03-15 00:14:48,刺网
17121,30.43827777777778,122.93152777777777,0.4,236.0,2019-03-15 00:19:48,刺网
17121,30.43830555555556,122.93155555555555,0.1,0.0,2019-03-15 00:24:48,刺网
17121,30.43830555555556,122.9315,0.1,0.0,2019-03-15 00:29:48,刺网
17121,30.43833333333333,122.9315,0.3,322.0,2019-03-15 00:34:48,刺网
17121,30.438388888888888,122.93147222222223,0.1,0.0,2019-03-15 00:39:48,刺网
17121,30.438416666666665,122.93155555555555,0.1,0.0,2019-03-15 00:44:48,刺网
17121,30.438388888888888,122.9315,0.0,0.0,2019-03-15 00:49:48,刺网
17121,30.43844444444445,122.93155555555555,0.1,0.0,2019-03-15 00:54:48,刺网
17121,30.438416666666665,122.93155555555555,0.1,0.0,2019-03-15 00:59:48,刺网
17121,30.43844444444445,122.93158333333334,0.0,0.0,2019-03-15 01:04:48,刺网
17121,30.4385,122.93155555555555,0.0,0.0,2019-03-15 01:09:48,刺网
17121,30.43844444444445,122.93158333333334,0.1,0.0,2019-03-15 01:14:48,刺网
17121,30.438666666666666,122.93158333333334,0.1,0.0,2019-03-15 01:19:48,刺网
17121,30.438666666666666,122.93152777777777,0.0,0.0,2019-03-15 01:24:48,刺网
17121,30.438722222222214,122.9315,0.4,0.0,2019-03-15 01:29:48,刺网
17121,30.438805555555557,122.93144444444445,0.3,0.0,2019-03-15 01:34:48,刺网
17121,30.438861111111112,122.93141666666666,0.1,0.0,2019-03-15 01:39:48,刺网
17121,30.438861111111112,122.93130555555555,0.3,0.0,2019-03-15 01:44:48,刺网
17121,30.43891666666667,122.93138888888888,0.2,0.0,2019-03-15 01:49:48,刺网
17121,30.438972222222233,122.93133333333334,0.1,0.0,2019-03-15 01:54:48,刺网
17121,30.438805555555557,122.93136111111113,0.4,0.0,2019-03-15 01:59:48,刺网
17121,30.438805555555557,122.93144444444445,0.0,0.0,2019-03-15 02:05:25,刺网
17121,30.438722222222214,122.9315,0.0,0.0,2019-03-15 02:09:48,刺网
17121,30.43863888888889,122.93155555555555,0.0,0.0,2019-03-15 02:14:48,刺网
17121,30.43863888888889,122.93155555555555,0.1,0.0,2019-03-15 02:19:48,刺网
17121,30.438722222222214,122.9315,0.2,0.0,2019-03-15 02:24:48,刺网
17121,30.43875,122.9315,0.1,0.0,2019-03-15 02:29:48,刺网
17121,30.43861111111111,122.93155555555555,0.3,267.0,2019-03-15 02:34:48,刺网
17121,30.43869444444445,122.93152777777777,0.1,0.0,2019-03-15 02:39:48,刺网
17121,30.438722222222214,122.93155555555555,0.3,5.0,2019-03-15 02:44:48,刺网
17121,30.438666666666666,122.93155555555555,0.2,0.0,2019-03-15 02:49:48,刺网
17121,30.438777777777766,122.93147222222223,0.0,0.0,2019-03-15 02:54:48,刺网
17121,30.438722222222214,122.93152777777777,0.0,0.0,2019-03-15 02:59:48,刺网
17121,30.43861111111111,122.93161111111112,0.0,0.0,2019-03-15 03:04:48,刺网
17121,30.43869444444445,122.93155555555555,0.0,0.0,2019-03-15 03:09:48,刺网
17121,30.438805555555557,122.93152777777777,0.0,0.0,2019-03-15 03:14:48,刺网
17121,30.438777777777766,122.9315,0.1,0.0,2019-03-15 03:19:48,刺网
17121,30.438722222222214,122.93155555555555,0.1,0.0,2019-03-15 03:24:48,刺网
17121,30.43888888888889,122.93141666666666,0.2,0.0,2019-03-15 03:29:48,刺网
17121,30.43875,122.93147222222223,0.2,0.0,2019-03-15 03:34:48,刺网
17121,30.438666666666666,122.93155555555555,0.2,0.0,2019-03-15 03:39:47,刺网
17121,30.43875,122.93152777777777,0.0,0.0,2019-03-15 03:44:47,刺网
17121,30.438805555555557,122.93147222222223,0.1,0.0,2019-03-15 03:49:47,刺网
17121,30.43875,122.93155555555555,0.1,0.0,2019-03-15 03:54:47,刺网
17121,30.438777777777766,122.9315,0.0,0.0,2019-03-15 03:59:47,刺网
17121,30.43883333333333,122.93144444444445,0.2,0.0,2019-03-15 04:05:25,刺网
17121,30.43883333333333,122.93144444444445,0.1,0.0,2019-03-15 04:09:47,刺网
17121,30.438722222222214,122.93158333333334,0.2,0.0,2019-03-15 04:14:47,刺网
17121,30.43875,122.93152777777777,0.2,0.0,2019-03-15 04:19:47,刺网
17121,30.438861111111112,122.93138888888888,0.2,0.0,2019-03-15 04:24:47,刺网
17121,30.438944444444445,122.93130555555555,0.2,0.0,2019-03-15 04:29:47,刺网
17121,30.438972222222233,122.93122222222223,0.2,139.0,2019-03-15 04:34:47,刺网
17121,30.43888888888889,122.93138888888888,0.1,0.0,2019-03-15 04:39:47,刺网
17121,30.43888888888889,122.93133333333334,0.0,0.0,2019-03-15 04:44:47,刺网
17121,30.438972222222233,122.93125,0.0,0.0,2019-03-15 04:49:47,刺网
17121,30.43891666666667,122.93133333333334,0.1,0.0,2019-03-15 04:54:47,刺网
17121,30.43883333333333,122.93147222222223,0.2,0.0,2019-03-15 04:59:47,刺网
17121,30.44161111111111,122.93011111111113,6.0,350.0,2019-03-15 05:04:47,刺网
17121,30.446222222222215,122.93122222222223,7.6,60.0,2019-03-15 05:09:47,刺网
17121,30.445472222222232,122.93172222222223,7.5,339.0,2019-03-15 05:14:47,刺网
17121,30.44483333333333,122.93186111111113,1.8,210.0,2019-03-15 05:19:47,刺网
17121,30.443027777777786,122.93658333333336,8.7,117.0,2019-03-15 05:24:47,刺网
17121,30.441861111111113,122.93961111111112,5.5,95.0,2019-03-15 05:29:47,刺网
17121,30.439305555555553,122.94508333333334,1.1,68.0,2019-03-15 05:34:47,刺网
17121,30.439611111111113,122.94530555555555,0.3,0.0,2019-03-15 05:39:47,刺网
17121,30.43925,122.94369444444445,2.5,280.0,2019-03-15 05:44:47,刺网
17121,30.44080555555556,122.94388888888888,6.8,0.0,2019-03-15 05:49:47,刺网
17121,30.43938888888889,122.9435277777778,2.0,241.0,2019-03-15 05:54:47,刺网
17121,30.44258333333333,122.94280555555555,5.9,166.0,2019-03-15 05:59:47,刺网
17121,30.44011111111111,122.94330555555555,6.2,97.0,2019-03-15 06:05:24,刺网
17121,30.442638888888887,122.93433333333334,7.7,273.0,2019-03-15 06:09:47,刺网
17121,30.440472222222233,122.93069444444444,6.3,339.0,2019-03-15 06:14:47,刺网
17121,30.44444444444445,122.93069444444444,7.4,351.0,2019-03-15 06:19:47,刺网
17121,30.441527777777768,122.9295,8.8,193.0,2019-03-15 06:24:47,刺网
17121,30.432027777777787,122.92566666666669,5.6,280.0,2019-03-15 06:29:47,刺网
17121,30.428000000000004,122.92480555555555,6.1,339.0,2019-03-15 06:34:47,刺网
17121,30.42666666666667,122.92680555555555,9.0,92.0,2019-03-15 06:39:47,刺网
17121,30.42736111111111,122.93080555555555,8.7,58.0,2019-03-15 06:44:47,刺网
17121,30.43611111111111,122.92963888888887,8.3,34.0,2019-03-15 06:49:47,刺网
17121,30.43816666666667,122.9315,0.3,0.0,2019-03-15 06:54:47,刺网
17121,30.43844444444445,122.93166666666669,0.1,0.0,2019-03-15 06:59:47,刺网
17121,30.43863888888889,122.93163888888887,0.2,0.0,2019-03-15 07:04:47,刺网
17121,30.438777777777766,122.93158333333334,0.1,0.0,2019-03-15 07:09:47,刺网
17121,30.43883333333333,122.93155555555555,0.0,0.0,2019-03-15 07:14:47,刺网
17121,30.43891666666667,122.93144444444445,0.3,0.0,2019-03-15 07:19:47,刺网
17121,30.43883333333333,122.93152777777777,0.4,0.0,2019-03-15 07:24:47,刺网
17121,30.43869444444445,122.93163888888887,0.1,0.0,2019-03-15 07:29:47,刺网
17121,30.43875,122.93163888888887,0.2,0.0,2019-03-15 07:34:47,刺网
17121,30.438805555555557,122.93161111111112,0.1,0.0,2019-03-15 07:39:47,刺网
17121,30.43883333333333,122.93152777777777,0.2,0.0,2019-03-15 07:44:47,刺网
17121,30.438972222222233,122.93152777777777,0.2,0.0,2019-03-15 07:49:47,刺网
17121,30.438861111111112,122.93161111111112,0.6,0.0,2019-03-15 07:59:47,刺网
17121,30.438777777777766,122.93158333333334,0.1,0.0,2019-03-15 08:05:24,刺网
17121,30.43883333333333,122.93155555555555,0.2,0.0,2019-03-15 08:09:47,刺网
17121,30.43888888888889,122.9315,0.0,0.0,2019-03-15 08:14:46,刺网
17121,30.438861111111112,122.93155555555555,0.1,0.0,2019-03-15 08:19:46,刺网
17121,30.43883333333333,122.93155555555555,0.0,0.0,2019-03-15 08:24:46,刺网
17121,30.43888888888889,122.9315,0.1,0.0,2019-03-15 08:29:46,刺网
17121,30.43891666666667,122.93147222222223,0.2,0.0,2019-03-15 08:34:46,刺网
17121,30.438972222222233,122.93138888888888,0.1,0.0,2019-03-15 08:39:46,刺网
17121,30.43891666666667,122.93147222222223,0.0,0.0,2019-03-15 08:44:46,刺网
17121,30.43883333333333,122.93158333333334,0.1,0.0,2019-03-15 08:49:46,刺网
17121,30.43891666666667,122.93147222222223,0.2,0.0,2019-03-15 08:54:46,刺网
17121,30.439,122.93138888888888,0.1,0.0,2019-03-15 08:59:46,刺网
17121,30.43888888888889,122.9315,0.1,0.0,2019-03-15 09:04:46,刺网
17121,30.438805555555557,122.93161111111112,0.0,0.0,2019-03-15 09:09:46,刺网
17121,30.438944444444445,122.93147222222223,0.3,18.0,2019-03-15 09:14:46,刺网
17121,30.43891666666667,122.9315,1.1,32.0,2019-03-15 09:19:46,刺网
17121,30.442138888888888,122.93788888888888,8.5,90.0,2019-03-15 09:24:46,刺网
17121,30.43663888888889,122.94063888888893,0.3,0.0,2019-03-15 09:29:46,刺网
17121,30.43802777777778,122.9410277777778,1.9,47.0,2019-03-15 09:34:46,刺网
17121,30.438000000000002,122.94216666666668,1.6,238.0,2019-03-15 09:39:46,刺网
17121,30.43833333333333,122.94127777777778,0.9,71.0,2019-03-15 09:44:46,刺网
17121,30.438194444444445,122.94205555555556,1.2,257.0,2019-03-15 09:49:46,刺网
17121,30.43827777777778,122.94077777777778,0.2,0.0,2019-03-15 09:54:46,刺网
17121,30.43875,122.94344444444445,5.1,1.0,2019-03-15 09:59:46,刺网
17121,30.435944444444445,122.9405,6.2,208.0,2019-03-15 10:05:23,刺网
17121,30.432944444444445,122.93263888888887,7.5,267.0,2019-03-15 10:09:46,刺网
17121,30.442472222222232,122.93011111111113,6.3,20.0,2019-03-15 10:14:46,刺网
17121,30.44386111111111,122.93061111111112,0.8,41.0,2019-03-15 10:19:46,刺网
17121,30.44286111111111,122.93086111111113,0.5,216.0,2019-03-15 10:24:46,刺网
17121,30.442138888888888,122.93125,0.9,122.0,2019-03-15 10:29:45,刺网
17121,30.443444444444445,122.93125,2.0,24.0,2019-03-15 10:34:46,刺网
17121,30.444055555555554,122.931,0.1,0.0,2019-03-15 10:39:46,刺网
17121,30.44386111111111,122.93111111111112,1.9,242.0,2019-03-15 10:44:46,刺网
17121,30.443222222222214,122.93155555555555,0.3,0.0,2019-03-15 10:49:46,刺网
17121,30.442555555555554,122.93083333333334,5.5,221.0,2019-03-15 10:54:46,刺网
17121,30.44058333333333,122.93063888888894,0.7,234.0,2019-03-15 10:59:46,刺网
17121,30.44019444444445,122.93072222222223,2.1,126.0,2019-03-15 11:04:46,刺网
17121,30.441277777777767,122.93033333333337,1.2,3.0,2019-03-15 11:09:46,刺网
17121,30.44069444444445,122.93105555555556,1.0,164.0,2019-03-15 11:14:46,刺网
17121,30.44147222222222,122.93080555555555,4.6,94.0,2019-03-15 11:19:46,刺网
17121,30.44025,122.9309722222222,0.8,277.0,2019-03-15 11:24:46,刺网
17121,30.441805555555554,122.93052777777778,1.6,345.0,2019-03-15 11:29:46,刺网
17121,30.44294444444445,122.93080555555555,0.6,52.0,2019-03-15 11:34:46,刺网
17121,30.438805555555557,122.92947222222222,7.9,184.0,2019-03-15 11:39:46,刺网
17121,30.43933333333333,122.92947222222222,8.4,25.0,2019-03-15 11:44:46,刺网
17121,30.44319444444445,122.94025,5.7,80.0,2019-03-15 11:49:46,刺网
17121,30.442527777777766,122.94044444444445,6.1,272.0,2019-03-15 11:54:46,刺网
17121,30.441972222222233,122.93169444444445,5.2,211.0,2019-03-15 11:59:46,刺网
17121,30.438722222222214,122.93119444444444,0.1,0.0,2019-03-15 12:05:23,刺网
17121,30.43408333333333,122.93016666666668,7.1,151.0,2019-03-15 12:09:46,刺网
17121,30.434638888888887,122.9369722222222,0.9,199.0,2019-03-15 12:14:46,刺网
17121,30.4355,122.9399722222222,1.0,61.0,2019-03-15 12:19:46,刺网
17121,30.43711111111111,122.9425,3.9,27.0,2019-03-15 12:24:46,刺网
17121,30.439138888888888,122.94419444444445,0.8,56.0,2019-03-15 12:29:45,刺网
17121,30.43986111111111,122.94538888888887,1.1,50.0,2019-03-15 12:34:45,刺网
17121,30.440666666666665,122.94336111111113,7.1,251.0,2019-03-15 12:39:45,刺网
17121,30.441055555555558,122.94208333333331,0.8,331.0,2019-03-15 12:44:45,刺网
17121,30.442027777777767,122.94263888888894,0.8,340.0,2019-03-15 12:49:45,刺网
17121,30.44188888888889,122.94225,0.5,89.0,2019-03-15 12:54:45,刺网
17121,30.44244444444445,122.94241666666667,1.2,299.0,2019-03-15 12:59:45,刺网
17121,30.44219444444445,122.94236111111113,1.0,110.0,2019-03-15 13:04:45,刺网
17121,30.44230555555556,122.94183333333336,1.3,231.0,2019-03-15 13:09:45,刺网
17121,30.44313888888889,122.94186111111112,2.0,61.0,2019-03-15 13:14:45,刺网
17121,30.44319444444445,122.9440277777778,0.8,88.0,2019-03-15 13:19:45,刺网
17121,30.44286111111111,122.94505555555556,0.5,122.0,2019-03-15 13:24:45,刺网
17121,30.44225,122.94413888888887,1.8,244.0,2019-03-15 13:29:45,刺网
17121,30.44069444444445,122.94397222222223,1.8,197.0,2019-03-15 13:34:45,刺网
17121,30.441111111111113,122.94452777777781,3.3,196.0,2019-03-15 13:39:45,刺网
17121,30.44113888888889,122.94408333333334,1.8,52.0,2019-03-15 13:44:45,刺网
17121,30.440527777777767,122.94530555555555,2.0,154.0,2019-03-15 13:49:45,刺网
17121,30.440416666666664,122.94538888888887,1.0,329.0,2019-03-15 13:54:45,刺网
17121,30.44011111111111,122.94486111111112,1.3,197.0,2019-03-15 13:59:45,刺网
17121,30.44025,122.94511111111113,1.7,209.0,2019-03-15 14:05:22,刺网
17121,30.440416666666664,122.94555555555556,1.6,111.0,2019-03-15 14:09:45,刺网
17121,30.43733333333333,122.94213888888888,5.9,220.0,2019-03-15 14:19:45,刺网
17121,30.430111111111113,122.9357222222222,6.7,228.0,2019-03-15 14:24:45,刺网
17121,30.42736111111111,122.92586111111113,6.6,294.0,2019-03-15 14:29:45,刺网
17121,30.42777777777778,122.92494444444445,0.6,96.0,2019-03-15 14:34:45,刺网
17121,30.42766666666667,122.92427777777776,2.0,307.0,2019-03-15 14:39:45,刺网
17121,30.42961111111111,122.92441666666666,1.7,11.0,2019-03-15 14:44:45,刺网
17121,30.430861111111113,122.92505555555556,0.9,202.0,2019-03-15 14:49:45,刺网
17121,30.430111111111113,122.92427777777776,1.6,328.0,2019-03-15 14:54:45,刺网
17121,30.431694444444453,122.92533333333334,1.2,58.0,2019-03-15 14:59:45,刺网
17121,30.43575,122.92808333333332,7.6,22.0,2019-03-15 15:04:45,刺网
17121,30.4425,122.93605555555555,8.2,91.0,2019-03-15 15:09:45,刺网
17121,30.442,122.94158333333334,6.4,83.0,2019-03-15 15:14:45,刺网
17121,30.44225,122.94255555555556,5.2,74.0,2019-03-15 15:19:45,刺网
17121,30.441861111111113,122.94066666666667,1.7,312.0,2019-03-15 15:24:45,刺网
17121,30.44230555555556,122.93966666666668,1.7,48.0,2019-03-15 15:29:45,刺网
17121,30.441944444444445,122.93980555555555,1.6,316.0,2019-03-15 15:34:45,刺网
17121,30.442972222222235,122.9399722222222,0.9,118.0,2019-03-15 15:39:45,刺网
17121,30.44241666666667,122.94052777777777,1.7,222.0,2019-03-15 15:44:45,刺网
17121,30.441972222222233,122.93747222222223,6.1,278.0,2019-03-15 15:49:45,刺网
17121,30.442611111111113,122.93975,8.3,124.0,2019-03-15 15:54:45,刺网
17121,30.44008333333333,122.94366666666667,6.7,39.0,2019-03-15 15:59:45,刺网
17121,30.440166666666666,122.94380555555556,0.8,138.0,2019-03-15 16:05:22,刺网
17121,30.441805555555554,122.94136111111106,7.4,277.0,2019-03-15 16:09:45,刺网
17121,30.44130555555556,122.9309722222222,6.6,205.0,2019-03-15 16:14:45,刺网
17121,30.437361111111112,122.9295,1.1,177.0,2019-03-15 16:19:45,刺网
17121,30.435972222222233,122.92916666666667,2.1,329.0,2019-03-15 16:24:45,刺网
17121,30.435861111111112,122.92988888888893,1.3,188.0,2019-03-15 16:29:45,刺网
17121,30.43363888888889,122.92680555555555,7.9,213.0,2019-03-15 16:34:45,刺网
17121,30.428305555555557,122.92430555555555,5.2,185.0,2019-03-15 16:39:45,刺网
17121,30.42725,122.92488888888893,6.6,130.0,2019-03-15 16:44:45,刺网
17121,30.428972222222214,122.93538888888894,7.9,35.0,2019-03-15 16:49:44,刺网
17121,30.435388888888887,122.93769444444445,0.4,0.0,2019-03-15 16:59:44,刺网
17121,30.43544444444445,122.93769444444445,0.6,152.0,2019-03-15 17:04:44,刺网
17121,30.435388888888887,122.93772222222222,0.2,0.0,2019-03-15 17:09:44,刺网
17121,30.43533333333333,122.93780555555556,0.1,0.0,2019-03-15 17:19:44,刺网
17121,30.43536111111111,122.93780555555556,0.0,0.0,2019-03-15 17:24:44,刺网
17121,30.435472222222234,122.93777777777778,0.4,0.0,2019-03-15 17:29:44,刺网
17121,30.435527777777786,122.93772222222222,0.1,0.0,2019-03-15 17:34:44,刺网
17121,30.43555555555556,122.93772222222222,0.5,114.0,2019-03-15 17:39:44,刺网
17121,30.43558333333333,122.93763888888887,0.3,0.0,2019-03-15 17:44:44,刺网
17121,30.43561111111111,122.93766666666669,0.3,0.0,2019-03-15 17:49:44,刺网
17121,30.43561111111111,122.93766666666669,0.2,0.0,2019-03-15 17:54:44,刺网
17121,30.435527777777786,122.93763888888887,0.8,0.0,2019-03-15 17:59:44,刺网
17121,30.43536111111111,122.93772222222222,0.0,0.0,2019-03-15 18:05:21,刺网
17121,30.435166666666664,122.93780555555556,1.3,167.0,2019-03-15 18:09:44,刺网
17121,30.434777777777786,122.93775,0.1,0.0,2019-03-15 18:19:44,刺网
17121,30.43469444444445,122.93763888888887,0.0,0.0,2019-03-15 18:24:44,刺网
17121,30.43466666666667,122.93761111111112,0.1,0.0,2019-03-15 18:29:44,刺网
17121,30.434638888888887,122.93758333333334,0.2,0.0,2019-03-15 18:34:44,刺网
17121,30.434638888888887,122.93755555555555,0.0,0.0,2019-03-15 18:39:44,刺网
17121,30.434638888888887,122.93761111111112,0.6,233.0,2019-03-15 18:44:44,刺网
17121,30.43461111111111,122.93758333333334,0.2,0.0,2019-03-15 18:49:44,刺网
17121,30.43461111111111,122.93755555555555,0.1,0.0,2019-03-15 18:54:44,刺网
17121,30.43458333333333,122.93761111111112,0.6,166.0,2019-03-15 18:59:44,刺网
17121,30.43466666666667,122.93766666666669,0.1,0.0,2019-03-15 19:04:44,刺网
17121,30.43469444444445,122.93769444444445,0.3,114.0,2019-03-15 19:09:44,刺网
17121,30.43469444444445,122.93769444444445,0.4,0.0,2019-03-15 19:19:44,刺网
17121,30.43475,122.93769444444445,0.3,0.0,2019-03-15 19:24:44,刺网
17121,30.43475,122.93780555555556,0.7,339.0,2019-03-15 19:29:44,刺网
17121,30.434972222222232,122.93788888888888,0.3,0.0,2019-03-15 19:39:44,刺网
17121,30.435194444444445,122.93786111111113,0.0,0.0,2019-03-15 19:44:44,刺网
17121,30.435305555555555,122.93783333333334,0.4,22.0,2019-03-15 19:49:44,刺网
17121,30.43544444444445,122.93777777777778,0.1,0.0,2019-03-15 19:54:44,刺网
17121,30.435472222222234,122.93772222222222,0.2,53.0,2019-03-15 19:59:44,刺网
17121,30.4355,122.93772222222222,0.1,0.0,2019-03-15 20:05:21,刺网
17121,30.435472222222234,122.93772222222222,0.2,0.0,2019-03-15 20:09:44,刺网
17121,30.4355,122.93772222222222,0.3,331.0,2019-03-15 20:14:44,刺网
17121,30.4355,122.93772222222222,0.1,0.0,2019-03-15 20:19:44,刺网
17121,30.4355,122.93769444444445,0.4,347.0,2019-03-15 20:24:44,刺网
17121,30.435527777777786,122.93763888888887,0.2,0.0,2019-03-15 20:29:44,刺网
17121,30.43555555555556,122.93761111111112,0.1,0.0,2019-03-15 20:34:44,刺网
17121,30.43555555555556,122.93761111111112,0.2,0.0,2019-03-15 20:39:44,刺网
17121,30.435527777777786,122.93761111111112,0.2,0.0,2019-03-15 20:44:43,刺网
17121,30.43561111111111,122.9375,0.3,161.0,2019-03-15 20:49:43,刺网
17121,30.4355,122.93761111111112,0.5,227.0,2019-03-15 20:54:43,刺网
17121,30.435222222222233,122.93758333333334,0.4,222.0,2019-03-15 20:59:43,刺网
17121,30.43491666666667,122.93783333333334,0.2,0.0,2019-03-15 21:04:43,刺网
17121,30.43480555555556,122.93780555555556,0.2,0.0,2019-03-15 21:09:43,刺网
17121,30.434722222222234,122.93780555555556,0.2,0.0,2019-03-15 21:14:43,刺网
17121,30.43508333333333,122.93786111111113,0.5,11.0,2019-03-15 21:19:43,刺网
17121,30.435388888888887,122.93780555555556,0.4,12.0,2019-03-15 21:24:43,刺网
17121,30.435388888888887,122.93777777777778,0.4,0.0,2019-03-15 21:29:43,刺网
17121,30.43525,122.93786111111113,0.1,0.0,2019-03-15 21:34:43,刺网
17121,30.43525,122.93780555555556,0.6,145.0,2019-03-15 21:39:43,刺网
17121,30.435111111111112,122.93788888888888,0.2,0.0,2019-03-15 21:44:43,刺网
17121,30.435055555555554,122.93791666666668,0.7,66.0,2019-03-15 21:49:43,刺网
17121,30.435027777777766,122.93788888888888,0.0,0.0,2019-03-15 21:54:43,刺网
17121,30.43488888888889,122.93786111111113,0.0,0.0,2019-03-15 21:59:43,刺网
17121,30.43483333333333,122.93780555555556,0.0,0.0,2019-03-15 22:05:20,刺网
17121,30.43475,122.93769444444445,0.4,0.0,2019-03-15 22:09:43,刺网
17121,30.43461111111111,122.93744444444445,0.2,0.0,2019-03-15 22:14:43,刺网
17121,30.434472222222233,122.9370277777778,0.1,0.0,2019-03-15 22:19:43,刺网
17121,30.434472222222233,122.93680555555555,0.3,0.0,2019-03-15 22:24:43,刺网
17121,30.434444444444445,122.93691666666666,0.2,0.0,2019-03-15 22:29:43,刺网
17121,30.434444444444445,122.93688888888887,0.1,0.0,2019-03-15 22:34:43,刺网
17121,30.434444444444445,122.93688888888887,0.2,0.0,2019-03-15 22:39:43,刺网
17121,30.434444444444445,122.93683333333334,0.1,0.0,2019-03-15 22:44:43,刺网
17121,30.434472222222233,122.93680555555555,0.5,0.0,2019-03-15 22:49:43,刺网
17121,30.434444444444445,122.93688888888887,0.7,56.0,2019-03-15 22:54:43,刺网
17121,30.43441666666667,122.93694444444445,0.0,0.0,2019-03-15 22:59:43,刺网
17121,30.434444444444445,122.93688888888887,0.2,0.0,2019-03-15 23:04:43,刺网
17121,30.434444444444445,122.93691666666666,0.4,0.0,2019-03-15 23:09:43,刺网
17121,30.43441666666667,122.93691666666666,0.2,0.0,2019-03-15 23:14:43,刺网
17121,30.434472222222233,122.9367777777778,0.1,0.0,2019-03-15 23:19:43,刺网
17121,30.434444444444445,122.93686111111113,0.2,0.0,2019-03-15 23:24:43,刺网
17121,30.434472222222233,122.93675,0.6,0.0,2019-03-15 23:29:42,刺网
17121,30.434444444444445,122.93691666666666,0.3,0.0,2019-03-15 23:34:43,刺网
17121,30.43438888888889,122.93672222222223,0.4,0.0,2019-03-15 23:39:43,刺网
17121,30.434444444444445,122.93680555555555,0.1,0.0,2019-03-15 23:44:42,刺网
17121,30.434444444444445,122.93686111111113,0.2,0.0,2019-03-15 23:49:42,刺网
17121,30.434444444444445,122.93675,0.2,0.0,2019-03-15 23:54:42,刺网
17121,30.43441666666667,122.93691666666666,0.4,0.0,2019-03-15 23:59:42,刺网
17121,30.434444444444445,122.93686111111113,0.3,65.0,2019-03-16 00:05:20,刺网
17121,30.434472222222233,122.93683333333334,0.5,176.0,2019-03-16 00:09:43,刺网
17121,30.434472222222233,122.9367777777778,0.1,0.0,2019-03-16 00:14:43,刺网
17121,30.4345,122.93672222222223,0.4,268.0,2019-03-16 00:19:43,刺网
17121,30.434444444444445,122.93688888888887,0.2,0.0,2019-03-16 00:24:42,刺网
17121,30.4345,122.93680555555555,0.4,161.0,2019-03-16 00:29:43,刺网
17121,30.43458333333333,122.93661111111112,0.2,0.0,2019-03-16 00:34:42,刺网
17121,30.434527777777767,122.93669444444444,0.6,165.0,2019-03-16 00:39:43,刺网
17121,30.434527777777767,122.93669444444444,1.0,203.0,2019-03-16 00:44:42,刺网
17121,30.43461111111111,122.93661111111112,0.0,0.0,2019-03-16 00:49:43,刺网
17121,30.434472222222233,122.9367777777778,1.5,138.0,2019-03-16 00:54:43,刺网
17121,30.43458333333333,122.93666666666668,0.2,0.0,2019-03-16 00:59:42,刺网
17121,30.43466666666667,122.93652777777778,0.2,0.0,2019-03-16 01:04:43,刺网
17121,30.434444444444445,122.93686111111113,0.3,0.0,2019-03-16 01:09:43,刺网
17121,30.43461111111111,122.93661111111112,0.1,0.0,2019-03-16 01:14:43,刺网
17121,30.43458333333333,122.93661111111112,0.4,130.0,2019-03-16 01:19:42,刺网
17121,30.434472222222233,122.93683333333334,0.1,0.0,2019-03-16 01:24:42,刺网
17121,30.43466666666667,122.93652777777778,0.4,221.0,2019-03-16 01:29:42,刺网
17121,30.434472222222233,122.93672222222223,0.5,315.0,2019-03-16 01:34:42,刺网
17121,30.43469444444445,122.93647222222224,0.3,0.0,2019-03-16 01:39:42,刺网
17121,30.434555555555555,122.93661111111112,0.5,143.0,2019-03-16 01:44:42,刺网
17121,30.43461111111111,122.93658333333336,0.4,47.0,2019-03-16 01:49:41,刺网
17121,30.434472222222233,122.9367777777778,0.1,0.0,2019-03-16 01:54:41,刺网
17121,30.43461111111111,122.93655555555556,0.1,0.0,2019-03-16 01:59:41,刺网
17121,30.434472222222233,122.9367777777778,0.2,0.0,2019-03-16 02:05:19,刺网
17121,30.434555555555555,122.93663888888894,0.2,0.0,2019-03-16 02:09:41,刺网
17121,30.434527777777767,122.93669444444444,0.7,133.0,2019-03-16 02:14:41,刺网
17121,30.434638888888887,122.93655555555556,0.5,318.0,2019-03-16 02:19:41,刺网
17121,30.4345,122.93669444444444,0.2,0.0,2019-03-16 02:24:41,刺网
17121,30.434638888888887,122.9365,0.2,0.0,2019-03-16 02:29:41,刺网
17121,30.434555555555555,122.93669444444444,0.1,0.0,2019-03-16 02:34:41,刺网
17121,30.434555555555555,122.93663888888894,0.3,55.0,2019-03-16 02:39:41,刺网
17121,30.434527777777767,122.93669444444444,0.3,325.0,2019-03-16 02:44:42,刺网
17121,30.43461111111111,122.93658333333336,0.0,0.0,2019-03-16 02:49:41,刺网
17121,30.434555555555555,122.93666666666668,0.2,0.0,2019-03-16 02:54:41,刺网
17121,30.434638888888887,122.93658333333336,0.1,0.0,2019-03-16 02:59:41,刺网
17121,30.43461111111111,122.93661111111112,0.5,291.0,2019-03-16 03:04:41,刺网
17121,30.434777777777786,122.93647222222224,0.1,0.0,2019-03-16 03:09:41,刺网
17121,30.434722222222234,122.9365,0.2,0.0,2019-03-16 03:14:41,刺网
17121,30.43469444444445,122.9365,0.2,0.0,2019-03-16 03:19:41,刺网
17121,30.43458333333333,122.93661111111112,0.3,0.0,2019-03-16 03:24:41,刺网
17121,30.43475,122.9365,0.1,0.0,2019-03-16 03:29:41,刺网
17121,30.43466666666667,122.93658333333336,0.6,156.0,2019-03-16 03:34:41,刺网
17121,30.43458333333333,122.93658333333336,0.1,0.0,2019-03-16 03:39:41,刺网
17121,30.434722222222234,122.9365,0.8,145.0,2019-03-16 03:44:41,刺网
17121,30.43480555555556,122.93644444444445,0.2,0.0,2019-03-16 03:49:41,刺网
17121,30.434555555555555,122.93663888888894,0.5,60.0,2019-03-16 03:54:41,刺网
17121,30.43469444444445,122.93647222222224,0.5,145.0,2019-03-16 03:59:41,刺网
17121,30.434527777777767,122.93666666666668,0.3,0.0,2019-03-16 04:05:18,刺网
17121,30.43461111111111,122.93661111111112,0.3,0.0,2019-03-16 04:09:41,刺网
17121,30.434777777777786,122.93647222222224,0.3,0.0,2019-03-16 04:14:41,刺网
17121,30.43469444444445,122.93652777777778,0.4,149.0,2019-03-16 04:19:41,刺网
17121,30.43461111111111,122.93663888888894,0.4,0.0,2019-03-16 04:24:41,刺网
17121,30.434722222222234,122.93652777777778,0.2,0.0,2019-03-16 04:29:41,刺网
17121,30.43488888888889,122.93644444444445,0.2,0.0,2019-03-16 04:34:41,刺网
17121,30.43494444444445,122.93636111111113,0.4,0.0,2019-03-16 04:39:41,刺网
17121,30.43483333333333,122.93647222222224,0.2,0.0,2019-03-16 04:44:41,刺网
17121,30.434722222222234,122.9365,0.3,0.0,2019-03-16 04:49:41,刺网
17121,30.43461111111111,122.93661111111112,0.3,284.0,2019-03-16 04:54:41,刺网
17121,30.43458333333333,122.93663888888894,0.1,0.0,2019-03-16 04:59:41,刺网
17121,30.434722222222234,122.93661111111112,0.3,0.0,2019-03-16 05:04:41,刺网
17121,30.43508333333333,122.93705555555556,0.7,125.0,2019-03-16 05:09:41,刺网
17121,30.43813888888889,122.93055555555556,2.4,187.0,2019-03-16 05:19:41,刺网
17121,30.442527777777766,122.93122222222223,4.0,101.0,2019-03-16 05:24:41,刺网
17121,30.44308333333333,122.93447222222223,8.3,113.0,2019-03-16 05:34:41,刺网
17121,30.4425,122.93936111111113,6.4,251.0,2019-03-16 05:39:41,刺网
17121,30.44230555555556,122.93191666666668,6.6,252.0,2019-03-16 05:44:41,刺网
17121,30.4345,122.92536111111113,7.0,200.0,2019-03-16 05:49:41,刺网
17121,30.42841666666667,122.92405555555555,0.4,0.0,2019-03-16 05:54:41,刺网
17121,30.427833333333336,122.92438888888887,1.1,191.0,2019-03-16 05:59:41,刺网
17121,30.427222222222234,122.92361111111113,2.0,5.0,2019-03-16 06:05:18,刺网
17121,30.42683333333333,122.92441666666666,1.0,285.0,2019-03-16 06:09:41,刺网
17121,30.42811111111111,122.92380555555556,2.1,13.0,2019-03-16 06:14:41,刺网
17121,30.42777777777778,122.92519444444444,2.3,274.0,2019-03-16 06:19:41,刺网
17121,30.42916666666667,122.92494444444445,1.5,86.0,2019-03-16 06:24:40,刺网
17121,30.429222222222233,122.92519444444444,4.3,36.0,2019-03-16 06:29:40,刺网
17121,30.42988888888889,122.92425,4.2,226.0,2019-03-16 06:34:40,刺网
17121,30.425972222222214,122.92861111111112,0.6,91.0,2019-03-16 06:39:40,刺网
17121,30.42580555555556,122.9295,0.2,0.0,2019-03-16 06:44:40,刺网
17121,30.425750000000004,122.93011111111113,0.4,111.0,2019-03-16 06:49:40,刺网
17121,30.425722222222234,122.93061111111112,0.2,0.0,2019-03-16 06:54:40,刺网
17121,30.425777777777785,122.93122222222223,0.2,0.0,2019-03-16 06:59:40,刺网
17121,30.425916666666666,122.93177777777778,0.4,0.0,2019-03-16 07:04:40,刺网
17121,30.42655555555556,122.93155555555555,0.9,321.0,2019-03-16 07:09:40,刺网
17121,30.42661111111111,122.93208333333334,0.3,0.0,2019-03-16 07:14:40,刺网
17121,30.42688888888889,122.93258333333334,0.8,75.0,2019-03-16 07:19:40,刺网
17121,30.42666666666667,122.9310277777778,0.7,108.0,2019-03-16 07:24:40,刺网
17121,30.426444444444453,122.93141666666666,1.7,173.0,2019-03-16 07:29:40,刺网
17121,30.426277777777766,122.93036111111113,2.5,281.0,2019-03-16 07:34:40,刺网
17121,30.42688888888889,122.92891666666668,0.4,0.0,2019-03-16 07:39:40,刺网
17121,30.42683333333333,122.93041666666667,1.5,328.0,2019-03-16 07:44:40,刺网
17121,30.426972222222233,122.92958333333333,0.5,0.0,2019-03-16 07:49:40,刺网
17121,30.427722222222233,122.92663888888887,6.6,49.0,2019-03-16 07:54:40,刺网
17121,30.431444444444452,122.92516666666668,7.9,21.0,2019-03-16 07:59:40,刺网
17121,30.43936111111111,122.9310277777778,0.6,343.0,2019-03-16 08:05:17,刺网
17121,30.43938888888889,122.9309722222222,0.0,0.0,2019-03-16 08:09:40,刺网
17121,30.43938888888889,122.9309722222222,0.1,0.0,2019-03-16 08:14:40,刺网
17121,30.439416666666666,122.9309722222222,0.3,188.0,2019-03-16 08:19:40,刺网
17121,30.43938888888889,122.93108333333332,0.0,0.0,2019-03-16 08:24:40,刺网
17121,30.43936111111111,122.93113888888894,0.3,123.0,2019-03-16 08:29:40,刺网
17121,30.432305555555555,122.92525,7.3,205.0,2019-03-16 08:34:40,刺网
17121,30.42733333333333,122.92783333333334,8.0,291.0,2019-03-16 08:39:39,刺网
17121,30.427861111111113,122.93244444444444,8.3,54.0,2019-03-16 08:44:39,刺网
17121,30.43588888888889,122.94044444444445,1.3,192.0,2019-03-16 08:49:40,刺网
17121,30.43719444444445,122.94094444444444,1.6,352.0,2019-03-16 08:54:40,刺网
17121,30.438416666666665,122.94219444444445,1.3,57.0,2019-03-16 08:59:40,刺网
17121,30.43813888888889,122.9417777777778,1.1,283.0,2019-03-16 09:04:40,刺网
17121,30.43863888888889,122.9424722222222,1.8,102.0,2019-03-16 09:09:40,刺网
17121,30.43891666666667,122.94200000000001,1.6,92.0,2019-03-16 09:14:40,刺网
17121,30.43858333333333,122.94408333333334,0.2,0.0,2019-03-16 09:19:40,刺网
17121,30.43836111111111,122.94238888888893,4.8,288.0,2019-03-16 09:24:40,刺网
17121,30.43291666666667,122.93258333333334,7.2,262.0,2019-03-16 09:29:40,刺网
17121,30.439277777777768,122.93127777777781,0.0,0.0,2019-03-16 09:34:40,刺网
17121,30.439277777777768,122.93133333333334,0.2,0.0,2019-03-16 09:39:40,刺网
17121,30.439027777777767,122.93152777777777,0.0,0.0,2019-03-16 09:44:40,刺网
17121,30.438861111111112,122.93169444444445,0.1,0.0,2019-03-16 09:49:40,刺网
17121,30.43875,122.93169444444445,0.1,0.0,2019-03-16 09:54:40,刺网
17121,30.43869444444445,122.93169444444445,0.4,263.0,2019-03-16 09:59:40,刺网
17121,30.43855555555556,122.93163888888887,0.2,0.0,2019-03-16 10:05:17,刺网
17121,30.438527777777786,122.93166666666669,0.6,187.0,2019-03-16 10:09:40,刺网
17121,30.4385,122.93161111111112,0.2,0.0,2019-03-16 10:14:40,刺网
17121,30.438416666666665,122.93155555555555,0.3,318.0,2019-03-16 10:19:40,刺网
17121,30.43833333333333,122.9315,0.2,0.0,2019-03-16 10:24:40,刺网
17121,30.438388888888888,122.93155555555555,0.0,0.0,2019-03-16 10:29:40,刺网
17121,30.43847222222222,122.93166666666669,0.1,0.0,2019-03-16 10:34:40,刺网
17121,30.43858333333333,122.93169444444445,0.0,0.0,2019-03-16 10:39:40,刺网
17121,30.43863888888889,122.93172222222223,0.2,0.0,2019-03-16 10:44:39,刺网
17121,30.438666666666666,122.93172222222223,0.0,0.0,2019-03-16 10:49:39,刺网
17121,30.43863888888889,122.93172222222223,0.0,0.0,2019-03-16 10:54:39,刺网
17121,30.438722222222214,122.93172222222223,0.1,0.0,2019-03-16 10:59:39,刺网
17121,30.438777777777766,122.93172222222223,0.2,0.0,2019-03-16 11:04:39,刺网
17121,30.43888888888889,122.93172222222223,0.2,0.0,2019-03-16 11:09:39,刺网
17121,30.43891666666667,122.93169444444445,0.0,0.0,2019-03-16 11:14:39,刺网
17121,30.439,122.93172222222223,0.2,0.0,2019-03-16 11:19:39,刺网
17121,30.439,122.93169444444445,0.0,0.0,2019-03-16 11:24:39,刺网
17121,30.439083333333336,122.93163888888887,0.0,0.0,2019-03-16 11:29:39,刺网
17121,30.43911111111111,122.93158333333334,0.1,0.0,2019-03-16 11:34:39,刺网
17121,30.43925,122.93152777777777,0.2,0.0,2019-03-16 11:39:39,刺网
17121,30.439305555555553,122.93141666666666,0.1,0.0,2019-03-16 11:44:39,刺网
17121,30.439472222222214,122.93111111111112,2.8,306.0,2019-03-16 11:49:39,刺网
17121,30.440638888888888,122.93111111111112,2.2,238.0,2019-03-16 11:54:39,刺网
17121,30.44161111111111,122.93066666666668,0.2,0.0,2019-03-16 11:59:39,刺网
17121,30.440305555555554,122.93111111111112,0.9,161.0,2019-03-16 12:05:16,刺网
17121,30.442138888888888,122.93194444444444,4.5,54.0,2019-03-16 12:09:39,刺网
17121,30.442138888888888,122.93608333333331,6.6,292.0,2019-03-16 12:14:39,刺网
17121,30.436277777777768,122.92783333333334,8.2,193.0,2019-03-16 12:19:39,刺网
17121,30.43208333333333,122.92641666666668,7.1,69.0,2019-03-16 12:24:39,刺网
17121,30.441944444444445,122.93055555555556,7.9,6.0,2019-03-16 12:29:39,刺网
17121,30.44469444444445,122.93197222222223,0.9,55.0,2019-03-16 12:34:39,刺网
17121,30.44508333333333,122.93241666666668,1.1,30.0,2019-03-16 12:39:39,刺网
17121,30.44536111111111,122.93266666666668,0.9,89.0,2019-03-16 12:44:39,刺网
17121,30.44558333333333,122.93258333333334,0.6,151.0,2019-03-16 12:49:39,刺网
17121,30.44508333333333,122.9337777777778,1.7,76.0,2019-03-16 12:54:39,刺网
17121,30.445277777777786,122.93347222222219,1.1,336.0,2019-03-16 12:59:39,刺网
17121,30.44536111111111,122.93288888888893,0.7,89.0,2019-03-16 13:04:38,刺网
17121,30.445888888888888,122.9327777777778,1.6,350.0,2019-03-16 13:09:38,刺网
17121,30.445027777777767,122.93230555555556,0.1,0.0,2019-03-16 13:14:39,刺网
17121,30.445027777777767,122.93002777777778,1.5,318.0,2019-03-16 13:19:39,刺网
17121,30.44633333333333,122.93022222222223,0.9,20.0,2019-03-16 13:24:39,刺网
17121,30.44683333333333,122.93016666666668,1.0,133.0,2019-03-16 13:29:39,刺网
17121,30.44483333333333,122.93161111111112,7.9,65.0,2019-03-16 13:34:39,刺网
17121,30.446583333333336,122.93244444444444,6.8,282.0,2019-03-16 13:39:39,刺网
17121,30.44361111111111,122.93938888888887,9.0,116.0,2019-03-16 13:44:39,刺网
17121,30.44072222222222,122.94236111111113,0.3,0.0,2019-03-16 13:49:39,刺网
17121,30.44169444444445,122.94313888888892,0.6,0.0,2019-03-16 13:54:39,刺网
17121,30.441777777777766,122.94294444444445,0.6,313.0,2019-03-16 13:59:39,刺网
17121,30.44161111111111,122.94308333333332,0.2,0.0,2019-03-16 14:05:16,刺网
17121,30.44183333333333,122.94291666666666,1.3,172.0,2019-03-16 14:09:39,刺网
17121,30.442138888888888,122.9429722222222,0.4,306.0,2019-03-16 14:14:39,刺网
17121,30.44183333333333,122.94188888888893,0.4,0.0,2019-03-16 14:19:39,刺网
17121,30.44244444444445,122.94202777777778,1.0,10.0,2019-03-16 14:24:39,刺网
17121,30.44313888888889,122.9394722222222,5.4,287.0,2019-03-16 14:29:39,刺网
17121,30.44208333333333,122.93727777777781,1.1,79.0,2019-03-16 14:34:39,刺网
17121,30.44244444444445,122.93969444444444,1.6,75.0,2019-03-16 14:39:39,刺网
17121,30.442138888888888,122.93961111111112,0.4,0.0,2019-03-16 14:44:39,刺网
17121,30.441972222222233,122.94075,2.5,183.0,2019-03-16 14:49:39,刺网
17121,30.4425,122.94113888888887,1.7,147.0,2019-03-16 14:54:39,刺网
17121,30.441861111111113,122.93933333333334,1.7,266.0,2019-03-16 14:59:39,刺网
17121,30.442916666666665,122.9409722222222,8.2,91.0,2019-03-16 15:04:38,刺网
17121,30.44011111111111,122.94363888888887,6.2,164.0,2019-03-16 15:09:38,刺网
17121,30.44,122.94436111111112,2.6,110.0,2019-03-16 15:14:38,刺网
17121,30.44125,122.94433333333336,1.3,81.0,2019-03-16 15:19:38,刺网
17121,30.442694444444445,122.94347222222223,0.9,324.0,2019-03-16 15:24:38,刺网
17121,30.444055555555554,122.94311111111112,0.6,0.0,2019-03-16 15:29:38,刺网
17121,30.44536111111111,122.94186111111112,1.9,302.0,2019-03-16 15:34:38,刺网
17121,30.44625,122.94169444444445,0.6,35.0,2019-03-16 15:39:38,刺网
17121,30.44522222222223,122.94066666666667,0.1,0.0,2019-03-16 15:44:38,刺网
17121,30.445611111111113,122.94130555555556,0.7,0.0,2019-03-16 15:49:38,刺网
17121,30.442777777777767,122.94347222222223,0.7,0.0,2019-03-16 15:54:38,刺网
17121,30.44394444444445,122.94011111111112,3.9,282.0,2019-03-16 15:59:38,刺网
17121,30.44611111111111,122.93208333333334,6.7,283.0,2019-03-16 16:05:15,刺网
17121,30.44541666666667,122.93144444444445,1.6,303.0,2019-03-16 16:09:38,刺网
17121,30.44541666666667,122.9315,0.8,195.0,2019-03-16 16:14:38,刺网
17121,30.442722222222233,122.93216666666667,2.1,86.0,2019-03-16 16:19:38,刺网
17121,30.442777777777767,122.9310277777778,1.0,308.0,2019-03-16 16:24:38,刺网
17121,30.444388888888888,122.93122222222223,0.9,49.0,2019-03-16 16:29:38,刺网
17121,30.4445,122.93108333333332,0.1,0.0,2019-03-16 16:39:38,刺网
17121,30.44386111111111,122.9307777777778,0.5,359.0,2019-03-16 16:44:38,刺网
17121,30.443805555555556,122.93141666666666,1.6,193.0,2019-03-16 16:49:38,刺网
17121,30.44433333333333,122.93247222222222,9.2,91.0,2019-03-16 16:54:38,刺网
17121,30.44208333333333,122.94275,7.9,69.0,2019-03-16 16:59:38,刺网
17121,30.44044444444444,122.94219444444445,6.2,332.0,2019-03-16 17:04:38,刺网
17121,30.44283333333333,122.93344444444445,6.8,241.0,2019-03-16 17:09:38,刺网
17121,30.435305555555555,122.9260277777778,7.8,198.0,2019-03-16 17:14:38,刺网
17121,30.42955555555556,122.92486111111113,1.7,189.0,2019-03-16 17:19:37,刺网
17121,30.42805555555556,122.92505555555556,0.5,78.0,2019-03-16 17:24:38,刺网
17121,30.428361111111112,122.9250277777778,1.8,161.0,2019-03-16 17:29:38,刺网
17121,30.428472222222233,122.92441666666666,1.8,11.0,2019-03-16 17:34:38,刺网
17121,30.429055555555554,122.92522222222223,1.8,219.0,2019-03-16 17:39:38,刺网
17121,30.430111111111113,122.92561111111112,1.3,165.0,2019-03-16 17:44:38,刺网
17121,30.42763888888889,122.92947222222222,1.4,79.0,2019-03-16 17:54:38,刺网
17121,30.427027777777766,122.931,0.2,0.0,2019-03-16 17:59:38,刺网
17121,30.42675,122.92877777777778,1.1,245.0,2019-03-16 18:05:15,刺网
17121,30.42738888888889,122.92833333333334,1.5,110.0,2019-03-16 18:09:38,刺网
17121,30.42683333333333,122.93025,1.7,257.0,2019-03-16 18:14:38,刺网
17121,30.42738888888889,122.9279722222222,1.6,309.0,2019-03-16 18:19:38,刺网
17121,30.43175,122.9255,5.7,37.0,2019-03-16 18:24:38,刺网
17121,30.432222222222233,122.92547222222224,1.3,301.0,2019-03-16 18:29:38,刺网
17121,30.433416666666666,122.92519444444444,0.7,74.0,2019-03-16 18:34:38,刺网
17121,30.43336111111111,122.92625,0.5,296.0,2019-03-16 18:39:38,刺网
17121,30.439305555555553,122.931,1.9,341.0,2019-03-16 18:44:38,刺网
17121,30.439472222222214,122.93069444444444,0.1,0.0,2019-03-16 18:49:38,刺网
17121,30.43944444444445,122.93058333333332,0.3,0.0,2019-03-16 18:54:38,刺网
17121,30.43944444444445,122.93047222222224,0.2,0.0,2019-03-16 18:59:38,刺网
17121,30.43944444444445,122.93055555555556,0.4,64.0,2019-03-16 19:04:38,刺网
17121,30.43944444444445,122.93058333333332,0.0,0.0,2019-03-16 19:09:38,刺网
17121,30.43944444444445,122.93055555555556,0.1,0.0,2019-03-16 19:14:38,刺网
17121,30.43944444444445,122.93058333333332,0.1,0.0,2019-03-16 19:19:38,刺网
17121,30.43944444444445,122.93052777777778,0.2,0.0,2019-03-16 19:24:37,刺网
17121,30.43938888888889,122.9305,0.3,0.0,2019-03-16 19:29:37,刺网
17121,30.43944444444445,122.9307777777778,0.5,0.0,2019-03-16 19:34:37,刺网
17121,30.4395,122.93083333333334,0.2,335.0,2019-03-16 19:39:37,刺网
17121,30.439472222222214,122.93083333333334,0.3,113.0,2019-03-16 19:44:37,刺网
17121,30.4395,122.9310277777778,0.1,0.0,2019-03-16 19:49:37,刺网
17121,30.439472222222214,122.93069444444444,0.0,0.0,2019-03-16 19:54:37,刺网
17121,30.439472222222214,122.93080555555555,0.1,0.0,2019-03-16 19:59:37,刺网
17121,30.4395,122.93083333333334,0.1,0.0,2019-03-16 20:05:14,刺网
17121,30.43944444444445,122.93055555555556,0.1,0.0,2019-03-16 20:14:37,刺网
17121,30.43944444444445,122.93058333333332,0.3,0.0,2019-03-16 20:19:37,刺网
17121,30.43938888888889,122.93047222222224,0.2,0.0,2019-03-16 20:24:37,刺网
17121,30.43944444444445,122.93061111111112,0.1,0.0,2019-03-16 20:29:37,刺网
17121,30.43944444444445,122.93058333333332,0.1,0.0,2019-03-16 20:34:37,刺网
17121,30.43944444444445,122.93061111111112,0.1,0.0,2019-03-16 20:39:37,刺网
17121,30.439472222222214,122.93063888888894,0.1,0.0,2019-03-16 20:44:37,刺网
17121,30.439472222222214,122.93066666666668,0.0,0.0,2019-03-16 20:49:37,刺网
17121,30.4395,122.93075,0.0,0.0,2019-03-16 20:54:37,刺网
17121,30.4395,122.9307777777778,0.1,0.0,2019-03-16 20:59:37,刺网
17121,30.4395,122.9307777777778,0.2,0.0,2019-03-16 21:04:37,刺网
17121,30.439472222222214,122.93080555555555,0.3,0.0,2019-03-16 21:09:37,刺网
17121,30.439472222222214,122.93091666666668,0.0,0.0,2019-03-16 21:14:37,刺网
17121,30.4395,122.93075,0.1,0.0,2019-03-16 21:19:37,刺网
17121,30.4395,122.93069444444444,0.0,0.0,2019-03-16 21:24:37,刺网
17121,30.43944444444445,122.93080555555555,0.2,0.0,2019-03-16 21:29:37,刺网
17121,30.43944444444445,122.93069444444444,0.2,0.0,2019-03-16 21:34:37,刺网
17121,30.4395,122.9307777777778,0.4,0.0,2019-03-16 21:39:37,刺网
17121,30.4395,122.93091666666668,0.2,0.0,2019-03-16 21:44:37,刺网
17121,30.439472222222214,122.93088888888893,0.1,0.0,2019-03-16 21:49:37,刺网
17121,30.43944444444445,122.931,0.1,0.0,2019-03-16 21:54:37,刺网
17121,30.439472222222214,122.93091666666668,0.0,0.0,2019-03-16 21:59:37,刺网
17121,30.439472222222214,122.9309722222222,0.2,0.0,2019-03-16 22:05:14,刺网
17121,30.4395,122.93086111111113,0.2,0.0,2019-03-16 22:09:37,刺网
17121,30.439472222222214,122.93094444444445,0.4,0.0,2019-03-16 22:14:37,刺网
17121,30.439472222222214,122.9309722222222,0.0,0.0,2019-03-16 22:19:37,刺网
17121,30.4395,122.9310277777778,0.0,0.0,2019-03-16 22:24:37,刺网
17121,30.43944444444445,122.931,0.1,0.0,2019-03-16 22:29:37,刺网
17121,30.43944444444445,122.931,0.1,0.0,2019-03-16 22:34:37,刺网
17121,30.439472222222214,122.931,0.1,0.0,2019-03-16 22:39:37,刺网
17121,30.439472222222214,122.93091666666668,0.1,0.0,2019-03-16 22:44:37,刺网
17121,30.439472222222214,122.9310277777778,0.3,0.0,2019-03-16 22:49:37,刺网
17121,30.439472222222214,122.9310277777778,0.1,0.0,2019-03-16 22:54:37,刺网
17121,30.4395,122.9309722222222,0.1,0.0,2019-03-16 22:59:37,刺网
17121,30.439416666666666,122.93105555555556,0.2,0.0,2019-03-16 23:04:37,刺网
17121,30.439472222222214,122.93088888888893,0.2,0.0,2019-03-16 23:09:37,刺网
17121,30.439472222222214,122.93088888888893,0.3,0.0,2019-03-16 23:14:37,刺网
17121,30.439472222222214,122.9309722222222,0.0,0.0,2019-03-16 23:19:37,刺网
17121,30.4395,122.93088888888893,0.1,0.0,2019-03-16 23:34:37,刺网
17121,30.43944444444445,122.93075,0.1,0.0,2019-03-16 23:39:37,刺网
17121,30.439472222222214,122.9310277777778,0.2,0.0,2019-03-16 23:44:37,刺网
17121,30.43944444444445,122.93083333333334,0.3,0.0,2019-03-16 23:49:37,刺网
17121,30.439472222222214,122.93094444444445,0.1,0.0,2019-03-16 23:54:36,刺网
17121,30.43944444444445,122.93080555555555,0.3,0.0,2019-03-16 23:59:36,刺网
17121,30.43944444444445,122.93066666666668,0.2,0.0,2019-03-17 00:05:14,刺网
17121,30.439472222222214,122.93069444444444,0.2,0.0,2019-03-17 00:09:36,刺网
17121,30.439472222222214,122.93094444444445,0.2,0.0,2019-03-17 00:14:36,刺网
17121,30.439472222222214,122.9307777777778,0.2,219.0,2019-03-17 00:19:36,刺网
17121,30.439472222222214,122.93075,0.0,0.0,2019-03-17 00:24:36,刺网
17121,30.43944444444445,122.9307777777778,0.0,0.0,2019-03-17 00:29:36,刺网
17121,30.43944444444445,122.93066666666668,0.0,0.0,2019-03-17 00:34:36,刺网
17121,30.43944444444445,122.93072222222223,0.1,0.0,2019-03-17 00:39:36,刺网
17121,30.439472222222214,122.93072222222223,0.3,0.0,2019-03-17 00:44:36,刺网
17121,30.43944444444445,122.93075,0.1,0.0,2019-03-17 00:49:36,刺网
17121,30.43944444444445,122.93069444444444,0.1,0.0,2019-03-17 00:54:36,刺网
17121,30.439472222222214,122.93069444444444,0.1,0.0,2019-03-17 00:59:36,刺网
17121,30.439472222222214,122.93072222222223,0.0,0.0,2019-03-17 01:04:36,刺网
17121,30.4395,122.93072222222223,0.2,0.0,2019-03-17 01:09:36,刺网
17121,30.4395,122.93083333333334,0.2,0.0,2019-03-17 01:14:36,刺网
17121,30.4395,122.93075,0.2,0.0,2019-03-17 01:24:36,刺网
17121,30.43944444444445,122.93063888888894,0.2,0.0,2019-03-17 01:29:36,刺网
17121,30.439416666666666,122.931,0.1,0.0,2019-03-17 01:34:36,刺网
17121,30.43944444444445,122.9309722222222,0.1,0.0,2019-03-17 01:39:36,刺网
17121,30.4395,122.93091666666668,0.5,0.0,2019-03-17 01:44:36,刺网
17121,30.439472222222214,122.93083333333334,0.7,17.0,2019-03-17 01:49:36,刺网
17121,30.439472222222214,122.93083333333334,0.2,0.0,2019-03-17 01:54:44,刺网
17121,30.43936111111111,122.93080555555555,0.3,0.0,2019-03-17 01:59:36,刺网
17121,30.4395,122.93075,0.0,0.0,2019-03-17 02:05:13,刺网
17121,30.4395,122.93075,0.2,0.0,2019-03-17 02:09:36,刺网
17121,30.439472222222214,122.93116666666668,0.3,0.0,2019-03-17 02:14:36,刺网
17121,30.439527777777766,122.9307777777778,0.5,229.0,2019-03-17 02:19:36,刺网
17121,30.439472222222214,122.931,0.3,110.0,2019-03-17 02:24:36,刺网
17121,30.4395,122.93091666666668,0.4,0.0,2019-03-17 02:29:36,刺网
17121,30.4395,122.93086111111113,0.3,0.0,2019-03-17 02:34:36,刺网
17121,30.439472222222214,122.93086111111113,0.2,0.0,2019-03-17 02:39:36,刺网
17121,30.43944444444445,122.9310277777778,0.1,0.0,2019-03-17 02:44:36,刺网
17121,30.4395,122.93088888888893,0.5,56.0,2019-03-17 02:49:36,刺网
17121,30.4395,122.93088888888893,0.3,332.0,2019-03-17 02:54:36,刺网
17121,30.439472222222214,122.93105555555556,0.2,0.0,2019-03-17 02:59:36,刺网
17121,30.4395,122.93083333333334,0.0,0.0,2019-03-17 03:04:36,刺网
17121,30.4395,122.93083333333334,0.4,0.0,2019-03-17 03:09:36,刺网
17121,30.43944444444445,122.93091666666668,0.1,0.0,2019-03-17 03:14:36,刺网
17121,30.4395,122.93075,0.1,0.0,2019-03-17 03:19:36,刺网
17121,30.4395,122.93094444444445,0.1,0.0,2019-03-17 03:24:36,刺网
17121,30.439472222222214,122.93083333333334,0.3,0.0,2019-03-17 03:29:36,刺网
17121,30.439472222222214,122.93083333333334,0.1,0.0,2019-03-17 03:34:36,刺网
17121,30.439472222222214,122.931,0.4,0.0,2019-03-17 03:39:36,刺网
17121,30.4395,122.93075,1.4,268.0,2019-03-17 03:44:36,刺网
17121,30.4395,122.93091666666668,0.4,0.0,2019-03-17 03:49:36,刺网
17121,30.439472222222214,122.931,0.1,0.0,2019-03-17 03:54:36,刺网
17121,30.439472222222214,122.93091666666668,0.4,0.0,2019-03-17 03:59:36,刺网
17121,30.4395,122.93088888888893,0.1,0.0,2019-03-17 04:05:13,刺网
17121,30.439472222222214,122.93080555555555,0.0,0.0,2019-03-17 04:09:36,刺网
17121,30.4395,122.93088888888893,0.2,0.0,2019-03-17 04:14:36,刺网
17121,30.439472222222214,122.931,0.2,0.0,2019-03-17 04:19:35,刺网
17121,30.4395,122.93091666666668,0.2,0.0,2019-03-17 04:24:35,刺网
17121,30.439472222222214,122.93083333333334,0.4,253.0,2019-03-17 04:29:35,刺网
17121,30.439472222222214,122.93088888888893,0.2,0.0,2019-03-17 04:34:35,刺网
17121,30.439472222222214,122.93091666666668,0.1,0.0,2019-03-17 04:39:35,刺网
17121,30.439472222222214,122.93086111111113,0.6,233.0,2019-03-17 04:44:35,刺网
17121,30.439472222222214,122.93105555555556,0.4,0.0,2019-03-17 04:49:35,刺网
17121,30.439472222222214,122.9309722222222,0.0,0.0,2019-03-17 04:54:35,刺网
17121,30.4395,122.93088888888893,0.2,0.0,2019-03-17 04:59:35,刺网
17121,30.439472222222214,122.93105555555556,0.2,0.0,2019-03-17 05:04:35,刺网
17121,30.439472222222214,122.931,0.2,0.0,2019-03-17 05:09:35,刺网
17121,30.439472222222214,122.93108333333332,0.7,311.0,2019-03-17 05:14:35,刺网
17121,30.439472222222214,122.9310277777778,0.0,0.0,2019-03-17 05:19:35,刺网
17121,30.4395,122.93094444444445,0.0,0.0,2019-03-17 05:24:35,刺网
17121,30.439472222222214,122.9310277777778,0.2,0.0,2019-03-17 05:29:35,刺网
17121,30.44005555555556,122.9307777777778,8.2,28.0,2019-03-17 05:34:35,刺网
17121,30.44319444444445,122.93108333333332,5.5,19.0,2019-03-17 05:39:35,刺网
17121,30.44233333333333,122.93305555555555,6.4,342.0,2019-03-17 05:44:35,刺网
17121,30.443666666666665,122.93458333333334,8.5,103.0,2019-03-17 05:49:35,刺网
17121,30.44258333333333,122.94013888888887,7.0,117.0,2019-03-17 05:54:35,刺网
17121,30.441777777777766,122.93669444444444,7.1,70.0,2019-03-17 05:59:35,刺网
17121,30.439694444444445,122.9302777777778,7.8,199.0,2019-03-17 06:05:12,刺网
17121,30.431611111111113,122.92488888888893,6.9,199.0,2019-03-17 06:09:35,刺网
17121,30.42758333333333,122.92505555555556,4.6,343.0,2019-03-17 06:14:35,刺网
17121,30.434638888888887,122.9277777777778,7.2,36.0,2019-03-17 06:19:35,刺网
17121,30.438666666666666,122.931,0.3,0.0,2019-03-17 06:24:35,刺网
17121,30.43883333333333,122.9310277777778,0.3,0.0,2019-03-17 06:29:35,刺网
17121,30.43883333333333,122.931,0.2,0.0,2019-03-17 06:34:35,刺网
17121,30.43888888888889,122.93091666666668,0.1,0.0,2019-03-17 06:39:35,刺网
17121,30.43883333333333,122.93108333333332,0.0,0.0,2019-03-17 06:44:35,刺网
17121,30.438861111111112,122.93094444444445,0.1,0.0,2019-03-17 06:49:35,刺网
17121,30.438861111111112,122.9310277777778,0.0,0.0,2019-03-17 06:54:35,刺网
17121,30.43883333333333,122.9310277777778,0.3,0.0,2019-03-17 06:59:35,刺网
17121,30.43883333333333,122.93105555555556,0.2,0.0,2019-03-17 07:04:35,刺网
17121,30.438777777777766,122.93111111111112,0.2,0.0,2019-03-17 07:09:35,刺网
17121,30.438805555555557,122.93116666666668,0.0,0.0,2019-03-17 07:14:35,刺网
17121,30.43875,122.93116666666668,0.1,0.0,2019-03-17 07:19:35,刺网
17121,30.43869444444445,122.93130555555555,0.0,0.0,2019-03-17 07:24:35,刺网
17121,30.43869444444445,122.93125,0.2,0.0,2019-03-17 07:29:35,刺网
17121,30.438722222222214,122.93122222222223,0.3,0.0,2019-03-17 07:34:35,刺网
17121,30.438722222222214,122.93125,0.1,0.0,2019-03-17 07:39:35,刺网
17121,30.44258333333333,122.9349722222222,8.7,94.0,2019-03-17 07:44:35,刺网
17121,30.440527777777767,122.94505555555556,6.8,349.0,2019-03-17 07:49:35,刺网
17121,30.43738888888889,122.94180555555555,6.6,193.0,2019-03-17 07:54:35,刺网
17121,30.428361111111112,122.93422222222223,8.2,224.0,2019-03-17 07:59:35,刺网
17121,30.428722222222234,122.92433333333334,5.6,275.0,2019-03-17 08:05:12,刺网
17121,30.42725,122.92519444444444,5.4,108.0,2019-03-17 08:09:35,刺网
17121,30.427555555555557,122.9260277777778,2.1,68.0,2019-03-17 08:14:35,刺网
17121,30.42766666666667,122.92647222222223,1.2,336.0,2019-03-17 08:19:35,刺网
17121,30.427527777777787,122.92636111111106,1.6,319.0,2019-03-17 08:24:35,刺网
17121,30.4285,122.92644444444444,0.4,322.0,2019-03-17 08:29:35,刺网
17121,30.42866666666667,122.9345,8.5,66.0,2019-03-17 08:34:35,刺网
17121,30.430111111111113,122.93838888888894,6.0,357.0,2019-03-17 08:39:34,刺网
17121,30.43638888888889,122.94105555555555,1.3,203.0,2019-03-17 08:44:34,刺网
17121,30.437666666666665,122.94172222222224,1.7,54.0,2019-03-17 08:49:34,刺网
17121,30.43833333333333,122.94263888888894,0.7,239.0,2019-03-17 08:54:34,刺网
17121,30.43758333333333,122.94172222222224,0.5,351.0,2019-03-17 08:59:34,刺网
17121,30.43761111111111,122.94191666666669,0.2,0.0,2019-03-17 09:04:34,刺网
17121,30.438111111111112,122.94252777777778,0.7,346.0,2019-03-17 09:09:34,刺网
17121,30.438000000000002,122.94252777777778,0.4,0.0,2019-03-17 09:14:34,刺网
17121,30.43802777777778,122.94255555555556,1.5,326.0,2019-03-17 09:19:34,刺网
17121,30.437555555555555,122.94188888888893,1.4,243.0,2019-03-17 09:24:34,刺网
17121,30.437638888888888,122.94069444444445,0.7,284.0,2019-03-17 09:29:34,刺网
17121,30.43363888888889,122.93777777777778,8.2,218.0,2019-03-17 09:34:34,刺网
17121,30.42766666666667,122.9302777777778,6.3,134.0,2019-03-17 09:39:34,刺网
17121,30.42716666666667,122.92561111111112,7.6,300.0,2019-03-17 09:44:34,刺网
17121,30.436416666666666,122.92941666666668,7.9,32.0,2019-03-17 09:49:34,刺网
17121,30.438222222222233,122.93061111111112,0.4,0.0,2019-03-17 09:54:34,刺网
17121,30.438194444444445,122.93113888888894,0.2,0.0,2019-03-17 10:00:02,刺网
17121,30.43830555555556,122.93130555555555,0.0,0.0,2019-03-17 10:05:11,刺网
17121,30.438388888888888,122.9315,0.1,0.0,2019-03-17 10:09:34,刺网
17121,30.43833333333333,122.93136111111113,0.0,0.0,2019-03-17 10:14:34,刺网
17121,30.43836111111111,122.93133333333334,0.0,0.0,2019-03-17 10:19:34,刺网
17121,30.43836111111111,122.93144444444445,0.0,0.0,2019-03-17 10:24:34,刺网
17121,30.438416666666665,122.93144444444445,0.0,0.0,2019-03-17 10:29:34,刺网
17121,30.43855555555556,122.93158333333334,0.1,0.0,2019-03-17 10:34:34,刺网
17121,30.4385,122.93147222222223,0.4,359.0,2019-03-17 10:39:34,刺网
17121,30.43855555555556,122.93144444444445,0.2,0.0,2019-03-17 10:44:34,刺网
17121,30.43861111111111,122.93152777777777,0.1,0.0,2019-03-17 10:49:34,刺网
17121,30.43861111111111,122.93155555555555,0.1,0.0,2019-03-17 10:54:34,刺网
17121,30.438527777777786,122.93158333333334,0.2,0.0,2019-03-17 10:59:34,刺网
17121,30.4385,122.93147222222223,0.2,0.0,2019-03-17 11:04:34,刺网
17121,30.43847222222222,122.93138888888888,0.1,0.0,2019-03-17 11:09:34,刺网
17121,30.438416666666665,122.93127777777781,0.1,0.0,2019-03-17 11:14:34,刺网
17121,30.43844444444445,122.93130555555555,0.0,0.0,2019-03-17 11:19:34,刺网
17121,30.43836111111111,122.93127777777781,0.0,0.0,2019-03-17 11:24:34,刺网
17121,30.43833333333333,122.93133333333334,0.0,0.0,2019-03-17 11:29:34,刺网
17121,30.43830555555556,122.93133333333334,0.3,0.0,2019-03-17 11:34:34,刺网
17121,30.438250000000004,122.93130555555555,0.0,0.0,2019-03-17 11:39:34,刺网
17121,30.44163888888889,122.93472222222222,2.8,253.0,2019-03-17 11:44:34,刺网
17121,30.44236111111111,122.93652777777778,1.5,90.0,2019-03-17 11:49:34,刺网
17121,30.442555555555554,122.93825,2.6,108.0,2019-03-17 11:54:34,刺网
17121,30.44158333333333,122.93736111111113,0.7,6.0,2019-03-17 11:59:34,刺网
17121,30.442611111111113,122.93413888888887,3.7,268.0,2019-03-17 12:05:11,刺网
17121,30.440972222222214,122.93105555555556,7.8,19.0,2019-03-17 12:09:34,刺网
17121,30.43963888888889,122.92841666666668,1.8,2.0,2019-03-17 12:14:34,刺网
17121,30.44069444444445,122.9290277777778,0.4,70.0,2019-03-17 12:19:34,刺网
17121,30.445972222222213,122.93169444444445,1.0,329.0,2019-03-17 12:24:34,刺网
17121,30.445999999999998,122.93147222222223,0.7,267.0,2019-03-17 12:29:34,刺网
17121,30.446277777777766,122.93191666666668,1.4,49.0,2019-03-17 12:34:34,刺网
17121,30.44594444444445,122.9327222222222,1.0,141.0,2019-03-17 12:39:34,刺网
17121,30.445916666666665,122.93177777777778,1.1,28.0,2019-03-17 12:44:34,刺网
17121,30.446527777777767,122.93236111111106,1.5,72.0,2019-03-17 12:49:34,刺网
17121,30.445888888888888,122.93191666666668,0.5,303.0,2019-03-17 12:54:34,刺网
17121,30.446388888888887,122.93283333333336,0.9,244.0,2019-03-17 12:59:34,刺网
17121,30.445277777777786,122.93294444444444,1.4,100.0,2019-03-17 13:04:34,刺网
17121,30.44361111111111,122.93602777777778,2.0,124.0,2019-03-17 13:09:34,刺网
17121,30.44327777777778,122.93636111111113,0.3,0.0,2019-03-17 13:14:34,刺网
17121,30.44369444444445,122.93422222222223,0.4,0.0,2019-03-17 13:19:33,刺网
17121,30.44425,122.93244444444444,0.6,0.0,2019-03-17 13:24:34,刺网
17121,30.44391666666667,122.93319444444445,1.2,343.0,2019-03-17 13:29:51,刺网
17121,30.443444444444445,122.93275,1.4,175.0,2019-03-17 13:34:34,刺网
17121,30.443805555555556,122.93336111111113,1.2,0.0,2019-03-17 13:39:35,刺网
17121,30.44244444444445,122.93341666666667,1.1,152.0,2019-03-17 13:45:01,刺网
17121,30.444805555555554,122.9337777777778,4.2,12.0,2019-03-17 13:49:33,刺网
17121,30.446222222222215,122.93288888888893,1.2,319.0,2019-03-17 13:54:33,刺网
17121,30.44716666666667,122.93225,0.7,192.0,2019-03-17 13:59:33,刺网
17121,30.44677777777777,122.93288888888893,1.0,86.0,2019-03-17 14:05:10,刺网
17121,30.446527777777767,122.9315,5.5,353.0,2019-03-17 14:09:33,刺网
17121,30.44575,122.93183333333334,7.1,31.0,2019-03-17 14:14:33,刺网
17121,30.442888888888888,122.93788888888888,8.7,115.0,2019-03-17 14:19:33,刺网
17121,30.44033333333333,122.94238888888893,0.8,44.0,2019-03-17 14:24:33,刺网
17121,30.440638888888888,122.94322222222223,1.6,18.0,2019-03-17 14:29:33,刺网
17121,30.44163888888889,122.943,0.5,356.0,2019-03-17 14:34:33,刺网
17121,30.44158333333333,122.94294444444445,0.4,275.0,2019-03-17 14:39:33,刺网
17121,30.441722222222214,122.94261111111112,0.6,176.0,2019-03-17 14:44:33,刺网
17121,30.44144444444445,122.94327777777778,0.3,0.0,2019-03-17 14:49:33,刺网
17121,30.441527777777768,122.94230555555555,0.7,146.0,2019-03-17 14:54:33,刺网
17121,30.43716666666667,122.9422777777778,5.2,213.0,2019-03-17 14:59:33,刺网
17121,30.43077777777778,122.93680555555555,7.9,228.0,2019-03-17 15:04:33,刺网
17121,30.42808333333333,122.93686111111113,8.2,248.0,2019-03-17 15:09:33,刺网
17121,30.4275,122.92658333333334,1.8,40.0,2019-03-17 15:14:33,刺网
17121,30.42694444444445,122.92722222222223,0.5,0.0,2019-03-17 15:19:33,刺网
17121,30.42675,122.92905555555555,0.3,0.0,2019-03-17 15:24:33,刺网
17121,30.427138888888887,122.92858333333334,0.8,135.0,2019-03-17 15:29:33,刺网
17121,30.427027777777766,122.93025,1.3,83.0,2019-03-17 15:34:33,刺网
17121,30.42747222222223,122.93052777777778,0.4,0.0,2019-03-17 15:39:32,刺网
17121,30.427277777777785,122.92086111111112,2.5,293.0,2019-03-17 15:44:33,刺网
17121,30.42744444444445,122.92475,0.1,0.0,2019-03-17 15:49:33,刺网
17121,30.42758333333333,122.92466666666668,1.9,187.0,2019-03-17 15:54:33,刺网
17121,30.42758333333333,122.92383333333332,1.6,302.0,2019-03-17 15:59:33,刺网
17121,30.42747222222223,122.92394444444444,1.2,334.0,2019-03-17 16:05:10,刺网
17121,30.428472222222233,122.92444444444445,1.3,70.0,2019-03-17 16:09:33,刺网
17121,30.42883333333333,122.92425,0.9,12.0,2019-03-17 16:14:33,刺网
17121,30.42975,122.92480555555555,0.4,300.0,2019-03-17 16:19:33,刺网
17121,30.429805555555557,122.9245,0.2,0.0,2019-03-17 16:24:33,刺网
17121,30.429944444444452,122.92611111111113,1.2,270.0,2019-03-17 16:29:33,刺网
17121,30.431305555555557,122.92636111111106,4.7,99.0,2019-03-17 16:34:33,刺网
17121,30.43119444444445,122.92694444444444,1.2,323.0,2019-03-17 16:39:33,刺网
17121,30.43827777777778,122.92908333333334,7.8,13.0,2019-03-17 16:44:33,刺网
17121,30.44230555555556,122.93941666666666,8.1,99.0,2019-03-17 16:49:33,刺网
17121,30.441972222222233,122.94275,6.1,295.0,2019-03-17 16:54:33,刺网
17121,30.441527777777768,122.93919444444445,5.7,233.0,2019-03-17 16:59:33,刺网
17121,30.442555555555554,122.94047222222223,0.5,11.0,2019-03-17 17:09:33,刺网
17121,30.44236111111111,122.94058333333334,1.4,75.0,2019-03-17 17:14:33,刺网
17121,30.44233333333333,122.94088888888888,0.1,0.0,2019-03-17 17:19:33,刺网
17121,30.441972222222233,122.9399722222222,1.2,1.0,2019-03-17 17:24:33,刺网
17121,30.44230555555556,122.94091666666668,0.2,0.0,2019-03-17 17:29:33,刺网
17121,30.442,122.94075,1.1,237.0,2019-03-17 17:34:33,刺网
17121,30.4415,122.93905555555556,2.3,292.0,2019-03-17 17:39:32,刺网
17121,30.444111111111113,122.93094444444445,1.7,171.0,2019-03-17 17:44:32,刺网
17121,30.44361111111111,122.93072222222223,1.0,314.0,2019-03-17 17:49:32,刺网
17121,30.44325000000001,122.93122222222223,1.0,180.0,2019-03-17 17:54:32,刺网
17121,30.444222222222226,122.93075,1.6,78.0,2019-03-17 17:59:32,刺网
17121,30.44369444444445,122.93066666666668,0.6,306.0,2019-03-17 18:05:10,刺网
17121,30.444555555555556,122.93083333333334,0.2,3.0,2019-03-17 18:09:32,刺网
17121,30.442888888888888,122.93155555555555,0.5,158.0,2019-03-17 18:14:32,刺网
17121,30.44072222222222,122.93094444444445,3.9,186.0,2019-03-17 18:19:32,刺网
17121,30.43888888888889,122.93044444444445,2.0,248.0,2019-03-17 18:24:32,刺网
17121,30.43991666666667,122.93011111111113,1.5,5.0,2019-03-17 18:29:32,刺网
17121,30.441388888888888,122.9307777777778,0.3,65.0,2019-03-17 18:34:32,刺网
17121,30.440027777777786,122.93086111111113,0.5,163.0,2019-03-17 18:39:32,刺网
17121,30.43883333333333,122.93047222222224,0.2,0.0,2019-03-17 18:44:32,刺网
17121,30.438722222222214,122.9302777777778,0.1,0.0,2019-03-17 18:49:32,刺网
17121,30.43861111111111,122.93041666666667,0.2,0.0,2019-03-17 18:54:32,刺网
17121,30.43836111111111,122.93044444444445,0.2,0.0,2019-03-17 18:59:32,刺网
17121,30.43827777777778,122.93063888888894,0.2,0.0,2019-03-17 19:04:32,刺网
17121,30.438250000000004,122.93080555555555,0.0,0.0,2019-03-17 19:09:32,刺网
17121,30.43827777777778,122.93091666666668,0.0,0.0,2019-03-17 19:14:32,刺网
17121,30.438194444444445,122.93091666666668,0.0,0.0,2019-03-17 19:19:32,刺网
17121,30.438222222222233,122.93072222222223,0.1,0.0,2019-03-17 19:24:32,刺网
17121,30.43827777777778,122.93066666666668,0.1,0.0,2019-03-17 19:29:32,刺网
17121,30.438222222222233,122.93086111111113,0.0,0.0,2019-03-17 19:34:32,刺网
17121,30.438222222222233,122.93086111111113,0.1,0.0,2019-03-17 19:39:32,刺网
17121,30.438250000000004,122.93094444444445,0.0,0.0,2019-03-17 19:44:32,刺网
17121,30.438250000000004,122.93094444444445,0.0,0.0,2019-03-17 19:49:32,刺网
17121,30.43830555555556,122.93091666666668,0.0,0.0,2019-03-17 20:05:09,刺网
17121,30.43830555555556,122.93086111111113,0.0,0.0,2019-03-17 20:09:31,刺网
17121,30.438222222222233,122.93080555555555,0.2,0.0,2019-03-17 20:14:32,刺网
17121,30.438222222222233,122.93080555555555,0.0,0.0,2019-03-17 20:19:32,刺网
17121,30.438222222222233,122.9307777777778,0.0,0.0,2019-03-17 20:24:32,刺网
17121,30.438250000000004,122.93080555555555,0.0,0.0,2019-03-17 20:29:32,刺网
17121,30.438222222222233,122.9309722222222,0.0,0.0,2019-03-17 20:34:32,刺网
17121,30.438250000000004,122.93105555555556,0.1,0.0,2019-03-17 20:39:32,刺网
17121,30.43830555555556,122.93116666666668,0.0,0.0,2019-03-17 20:44:32,刺网
17121,30.43827777777778,122.93116666666668,0.0,0.0,2019-03-17 20:49:32,刺网
17121,30.438388888888888,122.93122222222223,0.1,0.0,2019-03-17 20:54:32,刺网
17121,30.43844444444445,122.93119444444444,0.1,0.0,2019-03-17 20:59:32,刺网
17121,30.43855555555556,122.93119444444444,0.2,0.0,2019-03-17 21:04:32,刺网
17121,30.438666666666666,122.93127777777781,0.0,0.0,2019-03-17 21:09:32,刺网
17121,30.43875,122.93119444444444,0.1,0.0,2019-03-17 21:14:32,刺网
17121,30.43891666666667,122.9309722222222,0.3,0.0,2019-03-17 21:19:32,刺网
17121,30.439,122.93088888888893,0.1,0.0,2019-03-17 21:24:32,刺网
17121,30.439027777777767,122.93075,0.0,0.0,2019-03-17 21:29:32,刺网
17121,30.439027777777767,122.93055555555556,0.0,0.0,2019-03-17 21:34:31,刺网
17121,30.438944444444445,122.93025,0.4,0.0,2019-03-17 21:39:31,刺网
17121,30.43891666666667,122.93019444444445,0.0,0.0,2019-03-17 21:44:31,刺网
17121,30.438944444444445,122.93019444444445,0.0,0.0,2019-03-17 21:49:31,刺网
17121,30.438944444444445,122.93019444444445,0.1,0.0,2019-03-17 21:54:31,刺网
17121,30.438861111111112,122.93016666666668,0.3,0.0,2019-03-17 21:59:32,刺网
17121,30.43888888888889,122.9302777777778,0.1,0.0,2019-03-17 22:05:09,刺网
17121,30.438777777777766,122.93022222222223,0.1,0.0,2019-03-17 22:09:31,刺网
17121,30.438527777777786,122.93025,0.3,319.0,2019-03-17 22:14:31,刺网
17121,30.43844444444445,122.93036111111113,0.1,0.0,2019-03-17 22:19:31,刺网
17121,30.438388888888888,122.93038888888893,0.2,0.0,2019-03-17 22:24:31,刺网
17121,30.43844444444445,122.93036111111113,0.0,0.0,2019-03-17 22:29:31,刺网
17121,30.43855555555556,122.9302777777778,0.1,0.0,2019-03-17 22:34:31,刺网
17121,30.43875,122.93025,0.2,0.0,2019-03-17 22:39:31,刺网
17121,30.438944444444445,122.93033333333337,0.0,0.0,2019-03-17 22:44:31,刺网
17121,30.439138888888888,122.93041666666667,0.0,0.0,2019-03-17 22:49:31,刺网
17121,30.43911111111111,122.93055555555556,0.0,0.0,2019-03-17 22:54:31,刺网
17121,30.43919444444445,122.93041666666667,0.1,0.0,2019-03-17 22:59:31,刺网
17121,30.43911111111111,122.93055555555556,0.2,0.0,2019-03-17 23:04:31,刺网
17121,30.438944444444445,122.9307777777778,0.3,0.0,2019-03-17 23:09:31,刺网
17121,30.438722222222214,122.9309722222222,0.1,0.0,2019-03-17 23:14:31,刺网
17121,30.43847222222222,122.9310277777778,0.3,0.0,2019-03-17 23:19:31,刺网
17121,30.438388888888888,122.9309722222222,0.0,0.0,2019-03-17 23:24:31,刺网
17121,30.438194444444445,122.9309722222222,0.1,0.0,2019-03-17 23:29:31,刺网
17121,30.438388888888888,122.93127777777781,0.0,0.0,2019-03-17 23:34:31,刺网
17121,30.438388888888888,122.93138888888888,0.2,0.0,2019-03-17 23:39:31,刺网
17121,30.43833333333333,122.93130555555555,0.1,0.0,2019-03-17 23:44:31,刺网
17121,30.43830555555556,122.93130555555555,0.0,0.0,2019-03-17 23:49:31,刺网
17121,30.43836111111111,122.93133333333334,0.0,0.0,2019-03-17 23:54:30,刺网
17121,30.43827777777778,122.93125,0.3,0.0,2019-03-17 23:59:31,刺网
17121,30.43844444444445,122.93138888888888,0.1,0.0,2019-03-18 00:05:08,刺网
17121,30.438388888888888,122.93138888888888,0.0,0.0,2019-03-18 00:09:30,刺网
17121,30.43844444444445,122.93141666666666,0.0,0.0,2019-03-18 00:14:31,刺网
17121,30.43836111111111,122.93130555555555,0.1,0.0,2019-03-18 00:19:31,刺网
17121,30.438416666666665,122.93138888888888,0.1,0.0,2019-03-18 00:24:31,刺网
17121,30.43844444444445,122.93141666666666,0.0,0.0,2019-03-18 00:29:30,刺网
17121,30.438388888888888,122.93133333333334,0.2,0.0,2019-03-18 00:34:30,刺网
17121,30.438416666666665,122.93138888888888,0.2,0.0,2019-03-18 00:39:31,刺网
17121,30.438527777777786,122.9315,0.1,0.0,2019-03-18 00:44:30,刺网
17121,30.43858333333333,122.9315,0.1,0.0,2019-03-18 00:49:30,刺网
17121,30.438666666666666,122.93155555555555,0.2,0.0,2019-03-18 00:54:31,刺网
17121,30.438666666666666,122.93152777777777,0.4,213.0,2019-03-18 00:59:31,刺网
17121,30.43855555555556,122.93152777777777,0.1,0.0,2019-03-18 01:04:31,刺网
17121,30.43855555555556,122.93147222222223,0.0,0.0,2019-03-18 01:09:31,刺网
17121,30.43844444444445,122.93141666666666,0.2,0.0,2019-03-18 01:14:31,刺网
17121,30.438416666666665,122.93138888888888,0.1,0.0,2019-03-18 01:19:30,刺网
17121,30.43833333333333,122.93130555555555,0.3,0.0,2019-03-18 01:24:30,刺网
17121,30.438222222222233,122.93091666666668,0.1,0.0,2019-03-18 01:29:30,刺网
17121,30.438222222222233,122.93088888888893,0.1,0.0,2019-03-18 01:34:31,刺网
17121,30.438527777777786,122.9309722222222,0.3,0.0,2019-03-18 01:39:30,刺网
17121,30.43863888888889,122.93111111111112,0.1,0.0,2019-03-18 01:44:30,刺网
17121,30.439083333333336,122.93136111111113,0.3,0.0,2019-03-18 01:49:30,刺网
17121,30.43944444444445,122.93138888888888,6.0,35.0,2019-03-18 01:54:52,刺网
17121,30.43944444444445,122.93086111111113,0.2,0.0,2019-03-18 02:00:03,刺网
17121,30.43925,122.93036111111113,0.3,0.0,2019-03-18 02:05:07,刺网
17121,30.439305555555553,122.9305,0.0,0.0,2019-03-18 02:09:30,刺网
17121,30.439416666666666,122.93075,0.1,0.0,2019-03-18 02:14:30,刺网
17121,30.43938888888889,122.931,0.0,0.0,2019-03-18 02:19:30,刺网
17121,30.43938888888889,122.93091666666668,0.3,287.0,2019-03-18 02:24:30,刺网
17121,30.43938888888889,122.93091666666668,0.2,0.0,2019-03-18 02:29:30,刺网
17121,30.43938888888889,122.93069444444444,0.1,0.0,2019-03-18 02:34:30,刺网
17121,30.43925,122.93055555555556,0.1,0.0,2019-03-18 02:39:29,刺网
17121,30.43925,122.93047222222224,0.0,0.0,2019-03-18 02:44:30,刺网
17121,30.439305555555553,122.93075,0.1,0.0,2019-03-18 02:49:29,刺网
17121,30.439166666666665,122.93108333333332,0.3,0.0,2019-03-18 02:54:30,刺网
17121,30.43919444444445,122.93127777777781,0.1,0.0,2019-03-18 02:59:29,刺网
17121,30.439166666666665,122.93138888888888,0.1,0.0,2019-03-18 03:04:30,刺网
17121,30.439166666666665,122.93130555555555,0.0,0.0,2019-03-18 03:09:29,刺网
17121,30.43925,122.93136111111113,0.1,0.0,2019-03-18 03:14:29,刺网
17121,30.439055555555555,122.93136111111113,0.1,0.0,2019-03-18 03:19:29,刺网
17121,30.43883333333333,122.9315,0.1,0.0,2019-03-18 03:24:29,刺网
17121,30.438777777777766,122.93155555555555,0.0,0.0,2019-03-18 03:29:29,刺网
17121,30.43891666666667,122.93161111111112,0.1,0.0,2019-03-18 03:34:30,刺网
17121,30.438777777777766,122.93158333333334,0.1,0.0,2019-03-18 03:39:29,刺网
17121,30.43891666666667,122.93152777777777,0.1,0.0,2019-03-18 03:44:30,刺网
17121,30.439166666666665,122.93141666666666,0.0,0.0,2019-03-18 03:49:29,刺网
17121,30.43933333333333,122.93108333333332,0.1,0.0,2019-03-18 03:54:30,刺网
17121,30.43936111111111,122.93069444444444,0.5,239.0,2019-03-18 03:59:29,刺网
17121,30.43925,122.93052777777778,0.0,0.0,2019-03-18 04:05:06,刺网
17121,30.43933333333333,122.93058333333332,0.0,0.0,2019-03-18 04:09:29,刺网
17121,30.439305555555553,122.9305,0.0,0.0,2019-03-18 04:14:29,刺网
17121,30.43936111111111,122.93075,0.2,0.0,2019-03-18 04:19:29,刺网
17121,30.439305555555553,122.93055555555556,0.1,0.0,2019-03-18 04:24:29,刺网
17121,30.439305555555553,122.93058333333332,0.1,0.0,2019-03-18 04:29:29,刺网
17121,30.43933333333333,122.93066666666668,0.1,0.0,2019-03-18 04:34:29,刺网
17121,30.43936111111111,122.9307777777778,0.0,0.0,2019-03-18 04:39:29,刺网
17121,30.43936111111111,122.93075,0.1,0.0,2019-03-18 04:44:29,刺网
17121,30.43938888888889,122.93086111111113,0.0,0.0,2019-03-18 04:49:29,刺网
17121,30.43938888888889,122.93075,0.1,0.0,2019-03-18 04:54:29,刺网
17121,30.43938888888889,122.93080555555555,0.1,0.0,2019-03-18 04:59:29,刺网
17121,30.43936111111111,122.93086111111113,0.0,0.0,2019-03-18 05:04:30,刺网
17121,30.43938888888889,122.9307777777778,0.0,0.0,2019-03-18 05:09:29,刺网
17121,30.43938888888889,122.93072222222223,0.1,0.0,2019-03-18 05:14:29,刺网
17121,30.43936111111111,122.93072222222223,0.0,0.0,2019-03-18 05:19:29,刺网
17121,30.43936111111111,122.93069444444444,0.2,0.0,2019-03-18 05:24:29,刺网
17121,30.43936111111111,122.93063888888894,0.1,0.0,2019-03-18 05:29:29,刺网
17121,30.43936111111111,122.93072222222223,0.4,0.0,2019-03-18 05:34:29,刺网
17121,30.43938888888889,122.93083333333334,0.0,0.0,2019-03-18 05:39:29,刺网
17121,30.43938888888889,122.93080555555555,0.0,0.0,2019-03-18 05:44:29,刺网
17121,30.441194444444445,122.93113888888894,8.7,20.0,2019-03-18 05:49:29,刺网
17121,30.444527777777786,122.93075,5.7,244.0,2019-03-18 05:54:29,刺网
17121,30.443722222222213,122.93347222222219,6.7,175.0,2019-03-18 05:59:29,刺网
17121,30.44283333333333,122.93297222222223,8.5,249.0,2019-03-18 06:05:06,刺网
17121,30.434555555555555,122.92963888888887,6.0,217.0,2019-03-18 06:09:29,刺网
17121,30.43125,122.92697222222222,3.2,127.0,2019-03-18 06:14:29,刺网
17121,30.43125,122.92672222222224,2.8,281.0,2019-03-18 06:19:29,刺网
17121,30.429805555555557,122.92625,1.0,71.0,2019-03-18 06:24:29,刺网
17121,30.429972222222233,122.92555555555555,0.2,0.0,2019-03-18 06:29:29,刺网
17121,30.427222222222234,122.92722222222223,0.2,0.0,2019-03-18 06:34:29,刺网
17121,30.426527777777785,122.92872222222222,0.6,320.0,2019-03-18 06:39:29,刺网
17121,30.426416666666668,122.92888888888888,5.5,124.0,2019-03-18 06:44:30,刺网
17121,30.42586111111111,122.93158333333334,1.4,135.0,2019-03-18 06:49:29,刺网
17121,30.426361111111113,122.93163888888887,1.1,347.0,2019-03-18 06:54:29,刺网
17121,30.426055555555557,122.92880555555556,2.2,300.0,2019-03-18 06:59:29,刺网
17121,30.426805555555557,122.92883333333332,0.4,0.0,2019-03-18 07:04:29,刺网
17121,30.42691666666667,122.9277777777778,7.1,352.0,2019-03-18 07:09:28,刺网
17121,30.431222222222214,122.92447222222222,10.0,10.0,2019-03-18 07:14:29,刺网
17121,30.44191666666667,122.93161111111112,8.7,60.0,2019-03-18 07:19:28,刺网
17121,30.44072222222222,122.9429722222222,0.6,79.0,2019-03-18 07:24:29,刺网
17121,30.44147222222222,122.94230555555555,0.8,322.0,2019-03-18 07:29:28,刺网
17121,30.441555555555553,122.94238888888893,0.1,0.0,2019-03-18 07:34:29,刺网
17121,30.441277777777767,122.94272222222223,1.5,231.0,2019-03-18 07:39:28,刺网
17121,30.441861111111113,122.94194444444445,1.2,0.0,2019-03-18 07:44:29,刺网
17121,30.44136111111111,122.94269444444444,0.0,0.0,2019-03-18 07:49:28,刺网
17121,30.441666666666666,122.94191666666669,0.3,0.0,2019-03-18 07:54:29,刺网
17121,30.44183333333333,122.94183333333336,0.5,268.0,2019-03-18 07:59:28,刺网
17121,30.43808333333333,122.94316666666668,6.8,189.0,2019-03-18 08:05:05,刺网
17121,30.430527777777787,122.939,7.4,224.0,2019-03-18 08:09:28,刺网
17121,30.42958333333333,122.93852777777781,0.9,181.0,2019-03-18 08:14:29,刺网
17121,30.42969444444445,122.93875,1.6,45.0,2019-03-18 08:19:28,刺网
17121,30.430222222222234,122.93847222222222,0.9,327.0,2019-03-18 08:24:29,刺网
17121,30.43033333333333,122.93830555555556,1.3,338.0,2019-03-18 08:29:28,刺网
17121,30.42672222222223,122.92938888888894,8.2,276.0,2019-03-18 08:34:29,刺网
17121,30.42838888888889,122.92458333333332,7.9,12.0,2019-03-18 08:39:28,刺网
17121,30.42813888888889,122.92347222222222,4.9,148.0,2019-03-18 08:44:29,刺网
17121,30.426444444444453,122.9315,5.5,81.0,2019-03-18 08:49:28,刺网
17121,30.430750000000003,122.93902777777778,5.6,53.0,2019-03-18 08:54:29,刺网
17121,30.438416666666665,122.94588888888893,0.1,0.0,2019-03-18 09:04:29,刺网
17121,30.43855555555556,122.9459722222222,0.5,0.0,2019-03-18 09:09:28,刺网
17121,30.43891666666667,122.94580555555555,0.7,324.0,2019-03-18 09:14:29,刺网
17121,30.43911111111111,122.94563888888894,0.4,114.0,2019-03-18 09:19:28,刺网
17121,30.440916666666666,122.94538888888887,0.5,129.0,2019-03-18 09:24:28,刺网
17121,30.44075,122.94508333333334,0.5,42.0,2019-03-18 09:29:28,刺网
17121,30.44075,122.94516666666668,0.4,279.0,2019-03-18 09:34:29,刺网
17121,30.440305555555554,122.94508333333334,0.5,151.0,2019-03-18 09:39:28,刺网
17121,30.440527777777767,122.94488888888893,0.2,0.0,2019-03-18 09:44:29,刺网
17121,30.439555555555554,122.94405555555555,0.7,282.0,2019-03-18 09:49:28,刺网
17121,30.44008333333333,122.9445,0.2,0.0,2019-03-18 09:54:29,刺网
17121,30.43986111111111,122.945,3.1,169.0,2019-03-18 09:59:28,刺网
17121,30.439777777777767,122.94405555555555,0.3,304.0,2019-03-18 10:05:05,刺网
17121,30.44283333333333,122.94019444444444,7.8,286.0,2019-03-18 10:09:28,刺网
17121,30.44025,122.93136111111113,4.3,155.0,2019-03-18 10:14:29,刺网
17121,30.438666666666666,122.93088888888893,0.1,0.0,2019-03-18 10:19:28,刺网
17121,30.43861111111111,122.9309722222222,0.1,0.0,2019-03-18 10:24:29,刺网
17121,30.43847222222222,122.93091666666668,0.1,0.0,2019-03-18 10:29:28,刺网
17121,30.438222222222233,122.93080555555555,0.3,172.0,2019-03-18 10:34:29,刺网
17121,30.43816666666667,122.93083333333334,0.0,0.0,2019-03-18 10:39:28,刺网
17121,30.43816666666667,122.93080555555555,0.1,0.0,2019-03-18 10:44:29,刺网
17121,30.43816666666667,122.93086111111113,0.1,0.0,2019-03-18 10:49:28,刺网
17121,30.43816666666667,122.9310277777778,0.1,0.0,2019-03-18 10:54:29,刺网
17121,30.438194444444445,122.93105555555556,0.1,0.0,2019-03-18 10:59:28,刺网
17121,30.438222222222233,122.93105555555556,0.2,0.0,2019-03-18 11:04:29,刺网
17121,30.438194444444445,122.93105555555556,0.1,0.0,2019-03-18 11:09:28,刺网
17121,30.438194444444445,122.93094444444445,0.2,0.0,2019-03-18 11:14:29,刺网
17121,30.438222222222233,122.93083333333334,0.1,0.0,2019-03-18 11:19:28,刺网
17121,30.43813888888889,122.93080555555555,0.1,0.0,2019-03-18 11:24:29,刺网
17121,30.438111111111112,122.93075,0.3,0.0,2019-03-18 11:29:27,刺网
17121,30.43816666666667,122.93075,0.1,0.0,2019-03-18 11:34:28,刺网
17121,30.438194444444445,122.93063888888894,0.2,0.0,2019-03-18 11:39:27,刺网
17121,30.438194444444445,122.93055555555556,0.1,0.0,2019-03-18 11:44:28,刺网
17121,30.438250000000004,122.93052777777778,0.1,0.0,2019-03-18 11:49:27,刺网
17121,30.438250000000004,122.9305,0.1,0.0,2019-03-18 11:54:28,刺网
17121,30.438222222222233,122.9305,0.1,0.0,2019-03-18 11:59:27,刺网
17121,30.438222222222233,122.93044444444445,0.1,0.0,2019-03-18 12:05:05,刺网
17121,30.438194444444445,122.93058333333332,0.1,0.0,2019-03-18 12:09:27,刺网
17121,30.43813888888889,122.9307777777778,0.1,0.0,2019-03-18 12:14:28,刺网
17121,30.43813888888889,122.9307777777778,0.0,0.0,2019-03-18 12:19:27,刺网
17121,30.43813888888889,122.93094444444445,0.2,0.0,2019-03-18 12:24:28,刺网
17121,30.43813888888889,122.93094444444445,0.1,0.0,2019-03-18 12:29:27,刺网
17121,30.43469444444445,122.92711111111113,1.2,95.0,2019-03-18 12:39:27,刺网
17121,30.434027777777768,122.927,1.3,219.0,2019-03-18 12:44:28,刺网
17121,30.434527777777767,122.92725,0.9,70.0,2019-03-18 12:49:27,刺网
17121,30.434,122.92794444444445,0.6,159.0,2019-03-18 12:54:28,刺网
17121,30.43438888888889,122.92688888888893,0.3,186.0,2019-03-18 12:59:27,刺网
17121,30.43761111111111,122.92766666666668,3.8,44.0,2019-03-18 13:04:28,刺网
17121,30.44161111111111,122.931,1.7,33.0,2019-03-18 13:09:27,刺网
17121,30.442277777777786,122.93391666666666,7.7,93.0,2019-03-18 13:14:28,刺网
17121,30.44147222222222,122.93080555555555,7.8,227.0,2019-03-18 13:19:27,刺网
17121,30.430750000000003,122.92466666666668,9.2,196.0,2019-03-18 13:24:28,刺网
17121,30.42738888888889,122.92719444444445,2.4,290.0,2019-03-18 13:29:27,刺网
17121,30.426777777777787,122.92736111111113,1.1,10.0,2019-03-18 13:34:28,刺网
17121,30.42688888888889,122.92719444444445,0.3,0.0,2019-03-18 13:39:27,刺网
17121,30.426861111111126,122.92891666666668,1.2,51.0,2019-03-18 13:44:28,刺网
17121,30.42666666666667,122.92877777777778,1.2,134.0,2019-03-18 13:49:27,刺网
17121,30.42738888888889,122.92966666666666,1.4,330.0,2019-03-18 13:54:26,刺网
17121,30.428916666666666,122.92461111111112,6.9,0.0,2019-03-18 13:59:27,刺网
17121,30.44013888888889,122.93016666666668,8.2,22.0,2019-03-18 14:05:04,刺网
17121,30.443583333333336,122.93588888888893,0.9,305.0,2019-03-18 14:09:27,刺网
17121,30.44425,122.93383333333334,1.2,307.0,2019-03-18 14:14:28,刺网
17121,30.444222222222226,122.93261111111113,0.8,275.0,2019-03-18 14:19:27,刺网
17121,30.444305555555548,122.93211111111113,0.5,134.0,2019-03-18 14:24:28,刺网
17121,30.443472222222233,122.93322222222223,1.6,314.0,2019-03-18 14:29:27,刺网
17121,30.443388888888887,122.9327777777778,1.8,235.0,2019-03-18 14:34:28,刺网
17121,30.44216666666667,122.93386111111113,1.1,72.0,2019-03-18 14:39:27,刺网
17121,30.44469444444445,122.9322222222222,0.1,0.0,2019-03-18 14:44:28,刺网
17121,30.445,122.93227777777778,0.9,76.0,2019-03-18 14:49:27,刺网
17121,30.444972222222226,122.9322222222222,0.2,0.0,2019-03-18 14:54:28,刺网
17121,30.44491666666667,122.9322222222222,0.3,0.0,2019-03-18 14:59:27,刺网
17121,30.444305555555548,122.93138888888888,4.6,203.0,2019-03-18 15:04:28,刺网
17121,30.44305555555556,122.93066666666668,0.7,311.0,2019-03-18 15:09:27,刺网
17121,30.444305555555548,122.93075,0.5,4.0,2019-03-18 15:14:28,刺网
17121,30.44355555555556,122.93111111111112,1.7,235.0,2019-03-18 15:19:27,刺网
17121,30.444000000000006,122.93136111111113,0.6,225.0,2019-03-18 15:24:28,刺网
17121,30.44483333333333,122.93091666666668,0.8,0.0,2019-03-18 15:29:27,刺网
17121,30.44283333333333,122.93144444444445,0.9,0.0,2019-03-18 15:34:27,刺网
17121,30.43966666666667,122.92833333333334,7.9,210.0,2019-03-18 15:39:27,刺网
17121,30.4285,122.92280555555556,9.6,181.0,2019-03-18 15:44:27,刺网
17121,30.427861111111113,122.9237222222222,0.4,0.0,2019-03-18 15:49:27,刺网
17121,30.42805555555556,122.92397222222223,0.6,0.0,2019-03-18 15:54:27,刺网
17121,30.42825,122.92441666666666,1.7,169.0,2019-03-18 15:59:26,刺网
17121,30.42769444444445,122.92380555555556,0.8,153.0,2019-03-18 16:05:04,刺网
17121,30.427,122.92427777777776,1.8,324.0,2019-03-18 16:09:26,刺网
17121,30.427750000000003,122.92452777777778,1.5,115.0,2019-03-18 16:14:26,刺网
17121,30.433222222222234,122.92552777777777,8.3,24.0,2019-03-18 16:19:26,刺网
17121,30.44386111111111,122.9305,7.8,25.0,2019-03-18 16:24:26,刺网
17121,30.44538888888889,122.93205555555555,2.5,355.0,2019-03-18 16:29:26,刺网
17121,30.445888888888888,122.93213888888893,1.4,283.0,2019-03-18 16:34:26,刺网
17121,30.446361111111113,122.9322222222222,0.9,329.0,2019-03-18 16:39:26,刺网
17121,30.4465,122.93194444444444,0.1,0.0,2019-03-18 16:44:26,刺网
17121,30.4465,122.93247222222222,2.0,146.0,2019-03-18 16:49:26,刺网
17121,30.446222222222215,122.93283333333336,0.3,0.0,2019-03-18 16:54:26,刺网
17121,30.43858333333333,122.93086111111113,0.5,169.0,2019-03-18 17:04:26,刺网
17121,30.444027777777766,122.9295277777778,8.5,327.0,2019-03-18 17:09:26,刺网
17121,30.454527777777766,122.92336111111106,9.0,338.0,2019-03-18 17:14:26,刺网
17121,30.465916666666665,122.91891666666666,8.7,346.0,2019-03-18 17:19:26,刺网
17121,30.477305555555553,122.9147222222222,9.0,334.0,2019-03-18 17:24:26,刺网
17121,30.488805555555558,122.90913888888888,9.4,335.0,2019-03-18 17:29:26,刺网
17121,30.50038888888889,122.90205555555555,9.6,333.0,2019-03-18 17:34:26,刺网
17121,30.51233333333333,122.89511111111112,9.5,330.0,2019-03-18 17:39:26,刺网
17121,30.523861111111113,122.88694444444445,9.5,326.0,2019-03-18 17:44:26,刺网
17121,30.53525,122.87899999999999,9.4,326.0,2019-03-18 17:49:26,刺网
17121,30.546333333333337,122.87011111111107,9.6,320.0,2019-03-18 17:54:26,刺网
17121,30.55733333333333,122.86058333333332,10.0,323.0,2019-03-18 17:59:26,刺网
17121,30.570055555555548,122.85033333333334,10.1,325.0,2019-03-18 18:05:03,刺网
17121,30.57986111111111,122.84202777777777,10.1,324.0,2019-03-18 18:09:26,刺网
17121,30.591305555555557,122.83294444444445,9.9,326.0,2019-03-18 18:14:26,刺网
17121,30.60297222222223,122.82408333333332,9.6,323.0,2019-03-18 18:19:26,刺网
17121,30.614694444444453,122.81511111111112,9.9,325.0,2019-03-18 18:24:26,刺网
17121,30.626277777777766,122.8059722222222,10.1,332.0,2019-03-18 18:29:25,刺网
17121,30.63827777777778,122.7975,9.8,323.0,2019-03-18 18:34:26,刺网
17121,30.64980555555556,122.78894444444445,9.5,331.0,2019-03-18 18:39:26,刺网
17121,30.66169444444445,122.78097222222222,10.0,329.0,2019-03-18 18:44:26,刺网
17121,30.674055555555555,122.77352777777777,10.2,340.0,2019-03-18 18:49:26,刺网
17121,30.68725,122.7665,10.2,332.0,2019-03-18 18:54:26,刺网
17121,30.700527777777786,122.76333333333334,9.1,11.0,2019-03-18 18:59:26,刺网
17121,30.708416666666665,122.77216666666666,3.9,78.0,2019-03-18 19:04:26,刺网
17121,30.70855555555556,122.773,0.0,0.0,2019-03-18 19:09:26,刺网
17121,30.70855555555556,122.7729722222222,0.2,0.0,2019-03-18 19:14:26,刺网
17121,30.70855555555556,122.7729722222222,0.2,0.0,2019-03-18 19:19:26,刺网
17121,30.70855555555556,122.773,0.2,0.0,2019-03-18 19:24:26,刺网
17121,30.70855555555556,122.773,0.2,0.0,2019-03-18 19:29:26,刺网
17121,30.70855555555556,122.773,0.1,0.0,2019-03-18 19:34:26,刺网
17121,30.708527777777785,122.77302777777777,0.0,0.0,2019-03-18 19:39:26,刺网
17121,30.70855555555556,122.773,0.1,0.0,2019-03-18 19:44:26,刺网
17121,30.70858333333333,122.77291666666666,0.0,0.0,2019-03-18 19:49:26,刺网
17121,30.70855555555556,122.77294444444445,0.1,0.0,2019-03-18 19:54:26,刺网
17121,30.70858333333333,122.7729722222222,0.1,0.0,2019-03-18 19:59:26,刺网
17121,30.708527777777785,122.773,0.1,0.0,2019-03-18 20:05:03,刺网
17121,30.708527777777785,122.773,0.1,0.0,2019-03-18 20:09:26,刺网
17121,30.708527777777785,122.77302777777777,0.0,0.0,2019-03-18 20:14:26,刺网
17121,30.708527777777785,122.77302777777777,0.1,0.0,2019-03-18 20:19:26,刺网
17121,30.708527777777785,122.77302777777777,0.2,0.0,2019-03-18 20:24:26,刺网
17121,30.708527777777785,122.77302777777777,0.1,0.0,2019-03-18 20:29:25,刺网
17121,30.708527777777785,122.773,0.1,0.0,2019-03-18 20:34:25,刺网
17121,30.70855555555556,122.773,0.0,0.0,2019-03-18 20:39:25,刺网
17121,30.708527777777785,122.773,0.1,0.0,2019-03-18 20:44:25,刺网
17121,30.70855555555556,122.7729722222222,0.0,0.0,2019-03-18 20:49:25,刺网
17121,30.70855555555556,122.773,0.2,0.0,2019-03-18 20:54:25,刺网
17121,30.708527777777785,122.773,0.1,0.0,2019-03-18 20:59:25,刺网
17121,30.708527777777785,122.7729722222222,0.0,0.0,2019-03-18 21:04:25,刺网
17121,30.70855555555556,122.7729722222222,0.2,0.0,2019-03-18 21:09:25,刺网
17121,30.70855555555556,122.773,0.3,0.0,2019-03-18 21:14:25,刺网
17121,30.70855555555556,122.77286111111113,0.0,0.0,2019-03-18 21:19:25,刺网
17121,30.708527777777785,122.77294444444445,0.1,0.0,2019-03-18 21:24:25,刺网
17121,30.708527777777785,122.773,0.2,0.0,2019-03-18 21:29:25,刺网
17121,30.7085,122.77302777777777,0.1,0.0,2019-03-18 21:34:25,刺网
17121,30.708527777777785,122.773,0.2,0.0,2019-03-18 21:39:25,刺网
17121,30.708527777777785,122.7729722222222,0.2,0.0,2019-03-18 21:44:25,刺网
17121,30.70855555555556,122.77302777777777,0.1,0.0,2019-03-18 21:49:25,刺网
17121,30.70855555555556,122.77302777777777,0.0,0.0,2019-03-18 21:54:25,刺网
17121,30.708527777777785,122.77302777777777,0.0,0.0,2019-03-18 21:59:25,刺网
17121,30.708527777777785,122.773,0.0,0.0,2019-03-18 22:05:02,刺网
17121,30.7085,122.773,0.1,0.0,2019-03-18 22:09:25,刺网
17121,30.708527777777785,122.77302777777777,0.0,0.0,2019-03-18 22:14:25,刺网
17121,30.708527777777785,122.773,0.0,0.0,2019-03-18 22:19:25,刺网
17121,30.708527777777785,122.773,0.2,0.0,2019-03-18 22:24:25,刺网
17121,30.708527777777785,122.773,0.1,0.0,2019-03-18 22:29:25,刺网
17121,30.7085,122.773,0.0,0.0,2019-03-18 22:34:25,刺网
17121,30.7085,122.773,0.0,0.0,2019-03-18 22:39:25,刺网
17121,30.70855555555556,122.77302777777777,0.2,0.0,2019-03-18 22:44:25,刺网
17121,30.70855555555556,122.77302777777777,0.1,0.0,2019-03-18 22:49:25,刺网
17121,30.70855555555556,122.773,0.1,0.0,2019-03-18 22:54:25,刺网
17121,30.70855555555556,122.773,0.0,0.0,2019-03-18 22:59:25,刺网
17121,30.70858333333333,122.77302777777777,0.1,0.0,2019-03-18 23:04:25,刺网
17121,30.708527777777785,122.773,0.2,0.0,2019-03-18 23:09:25,刺网
17121,30.708527777777785,122.7729722222222,0.0,0.0,2019-03-18 23:14:25,刺网
17121,30.70855555555556,122.773,0.0,0.0,2019-03-18 23:19:25,刺网
17121,30.708527777777785,122.773,0.1,0.0,2019-03-18 23:24:25,刺网
17121,30.708527777777785,122.77302777777777,0.0,0.0,2019-03-18 23:29:25,刺网
17121,30.708527777777785,122.77302777777777,0.0,0.0,2019-03-18 23:34:25,刺网
17121,30.70855555555556,122.77302777777777,0.1,0.0,2019-03-18 23:39:25,刺网
17121,30.708527777777785,122.773,0.0,0.0,2019-03-18 23:44:25,刺网
17121,30.70855555555556,122.77302777777777,0.2,0.0,2019-03-18 23:49:25,刺网
17121,30.708527777777785,122.773,0.1,0.0,2019-03-18 23:54:25,刺网
17121,30.708527777777785,122.77302777777777,0.0,0.0,2019-03-18 23:59:25,刺网
17121,30.708527777777785,122.7729722222222,0.1,0.0,2019-03-19 00:05:02,刺网
17121,30.70855555555556,122.773,0.0,0.0,2019-03-19 00:09:25,刺网
17121,30.708527777777785,122.773,0.1,0.0,2019-03-19 00:14:25,刺网
17121,30.708527777777785,122.773,0.0,0.0,2019-03-19 00:19:25,刺网
17121,30.708527777777785,122.773,0.1,0.0,2019-03-19 00:24:25,刺网
17121,30.70855555555556,122.773,0.0,0.0,2019-03-19 00:29:25,刺网
17121,30.708527777777785,122.773,0.0,0.0,2019-03-19 00:34:25,刺网
17121,30.708527777777785,122.773,0.0,0.0,2019-03-19 00:39:25,刺网
17121,30.708527777777785,122.7729722222222,0.1,0.0,2019-03-19 00:44:25,刺网
17121,30.708527777777785,122.773,0.1,0.0,2019-03-19 00:49:25,刺网
17121,30.70855555555556,122.773,0.0,0.0,2019-03-19 00:54:25,刺网
17121,30.708527777777785,122.7729722222222,0.0,0.0,2019-03-19 00:59:25,刺网
17121,30.708527777777785,122.7729722222222,0.0,0.0,2019-03-19 01:04:24,刺网
17121,30.70855555555556,122.773,0.2,0.0,2019-03-19 01:09:24,刺网
17121,30.70855555555556,122.7729722222222,0.1,0.0,2019-03-19 01:14:24,刺网
17121,30.708527777777785,122.7729722222222,0.1,0.0,2019-03-19 01:19:24,刺网
17121,30.70855555555556,122.773,0.2,0.0,2019-03-19 01:24:24,刺网
17121,30.70855555555556,122.7729722222222,0.1,0.0,2019-03-19 01:29:24,刺网
17121,30.70847222222222,122.77291666666666,0.0,0.0,2019-03-19 01:34:24,刺网
17121,30.708527777777785,122.773,0.1,0.0,2019-03-19 01:39:24,刺网
17121,30.708527777777785,122.773,0.1,0.0,2019-03-19 01:44:24,刺网
17121,30.708527777777785,122.773,0.1,0.0,2019-03-19 01:49:24,刺网
17121,30.708527777777785,122.77302777777777,0.0,0.0,2019-03-19 01:54:24,刺网
17121,30.70855555555556,122.773,0.2,0.0,2019-03-19 01:59:24,刺网
17121,30.70855555555556,122.773,0.1,0.0,2019-03-19 02:05:01,刺网
17121,30.70855555555556,122.77302777777777,0.0,0.0,2019-03-19 02:09:24,刺网
17121,30.70855555555556,122.773,0.0,0.0,2019-03-19 02:14:24,刺网
17121,30.70855555555556,122.773,0.0,0.0,2019-03-19 02:19:24,刺网
17121,30.70855555555556,122.773,0.1,0.0,2019-03-19 02:24:24,刺网
17121,30.70855555555556,122.773,0.2,0.0,2019-03-19 02:29:24,刺网
17121,30.70855555555556,122.773,0.0,0.0,2019-03-19 02:34:24,刺网
17121,30.70855555555556,122.773,0.0,0.0,2019-03-19 02:39:24,刺网
17121,30.70855555555556,122.773,0.1,0.0,2019-03-19 02:44:24,刺网
17121,30.708527777777785,122.773,0.3,132.0,2019-03-19 02:49:24,刺网
17121,30.70855555555556,122.773,0.1,0.0,2019-03-19 02:54:24,刺网
17121,30.708527777777785,122.773,0.0,0.0,2019-03-19 02:59:24,刺网
17121,30.708527777777785,122.7729722222222,0.1,0.0,2019-03-19 03:04:24,刺网
17121,30.70855555555556,122.7729722222222,0.1,0.0,2019-03-19 03:09:24,刺网
17121,30.70858333333333,122.773,0.1,0.0,2019-03-19 03:14:24,刺网
17121,30.70855555555556,122.77302777777777,0.0,0.0,2019-03-19 03:19:24,刺网
17121,30.70855555555556,122.7729722222222,0.0,0.0,2019-03-19 03:24:24,刺网
17121,30.708527777777785,122.7729722222222,0.0,0.0,2019-03-19 03:29:24,刺网
17121,30.708527777777785,122.7729722222222,0.1,0.0,2019-03-19 03:34:24,刺网
17121,30.70855555555556,122.7729722222222,0.1,0.0,2019-03-19 03:39:24,刺网
17121,30.708527777777785,122.773,0.2,0.0,2019-03-19 03:44:24,刺网
17121,30.70855555555556,122.7729722222222,0.4,0.0,2019-03-19 03:49:24,刺网
17121,30.70855555555556,122.7729722222222,0.2,0.0,2019-03-19 03:54:24,刺网
17121,30.70863888888889,122.7729722222222,0.2,0.0,2019-03-19 03:59:24,刺网
17121,30.70855555555556,122.773,0.1,0.0,2019-03-19 04:05:01,刺网
17121,30.70855555555556,122.7729722222222,0.0,0.0,2019-03-19 04:09:24,刺网
17121,30.708527777777785,122.773,0.0,0.0,2019-03-19 04:14:24,刺网
17121,30.708527777777785,122.7729722222222,0.1,0.0,2019-03-19 04:19:24,刺网
17121,30.70855555555556,122.773,0.1,0.0,2019-03-19 04:24:24,刺网
17121,30.708527777777785,122.773,0.0,0.0,2019-03-19 04:29:24,刺网
17121,30.708527777777785,122.773,0.0,0.0,2019-03-19 04:34:24,刺网
