渔船ID,lat,lon,速度,方向,time,type
4305,29.94511111111111,122.29980555555555,0.0,0.0,2018-11-17 19:43:01,刺网
4305,29.94508333333333,122.2997777777778,0.0,0.0,2018-11-17 19:53:01,刺网
4305,29.945138888888888,122.29969444444444,0.0,0.0,2018-11-17 20:03:01,刺网
4305,29.94511111111111,122.29983333333332,0.0,0.0,2018-11-17 20:13:01,刺网
4305,29.94508333333333,122.2997777777778,0.0,0.0,2018-11-17 20:23:01,刺网
4305,29.94511111111111,122.29980555555555,0.0,0.0,2018-11-17 20:33:01,刺网
4305,29.94511111111111,122.29975,0.0,0.0,2018-11-17 20:43:01,刺网
4305,29.94511111111111,122.29980555555555,0.0,0.0,2018-11-17 20:53:01,刺网
4305,29.94511111111111,122.2997777777778,0.0,0.0,2018-11-17 21:03:01,刺网
4305,29.94511111111111,122.29975,0.0,0.0,2018-11-17 21:13:01,刺网
4305,29.945055555555548,122.29975,0.1,0.0,2018-11-17 21:23:01,刺网
4305,29.94519444444445,122.29975,0.2,0.0,2018-11-17 21:33:01,刺网
4305,29.94619444444445,122.29927777777776,4.2,336.0,2018-11-17 21:43:01,刺网
4305,29.945277777777786,122.2997777777778,0.1,0.0,2018-11-17 21:53:01,刺网
4305,29.945055555555548,122.29980555555555,0.0,0.0,2018-11-17 22:04:01,刺网
4305,29.945055555555548,122.2997777777778,0.0,0.0,2018-11-17 22:13:01,刺网
4305,29.945027777777767,122.2997777777778,0.0,0.0,2018-11-17 22:23:01,刺网
4305,29.945055555555548,122.29975,0.0,0.0,2018-11-17 22:33:01,刺网
4305,29.944972222222226,122.2997777777778,0.0,0.0,2018-11-17 22:43:01,刺网
4305,29.944972222222226,122.2997777777778,0.0,0.0,2018-11-17 22:53:01,刺网
4305,29.944972222222226,122.2997777777778,0.0,0.0,2018-11-17 23:03:01,刺网
4305,29.945,122.29975,0.0,0.0,2018-11-17 23:13:01,刺网
4305,29.944972222222226,122.29975,0.0,0.0,2018-11-17 23:23:01,刺网
4305,29.94483333333333,122.29983333333332,0.0,0.0,2018-11-17 23:33:01,刺网
4305,29.94508333333333,122.29969444444444,0.0,0.0,2018-11-17 23:43:01,刺网
4305,29.944861111111113,122.29980555555555,0.0,0.0,2018-11-17 23:53:01,刺网
4305,29.94519444444445,122.29969444444444,0.0,0.0,2018-11-18 00:03:01,刺网
4305,29.945055555555548,122.29969444444444,0.1,0.0,2018-11-18 00:13:01,刺网
4305,29.945,122.2997222222222,0.1,0.0,2018-11-18 00:23:01,刺网
4305,29.945055555555548,122.2997222222222,0.2,0.0,2018-11-18 00:33:01,刺网
4305,29.94491666666667,122.29983333333332,0.1,0.0,2018-11-18 00:43:01,刺网
4305,29.944944444444445,122.2997777777778,0.1,0.0,2018-11-18 00:53:01,刺网
4305,29.94508333333333,122.29969444444444,0.0,0.0,2018-11-18 01:03:01,刺网
4305,29.94544444444445,122.29938888888887,0.1,0.0,2018-11-18 01:13:01,刺网
4305,29.94508333333333,122.29969444444444,0.1,0.0,2018-11-18 01:23:01,刺网
4305,29.945138888888888,122.29986111111107,0.1,0.0,2018-11-18 01:33:01,刺网
4305,29.945,122.29975,0.1,0.0,2018-11-18 01:44:01,刺网
4305,29.944972222222226,122.2997222222222,0.0,0.0,2018-11-18 01:53:01,刺网
4305,29.945,122.29975,0.0,0.0,2018-11-18 02:03:01,刺网
4305,29.945,122.29975,0.0,0.0,2018-11-18 02:13:01,刺网
4305,29.945055555555548,122.29975,0.0,0.0,2018-11-18 02:23:01,刺网
4305,29.944972222222226,122.29975,0.0,0.0,2018-11-18 02:33:01,刺网
4305,29.945055555555548,122.29975,0.0,0.0,2018-11-18 02:43:01,刺网
4305,29.944972222222226,122.29975,0.0,0.0,2018-11-18 02:53:01,刺网
4305,29.945027777777767,122.29975,0.0,0.0,2018-11-18 03:03:01,刺网
4305,29.945027777777767,122.29975,0.0,0.0,2018-11-18 03:13:01,刺网
4305,29.945027777777767,122.29975,0.0,0.0,2018-11-18 03:23:01,刺网
4305,29.944972222222226,122.2997222222222,0.0,0.0,2018-11-18 03:33:01,刺网
4305,29.944944444444445,122.2997222222222,0.0,0.0,2018-11-18 03:43:01,刺网
4305,29.944972222222226,122.29975,0.0,0.0,2018-11-18 03:53:01,刺网
4305,29.945,122.2997222222222,0.0,0.0,2018-11-18 04:04:01,刺网
4305,29.945,122.2997777777778,0.0,0.0,2018-11-18 04:23:01,刺网
4305,29.945,122.29975,0.0,0.0,2018-11-18 04:33:01,刺网
4305,29.945,122.2997777777778,0.0,0.0,2018-11-18 04:43:01,刺网
4305,29.945,122.29975,0.0,0.0,2018-11-18 04:53:01,刺网
4305,29.944972222222226,122.2997222222222,0.0,0.0,2018-11-18 05:03:01,刺网
4305,29.945,122.2997777777778,0.0,0.0,2018-11-18 05:13:01,刺网
4305,29.944972222222226,122.29975,0.0,0.0,2018-11-18 05:23:01,刺网
4305,29.945,122.29975,0.0,0.0,2018-11-18 05:33:01,刺网
4305,29.945,122.29975,0.0,0.0,2018-11-18 05:43:01,刺网
4305,29.945,122.2997222222222,0.0,0.0,2018-11-18 05:53:01,刺网
4305,29.944805555555554,122.29980555555555,0.6,342.0,2018-11-18 06:03:01,刺网
4305,29.945,122.2997777777778,0.0,0.0,2018-11-18 06:13:01,刺网
4305,29.945055555555548,122.2997777777778,0.0,0.0,2018-11-18 06:23:01,刺网
4305,29.945,122.2997222222222,0.0,0.0,2018-11-18 06:33:01,刺网
4305,29.945055555555548,122.2997777777778,0.0,0.0,2018-11-18 06:43:01,刺网
4305,29.94511111111111,122.29969444444444,0.0,0.0,2018-11-18 06:53:01,刺网
4305,29.94375,122.29738888888888,1.9,238.0,2018-11-18 07:03:01,刺网
4305,29.94533333333333,122.2997777777778,0.3,0.0,2018-11-18 07:13:01,刺网
4305,29.945166666666665,122.30013888888887,0.4,0.0,2018-11-18 07:23:01,刺网
4305,29.945138888888888,122.2997777777778,0.0,0.0,2018-11-18 07:34:01,刺网
4305,29.94511111111111,122.2997777777778,0.0,0.0,2018-11-18 07:43:01,刺网
4305,29.94508333333333,122.29975,0.0,0.0,2018-11-18 08:03:01,刺网
4305,29.94511111111111,122.29975,0.0,0.0,2018-11-18 08:13:01,刺网
4305,29.94508333333333,122.2997777777778,0.0,0.0,2018-11-18 08:23:01,刺网
4305,29.94519444444445,122.2997222222222,0.1,0.0,2018-11-18 08:33:01,刺网
4305,29.94519444444445,122.29975,0.0,0.0,2018-11-18 08:43:01,刺网
4305,29.94522222222223,122.29969444444444,0.0,0.0,2018-11-18 08:53:01,刺网
4305,29.94519444444445,122.2997222222222,0.0,0.0,2018-11-18 09:13:01,刺网
4305,29.94519444444445,122.29969444444444,0.0,0.0,2018-11-18 09:23:01,刺网
4305,29.94522222222223,122.29969444444444,0.0,0.0,2018-11-18 09:33:01,刺网
4305,29.94519444444445,122.29975,0.2,0.0,2018-11-18 09:43:01,刺网
4305,29.944944444444445,122.29969444444444,0.3,0.0,2018-11-18 09:53:01,刺网
4305,29.94508333333333,122.2997777777778,0.0,0.0,2018-11-18 10:04:01,刺网
4305,29.945055555555548,122.29975,0.0,0.0,2018-11-18 10:13:01,刺网
4305,29.945138888888888,122.2997222222222,0.0,0.0,2018-11-18 10:23:01,刺网
4305,29.94508333333333,122.29975,0.0,0.0,2018-11-18 10:33:01,刺网
4305,29.94511111111111,122.29975,0.0,0.0,2018-11-18 10:43:01,刺网
4305,29.945027777777767,122.2997777777778,0.0,0.0,2018-11-18 10:53:01,刺网
4305,29.945,122.29988888888887,0.2,0.0,2018-11-18 11:13:01,刺网
4305,29.944972222222226,122.29986111111107,0.0,0.0,2018-11-18 11:23:01,刺网
4305,29.94483333333333,122.29991666666666,0.1,0.0,2018-11-18 11:33:01,刺网
4305,29.944222222222226,122.30027777777778,0.1,0.0,2018-11-18 11:43:01,刺网
4305,29.94575,122.29930555555555,0.4,0.0,2018-11-18 11:53:01,刺网
4305,29.94522222222223,122.29963888888894,0.4,0.0,2018-11-18 12:03:01,刺网
4305,29.94483333333333,122.29980555555555,0.2,0.0,2018-11-18 12:13:01,刺网
4305,29.94525,122.29961111111112,0.3,0.0,2018-11-18 12:23:01,刺网
4305,29.94519444444445,122.29969444444444,0.3,0.0,2018-11-18 12:33:01,刺网
4305,29.94511111111111,122.2997777777778,0.1,0.0,2018-11-18 12:43:01,刺网
4305,29.945138888888888,122.29969444444444,0.1,0.0,2018-11-18 12:53:01,刺网
4305,29.945055555555548,122.2997777777778,0.0,0.0,2018-11-18 13:03:01,刺网
4305,29.94508333333333,122.29975,0.0,0.0,2018-11-18 13:13:01,刺网
4305,29.945166666666665,122.2997222222222,0.1,0.0,2018-11-18 13:23:01,刺网
4305,29.94511111111111,122.29980555555555,0.0,0.0,2018-11-18 13:33:01,刺网
4305,29.945055555555548,122.29975,0.0,0.0,2018-11-18 13:44:01,刺网
4305,29.945055555555548,122.29975,0.0,0.0,2018-11-18 13:53:01,刺网
4305,29.945138888888888,122.29975,0.0,0.0,2018-11-18 14:13:01,刺网
4305,29.94508333333333,122.29975,0.0,0.0,2018-11-18 14:23:01,刺网
4305,29.94511111111111,122.2997222222222,0.0,0.0,2018-11-18 14:33:01,刺网
4305,29.94508333333333,122.2997222222222,0.0,0.0,2018-11-18 14:43:01,刺网
4305,29.94508333333333,122.2997222222222,0.0,0.0,2018-11-18 15:03:01,刺网
4305,29.945055555555548,122.2997222222222,0.0,0.0,2018-11-18 15:13:01,刺网
4305,29.945027777777767,122.29975,0.0,0.0,2018-11-18 15:23:01,刺网
4305,29.945027777777767,122.29980555555555,0.0,0.0,2018-11-18 15:33:01,刺网
4305,29.94508333333333,122.29975,0.0,0.0,2018-11-18 15:43:01,刺网
4305,29.94508333333333,122.2997222222222,0.0,0.0,2018-11-18 15:53:01,刺网
4305,29.94511111111111,122.29986111111107,0.3,0.0,2018-11-18 16:03:01,刺网
4305,29.945,122.29952777777778,0.1,0.0,2018-11-18 16:13:01,刺网
4305,29.945027777777767,122.29963888888894,0.0,0.0,2018-11-18 16:23:01,刺网
4305,29.945027777777767,122.29952777777778,0.0,0.0,2018-11-18 16:33:01,刺网
4305,29.945027777777767,122.29961111111112,0.3,0.0,2018-11-18 16:43:01,刺网
4305,29.945055555555548,122.2997222222222,0.1,0.0,2018-11-18 17:03:01,刺网
4305,29.945055555555548,122.29952777777778,0.1,0.0,2018-11-18 17:13:01,刺网
4305,29.945027777777767,122.29975,0.0,0.0,2018-11-18 17:33:01,刺网
4305,29.94511111111111,122.2997777777778,0.0,0.0,2018-11-18 17:43:01,刺网
4305,29.94511111111111,122.29975,0.1,0.0,2018-11-18 17:53:01,刺网
4305,29.94508333333333,122.29969444444444,0.0,0.0,2018-11-18 18:03:01,刺网
4305,29.94511111111111,122.29963888888894,0.0,0.0,2018-11-18 18:13:01,刺网
4305,29.94508333333333,122.2997777777778,0.0,0.0,2018-11-18 18:23:01,刺网
4305,29.945138888888888,122.29975,0.0,0.0,2018-11-18 18:43:01,刺网
4305,29.94519444444445,122.29969444444444,0.0,0.0,2018-11-18 18:53:01,刺网
4305,29.94525,122.2997777777778,0.0,0.0,2018-11-18 19:13:01,刺网
4305,29.94525,122.29969444444444,0.0,0.0,2018-11-18 19:23:01,刺网
4305,29.94522222222223,122.2997222222222,0.0,0.0,2018-11-18 19:33:01,刺网
4305,29.94519444444445,122.2997222222222,0.0,0.0,2018-11-18 19:43:01,刺网
4305,29.94522222222223,122.29980555555555,0.0,0.0,2018-11-18 19:53:01,刺网
4305,29.94522222222223,122.2997777777778,0.0,0.0,2018-11-18 20:23:01,刺网
4305,29.94519444444445,122.2997222222222,0.0,0.0,2018-11-18 20:33:01,刺网
4305,29.94522222222223,122.2997222222222,0.0,0.0,2018-11-18 20:43:01,刺网
4305,29.945166666666665,122.29975,0.0,0.0,2018-11-18 20:53:01,刺网
4305,29.94511111111111,122.2997222222222,0.0,0.0,2018-11-18 21:03:01,刺网
4305,29.94511111111111,122.2997222222222,0.0,0.0,2018-11-18 21:13:01,刺网
4305,29.945055555555548,122.2997777777778,0.0,0.0,2018-11-18 21:23:01,刺网
4305,29.945166666666665,122.29975,0.1,0.0,2018-11-18 21:33:01,刺网
4305,29.945166666666665,122.29969444444444,0.0,0.0,2018-11-18 21:43:01,刺网
4305,29.945166666666665,122.29969444444444,0.0,0.0,2018-11-18 21:53:01,刺网
4305,29.94519444444445,122.2997222222222,0.0,0.0,2018-11-18 22:03:01,刺网
4305,29.94519444444445,122.2997222222222,0.0,0.0,2018-11-18 22:13:01,刺网
4305,29.94519444444445,122.29969444444444,0.0,0.0,2018-11-18 22:23:01,刺网
4305,29.945138888888888,122.29980555555555,0.0,0.0,2018-11-18 22:33:01,刺网
4305,29.945166666666665,122.2997222222222,0.0,0.0,2018-11-18 22:43:01,刺网
4305,29.94522222222223,122.29975,0.0,0.0,2018-11-18 22:53:01,刺网
4305,29.94522222222223,122.29966666666668,0.0,0.0,2018-11-18 23:03:01,刺网
4305,29.945166666666665,122.29969444444444,0.0,0.0,2018-11-18 23:13:01,刺网
4305,29.94519444444445,122.2997222222222,0.0,0.0,2018-11-18 23:23:01,刺网
4305,29.945277777777786,122.29966666666668,0.0,0.0,2018-11-18 23:33:01,刺网
4305,29.945027777777767,122.29983333333332,0.0,0.0,2018-11-18 23:43:01,刺网
4305,29.945305555555557,122.29961111111112,0.0,0.0,2018-11-18 23:53:01,刺网
4305,31.27372222222222,124.67119444444445,9.7,47.0,2018-11-19 00:04:01,刺网
4305,29.945166666666665,122.2997777777778,0.0,0.0,2018-11-19 00:13:01,刺网
4305,29.945138888888888,122.2997222222222,0.0,0.0,2018-11-19 00:23:01,刺网
4305,29.945138888888888,122.2997777777778,0.0,0.0,2018-11-19 00:33:01,刺网
4305,29.945138888888888,122.2997222222222,0.0,0.0,2018-11-19 00:43:01,刺网
4305,29.94508333333333,122.29969444444444,0.0,0.0,2018-11-19 00:53:01,刺网
4305,29.945027777777767,122.29986111111107,0.0,0.0,2018-11-19 01:03:01,刺网
4305,29.94508333333333,122.29975,0.0,0.0,2018-11-19 01:13:01,刺网
4305,29.94508333333333,122.2997222222222,0.0,0.0,2018-11-19 01:23:01,刺网
4305,29.945,122.29980555555555,0.0,0.0,2018-11-19 01:33:01,刺网
4305,29.944944444444445,122.29963888888894,0.1,0.0,2018-11-19 01:43:01,刺网
4305,29.945027777777767,122.29969444444444,0.1,0.0,2018-11-19 01:53:01,刺网
4305,29.945,122.2997777777778,0.1,0.0,2018-11-19 02:03:01,刺网
4305,29.945055555555548,122.29975,0.0,0.0,2018-11-19 02:13:01,刺网
4305,29.945,122.29969444444444,0.0,0.0,2018-11-19 02:23:01,刺网
4305,29.94511111111111,122.29969444444444,0.0,0.0,2018-11-19 02:33:01,刺网
4305,29.94511111111111,122.2997222222222,0.0,0.0,2018-11-19 02:43:01,刺网
4305,29.94508333333333,122.29963888888894,0.0,0.0,2018-11-19 02:53:01,刺网
4305,29.945027777777767,122.29975,0.0,0.0,2018-11-19 03:03:01,刺网
4305,29.945055555555548,122.2997777777778,0.0,0.0,2018-11-19 03:13:01,刺网
4305,29.945027777777767,122.2997222222222,0.2,0.0,2018-11-19 03:23:01,刺网
4305,29.94466666666667,122.3,0.3,0.0,2018-11-19 03:43:01,刺网
4305,29.94463888888889,122.30008333333332,0.1,0.0,2018-11-19 03:53:01,刺网
4305,29.944944444444445,122.29986111111107,0.4,141.0,2018-11-19 04:03:01,刺网
4305,29.945027777777767,122.2997777777778,0.3,0.0,2018-11-19 04:13:01,刺网
4305,29.945,122.2997777777778,0.2,0.0,2018-11-19 04:23:01,刺网
4305,29.94508333333333,122.2997222222222,0.0,0.0,2018-11-19 04:33:01,刺网
4305,29.94508333333333,122.2997222222222,0.0,0.0,2018-11-19 04:43:01,刺网
4305,29.94508333333333,122.29969444444444,0.0,0.0,2018-11-19 04:53:01,刺网
4305,29.945027777777767,122.29975,0.0,0.0,2018-11-19 05:03:01,刺网
4305,29.94508333333333,122.29975,0.0,0.0,2018-11-19 05:13:01,刺网
4305,29.94508333333333,122.29975,0.0,0.0,2018-11-19 05:23:01,刺网
4305,29.94511111111111,122.29969444444444,0.0,0.0,2018-11-19 05:33:01,刺网
4305,29.945027777777767,122.2997222222222,0.0,0.0,2018-11-19 05:43:01,刺网
4305,29.945055555555548,122.29975,0.0,0.0,2018-11-19 05:53:01,刺网
4305,29.94508333333333,122.2997222222222,0.0,0.0,2018-11-19 06:03:01,刺网
4305,29.945027777777767,122.2997222222222,0.0,0.0,2018-11-19 06:13:01,刺网
4305,29.945027777777767,122.29983333333332,0.0,0.0,2018-11-19 06:23:01,刺网
4305,29.945027777777767,122.29969444444444,0.0,0.0,2018-11-19 06:33:01,刺网
4305,29.945027777777767,122.2997222222222,0.0,0.0,2018-11-19 06:43:01,刺网
4305,29.94508333333333,122.29941666666666,2.3,235.0,2018-11-19 06:53:01,刺网
4305,29.94283333333333,122.31086111111112,8.3,116.0,2018-11-19 07:03:01,刺网
4305,29.961777777777765,122.3329722222222,12.1,35.0,2018-11-19 07:13:01,刺网
4305,29.97186111111111,122.3654722222222,9.3,91.0,2018-11-19 07:23:01,刺网
4305,29.96413888888889,122.39491666666667,9.0,113.0,2018-11-19 07:34:01,刺网
4305,29.954,122.42058333333334,9.6,115.0,2018-11-19 07:43:01,刺网
4305,29.946972222222215,122.43844444444444,5.1,117.0,2018-11-19 07:53:01,刺网
4305,29.943638888888888,122.44558333333332,2.2,36.0,2018-11-19 08:03:01,刺网
4305,29.942722222222233,122.44397222222223,0.6,285.0,2018-11-19 08:13:01,刺网
4305,29.94327777777778,122.44538888888887,0.8,207.0,2018-11-19 08:23:01,刺网
4305,29.943027777777786,122.446,0.1,0.0,2018-11-19 08:33:01,刺网
4305,29.943,122.4459722222222,0.2,0.0,2018-11-19 08:43:01,刺网
4305,29.942777777777767,122.4454722222222,5.1,236.0,2018-11-19 08:53:01,刺网
4305,29.960916666666666,122.44319444444444,9.5,58.0,2018-11-19 09:03:01,刺网
4305,29.975527777777767,122.47016666666669,10.3,59.0,2018-11-19 09:13:01,刺网
4305,29.98980555555556,122.49675,9.8,56.0,2018-11-19 09:23:01,刺网
4305,30.00486111111111,122.52166666666666,8.2,60.0,2018-11-19 09:33:01,刺网
4305,30.019305555555555,122.54705555555556,8.9,60.0,2018-11-19 09:43:01,刺网
4305,30.033166666666666,122.57163888888887,8.7,55.0,2018-11-19 09:53:01,刺网
4305,30.04869444444445,122.59613888888887,9.4,57.0,2018-11-19 10:03:01,刺网
4305,30.06308333333333,122.61986111111106,9.6,60.0,2018-11-19 10:13:01,刺网
4305,30.077777777777786,122.64380555555556,9.4,57.0,2018-11-19 10:23:01,刺网
4305,30.09283333333333,122.66700000000002,8.7,52.0,2018-11-19 10:33:01,刺网
4305,30.108833333333337,122.689,9.2,48.0,2018-11-19 10:43:01,刺网
4305,30.12441666666667,122.71180555555556,9.0,54.0,2018-11-19 10:53:01,刺网
4305,30.138305555555558,122.73658333333334,9.0,57.0,2018-11-19 11:03:01,刺网
4305,30.151999999999997,122.76030555555555,9.0,47.0,2018-11-19 11:13:01,刺网
4305,30.165861111111113,122.78438888888887,9.2,52.0,2018-11-19 11:23:01,刺网
4305,30.179777777777787,122.80863888888888,7.0,53.0,2018-11-19 11:33:01,刺网
4305,30.19319444444445,122.83380555555556,9.4,55.0,2018-11-19 11:43:01,刺网
4305,30.205777777777786,122.85611111111106,9.0,53.0,2018-11-19 11:53:01,刺网
4305,30.219527777777767,122.87902777777776,8.5,56.0,2018-11-19 12:03:01,刺网
4305,30.23269444444445,122.90169444444444,8.0,59.0,2018-11-19 12:13:01,刺网
4305,30.24733333333333,122.92361111111113,8.9,54.0,2018-11-19 12:23:01,刺网
4305,30.261083333333332,122.94680555555556,9.5,68.0,2018-11-19 12:33:01,刺网
4305,30.27525,122.97075,9.4,60.0,2018-11-19 12:43:01,刺网
4305,30.28911111111111,122.99366666666668,8.9,50.0,2018-11-19 12:53:01,刺网
4305,30.305166666666665,123.01436111111113,8.4,50.0,2018-11-19 13:03:01,刺网
4305,30.32033333333333,123.0359722222222,9.6,55.0,2018-11-19 13:13:01,刺网
4305,30.334777777777767,123.05819444444445,9.6,52.0,2018-11-19 13:23:01,刺网
4305,30.34991666666667,123.08019444444444,9.3,48.0,2018-11-19 13:33:01,刺网
4305,30.365305555555558,123.10341666666666,9.3,64.0,2018-11-19 13:43:01,刺网
4305,30.37941666666667,123.12624999999998,7.5,53.0,2018-11-19 13:53:01,刺网
4305,30.394361111111113,123.14922222222224,10.0,48.0,2018-11-19 14:03:01,刺网
4305,30.40961111111111,123.17175,8.7,45.0,2018-11-19 14:13:01,刺网
4305,30.42433333333333,123.19422222222224,8.8,50.0,2018-11-19 14:23:01,刺网
4305,30.43922222222222,123.21622222222223,8.4,55.0,2018-11-19 14:33:01,刺网
4305,30.445472222222232,123.22625,9.2,56.0,2018-11-19 14:43:01,刺网
4305,30.460611111111113,123.24880555555555,7.5,51.0,2018-11-19 14:53:01,刺网
4305,30.475361111111113,123.27161111111113,9.4,56.0,2018-11-19 15:03:01,刺网
4305,30.48958333333333,123.29655555555556,9.5,54.0,2018-11-19 15:13:01,刺网
4305,30.50363888888889,123.32080555555555,8.9,56.0,2018-11-19 15:23:01,刺网
4305,30.503833333333336,123.34544444444445,9.2,61.0,2018-11-19 15:33:01,刺网
4305,30.517416666666666,123.36955555555555,8.7,56.0,2018-11-19 15:43:01,刺网
4305,30.53083333333333,123.39369444444445,8.9,57.0,2018-11-19 15:53:01,刺网
4305,30.544777777777767,123.41886111111113,9.5,53.0,2018-11-19 16:03:01,刺网
4305,30.55886111111111,123.44205555555556,8.4,52.0,2018-11-19 16:13:01,刺网
4305,30.5725,123.46591666666669,8.7,56.0,2018-11-19 16:23:01,刺网
4305,30.585777777777786,123.4902777777778,8.5,55.0,2018-11-19 16:33:01,刺网
4305,30.60130555555556,123.51205555555555,8.7,17.0,2018-11-19 16:43:01,刺网
4305,30.615305555555558,123.536,8.8,61.0,2018-11-19 16:53:01,刺网
4305,30.62919444444445,123.56077777777777,9.6,51.0,2018-11-19 17:03:01,刺网
4305,30.64433333333333,123.58430555555556,9.3,54.0,2018-11-19 17:13:01,刺网
4305,30.657694444444445,123.60941666666666,9.7,70.0,2018-11-19 17:23:01,刺网
4305,30.66941666666667,123.63558333333332,9.5,60.0,2018-11-19 17:33:01,刺网
4305,30.682666666666666,123.66080555555556,9.0,56.0,2018-11-19 17:43:01,刺网
4305,30.69744444444445,123.68563888888887,8.8,54.0,2018-11-19 17:53:01,刺网
4305,30.71108333333333,123.71147222222223,9.2,58.0,2018-11-19 18:03:01,刺网
4305,30.72394444444444,123.73788888888888,9.3,52.0,2018-11-19 18:13:01,刺网
4305,30.736166666666666,123.76475,8.9,59.0,2018-11-19 18:23:01,刺网
4305,30.7495,123.79111111111106,9.3,64.0,2018-11-19 18:33:01,刺网
4305,30.765027777777767,123.81944444444444,10.4,51.0,2018-11-19 18:44:01,刺网
4305,30.777027777777768,123.84388888888887,9.4,60.0,2018-11-19 18:53:01,刺网
4305,30.790555555555557,123.87019444444445,9.9,65.0,2018-11-19 19:03:01,刺网
4305,30.805194444444453,123.89586111111113,9.6,65.0,2018-11-19 19:13:01,刺网
4305,30.81916666666667,123.92194444444445,9.6,58.0,2018-11-19 19:23:01,刺网
4305,30.833666666666666,123.94838888888893,10.1,61.0,2018-11-19 19:33:01,刺网
4305,30.848277777777767,123.97525,9.9,62.0,2018-11-19 19:43:01,刺网
4305,30.86138888888889,124.0022777777778,9.8,61.0,2018-11-19 19:53:01,刺网
4305,30.87458333333333,124.03016666666667,9.7,48.0,2018-11-19 20:03:01,刺网
4305,30.889472222222214,124.05716666666666,10.1,51.0,2018-11-19 20:13:01,刺网
4305,30.905916666666666,124.08366666666667,10.3,55.0,2018-11-19 20:23:01,刺网
4305,30.921111111111113,124.11091666666668,9.1,51.0,2018-11-19 20:33:01,刺网
4305,30.936,124.1385,10.4,53.0,2018-11-19 20:43:01,刺网
4305,30.95069444444444,124.16652777777777,9.9,57.0,2018-11-19 20:53:01,刺网
4305,30.966027777777786,124.19505555555556,10.2,67.0,2018-11-19 21:03:01,刺网
4305,30.982944444444442,124.22225,10.1,59.0,2018-11-19 21:13:01,刺网
4305,30.999277777777767,124.24991666666666,9.7,51.0,2018-11-19 21:23:01,刺网
4305,31.01613888888889,124.27716666666666,11.1,59.0,2018-11-19 21:33:01,刺网
4305,31.04963888888889,124.33169444444445,10.1,56.0,2018-11-19 21:53:01,刺网
4305,31.06669444444445,124.35855555555555,10.2,47.0,2018-11-19 22:03:01,刺网
4305,31.084944444444453,124.38402777777776,9.6,50.0,2018-11-19 22:13:01,刺网
4305,31.119722222222233,124.43669444444444,10.1,50.0,2018-11-19 22:33:01,刺网
4305,31.137611111111113,124.46238888888894,10.1,49.0,2018-11-19 22:43:01,刺网
4305,31.15483333333333,124.48894444444444,10.3,46.0,2018-11-19 22:53:01,刺网
4305,31.172638888888887,124.51430555555555,10.4,53.0,2018-11-19 23:03:01,刺网
4305,31.18958333333333,124.5405,10.3,51.0,2018-11-19 23:13:01,刺网
4305,31.205916666666663,124.56694444444445,10.3,53.0,2018-11-19 23:23:01,刺网
4305,31.22322222222222,124.5925277777778,10.5,51.0,2018-11-19 23:33:01,刺网
4305,31.238083333333336,124.61991666666668,10.3,67.0,2018-11-19 23:43:01,刺网
4305,31.25483333333333,124.64533333333334,10.1,68.0,2018-11-19 23:53:01,刺网
4305,32.041027777777785,125.83416666666666,0.1,0.0,2018-11-20 00:03:01,刺网
4305,31.289972222222232,124.69441666666668,10.1,47.0,2018-11-20 00:13:01,刺网
4305,31.306472222222233,124.72030555555556,9.9,52.0,2018-11-20 00:23:01,刺网
4305,31.32308333333333,124.74602777777778,9.9,52.0,2018-11-20 00:33:01,刺网
4305,31.339861111111112,124.77094444444445,9.7,52.0,2018-11-20 00:43:01,刺网
4305,31.35594444444445,124.79638888888887,9.5,55.0,2018-11-20 00:53:01,刺网
4305,31.371111111111112,124.82227777777778,9.4,51.0,2018-11-20 01:03:01,刺网
4305,31.38644444444445,124.84725,9.0,53.0,2018-11-20 01:13:01,刺网
4305,31.402527777777767,124.87258333333332,9.2,49.0,2018-11-20 01:23:01,刺网
4305,31.41716666666667,124.89680555555556,9.6,56.0,2018-11-20 01:33:01,刺网
4305,31.43225,124.92175,9.6,53.0,2018-11-20 01:43:01,刺网
4305,31.447861111111113,124.94591666666668,9.1,54.0,2018-11-20 01:53:01,刺网
4305,31.46283333333333,124.97066666666667,9.0,52.0,2018-11-20 02:03:01,刺网
4305,31.47780555555555,124.9950277777778,9.2,51.0,2018-11-20 02:13:01,刺网
4305,31.493333333333336,125.01855555555555,9.3,50.0,2018-11-20 02:23:01,刺网
4305,31.50858333333333,125.04183333333334,8.9,49.0,2018-11-20 02:33:01,刺网
4305,31.526472222222214,125.06147222222219,8.9,49.0,2018-11-20 02:43:01,刺网
4305,31.54044444444445,125.08533333333334,8.8,58.0,2018-11-20 02:53:01,刺网
4305,31.55525,125.10863888888888,9.0,54.0,2018-11-20 03:03:01,刺网
4305,31.569861111111113,125.13197222222222,9.1,49.0,2018-11-20 03:13:01,刺网
4305,31.58294444444445,125.15605555555555,8.9,61.0,2018-11-20 03:23:01,刺网
4305,31.59683333333333,125.17980555555555,8.7,51.0,2018-11-20 03:33:01,刺网
4305,31.61069444444445,125.20338888888894,8.6,55.0,2018-11-20 03:43:01,刺网
4305,31.624027777777766,125.22802777777777,8.7,48.0,2018-11-20 03:53:01,刺网
4305,31.637888888888888,125.25008333333334,8.6,50.0,2018-11-20 04:03:01,刺网
4305,31.65158333333333,125.27338888888887,8.9,57.0,2018-11-20 04:13:01,刺网
4305,31.665527777777786,125.29686111111113,9.0,58.0,2018-11-20 04:23:01,刺网
4305,31.67963888888889,125.3202777777778,9.2,53.0,2018-11-20 04:33:01,刺网
4305,31.69386111111111,125.34375,8.9,48.0,2018-11-20 04:43:01,刺网
4305,31.707722222222234,125.36775,9.1,55.0,2018-11-20 04:53:01,刺网
4305,31.721611111111113,125.39208333333332,9.1,55.0,2018-11-20 05:03:01,刺网
4305,31.73688888888889,125.41552777777778,9.4,51.0,2018-11-20 05:13:01,刺网
4305,31.7525,125.43866666666668,9.0,50.0,2018-11-20 05:23:01,刺网
4305,31.77458333333333,125.4547777777778,9.0,50.0,2018-11-20 05:33:01,刺网
4305,31.78891666666667,125.47816666666668,8.8,49.0,2018-11-20 05:43:01,刺网
4305,31.804527777777786,125.5015,9.2,61.0,2018-11-20 05:53:01,刺网
4305,31.821444444444445,125.52497222222222,9.2,45.0,2018-11-20 06:03:01,刺网
4305,31.837972222222234,125.54638888888887,9.3,52.0,2018-11-20 06:13:01,刺网
4305,31.85391666666667,125.57122222222222,9.7,48.0,2018-11-20 06:23:01,刺网
4305,31.87083333333333,125.59575,9.8,53.0,2018-11-20 06:33:01,刺网
4305,31.887527777777766,125.62063888888888,9.8,39.0,2018-11-20 06:43:01,刺网
4305,31.905666666666665,125.64422222222224,10.6,42.0,2018-11-20 06:53:01,刺网
4305,31.925555555555558,125.66783333333336,10.1,42.0,2018-11-20 07:03:01,刺网
4305,31.944944444444445,125.69222222222223,10.0,47.0,2018-11-20 07:13:01,刺网
4305,31.96475,125.71622222222223,10.8,46.0,2018-11-20 07:23:01,刺网
4305,31.98494444444445,125.73941666666666,10.3,42.0,2018-11-20 07:33:01,刺网
4305,32.003527777777784,125.76438888888887,9.5,45.0,2018-11-20 07:43:01,刺网
4305,32.016999999999996,125.79219444444445,9.3,95.0,2018-11-20 07:53:01,刺网
4305,32.00808333333334,125.8160277777778,1.5,340.0,2018-11-20 08:03:01,刺网
4305,32.010888888888886,125.81569444444445,0.4,151.0,2018-11-20 08:13:01,刺网
4305,32.01083333333333,125.81633333333332,0.3,0.0,2018-11-20 08:23:01,刺网
4305,32.010666666666665,125.81761111111106,0.8,197.0,2018-11-20 08:33:01,刺网
4305,32.018166666666666,125.81816666666666,2.0,93.0,2018-11-20 08:43:01,刺网
4305,32.017694444444444,125.81869444444445,0.2,0.0,2018-11-20 08:53:01,刺网
4305,32.017361111111114,125.81877777777778,1.2,149.0,2018-11-20 09:03:01,刺网
4305,32.0185,125.819,4.6,206.0,2018-11-20 09:13:01,刺网
4305,32.02575,125.81761111111106,1.9,31.0,2018-11-20 09:23:01,刺网
4305,32.0265,125.81925,1.1,154.0,2018-11-20 09:33:01,刺网
4305,32.02577777777777,125.81980555555555,0.2,0.0,2018-11-20 09:43:01,刺网
4305,32.02127777777777,125.81916666666666,1.1,203.0,2018-11-20 09:53:01,刺网
4305,32.01463888888889,125.81875,5.9,200.0,2018-11-20 10:03:01,刺网
4305,32.0095,125.81700000000001,4.0,233.0,2018-11-20 10:13:01,刺网
4305,32.00863888888889,125.81708333333331,0.6,0.0,2018-11-20 10:23:01,刺网
4305,32.00816666666667,125.81663888888887,0.3,0.0,2018-11-20 10:33:01,刺网
4305,32.00736111111112,125.81672222222224,0.0,0.0,2018-11-20 10:43:01,刺网
4305,32.00733333333333,125.81652777777776,0.9,0.0,2018-11-20 10:53:01,刺网
4305,32.007194444444444,125.81655555555555,0.4,0.0,2018-11-20 11:03:01,刺网
4305,32.007194444444444,125.81658333333333,0.4,0.0,2018-11-20 11:13:01,刺网
4305,32.007444444444445,125.81661111111107,0.3,0.0,2018-11-20 11:23:01,刺网
4305,32.007444444444445,125.81675,0.0,0.0,2018-11-20 11:33:01,刺网
4305,32.007472222222226,125.81677777777777,0.3,0.0,2018-11-20 11:43:01,刺网
4305,32.00741666666667,125.81663888888887,0.7,328.0,2018-11-20 11:53:01,刺网
4305,32.008777777777766,125.83302777777777,3.7,258.0,2018-11-20 12:03:01,刺网
4305,32.00752777777778,125.8359722222222,0.4,0.0,2018-11-20 12:13:01,刺网
4305,32.00622222222222,125.835,3.9,222.0,2018-11-20 12:23:01,刺网
4305,32.01644444444445,125.8335,3.5,130.0,2018-11-20 12:33:01,刺网
4305,32.014861111111124,125.83497222222219,0.7,0.0,2018-11-20 12:43:01,刺网
4305,32.01413888888889,125.83380555555556,1.8,105.0,2018-11-20 12:53:01,刺网
4305,32.035361111111115,125.83258333333332,8.3,222.0,2018-11-20 13:04:01,刺网
4305,32.03172222222222,125.8324722222222,0.6,106.0,2018-11-20 13:13:01,刺网
4305,32.03133333333333,125.83369444444445,0.0,0.0,2018-11-20 13:23:01,刺网
4305,32.03519444444444,125.83594444444445,9.4,358.0,2018-11-20 13:33:01,刺网
4305,32.04,125.83255555555556,1.5,184.0,2018-11-20 13:43:01,刺网
4305,32.03941666666667,125.83394444444444,0.5,0.0,2018-11-20 13:53:01,刺网
4305,32.03944444444444,125.83461111111113,0.2,0.0,2018-11-20 14:03:01,刺网
4305,32.050111111111114,125.83475,2.3,182.0,2018-11-20 14:13:01,刺网
4305,32.04733333333333,125.83463888888888,0.1,0.0,2018-11-20 14:23:01,刺网
4305,32.04738888888888,125.83458333333333,1.0,133.0,2018-11-20 14:33:01,刺网
4305,32.05858333333333,125.83411111111107,3.6,223.0,2018-11-20 14:43:01,刺网
4305,32.0566111111111,125.83386111111106,0.9,150.0,2018-11-20 14:53:01,刺网
4305,32.05658333333333,125.83405555555555,0.7,0.0,2018-11-20 15:03:01,刺网
4305,32.05847222222222,125.82772222222222,10.3,260.0,2018-11-20 15:13:01,刺网
4305,32.05694444444444,125.81538888888888,0.7,0.0,2018-11-20 15:23:01,刺网
4305,32.05686111111111,125.81552777777777,0.4,0.0,2018-11-20 15:33:01,刺网
4305,32.05022222222222,125.81469444444444,9.7,151.0,2018-11-20 15:43:01,刺网
4305,32.049,125.81505555555556,0.9,277.0,2018-11-20 15:53:01,刺网
4305,32.049305555555556,125.8147777777778,1.0,353.0,2018-11-20 16:04:01,刺网
4305,32.05372222222222,125.8129722222222,10.4,8.0,2018-11-20 16:13:01,刺网
4305,32.04944444444444,125.83261111111106,10.5,144.0,2018-11-20 16:23:01,刺网
4305,32.055499999999995,125.84597222222222,10.5,210.0,2018-11-20 16:33:01,刺网
4305,32.041111111111114,125.83308333333332,0.9,229.0,2018-11-20 16:43:01,刺网
4305,32.04116666666666,125.83258333333332,0.3,0.0,2018-11-20 16:53:01,刺网
4305,32.04141666666667,125.83236111111107,0.8,308.0,2018-11-20 17:03:01,刺网
4305,32.04152777777778,125.83241666666666,0.9,289.0,2018-11-20 17:13:01,刺网
4305,32.041555555555554,125.83244444444445,0.6,29.0,2018-11-20 17:23:01,刺网
4305,32.04163888888889,125.83244444444445,0.4,138.0,2018-11-20 17:33:01,刺网
4305,32.04133333333333,125.83261111111106,0.0,0.0,2018-11-20 17:43:01,刺网
4305,32.041555555555554,125.8324722222222,0.6,0.0,2018-11-20 17:53:01,刺网
4305,32.041361111111115,125.83244444444445,0.4,0.0,2018-11-20 18:03:01,刺网
4305,32.04152777777778,125.8325,0.3,0.0,2018-11-20 18:13:01,刺网
4305,32.04152777777778,125.83233333333332,0.1,0.0,2018-11-20 18:23:01,刺网
4305,32.041805555555555,125.83238888888887,0.6,359.0,2018-11-20 18:33:01,刺网
4305,32.04161111111111,125.83236111111107,0.5,324.0,2018-11-20 18:43:01,刺网
4305,32.04152777777778,125.83241666666666,0.5,357.0,2018-11-20 18:53:01,刺网
4305,32.04175,125.83241666666666,0.6,41.0,2018-11-20 19:13:01,刺网
4305,32.04163888888889,125.83238888888887,0.7,222.0,2018-11-20 19:23:01,刺网
4305,32.04172222222222,125.83236111111107,0.3,0.0,2018-11-20 19:33:01,刺网
4305,32.04177777777777,125.83241666666666,0.8,190.0,2018-11-20 19:53:01,刺网
4305,32.04172222222222,125.83244444444445,0.6,58.0,2018-11-20 20:03:01,刺网
4305,32.04194444444444,125.83244444444445,0.4,0.0,2018-11-20 20:13:01,刺网
4305,32.04236111111111,125.83261111111106,0.6,0.0,2018-11-20 20:23:01,刺网
4305,32.04238888888889,125.83266666666668,0.5,0.0,2018-11-20 20:33:01,刺网
4305,32.04241666666667,125.83269444444444,0.1,0.0,2018-11-20 20:43:01,刺网
4305,32.04230555555556,125.83263888888888,0.3,0.0,2018-11-20 20:53:01,刺网
4305,32.042277777777784,125.83261111111106,0.1,0.0,2018-11-20 21:03:01,刺网
4305,32.042277777777784,125.83266666666668,0.8,319.0,2018-11-20 21:13:01,刺网
4305,32.04222222222222,125.83269444444444,0.4,0.0,2018-11-20 21:23:01,刺网
4305,32.04219444444444,125.83258333333332,0.5,33.0,2018-11-20 21:33:01,刺网
4305,32.04205555555555,125.83263888888888,0.2,0.0,2018-11-20 21:43:01,刺网
4305,32.041805555555555,125.83275,0.2,0.0,2018-11-20 21:53:01,刺网
4305,32.041694444444445,125.83283333333334,0.4,0.0,2018-11-20 22:03:01,刺网
4305,32.0415,125.83305555555555,0.1,0.0,2018-11-20 22:13:01,刺网
4305,32.04152777777778,125.8329722222222,0.2,0.0,2018-11-20 22:23:01,刺网
4305,32.04141666666667,125.83308333333332,0.5,0.0,2018-11-20 22:33:01,刺网
4305,32.04125,125.83330555555555,0.5,0.0,2018-11-20 22:43:01,刺网
4305,32.041305555555546,125.83330555555555,0.1,0.0,2018-11-20 22:53:01,刺网
4305,32.041444444444444,125.83316666666666,0.5,0.0,2018-11-20 23:03:01,刺网
4305,32.04133333333333,125.83327777777777,0.5,0.0,2018-11-20 23:13:01,刺网
4305,32.04119444444444,125.83344444444445,0.1,0.0,2018-11-20 23:23:01,刺网
4305,32.04116666666666,125.83352777777776,0.9,341.0,2018-11-20 23:33:01,刺网
4305,32.04108333333333,125.83372222222219,0.7,0.0,2018-11-20 23:43:01,刺网
4305,32.04080555555556,125.83402777777776,0.3,0.0,2018-11-20 23:53:01,刺网
4305,32.03944444444444,125.81808333333332,0.7,198.0,2018-11-21 00:03:01,刺网
4305,32.041,125.83447222222222,0.2,0.0,2018-11-21 00:13:01,刺网
4305,32.041027777777785,125.83463888888888,0.1,0.0,2018-11-21 00:23:01,刺网
4305,32.041027777777785,125.83466666666666,0.3,0.0,2018-11-21 00:33:01,刺网
4305,32.04108333333333,125.8347222222222,0.3,195.0,2018-11-21 00:43:01,刺网
4305,32.041,125.83461111111113,0.4,0.0,2018-11-21 00:53:01,刺网
4305,32.041027777777785,125.83461111111113,0.7,74.0,2018-11-21 01:03:01,刺网
4305,32.041027777777785,125.83463888888888,0.3,0.0,2018-11-21 01:13:01,刺网
4305,32.040972222222216,125.83466666666666,0.0,0.0,2018-11-21 01:23:01,刺网
4305,32.03738888888889,125.83933333333331,4.2,336.0,2018-11-21 01:33:01,刺网
4305,32.03841666666667,125.83777777777777,0.2,0.0,2018-11-21 01:43:01,刺网
4305,32.03825,125.83752777777777,0.2,0.0,2018-11-21 01:53:01,刺网
4305,32.04602777777778,125.83825,0.2,0.0,2018-11-21 02:03:01,刺网
4305,32.04588888888889,125.83775,4.3,34.0,2018-11-21 02:13:01,刺网
4305,32.05502777777778,125.8372777777778,0.3,0.0,2018-11-21 02:23:01,刺网
4305,32.05444444444444,125.83394444444444,7.0,262.0,2018-11-21 02:33:01,刺网
4305,32.05458333333333,125.81983333333334,1.2,225.0,2018-11-21 02:43:01,刺网
4305,32.05086111111111,125.81877777777778,7.8,154.0,2018-11-21 02:53:01,刺网
4305,32.04619444444445,125.81830555555555,0.4,295.0,2018-11-21 03:03:01,刺网
4305,32.03330555555556,125.81880555555556,10.7,174.0,2018-11-21 03:13:01,刺网
4305,32.02038888888889,125.81775,0.7,245.0,2018-11-21 03:23:01,刺网
4305,32.01530555555556,125.81391666666666,9.7,195.0,2018-11-21 03:33:01,刺网
4305,32.01236111111111,125.81505555555556,0.2,0.0,2018-11-21 03:43:01,刺网
4305,32.00361111111111,125.81419444444445,0.5,21.0,2018-11-21 03:53:01,刺网
4305,32.00433333333333,125.81336111111106,1.7,253.0,2018-11-21 04:03:01,刺网
4305,32.003722222222216,125.83005555555556,2.0,49.0,2018-11-21 04:13:01,刺网
4305,32.00475,125.82958333333332,0.1,0.0,2018-11-21 04:23:01,刺网
4305,32.00891666666667,125.82855555555555,9.3,348.0,2018-11-21 04:33:01,刺网
4305,32.01413888888889,125.82875,0.7,0.0,2018-11-21 04:43:01,刺网
4305,32.03088888888889,125.82847222222222,1.9,54.0,2018-11-21 04:53:01,刺网
4305,32.03183333333333,125.82819444444445,0.8,264.0,2018-11-21 05:03:01,刺网
4305,32.041916666666665,125.83286111111113,2.4,106.0,2018-11-21 05:13:01,刺网
4305,32.04238888888889,125.83244444444445,0.3,0.0,2018-11-21 05:23:01,刺网
4305,32.04252777777778,125.83252777777777,0.7,99.0,2018-11-21 05:33:01,刺网
4305,32.04252777777778,125.83258333333332,0.5,0.0,2018-11-21 05:43:01,刺网
4305,32.042472222222216,125.83236111111107,0.6,0.0,2018-11-21 05:53:01,刺网
4305,32.04255555555555,125.8325,0.3,0.0,2018-11-21 06:03:01,刺网
4305,32.0425,125.83241666666666,0.5,0.0,2018-11-21 06:13:01,刺网
4305,32.04255555555555,125.8325,0.2,0.0,2018-11-21 06:23:01,刺网
4305,32.042472222222216,125.83241666666666,0.2,0.0,2018-11-21 06:33:01,刺网
4305,32.04252777777778,125.8324722222222,0.5,0.0,2018-11-21 06:43:01,刺网
4305,32.04275,125.83258333333332,0.2,0.0,2018-11-21 06:53:01,刺网
4305,32.04269444444444,125.83258333333332,0.1,0.0,2018-11-21 07:03:01,刺网
4305,32.04280555555556,125.83263888888888,0.0,0.0,2018-11-21 07:13:01,刺网
4305,32.04258333333333,125.8324722222222,0.4,0.0,2018-11-21 07:23:01,刺网
4305,32.04275,125.83258333333332,0.6,0.0,2018-11-21 07:33:01,刺网
4305,32.04275,125.83261111111106,0.2,0.0,2018-11-21 07:43:01,刺网
4305,32.04252777777778,125.83252777777777,1.6,9.0,2018-11-21 07:53:01,刺网
4305,32.04252777777778,125.8324722222222,0.4,0.0,2018-11-21 08:03:01,刺网
4305,32.04255555555555,125.8324722222222,0.7,0.0,2018-11-21 08:13:01,刺网
4305,32.04266666666666,125.83258333333332,0.1,0.0,2018-11-21 08:23:01,刺网
4305,32.04288888888889,125.83269444444444,0.7,0.0,2018-11-21 08:33:01,刺网
4305,32.04313888888889,125.83325,0.1,0.0,2018-11-21 08:53:01,刺网
4305,32.04313888888889,125.83327777777777,0.7,0.0,2018-11-21 09:03:01,刺网
4305,32.043166666666664,125.83336111111107,0.3,0.0,2018-11-21 09:13:01,刺网
4305,32.043166666666664,125.83325,0.2,0.0,2018-11-21 09:23:01,刺网
4305,32.04313888888889,125.83319444444444,0.4,0.0,2018-11-21 09:33:01,刺网
4305,32.043055555555554,125.83313888888887,0.2,0.0,2018-11-21 09:43:01,刺网
4305,32.04313888888889,125.83341666666666,0.6,92.0,2018-11-21 09:53:01,刺网
4305,32.04313888888889,125.8335,0.8,53.0,2018-11-21 10:03:01,刺网
4305,32.04313888888889,125.83369444444445,0.4,0.0,2018-11-21 10:13:01,刺网
4305,32.043166666666664,125.83391666666664,0.1,0.0,2018-11-21 10:23:01,刺网
4305,32.04313888888889,125.83402777777776,0.6,273.0,2018-11-21 10:33:01,刺网
4305,32.04308333333333,125.83380555555556,0.4,0.0,2018-11-21 10:43:01,刺网
4305,32.042972222222225,125.83397222222222,0.2,0.0,2018-11-21 10:53:01,刺网
4305,32.042944444444444,125.83402777777776,0.7,97.0,2018-11-21 11:03:01,刺网
4305,32.04269444444444,125.83413888888887,0.3,0.0,2018-11-21 11:13:01,刺网
4305,32.042472222222216,125.83425,0.2,0.0,2018-11-21 11:23:01,刺网
4305,32.04208333333333,125.83380555555556,0.3,211.0,2018-11-21 11:33:01,刺网
4305,32.041444444444444,125.83333333333331,0.3,0.0,2018-11-21 11:43:01,刺网
4305,32.04133333333333,125.83338888888888,0.5,207.0,2018-11-21 11:53:01,刺网
4305,32.03363888888889,125.83866666666668,0.2,0.0,2018-11-21 12:13:01,刺网
4305,32.04047222222222,125.84280555555556,9.1,2.0,2018-11-21 12:23:01,刺网
4305,32.04122222222222,125.83933333333331,0.0,0.0,2018-11-21 12:33:01,刺网
4305,32.04844444444444,125.84,0.8,305.0,2018-11-21 12:43:01,刺网
4305,32.05244444444444,125.84183333333334,9.7,13.0,2018-11-21 12:53:01,刺网
4305,32.05683333333333,125.83922222222222,0.5,254.0,2018-11-21 13:03:01,刺网
4305,32.05675,125.82322222222223,0.5,16.0,2018-11-21 13:13:01,刺网
4305,32.056388888888875,125.82258333333333,1.9,133.0,2018-11-21 13:23:01,刺网
4305,32.04855555555555,125.82166666666666,0.6,0.0,2018-11-21 13:33:01,刺网
4305,32.03575,125.82213888888887,11.0,183.0,2018-11-21 13:43:01,刺网
4305,32.02191666666667,125.82158333333334,0.1,0.0,2018-11-21 14:03:01,刺网
4305,32.013361111111124,125.82180555555556,7.2,234.0,2018-11-21 14:13:01,刺网
4305,32.013472222222234,125.81972222222224,0.1,0.0,2018-11-21 14:23:01,刺网
4305,32.00513888888889,125.82669444444444,11.1,109.0,2018-11-21 14:43:01,刺网
4305,32.004222222222225,125.83613888888887,0.2,0.0,2018-11-21 14:53:01,刺网
4305,32.01186111111111,125.8355,0.8,319.0,2018-11-21 15:03:01,刺网
4305,32.012194444444454,125.83488888888887,0.2,0.0,2018-11-21 15:13:01,刺网
4305,32.01561111111111,125.84125,10.0,58.0,2018-11-21 15:23:01,刺网
4305,32.02213888888889,125.84588888888894,9.5,313.0,2018-11-21 15:33:01,刺网
4305,32.024972222222225,125.83838888888887,9.5,337.0,2018-11-21 15:43:01,刺网
4305,32.04263888888889,125.81591666666668,2.1,216.0,2018-11-21 16:03:01,刺网
4305,32.039805555555546,125.81563888888887,0.4,154.0,2018-11-21 16:13:01,刺网
4305,32.039611111111114,125.81633333333332,0.3,0.0,2018-11-21 16:33:01,刺网
4305,32.039777777777765,125.81572222222222,0.5,0.0,2018-11-21 16:43:01,刺网
4305,32.03969444444444,125.81583333333332,1.4,78.0,2018-11-21 16:53:01,刺网
4305,32.03963888888889,125.816,0.1,0.0,2018-11-21 17:03:01,刺网
4305,32.03966666666666,125.8160277777778,0.3,0.0,2018-11-21 17:13:01,刺网
4305,32.039777777777765,125.81558333333332,0.2,0.0,2018-11-21 17:23:01,刺网
4305,32.039805555555546,125.81555555555555,0.4,0.0,2018-11-21 17:33:01,刺网
4305,32.039944444444444,125.81519444444444,0.6,337.0,2018-11-21 17:43:01,刺网
4305,32.040055555555554,125.81505555555556,0.2,0.0,2018-11-21 17:53:01,刺网
4305,32.040166666666664,125.81486111111107,0.8,341.0,2018-11-21 18:03:01,刺网
4305,32.04027777777777,125.81469444444444,0.3,0.0,2018-11-21 18:13:01,刺网
4305,32.040166666666664,125.81491666666666,0.0,0.0,2018-11-21 18:23:01,刺网
4305,32.04038888888889,125.81444444444445,0.1,0.0,2018-11-21 18:33:01,刺网
4305,32.04044444444444,125.81444444444445,0.3,0.0,2018-11-21 18:43:01,刺网
4305,32.04066666666667,125.81411111111107,0.2,0.0,2018-11-21 18:53:01,刺网
4305,32.041,125.81380555555555,0.5,0.0,2018-11-21 19:03:01,刺网
4305,32.04122222222222,125.81361111111113,0.8,307.0,2018-11-21 19:13:01,刺网
4305,32.04152777777778,125.81344444444444,1.9,349.0,2018-11-21 19:23:01,刺网
4305,32.04161111111111,125.81338888888894,0.8,0.0,2018-11-21 19:33:01,刺网
4305,32.04183333333333,125.8132222222222,0.2,0.0,2018-11-21 19:43:01,刺网
4305,32.04183333333333,125.81325,1.2,216.0,2018-11-21 19:53:01,刺网
4305,32.041999999999994,125.81327777777777,0.7,0.0,2018-11-21 20:03:01,刺网
4305,32.0415,125.81344444444444,0.5,212.0,2018-11-21 20:13:01,刺网
4305,32.0415,125.81347222222222,0.5,224.0,2018-11-21 20:23:01,刺网
4305,32.041305555555546,125.81363888888887,1.1,357.0,2018-11-21 20:33:01,刺网
4305,32.040972222222216,125.81405555555556,0.1,0.0,2018-11-21 20:43:01,刺网
4305,32.04047222222222,125.81458333333332,1.0,156.0,2018-11-21 20:53:01,刺网
4305,32.03997222222222,125.81533333333334,0.1,0.0,2018-11-21 21:03:01,刺网
4305,32.03972222222222,125.816,0.2,0.0,2018-11-21 21:13:01,刺网
4305,32.0395,125.81683333333334,0.5,206.0,2018-11-21 21:23:01,刺网
4305,32.039527777777785,125.81669444444445,0.5,275.0,2018-11-21 21:43:01,刺网
4305,32.03969444444444,125.81594444444444,0.3,0.0,2018-11-21 21:53:01,刺网
4305,32.0395,125.81688888888887,0.6,114.0,2018-11-21 22:03:01,刺网
4305,32.03944444444444,125.81766666666668,0.2,0.0,2018-11-21 22:13:01,刺网
4305,32.03944444444444,125.81672222222224,0.5,0.0,2018-11-21 22:23:01,刺网
4305,32.03958333333333,125.81655555555555,0.2,0.0,2018-11-21 22:33:01,刺网
4305,32.039472222222216,125.81677777777777,0.6,0.0,2018-11-21 22:43:01,刺网
4305,32.03925,125.81805555555556,0.6,0.0,2018-11-21 22:53:01,刺网
4305,32.03941666666667,125.81841666666666,0.6,0.0,2018-11-21 23:03:01,刺网
4305,32.039472222222216,125.81872222222222,0.6,0.0,2018-11-21 23:13:01,刺网
4305,32.039472222222216,125.81888888888888,1.7,56.0,2018-11-21 23:23:01,刺网
4305,32.039472222222216,125.81875,0.2,0.0,2018-11-21 23:33:01,刺网
4305,32.039527777777785,125.81858333333332,0.4,0.0,2018-11-21 23:43:01,刺网
4305,32.039472222222216,125.81833333333331,0.9,0.0,2018-11-21 23:53:01,刺网
4305,32.04275,125.82061111111112,0.9,144.0,2018-11-22 00:03:01,刺网
4305,32.03944444444444,125.81822222222222,0.8,301.0,2018-11-22 00:13:01,刺网
4305,32.03944444444444,125.8184722222222,0.5,212.0,2018-11-22 00:23:01,刺网
4305,32.039472222222216,125.81858333333332,1.3,315.0,2018-11-22 00:33:01,刺网
4305,32.039472222222216,125.81852777777777,0.3,0.0,2018-11-22 00:43:01,刺网
4305,32.03944444444444,125.8184722222222,0.6,15.0,2018-11-22 00:53:01,刺网
4305,32.03944444444444,125.81838888888888,0.6,24.0,2018-11-22 01:03:01,刺网
4305,32.03941666666667,125.81838888888888,1.5,58.0,2018-11-22 01:13:01,刺网
4305,32.03941666666667,125.81822222222222,0.6,0.0,2018-11-22 01:23:01,刺网
4305,32.03944444444444,125.81822222222222,0.6,0.0,2018-11-22 01:33:01,刺网
4305,32.03938888888889,125.81844444444445,0.8,0.0,2018-11-22 01:43:01,刺网
4305,32.044111111111114,125.82172222222222,6.5,341.0,2018-11-22 01:53:01,刺网
4305,32.04713888888889,125.8202777777778,1.9,66.0,2018-11-22 02:03:01,刺网
4305,32.05425,125.82127777777778,2.1,320.0,2018-11-22 02:13:01,刺网
4305,32.05438888888889,125.82041666666666,3.8,153.0,2018-11-22 02:23:01,刺网
4305,32.04452777777778,125.8377222222222,2.5,329.0,2018-11-22 02:33:01,刺网
4305,32.04558333333333,125.83705555555555,1.0,101.0,2018-11-22 02:43:01,刺网
4305,32.05302777777778,125.83733333333332,5.0,336.0,2018-11-22 02:53:01,刺网
4305,32.05463888888889,125.83644444444445,0.6,0.0,2018-11-22 03:03:01,刺网
4305,32.03597222222222,125.83577777777776,3.7,3.0,2018-11-22 03:13:01,刺网
4305,32.03733333333333,125.83486111111107,0.0,0.0,2018-11-22 03:23:01,刺网
4305,32.028416666666665,125.83394444444444,1.7,323.0,2018-11-22 03:33:01,刺网
4305,32.02908333333333,125.83375,1.1,181.0,2018-11-22 03:43:01,刺网
4305,32.010694444444454,125.83438888888887,7.7,185.0,2018-11-22 03:53:01,刺网
4305,32.011888888888876,125.83238888888887,2.3,225.0,2018-11-22 04:03:01,刺网
4305,32.00311111111111,125.83072222222222,4.8,183.0,2018-11-22 04:13:01,刺网
4305,32.003861111111114,125.83147222222222,1.0,0.0,2018-11-22 04:23:01,刺网
4305,32.00666666666667,125.82766666666667,5.2,335.0,2018-11-22 04:33:01,刺网
4305,32.00336111111111,125.81183333333334,3.1,82.0,2018-11-22 04:43:01,刺网
4305,32.00491666666667,125.81241666666666,2.5,275.0,2018-11-22 04:53:01,刺网
4305,32.01161111111111,125.81113888888888,4.1,21.0,2018-11-22 05:03:01,刺网
4305,32.013694444444454,125.812,2.5,172.0,2018-11-22 05:13:01,刺网
4305,32.021166666666666,125.81205555555556,4.1,43.0,2018-11-22 05:23:01,刺网
4305,32.0225,125.81275,0.5,0.0,2018-11-22 05:33:01,刺网
4305,32.03102777777778,125.81008333333334,6.2,324.0,2018-11-22 05:43:01,刺网
4305,32.04152777777778,125.8137777777778,2.5,321.0,2018-11-22 05:53:01,刺网
4305,32.040194444444445,125.81469444444444,4.2,320.0,2018-11-22 06:03:01,刺网
4305,32.039777777777765,125.81555555555555,0.7,320.0,2018-11-22 06:13:01,刺网
4305,32.03975,125.81538888888888,0.4,0.0,2018-11-22 06:23:01,刺网
4305,32.039777777777765,125.8155,0.6,54.0,2018-11-22 06:34:01,刺网
4305,32.039777777777765,125.81561111111112,1.6,162.0,2018-11-22 06:43:01,刺网
4305,32.03988888888888,125.81527777777778,1.8,207.0,2018-11-22 06:53:01,刺网
4305,32.039944444444444,125.81522222222222,1.0,287.0,2018-11-22 07:03:01,刺网
4305,32.04,125.81522222222222,0.9,315.0,2018-11-22 07:13:01,刺网
4305,32.040055555555554,125.81522222222222,3.1,104.0,2018-11-22 07:23:01,刺网
4305,32.04002777777778,125.81525,3.1,256.0,2018-11-22 07:33:01,刺网
4305,32.04025,125.81483333333333,0.3,0.0,2018-11-22 07:43:01,刺网
4305,32.04033333333333,125.81486111111107,2.3,113.0,2018-11-22 07:53:01,刺网
4305,32.040416666666665,125.81455555555556,1.0,325.0,2018-11-22 08:03:01,刺网
4305,32.04047222222222,125.81466666666668,1.6,93.0,2018-11-22 08:13:01,刺网
4305,32.04044444444444,125.81469444444444,1.9,52.0,2018-11-22 08:23:01,刺网
4305,32.04022222222222,125.81491666666666,1.0,144.0,2018-11-22 08:33:01,刺网
4305,32.04011111111111,125.81508333333332,2.6,170.0,2018-11-22 08:43:01,刺网
4305,32.04011111111111,125.81511111111112,1.9,163.0,2018-11-22 08:53:01,刺网
4305,32.04002777777778,125.81525,0.5,253.0,2018-11-22 09:03:01,刺网
4305,32.04008333333333,125.81522222222222,2.5,137.0,2018-11-22 09:13:01,刺网
4305,32.03988888888888,125.81563888888887,1.2,299.0,2018-11-22 09:23:01,刺网
4305,32.03972222222222,125.81616666666667,1.4,121.0,2018-11-22 09:33:01,刺网
4305,32.0395,125.81669444444445,2.3,116.0,2018-11-22 09:43:01,刺网
4305,32.039527777777785,125.81733333333332,1.6,0.0,2018-11-22 09:53:01,刺网
4305,32.039277777777784,125.81775,2.3,138.0,2018-11-22 10:04:01,刺网
4305,32.03944444444444,125.81819444444444,0.5,0.0,2018-11-22 10:13:01,刺网
4305,32.0395,125.81886111111106,0.2,0.0,2018-11-22 10:23:01,刺网
4305,32.03944444444444,125.81719444444445,0.7,0.0,2018-11-22 10:33:01,刺网
4305,32.03941666666667,125.81794444444445,0.8,329.0,2018-11-22 10:43:01,刺网
4305,32.03955555555555,125.81891666666664,1.0,342.0,2018-11-22 10:53:01,刺网
4305,32.03944444444444,125.81830555555555,3.0,75.0,2018-11-22 11:03:01,刺网
4305,32.039472222222216,125.81827777777777,0.5,0.0,2018-11-22 11:13:01,刺网
4305,32.039472222222216,125.81844444444445,1.2,0.0,2018-11-22 11:23:01,刺网
4305,32.03955555555555,125.81886111111106,1.3,226.0,2018-11-22 11:33:01,刺网
4305,32.039472222222216,125.8184722222222,0.7,42.0,2018-11-22 11:43:01,刺网
4305,32.03972222222222,125.81952777777781,0.6,0.0,2018-11-22 11:53:01,刺网
4305,32.03958333333333,125.81933333333332,1.1,0.0,2018-11-22 12:03:01,刺网
4305,32.03972222222222,125.81961111111113,2.9,71.0,2018-11-22 12:13:01,刺网
4305,32.03991666666666,125.82005555555556,0.5,0.0,2018-11-22 12:23:01,刺网
4305,32.040194444444445,125.81972222222224,2.5,316.0,2018-11-22 12:33:01,刺网
4305,32.042138888888886,125.82236111111106,6.2,29.0,2018-11-22 12:43:01,刺网
4305,32.050999999999995,125.82180555555556,0.5,0.0,2018-11-22 12:53:01,刺网
4305,32.05869444444444,125.82308333333332,1.9,351.0,2018-11-22 13:03:01,刺网
4305,32.05580555555555,125.82688888888887,11.0,93.0,2018-11-22 13:13:01,刺网
4305,32.05775,125.83925,1.3,267.0,2018-11-22 13:23:01,刺网
4305,32.047916666666666,125.84144444444445,6.5,238.0,2018-11-22 13:33:01,刺网
4305,32.04747222222222,125.84002777777776,1.2,237.0,2018-11-22 13:43:01,刺网
4305,32.03941666666667,125.83836111111107,1.3,129.0,2018-11-22 13:53:01,刺网
4305,32.03941666666667,125.83836111111107,1.3,129.0,2018-11-22 14:04:01,刺网
4305,32.023972222222234,125.83833333333332,9.4,169.0,2018-11-22 14:13:01,刺网
4305,32.01386111111111,125.83741666666668,1.3,125.0,2018-11-22 14:23:01,刺网
4305,32.00508333333334,125.83836111111107,2.9,320.0,2018-11-22 14:33:01,刺网
4305,32.004555555555555,125.83744444444444,3.3,175.0,2018-11-22 14:43:01,刺网
4305,32.00477777777777,125.81916666666666,1.1,270.0,2018-11-22 14:53:01,刺网
4305,32.007472222222226,125.81819444444444,7.2,20.0,2018-11-22 15:03:01,刺网
4305,32.01269444444445,125.81841666666666,1.4,325.0,2018-11-22 15:13:01,刺网
4305,32.0175,125.81955555555555,7.7,356.0,2018-11-22 15:23:01,刺网
4305,32.02044444444444,125.81902777777776,1.6,193.0,2018-11-22 15:33:01,刺网
4305,32.03263888888889,125.81430555555555,8.2,14.0,2018-11-22 15:43:01,刺网
4305,32.04091666666667,125.81830555555555,0.6,0.0,2018-11-22 15:53:01,刺网
4305,32.04086111111111,125.81772222222222,0.3,0.0,2018-11-22 16:03:01,刺网
4305,32.04088888888889,125.8174722222222,0.7,0.0,2018-11-22 16:13:01,刺网
4305,32.04086111111111,125.81752777777777,0.6,0.0,2018-11-22 16:23:01,刺网
4305,32.04086111111111,125.81758333333332,0.6,0.0,2018-11-22 16:33:01,刺网
4305,32.04083333333333,125.81780555555555,1.3,100.0,2018-11-22 16:43:01,刺网
4305,32.04083333333333,125.81791666666666,0.6,0.0,2018-11-22 16:53:01,刺网
4305,32.04086111111111,125.81802777777777,1.2,0.0,2018-11-22 17:03:01,刺网
4305,32.04088888888889,125.81763888888888,0.5,0.0,2018-11-22 17:13:01,刺网
4305,32.04080555555556,125.81763888888888,1.7,0.0,2018-11-22 17:23:01,刺网
4305,32.04091666666667,125.81736111111107,0.1,0.0,2018-11-22 17:33:01,刺网
4305,32.04091666666667,125.81744444444445,0.4,86.0,2018-11-22 17:43:01,刺网
4305,32.040972222222216,125.81697222222222,0.3,0.0,2018-11-22 17:53:01,刺网
4305,32.040972222222216,125.81669444444445,1.0,0.0,2018-11-22 18:03:01,刺网
4305,32.04105555555555,125.8165,1.9,9.0,2018-11-22 18:13:01,刺网
4305,32.04116666666666,125.81625,0.8,320.0,2018-11-22 18:23:01,刺网
4305,32.04119444444444,125.8162222222222,1.3,355.0,2018-11-22 18:33:01,刺网
4305,32.04133333333333,125.81594444444444,0.6,357.0,2018-11-22 18:43:01,刺网
4305,32.0415,125.81566666666666,3.2,308.0,2018-11-22 18:53:01,刺网
4305,32.04158333333333,125.81555555555555,1.9,335.0,2018-11-22 19:03:01,刺网
4305,32.04158333333333,125.81561111111112,0.7,205.0,2018-11-22 19:13:01,刺网
4305,32.041555555555554,125.81566666666666,1.0,268.0,2018-11-22 19:23:01,刺网
4305,32.041555555555554,125.81563888888887,1.7,174.0,2018-11-22 19:33:01,刺网
4305,32.041666666666664,125.81541666666666,0.7,258.0,2018-11-22 19:43:01,刺网
4305,32.04183333333333,125.81530555555555,2.2,315.0,2018-11-22 19:53:01,刺网
4305,32.04194444444444,125.81513888888887,1.1,218.0,2018-11-22 20:03:01,刺网
4305,32.042138888888886,125.81505555555556,1.2,62.0,2018-11-22 20:13:01,刺网
4305,32.04238888888889,125.815,1.1,109.0,2018-11-22 20:23:01,刺网
4305,32.042472222222216,125.81505555555556,0.5,0.0,2018-11-22 20:33:01,刺网
4305,32.042972222222225,125.8147777777778,2.2,191.0,2018-11-22 20:53:01,刺网
4305,32.04322222222222,125.81469444444444,0.6,0.0,2018-11-22 21:03:01,刺网
4305,32.043305555555555,125.81483333333333,0.1,0.0,2018-11-22 21:13:01,刺网
4305,32.043416666666666,125.81480555555555,0.4,0.0,2018-11-22 21:23:01,刺网
4305,32.04336111111111,125.815,1.6,16.0,2018-11-22 21:33:01,刺网
4305,32.04336111111111,125.81547222222223,0.9,60.0,2018-11-22 21:43:01,刺网
4305,32.04344444444444,125.81591666666668,2.6,40.0,2018-11-22 21:53:01,刺网
4305,32.04333333333333,125.81652777777776,1.2,64.0,2018-11-22 22:03:01,刺网
4305,32.04286111111111,125.81766666666668,1.3,67.0,2018-11-22 22:13:01,刺网
4305,32.04244444444444,125.81886111111106,1.0,179.0,2018-11-22 22:23:01,刺网
4305,32.0425,125.81936111111106,0.1,0.0,2018-11-22 22:33:01,刺网
4305,32.04252777777778,125.81961111111113,0.9,67.0,2018-11-22 22:43:01,刺网
4305,32.04255555555555,125.81966666666666,0.4,105.0,2018-11-22 22:53:01,刺网
4305,32.04269444444444,125.81975,1.0,319.0,2018-11-22 23:03:01,刺网
4305,32.04286111111111,125.81991666666669,0.2,0.0,2018-11-22 23:13:01,刺网
4305,32.043055555555554,125.82013888888888,1.1,15.0,2018-11-22 23:23:01,刺网
4305,32.04327777777777,125.82063888888894,3.0,128.0,2018-11-22 23:33:01,刺网
4305,32.042972222222225,125.8207777777778,0.8,340.0,2018-11-22 23:43:01,刺网
4305,32.04280555555556,125.82069444444444,1.6,203.0,2018-11-22 23:53:01,刺网
4305,32.034638888888885,125.83388888888888,0.3,0.0,2018-11-23 00:03:01,刺网
4305,32.042611111111114,125.82066666666668,0.9,351.0,2018-11-23 00:13:01,刺网
4305,32.042472222222216,125.82063888888894,0.3,0.0,2018-11-23 00:23:01,刺网
4305,32.04222222222222,125.82041666666666,0.8,78.0,2018-11-23 00:33:01,刺网
4305,32.04183333333333,125.82008333333332,0.9,322.0,2018-11-23 00:43:01,刺网
4305,32.04172222222222,125.82,0.2,0.0,2018-11-23 00:53:01,刺网
4305,32.041666666666664,125.81997222222222,1.1,189.0,2018-11-23 01:03:01,刺网
4305,32.04152777777778,125.81969444444445,0.4,0.0,2018-11-23 01:13:01,刺网
4305,32.041472222222225,125.81969444444445,1.7,299.0,2018-11-23 01:23:01,刺网
4305,32.041472222222225,125.81963888888887,0.1,0.0,2018-11-23 01:33:01,刺网
4305,32.04141666666667,125.8195,2.2,64.0,2018-11-23 01:43:01,刺网
4305,32.04138888888889,125.81961111111113,1.1,47.0,2018-11-23 01:53:01,刺网
4305,32.04125,125.81933333333332,0.4,0.0,2018-11-23 02:03:01,刺网
4305,32.04125,125.8192222222222,0.9,0.0,2018-11-23 02:13:01,刺网
4305,32.04113888888889,125.81913888888887,0.9,0.0,2018-11-23 02:23:01,刺网
4305,32.04119444444444,125.8192222222222,0.3,0.0,2018-11-23 02:33:01,刺网
4305,32.04702777777778,125.82041666666666,1.0,302.0,2018-11-23 02:43:01,刺网
4305,32.047277777777765,125.82036111111113,6.0,31.0,2018-11-23 02:53:01,刺网
4305,32.05486111111111,125.8205,0.4,0.0,2018-11-23 03:03:01,刺网
4305,32.053277777777765,125.82252777777776,7.3,86.0,2018-11-23 03:13:01,刺网
4305,32.0545,125.8370277777778,1.8,352.0,2018-11-23 03:23:01,刺网
4305,32.05397222222222,125.83652777777776,3.5,253.0,2018-11-23 03:33:01,刺网
4305,32.04472222222222,125.83680555555556,1.8,332.0,2018-11-23 03:43:01,刺网
4305,32.04516666666666,125.83625,0.2,0.0,2018-11-23 03:53:01,刺网
4305,32.039527777777785,125.83363888888887,6.0,183.0,2018-11-23 04:03:01,刺网
4305,32.03702777777778,125.83494444444445,1.3,328.0,2018-11-23 04:13:01,刺网
4305,32.03630555555556,125.83380555555556,4.7,212.0,2018-11-23 04:23:01,刺网
4305,32.02755555555555,125.83330555555555,1.3,344.0,2018-11-23 04:33:01,刺网
4305,32.02897222222221,125.833,1.0,187.0,2018-11-23 04:43:01,刺网
4305,32.01844444444444,125.8297777777778,8.7,185.0,2018-11-23 04:53:01,刺网
4305,32.012055555555555,125.83152777777777,0.5,0.0,2018-11-23 05:03:01,刺网
4305,32.011027777777784,125.8295,4.4,204.0,2018-11-23 05:13:01,刺网
4305,32.00361111111111,125.83008333333332,0.8,0.0,2018-11-23 05:23:01,刺网
4305,32.004055555555546,125.82958333333332,2.5,230.0,2018-11-23 05:33:01,刺网
4305,32.00441666666667,125.81147222222219,1.2,1.0,2018-11-23 05:43:01,刺网
4305,32.00541666666667,125.81163888888888,0.2,0.0,2018-11-23 05:53:01,刺网
4305,32.01308333333333,125.81005555555555,4.9,4.0,2018-11-23 06:03:01,刺网
4305,32.014722222222225,125.811,0.4,0.0,2018-11-23 06:13:01,刺网
4305,32.022,125.81013888888887,2.1,354.0,2018-11-23 06:23:01,刺网
4305,32.023694444444445,125.81191666666666,0.3,0.0,2018-11-23 06:33:01,刺网
4305,32.033527777777785,125.81280555555556,10.3,355.0,2018-11-23 06:43:01,刺网
4305,32.04352777777777,125.81480555555555,0.6,196.0,2018-11-23 06:53:01,刺网
4305,32.04325,125.81755555555556,2.8,173.0,2018-11-23 07:03:01,刺网
4305,32.02694444444445,125.81266666666669,6.2,178.0,2018-11-23 07:13:01,刺网
4305,32.01038888888889,125.81311111111113,4.6,161.0,2018-11-23 07:23:01,刺网
4305,32.00875,125.81405555555556,0.4,0.0,2018-11-23 07:33:01,刺网
4305,32.00891666666667,125.81405555555556,2.0,9.0,2018-11-23 07:43:01,刺网
4305,32.00927777777777,125.81425,1.6,225.0,2018-11-23 07:53:01,刺网
4305,32.00927777777777,125.81416666666668,0.7,167.0,2018-11-23 08:03:01,刺网
4305,32.009388888888886,125.81425,0.9,260.0,2018-11-23 08:13:01,刺网
4305,32.0095,125.81433333333334,0.7,223.0,2018-11-23 08:23:01,刺网
4305,32.00969444444445,125.81452777777778,0.4,33.0,2018-11-23 08:33:01,刺网
4305,32.009722222222216,125.81458333333332,1.3,37.0,2018-11-23 08:43:01,刺网
4305,32.00991666666667,125.81494444444445,0.7,140.0,2018-11-23 08:53:01,刺网
4305,32.00866666666666,125.81519444444444,2.3,340.0,2018-11-23 09:03:01,刺网
4305,32.012194444444454,125.81252777777777,1.9,305.0,2018-11-23 09:13:01,刺网
4305,32.01555555555556,125.8099722222222,0.7,0.0,2018-11-23 09:23:01,刺网
4305,32.01880555555556,125.80694444444444,1.7,343.0,2018-11-23 09:33:01,刺网
4305,32.022638888888885,125.80544444444445,1.0,0.0,2018-11-23 09:43:01,刺网
4305,32.025999999999996,125.80233333333332,6.3,16.0,2018-11-23 09:53:01,刺网
4305,32.04422222222222,125.82263888888887,9.7,43.0,2018-11-23 10:03:01,刺网
4305,32.05386111111111,125.84261111111113,0.2,0.0,2018-11-23 10:13:01,刺网
4305,32.05697222222222,125.8417777777778,1.7,94.0,2018-11-23 10:23:01,刺网
4305,32.056999999999995,125.84244444444445,1.0,134.0,2018-11-23 10:33:01,刺网
4305,32.05580555555555,125.84205555555555,0.7,350.0,2018-11-23 10:43:01,刺网
4305,32.05288888888889,125.83308333333332,2.7,235.0,2018-11-23 10:53:01,刺网
4305,32.04483333333333,125.83411111111107,7.2,60.0,2018-11-23 11:03:01,刺网
4305,32.04308333333333,125.83430555555556,0.9,40.0,2018-11-23 11:13:01,刺网
4305,32.04311111111111,125.83455555555555,0.7,74.0,2018-11-23 11:23:01,刺网
4305,32.04280555555556,125.83505555555556,0.9,75.0,2018-11-23 11:43:01,刺网
4305,32.04255555555555,125.83525,0.1,0.0,2018-11-23 11:53:01,刺网
4305,32.04280555555556,125.83513888888888,2.5,345.0,2018-11-23 12:03:01,刺网
4305,32.04255555555555,125.83536111111113,0.1,0.0,2018-11-23 12:13:01,刺网
4305,32.04225,125.83552777777777,0.1,0.0,2018-11-23 12:23:01,刺网
4305,32.04244444444444,125.8354722222222,1.4,293.0,2018-11-23 12:33:01,刺网
4305,32.04225,125.83558333333332,0.9,155.0,2018-11-23 12:43:01,刺网
4305,32.04177777777777,125.83555555555556,0.4,0.0,2018-11-23 12:53:01,刺网
4305,32.04236111111111,125.8355,0.0,0.0,2018-11-23 13:03:01,刺网
4305,32.04225,125.83552777777777,0.1,0.0,2018-11-23 13:13:01,刺网
4305,32.041361111111115,125.83552777777777,0.8,193.0,2018-11-23 13:23:01,刺网
4305,32.04141666666667,125.83566666666664,0.4,0.0,2018-11-23 13:33:01,刺网
4305,32.04161111111111,125.83577777777776,0.1,0.0,2018-11-23 13:43:01,刺网
4305,32.0415,125.83569444444444,0.9,123.0,2018-11-23 13:53:01,刺网
4305,32.041666666666664,125.83583333333333,1.2,56.0,2018-11-23 14:03:01,刺网
4305,32.041277777777765,125.83563888888888,0.3,0.0,2018-11-23 14:13:01,刺网
4305,32.04133333333333,125.83569444444444,0.8,72.0,2018-11-23 14:23:01,刺网
4305,32.041111111111114,125.83563888888888,0.4,0.0,2018-11-23 14:33:01,刺网
4305,32.04158333333333,125.83427777777777,5.8,300.0,2018-11-23 14:43:01,刺网
4305,32.048611111111114,125.82166666666666,0.6,281.0,2018-11-23 14:53:01,刺网
4305,32.052611111111105,125.82411111111112,6.5,22.0,2018-11-23 15:03:01,刺网
4305,32.05594444444444,125.82169444444445,0.1,0.0,2018-11-23 15:13:01,刺网
4305,32.06038888888889,125.81755555555556,6.5,63.0,2018-11-23 15:23:01,刺网
4305,32.04036111111111,125.84080555555555,6.7,85.0,2018-11-23 15:33:01,刺网
4305,32.04655555555555,125.83863888888888,0.2,0.0,2018-11-23 15:43:01,刺网
4305,32.050527777777766,125.8475,1.7,306.0,2018-11-23 15:53:01,刺网
4305,32.05119444444444,125.84566666666666,0.4,0.0,2018-11-23 16:03:01,刺网
4305,32.05486111111111,125.83725,1.2,339.0,2018-11-23 16:13:01,刺网
4305,32.05144444444444,125.83925,10.1,172.0,2018-11-23 16:23:01,刺网
4305,32.036527777777785,125.83991666666668,0.9,299.0,2018-11-23 16:33:01,刺网
4305,32.03133333333333,125.83869444444444,7.8,175.0,2018-11-23 16:43:01,刺网
4305,32.02919444444445,125.83525,0.4,0.0,2018-11-23 16:53:01,刺网
4305,32.015527777777784,125.83452777777778,7.9,191.0,2018-11-23 17:03:01,刺网
4305,32.011944444444445,125.83388888888888,0.4,0.0,2018-11-23 17:13:01,刺网
4305,32.00186111111111,125.83161111111107,4.8,121.0,2018-11-23 17:23:01,刺网
4305,32.003750000000004,125.83175,0.4,227.0,2018-11-23 17:33:01,刺网
4305,32.00402777777778,125.83105555555555,1.2,351.0,2018-11-23 17:43:01,刺网
4305,32.010999999999996,125.81361111111113,7.8,321.0,2018-11-23 17:53:01,刺网
4305,32.012722222222216,125.81225,0.7,80.0,2018-11-23 18:03:01,刺网
4305,32.021388888888886,125.81383333333332,1.5,352.0,2018-11-23 18:13:01,刺网
4305,32.026972222222234,125.81625,10.3,55.0,2018-11-23 18:23:01,刺网
4305,32.04047222222222,125.83655555555555,1.6,95.0,2018-11-23 18:33:01,刺网
4305,32.04402777777778,125.83447222222222,0.7,313.0,2018-11-23 18:43:01,刺网
4305,32.039861111111115,125.827,5.0,177.0,2018-11-23 18:53:01,刺网
4305,32.03375,125.83233333333332,2.2,94.0,2018-11-23 19:03:01,刺网
4305,32.03422222222222,125.83230555555555,0.3,0.0,2018-11-23 19:13:01,刺网
4305,32.034166666666664,125.83233333333332,0.1,0.0,2018-11-23 19:23:01,刺网
4305,32.034055555555554,125.83225,0.5,0.0,2018-11-23 19:33:01,刺网
4305,32.03436111111111,125.83244444444445,0.8,0.0,2018-11-23 19:43:01,刺网
4305,32.034416666666665,125.83238888888887,0.5,0.0,2018-11-23 19:53:01,刺网
4305,32.03438888888889,125.8325,0.7,0.0,2018-11-23 20:03:01,刺网
4305,32.034499999999994,125.83269444444444,0.0,0.0,2018-11-23 20:13:01,刺网
4305,32.03447222222222,125.83261111111106,0.0,0.0,2018-11-23 20:23:01,刺网
4305,32.03458333333333,125.8327777777778,0.1,0.0,2018-11-23 20:33:01,刺网
4305,32.03469444444444,125.83302777777777,0.0,0.0,2018-11-23 20:43:01,刺网
4305,32.03466666666666,125.833,0.2,0.0,2018-11-23 21:03:01,刺网
4305,32.03469444444444,125.833,0.3,0.0,2018-11-23 21:13:01,刺网
4305,32.03469444444444,125.83322222222222,1.0,0.0,2018-11-23 21:23:01,刺网
4305,32.03469444444444,125.83305555555555,0.7,0.0,2018-11-23 21:33:01,刺网
4305,32.03475,125.83338888888888,0.4,0.0,2018-11-23 21:43:01,刺网
4305,32.03480555555556,125.83336111111107,0.9,0.0,2018-11-23 21:53:01,刺网
4305,32.034777777777784,125.83333333333331,0.6,0.0,2018-11-23 22:03:01,刺网
4305,32.034777777777784,125.83361111111113,0.6,0.0,2018-11-23 22:13:01,刺网
4305,32.03472222222222,125.83386111111106,0.1,0.0,2018-11-23 22:23:01,刺网
4305,32.03472222222222,125.83333333333331,1.0,68.0,2018-11-23 22:33:01,刺网
4305,32.03472222222222,125.83352777777776,0.2,0.0,2018-11-23 22:43:01,刺网
4305,32.034638888888885,125.834,1.3,99.0,2018-11-23 22:53:01,刺网
4305,32.03472222222222,125.83372222222219,1.3,0.0,2018-11-23 23:03:01,刺网
4305,32.03466666666666,125.8335,0.8,0.0,2018-11-23 23:13:01,刺网
4305,32.03469444444444,125.83375,0.2,0.0,2018-11-23 23:23:01,刺网
4305,32.03472222222222,125.8334722222222,0.7,325.0,2018-11-23 23:33:01,刺网
4305,32.03472222222222,125.83355555555555,0.1,0.0,2018-11-23 23:43:01,刺网
4305,32.03469444444444,125.83377777777778,0.1,0.0,2018-11-23 23:53:01,刺网
4305,32.03458333333333,125.83402777777776,0.2,0.0,2018-11-24 00:13:01,刺网
4305,32.034499999999994,125.83444444444444,1.1,109.0,2018-11-24 00:23:01,刺网
4305,32.03452777777777,125.83430555555556,0.1,0.0,2018-11-24 00:33:01,刺网
4305,32.03444444444444,125.83438888888887,0.1,0.0,2018-11-24 00:43:01,刺网
4305,32.03433333333333,125.83461111111113,0.5,154.0,2018-11-24 00:53:01,刺网
4305,32.03411111111111,125.83486111111107,0.2,0.0,2018-11-24 01:03:01,刺网
4305,32.03413888888889,125.83483333333332,0.1,0.0,2018-11-24 01:13:01,刺网
4305,32.033972222222225,125.83494444444445,0.4,0.0,2018-11-24 01:23:01,刺网
4305,32.03363888888889,125.83508333333332,0.7,152.0,2018-11-24 01:33:01,刺网
4305,32.03355555555555,125.83505555555556,0.3,0.0,2018-11-24 01:43:01,刺网
4305,32.033055555555556,125.83502777777777,0.3,0.0,2018-11-24 01:53:01,刺网
4305,32.03288888888889,125.83488888888887,0.5,154.0,2018-11-24 02:03:01,刺网
4305,32.032805555555555,125.83491666666666,0.1,0.0,2018-11-24 02:13:01,刺网
4305,32.03261111111111,125.83461111111113,0.1,0.0,2018-11-24 02:23:01,刺网
4305,32.03252777777778,125.83455555555555,0.1,0.0,2018-11-24 02:33:01,刺网
4305,32.03252777777778,125.83436111111112,0.2,0.0,2018-11-24 02:43:01,刺网
4305,32.032444444444444,125.8342222222222,0.4,99.0,2018-11-24 02:53:01,刺网
4305,32.03233333333333,125.83405555555555,0.2,0.0,2018-11-24 03:03:01,刺网
4305,32.03233333333333,125.83377777777778,0.0,0.0,2018-11-24 03:13:01,刺网
4305,32.03233333333333,125.83405555555555,1.3,267.0,2018-11-24 03:23:01,刺网
4305,32.04461111111111,125.8220277777778,5.9,341.0,2018-11-24 03:33:01,刺网
4305,32.046972222222216,125.82011111111107,0.2,0.0,2018-11-24 03:43:01,刺网
4305,32.04783333333333,125.823,3.7,33.0,2018-11-24 03:53:01,刺网
4305,32.049638888888886,125.82191666666664,0.4,0.0,2018-11-24 04:03:01,刺网
4305,32.050666666666665,125.82191666666664,5.0,10.0,2018-11-24 04:13:01,刺网
4305,32.05416666666667,125.81930555555556,0.2,0.0,2018-11-24 04:23:01,刺网
4305,32.05294444444444,125.81755555555556,6.2,193.0,2018-11-24 04:33:01,刺网
4305,32.05016666666666,125.83544444444445,1.8,92.0,2018-11-24 04:43:01,刺网
4305,32.054277777777784,125.8347222222222,0.5,0.0,2018-11-24 05:03:01,刺网
4305,32.053000000000004,125.83252777777777,4.6,173.0,2018-11-24 05:13:01,刺网
4305,32.04586111111111,125.8417777777778,1.5,0.0,2018-11-24 05:23:01,刺网
4305,32.050305555555546,125.84152777777777,0.8,0.0,2018-11-24 05:33:01,刺网
4305,32.050388888888875,125.84058333333333,0.5,0.0,2018-11-24 05:43:01,刺网
4305,32.04366666666667,125.83516666666668,2.4,229.0,2018-11-24 05:53:01,刺网
4305,32.043499999999995,125.83044444444445,1.4,281.0,2018-11-24 06:03:01,刺网
4305,32.04555555555555,125.83188888888887,0.2,0.0,2018-11-24 06:13:01,刺网
4305,32.046055555555554,125.83130555555556,0.2,0.0,2018-11-24 06:23:01,刺网
4305,32.04038888888889,125.82738888888888,5.3,166.0,2018-11-24 06:33:01,刺网
4305,32.035027777777785,125.82708333333332,1.7,132.0,2018-11-24 06:43:01,刺网
4305,32.039194444444455,125.82869444444445,4.0,56.0,2018-11-24 06:53:01,刺网
4305,32.040499999999994,125.82961111111106,0.2,0.0,2018-11-24 07:03:01,刺网
4305,32.03783333333333,125.82619444444444,5.0,184.0,2018-11-24 07:13:01,刺网
4305,32.03230555555556,125.823,1.0,286.0,2018-11-24 07:23:01,刺网
4305,32.028499999999994,125.81208333333332,8.8,232.0,2018-11-24 07:33:01,刺网
4305,32.02488888888889,125.81083333333332,1.0,52.0,2018-11-24 07:43:01,刺网
4305,32.025305555555555,125.81169444444444,0.3,41.0,2018-11-24 07:53:01,刺网
4305,32.01813888888889,125.80802777777777,6.1,144.0,2018-11-24 08:03:01,刺网
4305,32.01902777777778,125.81066666666666,5.1,59.0,2018-11-24 08:23:01,刺网
4305,32.030944444444444,125.82883333333332,6.9,36.0,2018-11-24 08:33:01,刺网
4305,32.034416666666665,125.83252777777777,0.6,208.0,2018-11-24 08:43:01,刺网
4305,32.03458333333333,125.8327777777778,0.4,119.0,2018-11-24 08:53:01,刺网
4305,32.03458333333333,125.83283333333334,0.4,0.0,2018-11-24 09:03:01,刺网
4305,32.03458333333333,125.83288888888887,0.7,219.0,2018-11-24 09:13:01,刺网
4305,32.03469444444444,125.833,0.2,0.0,2018-11-24 09:23:01,刺网
4305,32.03472222222222,125.83291666666666,0.1,0.0,2018-11-24 09:33:01,刺网
4305,32.034638888888885,125.83294444444445,0.6,201.0,2018-11-24 09:43:01,刺网
4305,32.03472222222222,125.83319444444444,0.7,229.0,2018-11-24 09:53:01,刺网
4305,32.03480555555556,125.83341666666666,0.3,19.0,2018-11-24 10:03:01,刺网
4305,32.03480555555556,125.83338888888888,0.0,0.0,2018-11-24 10:13:01,刺网
4305,32.03483333333333,125.83344444444445,0.2,0.0,2018-11-24 10:23:01,刺网
4305,32.03483333333333,125.83358333333332,0.2,0.0,2018-11-24 10:33:01,刺网
4305,32.03480555555556,125.83363888888887,0.0,0.0,2018-11-24 10:43:01,刺网
4305,32.03480555555556,125.83386111111106,0.3,0.0,2018-11-24 10:53:01,刺网
4305,32.03480555555556,125.83397222222222,0.0,0.0,2018-11-24 11:03:01,刺网
4305,32.034777777777784,125.83402777777776,0.2,0.0,2018-11-24 11:13:01,刺网
4305,32.03522222222222,125.83391666666664,0.3,0.0,2018-11-24 11:23:01,刺网
4305,32.034611111111104,125.83425,0.2,0.0,2018-11-24 11:33:01,刺网
4305,32.034611111111104,125.83430555555556,1.0,0.0,2018-11-24 11:53:01,刺网
4305,32.03772222222222,125.83483333333332,0.4,0.0,2018-11-24 12:03:01,刺网
4305,32.038694444444445,125.83555555555556,1.3,0.0,2018-11-24 12:13:01,刺网
4305,32.025694444444454,125.83461111111113,5.2,151.0,2018-11-24 12:23:01,刺网
4305,32.01513888888889,125.83813888888888,1.0,144.0,2018-11-24 12:33:01,刺网
4305,32.014250000000004,125.83925,1.5,201.0,2018-11-24 12:43:01,刺网
4305,32.01258333333334,125.83783333333334,0.7,195.0,2018-11-24 12:53:01,刺网
4305,32.01141666666667,125.8375,0.5,181.0,2018-11-24 13:03:01,刺网
4305,32.01208333333334,125.84102777777777,4.1,39.0,2018-11-24 13:13:01,刺网
4305,32.0175,125.84533333333331,1.9,50.0,2018-11-24 13:23:01,刺网
4305,32.023,125.85094444444445,3.8,349.0,2018-11-24 13:33:01,刺网
4305,32.018194444444454,125.84008333333333,0.3,0.0,2018-11-24 13:43:01,刺网
4305,32.01763888888889,125.83838888888887,0.7,0.0,2018-11-24 13:53:01,刺网
4305,32.01716666666666,125.83852777777777,0.4,0.0,2018-11-24 14:03:01,刺网
4305,32.03233333333333,125.83686111111106,5.7,312.0,2018-11-24 14:13:01,刺网
4305,32.033194444444455,125.83519444444444,0.3,299.0,2018-11-24 14:33:01,刺网
4305,32.03311111111111,125.83516666666668,0.3,0.0,2018-11-24 14:43:01,刺网
4305,32.033138888888885,125.8352222222222,0.2,0.0,2018-11-24 14:53:01,刺网
4305,32.033055555555556,125.83519444444444,0.2,0.0,2018-11-24 15:03:01,刺网
4305,32.033138888888885,125.8352222222222,0.0,0.0,2018-11-24 15:13:01,刺网
4305,32.03283333333333,125.83505555555556,0.2,0.0,2018-11-24 15:23:01,刺网
4305,32.03286111111111,125.83511111111108,0.7,70.0,2018-11-24 15:33:01,刺网
4305,32.03297222222222,125.83511111111108,0.4,175.0,2018-11-24 15:43:01,刺网
4305,32.04352777777777,125.8262222222222,9.2,321.0,2018-11-24 15:53:01,刺网
4305,32.04761111111111,125.82105555555556,0.5,121.0,2018-11-24 16:02:01,刺网
4305,32.05222222222222,125.82441666666664,4.4,359.0,2018-11-24 16:12:01,刺网
4305,32.05522222222222,125.82119444444444,1.2,291.0,2018-11-24 16:22:01,刺网
4305,32.054555555555545,125.82638888888887,9.9,98.0,2018-11-24 16:32:01,刺网
4305,32.05527777777777,125.83786111111112,0.2,0.0,2018-11-24 16:42:01,刺网
4305,32.05458333333333,125.84236111111107,7.8,117.0,2018-11-24 16:52:01,刺网
4305,32.05083333333333,125.84505555555555,0.3,0.0,2018-11-24 17:02:01,刺网
4305,32.04602777777778,125.84227777777778,6.8,227.0,2018-11-24 17:12:01,刺网
4305,32.04555555555555,125.83713888888887,0.2,0.0,2018-11-24 17:22:01,刺网
4305,32.03688888888888,125.83669444444445,0.8,302.0,2018-11-24 17:32:01,刺网
4305,32.03736111111111,125.8370277777778,6.1,98.0,2018-11-24 17:42:01,刺网
4305,32.01291666666667,125.82030555555555,11.6,198.0,2018-11-24 17:52:01,刺网
4305,32.01225,125.81672222222224,0.8,143.0,2018-11-24 18:03:01,刺网
4305,32.02041666666667,125.81700000000001,0.3,125.0,2018-11-24 18:12:01,刺网
4305,32.027194444444454,125.82572222222224,9.2,46.0,2018-11-24 18:22:01,刺网
4305,32.03219444444444,125.83366666666667,0.5,33.0,2018-11-24 18:32:01,刺网
4305,32.03238888888889,125.83419444444445,0.2,0.0,2018-11-24 18:42:01,刺网
4305,32.032444444444444,125.83427777777777,0.8,244.0,2018-11-24 18:52:01,刺网
4305,32.03238888888889,125.83419444444445,0.1,0.0,2018-11-24 19:02:01,刺网
4305,32.032444444444444,125.83413888888887,0.4,0.0,2018-11-24 19:12:01,刺网
4305,32.03238888888889,125.83391666666664,0.3,0.0,2018-11-24 19:22:01,刺网
4305,32.032472222222225,125.83363888888887,1.1,84.0,2018-11-24 19:32:01,刺网
4305,32.0325,125.83327777777777,0.3,0.0,2018-11-24 19:42:01,刺网
4305,32.032916666666665,125.8329722222222,0.5,44.0,2018-11-24 19:52:01,刺网
4305,32.033611111111114,125.83272222222222,0.5,0.0,2018-11-24 20:02:01,刺网
4305,32.03425,125.83280555555555,0.7,91.0,2018-11-24 20:12:01,刺网
4305,32.03425,125.83322222222222,0.5,0.0,2018-11-24 20:22:01,刺网
4305,32.033527777777785,125.83269444444444,0.5,0.0,2018-11-24 20:32:01,刺网
4305,32.03325,125.83241666666666,0.3,0.0,2018-11-24 20:43:01,刺网
4305,32.03347222222221,125.83236111111107,0.1,0.0,2018-11-24 20:52:01,刺网
4305,32.034166666666664,125.83244444444445,0.4,0.0,2018-11-24 21:02:01,刺网
4305,32.03444444444444,125.8327777777778,0.2,0.0,2018-11-24 21:13:01,刺网
4305,32.03452777777777,125.83294444444445,0.5,77.0,2018-11-24 21:22:01,刺网
4305,32.03447222222222,125.83327777777777,0.6,3.0,2018-11-24 21:32:01,刺网
4305,32.03438888888889,125.83363888888887,0.3,0.0,2018-11-24 21:42:01,刺网
4305,32.03452777777777,125.83358333333332,0.4,102.0,2018-11-24 21:52:01,刺网
4305,32.03436111111111,125.83375,0.5,13.0,2018-11-24 22:02:01,刺网
4305,32.034499999999994,125.83386111111106,0.5,317.0,2018-11-24 22:12:01,刺网
4305,32.034305555555555,125.83388888888888,0.6,341.0,2018-11-24 22:22:01,刺网
4305,32.03438888888889,125.83430555555556,0.4,74.0,2018-11-24 22:32:01,刺网
4305,32.03444444444444,125.8342222222222,0.8,313.0,2018-11-24 22:42:01,刺网
4305,32.034638888888885,125.83394444444444,0.4,262.0,2018-11-24 22:52:01,刺网
4305,32.034638888888885,125.8335,0.4,53.0,2018-11-24 23:02:01,刺网
4305,32.03458333333333,125.83355555555555,0.5,291.0,2018-11-24 23:12:01,刺网
4305,32.034638888888885,125.83386111111106,1.4,10.0,2018-11-24 23:22:01,刺网
4305,32.03458333333333,125.83416666666666,0.0,0.0,2018-11-24 23:32:01,刺网
4305,32.034305555555555,125.83463888888888,0.5,0.0,2018-11-24 23:42:01,刺网
4305,32.03413888888889,125.83475,0.4,161.0,2018-11-24 23:52:01,刺网
4305,32.05191666666666,125.81616666666667,0.3,0.0,2018-11-25 00:02:01,刺网
4305,32.033972222222225,125.83491666666666,0.0,0.0,2018-11-25 00:12:01,刺网
4305,32.03375,125.83508333333332,0.1,0.0,2018-11-25 00:22:01,刺网
4305,32.03341666666667,125.83505555555556,0.1,0.0,2018-11-25 00:32:01,刺网
4305,32.03327777777777,125.83502777777777,0.1,0.0,2018-11-25 00:42:01,刺网
4305,32.03322222222222,125.83505555555556,0.2,0.0,2018-11-25 00:52:01,刺网
4305,32.033138888888885,125.835,0.4,0.0,2018-11-25 01:02:01,刺网
4305,32.03294444444444,125.83497222222219,0.3,0.0,2018-11-25 01:12:01,刺网
4305,32.03294444444444,125.83494444444445,0.3,0.0,2018-11-25 01:22:01,刺网
4305,32.03275,125.83483333333332,0.2,0.0,2018-11-25 01:32:01,刺网
4305,32.03263888888889,125.83488888888887,0.3,0.0,2018-11-25 01:42:01,刺网
4305,32.032666666666664,125.83483333333332,0.1,0.0,2018-11-25 01:52:01,刺网
4305,32.03252777777778,125.83480555555555,0.0,0.0,2018-11-25 02:12:01,刺网
4305,32.0325,125.83477777777777,0.5,0.0,2018-11-25 02:22:01,刺网
4305,32.03241666666667,125.83477777777777,0.3,0.0,2018-11-25 02:32:01,刺网
4305,32.032444444444444,125.83466666666666,0.3,0.0,2018-11-25 02:42:01,刺网
4305,32.03241666666667,125.83458333333333,0.4,0.0,2018-11-25 02:52:01,刺网
4305,32.03233333333333,125.83461111111113,0.0,0.0,2018-11-25 03:02:01,刺网
4305,32.03238888888889,125.83452777777778,0.5,150.0,2018-11-25 03:12:01,刺网
4305,32.03227777777778,125.83447222222222,0.4,0.0,2018-11-25 03:22:01,刺网
4305,32.03227777777778,125.83438888888887,0.4,274.0,2018-11-25 03:33:01,刺网
4305,32.02988888888889,125.83786111111112,0.9,285.0,2018-11-25 03:42:01,刺网
4305,32.02997222222222,125.83716666666666,2.0,152.0,2018-11-25 03:52:01,刺网
4305,32.04544444444444,125.82413888888887,9.1,347.0,2018-11-25 04:02:01,刺网
4305,32.05591666666667,125.821,2.3,139.0,2018-11-25 04:12:01,刺网
4305,32.04938888888889,125.8262777777778,0.2,0.0,2018-11-25 04:22:01,刺网
4305,32.04955555555555,125.82577777777777,2.1,120.0,2018-11-25 04:32:01,刺网
4305,32.04483333333333,125.82088888888887,0.7,0.0,2018-11-25 04:42:01,刺网
4305,32.04636111111111,125.81913888888887,0.3,0.0,2018-11-25 04:52:01,刺网
4305,32.049166666666665,125.83280555555555,7.3,61.0,2018-11-25 05:02:01,刺网
4305,32.05438888888889,125.83616666666668,0.9,0.0,2018-11-25 05:12:01,刺网
4305,32.053305555555546,125.83652777777776,3.8,105.0,2018-11-25 05:22:01,刺网
4305,32.049638888888886,125.84347222222222,1.0,0.0,2018-11-25 05:32:01,刺网
4305,32.04991666666667,125.84291666666664,2.3,188.0,2018-11-25 05:43:01,刺网
4305,32.043638888888886,125.83736111111112,3.1,218.0,2018-11-25 05:52:01,刺网
4305,32.044999999999995,125.8345,1.0,54.0,2018-11-25 06:02:01,刺网
4305,32.04186111111111,125.83536111111113,5.2,182.0,2018-11-25 06:12:01,刺网
4305,32.03666666666666,125.8329722222222,1.5,20.0,2018-11-25 06:22:01,刺网
4305,32.03758333333334,125.83280555555555,2.0,197.0,2018-11-25 06:32:01,刺网
4305,32.01466666666666,125.82847222222222,11.5,199.0,2018-11-25 06:42:01,刺网
4305,32.01263888888889,125.83,0.4,0.0,2018-11-25 06:52:01,刺网
4305,32.004472222222226,125.82661111111106,4.7,171.0,2018-11-25 07:02:01,刺网
4305,32.00508333333334,125.82883333333332,1.1,349.0,2018-11-25 07:12:01,刺网
4305,32.00563888888889,125.8285,0.8,307.0,2018-11-25 07:22:01,刺网
4305,32.01147222222223,125.8115,6.1,309.0,2018-11-25 07:32:01,刺网
4305,32.01483333333333,125.81063888888887,0.7,24.0,2018-11-25 07:42:01,刺网
4305,32.01713888888889,125.81102777777778,7.8,357.0,2018-11-25 07:52:01,刺网
4305,32.02344444444444,125.81336111111106,0.4,88.0,2018-11-25 08:03:01,刺网
4305,32.052305555555556,125.81966666666666,6.3,29.0,2018-11-25 08:22:01,刺网
4305,32.05397222222222,125.82105555555556,0.6,11.0,2018-11-25 08:32:01,刺网
4305,32.05405555555555,125.82105555555556,0.6,17.0,2018-11-25 08:42:01,刺网
4305,32.05433333333333,125.82105555555556,0.1,0.0,2018-11-25 08:52:01,刺网
4305,32.054555555555545,125.82113888888887,0.2,0.0,2018-11-25 09:02:01,刺网
4305,32.05466666666666,125.82113888888887,0.3,324.0,2018-11-25 09:12:01,刺网
4305,32.05486111111111,125.82125,0.2,0.0,2018-11-25 09:22:01,刺网
4305,32.05416666666667,125.82283333333334,1.7,168.0,2018-11-25 09:32:01,刺网
4305,32.05502777777778,125.82052777777777,0.6,266.0,2018-11-25 09:42:01,刺网
4305,32.057777777777765,125.81858333333332,7.7,219.0,2018-11-25 09:52:01,刺网
4305,32.051611111111114,125.8155,0.5,0.0,2018-11-25 10:02:01,刺网
4305,32.051805555555546,125.81572222222222,0.6,42.0,2018-11-25 10:12:01,刺网
4305,32.05183333333333,125.81586111111106,0.4,0.0,2018-11-25 10:22:01,刺网
4305,32.051944444444445,125.81608333333332,0.5,0.0,2018-11-25 10:32:01,刺网
4305,32.051972222222226,125.81619444444445,0.4,0.0,2018-11-25 10:42:01,刺网
4305,32.052,125.8162222222222,0.2,0.0,2018-11-25 10:52:01,刺网
4305,32.05213888888889,125.81608333333332,0.5,0.0,2018-11-25 11:02:01,刺网
4305,32.05211111111111,125.81633333333332,1.2,0.0,2018-11-25 11:12:01,刺网
4305,32.05202777777778,125.81663888888887,0.1,0.0,2018-11-25 11:42:01,刺网
4305,32.052083333333336,125.81677777777777,0.8,90.0,2018-11-25 11:52:01,刺网
4305,32.052055555555555,125.81716666666668,0.0,0.0,2018-11-25 12:22:01,刺网
4305,32.05186111111111,125.8175,0.4,0.0,2018-11-25 12:32:01,刺网
4305,32.05183333333333,125.81761111111106,0.5,356.0,2018-11-25 12:42:01,刺网
4305,32.05158333333333,125.81783333333334,0.4,0.0,2018-11-25 12:52:01,刺网
4305,32.05144444444444,125.81786111111113,0.2,0.0,2018-11-25 13:02:01,刺网
4305,32.051333333333325,125.81802777777777,1.0,124.0,2018-11-25 13:12:01,刺网
4305,32.05105555555555,125.8179722222222,0.8,226.0,2018-11-25 13:22:01,刺网
4305,32.050999999999995,125.818,0.2,0.0,2018-11-25 13:32:01,刺网
4305,32.05130555555555,125.81825,0.2,0.0,2018-11-25 13:42:01,刺网
4305,32.05138888888889,125.81811111111112,0.3,0.0,2018-11-25 13:52:01,刺网
4305,32.051361111111106,125.81813888888887,0.6,0.0,2018-11-25 14:02:01,刺网
4305,32.05116666666666,125.81838888888888,0.2,0.0,2018-11-25 14:12:01,刺网
4305,32.05075,125.8184722222222,0.1,0.0,2018-11-25 14:23:01,刺网
4305,32.05033333333333,125.81838888888888,0.4,0.0,2018-11-25 14:32:01,刺网
4305,32.06033333333333,125.81683333333334,8.9,1.0,2018-11-25 14:42:01,刺网
4305,32.08638888888889,125.81641666666664,9.1,356.0,2018-11-25 14:52:01,刺网
4305,32.10686111111111,125.81694444444445,2.8,4.0,2018-11-25 15:02:01,刺网
4305,32.11152777777778,125.82075,2.0,23.0,2018-11-25 15:12:01,刺网
4305,32.106472222222216,125.8184722222222,1.4,212.0,2018-11-25 15:22:01,刺网
4305,32.10158333333334,125.81969444444445,1.6,138.0,2018-11-25 15:32:01,刺网
4305,32.096472222222225,125.82169444444445,1.7,139.0,2018-11-25 15:42:01,刺网
4305,32.09144444444445,125.8234722222222,3.1,201.0,2018-11-25 15:52:01,刺网
4305,32.08733333333333,125.82227777777778,1.3,192.0,2018-11-25 16:02:01,刺网
4305,32.08361111111111,125.82113888888887,0.3,0.0,2018-11-25 16:12:01,刺网
4305,32.082472222222236,125.82141666666666,0.5,148.0,2018-11-25 16:22:01,刺网
4305,32.08111111111111,125.823,0.8,117.0,2018-11-25 16:32:01,刺网
4305,32.079194444444454,125.82477777777778,0.9,120.0,2018-11-25 16:42:01,刺网
4305,32.077138888888896,125.82652777777777,1.0,148.0,2018-11-25 16:52:01,刺网
4305,32.07538888888889,125.82766666666667,1.2,141.0,2018-11-25 17:02:01,刺网
4305,32.07322222222222,125.82944444444445,2.0,131.0,2018-11-25 17:12:01,刺网
4305,32.06686111111112,125.83172222222224,1.1,179.0,2018-11-25 17:42:01,刺网
4305,32.06458333333333,125.83219444444444,0.4,163.0,2018-11-25 17:52:01,刺网
4305,32.06236111111111,125.83238888888887,1.3,185.0,2018-11-25 18:02:01,刺网
4305,32.06022222222221,125.8322777777778,0.7,213.0,2018-11-25 18:12:01,刺网
4305,32.058166666666665,125.83200000000001,0.4,0.0,2018-11-25 18:22:01,刺网
4305,32.05622222222222,125.83136111111112,0.2,0.0,2018-11-25 18:32:01,刺网
4305,32.05527777777777,125.8265,5.0,257.0,2018-11-25 18:42:01,刺网
4305,32.04983333333333,125.816,0.5,0.0,2018-11-25 18:52:01,刺网
4305,32.05036111111111,125.81547222222223,1.0,0.0,2018-11-25 19:12:01,刺网
4305,32.05019444444444,125.81561111111112,0.9,32.0,2018-11-25 19:22:01,刺网
4305,32.04644444444444,125.81366666666668,1.2,61.0,2018-11-25 19:32:01,刺网
4305,32.04763888888889,125.81238888888888,3.4,2.0,2018-11-25 19:42:01,刺网
4305,32.055388888888885,125.81458333333332,0.1,0.0,2018-11-25 19:52:01,刺网
4305,32.05702777777777,125.82911111111108,1.9,236.0,2018-11-25 20:12:01,刺网
4305,32.053916666666666,125.83686111111106,0.1,0.0,2018-11-25 20:22:01,刺网
4305,32.05019444444444,125.82772222222222,5.5,139.0,2018-11-25 20:32:01,刺网
4305,32.05,125.82852777777778,5.8,193.0,2018-11-25 20:42:01,刺网
4305,32.043166666666664,125.82944444444445,0.1,0.0,2018-11-25 20:52:01,刺网
4305,32.03458333333333,125.82880555555555,0.7,78.0,2018-11-25 21:02:01,刺网
4305,32.02833333333333,125.82625,10.3,186.0,2018-11-25 21:12:01,刺网
4305,32.01827777777777,125.82827777777777,0.2,0.0,2018-11-25 21:22:01,刺网
4305,32.01097222222222,125.82811111111113,1.5,88.0,2018-11-25 21:32:01,刺网
4305,32.01091666666667,125.82436111111107,11.2,295.0,2018-11-25 21:42:01,刺网
4305,32.01977777777777,125.81144444444445,0.5,0.0,2018-11-25 21:52:01,刺网
4305,32.028166666666664,125.81375,1.5,93.0,2018-11-25 22:02:01,刺网
4305,32.02788888888889,125.81416666666668,3.6,109.0,2018-11-25 22:12:01,刺网
4305,32.051777777777765,125.81605555555555,0.6,326.0,2018-11-25 22:22:01,刺网
4305,32.05152777777778,125.81558333333332,0.4,0.0,2018-11-25 22:32:01,刺网
4305,32.05158333333333,125.81569444444445,0.0,0.0,2018-11-25 22:42:01,刺网
4305,32.05169444444444,125.81577777777777,0.3,0.0,2018-11-25 22:52:01,刺网
4305,32.05172222222222,125.81583333333332,0.1,0.0,2018-11-25 23:02:01,刺网
4305,32.05186111111111,125.8160277777778,0.2,0.0,2018-11-25 23:12:01,刺网
4305,32.05186111111111,125.8159722222222,0.3,0.0,2018-11-25 23:33:01,刺网
4305,32.051888888888875,125.81613888888887,0.2,0.0,2018-11-25 23:42:01,刺网
4305,32.051888888888875,125.81619444444445,0.0,0.0,2018-11-25 23:52:01,刺网
4305,32.051944444444445,125.81627777777778,0.3,0.0,2018-11-26 00:12:01,刺网
4305,32.052,125.8165,0.2,0.0,2018-11-26 00:22:01,刺网
4305,32.051944444444445,125.81647222222222,0.3,0.0,2018-11-26 00:32:01,刺网
4305,32.051972222222226,125.81647222222222,0.7,112.0,2018-11-26 00:42:01,刺网
4305,32.05186111111111,125.81655555555555,0.2,0.0,2018-11-26 00:52:01,刺网
4305,32.051777777777765,125.81655555555555,0.4,0.0,2018-11-26 01:02:01,刺网
4305,32.051888888888875,125.81688888888887,0.2,0.0,2018-11-26 01:12:01,刺网
4305,32.05163888888889,125.81738888888887,0.2,0.0,2018-11-26 01:22:01,刺网
4305,32.051111111111105,125.81816666666666,0.2,0.0,2018-11-26 01:32:01,刺网
4305,32.05022222222222,125.81805555555556,0.1,0.0,2018-11-26 01:42:01,刺网
4305,32.050305555555546,125.81841666666666,0.5,0.0,2018-11-26 01:52:01,刺网
4305,32.050277777777765,125.81841666666666,0.1,0.0,2018-11-26 02:03:01,刺网
4305,32.05002777777778,125.81827777777777,0.1,0.0,2018-11-26 02:12:01,刺网
4305,32.04975,125.81805555555556,0.3,0.0,2018-11-26 02:22:01,刺网
4305,32.04958333333333,125.81786111111113,0.0,0.0,2018-11-26 02:32:01,刺网
4305,32.04955555555555,125.81788888888887,0.1,0.0,2018-11-26 02:42:01,刺网
4305,32.04955555555555,125.81783333333334,0.3,0.0,2018-11-26 02:52:01,刺网
4305,32.04952777777777,125.81783333333334,0.1,0.0,2018-11-26 03:02:01,刺网
4305,32.04947222222222,125.81775,0.7,114.0,2018-11-26 03:22:01,刺网
4305,32.04938888888889,125.81763888888888,0.1,0.0,2018-11-26 03:32:01,刺网
4305,32.04936111111111,125.81758333333332,0.0,0.0,2018-11-26 03:42:01,刺网
4305,32.049305555555556,125.81755555555556,0.0,0.0,2018-11-26 03:52:01,刺网
4305,32.04925,125.81741666666666,0.2,0.0,2018-11-26 04:02:01,刺网
4305,32.02755555555555,125.82152777777776,11.5,149.0,2018-11-26 04:12:01,刺网
4305,32.02280555555556,125.82261111111107,0.8,132.0,2018-11-26 04:22:01,刺网
4305,32.019888888888886,125.82405555555556,0.5,0.0,2018-11-26 04:32:01,刺网
4305,32.012750000000004,125.8195,1.2,13.0,2018-11-26 04:42:01,刺网
4305,32.01288888888889,125.82136111111107,8.0,101.0,2018-11-26 04:52:01,刺网
4305,32.01491666666667,125.82730555555555,2.0,321.0,2018-11-26 05:02:01,刺网
4305,32.004111111111115,125.83302777777777,10.8,131.0,2018-11-26 05:12:01,刺网
4305,32.00394444444444,125.83513888888888,0.3,0.0,2018-11-26 05:22:01,刺网
4305,32.01138888888889,125.83525,1.9,331.0,2018-11-26 05:32:01,刺网
4305,32.011555555555546,125.83447222222222,1.2,0.0,2018-11-26 05:42:01,刺网
4305,32.029250000000005,125.83508333333332,1.6,330.0,2018-11-26 05:53:01,刺网
4305,32.03233333333333,125.83608333333332,7.2,19.0,2018-11-26 06:02:01,刺网
4305,32.03758333333334,125.83511111111108,0.3,0.0,2018-11-26 06:12:01,刺网
4305,32.04244444444444,125.834,1.0,344.0,2018-11-26 06:22:01,刺网
4305,32.04505555555555,125.83444444444444,0.2,0.0,2018-11-26 06:32:01,刺网
4305,32.04830555555556,125.84024999999998,1.6,55.0,2018-11-26 06:42:01,刺网
4305,32.050277777777765,125.84141666666666,0.8,331.0,2018-11-26 06:52:01,刺网
4305,32.052166666666665,125.8365,4.6,300.0,2018-11-26 07:02:01,刺网
4305,32.054277777777784,125.83241666666666,1.1,356.0,2018-11-26 07:12:01,刺网
4305,32.05430555555556,125.83027777777778,5.9,243.0,2018-11-26 07:22:01,刺网
4305,32.05358333333333,125.81525,1.1,50.0,2018-11-26 07:32:01,刺网
4305,32.0545,125.81533333333334,0.3,173.0,2018-11-26 07:42:01,刺网
4305,32.05358333333333,125.81244444444445,7.8,201.0,2018-11-26 07:52:01,刺网
4305,32.047916666666666,125.81236111111107,0.5,0.0,2018-11-26 08:04:01,刺网
4305,32.049972222222216,125.81555555555555,0.5,215.0,2018-11-26 08:12:01,刺网
4305,32.050277777777765,125.81519444444444,0.2,0.0,2018-11-26 08:22:01,刺网
4305,32.05041666666666,125.81516666666668,0.1,0.0,2018-11-26 08:32:01,刺网
4305,32.05047222222222,125.81513888888887,0.0,0.0,2018-11-26 08:42:01,刺网
4305,32.050388888888875,125.81516666666668,0.1,0.0,2018-11-26 08:52:01,刺网
4305,32.05036111111111,125.81516666666668,0.2,0.0,2018-11-26 09:02:01,刺网
4305,32.05041666666666,125.81519444444444,0.0,0.0,2018-11-26 09:12:01,刺网
4305,32.05072222222222,125.81508333333332,0.7,347.0,2018-11-26 09:23:01,刺网
4305,32.05088888888889,125.81513888888887,0.2,0.0,2018-11-26 09:32:01,刺网
4305,32.05097222222222,125.81516666666668,0.5,317.0,2018-11-26 09:42:01,刺网
4305,32.05130555555555,125.81527777777778,0.3,0.0,2018-11-26 09:52:01,刺网
4305,32.05152777777778,125.81541666666666,0.2,0.0,2018-11-26 10:02:01,刺网
4305,32.05141666666667,125.81541666666666,0.1,0.0,2018-11-26 10:12:01,刺网
4305,32.051611111111114,125.81555555555555,0.0,0.0,2018-11-26 10:32:01,刺网
4305,32.05172222222222,125.81566666666666,0.2,0.0,2018-11-26 10:42:01,刺网
4305,32.05186111111111,125.81591666666668,0.3,0.0,2018-11-26 10:52:01,刺网
4305,32.051972222222226,125.81591666666668,0.0,0.0,2018-11-26 11:02:01,刺网
4305,32.052055555555555,125.81605555555555,1.1,0.0,2018-11-26 11:12:01,刺网
4305,32.052055555555555,125.81613888888887,0.1,0.0,2018-11-26 11:22:01,刺网
4305,32.052,125.81613888888887,0.1,0.0,2018-11-26 11:32:01,刺网
4305,32.052,125.81627777777778,0.6,0.0,2018-11-26 11:42:01,刺网
4305,32.052055555555555,125.81638888888888,0.1,0.0,2018-11-26 11:52:01,刺网
4305,32.052083333333336,125.81658333333333,0.2,0.0,2018-11-26 12:12:01,刺网
4305,32.052055555555555,125.81669444444445,0.1,0.0,2018-11-26 12:22:01,刺网
4305,32.052083333333336,125.81686111111112,0.0,0.0,2018-11-26 12:32:01,刺网
4305,32.052055555555555,125.81688888888887,0.3,0.0,2018-11-26 12:42:01,刺网
4305,32.052055555555555,125.81713888888888,0.1,0.0,2018-11-26 13:02:01,刺网
4305,32.052,125.8172222222222,0.2,0.0,2018-11-26 13:12:01,刺网
4305,32.05202777777778,125.81730555555555,0.3,0.0,2018-11-26 13:22:01,刺网
4305,32.052,125.81736111111107,0.0,0.0,2018-11-26 13:32:01,刺网
4305,32.051888888888875,125.81752777777777,0.1,0.0,2018-11-26 13:42:01,刺网
4305,32.051944444444445,125.81752777777777,0.4,0.0,2018-11-26 13:52:01,刺网
4305,32.051888888888875,125.81763888888888,0.1,0.0,2018-11-26 14:02:01,刺网
4305,32.05191666666666,125.81761111111106,0.2,0.0,2018-11-26 14:12:01,刺网
4305,32.051944444444445,125.81761111111106,0.1,0.0,2018-11-26 14:22:01,刺网
4305,32.05186111111111,125.81755555555556,0.3,0.0,2018-11-26 14:32:01,刺网
4305,32.051944444444445,125.81744444444445,0.4,0.0,2018-11-26 14:43:01,刺网
4305,32.051972222222226,125.8175,0.0,0.0,2018-11-26 14:52:01,刺网
4305,32.051888888888875,125.81763888888888,0.1,0.0,2018-11-26 15:02:01,刺网
4305,32.051944444444445,125.81752777777777,0.1,0.0,2018-11-26 15:12:01,刺网
4305,32.051888888888875,125.81730555555555,0.1,0.0,2018-11-26 15:22:01,刺网
4305,32.05183333333333,125.81763888888888,0.6,94.0,2018-11-26 15:32:01,刺网
4305,32.051611111111114,125.81808333333332,0.4,117.0,2018-11-26 15:42:01,刺网
4305,32.050916666666666,125.81833333333331,0.7,141.0,2018-11-26 15:52:01,刺网
4305,32.050444444444445,125.81816666666666,0.4,0.0,2018-11-26 16:02:01,刺网
4305,32.050305555555546,125.81816666666666,0.2,0.0,2018-11-26 16:12:01,刺网
4305,32.05,125.81772222222222,0.4,0.0,2018-11-26 16:22:01,刺网
4305,32.03341666666667,125.81702777777778,9.9,171.0,2018-11-26 16:32:01,刺网
4305,32.016055555555546,125.8215,1.0,255.0,2018-11-26 16:42:01,刺网
4305,32.01547222222222,125.82119444444444,0.4,0.0,2018-11-26 16:52:01,刺网
4305,32.01377777777777,125.82380555555555,10.4,85.0,2018-11-26 17:02:01,刺网
4305,32.01705555555555,125.82961111111106,0.5,0.0,2018-11-26 17:13:01,刺网
4305,32.006166666666665,125.84061111111113,7.1,219.0,2018-11-26 17:22:01,刺网
4305,32.0055,125.83738888888894,0.6,281.0,2018-11-26 17:32:01,刺网
4305,32.01333333333333,125.83813888888888,0.9,337.0,2018-11-26 17:42:01,刺网
4305,32.013888888888886,125.8352222222222,7.3,321.0,2018-11-26 17:52:01,刺网
4305,32.03075,125.83744444444444,0.7,317.0,2018-11-26 18:02:01,刺网
4305,32.03391666666667,125.83716666666666,7.7,53.0,2018-11-26 18:12:01,刺网
4305,32.03788888888889,125.83672222222219,0.2,0.0,2018-11-26 18:23:01,刺网
4305,32.04486111111111,125.83672222222219,1.2,298.0,2018-11-26 18:32:01,刺网
4305,32.045472222222216,125.83591666666666,0.1,0.0,2018-11-26 18:42:01,刺网
4305,32.04558333333333,125.83505555555556,4.3,312.0,2018-11-26 18:52:01,刺网
4305,32.05036111111111,125.84325,0.5,346.0,2018-11-26 19:02:01,刺网
4305,32.051111111111105,125.83944444444445,4.6,285.0,2018-11-26 19:12:01,刺网
4305,32.05436111111111,125.83466666666666,0.2,313.0,2018-11-26 19:22:01,刺网
4305,32.05319444444444,125.81913888888887,1.1,341.0,2018-11-26 19:32:01,刺网
4305,32.052055555555555,125.81580555555556,7.5,207.0,2018-11-26 19:42:01,刺网
4305,32.04633333333333,125.81522222222222,0.3,0.0,2018-11-26 19:52:01,刺网
4305,32.05041666666666,125.81588888888888,0.4,300.0,2018-11-26 20:02:01,刺网
4305,32.05061111111111,125.81527777777778,0.0,0.0,2018-11-26 20:12:01,刺网
4305,32.051138888888886,125.81533333333334,0.1,0.0,2018-11-26 20:22:01,刺网
4305,32.05116666666666,125.81527777777778,0.1,0.0,2018-11-26 20:32:01,刺网
4305,32.051138888888886,125.81527777777778,0.3,0.0,2018-11-26 20:42:01,刺网
4305,32.05122222222221,125.81530555555555,0.1,0.0,2018-11-26 20:52:01,刺网
4305,32.05125,125.81530555555555,0.5,23.0,2018-11-26 21:02:01,刺网
4305,32.0515,125.81525,0.5,0.0,2018-11-26 21:12:01,刺网
4305,32.05144444444444,125.81522222222222,0.6,0.0,2018-11-26 21:22:01,刺网
4305,32.05122222222221,125.81527777777778,0.3,0.0,2018-11-26 21:32:01,刺网
4305,32.05130555555555,125.81536111111113,0.2,0.0,2018-11-26 21:42:01,刺网
4305,32.05141666666667,125.81541666666666,0.4,284.0,2018-11-26 21:53:01,刺网
4305,32.051333333333325,125.81536111111113,0.3,0.0,2018-11-26 22:02:01,刺网
4305,32.0515,125.81547222222223,0.4,1.0,2018-11-26 22:12:01,刺网
4305,32.05144444444444,125.81547222222223,0.7,4.0,2018-11-26 22:22:01,刺网
4305,32.05144444444444,125.81544444444445,0.1,0.0,2018-11-26 22:32:01,刺网
4305,32.0515,125.81536111111113,0.3,0.0,2018-11-26 22:42:01,刺网
4305,32.05158333333333,125.81547222222223,0.2,0.0,2018-11-26 22:52:01,刺网
4305,32.05175,125.81561111111112,0.2,0.0,2018-11-26 23:02:01,刺网
4305,32.051805555555546,125.81566666666666,0.2,0.0,2018-11-26 23:12:01,刺网
4305,32.051972222222226,125.81591666666668,0.5,167.0,2018-11-26 23:32:01,刺网
4305,32.05202777777778,125.81625,0.9,129.0,2018-11-26 23:42:01,刺网
4305,32.052055555555555,125.8162222222222,0.3,0.0,2018-11-26 23:52:01,刺网
4305,32.05211111111111,125.81669444444445,0.6,53.0,2018-11-27 00:12:01,刺网
4305,32.05213888888889,125.81675,0.1,0.0,2018-11-27 00:22:01,刺网
4305,32.052166666666665,125.81669444444445,0.6,0.0,2018-11-27 00:32:01,刺网
4305,32.052083333333336,125.81702777777778,0.3,0.0,2018-11-27 00:42:01,刺网
4305,32.052083333333336,125.81697222222222,0.2,0.0,2018-11-27 00:52:01,刺网
4305,32.052055555555555,125.81716666666668,0.5,0.0,2018-11-27 01:02:01,刺网
4305,32.05191666666666,125.81741666666666,0.6,0.0,2018-11-27 01:12:01,刺网
4305,32.051777777777765,125.81791666666666,0.7,90.0,2018-11-27 01:22:01,刺网
4305,32.05122222222221,125.81844444444445,0.0,0.0,2018-11-27 01:32:01,刺网
4305,32.05094444444444,125.81852777777777,0.0,0.0,2018-11-27 01:42:01,刺网
4305,32.050555555555555,125.81830555555555,0.5,0.0,2018-11-27 01:52:01,刺网
4305,32.050277777777765,125.81827777777777,0.6,0.0,2018-11-27 02:02:01,刺网
4305,32.05002777777778,125.81833333333331,1.4,136.0,2018-11-27 02:12:01,刺网
4305,32.04986111111111,125.81816666666666,0.9,137.0,2018-11-27 02:22:01,刺网
4305,32.049777777777784,125.81816666666666,1.1,147.0,2018-11-27 02:32:01,刺网
4305,32.04983333333333,125.8179722222222,0.6,0.0,2018-11-27 02:42:01,刺网
4305,32.04983333333333,125.81813888888887,0.5,0.0,2018-11-27 02:52:01,刺网
4305,32.04980555555556,125.81816666666666,1.0,68.0,2018-11-27 03:13:01,刺网
4305,32.04966666666666,125.81805555555556,0.3,0.0,2018-11-27 03:22:01,刺网
4305,32.04958333333333,125.8179722222222,0.4,0.0,2018-11-27 03:32:01,刺网
4305,32.04819444444445,125.81844444444445,7.4,99.0,2018-11-27 03:42:01,刺网
4305,32.05452777777778,125.84291666666664,1.0,293.0,2018-11-27 03:52:01,刺网
4305,32.05347222222222,125.84461111111106,1.1,158.0,2018-11-27 04:02:01,刺网
4305,32.051611111111114,125.85030555555555,1.9,100.0,2018-11-27 04:12:01,刺网
4305,32.04994444444444,125.85391666666666,1.0,107.0,2018-11-27 04:22:01,刺网
4305,32.04819444444445,125.85752777777776,1.4,121.0,2018-11-27 04:32:01,刺网
4305,32.04525,125.86094444444444,2.3,133.0,2018-11-27 04:42:01,刺网
4305,32.03538888888889,125.85688888888888,8.6,243.0,2018-11-27 04:52:01,刺网
4305,32.01313888888889,125.839,11.0,210.0,2018-11-27 05:02:01,刺网
4305,32.008250000000004,125.83308333333332,1.8,0.0,2018-11-27 05:12:01,刺网
4305,32.00277777777778,125.83530555555555,2.3,0.0,2018-11-27 05:22:01,刺网
4305,32.00013888888889,125.83927777777777,1.2,0.0,2018-11-27 05:32:01,刺网
4305,31.99733333333333,125.84180555555555,1.7,0.0,2018-11-27 05:42:01,刺网
4305,31.99355555555556,125.84291666666664,3.1,83.0,2018-11-27 05:53:01,刺网
4305,31.9905,125.84483333333333,1.5,165.0,2018-11-27 06:02:01,刺网
4305,31.98466666666667,125.8455,2.8,259.0,2018-11-27 06:12:01,刺网
4305,32.00025,125.83791666666666,8.8,348.0,2018-11-27 06:22:01,刺网
4305,32.01233333333333,125.83511111111108,0.4,0.0,2018-11-27 06:32:01,刺网
4305,32.01027777777778,125.82366666666668,9.1,268.0,2018-11-27 06:42:01,刺网
4305,32.01233333333333,125.81691666666666,0.6,0.0,2018-11-27 06:52:01,刺网
4305,32.01230555555556,125.8252222222222,0.4,0.0,2018-11-27 07:02:01,刺网
4305,32.01441666666667,125.82472222222222,0.1,0.0,2018-11-27 07:12:01,刺网
4305,32.02047222222223,125.83038888888888,5.6,35.0,2018-11-27 07:22:01,刺网
4305,32.02905555555555,125.833,1.3,99.0,2018-11-27 07:32:01,刺网
4305,32.0305,125.83119444444445,3.0,353.0,2018-11-27 07:42:01,刺网
4305,32.03788888888889,125.8329722222222,0.7,0.0,2018-11-27 07:52:01,刺网
4305,32.039527777777785,125.83213888888888,2.8,13.0,2018-11-27 08:03:01,刺网
4305,32.04475,125.83211111111113,1.1,47.0,2018-11-27 08:12:01,刺网
4305,32.04505555555555,125.83175,1.6,262.0,2018-11-27 08:22:01,刺网
4305,32.052638888888886,125.83011111111112,2.4,11.0,2018-11-27 08:32:01,刺网
4305,32.05511111111111,125.83111111111113,0.6,0.0,2018-11-27 08:42:01,刺网
4305,32.051777777777765,125.81972222222224,6.6,276.0,2018-11-27 08:52:01,刺网
4305,32.04972222222222,125.81086111111112,2.9,217.0,2018-11-27 09:13:01,刺网
4305,32.04866666666666,125.81147222222219,1.2,66.0,2018-11-27 09:22:01,刺网
4305,32.046055555555554,125.81191666666666,9.1,178.0,2018-11-27 09:32:01,刺网
4305,32.024,125.82152777777776,8.9,164.0,2018-11-27 09:42:01,刺网
4305,32.01822222222222,125.8235,1.8,139.0,2018-11-27 09:53:01,刺网
4305,32.01808333333334,125.82366666666668,1.5,266.0,2018-11-27 10:02:01,刺网
4305,32.01822222222222,125.8235,0.7,48.0,2018-11-27 10:12:01,刺网
4305,32.01825,125.82344444444445,0.2,0.0,2018-11-27 10:22:01,刺网
4305,32.01830555555556,125.82344444444445,0.2,0.0,2018-11-27 10:32:01,刺网
4305,32.01833333333333,125.82341666666666,0.1,0.0,2018-11-27 10:42:01,刺网
4305,32.01836111111111,125.82336111111107,0.8,170.0,2018-11-27 10:52:01,刺网
4305,32.018527777777784,125.8232777777778,0.6,269.0,2018-11-27 11:02:01,刺网
4305,32.01866666666667,125.82319444444445,1.2,295.0,2018-11-27 11:12:01,刺网
4305,32.01863888888889,125.82319444444445,0.3,0.0,2018-11-27 11:22:01,刺网
4305,32.01869444444445,125.82313888888888,0.9,260.0,2018-11-27 11:32:01,刺网
4305,32.01883333333333,125.82311111111113,0.9,336.0,2018-11-27 11:42:01,刺网
4305,32.01961111111111,125.82441666666664,0.4,0.0,2018-11-27 11:52:01,刺网
4305,32.023472222222225,125.81769444444444,1.3,282.0,2018-11-27 12:12:01,刺网
4305,32.02525,125.81458333333332,2.2,313.0,2018-11-27 12:22:01,刺网
4305,32.02733333333333,125.81230555555555,0.6,315.0,2018-11-27 12:32:01,刺网
4305,32.02827777777777,125.80994444444444,1.2,177.0,2018-11-27 12:40:53,刺网
4305,32.01861111111111,125.82794444444444,10.8,99.0,2018-11-27 12:50:53,刺网
4305,32.016888888888886,125.83175,2.8,320.0,2018-11-27 13:00:53,刺网
4305,32.02019444444444,125.83011111111112,0.9,329.0,2018-11-27 13:10:53,刺网
4305,32.02258333333334,125.82925,2.1,285.0,2018-11-27 13:20:53,刺网
4305,32.02511111111111,125.82813888888887,1.0,3.0,2018-11-27 13:30:53,刺网
4305,32.026972222222234,125.82763888888887,0.7,232.0,2018-11-27 13:40:56,刺网
4305,32.017361111111114,125.81605555555555,1.1,192.0,2018-11-27 13:50:53,刺网
4305,32.019194444444445,125.8155,3.4,20.0,2018-11-27 14:00:53,刺网
4305,32.02244444444444,125.8165,1.0,0.0,2018-11-27 14:10:58,刺网
4305,32.025166666666664,125.81675,0.7,358.0,2018-11-27 14:21:23,刺网
4305,32.027138888888885,125.81786111111113,1.3,330.0,2018-11-27 14:30:52,刺网
4305,32.027611111111106,125.81769444444444,0.4,0.0,2018-11-27 14:40:52,刺网
4305,32.035999999999994,125.82588888888893,6.9,59.0,2018-11-27 14:50:52,刺网
4305,32.04222222222222,125.83680555555556,1.7,338.0,2018-11-27 15:00:52,刺网
4305,32.04263888888889,125.83488888888887,3.0,40.0,2018-11-27 15:10:52,刺网
4305,32.044472222222225,125.83766666666666,2.1,81.0,2018-11-27 15:20:52,刺网
4305,32.04572222222222,125.84011111111107,1.7,0.0,2018-11-27 15:30:52,刺网
4305,32.04694444444444,125.84166666666668,0.3,0.0,2018-11-27 15:40:52,刺网
4305,32.04783333333333,125.84286111111106,0.9,134.0,2018-11-27 15:50:52,刺网
4305,32.05799999999999,125.81972222222224,1.8,318.0,2018-11-27 16:10:52,刺网
4305,32.05855555555555,125.82044444444445,1.9,101.0,2018-11-27 16:20:52,刺网
4305,32.058861111111106,125.82416666666666,2.2,97.0,2018-11-27 16:30:52,刺网
4305,32.05902777777778,125.82638888888887,0.8,0.0,2018-11-27 16:40:52,刺网
4305,32.05902777777778,125.82819444444445,1.1,0.0,2018-11-27 16:50:53,刺网
4305,32.05686111111111,125.83019444444444,0.8,172.0,2018-11-27 17:00:52,刺网
4305,32.05763888888889,125.83563888888888,1.3,246.0,2018-11-27 17:10:52,刺网
4305,32.05608333333333,125.83505555555556,0.9,0.0,2018-11-27 17:20:52,刺网
4305,32.05497222222222,125.84072222222223,2.6,14.0,2018-11-27 17:40:52,刺网
4305,32.05397222222222,125.84244444444445,0.5,0.0,2018-11-27 17:50:52,刺网
4305,32.053000000000004,125.84441666666666,1.5,0.0,2018-11-27 18:00:54,刺网
4305,32.05158333333333,125.84552777777776,0.9,0.0,2018-11-27 18:10:52,刺网
4305,32.04008333333333,125.83852777777777,9.3,215.0,2018-11-27 18:20:52,刺网
4305,32.031888888888886,125.83363888888887,2.0,198.0,2018-11-27 18:30:53,刺网
4305,32.03183333333333,125.8334722222222,0.3,0.0,2018-11-27 18:40:53,刺网
4305,32.03175,125.83336111111107,0.6,0.0,2018-11-27 18:50:53,刺网
4305,32.03186111111111,125.83358333333332,0.4,0.0,2018-11-27 19:00:53,刺网
4305,32.03191666666667,125.83380555555556,1.6,78.0,2018-11-27 19:10:53,刺网
4305,32.03183333333333,125.83322222222222,0.1,0.0,2018-11-27 19:21:23,刺网
4305,32.03186111111111,125.833,0.7,92.0,2018-11-27 19:30:51,刺网
4305,32.031888888888886,125.83280555555555,1.3,218.0,2018-11-27 19:40:51,刺网
4305,32.03191666666667,125.83283333333334,0.8,25.0,2018-11-27 19:50:51,刺网
4305,32.03194444444444,125.83286111111113,0.7,0.0,2018-11-27 20:00:51,刺网
4305,32.03191666666667,125.8327777777778,0.6,0.0,2018-11-27 20:10:51,刺网
4305,32.03194444444444,125.83275,0.2,0.0,2018-11-27 20:20:51,刺网
4305,32.031888888888886,125.83288888888887,0.7,0.0,2018-11-27 20:30:51,刺网
4305,32.03194444444444,125.8327777777778,0.2,0.0,2018-11-27 20:40:51,刺网
4305,32.031888888888886,125.83283333333334,0.2,0.0,2018-11-27 20:50:50,刺网
4305,32.03197222222221,125.83275,0.8,0.0,2018-11-27 21:00:53,刺网
4305,32.032,125.83263888888888,0.9,0.0,2018-11-27 21:10:54,刺网
4305,32.032027777777785,125.83258333333332,0.7,0.0,2018-11-27 21:20:51,刺网
4305,32.031888888888886,125.83269444444444,0.7,0.0,2018-11-27 21:30:57,刺网
4305,32.032111111111114,125.8325,0.7,0.0,2018-11-27 21:41:03,刺网
4305,32.03197222222221,125.83275,0.6,0.0,2018-11-27 21:51:23,刺网
4305,32.03197222222221,125.83263888888888,0.1,0.0,2018-11-27 22:00:51,刺网
4305,32.032027777777785,125.83244444444445,0.2,0.0,2018-11-27 22:10:51,刺网
4305,32.032027777777785,125.83266666666668,0.4,0.0,2018-11-27 22:30:51,刺网
4305,32.03205555555555,125.83269444444444,0.4,0.0,2018-11-27 22:40:51,刺网
4305,32.032,125.8327777777778,0.4,0.0,2018-11-27 22:50:51,刺网
4305,32.032,125.83272222222222,0.5,0.0,2018-11-27 23:00:51,刺网
4305,32.03197222222221,125.83283333333334,0.5,339.0,2018-11-27 23:10:52,刺网
4305,32.03197222222221,125.83291666666666,0.8,0.0,2018-11-27 23:20:51,刺网
4305,32.031888888888886,125.83302777777777,0.2,0.0,2018-11-27 23:30:52,刺网
4305,32.03194444444444,125.83330555555555,0.8,0.0,2018-11-27 23:40:55,刺网
4305,32.03213888888889,125.83336111111107,0.3,0.0,2018-11-27 23:50:52,刺网
4305,32.031888888888886,125.83333333333331,0.8,274.0,2018-11-28 00:01:22,刺网
4305,32.03191666666667,125.83327777777777,0.4,61.0,2018-11-28 00:10:50,刺网
4305,32.03191666666667,125.83341666666666,0.3,0.0,2018-11-28 00:30:50,刺网
4305,32.03191666666667,125.83355555555555,0.7,139.0,2018-11-28 00:40:50,刺网
4305,32.03366666666666,125.83352777777776,1.8,81.0,2018-11-28 00:50:50,刺网
4305,32.03425,125.83180555555555,0.1,0.0,2018-11-28 01:00:50,刺网
4305,32.03702777777778,125.83141666666666,0.6,41.0,2018-11-28 01:10:50,刺网
4305,32.037972222222216,125.83080555555556,1.0,325.0,2018-11-28 01:20:50,刺网
4305,32.039194444444455,125.8312777777778,0.3,0.0,2018-11-28 01:30:50,刺网
4305,32.040305555555555,125.83169444444445,0.0,0.0,2018-11-28 01:40:50,刺网
4305,32.04033333333333,125.83075,5.2,22.0,2018-11-28 01:50:51,刺网
4305,32.05005555555555,125.83502777777777,0.9,142.0,2018-11-28 02:00:50,刺网
4305,32.050999999999995,125.83427777777777,1.5,43.0,2018-11-28 02:10:50,刺网
4305,32.05252777777777,125.83616666666668,1.1,344.0,2018-11-28 02:20:50,刺网
4305,32.053666666666665,125.837,0.6,328.0,2018-11-28 02:30:50,刺网
4305,32.0545,125.83872222222222,1.3,0.0,2018-11-28 02:40:50,刺网
4305,32.054944444444445,125.83994444444444,0.9,130.0,2018-11-28 02:50:50,刺网
4305,32.05266666666666,125.84175,0.5,0.0,2018-11-28 03:00:50,刺网
4305,32.05252777777777,125.8345,6.1,293.0,2018-11-28 03:10:50,刺网
4305,32.05019444444444,125.81972222222224,1.4,0.0,2018-11-28 03:20:52,刺网
4305,32.050444444444445,125.81738888888887,1.0,267.0,2018-11-28 03:31:23,刺网
4305,32.04988888888889,125.82041666666666,2.4,105.0,2018-11-28 03:40:49,刺网
4305,32.049,125.82366666666668,0.7,129.0,2018-11-28 03:50:49,刺网
4305,32.04830555555556,125.8255,1.4,0.0,2018-11-28 04:00:49,刺网
4305,32.04713888888889,125.82802777777776,1.3,118.0,2018-11-28 04:10:51,刺网
4305,32.044444444444444,125.83080555555556,2.1,156.0,2018-11-28 04:20:49,刺网
4305,32.04055555555556,125.83180555555555,4.7,214.0,2018-11-28 04:30:49,刺网
4305,32.028194444444445,125.80886111111107,9.5,263.0,2018-11-28 04:40:50,刺网
4305,32.01616666666666,125.78083333333332,9.6,236.0,2018-11-28 04:50:49,刺网
4305,31.995277777777787,125.75805555555556,9.9,235.0,2018-11-28 05:00:50,刺网
4305,31.9735,125.73722222222223,10.8,203.0,2018-11-28 05:10:49,刺网
4305,31.957666666666665,125.71061111111112,9.8,236.0,2018-11-28 05:20:49,刺网
4305,31.942777777777767,125.68330555555555,10.1,235.0,2018-11-28 05:30:49,刺网
4305,31.931,125.66180555555556,9.4,245.0,2018-11-28 05:41:17,刺网
4305,31.91530555555555,125.63586111111113,9.9,236.0,2018-11-28 05:50:49,刺网
4305,31.89983333333333,125.60799999999999,10.1,230.0,2018-11-28 06:00:49,刺网
4305,31.882666666666665,125.58052777777776,10.3,231.0,2018-11-28 06:10:49,刺网
4305,31.867694444444453,125.55161111111107,10.0,251.0,2018-11-28 06:20:49,刺网
4305,31.85511111111111,125.52175,9.6,251.0,2018-11-28 06:30:49,刺网
4305,31.8405,125.49241666666668,10.1,232.0,2018-11-28 06:40:49,刺网
4305,31.826166666666666,125.46269444444445,10.9,240.0,2018-11-28 06:50:49,刺网
4305,31.809722222222234,125.43341666666667,10.8,240.0,2018-11-28 07:00:49,刺网
4305,31.79066666666667,125.40572222222224,11.9,229.0,2018-11-28 07:10:49,刺网
4305,31.773944444444442,125.37624999999998,10.7,243.0,2018-11-28 07:20:49,刺网
4305,31.756888888888888,125.34661111111107,10.7,242.0,2018-11-28 07:30:49,刺网
4305,31.738861111111113,125.31686111111112,11.7,231.0,2018-11-28 07:40:49,刺网
4305,31.7195,125.28719444444445,11.0,242.0,2018-11-28 07:50:49,刺网
4305,31.698777777777767,125.25422222222224,11.6,235.0,2018-11-28 08:01:41,刺网
4305,31.68125,125.22611111111112,11.7,232.0,2018-11-28 08:10:48,刺网
4305,31.66175,125.19538888888887,11.5,226.0,2018-11-28 08:20:48,刺网
4305,31.64341666666667,125.16388888888888,11.7,231.0,2018-11-28 08:30:48,刺网
4305,31.625,125.13211111111113,11.8,237.0,2018-11-28 08:40:48,刺网
4305,31.604527777777786,125.10186111111106,11.8,233.0,2018-11-28 08:50:48,刺网
4305,31.585694444444442,125.07011111111107,11.5,240.0,2018-11-28 09:00:48,刺网
4305,31.570472222222232,125.03625,11.8,242.0,2018-11-28 09:10:48,刺网
4305,31.555999999999997,125.00183333333334,11.6,238.0,2018-11-28 09:20:48,刺网
4305,31.53836111111111,124.96883333333334,11.8,232.0,2018-11-28 09:30:48,刺网
4305,31.520916666666665,124.93541666666668,11.5,235.0,2018-11-28 09:40:49,刺网
4305,31.502527777777786,124.90388888888893,11.2,240.0,2018-11-28 09:50:48,刺网
4305,31.484972222222233,124.87122222222222,10.9,246.0,2018-11-28 10:00:48,刺网
4305,31.467777777777766,124.83797222222222,10.7,233.0,2018-11-28 10:10:48,刺网
4305,31.45108333333333,124.80436111111106,11.2,236.0,2018-11-28 10:20:48,刺网
4305,31.43311111111111,124.77169444444445,11.5,243.0,2018-11-28 10:30:48,刺网
4305,31.414222222222214,124.74002777777777,11.0,239.0,2018-11-28 10:40:48,刺网
4305,31.395055555555555,124.70822222222223,12.1,236.0,2018-11-28 10:51:16,刺网
4305,31.37866666666667,124.67872222222222,11.1,234.0,2018-11-28 11:00:48,刺网
4305,31.36047222222223,124.64861111111112,11.4,237.0,2018-11-28 11:10:48,刺网
4305,31.342555555555553,124.61844444444445,11.4,238.0,2018-11-28 11:20:48,刺网
4305,31.325416666666666,124.58755555555555,11.7,239.0,2018-11-28 11:30:48,刺网
4305,31.309166666666666,124.55616666666668,11.0,238.0,2018-11-28 11:40:48,刺网
4305,31.291722222222226,124.52602777777778,11.1,238.0,2018-11-28 11:50:48,刺网
4305,31.27488888888889,124.49505555555555,11.1,239.0,2018-11-28 12:00:48,刺网
4305,31.25791666666667,124.46491666666668,10.8,226.0,2018-11-28 12:10:48,刺网
4305,31.24083333333333,124.43544444444444,10.9,236.0,2018-11-28 12:20:48,刺网
4305,31.222472222222233,124.40530555555556,10.2,228.0,2018-11-28 12:31:23,刺网
4305,31.20741666666667,124.37825,10.5,233.0,2018-11-28 12:40:48,刺网
4305,31.191861111111113,124.3497222222222,10.4,231.0,2018-11-28 12:50:51,刺网
4305,31.175305555555557,124.32205555555555,10.2,230.0,2018-11-28 13:00:47,刺网
4305,31.159055555555554,124.29427777777778,10.3,229.0,2018-11-28 13:10:48,刺网
4305,31.14175,124.26905555555555,9.7,220.0,2018-11-28 13:20:47,刺网
4305,31.12519444444445,124.24305555555556,10.6,229.0,2018-11-28 13:30:47,刺网
4305,31.106527777777767,124.21958333333332,10.4,220.0,2018-11-28 13:40:49,刺网
4305,31.087611111111112,124.19508333333334,10.7,236.0,2018-11-28 13:50:48,刺网
4305,31.06586111111111,124.17388888888892,10.2,234.0,2018-11-28 14:01:16,刺网
4305,31.05163888888889,124.14808333333332,10.0,228.0,2018-11-28 14:10:47,刺网
4305,31.03525,124.12305555555555,10.0,237.0,2018-11-28 14:20:47,刺网
4305,31.01872222222222,124.0987222222222,8.8,228.0,2018-11-28 14:30:47,刺网
4305,31.00294444444444,124.07408333333332,10.0,228.0,2018-11-28 14:40:47,刺网
4305,30.986611111111113,124.05047222222224,10.1,240.0,2018-11-28 14:50:47,刺网
4305,30.97169444444444,124.0257777777778,9.6,236.0,2018-11-28 15:00:47,刺网
4305,30.955055555555553,124.00238888888887,9.2,230.0,2018-11-28 15:10:47,刺网
4305,30.94058333333333,123.97686111111112,9.2,230.0,2018-11-28 15:20:47,刺网
4305,30.924,123.9537777777778,9.4,229.0,2018-11-28 15:30:47,刺网
4305,30.90811111111111,123.92961111111113,9.1,226.0,2018-11-28 15:40:47,刺网
4305,30.89425,123.9032777777778,9.4,252.0,2018-11-28 15:50:47,刺网
4305,30.88102777777778,123.87583333333332,9.9,233.0,2018-11-28 16:00:47,刺网
4305,30.86716666666667,123.84913888888887,9.6,238.0,2018-11-28 16:10:47,刺网
4305,30.852638888888887,123.82286111111112,9.7,242.0,2018-11-28 16:20:47,刺网
4305,30.83847222222222,123.79652777777777,9.3,233.0,2018-11-28 16:30:47,刺网
4305,30.82411111111111,123.77063888888893,9.1,239.0,2018-11-28 16:40:47,刺网
4305,30.80988888888889,123.74441666666668,9.7,243.0,2018-11-28 16:50:47,刺网
4305,30.79519444444445,123.71811111111113,9.5,232.0,2018-11-28 17:00:50,刺网
4305,30.77991666666667,123.69088888888888,9.5,242.0,2018-11-28 17:11:17,刺网
4305,30.76416666666667,123.66688888888888,9.8,226.0,2018-11-28 17:20:46,刺网
4305,30.74869444444445,123.64069444444445,10.3,216.0,2018-11-28 17:30:46,刺网
4305,30.73175,123.61575,9.3,224.0,2018-11-28 17:40:46,刺网
4305,30.71491666666667,123.59047222222222,9.8,237.0,2018-11-28 17:50:46,刺网
4305,30.69955555555555,123.56375,10.3,227.0,2018-11-28 18:00:46,刺网
4305,30.681222222222214,123.53886111111107,10.9,221.0,2018-11-28 18:10:46,刺网
4305,30.662888888888887,123.51369444444444,10.1,236.0,2018-11-28 18:20:46,刺网
4305,30.64461111111111,123.48838888888888,10.0,227.0,2018-11-28 18:30:46,刺网
4305,30.627111111111113,123.4625,10.1,236.0,2018-11-28 18:40:46,刺网
4305,30.6085,123.43858333333333,10.1,250.0,2018-11-28 18:50:46,刺网
4305,30.590222222222234,123.4135,9.5,234.0,2018-11-28 19:00:46,刺网
4305,30.552888888888887,123.36305555555555,10.6,216.0,2018-11-28 19:20:46,刺网
4305,30.534527777777786,123.33747222222222,9.9,238.0,2018-11-28 19:30:46,刺网
4305,30.51775,123.31041666666664,9.9,238.0,2018-11-28 19:40:46,刺网
4305,30.49738888888889,123.28641666666668,10.2,226.0,2018-11-28 19:50:46,刺网
4305,30.479388888888888,123.25816666666668,10.7,233.0,2018-11-28 20:01:16,刺网
4305,30.46325,123.2324722222222,10.4,230.0,2018-11-28 20:10:46,刺网
4305,30.44613888888889,123.20544444444445,10.5,229.0,2018-11-28 20:20:46,刺网
4305,30.429055555555554,123.17858333333334,10.1,227.0,2018-11-28 20:30:46,刺网
4305,30.41177777777777,123.15233333333332,10.8,232.0,2018-11-28 20:40:46,刺网
4305,30.39491666666667,123.12527777777777,10.3,240.0,2018-11-28 20:50:46,刺网
4305,30.37294444444445,123.10563888888888,10.7,194.0,2018-11-28 21:00:45,刺网
4305,30.35477777777778,123.08088888888894,9.9,232.0,2018-11-28 21:10:45,刺网
4305,30.33783333333333,123.05519444444445,9.8,239.0,2018-11-28 21:20:45,刺网
4305,30.321027777777786,123.02841666666669,10.0,236.0,2018-11-28 21:30:45,刺网
4305,30.304527777777786,123.00113888888887,10.1,244.0,2018-11-28 21:40:46,刺网
4305,30.29002777777778,122.97238888888893,10.6,234.0,2018-11-28 21:50:45,刺网
4305,30.2745,122.94461111111113,10.7,231.0,2018-11-28 22:00:48,刺网
4305,30.25905555555555,122.918,9.6,233.0,2018-11-28 22:10:45,刺网
4305,30.243805555555557,122.89063888888893,10.4,232.0,2018-11-28 22:20:46,刺网
4305,30.226416666666665,122.86436111111112,10.2,241.0,2018-11-28 22:30:45,刺网
4305,30.21075,122.83625,10.6,239.0,2018-11-28 22:40:45,刺网
4305,30.19230555555556,122.80744444444444,11.8,226.0,2018-11-28 22:50:45,刺网
4305,30.172916666666666,122.77930555555555,11.4,230.0,2018-11-28 23:00:45,刺网
4305,30.156416666666665,122.74672222222223,10.9,238.0,2018-11-28 23:11:17,刺网
4305,30.139472222222214,122.71622222222223,11.8,231.0,2018-11-28 23:20:44,刺网
4305,30.121,122.68483333333332,11.2,231.0,2018-11-28 23:30:44,刺网
4305,30.10283333333333,122.65508333333334,11.2,235.0,2018-11-28 23:40:45,刺网
4305,30.08433333333333,122.62744444444445,11.6,246.0,2018-11-28 23:50:44,刺网
4305,30.069888888888887,122.59666666666666,10.3,241.0,2018-11-29 00:00:44,刺网
4305,30.050972222222214,122.57319444444445,10.1,184.0,2018-11-29 00:10:44,刺网
4305,30.03144444444445,122.54722222222222,11.3,234.0,2018-11-29 00:20:44,刺网
4305,30.01283333333333,122.51911111111107,11.1,238.0,2018-11-29 00:30:44,刺网
4305,29.99880555555556,122.48836111111108,10.5,236.0,2018-11-29 00:40:44,刺网
4305,29.977666666666664,122.46600000000001,10.3,224.0,2018-11-29 00:50:45,刺网
4305,29.959166666666665,122.43975,10.2,219.0,2018-11-29 01:00:44,刺网
4305,29.93938888888889,122.44586111111113,1.3,0.0,2018-11-29 01:10:44,刺网
4305,29.95561111111111,122.4258888888889,11.8,311.0,2018-11-29 01:20:45,刺网
4305,29.97033333333333,122.38836111111112,12.5,278.0,2018-11-29 01:31:16,刺网
4305,29.97694444444444,122.35277777777776,10.1,251.0,2018-11-29 01:40:44,刺网
4305,29.962027777777767,122.33266666666668,8.5,217.0,2018-11-29 01:50:43,刺网
4305,29.94305555555556,122.31744444444445,9.1,240.0,2018-11-29 02:00:43,刺网
4305,29.94169444444445,122.2897777777778,8.9,244.0,2018-11-29 02:10:43,刺网
4305,29.94613888888889,122.26680555555555,7.7,299.0,2018-11-29 02:20:43,刺网
4305,29.96230555555555,122.24191666666668,9.4,301.0,2018-11-29 02:30:43,刺网
4305,29.97069444444444,122.22086111111106,0.6,287.0,2018-11-29 02:40:43,刺网
4305,29.971027777777767,122.2205277777778,0.0,0.0,2018-11-29 02:50:43,刺网
4305,29.971027777777767,122.2205277777778,0.0,0.0,2018-11-29 03:00:43,刺网
4305,29.97108333333333,122.2205,0.0,0.0,2018-11-29 03:10:43,刺网
4305,29.971,122.22055555555555,0.0,0.0,2018-11-29 03:30:43,刺网
4305,29.971027777777767,122.22055555555555,0.0,0.0,2018-11-29 03:40:43,刺网
4305,29.97108333333333,122.22047222222223,0.0,0.0,2018-11-29 03:50:43,刺网
4305,29.971,122.22055555555555,0.0,0.0,2018-11-29 04:01:09,刺网
4305,29.97111111111111,122.22047222222223,0.0,0.0,2018-11-29 04:10:43,刺网
4305,29.97108333333333,122.2205277777778,0.0,0.0,2018-11-29 04:20:43,刺网
4305,29.971027777777767,122.22058333333334,0.0,0.0,2018-11-29 04:30:43,刺网
4305,29.971027777777767,122.22055555555555,0.0,0.0,2018-11-29 04:40:43,刺网
4305,29.971055555555555,122.22055555555555,0.0,0.0,2018-11-29 04:50:43,刺网
4305,29.971027777777767,122.2205277777778,0.0,0.0,2018-11-29 05:00:43,刺网
4305,29.971027777777767,122.2205277777778,0.0,0.0,2018-11-29 05:10:43,刺网
4305,29.971027777777767,122.22061111111113,0.0,0.0,2018-11-29 05:20:43,刺网
4305,29.971027777777767,122.22058333333334,0.0,0.0,2018-11-29 05:30:43,刺网
4305,29.971055555555555,122.2205277777778,0.0,0.0,2018-11-29 05:40:43,刺网
4305,29.971055555555555,122.22047222222223,0.0,0.0,2018-11-29 05:50:43,刺网
4305,29.971027777777767,122.22055555555555,0.0,0.0,2018-11-29 06:00:43,刺网
4305,29.971055555555555,122.22044444444445,0.0,0.0,2018-11-29 06:10:43,刺网
4305,29.971055555555555,122.22047222222223,0.0,0.0,2018-11-29 06:20:44,刺网
4305,29.971,122.22044444444445,0.0,0.0,2018-11-29 06:31:10,刺网
4305,29.971027777777767,122.2205,0.0,0.0,2018-11-29 06:40:42,刺网
4305,29.971027777777767,122.2205277777778,0.0,0.0,2018-11-29 06:50:42,刺网
4305,29.971027777777767,122.2205,0.0,0.0,2018-11-29 07:00:42,刺网
4305,29.971055555555555,122.2205277777778,0.0,0.0,2018-11-29 07:10:42,刺网
4305,29.971027777777767,122.2205277777778,0.0,0.0,2018-11-29 07:30:42,刺网
4305,29.971027777777767,122.2205,0.0,0.0,2018-11-29 07:40:42,刺网
4305,29.971027777777767,122.2205277777778,0.0,0.0,2018-11-29 07:50:42,刺网
4305,29.971055555555555,122.2205,0.0,0.0,2018-11-29 08:00:42,刺网
4305,29.970666666666666,122.21969444444444,4.5,192.0,2018-11-29 08:10:42,刺网
4305,29.961,122.2432777777778,9.7,123.0,2018-11-29 08:20:42,刺网
4305,29.948222222222213,122.25741666666669,6.5,137.0,2018-11-29 08:30:42,刺网
4305,29.94736111111111,122.25816666666668,0.0,0.0,2018-11-29 08:40:41,刺网
4305,29.94733333333333,122.25822222222223,0.0,0.0,2018-11-29 08:50:41,刺网
4305,29.94730555555555,122.25822222222223,0.0,0.0,2018-11-29 09:10:42,刺网
4305,29.9405,122.28744444444445,7.7,68.0,2018-11-29 09:41:10,刺网
4305,29.942805555555548,122.2920277777778,0.0,0.0,2018-11-29 09:50:42,刺网
4305,29.942777777777767,122.2920277777778,0.0,0.0,2018-11-29 10:00:42,刺网
4305,29.94283333333333,122.2920277777778,0.0,0.0,2018-11-29 10:10:42,刺网
4305,29.942888888888888,122.2920277777778,0.0,0.0,2018-11-29 10:20:42,刺网
4305,29.94294444444445,122.29186111111113,0.0,0.0,2018-11-29 10:30:42,刺网
4305,29.94308333333333,122.29172222222223,0.1,0.0,2018-11-29 10:40:42,刺网
4305,29.942805555555548,122.29205555555555,0.1,0.0,2018-11-29 10:50:42,刺网
4305,29.942805555555548,122.2920277777778,0.0,0.0,2018-11-29 11:00:42,刺网
4305,29.942805555555548,122.29205555555555,0.3,0.0,2018-11-29 11:30:41,刺网
4305,29.942777777777767,122.2920277777778,0.1,0.0,2018-11-29 11:40:41,刺网
4305,29.94286111111111,122.292,0.1,0.0,2018-11-29 11:50:41,刺网
4305,29.94283333333333,122.2919722222222,0.0,0.0,2018-11-29 12:01:09,刺网
4305,29.94283333333333,122.2919722222222,0.0,0.0,2018-11-29 12:10:41,刺网
4305,29.94283333333333,122.292,0.0,0.0,2018-11-29 12:20:41,刺网
4305,29.94283333333333,122.2920277777778,0.0,0.0,2018-11-29 12:30:41,刺网
4305,29.942888888888888,122.2920277777778,0.0,0.0,2018-11-29 12:40:41,刺网
4305,29.94283333333333,122.29205555555555,0.0,0.0,2018-11-29 12:50:41,刺网
4305,29.942805555555548,122.2920277777778,0.0,0.0,2018-11-29 13:00:41,刺网
4305,29.94286111111111,122.29205555555555,0.1,0.0,2018-11-29 13:10:41,刺网
4305,29.942805555555548,122.29205555555555,0.1,0.0,2018-11-29 13:20:41,刺网
4305,29.942805555555548,122.29205555555555,0.0,0.0,2018-11-29 13:30:41,刺网
4305,29.94283333333333,122.292,0.0,0.0,2018-11-29 13:40:41,刺网
4305,29.942888888888888,122.2919722222222,0.0,0.0,2018-11-29 13:50:41,刺网
4305,29.94294444444445,122.29191666666668,0.0,0.0,2018-11-29 14:00:41,刺网
4305,29.943027777777786,122.29194444444445,5.9,357.0,2018-11-29 14:10:43,刺网
4305,29.942805555555548,122.292,0.0,0.0,2018-11-29 14:21:09,刺网
4305,29.94283333333333,122.292,0.0,0.0,2018-11-29 14:30:41,刺网
4305,29.94283333333333,122.292,0.0,0.0,2018-11-29 14:40:41,刺网
4305,29.94283333333333,122.2919722222222,0.0,0.0,2018-11-29 14:50:41,刺网
4305,29.94286111111111,122.2919722222222,0.0,0.0,2018-11-29 15:00:41,刺网
4305,29.942888888888888,122.2919722222222,0.0,0.0,2018-11-29 15:10:41,刺网
4305,29.94286111111111,122.292,0.0,0.0,2018-11-29 15:20:41,刺网
4305,29.942916666666665,122.29205555555555,0.0,0.0,2018-11-29 15:30:40,刺网
4305,29.94286111111111,122.29194444444445,0.0,0.0,2018-11-29 15:40:40,刺网
4305,29.94283333333333,122.292,0.0,0.0,2018-11-29 15:50:40,刺网
4305,29.94286111111111,122.2919722222222,0.1,0.0,2018-11-29 16:00:40,刺网
4305,29.942888888888888,122.292,0.1,0.0,2018-11-29 16:10:40,刺网
4305,29.942805555555548,122.2920277777778,0.1,0.0,2018-11-29 16:20:40,刺网
4305,29.942805555555548,122.29188888888888,0.0,0.0,2018-11-29 16:30:40,刺网
4305,29.942805555555548,122.29183333333334,0.2,0.0,2018-11-29 16:40:40,刺网
4305,29.94275,122.292,0.1,0.0,2018-11-29 16:50:40,刺网
4305,29.942805555555548,122.29205555555555,0.0,0.0,2018-11-29 17:01:10,刺网
4305,29.94283333333333,122.29208333333332,0.0,0.0,2018-11-29 17:10:40,刺网
4305,29.94286111111111,122.292,0.0,0.0,2018-11-29 17:20:40,刺网
4305,29.94286111111111,122.292,0.0,0.0,2018-11-29 17:30:40,刺网
4305,29.942888888888888,122.2919722222222,0.0,0.0,2018-11-29 17:40:40,刺网
4305,29.94286111111111,122.292,0.0,0.0,2018-11-29 17:50:40,刺网
4305,29.942888888888888,122.292,0.0,0.0,2018-11-29 18:00:40,刺网
4305,29.94286111111111,122.2920277777778,0.0,0.0,2018-11-29 18:10:40,刺网
4305,29.94283333333333,122.2920277777778,0.0,0.0,2018-11-29 18:20:40,刺网
4305,29.94283333333333,122.29211111111113,0.0,0.0,2018-11-29 18:30:40,刺网
4305,29.942805555555548,122.2920277777778,0.0,0.0,2018-11-29 18:40:40,刺网
4305,29.942777777777767,122.29191666666668,0.0,0.0,2018-11-29 18:50:40,刺网
4305,29.94283333333333,122.2920277777778,0.0,0.0,2018-11-29 19:00:40,刺网
4305,29.94283333333333,122.29191666666668,0.0,0.0,2018-11-29 19:10:40,刺网
4305,29.94283333333333,122.292,0.0,0.0,2018-11-29 19:20:40,刺网
4305,29.942805555555548,122.29205555555555,0.2,0.0,2018-11-29 19:30:40,刺网
4305,29.94275,122.29219444444445,0.0,0.0,2018-11-29 19:40:40,刺网
4305,29.942777777777767,122.29194444444445,0.2,0.0,2018-11-29 19:50:40,刺网
4305,29.94283333333333,122.29208333333332,0.0,0.0,2018-11-29 20:00:51,刺网
4305,29.942805555555548,122.2920277777778,0.0,0.0,2018-11-29 20:10:39,刺网
4305,29.942777777777767,122.29205555555555,0.0,0.0,2018-11-29 20:20:39,刺网
4305,29.942805555555548,122.2920277777778,0.0,0.0,2018-11-29 20:30:39,刺网
4305,29.942805555555548,122.2920277777778,0.0,0.0,2018-11-29 20:40:39,刺网
4305,29.942777777777767,122.29194444444445,0.2,0.0,2018-11-29 20:50:39,刺网
4305,29.942805555555548,122.29191666666668,0.1,0.0,2018-11-29 21:00:39,刺网
4305,29.94283333333333,122.2920277777778,0.0,0.0,2018-11-29 21:10:39,刺网
4305,29.942777777777767,122.29194444444445,0.1,0.0,2018-11-29 21:20:39,刺网
4305,29.942972222222235,122.29188888888888,0.1,0.0,2018-11-29 21:40:39,刺网
4305,29.942888888888888,122.29194444444445,0.2,0.0,2018-11-29 21:50:39,刺网
4305,29.942805555555548,122.292,0.3,0.0,2018-11-29 22:00:39,刺网
4305,29.94286111111111,122.2919722222222,0.2,0.0,2018-11-29 22:10:39,刺网
4305,29.942722222222233,122.292,0.1,0.0,2018-11-29 22:20:39,刺网
4305,29.94319444444445,122.29175,0.0,0.0,2018-11-29 22:30:39,刺网
4305,29.94283333333333,122.29194444444445,0.0,0.0,2018-11-29 22:40:40,刺网
4305,29.943222222222214,122.29158333333334,0.1,0.0,2018-11-29 22:50:39,刺网
4305,29.942805555555548,122.292,0.0,0.0,2018-11-29 23:00:52,刺网
4305,29.94283333333333,122.2919722222222,0.0,0.0,2018-11-29 23:10:39,刺网
4305,29.942805555555548,122.2919722222222,0.0,0.0,2018-11-29 23:20:39,刺网
4305,29.94283333333333,122.2919722222222,0.0,0.0,2018-11-29 23:30:39,刺网
4305,29.942888888888888,122.2919722222222,0.0,0.0,2018-11-29 23:40:39,刺网
4305,29.942777777777767,122.2920277777778,0.0,0.0,2018-11-29 23:50:39,刺网
4305,29.942805555555548,122.292,0.0,0.0,2018-11-30 00:00:39,刺网
4305,29.942805555555548,122.2919722222222,0.0,0.0,2018-11-30 00:10:39,刺网
4305,29.942805555555548,122.29194444444445,0.0,0.0,2018-11-30 00:20:39,刺网
4305,29.94283333333333,122.292,0.0,0.0,2018-11-30 00:30:39,刺网
4305,29.942777777777767,122.29205555555555,0.0,0.0,2018-11-30 00:40:38,刺网
4305,29.942666666666664,122.2920277777778,0.2,0.0,2018-11-30 00:50:38,刺网
4305,29.942472222222232,122.29205555555555,1.8,169.0,2018-11-30 01:00:44,刺网
4305,29.942638888888887,122.29208333333332,0.1,0.0,2018-11-30 01:10:38,刺网
4305,29.94275,122.29205555555555,0.0,0.0,2018-11-30 01:20:41,刺网
4305,29.94275,122.2920277777778,0.0,0.0,2018-11-30 01:30:52,刺网
4305,29.942777777777767,122.29205555555555,0.1,0.0,2018-11-30 01:40:38,刺网
4305,29.94275,122.2920277777778,0.0,0.0,2018-11-30 01:50:38,刺网
4305,29.94275,122.29205555555555,0.0,0.0,2018-11-30 02:00:38,刺网
4305,29.94275,122.29205555555555,0.0,0.0,2018-11-30 02:10:38,刺网
4305,29.942777777777767,122.29205555555555,0.0,0.0,2018-11-30 02:20:38,刺网
4305,29.94283333333333,122.29205555555555,0.0,0.0,2018-11-30 02:30:38,刺网
4305,29.942916666666665,122.29208333333332,0.0,0.0,2018-11-30 02:40:38,刺网
4305,29.942777777777767,122.29205555555555,0.0,0.0,2018-11-30 02:50:38,刺网
4305,29.94286111111111,122.2920277777778,0.0,0.0,2018-11-30 03:10:38,刺网
4305,29.942888888888888,122.292,0.0,0.0,2018-11-30 03:20:38,刺网
4305,29.942777777777767,122.2920277777778,0.0,0.0,2018-11-30 03:30:38,刺网
4305,29.942777777777767,122.29205555555555,0.0,0.0,2018-11-30 03:40:38,刺网
4305,29.942805555555548,122.29211111111113,0.0,0.0,2018-11-30 03:50:38,刺网
4305,29.942805555555548,122.29205555555555,0.0,0.0,2018-11-30 04:00:51,刺网
4305,29.942805555555548,122.2920277777778,0.0,0.0,2018-11-30 04:10:38,刺网
4305,29.942805555555548,122.29208333333332,0.0,0.0,2018-11-30 04:20:38,刺网
4305,29.94275,122.29205555555555,0.0,0.0,2018-11-30 04:30:38,刺网
4305,29.94275,122.29208333333332,0.0,0.0,2018-11-30 04:40:38,刺网
4305,29.94283333333333,122.29211111111113,0.0,0.0,2018-11-30 04:50:38,刺网
4305,29.942916666666665,122.29216666666666,0.1,0.0,2018-11-30 05:00:38,刺网
4305,29.94286111111111,122.29205555555555,0.0,0.0,2018-11-30 05:10:38,刺网
4305,29.942805555555548,122.29211111111113,0.0,0.0,2018-11-30 05:20:37,刺网
4305,29.94283333333333,122.29208333333332,0.0,0.0,2018-11-30 05:30:37,刺网
4305,29.942888888888888,122.292,0.1,0.0,2018-11-30 05:40:37,刺网
4305,29.942888888888888,122.29211111111113,0.0,0.0,2018-11-30 05:50:37,刺网
4305,29.94286111111111,122.2920277777778,0.1,0.0,2018-11-30 06:00:37,刺网
4305,29.942916666666665,122.29191666666668,0.0,0.0,2018-11-30 06:10:37,刺网
4305,29.942888888888888,122.2920277777778,0.1,0.0,2018-11-30 06:20:37,刺网
4305,29.94286111111111,122.29205555555555,0.2,0.0,2018-11-30 06:30:37,刺网
4305,29.94394444444445,122.29355555555556,0.3,0.0,2018-11-30 06:40:39,刺网
4305,29.942916666666665,122.2920277777778,0.0,0.0,2018-11-30 06:50:52,刺网
4305,29.942916666666665,122.292,0.0,0.0,2018-11-30 07:00:37,刺网
4305,29.942888888888888,122.292,0.0,0.0,2018-11-30 07:10:37,刺网
4305,29.942916666666665,122.2920277777778,0.0,0.0,2018-11-30 07:20:37,刺网
4305,29.942888888888888,122.292,0.0,0.0,2018-11-30 07:30:37,刺网
4305,29.942916666666665,122.292,0.0,0.0,2018-11-30 07:40:37,刺网
4305,29.942888888888888,122.2920277777778,0.0,0.0,2018-11-30 07:50:37,刺网
4305,29.94283333333333,122.2920277777778,0.0,0.0,2018-11-30 08:00:37,刺网
4305,29.94286111111111,122.29205555555555,0.0,0.0,2018-11-30 08:10:37,刺网
4305,29.94286111111111,122.2920277777778,0.0,0.0,2018-11-30 08:20:37,刺网
4305,29.942888888888888,122.2920277777778,0.0,0.0,2018-11-30 08:30:37,刺网
4305,29.942888888888888,122.292,0.0,0.0,2018-11-30 08:40:37,刺网
4305,29.942888888888888,122.29194444444445,0.0,0.0,2018-11-30 08:50:37,刺网
4305,29.943027777777786,122.2919722222222,0.2,0.0,2018-11-30 09:10:37,刺网
4305,29.94305555555556,122.29205555555555,0.2,0.0,2018-11-30 09:20:38,刺网
4305,29.946638888888888,122.29605555555555,0.4,0.0,2018-11-30 09:30:37,刺网
4305,29.942805555555548,122.292,0.0,0.0,2018-11-30 09:40:52,刺网
4305,29.94275,122.2919722222222,0.0,0.0,2018-11-30 09:50:36,刺网
4305,29.942805555555548,122.2920277777778,0.0,0.0,2018-11-30 10:00:52,刺网
4305,29.94283333333333,122.2920277777778,0.0,0.0,2018-11-30 10:20:36,刺网
4305,29.94275,122.29183333333334,0.1,0.0,2018-11-30 10:30:36,刺网
4305,29.942666666666664,122.29211111111113,0.4,0.0,2018-11-30 10:40:37,刺网
4305,29.942777777777767,122.29208333333332,0.0,0.0,2018-11-30 10:50:37,刺网
4305,29.942722222222233,122.292,0.0,0.0,2018-11-30 11:00:36,刺网
4305,29.942722222222233,122.29205555555555,0.1,0.0,2018-11-30 11:10:36,刺网
4305,29.942722222222233,122.2920277777778,0.3,0.0,2018-11-30 11:20:39,刺网
4305,29.94258333333333,122.29205555555555,0.1,0.0,2018-11-30 11:40:38,刺网
4305,29.94286111111111,122.29191666666668,0.0,0.0,2018-11-30 11:50:44,刺网
4305,29.942694444444445,122.29208333333332,0.2,0.0,2018-11-30 12:00:36,刺网
4305,29.944138888888887,122.30838888888893,9.3,106.0,2018-11-30 12:10:36,刺网
4305,29.95833333333333,122.33033333333334,9.7,26.0,2018-11-30 12:20:52,刺网
4305,29.97325,122.35408333333334,9.9,86.0,2018-11-30 12:30:36,刺网
4305,29.965944444444442,122.38283333333334,9.6,112.0,2018-11-30 12:40:36,刺网
4305,29.95555555555556,122.40902777777778,9.6,143.0,2018-11-30 12:50:36,刺网
4305,29.94086111111111,122.43411111111112,10.5,103.0,2018-11-30 13:00:36,刺网
4305,29.939416666666666,122.44580555555555,0.5,57.0,2018-11-30 13:10:36,刺网
4305,29.954166666666666,122.43875,11.2,355.0,2018-11-30 13:20:36,刺网
4305,29.9715,122.46019444444444,10.0,52.0,2018-11-30 13:30:36,刺网
4305,30.028722222222214,122.56716666666668,10.0,44.0,2018-11-30 14:10:35,刺网
4305,30.07036111111111,122.61480555555555,10.5,44.0,2018-11-30 14:30:35,刺网
4305,30.087722222222233,122.63958333333332,9.2,52.0,2018-11-30 14:40:35,刺网
4305,30.119944444444453,122.68852777777781,10.0,47.0,2018-11-30 15:00:35,刺网
4305,30.166027777777767,122.77033333333334,10.6,56.0,2018-11-30 15:30:35,刺网
4305,30.18183333333333,122.79844444444444,10.2,48.0,2018-11-30 15:40:35,刺网
4305,30.19808333333333,122.82683333333334,11.2,61.0,2018-11-30 15:50:35,刺网
4305,30.2135,122.85597222222219,10.7,62.0,2018-11-30 16:00:35,刺网
4305,30.227666666666664,122.88541666666669,10.2,67.0,2018-11-30 16:10:35,刺网
4305,30.24238888888889,122.91463888888893,10.6,70.0,2018-11-30 16:20:35,刺网
4305,30.258138888888887,122.94313888888892,10.4,58.0,2018-11-30 16:30:35,刺网
4305,30.27594444444444,122.97013888888887,10.5,45.0,2018-11-30 16:40:39,刺网
4305,30.292305555555558,122.99808333333333,11.4,66.0,2018-11-30 16:50:36,刺网
4305,30.307972222222233,123.02777777777777,11.3,62.0,2018-11-30 17:00:35,刺网
4305,30.325555555555557,123.05652777777777,10.6,53.0,2018-11-30 17:10:39,刺网
4305,30.34330555555556,123.08486111111107,11.0,56.0,2018-11-30 17:20:52,刺网
4305,30.360111111111113,123.11191666666666,10.5,54.0,2018-11-30 17:30:35,刺网
4305,30.37763888888889,123.13963888888892,10.7,51.0,2018-11-30 17:40:35,刺网
4305,30.39533333333333,123.1670277777778,10.5,53.0,2018-11-30 17:50:35,刺网
4305,30.430722222222233,123.22188888888887,10.7,50.0,2018-11-30 18:10:35,刺网
4305,30.44819444444445,123.24961111111112,10.7,56.0,2018-11-30 18:20:35,刺网
4305,30.465555555555554,123.27775,10.8,48.0,2018-11-30 18:30:34,刺网
4305,30.48419444444445,123.30463888888887,10.6,49.0,2018-11-30 18:40:34,刺网
4305,30.50113888888889,123.33288888888887,10.8,51.0,2018-11-30 18:50:34,刺网
4305,30.52063888888889,123.3587222222222,10.8,37.0,2018-11-30 19:00:34,刺网
4305,30.540194444444452,123.38450000000002,10.4,54.0,2018-11-30 19:10:34,刺网
4305,30.557,123.413,10.7,52.0,2018-11-30 19:20:34,刺网
4305,30.57441666666667,123.44111111111113,10.7,56.0,2018-11-30 19:30:34,刺网
4305,30.59138888888889,123.46933333333334,10.7,53.0,2018-11-30 19:40:34,刺网
4305,30.60875,123.49708333333334,10.6,51.0,2018-11-30 19:50:34,刺网
4305,30.62611111111111,123.52469444444445,10.7,51.0,2018-11-30 20:00:34,刺网
4305,30.64313888888889,123.5525,10.9,59.0,2018-11-30 20:10:34,刺网
4305,30.66011111111111,123.58027777777778,10.6,52.0,2018-11-30 20:20:34,刺网
4305,30.676222222222233,123.60863888888888,10.7,58.0,2018-11-30 20:30:34,刺网
4305,30.69188888888889,123.63736111111113,10.1,60.0,2018-11-30 20:40:33,刺网
4305,30.707611111111113,123.6672222222222,10.7,60.0,2018-11-30 20:50:51,刺网
4305,30.722361111111113,123.69555555555556,10.6,59.0,2018-11-30 21:00:34,刺网
4305,30.73733333333333,123.72491666666667,10.5,61.0,2018-11-30 21:10:34,刺网
4305,30.752055555555554,123.75341666666668,10.4,60.0,2018-11-30 21:20:34,刺网
4305,30.766222222222233,123.78225,10.3,58.0,2018-11-30 21:30:34,刺网
4305,30.780638888888888,123.81066666666666,10.1,63.0,2018-11-30 21:40:34,刺网
4305,30.79450000000001,123.83930555555555,10.1,57.0,2018-11-30 21:50:34,刺网
4305,30.808472222222214,123.86777777777776,10.0,62.0,2018-11-30 22:00:34,刺网
4305,30.822222222222226,123.89608333333334,10.1,78.0,2018-11-30 22:10:34,刺网
4305,30.832611111111113,123.92625,10.1,58.0,2018-11-30 22:20:33,刺网
4305,30.84572222222221,123.95486111111113,9.8,60.0,2018-11-30 22:30:33,刺网
4305,30.859638888888888,123.98227777777778,9.8,57.0,2018-11-30 22:40:33,刺网
4305,30.873583333333336,124.00919444444445,9.8,59.0,2018-11-30 22:50:33,刺网
4305,30.887666666666664,124.03591666666668,9.9,55.0,2018-11-30 23:00:33,刺网
4305,30.90063888888889,124.06341666666668,9.3,67.0,2018-11-30 23:10:33,刺网
4305,30.91686111111111,124.08822222222223,9.6,54.0,2018-11-30 23:20:33,刺网
4305,30.93111111111111,124.11452777777778,9.6,58.0,2018-11-30 23:30:33,刺网
