渔船ID,lat,lon,速度,方向,time,type
4469,30.116359111111112,122.95544022222224,0.7,0.0,2017-10-30 14:20:54,刺网
4469,30.11633133333333,122.95541244444445,0.9,91.0,2017-10-30 14:30:54,刺网
4469,30.116359111111112,122.955468,1.3,312.0,2017-10-30 14:40:54,刺网
4469,30.116359111111112,122.95532911111113,0.7,0.0,2017-10-30 14:50:55,刺网
4469,30.116303555555557,122.9552457777778,1.5,150.0,2017-10-30 15:00:55,刺网
4469,30.11633133333333,122.95541244444445,1.1,226.0,2017-10-30 15:10:55,刺网
4469,30.11633133333333,122.95521799999999,0.3,0.0,2017-10-30 15:20:54,刺网
4469,30.11633133333333,122.955468,0.8,217.0,2017-10-30 15:30:54,刺网
4469,30.11638688888889,122.95555133333336,1.4,168.0,2017-10-30 15:40:53,刺网
4469,30.116359111111112,122.95510688888888,2.4,84.0,2017-10-30 15:50:59,刺网
4469,30.11638688888889,122.95532911111113,1.0,49.0,2017-10-30 16:10:54,刺网
4469,30.11638688888889,122.95566244444444,1.3,131.0,2017-10-30 16:20:53,刺网
4469,30.116414666666664,122.95535688888887,0.7,33.0,2017-10-30 16:30:52,刺网
4469,30.11638688888889,122.95557911111112,0.9,346.0,2017-10-30 16:40:54,刺网
4469,30.11638688888889,122.9557457777778,1.3,200.0,2017-10-30 16:50:53,刺网
4469,30.11638688888889,122.95532911111113,1.8,241.0,2017-10-30 17:00:54,刺网
4469,30.11638688888889,122.95541244444445,1.0,56.0,2017-10-30 17:10:52,刺网
4469,30.11644244444444,122.95582911111113,0.7,76.0,2017-10-30 17:20:53,刺网
4469,30.116664666666665,122.95619022222222,0.0,0.0,2017-10-30 17:30:52,刺网
4469,30.11633133333333,122.95521799999999,0.9,281.0,2017-10-30 17:41:01,刺网
4469,30.11647022222222,122.9557457777778,0.5,0.0,2017-10-30 17:50:52,刺网
4469,30.116303555555557,122.95494022222223,0.4,91.0,2017-10-30 18:00:56,刺网
4469,30.11638688888889,122.95502355555556,0.6,0.0,2017-10-30 18:10:52,刺网
4469,30.116414666666664,122.95521799999999,1.4,107.0,2017-10-30 18:20:53,刺网
4469,30.116359111111112,122.95519022222223,0.5,0.0,2017-10-30 18:30:53,刺网
4469,30.11647022222222,122.95557911111112,0.2,0.0,2017-10-30 18:40:53,刺网
4469,30.11644244444444,122.95588466666668,0.8,0.0,2017-10-30 18:50:53,刺网
4469,30.116414666666664,122.95571800000002,2.6,219.0,2017-10-30 19:01:21,刺网
4469,30.116414666666664,122.95555133333336,2.1,265.0,2017-10-30 19:10:52,刺网
4469,30.11638688888889,122.95544022222224,1.6,179.0,2017-10-30 19:20:53,刺网
4469,30.11638688888889,122.95549577777778,3.3,199.0,2017-10-30 19:30:53,刺网
4469,30.116414666666664,122.95560688888894,0.7,254.0,2017-10-30 19:40:53,刺网
4469,30.11638688888889,122.95527355555555,0.5,189.0,2017-10-30 19:50:53,刺网
4469,30.11638688888889,122.955468,0.7,323.0,2017-10-30 20:01:01,刺网
4469,30.11644244444444,122.95566244444444,2.3,190.0,2017-10-30 20:10:53,刺网
4469,30.11644244444444,122.95580133333334,1.8,89.0,2017-10-30 20:20:52,刺网
4469,30.116414666666664,122.95563466666668,0.4,0.0,2017-10-30 20:30:52,刺网
4469,30.116414666666664,122.95566244444444,0.4,0.0,2017-10-30 20:40:52,刺网
4469,30.116414666666664,122.95552355555556,1.0,0.0,2017-10-30 20:50:52,刺网
4469,30.11638688888889,122.95563466666668,1.2,0.0,2017-10-30 21:00:55,刺网
4469,30.11647022222222,122.95580133333334,0.7,40.0,2017-10-30 21:11:22,刺网
4469,30.116414666666664,122.95577355555555,0.1,0.0,2017-10-30 21:20:52,刺网
4469,30.11647022222222,122.9559402222222,2.7,41.0,2017-10-30 21:30:51,刺网
4469,30.11644244444444,122.95577355555555,1.4,290.0,2017-10-30 21:40:52,刺网
4469,30.11647022222222,122.95588466666668,0.5,66.0,2017-10-30 21:50:52,刺网
4469,30.11633133333333,122.95552355555556,1.0,260.0,2017-10-30 22:00:53,刺网
4469,30.116359111111112,122.95549577777778,0.7,229.0,2017-10-30 22:10:52,刺网
4469,30.11638688888889,122.95577355555555,1.2,120.0,2017-10-30 22:20:52,刺网
4469,30.116414666666664,122.95588466666668,0.2,0.0,2017-10-30 22:30:52,刺网
4469,30.116414666666664,122.95588466666668,1.0,44.0,2017-10-30 22:40:52,刺网
4469,30.116414666666664,122.95571800000002,1.7,41.0,2017-10-30 22:50:52,刺网
4469,30.116359111111112,122.955468,2.3,261.0,2017-10-30 23:00:53,刺网
4469,30.116359111111112,122.95535688888887,1.4,251.0,2017-10-30 23:10:52,刺网
4469,30.11638688888889,122.9557457777778,0.4,0.0,2017-10-30 23:20:52,刺网
4469,30.116414666666664,122.95560688888894,0.4,56.0,2017-10-30 23:30:59,刺网
4469,30.11644244444444,122.95507911111113,0.7,227.0,2017-10-30 23:41:02,刺网
4469,30.11638688888889,122.955468,0.7,0.0,2017-10-30 23:51:14,刺网
4469,30.116359111111112,122.95530133333334,0.6,38.0,2017-10-31 00:01:27,刺网
4469,30.116359111111112,122.95513466666668,0.4,279.0,2017-10-31 00:10:52,刺网
4469,30.11638688888889,122.95480133333334,0.8,351.0,2017-10-31 00:20:52,刺网
4469,30.116359111111112,122.95482911111112,0.1,0.0,2017-10-31 00:30:52,刺网
4469,30.116359111111112,122.9547457777778,0.2,0.0,2017-10-31 00:40:52,刺网
4469,30.11633133333333,122.95482911111112,1.2,96.0,2017-10-31 00:50:52,刺网
4469,30.11638688888889,122.95466244444445,0.9,26.0,2017-10-31 01:00:53,刺网
4469,30.116359111111112,122.95455133333334,1.2,257.0,2017-10-31 01:10:52,刺网
4469,30.116303555555557,122.95510688888888,0.3,0.0,2017-10-31 01:20:51,刺网
4469,30.11627577777778,122.95482911111112,0.1,0.0,2017-10-31 01:30:51,刺网
4469,30.11638688888889,122.95446799999999,1.5,244.0,2017-10-31 01:40:51,刺网
4469,30.11633133333333,122.95469022222223,0.8,155.0,2017-10-31 01:50:51,刺网
4469,30.116359111111112,122.95446799999999,0.5,119.0,2017-10-31 02:00:54,刺网
4469,30.116303555555557,122.954718,0.2,0.0,2017-10-31 02:10:51,刺网
4469,30.11633133333333,122.95460688888893,0.2,0.0,2017-10-31 02:20:51,刺网
4469,30.11638688888889,122.95413466666668,0.2,0.0,2017-10-31 02:30:51,刺网
4469,30.11633133333333,122.95427355555556,0.0,0.0,2017-10-31 02:40:51,刺网
4469,30.11619244444445,122.95452355555555,1.7,148.0,2017-10-31 02:50:51,刺网
4469,30.11627577777778,122.954218,0.3,0.0,2017-10-31 03:00:53,刺网
4469,30.116303555555557,122.95430133333332,0.4,0.0,2017-10-31 03:10:51,刺网
4469,30.116359111111112,122.95413466666668,0.6,0.0,2017-10-31 03:20:52,刺网
4469,30.11644244444444,122.95435688888894,1.5,162.0,2017-10-31 03:30:51,刺网
4469,30.116525777777767,122.95444022222223,1.0,0.0,2017-10-31 03:40:52,刺网
4469,30.116636888888888,122.95405133333335,1.7,35.0,2017-10-31 03:50:52,刺网
4469,30.117053555555554,122.95338466666668,0.2,0.0,2017-10-31 04:01:20,刺网
4469,30.117220222222233,122.95332911111113,1.5,277.0,2017-10-31 04:10:51,刺网
4469,30.11735911111111,122.95310688888893,1.5,236.0,2017-10-31 04:20:51,刺网
4469,30.117553555555553,122.95316244444444,0.5,329.0,2017-10-31 04:30:51,刺网
4469,30.11772022222221,122.95321800000002,1.0,332.0,2017-10-31 04:40:51,刺网
4469,30.118136888888888,122.95294022222224,1.3,152.0,2017-10-31 04:50:51,刺网
4469,30.118664666666664,122.9529957777778,0.2,0.0,2017-10-31 05:00:52,刺网
4469,30.119164666666666,122.95310688888893,0.7,25.0,2017-10-31 05:10:51,刺网
4469,30.119275777777766,122.95305133333336,2.6,302.0,2017-10-31 05:20:51,刺网
4469,30.119748,122.95346799999999,1.6,254.0,2017-10-31 05:30:51,刺网
4469,30.12008133333333,122.953718,2.1,241.0,2017-10-31 05:40:51,刺网
4469,30.120275777777767,122.95391244444444,0.5,41.0,2017-10-31 05:50:51,刺网
4469,30.120247999999997,122.95410688888893,0.2,0.0,2017-10-31 06:00:53,刺网
4469,30.12044244444445,122.95416244444445,2.0,223.0,2017-10-31 06:10:50,刺网
4469,30.118664666666664,122.95613466666669,4.3,60.0,2017-10-31 06:20:50,刺网
4469,30.12466466666667,122.93113466666668,6.2,287.0,2017-10-31 06:30:50,刺网
4469,30.12697022222222,122.9251068888889,4.2,319.0,2017-10-31 06:40:50,刺网
4469,30.13010911111111,122.92555133333336,0.7,0.0,2017-10-31 06:50:50,刺网
4469,30.130025777777767,122.92557911111112,1.0,268.0,2017-10-31 07:00:57,刺网
4469,30.13010911111111,122.92580133333334,1.1,0.0,2017-10-31 07:10:50,刺网
4469,30.13008133333333,122.92580133333334,0.8,61.0,2017-10-31 07:20:50,刺网
4469,30.129748,122.92607911111112,1.1,0.0,2017-10-31 07:30:50,刺网
4469,30.12930355555556,122.92635688888888,0.9,0.0,2017-10-31 07:40:50,刺网
4469,30.128636888888888,122.92638466666668,1.2,0.0,2017-10-31 08:01:24,刺网
4469,30.128497999999997,122.92624577777778,0.3,0.0,2017-10-31 08:10:50,刺网
4469,30.128664666666666,122.9264957777778,0.4,0.0,2017-10-31 08:20:50,刺网
4469,30.128414666666664,122.92607911111112,2.1,0.0,2017-10-31 08:30:51,刺网
4469,30.129275777777767,122.92538466666667,0.7,0.0,2017-10-31 08:40:51,刺网
4469,30.129775777777766,122.92513466666668,1.4,14.0,2017-10-31 08:50:50,刺网
4469,30.12883133333333,122.92616244444444,0.4,0.0,2017-10-31 09:10:51,刺网
4469,30.128470222222226,122.92652355555555,0.7,0.0,2017-10-31 09:20:51,刺网
4469,30.128664666666666,122.92580133333334,2.0,17.0,2017-10-31 09:30:51,刺网
4469,30.12885911111111,122.925468,0.3,0.0,2017-10-31 09:40:51,刺网
4469,30.128636888888888,122.92538466666667,1.0,64.0,2017-10-31 09:50:51,刺网
4469,30.12797022222223,122.92560688888894,1.5,0.0,2017-10-31 10:00:55,刺网
4469,30.127498,122.92560688888894,0.8,0.0,2017-10-31 10:10:52,刺网
4469,30.12744244444445,122.92541244444445,0.5,0.0,2017-10-31 10:30:51,刺网
4469,30.12744244444445,122.92532911111113,0.3,0.0,2017-10-31 10:40:51,刺网
4469,30.12741466666667,122.92538466666667,0.2,0.0,2017-10-31 10:50:52,刺网
4469,30.12741466666667,122.92544022222224,0.4,334.0,2017-10-31 11:01:04,刺网
4469,30.12738688888889,122.925468,0.7,332.0,2017-10-31 11:10:50,刺网
4469,30.12741466666667,122.92549577777778,1.2,250.0,2017-10-31 11:20:50,刺网
4469,30.12741466666667,122.92560688888894,1.1,96.0,2017-10-31 11:30:50,刺网
4469,30.12738688888889,122.92535688888893,0.6,231.0,2017-10-31 11:40:50,刺网
4469,30.12741466666667,122.92563466666668,0.9,204.0,2017-10-31 11:50:50,刺网
4469,30.12738688888889,122.925468,1.1,0.0,2017-10-31 12:00:53,刺网
4469,30.12741466666667,122.92569022222223,0.6,255.0,2017-10-31 12:11:03,刺网
4469,30.12741466666667,122.92560688888894,0.3,0.0,2017-10-31 12:20:50,刺网
4469,30.12738688888889,122.92552355555556,1.0,241.0,2017-10-31 12:30:50,刺网
4469,30.12738688888889,122.92535688888893,0.8,164.0,2017-10-31 12:40:50,刺网
4469,30.12738688888889,122.92538466666667,0.9,9.0,2017-10-31 12:50:50,刺网
4469,30.12738688888889,122.92541244444445,0.3,0.0,2017-10-31 13:00:52,刺网
4469,30.12738688888889,122.92544022222224,0.1,0.0,2017-10-31 13:10:50,刺网
4469,30.12738688888889,122.92552355555556,0.5,151.0,2017-10-31 13:20:50,刺网
4469,30.12735911111111,122.925468,0.3,0.0,2017-10-31 13:30:50,刺网
4469,30.12733133333333,122.92538466666667,0.3,0.0,2017-10-31 13:40:50,刺网
4469,30.12735911111111,122.92549577777778,1.2,233.0,2017-10-31 13:50:49,刺网
4469,30.12735911111111,122.925468,0.2,0.0,2017-10-31 14:00:53,刺网
4469,30.12735911111111,122.92532911111113,0.5,0.0,2017-10-31 14:11:51,刺网
4469,30.12733133333333,122.92538466666667,0.3,0.0,2017-10-31 14:20:51,刺网
4469,30.12738688888889,122.92535688888893,0.2,0.0,2017-10-31 14:31:02,刺网
4469,30.12741466666667,122.92516244444448,1.2,101.0,2017-10-31 14:40:49,刺网
4469,30.12741466666667,122.92516244444448,0.6,0.0,2017-10-31 14:50:50,刺网
4469,30.12744244444445,122.92513466666668,0.3,0.0,2017-10-31 15:00:53,刺网
4469,30.12741466666667,122.92513466666668,1.0,50.0,2017-10-31 15:10:50,刺网
4469,30.12744244444445,122.92505133333334,1.6,265.0,2017-10-31 15:20:50,刺网
4469,30.12744244444445,122.92505133333334,0.8,304.0,2017-10-31 15:30:50,刺网
4469,30.127470222222207,122.92499577777781,0.8,232.0,2017-10-31 15:40:49,刺网
4469,30.12744244444445,122.92502355555555,0.8,5.0,2017-10-31 15:50:49,刺网
4469,30.127470222222207,122.9247457777778,0.3,0.0,2017-10-31 16:10:49,刺网
4469,30.12741466666667,122.92480133333332,0.2,0.0,2017-10-31 16:20:49,刺网
4469,30.12758133333333,122.92446800000002,0.1,0.0,2017-10-31 16:30:49,刺网
4469,30.127609111111113,122.92441244444444,0.6,315.0,2017-10-31 16:40:49,刺网
4469,30.12766466666667,122.92432911111112,0.4,0.0,2017-10-31 16:50:49,刺网
4469,30.12766466666667,122.92430133333336,0.2,0.0,2017-10-31 17:00:55,刺网
4469,30.127636888888887,122.92432911111112,0.3,0.0,2017-10-31 17:10:48,刺网
4469,30.12780355555555,122.924218,0.7,26.0,2017-10-31 17:20:49,刺网
4469,30.12794244444445,122.92405133333335,0.2,0.0,2017-10-31 17:30:49,刺网
4469,30.127886888888888,122.92407911111113,0.5,208.0,2017-10-31 17:40:49,刺网
4469,30.12808133333333,122.92394022222223,0.4,0.0,2017-10-31 17:50:49,刺网
4469,30.128220222222208,122.92388466666668,1.1,156.0,2017-10-31 18:00:56,刺网
4469,30.128275777777766,122.92391244444444,0.4,0.0,2017-10-31 18:11:21,刺网
4469,30.128303555555554,122.92391244444444,0.3,0.0,2017-10-31 18:20:52,刺网
4469,30.12855355555555,122.92388466666668,1.7,141.0,2017-10-31 18:30:50,刺网
4469,30.128775777777786,122.92388466666668,0.1,0.0,2017-10-31 18:40:49,刺网
4469,30.12891466666667,122.92388466666668,0.0,0.0,2017-10-31 18:51:02,刺网
4469,30.12891466666667,122.92391244444444,1.2,227.0,2017-10-31 19:00:52,刺网
4469,30.12883133333333,122.92380133333334,0.7,188.0,2017-10-31 19:10:49,刺网
4469,30.128747999999998,122.92382911111113,0.2,0.0,2017-10-31 19:20:48,刺网
4469,30.12883133333333,122.9239957777778,0.2,0.0,2017-10-31 19:30:49,刺网
4469,30.12872022222221,122.92385688888888,0.3,0.0,2017-10-31 19:40:48,刺网
4469,30.128525777777767,122.92391244444444,0.4,153.0,2017-10-31 19:50:49,刺网
4469,30.12855355555555,122.92377355555556,0.9,318.0,2017-10-31 20:00:54,刺网
4469,30.12869244444445,122.92391244444444,0.6,244.0,2017-10-31 20:10:49,刺网
4469,30.12885911111111,122.92374577777778,0.2,0.0,2017-10-31 20:20:50,刺网
4469,30.128970222222208,122.92394022222223,0.8,225.0,2017-10-31 20:30:48,刺网
4469,30.12885911111111,122.92385688888888,0.4,0.0,2017-10-31 20:40:49,刺网
4469,30.128414666666664,122.92377355555556,1.3,22.0,2017-10-31 21:00:52,刺网
4469,30.12819244444445,122.92382911111113,0.3,0.0,2017-10-31 21:10:50,刺网
4469,30.12810911111111,122.923718,0.2,0.0,2017-10-31 21:20:49,刺网
4469,30.12783133333333,122.92419022222224,0.6,149.0,2017-10-31 21:31:03,刺网
4469,30.12785911111111,122.92413466666667,0.8,349.0,2017-10-31 21:40:47,刺网
4469,30.12780355555555,122.924218,0.5,315.0,2017-10-31 21:50:48,刺网
4469,30.127609111111113,122.92452355555555,0.9,198.0,2017-10-31 22:00:56,刺网
4469,30.127498,122.92477355555555,0.4,0.0,2017-10-31 22:10:47,刺网
4469,30.12741466666667,122.92535688888893,0.2,0.0,2017-10-31 22:20:47,刺网
4469,30.127525777777766,122.92585688888893,1.0,266.0,2017-10-31 22:30:48,刺网
4469,30.127498,122.92585688888893,0.1,0.0,2017-10-31 22:40:47,刺网
4469,30.127525777777766,122.9259957777778,0.6,307.0,2017-10-31 22:50:48,刺网
4469,30.127525777777766,122.92605133333336,0.2,0.0,2017-10-31 23:00:51,刺网
4469,30.127553555555554,122.92610688888894,0.1,0.0,2017-10-31 23:10:48,刺网
4469,30.127470222222207,122.92591244444445,0.2,0.0,2017-10-31 23:20:48,刺网
4469,30.12744244444445,122.92585688888893,0.4,233.0,2017-10-31 23:30:47,刺网
4469,30.12744244444445,122.92588466666668,0.2,0.0,2017-10-31 23:40:47,刺网
4469,30.12741466666667,122.92585688888893,1.3,297.0,2017-10-31 23:50:48,刺网
4469,30.12744244444445,122.92588466666668,0.7,54.0,2017-11-01 00:01:04,刺网
4469,30.12744244444445,122.92588466666668,0.9,64.0,2017-11-01 00:10:48,刺网
4469,30.12738688888889,122.92580133333334,1.2,256.0,2017-11-01 00:20:48,刺网
4469,30.12738688888889,122.92577355555555,0.0,0.0,2017-11-01 00:30:48,刺网
4469,30.12741466666667,122.92571800000002,0.8,26.0,2017-11-01 00:40:48,刺网
4469,30.12738688888889,122.9257457777778,0.3,0.0,2017-11-01 00:50:47,刺网
4469,30.12741466666667,122.92571800000002,0.8,75.0,2017-11-01 01:00:51,刺网
4469,30.12741466666667,122.925968,0.7,78.0,2017-11-01 01:10:46,刺网
4469,30.12735911111111,122.92569022222223,0.3,0.0,2017-11-01 01:20:46,刺网
4469,30.12738688888889,122.92563466666668,0.3,0.0,2017-11-01 01:30:47,刺网
4469,30.12735911111111,122.92557911111112,0.1,0.0,2017-11-01 01:40:46,刺网
4469,30.12735911111111,122.92557911111112,1.7,298.0,2017-11-01 01:50:46,刺网
4469,30.127303555555553,122.92555133333336,0.4,0.0,2017-11-01 02:00:51,刺网
4469,30.12719244444445,122.92560688888894,0.4,0.0,2017-11-01 02:10:55,刺网
4469,30.12741466666667,122.92563466666668,0.4,0.0,2017-11-01 02:30:49,刺网
4469,30.127248,122.92563466666668,0.4,0.0,2017-11-01 02:40:47,刺网
4469,30.12727577777777,122.92566244444444,0.9,0.0,2017-11-01 02:50:46,刺网
4469,30.127248,122.92557911111112,1.1,0.0,2017-11-01 03:00:50,刺网
4469,30.127303555555553,122.925468,2.2,154.0,2017-11-01 03:10:46,刺网
4469,30.12733133333333,122.92555133333336,0.2,0.0,2017-11-01 03:20:46,刺网
4469,30.127303555555553,122.92552355555556,0.5,0.0,2017-11-01 03:30:46,刺网
4469,30.12733133333333,122.925468,0.3,0.0,2017-11-01 03:40:50,刺网
4469,30.12733133333333,122.92541244444445,0.1,0.0,2017-11-01 03:51:03,刺网
4469,30.12738688888889,122.92538466666667,0.4,0.0,2017-11-01 04:00:50,刺网
4469,30.12738688888889,122.92541244444445,0.0,0.0,2017-11-01 04:10:46,刺网
4469,30.12738688888889,122.92530133333337,0.5,0.0,2017-11-01 04:20:46,刺网
4469,30.12738688888889,122.9252457777778,0.2,0.0,2017-11-01 04:30:47,刺网
4469,30.12741466666667,122.92519022222223,0.8,237.0,2017-11-01 04:40:46,刺网
4469,30.12738688888889,122.9251068888889,0.2,0.0,2017-11-01 04:50:46,刺网
4469,30.12738688888889,122.92513466666668,0.4,0.0,2017-11-01 05:00:50,刺网
4469,30.12733133333333,122.92513466666668,0.6,272.0,2017-11-01 05:10:47,刺网
4469,30.12741466666667,122.9251068888889,0.1,0.0,2017-11-01 05:20:47,刺网
4469,30.12741466666667,122.92507911111113,1.1,261.0,2017-11-01 05:30:47,刺网
4469,30.12735911111111,122.92505133333334,0.1,0.0,2017-11-01 05:40:46,刺网
4469,30.12741466666667,122.92494022222223,0.2,0.0,2017-11-01 05:50:46,刺网
4469,30.12744244444445,122.92477355555555,0.3,0.0,2017-11-01 06:01:03,刺网
4469,30.12744244444445,122.92482911111112,0.6,252.0,2017-11-01 06:10:45,刺网
4469,30.127498,122.9247457777778,0.2,0.0,2017-11-01 06:20:45,刺网
4469,30.12758133333333,122.92455133333334,0.4,0.0,2017-11-01 06:30:46,刺网
4469,30.127553555555554,122.92452355555555,0.1,0.0,2017-11-01 06:40:45,刺网
4469,30.127609111111113,122.92460688888893,1.0,277.0,2017-11-01 06:50:46,刺网
4469,30.12766466666667,122.92446800000002,1.1,283.0,2017-11-01 07:00:51,刺网
4469,30.127692444444445,122.92444022222223,0.2,0.0,2017-11-01 07:10:46,刺网
4469,30.12885911111111,122.92521800000002,1.9,137.0,2017-11-01 07:20:45,刺网
4469,30.10152577777778,122.92191244444444,10.7,196.0,2017-11-01 07:30:46,刺网
4469,30.090470222222233,122.9107457777778,1.7,243.0,2017-11-01 07:40:45,刺网
4469,30.08658133333333,122.91035688888893,8.7,197.0,2017-11-01 07:50:45,刺网
4469,30.07447022222221,122.91063466666668,1.0,21.0,2017-11-01 08:00:50,刺网
4469,30.074553555555553,122.90927355555556,0.5,0.0,2017-11-01 08:10:45,刺网
4469,30.07283133333333,122.91605133333334,1.3,86.0,2017-11-01 08:20:45,刺网
4469,30.071803555555555,122.91607911111113,0.6,217.0,2017-11-01 08:30:47,刺网
4469,30.06985911111111,122.9139957777778,0.4,0.0,2017-11-01 08:40:46,刺网
4469,30.068164666666664,122.91188466666668,1.0,227.0,2017-11-01 08:50:46,刺网
4469,30.06635911111111,122.90960688888893,0.8,220.0,2017-11-01 09:00:49,刺网
4469,30.06441466666667,122.90741244444445,0.8,0.0,2017-11-01 09:10:47,刺网
4469,30.06263688888889,122.90494022222224,0.8,235.0,2017-11-01 09:20:57,刺网
4469,30.06094244444445,122.90280133333334,0.6,0.0,2017-11-01 09:30:54,刺网
4469,30.058914666666666,122.90030133333336,1.0,221.0,2017-11-01 09:41:04,刺网
4469,30.056859111111113,122.89805133333336,0.9,212.0,2017-11-01 09:50:46,刺网
4469,30.054275777777768,122.89613466666668,1.1,198.0,2017-11-01 10:00:50,刺网
4469,30.051275777777786,122.89452355555555,1.5,216.0,2017-11-01 10:10:46,刺网
4469,30.047998,122.89316244444444,1.9,216.0,2017-11-01 10:20:46,刺网
4469,30.044803555555553,122.89191244444444,1.0,190.0,2017-11-01 10:30:46,刺网
4469,30.04563688888889,122.89169022222224,6.7,336.0,2017-11-01 10:40:46,刺网
4469,30.06835911111111,122.88299577777778,8.5,343.0,2017-11-01 10:50:45,刺网
4469,30.08797022222221,122.86649577777777,9.0,323.0,2017-11-01 11:00:48,刺网
4469,30.10591466666667,122.85663466666666,1.8,356.0,2017-11-01 11:10:45,刺网
4469,30.105998000000003,122.87821799999999,10.0,102.0,2017-11-01 11:20:45,刺网
4469,30.107775777777785,122.90813466666668,9.3,78.0,2017-11-01 11:30:45,刺网
4469,30.11080355555556,122.93702355555556,7.9,101.0,2017-11-01 11:40:45,刺网
4469,30.109997999999997,122.94052355555556,1.0,233.0,2017-11-01 11:50:46,刺网
4469,30.109997999999997,122.94041244444445,0.0,0.0,2017-11-01 12:01:04,刺网
4469,30.109997999999997,122.94049577777778,0.0,0.0,2017-11-01 12:10:45,刺网
4469,30.109997999999997,122.94038466666667,0.5,235.0,2017-11-01 12:20:46,刺网
4469,30.109997999999997,122.94038466666667,0.1,0.0,2017-11-01 12:30:45,刺网
4469,30.109997999999997,122.94041244444445,1.1,235.0,2017-11-01 12:40:45,刺网
4469,30.109997999999997,122.940468,0.2,0.0,2017-11-01 12:50:46,刺网
4469,30.109970222222234,122.9402457777778,0.2,0.0,2017-11-01 13:00:49,刺网
4469,30.109942444444453,122.94044022222224,0.1,0.0,2017-11-01 13:10:46,刺网
4469,30.109942444444453,122.94030133333335,0.2,0.0,2017-11-01 13:20:46,刺网
4469,30.109970222222234,122.9402457777778,0.8,31.0,2017-11-01 13:30:45,刺网
4469,30.109970222222234,122.94035688888893,0.0,0.0,2017-11-01 13:40:46,刺网
4469,30.109970222222234,122.94035688888893,0.1,0.0,2017-11-01 13:50:46,刺网
4469,30.109997999999997,122.94032911111113,0.7,182.0,2017-11-01 14:00:49,刺网
4469,30.109997999999997,122.9402457777778,0.2,0.0,2017-11-01 14:10:45,刺网
4469,30.109970222222234,122.94027355555558,0.3,0.0,2017-11-01 14:20:45,刺网
4469,30.109970222222234,122.94021800000002,0.7,198.0,2017-11-01 14:30:45,刺网
4469,30.109970222222234,122.94021800000002,0.3,0.0,2017-11-01 14:40:45,刺网
4469,30.110025777777786,122.94016244444448,0.6,165.0,2017-11-01 14:50:46,刺网
4469,30.109997999999997,122.94007911111113,0.5,0.0,2017-11-01 15:00:48,刺网
4469,30.110025777777786,122.94005133333334,1.6,155.0,2017-11-01 15:10:45,刺网
4469,30.11013688888889,122.93982911111112,0.5,0.0,2017-11-01 15:20:45,刺网
4469,30.11005355555556,122.93982911111112,0.3,0.0,2017-11-01 15:30:46,刺网
4469,30.109997999999997,122.93969022222224,0.6,0.0,2017-11-01 15:40:46,刺网
4469,30.110025777777786,122.93949577777781,0.5,0.0,2017-11-01 15:51:12,刺网
4469,30.11008133333333,122.93946799999999,0.1,0.0,2017-11-01 16:01:06,刺网
4469,30.11022022222221,122.93927355555556,0.7,326.0,2017-11-01 16:10:45,刺网
4469,30.110442444444452,122.93896799999999,0.9,0.0,2017-11-01 16:20:45,刺网
4469,30.110498,122.93891244444444,0.0,0.0,2017-11-01 16:30:45,刺网
4469,30.110525777777767,122.93894022222223,0.6,0.0,2017-11-01 16:40:43,刺网
4469,30.110664666666665,122.93880133333334,0.5,0.0,2017-11-01 16:50:44,刺网
4469,30.110914666666666,122.93869022222222,0.2,0.0,2017-11-01 17:00:45,刺网
4469,30.111109111111112,122.93866244444445,0.3,0.0,2017-11-01 17:10:45,刺网
4469,30.11133133333333,122.93869022222222,0.7,0.0,2017-11-01 17:20:45,刺网
4469,30.11163688888889,122.93863466666667,0.4,0.0,2017-11-01 17:30:43,刺网
4469,30.112025777777767,122.93874577777778,0.0,0.0,2017-11-01 17:50:44,刺网
4469,30.111803555555557,122.93860688888893,0.4,0.0,2017-11-01 18:00:49,刺网
4469,30.11188688888889,122.93874577777778,0.6,0.0,2017-11-01 18:10:45,刺网
4469,30.112053555555555,122.93869022222222,0.7,211.0,2017-11-01 18:20:44,刺网
4469,30.111859111111112,122.93866244444445,0.4,0.0,2017-11-01 18:30:44,刺网
4469,30.111970222222233,122.93869022222222,0.5,0.0,2017-11-01 18:40:44,刺网
4469,30.11233133333333,122.93888466666668,0.7,6.0,2017-11-01 18:51:03,刺网
4469,30.11238688888889,122.93896799999999,0.0,0.0,2017-11-01 19:00:50,刺网
4469,30.11235911111111,122.93894022222223,0.6,259.0,2017-11-01 19:10:45,刺网
4469,30.11244244444445,122.93902355555555,0.5,0.0,2017-11-01 19:20:44,刺网
4469,30.112553555555554,122.93919022222224,0.1,0.0,2017-11-01 19:30:44,刺网
4469,30.11244244444445,122.93907911111113,0.0,0.0,2017-11-01 19:40:44,刺网
4469,30.11263688888889,122.93932911111112,0.1,0.0,2017-11-01 19:50:44,刺网
4469,30.112553555555554,122.93919022222224,0.0,0.0,2017-11-01 20:00:45,刺网
4469,30.112525777777766,122.939218,0.3,0.0,2017-11-01 20:10:45,刺网
4469,30.112748,122.93944022222223,1.0,60.0,2017-11-01 20:20:45,刺网
4469,30.112498,122.93916244444445,0.5,0.0,2017-11-01 20:40:43,刺网
4469,30.11244244444445,122.939218,0.3,0.0,2017-11-01 20:50:43,刺网
4469,30.112525777777766,122.93927355555556,0.1,0.0,2017-11-01 21:01:07,刺网
4469,30.11247022222221,122.93924577777778,0.0,0.0,2017-11-01 21:10:43,刺网
4469,30.11235911111111,122.93913466666667,0.2,0.0,2017-11-01 21:20:43,刺网
4469,30.11235911111111,122.93916244444445,0.1,0.0,2017-11-01 21:30:44,刺网
4469,30.11230355555556,122.93913466666667,0.4,0.0,2017-11-01 21:40:44,刺网
4469,30.11244244444445,122.93924577777778,0.1,0.0,2017-11-01 21:50:43,刺网
4469,30.112247999999997,122.93938466666668,0.4,0.0,2017-11-01 22:00:44,刺网
4469,30.11188688888889,122.93927355555556,0.3,0.0,2017-11-01 22:10:44,刺网
4469,30.11169244444445,122.93963466666668,1.0,143.0,2017-11-01 22:20:43,刺网
4469,30.11102577777779,122.94007911111113,0.7,144.0,2017-11-01 22:30:44,刺网
4469,30.110720222222234,122.94055133333336,0.5,66.0,2017-11-01 22:40:43,刺网
4469,30.110553555555555,122.9414957777778,0.6,203.0,2017-11-01 22:50:43,刺网
4469,30.110442444444452,122.94107911111112,0.5,202.0,2017-11-01 23:00:44,刺网
4469,30.110498,122.94127355555555,0.2,0.0,2017-11-01 23:10:43,刺网
4469,30.110609111111113,122.94141244444445,0.1,0.0,2017-11-01 23:20:42,刺网
4469,30.110470222222233,122.94141244444445,0.1,0.0,2017-11-01 23:30:44,刺网
4469,30.110359111111112,122.94130133333334,0.1,0.0,2017-11-01 23:40:43,刺网
4469,30.110303555555554,122.94119022222223,0.7,0.0,2017-11-01 23:50:45,刺网
4469,30.110303555555554,122.94119022222223,0.2,0.0,2017-11-02 00:01:05,刺网
4469,30.11019244444445,122.94105133333336,0.2,0.0,2017-11-02 00:10:43,刺网
4469,30.11019244444445,122.94102355555556,0.0,0.0,2017-11-02 00:20:43,刺网
4469,30.11016466666667,122.9409957777778,0.6,0.0,2017-11-02 00:30:48,刺网
4469,30.11010911111111,122.94091244444445,0.3,0.0,2017-11-02 00:40:43,刺网
4469,30.11010911111111,122.94088466666668,0.2,0.0,2017-11-02 00:50:43,刺网
4469,30.11010911111111,122.94080133333334,0.3,0.0,2017-11-02 01:00:44,刺网
4469,30.11005355555556,122.94071800000002,0.8,18.0,2017-11-02 01:10:46,刺网
4469,30.11010911111111,122.94085688888893,0.4,215.0,2017-11-02 01:20:42,刺网
4469,30.11008133333333,122.94080133333334,0.8,56.0,2017-11-02 01:30:42,刺网
4469,30.11008133333333,122.94071800000002,0.2,0.0,2017-11-02 01:40:42,刺网
4469,30.109997999999997,122.94063466666668,0.3,0.0,2017-11-02 01:50:42,刺网
4469,30.11005355555556,122.94060688888894,0.4,0.0,2017-11-02 02:00:43,刺网
4469,30.110025777777786,122.94060688888894,0.2,0.0,2017-11-02 02:10:42,刺网
4469,30.109997999999997,122.940468,0.6,0.0,2017-11-02 02:20:42,刺网
4469,30.109997999999997,122.94035688888893,0.4,0.0,2017-11-02 02:30:44,刺网
4469,30.109886888888887,122.94027355555558,0.7,0.0,2017-11-02 02:40:43,刺网
4469,30.109886888888887,122.94030133333335,0.3,0.0,2017-11-02 02:50:43,刺网
4469,30.109997999999997,122.94021800000002,0.7,0.0,2017-11-02 03:00:42,刺网
4469,30.110025777777786,122.9402457777778,0.2,0.0,2017-11-02 03:10:41,刺网
4469,30.109997999999997,122.94027355555558,0.5,0.0,2017-11-02 03:20:41,刺网
4469,30.110025777777786,122.9401068888889,0.7,0.0,2017-11-02 03:30:44,刺网
4469,30.109997999999997,122.94013466666668,0.6,166.0,2017-11-02 03:40:41,刺网
4469,30.109997999999997,122.94021800000002,0.8,0.0,2017-11-02 03:50:49,刺网
4469,30.110025777777786,122.94007911111113,0.4,0.0,2017-11-02 04:01:04,刺网
4469,30.11005355555556,122.94005133333334,0.3,0.0,2017-11-02 04:10:42,刺网
4469,30.110025777777786,122.94007911111113,0.0,0.0,2017-11-02 04:20:41,刺网
4469,30.109997999999997,122.94002355555556,0.7,0.0,2017-11-02 04:30:42,刺网
4469,30.11005355555556,122.93994022222223,0.1,0.0,2017-11-02 04:40:42,刺网
4469,30.11005355555556,122.93988466666669,0.0,0.0,2017-11-02 04:50:42,刺网
4469,30.11010911111111,122.939718,0.2,0.0,2017-11-02 05:00:43,刺网
4469,30.11016466666667,122.93955133333334,0.3,0.0,2017-11-02 05:10:43,刺网
4469,30.110359111111112,122.939218,0.2,0.0,2017-11-02 05:20:42,刺网
4469,30.110442444444452,122.93910688888893,0.6,200.0,2017-11-02 05:30:42,刺网
4469,30.110470222222233,122.93910688888893,0.1,0.0,2017-11-02 05:40:42,刺网
4469,30.110525777777767,122.93905133333335,1.0,83.0,2017-11-02 05:50:41,刺网
4469,30.110498,122.93905133333335,0.9,252.0,2017-11-02 06:00:42,刺网
4469,30.110498,122.93907911111113,0.9,265.0,2017-11-02 06:10:41,刺网
4469,30.110498,122.93910688888893,1.0,249.0,2017-11-02 06:20:41,刺网
4469,30.110470222222233,122.93919022222224,0.1,0.0,2017-11-02 06:30:41,刺网
4469,30.110664666666665,122.93905133333335,1.3,266.0,2017-11-02 06:40:41,刺网
4469,30.110747999999997,122.93902355555555,0.1,0.0,2017-11-02 06:50:54,刺网
4469,30.11085911111111,122.93902355555555,0.4,0.0,2017-11-02 07:00:42,刺网
4469,30.11097022222223,122.93902355555555,0.2,0.0,2017-11-02 07:10:42,刺网
4469,30.110998,122.93894022222223,0.4,0.0,2017-11-02 07:20:42,刺网
4469,30.11108133333333,122.93902355555555,0.3,0.0,2017-11-02 07:30:47,刺网
4469,30.11108133333333,122.93882911111113,0.5,0.0,2017-11-02 07:40:42,刺网
4469,30.111053555555557,122.93907911111113,0.3,0.0,2017-11-02 07:50:43,刺网
4469,30.11127577777778,122.93888466666668,0.6,220.0,2017-11-02 08:10:40,刺网
4469,30.111359111111113,122.93896799999999,0.1,0.0,2017-11-02 08:20:41,刺网
4469,30.11116466666667,122.93877355555556,0.2,0.0,2017-11-02 08:30:40,刺网
4469,30.11130355555556,122.93896799999999,0.1,0.0,2017-11-02 08:40:41,刺网
4469,30.111414666666665,122.93957911111113,2.0,55.0,2017-11-02 08:50:41,刺网
4469,30.111664666666666,122.94694022222224,4.8,107.0,2017-11-02 09:00:42,刺网
4469,30.11533133333333,122.96282911111112,8.3,58.0,2017-11-02 09:10:42,刺网
4469,30.126498,122.98646799999999,8.3,66.0,2017-11-02 09:20:41,刺网
4469,30.12802577777777,122.99088466666667,0.5,0.0,2017-11-02 09:30:42,刺网
4469,30.127886888888888,122.99041244444444,0.5,0.0,2017-11-02 09:40:41,刺网
4469,30.127747999999997,122.99077355555555,0.3,0.0,2017-11-02 09:50:41,刺网
4469,30.12741466666667,122.99102355555556,0.3,0.0,2017-11-02 10:00:42,刺网
4469,30.127248,122.99155133333336,0.9,0.0,2017-11-02 10:10:49,刺网
4469,30.12738688888889,122.991968,0.3,0.0,2017-11-02 10:20:41,刺网
4469,30.127525777777766,122.99227355555556,0.2,0.0,2017-11-02 10:30:41,刺网
4469,30.12722022222221,122.99177355555555,0.7,23.0,2017-11-02 10:40:39,刺网
4469,30.127248,122.99155133333336,1.2,112.0,2017-11-02 10:50:40,刺网
4469,30.127303555555553,122.99202355555555,0.1,0.0,2017-11-02 11:00:41,刺网
4469,30.127303555555553,122.99219022222222,0.2,0.0,2017-11-02 11:10:41,刺网
4469,30.12735911111111,122.992218,0.3,0.0,2017-11-02 11:20:40,刺网
4469,30.12733133333333,122.99241244444444,0.7,0.0,2017-11-02 11:30:41,刺网
4469,30.12727577777777,122.99219022222222,0.1,0.0,2017-11-02 11:40:39,刺网
4469,30.12727577777777,122.99219022222222,0.3,0.0,2017-11-02 11:50:45,刺网
4469,30.127248,122.99216244444445,0.0,0.0,2017-11-02 12:01:04,刺网
4469,30.12727577777777,122.99216244444445,0.0,0.0,2017-11-02 12:20:40,刺网
4469,30.127248,122.99207911111112,0.0,0.0,2017-11-02 12:30:41,刺网
4469,30.12722022222221,122.99207911111112,0.6,29.0,2017-11-02 12:40:41,刺网
4469,30.12719244444445,122.99207911111112,0.7,0.0,2017-11-02 12:50:41,刺网
4469,30.127164666666665,122.99202355555555,0.7,19.0,2017-11-02 13:00:41,刺网
4469,30.12719244444445,122.99202355555555,0.3,0.0,2017-11-02 13:10:41,刺网
4469,30.127164666666665,122.99194022222223,1.1,180.0,2017-11-02 13:20:41,刺网
4469,30.127136888888888,122.99191244444445,0.1,0.0,2017-11-02 13:30:41,刺网
4469,30.127136888888888,122.99182911111113,0.7,299.0,2017-11-02 13:40:41,刺网
4469,30.127164666666665,122.99180133333334,0.3,0.0,2017-11-02 13:50:41,刺网
4469,30.127136888888888,122.99171799999999,0.6,100.0,2017-11-02 14:00:41,刺网
4469,30.127136888888888,122.99174577777778,0.7,0.0,2017-11-02 14:10:41,刺网
4469,30.127164666666665,122.99174577777778,0.3,0.0,2017-11-02 14:20:41,刺网
4469,30.127136888888888,122.99157911111112,1.9,29.0,2017-11-02 14:30:41,刺网
4469,30.12710911111111,122.99132911111113,0.1,0.0,2017-11-02 14:40:42,刺网
4469,30.12705355555555,122.99138466666668,0.1,0.0,2017-11-02 14:50:44,刺网
4469,30.12735911111111,122.9912457777778,0.1,0.0,2017-11-02 15:00:45,刺网
4469,30.127136888888888,122.99121799999999,0.3,0.0,2017-11-02 15:10:42,刺网
4469,30.12708133333333,122.990968,0.5,0.0,2017-11-02 15:20:45,刺网
4469,30.12710911111111,122.99127355555555,0.4,0.0,2017-11-02 15:30:42,刺网
4469,30.12710911111111,122.99102355555556,1.2,0.0,2017-11-02 15:40:42,刺网
4469,30.127248,122.99113466666668,0.9,0.0,2017-11-02 15:50:40,刺网
4469,30.126886888888887,122.99102355555556,1.2,0.0,2017-11-02 16:01:37,刺网
4469,30.127525777777766,122.99080133333334,0.6,0.0,2017-11-02 16:10:45,刺网
4469,30.12738688888889,122.9907457777778,0.0,0.0,2017-11-02 16:20:40,刺网
4469,30.127525777777766,122.99052355555555,0.3,0.0,2017-11-02 16:30:40,刺网
4469,30.127525777777766,122.99044022222223,0.4,0.0,2017-11-02 16:40:40,刺网
4469,30.127609111111113,122.99035688888893,1.1,240.0,2017-11-02 16:50:39,刺网
4469,30.127636888888887,122.99032911111112,0.4,0.0,2017-11-02 17:00:40,刺网
4469,30.127720222222226,122.990218,0.3,0.0,2017-11-02 17:10:40,刺网
4469,30.12783133333333,122.99019022222224,0.3,0.0,2017-11-02 17:20:40,刺网
4469,30.12813688888889,122.9899957777778,0.1,0.0,2017-11-02 17:30:41,刺网
4469,30.128248,122.98996799999999,1.2,144.0,2017-11-02 17:41:04,刺网
4469,30.12813688888889,122.9899957777778,0.5,244.0,2017-11-02 17:50:39,刺网
4469,30.128414666666664,122.98994022222223,0.3,0.0,2017-11-02 18:00:41,刺网
4469,30.128525777777767,122.98991244444444,0.4,0.0,2017-11-02 18:10:50,刺网
4469,30.128803555555557,122.98994022222223,0.4,0.0,2017-11-02 18:20:39,刺网
4469,30.129081333333332,122.9899957777778,0.1,0.0,2017-11-02 18:30:40,刺网
4469,30.129109111111113,122.99002355555555,0.7,116.0,2017-11-02 18:40:39,刺网
4469,30.129275777777767,122.99010688888893,0.8,346.0,2017-11-02 18:50:40,刺网
4469,30.12933133333333,122.99019022222224,0.0,0.0,2017-11-02 19:00:39,刺网
4469,30.12947022222221,122.99027355555558,0.4,0.0,2017-11-02 19:10:40,刺网
4469,30.129553555555553,122.99032911111112,1.1,0.0,2017-11-02 19:20:40,刺网
4469,30.12960911111111,122.99041244444444,0.6,14.0,2017-11-02 19:30:40,刺网
4469,30.129720222222232,122.99060688888888,0.5,272.0,2017-11-02 19:40:39,刺网
4469,30.129775777777766,122.99071800000002,0.5,0.0,2017-11-02 19:50:39,刺网
4469,30.129831333333332,122.9907457777778,0.4,0.0,2017-11-02 20:01:12,刺网
4469,30.12991466666667,122.99091244444445,0.1,0.0,2017-11-02 20:10:38,刺网
4469,30.129970222222234,122.99099577777781,0.6,357.0,2017-11-02 20:20:38,刺网
4469,30.129942444444445,122.99107911111112,1.0,271.0,2017-11-02 20:30:38,刺网
4469,30.129970222222234,122.99116244444444,0.2,0.0,2017-11-02 20:40:38,刺网
4469,30.130025777777767,122.99130133333334,0.2,0.0,2017-11-02 20:50:39,刺网
4469,30.129997999999997,122.99127355555555,0.2,0.0,2017-11-02 21:00:39,刺网
4469,30.130025777777767,122.99138466666668,0.4,0.0,2017-11-02 21:10:39,刺网
4469,30.130025777777767,122.99152355555556,0.1,0.0,2017-11-02 21:20:39,刺网
4469,30.129970222222234,122.99160688888892,0.5,0.0,2017-11-02 21:30:39,刺网
4469,30.130025777777767,122.99174577777778,0.6,359.0,2017-11-02 21:40:39,刺网
4469,30.129970222222234,122.99188466666668,0.4,0.0,2017-11-02 21:50:39,刺网
4469,30.129970222222234,122.9919957777778,0.4,0.0,2017-11-02 22:00:39,刺网
4469,30.129970222222234,122.991968,0.5,104.0,2017-11-02 22:10:39,刺网
4469,30.129859111111113,122.99232911111113,0.4,0.0,2017-11-02 22:20:39,刺网
4469,30.129886888888887,122.99230133333332,0.5,356.0,2017-11-02 22:30:40,刺网
4469,30.129803555555554,122.99246799999999,1.0,37.0,2017-11-02 22:40:39,刺网
4469,30.12969244444445,122.99266244444445,0.3,240.0,2017-11-02 22:50:38,刺网
4469,30.12963688888889,122.99274577777778,0.9,120.0,2017-11-02 23:00:39,刺网
4469,30.12958133333333,122.99285688888894,1.9,104.0,2017-11-02 23:10:39,刺网
4469,30.12933133333333,122.99296799999999,0.0,0.0,2017-11-02 23:20:39,刺网
4469,30.129081333333332,122.99313466666666,0.3,0.0,2017-11-02 23:30:39,刺网
4469,30.12883133333333,122.993218,0.3,0.0,2017-11-02 23:40:38,刺网
4469,30.128248,122.9931902222222,0.6,183.0,2017-11-02 23:51:03,刺网
4469,30.12785911111111,122.99302355555555,0.1,0.0,2017-11-03 00:00:39,刺网
4469,30.12758133333333,122.99274577777778,0.2,0.0,2017-11-03 00:10:38,刺网
4469,30.127470222222207,122.99255133333334,0.2,0.0,2017-11-03 00:20:38,刺网
4469,30.12741466666667,122.99255133333334,0.5,0.0,2017-11-03 00:30:38,刺网
4469,30.12741466666667,122.99252355555555,0.3,0.0,2017-11-03 00:40:37,刺网
4469,30.12735911111111,122.99238466666668,0.7,124.0,2017-11-03 00:50:38,刺网
4469,30.12733133333333,122.99238466666668,1.3,162.0,2017-11-03 01:00:38,刺网
4469,30.12727577777777,122.99235688888888,0.2,0.0,2017-11-03 01:10:38,刺网
4469,30.12727577777777,122.99232911111113,0.7,349.0,2017-11-03 01:20:37,刺网
4469,30.127248,122.99224577777778,0.2,0.0,2017-11-03 01:30:37,刺网
4469,30.127303555555553,122.99219022222222,0.8,175.0,2017-11-03 01:40:37,刺网
4469,30.12735911111111,122.99244022222223,0.5,52.0,2017-11-03 01:51:04,刺网
4469,30.127303555555553,122.99227355555556,0.3,0.0,2017-11-03 02:00:38,刺网
4469,30.12727577777777,122.99232911111113,0.5,0.0,2017-11-03 02:10:38,刺网
4469,30.127248,122.992218,1.1,53.0,2017-11-03 02:20:38,刺网
4469,30.12722022222221,122.99216244444445,0.4,0.0,2017-11-03 02:30:38,刺网
4469,30.12722022222221,122.99210688888893,0.2,0.0,2017-11-03 02:40:37,刺网
4469,30.127164666666665,122.99207911111112,0.3,0.0,2017-11-03 02:50:38,刺网
4469,30.127136888888888,122.99202355555555,0.2,0.0,2017-11-03 03:00:38,刺网
4469,30.127164666666665,122.991968,0.6,0.0,2017-11-03 03:10:38,刺网
4469,30.12710911111111,122.991968,0.4,0.0,2017-11-03 03:20:38,刺网
4469,30.127136888888888,122.99185688888893,0.3,0.0,2017-11-03 03:30:37,刺网
4469,30.12719244444445,122.99205133333334,0.3,0.0,2017-11-03 03:40:37,刺网
4469,30.127164666666665,122.99191244444445,0.5,189.0,2017-11-03 03:51:04,刺网
4469,30.12710911111111,122.99182911111113,0.2,0.0,2017-11-03 04:00:38,刺网
4469,30.12710911111111,122.99185688888893,0.5,0.0,2017-11-03 04:10:38,刺网
4469,30.127136888888888,122.99166244444444,0.7,266.0,2017-11-03 04:20:38,刺网
4469,30.127136888888888,122.99166244444444,0.3,0.0,2017-11-03 04:30:37,刺网
4469,30.127136888888888,122.99160688888892,0.1,0.0,2017-11-03 04:40:37,刺网
4469,30.127164666666665,122.99157911111112,0.1,0.0,2017-11-03 04:50:37,刺网
4469,30.127164666666665,122.99152355555556,0.9,219.0,2017-11-03 05:00:38,刺网
4469,30.127136888888888,122.99157911111112,0.9,250.0,2017-11-03 05:10:37,刺网
4469,30.127136888888888,122.99152355555556,0.2,0.0,2017-11-03 05:20:38,刺网
4469,30.127136888888888,122.9914957777778,1.4,239.0,2017-11-03 05:30:37,刺网
4469,30.12710911111111,122.99135688888887,0.6,214.0,2017-11-03 05:40:38,刺网
4469,30.127136888888888,122.9914402222222,0.4,0.0,2017-11-03 05:50:37,刺网
4469,30.127164666666665,122.99141244444445,1.0,211.0,2017-11-03 06:01:04,刺网
4469,30.127164666666665,122.99138466666668,0.6,330.0,2017-11-03 06:10:37,刺网
4469,30.127164666666665,122.991468,0.5,0.0,2017-11-03 06:20:36,刺网
4469,30.12722022222221,122.99127355555555,0.6,319.0,2017-11-03 06:30:37,刺网
4469,30.12722022222221,122.99121799999999,0.3,0.0,2017-11-03 06:40:37,刺网
4469,30.127248,122.99110688888894,1.1,315.0,2017-11-03 07:00:36,刺网
4469,30.12727577777777,122.99110688888894,0.3,0.0,2017-11-03 07:10:37,刺网
4469,30.127303555555553,122.99113466666668,0.6,211.0,2017-11-03 07:20:37,刺网
4469,30.127248,122.99127355555555,0.4,0.0,2017-11-03 07:30:36,刺网
4469,30.127248,122.9912457777778,0.7,275.0,2017-11-03 07:40:37,刺网
4469,30.12722022222221,122.9914957777778,0.6,103.0,2017-11-03 07:50:36,刺网
4469,30.12719244444445,122.99160688888892,0.1,0.0,2017-11-03 08:00:37,刺网
4469,30.127248,122.99174577777778,0.3,0.0,2017-11-03 08:10:37,刺网
4469,30.12722022222221,122.99135688888887,0.3,0.0,2017-11-03 08:20:45,刺网
4469,30.12722022222221,122.99152355555556,0.7,137.0,2017-11-03 08:30:37,刺网
4469,30.12735911111111,122.99205133333334,1.3,252.0,2017-11-03 08:40:45,刺网
4469,30.127303555555553,122.99191244444445,0.7,0.0,2017-11-03 08:50:56,刺网
4469,30.127525777777766,122.99232911111113,1.1,0.0,2017-11-03 09:20:36,刺网
4469,30.127525777777766,122.99230133333332,0.4,196.0,2017-11-03 09:31:06,刺网
4469,30.127609111111113,122.99235688888888,0.4,0.0,2017-11-03 09:40:37,刺网
4469,30.127692444444445,122.99255133333334,0.5,337.0,2017-11-03 09:50:37,刺网
4469,30.127720222222226,122.99260688888893,0.1,0.0,2017-11-03 10:00:37,刺网
4469,30.127747999999997,122.99266244444445,0.3,0.0,2017-11-03 10:10:38,刺网
4469,30.127747999999997,122.992718,0.8,109.0,2017-11-03 10:20:37,刺网
4469,30.127470222222207,122.99238466666668,0.4,0.0,2017-11-03 10:30:36,刺网
4469,30.12758133333333,122.99257911111113,1.2,229.0,2017-11-03 10:40:36,刺网
4469,30.12766466666667,122.992718,0.3,0.0,2017-11-03 10:50:36,刺网
4469,30.12741466666667,122.99244022222223,0.1,0.0,2017-11-03 11:00:36,刺网
4469,30.127498,122.9924957777778,0.1,0.0,2017-11-03 11:10:37,刺网
4469,30.12741466666667,122.99246799999999,0.1,0.0,2017-11-03 11:20:36,刺网
4469,30.12735911111111,122.99238466666668,0.1,0.0,2017-11-03 11:30:36,刺网
4469,30.12733133333333,122.99235688888888,0.3,0.0,2017-11-03 11:40:35,刺网
4469,30.12738688888889,122.99241244444444,0.8,0.0,2017-11-03 11:50:36,刺网
4469,30.12738688888889,122.99244022222223,0.1,0.0,2017-11-03 12:01:05,刺网
4469,30.127303555555553,122.99232911111113,0.3,0.0,2017-11-03 12:10:37,刺网
4469,30.127303555555553,122.99230133333332,0.4,0.0,2017-11-03 12:20:36,刺网
4469,30.12733133333333,122.99232911111113,0.2,0.0,2017-11-03 12:30:36,刺网
4469,30.12733133333333,122.99232911111113,1.1,294.0,2017-11-03 12:40:35,刺网
4469,30.127303555555553,122.99227355555556,0.8,289.0,2017-11-03 12:50:36,刺网
4469,30.12727577777777,122.99224577777778,0.1,0.0,2017-11-03 13:00:36,刺网
4469,30.127248,122.99213466666669,0.4,267.0,2017-11-03 13:10:37,刺网
4469,30.12727577777777,122.99219022222222,0.6,217.0,2017-11-03 13:20:36,刺网
4469,30.127248,122.99213466666669,0.2,0.0,2017-11-03 13:30:36,刺网
4469,30.12722022222221,122.99205133333334,0.3,0.0,2017-11-03 13:40:43,刺网
4469,30.12719244444445,122.99188466666668,0.7,0.0,2017-11-03 13:50:36,刺网
4469,30.12719244444445,122.991968,1.2,246.0,2017-11-03 14:00:36,刺网
4469,30.12719244444445,122.99194022222223,0.4,0.0,2017-11-03 14:10:37,刺网
4469,30.127164666666665,122.99191244444445,0.4,0.0,2017-11-03 14:20:36,刺网
4469,30.127136888888888,122.99191244444445,1.0,0.0,2017-11-03 14:30:37,刺网
4469,30.127136888888888,122.991968,0.5,0.0,2017-11-03 14:50:36,刺网
4469,30.12710911111111,122.99188466666668,0.6,0.0,2017-11-03 15:00:36,刺网
4469,30.126720222222207,122.99180133333334,0.5,0.0,2017-11-03 15:20:36,刺网
4469,30.12633133333333,122.99169022222223,0.5,0.0,2017-11-03 15:30:41,刺网
4469,30.12585911111111,122.99191244444445,0.4,0.0,2017-11-03 15:40:39,刺网
4469,30.12533133333333,122.99202355555555,0.4,0.0,2017-11-03 15:50:37,刺网
4469,30.121748,122.9912457777778,0.9,218.0,2017-11-03 16:10:36,刺网
4469,30.120025777777766,122.99080133333334,0.2,0.0,2017-11-03 16:20:35,刺网
4469,30.12197022222221,122.99480133333331,3.2,71.0,2017-11-03 16:30:35,刺网
4469,30.11830355555556,122.99560688888893,3.1,191.0,2017-11-03 16:40:35,刺网
4469,30.116525777777767,122.99532911111113,0.9,255.0,2017-11-03 16:50:35,刺网
4469,30.116525777777767,122.995218,0.1,0.0,2017-11-03 17:00:35,刺网
4469,30.116553555555555,122.99505133333334,0.9,95.0,2017-11-03 17:30:41,刺网
4469,30.11658133333333,122.99513466666669,0.3,0.0,2017-11-03 17:40:35,刺网
4469,30.11658133333333,122.99502355555555,0.2,0.0,2017-11-03 17:50:35,刺网
4469,30.11658133333333,122.994968,0.8,150.0,2017-11-03 18:00:35,刺网
4469,30.116636888888888,122.99480133333331,0.9,215.0,2017-11-03 18:10:36,刺网
4469,30.116636888888888,122.99469022222222,0.5,0.0,2017-11-03 18:20:35,刺网
4469,30.116664666666665,122.99466244444444,0.3,0.0,2017-11-03 18:30:35,刺网
4469,30.116636888888888,122.99463466666668,0.4,0.0,2017-11-03 18:40:35,刺网
4469,30.116636888888888,122.99455133333332,0.5,0.0,2017-11-03 18:50:43,刺网
4469,30.116664666666665,122.99455133333332,0.8,0.0,2017-11-03 19:00:43,刺网
4469,30.11669244444445,122.9944957777778,0.6,0.0,2017-11-03 19:10:39,刺网
4469,30.11680355555556,122.99413466666668,0.4,0.0,2017-11-03 19:20:44,刺网
4469,30.11669244444445,122.99432911111113,0.8,185.0,2017-11-03 19:30:45,刺网
4469,30.11685911111111,122.99410688888894,1.1,107.0,2017-11-03 19:41:04,刺网
4469,30.116775777777768,122.9942457777778,0.7,302.0,2017-11-03 19:50:35,刺网
4469,30.116636888888888,122.9944957777778,1.5,219.0,2017-11-03 20:10:35,刺网
4469,30.11669244444445,122.99441244444445,0.5,114.0,2017-11-03 20:20:34,刺网
4469,30.116664666666665,122.994468,1.1,122.0,2017-11-03 20:30:34,刺网
4469,30.11660911111111,122.99469022222222,1.4,169.0,2017-11-03 20:40:34,刺网
4469,30.116525777777767,122.99494022222223,1.1,185.0,2017-11-03 20:50:34,刺网
4469,30.116553555555555,122.99494022222223,0.8,221.0,2017-11-03 21:00:34,刺网
4469,30.116553555555555,122.9949957777778,2.3,326.0,2017-11-03 21:10:35,刺网
4469,30.116553555555555,122.99502355555555,1.2,178.0,2017-11-03 21:20:34,刺网
4469,30.116553555555555,122.99516244444445,0.2,0.0,2017-11-03 21:30:34,刺网
4469,30.11647022222222,122.99530133333334,0.3,0.0,2017-11-03 21:40:33,刺网
4469,30.11660911111111,122.99488466666668,3.6,130.0,2017-11-03 21:50:34,刺网
4469,30.116498,122.99541244444444,0.8,0.0,2017-11-03 22:10:35,刺网
4469,30.116553555555555,122.99494022222223,0.9,97.0,2017-11-03 22:20:34,刺网
4469,30.11658133333333,122.99474577777778,0.5,204.0,2017-11-03 22:30:34,刺网
4469,30.116498,122.99527355555556,0.5,0.0,2017-11-03 22:40:33,刺网
4469,30.116498,122.99527355555556,0.5,0.0,2017-11-03 22:50:34,刺网
4469,30.11644244444444,122.9954957777778,0.5,171.0,2017-11-03 23:00:34,刺网
4469,30.11647022222222,122.99557911111113,0.2,0.0,2017-11-03 23:10:35,刺网
4469,30.11644244444444,122.99557911111113,1.0,66.0,2017-11-03 23:20:34,刺网
4469,30.11647022222222,122.99527355555556,0.8,237.0,2017-11-03 23:30:34,刺网
4469,30.116414666666664,122.99516244444445,0.5,0.0,2017-11-03 23:40:34,刺网
4469,30.11638688888889,122.99535688888888,1.3,296.0,2017-11-03 23:50:34,刺网
4469,30.116414666666664,122.99552355555555,0.5,0.0,2017-11-04 00:00:34,刺网
4469,30.116359111111112,122.9954957777778,0.7,250.0,2017-11-04 00:10:35,刺网
4469,30.116359111111112,122.99555133333335,0.6,0.0,2017-11-04 00:20:34,刺网
4469,30.116414666666664,122.99530133333334,0.9,0.0,2017-11-04 00:30:33,刺网
4469,30.11644244444444,122.99530133333334,0.5,0.0,2017-11-04 00:40:34,刺网
4469,30.11622022222221,122.99560688888893,0.6,0.0,2017-11-04 00:50:34,刺网
4469,30.11638688888889,122.99541244444444,0.4,0.0,2017-11-04 01:00:35,刺网
4469,30.11613688888889,122.99544022222223,1.7,0.0,2017-11-04 01:10:32,刺网
4469,30.11613688888889,122.99541244444444,0.6,0.0,2017-11-04 01:20:38,刺网
4469,30.116248,122.99555133333335,0.9,0.0,2017-11-04 01:30:34,刺网
4469,30.11619244444445,122.99557911111113,2.3,162.0,2017-11-04 01:40:37,刺网
4469,30.11619244444445,122.99546800000002,0.0,0.0,2017-11-04 01:51:04,刺网
4469,30.11619244444445,122.99563466666667,0.3,0.0,2017-11-04 02:00:33,刺网
4469,30.11622022222221,122.99532911111113,1.6,227.0,2017-11-04 02:10:32,刺网
4469,30.11605355555556,122.9954957777778,0.7,67.0,2017-11-04 02:20:33,刺网
4469,30.11585911111111,122.99530133333334,1.1,229.0,2017-11-04 02:30:32,刺网
4469,30.11585911111111,122.99524577777778,0.5,0.0,2017-11-04 02:40:33,刺网
4469,30.115803555555555,122.995218,0.6,0.0,2017-11-04 02:50:33,刺网
4469,30.115747999999996,122.99527355555556,1.7,251.0,2017-11-04 03:00:34,刺网
4469,30.115747999999996,122.99516244444445,1.1,252.0,2017-11-04 03:10:33,刺网
4469,30.11558133333333,122.99519022222223,0.9,70.0,2017-11-04 03:20:33,刺网
4469,30.115553555555554,122.99502355555555,2.2,167.0,2017-11-04 03:30:32,刺网
4469,30.115498,122.99524577777778,0.4,0.0,2017-11-04 03:40:32,刺网
4469,30.115498,122.99491244444445,1.9,269.0,2017-11-04 03:50:33,刺网
4469,30.115498,122.99491244444445,1.9,269.0,2017-11-04 04:02:03,刺网
4469,30.11535911111111,122.994968,0.5,0.0,2017-11-04 04:10:32,刺网
4469,30.11533133333333,122.9949957777778,1.2,298.0,2017-11-04 04:20:33,刺网
4469,30.11538688888889,122.99513466666669,1.1,305.0,2017-11-04 04:30:33,刺网
4469,30.11533133333333,122.99505133333334,1.1,332.0,2017-11-04 04:40:33,刺网
4469,30.11522022222222,122.99505133333334,1.0,219.0,2017-11-04 04:50:33,刺网
4469,30.11522022222222,122.994968,0.7,12.0,2017-11-04 05:00:33,刺网
4469,30.115248,122.99482911111113,1.7,302.0,2017-11-04 05:10:32,刺网
4469,30.11519244444445,122.99488466666668,1.1,49.0,2017-11-04 05:20:33,刺网
4469,30.115136888888888,122.99477355555555,0.6,269.0,2017-11-04 05:30:33,刺网
4469,30.11510911111111,122.99482911111113,0.2,0.0,2017-11-04 05:40:31,刺网
4469,30.115136888888888,122.99457911111112,0.6,122.0,2017-11-04 05:50:32,刺网
4469,30.115136888888888,122.99460688888892,0.2,0.0,2017-11-04 06:00:32,刺网
4469,30.11508133333333,122.99466244444444,0.8,316.0,2017-11-04 06:10:32,刺网
4469,30.115053555555555,122.99455133333332,1.3,198.0,2017-11-04 06:20:32,刺网
4469,30.115025777777767,122.99460688888892,2.1,271.0,2017-11-04 06:30:32,刺网
4469,30.115053555555555,122.99457911111112,0.5,0.0,2017-11-04 06:40:32,刺网
4469,30.115053555555555,122.99455133333332,1.5,149.0,2017-11-04 06:50:32,刺网
4469,30.115053555555555,122.99460688888892,1.0,84.0,2017-11-04 07:00:32,刺网
4469,30.11510911111111,122.99435688888893,0.0,0.0,2017-11-04 07:10:31,刺网
4469,30.115136888888888,122.9942457777778,2.4,295.0,2017-11-04 07:20:33,刺网
4469,30.11519244444445,122.99399577777778,1.6,274.0,2017-11-04 07:30:34,刺网
4469,30.115053555555555,122.99482911111113,2.1,116.0,2017-11-04 07:40:45,刺网
4469,30.114997999999996,122.99491244444445,0.9,0.0,2017-11-04 07:50:34,刺网
4469,30.114942444444445,122.99491244444445,1.0,236.0,2017-11-04 08:01:12,刺网
4469,30.114970222222233,122.99507911111112,1.6,176.0,2017-11-04 08:10:32,刺网
4469,30.114997999999996,122.99544022222223,1.0,251.0,2017-11-04 08:20:33,刺网
4469,30.115053555555555,122.99452355555556,1.7,238.0,2017-11-04 08:30:32,刺网
4469,30.11508133333333,122.99444022222224,2.0,264.0,2017-11-04 08:40:32,刺网
4469,30.115136888888888,122.99432911111113,4.0,111.0,2017-11-04 08:50:38,刺网
4469,30.115248,122.9944957777778,0.2,0.0,2017-11-04 09:00:33,刺网
4469,30.11522022222222,122.99460688888892,1.7,0.0,2017-11-04 09:10:32,刺网
4469,30.115136888888888,122.99494022222223,1.9,73.0,2017-11-04 09:20:33,刺网
4469,30.11510911111111,122.99494022222223,0.8,0.0,2017-11-04 09:30:32,刺网
4469,30.115025777777767,122.99505133333334,1.1,0.0,2017-11-04 09:40:40,刺网
4469,30.115053555555555,122.994968,1.5,182.0,2017-11-04 09:50:33,刺网
4469,30.114942444444445,122.99516244444445,0.6,0.0,2017-11-04 10:00:54,刺网
4469,30.114997999999996,122.99507911111112,0.3,0.0,2017-11-04 10:10:32,刺网
4469,30.115053555555555,122.99535688888888,0.4,0.0,2017-11-04 10:20:33,刺网
4469,30.114970222222233,122.99535688888888,0.4,0.0,2017-11-04 10:30:33,刺网
4469,30.114859111111112,122.99505133333334,0.6,0.0,2017-11-04 10:40:39,刺网
4469,30.114942444444445,122.99505133333334,0.2,0.0,2017-11-04 10:50:32,刺网
4469,30.114997999999996,122.99466244444444,1.7,249.0,2017-11-04 11:00:32,刺网
4469,30.114942444444445,122.994968,2.4,79.0,2017-11-04 11:10:38,刺网
4469,30.11491466666667,122.99541244444444,0.1,0.0,2017-11-04 11:20:32,刺网
4469,30.114970222222233,122.995718,1.2,307.0,2017-11-04 12:20:32,刺网
4469,30.114942444444445,122.99574577777778,0.2,0.0,2017-11-04 12:30:31,刺网
4469,30.11491466666667,122.995718,0.7,285.0,2017-11-04 12:40:30,刺网
4469,30.114942444444445,122.9956902222222,1.5,91.0,2017-11-04 12:50:32,刺网
4469,30.114942444444445,122.9956902222222,1.0,218.0,2017-11-04 13:00:32,刺网
4469,30.114942444444445,122.9956902222222,0.6,0.0,2017-11-04 13:10:31,刺网
4469,30.114942444444445,122.995718,1.0,82.0,2017-11-04 13:20:32,刺网
4469,30.114997999999996,122.99563466666667,0.8,0.0,2017-11-04 13:30:31,刺网
4469,30.11488688888889,122.99574577777778,1.4,0.0,2017-11-04 13:40:31,刺网
4469,30.11491466666667,122.99580133333332,0.7,0.0,2017-11-04 13:50:32,刺网
4469,30.114942444444445,122.99580133333332,1.4,129.0,2017-11-04 14:00:59,刺网
4469,30.114970222222233,122.99585688888894,1.7,262.0,2017-11-04 14:10:31,刺网
4469,30.114970222222233,122.995718,0.4,0.0,2017-11-04 14:20:32,刺网
4469,30.11491466666667,122.9956902222222,2.2,103.0,2017-11-04 14:30:31,刺网
4469,30.114997999999996,122.99577355555556,1.9,0.0,2017-11-04 14:40:35,刺网
4469,30.11491466666667,122.99557911111113,0.6,0.0,2017-11-04 14:50:36,刺网
4469,30.11491466666667,122.99552355555555,0.4,0.0,2017-11-04 15:01:00,刺网
4469,30.114859111111112,122.9954957777778,0.3,0.0,2017-11-04 15:10:35,刺网
4469,30.114859111111112,122.99524577777778,1.0,358.0,2017-11-04 15:20:31,刺网
4469,30.11483133333333,122.99552355555555,0.5,0.0,2017-11-04 15:30:32,刺网
4469,30.114859111111112,122.99519022222223,2.2,91.0,2017-11-04 15:40:31,刺网
4469,30.114803555555554,122.995218,1.0,0.0,2017-11-04 15:50:31,刺网
4469,30.114859111111112,122.99524577777778,0.2,0.0,2017-11-04 16:00:31,刺网
4469,30.114859111111112,122.99513466666669,0.8,0.0,2017-11-04 16:10:30,刺网
4469,30.114859111111112,122.99510688888893,0.8,0.0,2017-11-04 16:20:45,刺网
4469,30.114859111111112,122.9949957777778,1.0,0.0,2017-11-04 16:30:31,刺网
4469,30.11488688888889,122.99488466666668,0.8,239.0,2017-11-04 16:40:59,刺网
4469,30.114859111111112,122.99477355555555,1.6,77.0,2017-11-04 16:50:31,刺网
4469,30.11488688888889,122.99466244444444,0.6,178.0,2017-11-04 17:00:31,刺网
4469,30.114942444444445,122.99441244444445,0.3,0.0,2017-11-04 17:20:31,刺网
4469,30.114970222222233,122.9944957777778,1.4,224.0,2017-11-04 17:30:30,刺网
4469,30.114997999999996,122.99435688888893,0.8,212.0,2017-11-04 17:40:31,刺网
4469,30.11510911111111,122.99402355555556,1.0,0.0,2017-11-04 17:50:31,刺网
4469,30.11510911111111,122.99399577777778,0.7,0.0,2017-11-04 18:00:31,刺网
4469,30.114970222222233,122.9942457777778,3.0,143.0,2017-11-04 18:10:30,刺网
4469,30.11510911111111,122.99405133333336,0.4,0.0,2017-11-04 18:20:31,刺网
4469,30.11519244444445,122.99388466666667,5.6,135.0,2017-11-04 18:30:31,刺网
4469,30.115303555555553,122.99369022222223,1.4,254.0,2017-11-04 18:41:00,刺网
4469,30.115303555555553,122.99377355555555,0.8,192.0,2017-11-04 18:50:31,刺网
4469,30.11535911111111,122.9936068888889,0.4,0.0,2017-11-04 19:00:31,刺网
4469,30.115303555555553,122.99380133333334,1.4,142.0,2017-11-04 19:10:30,刺网
4469,30.11538688888889,122.99355133333334,0.4,0.0,2017-11-04 19:20:31,刺网
4469,30.115720222222233,122.9932457777778,0.9,346.0,2017-11-04 19:30:30,刺网
4469,30.11594244444445,122.99307911111113,0.6,356.0,2017-11-04 19:40:29,刺网
4469,30.11605355555556,122.99302355555555,0.8,172.0,2017-11-04 19:50:31,刺网
4469,30.11622022222221,122.99299577777781,1.3,313.0,2017-11-04 20:00:31,刺网
4469,30.11644244444444,122.99285688888894,1.0,176.0,2017-11-04 20:10:29,刺网
4469,30.117859111111112,122.99291244444444,2.6,221.0,2017-11-04 20:40:29,刺网
4469,30.117997999999996,122.99302355555555,0.1,0.0,2017-11-04 20:50:30,刺网
4469,30.118136888888888,122.99310688888887,0.2,0.0,2017-11-04 21:00:28,刺网
4469,30.118275777777786,122.99327355555555,1.0,250.0,2017-11-04 21:10:30,刺网
4469,30.11872022222222,122.99369022222223,0.7,0.0,2017-11-04 21:30:28,刺网
4469,30.11885911111111,122.9939402222222,0.5,0.0,2017-11-04 21:40:32,刺网
4469,30.119248,122.99505133333334,1.2,32.0,2017-11-04 22:10:29,刺网
4469,30.118803555555555,122.99591244444444,2.0,147.0,2017-11-04 22:20:30,刺网
4469,30.11844244444445,122.99644022222223,0.7,240.0,2017-11-04 22:30:29,刺网
4469,30.118164666666665,122.99666244444445,0.7,200.0,2017-11-04 22:40:29,刺网
4469,30.117970222222233,122.9967457777778,1.0,85.0,2017-11-04 22:50:30,刺网
4469,30.11758133333333,122.99694022222224,0.5,0.0,2017-11-04 23:00:30,刺网
4469,30.117748,122.99541244444444,0.3,0.0,2017-11-04 23:10:29,刺网
4469,30.118470222222232,122.99460688888892,0.9,348.0,2017-11-04 23:20:30,刺网
4469,30.11863688888889,122.99438466666668,0.3,0.0,2017-11-04 23:30:28,刺网
4469,30.11830355555556,122.99402355555556,1.9,351.0,2017-11-04 23:40:29,刺网
4469,30.11819244444445,122.99438466666668,0.3,0.0,2017-11-04 23:50:30,刺网
4469,30.118220222222234,122.99427355555555,1.4,245.0,2017-11-05 00:00:30,刺网
4469,30.117997999999996,122.99438466666668,0.4,0.0,2017-11-05 00:10:28,刺网
4469,30.11788688888889,122.994468,0.4,0.0,2017-11-05 00:20:30,刺网
4469,30.11835911111111,122.99505133333334,2.2,148.0,2017-11-05 00:30:28,刺网
4469,30.11708133333333,122.996468,1.2,240.0,2017-11-05 00:40:28,刺网
4469,30.11605355555556,122.9962457777778,1.0,191.0,2017-11-05 00:50:30,刺网
4469,30.11594244444445,122.9961902222222,1.0,328.0,2017-11-05 01:00:28,刺网
4469,30.115747999999996,122.99582911111112,0.1,0.0,2017-11-05 01:10:29,刺网
4469,30.115692444444445,122.99557911111113,0.7,214.0,2017-11-05 01:20:27,刺网
4469,30.115664666666664,122.99552355555555,1.1,15.0,2017-11-05 01:30:28,刺网
4469,30.11558133333333,122.99557911111113,1.6,166.0,2017-11-05 01:40:30,刺网
4469,30.115692444444445,122.99574577777778,0.6,181.0,2017-11-05 01:50:58,刺网
4469,30.11563688888889,122.99557911111113,0.5,327.0,2017-11-05 02:00:28,刺网
4469,30.11563688888889,122.99555133333335,1.3,337.0,2017-11-05 02:10:28,刺网
4469,30.115609111111112,122.9954957777778,1.0,152.0,2017-11-05 02:20:28,刺网
4469,30.11558133333333,122.99532911111113,0.1,0.0,2017-11-05 02:30:28,刺网
4469,30.115609111111112,122.99546800000002,1.0,39.0,2017-11-05 02:40:28,刺网
4469,30.11558133333333,122.99544022222223,0.5,109.0,2017-11-05 02:50:30,刺网
4469,30.11558133333333,122.99544022222223,0.3,0.0,2017-11-05 03:00:29,刺网
4469,30.11558133333333,122.99527355555556,0.4,0.0,2017-11-05 03:10:27,刺网
4469,30.11558133333333,122.99524577777778,0.1,0.0,2017-11-05 03:20:28,刺网
4469,30.115609111111112,122.99532911111113,0.2,0.0,2017-11-05 03:30:27,刺网
4469,30.11558133333333,122.99524577777778,0.6,135.0,2017-11-05 03:40:27,刺网
4469,30.115609111111112,122.99505133333334,0.8,0.0,2017-11-05 03:50:28,刺网
4469,30.11563688888889,122.99485688888888,0.5,0.0,2017-11-05 04:00:58,刺网
4469,30.115609111111112,122.99474577777778,0.2,0.0,2017-11-05 04:10:28,刺网
4469,30.11563688888889,122.99474577777778,0.4,0.0,2017-11-05 04:20:28,刺网
4469,30.11563688888889,122.99469022222222,1.2,309.0,2017-11-05 04:30:28,刺网
4469,30.11563688888889,122.99457911111112,0.3,0.0,2017-11-05 04:40:27,刺网
4469,30.115553555555554,122.99488466666668,0.3,0.0,2017-11-05 04:50:28,刺网
4469,30.115553555555554,122.99480133333331,1.1,215.0,2017-11-05 05:00:28,刺网
4469,30.11544244444445,122.99480133333331,0.3,0.0,2017-11-05 05:10:29,刺网
4469,30.115692444444445,122.99463466666668,0.3,0.0,2017-11-05 05:20:28,刺网
4469,30.115664666666664,122.9944957777778,0.5,0.0,2017-11-05 05:30:27,刺网
4469,30.115720222222233,122.99432911111113,0.9,88.0,2017-11-05 05:40:27,刺网
4469,30.11583133333333,122.9942457777778,0.7,236.0,2017-11-05 05:50:26,刺网
4469,30.115803555555555,122.9942457777778,0.3,0.0,2017-11-05 06:00:28,刺网
4469,30.11585911111111,122.99416244444444,1.3,73.0,2017-11-05 06:10:28,刺网
4469,30.11605355555556,122.99382911111113,0.3,0.0,2017-11-05 06:20:30,刺网
4469,30.11613688888889,122.9937457777778,2.3,156.0,2017-11-05 06:30:31,刺网
4469,30.11610911111111,122.993968,1.3,0.0,2017-11-05 06:40:34,刺网
4469,30.11633133333333,122.9937457777778,0.5,0.0,2017-11-05 06:50:32,刺网
4469,30.116414666666664,122.99366244444445,0.2,0.0,2017-11-05 07:00:45,刺网
4469,30.11647022222222,122.9936068888889,1.1,115.0,2017-11-05 07:10:56,刺网
4469,30.116775777777768,122.99338466666669,0.2,0.0,2017-11-05 07:20:28,刺网
4469,30.116636888888888,122.9936068888889,0.7,327.0,2017-11-05 07:30:26,刺网
4469,30.11694244444445,122.99349577777781,0.6,205.0,2017-11-05 07:40:27,刺网
4469,30.117025777777766,122.99349577777781,1.9,3.0,2017-11-05 07:50:27,刺网
4469,30.11716466666667,122.993468,1.9,319.0,2017-11-05 08:00:27,刺网
4469,30.117525777777768,122.99352355555556,0.7,237.0,2017-11-05 08:10:26,刺网
4469,30.11760911111111,122.99355133333334,1.3,88.0,2017-11-05 08:20:26,刺网
4469,30.11758133333333,122.99352355555556,0.3,0.0,2017-11-05 08:30:27,刺网
4469,30.117803555555554,122.99371799999999,0.3,0.0,2017-11-05 08:40:58,刺网
4469,30.11788688888889,122.99371799999999,0.0,0.0,2017-11-05 08:50:27,刺网
4469,30.118025777777767,122.99391244444445,1.2,32.0,2017-11-05 09:00:28,刺网
4469,30.11810911111111,122.993968,0.3,0.0,2017-11-05 09:10:28,刺网
4469,30.118136888888888,122.99402355555556,0.9,27.0,2017-11-05 09:20:27,刺网
4469,30.11833133333333,122.99421799999999,0.5,0.0,2017-11-05 09:30:27,刺网
4469,30.11833133333333,122.99430133333334,2.1,237.0,2017-11-05 09:40:27,刺网
4469,30.118498,122.99460688888892,1.5,173.0,2017-11-05 10:00:27,刺网
4469,30.118498,122.99463466666668,0.5,0.0,2017-11-05 10:10:28,刺网
4469,30.11852577777778,122.99469022222222,0.5,297.0,2017-11-05 10:20:27,刺网
4469,30.11858133333333,122.99494022222223,0.6,68.0,2017-11-05 10:30:26,刺网
4469,30.118609111111112,122.99507911111112,0.9,217.0,2017-11-05 10:40:26,刺网
4469,30.11863688888889,122.99538466666668,0.7,0.0,2017-11-05 10:50:28,刺网
4469,30.118664666666664,122.99560688888893,0.9,0.0,2017-11-05 11:10:28,刺网
4469,30.11833133333333,122.99580133333332,0.5,0.0,2017-11-05 11:20:35,刺网
4469,30.11830355555556,122.99607911111113,1.1,0.0,2017-11-05 11:30:25,刺网
4469,30.11791466666667,122.996218,0.9,174.0,2017-11-05 11:40:26,刺网
4469,30.11744244444445,122.9961902222222,0.5,0.0,2017-11-05 11:50:25,刺网
4469,30.117303555555555,122.99641244444445,0.6,283.0,2017-11-05 12:00:59,刺网
4469,30.11835911111111,122.99535688888888,0.6,251.0,2017-11-05 12:10:26,刺网
4469,30.117859111111112,122.9961902222222,1.0,3.0,2017-11-05 12:20:25,刺网
4469,30.117192444444445,122.99630133333336,0.5,200.0,2017-11-05 12:30:26,刺网
4469,30.11808133333333,122.995718,0.5,0.0,2017-11-05 12:40:26,刺网
4469,30.11808133333333,122.99555133333335,0.2,0.0,2017-11-05 12:50:33,刺网
4469,30.11808133333333,122.99552355555555,1.0,28.0,2017-11-05 13:00:26,刺网
4469,30.11788688888889,122.995718,1.2,22.0,2017-11-05 13:10:25,刺网
4469,30.117664666666666,122.99616244444445,1.5,64.0,2017-11-05 13:20:26,刺网
4469,30.117192444444445,122.99657911111113,0.0,0.0,2017-11-05 13:30:26,刺网
4469,30.11638688888889,122.99663466666668,0.4,103.0,2017-11-05 13:40:26,刺网
4469,30.11619244444445,122.996468,0.8,89.0,2017-11-05 13:50:25,刺网
4469,30.11608133333333,122.99635688888893,1.2,72.0,2017-11-05 14:00:27,刺网
4469,30.115997999999998,122.99627355555558,0.4,0.0,2017-11-05 14:10:26,刺网
4469,30.115997999999998,122.99627355555558,0.7,165.0,2017-11-05 14:20:26,刺网
4469,30.117247999999996,122.99502355555555,1.7,337.0,2017-11-05 14:31:05,刺网
4469,30.13191466666667,122.9811902222222,8.0,320.0,2017-11-05 14:40:25,刺网
4469,30.14913688888889,122.96516244444445,8.1,319.0,2017-11-05 14:50:26,刺网
4469,30.16130355555556,122.94746799999999,3.7,180.0,2017-11-05 15:00:27,刺网
4469,30.16430355555556,122.94502355555555,6.3,6.0,2017-11-05 15:10:25,刺网
4469,30.16430355555556,122.94635688888893,2.5,144.0,2017-11-05 15:20:25,刺网
4469,30.16669244444445,122.9614402222222,10.0,88.0,2017-11-05 15:30:58,刺网
4469,30.14897022222221,122.98452355555555,10.5,155.0,2017-11-05 15:40:25,刺网
4469,30.120970222222233,122.99238466666668,9.5,115.0,2017-11-05 15:50:25,刺网
4469,30.12144244444445,122.99566244444445,0.7,122.0,2017-11-05 16:00:25,刺网
4469,30.12144244444445,122.99541244444444,1.0,220.0,2017-11-05 16:10:25,刺网
4469,30.12144244444445,122.99527355555556,1.4,192.0,2017-11-05 16:20:25,刺网
4469,30.121470222222207,122.99524577777778,2.0,204.0,2017-11-05 16:30:25,刺网
4469,30.121470222222207,122.99507911111112,0.1,0.0,2017-11-05 16:40:24,刺网
4469,30.121498,122.99482911111113,0.9,242.0,2017-11-05 16:50:25,刺网
4469,30.121470222222207,122.99477355555555,0.2,0.0,2017-11-05 17:00:24,刺网
4469,30.121498,122.99469022222222,0.2,0.0,2017-11-05 17:10:24,刺网
4469,30.121553555555558,122.99469022222222,0.4,0.0,2017-11-05 17:20:24,刺网
4469,30.121498,122.99474577777778,1.2,114.0,2017-11-05 17:30:25,刺网
4469,30.12158133333333,122.99460688888892,0.2,0.0,2017-11-05 17:40:24,刺网
4469,30.12158133333333,122.99460688888892,0.6,0.0,2017-11-05 17:50:25,刺网
4469,30.12158133333333,122.99460688888892,0.6,0.0,2017-11-05 18:01:57,刺网
4469,30.121775777777767,122.99432911111113,1.4,312.0,2017-11-05 18:10:25,刺网
4469,30.121886888888888,122.99413466666668,0.7,219.0,2017-11-05 18:20:24,刺网
4469,30.121886888888888,122.99416244444444,0.9,187.0,2017-11-05 18:30:25,刺网
4469,30.121998,122.99402355555556,0.3,0.0,2017-11-05 18:40:25,刺网
4469,30.12202577777777,122.993968,0.8,330.0,2017-11-05 18:50:24,刺网
4469,30.122303555555554,122.99382911111113,0.7,345.0,2017-11-05 19:00:28,刺网
4469,30.12233133333333,122.99380133333334,0.1,0.0,2017-11-05 19:10:25,刺网
4469,30.122275777777766,122.99380133333334,0.8,136.0,2017-11-05 19:20:24,刺网
4469,30.122359111111113,122.99380133333334,0.7,192.0,2017-11-05 19:30:24,刺网
4469,30.12260911111111,122.99371799999999,0.2,0.0,2017-11-05 19:40:25,刺网
4469,30.122803555555553,122.99369022222223,1.2,191.0,2017-11-05 19:50:24,刺网
4469,30.122803555555553,122.99366244444445,1.2,314.0,2017-11-05 20:00:24,刺网
4469,30.12288688888889,122.99371799999999,1.3,209.0,2017-11-05 20:10:24,刺网
4469,30.123053555555554,122.9937457777778,1.1,2.0,2017-11-05 20:20:25,刺网
4469,30.123275777777767,122.99380133333334,0.2,0.0,2017-11-05 20:30:25,刺网
4469,30.12344244444445,122.99382911111113,1.3,33.0,2017-11-05 20:40:25,刺网
4469,30.12358133333333,122.99388466666667,0.7,0.0,2017-11-05 20:50:23,刺网
4469,30.12360911111111,122.99388466666667,1.5,253.0,2017-11-05 21:00:24,刺网
4469,30.123720222222207,122.99399577777778,1.1,67.0,2017-11-05 21:10:23,刺网
4469,30.123859111111113,122.99410688888894,0.6,0.0,2017-11-05 21:20:24,刺网
4469,30.12383133333333,122.99407911111112,0.9,0.0,2017-11-05 21:30:25,刺网
4469,30.123859111111113,122.99377355555555,0.5,0.0,2017-11-05 21:40:26,刺网
4469,30.12408133333333,122.99432911111113,0.2,0.0,2017-11-05 21:50:25,刺网
4469,30.124136888888888,122.99438466666668,0.2,0.0,2017-11-05 22:00:56,刺网
4469,30.124248,122.99455133333332,1.4,359.0,2017-11-05 22:10:24,刺网
4469,30.124303555555556,122.99474577777778,0.2,0.0,2017-11-05 22:20:24,刺网
4469,30.12433133333333,122.99488466666668,0.3,0.0,2017-11-05 22:30:24,刺网
4469,30.12435911111111,122.99502355555555,1.7,68.0,2017-11-05 22:40:24,刺网
4469,30.12435911111111,122.99494022222223,0.2,0.0,2017-11-05 22:50:24,刺网
4469,30.12438688888889,122.99507911111112,0.2,0.0,2017-11-05 23:00:24,刺网
4469,30.12441466666667,122.99532911111113,0.4,0.0,2017-11-05 23:10:24,刺网
4469,30.12438688888889,122.99541244444444,1.1,125.0,2017-11-05 23:20:24,刺网
4469,30.12438688888889,122.99560688888893,0.5,0.0,2017-11-05 23:30:24,刺网
4469,30.12433133333333,122.99577355555556,0.1,0.0,2017-11-05 23:40:24,刺网
4469,30.12427577777777,122.99594022222223,0.4,0.0,2017-11-05 23:50:24,刺网
4469,30.124248,122.99607911111113,0.5,0.0,2017-11-06 00:00:24,刺网
4469,30.124248,122.99605133333334,1.5,6.0,2017-11-06 00:10:24,刺网
4469,30.12422022222221,122.99610688888893,1.0,186.0,2017-11-06 00:20:24,刺网
4469,30.12397022222222,122.99649577777778,0.8,189.0,2017-11-06 00:30:24,刺网
4469,30.123525777777786,122.99669022222223,1.2,108.0,2017-11-06 00:40:25,刺网
4469,30.123275777777767,122.99663466666668,0.1,0.0,2017-11-06 00:50:24,刺网
4469,30.12308133333333,122.99682911111113,0.3,0.0,2017-11-06 01:00:23,刺网
4469,30.12294244444445,122.99682911111113,3.0,42.0,2017-11-06 01:10:24,刺网
4469,30.122970222222207,122.99685688888893,0.5,0.0,2017-11-06 01:20:24,刺网
4469,30.122803555555553,122.99688466666667,0.5,0.0,2017-11-06 01:30:23,刺网
4469,30.122553555555548,122.99671799999999,0.5,284.0,2017-11-06 01:40:53,刺网
4469,30.122359111111113,122.99660688888888,0.2,0.0,2017-11-06 01:50:23,刺网
4469,30.122303555555554,122.99644022222223,1.0,25.0,2017-11-06 02:00:24,刺网
4469,30.12283133333333,122.99682911111113,0.1,0.0,2017-11-06 02:10:24,刺网
4469,30.122275777777766,122.99685688888893,2.0,182.0,2017-11-06 02:20:22,刺网
4469,30.12197022222221,122.99655133333334,1.2,179.0,2017-11-06 02:30:24,刺网
4469,30.12202577777777,122.99663466666668,0.3,0.0,2017-11-06 02:40:23,刺网
4469,30.122053555555553,122.99663466666668,0.4,0.0,2017-11-06 02:50:24,刺网
4469,30.121886888888888,122.99638466666669,0.4,0.0,2017-11-06 03:00:23,刺网
4469,30.12185911111111,122.99635688888893,0.2,0.0,2017-11-06 03:10:23,刺网
4469,30.121803555555548,122.99635688888893,0.6,97.0,2017-11-06 03:20:24,刺网
4469,30.12169244444444,122.996218,1.5,71.0,2017-11-06 03:30:23,刺网
4469,30.12169244444444,122.996218,0.1,0.0,2017-11-06 03:40:25,刺网
4469,30.12169244444444,122.996218,0.2,0.0,2017-11-06 03:50:26,刺网
4469,30.121664666666664,122.99607911111113,2.2,215.0,2017-11-06 04:00:35,刺网
4469,30.12163688888889,122.99610688888893,1.7,179.0,2017-11-06 04:10:23,刺网
4469,30.12158133333333,122.99599577777781,0.4,0.0,2017-11-06 04:20:23,刺网
4469,30.12163688888889,122.99588466666668,1.2,0.0,2017-11-06 04:30:23,刺网
4469,30.121470222222207,122.9954957777778,0.7,0.0,2017-11-06 04:50:25,刺网
4469,30.12135911111111,122.99538466666668,0.8,165.0,2017-11-06 05:00:26,刺网
4469,30.121498,122.99532911111113,0.9,107.0,2017-11-06 05:10:32,刺网
4469,30.121498,122.99530133333334,0.2,0.0,2017-11-06 05:20:24,刺网
4469,30.121498,122.99527355555556,0.8,262.0,2017-11-06 05:30:22,刺网
4469,30.12152577777778,122.99524577777778,0.9,307.0,2017-11-06 05:40:22,刺网
4469,30.12152577777778,122.99513466666669,0.9,235.0,2017-11-06 05:50:22,刺网
4469,30.12158133333333,122.99491244444445,1.4,71.0,2017-11-06 06:00:22,刺网
4469,30.12169244444444,122.99452355555556,0.9,306.0,2017-11-06 06:10:22,刺网
4469,30.121803555555548,122.99430133333334,0.1,0.0,2017-11-06 06:20:22,刺网
4469,30.12197022222221,122.99410688888894,1.1,276.0,2017-11-06 06:30:22,刺网
4469,30.12210911111111,122.99399577777778,1.0,296.0,2017-11-06 06:40:22,刺网
4469,30.122220222222207,122.99391244444445,0.4,204.0,2017-11-06 06:50:23,刺网
4469,30.122442444444445,122.99377355555555,0.5,55.0,2017-11-06 07:00:22,刺网
4469,30.12241466666667,122.9937457777778,2.6,359.0,2017-11-06 07:10:22,刺网
4469,30.12260911111111,122.99369022222223,2.1,353.0,2017-11-06 07:20:22,刺网
4469,30.12272022222221,122.99363466666668,0.7,0.0,2017-11-06 07:30:23,刺网
4469,30.12285911111111,122.99366244444445,1.9,356.0,2017-11-06 07:40:22,刺网
4469,30.12291466666667,122.99363466666668,2.7,20.0,2017-11-06 07:50:23,刺网
4469,30.123053555555554,122.99371799999999,0.4,0.0,2017-11-06 08:00:35,刺网
4469,30.123136888888887,122.9937457777778,0.1,0.0,2017-11-06 08:10:23,刺网
4469,30.123164666666664,122.9937457777778,0.7,48.0,2017-11-06 08:20:22,刺网
4469,30.12335911111111,122.99377355555555,0.1,0.0,2017-11-06 08:30:22,刺网
4469,30.12333133333333,122.99380133333334,0.8,256.0,2017-11-06 08:50:23,刺网
4469,30.123470222222235,122.99385688888887,1.6,284.0,2017-11-06 09:00:23,刺网
4469,30.12360911111111,122.99385688888887,1.1,227.0,2017-11-06 09:10:22,刺网
4469,30.12363688888889,122.99388466666667,0.3,0.0,2017-11-06 09:20:22,刺网
4469,30.123720222222207,122.99388466666667,0.8,238.0,2017-11-06 09:30:23,刺网
4469,30.123803555555558,122.9939402222222,0.9,263.0,2017-11-06 09:40:23,刺网
4469,30.123886888888887,122.99410688888894,0.1,0.0,2017-11-06 09:50:23,刺网
4469,30.123886888888887,122.99407911111112,0.3,0.0,2017-11-06 10:00:23,刺网
4469,30.123914666666664,122.99407911111112,0.5,33.0,2017-11-06 10:10:23,刺网
4469,30.12408133333333,122.99421799999999,0.2,0.0,2017-11-06 10:20:23,刺网
4469,30.12397022222222,122.99421799999999,1.2,222.0,2017-11-06 10:30:21,刺网
4469,30.123998,122.99432911111113,0.6,0.0,2017-11-06 10:40:22,刺网
4469,30.12410911111111,122.99427355555555,0.1,0.0,2017-11-06 10:49:57,刺网
4469,30.12410911111111,122.99427355555555,0.1,0.0,2017-11-06 10:50:23,刺网
4469,30.124164666666665,122.99432911111113,1.3,303.0,2017-11-06 10:59:57,刺网
4469,30.124164666666665,122.99432911111113,1.3,303.0,2017-11-06 11:00:23,刺网
4469,30.12485911111111,122.99382911111113,0.9,282.0,2017-11-06 11:10:31,刺网
4469,30.12485911111111,122.99382911111113,0.9,282.0,2017-11-06 11:15:25,刺网
4469,30.125747999999998,122.99332911111112,0.5,27.0,2017-11-06 11:19:56,刺网
4469,30.125747999999998,122.99332911111112,0.5,27.0,2017-11-06 11:20:22,刺网
4469,30.12644244444445,122.99294022222223,1.6,263.0,2017-11-06 11:29:56,刺网
4469,30.12644244444445,122.99294022222223,1.6,263.0,2017-11-06 11:30:22,刺网
4469,30.127136888888888,122.99294022222223,0.5,5.0,2017-11-06 11:39:56,刺网
4469,30.127136888888888,122.99294022222223,0.5,5.0,2017-11-06 11:40:22,刺网
4469,30.12802577777777,122.992718,1.8,326.0,2017-11-06 11:49:56,刺网
4469,30.12802577777777,122.992718,1.8,326.0,2017-11-06 11:50:22,刺网
4469,30.12872022222221,122.99266244444445,0.3,0.0,2017-11-06 11:59:56,刺网
4469,30.12872022222221,122.99266244444445,0.3,0.0,2017-11-06 12:00:22,刺网
4469,30.12930355555556,122.99257911111113,1.4,16.0,2017-11-06 12:09:55,刺网
4469,30.12930355555556,122.99257911111113,1.4,16.0,2017-11-06 12:10:22,刺网
4469,30.12991466666667,122.99263466666667,0.1,0.0,2017-11-06 12:19:56,刺网
4469,30.12991466666667,122.99263466666667,0.1,0.0,2017-11-06 12:20:22,刺网
4469,30.130025777777767,122.99285688888894,0.1,0.0,2017-11-06 12:29:56,刺网
4469,30.130025777777767,122.99285688888894,0.1,0.0,2017-11-06 12:30:22,刺网
4469,30.130303555555553,122.99288466666668,0.3,0.0,2017-11-06 12:39:56,刺网
4469,30.130303555555553,122.99288466666668,0.3,0.0,2017-11-06 12:40:22,刺网
4469,30.130553555555554,122.99296799999999,1.0,55.0,2017-11-06 12:49:56,刺网
4469,30.130553555555554,122.99296799999999,1.0,55.0,2017-11-06 12:50:22,刺网
4469,30.13080355555556,122.99305133333334,0.1,0.0,2017-11-06 12:59:56,刺网
4469,30.13080355555556,122.99305133333334,0.1,0.0,2017-11-06 13:00:22,刺网
4469,30.131025777777786,122.99310688888887,0.6,33.0,2017-11-06 13:19:56,刺网
4469,30.131025777777786,122.99310688888887,0.6,33.0,2017-11-06 13:20:22,刺网
4469,30.131053555555557,122.99302355555555,0.4,0.0,2017-11-06 13:30:10,刺网
4469,30.131053555555557,122.99302355555555,0.4,0.0,2017-11-06 13:30:36,刺网
4469,30.13113688888889,122.99307911111113,0.6,43.0,2017-11-06 13:39:56,刺网
4469,30.13113688888889,122.99307911111113,0.6,43.0,2017-11-06 13:40:22,刺网
4469,30.13113688888889,122.993218,0.2,0.0,2017-11-06 13:49:56,刺网
4469,30.13113688888889,122.993218,0.2,0.0,2017-11-06 13:50:22,刺网
4469,30.13097022222223,122.99316244444445,0.5,0.0,2017-11-06 13:59:56,刺网
4469,30.13097022222223,122.99316244444445,0.5,0.0,2017-11-06 14:00:22,刺网
4469,30.130775777777767,122.99310688888887,0.1,0.0,2017-11-06 14:09:56,刺网
4469,30.130775777777767,122.99310688888887,0.1,0.0,2017-11-06 14:10:22,刺网
4469,30.13044244444445,122.99302355555555,0.3,0.0,2017-11-06 14:19:56,刺网
4469,30.13044244444445,122.99302355555555,0.3,0.0,2017-11-06 14:20:22,刺网
4469,30.129553555555553,122.99274577777778,0.7,0.0,2017-11-06 14:29:55,刺网
4469,30.129553555555553,122.99274577777778,0.7,0.0,2017-11-06 14:30:21,刺网
4469,30.129275777777767,122.99313466666666,0.2,0.0,2017-11-06 14:39:56,刺网
4469,30.129275777777767,122.99313466666666,0.2,0.0,2017-11-06 14:40:22,刺网
4469,30.129081333333332,122.9936068888889,0.1,0.0,2017-11-06 14:49:56,刺网
4469,30.129081333333332,122.9936068888889,0.1,0.0,2017-11-06 14:50:22,刺网
4469,30.12894244444445,122.99357911111113,2.5,28.0,2017-11-06 14:59:55,刺网
4469,30.12894244444445,122.99357911111113,2.5,28.0,2017-11-06 15:00:21,刺网
4469,30.12894244444445,122.99391244444445,0.0,0.0,2017-11-06 15:09:55,刺网
4469,30.12894244444445,122.99391244444445,0.0,0.0,2017-11-06 15:10:21,刺网
4469,30.128664666666666,122.99432911111113,0.9,0.0,2017-11-06 15:20:22,刺网
4469,30.12872022222221,122.99435688888893,1.6,0.0,2017-11-06 15:30:26,刺网
4469,30.12869244444445,122.99441244444445,1.0,134.0,2017-11-06 15:40:21,刺网
4469,30.128525777777767,122.99410688888894,0.2,0.0,2017-11-06 15:50:21,刺网
4469,30.128525777777767,122.99407911111112,1.0,322.0,2017-11-06 16:00:35,刺网
4469,30.128497999999997,122.99399577777778,1.0,234.0,2017-11-06 16:19:55,刺网
4469,30.128497999999997,122.99399577777778,1.0,234.0,2017-11-06 16:20:21,刺网
4469,30.128386888888887,122.9936068888889,0.7,245.0,2017-11-06 16:29:55,刺网
4469,30.128386888888887,122.9936068888889,0.7,245.0,2017-11-06 16:30:21,刺网
4469,30.128220222222208,122.99330133333332,1.9,156.0,2017-11-06 16:39:55,刺网
4469,30.128220222222208,122.99330133333332,1.9,156.0,2017-11-06 16:40:21,刺网
4469,30.128053555555553,122.99307911111113,0.1,0.0,2017-11-06 16:49:55,刺网
4469,30.128053555555553,122.99307911111113,0.1,0.0,2017-11-06 16:50:21,刺网
4469,30.127775777777767,122.99269022222224,1.3,217.0,2017-11-06 16:59:55,刺网
4469,30.127775777777767,122.99269022222224,1.3,217.0,2017-11-06 17:00:21,刺网
4469,30.127470222222207,122.9924957777778,1.9,159.0,2017-11-06 17:09:55,刺网
4469,30.127470222222207,122.9924957777778,1.9,159.0,2017-11-06 17:10:21,刺网
4469,30.12719244444445,122.99230133333332,1.0,143.0,2017-11-06 17:19:54,刺网
4469,30.12719244444445,122.99230133333332,1.0,143.0,2017-11-06 17:20:20,刺网
4469,30.126859111111113,122.99194022222223,0.9,235.0,2017-11-06 17:29:54,刺网
4469,30.126859111111113,122.99194022222223,0.9,235.0,2017-11-06 17:30:20,刺网
4469,30.12660911111111,122.99166244444444,1.2,270.0,2017-11-06 17:39:54,刺网
4469,30.12660911111111,122.99166244444444,1.2,270.0,2017-11-06 17:40:20,刺网
4469,30.12644244444445,122.99171799999999,1.6,284.0,2017-11-06 17:49:54,刺网
4469,30.12644244444445,122.99171799999999,1.6,284.0,2017-11-06 17:50:21,刺网
4469,30.12619244444444,122.9914402222222,0.1,0.0,2017-11-06 18:00:21,刺网
4469,30.12608133333333,122.99107911111112,0.7,229.0,2017-11-06 18:09:53,刺网
4469,30.12608133333333,122.99107911111112,0.7,229.0,2017-11-06 18:10:20,刺网
4469,30.12599800000001,122.99057911111113,0.5,267.0,2017-11-06 18:19:53,刺网
4469,30.12599800000001,122.99057911111113,0.5,267.0,2017-11-06 18:20:20,刺网
4469,30.12608133333333,122.99049577777778,0.1,0.0,2017-11-06 18:30:07,刺网
4469,30.12608133333333,122.99049577777778,0.1,0.0,2017-11-06 18:30:34,刺网
4469,30.12619244444444,122.99046799999999,0.9,328.0,2017-11-06 18:39:54,刺网
4469,30.12619244444444,122.99046799999999,0.9,328.0,2017-11-06 18:40:21,刺网
4469,30.12633133333333,122.99038466666669,0.2,0.0,2017-11-06 18:49:54,刺网
4469,30.12633133333333,122.99038466666669,0.2,0.0,2017-11-06 18:50:20,刺网
4469,30.12647022222221,122.99032911111112,0.0,0.0,2017-11-06 19:00:21,刺网
4469,30.126553555555557,122.99032911111112,0.3,223.0,2017-11-06 19:09:53,刺网
4469,30.126553555555557,122.99032911111112,0.3,223.0,2017-11-06 19:10:20,刺网
4469,30.126803555555558,122.99030133333336,1.3,225.0,2017-11-06 19:19:53,刺网
4469,30.126803555555558,122.99030133333336,1.3,225.0,2017-11-06 19:20:20,刺网
4469,30.12705355555555,122.99032911111112,0.2,0.0,2017-11-06 19:30:20,刺网
4469,30.126998,122.99030133333336,0.7,211.0,2017-11-06 19:39:54,刺网
4469,30.126998,122.99030133333336,0.7,211.0,2017-11-06 19:40:20,刺网
4469,30.12705355555555,122.99032911111112,0.3,206.0,2017-11-06 19:49:53,刺网
4469,30.12705355555555,122.99032911111112,0.3,206.0,2017-11-06 19:50:20,刺网
4469,30.127248,122.99035688888893,0.4,0.0,2017-11-06 19:59:53,刺网
4469,30.127248,122.99035688888893,0.4,0.0,2017-11-06 20:00:20,刺网
4469,30.127303555555553,122.99038466666669,0.3,0.0,2017-11-06 20:09:52,刺网
4469,30.127303555555553,122.99038466666669,0.3,0.0,2017-11-06 20:10:19,刺网
4469,30.12722022222221,122.99032911111112,0.1,0.0,2017-11-06 20:19:53,刺网
4469,30.12722022222221,122.99032911111112,0.1,0.0,2017-11-06 20:20:20,刺网
4469,30.127498,122.99046799999999,0.9,197.0,2017-11-06 20:29:54,刺网
4469,30.127498,122.99046799999999,0.9,197.0,2017-11-06 20:30:20,刺网
4469,30.127498,122.99046799999999,0.5,309.0,2017-11-06 20:39:53,刺网
4469,30.127498,122.99046799999999,0.5,309.0,2017-11-06 20:40:20,刺网
4469,30.127498,122.99046799999999,0.5,0.0,2017-11-06 20:49:54,刺网
4469,30.127498,122.99046799999999,0.5,0.0,2017-11-06 20:50:20,刺网
4469,30.127609111111113,122.99052355555555,0.7,0.0,2017-11-06 21:00:00,刺网
4469,30.127609111111113,122.99052355555555,0.7,0.0,2017-11-06 21:00:26,刺网
4469,30.12766466666667,122.99063466666666,0.6,0.0,2017-11-06 21:09:53,刺网
4469,30.12766466666667,122.99063466666666,0.6,0.0,2017-11-06 21:10:20,刺网
4469,30.127636888888887,122.99060688888888,2.5,134.0,2017-11-06 21:20:04,刺网
4469,30.127636888888887,122.99060688888888,2.5,134.0,2017-11-06 21:20:31,刺网
4469,30.127747999999997,122.99077355555555,0.5,151.0,2017-11-06 21:30:10,刺网
4469,30.127747999999997,122.99077355555555,0.5,151.0,2017-11-06 21:30:36,刺网
4469,30.12785911111111,122.99082911111113,0.8,284.0,2017-11-06 21:39:53,刺网
4469,30.12785911111111,122.99082911111113,0.8,284.0,2017-11-06 21:40:19,刺网
4469,30.12780355555555,122.99080133333334,0.9,333.0,2017-11-06 21:49:53,刺网
4469,30.12780355555555,122.99080133333334,0.9,333.0,2017-11-06 21:50:19,刺网
4469,30.127886888888888,122.99085688888893,0.5,0.0,2017-11-06 21:59:52,刺网
4469,30.127886888888888,122.99085688888893,0.5,0.0,2017-11-06 22:00:19,刺网
4469,30.12797022222223,122.99102355555556,0.5,0.0,2017-11-06 22:09:51,刺网
4469,30.12797022222223,122.99102355555556,0.5,0.0,2017-11-06 22:10:18,刺网
4469,30.12797022222223,122.99107911111112,0.7,358.0,2017-11-06 22:19:52,刺网
4469,30.12797022222223,122.99107911111112,0.7,358.0,2017-11-06 22:20:19,刺网
4469,30.128053555555553,122.99121799999999,0.2,0.0,2017-11-06 22:29:54,刺网
4469,30.128053555555553,122.99121799999999,0.2,0.0,2017-11-06 22:30:20,刺网
4469,30.128053555555553,122.99132911111113,0.3,0.0,2017-11-06 22:39:53,刺网
4469,30.128053555555553,122.99132911111113,0.3,0.0,2017-11-06 22:40:19,刺网
4469,30.12808133333333,122.99138466666668,1.3,179.0,2017-11-06 22:49:54,刺网
4469,30.12808133333333,122.99138466666668,1.3,179.0,2017-11-06 22:50:20,刺网
4469,30.12810911111111,122.991468,0.1,0.0,2017-11-06 22:59:53,刺网
4469,30.12810911111111,122.991468,0.1,0.0,2017-11-06 23:00:19,刺网
4469,30.12819244444445,122.991468,0.1,0.0,2017-11-06 23:09:53,刺网
4469,30.12819244444445,122.991468,0.1,0.0,2017-11-06 23:10:19,刺网
4469,30.128220222222208,122.99171799999999,0.6,222.0,2017-11-06 23:19:54,刺网
4469,30.128220222222208,122.99171799999999,0.6,222.0,2017-11-06 23:20:20,刺网
4469,30.128220222222208,122.99177355555555,2.0,149.0,2017-11-06 23:29:54,刺网
4469,30.128220222222208,122.99177355555555,2.0,149.0,2017-11-06 23:30:20,刺网
4469,30.128248,122.99182911111113,0.4,0.0,2017-11-06 23:39:54,刺网
4469,30.128248,122.99182911111113,0.4,0.0,2017-11-06 23:40:20,刺网
4469,30.128220222222208,122.99194022222223,0.7,0.0,2017-11-06 23:49:52,刺网
4469,30.128220222222208,122.99194022222223,0.7,0.0,2017-11-06 23:50:19,刺网
4469,30.128220222222208,122.99207911111112,0.4,0.0,2017-11-07 00:00:09,刺网
4469,30.128220222222208,122.99207911111112,0.4,0.0,2017-11-07 00:00:36,刺网
4469,30.12819244444445,122.99224577777778,0.7,89.0,2017-11-07 00:09:54,刺网
4469,30.12819244444445,122.99224577777778,0.7,89.0,2017-11-07 00:10:20,刺网
4469,30.12816466666667,122.99232911111113,0.3,81.0,2017-11-07 00:19:53,刺网
4469,30.12816466666667,122.99232911111113,0.3,81.0,2017-11-07 00:20:19,刺网
4469,30.12819244444445,122.99232911111113,0.1,0.0,2017-11-07 00:29:51,刺网
4469,30.12819244444445,122.99232911111113,0.1,0.0,2017-11-07 00:30:18,刺网
4469,30.12816466666667,122.9924957777778,1.3,92.0,2017-11-07 00:39:52,刺网
4469,30.12816466666667,122.9924957777778,1.3,92.0,2017-11-07 00:40:18,刺网
4469,30.12813688888889,122.99260688888893,0.4,0.0,2017-11-07 00:49:51,刺网
4469,30.12813688888889,122.99260688888893,0.4,0.0,2017-11-07 00:50:18,刺网
4469,30.12813688888889,122.99260688888893,0.3,0.0,2017-11-07 00:59:51,刺网
4469,30.12813688888889,122.99260688888893,0.3,0.0,2017-11-07 01:00:18,刺网
4469,30.128053555555553,122.99269022222224,0.3,0.0,2017-11-07 01:09:51,刺网
4469,30.128053555555553,122.99269022222224,0.3,0.0,2017-11-07 01:10:19,刺网
4469,30.127998,122.99285688888894,1.0,332.0,2017-11-07 01:19:51,刺网
4469,30.127998,122.99285688888894,1.0,332.0,2017-11-07 01:20:18,刺网
4469,30.12791466666667,122.99296799999999,2.5,120.0,2017-11-07 01:29:52,刺网
4469,30.12791466666667,122.99296799999999,2.5,120.0,2017-11-07 01:30:19,刺网
4469,30.12785911111111,122.99310688888887,1.5,47.0,2017-11-07 01:40:09,刺网
4469,30.12785911111111,122.99310688888887,1.5,47.0,2017-11-07 01:40:37,刺网
4469,30.127692444444445,122.99327355555555,0.6,146.0,2017-11-07 01:49:51,刺网
4469,30.127692444444445,122.99327355555555,0.6,146.0,2017-11-07 01:50:18,刺网
4469,30.127498,122.99341244444444,0.4,0.0,2017-11-07 01:59:52,刺网
4469,30.127498,122.99341244444444,0.4,0.0,2017-11-07 02:00:19,刺网
4469,30.12738688888889,122.99349577777781,0.3,0.0,2017-11-07 02:10:18,刺网
4469,30.127164666666665,122.99357911111113,0.7,162.0,2017-11-07 02:19:52,刺网
4469,30.127164666666665,122.99357911111113,0.7,162.0,2017-11-07 02:20:19,刺网
4469,30.126775777777766,122.99363466666668,0.3,121.0,2017-11-07 02:29:51,刺网
4469,30.126775777777766,122.99363466666668,0.3,121.0,2017-11-07 02:30:18,刺网
4469,30.126498,122.99355133333334,0.5,308.0,2017-11-07 02:39:51,刺网
4469,30.126498,122.99355133333334,0.5,308.0,2017-11-07 02:40:18,刺网
4469,30.126247999999997,122.99335688888893,0.4,272.0,2017-11-07 02:49:53,刺网
4469,30.126247999999997,122.99335688888893,0.4,272.0,2017-11-07 02:50:19,刺网
4469,30.12602577777778,122.99332911111112,0.8,239.0,2017-11-07 02:59:53,刺网
4469,30.12602577777778,122.99332911111112,0.8,239.0,2017-11-07 03:00:19,刺网
4469,30.126164666666664,122.99330133333332,0.6,308.0,2017-11-07 03:09:52,刺网
4469,30.126164666666664,122.99330133333332,0.6,308.0,2017-11-07 03:10:18,刺网
4469,30.126247999999997,122.99349577777781,0.5,0.0,2017-11-07 03:20:18,刺网
4469,30.12591466666667,122.99330133333332,0.4,0.0,2017-11-07 03:29:52,刺网
4469,30.12591466666667,122.99330133333332,0.4,0.0,2017-11-07 03:30:18,刺网
4469,30.126053555555554,122.99338466666669,1.8,56.0,2017-11-07 03:39:53,刺网
4469,30.126053555555554,122.99338466666669,1.8,56.0,2017-11-07 03:40:19,刺网
4469,30.12599800000001,122.99330133333332,0.7,48.0,2017-11-07 03:49:51,刺网
4469,30.12599800000001,122.99330133333332,0.7,48.0,2017-11-07 03:50:18,刺网
4469,30.12572022222223,122.993218,1.1,167.0,2017-11-07 03:59:53,刺网
4469,30.12572022222223,122.993218,1.1,167.0,2017-11-07 04:00:19,刺网
4469,30.125664666666665,122.99305133333334,0.1,0.0,2017-11-07 04:10:09,刺网
4469,30.125664666666665,122.99305133333334,0.1,0.0,2017-11-07 04:10:36,刺网
4469,30.125303555555554,122.99210688888893,0.7,268.0,2017-11-07 04:19:52,刺网
4469,30.125303555555554,122.99210688888893,0.7,268.0,2017-11-07 04:20:18,刺网
4469,30.12533133333333,122.99205133333334,0.0,0.0,2017-11-07 04:29:52,刺网
4469,30.12533133333333,122.99205133333334,0.0,0.0,2017-11-07 04:30:18,刺网
4469,30.12533133333333,122.991968,1.5,260.0,2017-11-07 04:39:52,刺网
4469,30.12533133333333,122.991968,1.5,260.0,2017-11-07 04:40:18,刺网
4469,30.12533133333333,122.99194022222223,0.8,161.0,2017-11-07 04:49:52,刺网
4469,30.12533133333333,122.99194022222223,0.8,161.0,2017-11-07 04:50:19,刺网
4469,30.12533133333333,122.99182911111113,0.5,257.0,2017-11-07 04:59:51,刺网
4469,30.12533133333333,122.99182911111113,0.5,257.0,2017-11-07 05:00:18,刺网
4469,30.12533133333333,122.99188466666668,0.6,115.0,2017-11-07 05:09:51,刺网
4469,30.12533133333333,122.99188466666668,0.6,115.0,2017-11-07 05:10:18,刺网
4469,30.12533133333333,122.99177355555555,1.6,272.0,2017-11-07 05:19:51,刺网
4469,30.12533133333333,122.99177355555555,1.6,272.0,2017-11-07 05:20:18,刺网
4469,30.12533133333333,122.99169022222223,0.2,0.0,2017-11-07 05:29:51,刺网
4469,30.12533133333333,122.99169022222223,0.2,0.0,2017-11-07 05:30:18,刺网
4469,30.12533133333333,122.99171799999999,0.2,0.0,2017-11-07 05:39:51,刺网
4469,30.12533133333333,122.99171799999999,0.2,0.0,2017-11-07 05:40:18,刺网
4469,30.12533133333333,122.99177355555555,0.2,0.0,2017-11-07 05:49:51,刺网
4469,30.12533133333333,122.99177355555555,0.2,0.0,2017-11-07 05:50:18,刺网
4469,30.12533133333333,122.99177355555555,1.1,271.0,2017-11-07 05:59:51,刺网
4469,30.12533133333333,122.99177355555555,1.1,271.0,2017-11-07 06:00:17,刺网
4469,30.125359111111113,122.99177355555555,0.2,0.0,2017-11-07 06:09:52,刺网
4469,30.125359111111113,122.99177355555555,0.2,0.0,2017-11-07 06:10:18,刺网
4469,30.125303555555554,122.99166244444444,1.1,263.0,2017-11-07 06:19:51,刺网
4469,30.125303555555554,122.99166244444444,1.1,263.0,2017-11-07 06:20:18,刺网
4469,30.12533133333333,122.99166244444444,2.2,315.0,2017-11-07 06:29:52,刺网
4469,30.12533133333333,122.99166244444444,2.2,315.0,2017-11-07 06:30:18,刺网
4469,30.125303555555554,122.99177355555555,0.6,0.0,2017-11-07 06:39:52,刺网
4469,30.125303555555554,122.99177355555555,0.6,0.0,2017-11-07 06:40:19,刺网
4469,30.12533133333333,122.99163466666668,0.3,0.0,2017-11-07 06:49:52,刺网
4469,30.12533133333333,122.99163466666668,0.3,0.0,2017-11-07 06:50:18,刺网
4469,30.12541466666667,122.99155133333336,1.2,154.0,2017-11-07 06:59:52,刺网
4469,30.12541466666667,122.99155133333336,1.2,154.0,2017-11-07 07:00:18,刺网
4469,30.125275777777766,122.9914402222222,0.8,0.0,2017-11-07 07:09:53,刺网
4469,30.125275777777766,122.9914402222222,0.8,0.0,2017-11-07 07:10:19,刺网
4469,30.125220222222207,122.99138466666668,1.7,0.0,2017-11-07 07:19:52,刺网
4469,30.125220222222207,122.99138466666668,1.7,0.0,2017-11-07 07:20:19,刺网
4469,30.125275777777766,122.9912457777778,0.4,0.0,2017-11-07 07:29:57,刺网
4469,30.125275777777766,122.9912457777778,0.4,0.0,2017-11-07 07:30:23,刺网
4469,30.125303555555554,122.9912457777778,2.0,0.0,2017-11-07 07:39:57,刺网
4469,30.125303555555554,122.9912457777778,2.0,0.0,2017-11-07 07:40:23,刺网
4469,30.125497999999997,122.9912457777778,1.8,325.0,2017-11-07 07:50:08,刺网
4469,30.125497999999997,122.9912457777778,1.8,325.0,2017-11-07 07:50:34,刺网
4469,30.12560911111111,122.99105133333336,0.7,0.0,2017-11-07 07:59:51,刺网
4469,30.12560911111111,122.99105133333336,0.7,0.0,2017-11-07 08:00:18,刺网
4469,30.125636888888888,122.990968,0.6,0.0,2017-11-07 08:09:51,刺网
4469,30.125636888888888,122.990968,0.6,0.0,2017-11-07 08:10:18,刺网
4469,30.12569244444445,122.99088466666667,0.6,0.0,2017-11-07 08:19:50,刺网
4469,30.12569244444445,122.99088466666667,0.6,0.0,2017-11-07 08:20:16,刺网
4469,30.12585911111111,122.99080133333334,0.3,0.0,2017-11-07 08:29:52,刺网
4469,30.12585911111111,122.99080133333334,0.3,0.0,2017-11-07 08:30:18,刺网
4469,30.12594244444445,122.99071800000002,1.5,0.0,2017-11-07 08:39:52,刺网
4469,30.12594244444445,122.99071800000002,1.5,0.0,2017-11-07 08:40:18,刺网
4469,30.126164666666664,122.99057911111113,0.5,0.0,2017-11-07 08:49:53,刺网
4469,30.126164666666664,122.99057911111113,0.5,0.0,2017-11-07 08:50:19,刺网
4469,30.126386888888888,122.99060688888888,0.3,0.0,2017-11-07 09:00:00,刺网
4469,30.126386888888888,122.99060688888888,0.3,0.0,2017-11-07 09:00:26,刺网
4469,30.126525777777786,122.99049577777778,1.2,0.0,2017-11-07 09:09:52,刺网
4469,30.126525777777786,122.99049577777778,1.2,0.0,2017-11-07 09:10:18,刺网
4469,30.12666466666667,122.99046799999999,1.9,294.0,2017-11-07 09:19:52,刺网
4469,30.12666466666667,122.99046799999999,1.9,294.0,2017-11-07 09:20:18,刺网
4469,30.126775777777766,122.99046799999999,0.4,0.0,2017-11-07 09:29:52,刺网
4469,30.126775777777766,122.99046799999999,0.4,0.0,2017-11-07 09:30:18,刺网
4469,30.126998,122.99044022222223,0.4,0.0,2017-11-07 09:39:52,刺网
4469,30.126998,122.99044022222223,0.4,0.0,2017-11-07 09:40:18,刺网
4469,30.127164666666665,122.99049577777778,0.5,0.0,2017-11-07 09:49:50,刺网
4469,30.127164666666665,122.99049577777778,0.5,0.0,2017-11-07 09:50:17,刺网
4469,30.12744244444445,122.99049577777778,0.7,0.0,2017-11-07 09:59:54,刺网
4469,30.12744244444445,122.99049577777778,0.7,0.0,2017-11-07 10:00:20,刺网
4469,30.127553555555554,122.99055133333334,0.1,0.0,2017-11-07 10:10:09,刺网
4469,30.127553555555554,122.99055133333334,0.1,0.0,2017-11-07 10:10:36,刺网
4469,30.127692444444445,122.99063466666666,0.6,272.0,2017-11-07 10:19:49,刺网
4469,30.127692444444445,122.99063466666666,0.6,272.0,2017-11-07 10:20:16,刺网
4469,30.127775777777767,122.99077355555555,0.0,0.0,2017-11-07 10:29:50,刺网
4469,30.127775777777767,122.99077355555555,0.0,0.0,2017-11-07 10:30:16,刺网
4469,30.12785911111111,122.99088466666667,0.5,0.0,2017-11-07 10:49:50,刺网
4469,30.12785911111111,122.99088466666667,0.5,0.0,2017-11-07 10:50:16,刺网
4469,30.12794244444445,122.990968,0.1,0.0,2017-11-07 10:59:51,刺网
4469,30.12794244444445,122.990968,0.1,0.0,2017-11-07 11:00:17,刺网
4469,30.127998,122.99110688888894,0.3,0.0,2017-11-07 11:09:50,刺网
4469,30.127998,122.99110688888894,0.3,0.0,2017-11-07 11:10:16,刺网
4469,30.12802577777777,122.99113466666668,0.6,263.0,2017-11-07 11:19:50,刺网
4469,30.12802577777777,122.99113466666668,0.6,263.0,2017-11-07 11:20:16,刺网
4469,30.12810911111111,122.9912457777778,0.6,117.0,2017-11-07 11:29:50,刺网
4469,30.12810911111111,122.9912457777778,0.6,117.0,2017-11-07 11:30:16,刺网
4469,30.12816466666667,122.9914402222222,0.4,0.0,2017-11-07 11:39:50,刺网
4469,30.12816466666667,122.9914402222222,0.4,0.0,2017-11-07 11:40:16,刺网
4469,30.12819244444445,122.99160688888892,1.5,39.0,2017-11-07 11:49:50,刺网
4469,30.12819244444445,122.99160688888892,1.5,39.0,2017-11-07 11:50:16,刺网
4469,30.128248,122.99180133333334,1.0,46.0,2017-11-07 11:59:49,刺网
4469,30.128248,122.99180133333334,1.0,46.0,2017-11-07 12:00:16,刺网
4469,30.12816466666667,122.99188466666668,1.4,175.0,2017-11-07 12:09:51,刺网
4469,30.12816466666667,122.99188466666668,1.4,175.0,2017-11-07 12:10:17,刺网
4469,30.128970222222208,122.98780133333334,3.2,291.0,2017-11-07 12:19:50,刺网
4469,30.128970222222208,122.98780133333334,3.2,291.0,2017-11-07 12:20:16,刺网
4469,30.128275777777766,122.98260688888894,5.1,269.0,2017-11-07 12:29:50,刺网
4469,30.128275777777766,122.98260688888894,5.1,269.0,2017-11-07 12:30:16,刺网
4469,30.130997999999998,122.966218,5.2,285.0,2017-11-07 12:39:50,刺网
4469,30.130997999999998,122.966218,5.2,285.0,2017-11-07 12:40:16,刺网
4469,30.134998,122.9497457777778,5.5,276.0,2017-11-07 12:49:50,刺网
4469,30.134998,122.9497457777778,5.5,276.0,2017-11-07 12:50:16,刺网
4469,30.137859111111112,122.93338466666668,1.9,277.0,2017-11-07 12:59:50,刺网
4469,30.137859111111112,122.93338466666668,1.9,277.0,2017-11-07 13:00:17,刺网
4469,30.148303555555554,122.93827355555555,9.6,29.0,2017-11-07 13:09:51,刺网
4469,30.148303555555554,122.93827355555555,9.6,29.0,2017-11-07 13:10:17,刺网
4469,30.164498,122.94635688888893,1.5,100.0,2017-11-07 13:20:10,刺网
4469,30.164498,122.94635688888893,1.5,100.0,2017-11-07 13:20:36,刺网
4469,30.164192444444442,122.948968,7.3,91.0,2017-11-07 13:29:52,刺网
4469,30.164192444444442,122.948968,7.3,91.0,2017-11-07 13:30:19,刺网
4469,30.149386888888888,122.9734957777778,10.2,130.0,2017-11-07 13:39:50,刺网
4469,30.149386888888888,122.9734957777778,10.2,130.0,2017-11-07 13:40:16,刺网
4469,30.13124800000001,122.99755133333332,9.0,86.0,2017-11-07 13:49:49,刺网
4469,30.13124800000001,122.99755133333332,9.0,86.0,2017-11-07 13:50:16,刺网
4469,30.13380355555556,122.99985688888887,0.8,102.0,2017-11-07 13:59:49,刺网
4469,30.13380355555556,122.99985688888887,0.8,102.0,2017-11-07 14:00:16,刺网
4469,30.13338688888889,123.00010688888894,0.6,0.0,2017-11-07 14:09:51,刺网
4469,30.13338688888889,123.00010688888894,0.6,0.0,2017-11-07 14:10:18,刺网
4469,30.13258133333333,123.00013466666668,0.4,0.0,2017-11-07 14:19:50,刺网
4469,30.13258133333333,123.00013466666668,0.4,0.0,2017-11-07 14:20:16,刺网
4469,30.132192444444442,122.99980133333334,0.5,0.0,2017-11-07 14:29:50,刺网
4469,30.132192444444442,122.99980133333334,0.5,0.0,2017-11-07 14:30:17,刺网
4469,30.131859111111112,122.9997457777778,0.1,0.0,2017-11-07 14:39:50,刺网
4469,30.131859111111112,122.9997457777778,0.1,0.0,2017-11-07 14:40:17,刺网
4469,30.13197022222222,122.99982911111113,1.4,246.0,2017-11-07 14:49:49,刺网
4469,30.13197022222222,122.99982911111113,1.4,246.0,2017-11-07 14:50:15,刺网
4469,30.131803555555557,122.99969022222223,0.3,0.0,2017-11-07 15:00:49,刺网
4469,30.131803555555557,122.99969022222223,0.3,0.0,2017-11-07 15:01:16,刺网
4469,30.13169244444445,122.99952355555556,1.1,203.0,2017-11-07 15:09:49,刺网
4469,30.13169244444445,122.99952355555556,1.1,203.0,2017-11-07 15:10:15,刺网
4469,30.131664666666666,122.99944022222223,0.3,0.0,2017-11-07 15:20:10,刺网
4469,30.131664666666666,122.99944022222223,0.3,0.0,2017-11-07 15:20:36,刺网
4469,30.13160911111111,122.99932911111112,0.6,0.0,2017-11-07 15:29:50,刺网
4469,30.13160911111111,122.99932911111112,0.6,0.0,2017-11-07 15:30:16,刺网
4469,30.13158133333333,122.99919022222224,0.2,0.0,2017-11-07 15:40:16,刺网
4469,30.131525777777767,122.99910688888887,0.3,0.0,2017-11-07 15:50:16,刺网
4469,30.13155355555556,122.99913466666666,1.9,276.0,2017-11-07 16:00:16,刺网
4469,30.131498,122.99910688888887,1.4,211.0,2017-11-07 16:10:17,刺网
4469,30.131498,122.99899577777781,0.2,0.0,2017-11-07 16:20:16,刺网
4469,30.131498,122.99902355555555,0.8,23.0,2017-11-07 16:30:16,刺网
4469,30.13147022222222,122.99888466666668,0.7,0.0,2017-11-07 16:40:16,刺网
4469,30.131498,122.99894022222223,0.1,0.0,2017-11-07 16:50:16,刺网
4469,30.13147022222222,122.99888466666668,0.9,245.0,2017-11-07 17:00:17,刺网
4469,30.13147022222222,122.99880133333336,0.6,57.0,2017-11-07 17:10:15,刺网
4469,30.13147022222222,122.99891244444444,1.5,257.0,2017-11-07 17:20:15,刺网
4469,30.13147022222222,122.99888466666668,0.4,0.0,2017-11-07 17:30:16,刺网
4469,30.131442444444442,122.99882911111112,0.8,0.0,2017-11-07 17:40:16,刺网
4469,30.13147022222222,122.99894022222223,0.6,0.0,2017-11-07 17:50:17,刺网
4469,30.131525777777767,122.99891244444444,0.7,73.0,2017-11-07 17:59:49,刺网
4469,30.131525777777767,122.99891244444444,0.7,73.0,2017-11-07 18:00:15,刺网
4469,30.13147022222222,122.99882911111112,0.2,0.0,2017-11-07 18:10:10,刺网
4469,30.13147022222222,122.99882911111112,0.2,0.0,2017-11-07 18:10:36,刺网
4469,30.131442444444442,122.998718,1.3,187.0,2017-11-07 18:19:49,刺网
4469,30.131442444444442,122.998718,1.3,187.0,2017-11-07 18:20:15,刺网
4469,30.131442444444442,122.99874577777778,1.6,82.0,2017-11-07 18:29:49,刺网
4469,30.131442444444442,122.99874577777778,1.6,82.0,2017-11-07 18:30:15,刺网
4469,30.131414666666664,122.99882911111112,1.1,2.0,2017-11-07 18:39:49,刺网
4469,30.131414666666664,122.99882911111112,1.1,2.0,2017-11-07 18:40:15,刺网
4469,30.131442444444442,122.9986902222222,0.1,0.0,2017-11-07 18:49:50,刺网
4469,30.131442444444442,122.9986902222222,0.1,0.0,2017-11-07 18:50:16,刺网
4469,30.13147022222222,122.99857911111113,0.6,145.0,2017-11-07 19:00:17,刺网
4469,30.131414666666664,122.99860688888893,0.3,0.0,2017-11-07 19:09:49,刺网
4469,30.131414666666664,122.99860688888893,0.3,0.0,2017-11-07 19:10:16,刺网
4469,30.131414666666664,122.9984957777778,0.8,303.0,2017-11-07 19:19:48,刺网
4469,30.131414666666664,122.9984957777778,0.8,303.0,2017-11-07 19:20:14,刺网
4469,30.131442444444442,122.99863466666667,0.2,0.0,2017-11-07 19:29:48,刺网
4469,30.131442444444442,122.99863466666667,0.2,0.0,2017-11-07 19:30:14,刺网
4469,30.131414666666664,122.99860688888893,1.2,194.0,2017-11-07 19:39:49,刺网
4469,30.131414666666664,122.99860688888893,1.2,194.0,2017-11-07 19:40:16,刺网
4469,30.131442444444442,122.99841244444444,0.1,0.0,2017-11-07 19:49:48,刺网
4469,30.131442444444442,122.99841244444444,0.1,0.0,2017-11-07 19:50:14,刺网
4469,30.131442444444442,122.99835688888888,0.2,0.0,2017-11-07 19:59:48,刺网
4469,30.131442444444442,122.99835688888888,0.2,0.0,2017-11-07 20:00:15,刺网
4469,30.131498,122.99805133333336,1.0,175.0,2017-11-07 20:10:14,刺网
4469,30.131442444444442,122.99838466666668,0.5,0.0,2017-11-07 20:19:47,刺网
4469,30.131442444444442,122.99838466666668,0.5,0.0,2017-11-07 20:20:14,刺网
4469,30.13147022222222,122.9984957777778,2.0,162.0,2017-11-07 20:29:47,刺网
4469,30.13147022222222,122.9984957777778,2.0,162.0,2017-11-07 20:30:14,刺网
4469,30.131498,122.99802355555555,2.0,163.0,2017-11-07 20:39:48,刺网
4469,30.131498,122.99802355555555,2.0,163.0,2017-11-07 20:40:15,刺网
4469,30.131525777777767,122.99794022222223,1.2,235.0,2017-11-07 20:49:49,刺网
4469,30.131525777777767,122.99794022222223,1.2,235.0,2017-11-07 20:50:15,刺网
4469,30.13155355555556,122.997968,0.7,0.0,2017-11-07 20:59:50,刺网
4469,30.13155355555556,122.997968,0.7,0.0,2017-11-07 21:00:16,刺网
4469,30.13158133333333,122.99791244444445,0.9,0.0,2017-11-07 21:09:52,刺网
4469,30.13158133333333,122.99791244444445,0.9,0.0,2017-11-07 21:10:18,刺网
4469,30.131664666666666,122.99766244444444,0.9,0.0,2017-11-07 21:19:48,刺网
4469,30.131664666666666,122.99766244444444,0.9,0.0,2017-11-07 21:20:14,刺网
4469,30.131664666666666,122.99782911111113,0.3,0.0,2017-11-07 21:30:10,刺网
4469,30.131664666666666,122.99782911111113,0.3,0.0,2017-11-07 21:30:37,刺网
4469,30.13169244444445,122.99774577777778,0.1,0.0,2017-11-07 21:39:48,刺网
4469,30.13169244444445,122.99774577777778,0.1,0.0,2017-11-07 21:40:14,刺网
4469,30.131636888888888,122.99780133333334,1.4,107.0,2017-11-07 21:49:48,刺网
4469,30.131636888888888,122.99780133333334,1.4,107.0,2017-11-07 21:50:14,刺网
4469,30.13155355555556,122.99819022222222,0.3,0.0,2017-11-07 21:59:48,刺网
4469,30.13155355555556,122.99819022222222,0.3,0.0,2017-11-07 22:00:14,刺网
4469,30.131498,122.99852355555555,0.1,0.0,2017-11-07 22:09:48,刺网
4469,30.131498,122.99852355555555,0.1,0.0,2017-11-07 22:10:14,刺网
4469,30.131498,122.99838466666668,1.7,0.0,2017-11-07 22:19:52,刺网
4469,30.131498,122.99838466666668,1.7,0.0,2017-11-07 22:20:18,刺网
4469,30.131525777777767,122.99855133333334,1.9,279.0,2017-11-07 22:29:48,刺网
4469,30.131525777777767,122.99855133333334,1.9,279.0,2017-11-07 22:30:14,刺网
4469,30.131664666666666,122.99794022222223,1.4,297.0,2017-11-07 22:39:48,刺网
4469,30.131664666666666,122.99794022222223,1.4,297.0,2017-11-07 22:40:14,刺网
4469,30.132025777777766,122.99755133333332,0.8,28.0,2017-11-07 22:49:47,刺网
4469,30.132025777777766,122.99755133333332,0.8,28.0,2017-11-07 22:50:14,刺网
4469,30.13191466666667,122.99807911111112,1.0,284.0,2017-11-07 22:59:48,刺网
4469,30.13191466666667,122.99807911111112,1.0,284.0,2017-11-07 23:00:15,刺网
4469,30.131525777777767,122.99880133333336,0.4,0.0,2017-11-07 23:09:48,刺网
4469,30.131525777777767,122.99880133333336,0.4,0.0,2017-11-07 23:10:14,刺网
4469,30.131803555555557,122.99930133333334,0.7,199.0,2017-11-07 23:19:47,刺网
4469,30.131803555555557,122.99930133333334,0.7,199.0,2017-11-07 23:20:14,刺网
4469,30.13188688888889,122.99927355555555,1.1,0.0,2017-11-07 23:29:50,刺网
4469,30.13188688888889,122.99927355555555,1.1,0.0,2017-11-07 23:30:17,刺网
4469,30.132109111111113,122.999218,0.0,0.0,2017-11-07 23:40:10,刺网
4469,30.132109111111113,122.999218,0.0,0.0,2017-11-07 23:40:36,刺网
4469,30.131859111111112,122.99935688888893,1.3,294.0,2017-11-07 23:49:48,刺网
4469,30.131859111111112,122.99935688888893,1.3,294.0,2017-11-07 23:50:14,刺网
4469,30.132053555555547,122.99944022222223,0.7,31.0,2017-11-07 23:59:48,刺网
4469,30.132053555555547,122.99944022222223,0.7,31.0,2017-11-08 00:00:14,刺网
4469,30.13244244444445,122.9996068888889,0.4,32.0,2017-11-08 00:09:47,刺网
4469,30.13244244444445,122.9996068888889,0.4,32.0,2017-11-08 00:10:13,刺网
4469,30.132886888888887,122.999468,0.9,35.0,2017-11-08 00:29:47,刺网
4469,30.132886888888887,122.999468,0.9,35.0,2017-11-08 00:30:13,刺网
4469,30.13263688888889,122.99971800000002,0.8,29.0,2017-11-08 00:39:47,刺网
4469,30.13263688888889,122.99971800000002,0.8,29.0,2017-11-08 00:40:14,刺网
4469,30.13266466666667,122.99963466666668,1.6,94.0,2017-11-08 00:49:47,刺网
4469,30.13266466666667,122.99963466666668,1.6,94.0,2017-11-08 00:50:13,刺网
4469,30.132414666666666,122.9997457777778,0.8,170.0,2017-11-08 00:59:47,刺网
4469,30.132414666666666,122.9997457777778,0.8,170.0,2017-11-08 01:00:14,刺网
4469,30.132414666666666,122.99957911111113,0.1,0.0,2017-11-08 01:09:47,刺网
4469,30.132414666666666,122.99957911111113,0.1,0.0,2017-11-08 01:10:14,刺网
4469,30.132275777777767,122.99966244444445,1.1,130.0,2017-11-08 01:19:46,刺网
4469,30.132275777777767,122.99966244444445,1.1,130.0,2017-11-08 01:20:13,刺网
4469,30.13222022222222,122.99963466666668,0.8,163.0,2017-11-08 01:29:47,刺网
4469,30.13222022222222,122.99963466666668,0.8,163.0,2017-11-08 01:30:14,刺网
4469,30.132248,122.9996068888889,0.1,0.0,2017-11-08 01:39:47,刺网
4469,30.132248,122.9996068888889,0.1,0.0,2017-11-08 01:40:13,刺网
4469,30.131998,122.99955133333334,0.2,0.0,2017-11-08 01:49:46,刺网
4469,30.131998,122.99955133333334,0.2,0.0,2017-11-08 01:50:13,刺网
4469,30.13188688888889,122.99963466666668,0.0,0.0,2017-11-08 01:59:47,刺网
4469,30.13188688888889,122.99963466666668,0.0,0.0,2017-11-08 02:00:14,刺网
4469,30.131803555555557,122.99944022222223,0.8,199.0,2017-11-08 02:10:09,刺网
4469,30.131803555555557,122.99944022222223,0.8,199.0,2017-11-08 02:10:36,刺网
4469,30.13183133333333,122.999468,0.1,0.0,2017-11-08 02:19:46,刺网
4469,30.13183133333333,122.999468,0.1,0.0,2017-11-08 02:20:13,刺网
4469,30.131803555555557,122.999468,0.7,206.0,2017-11-08 02:29:45,刺网
4469,30.131803555555557,122.999468,0.7,206.0,2017-11-08 02:30:12,刺网
4469,30.131748,122.99941244444445,1.2,209.0,2017-11-08 02:39:46,刺网
4469,30.131748,122.99941244444445,1.2,209.0,2017-11-08 02:40:13,刺网
4469,30.131803555555557,122.99949577777778,0.3,0.0,2017-11-08 02:49:46,刺网
4469,30.131803555555557,122.99949577777778,0.3,0.0,2017-11-08 02:50:13,刺网
4469,30.13172022222221,122.99941244444445,0.5,295.0,2017-11-08 02:59:47,刺网
4469,30.13172022222221,122.99941244444445,0.5,295.0,2017-11-08 03:00:14,刺网
4469,30.131664666666666,122.99930133333334,0.0,0.0,2017-11-08 03:09:46,刺网
4469,30.131664666666666,122.99930133333334,0.0,0.0,2017-11-08 03:10:13,刺网
4469,30.131636888888888,122.99927355555555,0.6,332.0,2017-11-08 03:19:46,刺网
4469,30.131636888888888,122.99927355555555,0.6,332.0,2017-11-08 03:20:14,刺网
4469,30.13155355555556,122.99916244444445,0.1,0.0,2017-11-08 03:29:47,刺网
4469,30.13155355555556,122.99916244444445,0.1,0.0,2017-11-08 03:30:14,刺网
4469,30.13155355555556,122.99916244444445,0.3,0.0,2017-11-08 03:39:46,刺网
4469,30.13155355555556,122.99916244444445,0.3,0.0,2017-11-08 03:40:13,刺网
4469,30.131498,122.99910688888887,0.1,0.0,2017-11-08 03:49:46,刺网
4469,30.131498,122.99910688888887,0.1,0.0,2017-11-08 03:50:13,刺网
4469,30.131525777777767,122.99907911111113,0.4,0.0,2017-11-08 03:59:47,刺网
4469,30.131525777777767,122.99907911111113,0.4,0.0,2017-11-08 04:00:14,刺网
4469,30.13147022222222,122.99899577777781,0.2,0.0,2017-11-08 04:09:47,刺网
4469,30.13147022222222,122.99899577777781,0.2,0.0,2017-11-08 04:10:14,刺网
4469,30.131498,122.99907911111113,0.8,352.0,2017-11-08 04:19:47,刺网
4469,30.131498,122.99907911111113,0.8,352.0,2017-11-08 04:20:14,刺网
4469,30.131498,122.99902355555555,0.8,324.0,2017-11-08 04:29:46,刺网
4469,30.131498,122.99902355555555,0.8,324.0,2017-11-08 04:30:13,刺网
4469,30.131498,122.99894022222223,1.0,304.0,2017-11-08 04:39:47,刺网
4469,30.131498,122.99894022222223,1.0,304.0,2017-11-08 04:40:14,刺网
4469,30.13147022222222,122.99891244444444,1.3,14.0,2017-11-08 04:49:47,刺网
4469,30.13147022222222,122.99891244444444,1.3,14.0,2017-11-08 04:50:13,刺网
4469,30.13147022222222,122.99891244444444,0.7,130.0,2017-11-08 04:59:47,刺网
4469,30.13147022222222,122.99891244444444,0.7,130.0,2017-11-08 05:00:13,刺网
4469,30.131498,122.99880133333336,1.0,313.0,2017-11-08 05:09:47,刺网
4469,30.131498,122.99880133333336,1.0,313.0,2017-11-08 05:10:13,刺网
4469,30.131498,122.99880133333336,0.4,0.0,2017-11-08 05:19:46,刺网
4469,30.131498,122.99880133333336,0.4,0.0,2017-11-08 05:20:13,刺网
4469,30.131386888888887,122.99882911111112,0.4,0.0,2017-11-08 05:29:47,刺网
4469,30.131386888888887,122.99882911111112,0.4,0.0,2017-11-08 05:30:14,刺网
4469,30.131359111111113,122.99877355555556,1.2,301.0,2017-11-08 05:39:46,刺网
4469,30.131359111111113,122.99877355555556,1.2,301.0,2017-11-08 05:40:12,刺网
4469,30.131303555555558,122.99874577777778,0.2,0.0,2017-11-08 05:49:45,刺网
4469,30.131303555555558,122.99874577777778,0.2,0.0,2017-11-08 05:50:12,刺网
4469,30.131303555555558,122.9986902222222,1.4,114.0,2017-11-08 05:59:45,刺网
4469,30.131303555555558,122.9986902222222,1.4,114.0,2017-11-08 06:00:12,刺网
4469,30.131414666666664,122.99852355555555,0.9,206.0,2017-11-08 06:19:46,刺网
4469,30.131414666666664,122.99852355555555,0.9,206.0,2017-11-08 06:20:13,刺网
4469,30.131386888888887,122.99857911111113,0.4,0.0,2017-11-08 06:29:46,刺网
4469,30.131386888888887,122.99857911111113,0.4,0.0,2017-11-08 06:30:13,刺网
4469,30.131414666666664,122.99855133333334,0.2,0.0,2017-11-08 06:39:45,刺网
4469,30.131414666666664,122.99855133333334,0.2,0.0,2017-11-08 06:40:12,刺网
4469,30.131414666666664,122.99855133333334,0.2,0.0,2017-11-08 06:49:46,刺网
4469,30.131414666666664,122.99855133333334,0.2,0.0,2017-11-08 06:50:13,刺网
4469,30.131414666666664,122.99846799999999,0.1,0.0,2017-11-08 06:59:47,刺网
4469,30.131414666666664,122.99846799999999,0.1,0.0,2017-11-08 07:00:13,刺网
4469,30.131442444444442,122.99860688888893,1.6,14.0,2017-11-08 07:09:46,刺网
4469,30.131442444444442,122.99860688888893,1.6,14.0,2017-11-08 07:10:12,刺网
4469,30.131442444444442,122.99846799999999,0.3,0.0,2017-11-08 07:19:46,刺网
4469,30.131442444444442,122.99846799999999,0.3,0.0,2017-11-08 07:20:12,刺网
4469,30.131359111111113,122.99838466666668,0.8,250.0,2017-11-08 07:29:50,刺网
4469,30.131359111111113,122.99838466666668,0.8,250.0,2017-11-08 07:30:17,刺网
4469,30.131414666666664,122.99844022222223,0.1,0.0,2017-11-08 07:39:46,刺网
4469,30.131414666666664,122.99844022222223,0.1,0.0,2017-11-08 07:40:12,刺网
4469,30.131414666666664,122.99838466666668,0.3,0.0,2017-11-08 07:49:45,刺网
4469,30.131414666666664,122.99838466666668,0.3,0.0,2017-11-08 07:50:12,刺网
4469,30.131386888888887,122.99835688888888,0.1,0.0,2017-11-08 07:59:46,刺网
4469,30.131386888888887,122.99835688888888,0.1,0.0,2017-11-08 08:00:12,刺网
4469,30.131386888888887,122.99835688888888,0.8,175.0,2017-11-08 08:09:56,刺网
4469,30.131386888888887,122.99835688888888,0.8,175.0,2017-11-08 08:10:23,刺网
4469,30.131414666666664,122.99832911111113,1.0,0.0,2017-11-08 08:19:50,刺网
4469,30.131414666666664,122.99832911111113,1.0,0.0,2017-11-08 08:20:16,刺网
4469,30.131414666666664,122.998218,0.6,266.0,2017-11-08 08:29:47,刺网
4469,30.131414666666664,122.998218,0.6,266.0,2017-11-08 08:30:14,刺网
4469,30.131803555555557,122.99860688888893,1.0,225.0,2017-11-08 08:39:46,刺网
4469,30.131803555555557,122.99860688888893,1.0,225.0,2017-11-08 08:40:12,刺网
4469,30.131498,122.99835688888888,0.4,0.0,2017-11-08 08:49:47,刺网
4469,30.131498,122.99835688888888,0.4,0.0,2017-11-08 08:50:14,刺网
4469,30.131664666666666,122.99846799999999,0.9,0.0,2017-11-08 08:59:47,刺网
4469,30.131664666666666,122.99846799999999,0.9,0.0,2017-11-08 09:00:14,刺网
4469,30.131664666666666,122.99846799999999,0.9,0.0,2017-11-08 09:11:18,刺网
4469,30.131664666666666,122.99846799999999,0.9,0.0,2017-11-08 09:11:44,刺网
4469,30.131498,122.99802355555555,0.9,236.0,2017-11-08 09:20:10,刺网
4469,30.131498,122.99802355555555,0.9,236.0,2017-11-08 09:20:37,刺网
4469,30.13147022222222,122.99794022222223,0.5,0.0,2017-11-08 09:29:48,刺网
4469,30.13147022222222,122.99794022222223,0.5,0.0,2017-11-08 09:30:15,刺网
4469,30.13147022222222,122.99802355555555,0.3,0.0,2017-11-08 09:39:47,刺网
4469,30.13147022222222,122.99802355555555,0.3,0.0,2017-11-08 09:40:13,刺网
4469,30.13147022222222,122.99802355555555,0.3,0.0,2017-11-08 09:50:13,刺网
4469,30.13147022222222,122.9979957777778,0.2,0.0,2017-11-08 10:00:12,刺网
4469,30.131498,122.99807911111112,0.3,0.0,2017-11-08 10:10:12,刺网
4469,30.131498,122.997968,0.5,261.0,2017-11-08 10:20:11,刺网
4469,30.13155355555556,122.9979957777778,0.2,0.0,2017-11-08 10:30:12,刺网
4469,30.131525777777767,122.99788466666668,0.0,0.0,2017-11-08 10:40:12,刺网
4469,30.13155355555556,122.99777355555555,0.4,138.0,2017-11-08 10:50:11,刺网
4469,30.13160911111111,122.99771799999999,0.2,0.0,2017-11-08 11:00:12,刺网
4469,30.13158133333333,122.99763466666668,0.0,0.0,2017-11-08 11:10:13,刺网
4469,30.13158133333333,122.99763466666668,0.8,237.0,2017-11-08 11:20:11,刺网
4469,30.131636888888888,122.99752355555556,0.6,0.0,2017-11-08 11:30:15,刺网
4469,30.13169244444445,122.99763466666668,3.2,23.0,2017-11-08 11:40:14,刺网
4469,30.131664666666666,122.99769022222223,0.6,0.0,2017-11-08 11:50:13,刺网
4469,30.131664666666666,122.99766244444444,0.5,302.0,2017-11-08 12:01:37,刺网
4469,30.13169244444445,122.99766244444444,0.4,0.0,2017-11-08 12:10:17,刺网
4469,30.131664666666666,122.99771799999999,0.5,187.0,2017-11-08 12:20:12,刺网
4469,30.131636888888888,122.99774577777778,0.8,143.0,2017-11-08 12:30:11,刺网
4469,30.13158133333333,122.9979957777778,0.5,332.0,2017-11-08 12:40:11,刺网
4469,30.13158133333333,122.99810688888893,0.5,230.0,2017-11-08 12:50:12,刺网
4469,30.131498,122.99824577777778,0.1,0.0,2017-11-08 13:00:12,刺网
4469,30.13147022222222,122.99844022222223,0.3,0.0,2017-11-08 13:10:12,刺网
4469,30.131442444444442,122.99835688888888,0.4,0.0,2017-11-08 13:20:11,刺网
4469,30.13147022222222,122.99844022222223,0.2,0.0,2017-11-08 13:30:12,刺网
4469,30.13147022222222,122.99863466666667,0.2,0.0,2017-11-08 13:40:11,刺网
4469,30.13147022222222,122.99830133333332,0.6,235.0,2017-11-08 13:50:11,刺网
4469,30.13147022222222,122.9986902222222,0.4,0.0,2017-11-08 14:00:12,刺网
4469,30.13147022222222,122.99830133333332,0.1,0.0,2017-11-08 14:10:12,刺网
4469,30.131442444444442,122.99846799999999,0.7,0.0,2017-11-08 14:20:12,刺网
4469,30.131498,122.99863466666667,0.7,0.0,2017-11-08 14:30:11,刺网
4469,30.13147022222222,122.99852355555555,1.0,256.0,2017-11-08 14:40:11,刺网
4469,30.131442444444442,122.99810688888893,0.2,0.0,2017-11-08 14:50:11,刺网
4469,30.131414666666664,122.99860688888893,0.1,0.0,2017-11-08 15:00:12,刺网
4469,30.131414666666664,122.99835688888888,0.5,0.0,2017-11-08 15:10:12,刺网
4469,30.131442444444442,122.99888466666668,0.4,0.0,2017-11-08 15:20:19,刺网
4469,30.131386888888887,122.99816244444445,1.1,0.0,2017-11-08 15:30:20,刺网
4469,30.131386888888887,122.9984957777778,0.4,0.0,2017-11-08 15:40:14,刺网
4469,30.131414666666664,122.99846799999999,1.9,85.0,2017-11-08 15:50:15,刺网
4469,30.131386888888887,122.99827355555556,0.6,190.0,2017-11-08 16:00:37,刺网
4469,30.131414666666664,122.99816244444445,0.3,0.0,2017-11-08 16:10:12,刺网
4469,30.131442444444442,122.99841244444444,0.3,0.0,2017-11-08 16:20:12,刺网
4469,30.131442444444442,122.99841244444444,0.3,0.0,2017-11-08 16:20:17,刺网
4469,30.131386888888887,122.99832911111113,0.1,0.0,2017-11-08 16:30:12,刺网
4469,30.131386888888887,122.99824577777778,0.1,0.0,2017-11-08 16:40:10,刺网
4469,30.131386888888887,122.99824577777778,0.0,0.0,2017-11-08 16:50:12,刺网
4469,30.131414666666664,122.99810688888893,0.6,357.0,2017-11-08 17:00:12,刺网
4469,30.131414666666664,122.99819022222222,0.9,139.0,2017-11-08 17:10:11,刺网
4469,30.131386888888887,122.99824577777778,0.2,0.0,2017-11-08 17:20:11,刺网
4469,30.131414666666664,122.998218,0.2,0.0,2017-11-08 17:30:11,刺网
4469,30.131414666666664,122.998218,0.2,0.0,2017-11-08 17:40:11,刺网
4469,30.131414666666664,122.998218,0.2,0.0,2017-11-08 17:50:10,刺网
4469,30.131442444444442,122.99810688888893,0.4,0.0,2017-11-08 18:10:11,刺网
4469,30.131414666666664,122.9979957777778,0.3,0.0,2017-11-08 18:20:10,刺网
4469,30.13147022222222,122.99802355555555,0.0,0.0,2017-11-08 18:30:11,刺网
4469,30.131442444444442,122.997968,0.6,266.0,2017-11-08 18:40:10,刺网
4469,30.131442444444442,122.99802355555555,0.8,145.0,2017-11-08 18:51:11,刺网
4469,30.131498,122.99794022222223,0.2,0.0,2017-11-08 19:00:11,刺网
4469,30.13147022222222,122.99791244444445,0.9,89.0,2017-11-08 19:10:10,刺网
4469,30.13147022222222,122.99794022222223,1.3,99.0,2017-11-08 19:20:10,刺网
4469,30.131525777777767,122.99766244444444,1.1,110.0,2017-11-08 19:30:10,刺网
4469,30.13158133333333,122.99757911111112,0.3,0.0,2017-11-08 19:40:13,刺网
4469,30.13155355555556,122.99769022222223,0.5,196.0,2017-11-08 19:50:37,刺网
4469,30.13155355555556,122.99771799999999,0.6,38.0,2017-11-08 20:00:11,刺网
4469,30.131525777777767,122.99780133333334,1.0,80.0,2017-11-08 20:10:11,刺网
4469,30.13155355555556,122.99763466666668,0.9,209.0,2017-11-08 20:20:09,刺网
4469,30.13155355555556,122.99763466666668,1.0,319.0,2017-11-08 20:30:09,刺网
4469,30.131525777777767,122.99763466666668,0.0,0.0,2017-11-08 20:40:10,刺网
4469,30.131636888888888,122.9974957777778,1.0,105.0,2017-11-08 20:50:11,刺网
4469,30.13158133333333,122.99763466666668,3.8,250.0,2017-11-08 21:00:11,刺网
4469,30.131442444444442,122.99760688888892,1.0,209.0,2017-11-08 21:10:11,刺网
4469,30.13158133333333,122.99727355555555,0.4,0.0,2017-11-08 21:20:10,刺网
4469,30.131525777777767,122.99735688888887,0.7,0.0,2017-11-08 21:30:11,刺网
4469,30.131498,122.99721800000002,0.5,0.0,2017-11-08 21:40:09,刺网
4469,30.131442444444442,122.99721800000002,0.2,0.0,2017-11-08 21:50:10,刺网
4469,30.13147022222222,122.99710688888894,0.1,0.0,2017-11-08 22:00:10,刺网
4469,30.131498,122.99707911111112,0.6,321.0,2017-11-08 22:10:37,刺网
4469,30.131525777777767,122.996968,0.6,258.0,2017-11-08 22:20:09,刺网
4469,30.131442444444442,122.99710688888894,0.4,276.0,2017-11-08 22:30:10,刺网
4469,30.13147022222222,122.99702355555556,0.7,199.0,2017-11-08 22:40:09,刺网
4469,30.13155355555556,122.99691244444445,1.5,312.0,2017-11-08 22:50:09,刺网
4469,30.13158133333333,122.99685688888893,0.5,0.0,2017-11-08 23:00:10,刺网
4469,30.131525777777767,122.99694022222224,1.1,307.0,2017-11-08 23:10:10,刺网
4469,30.13155355555556,122.99694022222224,1.2,186.0,2017-11-08 23:20:10,刺网
4469,30.131636888888888,122.996968,0.7,0.0,2017-11-08 23:30:10,刺网
4469,30.131636888888888,122.99685688888893,0.9,225.0,2017-11-08 23:40:09,刺网
4469,30.131636888888888,122.9967457777778,1.5,234.0,2017-11-08 23:50:09,刺网
4469,30.13172022222221,122.9967457777778,0.7,175.0,2017-11-09 00:00:10,刺网
4469,30.131803555555557,122.99671799999999,0.2,0.0,2017-11-09 00:10:11,刺网
4469,30.13169244444445,122.99677355555555,0.7,282.0,2017-11-09 00:20:09,刺网
4469,30.13177577777777,122.99660688888888,1.4,130.0,2017-11-09 00:30:11,刺网
4469,30.131998,122.99652355555556,1.4,116.0,2017-11-09 00:40:09,刺网
4469,30.13191466666667,122.99663466666668,0.2,0.0,2017-11-09 00:50:10,刺网
4469,30.13197022222222,122.99660688888888,1.1,0.0,2017-11-09 01:00:15,刺网
4469,30.132025777777766,122.99660688888888,1.3,5.0,2017-11-09 01:10:18,刺网
4469,30.132192444444442,122.99655133333334,0.6,11.0,2017-11-09 01:20:56,刺网
4469,30.132164666666664,122.99657911111113,1.4,224.0,2017-11-09 01:30:09,刺网
4469,30.132109111111113,122.99669022222223,1.0,63.0,2017-11-09 01:40:09,刺网
4469,30.131998,122.9967457777778,0.9,270.0,2017-11-09 01:50:09,刺网
4469,30.131803555555557,122.99694022222224,0.2,0.0,2017-11-09 02:00:09,刺网
4469,30.131803555555557,122.99685688888893,1.8,86.0,2017-11-09 02:10:10,刺网
4469,30.131748,122.99688466666667,0.1,0.0,2017-11-09 02:20:09,刺网
4469,30.13158133333333,122.99707911111112,0.2,0.0,2017-11-09 02:30:09,刺网
4469,30.131303555555558,122.99738466666668,1.3,56.0,2017-11-09 02:40:09,刺网
4469,30.13113688888889,122.99757911111112,0.1,0.0,2017-11-09 02:50:10,刺网
4469,30.131220222222233,122.99752355555556,0.6,205.0,2017-11-09 03:00:09,刺网
4469,30.131220222222233,122.9972457777778,1.0,189.0,2017-11-09 03:10:10,刺网
4469,30.13113688888889,122.99727355555555,0.4,0.0,2017-11-09 03:20:09,刺网
4469,30.131220222222233,122.99727355555555,1.4,0.0,2017-11-09 03:30:10,刺网
4469,30.13113688888889,122.99730133333334,0.0,0.0,2017-11-09 03:40:09,刺网
4469,30.130997999999998,122.997468,0.6,0.0,2017-11-09 03:50:08,刺网
4469,30.131025777777786,122.99755133333332,0.5,0.0,2017-11-09 04:00:10,刺网
4469,30.13094244444445,122.99774577777778,0.4,0.0,2017-11-09 04:20:09,刺网
4469,30.13097022222223,122.99766244444444,0.8,248.0,2017-11-09 04:30:09,刺网
4469,30.13097022222223,122.99771799999999,0.5,161.0,2017-11-09 04:40:09,刺网
4469,30.13094244444445,122.99782911111113,0.7,266.0,2017-11-09 04:50:07,刺网
4469,30.130914666666666,122.99791244444445,0.1,0.0,2017-11-09 05:00:08,刺网
4469,30.13094244444445,122.99782911111113,1.3,110.0,2017-11-09 05:10:09,刺网
4469,30.130886888888888,122.99782911111113,0.8,249.0,2017-11-09 05:20:08,刺网
4469,30.13094244444445,122.99771799999999,0.6,75.0,2017-11-09 05:30:08,刺网
4469,30.130914666666666,122.99769022222223,1.7,222.0,2017-11-09 05:40:08,刺网
4469,30.130914666666666,122.99766244444444,0.4,0.0,2017-11-09 05:50:09,刺网
4469,30.13094244444445,122.99769022222223,0.4,0.0,2017-11-09 06:00:09,刺网
4469,30.130914666666666,122.99766244444444,0.4,0.0,2017-11-09 06:10:09,刺网
4469,30.130914666666666,122.99771799999999,0.1,0.0,2017-11-09 06:20:09,刺网
4469,30.13094244444445,122.99769022222223,0.8,113.0,2017-11-09 06:30:09,刺网
4469,30.130914666666666,122.99763466666668,1.0,0.0,2017-11-09 06:40:09,刺网
4469,30.13083133333333,122.99771799999999,0.5,0.0,2017-11-09 06:50:09,刺网
4469,30.13085911111111,122.99752355555556,1.7,47.0,2017-11-09 07:00:15,刺网
4469,30.13085911111111,122.99741244444445,2.0,0.0,2017-11-09 07:10:09,刺网
4469,30.13083133333333,122.9974402222222,1.2,0.0,2017-11-09 07:20:12,刺网
4469,30.13097022222223,122.99760688888892,0.1,0.0,2017-11-09 07:30:37,刺网
4469,30.13097022222223,122.99760688888892,0.7,240.0,2017-11-09 07:40:08,刺网
4469,30.13097022222223,122.997468,0.3,0.0,2017-11-09 07:50:09,刺网
4469,30.13097022222223,122.9974957777778,0.6,0.0,2017-11-09 08:00:09,刺网
4469,30.130997999999998,122.997468,1.1,0.0,2017-11-09 08:10:33,刺网
4469,30.13097022222223,122.9974957777778,1.4,349.0,2017-11-09 08:20:09,刺网
4469,30.131025777777786,122.99738466666668,0.7,14.0,2017-11-09 08:30:08,刺网
4469,30.130997999999998,122.997468,0.3,0.0,2017-11-09 08:40:08,刺网
4469,30.13108133333333,122.99732911111113,1.3,209.0,2017-11-09 08:50:09,刺网
4469,30.131053555555557,122.99735688888887,2.0,131.0,2017-11-09 09:00:09,刺网
4469,30.13108133333333,122.99727355555555,0.2,0.0,2017-11-09 09:10:09,刺网
4469,30.13113688888889,122.99719022222223,1.0,0.0,2017-11-09 09:20:08,刺网
4469,30.13113688888889,122.99710688888894,0.9,31.0,2017-11-09 09:30:08,刺网
4469,30.13113688888889,122.99699577777778,1.1,340.0,2017-11-09 09:40:08,刺网
4469,30.13119244444445,122.996968,0.2,0.0,2017-11-09 09:50:08,刺网
4469,30.13124800000001,122.99694022222224,0.0,0.0,2017-11-09 10:00:37,刺网
4469,30.131220222222233,122.99699577777778,0.3,0.0,2017-11-09 10:10:08,刺网
4469,30.13127577777778,122.99691244444445,0.6,0.0,2017-11-09 10:20:08,刺网
4469,30.131359111111113,122.99682911111113,0.1,0.0,2017-11-09 10:30:07,刺网
4469,30.13147022222222,122.99671799999999,1.7,170.0,2017-11-09 10:40:08,刺网
4469,30.131414666666664,122.9967457777778,0.4,0.0,2017-11-09 10:50:08,刺网
4469,30.131414666666664,122.99677355555555,0.3,0.0,2017-11-09 11:00:08,刺网
4469,30.13158133333333,122.99666244444445,0.5,265.0,2017-11-09 11:10:07,刺网
4469,30.13160911111111,122.99666244444445,1.1,243.0,2017-11-09 11:20:07,刺网
4469,30.131748,122.99657911111113,0.7,0.0,2017-11-09 11:30:08,刺网
4469,30.131748,122.99669022222223,0.4,0.0,2017-11-09 11:40:07,刺网
4469,30.13183133333333,122.99657911111113,1.4,43.0,2017-11-09 11:50:09,刺网
4469,30.13169244444445,122.99652355555556,1.1,0.0,2017-11-09 12:00:07,刺网
4469,30.131803555555557,122.99666244444445,1.5,0.0,2017-11-09 12:10:08,刺网
4469,30.131859111111112,122.996468,1.9,36.0,2017-11-09 12:20:07,刺网
4469,30.13208133333333,122.99657911111113,0.1,0.0,2017-11-09 12:30:09,刺网
4469,30.132275777777767,122.99669022222223,2.0,61.0,2017-11-09 12:40:13,刺网
4469,30.13247022222221,122.99635688888893,2.6,180.0,2017-11-09 12:50:37,刺网
4469,30.13252577777777,122.99638466666669,1.3,4.0,2017-11-09 13:00:07,刺网
4469,30.13266466666667,122.99641244444445,1.7,12.0,2017-11-09 13:10:07,刺网
4469,30.13283133333333,122.99652355555556,1.0,231.0,2017-11-09 13:20:07,刺网
4469,30.132886888888887,122.99655133333334,0.1,0.0,2017-11-09 13:40:06,刺网
4469,30.13291466666667,122.99660688888888,0.3,0.0,2017-11-09 13:50:07,刺网
4469,30.133025777777767,122.99669022222223,1.0,359.0,2017-11-09 14:00:07,刺网
4469,30.132998,122.99666244444445,1.9,189.0,2017-11-09 14:10:06,刺网
4469,30.13291466666667,122.9967457777778,2.4,244.0,2017-11-09 14:20:06,刺网
4469,30.132942444444453,122.99663466666668,1.0,231.0,2017-11-09 14:31:04,刺网
4469,30.132970222222234,122.99663466666668,0.8,154.0,2017-11-09 14:40:06,刺网
4469,30.132720222222233,122.99671799999999,1.0,189.0,2017-11-09 14:50:06,刺网
4469,30.131998,122.996968,1.2,247.0,2017-11-09 15:00:06,刺网
4469,30.13172022222221,122.99691244444445,0.5,0.0,2017-11-09 15:10:06,刺网
4469,30.131525777777767,122.996968,1.4,149.0,2017-11-09 15:20:06,刺网
4469,30.131414666666664,122.99702355555556,0.6,0.0,2017-11-09 15:30:06,刺网
4469,30.13127577777778,122.99702355555556,0.9,333.0,2017-11-09 15:40:06,刺网
4469,30.13108133333333,122.99727355555555,0.7,0.0,2017-11-09 15:50:07,刺网
4469,30.13127577777778,122.99702355555556,1.5,341.0,2017-11-09 16:00:06,刺网
4469,30.131303555555558,122.996968,0.1,0.0,2017-11-09 16:10:37,刺网
4469,30.131331333333332,122.99691244444445,0.8,250.0,2017-11-09 16:20:07,刺网
4469,30.131220222222233,122.99705133333336,0.2,0.0,2017-11-09 16:30:07,刺网
4469,30.13124800000001,122.99707911111112,0.0,0.0,2017-11-09 16:40:07,刺网
4469,30.13119244444445,122.99710688888894,0.1,0.0,2017-11-09 16:50:07,刺网
4469,30.13119244444445,122.99719022222223,0.7,128.0,2017-11-09 17:00:07,刺网
4469,30.131109111111112,122.99735688888887,0.7,214.0,2017-11-09 17:10:07,刺网
4469,30.130997999999998,122.99763466666668,0.1,0.0,2017-11-09 17:20:07,刺网
4469,30.130997999999998,122.99774577777778,0.6,170.0,2017-11-09 17:30:07,刺网
4469,30.13094244444445,122.99780133333334,1.0,0.0,2017-11-09 17:40:06,刺网
4469,30.13097022222223,122.99780133333334,0.5,137.0,2017-11-09 17:50:07,刺网
4469,30.13094244444445,122.99780133333334,0.4,0.0,2017-11-09 18:00:08,刺网
4469,30.130914666666666,122.9979957777778,1.0,162.0,2017-11-09 18:10:07,刺网
4469,30.130914666666666,122.997968,0.4,0.0,2017-11-09 18:20:07,刺网
4469,30.13097022222223,122.99766244444444,0.9,305.0,2017-11-09 18:30:07,刺网
4469,30.13097022222223,122.99757911111112,0.2,0.0,2017-11-09 18:40:07,刺网
4469,30.130997999999998,122.99757911111112,0.1,0.0,2017-11-09 18:50:10,刺网
4469,30.131025777777786,122.99741244444445,0.2,0.0,2017-11-09 19:00:06,刺网
4469,30.131053555555557,122.99735688888887,1.0,272.0,2017-11-09 19:10:06,刺网
4469,30.13108133333333,122.9972457777778,0.3,0.0,2017-11-09 19:20:06,刺网
4469,30.131025777777786,122.99727355555555,0.5,164.0,2017-11-09 19:30:07,刺网
4469,30.13119244444445,122.99699577777778,0.4,0.0,2017-11-09 19:40:07,刺网
4469,30.13119244444445,122.99707911111112,2.3,123.0,2017-11-09 19:50:48,刺网
4469,30.131386888888887,122.99671799999999,1.1,177.0,2017-11-09 20:00:09,刺网
4469,30.131386888888887,122.99671799999999,1.1,177.0,2017-11-09 20:11:38,刺网
4469,30.13158133333333,122.99666244444445,0.4,81.0,2017-11-09 20:20:37,刺网
4469,30.13160911111111,122.99655133333334,0.0,0.0,2017-11-09 20:30:04,刺网
4469,30.13183133333333,122.99657911111113,0.5,0.0,2017-11-09 20:40:05,刺网
4469,30.13191466666667,122.996468,0.0,0.0,2017-11-09 20:50:06,刺网
4469,30.132025777777766,122.99638466666669,0.1,0.0,2017-11-09 21:00:06,刺网
4469,30.13252577777777,122.99641244444445,1.2,330.0,2017-11-09 21:10:06,刺网
4469,30.132775777777766,122.99641244444445,0.6,0.0,2017-11-09 21:20:06,刺网
4469,30.13283133333333,122.99649577777778,2.0,158.0,2017-11-09 21:30:06,刺网
4469,30.132859111111113,122.99644022222223,0.8,0.0,2017-11-09 21:40:06,刺网
4469,30.132998,122.99649577777778,1.3,316.0,2017-11-09 21:50:06,刺网
4469,30.133164666666666,122.99655133333334,0.8,0.0,2017-11-09 22:00:05,刺网
4469,30.13310911111111,122.99652355555556,1.6,197.0,2017-11-09 22:10:08,刺网
4469,30.133248,122.99660688888888,1.2,21.0,2017-11-09 22:20:05,刺网
4469,30.133303555555553,122.99669022222223,0.5,0.0,2017-11-09 22:30:06,刺网
4469,30.133359111111112,122.99666244444445,0.7,0.0,2017-11-09 22:40:08,刺网
4469,30.133136888888888,122.99655133333334,1.0,53.0,2017-11-09 22:50:06,刺网
4469,30.133303555555553,122.99669022222223,0.7,0.0,2017-11-09 23:00:10,刺网
4469,30.13322022222221,122.99663466666668,1.0,204.0,2017-11-09 23:10:09,刺网
4469,30.13358133333333,122.99705133333336,2.0,37.0,2017-11-09 23:20:38,刺网
4469,30.133636888888887,122.99710688888894,0.6,28.0,2017-11-09 23:30:05,刺网
4469,30.13358133333333,122.99705133333336,0.2,0.0,2017-11-09 23:40:04,刺网
4469,30.13358133333333,122.99702355555556,0.1,0.0,2017-11-09 23:50:04,刺网
4469,30.13372022222222,122.99730133333334,1.5,30.0,2017-11-10 00:00:04,刺网
4469,30.133609111111113,122.99710688888894,0.2,0.0,2017-11-10 00:10:04,刺网
4469,30.13372022222222,122.9972457777778,0.5,0.0,2017-11-10 00:20:04,刺网
4469,30.13372022222222,122.99727355555555,1.0,29.0,2017-11-10 00:30:05,刺网
4469,30.13372022222222,122.99730133333334,0.8,323.0,2017-11-10 00:40:04,刺网
4469,30.13372022222222,122.99735688888887,0.1,0.0,2017-11-10 00:50:04,刺网
4469,30.133775777777768,122.9974957777778,0.5,56.0,2017-11-10 01:00:04,刺网
4469,30.133775777777768,122.99755133333332,1.3,99.0,2017-11-10 01:10:04,刺网
4469,30.13380355555556,122.99757911111112,1.8,232.0,2017-11-10 01:20:04,刺网
4469,30.13383133333333,122.99766244444444,0.5,0.0,2017-11-10 01:30:05,刺网
4469,30.13385911111111,122.99771799999999,0.5,0.0,2017-11-10 01:40:07,刺网
4469,30.13394244444445,122.99788466666668,0.8,0.0,2017-11-10 01:50:04,刺网
4469,30.133914666666666,122.99774577777778,1.0,0.0,2017-11-10 02:00:04,刺网
4469,30.13385911111111,122.99788466666668,1.1,328.0,2017-11-10 02:10:37,刺网
4469,30.13385911111111,122.99774577777778,0.3,0.0,2017-11-10 02:20:22,刺网
4469,30.13385911111111,122.99782911111113,1.0,0.0,2017-11-10 02:30:15,刺网
4469,30.13394244444445,122.99788466666668,0.1,0.0,2017-11-10 02:40:37,刺网
4469,30.13385911111111,122.99791244444445,0.0,0.0,2017-11-10 02:50:04,刺网
4469,30.13383133333333,122.99791244444445,0.0,0.0,2017-11-10 03:00:04,刺网
4469,30.13383133333333,122.99802355555555,1.3,286.0,2017-11-10 03:10:04,刺网
4469,30.13383133333333,122.99810688888893,0.0,0.0,2017-11-10 03:20:04,刺网
4469,30.13385911111111,122.99816244444445,0.5,64.0,2017-11-10 03:30:04,刺网
4469,30.13385911111111,122.99810688888893,0.1,0.0,2017-11-10 03:40:04,刺网
4469,30.13383133333333,122.99802355555555,0.4,359.0,2017-11-10 03:50:04,刺网
4469,30.13380355555556,122.99838466666668,0.5,241.0,2017-11-10 04:00:04,刺网
4469,30.13380355555556,122.99844022222223,1.3,10.0,2017-11-10 04:10:04,刺网
4469,30.133747999999997,122.99866244444445,0.2,0.0,2017-11-10 04:20:37,刺网
4469,30.133692444444442,122.998718,0.5,15.0,2017-11-10 04:30:03,刺网
4469,30.133692444444442,122.99863466666667,0.1,0.0,2017-11-10 04:40:03,刺网
4469,30.13372022222222,122.99857911111113,0.2,0.0,2017-11-10 04:50:03,刺网
4469,30.13372022222222,122.99860688888893,0.5,81.0,2017-11-10 05:00:03,刺网
4469,30.133692444444442,122.998718,1.5,0.0,2017-11-10 05:10:03,刺网
4469,30.133692444444442,122.998718,0.2,0.0,2017-11-10 05:20:03,刺网
4469,30.133636888888887,122.99855133333334,0.5,248.0,2017-11-10 05:30:03,刺网
4469,30.13305355555555,122.998718,0.8,247.0,2017-11-10 05:40:03,刺网
4469,30.13191466666667,122.99841244444444,0.7,185.0,2017-11-10 05:50:03,刺网
4469,30.131109111111112,122.998718,0.5,0.0,2017-11-10 06:00:03,刺网
4469,30.13108133333333,122.99880133333336,0.0,0.0,2017-11-10 06:10:03,刺网
4469,30.131331333333332,122.99910688888887,0.6,143.0,2017-11-10 06:20:03,刺网
4469,30.131331333333332,122.99905133333334,1.5,348.0,2017-11-10 06:30:03,刺网
4469,30.131053555555557,122.99877355555556,0.3,0.0,2017-11-10 06:40:03,刺网
4469,30.13113688888889,122.99866244444445,0.4,0.0,2017-11-10 06:50:03,刺网
4469,30.131053555555557,122.99835688888888,1.5,98.0,2017-11-10 07:00:03,刺网
4469,30.13113688888889,122.99891244444444,0.1,0.0,2017-11-10 07:10:03,刺网
4469,30.13094244444445,122.99838466666668,0.2,0.0,2017-11-10 07:20:03,刺网
4469,30.131998,122.99957911111113,8.2,180.0,2017-11-10 07:30:03,刺网
4469,30.13455355555555,122.97194022222223,9.9,276.0,2017-11-10 07:40:03,刺网
4469,30.13160911111111,122.93888466666668,10.6,262.0,2017-11-10 07:50:03,刺网
4469,30.124498,122.90405133333336,11.2,264.0,2017-11-10 08:00:03,刺网
4469,30.107636888888887,122.88382911111113,4.5,204.0,2017-11-10 08:10:37,刺网
4469,30.103803555555558,122.88121799999999,1.4,201.0,2017-11-10 08:20:04,刺网
4469,30.11372022222222,122.88730133333334,8.8,64.0,2017-11-10 08:30:04,刺网
4469,30.11960911111111,122.91494022222223,10.1,96.0,2017-11-10 08:40:04,刺网
4469,30.123859111111113,122.94457911111112,10.1,83.0,2017-11-10 08:50:05,刺网
4469,30.129275777777767,122.97416244444445,9.9,83.0,2017-11-10 09:00:04,刺网
4469,30.130775777777767,123.00038466666668,4.2,169.0,2017-11-10 09:10:04,刺网
4469,30.13008133333333,122.99977355555555,0.6,144.0,2017-11-10 09:20:03,刺网
4469,30.13008133333333,122.99969022222223,0.5,0.0,2017-11-10 09:30:04,刺网
4469,30.13008133333333,122.99966244444445,0.6,0.0,2017-11-10 09:40:09,刺网
4469,30.13005355555556,122.99963466666668,0.1,0.0,2017-11-10 09:50:07,刺网
4469,30.130136888888888,122.99952355555556,0.3,0.0,2017-11-10 10:00:05,刺网
4469,30.13010911111111,122.99963466666668,1.4,99.0,2017-11-10 10:10:04,刺网
4469,30.13010911111111,122.99966244444445,0.5,209.0,2017-11-10 10:20:30,刺网
4469,30.13016466666667,122.99949577777778,0.8,13.0,2017-11-10 10:30:03,刺网
4469,30.130136888888888,122.99957911111113,0.4,0.0,2017-11-10 10:40:02,刺网
4469,30.13016466666667,122.99938466666669,0.5,0.0,2017-11-10 10:50:03,刺网
4469,30.130248,122.99938466666669,1.1,2.0,2017-11-10 11:00:02,刺网
4469,30.130248,122.99927355555555,0.7,0.0,2017-11-10 11:10:05,刺网
4469,30.130248,122.99938466666669,1.3,117.0,2017-11-10 11:20:02,刺网
4469,30.13038688888889,122.99924577777777,0.3,0.0,2017-11-10 11:30:03,刺网
4469,30.130553555555554,122.99896799999999,0.4,206.0,2017-11-10 11:40:31,刺网
4469,30.130525777777766,122.99899577777781,0.3,0.0,2017-11-10 11:50:02,刺网
4469,30.130581333333332,122.99891244444444,0.4,13.0,2017-11-10 12:00:02,刺网
4469,30.130636888888887,122.99899577777781,1.0,319.0,2017-11-10 12:10:02,刺网
4469,30.13108133333333,122.99882911111112,0.6,81.0,2017-11-10 12:20:02,刺网
4469,30.13119244444445,122.99874577777778,0.5,72.0,2017-11-10 12:30:02,刺网
4469,30.13116466666667,122.999218,0.7,0.0,2017-11-10 12:40:02,刺网
4469,30.131525777777767,122.99905133333334,0.7,253.0,2017-11-10 12:50:02,刺网
4469,30.13124800000001,122.99927355555555,0.1,0.0,2017-11-10 13:00:02,刺网
4469,30.131386888888887,122.99935688888893,0.2,0.0,2017-11-10 13:10:02,刺网
4469,30.13119244444445,122.999218,0.4,230.0,2017-11-10 13:20:02,刺网
4469,30.13127577777778,122.999218,0.8,171.0,2017-11-10 13:30:02,刺网
4469,30.131442444444442,122.99924577777777,0.1,0.0,2017-11-10 13:40:02,刺网
4469,30.132109111111113,122.99927355555555,1.0,248.0,2017-11-10 13:50:02,刺网
4469,30.13177577777777,122.99982911111113,0.1,0.0,2017-11-10 14:00:01,刺网
4469,30.131220222222233,123.00005133333332,0.0,0.0,2017-11-10 14:10:31,刺网
4469,30.13041466666667,123.00032911111113,0.2,0.0,2017-11-10 14:20:01,刺网
4469,30.13033133333333,123.00060688888892,0.5,206.0,2017-11-10 14:30:01,刺网
4469,30.13044244444445,123.00107911111112,0.0,0.0,2017-11-10 14:40:01,刺网
4469,30.130720222222234,123.001218,0.0,0.0,2017-11-10 14:50:01,刺网
4469,30.131109111111112,123.00144022222223,0.6,60.0,2017-11-10 15:00:02,刺网
4469,30.131303555555558,123.00155133333335,0.3,0.0,2017-11-10 15:10:01,刺网
4469,30.131498,123.00155133333335,0.5,0.0,2017-11-10 15:20:01,刺网
4469,30.13160911111111,123.00163466666667,0.6,0.0,2017-11-10 15:30:01,刺网
4469,30.131748,123.00166244444445,0.3,342.0,2017-11-10 15:40:01,刺网
4469,30.131859111111112,123.00163466666667,0.9,279.0,2017-11-10 15:50:02,刺网
4469,30.13183133333333,123.00166244444445,1.1,284.0,2017-11-10 16:00:01,刺网
4469,30.13155355555556,123.00174577777778,0.3,0.0,2017-11-10 16:10:02,刺网
4469,30.13147022222222,123.001718,0.3,0.0,2017-11-10 16:20:02,刺网
4469,30.131359111111113,123.001718,0.2,0.0,2017-11-10 16:30:02,刺网
4469,30.13116466666667,123.00169022222224,1.0,259.0,2017-11-10 16:40:02,刺网
4469,30.13008133333333,123.00185688888894,0.2,0.0,2017-11-10 16:50:02,刺网
4469,30.130692444444445,123.00238466666669,0.5,0.0,2017-11-10 17:00:02,刺网
4469,30.130636888888887,123.00241244444445,1.0,313.0,2017-11-10 17:10:02,刺网
4469,30.13235911111111,123.00005133333332,2.9,15.0,2017-11-10 17:20:01,刺网
4469,30.144775777777767,122.98327355555556,8.4,315.0,2017-11-10 17:30:06,刺网
4469,30.15860911111111,122.963218,8.0,316.0,2017-11-10 17:40:02,刺网
4469,30.162914666666666,122.95005133333332,4.3,191.0,2017-11-10 17:50:11,刺网
4469,30.16247022222222,122.95185688888893,0.2,0.0,2017-11-10 18:00:38,刺网
4469,30.16247022222222,122.95185688888893,1.3,209.0,2017-11-10 18:10:01,刺网
4469,30.162303555555553,122.9517457777778,1.2,320.0,2017-11-10 18:20:02,刺网
4469,30.16227577777777,122.95169022222224,0.5,0.0,2017-11-10 18:30:02,刺网
4469,30.16210911111111,122.95146799999999,0.4,0.0,2017-11-10 18:40:01,刺网
4469,30.161886888888887,122.95113466666668,1.2,0.0,2017-11-10 18:50:00,刺网
4469,30.161775777777766,122.95105133333334,0.1,0.0,2017-11-10 19:00:10,刺网
4469,30.16172022222222,122.95096799999999,0.8,0.0,2017-11-10 19:10:01,刺网
4469,30.161748,122.9509957777778,0.2,0.0,2017-11-10 19:20:00,刺网
4469,30.16172022222222,122.95085688888894,0.3,0.0,2017-11-10 19:30:00,刺网
4469,30.16163688888889,122.95069022222224,0.2,0.0,2017-11-10 19:40:00,刺网
4469,30.16163688888889,122.95074577777781,0.3,0.0,2017-11-10 19:50:00,刺网
4469,30.16166466666667,122.95082911111112,0.7,237.0,2017-11-10 20:00:00,刺网
4469,30.16160911111111,122.95055133333337,0.6,113.0,2017-11-10 20:10:01,刺网
4469,30.16158133333333,122.95038466666668,0.8,105.0,2017-11-10 20:20:00,刺网
4469,30.16158133333333,122.95052355555555,0.3,0.0,2017-11-10 20:30:00,刺网
4469,30.16158133333333,122.950468,1.0,255.0,2017-11-10 20:40:00,刺网
4469,30.161553555555553,122.95057911111113,1.0,234.0,2017-11-10 20:50:00,刺网
4469,30.16158133333333,122.950468,0.9,0.0,2017-11-10 21:00:00,刺网
4469,30.16152577777777,122.95030133333334,0.7,0.0,2017-11-10 21:10:00,刺网
4469,30.161553555555553,122.95044022222223,0.0,0.0,2017-11-10 21:20:32,刺网
4469,30.16152577777777,122.95038466666668,0.4,57.0,2017-11-10 21:40:00,刺网
4469,30.161553555555553,122.950468,0.3,0.0,2017-11-10 21:50:00,刺网
4469,30.16152577777777,122.95035688888888,0.7,223.0,2017-11-10 22:00:00,刺网
4469,30.16152577777777,122.95035688888888,0.3,170.0,2017-11-10 22:10:00,刺网
4469,30.16152577777777,122.95030133333334,0.1,0.0,2017-11-10 22:20:00,刺网
4469,30.16147022222221,122.95002355555556,0.2,0.0,2017-11-10 22:30:00,刺网
4469,30.16147022222221,122.9499402222222,0.6,29.0,2017-11-10 22:40:00,刺网
4469,30.16147022222221,122.94985688888887,0.4,60.0,2017-11-10 22:50:00,刺网
4469,30.16147022222221,122.95002355555556,0.1,0.0,2017-11-10 23:00:00,刺网
4469,30.161497999999995,122.95010688888893,0.2,0.0,2017-11-10 23:10:00,刺网
4469,30.16135911111111,122.95024577777778,1.3,115.0,2017-11-10 23:20:00,刺网
4469,30.161386888888888,122.95021799999999,0.2,0.0,2017-11-10 23:30:01,刺网
4469,30.161414666666666,122.95007911111112,0.7,0.0,2017-11-10 23:39:59,刺网
4469,30.161414666666666,122.95002355555556,0.7,0.0,2017-11-10 23:49:59,刺网
4469,30.161414666666666,122.9499402222222,0.0,0.0,2017-11-11 00:00:38,刺网
4469,30.16147022222221,122.95007911111112,0.6,0.0,2017-11-11 00:09:59,刺网
4469,30.16144244444445,122.949968,0.3,0.0,2017-11-11 00:19:59,刺网
4469,30.161414666666666,122.9499957777778,0.8,355.0,2017-11-11 00:29:59,刺网
4469,30.16144244444445,122.95007911111112,0.9,208.0,2017-11-11 00:39:59,刺网
4469,30.161414666666666,122.949968,0.0,0.0,2017-11-11 00:49:59,刺网
4469,30.161414666666666,122.94982911111113,0.5,0.0,2017-11-11 00:59:59,刺网
4469,30.161386888888888,122.94969022222223,1.4,237.0,2017-11-11 01:09:59,刺网
4469,30.16135911111111,122.94963466666668,0.4,0.0,2017-11-11 01:19:59,刺网
4469,30.16135911111111,122.94982911111113,0.3,0.0,2017-11-11 01:29:59,刺网
4469,30.161414666666666,122.94988466666668,0.3,0.0,2017-11-11 01:39:59,刺网
4469,30.161386888888888,122.94982911111113,0.2,0.0,2017-11-11 01:49:59,刺网
4469,30.16133133333333,122.94991244444445,1.1,0.0,2017-11-11 01:59:59,刺网
4469,30.16133133333333,122.95002355555556,0.6,0.0,2017-11-11 02:09:59,刺网
4469,30.16130355555556,122.94985688888887,0.6,0.0,2017-11-11 02:19:59,刺网
4469,30.16130355555556,122.94991244444445,0.5,0.0,2017-11-11 02:29:59,刺网
4469,30.161386888888888,122.94991244444445,1.3,0.0,2017-11-11 02:40:08,刺网
4469,30.161386888888888,122.94985688888887,0.1,0.0,2017-11-11 02:50:32,刺网
4469,30.161414666666666,122.95005133333332,0.5,0.0,2017-11-11 02:59:59,刺网
4469,30.161414666666666,122.94982911111113,2.4,276.0,2017-11-11 03:09:59,刺网
4469,30.161386888888888,122.9497457777778,0.5,0.0,2017-11-11 03:19:59,刺网
4469,30.161386888888888,122.94985688888887,0.7,142.0,2017-11-11 03:29:59,刺网
4469,30.16135911111111,122.94982911111113,0.8,212.0,2017-11-11 03:39:59,刺网
4469,30.161414666666666,122.94988466666668,0.5,158.0,2017-11-11 03:49:59,刺网
4469,30.161414666666666,122.95007911111112,0.5,225.0,2017-11-11 03:59:59,刺网
4469,30.161414666666666,122.949968,0.0,0.0,2017-11-11 04:09:58,刺网
4469,30.161386888888888,122.94971800000002,1.6,273.0,2017-11-11 04:19:58,刺网
4469,30.16133133333333,122.94991244444445,1.1,275.0,2017-11-11 04:29:58,刺网
4469,30.161414666666666,122.94985688888887,0.5,97.0,2017-11-11 04:39:58,刺网
4469,30.16147022222221,122.949968,0.6,0.0,2017-11-11 04:49:58,刺网
4469,30.16152577777777,122.9499402222222,0.4,0.0,2017-11-11 04:59:58,刺网
4469,30.16147022222221,122.95002355555556,0.2,0.0,2017-11-11 05:09:58,刺网
4469,30.161386888888888,122.95019022222223,1.2,116.0,2017-11-11 05:19:58,刺网
4469,30.16130355555556,122.94982911111113,0.0,0.0,2017-11-11 05:29:58,刺网
4469,30.16133133333333,122.95005133333332,0.2,0.0,2017-11-11 05:39:58,刺网
4469,30.16130355555556,122.94966244444444,0.8,218.0,2017-11-11 05:49:58,刺网
4469,30.161497999999995,122.94949577777778,0.6,0.0,2017-11-11 05:59:59,刺网
4469,30.161386888888888,122.94955133333336,1.0,31.0,2017-11-11 06:10:53,刺网
4469,30.161414666666666,122.94941244444445,1.3,173.0,2017-11-11 06:19:58,刺网
4469,30.161386888888888,122.94969022222223,0.2,0.0,2017-11-11 06:29:58,刺网
4469,30.161414666666666,122.94944022222224,0.8,61.0,2017-11-11 06:40:00,刺网
4469,30.161414666666666,122.94955133333336,0.5,0.0,2017-11-11 06:49:58,刺网
4469,30.161414666666666,122.94938466666667,0.4,0.0,2017-11-11 06:59:58,刺网
4469,30.16144244444445,122.94916244444444,0.7,225.0,2017-11-11 07:09:58,刺网
4469,30.161414666666666,122.94921799999999,2.2,278.0,2017-11-11 07:19:58,刺网
4469,30.161497999999995,122.94899577777778,0.2,0.0,2017-11-11 07:29:58,刺网
4469,30.16144244444445,122.94921799999999,1.0,263.0,2017-11-11 07:39:58,刺网
4469,30.161414666666666,122.94919022222223,1.5,130.0,2017-11-11 07:49:59,刺网
4469,30.16144244444445,122.94921799999999,0.9,64.0,2017-11-11 08:00:02,刺网
4469,30.161414666666666,122.94930133333334,0.6,0.0,2017-11-11 08:10:02,刺网
4469,30.16144244444445,122.94932911111113,1.0,128.0,2017-11-11 08:20:11,刺网
4469,30.16147022222221,122.94913466666668,0.7,162.0,2017-11-11 08:29:59,刺网
4469,30.16144244444445,122.94927355555555,0.9,169.0,2017-11-11 08:39:59,刺网
4469,30.161414666666666,122.94957911111112,1.0,159.0,2017-11-11 09:09:58,刺网
4469,30.16144244444445,122.94927355555555,0.6,0.0,2017-11-11 09:19:59,刺网
4469,30.161497999999995,122.94919022222223,0.1,0.0,2017-11-11 09:29:58,刺网
4469,30.16285911111111,122.95002355555556,1.3,117.0,2017-11-11 09:39:57,刺网
4469,30.160498,122.953718,0.6,272.0,2017-11-11 09:49:59,刺网
4469,30.160442444444442,122.95327355555555,0.5,40.0,2017-11-11 09:59:58,刺网
4469,30.160275777777766,122.95302355555555,2.1,263.0,2017-11-11 10:09:57,刺网
4469,30.160220222222208,122.95335688888893,0.1,0.0,2017-11-11 10:19:57,刺网
4469,30.16016466666667,122.95307911111112,1.8,157.0,2017-11-11 10:29:57,刺网
4469,30.16010911111111,122.9529957777778,0.2,0.0,2017-11-11 10:39:57,刺网
4469,30.16002577777777,122.952968,0.1,0.0,2017-11-11 10:49:58,刺网
4469,30.159886888888888,122.95307911111112,0.5,0.0,2017-11-11 10:59:57,刺网
4469,30.15985911111111,122.95307911111112,1.7,257.0,2017-11-11 11:09:57,刺网
4469,30.159914666666666,122.95291244444445,0.3,0.0,2017-11-11 11:20:03,刺网
4469,30.159886888888888,122.95294022222224,0.2,0.0,2017-11-11 11:30:30,刺网
4469,30.159886888888888,122.95280133333334,1.0,48.0,2017-11-11 11:39:57,刺网
4469,30.159914666666666,122.95271799999999,0.2,0.0,2017-11-11 11:49:58,刺网
4469,30.15985911111111,122.95280133333334,0.4,253.0,2017-11-11 11:59:59,刺网
4469,30.159886888888888,122.95280133333334,0.9,109.0,2017-11-11 12:09:57,刺网
4469,30.159886888888888,122.95271799999999,0.1,0.0,2017-11-11 12:19:58,刺网
4469,30.15985911111111,122.95288466666668,0.2,0.0,2017-11-11 12:29:58,刺网
4469,30.159914666666666,122.95257911111112,0.9,207.0,2017-11-11 12:39:58,刺网
4469,30.15997022222221,122.9524957777778,0.3,0.0,2017-11-11 12:49:57,刺网
4469,30.15994244444445,122.95255133333336,1.3,161.0,2017-11-11 12:59:58,刺网
4469,30.15985911111111,122.95263466666668,0.8,260.0,2017-11-11 13:09:59,刺网
4469,30.15994244444445,122.95244022222224,0.2,0.0,2017-11-11 13:19:59,刺网
4469,30.159886888888888,122.95257911111112,1.2,148.0,2017-11-11 13:29:58,刺网
4469,30.15983133333333,122.95285688888887,0.7,178.0,2017-11-11 13:39:57,刺网
4469,30.15983133333333,122.9527457777778,0.2,0.0,2017-11-11 13:49:58,刺网
4469,30.15983133333333,122.95288466666668,1.6,152.0,2017-11-11 13:59:58,刺网
4469,30.15985911111111,122.95269022222223,0.9,0.0,2017-11-11 14:10:31,刺网
4469,30.15983133333333,122.95288466666668,0.2,0.0,2017-11-11 14:19:58,刺网
4469,30.15985911111111,122.95280133333334,0.5,239.0,2017-11-11 14:29:57,刺网
4469,30.15980355555555,122.952968,0.3,0.0,2017-11-11 14:39:56,刺网
4469,30.159886888888888,122.95269022222223,0.8,276.0,2017-11-11 14:49:56,刺网
4469,30.15980355555555,122.952968,0.2,0.0,2017-11-11 14:59:57,刺网
4469,30.15972022222222,122.95282911111113,0.9,0.0,2017-11-11 15:10:04,刺网
4469,30.15983133333333,122.95285688888887,1.3,75.0,2017-11-11 15:20:32,刺网
4469,30.159775777777767,122.95316244444444,0.9,39.0,2017-11-11 15:29:58,刺网
4469,30.15980355555555,122.95307911111112,0.3,0.0,2017-11-11 15:39:57,刺网
4469,30.15985911111111,122.95280133333334,0.3,0.0,2017-11-11 15:49:58,刺网
4469,30.159886888888888,122.95285688888887,1.0,97.0,2017-11-11 15:59:59,刺网
4469,30.159775777777767,122.95313466666668,0.6,277.0,2017-11-11 16:09:58,刺网
4469,30.159748,122.95316244444444,1.2,154.0,2017-11-11 16:19:58,刺网
4469,30.159748,122.95324577777781,0.6,53.0,2017-11-11 16:29:57,刺网
4469,30.15980355555555,122.95288466666668,0.6,208.0,2017-11-11 16:39:58,刺网
4469,30.159775777777767,122.95330133333334,0.3,0.0,2017-11-11 16:49:57,刺网
4469,30.15983133333333,122.95291244444445,0.6,186.0,2017-11-11 16:59:56,刺网
4469,30.15972022222222,122.95369022222219,1.3,0.0,2017-11-11 17:09:57,刺网
4469,30.159748,122.95321800000002,0.6,233.0,2017-11-11 17:19:58,刺网
4469,30.159692444444442,122.95366244444445,0.3,0.0,2017-11-11 17:29:57,刺网
4469,30.159748,122.95330133333334,1.2,178.0,2017-11-11 17:39:58,刺网
4469,30.15972022222222,122.95374577777778,0.9,302.0,2017-11-11 17:49:58,刺网
4469,30.159775777777767,122.95346799999999,0.6,0.0,2017-11-11 17:59:56,刺网
4469,30.159775777777767,122.95316244444444,0.5,0.0,2017-11-11 18:10:32,刺网
4469,30.15972022222222,122.95335688888893,0.5,0.0,2017-11-11 18:19:57,刺网
4469,30.159692444444442,122.95357911111113,1.6,81.0,2017-11-11 18:29:56,刺网
4469,30.159775777777767,122.95319022222223,0.3,0.0,2017-11-11 18:39:55,刺网
4469,30.159775777777767,122.95291244444445,0.6,103.0,2017-11-11 18:49:57,刺网
4469,30.159748,122.95307911111112,0.8,0.0,2017-11-11 18:59:57,刺网
4469,30.159775777777767,122.95302355555555,1.2,0.0,2017-11-11 19:19:55,刺网
4469,30.159748,122.95305133333336,0.4,0.0,2017-11-11 19:30:22,刺网
4469,30.159692444444442,122.9534957777778,0.5,0.0,2017-11-11 19:39:59,刺网
4469,30.15972022222222,122.95346799999999,0.2,0.0,2017-11-11 19:49:57,刺网
4469,30.159692444444442,122.95352355555555,1.4,114.0,2017-11-11 19:59:57,刺网
4469,30.15972022222222,122.95369022222219,0.4,0.0,2017-11-11 20:09:58,刺网
4469,30.15972022222222,122.95360688888893,0.1,0.0,2017-11-11 20:20:24,刺网
4469,30.15972022222222,122.95380133333336,0.0,0.0,2017-11-11 20:29:56,刺网
4469,30.15972022222222,122.95374577777778,0.7,274.0,2017-11-11 20:39:56,刺网
4469,30.159748,122.95366244444445,0.1,0.0,2017-11-11 20:49:56,刺网
4469,30.159748,122.95338466666668,0.2,0.0,2017-11-11 21:00:03,刺网
4469,30.159609111111113,122.95338466666668,1.0,331.0,2017-11-11 21:10:17,刺网
4469,30.159692444444442,122.95316244444444,0.1,0.0,2017-11-11 21:19:57,刺网
4469,30.15972022222222,122.95335688888893,1.7,68.0,2017-11-11 21:29:56,刺网
4469,30.159692444444442,122.95346799999999,0.3,0.0,2017-11-11 21:39:55,刺网
4469,30.15972022222222,122.95332911111113,0.5,0.0,2017-11-11 21:50:25,刺网
4469,30.15972022222222,122.95341244444445,0.4,225.0,2017-11-11 21:59:57,刺网
4469,30.159775777777767,122.95321800000002,1.1,135.0,2017-11-11 22:09:55,刺网
4469,30.15983133333333,122.9529957777778,1.4,251.0,2017-11-11 22:19:56,刺网
4469,30.159886888888888,122.9527457777778,0.3,0.0,2017-11-11 22:29:56,刺网
4469,30.15985911111111,122.95271799999999,1.2,254.0,2017-11-11 22:39:55,刺网
4469,30.15983133333333,122.95288466666668,0.1,0.0,2017-11-11 22:49:55,刺网
4469,30.16010911111111,122.9522457777778,0.4,0.0,2017-11-11 22:59:56,刺网
4469,30.16010911111111,122.95221800000002,0.2,0.0,2017-11-11 23:09:56,刺网
4469,30.16013688888889,122.95216244444444,0.7,0.0,2017-11-11 23:19:55,刺网
4469,30.15994244444445,122.95255133333336,0.7,0.0,2017-11-11 23:29:58,刺网
4469,30.16010911111111,122.95216244444444,1.6,0.0,2017-11-11 23:39:55,刺网
4469,30.15997022222221,122.9524957777778,0.2,0.0,2017-11-11 23:50:25,刺网
4469,30.15997022222221,122.9524957777778,0.7,186.0,2017-11-11 23:59:55,刺网
4469,30.159998,122.95252355555556,0.2,0.0,2017-11-12 00:09:55,刺网
4469,30.15983133333333,122.95285688888887,0.4,0.0,2017-11-12 00:19:55,刺网
4469,30.15994244444445,122.95255133333336,0.1,0.0,2017-11-12 00:29:55,刺网
4469,30.15994244444445,122.95263466666668,0.4,0.0,2017-11-12 00:39:55,刺网
4469,30.159914666666666,122.95260688888894,1.0,262.0,2017-11-12 00:49:56,刺网
4469,30.16002577777777,122.95244022222224,0.2,0.0,2017-11-12 00:59:56,刺网
4469,30.16002577777777,122.95238466666667,0.6,141.0,2017-11-12 01:09:55,刺网
4469,30.16019244444445,122.9522457777778,0.4,0.0,2017-11-12 01:19:55,刺网
4469,30.160053555555553,122.95232911111113,1.4,176.0,2017-11-12 01:29:55,刺网
4469,30.16010911111111,122.95221800000002,0.4,0.0,2017-11-12 01:39:54,刺网
4469,30.160053555555553,122.95230133333334,0.3,0.0,2017-11-12 01:49:55,刺网
4469,30.160053555555553,122.95235688888893,1.0,242.0,2017-11-12 01:59:54,刺网
4469,30.160414666666664,122.95191244444445,0.8,281.0,2017-11-12 02:19:54,刺网
4469,30.16047022222222,122.95188466666669,0.4,0.0,2017-11-12 02:29:55,刺网
4469,30.160331333333332,122.95207911111113,0.5,0.0,2017-11-12 02:39:55,刺网
4469,30.160386888888887,122.95199577777778,1.6,169.0,2017-11-12 02:49:54,刺网
4469,30.160359111111106,122.951968,0.3,0.0,2017-11-12 02:59:55,刺网
4469,30.160498,122.95205133333334,0.5,0.0,2017-11-12 03:09:56,刺网
4469,30.160970222222232,122.95160688888893,0.4,0.0,2017-11-12 03:19:56,刺网
4469,30.161192444444442,122.95155133333336,0.7,0.0,2017-11-12 03:29:55,刺网
4469,30.161275777777767,122.95152355555555,1.0,0.0,2017-11-12 03:39:55,刺网
4469,30.160998,122.95180133333334,1.6,0.0,2017-11-12 03:49:55,刺网
4469,30.16077577777777,122.95207911111113,0.6,0.0,2017-11-12 04:00:02,刺网
4469,30.16077577777777,122.9521068888889,0.8,0.0,2017-11-12 04:09:55,刺网
4469,30.161109111111113,122.95194022222223,0.7,0.0,2017-11-12 04:19:55,刺网
4469,30.16094244444444,122.95202355555556,1.1,0.0,2017-11-12 04:29:54,刺网
4469,30.16088688888889,122.95257911111112,0.3,0.0,2017-11-12 04:39:55,刺网
4469,30.16060911111111,122.95321800000002,2.2,333.0,2017-11-12 04:49:54,刺网
4469,30.16047022222222,122.95346799999999,1.5,0.0,2017-11-12 04:59:55,刺网
4469,30.160442444444442,122.95344022222223,2.0,335.0,2017-11-12 05:10:07,刺网
4469,30.160414666666664,122.953718,0.4,0.0,2017-11-12 05:19:55,刺网
4469,30.16069244444445,122.95405133333335,0.5,33.0,2017-11-12 05:29:54,刺网
4469,30.16077577777777,122.9542457777778,0.9,332.0,2017-11-12 05:39:54,刺网
4469,30.16091466666667,122.95444022222223,1.9,284.0,2017-11-12 05:49:55,刺网
4469,30.160970222222232,122.95507911111113,2.4,60.0,2017-11-12 05:59:54,刺网
4469,30.16197022222222,122.95499577777781,0.9,279.0,2017-11-12 06:09:54,刺网
4469,30.16227577777777,122.95452355555555,1.8,341.0,2017-11-12 06:19:54,刺网
4469,30.16244244444444,122.95382911111112,0.4,0.0,2017-11-12 06:29:55,刺网
4469,30.162609111111106,122.95352355555555,0.4,0.0,2017-11-12 06:39:54,刺网
4469,30.16241466666667,122.95335688888893,0.7,47.0,2017-11-12 06:50:07,刺网
4469,30.16238688888889,122.95335688888893,0.2,0.0,2017-11-12 06:59:54,刺网
4469,30.161942444444442,122.95316244444444,0.9,181.0,2017-11-12 07:09:54,刺网
4469,30.161247999999997,122.95324577777781,1.6,192.0,2017-11-12 07:19:54,刺网
4469,30.160442444444442,122.95352355555555,0.5,199.0,2017-11-12 07:29:55,刺网
4469,30.16047022222222,122.95355133333334,0.8,122.0,2017-11-12 07:39:54,刺网
4469,30.16047022222222,122.95355133333334,0.2,0.0,2017-11-12 07:49:54,刺网
4469,30.160498,122.95357911111113,0.7,162.0,2017-11-12 07:59:54,刺网
4469,30.160498,122.95357911111113,0.0,0.0,2017-11-12 08:09:54,刺网
4469,30.16047022222222,122.95369022222219,0.6,87.0,2017-11-12 08:19:54,刺网
4469,30.160442444444442,122.95380133333336,0.0,0.0,2017-11-12 08:29:54,刺网
4469,30.160442444444442,122.95374577777778,0.4,0.0,2017-11-12 08:39:54,刺网
4469,30.160442444444442,122.95374577777778,0.1,0.0,2017-11-12 08:49:55,刺网
4469,30.16047022222222,122.95385688888894,0.1,0.0,2017-11-12 09:00:03,刺网
4469,30.160386888888887,122.95369022222219,1.0,62.0,2017-11-12 09:09:57,刺网
4469,30.160414666666664,122.95377355555556,0.4,180.0,2017-11-12 09:20:07,刺网
4469,30.160386888888887,122.95374577777778,0.8,214.0,2017-11-12 09:29:53,刺网
4469,30.160414666666664,122.95369022222219,0.3,205.0,2017-11-12 09:39:54,刺网
4469,30.160386888888887,122.95360688888893,0.3,0.0,2017-11-12 09:49:54,刺网
4469,30.160442444444442,122.95332911111113,0.1,0.0,2017-11-12 09:59:54,刺网
4469,30.160498,122.95310688888893,0.4,202.0,2017-11-12 10:10:07,刺网
4469,30.160498,122.95319022222223,0.6,255.0,2017-11-12 10:19:54,刺网
4469,30.160442444444442,122.95332911111113,0.4,305.0,2017-11-12 10:29:54,刺网
4469,30.16047022222222,122.95321800000002,0.5,262.0,2017-11-12 10:39:53,刺网
4469,30.16047022222222,122.95313466666668,0.5,330.0,2017-11-12 10:49:53,刺网
4469,30.160414666666664,122.95316244444444,0.7,165.0,2017-11-12 10:59:53,刺网
4469,30.160525777777767,122.95302355555555,1.2,63.0,2017-11-12 11:09:54,刺网
4469,30.160525777777767,122.95313466666668,0.2,0.0,2017-11-12 11:19:53,刺网
4469,30.160498,122.95313466666668,0.2,0.0,2017-11-12 11:29:54,刺网
4469,30.160525777777767,122.95319022222223,0.3,0.0,2017-11-12 11:39:53,刺网
4469,30.160525777777767,122.95319022222223,0.4,0.0,2017-11-12 11:49:53,刺网
4469,30.16055355555555,122.95313466666668,0.4,0.0,2017-11-12 11:59:53,刺网
4469,30.16055355555555,122.95307911111112,0.0,0.0,2017-11-12 12:09:54,刺网
4469,30.160525777777767,122.95305133333336,0.4,0.0,2017-11-12 12:19:54,刺网
4469,30.160498,122.95310688888893,0.7,309.0,2017-11-12 12:29:53,刺网
4469,30.160525777777767,122.95302355555555,0.9,213.0,2017-11-12 12:39:53,刺网
4469,30.160442444444442,122.95305133333336,0.5,0.0,2017-11-12 12:49:53,刺网
4469,30.160386888888887,122.95324577777781,0.7,0.0,2017-11-12 12:59:53,刺网
4469,30.160386888888887,122.95344022222223,0.8,229.0,2017-11-12 13:09:53,刺网
4469,30.160386888888887,122.95335688888893,0.6,0.0,2017-11-12 13:19:53,刺网
4469,30.16047022222222,122.95321800000002,0.9,338.0,2017-11-12 13:29:54,刺网
4469,30.160414666666664,122.95327355555555,0.4,27.0,2017-11-12 13:39:52,刺网
4469,30.16047022222222,122.95316244444444,0.6,0.0,2017-11-12 13:49:59,刺网
4469,30.16055355555555,122.95305133333336,0.5,117.0,2017-11-12 14:00:07,刺网
4469,30.16055355555555,122.95307911111112,0.1,0.0,2017-11-12 14:09:53,刺网
4469,30.160525777777767,122.9529957777778,0.1,0.0,2017-11-12 14:19:52,刺网
4469,30.16055355555555,122.95302355555555,0.7,273.0,2017-11-12 14:29:53,刺网
4469,30.16060911111111,122.95291244444445,0.6,0.0,2017-11-12 14:39:52,刺网
4469,30.160636888888888,122.95291244444445,0.2,0.0,2017-11-12 14:49:52,刺网
4469,30.16069244444445,122.95285688888887,0.6,17.0,2017-11-12 14:59:52,刺网
4469,30.16069244444445,122.9527457777778,0.2,0.0,2017-11-12 15:09:53,刺网
4469,30.160748,122.9527457777778,0.7,20.0,2017-11-12 15:19:53,刺网
4469,30.160664666666666,122.95280133333334,0.3,0.0,2017-11-12 15:29:52,刺网
4469,30.16072022222221,122.9527457777778,0.5,0.0,2017-11-12 15:39:52,刺网
4469,30.160803555555553,122.95266244444444,0.4,0.0,2017-11-12 15:49:52,刺网
4469,30.160803555555553,122.95263466666668,0.8,275.0,2017-11-12 15:59:52,刺网
4469,30.160803555555553,122.95266244444444,0.0,0.0,2017-11-12 16:11:02,刺网
4469,30.16072022222221,122.9527457777778,0.6,56.0,2017-11-12 16:19:52,刺网
4469,30.16069244444445,122.95277355555555,0.2,0.0,2017-11-12 16:29:53,刺网
4469,30.16088688888889,122.95257911111112,0.3,0.0,2017-11-12 16:39:53,刺网
4469,30.16088688888889,122.95255133333336,0.4,0.0,2017-11-12 16:49:53,刺网
4469,30.16088688888889,122.95260688888894,0.0,0.0,2017-11-12 16:59:53,刺网
4469,30.16094244444444,122.9524957777778,0.5,207.0,2017-11-12 17:09:53,刺网
4469,30.16085911111111,122.95257911111112,0.4,0.0,2017-11-12 17:19:53,刺网
4469,30.16091466666667,122.95257911111112,0.5,327.0,2017-11-12 17:29:53,刺网
4469,30.16094244444444,122.95252355555556,0.9,188.0,2017-11-12 17:39:52,刺网
4469,30.16091466666667,122.95255133333336,0.1,0.0,2017-11-12 17:49:53,刺网
4469,30.16083133333333,122.95257911111112,0.6,224.0,2017-11-12 17:59:52,刺网
4469,30.16072022222221,122.95280133333334,0.7,18.0,2017-11-12 18:09:53,刺网
4469,30.160664666666666,122.95277355555555,0.1,0.0,2017-11-12 18:19:52,刺网
4469,30.16069244444445,122.95285688888887,0.5,0.0,2017-11-12 18:29:51,刺网
4469,30.16060911111111,122.95291244444445,0.2,0.0,2017-11-12 18:39:52,刺网
4469,30.160636888888888,122.95294022222224,1.2,186.0,2017-11-12 18:49:52,刺网
4469,30.16072022222221,122.95271799999999,0.9,224.0,2017-11-12 18:59:51,刺网
4469,30.160664666666666,122.95285688888887,0.4,0.0,2017-11-12 19:09:53,刺网
4469,30.16072022222221,122.95266244444444,0.2,0.0,2017-11-12 19:19:54,刺网
4469,30.160525777777767,122.95307911111112,0.6,0.0,2017-11-12 19:29:52,刺网
4469,30.160748,122.95269022222223,0.4,110.0,2017-11-12 19:40:07,刺网
4469,30.160636888888888,122.9529957777778,0.5,278.0,2017-11-12 19:49:51,刺网
4469,30.160636888888888,122.95294022222224,1.4,132.0,2017-11-12 19:59:52,刺网
4469,30.16069244444445,122.95282911111113,0.3,0.0,2017-11-12 20:09:51,刺网
4469,30.16072022222221,122.95280133333334,0.4,0.0,2017-11-12 20:19:52,刺网
4469,30.16060911111111,122.95321800000002,2.1,8.0,2017-11-12 20:29:52,刺网
4469,30.16058133333333,122.95327355555555,0.4,0.0,2017-11-12 20:39:52,刺网
4469,30.16055355555555,122.95352355555555,0.2,0.0,2017-11-12 20:49:51,刺网
4469,30.16047022222222,122.95363466666667,1.5,0.0,2017-11-12 20:59:51,刺网
4469,30.16047022222222,122.95357911111113,0.7,0.0,2017-11-12 21:09:52,刺网
4469,30.160498,122.95352355555555,1.0,214.0,2017-11-12 21:19:51,刺网
4469,30.16055355555555,122.95344022222223,0.4,0.0,2017-11-12 21:29:51,刺网
4469,30.160525777777767,122.95341244444445,0.7,0.0,2017-11-12 21:39:51,刺网
4469,30.160442444444442,122.95341244444445,0.7,215.0,2017-11-12 21:49:51,刺网
4469,30.160414666666664,122.95332911111113,1.6,228.0,2017-11-12 21:59:51,刺网
4469,30.160414666666664,122.95355133333334,0.3,0.0,2017-11-12 22:10:06,刺网
4469,30.160414666666664,122.95369022222219,0.6,41.0,2017-11-12 22:19:51,刺网
4469,30.16047022222222,122.9539957777778,0.1,0.0,2017-11-12 22:29:52,刺网
4469,30.160414666666664,122.95377355555556,0.5,213.0,2017-11-12 22:39:51,刺网
4469,30.160414666666664,122.95382911111112,0.5,346.0,2017-11-12 22:49:51,刺网
4469,30.160414666666664,122.95382911111112,0.4,199.0,2017-11-12 22:59:51,刺网
4469,30.160414666666664,122.95374577777778,0.4,0.0,2017-11-12 23:09:51,刺网
4469,30.160359111111106,122.95388466666668,0.4,0.0,2017-11-12 23:19:50,刺网
4469,30.160414666666664,122.95374577777778,0.1,0.0,2017-11-12 23:29:50,刺网
4469,30.160359111111106,122.95382911111112,0.9,0.0,2017-11-12 23:39:50,刺网
4469,30.160442444444442,122.95391244444444,0.4,0.0,2017-11-12 23:50:07,刺网
4469,30.160414666666664,122.95394022222223,0.4,0.0,2017-11-12 23:59:50,刺网
4469,30.160442444444442,122.95413466666668,0.2,0.0,2017-11-13 00:09:50,刺网
4469,30.160414666666664,122.95402355555555,1.6,42.0,2017-11-13 00:19:50,刺网
4469,30.160442444444442,122.95396799999999,0.6,215.0,2017-11-13 00:29:50,刺网
4469,30.160414666666664,122.95396799999999,0.6,286.0,2017-11-13 00:39:50,刺网
4469,30.160442444444442,122.95396799999999,0.3,0.0,2017-11-13 00:49:50,刺网
4469,30.160414666666664,122.95407911111113,0.2,0.0,2017-11-13 00:59:50,刺网
4469,30.160442444444442,122.9539957777778,1.1,155.0,2017-11-13 01:09:50,刺网
4469,30.160442444444442,122.95394022222223,0.2,0.0,2017-11-13 01:19:50,刺网
4469,30.160442444444442,122.95382911111112,0.1,0.0,2017-11-13 01:29:50,刺网
4469,30.160442444444442,122.95377355555556,0.1,0.0,2017-11-13 01:39:50,刺网
4469,30.160386888888887,122.95374577777778,0.0,0.0,2017-11-13 01:49:50,刺网
4469,30.160359111111106,122.95382911111112,0.9,0.0,2017-11-13 01:59:50,刺网
4469,30.160442444444442,122.95391244444444,0.5,256.0,2017-11-13 02:10:06,刺网
4469,30.160414666666664,122.953718,0.4,0.0,2017-11-13 02:19:50,刺网
4469,30.160442444444442,122.95363466666667,0.4,0.0,2017-11-13 02:29:50,刺网
4469,30.160442444444442,122.95346799999999,0.2,0.0,2017-11-13 02:39:50,刺网
4469,30.160442444444442,122.95344022222223,0.0,0.0,2017-11-13 02:49:50,刺网
4469,30.160442444444442,122.95332911111113,0.2,0.0,2017-11-13 02:59:50,刺网
4469,30.160442444444442,122.95338466666668,0.6,245.0,2017-11-13 03:09:51,刺网
4469,30.160442444444442,122.95338466666668,0.1,0.0,2017-11-13 03:19:50,刺网
4469,30.16047022222222,122.95327355555555,1.5,307.0,2017-11-13 03:29:50,刺网
4469,30.160498,122.95321800000002,0.4,0.0,2017-11-13 03:39:50,刺网
4469,30.160525777777767,122.95310688888893,0.2,0.0,2017-11-13 03:49:51,刺网
4469,30.160525777777767,122.95321800000002,0.7,236.0,2017-11-13 03:59:50,刺网
4469,30.16058133333333,122.95305133333336,0.8,17.0,2017-11-13 04:09:50,刺网
4469,30.16058133333333,122.95305133333336,0.3,0.0,2017-11-13 04:19:50,刺网
4469,30.160664666666666,122.95285688888887,0.0,0.0,2017-11-13 04:29:50,刺网
4469,30.160748,122.95280133333334,0.0,0.0,2017-11-13 04:39:49,刺网
4469,30.16069244444445,122.9527457777778,0.2,0.0,2017-11-13 04:49:50,刺网
4469,30.160803555555553,122.9527457777778,0.2,0.0,2017-11-13 04:59:50,刺网
4469,30.160970222222232,122.95255133333336,0.4,0.0,2017-11-13 05:09:50,刺网
4469,30.161053555555554,122.95257911111112,0.0,0.0,2017-11-13 05:19:51,刺网
4469,30.161025777777766,122.95252355555556,0.4,0.0,2017-11-13 05:29:50,刺网
4469,30.160998,122.95257911111112,0.3,0.0,2017-11-13 05:39:52,刺网
4469,30.161109111111113,122.95235688888893,1.0,0.0,2017-11-13 05:49:52,刺网
4469,30.161164666666664,122.95257911111112,0.4,0.0,2017-11-13 06:00:09,刺网
4469,30.161109111111113,122.95263466666668,0.3,0.0,2017-11-13 06:10:06,刺网
4469,30.161053555555554,122.95271799999999,0.3,0.0,2017-11-13 06:19:49,刺网
4469,30.16088688888889,122.95310688888893,0.9,182.0,2017-11-13 06:29:50,刺网
4469,30.16058133333333,122.95360688888893,0.0,0.0,2017-11-13 06:39:49,刺网
4469,30.160525777777767,122.95374577777778,0.7,0.0,2017-11-13 06:49:50,刺网
4469,30.160442444444442,122.953718,0.0,0.0,2017-11-13 06:59:50,刺网
4469,30.16047022222222,122.95396799999999,0.7,49.0,2017-11-13 07:09:50,刺网
4469,30.160525777777767,122.9539957777778,0.9,242.0,2017-11-13 07:19:50,刺网
4469,30.16047022222222,122.95407911111113,0.3,0.0,2017-11-13 07:29:49,刺网
4469,30.160442444444442,122.95405133333335,0.2,0.0,2017-11-13 07:39:51,刺网
4469,30.16047022222222,122.95413466666668,0.1,0.0,2017-11-13 07:49:50,刺网
4469,30.16047022222222,122.95405133333335,0.8,0.0,2017-11-13 07:59:51,刺网
4469,30.16047022222222,122.95407911111113,0.5,0.0,2017-11-13 08:09:49,刺网
4469,30.16047022222222,122.95402355555555,0.4,0.0,2017-11-13 08:19:51,刺网
4469,30.16047022222222,122.9539957777778,0.2,0.0,2017-11-13 08:29:49,刺网
4469,30.16055355555555,122.95419022222224,0.8,0.0,2017-11-13 08:39:50,刺网
4469,30.16047022222222,122.95402355555555,0.6,0.0,2017-11-13 08:50:08,刺网
4469,30.160442444444442,122.95407911111113,0.1,0.0,2017-11-13 08:59:49,刺网
4469,30.16047022222222,122.95407911111113,0.2,0.0,2017-11-13 09:09:49,刺网
4469,30.160442444444442,122.95402355555555,0.1,0.0,2017-11-13 09:19:49,刺网
4469,30.16047022222222,122.95410688888893,1.1,241.0,2017-11-13 09:29:50,刺网
4469,30.16047022222222,122.95405133333335,0.2,0.0,2017-11-13 09:39:49,刺网
4469,30.16047022222222,122.95407911111113,0.1,0.0,2017-11-13 09:49:49,刺网
4469,30.160442444444442,122.95405133333335,0.6,32.0,2017-11-13 09:59:49,刺网
4469,30.160442444444442,122.9539957777778,0.5,66.0,2017-11-13 10:09:49,刺网
4469,30.16047022222222,122.95407911111113,1.3,323.0,2017-11-13 10:19:48,刺网
4469,30.160442444444442,122.95388466666668,0.3,0.0,2017-11-13 10:29:49,刺网
4469,30.160442444444442,122.95388466666668,1.1,285.0,2017-11-13 10:39:49,刺网
4469,30.160442444444442,122.95385688888894,0.9,297.0,2017-11-13 10:49:48,刺网
4469,30.16047022222222,122.95391244444444,0.6,256.0,2017-11-13 10:59:49,刺网
4469,30.160498,122.95391244444444,0.1,0.0,2017-11-13 11:09:49,刺网
4469,30.16047022222222,122.9539957777778,0.2,0.0,2017-11-13 11:29:48,刺网
4469,30.160442444444442,122.9539957777778,1.3,62.0,2017-11-13 11:39:48,刺网
4469,30.160442444444442,122.95396799999999,1.1,293.0,2017-11-13 11:49:48,刺网
4469,30.160442444444442,122.95394022222223,0.6,0.0,2017-11-13 11:59:49,刺网
4469,30.160414666666664,122.95396799999999,0.8,7.0,2017-11-13 12:09:49,刺网
4469,30.160414666666664,122.95394022222223,0.1,0.0,2017-11-13 12:19:48,刺网
4469,30.160442444444442,122.95382911111112,0.5,0.0,2017-11-13 12:29:48,刺网
4469,30.160386888888887,122.95377355555556,0.4,0.0,2017-11-13 12:39:49,刺网
4469,30.160414666666664,122.95380133333336,0.2,0.0,2017-11-13 12:49:48,刺网
4469,30.160414666666664,122.953718,0.1,0.0,2017-11-13 12:59:48,刺网
4469,30.160414666666664,122.95366244444445,0.7,90.0,2017-11-13 13:09:49,刺网
4469,30.160414666666664,122.95357911111113,1.6,61.0,2017-11-13 13:19:50,刺网
4469,30.160498,122.95355133333334,1.0,0.0,2017-11-13 13:29:59,刺网
4469,30.16058133333333,122.9534957777778,0.2,0.0,2017-11-13 13:39:52,刺网
4469,30.160442444444442,122.95355133333334,0.1,0.0,2017-11-13 13:50:07,刺网
4469,30.16094244444444,122.95357911111113,2.1,358.0,2017-11-13 13:59:48,刺网
4469,30.14794244444445,122.9499957777778,9.6,188.0,2017-11-13 14:09:48,刺网
4469,30.120803555555554,122.94313466666668,10.1,195.0,2017-11-13 14:19:48,刺网
4469,30.092692444444445,122.93924577777778,10.2,186.0,2017-11-13 14:29:48,刺网
4469,30.063998,122.93630133333336,10.2,191.0,2017-11-13 14:39:48,刺网
4469,30.036053555555558,122.93707911111113,10.3,185.0,2017-11-13 14:49:47,刺网
4469,30.010859111111113,122.93427355555555,4.1,276.0,2017-11-13 14:59:48,刺网
4469,30.00991466666667,122.93227355555555,0.5,0.0,2017-11-13 15:09:48,刺网
4469,30.009998,122.93219022222223,0.8,0.0,2017-11-13 15:19:48,刺网
4469,30.009970222222233,122.93219022222223,0.8,327.0,2017-11-13 15:29:49,刺网
4469,30.01008133333333,122.93210688888892,0.7,99.0,2017-11-13 15:39:48,刺网
4469,30.010164666666668,122.93205133333336,0.4,0.0,2017-11-13 15:49:48,刺网
4469,30.010192444444453,122.93205133333336,0.7,82.0,2017-11-13 15:59:48,刺网
4469,30.01030355555555,122.93194022222224,0.2,0.0,2017-11-13 16:10:08,刺网
4469,30.01033133333333,122.93194022222224,0.6,294.0,2017-11-13 16:19:49,刺网
4469,30.01038688888889,122.93194022222224,0.3,0.0,2017-11-13 16:29:49,刺网
4469,30.01058133333333,122.93185688888893,1.0,182.0,2017-11-13 16:39:49,刺网
4469,30.010609111111112,122.93180133333334,0.7,115.0,2017-11-13 16:49:48,刺网
4469,30.010664666666663,122.93182911111113,0.6,328.0,2017-11-13 16:59:48,刺网
4469,30.01119244444445,122.93180133333334,0.2,0.0,2017-11-13 17:09:48,刺网
4469,30.011692444444442,122.9319957777778,0.9,331.0,2017-11-13 17:19:48,刺网
4469,30.01188688888889,122.93213466666668,0.7,344.0,2017-11-13 17:29:49,刺网
4469,30.01208133333333,122.93232911111113,1.0,31.0,2017-11-13 17:39:49,刺网
4469,30.01216466666667,122.932468,0.6,273.0,2017-11-13 17:49:48,刺网
4469,30.012248,122.93260688888893,0.6,44.0,2017-11-13 17:59:48,刺网
4469,30.012303555555555,122.93280133333334,0.6,351.0,2017-11-13 18:09:48,刺网
4469,30.012359111111113,122.93335688888894,0.6,149.0,2017-11-13 18:19:48,刺网
4469,30.012248,122.93291244444444,0.3,0.0,2017-11-13 18:29:46,刺网
4469,30.01185911111111,122.93255133333334,0.1,0.0,2017-11-13 18:39:47,刺网
4469,30.01185911111111,122.93263466666669,0.3,0.0,2017-11-13 18:49:47,刺网
4469,30.01194244444445,122.93266244444445,1.1,84.0,2017-11-13 18:59:47,刺网
4469,30.01202577777777,122.93294022222223,0.3,0.0,2017-11-13 19:09:50,刺网
4469,30.012303555555555,122.93357911111113,0.2,0.0,2017-11-13 19:19:54,刺网
4469,30.012220222222233,122.93399577777781,0.4,0.0,2017-11-13 19:29:49,刺网
4469,30.01219244444445,122.93435688888893,0.8,0.0,2017-11-13 19:39:46,刺网
4469,30.01219244444445,122.93435688888893,1.8,0.0,2017-11-13 19:49:46,刺网
4469,30.012109111111112,122.93460688888894,0.5,0.0,2017-11-13 19:59:47,刺网
4469,30.011664666666665,122.93480133333334,0.8,139.0,2017-11-13 20:10:08,刺网
4469,30.011248,122.93502355555556,0.7,356.0,2017-11-13 20:19:46,刺网
4469,30.010775777777766,122.93505133333336,0.2,0.0,2017-11-13 20:29:46,刺网
4469,30.010275777777768,122.93482911111113,0.3,0.0,2017-11-13 20:39:46,刺网
4469,30.00983133333333,122.93441244444445,0.4,0.0,2017-11-13 20:49:47,刺网
4469,30.009664666666666,122.93413466666668,0.2,0.0,2017-11-13 20:59:47,刺网
4469,30.00960911111111,122.93380133333336,0.0,0.0,2017-11-13 21:09:47,刺网
4469,30.00958133333333,122.9337457777778,0.3,0.0,2017-11-13 21:19:46,刺网
4469,30.00955355555555,122.93385688888893,0.7,217.0,2017-11-13 21:29:46,刺网
4469,30.00960911111111,122.93405133333336,0.8,23.0,2017-11-13 21:39:47,刺网
4469,30.00960911111111,122.93405133333336,0.3,0.0,2017-11-13 21:49:47,刺网
4469,30.00955355555555,122.93399577777781,1.1,232.0,2017-11-13 21:59:46,刺网
4469,30.00955355555555,122.93402355555556,0.7,198.0,2017-11-13 22:09:47,刺网
4469,30.00955355555555,122.93385688888893,0.2,0.0,2017-11-13 22:19:46,刺网
4469,30.00955355555555,122.933718,0.9,138.0,2017-11-13 22:29:47,刺网
4469,30.00955355555555,122.93349577777781,0.4,0.0,2017-11-13 22:39:48,刺网
4469,30.00955355555555,122.93349577777781,0.1,0.0,2017-11-13 22:49:46,刺网
4469,30.00955355555555,122.93338466666668,1.0,184.0,2017-11-13 23:00:07,刺网
4469,30.009498,122.93338466666668,0.2,0.0,2017-11-13 23:09:46,刺网
4469,30.00955355555555,122.93307911111113,0.0,0.0,2017-11-13 23:19:45,刺网
4469,30.00963688888889,122.93280133333334,0.7,64.0,2017-11-13 23:29:46,刺网
4469,30.00958133333333,122.93285688888888,0.3,0.0,2017-11-13 23:39:46,刺网
4469,30.00960911111111,122.93288466666668,0.6,36.0,2017-11-13 23:49:46,刺网
4469,30.00960911111111,122.93285688888888,0.4,0.0,2017-11-13 23:59:46,刺网
4469,30.00958133333333,122.93280133333334,0.7,255.0,2017-11-14 00:09:46,刺网
4469,30.00963688888889,122.93277355555556,0.1,0.0,2017-11-14 00:19:46,刺网
4469,30.00963688888889,122.93277355555556,0.3,0.0,2017-11-14 00:29:45,刺网
4469,30.00963688888889,122.93274577777778,0.4,0.0,2017-11-14 00:39:46,刺网
4469,30.009664666666666,122.93280133333334,0.2,0.0,2017-11-14 00:49:46,刺网
4469,30.00960911111111,122.93282911111113,0.1,0.0,2017-11-14 00:59:46,刺网
4469,30.00963688888889,122.93277355555556,0.1,0.0,2017-11-14 01:09:46,刺网
4469,30.00963688888889,122.93285688888888,0.4,0.0,2017-11-14 01:19:45,刺网
4469,30.00958133333333,122.93282911111113,1.1,21.0,2017-11-14 01:29:46,刺网
4469,30.009498,122.93274577777778,1.3,0.0,2017-11-14 01:39:45,刺网
4469,30.00960911111111,122.93263466666669,0.9,206.0,2017-11-14 01:49:50,刺网
4469,30.00969244444445,122.93255133333334,0.7,0.0,2017-11-14 01:59:46,刺网
4469,30.00969244444445,122.93257911111112,0.1,0.0,2017-11-14 02:10:07,刺网
4469,30.009748,122.93255133333334,1.5,296.0,2017-11-14 02:19:46,刺网
4469,30.009748,122.93257911111112,0.2,0.0,2017-11-14 02:29:46,刺网
4469,30.00972022222221,122.93255133333334,0.8,47.0,2017-11-14 02:39:47,刺网
4469,30.00969244444445,122.93238466666668,0.9,0.0,2017-11-14 02:49:46,刺网
4469,30.00972022222221,122.932468,1.3,0.0,2017-11-14 02:59:45,刺网
4469,30.00983133333333,122.93235688888888,0.8,0.0,2017-11-14 03:09:46,刺网
4469,30.009859111111112,122.93227355555555,0.2,0.0,2017-11-14 03:19:46,刺网
4469,30.00988688888889,122.93227355555555,0.6,0.0,2017-11-14 03:29:45,刺网
4469,30.009970222222233,122.93221800000002,0.0,0.0,2017-11-14 03:39:45,刺网
4469,30.010053555555555,122.93210688888892,0.1,0.0,2017-11-14 03:49:46,刺网
4469,30.010164666666668,122.93202355555556,0.0,0.0,2017-11-14 03:59:45,刺网
4469,30.010164666666668,122.9319957777778,0.3,0.0,2017-11-14 04:09:45,刺网
4469,30.010164666666668,122.93205133333336,0.3,0.0,2017-11-14 04:19:45,刺网
4469,30.010192444444453,122.93210688888892,0.5,349.0,2017-11-14 04:29:46,刺网
4469,30.010192444444453,122.93202355555556,0.6,179.0,2017-11-14 04:39:45,刺网
4469,30.009970222222233,122.93221800000002,0.1,0.0,2017-11-14 04:49:45,刺网
4469,30.010053555555555,122.93232911111113,0.5,0.0,2017-11-14 04:59:46,刺网
4469,30.009803555555553,122.9324957777778,0.1,0.0,2017-11-14 05:09:46,刺网
4469,30.00963688888889,122.93277355555556,0.1,0.0,2017-11-14 05:19:45,刺网
4469,30.009664666666666,122.93280133333334,0.2,0.0,2017-11-14 05:29:45,刺网
4469,30.00960911111111,122.93274577777778,0.1,0.0,2017-11-14 05:39:45,刺网
4469,30.009525777777768,122.9331902222222,0.2,0.0,2017-11-14 05:49:46,刺网
4469,30.009498,122.93341244444444,0.3,0.0,2017-11-14 05:59:46,刺网
4469,30.00955355555555,122.9336902222222,0.4,312.0,2017-11-14 06:10:07,刺网
4469,30.00955355555555,122.93355133333334,0.2,0.0,2017-11-14 06:19:44,刺网
4469,30.009748,122.93291244444444,0.2,0.0,2017-11-14 06:29:45,刺网
4469,30.00994244444445,122.93288466666668,0.3,317.0,2017-11-14 06:39:44,刺网
4469,30.010053555555555,122.93241244444445,0.6,337.0,2017-11-14 06:49:44,刺网
4469,30.010414666666666,122.93210688888892,0.8,340.0,2017-11-14 06:59:44,刺网
4469,30.01058133333333,122.9319957777778,0.9,174.0,2017-11-14 07:09:46,刺网
4469,30.01063688888889,122.93194022222224,0.3,0.0,2017-11-14 07:19:45,刺网
4469,30.010664666666663,122.93194022222224,0.1,0.0,2017-11-14 07:29:44,刺网
4469,30.01069244444445,122.93191244444445,0.1,0.0,2017-11-14 07:39:45,刺网
4469,30.010609111111112,122.931968,1.0,62.0,2017-11-14 07:49:44,刺网
4469,30.01058133333333,122.9319957777778,1.0,23.0,2017-11-14 07:59:45,刺网
4469,30.01058133333333,122.93194022222224,1.0,158.0,2017-11-14 08:09:46,刺网
4469,30.01035911111111,122.9319957777778,0.8,94.0,2017-11-14 08:19:47,刺网
4469,30.010248,122.93213466666668,0.3,0.0,2017-11-14 08:29:44,刺网
4469,30.010053555555555,122.93241244444445,0.7,0.0,2017-11-14 08:39:44,刺网
4469,30.009664666666666,122.93244022222223,0.4,0.0,2017-11-14 08:49:45,刺网
4469,30.009748,122.93269022222223,0.9,0.0,2017-11-14 08:59:45,刺网
4469,30.010053555555555,122.93232911111113,0.5,0.0,2017-11-14 09:09:45,刺网
4469,30.009970222222233,122.93227355555555,1.0,70.0,2017-11-14 09:19:44,刺网
4469,30.00955355555555,122.93302355555555,1.0,79.0,2017-11-14 09:29:43,刺网
4469,30.009998,122.93219022222223,1.3,0.0,2017-11-14 09:39:46,刺网
4469,30.00983133333333,122.93257911111112,0.6,0.0,2017-11-14 09:49:47,刺网
4469,30.00969244444445,122.932718,0.2,0.0,2017-11-14 10:09:44,刺网
4469,30.00969244444445,122.932718,0.4,213.0,2017-11-14 10:19:44,刺网
4469,30.009748,122.93266244444445,0.3,219.0,2017-11-14 10:29:44,刺网
4469,30.00958133333333,122.93310688888893,1.0,43.0,2017-11-14 10:39:44,刺网
4469,30.00955355555555,122.93330133333332,0.9,251.0,2017-11-14 10:49:43,刺网
4469,30.00963688888889,122.93316244444445,1.1,317.0,2017-11-14 10:59:44,刺网
4469,30.00963688888889,122.93307911111113,0.4,0.0,2017-11-14 11:19:44,刺网
4469,30.00963688888889,122.93310688888893,0.6,218.0,2017-11-14 11:29:44,刺网
4469,30.00955355555555,122.9331902222222,0.6,0.0,2017-11-14 11:39:44,刺网
4469,30.009525777777768,122.93316244444445,1.0,299.0,2017-11-14 11:49:43,刺网
4469,30.00960911111111,122.93294022222223,0.2,0.0,2017-11-14 11:59:45,刺网
4469,30.009525777777768,122.93294022222223,0.8,0.0,2017-11-14 12:19:44,刺网
4469,30.009525777777768,122.93302355555555,0.6,0.0,2017-11-14 12:29:44,刺网
4469,30.009525777777768,122.93313466666667,0.6,0.0,2017-11-14 12:39:44,刺网
4469,30.009525777777768,122.93307911111113,0.4,0.0,2017-11-14 12:49:46,刺网
4469,30.009525777777768,122.93305133333335,0.5,286.0,2017-11-14 12:59:44,刺网
4469,30.009525777777768,122.93305133333335,0.2,0.0,2017-11-14 13:09:44,刺网
4469,30.009525777777768,122.93310688888893,0.2,0.0,2017-11-14 13:19:44,刺网
4469,30.009498,122.9329957777778,0.2,0.0,2017-11-14 13:29:44,刺网
4469,30.009525777777768,122.9329957777778,0.7,186.0,2017-11-14 13:39:44,刺网
4469,30.009220222222233,122.93285688888888,0.5,17.0,2017-11-14 13:49:57,刺网
4469,30.00958133333333,122.93294022222223,1.0,0.0,2017-11-14 13:59:48,刺网
4469,30.00960911111111,122.93282911111113,0.2,0.0,2017-11-14 14:10:08,刺网
4469,30.00958133333333,122.93288466666668,0.4,0.0,2017-11-14 14:19:43,刺网
4469,30.00960911111111,122.93269022222223,1.3,293.0,2017-11-14 14:29:43,刺网
4469,30.00972022222221,122.93255133333334,0.8,351.0,2017-11-14 14:39:43,刺网
4469,30.009748,122.93255133333334,0.0,0.0,2017-11-14 14:49:42,刺网
4469,30.00972022222221,122.932468,0.3,0.0,2017-11-14 14:59:43,刺网
4469,30.009803555555553,122.93244022222223,0.1,0.0,2017-11-14 15:10:09,刺网
4469,30.00977577777777,122.932468,0.4,0.0,2017-11-14 15:19:44,刺网
4469,30.009748,122.93244022222223,0.4,0.0,2017-11-14 15:29:43,刺网
4469,30.00977577777777,122.93244022222223,0.8,46.0,2017-11-14 15:39:44,刺网
4469,30.009803555555553,122.932468,0.3,0.0,2017-11-14 15:49:43,刺网
4469,30.00983133333333,122.93244022222223,0.1,0.0,2017-11-14 15:59:46,刺网
4469,30.00972022222221,122.93257911111112,0.4,38.0,2017-11-14 16:09:44,刺网
4469,30.009748,122.93252355555555,0.2,0.0,2017-11-14 16:19:44,刺网
4469,30.00983133333333,122.932468,0.2,0.0,2017-11-14 16:29:44,刺网
4469,30.00988688888889,122.93235688888888,0.4,0.0,2017-11-14 16:39:43,刺网
4469,30.010025777777766,122.93219022222223,0.1,0.0,2017-11-14 16:49:44,刺网
4469,30.010025777777766,122.93216244444444,0.2,0.0,2017-11-14 16:59:44,刺网
4469,30.010109111111113,122.93210688888892,0.2,0.0,2017-11-14 17:09:44,刺网
4469,30.010053555555555,122.93219022222223,0.2,0.0,2017-11-14 17:19:43,刺网
4469,30.010192444444453,122.93213466666668,0.3,0.0,2017-11-14 17:29:43,刺网
4469,30.01035911111111,122.93194022222224,1.2,0.0,2017-11-14 17:39:43,刺网
4469,30.01044244444445,122.93194022222224,0.2,0.0,2017-11-14 17:49:45,刺网
4469,30.010498,122.93202355555556,0.3,0.0,2017-11-14 17:59:52,刺网
4469,30.010609111111112,122.93191244444445,0.1,0.0,2017-11-14 18:10:08,刺网
4469,30.010720222222233,122.93191244444445,0.1,0.0,2017-11-14 18:19:43,刺网
4469,30.010886888888887,122.93205133333336,0.8,19.0,2017-11-14 18:29:42,刺网
4469,30.010970222222234,122.93207911111112,0.2,0.0,2017-11-14 18:39:43,刺网
4469,30.010970222222234,122.9319957777778,0.4,282.0,2017-11-14 18:49:43,刺网
4469,30.011025777777785,122.93207911111112,0.3,0.0,2017-11-14 18:59:43,刺网
4469,30.010859111111113,122.93255133333334,0.4,165.0,2017-11-14 19:19:42,刺网
4469,30.01052577777777,122.93307911111113,0.5,0.0,2017-11-14 19:29:42,刺网
4469,30.01022022222222,122.93344022222223,0.2,0.0,2017-11-14 19:39:43,刺网
4469,30.010109111111113,122.9336902222222,0.5,0.0,2017-11-14 19:49:43,刺网
4469,30.01008133333333,122.93357911111113,0.5,0.0,2017-11-14 19:59:43,刺网
4469,30.010136888888887,122.9331902222222,0.9,338.0,2017-11-14 20:10:09,刺网
4469,30.00988688888889,122.93349577777781,0.1,0.0,2017-11-14 20:19:41,刺网
4469,30.00988688888889,122.93285688888888,0.3,0.0,2017-11-14 20:29:42,刺网
4469,30.00955355555555,122.93366244444445,0.9,92.0,2017-11-14 20:39:42,刺网
4469,30.00972022222221,122.93305133333335,0.7,247.0,2017-11-14 20:49:42,刺网
4469,30.00963688888889,122.93302355555555,0.0,0.0,2017-11-14 20:59:43,刺网
4469,30.00960911111111,122.9331902222222,0.8,322.0,2017-11-14 21:09:43,刺网
4469,30.00960911111111,122.933218,0.0,0.0,2017-11-14 21:19:42,刺网
4469,30.00955355555555,122.9336902222222,0.3,176.0,2017-11-14 21:29:42,刺网
4469,30.00958133333333,122.93349577777781,0.8,124.0,2017-11-14 21:39:42,刺网
4469,30.009525777777768,122.93380133333336,0.7,139.0,2017-11-14 21:49:43,刺网
4469,30.00958133333333,122.93399577777781,1.2,203.0,2017-11-14 21:59:43,刺网
4469,30.00960911111111,122.93407911111113,0.7,228.0,2017-11-14 22:09:43,刺网
4469,30.00955355555555,122.93394022222223,0.6,129.0,2017-11-14 22:19:43,刺网
4469,30.00960911111111,122.93413466666668,0.5,0.0,2017-11-14 22:29:42,刺网
4469,30.00958133333333,122.933968,1.8,189.0,2017-11-14 22:39:43,刺网
4469,30.00955355555555,122.93394022222223,1.6,39.0,2017-11-14 22:49:42,刺网
4469,30.009664666666666,122.9342457777778,0.4,0.0,2017-11-14 22:59:41,刺网
4469,30.00958133333333,122.93405133333336,0.2,0.0,2017-11-14 23:10:08,刺网
4469,30.00958133333333,122.933968,1.2,204.0,2017-11-14 23:19:41,刺网
4469,30.009525777777768,122.933968,0.2,0.0,2017-11-14 23:29:41,刺网
4469,30.00955355555555,122.93391244444445,0.2,0.0,2017-11-14 23:39:41,刺网
4469,30.00955355555555,122.93399577777781,0.9,71.0,2017-11-14 23:49:41,刺网
4469,30.009525777777768,122.933968,1.3,123.0,2017-11-14 23:59:41,刺网
4469,30.00955355555555,122.93402355555556,0.5,0.0,2017-11-15 00:09:41,刺网
4469,30.00947022222222,122.93380133333336,1.0,79.0,2017-11-15 00:19:41,刺网
4469,30.009414666666665,122.93335688888894,1.2,143.0,2017-11-15 00:29:41,刺网
4469,30.00955355555555,122.93294022222223,0.5,0.0,2017-11-15 00:39:41,刺网
4469,30.00963688888889,122.93280133333334,0.0,0.0,2017-11-15 00:49:42,刺网
4469,30.009442444444442,122.93294022222223,0.4,0.0,2017-11-15 00:59:41,刺网
4469,30.00963688888889,122.93282911111113,0.4,0.0,2017-11-15 01:09:42,刺网
4469,30.00963688888889,122.93277355555556,0.6,0.0,2017-11-15 01:19:44,刺网
4469,30.00955355555555,122.932718,0.3,0.0,2017-11-15 01:29:45,刺网
4469,30.00969244444445,122.93255133333334,0.9,0.0,2017-11-15 01:39:43,刺网
4469,30.00960911111111,122.93263466666669,0.6,0.0,2017-11-15 01:49:42,刺网
4469,30.00947022222222,122.93260688888893,0.4,0.0,2017-11-15 01:59:51,刺网
4469,30.00969244444445,122.93266244444445,0.2,0.0,2017-11-15 02:10:07,刺网
4469,30.00972022222221,122.93266244444445,0.7,188.0,2017-11-15 02:19:41,刺网
4469,30.00977577777777,122.93255133333334,1.5,191.0,2017-11-15 02:29:42,刺网
4469,30.00977577777777,122.9324957777778,0.4,0.0,2017-11-15 02:39:42,刺网
4469,30.009803555555553,122.93241244444445,0.4,0.0,2017-11-15 02:49:42,刺网
4469,30.00991466666667,122.93221800000002,0.0,0.0,2017-11-15 02:59:42,刺网
4469,30.009970222222233,122.93221800000002,1.4,135.0,2017-11-15 03:09:42,刺网
4469,30.009998,122.93219022222223,0.7,107.0,2017-11-15 03:19:42,刺网
4469,30.00994244444445,122.93219022222223,0.7,283.0,2017-11-15 03:29:42,刺网
4469,30.00988688888889,122.93224577777781,0.7,324.0,2017-11-15 03:39:42,刺网
4469,30.00991466666667,122.93219022222223,1.2,301.0,2017-11-15 03:49:41,刺网
4469,30.009970222222233,122.93216244444444,1.2,301.0,2017-11-15 03:59:40,刺网
4469,30.010053555555555,122.93207911111112,1.6,61.0,2017-11-15 04:09:41,刺网
4469,30.01008133333333,122.93210688888892,0.5,300.0,2017-11-15 04:19:40,刺网
4469,30.009998,122.93221800000002,0.6,61.0,2017-11-15 04:29:41,刺网
4469,30.009998,122.93213466666668,0.4,168.0,2017-11-15 04:39:41,刺网
4469,30.00988688888889,122.93219022222223,0.0,0.0,2017-11-15 04:49:42,刺网
4469,30.010192444444453,122.93205133333336,0.8,57.0,2017-11-15 04:59:41,刺网
4469,30.010553555555553,122.9317457777778,0.7,0.0,2017-11-15 05:09:42,刺网
4469,30.01035911111111,122.93191244444445,0.7,0.0,2017-11-15 05:19:40,刺网
4469,30.01033133333333,122.93191244444445,0.7,150.0,2017-11-15 05:29:39,刺网
4469,30.010192444444453,122.93205133333336,1.4,133.0,2017-11-15 05:39:41,刺网
4469,30.01033133333333,122.93182911111113,0.5,0.0,2017-11-15 05:49:42,刺网
4469,30.010192444444453,122.9319957777778,0.8,0.0,2017-11-15 05:59:44,刺网
4469,30.010275777777768,122.931968,0.5,0.0,2017-11-15 06:10:08,刺网
4469,30.01047022222221,122.93194022222224,0.8,121.0,2017-11-15 06:19:41,刺网
4469,30.01044244444445,122.93191244444445,0.4,0.0,2017-11-15 06:29:42,刺网
4469,30.010720222222233,122.93177355555555,0.1,0.0,2017-11-15 06:39:41,刺网
4469,30.010942444444442,122.93177355555555,2.1,112.0,2017-11-15 06:49:41,刺网
4469,30.01113688888889,122.93180133333334,1.0,96.0,2017-11-15 06:59:40,刺网
4469,30.011303555555557,122.93180133333334,2.6,37.0,2017-11-15 07:09:41,刺网
4469,30.01144244444444,122.93182911111113,1.6,194.0,2017-11-15 07:19:41,刺网
4469,30.011525777777766,122.93194022222224,0.9,43.0,2017-11-15 07:29:41,刺网
4469,30.01122022222221,122.93244022222223,2.0,72.0,2017-11-15 07:39:40,刺网
4469,30.00510911111111,122.94160688888893,8.0,126.0,2017-11-15 07:49:40,刺网
4469,30.00019244444445,122.96630133333336,7.6,61.0,2017-11-15 08:00:08,刺网
4469,30.016414666666666,122.9799957777778,8.1,356.0,2017-11-15 08:09:41,刺网
4469,30.039886888888887,122.98869022222222,7.9,14.0,2017-11-15 08:19:40,刺网
4469,30.064248,122.99466244444444,8.6,14.0,2017-11-15 08:29:41,刺网
4469,30.08888688888889,122.9967457777778,9.6,5.0,2017-11-15 08:39:39,刺网
4469,30.108359111111113,122.99757911111112,5.5,188.0,2017-11-15 08:49:39,刺网
4469,30.108220222222233,122.99660688888888,0.6,266.0,2017-11-15 08:59:40,刺网
4469,30.108220222222233,122.99605133333334,0.6,0.0,2017-11-15 09:09:41,刺网
4469,30.10785911111111,122.99577355555556,0.5,0.0,2017-11-15 09:19:40,刺网
4469,30.10766466666667,122.99580133333332,0.9,187.0,2017-11-15 09:29:41,刺网
4469,30.10758133333333,122.99574577777778,0.2,0.0,2017-11-15 09:39:42,刺网
4469,30.10727577777777,122.99596799999999,0.6,0.0,2017-11-15 09:49:45,刺网
4469,30.106970222222234,122.99594022222223,0.7,0.0,2017-11-15 09:59:41,刺网
4469,30.10663688888889,122.99607911111113,0.2,0.0,2017-11-15 10:10:08,刺网
4469,30.10663688888889,122.99594022222223,0.4,0.0,2017-11-15 10:19:40,刺网
4469,30.106414666666666,122.99602355555555,1.6,176.0,2017-11-15 10:29:39,刺网
4469,30.105998000000003,122.99635688888893,0.5,0.0,2017-11-15 10:39:40,刺网
4469,30.106275777777785,122.99605133333334,1.6,351.0,2017-11-15 10:49:40,刺网
4469,30.10652577777779,122.99588466666668,0.7,243.0,2017-11-15 10:59:40,刺网
4469,30.106275777777785,122.99591244444444,0.0,0.0,2017-11-15 11:09:40,刺网
4469,30.105998000000003,122.99607911111113,0.1,0.0,2017-11-15 11:19:40,刺网
4469,30.10583133333333,122.99627355555558,0.8,62.0,2017-11-15 11:29:40,刺网
4469,30.10588688888889,122.99630133333336,0.1,0.0,2017-11-15 11:39:39,刺网
4469,30.10591466666667,122.99627355555558,1.7,77.0,2017-11-15 11:49:40,刺网
4469,30.105970222222233,122.99627355555558,2.5,312.0,2017-11-15 11:59:39,刺网
4469,30.105970222222233,122.99632911111112,1.8,77.0,2017-11-15 12:09:40,刺网
4469,30.105970222222233,122.99632911111112,1.7,96.0,2017-11-15 12:19:41,刺网
4469,30.105970222222233,122.996218,0.7,0.0,2017-11-15 12:29:44,刺网
4469,30.10591466666667,122.99666244444445,0.8,92.0,2017-11-15 12:39:46,刺网
4469,30.105859111111112,122.996468,1.0,146.0,2017-11-15 12:50:08,刺网
4469,30.105859111111112,122.99649577777778,1.7,278.0,2017-11-15 12:59:39,刺网
4469,30.10588688888889,122.99638466666669,0.1,0.0,2017-11-15 13:09:40,刺网
4469,30.105859111111112,122.996468,0.5,221.0,2017-11-15 13:19:39,刺网
4469,30.105859111111112,122.996468,0.5,224.0,2017-11-15 13:29:38,刺网
4469,30.105859111111112,122.996468,0.9,248.0,2017-11-15 13:39:39,刺网
4469,30.10591466666667,122.99641244444445,0.9,162.0,2017-11-15 13:49:39,刺网
4469,30.10591466666667,122.99638466666669,0.9,227.0,2017-11-15 13:59:39,刺网
4469,30.105970222222233,122.9962457777778,1.1,277.0,2017-11-15 14:19:39,刺网
4469,30.10608133333333,122.99613466666668,1.1,193.0,2017-11-15 14:29:39,刺网
4469,30.10608133333333,122.99613466666668,0.5,0.0,2017-11-15 14:39:39,刺网
4469,30.10622022222222,122.99596799999999,0.3,0.0,2017-11-15 14:49:39,刺网
4469,30.106136888888887,122.99605133333334,0.8,0.0,2017-11-15 14:59:39,刺网
4469,30.106053555555555,122.99602355555555,0.8,0.0,2017-11-15 15:09:42,刺网
4469,30.106247999999997,122.99588466666668,0.5,0.0,2017-11-15 15:19:42,刺网
4469,30.106164666666665,122.99588466666668,1.3,339.0,2017-11-15 15:29:40,刺网
4469,30.10630355555556,122.99577355555556,0.4,0.0,2017-11-15 15:39:39,刺网
4469,30.10647022222221,122.99566244444445,0.3,0.0,2017-11-15 15:49:39,刺网
4469,30.106498,122.99566244444445,0.0,0.0,2017-11-15 15:59:40,刺网
4469,30.10663688888889,122.99560688888893,0.3,0.0,2017-11-15 16:19:39,刺网
4469,30.106803555555558,122.9954957777778,0.2,0.0,2017-11-15 16:29:39,刺网
4469,30.10669244444445,122.99557911111113,1.0,202.0,2017-11-15 16:39:39,刺网
4469,30.106886888888887,122.99552355555555,0.6,306.0,2017-11-15 16:49:39,刺网
4469,30.107025777777785,122.99546800000002,0.1,0.0,2017-11-15 16:59:39,刺网
4469,30.10705355555556,122.99546800000002,0.4,0.0,2017-11-15 17:09:39,刺网
4469,30.10708133333333,122.99546800000002,0.0,0.0,2017-11-15 17:19:39,刺网
4469,30.107164666666666,122.99546800000002,0.9,215.0,2017-11-15 17:29:38,刺网
4469,30.107164666666666,122.99544022222223,2.4,1.0,2017-11-15 17:39:39,刺网
4469,30.107248,122.99544022222223,2.0,236.0,2017-11-15 17:49:37,刺网
4469,30.10727577777777,122.99546800000002,1.4,75.0,2017-11-15 17:59:37,刺网
4469,30.10738688888889,122.9954957777778,0.5,336.0,2017-11-15 18:09:39,刺网
4469,30.107553555555555,122.9954957777778,0.6,0.0,2017-11-15 18:19:37,刺网
4469,30.10758133333333,122.99555133333335,1.0,21.0,2017-11-15 18:29:37,刺网
4469,30.107609111111113,122.99555133333335,1.3,168.0,2017-11-15 18:39:37,刺网
4469,30.107720222222234,122.99560688888893,1.2,174.0,2017-11-15 18:49:38,刺网
4469,30.107775777777785,122.99563466666667,1.6,108.0,2017-11-15 18:59:37,刺网
4469,30.10788688888889,122.99563466666667,0.5,0.0,2017-11-15 19:09:38,刺网
4469,30.10791466666667,122.99566244444445,0.4,0.0,2017-11-15 19:19:37,刺网
4469,30.108275777777767,122.99596799999999,0.2,0.0,2017-11-15 19:29:37,刺网
4469,30.10833133333333,122.99610688888893,1.1,7.0,2017-11-15 19:39:38,刺网
4469,30.108386888888887,122.99613466666668,0.2,0.0,2017-11-15 19:49:38,刺网
4469,30.108414666666665,122.99616244444445,1.5,0.0,2017-11-15 19:59:43,刺网
4469,30.108386888888887,122.99613466666668,1.2,119.0,2017-11-15 20:10:07,刺网
4469,30.108414666666665,122.996218,2.3,79.0,2017-11-15 20:19:37,刺网
4469,30.108525777777785,122.99632911111112,2.1,80.0,2017-11-15 20:29:37,刺网
4469,30.108497999999997,122.99632911111112,0.7,320.0,2017-11-15 20:39:37,刺网
4469,30.108470222222234,122.99630133333336,1.7,132.0,2017-11-15 20:49:38,刺网
4469,30.108497999999997,122.99635688888893,1.0,309.0,2017-11-15 20:59:37,刺网
4469,30.10855355555556,122.99641244444445,1.6,289.0,2017-11-15 21:09:38,刺网
4469,30.10858133333333,122.99644022222223,0.9,0.0,2017-11-15 21:19:38,刺网
4469,30.10860911111111,122.99666244444445,1.0,339.0,2017-11-15 21:29:38,刺网
4469,30.10858133333333,122.99663466666668,0.4,0.0,2017-11-15 21:39:37,刺网
4469,30.10858133333333,122.99666244444445,1.1,270.0,2017-11-15 21:49:38,刺网
4469,30.108497999999997,122.99669022222223,1.2,296.0,2017-11-15 21:59:37,刺网
4469,30.108525777777785,122.99652355555556,0.2,0.0,2017-11-15 22:09:39,刺网
4469,30.108497999999997,122.99649577777778,2.3,42.0,2017-11-15 22:19:37,刺网
4469,30.108386888888887,122.99638466666669,0.6,237.0,2017-11-15 22:29:38,刺网
4469,30.108386888888887,122.99638466666669,0.7,0.0,2017-11-15 22:39:37,刺网
4469,30.108220222222233,122.996218,1.1,0.0,2017-11-15 22:49:38,刺网
4469,30.10802577777779,122.99616244444445,0.0,0.0,2017-11-15 23:00:08,刺网
4469,30.107636888888887,122.99602355555555,1.4,123.0,2017-11-15 23:19:37,刺网
4469,30.10705355555556,122.99599577777781,0.1,0.0,2017-11-15 23:30:35,刺网
4469,30.10705355555556,122.99588466666668,0.4,0.0,2017-11-15 23:39:37,刺网
4469,30.10691466666667,122.99577355555556,1.0,225.0,2017-11-15 23:49:37,刺网
4469,30.10644244444445,122.995718,0.1,0.0,2017-11-15 23:59:36,刺网
4469,30.106553555555557,122.99585688888894,0.8,0.0,2017-11-16 00:09:37,刺网
4469,30.106247999999997,122.99602355555555,1.3,117.0,2017-11-16 00:19:37,刺网
4469,30.106192444444442,122.99602355555555,0.5,0.0,2017-11-16 00:29:36,刺网
4469,30.106192444444442,122.99602355555555,0.7,0.0,2017-11-16 00:39:36,刺网
4469,30.10608133333333,122.99613466666668,0.4,0.0,2017-11-16 00:49:37,刺网
4469,30.106053555555555,122.996218,0.3,0.0,2017-11-16 00:59:36,刺网
4469,30.106053555555555,122.9961902222222,2.4,237.0,2017-11-16 01:09:37,刺网
4469,30.105970222222233,122.99630133333336,0.5,0.0,2017-11-16 01:19:36,刺网
4469,30.105970222222233,122.99627355555558,0.5,104.0,2017-11-16 01:29:36,刺网
4469,30.106053555555555,122.9961902222222,0.7,111.0,2017-11-16 01:39:37,刺网
4469,30.105998000000003,122.99627355555558,0.7,0.0,2017-11-16 01:49:42,刺网
4469,30.10594244444445,122.99616244444445,0.2,0.0,2017-11-16 02:00:45,刺网
4469,30.10608133333333,122.99605133333334,0.3,0.0,2017-11-16 02:10:08,刺网
4469,30.106136888888887,122.99605133333334,1.4,291.0,2017-11-16 02:19:36,刺网
4469,30.106109111111113,122.99599577777781,0.1,0.0,2017-11-16 02:29:37,刺网
4469,30.106136888888887,122.99599577777781,0.9,0.0,2017-11-16 02:39:37,刺网
4469,30.106136888888887,122.99588466666668,2.2,0.0,2017-11-16 02:49:37,刺网
4469,30.106192444444442,122.99585688888894,1.1,5.0,2017-11-16 02:59:37,刺网
4469,30.106192444444442,122.99591244444444,0.7,0.0,2017-11-16 03:09:37,刺网
4469,30.10630355555556,122.99582911111112,1.1,260.0,2017-11-16 03:19:37,刺网
4469,30.106414666666666,122.9956902222222,0.4,25.0,2017-11-16 03:29:37,刺网
4469,30.10644244444445,122.99566244444445,0.7,39.0,2017-11-16 03:39:35,刺网
4469,30.106609111111112,122.99560688888893,0.1,0.0,2017-11-16 03:49:36,刺网
4469,30.10666466666667,122.99552355555555,0.8,196.0,2017-11-16 03:59:36,刺网
4469,30.106748,122.99552355555555,0.1,0.0,2017-11-16 04:09:36,刺网
4469,30.10669244444445,122.99557911111113,1.4,211.0,2017-11-16 04:19:36,刺网
4469,30.106803555555558,122.99552355555555,0.1,0.0,2017-11-16 04:29:36,刺网
4469,30.106748,122.99555133333335,1.2,165.0,2017-11-16 04:39:36,刺网
4469,30.106859111111113,122.9954957777778,0.4,0.0,2017-11-16 04:49:36,刺网
4469,30.106942444444453,122.9954957777778,0.9,15.0,2017-11-16 04:59:36,刺网
4469,30.106886888888887,122.99546800000002,0.2,0.0,2017-11-16 05:09:36,刺网
4469,30.10713688888889,122.99546800000002,1.5,246.0,2017-11-16 05:19:36,刺网
4469,30.10733133333333,122.99538466666668,1.5,0.0,2017-11-16 05:29:36,刺网
4469,30.107359111111112,122.99538466666668,0.5,0.0,2017-11-16 05:39:35,刺网
4469,30.107609111111113,122.99530133333334,0.7,0.0,2017-11-16 05:49:39,刺网
4469,30.10741466666667,122.99538466666668,1.1,0.0,2017-11-16 05:59:36,刺网
4469,30.107525777777767,122.9954957777778,0.4,304.0,2017-11-16 06:19:35,刺网
4469,30.10758133333333,122.99552355555555,0.3,0.0,2017-11-16 06:29:36,刺网
4469,30.107692444444453,122.99555133333335,0.4,0.0,2017-11-16 06:39:36,刺网
4469,30.10766466666667,122.99552355555555,0.8,31.0,2017-11-16 06:49:35,刺网
4469,30.107747999999997,122.99555133333335,0.4,136.0,2017-11-16 06:59:35,刺网
4469,30.10785911111111,122.99563466666667,2.1,339.0,2017-11-16 07:09:36,刺网
4469,30.10797022222223,122.99563466666667,1.5,306.0,2017-11-16 07:19:35,刺网
4469,30.10797022222223,122.99566244444445,0.3,0.0,2017-11-16 07:29:36,刺网
4469,30.10808133333333,122.995718,1.8,255.0,2017-11-16 07:39:35,刺网
4469,30.108109111111112,122.99580133333332,0.3,0.0,2017-11-16 07:49:35,刺网
4469,30.10808133333333,122.99585688888894,1.2,36.0,2017-11-16 07:59:36,刺网
4469,30.10816466666667,122.99585688888894,1.0,14.0,2017-11-16 08:09:36,刺网
4469,30.10813688888889,122.99580133333332,0.4,0.0,2017-11-16 08:19:35,刺网
4469,30.108220222222233,122.99607911111113,0.7,0.0,2017-11-16 08:29:46,刺网
4469,30.108109111111112,122.99582911111112,0.3,11.0,2017-11-16 08:40:08,刺网
4469,30.10813688888889,122.99585688888894,1.5,53.0,2017-11-16 08:49:35,刺网
4469,30.10813688888889,122.99585688888894,0.5,323.0,2017-11-16 08:59:35,刺网
4469,30.10819244444445,122.99588466666668,0.5,63.0,2017-11-16 09:09:35,刺网
4469,30.10816466666667,122.99585688888894,1.5,135.0,2017-11-16 09:19:35,刺网
4469,30.108109111111112,122.99582911111112,2.2,254.0,2017-11-16 09:29:35,刺网
4469,30.10813688888889,122.99582911111112,0.9,239.0,2017-11-16 09:39:35,刺网
4469,30.108053555555557,122.99574577777778,0.8,69.0,2017-11-16 09:49:35,刺网
4469,30.10780355555556,122.99563466666667,0.9,172.0,2017-11-16 09:59:35,刺网
4469,30.10758133333333,122.99557911111113,1.5,286.0,2017-11-16 10:09:35,刺网
4469,30.107470222222233,122.99555133333335,0.7,0.0,2017-11-16 10:19:35,刺网
4469,30.107303555555553,122.99555133333335,0.6,0.0,2017-11-16 10:29:36,刺网
4469,30.10710911111111,122.99552355555555,1.0,0.0,2017-11-16 10:39:35,刺网
4469,30.106997999999997,122.9954957777778,1.3,209.0,2017-11-16 10:49:36,刺网
4469,30.10710911111111,122.99557911111113,0.1,0.0,2017-11-16 10:59:38,刺网
4469,30.106886888888887,122.995718,1.8,237.0,2017-11-16 11:09:41,刺网
4469,30.106720222222233,122.99574577777778,0.3,0.0,2017-11-16 11:19:36,刺网
4469,30.10708133333333,122.99546800000002,0.3,0.0,2017-11-16 11:30:03,刺网
4469,30.106720222222233,122.99560688888893,0.9,183.0,2017-11-16 11:39:35,刺网
4469,30.107164666666666,122.99544022222223,0.2,0.0,2017-11-16 11:49:35,刺网
4469,30.106498,122.995718,1.2,23.0,2017-11-16 11:59:34,刺网
4469,30.107025777777785,122.99552355555555,0.5,0.0,2017-11-16 12:09:35,刺网
4469,30.10705355555556,122.99546800000002,0.7,203.0,2017-11-16 12:19:34,刺网
4469,30.10691466666667,122.9954957777778,0.2,0.0,2017-11-16 12:30:02,刺网
4469,30.10705355555556,122.9954957777778,0.4,0.0,2017-11-16 12:39:35,刺网
4469,30.10691466666667,122.9954957777778,0.0,0.0,2017-11-16 12:49:35,刺网
4469,30.106720222222233,122.99557911111113,1.6,208.0,2017-11-16 12:59:35,刺网
4469,30.106803555555558,122.99546800000002,0.7,157.0,2017-11-16 13:09:35,刺网
4469,30.106748,122.99552355555555,1.6,232.0,2017-11-16 13:19:34,刺网
4469,30.106775777777766,122.99552355555555,1.2,170.0,2017-11-16 13:29:34,刺网
4469,30.106886888888887,122.9954957777778,1.7,137.0,2017-11-16 13:39:34,刺网
4469,30.106859111111113,122.99546800000002,0.7,0.0,2017-11-16 13:49:34,刺网
4469,30.10669244444445,122.99555133333335,0.5,0.0,2017-11-16 13:59:35,刺网
4469,30.106748,122.99555133333335,0.3,0.0,2017-11-16 14:09:38,刺网
4469,30.10666466666667,122.99552355555555,1.6,349.0,2017-11-16 14:19:34,刺网
4469,30.106748,122.9954957777778,1.1,0.0,2017-11-16 14:29:34,刺网
4469,30.106775777777766,122.99546800000002,1.1,0.0,2017-11-16 14:39:34,刺网
4469,30.106831333333336,122.99546800000002,0.4,0.0,2017-11-16 14:50:02,刺网
4469,30.10691466666667,122.9954957777778,1.7,122.0,2017-11-16 14:59:34,刺网
4469,30.10652577777779,122.99471799999999,0.8,22.0,2017-11-16 15:09:34,刺网
4469,30.10669244444445,122.99469022222222,2.3,339.0,2017-11-16 15:19:34,刺网
4469,30.106859111111113,122.99463466666668,0.8,66.0,2017-11-16 15:29:34,刺网
4469,30.10669244444445,122.99469022222222,1.2,350.0,2017-11-16 15:39:34,刺网
4469,30.106859111111113,122.99463466666668,0.1,0.0,2017-11-16 15:49:34,刺网
4469,30.106997999999997,122.99460688888892,0.2,0.0,2017-11-16 15:59:35,刺网
4469,30.10713688888889,122.99457911111112,0.2,0.0,2017-11-16 16:09:34,刺网
4469,30.107025777777785,122.99457911111112,0.1,0.0,2017-11-16 16:19:34,刺网
4469,30.10719244444445,122.99457911111112,0.9,179.0,2017-11-16 16:29:34,刺网
4469,30.107303555555553,122.99455133333332,0.8,130.0,2017-11-16 16:39:34,刺网
4469,30.10741466666667,122.99457911111112,0.5,156.0,2017-11-16 16:49:35,刺网
4469,30.10741466666667,122.99460688888892,1.1,359.0,2017-11-16 17:09:34,刺网
4469,30.107553555555555,122.99455133333332,2.1,16.0,2017-11-16 17:19:35,刺网
4469,30.107498,122.99452355555556,1.1,116.0,2017-11-16 17:29:34,刺网
4469,30.107720222222234,122.99463466666668,1.0,0.0,2017-11-16 17:39:34,刺网
4469,30.107747999999997,122.99460688888892,1.0,91.0,2017-11-16 17:49:35,刺网
4469,30.107720222222234,122.99463466666668,0.7,0.0,2017-11-16 17:59:34,刺网
4469,30.107553555555555,122.99463466666668,0.7,313.0,2017-11-16 18:10:02,刺网
4469,30.10766466666667,122.99466244444444,0.1,0.0,2017-11-16 18:19:34,刺网
4469,30.10797022222223,122.99471799999999,0.9,27.0,2017-11-16 18:29:32,刺网
4469,30.10794244444445,122.99469022222222,0.8,286.0,2017-11-16 18:39:32,刺网
4469,30.10808133333333,122.99480133333331,0.7,275.0,2017-11-16 18:49:32,刺网
4469,30.10816466666667,122.99480133333331,0.7,229.0,2017-11-16 18:59:33,刺网
4469,30.108275777777767,122.99488466666668,0.3,0.0,2017-11-16 19:09:32,刺网
4469,30.10833133333333,122.99488466666668,0.6,262.0,2017-11-16 19:19:34,刺网
4469,30.108497999999997,122.99502355555555,1.1,258.0,2017-11-16 19:29:33,刺网
4469,30.108386888888887,122.99491244444445,1.0,0.0,2017-11-16 19:39:35,刺网
4469,30.108525777777785,122.9949957777778,1.2,248.0,2017-11-16 19:49:49,刺网
4469,30.108525777777785,122.99510688888893,2.5,228.0,2017-11-16 20:00:03,刺网
4469,30.10860911111111,122.99513466666669,0.7,0.0,2017-11-16 20:09:33,刺网
4469,30.10860911111111,122.99516244444445,0.8,17.0,2017-11-16 20:19:33,刺网
4469,30.108664666666666,122.99524577777778,0.7,173.0,2017-11-16 20:29:33,刺网
4469,30.108664666666666,122.995218,1.2,37.0,2017-11-16 20:39:33,刺网
4469,30.10869244444445,122.99524577777778,2.1,101.0,2017-11-16 20:49:33,刺网
4469,30.10872022222221,122.99532911111113,2.1,265.0,2017-11-16 20:59:32,刺网
4469,30.108748,122.99527355555556,4.8,242.0,2017-11-16 21:09:33,刺网
4469,30.10877577777779,122.99530133333334,1.9,15.0,2017-11-16 21:19:32,刺网
4469,30.108803555555557,122.99532911111113,0.8,0.0,2017-11-16 21:29:35,刺网
4469,30.10888688888889,122.99541244444444,1.0,0.0,2017-11-16 21:39:35,刺网
4469,30.108859111111112,122.99538466666668,1.4,231.0,2017-11-16 21:49:36,刺网
4469,30.108748,122.99532911111113,1.1,0.0,2017-11-16 21:59:36,刺网
4469,30.10863688888889,122.995218,1.7,215.0,2017-11-16 22:10:08,刺网
4469,30.10860911111111,122.995218,1.9,226.0,2017-11-16 22:19:32,刺网
4469,30.10877577777779,122.99530133333334,0.8,58.0,2017-11-16 22:29:33,刺网
4469,30.10858133333333,122.99516244444445,2.1,164.0,2017-11-16 22:39:33,刺网
4469,30.108386888888887,122.99502355555555,1.3,198.0,2017-11-16 22:49:33,刺网
4469,30.108303555555555,122.99494022222223,0.6,185.0,2017-11-16 22:59:32,刺网
4469,30.108220222222233,122.99491244444445,1.6,190.0,2017-11-16 23:09:32,刺网
4469,30.10797022222223,122.99477355555555,1.0,40.0,2017-11-16 23:19:32,刺网
4469,30.10791466666667,122.99469022222222,0.2,0.0,2017-11-16 23:29:32,刺网
4469,30.10783133333333,122.99471799999999,1.1,169.0,2017-11-16 23:39:32,刺网
4469,30.107747999999997,122.99466244444444,0.4,0.0,2017-11-16 23:49:32,刺网
4469,30.107692444444453,122.99466244444444,0.5,141.0,2017-11-16 23:59:32,刺网
4469,30.10738688888889,122.99463466666668,0.8,0.0,2017-11-17 00:09:32,刺网
4469,30.108053555555557,122.99482911111113,2.1,73.0,2017-11-17 00:19:32,刺网
4469,30.10733133333333,122.99455133333332,1.0,17.0,2017-11-17 00:29:31,刺网
4469,30.10744244444445,122.99457911111112,0.4,0.0,2017-11-17 00:39:35,刺网
4469,30.106859111111113,122.99469022222222,0.8,0.0,2017-11-17 00:49:31,刺网
4469,30.10727577777777,122.99463466666668,1.0,0.0,2017-11-17 01:00:02,刺网
4469,30.107470222222233,122.99466244444444,0.3,0.0,2017-11-17 01:09:32,刺网
4469,30.10727577777777,122.99469022222222,1.4,92.0,2017-11-17 01:19:32,刺网
4469,30.107025777777785,122.99463466666668,0.3,0.0,2017-11-17 01:29:32,刺网
4469,30.10727577777777,122.99457911111112,2.3,335.0,2017-11-17 01:39:31,刺网
4469,30.10719244444445,122.99460688888892,0.7,108.0,2017-11-17 01:49:31,刺网
4469,30.10708133333333,122.99463466666668,1.3,139.0,2017-11-17 01:59:32,刺网
4469,30.106997999999997,122.99466244444444,0.3,0.0,2017-11-17 02:19:32,刺网
4469,30.10713688888889,122.99463466666668,2.0,177.0,2017-11-17 02:29:32,刺网
4469,30.107025777777785,122.99466244444444,0.6,306.0,2017-11-17 02:39:32,刺网
4469,30.10666466666667,122.99594022222223,2.4,84.0,2017-11-17 02:49:32,刺网
4469,30.10933133333333,122.98655133333335,9.1,296.0,2017-11-17 02:59:32,刺网
4469,30.10872022222221,122.95888466666668,9.7,258.0,2017-11-17 03:09:33,刺网
4469,30.10433133333333,122.93094022222223,9.0,262.0,2017-11-17 03:19:32,刺网
4469,30.102803555555557,122.90257911111112,9.7,262.0,2017-11-17 03:29:32,刺网
4469,30.100136888888887,122.87227355555555,8.6,267.0,2017-11-17 03:39:31,刺网
4469,30.10272022222223,122.843218,10.5,276.0,2017-11-17 03:49:31,刺网
4469,30.098775777777767,122.81202355555556,11.5,260.0,2017-11-17 03:59:31,刺网
4469,30.09377577777777,122.77899577777778,8.7,245.0,2017-11-17 04:10:01,刺网
4469,30.089497999999995,122.75191244444444,8.5,264.0,2017-11-17 04:19:31,刺网
4469,30.083109111111106,122.72155133333335,10.8,260.0,2017-11-17 04:29:30,刺网
4469,30.07558133333333,122.69119022222223,9.3,257.0,2017-11-17 04:39:31,刺网
4469,30.066136888888888,122.66174577777778,9.7,218.0,2017-11-17 04:49:30,刺网
4469,30.051831333333336,122.63410688888894,9.6,233.0,2017-11-17 04:59:31,刺网
4469,30.04080355555556,122.60585688888894,9.3,239.0,2017-11-17 05:09:31,刺网
4469,30.03063688888889,122.57685688888893,10.1,252.0,2017-11-17 05:19:31,刺网
4469,30.01944244444445,122.54777355555555,8.8,236.0,2017-11-17 05:29:31,刺网
4469,30.00791466666667,122.51977355555556,9.2,232.0,2017-11-17 05:39:31,刺网
4469,29.99635911111111,122.49163466666668,9.2,251.0,2017-11-17 05:49:31,刺网
4469,29.98663688888889,122.46291244444444,8.6,249.0,2017-11-17 05:59:31,刺网
4469,29.979748,122.43277355555556,8.9,241.0,2017-11-17 06:09:31,刺网
4469,29.97005355555555,122.40466244444444,6.6,245.0,2017-11-17 06:19:31,刺网
4469,29.96719244444445,122.37482911111113,9.7,275.0,2017-11-17 06:29:31,刺网
4469,29.96063688888889,122.35046799999999,4.0,207.0,2017-11-17 06:39:31,刺网
4469,29.95760911111111,122.34927355555556,0.9,0.0,2017-11-17 06:49:31,刺网
4469,29.95758133333333,122.34916244444445,0.1,0.0,2017-11-17 07:00:02,刺网
4469,29.957859111111112,122.348968,3.7,349.0,2017-11-17 07:09:31,刺网
4469,29.950914666666666,122.32991244444445,9.3,210.0,2017-11-17 07:19:30,刺网
4469,29.94197022222221,122.31182911111112,6.3,298.0,2017-11-17 07:29:31,刺网
4469,29.94288688888889,122.30321800000002,3.5,82.0,2017-11-17 07:39:35,刺网
4469,29.943275777777767,122.30535688888888,0.0,0.0,2017-11-17 07:49:30,刺网
4469,29.943275777777767,122.30530133333332,0.0,0.0,2017-11-17 07:59:30,刺网
4469,29.94330355555556,122.30538466666668,0.0,0.0,2017-11-17 08:10:02,刺网
4469,29.943275777777767,122.30488466666668,0.0,0.0,2017-11-17 08:19:31,刺网
4469,29.94330355555556,122.305218,0.1,0.0,2017-11-17 08:29:29,刺网
4469,29.94330355555556,122.30544022222223,0.1,0.0,2017-11-17 08:39:31,刺网
4469,29.943275777777767,122.30544022222223,0.2,0.0,2017-11-17 08:49:29,刺网
4469,29.943275777777767,122.30552355555555,0.1,0.0,2017-11-17 08:59:30,刺网
4469,29.94330355555556,122.30541244444444,0.0,0.0,2017-11-17 09:09:31,刺网
4469,29.94333133333333,122.30538466666668,0.0,0.0,2017-11-17 09:19:29,刺网
4469,29.943247999999997,122.30535688888888,0.1,0.0,2017-11-17 09:29:31,刺网
4469,29.94335911111111,122.30541244444444,0.0,0.0,2017-11-17 09:39:31,刺网
4469,29.94330355555556,122.30541244444444,0.0,0.0,2017-11-17 09:49:30,刺网
4469,29.94330355555556,122.30541244444444,0.1,0.0,2017-11-17 09:59:31,刺网
4469,29.94330355555556,122.30535688888888,0.1,0.0,2017-11-17 10:09:29,刺网
4469,29.943220222222234,122.30527355555556,0.3,0.0,2017-11-17 10:19:30,刺网
4469,29.943192444444445,122.30535688888888,0.3,0.0,2017-11-17 10:29:29,刺网
4469,29.94344244444445,122.30538466666668,2.8,2.0,2017-11-17 10:39:31,刺网
4469,29.94347022222223,122.30546799999999,0.1,0.0,2017-11-17 10:49:29,刺网
4469,29.942497999999997,122.30463466666669,0.1,0.0,2017-11-17 10:59:47,刺网
4469,29.945303555555554,122.30682911111113,2.8,36.0,2017-11-17 11:09:50,刺网
4469,29.943275777777767,122.30544022222223,0.0,0.0,2017-11-17 11:19:32,刺网
