渔船ID,lat,lon,速度,方向,time,type
5428,30.798333333333336,123.22875,2.2,322.0,2018-08-07 03:55:01,拖网
5428,30.808166666666665,123.22022222222222,2.2,327.0,2018-08-07 04:15:01,拖网
5428,30.81358333333333,123.2165,2.1,325.0,2018-08-07 04:25:01,拖网
5428,30.81844444444444,123.212,2.1,321.0,2018-08-07 04:35:01,拖网
5428,30.822777777777766,123.2074722222222,2.0,316.0,2018-08-07 04:45:01,拖网
5428,30.82636111111111,123.20252777777776,2.0,307.0,2018-08-07 04:55:01,拖网
5428,30.83019444444445,123.19783333333336,2.0,318.0,2018-08-07 05:05:01,拖网
5428,30.83505555555555,123.19438888888894,2.1,337.0,2018-08-07 05:15:01,拖网
5428,30.84011111111111,123.19144444444444,1.9,323.0,2018-08-07 05:25:01,拖网
5428,30.844444444444445,123.18769444444445,1.6,309.0,2018-08-07 05:35:01,拖网
5428,30.848416666666665,123.18369444444444,1.6,315.0,2018-08-07 05:45:01,拖网
5428,30.85222222222223,123.17975,1.9,336.0,2018-08-07 05:55:01,拖网
5428,30.856972222222232,123.17716666666666,1.4,338.0,2018-08-07 06:05:01,拖网
5428,30.85805555555556,123.17941666666668,1.1,110.0,2018-08-07 06:15:01,拖网
5428,30.857888888888887,123.17925,0.2,0.0,2018-08-07 06:25:01,拖网
5428,30.8605,123.17947222222222,3.8,68.0,2018-08-07 06:35:01,拖网
5428,30.861666666666668,123.18075,0.5,34.0,2018-08-07 06:45:01,拖网
5428,30.862305555555555,123.18230555555556,0.7,83.0,2018-08-07 06:55:01,拖网
5428,30.86275,123.18408333333332,0.5,106.0,2018-08-07 07:04:01,拖网
5428,30.855472222222232,123.17877777777778,6.6,213.0,2018-08-07 07:15:01,拖网
5428,30.850361111111113,123.16052777777777,5.7,272.0,2018-08-07 07:24:01,拖网
5428,30.845416666666665,123.15294444444444,1.3,255.0,2018-08-07 07:35:01,拖网
5428,30.845277777777767,123.15188888888888,0.8,158.0,2018-08-07 07:45:01,拖网
5428,30.84575,123.1512777777778,2.7,323.0,2018-08-07 07:55:01,拖网
5428,30.84411111111111,123.15897222222223,2.0,101.0,2018-08-07 08:05:01,拖网
5428,30.84372222222222,123.16505555555555,1.9,94.0,2018-08-07 08:15:01,拖网
5428,30.84294444444444,123.17086111111112,1.8,99.0,2018-08-07 08:25:01,拖网
5428,30.842472222222234,123.17705555555555,1.9,96.0,2018-08-07 08:35:01,拖网
5428,30.83919444444444,123.18902777777778,1.9,125.0,2018-08-07 08:55:01,拖网
5428,30.83572222222222,123.19388888888888,2.4,131.0,2018-08-07 09:05:01,拖网
5428,30.831972222222234,123.19888888888887,1.8,0.0,2018-08-07 09:15:01,拖网
5428,30.82822222222222,123.20313888888893,3.2,124.0,2018-08-07 09:25:01,拖网
5428,30.82408333333333,123.2077777777778,2.8,140.0,2018-08-07 09:35:01,拖网
5428,30.820611111111113,123.21088888888893,2.3,137.0,2018-08-07 09:45:01,拖网
5428,30.814805555555555,123.21594444444445,1.9,140.0,2018-08-07 09:55:01,拖网
5428,30.810250000000003,123.21994444444445,2.2,147.0,2018-08-07 10:04:01,拖网
5428,30.805416666666666,123.22416666666666,2.3,138.0,2018-08-07 10:14:01,拖网
5428,30.80072222222222,123.22861111111106,2.2,138.0,2018-08-07 10:24:01,拖网
5428,30.795027777777786,123.23163888888888,2.2,140.0,2018-08-07 10:34:01,拖网
5428,30.790527777777786,123.23677777777776,2.4,132.0,2018-08-07 10:44:01,拖网
5428,30.786444444444445,123.24205555555555,2.0,131.0,2018-08-07 10:54:01,拖网
5428,30.782055555555555,123.2464722222222,1.9,138.0,2018-08-07 11:04:01,拖网
5428,30.777527777777767,123.25083333333332,2.0,129.0,2018-08-07 11:14:01,拖网
5428,30.773611111111112,123.25611111111112,2.0,124.0,2018-08-07 11:24:01,拖网
5428,30.76972222222221,123.26088888888893,2.1,124.0,2018-08-07 11:34:01,拖网
5428,30.76658333333333,123.26611111111113,1.7,115.0,2018-08-07 11:44:01,拖网
5428,30.762555555555554,123.27086111111107,1.9,120.0,2018-08-07 11:54:01,拖网
5428,30.75922222222221,123.27608333333332,2.0,126.0,2018-08-07 12:05:01,拖网
5428,30.75594444444444,123.28091666666668,1.8,131.0,2018-08-07 12:14:01,拖网
5428,30.752777777777766,123.28583333333331,1.6,124.0,2018-08-07 12:24:01,拖网
5428,30.749111111111112,123.29016666666666,1.9,142.0,2018-08-07 12:34:01,拖网
5428,30.74452777777779,123.29205555555555,4.4,302.0,2018-08-07 12:44:01,拖网
5428,30.74736111111111,123.29030555555555,3.9,127.0,2018-08-07 12:54:01,拖网
5428,30.744861111111113,123.28941666666664,4.0,159.0,2018-08-07 13:04:01,拖网
5428,30.743388888888887,123.28702777777778,0.4,0.0,2018-08-07 13:14:01,拖网
5428,30.741944444444453,123.28441666666666,3.8,320.0,2018-08-07 13:24:01,拖网
5428,30.74597222222221,123.29980555555555,7.7,117.0,2018-08-07 13:35:01,拖网
5428,30.75788888888889,123.30836111111113,8.9,354.0,2018-08-07 13:44:01,拖网
5428,30.782277777777768,123.30575,9.4,337.0,2018-08-07 13:54:01,拖网
5428,30.806527777777767,123.29883333333332,8.8,11.0,2018-08-07 14:04:01,拖网
5428,30.815027777777786,123.29247222222222,2.7,323.0,2018-08-07 14:14:01,拖网
5428,30.820916666666665,123.28877777777778,2.0,301.0,2018-08-07 14:24:01,拖网
5428,30.82416666666667,123.28355555555555,2.1,310.0,2018-08-07 14:34:01,拖网
5428,30.827111111111112,123.27805555555555,2.0,304.0,2018-08-07 14:44:01,拖网
5428,30.83055555555556,123.27288888888887,2.0,309.0,2018-08-07 14:54:01,拖网
5428,30.83433333333333,123.26780555555555,2.0,326.0,2018-08-07 15:04:01,拖网
5428,30.838166666666666,123.26261111111113,1.3,0.0,2018-08-07 15:14:01,拖网
5428,30.841805555555553,123.25708333333333,2.2,308.0,2018-08-07 15:24:01,拖网
5428,30.84513888888889,123.2512222222222,2.2,300.0,2018-08-07 15:34:01,拖网
5428,30.848722222222207,123.24547222222222,1.8,308.0,2018-08-07 15:44:01,拖网
5428,30.85325000000001,123.24044444444445,2.0,307.0,2018-08-07 15:54:01,拖网
5428,30.857194444444445,123.23480555555555,2.2,308.0,2018-08-07 16:05:01,拖网
5428,30.860916666666668,123.22911111111112,2.1,308.0,2018-08-07 16:14:01,拖网
5428,30.864694444444453,123.2235,2.2,307.0,2018-08-07 16:24:01,拖网
5428,30.86847222222222,123.21799999999999,2.1,303.0,2018-08-07 16:34:01,拖网
5428,30.87211111111111,123.21225,2.2,308.0,2018-08-07 16:44:01,拖网
5428,30.87583333333333,123.20686111111112,2.2,308.0,2018-08-07 16:54:01,拖网
5428,30.88294444444445,123.19572222222223,2.0,309.0,2018-08-07 17:14:01,拖网
5428,30.88722222222221,123.19058333333334,2.1,317.0,2018-08-07 17:24:01,拖网
5428,30.891666666666666,123.18591666666669,2.2,319.0,2018-08-07 17:34:01,拖网
5428,30.896527777777766,123.18141666666666,3.1,332.0,2018-08-07 17:44:01,拖网
5428,30.90144444444445,123.17638888888894,2.1,316.0,2018-08-07 17:55:01,拖网
5428,30.90613888888889,123.17208333333332,2.2,324.0,2018-08-07 18:04:01,拖网
5428,30.91036111111111,123.16716666666667,2.3,307.0,2018-08-07 18:14:01,拖网
5428,30.914277777777766,123.162,2.1,314.0,2018-08-07 18:24:01,拖网
5428,30.91802777777778,123.15672222222223,1.8,304.0,2018-08-07 18:34:01,拖网
5428,30.921972222222234,123.15161111111112,1.9,305.0,2018-08-07 18:44:01,拖网
5428,30.92580555555556,123.14636111111106,2.1,305.0,2018-08-07 18:54:01,拖网
5428,30.92969444444445,123.14119444444445,2.2,304.0,2018-08-07 19:04:01,拖网
5428,30.933222222222234,123.13583333333334,2.0,299.0,2018-08-07 19:14:01,拖网
5428,30.93675,123.13058333333332,2.0,308.0,2018-08-07 19:24:01,拖网
5428,30.94025,123.12552777777776,2.0,316.0,2018-08-07 19:34:01,拖网
5428,30.944305555555548,123.12113888888888,1.5,322.0,2018-08-07 19:44:01,拖网
5428,30.94825,123.11658333333332,2.1,331.0,2018-08-07 19:54:01,拖网
5428,30.94825,123.11658333333332,2.1,331.0,2018-08-07 20:06:01,拖网
5428,30.94983333333333,123.11788888888887,1.1,344.0,2018-08-07 20:15:01,拖网
5428,30.95283333333333,123.11483333333332,6.1,251.0,2018-08-07 20:24:01,拖网
5428,30.93419444444445,123.10569444444445,8.2,192.0,2018-08-07 20:34:01,拖网
5428,30.93175,123.10705555555555,4.6,116.0,2018-08-07 20:44:01,拖网
5428,30.930222222222234,123.11358333333332,1.7,99.0,2018-08-07 20:54:01,拖网
5428,30.929055555555554,123.11927777777777,1.8,101.0,2018-08-07 21:04:01,拖网
5428,30.927722222222233,123.125,1.8,106.0,2018-08-07 21:14:01,拖网
5428,30.926361111111113,123.13072222222222,1.9,103.0,2018-08-07 21:24:01,拖网
5428,30.924916666666668,123.13638888888893,2.3,0.0,2018-08-07 21:34:01,拖网
5428,30.923333333333336,123.1419722222222,2.2,0.0,2018-08-07 21:44:01,拖网
5428,30.9215,123.14744444444445,1.5,0.0,2018-08-07 21:55:01,拖网
5428,30.918888888888887,123.15299999999999,1.9,0.0,2018-08-07 22:05:01,拖网
5428,30.916305555555557,123.15775,1.9,116.0,2018-08-07 22:14:01,拖网
5428,30.91338888888889,123.16266666666668,1.5,127.0,2018-08-07 22:24:01,拖网
5428,30.910416666666666,123.16766666666668,1.7,129.0,2018-08-07 22:34:01,拖网
5428,30.90733333333333,123.17263888888887,1.8,131.0,2018-08-07 22:44:01,拖网
5428,30.90408333333333,123.17744444444445,1.9,134.0,2018-08-07 22:54:01,拖网
5428,30.900361111111113,123.18188888888888,1.9,137.0,2018-08-07 23:04:01,拖网
5428,30.896555555555555,123.18613888888888,1.9,137.0,2018-08-07 23:14:01,拖网
5428,30.892861111111113,123.19058333333334,2.0,126.0,2018-08-07 23:24:01,拖网
5428,30.889083333333332,123.19475,1.8,150.0,2018-08-07 23:34:01,拖网
5428,30.885527777777767,123.19883333333334,1.6,129.0,2018-08-07 23:44:01,拖网
5428,30.885805555555557,123.19855555555556,1.6,344.0,2018-08-07 23:54:01,拖网
5428,30.88594444444445,123.19872222222223,0.2,0.0,2018-08-08 00:04:01,拖网
5428,30.88525,123.20005555555555,5.1,159.0,2018-08-08 00:14:01,拖网
5428,30.879722222222235,123.20297222222223,2.3,129.0,2018-08-08 00:24:01,拖网
5428,30.87666666666667,123.20861111111113,2.2,109.0,2018-08-08 00:34:01,拖网
5428,30.87383333333333,123.214,1.7,121.0,2018-08-08 00:44:01,拖网
5428,30.87080555555556,123.21908333333332,2.4,123.0,2018-08-08 00:54:01,拖网
5428,30.867444444444452,123.22358333333332,1.9,0.0,2018-08-08 01:04:01,拖网
5428,30.864027777777785,123.22858333333332,1.7,136.0,2018-08-08 01:14:01,拖网
5428,30.860222222222234,123.23305555555555,1.7,138.0,2018-08-08 01:25:01,拖网
5428,30.85747222222223,123.23772222222222,1.8,125.0,2018-08-08 01:34:01,拖网
5428,30.85463888888889,123.24244444444444,1.7,121.0,2018-08-08 01:44:01,拖网
5428,30.85175,123.24675,1.6,128.0,2018-08-08 01:54:01,拖网
5428,30.84855555555556,123.25038888888888,1.5,145.0,2018-08-08 02:04:01,拖网
5428,30.84936111111111,123.24833333333332,0.7,349.0,2018-08-08 02:14:01,拖网
5428,30.848861111111113,123.24886111111113,3.3,259.0,2018-08-08 02:24:01,拖网
5428,30.84919444444445,123.24908333333332,0.2,0.0,2018-08-08 02:34:01,拖网
5428,30.84958333333333,123.2494722222222,3.0,317.0,2018-08-08 02:44:01,拖网
5428,30.850305555555558,123.24966666666668,0.4,0.0,2018-08-08 02:54:01,拖网
5428,30.841305555555557,123.26261111111113,6.9,131.0,2018-08-08 03:14:01,拖网
5428,30.828916666666665,123.27788888888887,6.8,118.0,2018-08-08 03:24:01,拖网
5428,30.81736111111111,123.29263888888887,5.1,126.0,2018-08-08 03:34:01,拖网
5428,30.80808333333333,123.30041666666666,1.8,172.0,2018-08-08 03:44:01,拖网
5428,30.81102777777778,123.29686111111113,3.4,349.0,2018-08-08 03:54:01,拖网
5428,30.81691666666667,123.29361111111106,2.3,317.0,2018-08-08 04:05:01,拖网
5428,30.821,123.2884722222222,2.1,310.0,2018-08-08 04:14:01,拖网
5428,30.82441666666667,123.28266666666669,2.1,311.0,2018-08-08 04:24:01,拖网
5428,30.828111111111113,123.27713888888887,2.1,305.0,2018-08-08 04:34:01,拖网
5428,30.83183333333333,123.27155555555555,2.4,306.0,2018-08-08 04:44:01,拖网
5428,30.8355,123.2657222222222,2.4,299.0,2018-08-08 04:54:01,拖网
5428,30.839111111111112,123.25983333333332,2.0,307.0,2018-08-08 05:04:01,拖网
5428,30.84294444444444,123.25408333333334,2.2,301.0,2018-08-08 05:14:01,拖网
5428,30.84694444444445,123.24852777777778,1.9,310.0,2018-08-08 05:24:01,拖网
5428,30.850666666666665,123.24277777777776,2.2,311.0,2018-08-08 05:34:01,拖网
5428,30.85430555555555,123.23719444444444,2.0,303.0,2018-08-08 05:44:01,拖网
5428,30.85769444444445,123.23161111111106,1.8,0.0,2018-08-08 05:54:01,拖网
5428,30.861361111111112,123.22608333333334,2.0,308.0,2018-08-08 06:04:01,拖网
5428,30.86494444444445,123.22072222222224,1.9,303.0,2018-08-08 06:14:01,拖网
5428,30.868388888888887,123.21516666666668,2.3,310.0,2018-08-08 06:24:01,拖网
5428,30.872,123.20988888888893,1.9,307.0,2018-08-08 06:34:01,拖网
5428,30.875416666666666,123.20438888888887,1.3,0.0,2018-08-08 06:45:01,拖网
5428,30.878833333333336,123.19913888888887,2.1,306.0,2018-08-08 06:55:01,拖网
5428,30.882527777777767,123.19433333333336,1.9,310.0,2018-08-08 07:04:01,拖网
5428,30.88594444444445,123.18941666666666,1.8,302.0,2018-08-08 07:14:01,拖网
5428,30.88936111111111,123.18466666666669,2.1,314.0,2018-08-08 07:24:01,拖网
5428,30.894361111111113,123.18111111111112,1.9,333.0,2018-08-08 07:34:01,拖网
5428,30.897305555555555,123.18141666666666,2.9,153.0,2018-08-08 07:44:01,拖网
5428,30.897111111111112,123.18119444444444,1.0,344.0,2018-08-08 07:54:01,拖网
5428,30.899027777777768,123.18211111111113,2.6,152.0,2018-08-08 08:04:01,拖网
5428,30.899305555555554,123.18225,0.3,0.0,2018-08-08 08:14:01,拖网
5428,30.89933333333333,123.18075,5.0,250.0,2018-08-08 08:24:01,拖网
5428,30.90875,123.1622777777778,7.9,304.0,2018-08-08 08:34:01,拖网
5428,30.9185,123.1382777777778,8.6,270.0,2018-08-08 08:44:01,拖网
5428,30.919638888888887,123.12569444444445,1.0,112.0,2018-08-08 08:54:01,拖网
5428,30.920333333333332,123.12930555555555,1.7,124.0,2018-08-08 09:04:01,拖网
5428,30.91925,123.13522222222224,1.9,101.0,2018-08-08 09:14:01,拖网
5428,30.91794444444445,123.14141666666669,1.9,104.0,2018-08-08 09:24:01,拖网
5428,30.916555555555554,123.1475,1.9,0.0,2018-08-08 09:34:01,拖网
5428,30.91444444444444,123.15380555555555,1.9,106.0,2018-08-08 09:44:01,拖网
5428,30.91261111111111,123.16,1.8,123.0,2018-08-08 09:54:01,拖网
5428,30.910027777777767,123.16647222222224,2.3,125.0,2018-08-08 10:05:01,拖网
5428,30.907527777777766,123.17244444444445,2.1,112.0,2018-08-08 10:14:01,拖网
5428,30.90463888888889,123.17858333333334,1.9,125.0,2018-08-08 10:24:01,拖网
5428,30.901055555555555,123.18427777777778,2.2,123.0,2018-08-08 10:34:01,拖网
5428,30.898000000000003,123.19063888888893,2.3,117.0,2018-08-08 10:44:01,拖网
5428,30.89538888888889,123.19733333333332,2.1,112.0,2018-08-08 10:54:01,拖网
5428,30.892611111111112,123.20397222222223,2.2,109.0,2018-08-08 11:04:01,拖网
5428,30.890361111111112,123.2107777777778,2.2,111.0,2018-08-08 11:14:01,拖网
5428,30.88819444444445,123.21758333333334,2.3,113.0,2018-08-08 11:24:01,拖网
5428,30.88602777777778,123.2242222222222,2.1,108.0,2018-08-08 11:34:01,拖网
5428,30.881138888888888,123.22880555555555,2.4,164.0,2018-08-08 11:44:01,拖网
5428,30.877277777777767,123.23469444444444,2.3,90.0,2018-08-08 11:54:01,拖网
5428,30.87416666666667,123.24088888888888,2.1,123.0,2018-08-08 12:04:01,拖网
5428,30.871055555555557,123.24691666666666,2.2,112.0,2018-08-08 12:14:01,拖网
5428,30.867722222222234,123.25275,2.2,125.0,2018-08-08 12:24:01,拖网
5428,30.86366666666667,123.25811111111112,2.5,141.0,2018-08-08 12:34:01,拖网
5428,30.85919444444445,123.26297222222222,2.6,127.0,2018-08-08 12:44:01,拖网
5428,30.85463888888889,123.26763888888887,2.2,144.0,2018-08-08 12:54:01,拖网
5428,30.84975,123.2722777777778,2.5,130.0,2018-08-08 13:04:01,拖网
5428,30.84508333333333,123.27661111111112,4.0,131.0,2018-08-08 13:14:01,拖网
5428,30.84019444444445,123.28108333333331,2.1,144.0,2018-08-08 13:25:01,拖网
5428,30.83586111111111,123.28522222222222,1.9,140.0,2018-08-08 13:34:01,拖网
5428,30.8315,123.28933333333332,2.2,143.0,2018-08-08 13:44:01,拖网
5428,30.827333333333332,123.29330555555555,1.6,122.0,2018-08-08 13:54:01,拖网
5428,30.822916666666664,123.29630555555555,3.9,219.0,2018-08-08 14:04:01,拖网
5428,30.824805555555553,123.29291666666666,1.3,186.0,2018-08-08 14:14:01,拖网
5428,30.822194444444445,123.2915,4.7,196.0,2018-08-08 14:24:01,拖网
5428,30.819055555555554,123.28852777777777,4.2,279.0,2018-08-08 14:34:01,拖网
5428,30.816333333333336,123.28586111111107,1.6,227.0,2018-08-08 14:44:01,拖网
5428,30.81663888888889,123.28077777777777,7.2,309.0,2018-08-08 14:54:01,拖网
5428,30.836111111111112,123.26961111111113,8.4,332.0,2018-08-08 15:04:01,拖网
5428,30.844527777777767,123.25869444444444,3.0,292.0,2018-08-08 15:14:01,拖网
5428,30.848055555555554,123.25136111111112,1.7,312.0,2018-08-08 15:24:01,拖网
5428,30.85088888888889,123.24622222222222,2.1,288.0,2018-08-08 15:34:01,拖网
5428,30.853777777777786,123.24077777777778,1.5,303.0,2018-08-08 15:44:01,拖网
5428,30.856472222222234,123.2349722222222,2.1,289.0,2018-08-08 15:54:01,拖网
5428,30.859861111111112,123.22919444444445,1.5,314.0,2018-08-08 16:05:01,拖网
5428,30.86347222222221,123.22408333333334,2.4,306.0,2018-08-08 16:14:01,拖网
5428,30.86708333333333,123.21872222222223,1.8,325.0,2018-08-08 16:24:01,拖网
5428,30.87083333333333,123.21325,1.8,322.0,2018-08-08 16:34:01,拖网
5428,30.87472222222221,123.20783333333334,2.3,308.0,2018-08-08 16:44:01,拖网
5428,30.8785,123.20227777777778,2.0,313.0,2018-08-08 16:54:01,拖网
5428,30.882555555555548,123.19700000000002,1.8,320.0,2018-08-08 17:04:01,拖网
5428,30.88663888888889,123.19172222222224,2.3,312.0,2018-08-08 17:14:01,拖网
5428,30.89108333333333,123.18622222222223,1.7,320.0,2018-08-08 17:25:01,拖网
5428,30.89544444444445,123.18141666666666,2.2,311.0,2018-08-08 17:34:01,拖网
5428,30.900194444444452,123.17672222222224,1.6,332.0,2018-08-08 17:44:01,拖网
5428,30.905416666666664,123.17283333333334,2.5,332.0,2018-08-08 17:54:01,拖网
5428,30.91069444444444,123.16880555555555,2.1,328.0,2018-08-08 18:04:01,拖网
5428,30.915,123.16333333333334,2.1,323.0,2018-08-08 18:14:01,拖网
5428,30.919027777777767,123.15755555555555,3.3,313.0,2018-08-08 18:24:01,拖网
5428,30.92313888888889,123.15183333333334,2.1,327.0,2018-08-08 18:34:01,拖网
5428,30.92763888888889,123.14561111111112,4.2,318.0,2018-08-08 18:44:01,拖网
5428,30.931027777777786,123.14025,1.8,0.0,2018-08-08 18:54:01,拖网
5428,30.93533333333333,123.13455555555555,3.5,321.0,2018-08-08 19:04:01,拖网
5428,30.939027777777767,123.12908333333333,3.7,318.0,2018-08-08 19:14:01,拖网
5428,30.942777777777767,123.12344444444444,2.1,314.0,2018-08-08 19:24:01,拖网
5428,30.946583333333336,123.11788888888887,2.0,302.0,2018-08-08 19:34:01,拖网
5428,30.950222222222234,123.11238888888887,3.0,0.0,2018-08-08 19:44:01,拖网
5428,30.953805555555558,123.10675,3.5,331.0,2018-08-08 19:54:01,拖网
5428,30.95797222222223,123.10127777777778,2.2,322.0,2018-08-08 20:05:01,拖网
5428,30.962611111111112,123.09624999999998,2.3,323.0,2018-08-08 20:15:01,拖网
5428,30.96661111111111,123.09211111111112,2.5,340.0,2018-08-08 20:24:01,拖网
5428,30.970805555555554,123.08755555555555,2.2,318.0,2018-08-08 20:34:01,拖网
5428,30.97502777777777,123.08436111111112,2.9,22.0,2018-08-08 20:44:01,拖网
5428,30.973805555555554,123.08555555555556,1.7,321.0,2018-08-08 20:54:01,拖网
5428,30.976722222222207,123.08338888888888,1.4,323.0,2018-08-08 21:04:01,拖网
5428,30.98022222222221,123.08022222222222,1.7,312.0,2018-08-08 21:14:01,拖网
5428,30.9675,123.086,7.9,149.0,2018-08-08 21:24:01,拖网
5428,30.948638888888887,123.099,7.7,148.0,2018-08-08 21:34:01,拖网
5428,30.928583333333336,123.10825,7.0,162.0,2018-08-08 21:44:01,拖网
5428,30.92602777777779,123.11475,2.7,98.0,2018-08-08 21:54:01,拖网
5428,30.92475,123.12105555555556,2.5,125.0,2018-08-08 22:04:01,拖网
5428,30.923250000000003,123.12730555555555,1.9,0.0,2018-08-08 22:14:01,拖网
5428,30.92169444444445,123.1335277777778,1.7,110.0,2018-08-08 22:24:01,拖网
5428,30.919888888888888,123.14030555555556,2.1,117.0,2018-08-08 22:34:01,拖网
5428,30.91830555555556,123.14686111111112,1.9,110.0,2018-08-08 22:44:01,拖网
5428,30.91633333333333,123.15325,2.3,107.0,2018-08-08 22:54:01,拖网
5428,30.914222222222207,123.15955555555556,2.2,126.0,2018-08-08 23:04:01,拖网
5428,30.911916666666666,123.16586111111113,1.7,107.0,2018-08-08 23:14:01,拖网
5428,30.90913888888889,123.172,2.2,109.0,2018-08-08 23:24:01,拖网
5428,30.90644444444445,123.17813888888894,2.1,123.0,2018-08-08 23:34:01,拖网
5428,30.90369444444445,123.18463888888893,2.6,104.0,2018-08-08 23:45:01,拖网
5428,30.90088888888889,123.19058333333334,2.1,117.0,2018-08-08 23:54:01,拖网
5428,30.89788888888889,123.19666666666667,2.0,121.0,2018-08-09 00:04:01,拖网
5428,30.89466666666667,123.20263888888887,2.2,107.0,2018-08-09 00:14:01,拖网
5428,30.89172222222221,123.20877777777778,1.7,112.0,2018-08-09 00:24:01,拖网
5428,30.88883333333333,123.21491666666668,2.0,113.0,2018-08-09 00:34:01,拖网
5428,30.88583333333333,123.2210277777778,2.3,150.0,2018-08-09 00:44:01,拖网
5428,30.882777777777786,123.22713888888887,1.9,132.0,2018-08-09 00:54:01,拖网
5428,30.879472222222233,123.23305555555555,2.6,135.0,2018-08-09 01:04:01,拖网
5428,30.87619444444445,123.23883333333332,2.0,135.0,2018-08-09 01:14:01,拖网
5428,30.872777777777767,123.24436111111113,2.3,0.0,2018-08-09 01:24:01,拖网
5428,30.869027777777767,123.2495277777778,2.1,0.0,2018-08-09 01:34:01,拖网
5428,30.865055555555557,123.25455555555556,0.7,0.0,2018-08-09 01:44:01,拖网
5428,30.86116666666667,123.25913888888887,2.3,130.0,2018-08-09 01:54:01,拖网
5428,30.85694444444445,123.26375,1.7,128.0,2018-08-09 02:05:01,拖网
5428,30.853027777777786,123.26780555555555,1.5,0.0,2018-08-09 02:14:01,拖网
5428,30.848805555555558,123.27155555555555,2.0,151.0,2018-08-09 02:24:01,拖网
5428,30.84433333333333,123.27483333333332,1.2,142.0,2018-08-09 02:34:01,拖网
5428,30.84188888888889,123.27522222222223,2.9,342.0,2018-08-09 02:44:01,拖网
5428,30.84319444444445,123.2747222222222,2.2,2.0,2018-08-09 02:54:01,拖网
5428,30.842555555555553,123.27544444444445,0.7,0.0,2018-08-09 03:04:01,拖网
5428,30.841916666666666,123.27538888888887,0.1,0.0,2018-08-09 03:14:01,拖网
5428,30.84975,123.27838888888893,2.6,9.0,2018-08-09 03:24:01,拖网
5428,30.851138888888887,123.27825,0.7,249.0,2018-08-09 03:35:01,拖网
5428,30.851055555555558,123.27769444444445,0.9,238.0,2018-08-09 03:44:01,拖网
5428,30.851111111111113,123.27688888888888,0.4,275.0,2018-08-09 03:54:01,拖网
5428,30.858888888888888,123.27686111111113,0.6,358.0,2018-08-09 04:04:01,拖网
5428,30.859444444444453,123.27638888888887,0.4,263.0,2018-08-09 04:14:01,拖网
5428,30.859805555555557,123.27525,0.7,293.0,2018-08-09 04:24:01,拖网
5428,30.86058333333333,123.27397222222223,0.4,301.0,2018-08-09 04:34:01,拖网
5428,30.861472222222233,123.27238888888893,0.9,273.0,2018-08-09 04:44:01,拖网
5428,30.86263888888889,123.27083333333331,0.6,0.0,2018-08-09 04:54:01,拖网
5428,30.864,123.2687777777778,4.5,332.0,2018-08-09 05:04:01,拖网
5428,30.86727777777777,123.26597222222222,3.0,282.0,2018-08-09 05:14:01,拖网
5428,30.87008333333333,123.25888888888888,2.2,307.0,2018-08-09 05:24:01,拖网
5428,30.872972222222234,123.2522777777778,2.4,302.0,2018-08-09 05:34:01,拖网
5428,30.875916666666665,123.24586111111113,2.2,282.0,2018-08-09 05:44:01,拖网
5428,30.878694444444445,123.23941666666666,1.9,291.0,2018-08-09 05:54:01,拖网
5428,30.881555555555554,123.2327222222222,1.9,300.0,2018-08-09 06:05:01,拖网
5428,30.884555555555554,123.22680555555556,2.3,299.0,2018-08-09 06:14:01,拖网
5428,30.887638888888887,123.22069444444445,2.1,285.0,2018-08-09 06:24:01,拖网
5428,30.89305555555556,123.20844444444445,2.1,302.0,2018-08-09 06:44:01,拖网
5428,30.895944444444442,123.20252777777776,2.1,303.0,2018-08-09 06:54:01,拖网
5428,30.898861111111113,123.19675,2.2,311.0,2018-08-09 07:04:01,拖网
5428,30.902166666666666,123.19125,2.6,316.0,2018-08-09 07:14:01,拖网
5428,30.9055,123.18580555555555,2.2,316.0,2018-08-09 07:24:01,拖网
5428,30.90897222222221,123.18061111111112,2.1,302.0,2018-08-09 07:34:01,拖网
5428,30.91311111111111,123.1750277777778,2.4,312.0,2018-08-09 07:44:01,拖网
5428,30.916555555555554,123.16955555555555,1.8,311.0,2018-08-09 07:54:01,拖网
5428,30.91997222222223,123.16463888888893,2.2,306.0,2018-08-09 08:04:01,拖网
5428,30.923388888888887,123.15966666666668,2.2,309.0,2018-08-09 08:14:01,拖网
5428,30.92758333333333,123.15538888888894,2.0,315.0,2018-08-09 08:24:01,拖网
5428,30.93208333333333,123.1514722222222,4.3,335.0,2018-08-09 08:34:01,拖网
5428,30.93658333333333,123.1477777777778,1.0,0.0,2018-08-09 08:44:01,拖网
5428,30.941194444444445,123.14441666666669,2.3,326.0,2018-08-09 08:54:01,拖网
5428,30.945777777777767,123.14105555555555,2.1,0.0,2018-08-09 09:04:01,拖网
5428,30.948638888888887,123.14094444444444,1.3,109.0,2018-08-09 09:15:01,拖网
5428,30.94763888888889,123.14086111111112,0.4,0.0,2018-08-09 09:24:01,拖网
5428,30.950055555555554,123.1415,4.2,48.0,2018-08-09 09:34:01,拖网
5428,30.951583333333332,123.14280555555555,0.5,328.0,2018-08-09 09:44:01,拖网
5428,30.95261111111111,123.14350000000002,0.3,25.0,2018-08-09 09:54:01,拖网
5428,30.95719444444445,123.13980555555555,5.9,235.0,2018-08-09 10:04:01,拖网
5428,30.95433333333333,123.11680555555556,8.4,266.0,2018-08-09 10:14:01,拖网
5428,30.95488888888889,123.10925,9.7,57.0,2018-08-09 10:24:01,拖网
5428,30.97233333333333,123.13275,10.0,39.0,2018-08-09 10:34:01,拖网
5428,30.982027777777766,123.16305555555556,10.4,79.0,2018-08-09 10:44:01,拖网
5428,30.988777777777766,123.19511111111113,9.9,73.0,2018-08-09 10:54:01,拖网
5428,30.994722222222233,123.22644444444445,9.7,84.0,2018-08-09 11:04:01,拖网
5428,30.99786111111111,123.25836111111113,10.5,84.0,2018-08-09 11:14:01,拖网
5428,31.000055555555555,123.29030555555555,10.1,76.0,2018-08-09 11:24:01,拖网
5428,31.00394444444445,123.32122222222222,10.1,80.0,2018-08-09 11:34:01,拖网
5428,31.00686111111111,123.34219444444444,3.0,280.0,2018-08-09 11:44:01,拖网
5428,31.007444444444445,123.34975,1.9,106.0,2018-08-09 11:54:01,拖网
5428,31.00122222222221,123.36152777777777,2.3,134.0,2018-08-09 12:14:01,拖网
5428,30.99716666666667,123.36688888888888,2.3,126.0,2018-08-09 12:24:01,拖网
5428,30.99297222222223,123.37216666666666,2.2,141.0,2018-08-09 12:34:01,拖网
5428,30.988805555555558,123.37755555555556,2.1,117.0,2018-08-09 12:44:01,拖网
5428,30.98433333333333,123.38252777777777,2.0,137.0,2018-08-09 12:54:01,拖网
5428,30.97969444444445,123.38730555555556,2.2,133.0,2018-08-09 13:04:01,拖网
5428,30.97108333333333,123.39755555555556,2.2,0.0,2018-08-09 13:24:01,拖网
5428,30.967277777777767,123.40302777777778,3.1,0.0,2018-08-09 13:34:01,拖网
5428,30.963,123.40805555555555,2.1,0.0,2018-08-09 13:44:01,拖网
5428,30.95872222222221,123.41294444444445,2.0,0.0,2018-08-09 13:54:01,拖网
5428,30.954305555555553,123.4177222222222,2.0,0.0,2018-08-09 14:04:01,拖网
5428,30.94986111111111,123.42244444444445,2.2,0.0,2018-08-09 14:14:01,拖网
5428,30.945055555555548,123.42661111111113,2.5,0.0,2018-08-09 14:24:01,拖网
5428,30.93994444444445,123.431,1.9,146.0,2018-08-09 14:35:01,拖网
5428,30.935111111111112,123.43455555555555,2.0,142.0,2018-08-09 14:44:01,拖网
5428,30.93033333333333,123.43827777777778,1.6,147.0,2018-08-09 14:54:01,拖网
5428,30.92538888888889,123.44191666666669,2.1,155.0,2018-08-09 15:04:01,拖网
5428,30.92013888888889,123.44475,2.0,158.0,2018-08-09 15:14:01,拖网
5428,30.91483333333333,123.44727777777778,1.7,151.0,2018-08-09 15:24:01,拖网
5428,30.909555555555553,123.44936111111113,2.0,157.0,2018-08-09 15:34:01,拖网
5428,30.90544444444444,123.4525,2.4,153.0,2018-08-09 15:44:01,拖网
5428,30.901666666666664,123.45511111111112,1.5,159.0,2018-08-09 15:54:01,拖网
5428,30.900222222222233,123.45283333333334,2.7,337.0,2018-08-09 16:04:01,拖网
5428,30.89958333333333,123.45055555555555,1.2,227.0,2018-08-09 16:14:01,拖网
5428,30.89697222222221,123.4465,1.5,235.0,2018-08-09 16:24:01,拖网
5428,30.89469444444445,123.44169444444445,1.6,243.0,2018-08-09 16:34:01,拖网
5428,30.892666666666663,123.43611111111113,1.8,248.0,2018-08-09 16:44:01,拖网
5428,30.88825000000001,123.41525,10.9,252.0,2018-08-09 16:54:01,拖网
5428,30.881305555555556,123.38030555555555,10.9,259.0,2018-08-09 17:04:01,拖网
5428,30.87641666666667,123.34663888888888,10.6,261.0,2018-08-09 17:14:01,拖网
5428,30.871527777777786,123.31069444444445,11.0,263.0,2018-08-09 17:25:01,拖网
5428,30.867777777777786,123.27744444444444,11.0,273.0,2018-08-09 17:34:01,拖网
5428,30.86975,123.26169444444444,2.8,323.0,2018-08-09 17:44:01,拖网
5428,30.87275,123.25452777777778,2.4,293.0,2018-08-09 17:54:01,拖网
5428,30.87538888888889,123.24761111111113,2.2,303.0,2018-08-09 18:04:01,拖网
5428,30.87852777777778,123.24088888888888,2.8,292.0,2018-08-09 18:14:01,拖网
5428,30.88141666666667,123.23397222222222,2.9,295.0,2018-08-09 18:24:01,拖网
5428,30.88480555555555,123.22708333333333,2.2,309.0,2018-08-09 18:34:01,拖网
5428,30.888222222222232,123.22058333333334,2.4,309.0,2018-08-09 18:44:01,拖网
5428,30.89155555555555,123.21413888888887,2.4,297.0,2018-08-09 18:54:01,拖网
5428,30.89483333333333,123.20772222222222,2.1,312.0,2018-08-09 19:04:01,拖网
5428,30.897972222222233,123.2012777777778,1.9,297.0,2018-08-09 19:14:01,拖网
5428,30.901,123.19494444444445,2.1,297.0,2018-08-09 19:24:01,拖网
5428,30.90447222222221,123.18852777777781,2.2,309.0,2018-08-09 19:35:01,拖网
5428,30.907611111111112,123.18275,2.3,300.0,2018-08-09 19:44:01,拖网
5428,30.91177777777777,123.1765,2.6,307.0,2018-08-09 19:54:01,拖网
5428,30.91686111111111,123.17044444444444,2.2,302.0,2018-08-09 20:04:01,拖网
5428,30.92013888888889,123.16450000000002,2.2,299.0,2018-08-09 20:14:01,拖网
5428,30.923444444444453,123.15858333333334,2.5,310.0,2018-08-09 20:24:01,拖网
5428,30.927055555555555,123.15302777777778,2.4,319.0,2018-08-09 20:34:01,拖网
5428,30.93077777777778,123.14766666666668,2.0,309.0,2018-08-09 20:44:01,拖网
5428,30.934777777777786,123.14269444444444,2.1,319.0,2018-08-09 20:54:01,拖网
5428,30.93911111111111,123.13802777777778,2.0,316.0,2018-08-09 21:04:01,拖网
5428,30.94327777777778,123.1334722222222,2.0,322.0,2018-08-09 21:14:01,拖网
5428,30.947944444444442,123.12988888888887,1.9,323.0,2018-08-09 21:24:01,拖网
5428,30.952,123.12541666666664,2.4,329.0,2018-08-09 21:34:01,拖网
5428,30.95658333333333,123.12186111111107,2.3,335.0,2018-08-09 21:44:01,拖网
5428,30.96102777777779,123.11861111111112,1.7,328.0,2018-08-09 21:54:01,拖网
5428,30.966444444444445,123.11622222222222,2.2,347.0,2018-08-09 22:05:01,拖网
5428,30.96911111111111,123.11708333333333,2.1,98.0,2018-08-09 22:14:01,拖网
5428,30.96913888888889,123.11730555555555,0.5,0.0,2018-08-09 22:24:01,拖网
5428,30.97347222222221,123.11644444444444,1.6,0.0,2018-08-09 22:34:01,拖网
5428,30.977138888888888,123.11719444444445,0.9,0.0,2018-08-09 22:44:01,拖网
5428,30.979944444444445,123.11713888888887,5.7,288.0,2018-08-09 22:54:01,拖网
5428,31.00775,123.1194722222222,11.0,2.0,2018-08-09 23:04:01,拖网
5428,31.024555555555555,123.11486111111107,1.5,359.0,2018-08-09 23:14:01,拖网
5428,31.02719444444445,123.11477777777776,5.4,36.0,2018-08-09 23:24:01,拖网
5428,31.02958333333333,123.11752777777777,1.5,29.0,2018-08-09 23:34:01,拖网
5428,31.030305555555554,123.1177222222222,2.9,198.0,2018-08-09 23:44:01,拖网
5428,31.029777777777767,123.11397222222222,3.2,317.0,2018-08-09 23:54:01,拖网
5428,31.03183333333333,123.12138888888887,2.1,94.0,2018-08-10 00:04:01,拖网
5428,31.029611111111112,123.12788888888888,2.2,123.0,2018-08-10 00:14:01,拖网
5428,31.02683333333333,123.13430555555556,2.4,118.0,2018-08-10 00:24:01,拖网
5428,31.02344444444445,123.14027777777778,2.1,117.0,2018-08-10 00:34:01,拖网
5428,31.020194444444453,123.14633333333332,2.1,118.0,2018-08-10 00:44:01,拖网
5428,31.01683333333333,123.15236111111106,2.1,125.0,2018-08-10 00:54:01,拖网
5428,31.01319444444445,123.15819444444445,2.3,126.0,2018-08-10 01:04:01,拖网
5428,31.00966666666667,123.1640277777778,2.3,122.0,2018-08-10 01:14:01,拖网
5428,31.00636111111111,123.17013888888887,1.9,118.0,2018-08-10 01:24:01,拖网
5428,31.00255555555556,123.17583333333334,2.4,134.0,2018-08-10 01:34:01,拖网
5428,30.99811111111111,123.18125,2.2,130.0,2018-08-10 01:45:01,拖网
5428,30.994222222222234,123.18611111111113,2.0,133.0,2018-08-10 01:54:01,拖网
5428,30.99019444444445,123.191,2.0,132.0,2018-08-10 02:04:01,拖网
5428,30.986361111111112,123.1959722222222,2.1,130.0,2018-08-10 02:14:01,拖网
5428,30.982555555555553,123.20088888888893,1.9,131.0,2018-08-10 02:24:01,拖网
5428,30.978416666666664,123.20530555555555,1.9,133.0,2018-08-10 02:34:01,拖网
5428,30.97436111111111,123.20963888888888,2.0,137.0,2018-08-10 02:44:01,拖网
5428,30.9705,123.21408333333332,1.7,131.0,2018-08-10 02:54:01,拖网
5428,30.966555555555555,123.21825,1.9,133.0,2018-08-10 03:04:01,拖网
5428,30.962611111111112,123.22219444444444,1.9,138.0,2018-08-10 03:14:01,拖网
5428,30.959083333333336,123.22622222222222,2.0,133.0,2018-08-10 03:24:01,拖网
5428,30.955416666666665,123.23,1.6,140.0,2018-08-10 03:34:01,拖网
5428,30.95138888888889,123.23313888888887,1.8,152.0,2018-08-10 03:44:01,拖网
5428,30.95186111111111,123.23055555555555,0.4,346.0,2018-08-10 03:54:01,拖网
5428,30.951638888888887,123.23055555555555,2.4,78.0,2018-08-10 04:05:01,拖网
5428,30.95036111111111,123.23116666666668,0.3,149.0,2018-08-10 04:14:01,拖网
5428,30.9445,123.24483333333332,9.6,127.0,2018-08-10 04:24:01,拖网
5428,30.93,123.26916666666666,9.6,104.0,2018-08-10 04:34:01,拖网
5428,30.929861111111112,123.27827777777777,1.6,134.0,2018-08-10 04:44:01,拖网
5428,30.932388888888887,123.27361111111112,1.9,318.0,2018-08-10 04:54:01,拖网
5428,30.9355,123.26730555555555,2.1,294.0,2018-08-10 05:04:01,拖网
5428,30.93788888888889,123.26072222222223,2.1,287.0,2018-08-10 05:14:01,拖网
5428,30.940972222222207,123.25438888888887,2.0,312.0,2018-08-10 05:24:01,拖网
5428,30.944472222222235,123.24786111111112,2.2,308.0,2018-08-10 05:35:01,拖网
5428,30.947944444444442,123.242,2.2,305.0,2018-08-10 05:44:01,拖网
5428,30.95202777777777,123.23597222222222,2.2,306.0,2018-08-10 05:54:01,拖网
5428,30.95638888888889,123.2302222222222,2.4,310.0,2018-08-10 06:04:01,拖网
5428,30.96097222222221,123.22466666666666,2.4,314.0,2018-08-10 06:14:01,拖网
5428,30.96569444444444,123.21911111111108,2.5,314.0,2018-08-10 06:24:01,拖网
5428,30.970111111111112,123.21319444444444,2.5,318.0,2018-08-10 06:34:01,拖网
5428,30.975305555555554,123.20786111111113,2.6,316.0,2018-08-10 06:44:01,拖网
5428,30.98027777777777,123.20227777777778,2.7,315.0,2018-08-10 06:54:01,拖网
5428,30.98536111111111,123.19675,2.5,320.0,2018-08-10 07:04:01,拖网
5428,30.99013888888889,123.19086111111106,2.6,311.0,2018-08-10 07:14:01,拖网
5428,30.99452777777779,123.18472222222222,2.0,306.0,2018-08-10 07:24:01,拖网
5428,30.999000000000002,123.17858333333334,2.3,324.0,2018-08-10 07:34:01,拖网
5428,31.004027777777768,123.17288888888888,2.4,307.0,2018-08-10 07:44:01,拖网
5428,31.007277777777766,123.16616666666668,2.4,296.0,2018-08-10 07:54:01,拖网
5428,31.01708333333333,123.15475,2.5,310.0,2018-08-10 08:14:01,拖网
5428,31.02213888888889,123.14927777777778,2.6,318.0,2018-08-10 08:24:01,拖网
5428,31.02708333333333,123.1437777777778,2.4,304.0,2018-08-10 08:34:01,拖网
5428,31.03183333333333,123.13830555555555,2.3,315.0,2018-08-10 08:44:01,拖网
5428,31.036472222222233,123.13283333333334,2.2,311.0,2018-08-10 08:54:01,拖网
5428,31.04102777777778,123.1274722222222,2.5,314.0,2018-08-10 09:04:01,拖网
5428,31.04555555555556,123.12225,2.2,309.0,2018-08-10 09:14:01,拖网
5428,31.049611111111112,123.11644444444444,2.5,311.0,2018-08-10 09:24:01,拖网
5428,31.053638888888887,123.11058333333332,2.3,308.0,2018-08-10 09:34:01,拖网
5428,31.057,123.10463888888887,2.1,305.0,2018-08-10 09:44:01,拖网
5428,31.06044444444445,123.09891666666664,2.2,314.0,2018-08-10 09:54:01,拖网
5428,31.06447222222221,123.09377777777777,2.1,320.0,2018-08-10 10:04:01,拖网
5428,31.06908333333333,123.0894722222222,1.9,317.0,2018-08-10 10:14:01,拖网
5428,31.0735,123.08530555555555,1.7,316.0,2018-08-10 10:24:01,拖网
5428,31.07833333333333,123.08294444444445,4.0,74.0,2018-08-10 10:34:01,拖网
5428,31.075916666666664,123.08502777777777,0.5,0.0,2018-08-10 10:44:01,拖网
5428,31.07830555555556,123.08558333333332,4.4,96.0,2018-08-10 10:54:01,拖网
5428,31.078861111111113,123.08683333333332,0.3,0.0,2018-08-10 11:04:01,拖网
5428,31.079361111111112,123.08811111111113,0.4,0.0,2018-08-10 11:14:01,拖网
5428,31.07944444444445,123.08933333333331,0.8,98.0,2018-08-10 11:24:01,拖网
5428,31.080416666666665,123.08986111111106,0.9,0.0,2018-08-10 11:34:01,拖网
5428,31.07997222222223,123.0917777777778,0.2,0.0,2018-08-10 11:44:01,拖网
5428,31.081138888888887,123.09391666666666,5.1,139.0,2018-08-10 11:55:01,拖网
5428,31.079611111111113,123.09536111111107,0.4,143.0,2018-08-10 12:05:01,拖网
5428,31.07808333333333,123.0963611111111,0.5,152.0,2018-08-10 12:14:01,拖网
5428,31.05761111111111,123.10127777777778,10.1,179.0,2018-08-10 12:24:01,拖网
5428,31.03322222222221,123.1167222222222,9.7,130.0,2018-08-10 12:34:01,拖网
5428,31.01975,123.12908333333333,2.7,104.0,2018-08-10 12:44:01,拖网
5428,31.012722222222234,123.13455555555555,2.3,120.0,2018-08-10 12:54:01,拖网
5428,31.00991666666667,123.14122222222224,2.1,113.0,2018-08-10 13:04:01,拖网
5428,31.00791666666667,123.1477777777778,2.1,101.0,2018-08-10 13:14:01,拖网
5428,31.006611111111113,123.15419444444444,2.1,109.0,2018-08-10 13:24:01,拖网
5428,31.00425,123.16038888888887,2.2,111.0,2018-08-10 13:34:01,拖网
5428,31.001472222222233,123.16652777777777,1.9,119.0,2018-08-10 13:44:01,拖网
5428,30.99883333333333,123.17261111111112,2.0,113.0,2018-08-10 13:54:01,拖网
5428,30.99602777777778,123.17855555555555,2.4,112.0,2018-08-10 14:04:01,拖网
5428,30.993472222222234,123.18436111111113,2.2,111.0,2018-08-10 14:14:01,拖网
5428,30.990805555555557,123.19013888888887,3.1,113.0,2018-08-10 14:24:01,拖网
5428,30.98602777777778,123.19538888888887,3.3,114.0,2018-08-10 14:34:01,拖网
5428,30.98183333333333,123.20075,2.3,120.0,2018-08-10 14:44:01,拖网
5428,30.9775,123.20625,2.7,129.0,2018-08-10 14:54:01,拖网
5428,30.97322222222222,123.21144444444445,3.7,122.0,2018-08-10 15:04:01,拖网
5428,30.968416666666666,123.21605555555556,2.7,125.0,2018-08-10 15:14:01,拖网
5428,30.96386111111111,123.22063888888893,3.2,119.0,2018-08-10 15:24:01,拖网
5428,30.95983333333333,123.22511111111113,3.2,127.0,2018-08-10 15:34:01,拖网
5428,30.95558333333333,123.23038888888892,2.8,119.0,2018-08-10 15:44:01,拖网
5428,30.95172222222222,123.23505555555555,3.1,122.0,2018-08-10 15:54:01,拖网
5428,30.94741666666667,123.23888888888894,2.1,148.0,2018-08-10 16:05:01,拖网
5428,30.943305555555558,123.2420277777778,1.9,151.0,2018-08-10 16:14:01,拖网
5428,30.938805555555557,123.24466666666666,1.6,159.0,2018-08-10 16:24:01,拖网
5428,30.93413888888889,123.24625,1.6,169.0,2018-08-10 16:34:01,拖网
5428,30.93122222222221,123.24297222222219,1.2,200.0,2018-08-10 16:54:01,拖网
5428,30.926972222222233,123.23969444444445,2.0,213.0,2018-08-10 17:04:01,拖网
5428,30.92594444444445,123.24844444444444,4.5,81.0,2018-08-10 17:14:01,拖网
5428,30.92822222222221,123.25902777777776,0.6,24.0,2018-08-10 17:24:01,拖网
5428,30.926805555555557,123.2559722222222,1.6,236.0,2018-08-10 17:34:01,拖网
5428,30.92458333333333,123.25183333333334,1.4,249.0,2018-08-10 17:44:01,拖网
5428,30.923111111111112,123.25502777777777,5.7,76.0,2018-08-10 17:54:01,拖网
5428,30.91861111111111,123.27286111111113,6.4,114.0,2018-08-10 18:04:01,拖网
5428,30.912555555555553,123.2877222222222,1.2,40.0,2018-08-10 18:14:01,拖网
5428,30.91186111111111,123.28875,0.7,0.0,2018-08-10 18:24:01,拖网
5428,30.911916666666666,123.28325,6.1,335.0,2018-08-10 18:34:01,拖网
5428,30.91708333333333,123.27644444444445,1.9,309.0,2018-08-10 18:44:01,拖网
5428,30.920444444444453,123.27011111111106,1.6,300.0,2018-08-10 18:54:01,拖网
5428,30.92436111111111,123.26402777777777,2.3,307.0,2018-08-10 19:04:01,拖网
5428,30.928166666666666,123.2577777777778,1.9,0.0,2018-08-10 19:14:01,拖网
5428,30.932055555555557,123.2512777777778,2.2,316.0,2018-08-10 19:24:01,拖网
5428,30.93675,123.24477777777778,2.9,299.0,2018-08-10 19:35:01,拖网
5428,30.939972222222234,123.23830555555556,2.4,295.0,2018-08-10 19:44:01,拖网
5428,30.94552777777778,123.23105555555556,2.8,315.0,2018-08-10 19:54:01,拖网
5428,30.950916666666664,123.22466666666666,2.5,314.0,2018-08-10 20:05:01,拖网
5428,30.95563888888889,123.21888888888887,2.8,307.0,2018-08-10 20:14:01,拖网
5428,30.959972222222234,123.21305555555556,2.6,305.0,2018-08-10 20:24:01,拖网
5428,30.96408333333333,123.20705555555556,2.6,311.0,2018-08-10 20:34:01,拖网
5428,30.96869444444444,123.20133333333334,2.4,316.0,2018-08-10 20:44:01,拖网
5428,30.97322222222222,123.19594444444445,2.5,323.0,2018-08-10 20:54:01,拖网
5428,30.978527777777767,123.19136111111106,2.5,337.0,2018-08-10 21:04:01,拖网
5428,30.98394444444445,123.18694444444445,2.5,311.0,2018-08-10 21:14:01,拖网
5428,30.98783333333333,123.18116666666668,2.4,311.0,2018-08-10 21:24:01,拖网
5428,30.992027777777786,123.17563888888893,2.4,316.0,2018-08-10 21:34:01,拖网
5428,30.99613888888889,123.17030555555556,2.7,322.0,2018-08-10 21:44:01,拖网
5428,31.00075,123.16538888888893,2.4,321.0,2018-08-10 21:54:01,拖网
5428,31.005527777777786,123.16080555555556,2.2,322.0,2018-08-10 22:04:01,拖网
5428,31.010277777777766,123.15658333333334,2.7,332.0,2018-08-10 22:14:01,拖网
5428,31.015166666666666,123.15269444444445,2.3,332.0,2018-08-10 22:24:01,拖网
5428,31.020111111111113,123.14902777777776,2.2,332.0,2018-08-10 22:34:01,拖网
5428,31.02508333333333,123.14586111111113,1.5,329.0,2018-08-10 22:44:01,拖网
5428,31.030055555555553,123.14261111111112,2.1,333.0,2018-08-10 22:54:01,拖网
5428,31.03413888888889,123.1385,1.9,325.0,2018-08-10 23:04:01,拖网
5428,31.038694444444445,123.13719444444445,4.0,128.0,2018-08-10 23:14:01,拖网
5428,31.03725,123.13713888888893,1.4,328.0,2018-08-10 23:24:01,拖网
5428,31.038777777777767,123.13747222222223,1.2,23.0,2018-08-10 23:35:01,拖网
5428,31.04105555555556,123.1387777777778,0.6,25.0,2018-08-10 23:44:01,拖网
5428,31.03519444444445,123.13488888888894,8.0,178.0,2018-08-10 23:54:01,拖网
5428,31.01391666666667,123.13455555555555,6.1,154.0,2018-08-11 00:04:01,拖网
5428,31.010666666666665,123.13433333333334,1.2,0.0,2018-08-11 00:14:01,拖网
5428,31.009305555555553,123.13938888888887,1.9,158.0,2018-08-11 00:24:01,拖网
5428,31.006305555555556,123.14552777777777,2.1,112.0,2018-08-11 00:34:01,拖网
5428,31.003722222222233,123.15169444444444,2.1,125.0,2018-08-11 00:44:01,拖网
5428,31.00044444444445,123.15755555555555,2.2,121.0,2018-08-11 00:54:01,拖网
5428,30.996805555555554,123.16311111111112,2.1,126.0,2018-08-11 01:04:01,拖网
5428,30.993250000000003,123.16869444444444,1.8,130.0,2018-08-11 01:14:01,拖网
5428,30.98975,123.17438888888887,2.0,125.0,2018-08-11 01:24:01,拖网
5428,30.98605555555556,123.17986111111112,2.3,132.0,2018-08-11 01:34:01,拖网
5428,30.982277777777767,123.18538888888894,2.1,131.0,2018-08-11 01:44:01,拖网
5428,30.97833333333333,123.19075,2.1,122.0,2018-08-11 01:54:01,拖网
5428,30.974166666666665,123.19655555555555,2.1,127.0,2018-08-11 02:05:01,拖网
5428,30.970194444444445,123.20180555555555,2.3,128.0,2018-08-11 02:14:01,拖网
5428,30.96569444444444,123.20763888888888,2.3,134.0,2018-08-11 02:24:01,拖网
5428,30.961194444444452,123.21308333333332,2.0,126.0,2018-08-11 02:34:01,拖网
5428,30.956916666666668,123.21852777777778,2.0,130.0,2018-08-11 02:44:01,拖网
5428,30.95258333333333,123.22388888888894,1.7,115.0,2018-08-11 02:54:01,拖网
5428,30.94825,123.22930555555556,1.9,132.0,2018-08-11 03:04:01,拖网
5428,30.94377777777777,123.23463888888894,1.4,0.0,2018-08-11 03:14:01,拖网
5428,30.939555555555554,123.23983333333334,1.2,0.0,2018-08-11 03:24:01,拖网
5428,30.93555555555556,123.245,1.2,0.0,2018-08-11 03:34:01,拖网
5428,30.93008333333333,123.24861111111113,2.5,173.0,2018-08-11 03:44:01,拖网
5428,30.92369444444445,123.24930555555555,2.1,172.0,2018-08-11 03:54:01,拖网
5428,30.91769444444445,123.24966666666668,1.9,182.0,2018-08-11 04:04:01,拖网
5428,30.91188888888889,123.25019444444445,2.3,196.0,2018-08-11 04:14:01,拖网
5428,30.90613888888889,123.25077777777777,2.2,188.0,2018-08-11 04:24:01,拖网
5428,30.900305555555555,123.2512222222222,1.9,182.0,2018-08-11 04:35:01,拖网
5428,30.895138888888887,123.25144444444445,1.9,189.0,2018-08-11 04:44:01,拖网
5428,30.889888888888887,123.25133333333332,1.8,183.0,2018-08-11 04:54:01,拖网
5428,30.88486111111111,123.25083333333332,1.7,190.0,2018-08-11 05:04:01,拖网
5428,30.880166666666664,123.24888888888887,3.7,264.0,2018-08-11 05:14:01,拖网
5428,30.88291666666667,123.24861111111113,1.0,213.0,2018-08-11 05:24:01,拖网
5428,30.881472222222207,123.24736111111108,0.9,214.0,2018-08-11 05:34:01,拖网
5428,30.880416666666665,123.24661111111112,1.6,8.0,2018-08-11 05:44:01,拖网
5428,30.883777777777766,123.2477222222222,8.9,28.0,2018-08-11 05:54:01,拖网
5428,30.896027777777785,123.27125,8.9,83.0,2018-08-11 06:04:01,拖网
5428,30.89175,123.29902777777777,8.7,92.0,2018-08-11 06:14:01,拖网
5428,30.89263888888889,123.30905555555556,6.8,319.0,2018-08-11 06:24:01,拖网
5428,30.89697222222221,123.3012222222222,1.8,297.0,2018-08-11 06:34:01,拖网
5428,30.900055555555554,123.29458333333332,2.3,296.0,2018-08-11 06:44:01,拖网
5428,30.903861111111112,123.28830555555555,2.4,304.0,2018-08-11 06:54:01,拖网
5428,30.90783333333333,123.28183333333334,2.9,309.0,2018-08-11 07:04:01,拖网
5428,30.912388888888888,123.27505555555555,1.7,308.0,2018-08-11 07:14:01,拖网
5428,30.917305555555554,123.26930555555555,2.3,313.0,2018-08-11 07:24:01,拖网
5428,30.921972222222234,123.26313888888888,2.3,303.0,2018-08-11 07:34:01,拖网
5428,30.9265,123.257,2.3,307.0,2018-08-11 07:44:01,拖网
5428,30.93108333333333,123.25091666666668,2.0,0.0,2018-08-11 07:54:01,拖网
5428,30.93602777777778,123.2445277777778,2.4,307.0,2018-08-11 08:05:01,拖网
5428,30.940305555555554,123.2385,2.5,311.0,2018-08-11 08:14:01,拖网
5428,30.945,123.23230555555556,2.5,311.0,2018-08-11 08:24:01,拖网
5428,30.94994444444445,123.22627777777778,2.7,305.0,2018-08-11 08:34:01,拖网
5428,30.955111111111112,123.22041666666668,2.7,313.0,2018-08-11 08:44:01,拖网
5428,30.959555555555553,123.21416666666669,2.4,306.0,2018-08-11 08:54:01,拖网
5428,30.964388888888887,123.20822222222223,2.5,309.0,2018-08-11 09:04:01,拖网
5428,30.969,123.20230555555555,2.4,312.0,2018-08-11 09:14:01,拖网
5428,30.97347222222221,123.19638888888888,2.4,311.0,2018-08-11 09:24:01,拖网
5428,30.977666666666664,123.19041666666666,2.4,316.0,2018-08-11 09:34:01,拖网
5428,30.98191666666667,123.1845277777778,2.3,311.0,2018-08-11 09:44:01,拖网
5428,30.985722222222233,123.17844444444445,2.4,305.0,2018-08-11 09:54:01,拖网
5428,30.98925,123.17236111111113,2.1,304.0,2018-08-11 10:04:01,拖网
5428,30.99294444444445,123.1665,2.5,306.0,2018-08-11 10:14:01,拖网
5428,30.99683333333333,123.16083333333334,2.0,309.0,2018-08-11 10:24:01,拖网
5428,31.00058333333333,123.15533333333336,2.0,303.0,2018-08-11 10:34:01,拖网
5428,31.00408333333333,123.14997222222222,2.2,313.0,2018-08-11 10:44:01,拖网
5428,31.00794444444445,123.14494444444445,2.3,317.0,2018-08-11 10:54:01,拖网
5428,31.011944444444445,123.14027777777778,1.8,318.0,2018-08-11 11:04:01,拖网
5428,31.01625,123.13602777777778,1.7,0.0,2018-08-11 11:14:01,拖网
5428,31.02063888888889,123.13216666666666,0.4,0.0,2018-08-11 11:24:01,拖网
5428,31.02372222222222,123.13205555555555,3.3,132.0,2018-08-11 11:34:01,拖网
5428,31.023000000000003,123.13355555555556,3.2,117.0,2018-08-11 11:44:01,拖网
5428,31.0255,123.13475,2.5,272.0,2018-08-11 11:55:01,拖网
5428,31.02794444444445,123.13608333333332,2.0,69.0,2018-08-11 12:04:01,拖网
5428,31.02947222222221,123.13758333333334,1.3,0.0,2018-08-11 12:14:01,拖网
5428,31.030472222222233,123.13908333333336,1.0,0.0,2018-08-11 12:24:01,拖网
5428,31.03125,123.14013888888887,0.9,0.0,2018-08-11 12:34:01,拖网
5428,31.012888888888888,123.14355555555555,10.0,133.0,2018-08-11 12:44:01,拖网
5428,31.00783333333333,123.14361111111113,4.8,85.0,2018-08-11 12:54:01,拖网
5428,30.999944444444452,123.15658333333334,1.9,125.0,2018-08-11 13:14:01,拖网
5428,30.99675,123.16180555555556,1.7,122.0,2018-08-11 13:24:01,拖网
5428,30.99327777777778,123.16688888888888,2.1,122.0,2018-08-11 13:34:01,拖网
5428,30.989638888888887,123.1719722222222,1.9,131.0,2018-08-11 13:44:01,拖网
5428,30.985750000000003,123.17694444444444,1.8,118.0,2018-08-11 13:54:01,拖网
5428,30.98186111111111,123.18208333333334,2.1,127.0,2018-08-11 14:04:01,拖网
5428,30.977888888888888,123.18727777777781,2.2,125.0,2018-08-11 14:14:01,拖网
5428,30.974555555555554,123.19302777777777,2.0,131.0,2018-08-11 14:24:01,拖网
5428,30.9705,123.1985,2.1,133.0,2018-08-11 14:34:01,拖网
5428,30.966666666666665,123.20430555555555,1.9,119.0,2018-08-11 14:44:01,拖网
5428,30.96183333333333,123.21041666666666,2.2,138.0,2018-08-11 14:54:01,拖网
5428,30.957638888888887,123.21602777777778,2.2,138.0,2018-08-11 15:04:01,拖网
5428,30.95347222222221,123.22155555555555,2.8,137.0,2018-08-11 15:14:01,拖网
5428,30.94925,123.22713888888887,2.4,135.0,2018-08-11 15:24:01,拖网
5428,30.944861111111113,123.23255555555555,2.2,128.0,2018-08-11 15:34:01,拖网
5428,30.94069444444445,123.238,2.3,133.0,2018-08-11 15:44:01,拖网
5428,30.93691666666667,123.24330555555555,2.3,128.0,2018-08-11 15:54:01,拖网
5428,30.92925,123.25338888888888,2.0,135.0,2018-08-11 16:14:01,拖网
5428,30.925555555555558,123.2582777777778,1.8,130.0,2018-08-11 16:24:01,拖网
5428,30.92191666666667,123.26302777777776,1.8,127.0,2018-08-11 16:34:01,拖网
5428,30.91338888888889,123.27133333333332,2.0,141.0,2018-08-11 16:54:01,拖网
5428,30.909388888888888,123.27522222222223,1.9,146.0,2018-08-11 17:04:01,拖网
5428,30.90411111111111,123.27747222222222,2.1,171.0,2018-08-11 17:14:01,拖网
5428,30.898833333333336,123.27952777777777,1.8,167.0,2018-08-11 17:24:01,拖网
5428,30.893777777777768,123.28152777777777,1.5,148.0,2018-08-11 17:34:01,拖网
5428,30.888805555555557,123.28355555555555,2.0,162.0,2018-08-11 17:44:01,拖网
5428,30.88966666666667,123.28111111111113,0.0,0.0,2018-08-11 17:54:01,拖网
5428,30.88736111111111,123.27902777777777,4.3,212.0,2018-08-11 18:04:01,拖网
5428,30.884555555555554,123.27388888888888,1.7,236.0,2018-08-11 18:15:01,拖网
5428,30.88127777777777,123.26125,10.8,247.0,2018-08-11 18:24:01,拖网
5428,30.868416666666665,123.22875,11.3,248.0,2018-08-11 18:34:01,拖网
5428,30.856333333333332,123.196,10.5,247.0,2018-08-11 18:44:01,拖网
5428,30.844166666666666,123.16397222222223,10.8,242.0,2018-08-11 18:54:01,拖网
5428,30.832305555555553,123.13158333333332,10.9,254.0,2018-08-11 19:04:01,拖网
5428,30.82155555555555,123.09894444444444,11.0,248.0,2018-08-11 19:14:01,拖网
5428,30.810388888888887,123.06691666666666,10.6,254.0,2018-08-11 19:24:01,拖网
5428,30.80022222222223,123.03447222222222,11.2,251.0,2018-08-11 19:34:01,拖网
5428,30.789805555555557,123.00169444444445,11.0,252.0,2018-08-11 19:44:01,拖网
5428,30.779138888888887,122.96869444444445,11.0,247.0,2018-08-11 19:54:01,拖网
5428,30.76847222222222,122.93541666666668,11.2,248.0,2018-08-11 20:04:01,拖网
5428,30.76013888888889,122.90080555555555,11.1,250.0,2018-08-11 20:14:01,拖网
5428,30.75352777777778,122.8654722222222,10.7,260.0,2018-08-11 20:25:01,拖网
5428,30.74861111111111,122.83647222222223,9.8,271.0,2018-08-11 20:34:01,拖网
5428,30.73997222222223,122.80694444444444,8.8,217.0,2018-08-11 20:44:01,拖网
5428,30.731416666666664,122.80488888888893,0.2,0.0,2018-08-11 20:54:01,拖网
5428,30.731361111111113,122.80486111111112,0.9,0.0,2018-08-11 21:04:01,拖网
5428,30.73155555555555,122.80469444444445,0.0,0.0,2018-08-11 21:14:01,拖网
5428,30.72816666666667,122.80005555555556,3.6,167.0,2018-08-11 21:24:01,拖网
5428,30.72355555555556,122.80436111111106,0.1,0.0,2018-08-11 21:34:01,拖网
5428,30.72344444444445,122.80438888888888,0.3,0.0,2018-08-11 21:44:01,拖网
5428,30.72344444444445,122.80444444444444,0.4,0.0,2018-08-11 21:54:01,拖网
5428,30.723388888888888,122.80441666666664,0.0,0.0,2018-08-11 22:05:01,拖网
5428,30.723416666666665,122.80441666666664,0.1,0.0,2018-08-11 22:14:01,拖网
5428,30.723388888888888,122.80438888888888,0.0,0.0,2018-08-11 22:24:01,拖网
5428,30.723388888888888,122.80438888888888,0.1,0.0,2018-08-11 22:34:01,拖网
5428,30.723388888888888,122.80438888888888,0.0,0.0,2018-08-11 22:44:01,拖网
5428,30.723416666666665,122.80433333333332,0.0,0.0,2018-08-11 22:54:01,拖网
5428,30.72344444444445,122.80436111111106,0.0,0.0,2018-08-11 23:04:01,拖网
5428,30.723416666666665,122.80433333333332,0.0,0.0,2018-08-11 23:14:01,拖网
5428,30.72344444444445,122.80438888888888,0.0,0.0,2018-08-11 23:24:01,拖网
5428,30.723388888888888,122.80430555555556,0.1,0.0,2018-08-11 23:34:01,拖网
5428,30.723416666666665,122.8042222222222,0.0,0.0,2018-08-11 23:44:01,拖网
5428,30.72344444444445,122.80433333333332,0.0,0.0,2018-08-11 23:54:01,拖网
5428,30.723388888888888,122.80419444444445,0.3,0.0,2018-08-12 00:04:01,拖网
5428,30.72344444444445,122.80436111111106,0.0,0.0,2018-08-12 00:14:01,拖网
5428,30.72344444444445,122.80430555555556,0.4,0.0,2018-08-12 00:24:01,拖网
5428,30.723527777777786,122.80391666666668,0.3,0.0,2018-08-12 00:34:01,拖网
5428,30.723388888888888,122.80436111111106,0.1,0.0,2018-08-12 00:44:01,拖网
5428,30.723305555555555,122.80444444444444,0.0,0.0,2018-08-12 00:54:01,拖网
5428,30.723416666666665,122.80427777777777,0.6,109.0,2018-08-12 01:04:01,拖网
5428,30.722805555555553,122.80511111111107,0.3,0.0,2018-08-12 01:14:01,拖网
5428,30.723388888888888,122.80436111111106,0.4,0.0,2018-08-12 01:24:01,拖网
5428,30.723416666666665,122.80438888888888,0.0,0.0,2018-08-12 01:35:01,拖网
5428,30.723416666666665,122.80436111111106,0.0,0.0,2018-08-12 01:44:01,拖网
5428,30.72347222222221,122.80441666666664,0.1,0.0,2018-08-12 01:54:01,拖网
5428,30.723388888888888,122.80436111111106,0.0,0.0,2018-08-12 02:04:01,拖网
5428,30.723416666666665,122.80438888888888,0.0,0.0,2018-08-12 02:14:01,拖网
5428,30.72333333333333,122.80433333333332,0.0,0.0,2018-08-12 02:24:01,拖网
5428,30.72347222222221,122.80441666666664,0.0,0.0,2018-08-12 02:34:01,拖网
5428,30.723416666666665,122.80441666666664,0.5,0.0,2018-08-12 02:44:01,拖网
5428,30.723527777777786,122.80438888888888,0.2,0.0,2018-08-12 02:54:01,拖网
5428,30.72397222222222,122.80430555555556,0.6,0.0,2018-08-12 03:04:01,拖网
5428,30.72325,122.80441666666664,0.1,0.0,2018-08-12 03:14:01,拖网
5428,30.72333333333333,122.80441666666664,0.0,0.0,2018-08-12 03:24:01,拖网
5428,30.72333333333333,122.80438888888888,0.1,0.0,2018-08-12 03:34:01,拖网
5428,30.72336111111111,122.80436111111106,0.0,0.0,2018-08-12 03:44:01,拖网
5428,30.72336111111111,122.80433333333332,0.0,0.0,2018-08-12 03:54:01,拖网
5428,30.723388888888888,122.80436111111106,0.0,0.0,2018-08-12 04:05:01,拖网
5428,30.72333333333333,122.80444444444444,0.0,0.0,2018-08-12 04:14:01,拖网
5428,30.723388888888888,122.80436111111106,0.0,0.0,2018-08-12 04:24:01,拖网
5428,30.72333333333333,122.80438888888888,0.0,0.0,2018-08-12 04:34:01,拖网
5428,30.723388888888888,122.80436111111106,0.0,0.0,2018-08-12 04:44:01,拖网
5428,30.723416666666665,122.80433333333332,0.0,0.0,2018-08-12 04:54:01,拖网
5428,30.723416666666665,122.80441666666664,0.0,0.0,2018-08-12 05:04:01,拖网
5428,30.723388888888888,122.80444444444444,0.0,0.0,2018-08-12 05:14:01,拖网
5428,30.72336111111111,122.80430555555556,0.1,0.0,2018-08-12 05:24:01,拖网
5428,30.72325,122.80466666666666,0.0,0.0,2018-08-12 05:34:01,拖网
5428,30.72322222222222,122.80463888888887,0.0,0.0,2018-08-12 05:44:01,拖网
5428,30.723111111111113,122.80461111111113,0.0,0.0,2018-08-12 05:54:01,拖网
5428,30.72336111111111,122.80438888888888,0.0,0.0,2018-08-12 06:04:01,拖网
5428,30.723166666666664,122.80461111111113,0.0,0.0,2018-08-12 06:14:01,拖网
5428,30.72288888888889,122.80486111111112,0.3,0.0,2018-08-12 06:24:01,拖网
5428,30.72325,122.80461111111113,0.4,0.0,2018-08-12 06:34:01,拖网
5428,30.72336111111111,122.80441666666664,0.2,0.0,2018-08-12 06:44:01,拖网
5428,30.723416666666665,122.80436111111106,0.9,147.0,2018-08-12 06:54:01,拖网
5428,30.72194444444445,122.80527777777776,0.2,0.0,2018-08-12 07:04:01,拖网
5428,30.72300000000001,122.80461111111113,0.2,0.0,2018-08-12 07:14:01,拖网
5428,30.72308333333333,122.80458333333333,0.0,0.0,2018-08-12 07:24:01,拖网
5428,30.72300000000001,122.80455555555555,0.4,0.0,2018-08-12 07:34:01,拖网
5428,30.723111111111113,122.8045277777778,0.5,0.0,2018-08-12 07:44:01,拖网
5428,30.723416666666665,122.80444444444444,0.0,0.0,2018-08-12 07:54:01,拖网
5428,30.723527777777786,122.8045,0.2,0.0,2018-08-12 08:04:01,拖网
5428,30.723527777777786,122.8045277777778,0.0,0.0,2018-08-12 08:14:01,拖网
5428,30.72358333333333,122.80455555555555,0.0,0.0,2018-08-12 08:24:01,拖网
5428,30.72383333333333,122.80383333333332,1.1,0.0,2018-08-12 08:34:01,拖网
5428,30.72422222222221,122.80369444444445,0.1,0.0,2018-08-12 08:44:01,拖网
5428,30.72425,122.80344444444445,0.4,0.0,2018-08-12 08:54:01,拖网
5428,30.72433333333333,122.80369444444445,0.0,0.0,2018-08-12 09:04:01,拖网
5428,30.724305555555553,122.80375,0.0,0.0,2018-08-12 09:14:01,拖网
5428,30.72427777777777,122.80383333333332,0.2,0.0,2018-08-12 09:24:01,拖网
5428,30.72419444444445,122.80394444444444,0.3,0.0,2018-08-12 09:34:01,拖网
5428,30.72419444444445,122.80391666666668,0.2,0.0,2018-08-12 09:44:01,拖网
5428,30.72427777777777,122.80388888888888,0.2,0.0,2018-08-12 09:54:01,拖网
5428,30.72425,122.80380555555556,0.4,336.0,2018-08-12 10:04:01,拖网
5428,30.72433333333333,122.80375,0.4,0.0,2018-08-12 10:14:01,拖网
5428,30.72438888888889,122.80380555555556,0.3,0.0,2018-08-12 10:24:01,拖网
5428,30.72436111111111,122.80377777777778,0.3,0.0,2018-08-12 10:34:01,拖网
5428,30.724166666666665,122.80397222222223,0.2,0.0,2018-08-12 10:44:01,拖网
5428,30.72411111111111,122.8040277777778,0.3,0.0,2018-08-12 10:54:01,拖网
5428,30.724027777777767,122.80408333333334,1.1,140.0,2018-08-12 11:04:01,拖网
5428,30.724305555555553,122.80397222222223,0.4,0.0,2018-08-12 11:14:01,拖网
5428,30.72419444444445,122.80411111111113,0.6,131.0,2018-08-12 11:24:01,拖网
5428,30.72422222222221,122.80408333333334,0.8,128.0,2018-08-12 11:34:01,拖网
5428,30.724027777777767,122.80425,0.7,135.0,2018-08-12 11:44:01,拖网
5428,30.724305555555553,122.804,0.6,130.0,2018-08-12 11:54:01,拖网
5428,30.72436111111111,122.8040277777778,0.7,162.0,2018-08-12 12:04:01,拖网
5428,30.72438888888889,122.80408333333334,0.0,0.0,2018-08-12 12:14:01,拖网
5428,30.72438888888889,122.80408333333334,0.1,0.0,2018-08-12 12:24:01,拖网
5428,30.72433333333333,122.80408333333334,0.2,0.0,2018-08-12 12:34:01,拖网
5428,30.72438888888889,122.8040277777778,0.2,0.0,2018-08-12 12:44:01,拖网
5428,30.72436111111111,122.80405555555555,0.1,0.0,2018-08-12 12:54:01,拖网
5428,30.72436111111111,122.80405555555555,0.2,0.0,2018-08-12 13:04:01,拖网
5428,30.72436111111111,122.804,0.3,0.0,2018-08-12 13:14:01,拖网
5428,30.724305555555553,122.80397222222223,0.1,0.0,2018-08-12 13:24:01,拖网
5428,30.724027777777767,122.8040277777778,0.1,0.0,2018-08-12 13:34:01,拖网
5428,30.72408333333333,122.804,0.1,0.0,2018-08-12 13:44:01,拖网
5428,30.724027777777767,122.80411111111113,0.1,0.0,2018-08-12 13:54:01,拖网
5428,30.724055555555548,122.8040277777778,0.3,0.0,2018-08-12 14:04:01,拖网
5428,30.724166666666665,122.80425,1.4,73.0,2018-08-12 14:14:01,拖网
5428,30.724055555555548,122.80416666666666,1.4,78.0,2018-08-12 14:24:01,拖网
5428,30.724,122.80386111111108,0.0,0.0,2018-08-12 14:34:01,拖网
5428,30.724027777777767,122.80397222222223,0.5,89.0,2018-08-12 14:44:01,拖网
5428,30.724027777777767,122.80386111111108,0.6,96.0,2018-08-12 14:54:01,拖网
5428,30.72411111111111,122.80361111111112,1.2,98.0,2018-08-12 15:04:01,拖网
5428,30.72411111111111,122.80363888888887,1.4,94.0,2018-08-12 15:14:01,拖网
5428,30.724055555555548,122.804,0.0,0.0,2018-08-12 15:24:01,拖网
5428,30.724055555555548,122.804,0.0,0.0,2018-08-12 15:34:01,拖网
5428,30.724027777777767,122.80397222222223,0.0,0.0,2018-08-12 15:44:01,拖网
5428,30.724027777777767,122.80397222222223,0.1,0.0,2018-08-12 15:54:01,拖网
5428,30.724027777777767,122.80397222222223,0.0,0.0,2018-08-12 16:04:01,拖网
5428,30.724,122.804,0.1,0.0,2018-08-12 16:14:01,拖网
5428,30.724027777777767,122.8040277777778,0.1,0.0,2018-08-12 16:24:01,拖网
5428,30.72408333333333,122.804,0.0,0.0,2018-08-12 16:34:01,拖网
5428,30.724027777777767,122.80394444444444,0.1,0.0,2018-08-12 16:44:01,拖网
5428,30.724055555555548,122.80397222222223,0.0,0.0,2018-08-12 16:54:01,拖网
5428,30.724055555555548,122.80397222222223,0.0,0.0,2018-08-12 17:04:01,拖网
5428,30.724055555555548,122.804,0.2,0.0,2018-08-12 17:14:01,拖网
5428,30.72408333333333,122.80397222222223,0.1,0.0,2018-08-12 17:24:01,拖网
5428,30.724027777777767,122.804,0.0,0.0,2018-08-12 17:34:01,拖网
5428,30.72408333333333,122.804,0.1,0.0,2018-08-12 17:44:01,拖网
5428,30.724027777777767,122.804,0.2,0.0,2018-08-12 17:54:01,拖网
5428,30.72419444444445,122.80391666666668,0.5,334.0,2018-08-12 18:04:01,拖网
5428,30.724027777777767,122.80405555555555,0.4,0.0,2018-08-12 18:14:01,拖网
5428,30.72422222222221,122.804,0.7,0.0,2018-08-12 18:24:01,拖网
5428,30.724527777777766,122.80366666666669,0.5,0.0,2018-08-12 18:34:01,拖网
5428,30.724555555555554,122.80377777777778,0.3,0.0,2018-08-12 18:44:01,拖网
5428,30.72419444444445,122.80380555555556,1.1,318.0,2018-08-12 18:54:01,拖网
5428,30.72444444444445,122.80383333333332,0.7,0.0,2018-08-12 19:04:01,拖网
5428,30.72422222222221,122.80380555555556,1.3,130.0,2018-08-12 19:14:01,拖网
5428,30.724138888888888,122.80425,0.5,0.0,2018-08-12 19:24:01,拖网
5428,30.72419444444445,122.80425,0.1,0.0,2018-08-12 19:34:01,拖网
5428,30.72427777777777,122.8042222222222,0.1,0.0,2018-08-12 19:44:01,拖网
5428,30.72438888888889,122.80419444444445,0.3,0.0,2018-08-12 19:54:01,拖网
5428,30.72438888888889,122.80419444444445,0.5,303.0,2018-08-12 20:04:01,拖网
5428,30.72438888888889,122.8042222222222,0.2,0.0,2018-08-12 20:14:01,拖网
5428,30.724416666666666,122.8042222222222,0.1,0.0,2018-08-12 20:24:01,拖网
5428,30.72438888888889,122.80419444444445,0.1,0.0,2018-08-12 20:34:01,拖网
5428,30.724416666666666,122.80416666666666,0.2,0.0,2018-08-12 20:44:01,拖网
5428,30.724472222222207,122.80416666666666,0.2,0.0,2018-08-12 20:54:01,拖网
5428,30.724555555555554,122.80413888888887,0.2,0.0,2018-08-12 21:04:01,拖网
5428,30.72436111111111,122.8042222222222,0.0,0.0,2018-08-12 21:14:01,拖网
5428,30.72433333333333,122.80413888888887,0.1,0.0,2018-08-12 21:24:01,拖网
5428,30.72427777777777,122.8040277777778,0.7,299.0,2018-08-12 21:34:01,拖网
5428,30.72444444444445,122.80419444444445,0.0,0.0,2018-08-12 21:44:01,拖网
5428,30.724055555555548,122.80391666666668,0.1,0.0,2018-08-12 21:54:01,拖网
5428,30.724027777777767,122.80394444444444,0.0,0.0,2018-08-12 22:04:01,拖网
5428,30.724055555555548,122.80394444444444,0.5,176.0,2018-08-12 22:14:01,拖网
5428,30.724055555555548,122.80388888888888,0.6,278.0,2018-08-12 22:24:01,拖网
5428,30.724055555555548,122.80391666666668,0.0,0.0,2018-08-12 22:34:01,拖网
5428,30.724027777777767,122.80388888888888,0.0,0.0,2018-08-12 22:44:01,拖网
5428,30.724027777777767,122.80388888888888,0.1,0.0,2018-08-12 22:54:01,拖网
5428,30.724055555555548,122.80386111111108,0.2,0.0,2018-08-12 23:04:01,拖网
5428,30.72408333333333,122.80388888888888,0.2,0.0,2018-08-12 23:14:01,拖网
5428,30.724055555555548,122.80391666666668,0.1,0.0,2018-08-12 23:24:01,拖网
5428,30.724027777777767,122.804,0.1,0.0,2018-08-12 23:34:01,拖网
5428,30.724027777777767,122.80408333333334,0.2,0.0,2018-08-12 23:44:01,拖网
5428,30.724027777777767,122.80405555555555,0.6,103.0,2018-08-12 23:54:01,拖网
5428,30.724055555555548,122.80394444444444,0.1,0.0,2018-08-13 00:14:01,拖网
5428,30.72408333333333,122.80391666666668,0.3,0.0,2018-08-13 00:24:01,拖网
5428,30.724055555555548,122.80394444444444,0.1,0.0,2018-08-13 00:34:01,拖网
5428,30.724055555555548,122.80391666666668,0.3,0.0,2018-08-13 00:44:01,拖网
5428,30.724055555555548,122.80388888888888,0.1,0.0,2018-08-13 00:54:01,拖网
5428,30.72408333333333,122.80394444444444,0.2,0.0,2018-08-13 01:04:01,拖网
5428,30.724027777777767,122.80397222222223,0.1,0.0,2018-08-13 01:14:01,拖网
5428,30.724055555555548,122.80391666666668,0.0,0.0,2018-08-13 01:24:01,拖网
5428,30.72408333333333,122.80391666666668,0.2,0.0,2018-08-13 01:34:01,拖网
5428,30.72408333333333,122.80391666666668,0.2,0.0,2018-08-13 01:44:01,拖网
5428,30.72408333333333,122.80391666666668,0.6,149.0,2018-08-13 01:54:01,拖网
5428,30.72411111111111,122.80391666666668,0.2,0.0,2018-08-13 02:04:01,拖网
5428,30.72411111111111,122.80397222222223,0.0,0.0,2018-08-13 02:14:01,拖网
5428,30.724138888888888,122.80397222222223,0.5,0.0,2018-08-13 02:24:01,拖网
5428,30.72411111111111,122.8040277777778,1.0,301.0,2018-08-13 02:34:01,拖网
5428,30.72408333333333,122.80408333333334,0.5,0.0,2018-08-13 02:44:01,拖网
5428,30.72408333333333,122.80408333333334,0.4,0.0,2018-08-13 02:54:01,拖网
5428,30.72408333333333,122.80388888888888,0.1,0.0,2018-08-13 03:04:01,拖网
5428,30.72411111111111,122.80391666666668,0.0,0.0,2018-08-13 03:14:01,拖网
5428,30.72408333333333,122.80394444444444,0.4,326.0,2018-08-13 03:24:01,拖网
5428,30.72408333333333,122.80388888888888,0.1,0.0,2018-08-13 03:34:01,拖网
5428,30.72411111111111,122.80391666666668,0.1,0.0,2018-08-13 03:44:01,拖网
5428,30.72411111111111,122.80388888888888,0.2,96.0,2018-08-13 03:54:01,拖网
5428,30.72411111111111,122.80391666666668,0.6,169.0,2018-08-13 04:04:01,拖网
5428,30.72411111111111,122.80397222222223,0.3,0.0,2018-08-13 04:14:01,拖网
5428,30.724138888888888,122.80394444444444,0.1,0.0,2018-08-13 04:24:01,拖网
5428,30.72411111111111,122.80391666666668,0.1,0.0,2018-08-13 04:34:01,拖网
5428,30.72408333333333,122.80408333333334,0.0,0.0,2018-08-13 04:44:01,拖网
5428,30.72408333333333,122.80397222222223,0.1,0.0,2018-08-13 04:54:01,拖网
5428,30.724138888888888,122.804,0.2,0.0,2018-08-13 05:04:01,拖网
5428,30.724138888888888,122.80391666666668,0.0,0.0,2018-08-13 05:14:01,拖网
5428,30.72411111111111,122.80391666666668,0.1,0.0,2018-08-13 05:24:01,拖网
5428,30.72419444444445,122.80388888888888,0.2,0.0,2018-08-13 05:34:01,拖网
5428,30.72411111111111,122.80394444444444,0.3,0.0,2018-08-13 05:44:01,拖网
5428,30.724138888888888,122.80391666666668,0.3,329.0,2018-08-13 05:54:01,拖网
5428,30.724138888888888,122.80394444444444,0.1,0.0,2018-08-13 06:04:01,拖网
5428,30.724138888888888,122.80391666666668,0.2,0.0,2018-08-13 06:14:01,拖网
5428,30.724138888888888,122.80383333333332,0.1,0.0,2018-08-13 06:24:01,拖网
5428,30.72422222222221,122.80397222222223,0.2,0.0,2018-08-13 06:34:01,拖网
5428,30.72422222222221,122.80391666666668,0.3,0.0,2018-08-13 06:44:01,拖网
5428,30.724166666666665,122.80391666666668,0.5,0.0,2018-08-13 06:54:01,拖网
5428,30.724166666666665,122.80394444444444,0.0,0.0,2018-08-13 07:04:01,拖网
5428,30.72425,122.80394444444444,0.1,0.0,2018-08-13 07:14:01,拖网
5428,30.72436111111111,122.80386111111108,0.5,0.0,2018-08-13 07:24:01,拖网
5428,30.72394444444444,122.80405555555555,0.5,0.0,2018-08-13 07:34:01,拖网
5428,30.724055555555548,122.80397222222223,0.1,0.0,2018-08-13 07:44:01,拖网
5428,30.72419444444445,122.80383333333332,0.2,0.0,2018-08-13 07:54:01,拖网
5428,30.724166666666665,122.80391666666668,0.0,0.0,2018-08-13 08:04:01,拖网
5428,30.724138888888888,122.80391666666668,0.1,0.0,2018-08-13 08:14:01,拖网
5428,30.724166666666665,122.80391666666668,0.3,260.0,2018-08-13 08:24:01,拖网
5428,30.724138888888888,122.80388888888888,0.1,0.0,2018-08-13 08:34:01,拖网
5428,30.72411111111111,122.80383333333332,0.1,0.0,2018-08-13 08:44:01,拖网
5428,30.724166666666665,122.80391666666668,0.5,76.0,2018-08-13 08:54:01,拖网
5428,30.72419444444445,122.80388888888888,0.2,0.0,2018-08-13 09:04:01,拖网
5428,30.724166666666665,122.80397222222223,0.2,0.0,2018-08-13 09:14:01,拖网
5428,30.724166666666665,122.80394444444444,0.0,0.0,2018-08-13 09:24:01,拖网
5428,30.72419444444445,122.80391666666668,0.1,0.0,2018-08-13 09:34:01,拖网
5428,30.72408333333333,122.80391666666668,0.7,0.0,2018-08-13 09:44:01,拖网
5428,30.724,122.80388888888888,0.1,0.0,2018-08-13 09:54:01,拖网
5428,30.72408333333333,122.80397222222223,0.2,0.0,2018-08-13 10:04:01,拖网
5428,30.72411111111111,122.80386111111108,0.4,0.0,2018-08-13 10:14:01,拖网
5428,30.724,122.80388888888888,0.0,0.0,2018-08-13 10:24:01,拖网
5428,30.724166666666665,122.80386111111108,0.2,0.0,2018-08-13 10:34:01,拖网
5428,30.72422222222221,122.80380555555556,0.5,0.0,2018-08-13 10:44:01,拖网
5428,30.72422222222221,122.80372222222222,0.1,0.0,2018-08-13 10:54:01,拖网
5428,30.724166666666665,122.80377777777778,0.1,0.0,2018-08-13 11:04:01,拖网
5428,30.72408333333333,122.80397222222223,0.3,0.0,2018-08-13 11:14:01,拖网
5428,30.724,122.804,3.7,138.0,2018-08-13 11:24:01,拖网
5428,30.724305555555553,122.80361111111112,0.2,0.0,2018-08-13 11:34:01,拖网
5428,30.72411111111111,122.80391666666668,0.2,0.0,2018-08-13 11:44:01,拖网
5428,30.724055555555548,122.80394444444444,0.0,0.0,2018-08-13 11:54:01,拖网
5428,30.72411111111111,122.80383333333332,0.4,85.0,2018-08-13 12:04:01,拖网
5428,30.724055555555548,122.80397222222223,0.1,0.0,2018-08-13 12:14:01,拖网
5428,30.72408333333333,122.8040277777778,0.3,0.0,2018-08-13 12:24:01,拖网
5428,30.72408333333333,122.804,0.7,165.0,2018-08-13 12:34:01,拖网
5428,30.72433333333333,122.80461111111113,0.1,0.0,2018-08-13 12:44:01,拖网
5428,30.72419444444445,122.80419444444445,0.2,0.0,2018-08-13 12:54:01,拖网
5428,30.72408333333333,122.80391666666668,0.0,0.0,2018-08-13 13:04:01,拖网
5428,30.724166666666665,122.8040277777778,0.0,0.0,2018-08-13 13:14:01,拖网
5428,30.72419444444445,122.80408333333334,0.3,0.0,2018-08-13 13:24:01,拖网
5428,30.72408333333333,122.80383333333332,0.2,0.0,2018-08-13 13:34:01,拖网
5428,30.72408333333333,122.80388888888888,0.4,0.0,2018-08-13 13:44:01,拖网
5428,30.724055555555548,122.80388888888888,0.5,234.0,2018-08-13 13:54:01,拖网
5428,30.72411111111111,122.80394444444444,0.1,0.0,2018-08-13 14:05:01,拖网
5428,30.724138888888888,122.80394444444444,0.3,0.0,2018-08-13 14:14:01,拖网
5428,30.72408333333333,122.80394444444444,0.0,0.0,2018-08-13 14:24:01,拖网
5428,30.724138888888888,122.80394444444444,0.2,0.0,2018-08-13 14:34:01,拖网
5428,30.724138888888888,122.80397222222223,0.0,0.0,2018-08-13 14:44:01,拖网
5428,30.72411111111111,122.80394444444444,0.0,0.0,2018-08-13 14:54:01,拖网
5428,30.724138888888888,122.8040277777778,0.2,0.0,2018-08-13 15:04:01,拖网
5428,30.72411111111111,122.804,0.1,0.0,2018-08-13 15:14:01,拖网
5428,30.72411111111111,122.80397222222223,0.2,0.0,2018-08-13 15:24:01,拖网
5428,30.724138888888888,122.804,0.2,0.0,2018-08-13 15:34:01,拖网
5428,30.724138888888888,122.80397222222223,0.3,240.0,2018-08-13 15:44:01,拖网
5428,30.724,122.80386111111108,0.2,0.0,2018-08-13 16:04:01,拖网
5428,30.724055555555548,122.80394444444444,0.2,0.0,2018-08-13 16:14:01,拖网
5428,30.724055555555548,122.80388888888888,0.2,0.0,2018-08-13 16:24:01,拖网
5428,30.72438888888889,122.80391666666668,0.2,0.0,2018-08-13 16:34:01,拖网
5428,30.724055555555548,122.8040277777778,0.3,0.0,2018-08-13 16:44:01,拖网
5428,30.724166666666665,122.80405555555555,0.8,0.0,2018-08-13 16:54:01,拖网
5428,30.725055555555553,122.80213888888888,5.6,289.0,2018-08-13 17:04:01,拖网
5428,30.739722222222234,122.81663888888887,9.8,49.0,2018-08-13 17:14:01,拖网
5428,30.748305555555557,122.84580555555556,8.8,78.0,2018-08-13 17:24:01,拖网
5428,30.75597222222222,122.87138888888887,8.1,59.0,2018-08-13 17:34:01,拖网
5428,30.76308333333333,122.89811111111112,7.6,71.0,2018-08-13 17:44:01,拖网
5428,30.770027777777766,122.92413888888888,8.8,82.0,2018-08-13 17:54:01,拖网
5428,30.779055555555548,122.9482777777778,8.1,75.0,2018-08-13 18:04:01,拖网
5428,30.785722222222233,122.97363888888887,9.2,69.0,2018-08-13 18:14:01,拖网
5428,30.79255555555555,123.00027777777778,7.6,68.0,2018-08-13 18:24:01,拖网
5428,30.79958333333333,123.02636111111107,8.3,78.0,2018-08-13 18:34:01,拖网
5428,30.80613888888889,123.0515,8.3,46.0,2018-08-13 18:44:01,拖网
5428,30.81280555555556,123.07594444444445,7.9,69.0,2018-08-13 18:54:01,拖网
5428,30.81941666666667,123.09963888888888,7.4,71.0,2018-08-13 19:04:01,拖网
5428,30.82638888888889,123.12319444444445,7.2,79.0,2018-08-13 19:14:01,拖网
5428,30.83294444444445,123.14733333333334,8.0,70.0,2018-08-13 19:24:01,拖网
5428,30.840027777777767,123.17075,7.6,77.0,2018-08-13 19:34:01,拖网
5428,30.846805555555548,123.19433333333336,7.4,70.0,2018-08-13 19:44:01,拖网
5428,30.853777777777786,123.21897222222222,8.2,61.0,2018-08-13 19:54:01,拖网
5428,30.86044444444445,123.24119444444445,8.1,49.0,2018-08-13 20:04:01,拖网
5428,30.87519444444445,123.26002777777781,9.1,38.0,2018-08-13 20:14:01,拖网
5428,30.89344444444445,123.27502777777778,9.2,17.0,2018-08-13 20:24:01,拖网
5428,30.91741666666667,123.28325,10.0,18.0,2018-08-13 20:34:01,拖网
5428,30.942222222222235,123.29044444444445,9.4,26.0,2018-08-13 20:44:01,拖网
5428,30.96761111111111,123.29830555555556,9.2,8.0,2018-08-13 20:54:01,拖网
5428,30.99208333333333,123.30863888888888,9.5,22.0,2018-08-13 21:04:01,拖网
5428,31.01969444444445,123.31408333333331,9.6,356.0,2018-08-13 21:14:01,拖网
5428,31.039444444444445,123.31108333333331,9.1,8.0,2018-08-13 21:24:01,拖网
5428,31.03122222222222,123.29855555555555,6.4,193.0,2018-08-13 21:34:01,拖网
5428,31.03283333333333,123.2949722222222,4.8,349.0,2018-08-13 21:44:01,拖网
5428,31.03880555555556,123.28780555555555,2.7,311.0,2018-08-13 21:54:01,拖网
5428,31.043722222222208,123.2807222222222,2.3,302.0,2018-08-13 22:04:01,拖网
5428,31.04816666666667,123.274,2.7,336.0,2018-08-13 22:14:01,拖网
5428,31.052916666666665,123.26708333333332,3.5,323.0,2018-08-13 22:24:01,拖网
5428,31.05844444444445,123.26061111111113,2.3,306.0,2018-08-13 22:34:01,拖网
5428,31.063944444444445,123.25416666666666,3.0,314.0,2018-08-13 22:44:01,拖网
5428,31.06916666666667,123.24763888888887,3.1,309.0,2018-08-13 22:54:01,拖网
5428,31.074361111111113,123.24111111111112,4.1,306.0,2018-08-13 23:04:01,拖网
5428,31.079694444444453,123.23469444444444,1.9,297.0,2018-08-13 23:14:01,拖网
5428,31.084805555555555,123.22838888888893,0.6,0.0,2018-08-13 23:24:01,拖网
5428,31.094305555555554,123.21544444444444,4.5,0.0,2018-08-13 23:44:01,拖网
5428,31.100777777777786,123.21088888888893,3.8,318.0,2018-08-13 23:54:01,拖网
5428,31.107083333333332,123.20633333333332,3.5,286.0,2018-08-14 00:04:01,拖网
5428,31.112527777777785,123.20038888888894,4.4,294.0,2018-08-14 00:14:01,拖网
5428,31.117527777777767,123.19452777777781,1.9,297.0,2018-08-14 00:24:01,拖网
5428,31.122277777777786,123.18891666666669,2.8,263.0,2018-08-14 00:34:01,拖网
5428,31.126527777777767,123.18316666666666,3.1,313.0,2018-08-14 00:44:01,拖网
5428,31.13055555555556,123.17780555555555,2.6,317.0,2018-08-14 00:54:01,拖网
5428,31.134555555555554,123.17252777777777,4.1,321.0,2018-08-14 01:04:01,拖网
5428,31.139027777777766,123.1675,3.4,333.0,2018-08-14 01:14:01,拖网
5428,31.14352777777778,123.16261111111113,2.9,324.0,2018-08-14 01:24:01,拖网
5428,31.148111111111113,123.15841666666668,3.6,328.0,2018-08-14 01:34:01,拖网
5428,31.1535,123.1550277777778,2.1,315.0,2018-08-14 01:44:01,拖网
5428,31.15858333333333,123.15161111111112,2.0,320.0,2018-08-14 01:54:01,拖网
5428,31.16369444444444,123.1482777777778,1.7,326.0,2018-08-14 02:04:01,拖网
5428,31.168861111111113,123.14608333333334,2.8,317.0,2018-08-14 02:14:01,拖网
5428,31.173250000000003,123.1465277777778,3.6,101.0,2018-08-14 02:24:01,拖网
5428,31.17286111111111,123.14830555555555,0.9,25.0,2018-08-14 02:34:01,拖网
5428,31.17708333333333,123.14861111111112,1.8,12.0,2018-08-14 02:44:01,拖网
5428,31.18008333333333,123.14511111111112,5.1,242.0,2018-08-14 02:54:01,拖网
5428,31.16830555555556,123.13116666666667,6.9,187.0,2018-08-14 03:04:01,拖网
5428,31.15633333333333,123.1155,7.1,330.0,2018-08-14 03:14:01,拖网
5428,31.151194444444442,123.113,6.1,242.0,2018-08-14 03:24:01,拖网
5428,31.150777777777765,123.11730555555555,5.5,112.0,2018-08-14 03:34:01,拖网
5428,31.14975,123.12558333333332,3.3,87.0,2018-08-14 03:44:01,拖网
5428,31.148277777777786,123.13205555555555,2.4,133.0,2018-08-14 03:54:01,拖网
5428,31.14641666666667,123.13830555555555,2.1,119.0,2018-08-14 04:04:01,拖网
5428,31.14488888888889,123.14505555555556,1.6,94.0,2018-08-14 04:14:01,拖网
5428,31.143166666666666,123.15136111111113,1.7,100.0,2018-08-14 04:24:01,拖网
5428,31.14094444444445,123.15791666666668,1.8,131.0,2018-08-14 04:34:01,拖网
5428,31.138,123.16419444444445,1.7,121.0,2018-08-14 04:44:01,拖网
5428,31.135055555555553,123.17013888888887,1.8,131.0,2018-08-14 04:54:01,拖网
5428,31.131305555555556,123.17566666666669,1.9,97.0,2018-08-14 05:04:01,拖网
5428,31.127277777777767,123.1810277777778,1.9,135.0,2018-08-14 05:14:01,拖网
5428,31.123166666666666,123.18622222222223,1.9,149.0,2018-08-14 05:24:01,拖网
5428,31.119111111111113,123.19152777777781,2.7,117.0,2018-08-14 05:34:01,拖网
5428,31.115361111111113,123.19711111111113,2.2,113.0,2018-08-14 05:44:01,拖网
5428,31.1115,123.20244444444445,1.8,132.0,2018-08-14 05:54:01,拖网
5428,31.10758333333333,123.20783333333334,1.8,117.0,2018-08-14 06:04:01,拖网
5428,31.104138888888887,123.21275,2.8,148.0,2018-08-14 06:14:01,拖网
5428,31.10025000000001,123.2175,2.1,128.0,2018-08-14 06:24:01,拖网
5428,31.096527777777766,123.22216666666668,2.2,147.0,2018-08-14 06:34:01,拖网
5428,31.092555555555553,123.22619444444445,2.1,116.0,2018-08-14 06:44:01,拖网
5428,31.08880555555556,123.23011111111113,2.5,131.0,2018-08-14 06:54:01,拖网
5428,31.08525,123.234,2.0,141.0,2018-08-14 07:04:01,拖网
5428,31.081194444444442,123.237,1.8,163.0,2018-08-14 07:14:01,拖网
5428,31.076472222222232,123.2385,2.5,194.0,2018-08-14 07:24:01,拖网
5428,31.07216666666667,123.23675,3.7,330.0,2018-08-14 07:34:01,拖网
5428,31.075416666666666,123.23466666666668,2.1,267.0,2018-08-14 07:44:01,拖网
5428,31.071277777777766,123.24163888888887,7.8,132.0,2018-08-14 08:04:01,拖网
5428,31.05894444444445,123.25966666666666,6.7,128.0,2018-08-14 08:14:01,拖网
5428,31.04738888888889,123.27694444444445,5.8,125.0,2018-08-14 08:24:01,拖网
5428,31.03558333333333,123.29361111111106,6.1,138.0,2018-08-14 08:34:01,拖网
5428,31.030527777777767,123.29952777777778,7.5,321.0,2018-08-14 08:44:01,拖网
5428,31.0365,123.29302777777777,2.9,290.0,2018-08-14 08:54:01,拖网
5428,31.04063888888889,123.28655555555555,2.8,299.0,2018-08-14 09:04:01,拖网
5428,31.04491666666667,123.28013888888887,4.0,292.0,2018-08-14 09:14:01,拖网
5428,31.04947222222223,123.27366666666668,3.6,282.0,2018-08-14 09:24:01,拖网
5428,31.054055555555554,123.26713888888894,2.7,317.0,2018-08-14 09:34:01,拖网
5428,31.058611111111112,123.26041666666666,3.8,321.0,2018-08-14 09:44:01,拖网
5428,31.06327777777778,123.25366666666667,3.7,330.0,2018-08-14 09:54:01,拖网
5428,31.074,123.24094444444445,4.1,306.0,2018-08-14 10:14:01,拖网
5428,31.079527777777766,123.23477777777778,3.2,319.0,2018-08-14 10:24:01,拖网
5428,31.084888888888887,123.2285,3.9,335.0,2018-08-14 10:34:01,拖网
5428,31.09044444444444,123.22225,2.9,311.0,2018-08-14 10:44:01,拖网
5428,31.096416666666666,123.21630555555555,3.1,315.0,2018-08-14 10:54:01,拖网
5428,31.101999999999997,123.21008333333334,3.5,322.0,2018-08-14 11:04:01,拖网
5428,31.10761111111111,123.20405555555556,3.3,311.0,2018-08-14 11:14:01,拖网
5428,31.112277777777766,123.19752777777781,2.9,312.0,2018-08-14 11:24:01,拖网
5428,31.11661111111113,123.19094444444444,2.3,303.0,2018-08-14 11:34:01,拖网
5428,31.12019444444445,123.18408333333332,3.0,302.0,2018-08-14 11:44:01,拖网
5428,31.123,123.17736111111113,1.5,0.0,2018-08-14 11:54:01,拖网
5428,31.126777777777786,123.17055555555555,2.1,310.0,2018-08-14 12:04:01,拖网
5428,31.130305555555548,123.16375,3.9,320.0,2018-08-14 12:14:01,拖网
5428,31.13333333333333,123.157,4.2,323.0,2018-08-14 12:24:01,拖网
5428,31.136416666666666,123.15005555555555,2.1,299.0,2018-08-14 12:34:01,拖网
5428,31.139805555555554,123.14380555555556,2.8,321.0,2018-08-14 12:44:01,拖网
5428,31.142722222222233,123.13730555555556,3.3,0.0,2018-08-14 12:54:01,拖网
5428,31.146666666666665,123.13113888888887,3.0,341.0,2018-08-14 13:04:01,拖网
5428,31.15108333333333,123.12530555555556,3.8,327.0,2018-08-14 13:14:01,拖网
5428,31.15491666666667,123.1195,1.9,222.0,2018-08-14 13:24:01,拖网
5428,31.15883333333333,123.11375,3.5,326.0,2018-08-14 13:34:01,拖网
5428,31.162888888888887,123.10836111111112,1.8,324.0,2018-08-14 13:44:01,拖网
5428,31.167305555555554,123.10313888888888,2.2,323.0,2018-08-14 13:54:01,拖网
5428,31.17130555555556,123.0985277777778,1.6,301.0,2018-08-14 14:04:01,拖网
5428,31.175305555555557,123.09386111111107,1.8,330.0,2018-08-14 14:14:01,拖网
5428,31.17908333333333,123.09263888888887,3.1,127.0,2018-08-14 14:24:01,拖网
5428,31.17961111111111,123.09505555555555,3.6,117.0,2018-08-14 14:34:01,拖网
5428,31.182722222222232,123.09477777777781,1.3,9.0,2018-08-14 14:44:01,拖网
5428,31.175,123.11158333333331,7.5,129.0,2018-08-14 15:04:01,拖网
5428,31.16275,123.13291666666666,8.5,114.0,2018-08-14 15:14:01,拖网
5428,31.14933333333333,123.15497222222223,9.0,125.0,2018-08-14 15:24:01,拖网
5428,31.136416666666666,123.17663888888887,9.3,119.0,2018-08-14 15:34:01,拖网
5428,31.12233333333333,123.19894444444445,8.1,119.0,2018-08-14 15:44:01,拖网
5428,31.10894444444445,123.21863888888888,8.1,128.0,2018-08-14 15:54:01,拖网
5428,31.093055555555555,123.24194444444444,9.0,136.0,2018-08-14 16:05:01,拖网
5428,31.079,123.26191666666666,9.3,138.0,2018-08-14 16:14:01,拖网
5428,31.06433333333333,123.28344444444444,9.4,124.0,2018-08-14 16:24:01,拖网
5428,31.04958333333333,123.30583333333333,8.7,128.0,2018-08-14 16:34:01,拖网
5428,31.034388888888888,123.32866666666666,9.1,129.0,2018-08-14 16:44:01,拖网
5428,31.01983333333333,123.35266666666666,9.6,129.0,2018-08-14 16:54:01,拖网
5428,31.01538888888889,123.3625,5.8,126.0,2018-08-14 17:04:01,拖网
5428,31.011222222222226,123.36888888888888,1.9,139.0,2018-08-14 17:14:01,拖网
5428,31.00716666666667,123.37438888888887,1.7,104.0,2018-08-14 17:24:01,拖网
5428,31.004361111111113,123.3804722222222,1.9,112.0,2018-08-14 17:34:01,拖网
5428,31.00133333333333,123.38630555555555,2.6,118.0,2018-08-14 17:44:01,拖网
5428,30.99766666666667,123.39166666666668,2.5,145.0,2018-08-14 17:54:01,拖网
5428,30.994027777777767,123.39705555555555,1.9,112.0,2018-08-14 18:04:01,拖网
5428,30.98997222222223,123.40200000000002,2.3,128.0,2018-08-14 18:14:01,拖网
5428,30.985055555555554,123.40575,1.4,119.0,2018-08-14 18:24:01,拖网
5428,30.98086111111111,123.4097777777778,2.5,172.0,2018-08-14 18:34:01,拖网
5428,30.97675,123.41344444444445,2.4,139.0,2018-08-14 18:44:01,拖网
5428,30.97275,123.41694444444445,1.1,163.0,2018-08-14 18:54:01,拖网
5428,30.968777777777767,123.42019444444445,1.4,180.0,2018-08-14 19:04:01,拖网
5428,30.96469444444445,123.42305555555555,1.6,141.0,2018-08-14 19:14:01,拖网
5428,30.95991666666667,123.42536111111113,2.2,180.0,2018-08-14 19:24:01,拖网
5428,30.95569444444445,123.42747222222219,1.4,170.0,2018-08-14 19:34:01,拖网
5428,30.951027777777767,123.4285,2.1,165.0,2018-08-14 19:44:01,拖网
5428,30.946805555555553,123.42925,2.4,182.0,2018-08-14 19:54:01,拖网
5428,30.9425,123.43016666666668,2.4,184.0,2018-08-14 20:04:01,拖网
5428,30.940305555555554,123.42827777777778,2.1,355.0,2018-08-14 20:14:01,拖网
5428,30.9415,123.4250277777778,1.0,256.0,2018-08-14 20:24:01,拖网
5428,30.941666666666666,123.42047222222223,0.8,0.0,2018-08-14 20:34:01,拖网
5428,30.93277777777779,123.40383333333334,10.3,229.0,2018-08-14 20:44:01,拖网
5428,30.916138888888888,123.37822222222222,10.3,230.0,2018-08-14 20:54:01,拖网
5428,30.90097222222222,123.351,10.3,239.0,2018-08-14 21:04:01,拖网
5428,30.886861111111113,123.32419444444444,6.4,178.0,2018-08-14 21:14:01,拖网
5428,30.88958333333333,123.31741666666666,3.0,304.0,2018-08-14 21:24:01,拖网
5428,30.892138888888887,123.3099722222222,1.7,0.0,2018-08-14 21:34:01,拖网
5428,30.89533333333333,123.3025,2.5,296.0,2018-08-14 21:44:01,拖网
5428,30.89863888888889,123.29569444444445,2.8,322.0,2018-08-14 21:54:01,拖网
5428,30.90275,123.28855555555555,2.1,295.0,2018-08-14 22:04:01,拖网
5428,30.90672222222221,123.28219444444444,2.5,299.0,2018-08-14 22:14:01,拖网
5428,30.91094444444445,123.27561111111113,2.6,302.0,2018-08-14 22:24:01,拖网
5428,30.915555555555553,123.26927777777777,2.9,0.0,2018-08-14 22:34:01,拖网
5428,30.920444444444453,123.26308333333333,3.0,321.0,2018-08-14 22:44:01,拖网
5428,30.925500000000003,123.25694444444444,2.5,298.0,2018-08-14 22:54:01,拖网
5428,30.93080555555556,123.25088888888894,3.1,315.0,2018-08-14 23:04:01,拖网
5428,30.93630555555556,123.24508333333334,2.5,343.0,2018-08-14 23:14:01,拖网
5428,30.941777777777766,123.23930555555555,2.7,290.0,2018-08-14 23:24:01,拖网
5428,30.94683333333333,123.23313888888887,2.0,316.0,2018-08-14 23:34:01,拖网
5428,30.951916666666666,123.22705555555555,2.2,299.0,2018-08-14 23:44:01,拖网
5428,30.95813888888889,123.22116666666668,3.4,345.0,2018-08-14 23:54:01,拖网
5428,30.96372222222222,123.21516666666668,3.8,284.0,2018-08-15 00:04:01,拖网
5428,30.96688888888889,123.20841666666668,3.4,330.0,2018-08-15 00:14:01,拖网
5428,30.970194444444445,123.20227777777778,3.1,308.0,2018-08-15 00:24:01,拖网
5428,30.97433333333333,123.19622222222222,3.6,312.0,2018-08-15 00:34:01,拖网
5428,30.978444444444442,123.19041666666666,1.4,322.0,2018-08-15 00:44:01,拖网
5428,30.982833333333332,123.18505555555555,3.7,316.0,2018-08-15 00:54:01,拖网
5428,30.98622222222221,123.17955555555555,5.0,328.0,2018-08-15 01:04:01,拖网
5428,30.987805555555557,123.17422222222223,4.7,309.0,2018-08-15 01:14:01,拖网
5428,30.99586111111111,123.1647222222222,3.3,325.0,2018-08-15 01:34:01,拖网
5428,30.99961111111111,123.16030555555555,1.7,324.0,2018-08-15 01:44:01,拖网
5428,31.003416666666666,123.15619444444445,1.0,288.0,2018-08-15 01:54:01,拖网
5428,31.00761111111111,123.15261111111113,1.3,342.0,2018-08-15 02:04:01,拖网
5428,31.011805555555554,123.14925,3.6,346.0,2018-08-15 02:14:01,拖网
5428,31.016111111111112,123.14786111111113,3.1,27.0,2018-08-15 02:24:01,拖网
5428,31.014972222222234,123.14941666666668,0.6,0.0,2018-08-15 02:34:01,拖网
5428,31.017861111111113,123.15011111111113,0.4,0.0,2018-08-15 02:44:01,拖网
5428,31.02263888888889,123.15036111111112,5.4,346.0,2018-08-15 02:54:01,拖网
5428,31.00716666666667,123.14833333333334,6.6,147.0,2018-08-15 03:04:01,拖网
5428,31.006138888888888,123.15286111111112,1.6,157.0,2018-08-15 03:14:01,拖网
5428,31.002777777777766,123.1592777777778,2.3,100.0,2018-08-15 03:24:01,拖网
5428,31.001666666666665,123.16513888888888,2.0,112.0,2018-08-15 03:34:01,拖网
5428,30.999861111111112,123.17094444444444,2.7,106.0,2018-08-15 03:44:01,拖网
5428,30.997888888888887,123.17691666666668,2.2,120.0,2018-08-15 03:54:01,拖网
5428,30.99433333333333,123.18905555555556,2.2,116.0,2018-08-15 04:14:01,拖网
5428,30.991972222222234,123.19447222222222,1.9,105.0,2018-08-15 04:24:01,拖网
5428,30.98958333333333,123.20013888888887,2.6,126.0,2018-08-15 04:34:01,拖网
5428,30.987,123.20586111111106,2.6,124.0,2018-08-15 04:44:01,拖网
5428,30.98408333333333,123.21138888888888,2.2,128.0,2018-08-15 04:54:01,拖网
5428,30.9805,123.21680555555555,1.6,142.0,2018-08-15 05:04:01,拖网
5428,30.97661111111111,123.22180555555555,2.6,110.0,2018-08-15 05:14:01,拖网
5428,30.97358333333333,123.22744444444444,1.8,137.0,2018-08-15 05:24:01,拖网
5428,30.970472222222234,123.23319444444445,2.8,113.0,2018-08-15 05:34:01,拖网
5428,30.967666666666666,123.23899999999999,1.2,131.0,2018-08-15 05:44:01,拖网
5428,30.963,123.24319444444444,2.1,122.0,2018-08-15 05:54:01,拖网
5428,30.958388888888887,123.24727777777778,4.0,155.0,2018-08-15 06:04:01,拖网
5428,30.953805555555558,123.251,1.7,151.0,2018-08-15 06:14:01,拖网
5428,30.949277777777766,123.255,1.7,114.0,2018-08-15 06:24:01,拖网
5428,30.945055555555548,123.25919444444445,1.1,0.0,2018-08-15 06:34:01,拖网
5428,30.94061111111111,123.26313888888888,3.2,156.0,2018-08-15 06:44:01,拖网
5428,30.936138888888888,123.26666666666668,2.1,158.0,2018-08-15 06:54:01,拖网
5428,30.931722222222234,123.26991666666667,1.3,0.0,2018-08-15 07:04:01,拖网
5428,30.927611111111112,123.27336111111107,2.3,157.0,2018-08-15 07:14:01,拖网
5428,30.92294444444445,123.27588888888893,1.6,167.0,2018-08-15 07:24:01,拖网
5428,30.91863888888889,123.27855555555556,1.3,153.0,2018-08-15 07:34:01,拖网
5428,30.91458333333333,123.28091666666668,1.6,170.0,2018-08-15 07:44:01,拖网
5428,30.910166666666665,123.28266666666669,2.7,177.0,2018-08-15 07:54:01,拖网
5428,30.908166666666666,123.2805277777778,2.2,336.0,2018-08-15 08:04:01,拖网
5428,30.90908333333333,123.27972222222222,1.8,223.0,2018-08-15 08:14:01,拖网
5428,30.908055555555553,123.27633333333333,0.6,0.0,2018-08-15 08:24:01,拖网
5428,30.90683333333333,123.2825,4.4,89.0,2018-08-15 08:34:01,拖网
5428,30.90286111111111,123.29516666666667,6.0,109.0,2018-08-15 08:44:01,拖网
5428,30.88991666666667,123.30883333333333,8.8,108.0,2018-08-15 08:54:01,拖网
5428,30.88336111111111,123.32055555555556,1.3,0.0,2018-08-15 09:04:01,拖网
5428,30.8895,123.3142777777778,3.1,300.0,2018-08-15 09:14:01,拖网
5428,30.892555555555553,123.30791666666666,2.1,292.0,2018-08-15 09:24:01,拖网
5428,30.89538888888889,123.30141666666664,1.8,288.0,2018-08-15 09:34:01,拖网
5428,30.898555555555557,123.29494444444444,2.2,297.0,2018-08-15 09:44:01,拖网
5428,30.90233333333333,123.28880555555556,3.1,303.0,2018-08-15 09:54:01,拖网
5428,30.90580555555556,123.28208333333332,2.1,305.0,2018-08-15 10:04:01,拖网
5428,30.909555555555553,123.27561111111113,1.8,286.0,2018-08-15 10:14:01,拖网
5428,30.91341666666667,123.26916666666666,2.5,311.0,2018-08-15 10:24:01,拖网
5428,30.917388888888887,123.26275,1.2,0.0,2018-08-15 10:34:01,拖网
5428,30.92205555555556,123.25683333333332,2.7,322.0,2018-08-15 10:44:01,拖网
5428,30.92661111111111,123.25088888888894,4.5,313.0,2018-08-15 10:54:01,拖网
5428,30.93105555555556,123.24475,2.5,301.0,2018-08-15 11:04:01,拖网
5428,30.93555555555556,123.2387222222222,2.4,314.0,2018-08-15 11:14:01,拖网
5428,30.94,123.23277777777778,1.8,310.0,2018-08-15 11:24:01,拖网
5428,30.94463888888889,123.22677777777778,1.5,0.0,2018-08-15 11:34:01,拖网
5428,30.94916666666667,123.22083333333332,2.7,341.0,2018-08-15 11:44:01,拖网
5428,30.953861111111113,123.21525,2.0,303.0,2018-08-15 11:54:01,拖网
5428,30.959,123.20936111111112,2.8,303.0,2018-08-15 12:04:01,拖网
5428,30.963777777777768,123.20416666666668,2.4,323.0,2018-08-15 12:14:01,拖网
5428,30.968666666666664,123.19880555555555,2.1,325.0,2018-08-15 12:24:01,拖网
5428,30.97775,123.18830555555556,2.2,292.0,2018-08-15 12:44:01,拖网
5428,30.982277777777767,123.18297222222223,1.9,296.0,2018-08-15 12:54:01,拖网
5428,30.9865,123.17752777777778,2.6,303.0,2018-08-15 13:04:01,拖网
5428,30.99094444444445,123.17227777777781,2.5,330.0,2018-08-15 13:14:01,拖网
5428,30.99527777777779,123.16736111111106,3.0,337.0,2018-08-15 13:24:01,拖网
5428,30.99958333333333,123.16255555555556,1.7,326.0,2018-08-15 13:34:01,拖网
5428,31.003833333333336,123.1580277777778,2.3,311.0,2018-08-15 13:44:01,拖网
5428,31.00800000000001,123.15372222222223,1.8,295.0,2018-08-15 13:54:01,拖网
5428,31.012527777777766,123.14944444444444,1.8,0.0,2018-08-15 14:04:01,拖网
5428,31.0165,123.14569444444444,2.2,321.0,2018-08-15 14:14:01,拖网
5428,31.02069444444444,123.14194444444445,1.7,335.0,2018-08-15 14:24:01,拖网
5428,31.025055555555554,123.13858333333332,2.5,344.0,2018-08-15 14:34:01,拖网
5428,31.024277777777765,123.13991666666668,1.7,93.0,2018-08-15 14:44:01,拖网
5428,31.026416666666666,123.13913888888894,0.7,315.0,2018-08-15 14:54:01,拖网
5428,31.029138888888887,123.13688888888888,4.5,305.0,2018-08-15 15:04:01,拖网
5428,31.01313888888889,123.11802777777777,8.5,223.0,2018-08-15 15:14:01,拖网
5428,30.995916666666666,123.09730555555555,8.7,218.0,2018-08-15 15:24:01,拖网
5428,30.97808333333333,123.07680555555555,9.3,225.0,2018-08-15 15:34:01,拖网
5428,30.960777777777786,123.05713888888887,8.8,222.0,2018-08-15 15:44:01,拖网
5428,30.943361111111113,123.03741666666667,8.1,228.0,2018-08-15 15:54:01,拖网
5428,30.92588888888889,123.01713888888894,9.7,229.0,2018-08-15 16:04:01,拖网
5428,30.90983333333333,122.99844444444444,9.2,235.0,2018-08-15 16:14:01,拖网
5428,30.892555555555553,122.9785,8.1,224.0,2018-08-15 16:24:01,拖网
5428,30.875472222222232,122.95850000000002,8.4,226.0,2018-08-15 16:34:01,拖网
5428,30.858277777777786,122.93883333333332,8.8,221.0,2018-08-15 16:44:01,拖网
5428,30.84038888888889,122.91872222222223,9.0,224.0,2018-08-15 16:54:01,拖网
5428,30.82241666666667,122.89861111111112,9.2,229.0,2018-08-15 17:04:01,拖网
5428,30.80402777777777,122.87794444444445,10.0,219.0,2018-08-15 17:14:01,拖网
5428,30.78530555555556,122.85652777777777,9.6,225.0,2018-08-15 17:24:01,拖网
5428,30.765666666666664,122.8334722222222,9.3,231.0,2018-08-15 17:34:01,拖网
5428,30.74766666666667,122.81375,9.4,218.0,2018-08-15 17:44:01,拖网
5428,30.72758333333333,122.80458333333333,1.8,114.0,2018-08-15 17:54:01,拖网
5428,30.728805555555557,122.80530555555555,0.3,0.0,2018-08-15 18:04:01,拖网
5428,30.728638888888888,122.80558333333332,0.2,0.0,2018-08-15 18:14:01,拖网
5428,30.728527777777767,122.80536111111113,0.1,0.0,2018-08-15 18:24:01,拖网
5428,30.728527777777767,122.80530555555555,0.3,121.0,2018-08-15 18:34:01,拖网
5428,30.72508333333333,122.80216666666666,6.0,114.0,2018-08-15 18:44:01,拖网
5428,30.723805555555554,122.8040277777778,0.2,0.0,2018-08-15 18:54:01,拖网
5428,30.723777777777766,122.80405555555555,0.2,0.0,2018-08-15 19:04:01,拖网
5428,30.723749999999995,122.80405555555555,0.0,0.0,2018-08-15 19:14:01,拖网
5428,30.723777777777766,122.80411111111113,0.1,0.0,2018-08-15 19:24:01,拖网
5428,30.723805555555554,122.80405555555555,0.0,0.0,2018-08-15 19:34:01,拖网
5428,30.723777777777766,122.80408333333334,0.1,0.0,2018-08-15 19:44:01,拖网
5428,30.72383333333333,122.80397222222223,0.0,0.0,2018-08-15 19:54:01,拖网
5428,30.723777777777766,122.80405555555555,0.0,0.0,2018-08-15 20:04:01,拖网
5428,30.723861111111113,122.80411111111113,0.1,0.0,2018-08-15 20:14:01,拖网
5428,30.723805555555554,122.80405555555555,0.0,0.0,2018-08-15 20:24:01,拖网
5428,30.72433333333333,122.80419444444445,0.2,0.0,2018-08-15 20:34:01,拖网
5428,30.724416666666666,122.80427777777777,0.0,0.0,2018-08-15 20:44:01,拖网
5428,30.72438888888889,122.80425,0.2,0.0,2018-08-15 20:54:01,拖网
5428,30.72466666666667,122.80386111111108,0.5,0.0,2018-08-15 21:04:01,拖网
5428,30.724611111111113,122.80425,0.2,0.0,2018-08-15 21:14:01,拖网
5428,30.72444444444445,122.80416666666666,0.9,349.0,2018-08-15 21:24:01,拖网
5428,30.72444444444445,122.8042222222222,0.1,0.0,2018-08-15 21:34:01,拖网
5428,30.724416666666666,122.80425,0.0,0.0,2018-08-15 21:44:01,拖网
5428,30.72438888888889,122.8042222222222,0.7,0.0,2018-08-15 21:54:01,拖网
5428,30.724416666666666,122.80430555555556,0.1,0.0,2018-08-15 22:04:01,拖网
5428,30.724027777777767,122.804,0.7,139.0,2018-08-15 22:14:01,拖网
5428,30.724055555555548,122.80397222222223,0.3,0.0,2018-08-15 22:24:01,拖网
5428,30.72394444444444,122.80408333333334,0.0,0.0,2018-08-15 22:34:01,拖网
5428,30.72397222222222,122.80408333333334,0.2,0.0,2018-08-15 22:44:01,拖网
5428,30.72394444444444,122.80405555555555,0.4,0.0,2018-08-15 22:54:01,拖网
5428,30.72397222222222,122.8040277777778,0.2,0.0,2018-08-15 23:04:01,拖网
5428,30.724,122.80411111111113,0.2,0.0,2018-08-15 23:14:01,拖网
5428,30.72397222222222,122.804,0.3,0.0,2018-08-15 23:24:01,拖网
5428,30.724,122.8040277777778,0.0,0.0,2018-08-15 23:34:01,拖网
5428,30.724055555555548,122.80405555555555,0.0,0.0,2018-08-15 23:44:01,拖网
5428,30.72397222222222,122.80405555555555,0.0,0.0,2018-08-15 23:54:01,拖网
5428,30.724,122.80408333333334,0.2,0.0,2018-08-16 00:04:01,拖网
5428,30.723916666666664,122.80433333333332,0.4,109.0,2018-08-16 00:14:01,拖网
5428,30.724,122.80419444444445,0.1,0.0,2018-08-16 00:24:01,拖网
5428,30.724,122.80411111111113,0.3,0.0,2018-08-16 00:34:01,拖网
5428,30.723916666666664,122.80447222222222,0.2,0.0,2018-08-16 00:44:01,拖网
5428,30.724,122.804,0.0,0.0,2018-08-16 00:54:01,拖网
5428,30.724,122.80416666666666,0.2,0.0,2018-08-16 01:04:01,拖网
5428,30.72397222222222,122.80405555555555,0.0,0.0,2018-08-16 01:14:01,拖网
5428,30.72397222222222,122.804,0.0,0.0,2018-08-16 01:24:01,拖网
5428,30.724027777777767,122.8040277777778,0.2,0.0,2018-08-16 01:34:01,拖网
5428,30.72397222222222,122.8040277777778,0.4,0.0,2018-08-16 01:44:01,拖网
5428,30.724,122.8040277777778,0.1,0.0,2018-08-16 01:54:01,拖网
5428,30.72397222222222,122.8040277777778,0.1,0.0,2018-08-16 02:04:01,拖网
5428,30.724027777777767,122.80408333333334,0.1,0.0,2018-08-16 02:14:01,拖网
5428,30.724027777777767,122.80408333333334,0.1,0.0,2018-08-16 02:24:01,拖网
5428,30.72397222222222,122.80413888888887,0.2,0.0,2018-08-16 02:34:01,拖网
5428,30.724,122.80425,0.1,0.0,2018-08-16 02:44:01,拖网
5428,30.724,122.80419444444445,0.2,0.0,2018-08-16 02:54:01,拖网
5428,30.72397222222222,122.80430555555556,0.4,0.0,2018-08-16 03:04:01,拖网
5428,30.72397222222222,122.80419444444445,0.0,0.0,2018-08-16 03:14:01,拖网
5428,30.724027777777767,122.80408333333334,0.3,0.0,2018-08-16 03:24:01,拖网
5428,30.724,122.8042222222222,0.1,0.0,2018-08-16 03:34:01,拖网
5428,30.724027777777767,122.80416666666666,0.0,0.0,2018-08-16 03:44:01,拖网
5428,30.724027777777767,122.8042222222222,0.2,0.0,2018-08-16 03:54:01,拖网
5428,30.724,122.80408333333334,0.0,0.0,2018-08-16 04:04:01,拖网
5428,30.724027777777767,122.80408333333334,0.0,0.0,2018-08-16 04:14:01,拖网
5428,30.724027777777767,122.80413888888887,0.2,0.0,2018-08-16 04:24:01,拖网
5428,30.724027777777767,122.80413888888887,0.2,0.0,2018-08-16 04:34:01,拖网
5428,30.72408333333333,122.80408333333334,0.0,0.0,2018-08-16 04:44:01,拖网
5428,30.724,122.80413888888887,0.2,0.0,2018-08-16 04:54:01,拖网
5428,30.724055555555548,122.80413888888887,0.0,0.0,2018-08-16 05:04:01,拖网
5428,30.724055555555548,122.80408333333334,0.1,0.0,2018-08-16 05:14:01,拖网
5428,30.724166666666665,122.80408333333334,0.0,0.0,2018-08-16 05:24:01,拖网
5428,30.724027777777767,122.80413888888887,0.5,0.0,2018-08-16 05:34:01,拖网
5428,30.72408333333333,122.80405555555555,0.1,0.0,2018-08-16 05:44:01,拖网
5428,30.724027777777767,122.80408333333334,0.3,0.0,2018-08-16 05:54:01,拖网
5428,30.724305555555553,122.80405555555555,0.2,0.0,2018-08-16 06:04:01,拖网
5428,30.72408333333333,122.80411111111113,0.3,0.0,2018-08-16 06:14:01,拖网
5428,30.724,122.80413888888887,0.3,0.0,2018-08-16 06:24:01,拖网
5428,30.724,122.80413888888887,0.4,0.0,2018-08-16 06:34:01,拖网
5428,30.72394444444444,122.80416666666666,0.0,0.0,2018-08-16 06:44:01,拖网
5428,30.723388888888888,122.80483333333332,0.1,0.0,2018-08-16 06:54:01,拖网
5428,30.724138888888888,122.804,0.1,0.0,2018-08-16 07:04:01,拖网
5428,30.7235,122.8047777777778,0.6,0.0,2018-08-16 07:14:01,拖网
5428,30.72397222222222,122.8042222222222,0.3,0.0,2018-08-16 07:24:01,拖网
5428,30.72533333333333,122.803,0.4,0.0,2018-08-16 07:34:01,拖网
5428,30.724,122.80408333333334,0.0,0.0,2018-08-16 07:44:01,拖网
5428,30.724,122.80413888888887,0.1,0.0,2018-08-16 07:54:01,拖网
5428,30.724,122.80411111111113,0.1,0.0,2018-08-16 08:04:01,拖网
5428,30.724027777777767,122.80411111111113,0.0,0.0,2018-08-16 08:14:01,拖网
5428,30.724055555555548,122.80413888888887,0.1,0.0,2018-08-16 08:24:01,拖网
5428,30.724027777777767,122.80411111111113,0.1,0.0,2018-08-16 08:34:01,拖网
5428,30.724027777777767,122.80411111111113,0.1,0.0,2018-08-16 08:44:01,拖网
5428,30.724027777777767,122.80413888888887,0.1,0.0,2018-08-16 08:54:01,拖网
5428,30.724027777777767,122.80408333333334,0.1,0.0,2018-08-16 09:04:01,拖网
5428,30.724,122.80408333333334,0.0,0.0,2018-08-16 09:14:01,拖网
5428,30.724027777777767,122.80408333333334,0.3,0.0,2018-08-16 09:24:01,拖网
5428,30.724027777777767,122.80408333333334,0.2,0.0,2018-08-16 09:34:01,拖网
5428,30.724,122.80408333333334,0.1,0.0,2018-08-16 09:44:01,拖网
5428,30.72394444444444,122.80416666666666,0.2,0.0,2018-08-16 09:54:01,拖网
5428,30.724,122.80408333333334,0.3,0.0,2018-08-16 10:04:01,拖网
5428,30.724027777777767,122.80411111111113,0.2,0.0,2018-08-16 10:14:01,拖网
5428,30.724027777777767,122.80413888888887,0.2,0.0,2018-08-16 10:24:01,拖网
5428,30.724027777777767,122.80405555555555,0.6,118.0,2018-08-16 10:34:01,拖网
5428,30.724,122.80413888888887,0.5,0.0,2018-08-16 10:44:01,拖网
5428,30.723916666666664,122.80425,0.1,0.0,2018-08-16 10:54:01,拖网
5428,30.724027777777767,122.80413888888887,0.2,0.0,2018-08-16 11:04:01,拖网
5428,30.724138888888888,122.80405555555555,1.4,0.0,2018-08-16 11:14:01,拖网
5428,30.724138888888888,122.8040277777778,0.2,0.0,2018-08-16 11:24:01,拖网
5428,30.72397222222222,122.80413888888887,0.2,0.0,2018-08-16 11:34:01,拖网
5428,30.724027777777767,122.80411111111113,0.2,0.0,2018-08-16 11:44:01,拖网
5428,30.724055555555548,122.80413888888887,0.1,0.0,2018-08-16 11:54:01,拖网
5428,30.724027777777767,122.80416666666666,0.3,0.0,2018-08-16 12:04:01,拖网
5428,30.724027777777767,122.80411111111113,0.4,0.0,2018-08-16 12:14:01,拖网
5428,30.724,122.80416666666666,0.0,0.0,2018-08-16 12:24:01,拖网
5428,30.724,122.80413888888887,0.0,0.0,2018-08-16 12:34:01,拖网
5428,30.724,122.80411111111113,0.3,0.0,2018-08-16 12:44:01,拖网
5428,30.72397222222222,122.80405555555555,0.3,0.0,2018-08-16 12:54:01,拖网
5428,30.72394444444444,122.80411111111113,0.1,0.0,2018-08-16 13:04:01,拖网
5428,30.72397222222222,122.804,0.1,0.0,2018-08-16 13:14:01,拖网
5428,30.72397222222222,122.80405555555555,0.1,0.0,2018-08-16 13:24:01,拖网
5428,30.72397222222222,122.80411111111113,0.5,71.0,2018-08-16 13:34:01,拖网
5428,30.72394444444444,122.804,0.7,206.0,2018-08-16 13:44:01,拖网
5428,30.72383333333333,122.80369444444445,0.2,0.0,2018-08-16 13:54:01,拖网
5428,30.724,122.80405555555555,0.1,0.0,2018-08-16 14:04:01,拖网
5428,30.72394444444444,122.80405555555555,0.0,0.0,2018-08-16 14:14:01,拖网
5428,30.72397222222222,122.8040277777778,0.0,0.0,2018-08-16 14:24:01,拖网
5428,30.72397222222222,122.80405555555555,0.2,0.0,2018-08-16 14:34:01,拖网
5428,30.72397222222222,122.80405555555555,0.2,0.0,2018-08-16 14:44:01,拖网
5428,30.72397222222222,122.8040277777778,0.3,0.0,2018-08-16 14:54:01,拖网
5428,30.72397222222222,122.80405555555555,0.7,213.0,2018-08-16 15:04:01,拖网
5428,30.723305555555555,122.80375,0.7,204.0,2018-08-16 15:14:01,拖网
5428,30.72333333333333,122.80383333333332,0.4,0.0,2018-08-16 15:24:01,拖网
5428,30.722972222222207,122.80375,0.3,0.0,2018-08-16 15:34:01,拖网
5428,30.72394444444444,122.804,0.1,0.0,2018-08-16 15:44:01,拖网
5428,30.72394444444444,122.804,0.0,0.0,2018-08-16 15:54:01,拖网
5428,30.72397222222222,122.804,0.2,0.0,2018-08-16 16:04:01,拖网
5428,30.72397222222222,122.804,0.3,238.0,2018-08-16 16:14:01,拖网
5428,30.72397222222222,122.804,0.1,0.0,2018-08-16 16:24:01,拖网
5428,30.72397222222222,122.80397222222223,0.0,0.0,2018-08-16 16:34:01,拖网
5428,30.72397222222222,122.80397222222223,0.1,0.0,2018-08-16 16:44:01,拖网
5428,30.72394444444444,122.80397222222223,0.0,0.0,2018-08-16 16:54:01,拖网
5428,30.723777777777766,122.80388888888888,1.1,0.0,2018-08-16 17:04:01,拖网
5428,30.72394444444444,122.80408333333334,0.3,0.0,2018-08-16 17:14:01,拖网
5428,30.723861111111113,122.804,1.1,0.0,2018-08-16 17:24:01,拖网
5428,30.72397222222222,122.8040277777778,0.1,0.0,2018-08-16 17:34:01,拖网
5428,30.724,122.8040277777778,0.0,0.0,2018-08-16 17:44:01,拖网
5428,30.72397222222222,122.8040277777778,0.1,0.0,2018-08-16 17:54:01,拖网
5428,30.723805555555554,122.80405555555555,0.1,0.0,2018-08-16 18:04:01,拖网
5428,30.72394444444444,122.80413888888887,0.2,0.0,2018-08-16 18:14:01,拖网
5428,30.72394444444444,122.80419444444445,0.1,0.0,2018-08-16 18:24:01,拖网
5428,30.72383333333333,122.80427777777777,0.1,0.0,2018-08-16 18:34:01,拖网
5428,30.72397222222222,122.80405555555555,0.1,0.0,2018-08-16 18:44:01,拖网
5428,30.72397222222222,122.804,0.2,0.0,2018-08-16 18:54:01,拖网
5428,30.72397222222222,122.804,0.1,0.0,2018-08-16 19:04:01,拖网
5428,30.724027777777767,122.8040277777778,0.1,0.0,2018-08-16 19:24:01,拖网
5428,30.72397222222222,122.804,0.2,0.0,2018-08-16 19:34:01,拖网
5428,30.723916666666664,122.80397222222223,0.1,0.0,2018-08-16 19:44:01,拖网
5428,30.724027777777767,122.80394444444444,0.5,0.0,2018-08-16 19:54:01,拖网
5428,30.724055555555548,122.80391666666668,0.8,76.0,2018-08-16 20:04:01,拖网
5428,30.723888888888887,122.80391666666668,0.0,0.0,2018-08-16 20:14:01,拖网
5428,30.72397222222222,122.80386111111108,0.0,0.0,2018-08-16 20:24:01,拖网
5428,30.724,122.80386111111108,0.2,0.0,2018-08-16 20:34:01,拖网
5428,30.724055555555548,122.80391666666668,0.3,0.0,2018-08-16 20:44:01,拖网
5428,30.72383333333333,122.80383333333332,0.8,4.0,2018-08-16 20:54:01,拖网
5428,30.72397222222222,122.80397222222223,1.5,351.0,2018-08-16 21:04:01,拖网
5428,30.724,122.80386111111108,0.6,0.0,2018-08-16 21:14:01,拖网
5428,30.724055555555548,122.80383333333332,0.3,0.0,2018-08-16 21:24:01,拖网
5428,30.724055555555548,122.80388888888888,0.3,0.0,2018-08-16 21:34:01,拖网
5428,30.724027777777767,122.80386111111108,0.2,0.0,2018-08-16 21:44:01,拖网
5428,30.72394444444444,122.80388888888888,0.0,0.0,2018-08-16 21:54:01,拖网
5428,30.72411111111111,122.80377777777778,1.1,159.0,2018-08-16 22:04:01,拖网
5428,30.72397222222222,122.80380555555556,0.1,0.0,2018-08-16 22:14:01,拖网
5428,30.724,122.80388888888888,0.2,0.0,2018-08-16 22:24:01,拖网
5428,30.724,122.80430555555556,0.2,0.0,2018-08-16 22:34:01,拖网
5428,30.724027777777767,122.80408333333334,0.3,0.0,2018-08-16 22:44:01,拖网
5428,30.724027777777767,122.80391666666668,0.3,0.0,2018-08-16 22:54:01,拖网
5428,30.724055555555548,122.80394444444444,0.4,285.0,2018-08-16 23:04:01,拖网
5428,30.724,122.80394444444444,0.1,0.0,2018-08-16 23:14:01,拖网
5428,30.724027777777767,122.80391666666668,0.1,0.0,2018-08-16 23:24:01,拖网
5428,30.724055555555548,122.80394444444444,0.1,0.0,2018-08-16 23:34:01,拖网
5428,30.724055555555548,122.8040277777778,0.2,0.0,2018-08-16 23:44:01,拖网
5428,30.724027777777767,122.804,0.2,0.0,2018-08-16 23:54:01,拖网
5428,30.72408333333333,122.80397222222223,0.2,0.0,2018-08-17 00:04:01,拖网
5428,30.72408333333333,122.8040277777778,0.3,0.0,2018-08-17 00:14:01,拖网
5428,30.72411111111111,122.80405555555555,0.1,0.0,2018-08-17 00:24:01,拖网
5428,30.72408333333333,122.80405555555555,0.1,0.0,2018-08-17 00:34:01,拖网
5428,30.72411111111111,122.8040277777778,0.0,0.0,2018-08-17 00:44:01,拖网
5428,30.72408333333333,122.80405555555555,0.0,0.0,2018-08-17 00:54:01,拖网
5428,30.72411111111111,122.80411111111113,0.1,0.0,2018-08-17 01:04:01,拖网
5428,30.723916666666664,122.80391666666668,0.2,0.0,2018-08-17 01:14:01,拖网
5428,30.72397222222222,122.80391666666668,0.3,0.0,2018-08-17 01:24:01,拖网
5428,30.724166666666665,122.80408333333334,0.3,0.0,2018-08-17 01:34:01,拖网
5428,30.724027777777767,122.80383333333332,0.5,0.0,2018-08-17 01:44:01,拖网
5428,30.72419444444445,122.80405555555555,0.2,0.0,2018-08-17 01:54:01,拖网
5428,30.724166666666665,122.80397222222223,0.3,0.0,2018-08-17 02:04:01,拖网
5428,30.723861111111113,122.80394444444444,0.1,0.0,2018-08-17 02:14:01,拖网
5428,30.723916666666664,122.80408333333334,0.5,0.0,2018-08-17 02:24:01,拖网
5428,30.723888888888887,122.804,0.0,0.0,2018-08-17 02:34:01,拖网
5428,30.72408333333333,122.804,0.2,0.0,2018-08-17 02:44:01,拖网
5428,30.72408333333333,122.80397222222223,0.1,0.0,2018-08-17 02:54:01,拖网
5428,30.72411111111111,122.80394444444444,0.2,0.0,2018-08-17 03:04:01,拖网
5428,30.724055555555548,122.804,0.1,0.0,2018-08-17 03:14:01,拖网
5428,30.72408333333333,122.80413888888887,0.8,79.0,2018-08-17 03:24:01,拖网
5428,30.72411111111111,122.80394444444444,0.6,124.0,2018-08-17 03:34:01,拖网
5428,30.72411111111111,122.804,0.0,0.0,2018-08-17 03:44:01,拖网
5428,30.72411111111111,122.8040277777778,0.1,0.0,2018-08-17 03:54:01,拖网
5428,30.72433333333333,122.80391666666668,0.0,0.0,2018-08-17 04:04:01,拖网
5428,30.72422222222221,122.8040277777778,0.4,0.0,2018-08-17 04:14:01,拖网
5428,30.72427777777777,122.80391666666668,0.6,0.0,2018-08-17 04:24:01,拖网
5428,30.72425,122.80380555555556,0.4,0.0,2018-08-17 04:34:01,拖网
5428,30.72419444444445,122.80394444444444,0.7,0.0,2018-08-17 04:44:01,拖网
5428,30.72408333333333,122.80391666666668,0.1,0.0,2018-08-17 04:54:01,拖网
5428,30.72408333333333,122.80391666666668,0.1,0.0,2018-08-17 05:04:01,拖网
5428,30.72408333333333,122.80391666666668,0.0,0.0,2018-08-17 05:14:01,拖网
5428,30.72411111111111,122.80391666666668,0.4,0.0,2018-08-17 05:24:01,拖网
5428,30.72411111111111,122.80391666666668,0.0,0.0,2018-08-17 05:34:01,拖网
5428,30.72411111111111,122.80391666666668,0.2,0.0,2018-08-17 05:44:01,拖网
5428,30.72411111111111,122.80388888888888,0.1,0.0,2018-08-17 05:54:01,拖网
5428,30.724055555555548,122.80391666666668,0.0,0.0,2018-08-17 06:04:01,拖网
5428,30.72408333333333,122.80391666666668,0.1,0.0,2018-08-17 06:14:01,拖网
5428,30.72427777777777,122.80383333333332,0.0,0.0,2018-08-17 06:24:01,拖网
5428,30.724416666666666,122.80388888888888,0.3,0.0,2018-08-17 06:34:01,拖网
5428,30.724305555555553,122.80388888888888,0.3,0.0,2018-08-17 06:44:01,拖网
5428,30.724138888888888,122.80394444444444,0.1,0.0,2018-08-17 06:54:01,拖网
5428,30.72419444444445,122.80388888888888,0.5,0.0,2018-08-17 07:04:01,拖网
5428,30.724138888888888,122.80386111111108,0.1,0.0,2018-08-17 07:14:01,拖网
5428,30.724027777777767,122.80391666666668,0.2,0.0,2018-08-17 07:24:01,拖网
5428,30.724,122.80391666666668,0.2,0.0,2018-08-17 07:34:01,拖网
5428,30.724055555555548,122.80388888888888,0.2,0.0,2018-08-17 07:44:01,拖网
5428,30.72408333333333,122.80388888888888,0.1,0.0,2018-08-17 07:54:01,拖网
5428,30.723888888888887,122.80380555555556,0.2,0.0,2018-08-17 08:04:01,拖网
5428,30.72408333333333,122.80394444444444,0.3,0.0,2018-08-17 08:14:01,拖网
5428,30.72408333333333,122.80394444444444,0.0,0.0,2018-08-17 08:24:01,拖网
5428,30.723916666666664,122.80397222222223,0.0,0.0,2018-08-17 08:34:01,拖网
5428,30.724027777777767,122.80391666666668,0.2,0.0,2018-08-17 08:44:01,拖网
5428,30.72419444444445,122.80397222222223,0.2,0.0,2018-08-17 08:54:01,拖网
5428,30.724138888888888,122.80391666666668,0.1,0.0,2018-08-17 09:04:01,拖网
5428,30.72411111111111,122.80391666666668,0.3,0.0,2018-08-17 09:14:01,拖网
5428,30.723916666666664,122.80397222222223,0.2,0.0,2018-08-17 09:24:01,拖网
5428,30.72411111111111,122.804,0.0,0.0,2018-08-17 09:34:01,拖网
5428,30.724027777777767,122.80391666666668,0.1,0.0,2018-08-17 09:44:01,拖网
5428,30.724166666666665,122.80386111111108,0.2,0.0,2018-08-17 09:54:01,拖网
5428,30.72383333333333,122.80411111111113,0.2,0.0,2018-08-17 10:04:01,拖网
5428,30.724138888888888,122.80386111111108,0.3,0.0,2018-08-17 10:14:01,拖网
5428,30.72419444444445,122.80380555555556,0.2,35.0,2018-08-17 10:24:01,拖网
5428,30.72422222222221,122.80383333333332,0.4,0.0,2018-08-17 10:34:01,拖网
5428,30.724055555555548,122.80388888888888,0.6,0.0,2018-08-17 10:44:01,拖网
5428,30.724138888888888,122.80383333333332,0.3,0.0,2018-08-17 10:54:01,拖网
5428,30.72411111111111,122.80391666666668,0.8,0.0,2018-08-17 11:04:01,拖网
5428,30.724138888888888,122.80386111111108,0.1,0.0,2018-08-17 11:14:01,拖网
5428,30.724138888888888,122.80391666666668,0.4,132.0,2018-08-17 11:24:01,拖网
5428,30.724166666666665,122.80383333333332,0.6,129.0,2018-08-17 11:34:01,拖网
5428,30.724138888888888,122.804,0.3,0.0,2018-08-17 11:44:01,拖网
5428,30.72411111111111,122.804,0.1,0.0,2018-08-17 11:54:01,拖网
5428,30.72408333333333,122.80405555555555,0.2,0.0,2018-08-17 12:04:01,拖网
5428,30.724055555555548,122.80397222222223,0.2,0.0,2018-08-17 12:14:01,拖网
5428,30.724027777777767,122.80394444444444,0.1,0.0,2018-08-17 12:24:01,拖网
5428,30.724,122.80394444444444,0.0,0.0,2018-08-17 12:34:01,拖网
5428,30.724027777777767,122.80394444444444,0.0,0.0,2018-08-17 12:44:01,拖网
5428,30.724027777777767,122.80391666666668,0.2,0.0,2018-08-17 12:54:01,拖网
5428,30.724027777777767,122.80391666666668,0.3,0.0,2018-08-17 13:04:01,拖网
5428,30.724055555555548,122.80388888888888,0.1,0.0,2018-08-17 13:14:01,拖网
5428,30.724,122.80380555555556,0.1,0.0,2018-08-17 13:24:01,拖网
5428,30.724055555555548,122.80380555555556,0.2,0.0,2018-08-17 13:34:01,拖网
5428,30.724027777777767,122.80388888888888,0.3,0.0,2018-08-17 13:44:01,拖网
5428,30.723805555555554,122.80313888888894,0.4,0.0,2018-08-17 13:54:01,拖网
5428,30.724055555555548,122.80388888888888,0.0,0.0,2018-08-17 14:04:01,拖网
5428,30.724055555555548,122.80388888888888,0.1,0.0,2018-08-17 14:14:01,拖网
5428,30.724055555555548,122.80388888888888,0.1,0.0,2018-08-17 14:24:01,拖网
5428,30.724055555555548,122.80388888888888,0.0,0.0,2018-08-17 14:34:01,拖网
5428,30.724055555555548,122.80391666666668,0.2,0.0,2018-08-17 14:44:01,拖网
5428,30.724055555555548,122.80397222222223,0.1,0.0,2018-08-17 14:54:01,拖网
5428,30.724055555555548,122.80391666666668,0.0,0.0,2018-08-17 15:04:01,拖网
5428,30.72408333333333,122.80391666666668,0.2,0.0,2018-08-17 15:14:01,拖网
5428,30.72411111111111,122.80397222222223,0.0,0.0,2018-08-17 15:24:01,拖网
5428,30.724055555555548,122.80386111111108,0.2,0.0,2018-08-17 15:34:01,拖网
5428,30.724055555555548,122.80386111111108,0.1,0.0,2018-08-17 15:44:01,拖网
5428,30.72411111111111,122.80380555555556,0.0,0.0,2018-08-17 15:54:01,拖网
5428,30.72397222222222,122.80397222222223,0.0,0.0,2018-08-17 16:04:01,拖网
5428,30.72333333333333,122.80366666666669,0.8,0.0,2018-08-17 16:14:01,拖网
5428,30.724027777777767,122.80377777777778,0.2,0.0,2018-08-17 16:24:01,拖网
5428,30.724055555555548,122.80380555555556,0.4,0.0,2018-08-17 16:34:01,拖网
5428,30.724027777777767,122.80377777777778,0.0,0.0,2018-08-17 16:44:01,拖网
5428,30.724027777777767,122.80377777777778,0.2,0.0,2018-08-17 16:54:01,拖网
5428,30.724055555555548,122.80380555555556,0.1,0.0,2018-08-17 17:04:01,拖网
5428,30.724027777777767,122.80383333333332,0.3,0.0,2018-08-17 17:14:01,拖网
5428,30.724055555555548,122.80386111111108,0.2,0.0,2018-08-17 17:24:01,拖网
5428,30.724027777777767,122.80388888888888,0.0,0.0,2018-08-17 17:34:01,拖网
5428,30.724027777777767,122.80388888888888,0.3,0.0,2018-08-17 17:44:01,拖网
5428,30.724027777777767,122.80391666666668,0.2,0.0,2018-08-17 17:54:01,拖网
5428,30.72408333333333,122.80394444444444,0.3,0.0,2018-08-17 18:04:01,拖网
5428,30.72408333333333,122.80397222222223,0.4,72.0,2018-08-17 18:14:01,拖网
5428,30.72411111111111,122.80388888888888,0.0,0.0,2018-08-17 18:24:01,拖网
5428,30.72408333333333,122.80386111111108,0.1,0.0,2018-08-17 18:34:01,拖网
5428,30.72411111111111,122.80388888888888,0.1,0.0,2018-08-17 18:44:01,拖网
5428,30.72411111111111,122.80388888888888,0.1,0.0,2018-08-17 18:54:01,拖网
5428,30.72411111111111,122.80386111111108,0.0,0.0,2018-08-17 19:04:01,拖网
5428,30.724138888888888,122.80391666666668,0.3,0.0,2018-08-17 19:14:01,拖网
5428,30.724055555555548,122.80383333333332,0.1,0.0,2018-08-17 19:24:01,拖网
5428,30.724166666666665,122.80388888888888,0.2,0.0,2018-08-17 19:34:01,拖网
5428,30.72425,122.80386111111108,0.4,0.0,2018-08-17 19:44:01,拖网
5428,30.724138888888888,122.80386111111108,0.4,0.0,2018-08-17 19:54:01,拖网
5428,30.724138888888888,122.80388888888888,0.1,0.0,2018-08-17 20:04:01,拖网
5428,30.724138888888888,122.80388888888888,0.1,0.0,2018-08-17 20:14:01,拖网
5428,30.724138888888888,122.80391666666668,0.1,0.0,2018-08-17 20:34:01,拖网
5428,30.724166666666665,122.80386111111108,0.1,0.0,2018-08-17 20:44:01,拖网
5428,30.724055555555548,122.80388888888888,0.1,0.0,2018-08-17 20:54:01,拖网
5428,30.724055555555548,122.80388888888888,0.9,3.0,2018-08-17 21:04:01,拖网
5428,30.724055555555548,122.80383333333332,0.2,0.0,2018-08-17 21:13:01,拖网
5428,30.72408333333333,122.80380555555556,0.2,0.0,2018-08-17 21:23:01,拖网
5428,30.72408333333333,122.80377777777778,0.2,0.0,2018-08-17 21:33:01,拖网
5428,30.723888888888887,122.80405555555555,0.1,0.0,2018-08-17 21:43:01,拖网
5428,30.724,122.80391666666668,0.2,0.0,2018-08-17 21:53:01,拖网
5428,30.724055555555548,122.80391666666668,0.1,0.0,2018-08-17 22:04:01,拖网
