渔船ID,lat,lon,速度,方向,time,type
6642,31.48947022222222,122.923468,0.5,0.0,2017-08-02 03:32:13,围网
6642,31.49372022222222,122.92163466666668,2.1,350.0,2017-08-02 03:42:13,围网
6642,31.481859111111113,122.92963466666669,6.1,163.0,2017-08-02 03:52:13,围网
6642,31.48135911111111,122.92910688888892,6.3,300.0,2017-08-02 04:02:12,围网
6642,31.483664666666666,122.92294022222224,2.0,266.0,2017-08-02 04:12:13,围网
6642,31.483803555555557,122.91760688888893,2.4,298.0,2017-08-02 04:22:13,围网
6642,31.48522022222221,122.9124957777778,1.3,297.0,2017-08-02 04:32:13,围网
6642,31.48558133333333,122.90769022222223,1.4,239.0,2017-08-02 04:42:13,围网
6642,31.48738688888889,122.90277355555556,1.3,298.0,2017-08-02 04:52:13,围网
6642,31.49333133333333,122.89994022222223,2.1,0.0,2017-08-02 05:02:12,围网
6642,31.49310911111111,122.89424577777778,0.8,257.0,2017-08-02 05:12:12,围网
6642,31.49394244444445,122.8897457777778,3.2,323.0,2017-08-02 05:22:12,围网
6642,31.495803555555554,122.88510688888887,2.0,304.0,2017-08-02 05:32:13,围网
6642,31.498303555555548,122.88030133333334,0.5,0.0,2017-08-02 05:42:12,围网
6642,31.49994244444445,122.87560688888887,1.0,277.0,2017-08-02 05:52:12,围网
6642,31.502164666666665,122.87082911111112,1.9,313.0,2017-08-02 06:02:43,围网
6642,31.50466466666667,122.86657911111112,1.6,297.0,2017-08-02 06:12:12,围网
6642,31.50672022222221,122.8621902222222,0.8,297.0,2017-08-02 06:22:13,围网
6642,31.50838688888889,122.85782911111113,0.7,293.0,2017-08-02 06:32:13,围网
6642,31.510886888888887,122.85377355555555,2.1,309.0,2017-08-02 06:42:12,围网
6642,31.51438688888889,122.849968,2.7,343.0,2017-08-02 06:52:13,围网
6642,31.51741466666667,122.84982911111106,4.0,155.0,2017-08-02 07:02:11,围网
6642,31.51797022222221,122.85230133333332,1.6,32.0,2017-08-02 07:12:11,围网
6642,31.512498,122.85382911111112,6.3,205.0,2017-08-02 07:22:13,围网
6642,31.495109111111113,122.84760688888888,6.4,186.0,2017-08-02 07:32:13,围网
6642,31.48733133333333,122.85082911111112,3.6,95.0,2017-08-02 07:42:13,围网
6642,31.49044244444445,122.85585688888894,1.8,46.0,2017-08-02 07:52:13,围网
6642,31.49363688888889,122.86069022222222,2.7,32.0,2017-08-02 08:02:12,围网
6642,31.49569244444445,122.86610688888894,1.7,97.0,2017-08-02 08:12:13,围网
6642,31.498470222222235,122.87110688888887,2.0,79.0,2017-08-02 08:22:12,围网
6642,31.500053555555553,122.89299577777778,1.6,0.0,2017-08-02 09:02:19,围网
6642,31.50069244444445,122.90399577777781,1.2,80.0,2017-08-02 09:22:37,围网
6642,31.50083133333333,122.90932911111112,1.4,0.0,2017-08-02 09:32:12,围网
6642,31.50010911111111,122.91471800000002,0.7,0.0,2017-08-02 09:42:13,围网
6642,31.498803555555554,122.92560688888894,1.3,83.0,2017-08-02 10:02:36,围网
6642,31.49835911111111,122.93080133333332,2.7,44.0,2017-08-02 10:12:12,围网
6642,31.49758133333333,122.93624577777778,2.3,58.0,2017-08-02 10:22:12,围网
6642,31.496998,122.94169022222223,1.5,103.0,2017-08-02 10:32:12,围网
6642,31.496025777777767,122.94710688888892,1.8,130.0,2017-08-02 10:42:12,围网
6642,31.49433133333333,122.95238466666667,1.9,133.0,2017-08-02 10:52:12,围网
6642,31.491164666666666,122.9564957777778,1.7,251.0,2017-08-02 11:02:10,围网
6642,31.492386888888888,122.95469022222223,0.3,113.0,2017-08-02 11:12:12,围网
6642,31.496831333333336,122.95163466666668,6.8,301.0,2017-08-02 11:22:12,围网
6642,31.50147022222221,122.93719022222223,3.6,95.0,2017-08-02 11:32:12,围网
6642,31.49908133333333,122.94530133333336,1.6,136.0,2017-08-02 11:42:11,围网
6642,31.496609111111113,122.95019022222223,2.2,115.0,2017-08-02 11:52:11,围网
6642,31.49494244444445,122.95519022222223,2.1,121.0,2017-08-02 12:02:12,围网
6642,31.493025777777767,122.960218,1.7,121.0,2017-08-02 12:12:11,围网
6642,31.490053555555555,122.96482911111113,1.2,138.0,2017-08-02 12:22:11,围网
6642,31.488025777777786,122.96966244444445,2.1,136.0,2017-08-02 12:32:12,围网
6642,31.485248,122.97402355555555,1.1,153.0,2017-08-02 12:42:11,围网
6642,31.482248,122.97816244444445,1.3,149.0,2017-08-02 12:52:11,围网
6642,31.478914666666665,122.98202355555556,2.3,113.0,2017-08-02 13:02:12,围网
6642,31.47605355555555,122.98602355555555,2.3,143.0,2017-08-02 13:12:11,围网
6642,31.473164666666666,122.98996799999999,1.8,154.0,2017-08-02 13:22:12,围网
6642,31.47022022222221,122.99349577777781,2.7,156.0,2017-08-02 13:32:12,围网
6642,31.467553555555547,122.997468,1.5,120.0,2017-08-02 13:42:11,围网
6642,31.46433133333333,123.00052355555556,1.6,181.0,2017-08-02 13:52:11,围网
6642,31.458803555555555,122.99882911111112,2.5,215.0,2017-08-02 14:02:42,围网
6642,31.455997999999997,122.98263466666668,1.7,243.0,2017-08-02 14:32:11,围网
6642,31.456248,122.97907911111112,2.7,110.0,2017-08-02 14:42:11,围网
6642,31.455109111111106,122.98166244444445,1.2,241.0,2017-08-02 14:52:11,围网
6642,31.45463688888889,122.97082911111113,8.4,279.0,2017-08-02 15:02:11,围网
6642,31.455803555555555,122.94438466666668,5.8,262.0,2017-08-02 15:12:11,围网
6642,31.454359111111113,122.93763466666668,1.2,279.0,2017-08-02 15:22:11,围网
6642,31.45447022222222,122.93252355555555,1.1,287.0,2017-08-02 15:32:10,围网
6642,31.454859111111112,122.92255133333336,1.5,287.0,2017-08-02 15:52:10,围网
6642,31.45522022222222,122.917718,1.8,300.0,2017-08-02 16:02:11,围网
6642,31.455498,122.91277355555556,1.0,256.0,2017-08-02 16:12:11,围网
6642,31.45522022222222,122.90788466666667,1.9,262.0,2017-08-02 16:22:11,围网
6642,31.45563688888889,122.90305133333337,1.1,261.0,2017-08-02 16:32:11,围网
6642,31.456025777777786,122.89827355555555,0.8,264.0,2017-08-02 16:42:12,围网
6642,31.45619244444444,122.89341244444445,1.4,257.0,2017-08-02 16:52:11,围网
6642,31.45719244444444,122.88846799999999,1.2,267.0,2017-08-02 17:02:10,围网
6642,31.458053555555555,122.88355133333332,1.7,282.0,2017-08-02 17:12:11,围网
6642,31.45958133333333,122.87869022222222,2.4,302.0,2017-08-02 17:22:11,围网
6642,31.461914666666665,122.87391244444444,1.4,298.0,2017-08-02 17:32:11,围网
6642,31.464470222222207,122.86919022222223,1.3,278.0,2017-08-02 17:42:10,围网
6642,31.46635911111111,122.86432911111113,1.5,296.0,2017-08-02 17:52:11,围网
6642,31.469025777777766,122.85952355555555,1.7,325.0,2017-08-02 18:02:39,围网
6642,31.471525777777767,122.85519022222222,1.4,282.0,2017-08-02 18:12:10,围网
6642,31.473470222222232,122.85038466666668,1.5,307.0,2017-08-02 18:22:11,围网
6642,31.47530355555555,122.84580133333333,1.3,301.0,2017-08-02 18:32:10,围网
6642,31.477803555555553,122.84130133333332,2.9,340.0,2017-08-02 18:42:10,围网
6642,31.47822022222222,122.8441902222222,1.3,232.0,2017-08-02 18:52:10,围网
6642,31.48002577777777,122.84485688888887,6.3,201.0,2017-08-02 19:02:10,围网
6642,31.46222022222221,122.83277355555555,6.9,197.0,2017-08-02 19:12:10,围网
6642,31.446886888888887,122.82060688888888,3.0,187.0,2017-08-02 19:22:10,围网
6642,31.44744244444445,122.82627355555556,1.9,52.0,2017-08-02 19:32:10,围网
6642,31.449886888888887,122.83677355555555,2.0,77.0,2017-08-02 19:52:10,围网
6642,31.450164666666666,122.84188466666667,1.6,85.0,2017-08-02 20:02:09,围网
6642,31.45033133333333,122.84691244444444,2.1,66.0,2017-08-02 20:12:10,围网
6642,31.450248,122.85185688888888,1.7,81.0,2017-08-02 20:22:10,围网
6642,31.450470222222233,122.85680133333334,2.6,54.0,2017-08-02 20:32:10,围网
6642,31.45027577777777,122.86174577777777,1.5,98.0,2017-08-02 20:42:10,围网
6642,31.44972022222222,122.86649577777777,1.3,122.0,2017-08-02 20:52:10,围网
6642,31.452248,122.87180133333332,3.4,7.0,2017-08-02 21:02:09,围网
6642,31.454748,122.87688466666668,2.1,96.0,2017-08-02 21:12:10,围网
6642,31.45455355555555,122.88263466666666,1.9,84.0,2017-08-02 21:22:10,围网
6642,31.45455355555555,122.88810688888893,1.4,122.0,2017-08-02 21:32:10,围网
6642,31.454109111111112,122.89894022222224,1.9,106.0,2017-08-02 21:52:10,围网
6642,31.454859111111112,122.90482911111113,1.1,93.0,2017-08-02 22:02:44,围网
6642,31.455192444444442,122.91016244444448,1.6,105.0,2017-08-02 22:12:10,围网
6642,31.45483133333333,122.915718,2.2,88.0,2017-08-02 22:22:10,围网
6642,31.454248,122.91660688888894,3.8,277.0,2017-08-02 22:32:09,围网
6642,31.455748,122.91580133333332,0.9,1.0,2017-08-02 22:42:09,围网
6642,31.46122022222222,122.90296800000002,7.6,287.0,2017-08-02 22:52:08,围网
6642,31.47177577777777,122.88032911111112,8.2,305.0,2017-08-02 23:02:09,围网
6642,31.481053555555555,122.85805133333334,8.0,286.0,2017-08-02 23:12:10,围网
6642,31.479914666666666,122.84194022222223,3.6,60.0,2017-08-02 23:22:09,围网
6642,31.47947022222222,122.85041244444444,1.4,86.0,2017-08-02 23:32:08,围网
6642,31.47988688888889,122.85602355555555,1.6,79.0,2017-08-02 23:42:09,围网
6642,31.47808133333333,122.86119022222222,2.3,155.0,2017-08-02 23:52:10,围网
6642,31.477998,122.866718,1.7,80.0,2017-08-03 00:02:08,围网
6642,31.478136888888887,122.8722457777778,1.6,134.0,2017-08-03 00:12:08,围网
6642,31.477636888888888,122.87752355555556,2.3,108.0,2017-08-03 00:22:09,围网
6642,31.477442444444442,122.88266244444445,0.6,0.0,2017-08-03 00:32:08,围网
6642,31.47808133333333,122.88782911111113,1.8,81.0,2017-08-03 00:42:08,围网
6642,31.47794244444445,122.892968,1.5,109.0,2017-08-03 00:52:08,围网
6642,31.477442444444442,122.89810688888893,3.1,72.0,2017-08-03 01:02:08,围网
6642,31.476609111111113,122.90327355555556,1.5,101.0,2017-08-03 01:12:32,围网
6642,31.47608133333333,122.90799577777778,2.2,108.0,2017-08-03 01:22:08,围网
6642,31.46922022222222,122.91224577777781,1.2,201.0,2017-08-03 01:42:09,围网
6642,31.46572022222221,122.91082911111113,1.5,211.0,2017-08-03 01:52:09,围网
6642,31.46333133333333,122.90716244444445,2.1,266.0,2017-08-03 02:02:09,围网
6642,31.46158133333333,122.89810688888893,2.2,279.0,2017-08-03 02:22:09,围网
6642,31.46063688888889,122.89341244444445,1.9,271.0,2017-08-03 02:32:08,围网
6642,31.460414666666665,122.8884957777778,2.1,219.0,2017-08-03 02:42:09,围网
6642,31.461886888888888,122.88513466666666,0.9,92.0,2017-08-03 02:52:08,围网
6642,31.46210911111111,122.88788466666668,2.6,327.0,2017-08-03 03:02:09,围网
6642,31.462275777777766,122.89066244444444,7.2,131.0,2017-08-03 03:12:08,围网
6642,31.452414666666666,122.91210688888893,6.8,102.0,2017-08-03 03:22:07,围网
6642,31.45338688888889,122.9097457777778,2.4,274.0,2017-08-03 03:32:08,围网
6642,31.454303555555555,122.9042457777778,3.2,292.0,2017-08-03 03:42:09,围网
6642,31.45463688888889,122.89894022222224,0.3,0.0,2017-08-03 03:52:09,围网
6642,31.454498,122.89391244444445,1.3,244.0,2017-08-03 04:02:35,围网
6642,31.454498,122.88949577777778,1.6,283.0,2017-08-03 04:12:08,围网
6642,31.455164666666665,122.88463466666668,1.4,277.0,2017-08-03 04:22:08,围网
6642,31.456359111111112,122.8796902222222,3.4,307.0,2017-08-03 04:32:09,围网
6642,31.45788688888889,122.87471799999999,2.3,300.0,2017-08-03 04:42:09,围网
6642,31.45938688888889,122.86969022222222,2.1,292.0,2017-08-03 04:52:08,围网
6642,31.461664666666664,122.86480133333332,2.0,305.0,2017-08-03 05:02:08,围网
6642,31.463275777777767,122.85960688888888,1.1,222.0,2017-08-03 05:12:07,围网
6642,31.46485911111111,122.85466244444444,1.6,314.0,2017-08-03 05:22:09,围网
6642,31.46647022222221,122.8496902222222,3.6,309.0,2017-08-03 05:32:08,围网
6642,31.469248,122.84485688888887,1.8,298.0,2017-08-03 05:42:08,围网
6642,31.47455355555555,122.8421902222222,2.7,315.0,2017-08-03 05:52:08,围网
6642,31.473747999999997,122.83677355555555,0.9,0.0,2017-08-03 06:02:07,围网
6642,31.475414666666666,122.83202355555555,2.9,290.0,2017-08-03 06:12:36,围网
6642,31.477359111111113,122.82735688888887,3.8,330.0,2017-08-03 06:22:08,围网
6642,31.479025777777768,122.82260688888887,0.9,215.0,2017-08-03 06:32:08,围网
6642,31.48280355555556,122.81969022222222,2.9,62.0,2017-08-03 06:42:08,围网
6642,31.48422022222222,122.82285688888888,1.9,35.0,2017-08-03 06:52:08,围网
6642,31.482775777777785,122.82427355555555,6.2,207.0,2017-08-03 07:02:08,围网
6642,31.467553555555547,122.81607911111112,6.1,219.0,2017-08-03 07:12:08,围网
6642,31.45322022222221,122.8051902222222,5.8,222.0,2017-08-03 07:22:08,围网
6642,31.446775777777766,122.79752355555556,2.6,300.0,2017-08-03 07:32:07,围网
6642,31.45013688888889,122.80410688888892,1.6,40.0,2017-08-03 07:42:08,围网
6642,31.45447022222222,122.80774577777778,1.3,88.0,2017-08-03 07:52:08,围网
6642,31.457109111111112,122.81288466666668,2.4,54.0,2017-08-03 08:02:08,围网
6642,31.460025777777766,122.81766244444445,3.0,33.0,2017-08-03 08:12:08,围网
6642,31.46283133333333,122.82260688888887,1.4,52.0,2017-08-03 08:22:06,围网
6642,31.464998,122.82771799999999,1.6,80.0,2017-08-03 08:32:08,围网
6642,31.466720222222207,122.83288466666669,1.8,73.0,2017-08-03 08:42:07,围网
6642,31.467470222222207,122.83796799999999,2.8,83.0,2017-08-03 08:52:09,围网
6642,31.467498,122.85682911111113,1.8,91.0,2017-08-03 09:32:37,围网
6642,31.46735911111111,122.87216244444444,2.1,86.0,2017-08-03 10:02:08,围网
6642,31.467886888888888,122.89780133333336,1.9,61.0,2017-08-03 11:02:07,围网
6642,31.470748,122.9012457777778,1.3,85.0,2017-08-03 11:12:07,围网
6642,31.465025777777768,122.8867457777778,6.8,255.0,2017-08-03 11:22:07,围网
6642,31.463803555555554,122.86330133333333,7.2,270.0,2017-08-03 11:32:06,围网
6642,31.46258133333333,122.84805133333334,3.7,88.0,2017-08-03 11:42:06,围网
6642,31.46219244444445,122.85669022222223,3.2,95.0,2017-08-03 11:52:05,围网
6642,31.46197022222222,122.86291244444445,2.6,75.0,2017-08-03 12:02:42,围网
6642,31.461748,122.86841244444444,1.7,81.0,2017-08-03 12:12:05,围网
6642,31.461497999999995,122.873968,2.3,116.0,2017-08-03 12:22:05,围网
6642,31.460970222222233,122.8797457777778,1.1,103.0,2017-08-03 12:32:05,围网
6642,31.459359111111112,122.8854957777778,1.9,122.0,2017-08-03 12:42:06,围网
6642,31.45910911111111,122.89113466666667,2.6,107.0,2017-08-03 12:52:05,围网
6642,31.45885911111111,122.89677355555555,1.7,105.0,2017-08-03 13:02:06,围网
6642,31.457664666666666,122.90238466666668,2.2,100.0,2017-08-03 13:12:05,围网
6642,31.457525777777768,122.90819022222223,2.4,62.0,2017-08-03 13:22:06,围网
6642,31.45672022222222,122.91371800000002,2.3,94.0,2017-08-03 13:32:05,围网
6642,31.455164666666665,122.91896799999999,1.5,121.0,2017-08-03 13:42:06,围网
6642,31.45358133333333,122.92424577777778,1.6,121.0,2017-08-03 13:52:05,围网
6642,31.45208133333333,122.92952355555555,1.3,123.0,2017-08-03 14:02:06,围网
6642,31.44594244444444,122.93785688888887,1.7,124.0,2017-08-03 14:22:06,围网
6642,31.434970222222233,122.93805133333336,1.3,232.0,2017-08-03 14:52:06,围网
6642,31.436998,122.93982911111112,1.4,184.0,2017-08-03 15:02:06,围网
6642,31.439414666666664,122.9354957777778,7.6,285.0,2017-08-03 15:12:05,围网
6642,31.448386888888887,122.91207911111113,7.3,332.0,2017-08-03 15:22:07,围网
6642,31.452053555555548,122.88952355555556,1.9,148.0,2017-08-03 15:32:09,围网
6642,31.451303555555555,122.883218,1.6,245.0,2017-08-03 15:42:35,围网
6642,31.451498,122.87835688888887,1.8,275.0,2017-08-03 15:52:05,围网
6642,31.45133133333333,122.87324577777778,2.7,316.0,2017-08-03 16:02:06,围网
6642,31.45158133333333,122.86810688888887,1.4,271.0,2017-08-03 16:12:05,围网
6642,31.452248,122.86299577777778,2.6,303.0,2017-08-03 16:22:06,围网
6642,31.45491466666667,122.85791244444445,2.9,272.0,2017-08-03 16:32:04,围网
6642,31.455136888888887,122.8524957777778,2.0,242.0,2017-08-03 16:42:05,围网
6642,31.45688688888889,122.84221799999999,3.0,285.0,2017-08-03 17:02:05,围网
6642,31.45683133333333,122.83707911111112,2.2,257.0,2017-08-03 17:12:05,围网
6642,31.45769244444445,122.83194022222223,1.5,292.0,2017-08-03 17:22:05,围网
6642,31.459025777777786,122.82688466666669,1.6,240.0,2017-08-03 17:32:05,围网
6642,31.460414666666665,122.82180133333333,2.7,293.0,2017-08-03 17:42:05,围网
6642,31.461664666666664,122.81663466666666,2.0,249.0,2017-08-03 17:52:04,围网
6642,31.462998,122.81127355555556,1.5,299.0,2017-08-03 18:02:38,围网
6642,31.464609111111113,122.8064402222222,1.8,294.0,2017-08-03 18:12:04,围网
6642,31.466303555555548,122.80144022222223,1.4,238.0,2017-08-03 18:22:05,围网
6642,31.468525777777767,122.79635688888894,2.7,313.0,2017-08-03 18:32:04,围网
6642,31.470692444444442,122.79119022222223,1.8,306.0,2017-08-03 18:42:04,围网
6642,31.472720222222208,122.7859957777778,2.3,307.0,2017-08-03 18:52:04,围网
6642,31.47460911111111,122.78091244444445,1.7,281.0,2017-08-03 19:02:06,围网
6642,31.47708133333333,122.77591244444444,2.5,309.0,2017-08-03 19:12:04,围网
6642,31.479636888888887,122.77077355555555,1.3,272.0,2017-08-03 19:22:05,围网
6642,31.482609111111113,122.76582911111113,1.6,274.0,2017-08-03 19:32:04,围网
6642,31.485636888888887,122.76091244444444,2.5,303.0,2017-08-03 19:42:05,围网
6642,31.489220222222233,122.75619022222222,2.8,310.0,2017-08-03 19:52:04,围网
6642,31.49197022222221,122.75105133333334,1.5,276.0,2017-08-03 20:02:08,围网
6642,31.495053555555554,122.74638466666669,1.4,307.0,2017-08-03 20:12:04,围网
6642,31.498053555555554,122.74163466666668,4.8,308.0,2017-08-03 20:22:04,围网
6642,31.502636888888887,122.73877355555555,1.1,37.0,2017-08-03 20:32:04,围网
6642,31.50358133333333,122.74102355555556,3.4,357.0,2017-08-03 20:42:04,围网
6642,31.507275777777767,122.74049577777778,6.3,215.0,2017-08-03 20:52:05,围网
6642,31.491025777777786,122.73132911111112,5.8,204.0,2017-08-03 21:02:37,围网
6642,31.49666466666667,122.73019022222223,2.8,14.0,2017-08-03 21:12:04,围网
6642,31.50072022222223,122.73530133333334,2.3,61.0,2017-08-03 21:22:03,围网
6642,31.501998,122.74085688888893,0.3,0.0,2017-08-03 21:32:03,围网
6642,31.501914666666664,122.74563466666667,2.5,50.0,2017-08-03 21:42:04,围网
6642,31.503386888888887,122.75077355555555,2.3,85.0,2017-08-03 21:52:03,围网
6642,31.50535911111111,122.75607911111106,0.4,0.0,2017-08-03 22:02:05,围网
6642,31.506498,122.76163466666668,2.8,78.0,2017-08-03 22:12:04,围网
6642,31.50722022222222,122.76707911111113,2.1,87.0,2017-08-03 22:22:05,围网
6642,31.508136888888888,122.77260688888887,2.5,93.0,2017-08-03 22:32:03,围网
6642,31.509220222222233,122.77824577777778,1.6,96.0,2017-08-03 22:42:03,围网
6642,31.509803555555553,122.78396799999999,2.7,38.0,2017-08-03 22:52:04,围网
6642,31.510886888888887,122.78991244444444,1.9,99.0,2017-08-03 23:02:05,围网
6642,31.510109111111113,122.7954957777778,2.2,128.0,2017-08-03 23:12:04,围网
6642,31.51030355555555,122.80119022222222,1.4,0.0,2017-08-03 23:22:04,围网
6642,31.51035911111111,122.80738466666668,4.3,76.0,2017-08-03 23:32:37,围网
6642,31.51063688888889,122.81305133333336,2.0,65.0,2017-08-03 23:42:04,围网
6642,31.51022022222222,122.81902355555556,1.5,130.0,2017-08-03 23:52:03,围网
6642,31.50983133333333,122.82485688888887,1.5,97.0,2017-08-04 00:02:05,围网
6642,31.51008133333333,122.83088466666666,1.8,62.0,2017-08-04 00:12:03,围网
6642,31.510275777777768,122.83691244444445,2.9,83.0,2017-08-04 00:22:03,围网
6642,31.51038688888889,122.84288466666666,1.7,93.0,2017-08-04 00:32:03,围网
6642,31.51038688888889,122.84882911111113,1.0,94.0,2017-08-04 00:42:04,围网
6642,31.510414666666666,122.85469022222222,1.6,83.0,2017-08-04 00:52:05,围网
6642,31.510414666666666,122.86060688888887,2.1,54.0,2017-08-04 01:02:04,围网
6642,31.51038688888889,122.86632911111113,1.4,72.0,2017-08-04 01:12:03,围网
6642,31.510109111111113,122.87199577777777,1.9,115.0,2017-08-04 01:22:03,围网
6642,31.510248,122.87760688888888,1.3,92.0,2017-08-04 01:32:03,围网
6642,31.510275777777768,122.88313466666666,1.4,92.0,2017-08-04 01:42:03,围网
6642,31.510248,122.88852355555555,2.0,78.0,2017-08-04 01:52:02,围网
6642,31.510192444444453,122.89419022222224,1.8,81.0,2017-08-04 02:02:40,围网
6642,31.50983133333333,122.89916244444444,1.5,134.0,2017-08-04 02:12:04,围网
6642,31.50963688888889,122.90419022222223,2.4,71.0,2017-08-04 02:22:02,围网
6642,31.509498,122.90916244444445,0.3,0.0,2017-08-04 02:32:02,围网
6642,31.507775777777766,122.91388466666668,2.4,141.0,2017-08-04 02:42:03,围网
6642,31.503053555555553,122.912718,2.9,226.0,2017-08-04 02:52:03,围网
6642,31.50205355555555,122.90832911111113,2.5,59.0,2017-08-04 03:02:03,围网
6642,31.50394244444444,122.91124577777778,0.6,357.0,2017-08-04 03:12:04,围网
6642,31.50619244444444,122.91169022222223,2.4,10.0,2017-08-04 03:22:02,围网
6642,31.49658133333333,122.9109957777778,7.8,201.0,2017-08-04 03:32:03,围网
6642,31.48991466666667,122.90510688888894,4.5,214.0,2017-08-04 03:42:03,围网
6642,31.488414666666664,122.90046800000002,1.1,274.0,2017-08-04 03:52:04,围网
6642,31.488636888888887,122.89552355555556,0.9,278.0,2017-08-04 04:02:03,围网
6642,31.489192444444445,122.890468,0.9,279.0,2017-08-04 04:12:02,围网
6642,31.489498,122.88535688888888,2.2,272.0,2017-08-04 04:22:02,围网
6642,31.489275777777767,122.880218,1.2,274.0,2017-08-04 04:32:02,围网
6642,31.489109111111112,122.87521799999999,2.1,266.0,2017-08-04 04:42:02,围网
6642,31.48960911111111,122.87377355555556,2.1,220.0,2017-08-04 04:52:02,围网
6642,31.491025777777786,122.86674577777777,1.4,273.0,2017-08-04 05:02:03,围网
6642,31.491664666666665,122.86105133333334,2.7,278.0,2017-08-04 05:12:02,围网
6642,31.49244244444445,122.85541244444444,1.8,275.0,2017-08-04 05:22:01,围网
6642,31.494248,122.84966244444445,2.0,291.0,2017-08-04 05:32:01,围网
6642,31.49608133333333,122.84394022222222,1.4,281.0,2017-08-04 05:42:01,围网
6642,31.49685911111111,122.83802355555555,2.3,283.0,2017-08-04 05:52:37,围网
6642,31.498414666666665,122.83294022222223,3.2,346.0,2017-08-04 06:02:04,围网
6642,31.50319244444445,122.82835688888888,2.3,266.0,2017-08-04 06:12:04,围网
6642,31.503220222222208,122.82277355555556,1.6,241.0,2017-08-04 06:22:02,围网
6642,31.50394244444444,122.81766244444445,1.4,205.0,2017-08-04 06:32:02,围网
6642,31.50505355555555,122.8124402222222,1.3,282.0,2017-08-04 06:42:01,围网
6642,31.50822022222223,122.80780133333334,4.2,49.0,2017-08-04 06:52:03,围网
6642,31.510748,122.81127355555556,2.6,358.0,2017-08-04 07:02:03,围网
6642,31.509414666666665,122.81213466666668,7.5,191.0,2017-08-04 07:12:03,围网
6642,31.49363688888889,122.80102355555556,6.5,216.0,2017-08-04 07:22:03,围网
6642,31.494636888888888,122.79591244444444,0.9,0.0,2017-08-04 07:32:02,围网
6642,31.49794244444445,122.789718,1.7,261.0,2017-08-04 07:42:02,围网
6642,31.498859111111113,122.78455133333334,2.3,308.0,2017-08-04 07:52:04,围网
6642,31.50055355555555,122.7797457777778,0.8,279.0,2017-08-04 08:02:34,围网
6642,31.501914666666664,122.7757457777778,2.0,228.0,2017-08-04 08:12:02,围网
6642,31.512248,122.75869022222223,1.7,265.0,2017-08-04 08:52:02,围网
6642,31.51558133333333,122.75460688888893,0.9,324.0,2017-08-04 09:02:02,围网
6642,31.535331333333332,122.73135688888893,1.7,351.0,2017-08-04 10:02:02,围网
6642,31.54230355555556,122.73010688888893,1.8,0.0,2017-08-04 10:32:21,围网
6642,31.539859111111113,122.72710688888893,6.2,224.0,2017-08-04 10:42:30,围网
6642,31.53022022222222,122.71127355555555,5.7,234.0,2017-08-04 10:52:05,围网
6642,31.522025777777767,122.76910688888893,2.0,92.0,2017-08-04 13:32:10,围网
6642,31.52160911111111,122.77538466666668,2.2,104.0,2017-08-04 13:42:38,围网
6642,31.50805355555556,122.81288466666668,1.7,119.0,2017-08-04 14:52:02,围网
6642,31.486664666666666,122.82760688888894,2.9,203.0,2017-08-04 15:42:04,围网
6642,31.48633133333333,122.82663466666666,0.8,90.0,2017-08-04 16:02:02,围网
6642,31.475498,122.83007911111108,1.1,0.0,2017-08-04 17:02:02,围网
6642,31.475386888888888,122.80894022222222,2.2,270.0,2017-08-04 17:42:30,围网
6642,31.47566466666667,122.8037457777778,3.0,314.0,2017-08-04 17:51:59,围网
6642,31.48147022222221,122.77730133333333,0.3,0.0,2017-08-04 18:42:00,围网
6642,31.48238688888889,122.76177355555555,1.9,276.0,2017-08-04 19:12:00,围网
6642,31.486664666666666,122.73663466666667,1.9,292.0,2017-08-04 20:02:00,围网
6642,31.508636888888887,122.69585688888893,1.8,336.0,2017-08-04 21:32:04,围网
6642,31.51333133333333,122.69505133333334,2.5,355.0,2017-08-04 21:51:59,围网
6642,31.511748,122.74260688888893,1.7,76.0,2017-08-05 00:01:59,围网
6642,31.517275777777765,122.76063466666666,1.6,89.0,2017-08-05 00:31:59,围网
6642,31.517914666666666,122.76707911111113,1.5,64.0,2017-08-05 00:41:58,围网
6642,31.52010911111111,122.79830133333333,1.5,107.0,2017-08-05 01:31:57,围网
6642,31.519803555555548,122.80385688888887,1.0,0.0,2017-08-05 01:42:09,围网
6642,31.51894244444444,122.81032911111113,2.9,106.0,2017-08-05 01:52:02,围网
6642,31.513859111111113,122.84935688888888,1.7,118.0,2017-08-05 03:01:58,围网
6642,31.494359111111113,122.87605133333334,1.1,180.0,2017-08-05 04:11:57,围网
6642,31.49008133333333,122.876468,1.9,167.0,2017-08-05 04:21:59,围网
6642,31.537636888888887,122.88505133333334,8.6,19.0,2017-08-05 05:12:03,围网
6642,31.55885911111111,122.8956068888889,4.9,3.0,2017-08-05 05:21:58,围网
6642,31.56385911111111,122.87685688888894,1.4,273.0,2017-08-05 05:52:34,围网
6642,31.566498,122.84110688888893,2.0,309.0,2017-08-05 06:51:56,围网
6642,31.569303555555557,122.83474577777778,1.7,282.0,2017-08-05 07:02:00,围网
6642,31.571192444444442,122.81555133333336,2.5,291.0,2017-08-05 07:31:57,围网
6642,31.572470222222233,122.80913466666668,2.2,280.0,2017-08-05 07:41:57,围网
6642,31.57369244444445,122.79685688888893,2.4,281.0,2017-08-05 08:02:36,围网
6642,31.577748,122.77927355555555,1.9,271.0,2017-08-05 08:31:57,围网
6642,31.578775777777786,122.77352355555556,1.8,271.0,2017-08-05 08:41:57,围网
6642,31.57972022222221,122.76788466666667,3.0,330.0,2017-08-05 08:52:05,围网
6642,31.588247999999997,122.7582457777778,1.2,325.0,2017-08-05 09:12:05,围网
6642,31.60035911111111,122.75216244444445,2.2,356.0,2017-08-05 09:31:58,围网
6642,31.58472022222222,122.75607911111106,6.9,175.0,2017-08-05 10:01:58,围网
6642,31.565248,122.758968,4.9,195.0,2017-08-05 10:12:02,围网
6642,31.57377577777779,122.75094022222223,1.5,314.0,2017-08-05 10:31:56,围网
6642,31.59222022222221,122.74524577777778,1.6,38.0,2017-08-05 11:11:57,围网
6642,31.600192444444453,122.75357911111112,2.2,68.0,2017-08-05 11:31:55,围网
6642,31.60583133333333,122.77052355555556,2.6,72.0,2017-08-05 12:02:26,围网
6642,31.607303555555553,122.79410688888888,1.6,83.0,2017-08-05 12:41:59,围网
6642,31.607998,122.80030133333334,1.6,84.0,2017-08-05 12:51:57,围网
6642,31.60872022222221,122.80638466666667,0.7,80.0,2017-08-05 13:02:06,围网
6642,31.60791466666667,122.80960688888894,3.9,257.0,2017-08-05 13:11:57,围网
6642,31.607470222222233,122.80941244444445,0.7,87.0,2017-08-05 13:21:59,围网
6642,31.61305355555556,122.80438466666666,7.4,324.0,2017-08-05 13:31:56,围网
6642,31.623497999999998,122.784718,3.5,200.0,2017-08-05 13:41:55,围网
6642,31.62233133333333,122.79313466666666,1.8,109.0,2017-08-05 13:51:56,围网
6642,31.621803555555548,122.79902355555555,1.5,78.0,2017-08-05 14:01:57,围网
6642,31.622497999999997,122.80477355555556,2.5,115.0,2017-08-05 14:11:56,围网
6642,31.621498,122.81094022222223,2.1,109.0,2017-08-05 14:21:56,围网
6642,31.620525777777768,122.81705133333334,2.2,108.0,2017-08-05 14:31:55,围网
6642,31.61919244444445,122.82313466666666,2.2,110.0,2017-08-05 14:41:57,围网
6642,31.61844244444445,122.82896799999999,2.4,104.0,2017-08-05 14:51:55,围网
6642,31.61763688888889,122.83485688888894,2.1,110.0,2017-08-05 15:02:03,围网
6642,31.616748,122.8406902222222,1.8,150.0,2017-08-05 15:11:55,围网
6642,31.615248,122.84652355555555,2.6,108.0,2017-08-05 15:21:55,围网
6642,31.613220222222232,122.85244022222223,1.9,108.0,2017-08-05 15:32:24,围网
6642,31.61158133333333,122.85777355555555,1.6,119.0,2017-08-05 15:41:56,围网
6642,31.608748,122.86291244444445,1.5,117.0,2017-08-05 15:51:55,围网
6642,31.60630355555556,122.8681902222222,1.7,114.0,2017-08-05 16:01:56,围网
6642,31.60308133333333,122.87307911111112,2.4,136.0,2017-08-05 16:11:54,围网
6642,31.59991466666667,122.87782911111113,2.8,134.0,2017-08-05 16:21:55,围网
6642,31.596664666666666,122.88230133333332,2.1,137.0,2017-08-05 16:31:55,围网
6642,31.59319244444445,122.88641244444445,1.1,135.0,2017-08-05 16:41:54,围网
6642,31.593248,122.883968,1.1,307.0,2017-08-05 16:51:55,围网
6642,31.590053555555553,122.88294022222223,2.2,214.0,2017-08-05 17:01:55,围网
6642,31.597275777777767,122.89155133333335,7.1,29.0,2017-08-05 17:11:55,围网
6642,31.607775777777785,122.90119022222223,0.9,251.0,2017-08-05 17:21:54,围网
6642,31.603748000000003,122.893468,1.9,251.0,2017-08-05 17:31:54,围网
6642,31.602109111111112,122.88777355555555,2.1,245.0,2017-08-05 17:41:54,围网
6642,31.60122022222221,122.88202355555555,1.1,0.0,2017-08-05 17:51:55,围网
6642,31.60074800000001,122.87577355555555,2.3,270.0,2017-08-05 18:02:24,围网
6642,31.600275777777767,122.87005133333334,2.4,271.0,2017-08-05 18:11:55,围网
6642,31.599803555555553,122.86399577777777,1.8,276.0,2017-08-05 18:21:55,围网
6642,31.599497999999997,122.85802355555555,1.8,265.0,2017-08-05 18:31:55,围网
6642,31.599998,122.85185688888888,1.8,282.0,2017-08-05 18:41:54,围网
6642,31.600970222222234,122.84585688888887,1.9,282.0,2017-08-05 18:51:54,围网
6642,31.601747999999997,122.83966244444444,2.0,276.0,2017-08-05 19:01:55,围网
6642,31.602442444444453,122.83341244444445,1.9,281.0,2017-08-05 19:11:54,围网
6642,31.603220222222234,122.82707911111108,1.7,278.0,2017-08-05 19:21:55,围网
6642,31.603859111111113,122.82069022222224,2.1,267.0,2017-08-05 19:31:59,围网
6642,31.604359111111112,122.81441244444444,2.3,272.0,2017-08-05 19:41:55,围网
6642,31.604775777777785,122.808218,1.3,245.0,2017-08-05 19:51:54,围网
6642,31.58385911111111,122.78207911111113,2.6,324.0,2017-08-05 21:31:56,围网
6642,31.58944244444444,122.76619022222219,2.2,313.0,2017-08-05 22:01:55,围网
6642,31.591775777777766,122.76127355555555,0.9,0.0,2017-08-05 22:11:54,围网
6642,31.59469244444444,122.75663466666668,1.2,327.0,2017-08-05 22:21:54,围网
6642,31.596359111111113,122.75185688888894,0.9,314.0,2017-08-05 22:31:56,围网
6642,31.60202577777777,122.749468,2.7,3.0,2017-08-05 22:41:54,围网
6642,31.608275777777767,122.75085688888893,2.5,29.0,2017-08-05 22:51:54,围网
6642,31.613998,122.754718,2.0,33.0,2017-08-05 23:02:05,围网
6642,31.618664666666664,122.75982911111113,2.5,38.0,2017-08-05 23:11:54,围网
6642,31.62208133333333,122.76585688888888,1.7,60.0,2017-08-05 23:22:25,围网
6642,31.624498,122.7714402222222,1.9,70.0,2017-08-05 23:31:56,围网
6642,31.624470222222207,122.77780133333334,1.4,71.0,2017-08-05 23:41:53,围网
6642,31.622053555555553,122.78216244444445,2.0,102.0,2017-08-05 23:51:56,围网
6642,31.621414666666666,122.78799577777778,1.9,93.0,2017-08-06 00:01:54,围网
6642,31.625775777777786,122.79346799999999,2.3,35.0,2017-08-06 00:11:54,围网
6642,31.629248,122.79727355555555,2.6,198.0,2017-08-06 00:21:54,围网
6642,31.628275777777766,122.79660688888887,2.3,44.0,2017-08-06 00:31:53,围网
6642,31.624498,122.79863466666669,7.4,161.0,2017-08-06 00:41:52,围网
6642,31.617859111111112,122.80288466666669,4.4,45.0,2017-08-06 00:51:53,围网
6642,31.620525777777768,122.80888466666669,2.7,0.0,2017-08-06 01:01:54,围网
6642,31.62277577777777,122.8152457777778,2.6,129.0,2017-08-06 01:11:53,围网
6642,31.622636888888888,122.82269022222222,2.4,96.0,2017-08-06 01:22:08,围网
6642,31.62333133333333,122.82894022222223,2.5,38.0,2017-08-06 01:31:53,围网
6642,31.624303555555556,122.83546799999999,2.2,89.0,2017-08-06 01:41:53,围网
6642,31.624303555555556,122.84199577777778,1.8,110.0,2017-08-06 01:51:54,围网
6642,31.62433133333333,122.8484402222222,2.4,98.0,2017-08-06 02:01:54,围网
6642,31.62560911111111,122.854468,3.1,105.0,2017-08-06 02:11:52,围网
6642,31.62516466666667,122.8609957777778,2.0,110.0,2017-08-06 02:21:52,围网
6642,31.625275777777766,122.86735688888888,1.9,78.0,2017-08-06 02:31:51,围网
6642,31.625747999999998,122.87352355555555,2.2,92.0,2017-08-06 02:41:53,围网
6642,31.62491466666667,122.87985688888888,1.8,118.0,2017-08-06 02:51:53,围网
6642,31.624609111111113,122.88613466666666,2.8,91.0,2017-08-06 03:02:16,围网
6642,31.625053555555553,122.89185688888894,2.6,97.0,2017-08-06 03:11:53,围网
6642,31.625442444444445,122.89757911111113,1.4,91.0,2017-08-06 03:21:53,围网
6642,31.62516466666667,122.90332911111112,1.7,91.0,2017-08-06 03:31:52,围网
6642,31.623859111111113,122.90910688888893,2.1,111.0,2017-08-06 03:41:56,围网
6642,31.622164666666666,122.91452355555555,1.4,95.0,2017-08-06 03:51:54,围网
6642,31.62063688888889,122.91980133333334,2.3,122.0,2017-08-06 04:01:54,围网
6642,31.618803555555555,122.92488466666669,2.3,109.0,2017-08-06 04:11:54,围网
6642,31.615664666666664,122.92921799999999,1.5,120.0,2017-08-06 04:21:52,围网
6642,31.61266466666667,122.93341244444444,1.7,144.0,2017-08-06 04:31:53,围网
6642,31.613025777777786,122.93077355555555,2.3,302.0,2017-08-06 04:41:52,围网
6642,31.611942444444445,122.93130133333337,1.3,178.0,2017-08-06 04:51:52,围网
6642,31.603136888888887,122.92016244444444,8.5,222.0,2017-08-06 05:01:53,围网
6642,31.58619244444445,122.89827355555555,9.7,203.0,2017-08-06 05:11:51,围网
6642,31.566748,122.87766244444445,9.6,217.0,2017-08-06 05:21:51,围网
6642,31.54808133333333,122.85594022222222,9.5,228.0,2017-08-06 05:31:53,围网
6642,31.53180355555556,122.83291244444445,9.6,243.0,2017-08-06 05:41:52,围网
6642,31.515248,122.81007911111112,8.3,249.0,2017-08-06 05:52:06,围网
6642,31.49883133333333,122.79052355555555,8.2,214.0,2017-08-06 06:01:53,围网
6642,31.482998,122.77155133333336,8.2,226.0,2017-08-06 06:11:52,围网
6642,31.46772022222222,122.75260688888888,7.8,226.0,2017-08-06 06:21:52,围网
6642,31.45383133333333,122.73132911111112,8.0,238.0,2017-08-06 06:31:53,围网
6642,31.441664666666664,122.70835688888893,8.6,231.0,2017-08-06 06:41:53,围网
6642,31.42883133333333,122.68613466666667,8.9,261.0,2017-08-06 06:51:51,围网
6642,31.413859111111112,122.66541244444444,8.5,226.0,2017-08-06 07:01:53,围网
6642,31.39858133333333,122.64510688888893,8.4,219.0,2017-08-06 07:11:52,围网
6642,31.38760911111111,122.62760688888888,8.3,237.0,2017-08-06 07:21:52,围网
6642,31.380136888888888,122.60288466666668,8.3,229.0,2017-08-06 07:31:52,围网
6642,31.374025777777767,122.57649577777778,8.2,269.0,2017-08-06 07:41:55,围网
6642,31.372636888888888,122.54771799999999,9.5,257.0,2017-08-06 07:51:53,围网
6642,31.371553555555558,122.51755133333334,8.8,287.0,2017-08-06 08:02:19,围网
6642,31.372803555555553,122.48838466666668,9.5,272.0,2017-08-06 08:11:53,围网
6642,31.37377577777778,122.45713466666668,9.6,278.0,2017-08-06 08:21:53,围网
6642,31.374692444444445,122.42538466666667,9.7,264.0,2017-08-06 08:31:52,围网
6642,31.37435911111111,122.39302355555556,10.3,256.0,2017-08-06 08:41:51,围网
6642,31.37213688888889,122.35960688888888,10.9,270.0,2017-08-06 08:51:53,围网
6642,31.37383133333333,122.32644022222222,11.1,266.0,2017-08-06 09:01:53,围网
6642,31.37210911111111,122.29263466666669,9.7,269.0,2017-08-06 09:11:55,围网
6642,31.369359111111113,122.26163466666668,8.8,264.0,2017-08-06 09:21:52,围网
6642,31.370748,122.23135688888893,9.2,257.0,2017-08-06 09:31:51,围网
6642,31.37158133333333,122.20110688888893,9.2,267.0,2017-08-06 09:41:52,围网
6642,31.37266466666667,122.1717457777778,8.8,254.0,2017-08-06 09:51:53,围网
6642,31.371247999999998,122.14157911111113,11.1,271.0,2017-08-06 10:01:52,围网
6642,31.372275777777766,122.10846799999999,10.6,267.0,2017-08-06 10:11:56,围网
6642,31.37269244444445,122.07591244444444,9.9,263.0,2017-08-06 10:21:52,围网
6642,31.37119244444445,122.045718,9.1,267.0,2017-08-06 10:31:53,围网
6642,31.37060911111111,122.01466244444444,9.6,275.0,2017-08-06 10:42:07,围网
6642,31.372275777777766,121.98344022222223,10.1,277.0,2017-08-06 10:51:52,围网
6642,31.37383133333333,121.95182911111112,9.7,274.0,2017-08-06 11:01:53,围网
6642,31.37258133333333,121.92082911111113,9.3,281.0,2017-08-06 11:11:53,围网
6642,31.37397022222222,121.89146799999999,9.1,274.0,2017-08-06 11:21:51,围网
6642,31.37966466666667,121.86260688888888,9.1,283.0,2017-08-06 11:31:52,围网
6642,31.38622022222221,121.8337457777778,9.3,282.0,2017-08-06 11:41:54,围网
6642,31.389248,121.80502355555555,8.8,264.0,2017-08-06 11:51:53,围网
6642,31.37533133333333,121.7889957777778,7.4,165.0,2017-08-06 12:01:52,围网
6642,31.356053555555555,121.79155133333336,2.3,172.0,2017-08-06 12:11:51,围网
6642,31.35555355555556,121.79152355555556,0.1,0.0,2017-08-06 12:21:52,围网
6642,31.35555355555556,121.79155133333336,0.1,0.0,2017-08-06 12:31:52,围网
6642,31.35555355555556,121.79155133333336,0.0,0.0,2017-08-06 12:41:53,围网
6642,31.35555355555556,121.79155133333336,0.0,0.0,2017-08-06 12:51:51,围网
6642,31.355525777777785,121.79152355555556,0.0,0.0,2017-08-06 13:01:51,围网
6642,31.35558133333333,121.79152355555556,0.0,0.0,2017-08-06 13:11:51,围网
6642,31.35558133333333,121.79149577777778,0.0,0.0,2017-08-06 13:21:54,围网
6642,31.35555355555556,121.79141244444445,0.0,0.0,2017-08-06 13:31:52,围网
6642,31.35558133333333,121.79135688888887,0.4,0.0,2017-08-06 13:41:50,围网
6642,31.35558133333333,121.79141244444445,0.1,0.0,2017-08-06 13:51:50,围网
6642,31.355442444444453,121.79157911111112,0.0,0.0,2017-08-06 14:02:13,围网
6642,31.355470222222234,121.79169022222223,2.3,30.0,2017-08-06 14:11:52,围网
6642,31.35308133333333,121.79213466666668,0.1,0.0,2017-08-06 14:21:51,围网
6642,31.352998,121.79210688888894,0.4,0.0,2017-08-06 14:31:51,围网
6642,31.353025777777766,121.79210688888894,0.2,0.0,2017-08-06 14:41:50,围网
6642,31.353025777777766,121.79202355555556,0.0,0.0,2017-08-06 14:51:50,围网
6642,31.355359111111113,121.79210688888894,2.7,7.0,2017-08-06 15:02:05,围网
6642,31.36169244444445,121.79227355555555,2.2,3.0,2017-08-06 15:11:50,围网
6642,31.36733133333333,121.7917457777778,2.2,5.0,2017-08-06 15:21:53,围网
6642,31.37219244444445,121.7904957777778,0.1,0.0,2017-08-06 15:31:51,围网
6642,31.372220222222207,121.79057911111113,0.1,0.0,2017-08-06 15:41:50,围网
6642,31.37219244444445,121.7904957777778,0.0,0.0,2017-08-06 15:51:50,围网
6642,31.37219244444445,121.7904957777778,0.1,0.0,2017-08-06 16:01:52,围网
6642,31.372497999999997,121.7904957777778,0.3,0.0,2017-08-06 16:11:50,围网
6642,31.386748,121.79627355555556,8.6,62.0,2017-08-06 16:21:51,围网
6642,31.38833133333333,121.82969022222223,10.6,99.0,2017-08-06 16:31:55,围网
6642,31.37960911111111,121.86380133333334,11.3,115.0,2017-08-06 16:41:54,围网
6642,31.37366466666667,121.89913466666668,10.4,92.0,2017-08-06 16:51:51,围网
6642,31.37308133333333,121.93391244444445,10.6,95.0,2017-08-06 17:01:51,围网
6642,31.37335911111111,121.9674957777778,10.2,92.0,2017-08-06 17:11:52,围网
6642,31.37158133333333,122.00285688888887,11.1,92.0,2017-08-06 17:21:50,围网
6642,31.37130355555556,122.0386902222222,10.8,85.0,2017-08-06 17:31:52,围网
6642,31.371748,122.07277355555556,10.3,84.0,2017-08-06 17:41:51,围网
6642,31.370748,122.10613466666666,9.8,99.0,2017-08-06 17:51:53,围网
6642,31.36960911111111,122.1692457777778,8.1,92.0,2017-08-06 18:11:49,围网
6642,31.36872022222222,122.19905133333334,9.1,96.0,2017-08-06 18:21:59,围网
6642,31.36885911111111,122.22680133333334,8.5,110.0,2017-08-06 18:31:55,围网
6642,31.368553555555554,122.25180133333332,7.4,73.0,2017-08-06 18:41:49,围网
6642,31.37185911111111,122.27530133333336,7.0,74.0,2017-08-06 18:51:56,围网
6642,31.37735911111111,122.29727355555555,7.0,74.0,2017-08-06 19:01:50,围网
6642,31.38108133333333,122.32035688888888,7.1,87.0,2017-08-06 19:11:49,围网
6642,31.38422022222222,122.344218,7.2,67.0,2017-08-06 19:21:50,围网
6642,31.389359111111112,122.36741244444444,7.2,80.0,2017-08-06 19:31:49,围网
6642,31.39144244444445,122.38902355555555,7.4,81.0,2017-08-06 19:41:50,围网
6642,31.39522022222221,122.41077355555555,6.7,82.0,2017-08-06 19:51:50,围网
6642,31.397775777777767,122.43355133333334,7.5,82.0,2017-08-06 20:01:50,围网
6642,31.40233133333333,122.45644022222223,7.0,88.0,2017-08-06 20:11:56,围网
6642,31.41510911111111,122.47382911111113,7.5,73.0,2017-08-06 20:21:49,围网
6642,31.41885911111111,122.49763466666668,7.9,69.0,2017-08-06 20:31:59,围网
6642,31.42288688888889,122.52166244444444,7.8,89.0,2017-08-06 20:41:54,围网
6642,31.429886888888888,122.54385688888887,7.5,74.0,2017-08-06 20:51:52,围网
6642,31.436998,122.56741244444444,8.2,67.0,2017-08-06 21:01:54,围网
6642,31.44255355555556,122.5899957777778,5.9,81.0,2017-08-06 21:11:50,围网
6642,31.446386888888888,122.59827355555555,6.0,69.0,2017-08-06 21:21:50,围网
6642,31.450998,122.59841244444445,1.5,344.0,2017-08-06 21:31:52,围网
6642,31.455775777777767,122.59402355555555,2.6,328.0,2017-08-06 21:41:56,围网
6642,31.459664666666665,122.59160688888888,5.3,131.0,2017-08-06 21:51:50,围网
6642,31.46419244444445,122.59755133333331,7.1,70.0,2017-08-06 22:02:12,围网
6642,31.465803555555553,122.61935688888887,7.2,72.0,2017-08-06 22:11:49,围网
6642,31.466303555555548,122.64196800000002,6.8,94.0,2017-08-06 22:21:48,围网
6642,31.469136888888887,122.66424577777778,7.3,69.0,2017-08-06 22:31:50,围网
6642,31.481247999999997,122.68582911111113,7.6,38.0,2017-08-06 22:41:52,围网
6642,31.48791466666667,122.69052355555556,7.1,73.0,2017-08-06 22:51:53,围网
6642,31.49010911111111,122.71510688888893,8.5,87.0,2017-08-06 23:01:53,围网
6642,31.49019244444445,122.74032911111112,8.6,88.0,2017-08-06 23:11:50,围网
6642,31.48710911111111,122.76582911111113,7.1,108.0,2017-08-06 23:21:52,围网
6642,31.483497999999997,122.79210688888894,8.9,90.0,2017-08-06 23:31:51,围网
6642,31.492859111111112,122.81974577777778,9.8,74.0,2017-08-06 23:41:53,围网
6642,31.50210911111111,122.84813466666668,9.4,78.0,2017-08-06 23:51:53,围网
6642,31.50452577777777,122.87710688888887,9.2,85.0,2017-08-07 00:01:50,围网
6642,31.505636888888887,122.90632911111112,9.2,87.0,2017-08-07 00:11:55,围网
6642,31.501247999999997,122.92652355555555,4.9,121.0,2017-08-07 00:21:52,围网
6642,31.50016466666667,122.93516244444444,4.4,99.0,2017-08-07 00:31:49,围网
6642,31.498803555555554,122.94330133333334,3.0,95.0,2017-08-07 00:41:48,围网
6642,31.49858133333333,122.94977355555555,2.2,0.0,2017-08-07 00:51:49,围网
6642,31.49883133333333,122.95607911111112,2.7,88.0,2017-08-07 01:01:50,围网
6642,31.500525777777767,122.96241244444445,2.8,67.0,2017-08-07 01:11:52,围网
6642,31.502248,122.96860688888893,2.1,78.0,2017-08-07 01:22:07,围网
6642,31.50358133333333,122.97463466666667,2.2,66.0,2017-08-07 01:31:48,围网
6642,31.50491466666667,122.98088466666668,2.0,94.0,2017-08-07 01:41:55,围网
6642,31.504998,122.98757911111113,2.2,112.0,2017-08-07 01:51:49,围网
6642,31.504886888888887,122.9942457777778,2.0,91.0,2017-08-07 02:01:49,围网
6642,31.505303555555553,123.00074577777781,1.9,77.0,2017-08-07 02:11:48,围网
6642,31.50580355555556,123.00719022222222,1.9,100.0,2017-08-07 02:21:48,围网
6642,31.505636888888887,123.01380133333336,1.8,72.0,2017-08-07 02:31:50,围网
6642,31.50583133333333,123.02024577777777,2.0,105.0,2017-08-07 02:41:48,围网
6642,31.50608133333333,123.02663466666668,2.3,99.0,2017-08-07 02:51:48,围网
6642,31.506053555555553,123.03302355555556,1.9,81.0,2017-08-07 03:01:48,围网
6642,31.50622022222222,123.03932911111113,2.5,92.0,2017-08-07 03:11:49,围网
6642,31.506498,123.04541244444445,2.1,100.0,2017-08-07 03:21:51,围网
6642,31.506386888888887,123.051468,2.2,104.0,2017-08-07 03:31:52,围网
6642,31.50535911111111,123.057718,2.6,84.0,2017-08-07 03:41:51,围网
6642,31.50355355555555,123.06377355555556,2.0,93.0,2017-08-07 03:51:49,围网
6642,31.50008133333333,123.07577355555556,1.7,112.0,2017-08-07 04:11:47,围网
6642,31.49860911111111,123.08155133333334,2.4,117.0,2017-08-07 04:21:48,围网
6642,31.496692444444445,123.08716244444444,1.5,96.0,2017-08-07 04:31:49,围网
6642,31.494803555555553,123.09266244444444,2.2,120.0,2017-08-07 04:41:50,围网
6642,31.492803555555554,123.09788466666667,1.3,96.0,2017-08-07 04:51:47,围网
6642,31.490553555555554,123.10288466666668,1.2,107.0,2017-08-07 05:01:49,围网
6642,31.48763688888889,123.10416244444444,3.2,287.0,2017-08-07 05:11:54,围网
6642,31.486748,123.10216244444445,1.8,182.0,2017-08-07 05:21:51,围网
6642,31.485275777777765,123.10310688888887,3.9,341.0,2017-08-07 05:31:47,围网
6642,31.490664666666664,123.10277355555556,6.5,283.0,2017-08-07 05:41:48,围网
6642,31.488664666666665,123.09594022222224,2.2,228.0,2017-08-07 05:51:49,围网
6642,31.483859111111112,123.0922457777778,2.2,221.0,2017-08-07 06:01:48,围网
6642,31.480303555555547,123.08757911111113,1.8,218.0,2017-08-07 06:11:49,围网
6642,31.47719244444444,123.08266244444445,2.8,206.0,2017-08-07 06:21:47,围网
6642,31.47413688888889,123.07780133333334,2.1,225.0,2017-08-07 06:31:48,围网
6642,31.47097022222221,123.07274577777777,2.0,224.0,2017-08-07 06:41:48,围网
6642,31.468220222222207,123.06727355555556,2.4,263.0,2017-08-07 06:51:47,围网
6642,31.466859111111113,123.06044022222223,2.3,255.0,2017-08-07 07:01:47,围网
6642,31.465053555555553,123.05391244444445,0.8,0.0,2017-08-07 07:11:47,围网
6642,31.46572022222221,123.04660688888887,2.5,240.0,2017-08-07 07:21:47,围网
6642,31.465748,123.03966244444445,2.0,286.0,2017-08-07 07:31:50,围网
6642,31.46585911111111,123.03280133333334,2.1,0.0,2017-08-07 07:41:48,围网
6642,31.466164666666664,123.02538466666668,2.2,269.0,2017-08-07 07:52:38,围网
6642,31.46647022222221,123.01924577777778,2.4,286.0,2017-08-07 08:01:47,围网
6642,31.466720222222207,123.01252355555556,2.4,281.0,2017-08-07 08:11:48,围网
6642,31.46710911111111,123.00591244444445,1.7,254.0,2017-08-07 08:21:48,围网
6642,31.467025777777767,122.99957911111113,1.7,270.0,2017-08-07 08:31:49,围网
6642,31.46738688888889,122.9931902222222,1.3,276.0,2017-08-07 08:41:47,围网
6642,31.46785911111111,122.98674577777778,2.3,286.0,2017-08-07 08:51:46,围网
6642,31.468220222222207,122.98052355555555,1.9,281.0,2017-08-07 09:01:47,围网
6642,31.46883133333333,122.97424577777778,1.9,279.0,2017-08-07 09:11:46,围网
6642,31.469803555555547,122.96785688888887,1.7,281.0,2017-08-07 09:21:46,围网
6642,31.470498,122.96185688888893,2.4,284.0,2017-08-07 09:31:47,围网
6642,31.47116466666667,122.9559957777778,1.6,287.0,2017-08-07 09:41:46,围网
6642,31.472081333333332,122.95024577777778,1.8,287.0,2017-08-07 09:51:46,围网
6642,31.473914666666666,122.94391244444445,2.0,297.0,2017-08-07 10:02:43,围网
6642,31.475748,122.93857911111112,1.9,288.0,2017-08-07 10:11:47,围网
6642,31.47683133333333,122.9329957777778,1.3,275.0,2017-08-07 10:21:46,围网
6642,31.477970222222233,122.92763466666668,2.7,288.0,2017-08-07 10:31:46,围网
6642,31.479748,122.92232911111113,2.6,305.0,2017-08-07 10:41:46,围网
6642,31.482470222222233,122.91716244444444,1.7,302.0,2017-08-07 10:51:46,围网
6642,31.484803555555555,122.91219022222224,1.8,307.0,2017-08-07 11:01:47,围网
6642,31.48710911111111,122.90738466666667,1.2,296.0,2017-08-07 11:11:47,围网
6642,31.49041466666667,122.90313466666667,1.3,317.0,2017-08-07 11:21:45,围网
6642,31.49188688888889,122.90555133333336,3.5,163.0,2017-08-07 11:31:45,围网
6642,31.494998,122.90582911111113,1.0,3.0,2017-08-07 11:41:45,围网
6642,31.49994244444445,122.9149957777778,9.2,76.0,2017-08-07 11:51:45,围网
6642,31.508775777777768,122.93874577777778,8.6,59.0,2017-08-07 12:01:46,围网
6642,31.518386888888887,122.96563466666667,9.3,61.0,2017-08-07 12:11:49,围网
6642,31.52960911111111,122.99327355555555,9.6,68.0,2017-08-07 12:21:49,围网
6642,31.544386888888887,123.01827355555555,9.6,54.0,2017-08-07 12:31:45,围网
6642,31.56394244444445,123.037718,9.0,37.0,2017-08-07 12:41:46,围网
6642,31.586748,123.05077355555555,8.8,26.0,2017-08-07 12:51:45,围网
6642,31.610775777777786,123.05763466666669,9.0,14.0,2017-08-07 13:01:46,围网
6642,31.629414666666666,123.060718,1.8,134.0,2017-08-07 13:11:48,围网
6642,31.62497022222221,123.06852355555556,3.1,58.0,2017-08-07 13:22:02,围网
6642,31.626136888888887,123.07605133333334,2.5,103.0,2017-08-07 13:31:46,围网
6642,31.62555355555555,123.08327355555555,2.2,100.0,2017-08-07 13:41:46,围网
6642,31.624720222222226,123.09024577777778,2.2,99.0,2017-08-07 13:51:45,围网
6642,31.623859111111113,123.097218,3.0,106.0,2017-08-07 14:01:46,围网
6642,31.623553555555556,123.10405133333336,2.0,86.0,2017-08-07 14:11:46,围网
6642,31.62308133333333,123.11088466666666,2.2,95.0,2017-08-07 14:21:46,围网
6642,31.62233133333333,123.11780133333332,2.2,99.0,2017-08-07 14:31:46,围网
6642,31.621748,123.1246902222222,2.0,89.0,2017-08-07 14:41:45,围网
6642,31.62110911111111,123.1314402222222,2.4,101.0,2017-08-07 14:51:46,围网
6642,31.620720222222207,123.13813466666667,1.5,92.0,2017-08-07 15:01:46,围网
6642,31.620470222222234,123.14463466666668,2.3,95.0,2017-08-07 15:11:47,围网
6642,31.619775777777768,123.15113466666668,2.2,106.0,2017-08-07 15:21:45,围网
6642,31.61852577777778,123.15766244444448,2.3,107.0,2017-08-07 15:31:49,围网
6642,31.617247999999996,123.16407911111112,2.3,101.0,2017-08-07 15:41:45,围网
6642,31.615414666666666,123.170468,2.4,109.0,2017-08-07 15:51:45,围网
6642,31.613442444444445,123.17696800000002,2.3,110.0,2017-08-07 16:02:08,围网
6642,31.61158133333333,123.18294022222223,1.3,109.0,2017-08-07 16:11:45,围网
6642,31.609498,123.18894022222223,2.8,116.0,2017-08-07 16:21:44,围网
6642,31.607248,123.19474577777778,1.9,114.0,2017-08-07 16:31:44,围网
6642,31.604359111111112,123.20038466666668,1.4,126.0,2017-08-07 16:41:46,围网
6642,31.601581333333336,123.20585688888893,1.2,122.0,2017-08-07 16:51:45,围网
6642,31.597942444444445,123.21091244444445,2.0,143.0,2017-08-07 17:01:45,围网
6642,31.593248,123.21552355555555,2.4,138.0,2017-08-07 17:11:45,围网
6642,31.58994244444445,123.22057911111112,2.2,92.0,2017-08-07 17:21:44,围网
6642,31.58458133333333,123.22394022222224,1.8,159.0,2017-08-07 17:31:45,围网
6642,31.57983133333333,123.22782911111112,1.5,143.0,2017-08-07 17:41:47,围网
6642,31.57463688888889,123.23080133333332,3.3,173.0,2017-08-07 17:51:51,围网
6642,31.574498,123.2282457777778,1.8,194.0,2017-08-07 18:01:45,围网
6642,31.56858133333333,123.22621799999999,2.7,195.0,2017-08-07 18:11:44,围网
6642,31.579164666666664,123.22882911111112,6.5,22.0,2017-08-07 18:22:07,围网
6642,31.594748,123.23694022222223,6.3,16.0,2017-08-07 18:31:45,围网
6642,31.61319244444445,123.23880133333334,7.1,351.0,2017-08-07 18:41:45,围网
6642,31.62288688888889,123.23057911111113,2.9,261.0,2017-08-07 18:51:45,围网
6642,31.62158133333333,123.2234957777778,2.1,257.0,2017-08-07 19:01:45,围网
6642,31.61905355555556,123.21730133333334,1.9,253.0,2017-08-07 19:11:45,围网
6642,31.616775777777768,123.21091244444445,2.2,249.0,2017-08-07 19:21:45,围网
6642,31.614497999999998,123.20482911111112,2.3,258.0,2017-08-07 19:31:44,围网
6642,31.61263688888889,123.19841244444444,2.1,260.0,2017-08-07 19:41:45,围网
6642,31.61160911111111,123.19155133333336,2.1,266.0,2017-08-07 19:51:44,围网
6642,31.61097022222223,123.18466244444444,1.9,244.0,2017-08-07 20:01:46,围网
6642,31.610775777777786,123.17780133333336,1.8,257.0,2017-08-07 20:11:45,围网
6642,31.610998,123.17063466666669,1.9,278.0,2017-08-07 20:21:44,围网
6642,31.61188688888889,123.16371800000002,2.1,273.0,2017-08-07 20:31:44,围网
6642,31.61305355555556,123.15685688888892,1.6,280.0,2017-08-07 20:41:43,围网
6642,31.613998,123.15019022222224,1.9,264.0,2017-08-07 20:51:43,围网
6642,31.61510911111111,123.1434957777778,1.8,268.0,2017-08-07 21:01:44,围网
6642,31.61688688888889,123.13688466666666,1.9,296.0,2017-08-07 21:11:43,围网
6642,31.618220222222234,123.130468,2.2,307.0,2017-08-07 21:21:43,围网
6642,31.619970222222207,123.12427355555555,1.9,251.0,2017-08-07 21:31:47,围网
6642,31.620220222222233,123.11791244444444,1.0,0.0,2017-08-07 21:41:45,围网
6642,31.62088688888889,123.11177355555556,1.1,0.0,2017-08-07 21:51:43,围网
6642,31.622303555555554,123.10530133333332,2.8,299.0,2017-08-07 22:02:15,围网
6642,31.62383133333333,123.09941244444444,1.8,287.0,2017-08-07 22:11:46,围网
6642,31.625275777777766,123.09341244444445,1.4,282.0,2017-08-07 22:21:43,围网
6642,31.62644244444445,123.0876902222222,1.4,272.0,2017-08-07 22:31:47,围网
6642,31.62791466666667,123.082218,1.6,286.0,2017-08-07 22:41:44,围网
6642,31.629748,123.07688466666669,2.2,300.0,2017-08-07 22:51:43,围网
6642,31.631331333333332,123.07171799999999,1.4,299.0,2017-08-07 23:01:45,围网
6642,31.634025777777786,123.06680133333332,0.9,297.0,2017-08-07 23:11:44,围网
6642,31.63688688888889,123.06216244444445,1.7,325.0,2017-08-07 23:21:43,围网
6642,31.640470222222234,123.05805133333334,2.1,320.0,2017-08-07 23:31:44,围网
6642,31.64408133333333,123.05413466666668,1.9,322.0,2017-08-07 23:41:44,围网
6642,31.64794244444445,123.05060688888894,1.5,325.0,2017-08-07 23:51:46,围网
6642,31.652386888888888,123.04788466666668,1.5,347.0,2017-08-08 00:01:46,围网
6642,31.657636888888888,123.04685688888893,2.3,7.0,2017-08-08 00:11:44,围网
6642,31.66208133333333,123.05030133333334,2.8,159.0,2017-08-08 00:21:43,围网
6642,31.659664666666664,123.05116244444444,1.7,84.0,2017-08-08 00:31:44,围网
6642,31.65408133333333,123.05169022222223,6.3,191.0,2017-08-08 00:41:45,围网
6642,31.634359111111113,123.05069022222223,6.5,173.0,2017-08-08 00:51:43,围网
6642,31.62810911111111,123.0519957777778,3.8,147.0,2017-08-08 01:01:47,围网
6642,31.62794244444445,123.06030133333334,2.6,96.0,2017-08-08 01:11:44,围网
6642,31.628664666666666,123.06746799999999,2.4,74.0,2017-08-08 01:22:08,围网
6642,31.630914666666666,123.07349577777781,1.8,54.0,2017-08-08 01:31:42,围网
6642,31.634359111111113,123.07860688888893,1.9,56.0,2017-08-08 01:41:43,围网
6642,31.63685911111111,123.08441244444445,2.0,81.0,2017-08-08 01:51:44,围网
6642,31.63760911111111,123.09135688888887,2.1,92.0,2017-08-08 02:01:42,围网
6642,31.63777577777777,123.09832911111113,2.4,95.0,2017-08-08 02:11:45,围网
6642,31.63794244444445,123.10527355555556,2.3,103.0,2017-08-08 02:21:45,围网
6642,31.637970222222233,123.11232911111112,2.2,92.0,2017-08-08 02:31:45,围网
6642,31.637748,123.11941244444445,2.9,115.0,2017-08-08 02:41:42,围网
6642,31.63758133333333,123.12638466666668,1.9,83.0,2017-08-08 02:51:45,围网
6642,31.63788688888889,123.133218,2.5,107.0,2017-08-08 03:01:44,围网
6642,31.63808133333333,123.13991244444445,1.8,85.0,2017-08-08 03:11:43,围网
6642,31.638164666666665,123.14669022222223,2.7,107.0,2017-08-08 03:21:43,围网
6642,31.637525777777768,123.15352355555555,2.3,108.0,2017-08-08 03:31:44,围网
6642,31.63683133333333,123.15996799999999,2.0,79.0,2017-08-08 03:41:43,围网
6642,31.633886888888888,123.16591244444444,4.1,164.0,2017-08-08 03:51:42,围网
6642,31.62705355555555,123.1684957777778,2.0,169.0,2017-08-08 04:02:07,围网
6642,31.615775777777767,123.16888466666668,1.2,183.0,2017-08-08 04:21:42,围网
6642,31.61022022222221,123.16919022222223,1.8,184.0,2017-08-08 04:31:43,围网
6642,31.60497022222221,123.1729957777778,2.2,122.0,2017-08-08 04:41:43,围网
6642,31.601164666666666,123.17841244444445,2.3,112.0,2017-08-08 04:51:43,围网
6642,31.598664666666664,123.18419022222223,2.0,118.0,2017-08-08 05:01:42,围网
6642,31.59694244444444,123.18977355555555,2.0,105.0,2017-08-08 05:11:42,围网
6642,31.595664666666664,123.19505133333334,1.6,113.0,2017-08-08 05:21:45,围网
6642,31.59394244444444,123.19988466666668,1.3,124.0,2017-08-08 05:31:42,围网
6642,31.591775777777766,123.20441244444444,1.8,137.0,2017-08-08 05:41:43,围网
6642,31.58733133333333,123.20741244444444,2.1,158.0,2017-08-08 05:51:42,围网
6642,31.582442444444442,123.20905133333336,1.9,179.0,2017-08-08 06:01:42,围网
6642,31.580553555555554,123.2089402222222,3.3,319.0,2017-08-08 06:11:45,围网
6642,31.580914666666665,123.20760688888893,0.4,173.0,2017-08-08 06:21:44,围网
6642,31.582525777777768,123.21174577777781,8.3,44.0,2017-08-08 06:31:44,围网
6642,31.59760911111111,123.23135688888893,7.6,316.0,2017-08-08 06:41:43,围网
6642,31.597997999999997,123.22319022222223,1.7,49.0,2017-08-08 06:51:44,围网
6642,31.596053555555553,123.2279957777778,1.0,175.0,2017-08-08 07:02:11,围网
6642,31.593248,123.23696799999999,7.8,161.0,2017-08-08 07:11:42,围网
6642,31.59069244444445,123.231218,2.1,284.0,2017-08-08 07:21:42,围网
6642,31.590303555555554,123.22463466666667,1.7,262.0,2017-08-08 07:31:43,围网
6642,31.588748,123.21824577777781,2.3,259.0,2017-08-08 07:41:43,围网
6642,31.588164666666664,123.21171799999999,2.1,273.0,2017-08-08 07:51:42,围网
6642,31.588053555555554,123.20494022222223,2.5,264.0,2017-08-08 08:01:43,围网
6642,31.587498,123.19827355555556,2.3,281.0,2017-08-08 08:11:42,围网
6642,31.587636888888888,123.1914957777778,2.6,261.0,2017-08-08 08:21:42,围网
6642,31.588192444444445,123.18469022222223,2.0,279.0,2017-08-08 08:31:43,围网
6642,31.58883133333333,123.17805133333334,1.6,277.0,2017-08-08 08:41:43,围网
6642,31.58972022222222,123.1711902222222,2.1,283.0,2017-08-08 08:51:42,围网
6642,31.591164666666664,123.1644957777778,2.3,291.0,2017-08-08 09:01:43,围网
6642,31.591164666666664,123.15816244444444,1.8,245.0,2017-08-08 09:11:42,围网
6642,31.590998,123.15219022222223,3.2,306.0,2017-08-08 09:21:42,围网
6642,31.59238688888889,123.14571800000002,2.7,308.0,2017-08-08 09:31:41,围网
6642,31.593497999999997,123.13949577777778,2.6,303.0,2017-08-08 09:41:44,围网
6642,31.594164666666664,123.13355133333332,1.7,235.0,2017-08-08 09:51:43,围网
6642,31.59541466666667,123.12727355555555,1.8,284.0,2017-08-08 10:02:08,围网
6642,31.59585911111111,123.12185688888887,1.8,288.0,2017-08-08 10:11:42,围网
6642,31.597275777777767,123.11605133333332,1.4,266.0,2017-08-08 10:21:42,围网
6642,31.59849800000001,123.11052355555556,1.4,286.0,2017-08-08 10:31:41,围网
6642,31.600275777777767,123.1049957777778,1.9,289.0,2017-08-08 10:41:42,围网
6642,31.602053555555553,123.09966244444445,1.6,288.0,2017-08-08 10:51:41,围网
6642,31.604248,123.09446799999999,1.7,297.0,2017-08-08 11:01:42,围网
6642,31.60638688888889,123.08932911111113,1.5,283.0,2017-08-08 11:11:43,围网
6642,31.608442444444442,123.08424577777778,1.4,274.0,2017-08-08 11:21:42,围网
6642,31.610720222222234,123.07941244444444,1.4,300.0,2017-08-08 11:31:43,围网
6642,31.61372022222222,123.07482911111113,2.0,317.0,2017-08-08 11:41:41,围网
6642,31.61647022222222,123.07046799999999,1.5,305.0,2017-08-08 11:51:41,围网
6642,31.619775777777768,123.06666244444445,1.8,327.0,2017-08-08 12:01:42,围网
6642,31.62374800000001,123.06357911111112,1.7,314.0,2017-08-08 12:11:42,围网
6642,31.62794244444445,123.06113466666667,1.8,347.0,2017-08-08 12:21:41,围网
6642,31.626775777777766,123.06491244444445,1.7,102.0,2017-08-08 12:31:43,围网
6642,31.62816466666667,123.06613466666668,3.4,129.0,2017-08-08 12:41:41,围网
6642,31.61163688888889,123.06066244444445,7.0,188.0,2017-08-08 12:51:41,围网
6642,31.60591466666667,123.05063466666668,3.2,0.0,2017-08-08 13:01:42,围网
6642,31.612498,123.05602355555556,1.7,61.0,2017-08-08 13:11:41,围网
6642,31.614942444444445,123.06199577777778,1.9,64.0,2017-08-08 13:21:41,围网
6642,31.61672022222222,123.06838466666667,1.9,89.0,2017-08-08 13:31:48,围网
6642,31.618164666666665,123.07463466666668,2.5,80.0,2017-08-08 13:41:41,围网
6642,31.61908133333333,123.0809957777778,2.1,77.0,2017-08-08 13:51:41,围网
6642,31.619497999999997,123.08807911111113,1.8,82.0,2017-08-08 14:02:21,围网
6642,31.619442444444445,123.09430133333332,1.9,95.0,2017-08-08 14:11:40,围网
6642,31.619636888888888,123.10094022222222,1.9,82.0,2017-08-08 14:21:41,围网
6642,31.618470222222232,123.10766244444444,1.7,100.0,2017-08-08 14:31:40,围网
6642,31.618275777777786,123.11463466666667,2.5,100.0,2017-08-08 14:41:40,围网
6642,31.61791466666667,123.12157911111113,1.6,86.0,2017-08-08 14:51:41,围网
6642,31.617498,123.12835688888887,2.1,83.0,2017-08-08 15:01:41,围网
6642,31.61744244444445,123.13496799999999,2.0,80.0,2017-08-08 15:11:41,围网
6642,31.61733133333333,123.14135688888894,1.5,93.0,2017-08-08 15:21:40,围网
6642,31.616248,123.14810688888893,1.8,94.0,2017-08-08 15:31:42,围网
6642,31.615025777777767,123.15482911111113,2.3,84.0,2017-08-08 15:41:41,围网
6642,31.61460911111111,123.16119022222223,2.0,78.0,2017-08-08 15:51:41,围网
6642,31.614275777777767,123.16707911111112,2.5,100.0,2017-08-08 16:01:41,围网
6642,31.613692444444442,123.17305133333336,2.2,99.0,2017-08-08 16:11:41,围网
6642,31.612720222222233,123.17902355555556,1.9,110.0,2017-08-08 16:21:44,围网
6642,31.612053555555555,123.18455133333336,1.7,108.0,2017-08-08 16:31:41,围网
6642,31.60855355555556,123.190468,3.6,144.0,2017-08-08 16:41:41,围网
6642,31.604720222222234,123.196468,1.6,113.0,2017-08-08 16:51:41,围网
6642,31.60291466666667,123.20257911111112,1.5,101.0,2017-08-08 17:01:41,围网
6642,31.600942444444442,123.20821800000002,1.8,116.0,2017-08-08 17:11:41,围网
6642,31.59894244444445,123.21366244444445,1.0,119.0,2017-08-08 17:21:41,围网
6642,31.595998,123.21896799999999,2.1,131.0,2017-08-08 17:31:41,围网
6642,31.59244244444445,123.22410688888893,1.7,137.0,2017-08-08 17:41:40,围网
6642,31.588914666666664,123.22927355555555,1.9,124.0,2017-08-08 17:51:59,围网
6642,31.585914666666664,123.23413466666668,1.7,113.0,2017-08-08 18:02:14,围网
6642,31.58194244444444,123.238468,1.6,130.0,2017-08-08 18:11:40,围网
6642,31.577859111111113,123.242718,2.5,153.0,2017-08-08 18:21:41,围网
6642,31.573859111111112,123.24669022222223,1.3,142.0,2017-08-08 18:31:41,围网
6642,31.569748,123.24599577777781,3.3,292.0,2017-08-08 18:41:40,围网
6642,31.56783133333333,123.24357911111113,2.6,197.0,2017-08-08 18:51:39,围网
6642,31.56133133333333,123.24046799999999,1.5,243.0,2017-08-08 19:01:40,围网
6642,31.555303555555554,123.24238466666668,11.0,213.0,2017-08-08 19:11:39,围网
6642,31.53166466666667,123.22010688888888,10.4,217.0,2017-08-08 19:21:40,围网
6642,31.51122022222221,123.19491244444444,10.7,238.0,2017-08-08 19:31:40,围网
6642,31.49194244444445,123.17005133333336,11.0,224.0,2017-08-08 19:41:41,围网
6642,31.470748,123.14655133333336,10.3,208.0,2017-08-08 19:51:39,围网
6642,31.46047022222222,123.13299577777778,5.7,264.0,2017-08-08 20:01:39,围网
6642,31.45647022222222,123.12624577777777,1.7,239.0,2017-08-08 20:11:39,围网
6642,31.454164666666664,123.11988466666668,1.9,265.0,2017-08-08 20:21:39,围网
6642,31.45238688888889,123.11363466666668,2.1,264.0,2017-08-08 20:31:39,围网
6642,31.451164666666664,123.10691244444445,2.2,245.0,2017-08-08 20:41:41,围网
6642,31.45038688888889,123.10013466666666,2.3,250.0,2017-08-08 20:51:39,围网
6642,31.45005355555555,123.09319022222222,2.4,250.0,2017-08-08 21:01:40,围网
6642,31.45005355555555,123.0864402222222,2.3,293.0,2017-08-08 21:11:39,围网
6642,31.449998,123.07994022222222,1.7,242.0,2017-08-08 21:21:41,围网
6642,31.45008133333333,123.07330133333332,1.6,295.0,2017-08-08 21:31:39,围网
6642,31.45102577777777,123.06682911111113,1.2,0.0,2017-08-08 21:41:39,围网
6642,31.45113688888889,123.060468,1.4,274.0,2017-08-08 21:51:39,围网
6642,31.45133133333333,123.05391244444445,2.6,278.0,2017-08-08 22:02:13,围网
6642,31.451498,123.04816244444444,2.2,269.0,2017-08-08 22:11:40,围网
6642,31.451525777777785,123.04216244444444,1.0,249.0,2017-08-08 22:21:38,围网
6642,31.450720222222234,123.03827355555555,0.8,229.0,2017-08-08 22:31:40,围网
6642,31.45085911111111,123.03319022222222,1.0,270.0,2017-08-08 22:41:38,围网
6642,31.452248,123.02755133333334,1.4,267.0,2017-08-08 22:51:40,围网
6642,31.454053555555554,123.02182911111113,1.3,281.0,2017-08-08 23:01:40,围网
6642,31.45613688888889,123.01635688888894,2.0,295.0,2017-08-08 23:11:42,围网
6642,31.45833133333333,123.01096799999999,1.6,298.0,2017-08-08 23:21:40,围网
6642,31.460053555555554,123.00566244444444,1.3,301.0,2017-08-08 23:31:41,围网
6642,31.462664666666665,123.00066244444444,1.9,291.0,2017-08-08 23:41:39,围网
6642,31.46585911111111,122.99599577777781,0.7,322.0,2017-08-08 23:51:38,围网
6642,31.469025777777766,122.99160688888892,1.8,329.0,2017-08-09 00:01:38,围网
6642,31.47252577777777,122.98769022222223,2.6,329.0,2017-08-09 00:11:40,围网
6642,31.47627577777777,122.98419022222224,1.5,333.0,2017-08-09 00:21:38,围网
6642,31.480442444444442,122.98130133333336,1.2,330.0,2017-08-09 00:31:39,围网
6642,31.48458133333333,122.978718,1.7,342.0,2017-08-09 00:41:39,围网
6642,31.48872022222222,122.97627355555555,1.1,353.0,2017-08-09 00:51:41,围网
6642,31.49330355555556,122.97505133333334,1.3,6.0,2017-08-09 01:01:39,围网
6642,31.49794244444445,122.97621799999999,3.7,94.0,2017-08-09 01:11:39,围网
6642,31.495109111111113,122.97810688888887,1.6,0.0,2017-08-09 01:21:40,围网
6642,31.49883133333333,122.98313466666669,3.9,54.0,2017-08-09 01:31:59,围网
6642,31.52160911111111,122.99232911111113,10.1,23.0,2017-08-09 01:42:09,围网
6642,31.545775777777767,123.00302355555556,9.1,15.0,2017-08-09 01:51:40,围网
6642,31.571136888888887,123.01382911111112,9.6,12.0,2017-08-09 02:01:38,围网
6642,31.597748,123.02091244444445,9.9,12.0,2017-08-09 02:11:37,围网
6642,31.62288688888889,123.02860688888893,8.9,8.0,2017-08-09 02:21:38,围网
6642,31.64660911111111,123.03788466666668,8.7,19.0,2017-08-09 02:31:37,围网
6642,31.67047022222223,123.04691244444444,9.7,35.0,2017-08-09 02:41:41,围网
6642,31.693859111111113,123.05496799999999,8.3,0.0,2017-08-09 02:51:37,围网
6642,31.700303555555553,123.0634957777778,2.4,99.0,2017-08-09 03:01:39,围网
6642,31.70010911111111,123.07085688888893,2.1,83.0,2017-08-09 03:11:37,围网
6642,31.700664666666665,123.07769022222223,2.7,114.0,2017-08-09 03:21:38,围网
6642,31.70027577777777,123.08474577777778,2.2,92.0,2017-08-09 03:31:38,围网
6642,31.700692444444453,123.091468,2.3,99.0,2017-08-09 03:41:37,围网
6642,31.700775777777768,123.09813466666668,2.9,98.0,2017-08-09 03:51:37,围网
6642,31.700164666666666,123.10532911111108,1.6,93.0,2017-08-09 04:02:17,围网
6642,31.699775777777766,123.1116902222222,2.2,106.0,2017-08-09 04:11:44,围网
6642,31.699109111111113,123.1182457777778,1.6,70.0,2017-08-09 04:21:38,围网
6642,31.699025777777766,123.12463466666668,2.1,94.0,2017-08-09 04:31:39,围网
6642,31.698525777777785,123.13110688888894,2.2,99.0,2017-08-09 04:41:37,围网
6642,31.697692444444453,123.13730133333334,1.2,87.0,2017-08-09 04:51:37,围网
6642,31.697025777777768,123.14338466666668,2.1,95.0,2017-08-09 05:01:38,围网
6642,31.696386888888888,123.14924577777781,0.9,104.0,2017-08-09 05:11:39,围网
6642,31.69560911111111,123.15485688888893,1.3,111.0,2017-08-09 05:21:38,围网
6642,31.694470222222233,123.16052355555556,2.2,118.0,2017-08-09 05:31:38,围网
6642,31.693525777777786,123.16616244444445,2.0,115.0,2017-08-09 05:41:43,围网
6642,31.69208133333333,123.17146799999999,1.7,118.0,2017-08-09 05:51:38,围网
6642,31.69041466666667,123.17657911111112,1.3,125.0,2017-08-09 06:01:38,围网
6642,31.68805355555555,123.18138466666667,1.8,127.0,2017-08-09 06:11:38,围网
6642,31.68516466666667,123.18574577777781,1.5,124.0,2017-08-09 06:21:37,围网
6642,31.682275777777768,123.18982911111112,1.6,137.0,2017-08-09 06:31:39,围网
6642,31.67872022222221,123.19321800000002,1.7,144.0,2017-08-09 06:41:39,围网
6642,31.675109111111112,123.19627355555558,1.0,157.0,2017-08-09 06:51:37,围网
6642,31.67122022222221,123.19866244444445,1.5,167.0,2017-08-09 07:01:36,围网
6642,31.672220222222233,123.19588466666669,0.5,0.0,2017-08-09 07:11:36,围网
6642,31.66902577777779,123.19630133333335,2.3,161.0,2017-08-09 07:21:38,围网
6642,31.672220222222233,123.20327355555555,6.8,41.0,2017-08-09 07:31:37,围网
6642,31.687386888888888,123.21682911111112,6.6,25.0,2017-08-09 07:41:40,围网
6642,31.69733133333333,123.23730133333332,7.8,43.0,2017-08-09 07:52:08,围网
6642,31.703775777777786,123.24596799999999,3.3,285.0,2017-08-09 08:01:42,围网
6642,31.70494244444444,123.23663466666667,2.1,268.0,2017-08-09 08:11:48,围网
6642,31.70472022222221,123.23013466666669,2.1,276.0,2017-08-09 08:21:38,围网
6642,31.70469244444445,123.22357911111112,2.0,273.0,2017-08-09 08:31:37,围网
6642,31.704442444444442,123.216968,1.8,275.0,2017-08-09 08:41:37,围网
6642,31.704248,123.21032911111112,2.0,272.0,2017-08-09 08:51:37,围网
6642,31.704275777777767,123.20380133333336,1.9,279.0,2017-08-09 09:01:38,围网
6642,31.705109111111106,123.19719022222223,1.5,276.0,2017-08-09 09:11:37,围网
6642,31.70547022222221,123.1907457777778,1.7,285.0,2017-08-09 09:21:37,围网
6642,31.705775777777767,123.18435688888893,1.5,230.0,2017-08-09 09:31:37,围网
6642,31.70583133333333,123.17794022222223,1.8,278.0,2017-08-09 09:41:37,围网
6642,31.705664666666664,123.1717457777778,1.7,227.0,2017-08-09 09:51:39,围网
6642,31.705720222222233,123.16541244444444,1.9,263.0,2017-08-09 10:02:19,围网
6642,31.705886888888887,123.15957911111113,2.0,286.0,2017-08-09 10:11:48,围网
6642,31.705525777777765,123.15394022222223,1.9,254.0,2017-08-09 10:21:38,围网
6642,31.70547022222221,123.14855133333334,1.4,256.0,2017-08-09 10:31:36,围网
6642,31.705192444444442,123.14335688888893,1.8,266.0,2017-08-09 10:41:36,围网
6642,31.706414666666664,123.13735688888893,1.7,287.0,2017-08-09 10:51:37,围网
6642,31.70863688888889,123.13160688888887,1.5,277.0,2017-08-09 11:01:37,围网
6642,31.70905355555556,123.12632911111106,2.4,280.0,2017-08-09 11:11:36,围网
6642,31.709775777777768,123.12113466666666,1.5,265.0,2017-08-09 11:21:36,围网
6642,31.71083133333333,123.11605133333332,2.5,317.0,2017-08-09 11:31:36,围网
6642,31.71208133333333,123.11102355555555,2.7,307.0,2017-08-09 11:41:38,围网
6642,31.714609111111113,123.10613466666666,1.8,317.0,2017-08-09 11:51:37,围网
6642,31.715636888888888,123.10952355555555,0.7,348.0,2017-08-09 12:01:36,围网
6642,31.71819244444445,123.10957911111107,0.9,30.0,2017-08-09 12:11:36,围网
6642,31.71144244444444,123.09727355555556,7.9,235.0,2017-08-09 12:21:37,围网
6642,31.69808133333333,123.07791244444445,6.8,233.0,2017-08-09 12:31:36,围网
6642,31.68913688888889,123.05652355555556,7.9,249.0,2017-08-09 12:41:35,围网
6642,31.678164666666664,123.03532911111112,7.9,228.0,2017-08-09 12:51:36,围网
6642,31.676609111111112,123.03813466666666,2.8,0.0,2017-08-09 13:01:36,围网
6642,31.68058133333333,123.04327355555556,3.6,73.0,2017-08-09 13:11:38,围网
6642,31.68402577777778,123.04874577777778,2.0,0.0,2017-08-09 13:21:45,围网
6642,31.68658133333333,123.05463466666669,2.7,95.0,2017-08-09 13:31:39,围网
6642,31.68910911111111,123.060718,2.1,70.0,2017-08-09 13:42:08,围网
6642,31.690386888888888,123.066718,1.8,74.0,2017-08-09 13:51:36,围网
6642,31.691553555555558,123.0731902222222,2.6,55.0,2017-08-09 14:01:36,围网
6642,31.692470222222234,123.07994022222222,1.9,56.0,2017-08-09 14:11:36,围网
6642,31.69410911111111,123.0936902222222,1.9,63.0,2017-08-09 14:31:37,围网
6642,31.693803555555554,123.10082911111112,2.1,85.0,2017-08-09 14:41:35,围网
6642,31.69285911111111,123.107968,2.5,108.0,2017-08-09 14:51:36,围网
6642,31.69197022222221,123.1149957777778,1.8,107.0,2017-08-09 15:01:35,围网
6642,31.691275777777786,123.12185688888887,1.9,69.0,2017-08-09 15:11:35,围网
6642,31.69410911111111,123.12705133333333,2.0,79.0,2017-08-09 15:21:36,围网
6642,31.69433133333333,123.13349577777778,2.0,101.0,2017-08-09 15:31:37,围网
6642,31.694248,123.13982911111113,2.3,99.0,2017-08-09 15:41:37,围网
6642,31.693859111111113,123.1462457777778,2.1,96.0,2017-08-09 15:51:37,围网
6642,31.69366466666667,123.15280133333334,1.8,92.0,2017-08-09 16:02:10,围网
6642,31.69344244444445,123.15852355555558,1.8,88.0,2017-08-09 16:11:36,围网
6642,31.692748,123.16463466666669,0.9,92.0,2017-08-09 16:21:37,围网
6642,31.691775777777767,123.17082911111113,2.6,107.0,2017-08-09 16:31:35,围网
6642,31.69030355555555,123.17707911111113,2.1,108.0,2017-08-09 16:41:37,围网
6642,31.68894244444445,123.18330133333332,1.7,111.0,2017-08-09 16:51:35,围网
6642,31.687553555555553,123.18935688888894,2.4,108.0,2017-08-09 17:01:35,围网
6642,31.685248,123.19546800000002,3.2,137.0,2017-08-09 17:11:36,围网
6642,31.68010911111111,123.19891244444445,3.2,272.0,2017-08-09 17:21:42,围网
6642,31.673247999999997,123.20202355555556,2.0,336.0,2017-08-09 17:42:03,围网
6642,31.65747022222222,123.19041244444445,11.2,190.0,2017-08-09 17:51:36,围网
6642,31.63085911111111,123.17710688888893,10.1,224.0,2017-08-09 18:01:35,围网
6642,31.60519244444445,123.16196800000002,10.0,212.0,2017-08-09 18:11:38,围网
6642,31.580525777777765,123.14455133333334,10.4,209.0,2017-08-09 18:21:36,围网
6642,31.55422022222222,123.12852355555556,10.7,209.0,2017-08-09 18:31:35,围网
6642,31.525775777777767,123.11730133333332,11.3,199.0,2017-08-09 18:41:35,围网
6642,31.49702577777777,123.10477355555555,10.6,203.0,2017-08-09 18:51:36,围网
6642,31.469109111111113,123.09044022222223,11.5,200.0,2017-08-09 19:01:34,围网
6642,31.455997999999997,123.08446799999999,6.2,35.0,2017-08-09 19:11:35,围网
6642,31.46572022222221,123.09107911111113,5.1,296.0,2017-08-09 19:21:35,围网
6642,31.477386888888887,123.09305133333334,6.0,30.0,2017-08-09 19:31:35,围网
6642,31.492997999999996,123.10010688888887,6.0,19.0,2017-08-09 19:41:40,围网
6642,31.501136888888887,123.10294022222223,2.1,279.0,2017-08-09 19:51:36,围网
6642,31.502498,123.099968,3.4,289.0,2017-08-09 20:02:03,围网
6642,31.50069244444445,123.09232911111113,2.6,226.0,2017-08-09 20:11:47,围网
6642,31.49833133333333,123.08566244444445,2.0,270.0,2017-08-09 20:21:34,围网
6642,31.497359111111113,123.07877355555556,2.0,263.0,2017-08-09 20:31:36,围网
6642,31.49610911111111,123.0719402222222,2.0,268.0,2017-08-09 20:41:34,围网
6642,31.496247999999998,123.06444022222223,2.0,277.0,2017-08-09 20:51:40,围网
6642,31.49619244444445,123.05738466666668,2.1,264.0,2017-08-09 21:01:33,围网
6642,31.496164666666665,123.05027355555555,2.2,251.0,2017-08-09 21:11:35,围网
6642,31.496164666666665,123.04330133333332,1.4,285.0,2017-08-09 21:21:36,围网
6642,31.496498,123.03641244444445,2.0,256.0,2017-08-09 21:31:34,围网
6642,31.496692444444445,123.029968,1.5,262.0,2017-08-09 21:41:34,围网
6642,31.496886888888888,123.02357911111113,0.7,0.0,2017-08-09 21:51:34,围网
6642,31.49758133333333,123.017218,2.7,341.0,2017-08-09 22:01:33,围网
6642,31.498220222222226,123.01088466666668,1.7,0.0,2017-08-09 22:11:36,围网
6642,31.49908133333333,123.00507911111113,2.3,0.0,2017-08-09 22:21:34,围网
6642,31.500053555555553,122.99896799999999,2.7,0.0,2017-08-09 22:31:35,围网
6642,31.501803555555558,122.99291244444444,1.8,284.0,2017-08-09 22:42:03,围网
6642,31.504109111111113,122.98760688888888,2.7,302.0,2017-08-09 22:51:34,围网
6642,31.50491466666667,122.98194022222224,1.6,256.0,2017-08-09 23:01:34,围网
6642,31.50533133333333,122.97663466666668,2.3,287.0,2017-08-09 23:11:34,围网
6642,31.50810911111111,122.97132911111113,2.0,289.0,2017-08-09 23:21:40,围网
6642,31.50919244444445,122.96610688888893,1.5,291.0,2017-08-09 23:31:34,围网
6642,31.510553555555553,122.9611068888889,1.2,273.0,2017-08-09 23:41:32,围网
6642,31.514664666666665,122.95660688888893,2.0,287.0,2017-08-09 23:51:42,围网
6642,31.51558133333333,122.95166244444448,1.6,294.0,2017-08-10 00:01:33,围网
6642,31.516803555555555,122.94735688888888,0.7,299.0,2017-08-10 00:11:32,围网
6642,31.51883133333333,122.94338466666667,1.3,323.0,2017-08-10 00:21:36,围网
6642,31.523053555555553,122.94044022222224,1.1,311.0,2017-08-10 00:31:34,围网
6642,31.526553555555555,122.937468,1.6,323.0,2017-08-10 00:41:42,围网
6642,31.530748,122.93535688888888,1.6,353.0,2017-08-10 00:51:33,围网
6642,31.534747999999997,122.9361902222222,3.0,157.0,2017-08-10 01:01:36,围网
6642,31.53308133333333,122.93763466666668,1.7,16.0,2017-08-10 01:11:38,围网
6642,31.537164666666666,122.93949577777781,1.7,0.0,2017-08-10 01:21:33,围网
6642,31.540498,122.94213466666668,1.9,57.0,2017-08-10 01:31:40,围网
6642,31.54333133333333,122.94549577777781,1.5,0.0,2017-08-10 01:41:42,围网
6642,31.545609111111112,122.94877355555558,2.1,0.0,2017-08-10 01:51:34,围网
6642,31.54680355555556,122.95019022222223,6.5,239.0,2017-08-10 02:02:08,围网
6642,31.535470222222234,122.9358568888889,6.6,232.0,2017-08-10 02:11:36,围网
6642,31.522498,122.92060688888893,7.1,192.0,2017-08-10 02:21:37,围网
6642,31.503414666666664,122.91566244444445,3.5,138.0,2017-08-10 02:31:33,围网
6642,31.494248,122.91927355555555,3.6,125.0,2017-08-10 02:41:32,围网
6642,31.489498,122.94119022222223,2.0,73.0,2017-08-10 03:11:33,围网
6642,31.48913688888889,122.9482457777778,2.8,103.0,2017-08-10 03:21:33,围网
6642,31.48813688888889,122.95535688888887,2.4,92.0,2017-08-10 03:31:32,围网
6642,31.487997999999997,122.96235688888888,2.0,71.0,2017-08-10 03:41:32,围网
6642,31.488525777777767,122.9692457777778,2.9,94.0,2017-08-10 03:51:33,围网
6642,31.48838688888889,122.97602355555556,2.0,103.0,2017-08-10 04:01:33,围网
6642,31.48805355555556,122.98288466666668,1.8,81.0,2017-08-10 04:11:37,围网
6642,31.487164666666665,122.9896902222222,2.7,92.0,2017-08-10 04:21:32,围网
6642,31.48691466666667,122.99649577777778,1.7,93.0,2017-08-10 04:31:31,围网
6642,31.486220222222233,123.00332911111113,1.8,100.0,2017-08-10 04:41:35,围网
6642,31.485025777777786,123.01019022222223,1.8,114.0,2017-08-10 04:51:32,围网
6642,31.483053555555554,123.01696799999999,1.6,109.0,2017-08-10 05:01:32,围网
6642,31.480748,123.02363466666668,1.9,107.0,2017-08-10 05:11:37,围网
6642,31.478248,123.03010688888894,2.4,130.0,2017-08-10 05:21:39,围网
6642,31.47697022222221,123.03691244444444,2.4,81.0,2017-08-10 05:32:17,围网
6642,31.47747022222222,123.04224577777778,1.7,73.0,2017-08-10 05:41:34,围网
6642,31.47638688888889,123.04794022222224,2.3,121.0,2017-08-10 05:51:32,围网
6642,31.47494244444444,123.05380133333334,2.1,107.0,2017-08-10 06:01:32,围网
6642,31.47310911111111,123.05952355555556,1.5,108.0,2017-08-10 06:11:34,围网
6642,31.47019244444445,123.06499577777778,0.9,120.0,2017-08-10 06:21:37,围网
6642,31.46727577777777,123.07038466666668,1.1,121.0,2017-08-10 06:31:37,围网
6642,31.46430355555556,123.07560688888887,1.7,123.0,2017-08-10 06:41:37,围网
6642,31.46122022222222,123.08060688888894,2.0,130.0,2017-08-10 06:51:33,围网
6642,31.457775777777766,123.085218,1.8,138.0,2017-08-10 07:01:35,围网
6642,31.45433133333333,123.08963466666668,3.2,148.0,2017-08-10 07:11:32,围网
6642,31.45094244444445,123.09377355555556,2.1,143.0,2017-08-10 07:21:31,围网
6642,31.44722022222221,123.0971902222222,1.1,153.0,2017-08-10 07:31:35,围网
6642,31.44758133333333,123.0934957777778,1.6,212.0,2017-08-10 07:41:34,围网
6642,31.44258133333333,123.09302355555555,2.2,163.0,2017-08-10 07:51:32,围网
6642,31.446775777777766,123.09307911111112,5.2,351.0,2017-08-10 08:02:33,围网
6642,31.46072022222221,123.10085688888893,6.3,65.0,2017-08-10 08:11:31,围网
6642,31.459914666666666,123.09435688888892,3.7,202.0,2017-08-10 08:21:31,围网
6642,31.455053555555548,123.08991244444445,2.0,240.0,2017-08-10 08:31:34,围网
6642,31.45122022222222,123.08549577777778,1.7,225.0,2017-08-10 08:41:33,围网
6642,31.44783133333333,123.08041244444445,2.1,232.0,2017-08-10 08:51:31,围网
6642,31.44519244444445,123.07449577777778,2.3,241.0,2017-08-10 09:01:30,围网
6642,31.444025777777767,123.06755133333334,1.6,250.0,2017-08-10 09:13:30,围网
6642,31.443247999999997,123.060718,1.8,266.0,2017-08-10 09:21:44,围网
6642,31.443109111111113,123.05377355555555,2.6,260.0,2017-08-10 09:31:32,围网
6642,31.443025777777766,123.04694022222223,1.9,268.0,2017-08-10 09:41:30,围网
6642,31.443192444444445,123.04010688888893,1.7,285.0,2017-08-10 09:51:33,围网
6642,31.443192444444445,123.03363466666669,1.9,269.0,2017-08-10 10:01:34,围网
6642,31.443247999999997,123.02727355555555,2.0,260.0,2017-08-10 10:11:32,围网
6642,31.44433133333333,123.0207457777778,1.6,281.0,2017-08-10 10:21:32,围网
6642,31.44513688888889,123.01413466666666,1.4,287.0,2017-08-10 10:31:31,围网
6642,31.445914666666663,123.00796799999999,1.6,0.0,2017-08-10 10:41:31,围网
6642,31.44577577777777,123.00180133333332,1.2,0.0,2017-08-10 10:51:31,围网
6642,31.446775777777766,122.99544022222223,1.3,0.0,2017-08-10 11:01:33,围网
6642,31.44713688888889,122.9894957777778,1.2,0.0,2017-08-10 11:11:31,围网
6642,31.447775777777768,122.98357911111113,1.6,285.0,2017-08-10 11:21:34,围网
6642,31.449859111111113,122.9714957777778,1.7,270.0,2017-08-10 11:42:04,围网
6642,31.451303555555555,122.96613466666668,2.7,285.0,2017-08-10 11:51:34,围网
6642,31.452553555555554,122.96063466666666,1.3,282.0,2017-08-10 12:01:32,围网
6642,31.45408133333333,122.95535688888887,2.2,299.0,2017-08-10 12:11:34,围网
6642,31.455914666666665,122.95030133333334,1.0,280.0,2017-08-10 12:21:30,围网
6642,31.458303555555553,122.94546800000002,2.4,322.0,2017-08-10 12:31:30,围网
6642,31.46158133333333,122.94107911111112,1.9,322.0,2017-08-10 12:41:31,围网
6642,31.46458133333333,122.93688466666669,1.1,318.0,2017-08-10 12:51:36,围网
6642,31.46794244444445,122.93302355555555,1.7,304.0,2017-08-10 13:01:34,围网
6642,31.471970222222208,122.92988466666668,2.2,305.0,2017-08-10 13:11:30,围网
6642,31.471525777777767,122.93296800000002,1.1,351.0,2017-08-10 13:21:30,围网
6642,31.47472022222221,122.93363466666668,1.2,11.0,2017-08-10 13:31:31,围网
6642,31.47322022222221,122.92238466666667,8.0,285.0,2017-08-10 13:41:30,围网
6642,31.47769244444445,122.89760688888893,8.1,275.0,2017-08-10 13:51:33,围网
6642,31.485498,122.87860688888892,4.2,116.0,2017-08-10 14:02:15,围网
6642,31.483497999999997,122.88599577777778,2.2,80.0,2017-08-10 14:11:36,围网
6642,31.48513688888889,122.89230133333334,1.9,98.0,2017-08-10 14:21:31,围网
6642,31.486775777777765,122.89882911111113,2.2,95.0,2017-08-10 14:31:32,围网
6642,31.487748,122.905468,2.0,87.0,2017-08-10 14:41:35,围网
6642,31.488553555555555,122.91210688888893,2.2,77.0,2017-08-10 14:51:31,围网
6642,31.488998,122.91882911111112,2.1,100.0,2017-08-10 15:01:34,围网
6642,31.48819244444445,122.92566244444444,2.2,94.0,2017-08-10 15:11:30,围网
6642,31.487886888888887,122.93274577777778,2.3,101.0,2017-08-10 15:21:31,围网
6642,31.48738688888889,122.93969022222224,2.0,101.0,2017-08-10 15:31:31,围网
6642,31.487775777777767,122.94655133333336,1.8,67.0,2017-08-10 15:41:33,围网
6642,31.48810911111111,122.95332911111113,2.7,112.0,2017-08-10 15:51:32,围网
6642,31.48633133333333,122.96013466666668,2.4,108.0,2017-08-10 16:01:35,围网
6642,31.484970222222234,122.96544022222223,1.5,233.0,2017-08-10 16:11:37,围网
6642,31.48360911111111,122.97227355555556,1.8,91.0,2017-08-10 16:21:31,围网
6642,31.48163688888889,122.97927355555555,1.5,108.0,2017-08-10 16:31:32,围网
6642,31.47994244444445,122.98624577777778,2.4,108.0,2017-08-10 16:41:32,围网
6642,31.47883133333333,122.99294022222223,1.8,84.0,2017-08-10 16:51:29,围网
6642,31.47772022222221,122.99969022222223,2.4,95.0,2017-08-10 17:01:29,围网
6642,31.476886888888888,123.006468,1.9,99.0,2017-08-10 17:12:04,围网
6642,31.47563688888889,123.0124402222222,1.5,110.0,2017-08-10 17:21:29,围网
6642,31.474303555555554,123.01871799999999,1.5,95.0,2017-08-10 17:31:31,围网
6642,31.472192444444442,123.02496799999999,1.3,96.0,2017-08-10 17:41:29,围网
6642,31.47005355555555,123.03110688888893,2.7,118.0,2017-08-10 17:51:28,围网
6642,31.467803555555548,123.03705133333334,1.4,90.0,2017-08-10 18:01:30,围网
6642,31.465053555555553,123.04296799999999,1.4,104.0,2017-08-10 18:11:35,围网
6642,31.462164666666666,123.04882911111113,2.3,117.0,2017-08-10 18:21:32,围网
6642,31.45938688888889,123.05432911111113,1.2,119.0,2017-08-10 18:31:29,围网
6642,31.456553555555555,123.05960688888894,2.1,133.0,2017-08-10 18:41:34,围网
6642,31.453359111111112,123.0647457777778,1.9,127.0,2017-08-10 18:51:32,围网
6642,31.449609111111112,123.06944022222223,2.6,141.0,2017-08-10 19:01:31,围网
6642,31.445109111111112,123.07366244444445,2.1,146.0,2017-08-10 19:11:35,围网
6642,31.43969244444445,123.07638466666668,3.6,175.0,2017-08-10 19:21:35,围网
6642,31.43969244444445,123.07246799999999,2.4,183.0,2017-08-10 19:31:29,围网
6642,31.433525777777767,123.07102355555556,2.1,208.0,2017-08-10 19:41:28,围网
6642,31.44422022222221,123.06221800000002,5.1,349.0,2017-08-10 19:51:34,围网
6642,31.454025777777765,123.05635688888887,2.3,232.0,2017-08-10 20:02:01,围网
6642,31.45488688888889,123.05235688888894,1.8,185.0,2017-08-10 20:11:38,围网
6642,31.45372022222222,123.04544022222224,2.0,252.0,2017-08-10 20:21:35,围网
6642,31.451998,123.03877355555555,1.8,250.0,2017-08-10 20:31:33,围网
6642,31.449609111111112,123.03199577777778,2.5,244.0,2017-08-10 20:41:35,围网
6642,31.448525777777785,123.02444022222224,1.6,260.0,2017-08-10 20:51:34,围网
6642,31.447692444444453,123.01688466666668,2.1,269.0,2017-08-10 21:01:29,围网
6642,31.44733133333333,123.00913466666668,2.6,267.0,2017-08-10 21:11:28,围网
6642,31.446748,123.00155133333335,2.5,237.0,2017-08-10 21:21:30,围网
6642,31.446025777777766,122.99427355555555,2.1,267.0,2017-08-10 21:31:28,围网
6642,31.446914666666665,122.98660688888893,2.2,296.0,2017-08-10 21:41:27,围网
6642,31.44922022222222,122.97880133333337,2.3,296.0,2017-08-10 21:51:27,围网
6642,31.452109111111113,122.97163466666667,1.6,0.0,2017-08-10 22:01:29,围网
6642,31.454803555555554,122.96452355555556,2.0,276.0,2017-08-10 22:11:36,围网
6642,31.45672022222222,122.95749577777781,1.4,0.0,2017-08-10 22:21:28,围网
6642,31.45810911111111,122.95024577777778,2.4,271.0,2017-08-10 22:32:10,围网
6642,31.459803555555553,122.94352355555556,2.2,288.0,2017-08-10 22:41:27,围网
6642,31.46094244444444,122.93680133333334,2.2,259.0,2017-08-10 22:51:31,围网
6642,31.46213688888889,122.93027355555556,2.2,282.0,2017-08-10 23:01:27,围网
6642,31.462748,122.92366244444445,2.2,249.0,2017-08-10 23:11:29,围网
6642,31.464025777777767,122.91694022222224,2.7,296.0,2017-08-10 23:21:34,围网
6642,31.46660911111111,122.9102457777778,1.9,294.0,2017-08-10 23:31:31,围网
6642,31.468303555555554,122.90360688888893,2.1,273.0,2017-08-10 23:41:30,围网
6642,31.469275777777767,122.89724577777781,2.1,279.0,2017-08-10 23:51:31,围网
6642,31.47110911111111,122.89096800000002,1.9,292.0,2017-08-11 00:01:29,围网
6642,31.47258133333333,122.88494022222223,1.1,263.0,2017-08-11 00:11:29,围网
6642,31.474803555555553,122.87913466666666,2.5,310.0,2017-08-11 00:21:32,围网
6642,31.47708133333333,122.87338466666668,2.2,301.0,2017-08-11 00:31:35,围网
6642,31.48008133333333,122.86799577777781,1.5,297.0,2017-08-11 00:41:28,围网
6642,31.482775777777785,122.86266244444445,1.8,305.0,2017-08-11 00:51:35,围网
6642,31.485470222222233,122.85763466666668,2.0,305.0,2017-08-11 01:01:28,围网
6642,31.488220222222232,122.85280133333332,1.7,300.0,2017-08-11 01:11:36,围网
6642,31.49105355555556,122.8481902222222,1.6,306.0,2017-08-11 01:21:27,围网
6642,31.49469244444445,122.84410688888887,1.2,313.0,2017-08-11 01:31:27,围网
6642,31.498470222222235,122.84032911111113,1.9,347.0,2017-08-11 01:41:27,围网
6642,31.49835911111111,122.84438466666668,1.6,82.0,2017-08-11 01:51:27,围网
6642,31.503525777777767,122.84577355555555,2.4,18.0,2017-08-11 02:01:56,围网
6642,31.490747999999996,122.844718,7.4,164.0,2017-08-11 02:11:27,围网
6642,31.486109111111112,122.85563466666666,2.3,81.0,2017-08-11 02:21:28,围网
6642,31.48608133333333,122.86235688888887,1.9,102.0,2017-08-11 02:31:33,围网
6642,31.48533133333333,122.86919022222223,2.4,96.0,2017-08-11 02:41:27,围网
6642,31.485525777777767,122.87638466666668,2.0,78.0,2017-08-11 02:51:27,围网
6642,31.485609111111113,122.88388466666667,2.6,83.0,2017-08-11 03:01:27,围网
6642,31.484997999999997,122.89110688888893,1.9,100.0,2017-08-11 03:11:34,围网
6642,31.48522022222221,122.89827355555555,1.9,88.0,2017-08-11 03:21:33,围网
6642,31.485025777777786,122.905468,2.2,93.0,2017-08-11 03:31:31,围网
6642,31.484803555555555,122.91269022222224,2.4,76.0,2017-08-11 03:41:29,围网
6642,31.484942444444453,122.91994022222224,2.5,88.0,2017-08-11 03:51:25,围网
6642,31.485025777777786,122.9268568888889,2.2,101.0,2017-08-11 04:01:25,围网
6642,31.484859111111113,122.933968,2.4,99.0,2017-08-11 04:11:36,围网
6642,31.48483133333333,122.94105133333336,1.9,87.0,2017-08-11 04:21:29,围网
6642,31.484886888888887,122.9482457777778,2.1,93.0,2017-08-11 04:31:26,围网
6642,31.484748,122.955468,2.5,101.0,2017-08-11 04:41:35,围网
6642,31.48452577777777,122.96263466666667,2.1,96.0,2017-08-11 04:51:32,围网
6642,31.484498,122.96966244444445,2.0,99.0,2017-08-11 05:01:27,围网
6642,31.484498,122.97669022222223,2.1,92.0,2017-08-11 05:11:29,围网
6642,31.484275777777768,122.98360688888893,1.9,98.0,2017-08-11 05:21:28,围网
6642,31.48358133333333,122.99052355555555,2.4,113.0,2017-08-11 05:31:40,围网
6642,31.481859111111113,122.9972457777778,2.2,110.0,2017-08-11 05:41:26,围网
6642,31.47997022222221,123.00407911111112,1.8,105.0,2017-08-11 05:51:26,围网
6642,31.47835911111111,123.01102355555555,2.1,103.0,2017-08-11 06:01:39,围网
6642,31.477414666666665,123.01749577777781,2.7,106.0,2017-08-11 06:11:25,围网
6642,31.476636888888887,123.02388466666667,2.0,100.0,2017-08-11 06:21:26,围网
6642,31.47583133333333,123.03005133333332,2.3,102.0,2017-08-11 06:31:26,围网
6642,31.47494244444444,123.03607911111106,1.5,105.0,2017-08-11 06:41:26,围网
6642,31.47372022222222,123.04191244444445,1.9,109.0,2017-08-11 06:51:26,围网
6642,31.472192444444442,123.04766244444444,1.3,97.0,2017-08-11 07:01:26,围网
6642,31.47044244444445,123.0532457777778,2.1,111.0,2017-08-11 07:11:26,围网
6642,31.468414666666664,123.05852355555555,1.8,118.0,2017-08-11 07:21:25,围网
6642,31.466136888888887,123.06360688888893,1.5,129.0,2017-08-11 07:31:26,围网
6642,31.463414666666665,123.06819022222223,2.1,136.0,2017-08-11 07:41:26,围网
6642,31.460414666666665,123.07252355555555,1.9,137.0,2017-08-11 07:51:33,围网
6642,31.45960911111111,123.07010688888887,2.5,358.0,2017-08-11 08:01:26,围网
6642,31.45658133333333,123.07024577777777,1.6,159.0,2017-08-11 08:11:36,围网
6642,31.45319244444445,123.072718,2.7,38.0,2017-08-11 08:21:29,围网
6642,31.461497999999995,123.07863466666667,5.8,60.0,2017-08-11 08:31:27,围网
6642,31.461914666666665,123.07344022222223,2.7,252.0,2017-08-11 08:41:27,围网
6642,31.459525777777767,123.06702355555555,2.0,235.0,2017-08-11 08:51:26,围网
6642,31.457386888888887,123.06055133333334,2.1,243.0,2017-08-11 09:01:36,围网
6642,31.45558133333333,123.0539957777778,2.2,260.0,2017-08-11 09:11:27,围网
6642,31.455609111111112,123.04660688888887,1.7,276.0,2017-08-11 09:21:25,围网
6642,31.455498,123.03955133333334,2.1,265.0,2017-08-11 09:31:27,围网
6642,31.455192444444442,123.03257911111106,2.5,262.0,2017-08-11 09:41:27,围网
6642,31.45544244444445,123.02546799999999,2.4,261.0,2017-08-11 09:51:26,围网
6642,31.455914666666665,123.01841244444445,2.1,263.0,2017-08-11 10:01:25,围网
6642,31.45647022222222,123.01144022222222,2.4,292.0,2017-08-11 10:11:26,围网
6642,31.45672022222222,123.00455133333334,2.1,271.0,2017-08-11 10:21:25,围网
6642,31.45685911111111,122.99769022222223,2.2,272.0,2017-08-11 10:31:24,围网
6642,31.45713688888889,122.99085688888893,1.9,270.0,2017-08-11 10:41:24,围网
6642,31.45697022222221,122.98432911111112,1.9,249.0,2017-08-11 10:51:25,围网
6642,31.457525777777768,122.97763466666667,2.0,274.0,2017-08-11 11:01:25,围网
6642,31.45869244444444,122.97074577777781,2.3,283.0,2017-08-11 11:11:26,围网
6642,31.45838688888889,122.96460688888894,2.0,267.0,2017-08-11 11:21:28,围网
6642,31.45819244444445,122.95863466666668,1.8,257.0,2017-08-11 11:31:26,围网
6642,31.457942444444445,122.952968,2.1,285.0,2017-08-11 11:41:25,围网
6642,31.458609111111112,122.94685688888893,1.3,275.0,2017-08-11 11:51:26,围网
6642,31.45933133333333,122.94077355555555,1.7,276.0,2017-08-11 12:01:39,围网
6642,31.459359111111112,122.93560688888893,1.9,289.0,2017-08-11 12:11:26,围网
6642,31.45983133333333,122.930218,1.9,279.0,2017-08-11 12:21:25,围网
6642,31.460970222222233,122.9246902222222,1.5,282.0,2017-08-11 12:31:26,围网
6642,31.463109111111113,122.91902355555555,1.3,297.0,2017-08-11 12:41:26,围网
6642,31.465498,122.91349577777781,1.7,301.0,2017-08-11 12:51:30,围网
6642,31.467886888888888,122.90807911111112,1.3,309.0,2017-08-11 13:01:32,围网
6642,31.47058133333333,122.90291244444445,2.1,313.0,2017-08-11 13:11:25,围网
6642,31.473248,122.89802355555555,1.3,296.0,2017-08-11 13:21:26,围网
6642,31.475942444444442,122.89335688888893,1.8,312.0,2017-08-11 13:31:34,围网
6642,31.47872022222222,122.88888466666668,2.1,324.0,2017-08-11 13:41:26,围网
6642,31.482498,122.88510688888887,1.9,2.0,2017-08-11 13:51:26,围网
6642,31.482720222222234,122.88949577777778,1.4,1.0,2017-08-11 14:01:26,围网
6642,31.48663688888889,122.89071800000002,0.5,10.0,2017-08-11 14:11:46,围网
6642,31.48805355555556,122.88457911111112,4.2,271.0,2017-08-11 14:21:26,围网
6642,31.485359111111112,122.871468,3.8,240.0,2017-08-11 14:31:26,围网
6642,31.475498,122.85752355555556,4.0,241.0,2017-08-11 14:41:25,围网
6642,31.480303555555547,122.83557911111113,7.0,342.0,2017-08-11 14:51:25,围网
6642,31.48383133333333,122.84327355555556,1.6,59.0,2017-08-11 15:01:24,围网
6642,31.487414666666666,122.84938466666668,2.2,55.0,2017-08-11 15:11:44,围网
6642,31.489859111111112,122.85530133333332,2.0,63.0,2017-08-11 15:21:24,围网
6642,31.49155355555556,122.86188466666668,2.2,86.0,2017-08-11 15:31:24,围网
6642,31.494303555555557,122.86794022222223,1.7,59.0,2017-08-11 15:41:25,围网
6642,31.49710911111111,122.87377355555556,2.1,50.0,2017-08-11 15:51:25,围网
6642,31.498914666666664,122.88027355555555,1.8,61.0,2017-08-11 16:01:25,围网
6642,31.500664666666665,122.88666244444444,2.2,73.0,2017-08-11 16:11:25,围网
6642,31.50163688888889,122.89332911111113,2.0,57.0,2017-08-11 16:21:23,围网
6642,31.503331333333332,122.89957911111112,2.2,89.0,2017-08-11 16:31:24,围网
6642,31.503775777777786,122.90638466666668,2.5,101.0,2017-08-11 16:41:24,围网
6642,31.504081333333332,122.91313466666668,1.9,87.0,2017-08-11 16:51:25,围网
6642,31.504553555555553,122.9197457777778,2.1,85.0,2017-08-11 17:01:23,围网
6642,31.505136888888888,122.92616244444444,2.0,88.0,2017-08-11 17:11:28,围网
6642,31.50522022222221,122.93269022222223,2.5,99.0,2017-08-11 17:21:25,围网
6642,31.50533133333333,122.93916244444445,1.9,91.0,2017-08-11 17:31:23,围网
6642,31.50527577777777,122.94569022222224,1.9,98.0,2017-08-11 17:41:38,围网
6642,31.505025777777767,122.95169022222224,2.8,106.0,2017-08-11 17:51:24,围网
6642,31.50510911111111,122.95749577777781,1.5,90.0,2017-08-11 18:01:25,围网
6642,31.504498,122.96349577777781,1.8,97.0,2017-08-11 18:11:24,围网
6642,31.503220222222208,122.96957911111113,1.8,98.0,2017-08-11 18:21:27,围网
6642,31.501386888888888,122.97563466666666,1.3,98.0,2017-08-11 18:31:25,围网
6642,31.499636888888887,122.98152355555555,1.7,116.0,2017-08-11 18:41:25,围网
6642,31.495803555555554,122.98710688888893,2.2,134.0,2017-08-11 18:51:24,围网
6642,31.49094244444445,122.99188466666668,2.2,149.0,2017-08-11 19:01:23,围网
6642,31.48583133333333,122.99649577777778,3.2,133.0,2017-08-11 19:11:23,围网
6642,31.483386888888887,123.0022457777778,2.2,117.0,2017-08-11 19:21:22,围网
6642,31.480859111111112,123.007218,2.2,129.0,2017-08-11 19:31:22,围网
6642,31.478275777777768,123.01194022222224,2.1,126.0,2017-08-11 19:41:22,围网
6642,31.474525777777767,123.0159957777778,1.5,139.0,2017-08-11 19:51:23,围网
6642,31.46969244444444,123.01913466666667,2.0,155.0,2017-08-11 20:01:25,围网
6642,31.460053555555554,123.02435688888893,2.0,162.0,2017-08-11 20:21:22,围网
6642,31.45488688888889,123.02516244444445,1.6,213.0,2017-08-11 20:31:22,围网
6642,31.45658133333333,123.02235688888894,1.7,192.0,2017-08-11 20:41:23,围网
6642,31.454386888888887,123.0207457777778,6.3,1.0,2017-08-11 20:51:23,围网
6642,31.462525777777767,123.02591244444444,2.8,326.0,2017-08-11 21:01:22,围网
6642,31.46147022222221,123.01821800000002,2.2,275.0,2017-08-11 21:11:28,围网
6642,31.46219244444445,123.01210688888894,1.7,251.0,2017-08-11 21:21:22,围网
6642,31.459525777777767,123.00621799999999,2.0,282.0,2017-08-11 21:31:22,围网
6642,31.45760911111111,123.00010688888894,1.7,262.0,2017-08-11 21:41:22,围网
6642,31.456359111111112,122.99366244444445,2.0,261.0,2017-08-11 21:51:22,围网
6642,31.45605355555555,122.98691244444444,1.8,264.0,2017-08-11 22:01:23,围网
6642,31.45610911111111,122.980218,2.0,285.0,2017-08-11 22:11:23,围网
6642,31.456275777777766,122.97366244444444,2.3,284.0,2017-08-11 22:21:24,围网
6642,31.45685911111111,122.96702355555556,2.0,282.0,2017-08-11 22:31:23,围网
6642,31.457942444444445,122.960218,2.4,289.0,2017-08-11 22:41:29,围网
6642,31.459303555555557,122.95366244444445,2.2,262.0,2017-08-11 22:51:29,围网
6642,31.460414666666665,122.94694022222224,2.0,278.0,2017-08-11 23:01:39,围网
6642,31.46297022222221,122.94063466666668,2.1,300.0,2017-08-11 23:11:29,围网
6642,31.467636888888887,122.93488466666668,2.4,313.0,2017-08-11 23:21:23,围网
6642,31.473747999999997,122.93113466666668,2.0,322.0,2017-08-11 23:31:23,围网
6642,31.477275777777766,122.92491244444444,2.6,275.0,2017-08-11 23:41:21,围网
6642,31.47830355555555,122.91796800000002,2.0,277.0,2017-08-11 23:51:22,围网
6642,31.47958133333333,122.91169022222223,1.9,274.0,2017-08-12 00:01:23,围网
6642,31.481164666666665,122.90557911111112,1.1,266.0,2017-08-12 00:11:23,围网
6642,31.48258133333333,122.89957911111112,1.9,274.0,2017-08-12 00:21:22,围网
6642,31.483998,122.89355133333336,1.7,295.0,2017-08-12 00:31:22,围网
6642,31.48594244444445,122.88785688888888,1.5,290.0,2017-08-12 00:41:22,围网
6642,31.488220222222232,122.88230133333332,0.8,295.0,2017-08-12 00:51:22,围网
6642,31.490609111111112,122.87691244444444,0.8,0.0,2017-08-12 01:01:23,围网
6642,31.49352577777778,122.87177355555555,1.2,308.0,2017-08-12 01:11:23,围网
6642,31.49702577777777,122.86680133333331,1.2,314.0,2017-08-12 01:21:23,围网
6642,31.50085911111111,122.8622457777778,1.2,311.0,2017-08-12 01:31:22,围网
6642,31.504553555555553,122.85766244444444,1.5,314.0,2017-08-12 01:41:22,围网
6642,31.507553555555553,122.85305133333334,1.1,0.0,2017-08-12 01:51:22,围网
6642,31.51069244444445,122.84877355555555,0.8,0.0,2017-08-12 02:01:22,围网
6642,31.51433133333333,122.844718,1.8,319.0,2017-08-12 02:12:08,围网
6642,31.51780355555555,122.84152355555555,2.0,321.0,2017-08-12 02:21:30,围网
6642,31.522164666666665,122.83877355555555,1.4,329.0,2017-08-12 02:31:22,围网
6642,31.523053555555553,122.84082911111112,3.5,158.0,2017-08-12 02:41:31,围网
6642,31.52633133333333,122.84230133333332,2.0,9.0,2017-08-12 02:51:22,围网
6642,31.52460911111111,122.84057911111113,6.2,305.0,2017-08-12 03:01:28,围网
6642,31.52538688888889,122.81741244444444,8.3,281.0,2017-08-12 03:11:31,围网
6642,31.526970222222207,122.79224577777778,7.5,270.0,2017-08-12 03:21:22,围网
6642,31.527414666666665,122.78410688888893,6.4,131.0,2017-08-12 03:31:22,围网
6642,31.52835911111111,122.79260688888893,2.4,52.0,2017-08-12 03:41:21,围网
6642,31.53158133333333,122.79891244444444,2.1,66.0,2017-08-12 03:51:21,围网
6642,31.533553555555557,122.805968,2.4,70.0,2017-08-12 04:01:21,围网
6642,31.53491466666667,122.81327355555555,2.4,67.0,2017-08-12 04:11:21,围网
6642,31.53644244444445,122.82030133333332,2.1,80.0,2017-08-12 04:21:21,围网
6642,31.53738688888889,122.82749577777778,2.1,89.0,2017-08-12 04:31:21,围网
6642,31.538303555555554,122.83444022222223,2.2,71.0,2017-08-12 04:41:21,围网
6642,31.538775777777786,122.84141244444444,2.2,85.0,2017-08-12 04:51:21,围网
6642,31.539220222222234,122.84827355555555,2.2,87.0,2017-08-12 05:01:21,围网
6642,31.539553555555553,122.855218,2.1,95.0,2017-08-12 05:11:22,围网
6642,31.539498,122.86238466666669,2.0,87.0,2017-08-12 05:21:44,围网
6642,31.539553555555553,122.86907911111112,1.7,86.0,2017-08-12 05:31:21,围网
6642,31.539553555555553,122.87582911111113,2.0,90.0,2017-08-12 05:41:21,围网
6642,31.53983133333333,122.88235688888888,2.3,104.0,2017-08-12 05:51:21,围网
6642,31.53944244444445,122.88899577777781,2.1,86.0,2017-08-12 06:01:21,围网
6642,31.53888688888889,122.89544022222223,2.1,96.0,2017-08-12 06:11:21,围网
6642,31.53869244444445,122.90155133333336,2.3,97.0,2017-08-12 06:21:21,围网
6642,31.53860911111111,122.90744022222223,1.7,95.0,2017-08-12 06:31:21,围网
6642,31.53813688888889,122.91327355555555,1.8,100.0,2017-08-12 06:41:21,围网
6642,31.53741466666667,122.91902355555555,1.6,86.0,2017-08-12 06:51:21,围网
6642,31.53635911111111,122.924718,2.1,111.0,2017-08-12 07:01:22,围网
6642,31.535275777777766,122.93027355555556,1.8,123.0,2017-08-12 07:11:22,围网
6642,31.53344244444445,122.93557911111112,1.7,131.0,2017-08-12 07:21:22,围网
6642,31.531775777777767,122.94071800000002,2.4,132.0,2017-08-12 07:31:21,围网
6642,31.529498,122.94591244444445,1.8,117.0,2017-08-12 07:41:21,围网
6642,31.52719244444444,122.95057911111113,1.6,118.0,2017-08-12 07:51:21,围网
6642,31.523636888888888,122.9547457777778,2.2,131.0,2017-08-12 08:01:21,围网
6642,31.52088688888889,122.95921799999999,1.6,122.0,2017-08-12 08:11:39,围网
6642,31.51669244444444,122.96202355555555,1.9,169.0,2017-08-12 08:21:21,围网
6642,31.51133133333333,122.96285688888894,2.0,190.0,2017-08-12 08:31:20,围网
6642,31.50613688888889,122.96182911111113,1.3,195.0,2017-08-12 08:41:21,围网
6642,31.508914666666666,122.960718,0.6,73.0,2017-08-12 08:51:21,围网
6642,31.508609111111113,122.96185688888893,7.0,9.0,2017-08-12 09:01:21,围网
6642,31.52758133333333,122.9743568888889,8.0,27.0,2017-08-12 09:11:21,围网
6642,31.54844244444445,122.98060688888893,8.0,56.0,2017-08-12 09:21:20,围网
6642,31.54627577777779,122.9824957777778,1.9,242.0,2017-08-12 09:31:20,围网
6642,31.54472022222221,122.97580133333334,2.1,278.0,2017-08-12 09:41:21,围网
6642,31.544248,122.96905133333335,1.9,258.0,2017-08-12 09:51:20,围网
6642,31.543998,122.96221800000002,2.2,281.0,2017-08-12 10:01:20,围网
6642,31.543692444444442,122.95560688888894,2.3,278.0,2017-08-12 10:11:20,围网
6642,31.54385911111111,122.948718,2.2,279.0,2017-08-12 10:21:21,围网
6642,31.54413688888889,122.94188466666668,2.1,262.0,2017-08-12 10:31:20,围网
6642,31.54372022222222,122.93516244444444,2.0,260.0,2017-08-12 10:41:21,围网
6642,31.544109111111112,122.92838466666667,2.3,276.0,2017-08-12 10:51:20,围网
6642,31.544053555555557,122.91466244444445,2.1,259.0,2017-08-12 11:11:21,围网
6642,31.54383133333333,122.90805133333336,2.2,283.0,2017-08-12 11:21:20,围网
6642,31.54380355555556,122.90163466666668,2.1,275.0,2017-08-12 11:31:25,围网
6642,31.54413688888889,122.895218,2.7,289.0,2017-08-12 11:41:20,围网
6642,31.544970222222233,122.88855133333334,1.6,285.0,2017-08-12 11:51:20,围网
6642,31.545720222222233,122.88207911111112,1.0,0.0,2017-08-12 12:01:21,围网
6642,31.546720222222234,122.87541244444445,1.2,272.0,2017-08-12 12:11:45,围网
6642,31.54777577777779,122.8692457777778,1.5,271.0,2017-08-12 12:21:20,围网
6642,31.548914666666665,122.86299577777778,1.7,281.0,2017-08-12 12:31:19,围网
6642,31.549998,122.85694022222224,2.1,278.0,2017-08-12 12:41:19,围网
6642,31.551053555555555,122.85113466666668,2.0,285.0,2017-08-12 12:51:19,围网
6642,31.552303555555554,122.84555133333336,1.6,288.0,2017-08-12 13:01:19,围网
6642,31.553164666666664,122.840718,4.8,112.0,2017-08-12 13:11:20,围网
6642,31.557997999999998,122.83630133333334,3.2,343.0,2017-08-12 13:21:20,围网
6642,31.561748,122.83088466666666,1.5,276.0,2017-08-12 13:31:19,围网
6642,31.562942444444445,122.82538466666666,0.7,277.0,2017-08-12 13:41:19,围网
6642,31.56508133333333,122.82060688888888,1.4,305.0,2017-08-12 13:51:19,围网
6642,31.56785911111111,122.815968,1.1,313.0,2017-08-12 14:01:19,围网
6642,31.57077577777777,122.81135688888888,2.3,317.0,2017-08-12 14:11:20,围网
6642,31.574192444444442,122.80702355555556,1.4,316.0,2017-08-12 14:21:20,围网
6642,31.578025777777768,122.80294022222223,1.7,315.0,2017-08-12 14:31:20,围网
6642,31.58185911111111,122.799218,1.0,319.0,2017-08-12 14:41:20,围网
6642,31.585386888888888,122.79938466666668,3.7,120.0,2017-08-12 14:51:19,围网
6642,31.58610911111111,122.80232911111112,1.9,28.0,2017-08-12 15:01:19,围网
6642,31.58363688888889,122.7994957777778,5.6,210.0,2017-08-12 15:11:20,围网
6642,31.565720222222208,122.79374577777777,6.3,191.0,2017-08-12 15:21:20,围网
6642,31.54941466666667,122.78335688888887,6.7,227.0,2017-08-12 15:31:20,围网
6642,31.536192444444445,122.782218,4.5,73.0,2017-08-12 15:41:41,围网
6642,31.53583133333333,122.79177355555555,2.2,61.0,2017-08-12 15:51:20,围网
6642,31.539136888888887,122.79827355555555,2.3,63.0,2017-08-12 16:01:20,围网
6642,31.542970222222234,122.80424577777778,1.9,65.0,2017-08-12 16:11:20,围网
6642,31.545609111111112,122.81105133333334,2.4,67.0,2017-08-12 16:21:20,围网
6642,31.548553555555554,122.81732911111112,2.0,55.0,2017-08-12 16:31:19,围网
6642,31.550914666666664,122.82402355555556,2.0,78.0,2017-08-12 16:41:19,围网
6642,31.55166466666667,122.83144022222223,2.3,99.0,2017-08-12 16:51:18,围网
6642,31.551720222222233,122.83891244444445,2.3,90.0,2017-08-12 17:01:19,围网
6642,31.55133133333333,122.84638466666668,2.5,114.0,2017-08-12 17:11:19,围网
6642,31.550386888888887,122.85377355555555,2.0,0.0,2017-08-12 17:21:20,围网
6642,31.550192444444445,122.86116244444445,2.0,134.0,2017-08-12 17:31:26,围网
6642,31.550720222222232,122.8752457777778,2.2,81.0,2017-08-12 17:51:18,围网
6642,31.55144244444445,122.88205133333334,1.9,81.0,2017-08-12 18:01:41,围网
6642,31.55094244444444,122.88880133333336,2.2,103.0,2017-08-12 18:11:19,围网
6642,31.550525777777786,122.89571800000002,1.6,90.0,2017-08-12 18:21:18,围网
6642,31.551136888888887,122.90210688888894,2.3,94.0,2017-08-12 18:31:18,围网
6642,31.55180355555556,122.907968,2.1,94.0,2017-08-12 18:41:18,围网
6642,31.55291466666667,122.913218,2.4,98.0,2017-08-12 18:51:18,围网
6642,31.552970222222232,122.919218,2.1,93.0,2017-08-12 19:01:18,围网
6642,31.552747999999998,122.9251068888889,1.5,96.0,2017-08-12 19:11:18,围网
6642,31.551914666666665,122.93107911111113,1.7,103.0,2017-08-12 19:21:18,围网
6642,31.55033133333333,122.93713466666668,1.6,108.0,2017-08-12 19:31:18,围网
6642,31.548247999999997,122.94277355555558,2.7,125.0,2017-08-12 19:41:18,围网
6642,31.545997999999997,122.94813466666668,1.5,96.0,2017-08-12 19:51:18,围网
6642,31.543553555555555,122.95321800000002,2.0,123.0,2017-08-12 20:01:18,围网
6642,31.54113688888889,122.95827355555555,2.2,121.0,2017-08-12 20:11:19,围网
6642,31.538859111111112,122.9629957777778,1.6,91.0,2017-08-12 20:21:18,围网
6642,31.535775777777786,122.96732911111113,2.1,141.0,2017-08-12 20:31:18,围网
6642,31.532248,122.97105133333334,2.4,158.0,2017-08-12 20:41:18,围网
6642,31.52735911111111,122.97282911111112,2.3,171.0,2017-08-12 20:51:18,围网
6642,31.52916466666667,122.96988466666667,1.0,195.0,2017-08-12 21:01:20,围网
6642,31.52722022222222,122.96819022222223,0.6,0.0,2017-08-12 21:11:23,围网
6642,31.534997999999998,122.98169022222223,6.8,59.0,2017-08-12 21:21:40,围网
6642,31.547275777777767,122.99788466666668,7.1,57.0,2017-08-12 21:31:17,围网
6642,31.549581333333336,123.00102355555555,2.3,295.0,2017-08-12 21:41:17,围网
6642,31.548998,122.99185688888893,1.8,263.0,2017-08-12 21:51:17,围网
6642,31.548859111111113,122.98541244444445,2.2,269.0,2017-08-12 22:01:17,围网
6642,31.549303555555557,122.97866244444445,1.5,268.0,2017-08-12 22:11:17,围网
6642,31.55013688888889,122.97196799999999,2.3,289.0,2017-08-12 22:21:17,围网
6642,31.55130355555556,122.96510688888893,2.5,285.0,2017-08-12 22:31:17,围网
6642,31.552775777777786,122.95830133333334,2.8,285.0,2017-08-12 22:41:17,围网
6642,31.55288688888889,122.95160688888893,2.1,275.0,2017-08-12 22:51:18,围网
6642,31.55344244444445,122.94477355555556,1.2,265.0,2017-08-12 23:01:17,围网
6642,31.554164666666665,122.93794022222224,3.4,285.0,2017-08-12 23:11:18,围网
6642,31.554803555555555,122.9311068888889,1.3,300.0,2017-08-12 23:21:17,围网
6642,31.555442444444445,122.92441244444444,3.5,287.0,2017-08-12 23:31:17,围网
6642,31.55658133333333,122.91791244444444,2.8,272.0,2017-08-12 23:41:18,围网
6642,31.558164666666666,122.91124577777778,4.5,297.0,2017-08-12 23:51:17,围网
6642,31.561025777777786,122.90477355555555,2.5,303.0,2017-08-13 00:01:17,围网
6642,31.56291466666667,122.89785688888892,1.3,261.0,2017-08-13 00:11:44,围网
6642,31.56369244444444,122.8917457777778,0.4,283.0,2017-08-13 00:21:17,围网
6642,31.56522022222222,122.88535688888888,1.8,280.0,2017-08-13 00:31:17,围网
6642,31.56702577777777,122.87919022222222,1.7,284.0,2017-08-13 00:41:17,围网
6642,31.56844244444445,122.87316244444445,1.6,289.0,2017-08-13 00:51:17,围网
6642,31.570914666666663,122.86710688888893,4.1,311.0,2017-08-13 01:01:17,围网
6642,31.57297022222221,122.86107911111112,0.7,272.0,2017-08-13 01:11:17,围网
6642,31.57505355555555,122.85532911111108,1.5,311.0,2017-08-13 01:21:16,围网
6642,31.57897022222221,122.84982911111106,3.1,312.0,2017-08-13 01:31:16,围网
6642,31.58338688888889,122.84441244444444,2.4,314.0,2017-08-13 01:41:16,围网
6642,31.58835911111111,122.83941244444445,2.0,323.0,2017-08-13 01:51:16,围网
6642,31.593220222222207,122.83441244444445,1.9,316.0,2017-08-13 02:01:16,围网
6642,31.59722022222222,122.82927355555556,0.9,285.0,2017-08-13 02:11:16,围网
6642,31.60413688888889,122.82952355555555,2.5,11.0,2017-08-13 02:21:16,围网
6642,31.611442444444442,122.83016244444444,2.2,319.0,2017-08-13 02:31:16,围网
6642,31.61741466666667,122.82627355555556,2.4,334.0,2017-08-13 02:41:16,围网
6642,31.623303555555548,122.82360688888893,3.1,354.0,2017-08-13 02:51:16,围网
6642,31.629136888888887,122.82113466666668,1.8,325.0,2017-08-13 03:01:16,围网
6642,31.63469244444445,122.81849577777778,1.2,352.0,2017-08-13 03:11:17,围网
6642,31.63447022222222,122.82105133333332,1.6,0.0,2017-08-13 03:21:17,围网
6642,31.642525777777767,122.82413466666668,3.1,22.0,2017-08-13 03:31:38,围网
6642,31.63947022222222,122.82649577777778,4.6,193.0,2017-08-13 03:41:16,围网
6642,31.625303555555554,122.82638466666668,5.0,174.0,2017-08-13 03:51:16,围网
6642,31.61016466666667,122.82602355555555,6.4,181.0,2017-08-13 04:01:16,围网
6642,31.597053555555547,122.817968,6.5,236.0,2017-08-13 04:11:17,围网
6642,31.584247999999995,122.80796799999999,6.5,207.0,2017-08-13 04:21:16,围网
6642,31.57388688888889,122.8037457777778,1.4,225.0,2017-08-13 04:31:16,围网
6642,31.574248,122.81369022222222,2.2,81.0,2017-08-13 04:41:16,围网
6642,31.57510911111111,122.82016244444445,1.6,99.0,2017-08-13 04:51:16,围网
6642,31.574998,122.827468,2.8,101.0,2017-08-13 05:01:16,围网
6642,31.575664666666665,122.83457911111113,2.0,95.0,2017-08-13 05:11:17,围网
6642,31.57613688888889,122.84185688888893,1.9,96.0,2017-08-13 05:21:17,围网
6642,31.57747022222221,122.84919022222222,1.4,85.0,2017-08-13 05:31:42,围网
6642,31.578164666666666,122.85613466666666,2.0,73.0,2017-08-13 05:41:15,围网
6642,31.57880355555556,122.86307911111112,2.2,95.0,2017-08-13 05:51:15,围网
6642,31.578692444444442,122.87010688888887,1.9,98.0,2017-08-13 06:01:15,围网
6642,31.577998,122.87663466666666,1.8,120.0,2017-08-13 06:11:16,围网
6642,31.57744244444445,122.88316244444445,1.7,103.0,2017-08-13 06:21:16,围网
6642,31.577275777777768,122.89021800000002,1.9,128.0,2017-08-13 06:31:16,围网
6642,31.577248,122.89732911111112,2.7,54.0,2017-08-13 06:41:16,围网
6642,31.578025777777768,122.90355133333334,2.5,127.0,2017-08-13 06:51:15,围网
6642,31.577998,122.90996799999999,1.7,128.0,2017-08-13 07:01:16,围网
6642,31.577720222222233,122.91641244444445,2.5,66.0,2017-08-13 07:11:16,围网
6642,31.57752577777777,122.9227457777778,1.8,106.0,2017-08-13 07:21:17,围网
6642,31.577053555555548,122.92891244444445,2.4,75.0,2017-08-13 07:31:16,围网
6642,31.57622022222222,122.93494022222224,1.9,123.0,2017-08-13 07:41:15,围网
6642,31.57558133333333,122.94063466666668,3.3,95.0,2017-08-13 07:51:15,围网
6642,31.57388688888889,122.94594022222223,2.2,130.0,2017-08-13 08:01:15,围网
6642,31.571498,122.95152355555555,2.1,109.0,2017-08-13 08:11:52,围网
6642,31.569998,122.95632911111113,2.2,98.0,2017-08-13 08:21:15,围网
6642,31.56835911111111,122.9612457777778,3.4,58.0,2017-08-13 08:31:15,围网
6642,31.56680355555556,122.96594022222223,1.4,122.0,2017-08-13 08:41:17,围网
6642,31.565136888888887,122.97038466666667,2.2,114.0,2017-08-13 08:51:16,围网
6642,31.563136888888888,122.97446800000002,1.7,113.0,2017-08-13 09:01:16,围网
6642,31.55991466666667,122.97760688888893,2.1,156.0,2017-08-13 09:11:17,围网
6642,31.55485911111111,122.97532911111112,2.4,225.0,2017-08-13 09:21:16,围网
6642,31.55283133333333,122.96930133333332,2.4,293.0,2017-08-13 09:31:16,围网
6642,31.553275777777767,122.96349577777781,3.8,312.0,2017-08-13 09:41:16,围网
6642,31.552442444444445,122.9584957777778,1.8,268.0,2017-08-13 09:51:14,围网
6642,31.553164666666664,122.95974577777778,3.3,103.0,2017-08-13 10:01:16,围网
6642,31.55447022222221,122.96224577777781,1.6,73.0,2017-08-13 10:11:15,围网
6642,31.551192444444442,122.97727355555556,8.5,112.0,2017-08-13 10:21:15,围网
6642,31.544525777777785,122.9972457777778,6.7,91.0,2017-08-13 10:31:14,围网
6642,31.54194244444445,123.00905133333336,3.2,197.0,2017-08-13 10:41:14,围网
6642,31.543359111111112,122.99969022222223,1.9,298.0,2017-08-13 10:51:14,围网
6642,31.544470222222234,122.993468,3.5,257.0,2017-08-13 11:01:15,围网
6642,31.545609111111112,122.98732911111112,3.1,280.0,2017-08-13 11:11:15,围网
6642,31.54702577777777,122.98096799999999,3.0,327.0,2017-08-13 11:21:15,围网
6642,31.549581333333336,122.97482911111112,1.5,0.0,2017-08-13 11:31:28,围网
6642,31.55283133333333,122.96880133333336,4.9,315.0,2017-08-13 11:41:16,围网
6642,31.55288688888889,122.96288466666668,0.8,0.0,2017-08-13 11:51:14,围网
6642,31.55313688888889,122.95746799999999,1.3,283.0,2017-08-13 12:01:42,围网
6642,31.554275777777768,122.95227355555555,1.6,251.0,2017-08-13 12:11:16,围网
6642,31.555664666666665,122.94669022222223,3.2,314.0,2017-08-13 12:21:16,围网
6642,31.55710911111111,122.94124577777778,1.9,284.0,2017-08-13 12:31:14,围网
6642,31.55810911111111,122.93605133333334,1.2,259.0,2017-08-13 12:41:15,围网
6642,31.558636888888888,122.93119022222223,3.6,310.0,2017-08-13 12:51:14,围网
6642,31.560498,122.92577355555555,1.9,275.0,2017-08-13 13:01:14,围网
6642,31.56169244444445,122.92077355555556,0.7,288.0,2017-08-13 13:11:15,围网
6642,31.56338688888889,122.91566244444445,1.4,305.0,2017-08-13 13:21:14,围网
6642,31.56544244444445,122.91049577777778,1.0,259.0,2017-08-13 13:31:15,围网
6642,31.56697022222221,122.90563466666669,1.2,295.0,2017-08-13 13:41:14,围网
6642,31.568553555555553,122.90099577777781,2.1,284.0,2017-08-13 13:51:15,围网
6642,31.570525777777767,122.89652355555555,2.7,320.0,2017-08-13 14:01:15,围网
6642,31.57294244444445,122.89199577777781,2.3,323.0,2017-08-13 14:11:15,围网
6642,31.575303555555553,122.88763466666668,1.7,313.0,2017-08-13 14:21:14,围网
6642,31.578553555555555,122.88332911111112,1.9,324.0,2017-08-13 14:31:14,围网
6642,31.582442444444442,122.87966244444445,2.1,300.0,2017-08-13 14:41:14,围网
6642,31.58563688888889,122.87591244444445,3.7,339.0,2017-08-13 14:51:14,围网
6642,31.589053555555555,122.87232911111113,3.2,8.0,2017-08-13 15:01:14,围网
6642,31.592525777777766,122.8689402222222,3.2,337.0,2017-08-13 15:11:14,围网
6642,31.59833133333333,122.86799577777781,2.3,23.0,2017-08-13 15:21:13,围网
6642,31.596970222222208,122.87107911111107,1.1,0.0,2017-08-13 15:31:14,围网
6642,31.599748,122.87607911111112,2.3,44.0,2017-08-13 15:41:42,围网
6642,31.58508133333333,122.87155133333334,8.3,195.0,2017-08-13 15:51:14,围网
6642,31.575303555555553,122.86838466666669,1.6,38.0,2017-08-13 16:01:14,围网
6642,31.57358133333333,122.8656902222222,7.0,211.0,2017-08-13 16:11:15,围网
6642,31.567386888888887,122.84577355555555,3.7,254.0,2017-08-13 16:21:14,围网
6642,31.56185911111111,122.8494957777778,3.3,68.0,2017-08-13 16:31:14,围网
6642,31.563275777777786,122.85710688888894,2.8,90.0,2017-08-13 16:41:13,围网
6642,31.56494244444445,122.86410688888887,2.0,62.0,2017-08-13 16:51:14,围网
6642,31.56563688888889,122.8711902222222,2.2,65.0,2017-08-13 17:01:15,围网
6642,31.56547022222221,122.87838466666666,2.1,97.0,2017-08-13 17:11:15,围网
6642,31.56547022222221,122.885718,2.0,98.0,2017-08-13 17:21:15,围网
6642,31.56483133333333,122.89316244444444,1.9,83.0,2017-08-13 17:31:13,围网
6642,31.56558133333333,122.90082911111116,2.3,74.0,2017-08-13 17:41:14,围网
6642,31.565275777777767,122.90888466666668,2.3,91.0,2017-08-13 17:51:58,围网
6642,31.56455355555555,122.91635688888893,3.4,103.0,2017-08-13 18:01:14,围网
6642,31.56455355555555,122.92407911111113,2.7,100.0,2017-08-13 18:11:13,围网
6642,31.56433133333333,122.93166244444444,2.7,98.0,2017-08-13 18:21:13,围网
6642,31.564303555555558,122.93913466666667,1.8,83.0,2017-08-13 18:31:12,围网
6642,31.56441466666667,122.94630133333335,1.9,86.0,2017-08-13 18:41:13,围网
6642,31.564748,122.95319022222223,2.5,96.0,2017-08-13 18:51:12,围网
6642,31.564525777777767,122.96005133333334,2.8,107.0,2017-08-13 19:01:13,围网
6642,31.564220222222207,122.96680133333334,1.7,81.0,2017-08-13 19:11:13,围网
6642,31.56383133333333,122.97341244444445,3.6,120.0,2017-08-13 19:21:12,围网
6642,31.56344244444445,122.97988466666668,1.9,76.0,2017-08-13 19:31:12,围网
6642,31.563247999999998,122.98613466666669,1.5,89.0,2017-08-13 19:41:12,围网
6642,31.56319244444445,122.99227355555556,1.9,51.0,2017-08-13 19:51:12,围网
6642,31.563275777777786,122.99830133333332,2.6,103.0,2017-08-13 20:01:42,围网
6642,31.56269244444445,123.00385688888888,1.6,101.0,2017-08-13 20:11:12,围网
6642,31.56188688888889,123.009468,2.2,109.0,2017-08-13 20:21:12,围网
6642,31.56022022222221,123.0149402222222,1.7,121.0,2017-08-13 20:31:13,围网
6642,31.558497999999997,123.02024577777777,1.9,75.0,2017-08-13 20:41:12,围网
6642,31.55644244444445,123.02546799999999,1.3,57.0,2017-08-13 20:51:12,围网
6642,31.554136888888888,123.03027355555555,1.1,159.0,2017-08-13 21:01:13,围网
6642,31.548025777777767,123.0309957777778,2.4,193.0,2017-08-13 21:11:12,围网
6642,31.544525777777785,123.03446799999999,1.0,149.0,2017-08-13 21:21:12,围网
6642,31.54247022222223,123.0296068888889,2.2,177.0,2017-08-13 21:31:12,围网
6642,31.53952577777777,123.02530133333336,2.8,221.0,2017-08-13 21:41:12,围网
6642,31.54113688888889,123.0279957777778,0.7,214.0,2017-08-13 21:51:12,围网
6642,31.540998,123.02760688888893,1.2,21.0,2017-08-13 22:01:12,围网
6642,31.52747022222222,123.0164957777778,8.1,217.0,2017-08-13 22:11:12,围网
6642,31.507164666666664,123.0059402222222,8.3,216.0,2017-08-13 22:21:12,围网
6642,31.49583133333333,122.99663466666668,3.0,51.0,2017-08-13 22:31:12,围网
6642,31.49544244444445,122.99544022222223,3.2,219.0,2017-08-13 22:41:12,围网
6642,31.499553555555554,122.98916244444445,2.3,308.0,2017-08-13 22:51:13,围网
6642,31.50091466666667,122.98266244444444,1.7,215.0,2017-08-13 23:01:13,围网
6642,31.50222022222221,122.97652355555556,2.3,233.0,2017-08-13 23:11:13,围网
6642,31.503803555555557,122.97052355555556,1.2,264.0,2017-08-13 23:21:12,围网
6642,31.505581333333332,122.964468,1.4,306.0,2017-08-13 23:31:13,围网
6642,31.50805355555556,122.95855133333336,3.0,311.0,2017-08-13 23:41:12,围网
6642,31.511553555555555,122.95352355555555,0.7,0.0,2017-08-13 23:51:12,围网
6642,31.51555355555555,122.94852355555555,2.0,290.0,2017-08-14 00:01:36,围网
6642,31.51516466666667,122.9432457777778,2.0,275.0,2017-08-14 00:11:11,围网
6642,31.51638688888889,122.93785688888887,1.2,278.0,2017-08-14 00:21:11,围网
6642,31.518248,122.93213466666668,1.4,260.0,2017-08-14 00:31:11,围网
6642,31.518998,122.92657911111112,2.2,276.0,2017-08-14 00:41:11,围网
6642,31.52038688888889,122.9209957777778,2.8,293.0,2017-08-14 00:51:11,围网
6642,31.52197022222222,122.9154957777778,2.7,292.0,2017-08-14 01:01:11,围网
6642,31.523914666666666,122.91007911111113,2.9,289.0,2017-08-14 01:11:13,围网
6642,31.525136888888888,122.90485688888893,2.4,303.0,2017-08-14 01:21:11,围网
6642,31.527275777777767,122.89991244444445,0.5,292.0,2017-08-14 01:31:12,围网
6642,31.529553555555548,122.89530133333336,1.1,322.0,2017-08-14 01:41:11,围网
6642,31.531998,122.89063466666668,3.3,326.0,2017-08-14 01:51:12,围网
6642,31.535331333333332,122.88616244444445,2.1,305.0,2017-08-14 02:01:11,围网
6642,31.539970222222234,122.88227355555556,1.2,336.0,2017-08-14 02:11:12,围网
6642,31.544664666666666,122.87816244444444,1.3,300.0,2017-08-14 02:21:12,围网
6642,31.547303555555555,122.87338466666668,1.3,323.0,2017-08-14 02:31:12,围网
6642,31.549470222222233,122.86899577777778,1.1,0.0,2017-08-14 02:41:11,围网
6642,31.552553555555555,122.86505133333333,0.9,0.0,2017-08-14 02:51:11,围网
6642,31.55824800000001,122.86277355555555,3.1,14.0,2017-08-14 03:01:11,围网
6642,31.56008133333333,122.86552355555555,3.6,170.0,2017-08-14 03:11:12,围网
6642,31.562386888888888,122.86724577777778,3.3,42.0,2017-08-14 03:21:39,围网
6642,31.565914666666664,122.87130133333334,3.4,91.0,2017-08-14 03:31:11,围网
6642,31.55130355555556,122.85852355555555,6.5,219.0,2017-08-14 03:41:11,围网
6642,31.53485911111111,122.84530133333334,7.5,202.0,2017-08-14 03:51:11,围网
6642,31.51894244444444,122.83088466666666,7.9,220.0,2017-08-14 04:01:11,围网
6642,31.503053555555553,122.81549577777778,7.1,222.0,2017-08-14 04:11:11,围网
6642,31.48758133333333,122.79938466666668,7.8,228.0,2017-08-14 04:21:10,围网
6642,31.47005355555555,122.78602355555556,7.6,225.0,2017-08-14 04:31:10,围网
6642,31.453303555555554,122.77107911111106,7.8,225.0,2017-08-14 04:41:11,围网
6642,31.436359111111113,122.756468,7.3,221.0,2017-08-14 04:51:10,围网
6642,31.41733133333333,122.74260688888893,9.1,197.0,2017-08-14 05:01:11,围网
6642,31.39735911111111,122.72802355555555,8.6,209.0,2017-08-14 05:11:12,围网
6642,31.376886888888887,122.71260688888893,8.1,222.0,2017-08-14 05:21:11,围网
6642,31.35669244444445,122.69621800000002,9.1,218.0,2017-08-14 05:31:11,围网
6642,31.33658133333333,122.67980133333334,9.2,201.0,2017-08-14 05:41:12,围网
6642,31.31530355555555,122.66410688888894,8.8,211.0,2017-08-14 05:51:11,围网
6642,31.29252577777779,122.64744022222223,9.7,214.0,2017-08-14 06:01:43,围网
6642,31.27169244444444,122.63130133333334,9.2,216.0,2017-08-14 06:11:11,围网
6642,31.249053555555548,122.6144957777778,9.4,214.0,2017-08-14 06:21:11,围网
6642,31.22788688888889,122.59680133333332,9.1,213.0,2017-08-14 06:31:10,围网
6642,31.20688688888889,122.57969022222223,8.9,220.0,2017-08-14 06:41:11,围网
6642,31.18583133333333,122.56313466666668,9.2,211.0,2017-08-14 06:51:11,围网
6642,31.16597022222223,122.54544022222224,8.9,223.0,2017-08-14 07:01:11,围网
6642,31.14635911111111,122.527718,8.9,218.0,2017-08-14 07:11:11,围网
6642,31.126498,122.51055133333334,8.4,214.0,2017-08-14 07:21:11,围网
6642,31.10144244444445,122.50371799999999,9.9,185.0,2017-08-14 07:31:23,围网
6642,31.075303555555553,122.50038466666668,10.1,180.0,2017-08-14 07:41:11,围网
6642,31.049692444444442,122.49527355555556,9.4,183.0,2017-08-14 07:51:11,围网
6642,31.027803555555554,122.48294022222224,9.0,211.0,2017-08-14 08:01:11,围网
6642,31.007164666666664,122.46863466666667,9.0,211.0,2017-08-14 08:11:13,围网
6642,30.985914666666666,122.45455133333334,9.1,215.0,2017-08-14 08:21:11,围网
6642,30.963803555555554,122.43988466666669,9.8,203.0,2017-08-14 08:31:11,围网
6642,30.941886888888888,122.42288466666668,9.3,209.0,2017-08-14 08:41:37,围网
6642,30.919109111111112,122.40896799999999,9.5,211.0,2017-08-14 08:51:10,围网
6642,30.89469244444444,122.39435688888894,9.8,207.0,2017-08-14 09:01:12,围网
6642,30.87138688888889,122.37771799999999,9.4,213.0,2017-08-14 09:11:11,围网
6642,30.84819244444445,122.36077355555555,10.0,212.0,2017-08-14 09:21:11,围网
6642,30.825303555555553,122.3434957777778,9.9,207.0,2017-08-14 09:31:11,围网
6642,30.800775777777766,122.32769022222223,9.6,214.0,2017-08-14 09:41:10,围网
6642,30.776303555555554,122.31219022222223,10.2,212.0,2017-08-14 09:51:09,围网
6642,30.75163688888889,122.29585688888888,10.4,205.0,2017-08-14 10:01:12,围网
6642,30.726692444444442,122.27927355555555,10.2,207.0,2017-08-14 10:11:11,围网
6642,30.701859111111112,122.26216244444444,10.3,210.0,2017-08-14 10:21:12,围网
6642,30.677053555555553,122.24488466666668,10.3,212.0,2017-08-14 10:31:11,围网
6642,30.654247999999995,122.22485688888894,10.2,223.0,2017-08-14 10:41:11,围网
6642,30.63491466666667,122.20069022222224,10.3,232.0,2017-08-14 10:51:11,围网
6642,30.61660911111111,122.174718,10.4,233.0,2017-08-14 11:01:11,围网
6642,30.599331333333332,122.14752355555555,10.5,247.0,2017-08-14 11:11:09,围网
6642,30.59535911111111,122.1157457777778,10.3,282.0,2017-08-14 11:21:12,围网
6642,30.60583133333333,122.09957911111113,0.8,314.0,2017-08-14 11:31:24,围网
6642,30.60594244444445,122.0994957777778,0.1,0.0,2017-08-14 11:41:09,围网
6642,30.60591466666667,122.09952355555555,0.1,0.0,2017-08-14 11:51:09,围网
6642,30.60591466666667,122.0994957777778,0.1,0.0,2017-08-14 12:01:10,围网
6642,30.60591466666667,122.09952355555555,0.0,0.0,2017-08-14 12:11:41,围网
6642,30.60594244444445,122.0994957777778,0.0,0.0,2017-08-14 12:21:09,围网
6642,30.60594244444445,122.0994957777778,0.0,0.0,2017-08-14 12:31:10,围网
6642,30.60594244444445,122.0994957777778,0.0,0.0,2017-08-14 12:41:10,围网
6642,30.60594244444445,122.09946799999999,0.0,0.0,2017-08-14 12:51:09,围网
6642,30.60594244444445,122.09952355555555,0.0,0.0,2017-08-14 13:01:10,围网
6642,30.60588688888889,122.09946799999999,0.1,0.0,2017-08-14 13:11:10,围网
6642,30.60591466666667,122.0994957777778,0.0,0.0,2017-08-14 13:21:09,围网
6642,30.60591466666667,122.09946799999999,0.0,0.0,2017-08-14 13:31:09,围网
6642,30.60591466666667,122.0994957777778,0.0,0.0,2017-08-14 13:41:10,围网
6642,30.60033133333333,122.10155133333336,9.1,127.0,2017-08-14 13:51:09,围网
6642,30.594275777777767,122.12635688888888,6.8,84.0,2017-08-14 14:01:10,围网
6642,30.599442444444445,122.15044022222223,7.5,68.0,2017-08-14 14:11:20,围网
6642,30.60766466666667,122.1704957777778,6.6,51.0,2017-08-14 14:21:09,围网
6642,30.615248,122.1884957777778,6.7,67.0,2017-08-14 14:31:28,围网
6642,30.623192444444445,122.20785688888893,6.4,74.0,2017-08-14 14:41:10,围网
6642,30.633025777777767,122.22794022222223,7.5,63.0,2017-08-14 14:51:10,围网
6642,30.645775777777768,122.24885688888894,8.9,50.0,2017-08-14 15:01:10,围网
6642,30.660275777777766,122.27227355555556,9.1,51.0,2017-08-14 15:11:15,围网
6642,30.676136888888887,122.29374577777777,9.6,48.0,2017-08-14 15:21:11,围网
6642,30.689998,122.320718,9.0,59.0,2017-08-14 15:31:42,围网
6642,30.702720222222233,122.34507911111106,9.6,54.0,2017-08-14 15:41:11,围网
6642,30.718303555555554,122.37107911111107,9.5,57.0,2017-08-14 15:51:10,围网
6642,30.73222022222221,122.39655133333336,9.8,54.0,2017-08-14 16:01:09,围网
6642,30.749914666666665,122.42091244444444,9.7,49.0,2017-08-14 16:11:20,围网
6642,30.74619244444445,122.44694022222224,9.7,130.0,2017-08-14 16:21:08,围网
6642,30.742247999999996,122.44969022222223,0.2,0.0,2017-08-14 16:31:08,围网
6642,30.742275777777767,122.44969022222223,0.2,0.0,2017-08-14 16:41:09,围网
6642,30.742220222222233,122.44969022222223,0.1,0.0,2017-08-14 16:51:09,围网
6642,30.742275777777767,122.44971800000002,0.1,0.0,2017-08-14 17:01:08,围网
6642,30.74233133333333,122.44969022222223,0.3,0.0,2017-08-14 17:11:08,围网
6642,30.74241466666667,122.44977355555555,0.5,193.0,2017-08-14 17:21:08,围网
6642,30.742386888888888,122.4497457777778,0.3,0.0,2017-08-14 17:31:08,围网
6642,30.74352577777778,122.4487457777778,0.3,0.0,2017-08-14 17:41:20,围网
6642,30.743414666666666,122.44866244444445,0.0,0.0,2017-08-14 17:51:41,围网
6642,30.743414666666666,122.44863466666668,0.0,0.0,2017-08-14 18:01:08,围网
6642,30.74958133333333,122.4437457777778,7.7,312.0,2017-08-14 18:11:09,围网
6642,30.762748,122.42455133333334,10.0,8.0,2017-08-14 18:21:08,围网
6642,30.78560911111111,122.43957911111113,8.6,24.0,2017-08-14 18:31:08,围网
6642,30.80808133333333,122.45294022222224,9.1,22.0,2017-08-14 18:41:09,围网
6642,30.829859111111112,122.46910688888893,8.9,27.0,2017-08-14 18:51:08,围网
6642,30.85183133333333,122.48407911111113,8.9,30.0,2017-08-14 19:01:09,围网
6642,30.87427577777777,122.49813466666667,9.1,31.0,2017-08-14 19:11:09,围网
6642,30.89708133333333,122.51319022222219,9.3,22.0,2017-08-14 19:21:08,围网
6642,30.918609111111113,122.52894022222223,9.0,35.0,2017-08-14 19:31:09,围网
6642,30.93994244444445,122.54407911111113,8.6,25.0,2017-08-14 19:41:09,围网
6642,30.960859111111112,122.5599402222222,8.8,21.0,2017-08-14 19:51:08,围网
6642,30.982164666666666,122.57352355555555,8.8,33.0,2017-08-14 20:01:08,围网
6642,31.003248,122.58935688888887,8.1,28.0,2017-08-14 20:12:13,围网
6642,31.02308133333333,122.59919022222222,8.3,27.0,2017-08-14 20:21:08,围网
6642,31.04380355555556,122.60880133333332,8.0,9.0,2017-08-14 20:31:08,围网
6642,31.06383133333333,122.62005133333334,7.9,22.0,2017-08-14 20:41:07,围网
6642,31.084303555555554,122.63091244444445,8.8,37.0,2017-08-14 20:51:09,围网
6642,31.104581333333336,122.64488466666668,8.6,34.0,2017-08-14 21:01:08,围网
6642,31.124636888888887,122.65924577777778,8.5,18.0,2017-08-14 21:11:08,围网
6642,31.14472022222222,122.67357911111112,8.8,36.0,2017-08-14 21:21:07,围网
6642,31.16558133333333,122.68744022222224,8.6,22.0,2017-08-14 21:31:08,围网
6642,31.185914666666665,122.70235688888893,8.7,23.0,2017-08-14 21:41:08,围网
6642,31.20658133333333,122.71716244444444,9.1,48.0,2017-08-14 21:51:07,围网
6642,31.22816466666666,122.73180133333334,8.8,26.0,2017-08-14 22:02:06,围网
6642,31.249303555555556,122.74777355555555,9.0,25.0,2017-08-14 22:11:09,围网
6642,31.27147022222222,122.76188466666667,9.2,31.0,2017-08-14 22:21:07,围网
6642,31.292914666666668,122.77882911111112,9.5,33.0,2017-08-14 22:31:08,围网
6642,31.313470222222232,122.79791244444445,9.6,39.0,2017-08-14 22:41:08,围网
6642,31.334414666666664,122.81538466666667,9.3,15.0,2017-08-14 22:51:07,围网
6642,31.353886888888887,122.83630133333334,9.7,53.0,2017-08-14 23:01:08,围网
6642,31.372248,122.85788466666666,9.5,61.0,2017-08-14 23:11:09,围网
6642,31.388664666666664,122.880468,9.0,37.0,2017-08-14 23:21:07,围网
6642,31.405498,122.902718,8.8,49.0,2017-08-14 23:31:08,围网
6642,31.422748,122.92405133333335,9.0,26.0,2017-08-14 23:41:07,围网
6642,31.439442444444442,122.94527355555556,9.0,78.0,2017-08-14 23:51:07,围网
6642,31.45458133333333,122.964468,7.5,63.0,2017-08-15 00:01:07,围网
6642,31.455748,122.96030133333336,2.0,268.0,2017-08-15 00:12:04,围网
6642,31.45672022222222,122.95416244444445,2.0,273.0,2017-08-15 00:21:08,围网
6642,31.458303555555553,122.94780133333336,2.0,271.0,2017-08-15 00:31:07,围网
6642,31.46008133333333,122.9414957777778,1.6,282.0,2017-08-15 00:41:07,围网
6642,31.460803555555554,122.934968,2.3,285.0,2017-08-15 00:51:07,围网
6642,31.46138688888889,122.92860688888894,1.8,259.0,2017-08-15 01:01:06,围网
6642,31.46219244444445,122.92232911111113,1.9,295.0,2017-08-15 01:11:06,围网
6642,31.465414666666664,122.91655133333336,2.1,296.0,2017-08-15 01:21:06,围网
6642,31.46719244444445,122.9102457777778,2.0,284.0,2017-08-15 01:31:06,围网
6642,31.469748,122.90444022222223,1.8,300.0,2017-08-15 01:41:07,围网
6642,31.472386888888888,122.89863466666668,2.7,314.0,2017-08-15 01:51:07,围网
6642,31.47544244444445,122.89302355555556,1.8,289.0,2017-08-15 02:01:07,围网
6642,31.478248,122.88730133333334,1.7,289.0,2017-08-15 02:11:06,围网
6642,31.48047022222222,122.88163466666666,2.3,281.0,2017-08-15 02:21:31,围网
6642,31.482609111111113,122.87591244444445,1.9,294.0,2017-08-15 02:31:06,围网
6642,31.484275777777768,122.87044022222223,1.9,306.0,2017-08-15 02:41:06,围网
6642,31.486109111111112,122.86502355555555,1.7,285.0,2017-08-15 02:51:07,围网
6642,31.48844244444444,122.85963466666666,1.9,332.0,2017-08-15 03:01:06,围网
6642,31.49044244444445,122.85413466666668,1.8,285.0,2017-08-15 03:11:34,围网
6642,31.492942444444445,122.84944022222223,2.3,334.0,2017-08-15 03:21:07,围网
6642,31.496498,122.84510688888888,1.8,319.0,2017-08-15 03:31:06,围网
6642,31.499525777777766,122.84066244444445,1.6,305.0,2017-08-15 03:41:06,围网
6642,31.50241466666667,122.83638466666667,1.3,300.0,2017-08-15 03:51:06,围网
6642,31.505525777777766,122.83235688888887,1.4,302.0,2017-08-15 04:01:07,围网
6642,31.509386888888887,122.829218,2.2,335.0,2017-08-15 04:11:07,围网
6642,31.51441466666667,122.82810688888887,1.4,357.0,2017-08-15 04:21:06,围网
6642,31.519609111111112,122.82832911111113,1.7,354.0,2017-08-15 04:31:06,围网
6642,31.52472022222221,122.829218,1.9,14.0,2017-08-15 04:41:06,围网
6642,31.52547022222221,122.83127355555555,3.9,200.0,2017-08-15 04:51:06,围网
6642,31.52522022222222,122.8319957777778,1.1,57.0,2017-08-15 05:01:06,围网
6642,31.523497999999996,122.83257911111107,6.2,264.0,2017-08-15 05:11:06,围网
6642,31.53869244444445,122.82674577777777,8.2,14.0,2017-08-15 05:21:05,围网
6642,31.551748,122.82344022222223,4.3,150.0,2017-08-15 05:31:08,围网
6642,31.55060911111111,122.83263466666666,2.3,80.0,2017-08-15 05:41:06,围网
6642,31.55213688888889,122.83932911111113,2.1,77.0,2017-08-15 05:51:34,围网
6642,31.55185911111111,122.84535688888887,2.0,92.0,2017-08-15 06:01:07,围网
6642,31.550970222222233,122.85169022222223,2.0,95.0,2017-08-15 06:11:06,围网
6642,31.549248,122.85788466666666,2.1,118.0,2017-08-15 06:21:05,围网
6642,31.54716466666667,122.863968,2.1,112.0,2017-08-15 06:31:06,围网
6642,31.54469244444445,122.86994022222223,2.1,101.0,2017-08-15 06:41:06,围网
6642,31.54416466666667,122.87707911111107,1.9,89.0,2017-08-15 06:51:05,围网
6642,31.54402577777779,122.88399577777778,2.1,85.0,2017-08-15 07:01:06,围网
6642,31.54372022222222,122.89085688888893,1.6,92.0,2017-08-15 07:11:06,围网
6642,31.54322022222223,122.89777355555556,2.3,106.0,2017-08-15 07:21:07,围网
6642,31.54252577777779,122.90469022222223,1.9,82.0,2017-08-15 07:31:07,围网
6642,31.54172022222221,122.91169022222223,2.0,95.0,2017-08-15 07:41:06,围网
6642,31.54080355555556,122.91857911111113,3.7,124.0,2017-08-15 07:51:07,围网
6642,31.539997999999997,122.92544022222224,2.4,97.0,2017-08-15 08:01:07,围网
6642,31.539609111111112,122.93244022222223,2.7,100.0,2017-08-15 08:11:35,围网
6642,31.539081333333336,122.93866244444445,1.9,98.0,2017-08-15 08:21:06,围网
6642,31.537636888888887,122.94530133333336,1.9,99.0,2017-08-15 08:31:06,围网
6642,31.53669244444445,122.95180133333334,1.8,103.0,2017-08-15 08:41:06,围网
6642,31.53510911111111,122.95830133333334,1.9,91.0,2017-08-15 08:51:06,围网
6642,31.534609111111113,122.96432911111113,1.7,95.0,2017-08-15 09:01:06,围网
6642,31.53391466666667,122.97007911111113,2.1,95.0,2017-08-15 09:11:07,围网
6642,31.53285911111111,122.97588466666667,1.3,113.0,2017-08-15 09:21:05,围网
6642,31.53108133333333,122.98169022222223,2.1,116.0,2017-08-15 09:31:26,围网
6642,31.52916466666667,122.98735688888893,2.3,127.0,2017-08-15 09:41:07,围网
6642,31.527748,122.993218,2.6,108.0,2017-08-15 09:51:36,围网
6642,31.525914666666665,122.99830133333332,1.8,122.0,2017-08-15 10:01:19,围网
6642,31.52413688888889,123.00360688888892,1.5,112.0,2017-08-15 10:11:06,围网
6642,31.522414666666666,123.00863466666668,0.8,108.0,2017-08-15 10:21:06,围网
6642,31.519998,123.01341244444444,4.0,171.0,2017-08-15 10:31:06,围网
6642,31.51277577777777,123.01388466666668,2.1,153.0,2017-08-15 10:41:05,围网
6642,31.508498,123.0184402222222,1.7,126.0,2017-08-15 10:51:06,围网
6642,31.504886888888887,123.02280133333332,2.0,131.0,2017-08-15 11:01:08,围网
6642,31.50108133333333,123.0267457777778,2.6,155.0,2017-08-15 11:11:19,围网
6642,31.500970222222207,123.0232457777778,0.8,193.0,2017-08-15 11:21:04,围网
6642,31.49644244444445,123.02205133333334,1.6,183.0,2017-08-15 11:31:04,围网
6642,31.50505355555555,123.03444022222223,6.8,23.0,2017-08-15 11:41:06,围网
6642,31.51910911111111,123.04907911111113,7.1,41.0,2017-08-15 11:51:04,围网
6642,31.53422022222221,123.06302355555556,7.3,40.0,2017-08-15 12:01:06,围网
6642,31.552970222222232,123.07416244444444,8.1,21.0,2017-08-15 12:11:35,围网
6642,31.56010911111111,123.07210688888892,4.8,293.0,2017-08-15 12:21:06,围网
6642,31.559859111111113,123.06502355555556,2.3,268.0,2017-08-15 12:31:07,围网
6642,31.559498,123.05832911111112,2.0,265.0,2017-08-15 12:41:06,围网
6642,31.55952577777777,123.05166244444445,2.2,265.0,2017-08-15 12:51:05,围网
6642,31.559192444444445,123.04502355555556,2.3,258.0,2017-08-15 13:01:06,围网
6642,31.55902577777778,123.038468,2.3,280.0,2017-08-15 13:11:05,围网
6642,31.559053555555558,123.03191244444444,1.9,254.0,2017-08-15 13:21:05,围网
6642,31.559220222222233,123.02541244444444,2.3,272.0,2017-08-15 13:31:06,围网
6642,31.55944244444445,123.01907911111113,1.8,260.0,2017-08-15 13:41:04,围网
6642,31.559192444444445,123.01269022222223,1.8,279.0,2017-08-15 13:51:05,围网
6642,31.558775777777786,123.00655133333336,2.2,291.0,2017-08-15 14:01:05,围网
6642,31.55860911111111,123.00035688888887,1.8,269.0,2017-08-15 14:11:04,围网
6642,31.558164666666666,122.99441244444445,2.1,280.0,2017-08-15 14:21:05,围网
6642,31.558220222222232,122.9884402222222,1.5,255.0,2017-08-15 14:31:07,围网
6642,31.558025777777786,122.98260688888894,2.3,294.0,2017-08-15 14:41:05,围网
6642,31.55805355555556,122.97674577777778,1.0,0.0,2017-08-15 14:51:03,围网
6642,31.55810911111111,122.97107911111112,1.5,0.0,2017-08-15 15:01:04,围网
6642,31.558525777777767,122.96546800000002,1.2,269.0,2017-08-15 15:11:06,围网
6642,31.558998,122.96005133333334,1.6,271.0,2017-08-15 15:21:07,围网
6642,31.55991466666667,122.95438466666668,2.1,263.0,2017-08-15 15:32:02,围网
6642,31.560914666666665,122.9492457777778,1.8,301.0,2017-08-15 15:41:05,围网
6642,31.562275777777767,122.9439402222222,2.2,294.0,2017-08-15 15:51:06,围网
6642,31.564025777777786,122.93874577777778,1.7,307.0,2017-08-15 16:01:04,围网
6642,31.566498,122.93394022222223,2.0,315.0,2017-08-15 16:11:04,围网
6642,31.569164666666666,122.92921799999999,1.8,290.0,2017-08-15 16:21:04,围网
6642,31.57163688888889,122.92455133333334,2.3,323.0,2017-08-15 16:31:05,围网
6642,31.574248,122.92010688888894,1.9,310.0,2017-08-15 16:41:04,围网
6642,31.576998,122.91599577777781,2.2,317.0,2017-08-15 16:51:05,围网
6642,31.580136888888887,122.91227355555556,1.2,313.0,2017-08-15 17:01:04,围网
6642,31.58383133333333,122.91077355555555,2.2,112.0,2017-08-15 17:11:05,围网
6642,31.581914666666666,122.91344022222223,1.1,355.0,2017-08-15 17:21:04,围网
6642,31.583609111111112,122.91296800000002,0.7,336.0,2017-08-15 17:31:36,围网
6642,31.578248,122.91121799999999,4.3,268.0,2017-08-15 17:41:03,围网
6642,31.575498,122.90666244444445,7.5,180.0,2017-08-15 17:51:03,围网
6642,31.572914666666666,122.91316244444445,1.6,121.0,2017-08-15 18:01:03,围网
6642,31.574748,122.91935688888893,1.8,96.0,2017-08-15 18:11:05,围网
6642,31.57647022222222,122.9251068888889,1.8,66.0,2017-08-15 18:21:02,围网
6642,31.578525777777767,122.93063466666668,1.7,77.0,2017-08-15 18:31:04,围网
6642,31.58008133333333,122.93641244444444,1.7,76.0,2017-08-15 18:41:03,围网
6642,31.580997999999997,122.94232911111112,1.9,90.0,2017-08-15 18:51:04,围网
6642,31.580942444444442,122.94869022222224,2.3,111.0,2017-08-15 19:01:02,围网
6642,31.581248,122.95488466666669,1.6,70.0,2017-08-15 19:11:04,围网
6642,31.58208133333333,122.96082911111112,1.9,92.0,2017-08-15 19:21:04,围网
6642,31.58316466666666,122.96660688888888,1.8,88.0,2017-08-15 19:31:02,围网
6642,31.58447022222222,122.9722457777778,2.5,113.0,2017-08-15 19:41:04,围网
6642,31.58413688888889,122.97860688888893,2.5,102.0,2017-08-15 19:51:04,围网
