渔船ID,lat,lon,速度,方向,time,type
754,30.47525,126.50583333333331,1.3,176.0,2019-02-27 12:57:54,刺网
754,30.46988888888889,126.50580555555555,2.0,184.0,2019-02-27 13:17:54,刺网
754,30.4645,126.50644444444444,2.3,186.0,2019-02-27 13:37:53,刺网
754,30.461805555555554,126.50680555555556,0.1,0.0,2019-02-27 13:47:54,刺网
754,30.459416666666666,126.50697222222222,1.0,184.0,2019-02-27 13:57:53,刺网
754,30.457611111111113,126.50713888888887,1.8,194.0,2019-02-27 14:07:53,刺网
754,30.45597222222222,126.50752777777777,0.4,0.0,2019-02-27 14:17:53,刺网
754,30.454638888888887,126.50755555555556,0.6,182.0,2019-02-27 14:27:53,刺网
754,30.45288888888889,126.508,0.5,0.0,2019-02-27 14:37:53,刺网
754,30.45108333333333,126.50811111111112,1.8,215.0,2019-02-27 14:47:59,刺网
754,30.4495,126.50811111111112,1.6,236.0,2019-02-27 14:57:53,刺网
754,30.447944444444442,126.50841666666668,1.0,94.0,2019-02-27 15:07:54,刺网
754,30.446527777777767,126.5084722222222,1.2,358.0,2019-02-27 15:17:53,刺网
754,30.44544444444445,126.5084722222222,1.2,0.0,2019-02-27 15:27:53,刺网
754,30.44458333333333,126.50833333333334,0.7,176.0,2019-02-27 15:38:15,刺网
754,30.425916666666666,126.50663888888887,8.1,194.0,2019-02-27 15:47:53,刺网
754,30.40336111111111,126.50275,7.8,197.0,2019-02-27 15:57:53,刺网
754,30.395555555555553,126.50427777777777,1.8,175.0,2019-02-27 16:07:53,刺网
754,30.396166666666666,126.505,0.5,44.0,2019-02-27 16:17:53,刺网
754,30.398611111111112,126.5065,1.1,357.0,2019-02-27 16:27:53,刺网
754,30.40125,126.50780555555555,1.6,18.0,2019-02-27 16:37:53,刺网
754,30.40319444444444,126.50886111111107,1.6,348.0,2019-02-27 16:47:53,刺网
754,30.405305555555554,126.5095277777778,0.8,101.0,2019-02-27 16:57:52,刺网
754,30.407305555555553,126.51091666666667,1.5,43.0,2019-02-27 17:07:52,刺网
754,30.40913888888889,126.51230555555556,1.3,2.0,2019-02-27 17:17:52,刺网
754,30.410916666666665,126.51280555555556,0.7,332.0,2019-02-27 17:27:52,刺网
754,30.412861111111113,126.51372222222223,0.2,0.0,2019-02-27 17:37:52,刺网
754,30.415111111111113,126.51469444444444,0.7,0.0,2019-02-27 17:47:52,刺网
754,30.41691666666667,126.51530555555556,0.7,0.0,2019-02-27 17:57:52,刺网
754,30.41827777777778,126.51636111111112,1.0,348.0,2019-02-27 18:08:14,刺网
754,30.41997222222223,126.5165,1.2,32.0,2019-02-27 18:17:52,刺网
754,30.42141666666667,126.51738888888887,0.6,0.0,2019-02-27 18:27:52,刺网
754,30.423472222222234,126.51808333333332,0.3,0.0,2019-02-27 18:37:52,刺网
754,30.425166666666666,126.51869444444445,0.1,0.0,2019-02-27 18:47:52,刺网
754,30.426361111111113,126.51930555555555,1.9,310.0,2019-02-27 18:57:52,刺网
754,30.42752777777779,126.52,1.4,342.0,2019-02-27 19:07:52,刺网
754,30.428583333333336,126.52091666666666,1.9,184.0,2019-02-27 19:17:52,刺网
754,30.43138888888889,126.52241666666669,1.1,61.0,2019-02-27 19:27:52,刺网
754,30.434361111111112,126.52402777777776,1.0,22.0,2019-02-27 19:37:52,刺网
754,30.437361111111112,126.52563888888888,1.2,6.0,2019-02-27 19:47:52,刺网
754,30.4395,126.52711111111113,1.3,15.0,2019-02-27 19:57:52,刺网
754,30.44244444444445,126.52913888888888,1.9,53.0,2019-02-27 20:07:52,刺网
754,30.444972222222226,126.53036111111112,7.2,359.0,2019-02-27 20:17:52,刺网
754,30.465555555555554,126.52694444444445,8.6,335.0,2019-02-27 20:27:52,刺网
754,30.486166666666666,126.52133333333332,8.1,342.0,2019-02-27 20:37:52,刺网
754,30.507388888888887,126.51422222222223,8.2,340.0,2019-02-27 20:47:52,刺网
754,30.527916666666666,126.50588888888888,8.6,2.0,2019-02-27 20:57:52,刺网
754,30.54891666666667,126.5015,8.4,5.0,2019-02-27 21:07:52,刺网
754,30.569861111111113,126.49791666666668,8.2,1.0,2019-02-27 21:17:52,刺网
754,30.59011111111111,126.494,7.4,0.0,2019-02-27 21:27:52,刺网
754,30.610388888888888,126.49388888888888,7.8,346.0,2019-02-27 21:37:52,刺网
754,30.63069444444445,126.49336111111113,7.5,346.0,2019-02-27 21:47:52,刺网
754,30.647861111111112,126.50633333333332,7.1,23.0,2019-02-27 21:57:52,刺网
754,30.66086111111111,126.52519444444445,7.0,46.0,2019-02-27 22:08:14,刺网
754,30.66558333333333,126.53469444444444,0.6,204.0,2019-02-27 22:17:51,刺网
754,30.6655,126.53505555555556,1.3,343.0,2019-02-27 22:27:51,刺网
754,30.66547222222223,126.53541666666666,1.0,289.0,2019-02-27 22:37:51,刺网
754,30.66547222222223,126.53530555555555,1.0,244.0,2019-02-27 22:47:51,刺网
754,30.66547222222223,126.53508333333332,0.3,0.0,2019-02-27 22:57:51,刺网
754,30.66547222222223,126.53505555555556,0.3,0.0,2019-02-27 23:07:51,刺网
754,30.66547222222223,126.53486111111107,0.9,22.0,2019-02-27 23:17:51,刺网
754,30.6655,126.53491666666666,0.7,179.0,2019-02-27 23:27:51,刺网
754,30.6655,126.53480555555555,1.2,58.0,2019-02-27 23:47:51,刺网
754,30.6655,126.53475,1.1,153.0,2019-02-27 23:57:51,刺网
754,30.6655,126.53480555555555,0.3,0.0,2019-02-28 00:07:51,刺网
754,30.6655,126.53466666666668,0.9,0.0,2019-02-28 00:17:51,刺网
754,30.665555555555553,126.53447222222222,0.4,0.0,2019-02-28 00:27:51,刺网
754,30.6655,126.53444444444445,0.9,0.0,2019-02-28 00:37:52,刺网
754,30.6655,126.53441666666666,1.5,32.0,2019-02-28 00:47:51,刺网
754,30.665416666666665,126.5345,0.5,0.0,2019-02-28 00:57:51,刺网
754,30.665416666666665,126.53469444444444,1.5,170.0,2019-02-28 01:07:51,刺网
754,30.66536111111111,126.53469444444444,0.9,0.0,2019-02-28 01:17:51,刺网
754,30.66530555555555,126.53469444444444,0.4,0.0,2019-02-28 01:27:51,刺网
754,30.665194444444445,126.53508333333332,0.7,103.0,2019-02-28 01:37:53,刺网
754,30.665277777777767,126.53475,0.2,0.0,2019-02-28 01:48:15,刺网
754,30.665277777777767,126.53483333333332,0.5,59.0,2019-02-28 01:57:51,刺网
754,30.66525,126.53480555555555,1.2,285.0,2019-02-28 02:07:51,刺网
754,30.665277777777767,126.53458333333332,0.5,0.0,2019-02-28 02:17:51,刺网
754,30.665222222222226,126.53483333333332,1.9,144.0,2019-02-28 02:27:51,刺网
754,30.665194444444445,126.53483333333332,0.7,324.0,2019-02-28 02:37:51,刺网
754,30.665222222222226,126.5347222222222,0.8,174.0,2019-02-28 02:47:51,刺网
754,30.665194444444445,126.53475,2.9,57.0,2019-02-28 02:57:51,刺网
754,30.665194444444445,126.53475,0.7,0.0,2019-02-28 03:07:51,刺网
754,30.665166666666664,126.53469444444444,1.4,330.0,2019-02-28 03:17:51,刺网
754,30.665166666666664,126.53483333333332,0.6,0.0,2019-02-28 03:27:50,刺网
754,30.665222222222226,126.5347777777778,1.8,151.0,2019-02-28 03:37:50,刺网
754,30.665166666666664,126.53447222222222,0.4,0.0,2019-02-28 03:47:50,刺网
754,30.665111111111113,126.53458333333332,0.1,0.0,2019-02-28 03:57:50,刺网
754,30.665166666666664,126.53441666666666,1.4,267.0,2019-02-28 04:08:14,刺网
754,30.665138888888887,126.53444444444445,1.1,62.0,2019-02-28 04:17:50,刺网
754,30.66536111111111,126.53455555555556,2.5,66.0,2019-02-28 04:27:50,刺网
754,30.670055555555557,126.53275,4.0,80.0,2019-02-28 04:37:50,刺网
754,30.650527777777786,126.53272222222222,7.7,177.0,2019-02-28 04:47:50,刺网
754,30.62925,126.53291666666668,7.5,168.0,2019-02-28 04:57:50,刺网
754,30.608000000000004,126.53113888888888,7.8,199.0,2019-02-28 05:07:50,刺网
754,30.58683333333333,126.53188888888887,6.8,182.0,2019-02-28 05:17:50,刺网
754,30.56533333333333,126.53227777777781,8.0,180.0,2019-02-28 05:27:50,刺网
754,30.543833333333332,126.53391666666666,8.3,179.0,2019-02-28 05:37:50,刺网
754,30.52216666666667,126.53461111111113,7.6,174.0,2019-02-28 05:47:50,刺网
754,30.5335,126.53088888888892,6.2,2.0,2019-02-28 05:57:50,刺网
754,30.54888888888889,126.53272222222222,0.8,44.0,2019-02-28 06:08:15,刺网
754,30.547694444444453,126.53369444444445,0.8,16.0,2019-02-28 06:17:50,刺网
754,30.546277777777767,126.53436111111112,0.2,0.0,2019-02-28 06:27:50,刺网
754,30.54466666666667,126.53533333333334,1.6,193.0,2019-02-28 06:37:50,刺网
754,30.54302777777778,126.5367222222222,1.1,137.0,2019-02-28 06:47:50,刺网
754,30.541305555555557,126.53783333333334,1.7,123.0,2019-02-28 06:57:50,刺网
754,30.53958333333333,126.53933333333332,1.2,85.0,2019-02-28 07:07:50,刺网
754,30.537805555555558,126.54069444444444,0.9,154.0,2019-02-28 07:17:50,刺网
754,30.536,126.5420277777778,0.9,127.0,2019-02-28 07:27:50,刺网
754,30.534277777777767,126.54341666666667,1.1,165.0,2019-02-28 07:37:50,刺网
754,30.53258333333333,126.54488888888888,2.3,152.0,2019-02-28 07:47:50,刺网
754,30.53080555555556,126.54630555555555,0.8,0.0,2019-02-28 07:57:50,刺网
754,30.529027777777767,126.54775,0.6,100.0,2019-02-28 08:08:15,刺网
754,30.52738888888889,126.54908333333331,0.6,55.0,2019-02-28 08:17:50,刺网
754,30.52558333333333,126.55011111111112,0.4,54.0,2019-02-28 08:27:50,刺网
754,30.52383333333333,126.55158333333333,0.6,56.0,2019-02-28 08:37:49,刺网
754,30.522,126.55322222222223,1.2,144.0,2019-02-28 08:47:49,刺网
754,30.520055555555555,126.55413888888887,0.6,191.0,2019-02-28 08:57:49,刺网
754,30.518777777777768,126.55558333333332,3.7,320.0,2019-02-28 09:07:49,刺网
754,30.52911111111111,126.54388888888887,2.0,174.0,2019-02-28 09:17:49,刺网
754,30.5295,126.54244444444444,1.3,269.0,2019-02-28 09:27:49,刺网
754,30.531527777777768,126.54261111111113,2.3,42.0,2019-02-28 09:37:49,刺网
754,30.534055555555554,126.54369444444444,0.6,15.0,2019-02-28 09:47:49,刺网
754,30.536305555555558,126.54425,0.7,5.0,2019-02-28 09:57:49,刺网
754,30.53933333333333,126.54452777777777,0.4,0.0,2019-02-28 10:07:49,刺网
754,30.54186111111111,126.54486111111108,1.4,336.0,2019-02-28 10:17:49,刺网
754,30.54466666666667,126.5449722222222,1.0,81.0,2019-02-28 10:27:49,刺网
754,30.546777777777766,126.54438888888888,0.6,293.0,2019-02-28 10:37:49,刺网
754,30.54947222222223,126.54338888888893,0.7,286.0,2019-02-28 10:47:49,刺网
754,30.552027777777766,126.54211111111113,1.3,46.0,2019-02-28 10:58:15,刺网
754,30.554277777777767,126.5415,1.5,327.0,2019-02-28 11:07:49,刺网
754,30.557111111111112,126.54136111111107,2.6,44.0,2019-02-28 11:17:49,刺网
754,30.55980555555556,126.54169444444445,3.1,52.0,2019-02-28 11:27:49,刺网
754,30.56302777777778,126.54213888888887,2.0,28.0,2019-02-28 11:37:49,刺网
754,30.56641666666667,126.54175,1.9,321.0,2019-02-28 11:47:49,刺网
754,30.56983333333333,126.54122222222222,1.1,0.0,2019-02-28 11:57:49,刺网
754,30.573555555555558,126.54063888888888,0.5,0.0,2019-02-28 12:07:49,刺网
754,30.577361111111113,126.5402222222222,1.6,26.0,2019-02-28 12:17:49,刺网
754,30.580972222222233,126.5397222222222,1.4,18.0,2019-02-28 12:27:49,刺网
754,30.58383333333333,126.53947222222222,0.3,0.0,2019-02-28 12:37:49,刺网
754,30.58708333333333,126.53919444444445,1.1,0.0,2019-02-28 12:47:49,刺网
754,30.590055555555555,126.53852777777777,1.8,18.0,2019-02-28 12:57:49,刺网
754,30.59352777777778,126.53852777777777,2.4,41.0,2019-02-28 13:07:49,刺网
754,30.59611111111111,126.53811111111112,1.7,320.0,2019-02-28 13:17:49,刺网
754,30.598861111111113,126.5379722222222,1.2,289.0,2019-02-28 13:27:49,刺网
754,30.60219444444445,126.53763888888888,0.3,0.0,2019-02-28 13:37:50,刺网
754,30.60552777777778,126.53697222222222,1.8,311.0,2019-02-28 13:47:48,刺网
754,30.608277777777786,126.53658333333334,2.1,52.0,2019-02-28 13:57:48,刺网
754,30.61561111111111,126.53547222222224,2.2,346.0,2019-02-28 14:17:48,刺网
754,30.61938888888889,126.53525,0.9,331.0,2019-02-28 14:27:48,刺网
754,30.62338888888889,126.5347777777778,2.5,17.0,2019-02-28 14:38:15,刺网
754,30.630861111111113,126.53513888888888,2.7,323.0,2019-02-28 14:57:48,刺网
754,30.63494444444445,126.535,2.4,355.0,2019-02-28 15:07:48,刺网
754,30.63933333333333,126.53480555555555,1.3,21.0,2019-02-28 15:17:48,刺网
754,30.642888888888887,126.53455555555556,1.2,0.0,2019-02-28 15:27:49,刺网
754,30.646777777777768,126.53405555555555,0.4,0.0,2019-02-28 15:37:49,刺网
754,30.65025,126.53383333333332,1.7,321.0,2019-02-28 15:47:48,刺网
754,30.65363888888889,126.53366666666668,1.6,357.0,2019-02-28 15:57:48,刺网
754,30.65758333333333,126.53347222222222,2.1,13.0,2019-02-28 16:07:48,刺网
754,30.660916666666665,126.53355555555555,1.6,321.0,2019-02-28 16:17:48,刺网
754,30.66441666666667,126.5337777777778,1.8,319.0,2019-02-28 16:27:48,刺网
754,30.66788888888889,126.53399999999999,0.7,3.0,2019-02-28 16:37:49,刺网
754,30.671222222222234,126.53447222222222,2.3,306.0,2019-02-28 16:47:48,刺网
754,30.674166666666668,126.53488888888887,0.9,0.0,2019-02-28 16:57:48,刺网
754,30.677,126.53516666666668,2.6,7.0,2019-02-28 17:07:48,刺网
754,30.680055555555555,126.53525,2.2,0.0,2019-02-28 17:17:48,刺网
754,30.683250000000005,126.53494444444445,1.3,356.0,2019-02-28 17:27:48,刺网
754,30.6865,126.53541666666666,2.2,358.0,2019-02-28 17:37:48,刺网
754,30.68944444444445,126.53558333333332,2.0,345.0,2019-02-28 17:47:48,刺网
754,30.69116666666667,126.53561111111112,3.3,184.0,2019-02-28 17:57:48,刺网
754,30.701027777777767,126.5275,7.7,354.0,2019-02-28 18:08:14,刺网
754,30.7195,126.52536111111112,7.3,2.0,2019-02-28 18:17:48,刺网
754,30.759166666666665,126.52016666666668,7.2,340.0,2019-02-28 18:37:49,刺网
754,30.77769444444445,126.51313888888888,7.1,332.0,2019-02-28 18:47:48,刺网
754,30.779555555555554,126.48858333333332,7.7,273.0,2019-02-28 18:57:49,刺网
754,30.77725,126.46305555555556,7.1,260.0,2019-02-28 19:07:49,刺网
754,30.776694444444445,126.43780555555556,8.2,283.0,2019-02-28 19:17:47,刺网
754,30.780277777777766,126.41269444444444,6.6,295.0,2019-02-28 19:27:47,刺网
754,30.784,126.38836111111112,7.9,294.0,2019-02-28 19:37:48,刺网
754,30.785694444444445,126.36325,7.4,292.0,2019-02-28 19:47:47,刺网
754,30.789805555555557,126.3382777777778,8.5,304.0,2019-02-28 19:57:49,刺网
754,30.79558333333333,126.31580555555556,8.0,289.0,2019-02-28 20:07:47,刺网
754,30.79783333333333,126.30158333333333,0.5,152.0,2019-02-28 20:18:15,刺网
754,30.796861111111113,126.30091666666668,0.2,0.0,2019-02-28 20:27:47,刺网
754,30.79683333333333,126.30094444444444,2.5,262.0,2019-02-28 20:37:47,刺网
754,30.79683333333333,126.30094444444444,1.6,94.0,2019-02-28 20:47:47,刺网
754,30.79669444444445,126.30094444444444,1.1,352.0,2019-02-28 20:57:47,刺网
754,30.79663888888889,126.3010277777778,1.2,156.0,2019-02-28 21:07:47,刺网
754,30.79658333333333,126.30091666666668,0.6,184.0,2019-02-28 21:17:47,刺网
754,30.79658333333333,126.30094444444444,0.7,226.0,2019-02-28 21:27:47,刺网
754,30.796527777777786,126.30083333333332,0.2,0.0,2019-02-28 21:37:47,刺网
754,30.7965,126.30091666666668,1.3,290.0,2019-02-28 21:47:47,刺网
754,30.79644444444445,126.30075,1.4,246.0,2019-02-28 21:57:47,刺网
754,30.796388888888888,126.30086111111108,1.6,224.0,2019-02-28 22:07:47,刺网
754,30.796111111111113,126.30069444444445,0.5,0.0,2019-02-28 22:17:48,刺网
754,30.79644444444445,126.30088888888888,1.2,0.0,2019-02-28 22:37:47,刺网
754,30.796333333333337,126.30086111111108,2.1,326.0,2019-02-28 22:47:47,刺网
754,30.79630555555556,126.30077777777777,1.7,0.0,2019-02-28 22:57:47,刺网
754,30.796333333333337,126.3010277777778,4.2,57.0,2019-02-28 23:07:47,刺网
754,30.796277777777767,126.30072222222222,2.3,0.0,2019-02-28 23:17:47,刺网
754,30.796194444444453,126.30063888888887,0.6,267.0,2019-02-28 23:28:14,刺网
754,30.796222222222234,126.30066666666666,0.6,294.0,2019-02-28 23:37:47,刺网
754,30.796194444444453,126.30063888888887,0.8,18.0,2019-02-28 23:48:45,刺网
754,30.79616666666667,126.30047222222224,0.4,0.0,2019-02-28 23:57:47,刺网
754,30.796138888888887,126.30033333333334,0.8,204.0,2019-03-01 00:07:47,刺网
754,30.796083333333332,126.30052777777777,0.9,72.0,2019-03-01 00:18:15,刺网
754,30.796083333333332,126.30041666666666,1.2,237.0,2019-03-01 00:27:46,刺网
754,30.796055555555558,126.30055555555555,1.2,31.0,2019-03-01 00:37:46,刺网
754,30.796055555555558,126.30033333333334,0.8,357.0,2019-03-01 00:47:46,刺网
754,30.796055555555558,126.30036111111113,0.5,0.0,2019-03-01 00:57:46,刺网
754,30.79602777777778,126.30044444444445,1.0,258.0,2019-03-01 01:07:49,刺网
754,30.79602777777778,126.30044444444445,1.7,253.0,2019-03-01 01:18:15,刺网
754,30.796,126.3005,0.3,0.0,2019-03-01 01:27:46,刺网
754,30.796,126.30044444444445,0.5,0.0,2019-03-01 01:37:46,刺网
754,30.795972222222233,126.30036111111113,0.4,3.0,2019-03-01 01:47:46,刺网
754,30.79591666666667,126.30036111111113,1.0,264.0,2019-03-01 01:57:46,刺网
754,30.79591666666667,126.30038888888888,1.5,295.0,2019-03-01 02:07:46,刺网
754,30.79588888888889,126.30044444444445,0.5,190.0,2019-03-01 02:17:46,刺网
754,30.795861111111112,126.30033333333334,1.6,319.0,2019-03-01 02:27:46,刺网
754,30.795861111111112,126.30047222222224,0.5,0.0,2019-03-01 02:37:46,刺网
754,30.79583333333333,126.30022222222222,0.4,0.0,2019-03-01 02:47:46,刺网
754,30.795805555555557,126.30030555555555,1.9,59.0,2019-03-01 02:57:46,刺网
754,30.79569444444445,126.30036111111113,0.7,122.0,2019-03-01 03:07:46,刺网
754,30.79555555555556,126.30019444444444,2.2,92.0,2019-03-01 03:17:46,刺网
754,30.79552777777778,126.30016666666668,1.4,0.0,2019-03-01 03:27:46,刺网
754,30.795305555555558,126.30005555555556,0.5,0.0,2019-03-01 03:37:46,刺网
754,30.79508333333333,126.2999722222222,1.0,0.0,2019-03-01 03:47:46,刺网
754,30.79491666666667,126.29994444444445,3.0,93.0,2019-03-01 03:57:47,刺网
754,30.79480555555556,126.29988888888887,0.0,0.0,2019-03-01 04:08:14,刺网
754,30.796333333333337,126.29986111111107,2.4,9.0,2019-03-01 04:17:46,刺网
754,30.806722222222234,126.29783333333334,6.3,17.0,2019-03-01 04:27:47,刺网
754,30.80475,126.30036111111113,8.4,179.0,2019-03-01 04:37:46,刺网
754,30.78097222222221,126.3005,8.1,184.0,2019-03-01 04:48:15,刺网
754,30.75941666666667,126.30138888888888,9.3,187.0,2019-03-01 04:57:46,刺网
754,30.73683333333333,126.30011111111112,8.2,180.0,2019-03-01 05:07:46,刺网
754,30.71441666666667,126.30077777777777,7.7,171.0,2019-03-01 05:17:46,刺网
754,30.691666666666666,126.30005555555556,8.3,187.0,2019-03-01 05:27:46,刺网
754,30.67883333333333,126.29305555555555,6.1,340.0,2019-03-01 05:47:45,刺网
754,30.696388888888887,126.29116666666668,4.5,31.0,2019-03-01 05:57:45,刺网
754,30.696361111111113,126.29405555555556,1.1,56.0,2019-03-01 06:07:45,刺网
754,30.6945,126.2950277777778,0.7,176.0,2019-03-01 06:17:45,刺网
754,30.692555555555554,126.29619444444445,0.5,84.0,2019-03-01 06:27:45,刺网
754,30.6905,126.29733333333333,0.8,156.0,2019-03-01 06:37:45,刺网
754,30.688416666666665,126.29847222222222,2.5,76.0,2019-03-01 06:47:45,刺网
754,30.6865,126.29952777777778,1.1,159.0,2019-03-01 06:57:45,刺网
754,30.68466666666667,126.30077777777777,2.3,134.0,2019-03-01 07:07:45,刺网
754,30.68275,126.30227777777776,2.4,113.0,2019-03-01 07:17:45,刺网
754,30.68091666666667,126.30366666666669,2.9,167.0,2019-03-01 07:27:45,刺网
754,30.678777777777785,126.30541666666666,3.2,0.0,2019-03-01 07:37:47,刺网
754,30.677027777777766,126.30675,0.6,0.0,2019-03-01 07:48:15,刺网
754,30.675027777777785,126.30833333333334,2.2,81.0,2019-03-01 07:57:45,刺网
754,30.673055555555557,126.31008333333334,1.1,124.0,2019-03-01 08:07:45,刺网
754,30.67088888888889,126.31180555555555,0.4,0.0,2019-03-01 08:17:45,刺网
754,30.668944444444445,126.31363888888887,2.0,59.0,2019-03-01 08:27:45,刺网
754,30.66697222222223,126.31544444444445,1.1,0.0,2019-03-01 08:37:45,刺网
754,30.665,126.31766666666668,1.5,0.0,2019-03-01 08:47:45,刺网
754,30.66275,126.32,0.9,291.0,2019-03-01 08:57:45,刺网
754,30.660305555555553,126.32208333333332,0.7,90.0,2019-03-01 09:07:45,刺网
754,30.658,126.32436111111107,0.9,0.0,2019-03-01 09:17:45,刺网
754,30.65525,126.32652777777777,1.1,0.0,2019-03-01 09:27:45,刺网
754,30.661027777777786,126.3189722222222,7.3,302.0,2019-03-01 09:47:45,刺网
754,30.673250000000003,126.30319444444444,7.0,2.0,2019-03-01 09:57:45,刺网
754,30.6775,126.30363888888887,1.1,204.0,2019-03-01 10:07:45,刺网
754,30.67961111111111,126.30458333333333,1.6,45.0,2019-03-01 10:17:44,刺网
754,30.683000000000003,126.3042222222222,2.2,336.0,2019-03-01 10:27:44,刺网
754,30.6865,126.30469444444445,0.8,28.0,2019-03-01 10:37:44,刺网
754,30.689777777777767,126.30558333333332,1.0,356.0,2019-03-01 10:47:44,刺网
754,30.69286111111111,126.30575,1.4,11.0,2019-03-01 10:57:44,刺网
754,30.69586111111111,126.30580555555555,1.4,22.0,2019-03-01 11:07:44,刺网
754,30.69844444444445,126.30611111111112,1.9,4.0,2019-03-01 11:17:44,刺网
754,30.70097222222222,126.30608333333332,0.3,0.0,2019-03-01 11:27:44,刺网
754,30.703805555555558,126.30575,0.8,0.0,2019-03-01 11:37:44,刺网
754,30.715277777777786,126.30377777777778,7.3,357.0,2019-03-01 11:47:44,刺网
754,30.734777777777786,126.30211111111113,7.3,6.0,2019-03-01 11:57:44,刺网
754,30.75558333333333,126.30077777777777,7.6,2.0,2019-03-01 12:08:14,刺网
754,30.773805555555555,126.30197222222222,5.9,349.0,2019-03-01 12:17:44,刺网
754,30.793555555555557,126.30055555555555,7.0,359.0,2019-03-01 12:27:44,刺网
754,30.81375,126.29830555555556,7.0,12.0,2019-03-01 12:38:15,刺网
754,30.817694444444445,126.29927777777776,0.9,181.0,2019-03-01 12:47:44,刺网
754,30.81505555555556,126.3005,0.9,144.0,2019-03-01 12:57:44,刺网
754,30.81183333333333,126.30141666666664,1.0,91.0,2019-03-01 13:07:44,刺网
754,30.80863888888889,126.30238888888887,1.0,145.0,2019-03-01 13:17:43,刺网
754,30.80533333333333,126.30302777777777,1.5,172.0,2019-03-01 13:27:44,刺网
754,30.80208333333333,126.30319444444444,0.8,149.0,2019-03-01 13:37:43,刺网
754,30.799055555555555,126.30341666666666,0.9,176.0,2019-03-01 13:47:44,刺网
754,30.796388888888888,126.30313888888894,2.1,190.0,2019-03-01 13:57:43,刺网
754,30.79183333333333,126.3029722222222,0.3,0.0,2019-03-01 14:17:43,刺网
754,30.7895,126.30286111111113,0.3,0.0,2019-03-01 14:27:43,刺网
754,30.78702777777778,126.30227777777776,2.0,199.0,2019-03-01 14:37:44,刺网
754,30.785055555555555,126.30191666666666,3.3,198.0,2019-03-01 14:47:43,刺网
754,30.782777777777767,126.30130555555556,1.1,208.0,2019-03-01 14:57:43,刺网
754,30.78058333333333,126.30019444444444,1.6,92.0,2019-03-01 15:07:43,刺网
754,30.75788888888889,126.30063888888887,8.4,190.0,2019-03-01 15:17:43,刺网
754,30.73222222222222,126.29827777777777,8.1,179.0,2019-03-01 15:28:14,刺网
754,30.7105,126.30116666666667,8.6,189.0,2019-03-01 15:37:43,刺网
754,30.70780555555556,126.29730555555555,0.6,25.0,2019-03-01 15:47:43,刺网
754,30.71086111111111,126.29691666666666,2.9,345.0,2019-03-01 15:57:42,刺网
754,30.71413888888889,126.2957222222222,0.9,345.0,2019-03-01 16:07:42,刺网
754,30.71733333333333,126.29488888888888,0.6,310.0,2019-03-01 16:17:42,刺网
754,30.720666666666666,126.29422222222223,1.4,315.0,2019-03-01 16:27:42,刺网
754,30.72369444444444,126.29338888888893,1.6,352.0,2019-03-01 16:37:42,刺网
754,30.72636111111111,126.29297222222222,1.1,321.0,2019-03-01 16:47:42,刺网
754,30.7295,126.29211111111113,1.2,348.0,2019-03-01 16:57:42,刺网
754,30.73244444444445,126.29183333333334,1.6,300.0,2019-03-01 17:07:42,刺网
754,30.735194444444453,126.29163888888887,1.3,353.0,2019-03-01 17:17:42,刺网
754,30.73783333333333,126.29275,1.2,346.0,2019-03-01 17:27:42,刺网
754,30.740444444444442,126.29277777777777,1.3,20.0,2019-03-01 17:37:42,刺网
754,30.743527777777786,126.29213888888887,1.7,5.0,2019-03-01 17:47:42,刺网
754,30.745666666666665,126.29225,1.2,0.0,2019-03-01 17:57:42,刺网
754,30.75188888888889,126.29122222222222,1.5,344.0,2019-03-01 18:17:42,刺网
754,30.754777777777786,126.29113888888888,1.4,307.0,2019-03-01 18:27:42,刺网
754,30.75802777777778,126.29047222222222,1.5,322.0,2019-03-01 18:37:42,刺网
754,30.76086111111111,126.29058333333332,0.7,316.0,2019-03-01 18:47:42,刺网
754,30.76358333333333,126.2905,1.2,35.0,2019-03-01 18:57:42,刺网
754,30.76625,126.2902222222222,1.5,305.0,2019-03-01 19:07:42,刺网
754,30.769111111111112,126.29011111111107,1.7,7.0,2019-03-01 19:17:42,刺网
754,30.77208333333333,126.2902222222222,0.8,340.0,2019-03-01 19:27:42,刺网
754,30.775027777777765,126.29044444444445,1.4,337.0,2019-03-01 19:37:42,刺网
754,30.777472222222233,126.29147222222224,1.0,15.0,2019-03-01 19:47:42,刺网
754,30.77933333333333,126.29305555555555,0.5,0.0,2019-03-01 19:57:42,刺网
754,30.78,126.29494444444444,2.1,162.0,2019-03-01 20:07:42,刺网
754,30.779027777777767,126.29552777777776,1.1,206.0,2019-03-01 20:17:42,刺网
754,30.77863888888889,126.29688888888887,1.2,219.0,2019-03-01 20:27:42,刺网
754,30.77919444444445,126.29891666666666,1.5,86.0,2019-03-01 20:37:42,刺网
754,30.778166666666664,126.30008333333332,0.8,165.0,2019-03-01 20:47:42,刺网
754,30.77769444444445,126.30091666666668,1.0,93.0,2019-03-01 20:57:42,刺网
754,30.778388888888887,126.30188888888887,0.3,0.0,2019-03-01 21:07:42,刺网
754,30.779777777777767,126.30352777777777,1.1,0.0,2019-03-01 21:17:41,刺网
754,30.79091666666667,126.30333333333333,7.1,333.0,2019-03-01 21:27:41,刺网
754,30.81,126.30188888888887,6.9,339.0,2019-03-01 21:37:41,刺网
754,30.82938888888889,126.30025,6.3,15.0,2019-03-01 21:47:41,刺网
754,30.84819444444444,126.29825,6.8,359.0,2019-03-01 21:57:43,刺网
754,30.86733333333333,126.30258333333332,2.5,13.0,2019-03-01 22:08:13,刺网
754,30.86644444444445,126.30316666666668,1.4,346.0,2019-03-01 22:17:41,刺网
754,30.86644444444445,126.30327777777778,1.0,263.0,2019-03-01 22:27:41,刺网
754,30.86652777777779,126.3034722222222,1.6,27.0,2019-03-01 22:37:41,刺网
754,30.86652777777779,126.30341666666666,0.4,155.0,2019-03-01 22:47:41,刺网
754,30.8665,126.30336111111107,1.3,117.0,2019-03-01 22:57:41,刺网
754,30.86644444444445,126.30325,0.1,0.0,2019-03-01 23:07:41,刺网
754,30.86647222222223,126.30333333333333,0.2,0.0,2019-03-01 23:17:41,刺网
754,30.8665,126.30333333333333,0.4,0.0,2019-03-01 23:27:41,刺网
754,30.86644444444445,126.30319444444444,0.8,95.0,2019-03-01 23:37:41,刺网
754,30.86644444444445,126.30319444444444,0.5,284.0,2019-03-01 23:47:41,刺网
754,30.86638888888889,126.303,0.2,0.0,2019-03-01 23:57:41,刺网
754,30.86638888888889,126.303,0.2,0.0,2019-03-02 00:07:41,刺网
754,30.86638888888889,126.30302777777777,0.0,0.0,2019-03-02 00:17:41,刺网
754,30.86638888888889,126.30288888888887,0.6,0.0,2019-03-02 00:27:41,刺网
754,30.86630555555556,126.30280555555555,0.6,0.0,2019-03-02 00:37:41,刺网
754,30.86633333333333,126.30286111111113,1.4,223.0,2019-03-02 00:47:41,刺网
754,30.86633333333333,126.30275,0.3,0.0,2019-03-02 00:57:41,刺网
754,30.86633333333333,126.30258333333332,0.7,27.0,2019-03-02 01:07:41,刺网
754,30.86633333333333,126.3025,0.1,0.0,2019-03-02 01:17:41,刺网
754,30.86630555555556,126.30236111111107,0.2,0.0,2019-03-02 01:27:42,刺网
754,30.86638888888889,126.30225,0.7,0.0,2019-03-02 01:37:41,刺网
754,30.86641666666667,126.30213888888888,0.7,26.0,2019-03-02 01:47:41,刺网
754,30.86644444444445,126.30197222222222,1.6,198.0,2019-03-02 01:57:41,刺网
754,30.86647222222223,126.302,0.2,0.0,2019-03-02 02:08:13,刺网
754,30.86647222222223,126.30194444444444,0.3,0.0,2019-03-02 02:17:41,刺网
754,30.86644444444445,126.302,0.6,4.0,2019-03-02 02:27:41,刺网
754,30.86644444444445,126.30197222222222,0.8,301.0,2019-03-02 02:37:40,刺网
754,30.86641666666667,126.30205555555555,0.4,20.0,2019-03-02 02:47:40,刺网
754,30.86647222222223,126.30191666666666,0.2,0.0,2019-03-02 02:57:40,刺网
754,30.86647222222223,126.30194444444444,1.0,87.0,2019-03-02 03:07:40,刺网
754,30.86641666666667,126.30191666666666,0.5,302.0,2019-03-02 03:17:40,刺网
754,30.8665,126.3017222222222,1.0,107.0,2019-03-02 03:27:40,刺网
754,30.86663888888889,126.30144444444444,0.7,0.0,2019-03-02 03:37:40,刺网
754,30.86669444444445,126.30136111111106,1.6,265.0,2019-03-02 03:47:41,刺网
754,30.866888888888887,126.3012222222222,0.7,0.0,2019-03-02 03:57:40,刺网
754,30.866888888888887,126.30133333333332,1.7,260.0,2019-03-02 04:07:40,刺网
754,30.86225,126.30138888888888,7.0,175.0,2019-03-02 04:18:08,刺网
754,30.841555555555548,126.29994444444445,7.9,182.0,2019-03-02 04:27:40,刺网
754,30.818972222222207,126.30013888888887,8.1,173.0,2019-03-02 04:37:40,刺网
754,30.796555555555557,126.30047222222224,8.2,174.0,2019-03-02 04:47:40,刺网
754,30.774277777777765,126.2995,8.1,186.0,2019-03-02 04:57:40,刺网
754,30.75213888888889,126.29875,7.5,178.0,2019-03-02 05:07:40,刺网
754,30.73177777777777,126.2987222222222,7.6,188.0,2019-03-02 05:17:40,刺网
754,30.731805555555553,126.29511111111113,7.2,356.0,2019-03-02 05:27:40,刺网
754,30.745666666666665,126.29680555555555,3.0,196.0,2019-03-02 05:37:40,刺网
754,30.744555555555557,126.29616666666666,0.4,0.0,2019-03-02 05:47:40,刺网
754,30.743805555555557,126.29466666666666,0.3,0.0,2019-03-02 05:57:40,刺网
754,30.74316666666667,126.29355555555556,1.0,149.0,2019-03-02 06:07:40,刺网
754,30.742361111111112,126.29286111111112,1.3,212.0,2019-03-02 06:17:40,刺网
754,30.742,126.2920277777778,1.1,198.0,2019-03-02 06:28:08,刺网
754,30.741555555555554,126.29169444444445,1.6,141.0,2019-03-02 06:37:40,刺网
754,30.74130555555556,126.29127777777781,0.4,0.0,2019-03-02 06:47:40,刺网
754,30.741111111111113,126.29119444444444,1.1,291.0,2019-03-02 06:57:40,刺网
754,30.740972222222233,126.29147222222224,0.3,0.0,2019-03-02 07:07:40,刺网
754,30.74094444444445,126.29138888888887,0.6,23.0,2019-03-02 07:17:40,刺网
754,30.74088888888889,126.29136111111107,1.4,300.0,2019-03-02 07:27:40,刺网
754,30.74083333333333,126.29152777777777,2.3,209.0,2019-03-02 07:37:40,刺网
754,30.74083333333333,126.29177777777778,1.8,35.0,2019-03-02 07:47:40,刺网
754,30.74072222222221,126.29233333333332,0.4,120.0,2019-03-02 07:57:39,刺网
754,30.74063888888889,126.29316666666666,1.7,196.0,2019-03-02 08:07:39,刺网
754,30.74033333333333,126.29363888888888,0.4,0.0,2019-03-02 08:17:39,刺网
754,30.739694444444453,126.29299999999999,0.9,0.0,2019-03-02 08:27:39,刺网
754,30.73905555555556,126.29219444444445,0.2,0.0,2019-03-02 08:38:08,刺网
754,30.738222222222234,126.29177777777778,1.9,211.0,2019-03-02 08:47:39,刺网
754,30.737527777777785,126.29163888888887,1.5,231.0,2019-03-02 08:57:39,刺网
754,30.736722222222234,126.29191666666668,0.1,0.0,2019-03-02 09:07:39,刺网
754,30.735805555555558,126.29211111111113,0.2,0.0,2019-03-02 09:17:39,刺网
754,30.74288888888889,126.29316666666666,1.4,185.0,2019-03-02 09:27:39,刺网
754,30.741805555555555,126.29469444444445,1.0,165.0,2019-03-02 09:37:39,刺网
754,30.744111111111113,126.29558333333333,1.8,355.0,2019-03-02 09:47:39,刺网
754,30.748027777777786,126.29661111111106,1.4,2.0,2019-03-02 09:57:39,刺网
754,30.752305555555555,126.29755555555555,1.7,21.0,2019-03-02 10:07:39,刺网
754,30.7565,126.29858333333333,1.3,349.0,2019-03-02 10:17:39,刺网
754,30.760027777777786,126.29905555555555,1.6,358.0,2019-03-02 10:27:39,刺网
754,30.76211111111111,126.29988888888887,1.5,348.0,2019-03-02 10:37:39,刺网
754,30.76597222222221,126.30075,0.5,0.0,2019-03-02 10:47:39,刺网
754,30.76994444444445,126.30194444444444,1.5,6.0,2019-03-02 10:57:39,刺网
754,30.77375,126.30311111111112,1.5,9.0,2019-03-02 11:07:39,刺网
754,30.77775,126.30375,2.2,30.0,2019-03-02 11:17:39,刺网
754,30.78144444444445,126.30458333333333,1.7,355.0,2019-03-02 11:27:39,刺网
754,30.78544444444445,126.30497222222222,0.9,0.0,2019-03-02 11:37:39,刺网
754,30.78891666666667,126.30547222222219,1.4,20.0,2019-03-02 11:47:39,刺网
754,30.792027777777786,126.30586111111107,0.9,44.0,2019-03-02 11:57:39,刺网
754,30.79486111111111,126.30652777777777,1.5,17.0,2019-03-02 12:08:07,刺网
754,30.797750000000004,126.30675,1.0,355.0,2019-03-02 12:17:39,刺网
754,30.799750000000003,126.30716666666666,2.1,330.0,2019-03-02 12:27:39,刺网
754,30.8025,126.30736111111106,1.0,16.0,2019-03-02 12:37:39,刺网
754,30.80619444444445,126.30686111111108,1.3,340.0,2019-03-02 12:47:39,刺网
754,30.809972222222232,126.30625,1.4,341.0,2019-03-02 12:57:39,刺网
754,30.81419444444445,126.30530555555555,1.4,351.0,2019-03-02 13:07:39,刺网
754,30.817888888888888,126.30438888888888,1.6,347.0,2019-03-02 13:17:38,刺网
754,30.82194444444445,126.30308333333332,0.4,311.0,2019-03-02 13:27:38,刺网
754,30.825194444444445,126.30216666666666,0.7,0.0,2019-03-02 13:37:38,刺网
754,30.82875,126.30136111111106,1.9,29.0,2019-03-02 13:47:38,刺网
754,30.831916666666668,126.30025,0.8,320.0,2019-03-02 13:57:38,刺网
754,30.83525,126.29938888888887,1.7,344.0,2019-03-02 14:07:38,刺网
754,30.837916666666665,126.29855555555555,1.3,23.0,2019-03-02 14:17:38,刺网
754,30.84075,126.29811111111113,1.7,0.0,2019-03-02 14:27:38,刺网
754,30.84438888888889,126.29716666666668,1.3,355.0,2019-03-02 14:38:08,刺网
754,30.84761111111111,126.29608333333331,0.9,348.0,2019-03-02 14:47:38,刺网
754,30.85091666666667,126.2950277777778,1.7,296.0,2019-03-02 14:57:38,刺网
754,30.85388888888889,126.29402777777777,1.4,12.0,2019-03-02 15:07:38,刺网
754,30.85655555555556,126.29280555555556,1.4,352.0,2019-03-02 15:17:38,刺网
754,30.85925,126.29147222222224,1.3,0.0,2019-03-02 15:27:38,刺网
754,30.86255555555556,126.29055555555556,1.6,34.0,2019-03-02 15:37:38,刺网
754,30.86513888888889,126.29144444444445,0.5,325.0,2019-03-02 15:47:38,刺网
754,30.865444444444453,126.29069444444444,0.2,0.0,2019-03-02 15:57:38,刺网
754,30.86630555555556,126.29047222222222,2.3,302.0,2019-03-02 16:07:38,刺网
754,30.86675,126.28947222222222,0.5,0.0,2019-03-02 16:17:38,刺网
754,30.868416666666665,126.29055555555556,1.3,40.0,2019-03-02 16:27:38,刺网
754,30.87013888888889,126.29105555555556,1.1,25.0,2019-03-02 16:37:38,刺网
754,30.871,126.29063888888888,0.3,0.0,2019-03-02 16:47:38,刺网
754,30.85075,126.29072222222223,8.2,178.0,2019-03-02 16:57:38,刺网
754,30.828833333333336,126.29155555555555,7.7,178.0,2019-03-02 17:07:38,刺网
754,30.80713888888889,126.29183333333334,8.1,169.0,2019-03-02 17:17:38,刺网
754,30.78380555555556,126.29169444444445,8.3,180.0,2019-03-02 17:27:38,刺网
754,30.76069444444445,126.29247222222222,8.1,171.0,2019-03-02 17:37:38,刺网
754,30.73775,126.29319444444445,8.4,174.0,2019-03-02 17:47:38,刺网
754,30.71463888888889,126.29369444444444,8.4,180.0,2019-03-02 17:57:38,刺网
754,30.690527777777767,126.29388888888887,8.8,176.0,2019-03-02 18:08:07,刺网
754,30.66844444444445,126.29466666666666,8.4,183.0,2019-03-02 18:17:38,刺网
754,30.64536111111111,126.29261111111113,8.7,188.0,2019-03-02 18:27:38,刺网
754,30.622277777777786,126.29313888888888,8.1,175.0,2019-03-02 18:37:38,刺网
754,30.576638888888887,126.29680555555555,8.0,193.0,2019-03-02 18:57:38,刺网
754,30.55352777777778,126.29558333333333,8.6,168.0,2019-03-02 19:07:38,刺网
754,30.530361111111112,126.29663888888888,8.3,180.0,2019-03-02 19:17:38,刺网
754,30.50708333333333,126.29688888888887,8.5,178.0,2019-03-02 19:27:38,刺网
754,30.485805555555558,126.30572222222223,8.2,154.0,2019-03-02 19:37:38,刺网
754,30.463611111111113,126.30822222222223,8.4,191.0,2019-03-02 19:47:38,刺网
754,30.44425,126.31172222222223,1.0,264.0,2019-03-02 19:57:38,刺网
754,30.44355555555556,126.31083333333332,2.6,145.0,2019-03-02 20:07:38,刺网
754,30.442527777777766,126.3112222222222,0.4,0.0,2019-03-02 20:17:38,刺网
754,30.44241666666667,126.31141666666666,1.1,206.0,2019-03-02 20:27:38,刺网
754,30.44236111111111,126.31152777777777,0.5,0.0,2019-03-02 20:37:38,刺网
754,30.4425,126.31133333333332,0.4,0.0,2019-03-02 20:47:38,刺网
754,30.44244444444445,126.31144444444445,1.0,218.0,2019-03-02 20:57:38,刺网
754,30.44236111111111,126.3117777777778,0.6,0.0,2019-03-02 21:07:38,刺网
754,30.44238888888889,126.31191666666666,1.8,143.0,2019-03-02 21:17:38,刺网
754,30.442277777777786,126.31213888888887,0.5,0.0,2019-03-02 21:27:38,刺网
754,30.44236111111111,126.31216666666666,0.3,0.0,2019-03-02 21:38:08,刺网
754,30.44236111111111,126.3124722222222,0.5,89.0,2019-03-02 21:47:38,刺网
754,30.44241666666667,126.31283333333332,2.2,112.0,2019-03-02 21:57:38,刺网
754,30.442472222222232,126.3129722222222,0.7,13.0,2019-03-02 22:07:38,刺网
754,30.4425,126.31313888888887,0.4,0.0,2019-03-02 22:17:38,刺网
754,30.442555555555554,126.3132222222222,1.3,115.0,2019-03-02 22:27:38,刺网
754,30.442638888888887,126.31344444444444,3.4,255.0,2019-03-02 22:37:38,刺网
754,30.442611111111113,126.31336111111106,0.3,0.0,2019-03-02 22:47:38,刺网
754,30.44258333333333,126.31336111111106,2.1,47.0,2019-03-02 22:57:38,刺网
754,30.442666666666664,126.31352777777781,0.8,174.0,2019-03-02 23:07:38,刺网
754,30.442638888888887,126.31341666666668,0.2,0.0,2019-03-02 23:17:38,刺网
754,30.442611111111113,126.31338888888894,1.1,54.0,2019-03-02 23:27:38,刺网
754,30.442666666666664,126.31347222222222,0.9,83.0,2019-03-02 23:37:38,刺网
754,30.442666666666664,126.3135,0.8,334.0,2019-03-02 23:47:38,刺网
754,30.44275,126.31358333333333,0.2,0.0,2019-03-02 23:57:38,刺网
754,30.44258333333333,126.31333333333332,0.5,0.0,2019-03-03 00:08:07,刺网
754,30.442472222222232,126.31308333333332,0.9,356.0,2019-03-03 00:17:38,刺网
754,30.44241666666667,126.31291666666664,1.4,340.0,2019-03-03 00:27:38,刺网
754,30.44244444444445,126.31305555555555,0.1,0.0,2019-03-03 00:37:38,刺网
754,30.44238888888889,126.31283333333332,0.6,0.0,2019-03-03 00:47:38,刺网
754,30.44233333333333,126.31252777777777,0.5,221.0,2019-03-03 00:57:38,刺网
754,30.44236111111111,126.31280555555556,0.7,224.0,2019-03-03 01:07:38,刺网
754,30.44238888888889,126.31286111111108,0.6,0.0,2019-03-03 01:17:38,刺网
754,30.44233333333333,126.31258333333334,0.5,0.0,2019-03-03 01:27:38,刺网
754,30.44230555555556,126.3124722222222,1.0,0.0,2019-03-03 01:37:38,刺网
754,30.44233333333333,126.3125,0.5,0.0,2019-03-03 01:47:38,刺网
754,30.442277777777786,126.31236111111107,0.2,0.0,2019-03-03 01:57:38,刺网
754,30.442277777777786,126.31213888888887,2.1,175.0,2019-03-03 02:07:38,刺网
754,30.442277777777786,126.31191666666666,1.0,0.0,2019-03-03 02:17:38,刺网
754,30.44219444444445,126.31163888888888,0.9,0.0,2019-03-03 02:27:38,刺网
754,30.44233333333333,126.31163888888888,1.7,93.0,2019-03-03 02:38:08,刺网
754,30.44425,126.31175,1.8,26.0,2019-03-03 02:47:38,刺网
754,30.43311111111111,126.31583333333332,7.0,154.0,2019-03-03 02:57:38,刺网
754,30.41397222222221,126.32083333333333,6.8,171.0,2019-03-03 03:07:38,刺网
754,30.395055555555555,126.32861111111107,8.9,177.0,2019-03-03 03:17:38,刺网
754,30.372694444444445,126.33411111111107,8.1,153.0,2019-03-03 03:27:38,刺网
754,30.354833333333332,126.34102777777777,7.2,143.0,2019-03-03 03:37:38,刺网
754,30.33688888888889,126.34702777777778,8.1,176.0,2019-03-03 03:47:38,刺网
754,30.314972222222234,126.34736111111107,8.5,168.0,2019-03-03 03:57:38,刺网
754,30.29344444444445,126.35061111111106,8.1,178.0,2019-03-03 04:07:38,刺网
754,30.27030555555556,126.34958333333331,8.2,183.0,2019-03-03 04:18:08,刺网
754,30.249388888888888,126.34986111111107,8.1,173.0,2019-03-03 04:27:38,刺网
754,30.227472222222207,126.34991666666666,8.3,189.0,2019-03-03 04:37:38,刺网
754,30.213,126.3475,7.2,1.0,2019-03-03 04:47:37,刺网
754,30.23433333333333,126.34605555555555,8.3,331.0,2019-03-03 04:57:38,刺网
754,30.24438888888889,126.34566666666666,0.8,280.0,2019-03-03 05:07:35,刺网
754,30.24444444444445,126.34491666666666,0.2,0.0,2019-03-03 05:17:35,刺网
754,30.244694444444452,126.3435,1.7,168.0,2019-03-03 05:37:35,刺网
754,30.244861111111113,126.34261111111113,0.8,333.0,2019-03-03 05:47:35,刺网
754,30.245166666666666,126.34230555555555,2.8,83.0,2019-03-03 05:57:35,刺网
754,30.244277777777786,126.3424722222222,1.6,273.0,2019-03-03 06:07:35,刺网
754,30.243388888888887,126.34172222222223,1.3,252.0,2019-03-03 06:17:35,刺网
754,30.242694444444453,126.34119444444444,0.5,0.0,2019-03-03 06:27:35,刺网
754,30.24205555555556,126.34113888888888,0.8,176.0,2019-03-03 06:37:35,刺网
754,30.24147222222221,126.34091666666666,0.6,0.0,2019-03-03 06:47:35,刺网
754,30.24102777777778,126.34094444444445,1.8,114.0,2019-03-03 06:57:35,刺网
754,30.240527777777785,126.3412777777778,1.2,111.0,2019-03-03 07:07:35,刺网
754,30.23966666666667,126.34130555555555,2.7,236.0,2019-03-03 07:17:35,刺网
754,30.23875,126.34119444444444,1.2,121.0,2019-03-03 07:28:08,刺网
754,30.23775,126.34136111111107,0.2,0.0,2019-03-03 07:37:35,刺网
754,30.237111111111112,126.34188888888887,0.1,0.0,2019-03-03 07:47:35,刺网
754,30.23641666666667,126.34280555555556,1.0,148.0,2019-03-03 07:57:35,刺网
754,30.23563888888889,126.34394444444445,0.9,58.0,2019-03-03 08:07:35,刺网
754,30.23458333333333,126.34508333333332,0.7,96.0,2019-03-03 08:17:35,刺网
754,30.2335,126.34630555555556,0.7,0.0,2019-03-03 08:27:37,刺网
754,30.232555555555553,126.34797222222224,1.2,111.0,2019-03-03 08:38:08,刺网
754,30.23186111111111,126.34938888888887,0.3,127.0,2019-03-03 08:47:35,刺网
754,30.230999999999998,126.35080555555555,2.8,201.0,2019-03-03 08:57:35,刺网
754,30.23763888888889,126.3412222222222,2.2,197.0,2019-03-03 09:07:35,刺网
754,30.242611111111113,126.3437222222222,3.1,45.0,2019-03-03 09:27:35,刺网
754,30.24719444444445,126.34391666666666,1.6,39.0,2019-03-03 09:37:35,刺网
754,30.25119444444445,126.3437222222222,2.5,28.0,2019-03-03 09:47:34,刺网
754,30.25575000000001,126.3454722222222,1.6,354.0,2019-03-03 09:57:34,刺网
754,30.2605,126.34575,2.1,352.0,2019-03-03 10:07:34,刺网
754,30.265166666666666,126.34613888888887,1.9,0.0,2019-03-03 10:17:34,刺网
754,30.26988888888889,126.34719444444444,0.7,46.0,2019-03-03 10:27:34,刺网
754,30.274472222222233,126.34786111111113,2.3,7.0,2019-03-03 10:37:34,刺网
754,30.278861111111112,126.3485277777778,1.2,0.0,2019-03-03 10:47:34,刺网
754,30.28294444444445,126.34925,1.3,0.0,2019-03-03 10:57:33,刺网
754,30.287305555555548,126.35063888888888,1.2,0.0,2019-03-03 11:07:34,刺网
754,30.29175,126.35286111111112,2.1,0.0,2019-03-03 11:17:35,刺网
754,30.296111111111113,126.35444444444445,2.1,0.0,2019-03-03 11:27:38,刺网
754,30.300166666666666,126.35633333333332,2.3,22.0,2019-03-03 11:38:02,刺网
754,30.30355555555556,126.35794444444444,2.2,37.0,2019-03-03 11:47:34,刺网
754,30.30675,126.35836111111112,1.4,273.0,2019-03-03 11:57:34,刺网
754,30.30975,126.35922222222223,1.5,67.0,2019-03-03 12:07:34,刺网
754,30.31144444444445,126.36083333333332,1.3,279.0,2019-03-03 12:17:34,刺网
754,30.31375,126.35975,1.6,353.0,2019-03-03 12:27:34,刺网
754,30.316222222222233,126.36091666666668,0.9,348.0,2019-03-03 12:37:34,刺网
754,30.31963888888889,126.36066666666666,2.1,356.0,2019-03-03 12:47:33,刺网
754,30.323027777777767,126.3592777777778,2.3,326.0,2019-03-03 12:57:34,刺网
754,30.32597222222222,126.357,1.7,338.0,2019-03-03 13:07:33,刺网
754,30.328944444444442,126.355,1.7,0.0,2019-03-03 13:17:33,刺网
754,30.33169444444445,126.35683333333333,1.1,357.0,2019-03-03 13:27:33,刺网
754,30.33458333333333,126.35994444444445,1.9,13.0,2019-03-03 13:37:33,刺网
754,30.338166666666666,126.362,2.4,22.0,2019-03-03 13:47:33,刺网
754,30.342,126.36288888888888,1.8,345.0,2019-03-03 13:57:33,刺网
754,30.34588888888889,126.3635277777778,3.1,32.0,2019-03-03 14:08:07,刺网
754,30.34925,126.36316666666666,2.0,288.0,2019-03-03 14:17:33,刺网
754,30.35619444444445,126.36088888888894,1.8,1.0,2019-03-03 14:37:33,刺网
754,30.35886111111111,126.35933333333334,1.0,325.0,2019-03-03 14:47:33,刺网
754,30.357861111111113,126.35294444444445,7.8,268.0,2019-03-03 14:57:33,刺网
754,30.35686111111111,126.32663888888888,8.2,274.0,2019-03-03 15:07:33,刺网
754,30.356222222222208,126.30019444444444,8.7,267.0,2019-03-03 15:17:33,刺网
754,30.35594444444445,126.273,8.7,278.0,2019-03-03 15:27:33,刺网
754,30.354861111111113,126.24575,8.7,265.0,2019-03-03 15:37:32,刺网
754,30.35416666666667,126.21863888888888,8.8,266.0,2019-03-03 15:47:32,刺网
754,30.35250000000001,126.19125,8.8,267.0,2019-03-03 15:57:32,刺网
754,30.35075,126.16405555555555,8.5,266.0,2019-03-03 16:07:32,刺网
754,30.34869444444445,126.13677777777778,10.3,250.0,2019-03-03 16:17:32,刺网
754,30.34486111111111,126.10975,8.8,264.0,2019-03-03 16:27:32,刺网
754,30.34172222222222,126.08244444444445,8.0,265.0,2019-03-03 16:37:32,刺网
754,30.339972222222233,126.05588888888887,8.4,282.0,2019-03-03 16:47:32,刺网
754,30.337527777777765,126.02963888888887,8.1,262.0,2019-03-03 16:57:32,刺网
754,30.336277777777767,126.00388888888894,9.3,258.0,2019-03-03 17:07:32,刺网
754,30.333000000000002,125.97763888888888,8.0,236.0,2019-03-03 17:17:32,刺网
754,30.31594444444445,125.95819444444444,9.6,223.0,2019-03-03 17:27:32,刺网
754,30.307111111111112,125.93472222222222,8.1,265.0,2019-03-03 17:37:32,刺网
754,30.30477777777779,125.90986111111113,8.7,255.0,2019-03-03 17:47:32,刺网
754,30.30322222222221,125.88283333333334,6.1,263.0,2019-03-03 17:58:01,刺网
754,30.30263888888889,125.85802777777776,7.1,262.0,2019-03-03 18:07:32,刺网
754,30.302861111111113,125.83188888888887,8.7,273.0,2019-03-03 18:17:32,刺网
754,30.299805555555558,125.80688888888888,8.0,259.0,2019-03-03 18:27:32,刺网
754,30.29808333333333,125.78091666666668,8.0,271.0,2019-03-03 18:37:32,刺网
754,30.296861111111113,125.75563888888892,8.3,274.0,2019-03-03 18:47:32,刺网
754,30.28844444444445,125.73288888888894,8.9,229.0,2019-03-03 18:57:33,刺网
754,30.273000000000003,125.7134722222222,7.0,249.0,2019-03-03 19:07:32,刺网
754,30.26430555555556,125.68994444444445,8.1,252.0,2019-03-03 19:17:32,刺网
754,30.25363888888889,125.6675277777778,9.0,245.0,2019-03-03 19:27:32,刺网
754,30.24825,125.6437777777778,6.6,281.0,2019-03-03 19:37:32,刺网
754,30.24861111111111,125.62055555555555,7.4,253.0,2019-03-03 19:47:32,刺网
754,30.24691666666667,125.59763888888888,6.8,285.0,2019-03-03 19:57:32,刺网
754,30.24586111111111,125.57375,7.1,273.0,2019-03-03 20:08:00,刺网
754,30.244777777777767,125.55227777777776,7.0,269.0,2019-03-03 20:17:32,刺网
754,30.243666666666666,125.52966666666666,7.3,260.0,2019-03-03 20:27:32,刺网
754,30.24083333333333,125.50763888888888,6.5,259.0,2019-03-03 20:37:32,刺网
754,30.23755555555556,125.48613888888887,7.5,261.0,2019-03-03 20:47:32,刺网
754,30.235166666666665,125.46538888888894,5.8,255.0,2019-03-03 20:57:31,刺网
754,30.232138888888887,125.44436111111112,7.4,238.0,2019-03-03 21:07:31,刺网
754,30.2295,125.42347222222222,3.3,252.0,2019-03-03 21:17:31,刺网
754,30.22358333333333,125.40352777777778,3.8,250.0,2019-03-03 21:27:31,刺网
754,30.223166666666664,125.38558333333332,4.6,281.0,2019-03-03 21:37:31,刺网
754,30.220055555555554,125.36511111111106,4.7,267.0,2019-03-03 21:48:01,刺网
754,30.21872222222222,125.34611111111107,5.4,261.0,2019-03-03 21:57:31,刺网
754,30.21822222222222,125.32769444444445,3.4,287.0,2019-03-03 22:07:31,刺网
754,30.217305555555548,125.30847222222219,3.2,253.0,2019-03-03 22:17:31,刺网
754,30.218527777777766,125.29111111111106,4.1,274.0,2019-03-03 22:27:31,刺网
754,30.21783333333333,125.27233333333334,2.8,267.0,2019-03-03 22:37:31,刺网
754,30.21436111111111,125.25402777777781,7.2,225.0,2019-03-03 22:47:34,刺网
754,30.213638888888887,125.23630555555556,7.2,236.0,2019-03-03 22:57:38,刺网
754,30.21108333333333,125.21788888888894,5.8,255.0,2019-03-03 23:08:01,刺网
754,30.20894444444445,125.20097222222222,5.6,296.0,2019-03-03 23:17:31,刺网
754,30.20869444444445,125.18338888888893,6.7,254.0,2019-03-03 23:27:31,刺网
754,30.204638888888887,125.16575,6.4,228.0,2019-03-03 23:37:31,刺网
754,30.2005,125.14719444444445,5.4,290.0,2019-03-03 23:47:32,刺网
754,30.18722222222221,125.1322222222222,6.3,233.0,2019-03-03 23:57:43,刺网
754,30.1825,125.11586111111107,4.7,277.0,2019-03-04 00:07:31,刺网
754,30.18036111111111,125.09836111111107,7.4,268.0,2019-03-04 00:17:31,刺网
754,30.182361111111113,125.0835,4.2,336.0,2019-03-04 00:27:31,刺网
754,30.185027777777766,125.08022222222222,1.8,226.0,2019-03-04 00:37:31,刺网
754,30.182222222222233,125.08125,2.9,124.0,2019-03-04 00:47:31,刺网
754,30.18091666666667,125.08236111111107,0.2,0.0,2019-03-04 00:57:31,刺网
754,30.180750000000003,125.08225,0.5,0.0,2019-03-04 01:07:31,刺网
754,30.180750000000003,125.08244444444445,0.8,226.0,2019-03-04 01:17:31,刺网
754,30.180722222222233,125.08261111111106,1.6,35.0,2019-03-04 01:27:31,刺网
754,30.180611111111112,125.08269444444444,0.2,0.0,2019-03-04 01:37:31,刺网
754,30.18044444444445,125.08263888888888,1.1,85.0,2019-03-04 01:47:31,刺网
754,30.18044444444445,125.08255555555556,0.2,0.0,2019-03-04 01:57:31,刺网
754,30.18047222222223,125.08261111111106,0.7,351.0,2019-03-04 02:07:42,刺网
754,30.18033333333333,125.08261111111106,2.5,214.0,2019-03-04 02:17:31,刺网
754,30.18025,125.08255555555556,0.9,2.0,2019-03-04 02:27:31,刺网
754,30.180194444444453,125.08255555555556,0.4,0.0,2019-03-04 02:37:30,刺网
754,30.180111111111113,125.08252777777777,2.5,192.0,2019-03-04 02:47:30,刺网
754,30.17991666666667,125.08238888888887,1.4,57.0,2019-03-04 02:57:30,刺网
754,30.179944444444452,125.0824722222222,0.7,169.0,2019-03-04 03:07:30,刺网
754,30.179972222222233,125.08252777777777,1.2,45.0,2019-03-04 03:17:30,刺网
754,30.17991666666667,125.08255555555556,1.7,161.0,2019-03-04 03:27:30,刺网
754,30.17975,125.08244444444445,2.6,32.0,2019-03-04 03:37:30,刺网
754,30.17969444444445,125.08244444444445,1.7,115.0,2019-03-04 03:47:30,刺网
754,30.17955555555556,125.0822222222222,0.8,328.0,2019-03-04 03:57:30,刺网
754,30.179527777777786,125.08238888888887,0.9,141.0,2019-03-04 04:07:31,刺网
754,30.179388888888887,125.0822222222222,1.0,266.0,2019-03-04 04:17:30,刺网
754,30.179305555555555,125.08205555555556,2.1,182.0,2019-03-04 04:27:30,刺网
754,30.179277777777767,125.08202777777778,3.2,85.0,2019-03-04 04:37:43,刺网
754,30.17925,125.08194444444445,0.8,241.0,2019-03-04 04:47:30,刺网
754,30.17916666666667,125.08172222222224,0.5,313.0,2019-03-04 04:57:30,刺网
754,30.17916666666667,125.08175,0.8,135.0,2019-03-04 05:07:30,刺网
754,30.179222222222233,125.08183333333334,1.5,45.0,2019-03-04 05:17:30,刺网
754,30.179222222222233,125.08194444444445,2.1,106.0,2019-03-04 05:27:30,刺网
754,30.179222222222233,125.08180555555555,2.2,194.0,2019-03-04 05:37:30,刺网
754,30.17919444444445,125.08183333333334,1.9,134.0,2019-03-04 05:47:30,刺网
754,30.179361111111113,125.08211111111113,0.8,123.0,2019-03-04 05:57:30,刺网
754,30.179388888888887,125.08225,2.2,288.0,2019-03-04 06:07:42,刺网
754,30.179444444444453,125.08236111111107,0.6,0.0,2019-03-04 06:17:30,刺网
754,30.179527777777786,125.0825,2.0,243.0,2019-03-04 06:27:30,刺网
754,30.179472222222234,125.08238888888887,1.1,250.0,2019-03-04 06:37:30,刺网
754,30.17958333333333,125.08258333333332,2.1,52.0,2019-03-04 06:47:30,刺网
754,30.17966666666667,125.08266666666668,1.7,66.0,2019-03-04 06:57:30,刺网
754,30.17972222222223,125.08266666666668,0.2,0.0,2019-03-04 07:07:33,刺网
754,30.181777777777786,125.08058333333332,0.4,0.0,2019-03-04 07:17:30,刺网
754,30.17975,125.06536111111113,6.0,271.0,2019-03-04 07:27:42,刺网
754,30.17694444444445,125.0449722222222,6.5,276.0,2019-03-04 07:37:30,刺网
754,30.17425,125.02427777777777,7.0,235.0,2019-03-04 07:47:30,刺网
754,30.1685,125.00230555555555,7.7,237.0,2019-03-04 07:57:30,刺网
754,30.168194444444445,124.98041666666668,5.3,287.0,2019-03-04 08:07:42,刺网
754,30.165,124.95888888888894,7.2,246.0,2019-03-04 08:17:29,刺网
754,30.16147222222222,124.91616666666668,6.6,248.0,2019-03-04 08:37:29,刺网
754,30.158,124.89488888888893,7.5,261.0,2019-03-04 08:47:29,刺网
754,30.156416666666665,124.87366666666668,6.5,265.0,2019-03-04 08:57:29,刺网
754,30.15466666666667,124.8525,7.8,252.0,2019-03-04 09:07:29,刺网
754,30.153444444444442,124.83200000000001,7.2,247.0,2019-03-04 09:17:29,刺网
754,30.152805555555553,124.81158333333332,6.0,265.0,2019-03-04 09:27:29,刺网
754,30.15172222222222,124.79072222222223,6.4,272.0,2019-03-04 09:37:29,刺网
754,30.149166666666666,124.77083333333331,7.1,259.0,2019-03-04 09:47:29,刺网
754,30.148027777777767,124.74994444444445,7.0,255.0,2019-03-04 09:57:29,刺网
754,30.14563888888889,124.70991666666669,7.1,263.0,2019-03-04 10:17:29,刺网
754,30.14383333333333,124.68972222222223,5.4,296.0,2019-03-04 10:27:29,刺网
754,30.141111111111112,124.66972222222223,6.3,252.0,2019-03-04 10:37:42,刺网
754,30.141027777777786,124.6509722222222,5.5,266.0,2019-03-04 10:47:29,刺网
754,30.138805555555557,124.63227777777777,6.0,241.0,2019-03-04 10:57:29,刺网
754,30.137888888888888,124.6129722222222,6.3,282.0,2019-03-04 11:07:29,刺网
754,30.137138888888888,124.59302777777776,6.4,268.0,2019-03-04 11:17:29,刺网
754,30.13633333333333,124.57388888888887,6.2,262.0,2019-03-04 11:27:29,刺网
754,30.13669444444445,124.5534722222222,7.2,231.0,2019-03-04 11:38:07,刺网
754,30.135416666666664,124.53416666666666,8.1,267.0,2019-03-04 11:47:29,刺网
754,30.136083333333332,124.51441666666666,6.3,278.0,2019-03-04 11:57:29,刺网
754,30.1355,124.4947222222222,7.6,279.0,2019-03-04 12:07:29,刺网
754,30.135361111111113,124.47466666666666,6.7,264.0,2019-03-04 12:17:29,刺网
754,30.135416666666664,124.455,7.6,293.0,2019-03-04 12:27:29,刺网
754,30.13513888888889,124.43458333333334,7.2,268.0,2019-03-04 12:37:29,刺网
754,30.13497222222223,124.41480555555556,6.3,272.0,2019-03-04 12:47:29,刺网
754,30.134694444444445,124.39416666666668,7.6,270.0,2019-03-04 12:57:29,刺网
754,30.130805555555558,124.37294444444444,6.9,249.0,2019-03-04 13:07:29,刺网
754,30.12691666666667,124.35091666666666,5.7,273.0,2019-03-04 13:17:29,刺网
754,30.128416666666666,124.33080555555556,6.3,280.0,2019-03-04 13:27:28,刺网
754,30.12580555555556,124.30883333333333,7.3,267.0,2019-03-04 13:37:28,刺网
754,30.1235,124.28683333333332,7.4,264.0,2019-03-04 13:47:28,刺网
754,30.123916666666666,124.26508333333334,8.1,250.0,2019-03-04 13:57:28,刺网
754,30.120777777777786,124.24022222222222,8.3,246.0,2019-03-04 14:08:01,刺网
754,30.119722222222233,124.21808333333333,8.7,257.0,2019-03-04 14:17:43,刺网
754,30.1165,124.1945,7.7,263.0,2019-03-04 14:27:28,刺网
754,30.114472222222233,124.17030555555556,6.2,266.0,2019-03-04 14:37:28,刺网
754,30.11344444444445,124.14572222222223,8.1,265.0,2019-03-04 14:47:28,刺网
754,30.10983333333333,124.12113888888888,7.4,273.0,2019-03-04 14:57:28,刺网
754,30.10766666666667,124.09541666666664,7.9,265.0,2019-03-04 15:07:28,刺网
754,30.10619444444445,124.0689722222222,6.8,266.0,2019-03-04 15:17:43,刺网
754,30.103,124.04383333333332,7.6,253.0,2019-03-04 15:27:28,刺网
754,30.10372222222223,124.0184722222222,7.2,266.0,2019-03-04 15:37:29,刺网
754,30.102638888888887,123.99277777777776,7.7,283.0,2019-03-04 15:47:28,刺网
754,30.101972222222226,123.9670277777778,7.1,264.0,2019-03-04 15:57:28,刺网
754,30.101805555555554,123.94072222222223,8.3,274.0,2019-03-04 16:07:28,刺网
754,30.09647222222221,123.91355555555555,8.5,278.0,2019-03-04 16:17:28,刺网
754,30.095222222222233,123.88622222222223,8.5,265.0,2019-03-04 16:27:43,刺网
754,30.09333333333333,123.85972222222222,8.3,264.0,2019-03-04 16:37:28,刺网
754,30.093138888888888,123.83219444444444,9.1,272.0,2019-03-04 16:47:28,刺网
754,30.0915,123.80461111111113,8.3,285.0,2019-03-04 16:57:28,刺网
754,30.087972222222234,123.77738888888894,8.6,230.0,2019-03-04 17:07:28,刺网
754,30.08241666666667,123.74911111111106,9.0,263.0,2019-03-04 17:17:28,刺网
754,30.07608333333333,123.72252777777777,8.3,285.0,2019-03-04 17:27:28,刺网
754,30.07772222222223,123.69452777777781,9.0,265.0,2019-03-04 17:37:28,刺网
754,30.07675,123.66630555555555,8.9,268.0,2019-03-04 17:47:28,刺网
754,30.076527777777766,123.63722222222223,8.5,284.0,2019-03-04 17:57:43,刺网
754,30.07636111111111,123.6092777777778,8.9,260.0,2019-03-04 18:07:28,刺网
754,30.07397222222221,123.58052777777776,8.5,284.0,2019-03-04 18:17:28,刺网
754,30.071666666666665,123.55111111111113,9.5,267.0,2019-03-04 18:27:28,刺网
754,30.071027777777786,123.52236111111112,9.3,286.0,2019-03-04 18:37:28,刺网
754,30.066805555555554,123.49363888888887,8.5,263.0,2019-03-04 18:47:28,刺网
754,30.055888888888887,123.46886111111112,8.9,232.0,2019-03-04 18:57:27,刺网
754,30.052972222222234,123.44027777777778,9.8,261.0,2019-03-04 19:07:27,刺网
754,30.048305555555558,123.41333333333334,8.6,268.0,2019-03-04 19:17:27,刺网
754,30.04808333333333,123.38477777777778,9.1,245.0,2019-03-04 19:27:27,刺网
754,30.047138888888888,123.35586111111107,9.2,263.0,2019-03-04 19:37:27,刺网
754,30.047361111111112,123.32661111111106,8.5,269.0,2019-03-04 19:47:28,刺网
754,30.048055555555557,123.29811111111113,9.3,298.0,2019-03-04 19:57:27,刺网
754,30.0495,123.26830555555556,9.2,258.0,2019-03-04 20:07:42,刺网
754,30.05119444444445,123.24033333333334,9.1,278.0,2019-03-04 20:17:27,刺网
754,30.05836111111111,123.21286111111112,9.3,276.0,2019-03-04 20:27:27,刺网
754,30.05547222222223,123.18455555555555,9.2,284.0,2019-03-04 20:37:27,刺网
754,30.05688888888889,123.15652777777778,8.9,264.0,2019-03-04 20:47:27,刺网
754,30.05533333333333,123.12844444444444,8.6,259.0,2019-03-04 20:57:27,刺网
754,30.050638888888887,123.10302777777777,9.4,275.0,2019-03-04 21:07:27,刺网
754,30.05169444444445,123.07555555555555,9.2,282.0,2019-03-04 21:17:27,刺网
754,30.051111111111112,123.04811111111113,8.9,271.0,2019-03-04 21:27:27,刺网
754,30.04708333333333,123.0215277777778,8.3,267.0,2019-03-04 21:37:27,刺网
754,30.043250000000004,122.994,7.7,257.0,2019-03-04 21:47:27,刺网
754,30.038833333333336,122.96661111111106,9.3,272.0,2019-03-04 21:57:28,刺网
754,30.035555555555558,122.93891666666669,9.1,255.0,2019-03-04 22:07:27,刺网
754,30.033361111111113,122.91030555555555,8.8,274.0,2019-03-04 22:17:27,刺网
754,30.02958333333333,122.88275,8.6,255.0,2019-03-04 22:27:27,刺网
754,30.030527777777767,122.85416666666666,8.8,275.0,2019-03-04 22:37:27,刺网
754,30.03033333333333,122.82547222222222,8.7,281.0,2019-03-04 22:47:27,刺网
754,30.03211111111111,122.79658333333332,8.4,271.0,2019-03-04 22:57:42,刺网
754,30.028777777777766,122.76891666666666,9.0,257.0,2019-03-04 23:07:27,刺网
754,30.023611111111112,122.74113888888887,9.3,262.0,2019-03-04 23:17:27,刺网
754,30.023416666666666,122.71308333333332,8.8,247.0,2019-03-04 23:27:27,刺网
754,30.0215,122.6855277777778,8.6,256.0,2019-03-04 23:37:27,刺网
754,30.02083333333333,122.65875,8.5,258.0,2019-03-04 23:47:27,刺网
754,30.0165,122.63236111111107,8.8,265.0,2019-03-04 23:57:27,刺网
754,30.012916666666666,122.60524999999998,9.0,255.0,2019-03-05 00:07:27,刺网
754,30.01086111111111,122.57766666666667,8.7,267.0,2019-03-05 00:17:27,刺网
754,30.00758333333333,122.55088888888888,8.5,249.0,2019-03-05 00:27:26,刺网
754,30.00269444444445,122.52513888888888,8.0,244.0,2019-03-05 00:37:26,刺网
754,29.997722222222233,122.49930555555555,9.7,264.0,2019-03-05 00:47:26,刺网
754,29.99275,122.473,8.4,251.0,2019-03-05 00:57:26,刺网
754,29.985916666666668,122.4470277777778,8.4,266.0,2019-03-05 01:07:26,刺网
754,29.97722222222221,122.42119444444445,8.8,250.0,2019-03-05 01:17:26,刺网
754,29.97075,122.39686111111112,6.9,263.0,2019-03-05 01:27:26,刺网
754,29.97033333333333,122.37522222222222,2.0,213.0,2019-03-05 01:37:26,刺网
754,29.96961111111111,122.35394444444445,8.0,260.0,2019-03-05 01:47:26,刺网
754,29.95644444444445,122.32855555555555,10.7,210.0,2019-03-05 01:57:26,刺网
754,29.94388888888889,122.30836111111113,6.2,294.0,2019-03-05 02:07:42,刺网
754,29.941777777777766,122.29025,6.3,241.0,2019-03-05 02:17:26,刺网
754,29.94058333333333,122.28016666666667,0.3,41.0,2019-03-05 02:27:26,刺网
754,29.94061111111111,122.28008333333334,0.0,0.0,2019-03-05 02:37:26,刺网
754,29.94061111111111,122.28005555555555,0.0,0.0,2019-03-05 02:47:26,刺网
754,29.94061111111111,122.28011111111113,0.0,0.0,2019-03-05 02:57:26,刺网
754,29.94061111111111,122.28008333333334,0.0,0.0,2019-03-05 03:07:26,刺网
754,29.940638888888888,122.28008333333334,0.0,0.0,2019-03-05 03:17:26,刺网
754,29.94061111111111,122.28008333333334,0.0,0.0,2019-03-05 03:27:26,刺网
754,29.940638888888888,122.28013888888887,0.0,0.0,2019-03-05 03:37:26,刺网
754,29.94058333333333,122.28008333333334,0.0,0.0,2019-03-05 03:47:26,刺网
754,29.94058333333333,122.28008333333334,0.0,0.0,2019-03-05 03:57:26,刺网
754,29.94061111111111,122.28008333333334,0.0,0.0,2019-03-05 04:07:26,刺网
754,29.94058333333333,122.28011111111113,0.0,0.0,2019-03-05 04:17:26,刺网
754,29.94061111111111,122.28011111111113,0.0,0.0,2019-03-05 04:27:26,刺网
754,29.94058333333333,122.28013888888887,0.0,0.0,2019-03-05 04:37:26,刺网
754,29.94058333333333,122.28016666666667,0.0,0.0,2019-03-05 04:47:26,刺网
754,29.940638888888888,122.28011111111113,0.0,0.0,2019-03-05 04:57:26,刺网
754,29.94058333333333,122.28013888888887,0.0,0.0,2019-03-05 05:07:26,刺网
754,29.94061111111111,122.28008333333334,0.0,0.0,2019-03-05 05:17:43,刺网
754,29.94058333333333,122.28011111111113,0.0,0.0,2019-03-05 05:27:26,刺网
754,29.94058333333333,122.28008333333334,0.0,0.0,2019-03-05 05:37:26,刺网
754,29.94058333333333,122.28011111111113,0.0,0.0,2019-03-05 05:47:26,刺网
754,29.94061111111111,122.28011111111113,0.0,0.0,2019-03-05 05:57:26,刺网
754,29.940638888888888,122.28005555555555,0.0,0.0,2019-03-05 06:07:25,刺网
754,29.94061111111111,122.28011111111113,0.0,0.0,2019-03-05 06:17:25,刺网
754,29.94061111111111,122.28005555555555,0.0,0.0,2019-03-05 06:27:25,刺网
754,29.940638888888888,122.28,0.1,0.0,2019-03-05 06:37:25,刺网
754,29.94058333333333,122.28011111111113,0.1,0.0,2019-03-05 06:47:25,刺网
754,29.94058333333333,122.28008333333334,0.0,0.0,2019-03-05 06:57:25,刺网
754,29.939694444444445,122.28200000000001,6.1,113.0,2019-03-05 07:07:25,刺网
754,29.94463888888889,122.30175,6.8,87.0,2019-03-05 07:17:32,刺网
754,29.94425,122.31125,0.2,0.0,2019-03-05 07:27:43,刺网
754,29.944222222222226,122.3112777777778,0.0,0.0,2019-03-05 07:37:25,刺网
754,29.944277777777767,122.31125,0.0,0.0,2019-03-05 07:47:25,刺网
754,29.944277777777767,122.31125,0.0,0.0,2019-03-05 07:57:25,刺网
754,29.944277777777767,122.3112777777778,0.0,0.0,2019-03-05 08:07:25,刺网
754,29.944277777777767,122.31125,0.0,0.0,2019-03-05 08:17:25,刺网
754,29.944305555555548,122.31125,0.0,0.0,2019-03-05 08:27:25,刺网
754,29.94436111111111,122.31125,0.0,0.0,2019-03-05 08:37:25,刺网
754,29.94436111111111,122.31125,0.0,0.0,2019-03-05 08:47:25,刺网
754,29.944388888888888,122.31125,0.0,0.0,2019-03-05 08:57:25,刺网
754,29.94436111111111,122.31125,0.2,0.0,2019-03-05 09:07:25,刺网
754,29.944388888888888,122.31125,0.0,0.0,2019-03-05 09:17:25,刺网
754,29.944388888888888,122.3112222222222,0.1,0.0,2019-03-05 09:27:25,刺网
754,29.944388888888888,122.3112222222222,0.0,0.0,2019-03-05 09:37:25,刺网
754,29.944388888888888,122.31113888888888,0.0,0.0,2019-03-05 09:47:25,刺网
754,29.944388888888888,122.31119444444445,0.0,0.0,2019-03-05 09:57:25,刺网
754,29.94436111111111,122.3112222222222,0.0,0.0,2019-03-05 10:07:42,刺网
754,29.94433333333333,122.3112222222222,0.0,0.0,2019-03-05 10:17:25,刺网
754,29.94436111111111,122.3112222222222,0.0,0.0,2019-03-05 10:27:25,刺网
754,29.944388888888888,122.3112222222222,0.1,0.0,2019-03-05 10:37:25,刺网
754,29.944388888888888,122.3112222222222,0.0,0.0,2019-03-05 10:47:25,刺网
754,29.944388888888888,122.3112222222222,0.0,0.0,2019-03-05 10:57:25,刺网
754,29.94433333333333,122.3112777777778,0.1,0.0,2019-03-05 11:17:24,刺网
754,29.94433333333333,122.3112777777778,0.0,0.0,2019-03-05 11:27:24,刺网
754,29.944277777777767,122.3112777777778,0.1,0.0,2019-03-05 11:37:24,刺网
754,29.94436111111111,122.31125,0.0,0.0,2019-03-05 11:47:24,刺网
754,29.94436111111111,122.31130555555555,0.0,0.0,2019-03-05 11:57:24,刺网
754,29.94441666666667,122.31130555555555,0.0,0.0,2019-03-05 12:07:23,刺网
754,29.94436111111111,122.3112222222222,0.0,0.0,2019-03-05 12:17:24,刺网
754,29.944305555555548,122.31119444444445,0.1,0.0,2019-03-05 12:27:24,刺网
754,29.944305555555548,122.31136111111107,0.1,0.0,2019-03-05 12:37:23,刺网
754,29.944305555555548,122.3112222222222,0.0,0.0,2019-03-05 12:47:23,刺网
754,29.94425,122.31125,0.2,0.0,2019-03-05 12:57:23,刺网
754,29.944305555555548,122.3112222222222,0.1,0.0,2019-03-05 13:07:23,刺网
754,29.944277777777767,122.31130555555555,0.1,0.0,2019-03-05 13:17:23,刺网
754,29.944277777777767,122.3112777777778,0.4,0.0,2019-03-05 13:27:23,刺网
754,29.944277777777767,122.3112777777778,0.1,0.0,2019-03-05 13:37:23,刺网
754,29.944305555555548,122.31125,0.0,0.0,2019-03-05 13:47:23,刺网
754,29.944194444444445,122.31113888888888,0.2,0.0,2019-03-05 13:57:23,刺网
754,29.944305555555548,122.31130555555555,0.0,0.0,2019-03-05 14:07:41,刺网
754,29.944388888888888,122.31141666666666,0.1,0.0,2019-03-05 14:17:23,刺网
754,29.944305555555548,122.3112777777778,0.0,0.0,2019-03-05 14:27:23,刺网
754,29.944277777777767,122.31130555555555,0.0,0.0,2019-03-05 14:37:23,刺网
754,29.94436111111111,122.3112777777778,0.0,0.0,2019-03-05 14:47:23,刺网
754,29.944277777777767,122.31133333333332,0.0,0.0,2019-03-05 14:57:23,刺网
754,29.944305555555548,122.31130555555555,0.0,0.0,2019-03-05 15:07:23,刺网
754,29.944277777777767,122.3112777777778,0.0,0.0,2019-03-05 15:17:23,刺网
754,29.944305555555548,122.31133333333332,0.0,0.0,2019-03-05 15:27:23,刺网
754,29.944194444444445,122.31136111111107,0.1,0.0,2019-03-05 15:37:23,刺网
754,29.944277777777767,122.31130555555555,0.0,0.0,2019-03-05 15:47:23,刺网
754,29.94436111111111,122.3112777777778,0.0,0.0,2019-03-05 15:57:23,刺网
754,29.944305555555548,122.31125,0.1,0.0,2019-03-05 16:07:23,刺网
754,29.944277777777767,122.3112777777778,0.1,0.0,2019-03-05 16:17:23,刺网
754,29.944388888888888,122.31119444444445,0.1,0.0,2019-03-05 16:27:23,刺网
754,29.944222222222226,122.3112777777778,0.2,0.0,2019-03-05 16:37:23,刺网
754,29.944305555555548,122.31130555555555,0.2,0.0,2019-03-05 16:47:23,刺网
754,29.944277777777767,122.3112777777778,0.4,0.0,2019-03-05 16:57:23,刺网
754,29.94425,122.31136111111107,0.2,0.0,2019-03-05 17:07:22,刺网
754,29.94425,122.3112777777778,0.2,0.0,2019-03-05 17:17:22,刺网
754,29.94433333333333,122.31130555555555,0.4,0.0,2019-03-05 17:27:22,刺网
754,29.944305555555548,122.31125,0.2,0.0,2019-03-05 17:37:22,刺网
754,29.94433333333333,122.3112222222222,0.3,0.0,2019-03-05 17:47:22,刺网
754,29.944305555555548,122.31125,0.0,0.0,2019-03-05 17:57:42,刺网
754,29.944305555555548,122.31125,0.0,0.0,2019-03-05 18:07:22,刺网
754,29.94433333333333,122.31119444444445,0.0,0.0,2019-03-05 18:17:22,刺网
754,29.94433333333333,122.31119444444445,0.0,0.0,2019-03-05 18:27:22,刺网
754,29.944305555555548,122.3112222222222,0.0,0.0,2019-03-05 18:37:22,刺网
754,29.94444444444445,122.31125,0.0,0.0,2019-03-05 18:47:22,刺网
754,29.944305555555548,122.3112222222222,0.0,0.0,2019-03-05 18:57:22,刺网
754,29.944388888888888,122.31111111111107,0.0,0.0,2019-03-05 19:07:22,刺网
754,29.944388888888888,122.31125,0.0,0.0,2019-03-05 19:17:22,刺网
754,29.94433333333333,122.31119444444445,0.0,0.0,2019-03-05 19:27:22,刺网
754,29.944305555555548,122.31119444444445,0.1,0.0,2019-03-05 19:37:22,刺网
754,29.94433333333333,122.3112222222222,0.0,0.0,2019-03-05 19:47:22,刺网
754,29.944277777777767,122.3112222222222,0.0,0.0,2019-03-05 19:57:22,刺网
754,29.944277777777767,122.3112222222222,0.0,0.0,2019-03-05 20:07:41,刺网
754,29.94425,122.3112222222222,0.0,0.0,2019-03-05 20:17:22,刺网
754,29.94425,122.3112222222222,0.0,0.0,2019-03-05 20:27:22,刺网
754,29.944222222222226,122.31125,0.0,0.0,2019-03-05 20:37:22,刺网
754,29.94425,122.3112222222222,0.0,0.0,2019-03-05 20:47:22,刺网
754,29.94425,122.3112222222222,0.0,0.0,2019-03-05 20:57:22,刺网
754,29.94425,122.3112222222222,0.0,0.0,2019-03-05 21:07:22,刺网
754,29.94425,122.3112777777778,0.0,0.0,2019-03-05 21:17:22,刺网
754,29.94425,122.31125,0.0,0.0,2019-03-05 21:27:22,刺网
754,29.944277777777767,122.31125,0.0,0.0,2019-03-05 21:37:22,刺网
754,29.944277777777767,122.3112222222222,0.0,0.0,2019-03-05 21:47:22,刺网
754,29.944277777777767,122.31125,0.0,0.0,2019-03-05 21:57:22,刺网
754,29.944277777777767,122.3112777777778,0.0,0.0,2019-03-05 22:07:22,刺网
754,29.944305555555548,122.3112222222222,0.0,0.0,2019-03-05 22:17:22,刺网
754,29.94425,122.3112222222222,0.1,0.0,2019-03-05 22:27:21,刺网
754,29.94425,122.31130555555555,0.2,0.0,2019-03-05 22:37:21,刺网
754,29.94425,122.3112777777778,0.1,0.0,2019-03-05 22:47:21,刺网
754,29.944222222222226,122.31125,0.1,0.0,2019-03-05 22:57:21,刺网
754,29.944222222222226,122.31136111111107,0.2,0.0,2019-03-05 23:07:21,刺网
754,29.94433333333333,122.31116666666668,0.3,0.0,2019-03-05 23:17:22,刺网
754,29.94436111111111,122.31116666666668,0.2,0.0,2019-03-05 23:27:21,刺网
754,29.944305555555548,122.31130555555555,0.0,0.0,2019-03-05 23:37:42,刺网
754,29.94433333333333,122.3112222222222,0.0,0.0,2019-03-05 23:47:21,刺网
754,29.944277777777767,122.3112777777778,0.0,0.0,2019-03-05 23:57:21,刺网
754,29.944277777777767,122.31130555555555,0.0,0.0,2019-03-06 00:07:21,刺网
754,29.944305555555548,122.31130555555555,0.0,0.0,2019-03-06 00:17:21,刺网
754,29.944305555555548,122.31130555555555,0.0,0.0,2019-03-06 00:27:21,刺网
754,29.94425,122.31130555555555,0.0,0.0,2019-03-06 00:37:21,刺网
754,29.94425,122.31125,0.1,0.0,2019-03-06 00:47:21,刺网
754,29.94425,122.31125,0.0,0.0,2019-03-06 00:57:21,刺网
754,29.94425,122.3112777777778,0.0,0.0,2019-03-06 01:07:21,刺网
754,29.94425,122.3112777777778,0.0,0.0,2019-03-06 01:17:21,刺网
754,29.94425,122.3112222222222,0.0,0.0,2019-03-06 01:27:21,刺网
754,29.94425,122.31125,0.0,0.0,2019-03-06 01:37:21,刺网
754,29.944277777777767,122.3112777777778,0.0,0.0,2019-03-06 01:47:21,刺网
754,29.944222222222226,122.31130555555555,0.0,0.0,2019-03-06 01:57:21,刺网
754,29.944277777777767,122.31125,0.0,0.0,2019-03-06 02:07:41,刺网
754,29.944277777777767,122.3112777777778,0.0,0.0,2019-03-06 02:17:21,刺网
754,29.944277777777767,122.3112777777778,0.0,0.0,2019-03-06 02:27:21,刺网
754,29.94425,122.31125,0.0,0.0,2019-03-06 02:37:21,刺网
754,29.944277777777767,122.3112777777778,0.0,0.0,2019-03-06 02:47:21,刺网
754,29.94425,122.31125,0.0,0.0,2019-03-06 02:57:21,刺网
754,29.94425,122.3112222222222,0.0,0.0,2019-03-06 03:07:21,刺网
754,29.944277777777767,122.3112222222222,0.0,0.0,2019-03-06 03:17:21,刺网
754,29.944194444444445,122.3112777777778,0.0,0.0,2019-03-06 03:27:21,刺网
754,29.94425,122.31125,0.0,0.0,2019-03-06 03:37:21,刺网
754,29.94425,122.3112777777778,0.0,0.0,2019-03-06 03:47:21,刺网
754,29.944222222222226,122.3112777777778,0.0,0.0,2019-03-06 03:57:20,刺网
754,29.944277777777767,122.31125,0.0,0.0,2019-03-06 04:07:20,刺网
754,29.94425,122.31125,0.0,0.0,2019-03-06 04:17:20,刺网
754,29.94425,122.3112777777778,0.0,0.0,2019-03-06 04:27:20,刺网
754,29.944277777777767,122.3112222222222,0.0,0.0,2019-03-06 04:37:20,刺网
754,29.944277777777767,122.31119444444445,0.0,0.0,2019-03-06 04:47:20,刺网
754,29.94416666666667,122.3112222222222,0.0,0.0,2019-03-06 04:57:20,刺网
754,29.94425,122.31119444444445,0.0,0.0,2019-03-06 05:07:20,刺网
754,29.944277777777767,122.31125,0.0,0.0,2019-03-06 05:17:20,刺网
754,29.94416666666667,122.3112777777778,0.1,0.0,2019-03-06 05:27:20,刺网
754,29.944222222222226,122.3112777777778,0.1,0.0,2019-03-06 05:37:20,刺网
754,29.94436111111111,122.31113888888888,0.1,0.0,2019-03-06 05:47:20,刺网
754,29.94433333333333,122.31119444444445,0.1,0.0,2019-03-06 05:57:20,刺网
754,29.944305555555548,122.31125,0.0,0.0,2019-03-06 06:07:41,刺网
754,29.944222222222226,122.31113888888888,0.1,0.0,2019-03-06 06:17:20,刺网
754,29.94425,122.31125,0.0,0.0,2019-03-06 06:27:20,刺网
754,29.94425,122.3112777777778,0.1,0.0,2019-03-06 06:37:20,刺网
754,29.944305555555548,122.3112222222222,0.0,0.0,2019-03-06 06:47:20,刺网
754,29.944277777777767,122.31119444444445,0.0,0.0,2019-03-06 06:57:20,刺网
754,29.94461111111111,122.311,0.2,0.0,2019-03-06 07:07:20,刺网
754,29.944055555555554,122.31133333333332,0.7,138.0,2019-03-06 07:17:20,刺网
754,29.944305555555548,122.31125,0.0,0.0,2019-03-06 07:27:42,刺网
754,29.944305555555548,122.31125,0.0,0.0,2019-03-06 07:37:20,刺网
754,29.94433333333333,122.31125,0.0,0.0,2019-03-06 07:47:20,刺网
754,29.94425,122.3112222222222,0.0,0.0,2019-03-06 07:57:20,刺网
754,29.944277777777767,122.3112777777778,0.0,0.0,2019-03-06 08:07:20,刺网
754,29.944277777777767,122.31125,0.0,0.0,2019-03-06 08:17:20,刺网
754,29.94425,122.3112222222222,0.0,0.0,2019-03-06 08:27:20,刺网
754,29.944222222222226,122.31125,0.0,0.0,2019-03-06 08:37:20,刺网
754,29.944277777777767,122.31125,0.0,0.0,2019-03-06 08:47:20,刺网
754,29.944305555555548,122.3112222222222,0.0,0.0,2019-03-06 08:57:20,刺网
754,29.94433333333333,122.31125,0.0,0.0,2019-03-06 09:07:20,刺网
754,29.94433333333333,122.3112777777778,0.0,0.0,2019-03-06 09:17:20,刺网
754,29.944277777777767,122.3112222222222,0.0,0.0,2019-03-06 09:27:19,刺网
754,29.944305555555548,122.3112222222222,0.0,0.0,2019-03-06 09:37:19,刺网
754,29.944305555555548,122.31116666666668,0.1,0.0,2019-03-06 09:47:19,刺网
754,29.944277777777767,122.3112222222222,0.1,0.0,2019-03-06 09:57:19,刺网
754,29.944277777777767,122.31125,0.0,0.0,2019-03-06 10:07:41,刺网
754,29.94425,122.3112222222222,0.0,0.0,2019-03-06 10:17:19,刺网
754,29.94425,122.31125,0.0,0.0,2019-03-06 10:27:19,刺网
754,29.944277777777767,122.31125,0.0,0.0,2019-03-06 10:37:19,刺网
754,29.944277777777767,122.31125,0.0,0.0,2019-03-06 10:47:19,刺网
754,29.94425,122.31125,0.0,0.0,2019-03-06 10:57:19,刺网
754,29.94425,122.31125,0.0,0.0,2019-03-06 11:07:19,刺网
754,29.944277777777767,122.31125,0.0,0.0,2019-03-06 11:17:19,刺网
754,29.944305555555548,122.3112222222222,0.0,0.0,2019-03-06 11:27:19,刺网
754,29.94433333333333,122.31119444444445,0.0,0.0,2019-03-06 11:37:19,刺网
754,29.94433333333333,122.3112777777778,0.0,0.0,2019-03-06 11:47:19,刺网
754,29.944305555555548,122.31125,0.0,0.0,2019-03-06 11:57:19,刺网
754,29.94433333333333,122.3112777777778,0.0,0.0,2019-03-06 12:07:19,刺网
754,29.94425,122.31130555555555,0.0,0.0,2019-03-06 12:17:19,刺网
754,29.944222222222226,122.31136111111107,0.1,0.0,2019-03-06 12:27:19,刺网
754,29.94425,122.31136111111107,0.0,0.0,2019-03-06 12:37:19,刺网
754,29.944222222222226,122.3112222222222,0.2,0.0,2019-03-06 12:47:19,刺网
754,29.94425,122.3112777777778,0.1,0.0,2019-03-06 12:57:19,刺网
754,29.94425,122.31136111111107,0.0,0.0,2019-03-06 13:07:19,刺网
754,29.944222222222226,122.31130555555555,0.0,0.0,2019-03-06 13:17:19,刺网
754,29.94425,122.3112777777778,0.0,0.0,2019-03-06 13:27:19,刺网
754,29.944194444444445,122.3112777777778,0.2,0.0,2019-03-06 13:37:19,刺网
754,29.94416666666667,122.31136111111107,0.2,0.0,2019-03-06 13:47:19,刺网
754,29.944222222222226,122.31130555555555,0.2,0.0,2019-03-06 13:57:19,刺网
754,29.94425,122.31133333333332,0.0,0.0,2019-03-06 14:07:41,刺网
754,29.94425,122.31136111111107,0.1,0.0,2019-03-06 14:17:19,刺网
754,29.94425,122.31133333333332,0.0,0.0,2019-03-06 14:27:19,刺网
754,29.944222222222226,122.31136111111107,0.0,0.0,2019-03-06 14:37:19,刺网
754,29.94425,122.31136111111107,0.0,0.0,2019-03-06 14:47:18,刺网
754,29.944222222222226,122.31136111111107,0.0,0.0,2019-03-06 14:57:18,刺网
754,29.944222222222226,122.31133333333332,0.0,0.0,2019-03-06 15:07:18,刺网
754,29.944305555555548,122.31136111111107,0.0,0.0,2019-03-06 15:17:18,刺网
754,29.944138888888887,122.31138888888887,0.0,0.0,2019-03-06 15:27:18,刺网
754,29.944138888888887,122.31141666666666,0.1,0.0,2019-03-06 15:37:18,刺网
754,29.944222222222226,122.31136111111107,0.0,0.0,2019-03-06 15:47:18,刺网
754,29.94416666666667,122.31136111111107,0.0,0.0,2019-03-06 15:57:18,刺网
754,29.944138888888887,122.31138888888887,0.1,0.0,2019-03-06 16:07:18,刺网
754,29.94416666666667,122.31136111111107,0.3,0.0,2019-03-06 16:17:18,刺网
754,29.944138888888887,122.31138888888887,0.3,148.0,2019-03-06 16:27:18,刺网
754,29.94408333333333,122.31138888888887,0.4,140.0,2019-03-06 16:37:18,刺网
754,29.944027777777766,122.31144444444445,0.2,0.0,2019-03-06 16:47:18,刺网
754,29.944111111111113,122.31138888888887,0.3,0.0,2019-03-06 16:57:18,刺网
754,29.944222222222226,122.3112777777778,0.2,0.0,2019-03-06 17:07:18,刺网
754,29.94425,122.31125,0.1,0.0,2019-03-06 17:17:18,刺网
754,29.94425,122.31138888888887,0.1,0.0,2019-03-06 17:27:18,刺网
754,29.944194444444445,122.31130555555555,0.4,0.0,2019-03-06 17:37:18,刺网
754,29.944222222222226,122.31130555555555,0.0,0.0,2019-03-06 17:47:18,刺网
754,29.944277777777767,122.31141666666666,0.3,0.0,2019-03-06 17:57:18,刺网
754,29.944277777777767,122.3112777777778,0.0,0.0,2019-03-06 18:07:41,刺网
754,29.944305555555548,122.3112222222222,0.0,0.0,2019-03-06 18:17:18,刺网
754,29.944277777777767,122.3112777777778,0.0,0.0,2019-03-06 18:27:18,刺网
754,29.944277777777767,122.31125,0.0,0.0,2019-03-06 18:37:18,刺网
754,29.944305555555548,122.31125,0.0,0.0,2019-03-06 18:47:18,刺网
754,29.944277777777767,122.3112777777778,0.0,0.0,2019-03-06 18:57:18,刺网
754,29.944277777777767,122.3112777777778,0.0,0.0,2019-03-06 19:07:18,刺网
754,29.944277777777767,122.31130555555555,0.0,0.0,2019-03-06 19:17:18,刺网
754,29.944277777777767,122.3112222222222,0.0,0.0,2019-03-06 19:27:18,刺网
754,29.944277777777767,122.3112777777778,0.0,0.0,2019-03-06 19:37:18,刺网
754,29.944277777777767,122.31130555555555,0.0,0.0,2019-03-06 19:47:18,刺网
754,29.94425,122.31125,0.0,0.0,2019-03-06 19:57:18,刺网
754,29.94425,122.3112777777778,0.0,0.0,2019-03-06 20:07:17,刺网
754,29.94425,122.3112777777778,0.0,0.0,2019-03-06 20:17:17,刺网
754,29.944277777777767,122.3112222222222,0.0,0.0,2019-03-06 20:27:17,刺网
754,29.94425,122.31133333333332,0.0,0.0,2019-03-06 20:37:17,刺网
754,29.94433333333333,122.31119444444445,0.1,0.0,2019-03-06 20:47:17,刺网
754,29.94425,122.31125,0.0,0.0,2019-03-06 20:57:17,刺网
754,29.94425,122.31125,0.1,0.0,2019-03-06 21:07:17,刺网
754,29.944194444444445,122.31138888888887,0.5,0.0,2019-03-06 21:17:17,刺网
754,29.944138888888887,122.31136111111107,0.1,0.0,2019-03-06 21:27:17,刺网
754,29.944222222222226,122.31133333333332,0.4,0.0,2019-03-06 21:37:17,刺网
754,29.94433333333333,122.31116666666668,0.4,0.0,2019-03-06 21:47:17,刺网
754,29.944194444444445,122.31152777777777,0.3,0.0,2019-03-06 21:57:17,刺网
754,29.944222222222226,122.31130555555555,0.0,0.0,2019-03-06 22:07:41,刺网
754,29.944222222222226,122.3112777777778,0.0,0.0,2019-03-06 22:17:17,刺网
754,29.944222222222226,122.3112222222222,0.0,0.0,2019-03-06 22:27:17,刺网
754,29.94425,122.31125,0.0,0.0,2019-03-06 22:37:17,刺网
754,29.944222222222226,122.3112777777778,0.0,0.0,2019-03-06 22:47:17,刺网
754,29.944222222222226,122.31130555555555,0.0,0.0,2019-03-06 22:57:17,刺网
754,29.94425,122.31130555555555,0.0,0.0,2019-03-06 23:07:17,刺网
754,29.944277777777767,122.31136111111107,0.0,0.0,2019-03-06 23:17:17,刺网
754,29.944277777777767,122.31136111111107,0.0,0.0,2019-03-06 23:27:17,刺网
754,29.944305555555548,122.31133333333332,0.0,0.0,2019-03-06 23:37:17,刺网
754,29.944305555555548,122.31136111111107,0.0,0.0,2019-03-06 23:47:17,刺网
754,29.94433333333333,122.31136111111107,0.0,0.0,2019-03-06 23:57:17,刺网
754,29.944277777777767,122.31136111111107,0.0,0.0,2019-03-07 00:07:17,刺网
754,29.944222222222226,122.31133333333332,0.0,0.0,2019-03-07 00:17:17,刺网
754,29.944277777777767,122.31136111111107,0.0,0.0,2019-03-07 00:27:17,刺网
754,29.944194444444445,122.3112777777778,0.0,0.0,2019-03-07 00:37:17,刺网
754,29.94425,122.3112777777778,0.0,0.0,2019-03-07 00:47:17,刺网
754,29.94425,122.31133333333332,0.0,0.0,2019-03-07 00:57:17,刺网
754,29.94425,122.31136111111107,0.0,0.0,2019-03-07 01:07:17,刺网
754,29.94408333333333,122.31130555555555,0.0,0.0,2019-03-07 01:17:17,刺网
754,29.94425,122.31133333333332,0.0,0.0,2019-03-07 01:27:17,刺网
754,29.94425,122.3112777777778,0.1,0.0,2019-03-07 01:37:17,刺网
754,29.94425,122.3112777777778,0.2,0.0,2019-03-07 01:47:16,刺网
754,29.944194444444445,122.31147222222219,0.2,0.0,2019-03-07 01:57:16,刺网
754,29.94425,122.31133333333332,0.0,0.0,2019-03-07 02:07:41,刺网
754,29.944222222222226,122.31136111111107,0.0,0.0,2019-03-07 02:17:16,刺网
754,29.944222222222226,122.31136111111107,0.0,0.0,2019-03-07 02:27:16,刺网
754,29.944222222222226,122.31130555555555,0.0,0.0,2019-03-07 02:37:16,刺网
754,29.94425,122.31136111111107,0.0,0.0,2019-03-07 02:47:16,刺网
754,29.94425,122.31133333333332,0.0,0.0,2019-03-07 02:57:16,刺网
754,29.944222222222226,122.31133333333332,0.0,0.0,2019-03-07 03:07:16,刺网
754,29.94425,122.31133333333332,0.0,0.0,2019-03-07 03:17:16,刺网
754,29.944222222222226,122.31133333333332,0.0,0.0,2019-03-07 03:27:16,刺网
754,29.94416666666667,122.31130555555555,0.0,0.0,2019-03-07 03:37:16,刺网
754,29.944277777777767,122.31133333333332,0.0,0.0,2019-03-07 03:47:16,刺网
754,29.94425,122.31133333333332,0.0,0.0,2019-03-07 03:57:16,刺网
754,29.944194444444445,122.31133333333332,0.0,0.0,2019-03-07 04:07:16,刺网
754,29.944138888888887,122.31125,0.0,0.0,2019-03-07 04:17:16,刺网
754,29.94416666666667,122.31136111111107,0.0,0.0,2019-03-07 04:27:16,刺网
754,29.94425,122.31136111111107,0.0,0.0,2019-03-07 04:37:16,刺网
754,29.944222222222226,122.31136111111107,0.0,0.0,2019-03-07 04:47:16,刺网
754,29.944138888888887,122.31136111111107,0.0,0.0,2019-03-07 04:57:16,刺网
754,29.94408333333333,122.31144444444445,0.2,0.0,2019-03-07 05:07:16,刺网
754,29.944277777777767,122.3112777777778,0.0,0.0,2019-03-07 05:17:16,刺网
754,29.94433333333333,122.31130555555555,0.1,0.0,2019-03-07 05:27:16,刺网
754,29.944305555555548,122.31130555555555,0.0,0.0,2019-03-07 05:37:16,刺网
754,29.944277777777767,122.31130555555555,0.1,0.0,2019-03-07 05:47:16,刺网
754,29.944222222222226,122.31136111111107,0.0,0.0,2019-03-07 05:57:16,刺网
754,29.944277777777767,122.3112777777778,0.0,0.0,2019-03-07 06:07:41,刺网
754,29.944277777777767,122.31130555555555,0.0,0.0,2019-03-07 06:17:16,刺网
754,29.944277777777767,122.3112777777778,0.0,0.0,2019-03-07 06:27:16,刺网
754,29.944305555555548,122.31136111111107,0.0,0.0,2019-03-07 06:37:16,刺网
754,29.944305555555548,122.3112222222222,0.1,0.0,2019-03-07 06:47:16,刺网
754,29.944305555555548,122.3112222222222,0.0,0.0,2019-03-07 06:57:15,刺网
754,29.944305555555548,122.31136111111107,0.0,0.0,2019-03-07 07:07:15,刺网
754,29.944277777777767,122.31125,0.0,0.0,2019-03-07 07:17:15,刺网
754,29.944305555555548,122.3112777777778,0.0,0.0,2019-03-07 07:27:15,刺网
754,29.944277777777767,122.3112777777778,0.0,0.0,2019-03-07 07:37:15,刺网
754,29.944277777777767,122.31130555555555,0.0,0.0,2019-03-07 07:47:15,刺网
754,29.944305555555548,122.31125,0.0,0.0,2019-03-07 07:57:15,刺网
754,29.944277777777767,122.3112222222222,0.0,0.0,2019-03-07 08:07:15,刺网
754,29.944277777777767,122.31125,0.0,0.0,2019-03-07 08:17:15,刺网
754,29.94436111111111,122.31116666666668,0.1,0.0,2019-03-07 08:27:15,刺网
754,29.94436111111111,122.31119444444445,0.1,0.0,2019-03-07 08:37:15,刺网
754,29.94441666666667,122.31119444444445,0.1,0.0,2019-03-07 08:47:15,刺网
754,29.94444444444445,122.31125,0.0,0.0,2019-03-07 08:57:15,刺网
754,29.94441666666667,122.31125,0.1,0.0,2019-03-07 09:07:15,刺网
754,29.94436111111111,122.31113888888888,0.0,0.0,2019-03-07 09:17:15,刺网
754,29.944277777777767,122.31138888888887,0.1,0.0,2019-03-07 09:27:20,刺网
754,29.94436111111111,122.31113888888888,0.1,0.0,2019-03-07 09:37:42,刺网
754,29.94433333333333,122.3112222222222,0.0,0.0,2019-03-07 09:47:15,刺网
754,29.94436111111111,122.31119444444445,0.0,0.0,2019-03-07 09:57:15,刺网
754,29.94433333333333,122.3112222222222,0.0,0.0,2019-03-07 10:07:15,刺网
754,29.94433333333333,122.3112222222222,0.1,0.0,2019-03-07 10:17:15,刺网
754,29.94433333333333,122.3112222222222,0.0,0.0,2019-03-07 10:27:15,刺网
754,29.94433333333333,122.31125,0.1,0.0,2019-03-07 10:37:15,刺网
754,29.94436111111111,122.3112222222222,0.1,0.0,2019-03-07 10:47:15,刺网
754,29.944305555555548,122.31125,0.0,0.0,2019-03-07 10:57:14,刺网
754,29.94433333333333,122.31133333333332,0.2,0.0,2019-03-07 11:07:15,刺网
754,29.944305555555548,122.3112777777778,0.0,0.0,2019-03-07 11:17:14,刺网
754,29.94425,122.3112777777778,0.1,0.0,2019-03-07 11:27:15,刺网
754,29.944222222222226,122.31108333333331,0.1,0.0,2019-03-07 11:37:14,刺网
754,29.944305555555548,122.3112222222222,0.0,0.0,2019-03-07 11:47:16,刺网
754,29.94444444444445,122.31119444444445,0.3,0.0,2019-03-07 11:57:14,刺网
754,29.944388888888888,122.31136111111107,0.0,0.0,2019-03-07 12:07:41,刺网
754,29.94436111111111,122.31138888888887,0.0,0.0,2019-03-07 12:17:14,刺网
754,29.944388888888888,122.31141666666666,0.1,0.0,2019-03-07 12:27:14,刺网
754,29.94436111111111,122.31133333333332,0.0,0.0,2019-03-07 12:37:14,刺网
754,29.94436111111111,122.31138888888887,0.0,0.0,2019-03-07 12:47:14,刺网
754,29.94444444444445,122.31136111111107,0.0,0.0,2019-03-07 12:57:13,刺网
754,29.944527777777786,122.31130555555555,0.1,0.0,2019-03-07 13:07:13,刺网
754,29.94436111111111,122.31133333333332,0.1,0.0,2019-03-07 13:17:13,刺网
754,29.944388888888888,122.31136111111107,0.0,0.0,2019-03-07 13:27:13,刺网
754,29.944305555555548,122.31136111111107,0.1,0.0,2019-03-07 13:37:13,刺网
754,29.94436111111111,122.31136111111107,0.1,0.0,2019-03-07 13:47:13,刺网
754,29.944388888888888,122.31138888888887,0.2,0.0,2019-03-07 13:57:13,刺网
754,29.94425,122.31133333333332,0.1,0.0,2019-03-07 14:07:13,刺网
754,29.944305555555548,122.31138888888887,0.2,0.0,2019-03-07 14:17:13,刺网
754,29.94436111111111,122.31136111111107,0.0,0.0,2019-03-07 14:27:41,刺网
754,29.94436111111111,122.31138888888887,0.0,0.0,2019-03-07 14:37:13,刺网
754,29.94436111111111,122.31136111111107,0.0,0.0,2019-03-07 14:47:13,刺网
754,29.944305555555548,122.31136111111107,0.0,0.0,2019-03-07 14:57:13,刺网
754,29.94436111111111,122.31138888888887,0.0,0.0,2019-03-07 15:07:13,刺网
754,29.94436111111111,122.31136111111107,0.0,0.0,2019-03-07 15:17:13,刺网
754,29.944277777777767,122.31138888888887,0.0,0.0,2019-03-07 15:27:13,刺网
754,29.944305555555548,122.31138888888887,0.0,0.0,2019-03-07 15:37:13,刺网
754,29.94436111111111,122.31141666666666,0.0,0.0,2019-03-07 15:47:13,刺网
754,29.944277777777767,122.31138888888887,0.0,0.0,2019-03-07 15:57:13,刺网
754,29.944305555555548,122.31136111111107,0.0,0.0,2019-03-07 16:07:13,刺网
754,29.944305555555548,122.31138888888887,0.0,0.0,2019-03-07 16:17:13,刺网
754,29.94433333333333,122.31141666666666,0.0,0.0,2019-03-07 16:27:13,刺网
754,29.944277777777767,122.31138888888887,0.0,0.0,2019-03-07 16:37:13,刺网
754,29.944194444444445,122.31141666666666,0.1,0.0,2019-03-07 16:47:13,刺网
754,29.94436111111111,122.31133333333332,0.2,0.0,2019-03-07 16:57:13,刺网
754,29.94433333333333,122.31136111111107,0.0,0.0,2019-03-07 17:07:13,刺网
754,29.94425,122.31141666666666,0.0,0.0,2019-03-07 17:17:13,刺网
754,29.94441666666667,122.31133333333332,0.0,0.0,2019-03-07 17:27:13,刺网
754,29.94441666666667,122.3112777777778,0.1,0.0,2019-03-07 17:37:13,刺网
754,29.94441666666667,122.31133333333332,0.1,0.0,2019-03-07 17:47:13,刺网
754,29.94425,122.31136111111107,0.0,0.0,2019-03-07 17:57:13,刺网
754,29.944388888888888,122.31133333333332,0.0,0.0,2019-03-07 18:07:41,刺网
754,29.94441666666667,122.31130555555555,0.0,0.0,2019-03-07 18:17:12,刺网
754,29.944388888888888,122.31130555555555,0.0,0.0,2019-03-07 18:27:12,刺网
754,29.94433333333333,122.3112777777778,0.0,0.0,2019-03-07 18:37:12,刺网
754,29.94436111111111,122.31130555555555,0.0,0.0,2019-03-07 18:47:12,刺网
754,29.94433333333333,122.31130555555555,0.0,0.0,2019-03-07 18:57:12,刺网
754,29.94433333333333,122.31136111111107,0.0,0.0,2019-03-07 19:07:12,刺网
754,29.94436111111111,122.31130555555555,0.0,0.0,2019-03-07 19:17:12,刺网
754,29.944388888888888,122.31130555555555,0.0,0.0,2019-03-07 19:27:12,刺网
754,29.94436111111111,122.31130555555555,0.0,0.0,2019-03-07 19:37:12,刺网
754,29.944388888888888,122.3112777777778,0.0,0.0,2019-03-07 19:47:12,刺网
754,29.94436111111111,122.31130555555555,0.0,0.0,2019-03-07 19:57:12,刺网
754,29.94433333333333,122.31136111111107,0.0,0.0,2019-03-07 20:07:12,刺网
754,29.944388888888888,122.31130555555555,0.0,0.0,2019-03-07 20:17:12,刺网
754,29.94436111111111,122.31133333333332,0.0,0.0,2019-03-07 20:27:12,刺网
754,29.94436111111111,122.31130555555555,0.0,0.0,2019-03-07 20:37:12,刺网
754,29.94436111111111,122.3112777777778,0.0,0.0,2019-03-07 20:47:12,刺网
754,29.94436111111111,122.31130555555555,0.0,0.0,2019-03-07 20:57:12,刺网
754,29.944388888888888,122.3112777777778,0.0,0.0,2019-03-07 21:07:12,刺网
754,29.944305555555548,122.31138888888887,0.0,0.0,2019-03-07 21:17:12,刺网
754,29.944222222222226,122.31144444444445,0.1,0.0,2019-03-07 21:27:12,刺网
754,29.944222222222226,122.31141666666666,0.5,0.0,2019-03-07 21:37:12,刺网
754,29.94436111111111,122.3112777777778,0.3,0.0,2019-03-07 21:47:12,刺网
754,29.94433333333333,122.31144444444445,0.4,0.0,2019-03-07 21:57:12,刺网
754,29.94433333333333,122.31130555555555,0.0,0.0,2019-03-07 22:07:40,刺网
754,29.94436111111111,122.31130555555555,0.0,0.0,2019-03-07 22:17:12,刺网
754,29.94436111111111,122.31133333333332,0.0,0.0,2019-03-07 22:27:12,刺网
754,29.94433333333333,122.31130555555555,0.0,0.0,2019-03-07 22:37:12,刺网
754,29.94433333333333,122.31130555555555,0.0,0.0,2019-03-07 22:47:12,刺网
754,29.94433333333333,122.31130555555555,0.0,0.0,2019-03-07 22:57:12,刺网
754,29.94436111111111,122.31133333333332,0.0,0.0,2019-03-07 23:07:12,刺网
754,29.944388888888888,122.31133333333332,0.0,0.0,2019-03-07 23:17:12,刺网
754,29.94436111111111,122.31138888888887,0.0,0.0,2019-03-07 23:27:12,刺网
754,29.944388888888888,122.31141666666666,0.0,0.0,2019-03-07 23:37:12,刺网
754,29.94441666666667,122.31141666666666,0.0,0.0,2019-03-07 23:47:12,刺网
754,29.94441666666667,122.31141666666666,0.0,0.0,2019-03-07 23:57:12,刺网
754,29.94436111111111,122.31138888888887,0.0,0.0,2019-03-08 00:07:12,刺网
754,29.94436111111111,122.31138888888887,0.0,0.0,2019-03-08 00:17:12,刺网
754,29.94436111111111,122.31136111111107,0.0,0.0,2019-03-08 00:27:11,刺网
754,29.94436111111111,122.31138888888887,0.0,0.0,2019-03-08 00:37:11,刺网
754,29.94436111111111,122.31141666666666,0.1,0.0,2019-03-08 00:47:11,刺网
754,29.94436111111111,122.31133333333332,0.0,0.0,2019-03-08 00:57:11,刺网
754,29.94436111111111,122.31147222222219,0.0,0.0,2019-03-08 01:07:11,刺网
754,29.944305555555548,122.31141666666666,0.1,0.0,2019-03-08 01:17:11,刺网
754,29.944388888888888,122.31125,0.1,0.0,2019-03-08 01:27:11,刺网
754,29.94433333333333,122.31133333333332,0.0,0.0,2019-03-08 01:37:11,刺网
754,29.94441666666667,122.31144444444445,0.1,0.0,2019-03-08 01:47:11,刺网
754,29.94436111111111,122.31141666666666,0.3,0.0,2019-03-08 01:57:11,刺网
754,29.94436111111111,122.31138888888887,0.0,0.0,2019-03-08 02:07:40,刺网
754,29.94436111111111,122.31138888888887,0.0,0.0,2019-03-08 02:17:11,刺网
754,29.94436111111111,122.31138888888887,0.0,0.0,2019-03-08 02:27:11,刺网
754,29.944305555555548,122.31136111111107,0.0,0.0,2019-03-08 02:37:11,刺网
754,29.944388888888888,122.31138888888887,0.0,0.0,2019-03-08 02:47:11,刺网
754,29.94436111111111,122.31138888888887,0.0,0.0,2019-03-08 02:57:11,刺网
754,29.944388888888888,122.31133333333332,0.0,0.0,2019-03-08 03:07:11,刺网
754,29.94436111111111,122.31136111111107,0.0,0.0,2019-03-08 03:17:11,刺网
754,29.94433333333333,122.31138888888887,0.0,0.0,2019-03-08 03:27:11,刺网
754,29.94433333333333,122.31133333333332,0.0,0.0,2019-03-08 03:37:11,刺网
754,29.944277777777767,122.31141666666666,0.0,0.0,2019-03-08 03:47:11,刺网
754,29.94433333333333,122.31138888888887,0.0,0.0,2019-03-08 03:57:11,刺网
754,29.94436111111111,122.31141666666666,0.0,0.0,2019-03-08 04:07:11,刺网
754,29.94425,122.31144444444445,0.0,0.0,2019-03-08 04:17:11,刺网
754,29.94436111111111,122.31141666666666,0.0,0.0,2019-03-08 04:27:11,刺网
754,29.94436111111111,122.31133333333332,0.0,0.0,2019-03-08 04:37:11,刺网
754,29.94433333333333,122.31138888888887,0.0,0.0,2019-03-08 04:47:11,刺网
754,29.94444444444445,122.31136111111107,0.0,0.0,2019-03-08 04:57:11,刺网
754,29.944305555555548,122.31138888888887,0.0,0.0,2019-03-08 05:07:11,刺网
754,29.94444444444445,122.31130555555555,0.1,0.0,2019-03-08 05:17:11,刺网
754,29.94444444444445,122.31130555555555,0.0,0.0,2019-03-08 05:27:11,刺网
754,29.94444444444445,122.31133333333332,0.0,0.0,2019-03-08 05:37:11,刺网
754,29.944305555555548,122.31136111111107,0.1,0.0,2019-03-08 05:47:11,刺网
754,29.944472222222235,122.3112777777778,0.0,0.0,2019-03-08 05:57:11,刺网
754,29.94444444444445,122.31133333333332,0.0,0.0,2019-03-08 06:07:40,刺网
754,29.94436111111111,122.31133333333332,0.0,0.0,2019-03-08 06:17:11,刺网
754,29.944388888888888,122.3112777777778,0.0,0.0,2019-03-08 06:27:11,刺网
754,29.944277777777767,122.31133333333332,0.0,0.0,2019-03-08 06:37:10,刺网
754,29.944388888888888,122.31125,0.1,0.0,2019-03-08 06:47:10,刺网
754,29.94441666666667,122.31125,0.0,0.0,2019-03-08 06:57:10,刺网
754,29.944388888888888,122.3112222222222,0.1,0.0,2019-03-08 07:07:10,刺网
754,29.94433333333333,122.31130555555555,0.0,0.0,2019-03-08 07:17:10,刺网
754,29.94441666666667,122.3112777777778,0.0,0.0,2019-03-08 07:27:11,刺网
754,29.944277777777767,122.31130555555555,0.0,0.0,2019-03-08 07:37:10,刺网
754,29.944388888888888,122.3112777777778,0.1,0.0,2019-03-08 07:47:10,刺网
754,29.94441666666667,122.3112777777778,0.0,0.0,2019-03-08 07:57:10,刺网
754,29.94433333333333,122.31133333333332,0.2,0.0,2019-03-08 08:07:10,刺网
754,29.94436111111111,122.31133333333332,0.2,0.0,2019-03-08 08:17:10,刺网
754,29.944027777777766,122.31158333333332,0.6,144.0,2019-03-08 08:27:13,刺网
754,29.944388888888888,122.3112222222222,0.0,0.0,2019-03-08 08:37:38,刺网
754,29.94441666666667,122.3112222222222,0.0,0.0,2019-03-08 08:47:10,刺网
754,29.944388888888888,122.3112222222222,0.0,0.0,2019-03-08 08:57:10,刺网
754,29.94441666666667,122.3112222222222,0.0,0.0,2019-03-08 09:07:10,刺网
754,29.944388888888888,122.31119444444445,0.0,0.0,2019-03-08 09:17:10,刺网
754,29.94441666666667,122.31119444444445,0.0,0.0,2019-03-08 09:27:10,刺网
754,29.94441666666667,122.31125,0.0,0.0,2019-03-08 09:37:10,刺网
754,29.94444444444445,122.31125,0.0,0.0,2019-03-08 09:47:10,刺网
754,29.944388888888888,122.3112222222222,0.0,0.0,2019-03-08 09:57:10,刺网
754,29.94436111111111,122.3112222222222,0.0,0.0,2019-03-08 10:07:10,刺网
754,29.94433333333333,122.31125,0.0,0.0,2019-03-08 10:17:10,刺网
754,29.94433333333333,122.3112222222222,0.0,0.0,2019-03-08 10:27:10,刺网
754,29.944388888888888,122.3112777777778,0.0,0.0,2019-03-08 10:37:10,刺网
754,29.94436111111111,122.31130555555555,0.0,0.0,2019-03-08 10:47:10,刺网
754,29.94436111111111,122.3112222222222,0.0,0.0,2019-03-08 10:57:10,刺网
754,29.94436111111111,122.3112222222222,0.0,0.0,2019-03-08 11:07:10,刺网
754,29.944388888888888,122.3112222222222,0.1,0.0,2019-03-08 11:17:10,刺网
754,29.944388888888888,122.31116666666668,0.1,0.0,2019-03-08 11:27:10,刺网
754,29.94433333333333,122.31116666666668,0.0,0.0,2019-03-08 11:37:10,刺网
754,29.944388888888888,122.31125,0.0,0.0,2019-03-08 11:47:10,刺网
754,29.94436111111111,122.3112777777778,0.0,0.0,2019-03-08 11:57:09,刺网
754,29.94433333333333,122.3112777777778,0.0,0.0,2019-03-08 12:07:40,刺网
754,29.94433333333333,122.31133333333332,0.1,0.0,2019-03-08 12:17:09,刺网
754,29.944305555555548,122.31130555555555,0.1,0.0,2019-03-08 12:27:09,刺网
754,29.94433333333333,122.31130555555555,0.0,0.0,2019-03-08 12:37:09,刺网
754,29.94436111111111,122.31141666666666,0.2,0.0,2019-03-08 12:47:09,刺网
754,29.94436111111111,122.31138888888887,0.4,0.0,2019-03-08 12:57:09,刺网
754,29.94436111111111,122.31136111111107,0.3,329.0,2019-03-08 13:07:09,刺网
754,29.94441666666667,122.31133333333332,0.2,0.0,2019-03-08 13:17:09,刺网
754,29.94441666666667,122.31133333333332,0.0,0.0,2019-03-08 13:27:09,刺网
754,29.944388888888888,122.31136111111107,0.0,0.0,2019-03-08 13:37:09,刺网
754,29.94425,122.31133333333332,0.3,0.0,2019-03-08 13:47:09,刺网
754,29.944472222222235,122.31133333333332,0.2,0.0,2019-03-08 13:57:09,刺网
754,29.944305555555548,122.31130555555555,0.2,0.0,2019-03-08 14:07:09,刺网
754,29.94386111111111,122.31119444444445,0.0,0.0,2019-03-08 14:17:11,刺网
754,29.944388888888888,122.31133333333332,0.0,0.0,2019-03-08 14:27:41,刺网
754,29.944388888888888,122.31136111111107,0.0,0.0,2019-03-08 14:37:09,刺网
754,29.94433333333333,122.31133333333332,0.0,0.0,2019-03-08 14:47:09,刺网
754,29.944277777777767,122.31133333333332,0.0,0.0,2019-03-08 14:57:09,刺网
754,29.94441666666667,122.31130555555555,0.0,0.0,2019-03-08 15:07:09,刺网
754,29.944388888888888,122.31133333333332,0.0,0.0,2019-03-08 15:17:09,刺网
754,29.94436111111111,122.31133333333332,0.0,0.0,2019-03-08 15:27:09,刺网
754,29.94436111111111,122.31133333333332,0.0,0.0,2019-03-08 15:37:09,刺网
754,29.94436111111111,122.31136111111107,0.0,0.0,2019-03-08 15:47:09,刺网
754,29.94433333333333,122.31138888888887,0.0,0.0,2019-03-08 15:57:09,刺网
754,29.94436111111111,122.31136111111107,0.0,0.0,2019-03-08 16:07:09,刺网
754,29.944305555555548,122.31136111111107,0.3,0.0,2019-03-08 16:17:09,刺网
754,29.944277777777767,122.31136111111107,0.0,0.0,2019-03-08 16:27:09,刺网
754,29.94425,122.31133333333332,0.2,0.0,2019-03-08 16:37:09,刺网
754,29.944277777777767,122.31133333333332,0.0,0.0,2019-03-08 16:47:09,刺网
754,29.94436111111111,122.31130555555555,0.1,0.0,2019-03-08 16:57:09,刺网
754,29.94441666666667,122.31133333333332,0.1,0.0,2019-03-08 17:07:08,刺网
754,29.944305555555548,122.31136111111107,0.1,0.0,2019-03-08 17:17:08,刺网
754,29.94436111111111,122.31133333333332,0.1,0.0,2019-03-08 17:27:08,刺网
754,29.94441666666667,122.3112777777778,0.1,0.0,2019-03-08 17:37:08,刺网
754,29.94441666666667,122.31136111111107,0.0,0.0,2019-03-08 17:47:08,刺网
754,29.944305555555548,122.31136111111107,0.1,0.0,2019-03-08 17:57:08,刺网
754,29.944388888888888,122.3112777777778,0.0,0.0,2019-03-08 18:07:40,刺网
754,29.94441666666667,122.31125,0.0,0.0,2019-03-08 18:17:08,刺网
754,29.944472222222235,122.3112777777778,0.0,0.0,2019-03-08 18:27:08,刺网
754,29.94444444444445,122.31130555555555,0.0,0.0,2019-03-08 18:37:08,刺网
754,29.944472222222235,122.31136111111107,0.0,0.0,2019-03-08 18:47:08,刺网
754,29.94441666666667,122.31125,0.0,0.0,2019-03-08 18:57:08,刺网
754,29.94444444444445,122.31136111111107,0.0,0.0,2019-03-08 19:07:08,刺网
754,29.944388888888888,122.31133333333332,0.0,0.0,2019-03-08 19:17:08,刺网
754,29.94436111111111,122.31133333333332,0.0,0.0,2019-03-08 19:27:08,刺网
754,29.944388888888888,122.31130555555555,0.0,0.0,2019-03-08 19:37:08,刺网
754,29.94444444444445,122.31130555555555,0.0,0.0,2019-03-08 19:47:08,刺网
754,29.94441666666667,122.31133333333332,0.0,0.0,2019-03-08 19:57:08,刺网
754,29.944388888888888,122.31136111111107,0.0,0.0,2019-03-08 20:07:08,刺网
754,29.944388888888888,122.31136111111107,0.0,0.0,2019-03-08 20:17:08,刺网
754,29.94444444444445,122.31133333333332,0.0,0.0,2019-03-08 20:27:08,刺网
754,29.94441666666667,122.31130555555555,0.0,0.0,2019-03-08 20:37:08,刺网
754,29.944388888888888,122.31133333333332,0.0,0.0,2019-03-08 20:47:08,刺网
754,29.94441666666667,122.31136111111107,0.0,0.0,2019-03-08 20:57:08,刺网
754,29.9445,122.3112222222222,0.1,0.0,2019-03-08 21:07:08,刺网
754,29.94444444444445,122.3112222222222,0.3,0.0,2019-03-08 21:17:08,刺网
754,29.94433333333333,122.31147222222219,0.3,0.0,2019-03-08 21:27:08,刺网
754,29.944388888888888,122.31133333333332,0.2,0.0,2019-03-08 21:37:08,刺网
754,29.944388888888888,122.31138888888887,0.2,0.0,2019-03-08 21:47:08,刺网
754,29.94441666666667,122.31130555555555,0.3,0.0,2019-03-08 21:57:08,刺网
754,29.944388888888888,122.31133333333332,0.0,0.0,2019-03-08 22:07:35,刺网
754,29.94433333333333,122.31136111111107,0.0,0.0,2019-03-08 22:17:08,刺网
754,29.94433333333333,122.31133333333332,0.0,0.0,2019-03-08 22:27:08,刺网
754,29.944555555555556,122.31130555555555,0.0,0.0,2019-03-08 22:37:07,刺网
754,29.944277777777767,122.31105555555555,0.1,0.0,2019-03-08 22:47:07,刺网
754,29.94469444444445,122.31133333333332,0.0,0.0,2019-03-08 22:57:10,刺网
754,29.944222222222226,122.31113888888888,0.6,0.0,2019-03-08 23:07:07,刺网
754,29.944388888888888,122.3112777777778,0.0,0.0,2019-03-08 23:17:41,刺网
754,29.944388888888888,122.31125,0.0,0.0,2019-03-08 23:27:07,刺网
754,29.944388888888888,122.3112777777778,0.0,0.0,2019-03-08 23:37:07,刺网
754,29.944388888888888,122.31130555555555,0.0,0.0,2019-03-08 23:47:07,刺网
754,29.94433333333333,122.3112222222222,0.0,0.0,2019-03-08 23:57:07,刺网
754,29.94433333333333,122.31125,0.0,0.0,2019-03-09 00:07:07,刺网
754,29.944305555555548,122.31130555555555,0.0,0.0,2019-03-09 00:17:07,刺网
754,29.944388888888888,122.31141666666666,0.0,0.0,2019-03-09 00:27:07,刺网
754,29.944305555555548,122.31138888888887,0.0,0.0,2019-03-09 00:37:07,刺网
754,29.944388888888888,122.31141666666666,0.0,0.0,2019-03-09 00:47:07,刺网
754,29.94441666666667,122.31147222222219,0.1,0.0,2019-03-09 00:57:07,刺网
754,29.944388888888888,122.31141666666666,0.0,0.0,2019-03-09 01:07:07,刺网
754,29.94433333333333,122.31141666666666,0.0,0.0,2019-03-09 01:17:07,刺网
754,29.944305555555548,122.31136111111107,0.0,0.0,2019-03-09 01:27:07,刺网
754,29.944305555555548,122.31136111111107,0.1,0.0,2019-03-09 01:37:07,刺网
754,29.94441666666667,122.31136111111107,0.1,0.0,2019-03-09 01:47:07,刺网
754,29.944388888888888,122.31133333333332,0.1,0.0,2019-03-09 01:57:07,刺网
754,29.94433333333333,122.31133333333332,0.0,0.0,2019-03-09 02:07:35,刺网
754,29.94433333333333,122.31133333333332,0.0,0.0,2019-03-09 02:17:07,刺网
754,29.944305555555548,122.31136111111107,0.0,0.0,2019-03-09 02:27:07,刺网
754,29.94433333333333,122.31136111111107,0.0,0.0,2019-03-09 02:37:07,刺网
754,29.94433333333333,122.31133333333332,0.0,0.0,2019-03-09 02:47:07,刺网
754,29.94433333333333,122.31133333333332,0.0,0.0,2019-03-09 02:57:07,刺网
754,29.94436111111111,122.3112777777778,0.0,0.0,2019-03-09 03:07:07,刺网
754,29.944388888888888,122.31133333333332,0.0,0.0,2019-03-09 03:17:07,刺网
754,29.944305555555548,122.3112777777778,0.0,0.0,2019-03-09 03:27:07,刺网
754,29.94433333333333,122.31133333333332,0.0,0.0,2019-03-09 03:37:07,刺网
754,29.944305555555548,122.31136111111107,0.0,0.0,2019-03-09 03:47:07,刺网
754,29.94433333333333,122.31130555555555,0.0,0.0,2019-03-09 03:57:07,刺网
754,29.944277777777767,122.31130555555555,0.0,0.0,2019-03-09 04:07:07,刺网
754,29.944277777777767,122.31130555555555,0.0,0.0,2019-03-09 04:17:06,刺网
754,29.944305555555548,122.31133333333332,0.0,0.0,2019-03-09 04:27:06,刺网
754,29.944305555555548,122.31133333333332,0.0,0.0,2019-03-09 04:37:06,刺网
754,29.94444444444445,122.31130555555555,0.2,0.0,2019-03-09 04:47:06,刺网
754,29.9445,122.3112777777778,0.1,0.0,2019-03-09 04:57:06,刺网
754,29.94436111111111,122.3112777777778,0.1,0.0,2019-03-09 05:07:06,刺网
754,29.94436111111111,122.31130555555555,0.1,0.0,2019-03-09 05:17:08,刺网
754,29.94433333333333,122.31133333333332,0.0,0.0,2019-03-09 05:27:35,刺网
754,29.94436111111111,122.31133333333332,0.0,0.0,2019-03-09 05:37:06,刺网
754,29.94433333333333,122.31136111111107,0.0,0.0,2019-03-09 05:47:06,刺网
754,29.94433333333333,122.31133333333332,0.0,0.0,2019-03-09 05:57:06,刺网
754,29.94436111111111,122.31133333333332,0.0,0.0,2019-03-09 06:07:06,刺网
754,29.94441666666667,122.31136111111107,0.0,0.0,2019-03-09 06:17:06,刺网
754,29.944388888888888,122.3112777777778,0.0,0.0,2019-03-09 06:27:06,刺网
754,29.944388888888888,122.3112222222222,0.0,0.0,2019-03-09 06:37:06,刺网
754,29.94436111111111,122.31125,0.0,0.0,2019-03-09 06:47:06,刺网
754,29.944472222222235,122.31119444444445,0.0,0.0,2019-03-09 06:57:06,刺网
754,29.94444444444445,122.31130555555555,0.0,0.0,2019-03-09 07:07:06,刺网
754,29.94444444444445,122.31144444444445,0.0,0.0,2019-03-09 07:17:06,刺网
754,29.944194444444445,122.31155555555556,0.3,145.0,2019-03-09 07:27:06,刺网
754,29.94444444444445,122.31130555555555,0.0,0.0,2019-03-09 07:37:35,刺网
754,29.94441666666667,122.31133333333332,0.0,0.0,2019-03-09 07:47:06,刺网
754,29.94441666666667,122.31136111111107,0.0,0.0,2019-03-09 07:57:06,刺网
754,29.944388888888888,122.31130555555555,0.0,0.0,2019-03-09 08:07:06,刺网
754,29.944388888888888,122.31133333333332,0.0,0.0,2019-03-09 08:17:06,刺网
754,29.94444444444445,122.31130555555555,0.0,0.0,2019-03-09 08:27:06,刺网
754,29.94441666666667,122.3112777777778,0.0,0.0,2019-03-09 08:37:06,刺网
754,29.94444444444445,122.31133333333332,0.0,0.0,2019-03-09 08:47:06,刺网
754,29.94441666666667,122.31133333333332,0.0,0.0,2019-03-09 08:57:06,刺网
754,29.94441666666667,122.31133333333332,0.0,0.0,2019-03-09 09:07:05,刺网
754,29.94441666666667,122.31133333333332,0.0,0.0,2019-03-09 09:17:05,刺网
754,29.944388888888888,122.3112777777778,0.0,0.0,2019-03-09 09:27:05,刺网
754,29.94444444444445,122.31113888888888,0.0,0.0,2019-03-09 09:37:05,刺网
754,29.94441666666667,122.31125,0.1,0.0,2019-03-09 09:47:05,刺网
754,29.94444444444445,122.31130555555555,0.2,0.0,2019-03-09 09:57:05,刺网
754,29.94444444444445,122.31130555555555,0.0,0.0,2019-03-09 10:07:35,刺网
754,29.94444444444445,122.31133333333332,0.0,0.0,2019-03-09 10:17:05,刺网
754,29.944388888888888,122.31133333333332,0.0,0.0,2019-03-09 10:27:05,刺网
754,29.94441666666667,122.31133333333332,0.0,0.0,2019-03-09 10:37:05,刺网
754,29.944388888888888,122.31133333333332,0.0,0.0,2019-03-09 10:47:05,刺网
754,29.94444444444445,122.3112777777778,0.1,0.0,2019-03-09 10:57:05,刺网
754,29.94444444444445,122.3112777777778,0.1,0.0,2019-03-09 11:07:05,刺网
754,29.94444444444445,122.31125,0.1,0.0,2019-03-09 11:17:05,刺网
754,29.94441666666667,122.31125,0.1,0.0,2019-03-09 11:27:05,刺网
754,29.94444444444445,122.31130555555555,0.0,0.0,2019-03-09 11:37:05,刺网
754,29.94441666666667,122.31125,0.0,0.0,2019-03-09 11:47:05,刺网
754,29.94444444444445,122.3112222222222,0.1,0.0,2019-03-09 11:57:04,刺网
754,29.944305555555548,122.31125,0.1,0.0,2019-03-09 12:07:05,刺网
754,29.94436111111111,122.3112222222222,0.1,0.0,2019-03-09 12:17:04,刺网
754,29.944305555555548,122.3112777777778,0.1,0.0,2019-03-09 12:27:05,刺网
754,29.94433333333333,122.31108333333331,0.2,0.0,2019-03-09 12:37:05,刺网
754,29.94436111111111,122.3112777777778,0.1,0.0,2019-03-09 12:47:05,刺网
754,29.944388888888888,122.31119444444445,0.3,0.0,2019-03-09 12:57:04,刺网
754,29.944388888888888,122.31133333333332,0.1,0.0,2019-03-09 13:07:04,刺网
754,29.94441666666667,122.31125,0.0,0.0,2019-03-09 13:17:04,刺网
754,29.944388888888888,122.3112777777778,0.1,0.0,2019-03-09 13:27:04,刺网
754,29.944277777777767,122.31130555555555,0.1,0.0,2019-03-09 13:37:05,刺网
754,29.94436111111111,122.31141666666666,0.1,0.0,2019-03-09 13:47:04,刺网
754,29.944388888888888,122.3115,0.2,0.0,2019-03-09 13:57:04,刺网
754,29.94436111111111,122.31133333333332,0.0,0.0,2019-03-09 14:07:35,刺网
754,29.944388888888888,122.31130555555555,0.0,0.0,2019-03-09 14:17:05,刺网
754,29.94433333333333,122.31125,0.0,0.0,2019-03-09 14:27:04,刺网
754,29.94436111111111,122.31125,0.0,0.0,2019-03-09 14:37:04,刺网
754,29.94436111111111,122.31133333333332,0.0,0.0,2019-03-09 14:47:04,刺网
754,29.94433333333333,122.31130555555555,0.0,0.0,2019-03-09 14:57:04,刺网
754,29.94433333333333,122.31125,0.0,0.0,2019-03-09 15:07:03,刺网
754,29.944472222222235,122.3112777777778,0.0,0.0,2019-03-09 15:17:03,刺网
754,29.94436111111111,122.3112777777778,0.0,0.0,2019-03-09 15:27:03,刺网
754,29.944305555555548,122.31133333333332,0.0,0.0,2019-03-09 15:37:03,刺网
754,29.944277777777767,122.31133333333332,0.0,0.0,2019-03-09 15:47:03,刺网
754,29.944305555555548,122.31130555555555,0.0,0.0,2019-03-09 15:57:03,刺网
754,29.94433333333333,122.31130555555555,0.0,0.0,2019-03-09 16:07:03,刺网
754,29.944194444444445,122.31133333333332,0.0,0.0,2019-03-09 16:17:03,刺网
754,29.944277777777767,122.31130555555555,0.1,0.0,2019-03-09 16:27:03,刺网
754,29.944305555555548,122.31130555555555,0.1,0.0,2019-03-09 16:37:03,刺网
754,29.944222222222226,122.31130555555555,0.1,0.0,2019-03-09 16:47:03,刺网
754,29.94433333333333,122.3112777777778,0.1,0.0,2019-03-09 16:57:03,刺网
754,29.944388888888888,122.31125,0.1,0.0,2019-03-09 17:07:03,刺网
754,29.944277777777767,122.31133333333332,0.0,0.0,2019-03-09 17:27:03,刺网
754,29.94433333333333,122.3112777777778,0.1,0.0,2019-03-09 17:37:03,刺网
754,29.94441666666667,122.3112777777778,0.1,0.0,2019-03-09 17:47:03,刺网
754,29.944388888888888,122.31130555555555,0.1,0.0,2019-03-09 17:57:06,刺网
754,29.94433333333333,122.3112777777778,0.0,0.0,2019-03-09 18:07:35,刺网
754,29.94433333333333,122.31130555555555,0.0,0.0,2019-03-09 18:17:03,刺网
754,29.94436111111111,122.31130555555555,0.0,0.0,2019-03-09 18:27:03,刺网
754,29.944305555555548,122.31133333333332,0.0,0.0,2019-03-09 18:37:03,刺网
754,29.944388888888888,122.31133333333332,0.0,0.0,2019-03-09 18:47:03,刺网
754,29.944388888888888,122.31133333333332,0.0,0.0,2019-03-09 18:57:03,刺网
754,29.94441666666667,122.31138888888887,0.0,0.0,2019-03-09 19:07:03,刺网
754,29.944472222222235,122.31133333333332,0.0,0.0,2019-03-09 19:17:03,刺网
754,29.94444444444445,122.31130555555555,0.0,0.0,2019-03-09 19:27:03,刺网
754,29.94441666666667,122.31133333333332,0.0,0.0,2019-03-09 19:37:03,刺网
754,29.944388888888888,122.31133333333332,0.0,0.0,2019-03-09 19:47:03,刺网
754,29.94441666666667,122.31136111111107,0.0,0.0,2019-03-09 19:57:03,刺网
754,29.94444444444445,122.31130555555555,0.0,0.0,2019-03-09 20:07:03,刺网
754,29.94444444444445,122.31130555555555,0.0,0.0,2019-03-09 20:17:03,刺网
754,29.944472222222235,122.31130555555555,0.0,0.0,2019-03-09 20:27:02,刺网
754,29.944472222222235,122.3112777777778,0.0,0.0,2019-03-09 20:37:02,刺网
754,29.9445,122.3112777777778,0.0,0.0,2019-03-09 20:47:02,刺网
754,29.944472222222235,122.3112777777778,0.0,0.0,2019-03-09 20:57:02,刺网
754,29.944472222222235,122.3112777777778,0.0,0.0,2019-03-09 21:07:02,刺网
754,29.944472222222235,122.31130555555555,0.0,0.0,2019-03-09 21:17:02,刺网
754,29.944472222222235,122.31136111111107,0.0,0.0,2019-03-09 21:27:02,刺网
754,29.944472222222235,122.31130555555555,0.1,0.0,2019-03-09 21:37:02,刺网
754,29.9445,122.31105555555555,0.3,0.0,2019-03-09 21:47:02,刺网
754,29.94444444444445,122.31144444444445,0.2,0.0,2019-03-09 21:57:02,刺网
754,29.944472222222235,122.3112777777778,0.0,0.0,2019-03-09 22:07:35,刺网
754,29.94444444444445,122.3112777777778,0.0,0.0,2019-03-09 22:17:02,刺网
754,29.94444444444445,122.31125,0.0,0.0,2019-03-09 22:27:02,刺网
754,29.94444444444445,122.31130555555555,0.0,0.0,2019-03-09 22:37:02,刺网
754,29.94441666666667,122.31125,0.0,0.0,2019-03-09 22:47:02,刺网
754,29.94444444444445,122.31125,0.0,0.0,2019-03-09 22:57:02,刺网
754,29.94441666666667,122.31130555555555,0.0,0.0,2019-03-09 23:07:02,刺网
754,29.944472222222235,122.31133333333332,0.0,0.0,2019-03-09 23:17:02,刺网
754,29.944388888888888,122.31125,0.0,0.0,2019-03-09 23:27:02,刺网
754,29.94441666666667,122.3112777777778,0.0,0.0,2019-03-09 23:37:02,刺网
754,29.94444444444445,122.3112777777778,0.0,0.0,2019-03-09 23:47:02,刺网
754,29.94433333333333,122.31113888888888,0.2,0.0,2019-03-09 23:57:02,刺网
754,29.94433333333333,122.31130555555555,0.1,0.0,2019-03-10 00:07:02,刺网
754,29.94433333333333,122.31125,0.1,0.0,2019-03-10 00:17:02,刺网
754,29.94433333333333,122.31119444444445,0.0,0.0,2019-03-10 00:27:02,刺网
754,29.94436111111111,122.31138888888887,0.1,0.0,2019-03-10 00:37:02,刺网
754,29.944305555555548,122.31125,0.0,0.0,2019-03-10 00:47:02,刺网
754,29.94433333333333,122.31144444444445,0.0,0.0,2019-03-10 00:57:02,刺网
754,29.94436111111111,122.31130555555555,0.0,0.0,2019-03-10 01:07:02,刺网
754,29.944305555555548,122.31141666666666,0.2,0.0,2019-03-10 01:17:02,刺网
754,29.94436111111111,122.31130555555555,0.0,0.0,2019-03-10 01:27:02,刺网
754,29.94436111111111,122.31138888888887,0.1,0.0,2019-03-10 01:37:02,刺网
754,29.94433333333333,122.3112777777778,0.0,0.0,2019-03-10 01:47:02,刺网
754,29.94433333333333,122.31130555555555,0.2,0.0,2019-03-10 01:57:01,刺网
754,29.94433333333333,122.31133333333332,0.0,0.0,2019-03-10 02:07:34,刺网
754,29.944388888888888,122.31133333333332,0.0,0.0,2019-03-10 02:17:01,刺网
754,29.94436111111111,122.31133333333332,0.0,0.0,2019-03-10 02:27:01,刺网
754,29.944305555555548,122.31130555555555,0.0,0.0,2019-03-10 02:37:01,刺网
754,29.944305555555548,122.3112777777778,0.0,0.0,2019-03-10 02:47:01,刺网
754,29.94433333333333,122.31125,0.0,0.0,2019-03-10 02:57:01,刺网
754,29.94436111111111,122.31130555555555,0.0,0.0,2019-03-10 03:07:01,刺网
754,29.944305555555548,122.3112777777778,0.0,0.0,2019-03-10 03:17:01,刺网
754,29.944305555555548,122.31133333333332,0.0,0.0,2019-03-10 03:27:01,刺网
754,29.944305555555548,122.31130555555555,0.0,0.0,2019-03-10 03:37:01,刺网
754,29.944388888888888,122.3112777777778,0.0,0.0,2019-03-10 03:47:01,刺网
754,29.94433333333333,122.31133333333332,0.0,0.0,2019-03-10 03:57:01,刺网
754,29.944777777777766,122.31102777777778,0.1,0.0,2019-03-10 04:07:03,刺网
754,29.944277777777767,122.31130555555555,0.0,0.0,2019-03-10 04:17:01,刺网
754,29.94433333333333,122.3112777777778,0.0,0.0,2019-03-10 04:27:01,刺网
754,29.944277777777767,122.3112777777778,0.0,0.0,2019-03-10 04:37:01,刺网
754,29.944277777777767,122.31130555555555,0.1,0.0,2019-03-10 04:47:01,刺网
754,29.944388888888888,122.3112777777778,0.0,0.0,2019-03-10 04:57:01,刺网
754,29.944277777777767,122.31130555555555,0.0,0.0,2019-03-10 05:07:01,刺网
754,29.94436111111111,122.31133333333332,0.1,0.0,2019-03-10 05:17:01,刺网
754,29.944305555555548,122.31130555555555,0.0,0.0,2019-03-10 05:27:01,刺网
754,29.94436111111111,122.31133333333332,0.0,0.0,2019-03-10 05:37:01,刺网
754,29.944305555555548,122.31133333333332,0.1,0.0,2019-03-10 05:47:01,刺网
754,29.94433333333333,122.31130555555555,0.0,0.0,2019-03-10 05:57:01,刺网
754,29.944277777777767,122.3112777777778,0.0,0.0,2019-03-10 06:07:34,刺网
754,29.94433333333333,122.31133333333332,0.0,0.0,2019-03-10 06:17:01,刺网
754,29.94433333333333,122.31130555555555,0.0,0.0,2019-03-10 06:27:01,刺网
754,29.944277777777767,122.3112777777778,0.0,0.0,2019-03-10 06:37:01,刺网
754,29.94433333333333,122.31130555555555,0.0,0.0,2019-03-10 06:47:01,刺网
754,29.94433333333333,122.31130555555555,0.1,0.0,2019-03-10 06:57:01,刺网
754,29.94436111111111,122.31130555555555,0.0,0.0,2019-03-10 07:07:01,刺网
754,29.94444444444445,122.3112777777778,0.0,0.0,2019-03-10 07:17:01,刺网
754,29.94444444444445,122.31130555555555,0.0,0.0,2019-03-10 07:27:01,刺网
754,29.94444444444445,122.31130555555555,0.0,0.0,2019-03-10 07:37:00,刺网
754,29.94441666666667,122.31130555555555,0.0,0.0,2019-03-10 07:47:00,刺网
754,29.9445,122.31130555555555,0.0,0.0,2019-03-10 07:57:00,刺网
754,29.944472222222235,122.3112777777778,0.0,0.0,2019-03-10 08:07:00,刺网
754,29.94436111111111,122.3112777777778,0.0,0.0,2019-03-10 08:17:00,刺网
754,29.94436111111111,122.3112777777778,0.0,0.0,2019-03-10 08:27:00,刺网
754,29.944388888888888,122.31125,0.0,0.0,2019-03-10 08:37:01,刺网
754,29.944138888888887,122.3112777777778,0.1,0.0,2019-03-10 08:47:02,刺网
754,29.94433333333333,122.31116666666668,0.1,0.0,2019-03-10 08:57:00,刺网
754,29.944277777777767,122.31119444444445,0.4,0.0,2019-03-10 09:07:00,刺网
754,29.944277777777767,122.31130555555555,0.4,0.0,2019-03-10 09:17:00,刺网
754,29.944305555555548,122.31119444444445,0.1,0.0,2019-03-10 09:27:28,刺网
754,29.94436111111111,122.31125,0.0,0.0,2019-03-10 09:37:00,刺网
754,29.94441666666667,122.31130555555555,0.0,0.0,2019-03-10 09:47:00,刺网
754,29.94441666666667,122.31130555555555,0.0,0.0,2019-03-10 09:57:00,刺网
754,29.9445,122.31125,0.0,0.0,2019-03-10 10:07:00,刺网
754,29.94461111111111,122.31144444444445,0.0,0.0,2019-03-10 10:17:00,刺网
754,29.94463888888889,122.31144444444445,0.1,0.0,2019-03-10 10:27:00,刺网
754,29.94461111111111,122.31144444444445,0.1,0.0,2019-03-10 10:37:00,刺网
754,29.94458333333333,122.31144444444445,0.1,0.0,2019-03-10 10:47:00,刺网
754,29.94461111111111,122.3112777777778,0.0,0.0,2019-03-10 10:57:00,刺网
754,29.94458333333333,122.31130555555555,0.1,0.0,2019-03-10 11:07:00,刺网
754,29.94458333333333,122.31133333333332,0.0,0.0,2019-03-10 11:17:00,刺网
754,29.944555555555556,122.31138888888887,0.0,0.0,2019-03-10 11:27:00,刺网
754,29.944555555555556,122.31138888888887,0.2,0.0,2019-03-10 11:37:00,刺网
754,29.944527777777786,122.31147222222219,0.1,0.0,2019-03-10 11:47:00,刺网
754,29.944555555555556,122.31136111111107,0.2,0.0,2019-03-10 11:57:00,刺网
754,29.9445,122.31138888888887,0.0,0.0,2019-03-10 12:07:27,刺网
754,29.944472222222235,122.31138888888887,0.1,0.0,2019-03-10 12:17:00,刺网
754,29.94444444444445,122.31136111111107,0.0,0.0,2019-03-10 12:27:00,刺网
754,29.94436111111111,122.31138888888887,0.0,0.0,2019-03-10 12:37:00,刺网
754,29.94441666666667,122.31136111111107,0.1,0.0,2019-03-10 12:46:59,刺网
754,29.94441666666667,122.31136111111107,0.1,0.0,2019-03-10 12:56:59,刺网
754,29.944472222222235,122.31138888888887,0.0,0.0,2019-03-10 13:06:59,刺网
754,29.9445,122.31138888888887,0.1,0.0,2019-03-10 13:16:59,刺网
754,29.94441666666667,122.31141666666666,0.1,0.0,2019-03-10 13:26:59,刺网
754,29.944222222222226,122.31147222222219,0.2,0.0,2019-03-10 13:36:59,刺网
754,29.944277777777767,122.31141666666666,0.0,0.0,2019-03-10 13:46:59,刺网
754,29.944388888888888,122.31141666666666,0.2,0.0,2019-03-10 13:56:59,刺网
754,29.944305555555548,122.31152777777777,0.2,0.0,2019-03-10 14:06:59,刺网
754,29.944222222222226,122.31158333333332,0.3,317.0,2019-03-10 14:17:28,刺网
754,29.944222222222226,122.31166666666668,0.1,0.0,2019-03-10 14:26:59,刺网
754,29.944222222222226,122.31180555555555,0.0,0.0,2019-03-10 14:46:59,刺网
754,29.944222222222226,122.31180555555555,0.1,0.0,2019-03-10 14:56:59,刺网
754,29.944222222222226,122.3117777777778,0.0,0.0,2019-03-10 15:06:59,刺网
754,29.94425,122.31180555555555,0.0,0.0,2019-03-10 15:16:59,刺网
754,29.944222222222226,122.31180555555555,0.1,0.0,2019-03-10 15:26:59,刺网
754,29.944222222222226,122.3117777777778,0.1,0.0,2019-03-10 15:36:59,刺网
754,29.94416666666667,122.3117777777778,0.1,0.0,2019-03-10 15:46:59,刺网
754,29.94425,122.3117777777778,0.0,0.0,2019-03-10 15:56:59,刺网
754,29.94425,122.31180555555555,0.0,0.0,2019-03-10 16:06:59,刺网
754,29.944305555555548,122.3117777777778,0.0,0.0,2019-03-10 16:16:59,刺网
754,29.944305555555548,122.31175,0.1,0.0,2019-03-10 16:26:59,刺网
754,29.944305555555548,122.31180555555555,0.0,0.0,2019-03-10 16:36:59,刺网
754,29.94436111111111,122.31180555555555,0.2,0.0,2019-03-10 16:46:59,刺网
754,29.944138888888887,122.31188888888887,0.0,0.0,2019-03-10 16:56:59,刺网
754,29.944305555555548,122.3117777777778,0.1,0.0,2019-03-10 17:06:59,刺网
754,29.944305555555548,122.31180555555555,0.1,0.0,2019-03-10 17:16:59,刺网
754,29.94416666666667,122.31183333333334,0.1,0.0,2019-03-10 17:26:59,刺网
754,29.944222222222226,122.31180555555555,0.1,0.0,2019-03-10 17:36:59,刺网
754,29.94408333333333,122.31186111111113,0.0,0.0,2019-03-10 17:46:59,刺网
754,29.94416666666667,122.31191666666666,0.1,0.0,2019-03-10 17:56:59,刺网
754,29.94416666666667,122.31183333333334,0.0,0.0,2019-03-10 18:07:27,刺网
754,29.944194444444445,122.31183333333334,0.0,0.0,2019-03-10 18:16:58,刺网
754,29.94416666666667,122.31183333333334,0.0,0.0,2019-03-10 18:26:58,刺网
754,29.94416666666667,122.31183333333334,0.0,0.0,2019-03-10 18:36:58,刺网
754,29.94408333333333,122.31169444444444,0.0,0.0,2019-03-10 18:46:58,刺网
754,29.94444444444445,122.31086111111112,0.4,107.0,2019-03-10 18:56:58,刺网
754,29.94394444444445,122.31172222222223,1.1,276.0,2019-03-10 19:06:58,刺网
754,29.944277777777767,122.3115,0.0,0.0,2019-03-10 19:16:58,刺网
754,29.944555555555556,122.31147222222219,0.0,0.0,2019-03-10 19:26:58,刺网
754,29.944527777777786,122.31144444444445,0.0,0.0,2019-03-10 19:36:58,刺网
754,29.944527777777786,122.31141666666666,0.1,0.0,2019-03-10 19:46:58,刺网
754,29.94458333333333,122.31144444444445,0.0,0.0,2019-03-10 19:56:58,刺网
754,29.944527777777786,122.31147222222219,0.0,0.0,2019-03-10 20:06:58,刺网
754,29.944527777777786,122.3115,0.0,0.0,2019-03-10 20:16:58,刺网
754,29.944555555555556,122.31144444444445,0.0,0.0,2019-03-10 20:26:58,刺网
754,29.944527777777786,122.31152777777777,0.1,0.0,2019-03-10 20:36:58,刺网
754,29.944555555555556,122.31147222222219,0.0,0.0,2019-03-10 20:46:58,刺网
754,29.9445,122.31141666666666,0.2,0.0,2019-03-10 20:56:58,刺网
754,29.944527777777786,122.31138888888887,0.0,0.0,2019-03-10 21:06:58,刺网
754,29.944527777777786,122.31144444444445,0.0,0.0,2019-03-10 21:16:58,刺网
754,29.944472222222235,122.31147222222219,0.0,0.0,2019-03-10 21:26:58,刺网
754,29.94458333333333,122.3115,0.0,0.0,2019-03-10 21:36:58,刺网
754,29.94458333333333,122.31130555555555,0.1,0.0,2019-03-10 21:46:58,刺网
754,29.94458333333333,122.31152777777777,0.2,0.0,2019-03-10 21:56:58,刺网
754,29.944555555555556,122.31144444444445,0.0,0.0,2019-03-10 22:07:09,刺网
754,29.944555555555556,122.31144444444445,0.0,0.0,2019-03-10 22:16:58,刺网
754,29.944555555555556,122.31144444444445,0.0,0.0,2019-03-10 22:26:58,刺网
754,29.944527777777786,122.31144444444445,0.0,0.0,2019-03-10 22:36:58,刺网
754,29.944555555555556,122.31147222222219,0.0,0.0,2019-03-10 22:46:58,刺网
754,29.94458333333333,122.31147222222219,0.0,0.0,2019-03-10 22:56:58,刺网
754,29.944555555555556,122.31141666666666,0.0,0.0,2019-03-10 23:06:58,刺网
754,29.944555555555556,122.31141666666666,0.0,0.0,2019-03-10 23:16:58,刺网
754,29.9445,122.31138888888887,0.0,0.0,2019-03-10 23:26:58,刺网
754,29.94458333333333,122.31147222222219,0.1,0.0,2019-03-10 23:36:57,刺网
754,29.94458333333333,122.31147222222219,0.2,0.0,2019-03-10 23:46:57,刺网
754,29.94458333333333,122.31144444444445,0.1,0.0,2019-03-10 23:56:57,刺网
754,29.944555555555556,122.31138888888887,0.3,0.0,2019-03-11 00:06:57,刺网
754,29.94458333333333,122.31136111111107,0.1,0.0,2019-03-11 00:16:57,刺网
754,29.944555555555556,122.31141666666666,0.0,0.0,2019-03-11 00:26:57,刺网
754,29.944555555555556,122.31136111111107,0.2,0.0,2019-03-11 00:36:57,刺网
754,29.9445,122.31138888888887,0.2,0.0,2019-03-11 00:46:57,刺网
754,29.94433333333333,122.3112777777778,0.1,0.0,2019-03-11 00:56:57,刺网
754,29.944222222222226,122.3112222222222,0.2,0.0,2019-03-11 01:06:57,刺网
754,29.94433333333333,122.31147222222219,0.1,0.0,2019-03-11 01:16:57,刺网
754,29.94425,122.31163888888888,0.2,0.0,2019-03-11 01:26:57,刺网
754,29.944277777777767,122.31147222222219,0.0,0.0,2019-03-11 01:36:57,刺网
754,29.94433333333333,122.3115,0.0,0.0,2019-03-11 01:47:09,刺网
754,29.944305555555548,122.3115,0.0,0.0,2019-03-11 01:56:57,刺网
754,29.94433333333333,122.31155555555556,0.0,0.0,2019-03-11 02:06:57,刺网
754,29.94436111111111,122.3115,0.0,0.0,2019-03-11 02:16:57,刺网
754,29.94433333333333,122.3115,0.0,0.0,2019-03-11 02:26:57,刺网
754,29.944277777777767,122.3115,0.0,0.0,2019-03-11 02:36:57,刺网
754,29.944305555555548,122.31152777777777,0.0,0.0,2019-03-11 02:46:57,刺网
754,29.94433333333333,122.31152777777777,0.0,0.0,2019-03-11 02:56:57,刺网
754,29.944277777777767,122.3115,0.0,0.0,2019-03-11 03:06:57,刺网
754,29.944277777777767,122.3115,0.0,0.0,2019-03-11 03:16:57,刺网
754,29.944277777777767,122.31152777777777,0.0,0.0,2019-03-11 03:26:57,刺网
754,29.944277777777767,122.31155555555556,0.0,0.0,2019-03-11 03:36:57,刺网
754,29.944222222222226,122.3115,0.0,0.0,2019-03-11 03:46:57,刺网
754,29.944222222222226,122.31152777777777,0.0,0.0,2019-03-11 03:56:57,刺网
754,29.944305555555548,122.31155555555556,0.0,0.0,2019-03-11 04:07:09,刺网
754,29.94433333333333,122.31147222222219,0.0,0.0,2019-03-11 04:16:57,刺网
754,29.94425,122.31155555555556,0.0,0.0,2019-03-11 04:26:57,刺网
754,29.94433333333333,122.31152777777777,0.0,0.0,2019-03-11 04:36:57,刺网
754,29.94436111111111,122.31152777777777,0.0,0.0,2019-03-11 04:46:57,刺网
754,29.94433333333333,122.31152777777777,0.0,0.0,2019-03-11 04:56:57,刺网
754,29.94433333333333,122.31155555555556,0.0,0.0,2019-03-11 05:06:57,刺网
754,29.94436111111111,122.31152777777777,0.0,0.0,2019-03-11 05:16:57,刺网
754,29.94433333333333,122.3115,0.0,0.0,2019-03-11 05:26:56,刺网
754,29.94433333333333,122.31147222222219,0.0,0.0,2019-03-11 05:36:56,刺网
754,29.94436111111111,122.31147222222219,0.0,0.0,2019-03-11 05:46:56,刺网
754,29.94433333333333,122.3115,0.0,0.0,2019-03-11 05:57:09,刺网
754,29.94433333333333,122.3115,0.0,0.0,2019-03-11 06:06:56,刺网
754,29.94433333333333,122.31152777777777,0.0,0.0,2019-03-11 06:16:56,刺网
754,29.94433333333333,122.31152777777777,0.0,0.0,2019-03-11 06:26:56,刺网
754,29.944305555555548,122.31152777777777,0.0,0.0,2019-03-11 06:36:56,刺网
754,29.944388888888888,122.31152777777777,0.1,0.0,2019-03-11 06:46:56,刺网
754,29.94436111111111,122.31147222222219,0.1,0.0,2019-03-11 06:56:56,刺网
754,29.944388888888888,122.31152777777777,0.0,0.0,2019-03-11 07:06:56,刺网
754,29.944472222222235,122.31152777777777,0.1,0.0,2019-03-11 07:16:56,刺网
754,29.944527777777786,122.31147222222219,0.1,0.0,2019-03-11 07:26:56,刺网
754,29.94441666666667,122.31163888888888,0.0,0.0,2019-03-11 07:46:56,刺网
754,29.9445,122.31152777777777,0.0,0.0,2019-03-11 07:56:56,刺网
754,29.94458333333333,122.31141666666666,0.0,0.0,2019-03-11 08:07:27,刺网
754,29.94458333333333,122.31147222222219,0.1,0.0,2019-03-11 08:16:56,刺网
754,29.94461111111111,122.31141666666666,0.0,0.0,2019-03-11 08:26:56,刺网
754,29.94458333333333,122.31105555555555,0.1,0.0,2019-03-11 08:36:56,刺网
754,29.94308333333333,122.31508333333332,7.5,139.0,2019-03-11 08:46:56,刺网
754,29.96033333333333,122.33325,9.1,53.0,2019-03-11 08:56:56,刺网
754,29.96,122.34552777777776,0.1,0.0,2019-03-11 09:07:28,刺网
754,29.95991666666667,122.34555555555555,0.0,0.0,2019-03-11 09:16:56,刺网
754,29.95966666666667,122.34536111111107,0.2,0.0,2019-03-11 09:26:56,刺网
754,29.96005555555556,122.34555555555555,0.1,0.0,2019-03-11 09:36:56,刺网
754,29.960027777777785,122.34563888888887,0.3,0.0,2019-03-11 09:46:56,刺网
754,29.959972222222234,122.34575,0.0,0.0,2019-03-11 09:56:56,刺网
754,29.96,122.3457222222222,0.0,0.0,2019-03-11 10:06:56,刺网
754,29.970666666666666,122.38316666666664,6.8,88.0,2019-03-11 10:26:55,刺网
754,29.975472222222226,122.4045277777778,7.7,62.0,2019-03-11 10:36:55,刺网
754,29.982916666666664,122.42980555555555,9.6,64.0,2019-03-11 10:46:55,刺网
754,29.993972222222233,122.45519444444444,8.7,70.0,2019-03-11 10:56:55,刺网
754,29.99719444444445,122.48066666666666,8.1,85.0,2019-03-11 11:06:55,刺网
754,30.002722222222232,122.50572222222223,8.2,62.0,2019-03-11 11:16:55,刺网
754,30.00800000000001,122.53022222222219,8.0,71.0,2019-03-11 11:26:55,刺网
754,30.00994444444445,122.55544444444445,7.9,75.0,2019-03-11 11:36:55,刺网
754,30.0125,122.57986111111107,8.1,78.0,2019-03-11 11:46:55,刺网
754,30.015916666666666,122.60538888888887,8.0,80.0,2019-03-11 11:57:10,刺网
754,30.02180555555555,122.62955555555556,7.7,86.0,2019-03-11 12:06:55,刺网
754,30.02572222222221,122.65505555555555,8.3,80.0,2019-03-11 12:16:55,刺网
754,30.02983333333333,122.68061111111112,7.6,81.0,2019-03-11 12:26:55,刺网
754,30.03341666666667,122.70513888888887,7.4,77.0,2019-03-11 12:36:55,刺网
754,30.03852777777778,122.72919444444445,7.5,70.0,2019-03-11 12:46:55,刺网
754,30.044888888888888,122.75269444444444,7.6,64.0,2019-03-11 12:56:55,刺网
754,30.049138888888887,122.77636111111107,7.5,62.0,2019-03-11 13:06:55,刺网
754,30.054305555555555,122.79897222222222,6.9,74.0,2019-03-11 13:16:55,刺网
754,30.056638888888887,122.82277777777777,7.4,87.0,2019-03-11 13:26:55,刺网
754,30.05922222222221,122.84741666666666,8.2,86.0,2019-03-11 13:36:54,刺网
754,30.061,122.87308333333333,7.9,81.0,2019-03-11 13:46:56,刺网
754,30.067416666666666,122.89858333333332,8.4,89.0,2019-03-11 13:57:10,刺网
754,30.072,122.9237222222222,8.0,81.0,2019-03-11 14:06:54,刺网
754,30.07869444444445,122.9495277777778,8.6,48.0,2019-03-11 14:16:54,刺网
754,30.08094444444445,122.97641666666668,8.7,77.0,2019-03-11 14:26:54,刺网
754,30.08511111111111,123.00333333333332,8.5,84.0,2019-03-11 14:36:55,刺网
754,30.090999999999998,123.02894444444445,8.1,73.0,2019-03-11 14:46:54,刺网
754,30.09525,123.05591666666666,8.9,96.0,2019-03-11 14:56:54,刺网
754,30.09863888888889,123.08275,8.9,86.0,2019-03-11 15:06:54,刺网
754,30.101861111111113,123.10988888888888,8.3,73.0,2019-03-11 15:16:54,刺网
754,30.1075,123.13636111111113,8.4,80.0,2019-03-11 15:26:54,刺网
754,30.10688888888889,123.16369444444445,8.9,91.0,2019-03-11 15:36:54,刺网
754,30.111527777777766,123.19036111111113,8.6,79.0,2019-03-11 15:46:54,刺网
754,30.11475,123.2170277777778,8.4,86.0,2019-03-11 15:56:56,刺网
754,30.11958333333333,123.24388888888888,8.1,74.0,2019-03-11 16:07:08,刺网
754,30.12283333333333,123.27008333333332,8.0,74.0,2019-03-11 16:16:53,刺网
754,30.12838888888889,123.29658333333332,9.2,87.0,2019-03-11 16:26:53,刺网
754,30.13347222222221,123.32283333333334,8.8,92.0,2019-03-11 16:36:53,刺网
754,30.13622222222222,123.34983333333332,8.5,73.0,2019-03-11 16:46:53,刺网
754,30.141111111111112,123.37624999999998,8.5,80.0,2019-03-11 16:56:53,刺网
754,30.14466666666667,123.40275,8.3,89.0,2019-03-11 17:06:53,刺网
754,30.142055555555554,123.43008333333334,8.5,114.0,2019-03-11 17:16:53,刺网
754,30.135805555555557,123.45677777777777,8.2,75.0,2019-03-11 17:26:53,刺网
754,30.134305555555553,123.48327777777777,8.4,96.0,2019-03-11 17:36:53,刺网
754,30.13494444444445,123.50944444444444,8.5,80.0,2019-03-11 17:46:53,刺网
754,30.139416666666666,123.53411111111107,8.0,74.0,2019-03-11 17:56:53,刺网
754,30.14416666666667,123.55830555555555,8.3,79.0,2019-03-11 18:06:53,刺网
754,30.14558333333333,123.58461111111113,8.3,94.0,2019-03-11 18:16:53,刺网
754,30.14794444444444,123.61036111111108,7.9,89.0,2019-03-11 18:26:53,刺网
754,30.153666666666666,123.66086111111113,8.4,98.0,2019-03-11 18:46:53,刺网
754,30.157138888888888,123.6855277777778,7.9,84.0,2019-03-11 18:56:53,刺网
754,30.17327777777778,123.72866666666668,7.4,50.0,2019-03-11 19:16:53,刺网
754,30.186888888888888,123.74519444444445,6.3,30.0,2019-03-11 19:26:53,刺网
754,30.197027777777766,123.74558333333331,0.4,0.0,2019-03-11 19:36:53,刺网
754,30.197027777777766,123.74586111111113,1.1,0.0,2019-03-11 19:46:53,刺网
754,30.196972222222207,123.74586111111113,2.7,162.0,2019-03-11 19:56:53,刺网
754,30.19694444444445,123.74575,0.2,0.0,2019-03-11 20:07:08,刺网
754,30.19694444444445,123.74547222222222,0.8,255.0,2019-03-11 20:16:53,刺网
754,30.197055555555554,123.74516666666668,0.0,0.0,2019-03-11 20:36:53,刺网
754,30.19708333333333,123.74508333333334,0.3,0.0,2019-03-11 20:46:53,刺网
754,30.19725,123.74483333333332,0.2,0.0,2019-03-11 20:56:53,刺网
754,30.19733333333333,123.74475,0.4,0.0,2019-03-11 21:06:53,刺网
754,30.19733333333333,123.74477777777778,1.8,9.0,2019-03-11 21:16:52,刺网
754,30.197527777777786,123.74455555555555,0.7,0.0,2019-03-11 21:26:53,刺网
754,30.197777777777766,123.74438888888888,0.2,0.0,2019-03-11 21:37:09,刺网
754,30.197972222222226,123.74430555555556,0.2,0.0,2019-03-11 21:46:52,刺网
754,30.198,123.74430555555556,0.4,33.0,2019-03-11 21:56:52,刺网
754,30.19825,123.74427777777778,0.2,0.0,2019-03-11 22:06:52,刺网
754,30.19852777777778,123.74433333333334,1.1,107.0,2019-03-11 22:16:52,刺网
754,30.19866666666667,123.74436111111113,0.9,0.0,2019-03-11 22:26:52,刺网
754,30.198694444444445,123.74438888888888,1.0,252.0,2019-03-11 22:36:52,刺网
754,30.198777777777767,123.74444444444444,0.9,147.0,2019-03-11 22:46:52,刺网
754,30.19875,123.74441666666668,0.3,0.0,2019-03-11 22:56:52,刺网
754,30.19880555555556,123.7444722222222,1.0,53.0,2019-03-11 23:06:52,刺网
754,30.198833333333337,123.74444444444444,0.7,70.0,2019-03-11 23:16:52,刺网
754,30.198916666666666,123.7445277777778,0.8,146.0,2019-03-11 23:26:52,刺网
754,30.19894444444445,123.74461111111113,0.6,0.0,2019-03-11 23:36:52,刺网
754,30.19913888888889,123.74477777777778,1.0,0.0,2019-03-11 23:46:52,刺网
754,30.19911111111111,123.74463888888887,1.4,57.0,2019-03-11 23:56:52,刺网
754,30.199305555555554,123.7452222222222,0.3,0.0,2019-03-12 00:07:08,刺网
754,30.199333333333332,123.74547222222222,0.7,1.0,2019-03-12 00:16:52,刺网
754,30.199388888888887,123.74541666666666,0.3,0.0,2019-03-12 00:26:52,刺网
754,30.199333333333332,123.74547222222222,0.7,3.0,2019-03-12 00:36:52,刺网
754,30.199333333333332,123.74561111111113,0.3,0.0,2019-03-12 00:46:52,刺网
754,30.199333333333332,123.74580555555555,0.1,0.0,2019-03-12 00:56:52,刺网
754,30.199388888888887,123.74591666666667,0.6,0.0,2019-03-12 01:06:52,刺网
754,30.199388888888887,123.74580555555555,0.1,0.0,2019-03-12 01:16:52,刺网
754,30.199333333333332,123.74602777777778,0.2,0.0,2019-03-12 01:26:52,刺网
754,30.199333333333332,123.74588888888893,0.4,0.0,2019-03-12 01:36:52,刺网
754,30.19925,123.74594444444445,0.3,0.0,2019-03-12 01:46:52,刺网
754,30.199277777777766,123.74608333333332,0.3,0.0,2019-03-12 01:56:52,刺网
754,30.199222222222208,123.74613888888888,0.4,0.0,2019-03-12 02:06:52,刺网
754,30.19925,123.7462777777778,1.4,116.0,2019-03-12 02:17:09,刺网
754,30.19919444444445,123.74655555555556,0.3,322.0,2019-03-12 02:26:52,刺网
754,30.19902777777777,123.74675,0.9,217.0,2019-03-12 02:36:52,刺网
754,30.198916666666666,123.74683333333334,0.2,0.0,2019-03-12 02:46:51,刺网
754,30.198694444444445,123.74700000000001,0.4,0.0,2019-03-12 02:56:51,刺网
754,30.198555555555558,123.74705555555555,1.3,14.0,2019-03-12 03:06:51,刺网
754,30.19836111111111,123.74708333333334,1.2,11.0,2019-03-12 03:16:51,刺网
754,30.19825,123.74711111111112,0.3,242.0,2019-03-12 03:26:51,刺网
754,30.19822222222221,123.74713888888893,0.7,152.0,2019-03-12 03:36:51,刺网
754,30.19808333333333,123.74711111111112,0.7,298.0,2019-03-12 03:46:51,刺网
754,30.197944444444442,123.74708333333334,1.2,220.0,2019-03-12 03:56:51,刺网
754,30.198305555555557,123.74575,1.5,38.0,2019-03-12 04:06:51,刺网
754,30.21697222222221,123.74366666666668,7.6,335.0,2019-03-12 04:16:51,刺网
754,30.237972222222233,123.74361111111112,8.0,9.0,2019-03-12 04:26:51,刺网
754,30.260055555555557,123.74255555555555,8.6,14.0,2019-03-12 04:36:51,刺网
754,30.28361111111111,123.74141666666668,8.5,359.0,2019-03-12 04:46:51,刺网
754,30.285472222222232,123.74558333333331,8.9,186.0,2019-03-12 04:56:51,刺网
754,30.26208333333333,123.74586111111113,8.8,189.0,2019-03-12 05:06:51,刺网
754,30.238416666666666,123.74555555555555,8.4,197.0,2019-03-12 05:16:51,刺网
754,30.214805555555554,123.74525,8.9,183.0,2019-03-12 05:26:51,刺网
754,30.19102777777778,123.74547222222222,8.0,177.0,2019-03-12 05:36:51,刺网
754,30.166527777777766,123.74486111111106,8.5,180.0,2019-03-12 05:47:09,刺网
754,30.14325,123.74533333333332,8.7,182.0,2019-03-12 05:56:51,刺网
754,30.12986111111111,123.74761111111113,1.4,128.0,2019-03-12 06:06:51,刺网
754,30.128416666666666,123.75058333333332,0.7,0.0,2019-03-12 06:16:51,刺网
754,30.127222222222233,123.75277777777778,1.0,158.0,2019-03-12 06:26:51,刺网
754,30.12597222222222,123.755,0.7,0.0,2019-03-12 06:36:51,刺网
754,30.124777777777766,123.75711111111113,1.6,154.0,2019-03-12 06:46:51,刺网
754,30.123666666666665,123.75905555555555,0.4,0.0,2019-03-12 06:56:51,刺网
754,30.122694444444445,123.76100000000001,0.6,146.0,2019-03-12 07:06:51,刺网
754,30.12172222222221,123.76261111111113,1.1,0.0,2019-03-12 07:16:51,刺网
754,30.121,123.76405555555556,0.9,80.0,2019-03-12 07:27:09,刺网
754,30.12041666666667,123.76527777777778,0.6,128.0,2019-03-12 07:36:51,刺网
754,30.119888888888887,123.76644444444445,0.6,98.0,2019-03-12 07:46:51,刺网
754,30.119555555555554,123.7675,0.3,0.0,2019-03-12 07:56:51,刺网
754,30.11938888888889,123.76827777777777,0.7,82.0,2019-03-12 08:06:51,刺网
754,30.11936111111111,123.76888888888887,0.8,56.0,2019-03-12 08:16:50,刺网
754,30.119194444444453,123.76963888888888,0.4,0.0,2019-03-12 08:26:50,刺网
754,30.119027777777767,123.77013888888888,1.0,169.0,2019-03-12 08:36:50,刺网
754,30.11891666666667,123.77044444444445,0.5,189.0,2019-03-12 08:46:50,刺网
754,30.119083333333336,123.77077777777778,1.5,120.0,2019-03-12 08:56:50,刺网
754,30.11938888888889,123.77147222222223,4.1,79.0,2019-03-12 09:06:50,刺网
754,30.12511111111111,123.748,8.6,261.0,2019-03-12 09:16:50,刺网
754,30.12811111111111,123.73316666666666,1.5,14.0,2019-03-12 09:26:50,刺网
754,30.132388888888887,123.73216666666669,1.3,352.0,2019-03-12 09:36:50,刺网
754,30.136888888888887,123.7302222222222,1.3,340.0,2019-03-12 09:46:50,刺网
754,30.14119444444445,123.72822222222223,1.3,0.0,2019-03-12 09:56:50,刺网
754,30.14583333333333,123.72677777777778,2.1,348.0,2019-03-12 10:07:08,刺网
754,30.150527777777786,123.7254722222222,1.5,339.0,2019-03-12 10:16:50,刺网
754,30.1545,123.72441666666666,1.9,335.0,2019-03-12 10:26:50,刺网
754,30.15897222222221,123.72208333333332,1.7,336.0,2019-03-12 10:36:50,刺网
754,30.16336111111111,123.71969444444444,1.8,330.0,2019-03-12 10:46:50,刺网
754,30.16847222222221,123.71686111111113,7.7,343.0,2019-03-12 10:56:50,刺网
754,30.19361111111111,123.71525,9.3,348.0,2019-03-12 11:06:50,刺网
754,30.218527777777766,123.7175,8.8,23.0,2019-03-12 11:16:50,刺网
754,30.243361111111113,123.72211111111113,9.4,9.0,2019-03-12 11:26:50,刺网
754,30.267944444444442,123.72263888888888,8.5,2.0,2019-03-12 11:36:50,刺网
754,30.284027777777766,123.7180277777778,1.0,115.0,2019-03-12 11:46:50,刺网
754,30.28319444444445,123.7182222222222,0.7,0.0,2019-03-12 11:56:50,刺网
754,30.281666666666666,123.71733333333331,0.7,0.0,2019-03-12 12:06:50,刺网
754,30.280361111111112,123.71613888888888,0.5,0.0,2019-03-12 12:16:50,刺网
754,30.27897222222222,123.71513888888887,0.1,0.0,2019-03-12 12:26:50,刺网
754,30.27780555555556,123.71469444444445,0.7,39.0,2019-03-12 12:37:09,刺网
754,30.277305555555554,123.71416666666669,0.3,0.0,2019-03-12 12:46:50,刺网
754,30.27572222222221,123.71441666666666,0.8,158.0,2019-03-12 12:56:50,刺网
754,30.27441666666667,123.71508333333334,0.9,164.0,2019-03-12 13:06:50,刺网
754,30.27283333333333,123.71552777777778,1.0,130.0,2019-03-12 13:16:49,刺网
754,30.271666666666665,123.71663888888888,1.2,91.0,2019-03-12 13:26:49,刺网
754,30.269527777777768,123.7174722222222,0.8,168.0,2019-03-12 13:36:49,刺网
754,30.267611111111112,123.71883333333334,0.9,184.0,2019-03-12 13:46:49,刺网
754,30.26572222222222,123.71980555555555,1.2,161.0,2019-03-12 13:56:49,刺网
754,30.2635,123.72077777777778,0.6,0.0,2019-03-12 14:06:49,刺网
754,30.261416666666666,123.72144444444444,1.4,166.0,2019-03-12 14:16:49,刺网
754,30.259027777777767,123.72205555555556,1.1,168.0,2019-03-12 14:26:49,刺网
754,30.25686111111111,123.72261111111106,0.8,0.0,2019-03-12 14:36:49,刺网
754,30.254722222222235,123.72258333333332,0.4,0.0,2019-03-12 14:46:49,刺网
754,30.25325,123.72244444444445,1.2,149.0,2019-03-12 14:56:49,刺网
754,30.25138888888889,123.72213888888888,0.6,0.0,2019-03-12 15:06:49,刺网
754,30.24944444444445,123.72152777777778,0.5,0.0,2019-03-12 15:16:49,刺网
754,30.24766666666667,123.72133333333332,1.3,164.0,2019-03-12 15:26:49,刺网
754,30.24527777777779,123.72119444444445,1.4,186.0,2019-03-12 15:36:49,刺网
754,30.242638888888887,123.72166666666666,1.1,171.0,2019-03-12 15:46:49,刺网
754,30.23933333333333,123.72261111111106,2.2,163.0,2019-03-12 15:56:50,刺网
754,30.23236111111111,123.72566666666668,1.6,142.0,2019-03-12 16:16:49,刺网
754,30.22883333333333,123.72763888888888,1.8,152.0,2019-03-12 16:26:49,刺网
754,30.22525,123.72880555555555,1.7,173.0,2019-03-12 16:36:49,刺网
754,30.22358333333333,123.72966666666666,0.5,0.0,2019-03-12 16:46:49,刺网
754,30.222277777777766,123.73188888888888,1.3,160.0,2019-03-12 16:56:49,刺网
754,30.221055555555555,123.73313888888887,0.9,236.0,2019-03-12 17:06:49,刺网
754,30.21883333333333,123.73366666666668,1.0,137.0,2019-03-12 17:16:49,刺网
754,30.215999999999998,123.73569444444445,1.1,142.0,2019-03-12 17:26:49,刺网
754,30.21333333333333,123.7365,0.8,154.0,2019-03-12 17:36:49,刺网
754,30.210305555555554,123.73777777777778,1.0,136.0,2019-03-12 17:46:49,刺网
754,30.20713888888889,123.73927777777777,1.5,193.0,2019-03-12 17:56:49,刺网
754,30.204694444444453,123.7387222222222,0.6,0.0,2019-03-12 18:06:49,刺网
754,30.20366666666667,123.73997222222219,0.7,0.0,2019-03-12 18:16:48,刺网
754,30.21488888888889,123.74063888888894,8.2,18.0,2019-03-12 18:26:48,刺网
754,30.236305555555557,123.74169444444445,7.8,351.0,2019-03-12 18:36:48,刺网
754,30.258138888888887,123.74258333333334,8.4,5.0,2019-03-12 18:46:48,刺网
754,30.279555555555554,123.7475,7.7,6.0,2019-03-12 18:56:48,刺网
754,30.28313888888889,123.7477222222222,0.7,0.0,2019-03-12 19:06:48,刺网
754,30.28305555555556,123.74786111111112,1.0,3.0,2019-03-12 19:16:48,刺网
754,30.28327777777778,123.74758333333334,2.3,321.0,2019-03-12 19:26:50,刺网
754,30.28305555555556,123.74755555555555,0.1,0.0,2019-03-12 19:37:09,刺网
754,30.28294444444445,123.7475,1.3,200.0,2019-03-12 19:46:48,刺网
754,30.28283333333333,123.7474722222222,0.0,0.0,2019-03-12 19:56:48,刺网
754,30.282777777777767,123.74744444444444,0.3,0.0,2019-03-12 20:06:48,刺网
754,30.282694444444445,123.74736111111108,0.3,0.0,2019-03-12 20:26:48,刺网
754,30.282416666666666,123.74663888888887,0.4,0.0,2019-03-12 20:36:48,刺网
754,30.28238888888889,123.74613888888888,0.6,0.0,2019-03-12 20:46:48,刺网
754,30.28236111111111,123.74630555555555,0.8,0.0,2019-03-12 20:56:51,刺网
754,30.28236111111111,123.74613888888888,0.2,0.0,2019-03-12 21:07:09,刺网
754,30.28236111111111,123.74602777777778,0.3,0.0,2019-03-12 21:16:48,刺网
754,30.28238888888889,123.74600000000001,0.3,0.0,2019-03-12 21:26:48,刺网
754,30.28238888888889,123.74594444444445,0.3,0.0,2019-03-12 21:36:48,刺网
754,30.28238888888889,123.74583333333334,0.1,0.0,2019-03-12 21:46:48,刺网
754,30.28238888888889,123.74586111111113,0.2,0.0,2019-03-12 21:56:48,刺网
754,30.28238888888889,123.74577777777776,0.5,210.0,2019-03-12 22:06:48,刺网
754,30.28247222222221,123.7455,0.4,1.0,2019-03-12 22:16:48,刺网
754,30.282416666666666,123.74555555555555,0.9,235.0,2019-03-12 22:26:48,刺网
754,30.28247222222221,123.74544444444444,0.6,329.0,2019-03-12 22:36:48,刺网
754,30.282527777777766,123.74536111111112,0.5,163.0,2019-03-12 22:46:48,刺网
754,30.282555555555554,123.74530555555555,0.8,61.0,2019-03-12 22:56:48,刺网
754,30.282555555555554,123.74527777777777,0.9,80.0,2019-03-12 23:06:48,刺网
754,30.28263888888889,123.74508333333334,0.5,0.0,2019-03-12 23:16:48,刺网
754,30.282777777777767,123.74488888888894,1.0,7.0,2019-03-12 23:26:48,刺网
754,30.28286111111111,123.74480555555556,2.2,227.0,2019-03-12 23:36:47,刺网
754,30.282916666666665,123.74486111111106,0.5,0.0,2019-03-12 23:46:47,刺网
754,30.282888888888888,123.74480555555556,1.1,277.0,2019-03-12 23:56:47,刺网
754,30.28305555555556,123.74463888888887,2.1,326.0,2019-03-13 00:07:39,刺网
754,30.28308333333333,123.74463888888887,1.4,291.0,2019-03-13 00:16:47,刺网
754,30.28305555555556,123.74463888888887,1.1,195.0,2019-03-13 00:26:47,刺网
754,30.283027777777786,123.74469444444445,0.4,0.0,2019-03-13 00:36:47,刺网
754,30.28311111111111,123.74463888888887,0.2,0.0,2019-03-13 00:46:47,刺网
754,30.283166666666666,123.74463888888887,2.9,0.0,2019-03-13 00:56:47,刺网
754,30.28313888888889,123.74463888888887,0.4,0.0,2019-03-13 01:06:47,刺网
754,30.28311111111111,123.74469444444445,2.4,347.0,2019-03-13 01:16:47,刺网
754,30.282972222222234,123.7447222222222,3.5,50.0,2019-03-13 01:26:47,刺网
754,30.282722222222233,123.74511111111113,2.7,334.0,2019-03-13 01:36:47,刺网
754,30.282611111111112,123.74530555555555,0.5,0.0,2019-03-13 01:46:47,刺网
754,30.282805555555555,123.74555555555555,2.9,0.0,2019-03-13 01:56:52,刺网
754,30.28275,123.74530555555555,0.2,0.0,2019-03-13 02:06:47,刺网
754,30.28258333333333,123.74530555555555,1.0,359.0,2019-03-13 02:17:09,刺网
754,30.282416666666666,123.74552777777777,0.1,0.0,2019-03-13 02:26:47,刺网
754,30.282527777777766,123.74525,0.1,0.0,2019-03-13 02:36:47,刺网
754,30.28238888888889,123.74561111111113,0.1,0.0,2019-03-13 02:46:47,刺网
754,30.28238888888889,123.74563888888888,0.8,182.0,2019-03-13 02:56:47,刺网
754,30.28238888888889,123.74558333333331,1.4,135.0,2019-03-13 03:06:47,刺网
754,30.28244444444445,123.74563888888888,0.4,301.0,2019-03-13 03:16:47,刺网
754,30.28955555555555,123.74641666666666,5.5,2.0,2019-03-13 03:26:47,刺网
754,30.307277777777767,123.74625,6.9,5.0,2019-03-13 03:36:47,刺网
754,30.323777777777767,123.74488888888894,7.4,11.0,2019-03-13 03:46:47,刺网
754,30.341916666666666,123.74733333333332,7.2,358.0,2019-03-13 03:56:47,刺网
754,30.3605,123.74741666666668,6.5,6.0,2019-03-13 04:07:09,刺网
754,30.378472222222207,123.74816666666666,5.8,0.0,2019-03-13 04:16:47,刺网
754,30.39638888888889,123.74738888888888,6.1,1.0,2019-03-13 04:26:47,刺网
754,30.38175,123.75047222222223,8.1,171.0,2019-03-13 04:36:47,刺网
754,30.35908333333333,123.75041666666668,7.8,167.0,2019-03-13 04:46:47,刺网
754,30.33633333333333,123.74983333333331,8.3,179.0,2019-03-13 04:56:47,刺网
754,30.313222222222233,123.75033333333334,9.4,172.0,2019-03-13 05:06:47,刺网
754,30.289972222222232,123.75069444444445,8.9,192.0,2019-03-13 05:16:46,刺网
754,30.266,123.74994444444445,8.8,173.0,2019-03-13 05:26:46,刺网
754,30.241555555555554,123.75136111111112,9.1,177.0,2019-03-13 05:36:46,刺网
754,30.237472222222234,123.75719444444445,5.1,339.0,2019-03-13 05:47:05,刺网
754,30.251277777777766,123.76091666666667,2.0,114.0,2019-03-13 05:56:46,刺网
754,30.247805555555555,123.7625,2.8,189.0,2019-03-13 06:06:46,刺网
754,30.243527777777786,123.7645277777778,2.1,148.0,2019-03-13 06:16:46,刺网
754,30.23938888888889,123.76605555555555,2.3,181.0,2019-03-13 06:26:46,刺网
754,30.234805555555557,123.76769444444444,1.8,173.0,2019-03-13 06:36:46,刺网
754,30.229861111111113,123.76883333333332,2.5,199.0,2019-03-13 06:47:09,刺网
754,30.225361111111113,123.7699722222222,1.4,171.0,2019-03-13 06:56:46,刺网
754,30.221027777777767,123.77113888888887,2.2,202.0,2019-03-13 07:06:46,刺网
754,30.216361111111112,123.77202777777778,1.4,155.0,2019-03-13 07:16:46,刺网
754,30.21188888888889,123.77316666666668,1.5,167.0,2019-03-13 07:26:46,刺网
754,30.207555555555555,123.77366666666668,2.1,191.0,2019-03-13 07:36:46,刺网
754,30.20325,123.77413888888887,1.8,189.0,2019-03-13 07:46:46,刺网
754,30.199055555555553,123.77436111111106,1.7,196.0,2019-03-13 07:57:44,刺网
754,30.19475,123.77430555555556,1.7,188.0,2019-03-13 08:06:46,刺网
754,30.186694444444445,123.77380555555555,1.0,193.0,2019-03-13 08:26:46,刺网
754,30.182666666666666,123.77316666666668,1.8,185.0,2019-03-13 08:36:46,刺网
754,30.17908333333333,123.77208333333333,1.6,188.0,2019-03-13 08:46:46,刺网
754,30.17522222222223,123.77141666666668,1.5,201.0,2019-03-13 08:56:46,刺网
754,30.174194444444453,123.76700000000001,7.1,324.0,2019-03-13 09:06:46,刺网
754,30.191555555555553,123.76058333333332,6.4,1.0,2019-03-13 09:16:46,刺网
754,30.2075,123.75708333333333,0.7,254.0,2019-03-13 09:26:46,刺网
754,30.21005555555556,123.7565,1.1,340.0,2019-03-13 09:36:46,刺网
754,30.21338888888889,123.75466666666668,1.2,358.0,2019-03-13 09:46:46,刺网
754,30.21686111111111,123.75308333333334,1.3,0.0,2019-03-13 09:56:47,刺网
754,30.22425,123.74827777777777,1.8,325.0,2019-03-13 10:16:45,刺网
754,30.227638888888887,123.74675,1.1,359.0,2019-03-13 10:26:45,刺网
754,30.23116666666667,123.74566666666666,1.3,12.0,2019-03-13 10:36:45,刺网
754,30.234805555555557,123.74536111111112,1.7,32.0,2019-03-13 10:46:45,刺网
754,30.238083333333336,123.7452222222222,1.3,29.0,2019-03-13 10:56:45,刺网
754,30.2415,123.7452222222222,1.2,329.0,2019-03-13 11:06:45,刺网
754,30.24508333333333,123.74416666666669,1.2,357.0,2019-03-13 11:16:45,刺网
754,30.24825,123.74244444444444,0.7,347.0,2019-03-13 11:26:45,刺网
754,30.252055555555554,123.74102777777777,2.0,338.0,2019-03-13 11:36:45,刺网
754,30.25638888888889,123.73938888888887,1.1,325.0,2019-03-13 11:46:45,刺网
754,30.26102777777778,123.73766666666668,1.4,351.0,2019-03-13 11:56:45,刺网
754,30.265305555555557,123.73616666666668,2.1,331.0,2019-03-13 12:06:45,刺网
754,30.27033333333333,123.73486111111107,3.4,345.0,2019-03-13 12:16:46,刺网
754,30.275027777777765,123.73413888888888,1.1,354.0,2019-03-13 12:27:09,刺网
754,30.27936111111111,123.7332222222222,1.1,327.0,2019-03-13 12:36:45,刺网
754,30.28375,123.73175,0.9,9.0,2019-03-13 12:46:45,刺网
754,30.287944444444445,123.73075,1.5,58.0,2019-03-13 12:56:45,刺网
754,30.29750000000001,123.72833333333334,1.8,155.0,2019-03-13 13:06:45,刺网
754,30.29936111111111,123.72744444444444,1.1,328.0,2019-03-13 13:16:45,刺网
754,30.301305555555558,123.7272777777778,1.6,135.0,2019-03-13 13:26:45,刺网
754,30.303361111111112,123.72966666666666,1.7,47.0,2019-03-13 13:36:45,刺网
754,30.307805555555557,123.73113888888888,2.0,2.0,2019-03-13 13:46:45,刺网
754,30.312777777777786,123.73152777777777,1.8,11.0,2019-03-13 13:56:45,刺网
754,30.317611111111113,123.73341666666668,2.6,25.0,2019-03-13 14:06:46,刺网
754,30.321805555555553,123.7357222222222,1.6,0.0,2019-03-13 14:16:44,刺网
754,30.32466666666667,123.73844444444444,1.5,0.0,2019-03-13 14:26:49,刺网
754,30.331972222222234,123.73766666666668,0.3,0.0,2019-03-13 14:37:08,刺网
754,30.33244444444445,123.73788888888888,1.6,31.0,2019-03-13 14:46:44,刺网
754,30.334777777777767,123.73875,1.1,5.0,2019-03-13 14:56:44,刺网
754,30.339111111111112,123.73886111111106,1.6,32.0,2019-03-13 15:06:44,刺网
754,30.34311111111111,123.73997222222219,1.1,20.0,2019-03-13 15:16:44,刺网
754,30.34761111111111,123.74163888888887,2.1,27.0,2019-03-13 15:26:44,刺网
754,30.351722222222207,123.74380555555555,1.7,39.0,2019-03-13 15:36:43,刺网
754,30.355722222222226,123.74636111111107,1.7,41.0,2019-03-13 15:46:43,刺网
754,30.359222222222233,123.74861111111113,1.6,21.0,2019-03-13 15:56:43,刺网
754,30.363138888888887,123.75116666666668,1.8,9.0,2019-03-13 16:06:43,刺网
754,30.36719444444445,123.75327777777778,1.9,23.0,2019-03-13 16:16:43,刺网
754,30.371333333333336,123.75536111111113,1.5,27.0,2019-03-13 16:26:43,刺网
754,30.375138888888888,123.75755555555556,1.6,0.0,2019-03-13 16:36:43,刺网
754,30.37908333333333,123.76025,0.8,0.0,2019-03-13 16:46:43,刺网
754,30.381777777777767,123.76502777777776,1.9,89.0,2019-03-13 16:56:43,刺网
754,30.379305555555554,123.76988888888893,1.0,0.0,2019-03-13 17:06:45,刺网
754,30.381638888888887,123.7729722222222,1.0,289.0,2019-03-13 17:17:08,刺网
754,30.37908333333333,123.77430555555556,1.6,73.0,2019-03-13 17:26:43,刺网
754,30.372972222222234,123.77638888888887,7.1,195.0,2019-03-13 17:36:43,刺网
754,30.35958333333333,123.76133333333333,7.3,238.0,2019-03-13 17:46:43,刺网
754,30.36111111111111,123.75163888888888,2.1,37.0,2019-03-13 17:56:43,刺网
754,30.36116666666667,123.75158333333331,2.0,96.0,2019-03-13 18:06:43,刺网
754,30.36111111111111,123.75161111111107,0.4,69.0,2019-03-13 18:16:43,刺网
754,30.36111111111111,123.75155555555556,1.2,177.0,2019-03-13 18:26:43,刺网
754,30.36108333333333,123.7515,1.0,108.0,2019-03-13 18:36:43,刺网
754,30.36102777777778,123.75133333333332,0.1,0.0,2019-03-13 18:46:43,刺网
754,30.361,123.75113888888887,0.4,275.0,2019-03-13 18:56:43,刺网
754,30.36102777777778,123.75113888888887,0.1,0.0,2019-03-13 19:06:43,刺网
754,30.36102777777778,123.751,0.3,0.0,2019-03-13 19:16:43,刺网
754,30.36102777777778,123.75086111111106,0.6,204.0,2019-03-13 19:26:43,刺网
754,30.36102777777778,123.75080555555556,0.9,253.0,2019-03-13 19:36:43,刺网
754,30.36108333333333,123.75063888888887,0.2,0.0,2019-03-13 19:46:43,刺网
754,30.36113888888889,123.7505277777778,0.2,0.0,2019-03-13 19:56:43,刺网
754,30.36122222222223,123.75036111111113,0.3,0.0,2019-03-13 20:07:07,刺网
754,30.36119444444445,123.75027777777778,1.2,227.0,2019-03-13 20:16:43,刺网
754,30.36133333333333,123.75013888888887,0.5,0.0,2019-03-13 20:26:43,刺网
754,30.36141666666667,123.75002777777777,1.4,333.0,2019-03-13 20:37:08,刺网
754,30.361472222222233,123.7499722222222,1.4,159.0,2019-03-13 20:46:43,刺网
754,30.361666666666668,123.74988888888888,0.7,289.0,2019-03-13 20:56:43,刺网
754,30.361694444444453,123.74986111111107,0.9,113.0,2019-03-13 21:06:42,刺网
754,30.36183333333333,123.74980555555555,0.7,17.0,2019-03-13 21:16:42,刺网
754,30.36183333333333,123.74980555555555,2.7,141.0,2019-03-13 21:26:42,刺网
754,30.36191666666667,123.74977777777778,0.1,0.0,2019-03-13 21:36:42,刺网
754,30.362,123.74977777777778,0.4,238.0,2019-03-13 21:46:42,刺网
754,30.36208333333333,123.74975,0.2,0.0,2019-03-13 21:56:42,刺网
754,30.36213888888889,123.74975,2.3,102.0,2019-03-13 22:06:42,刺网
754,30.362222222222233,123.74975,1.2,312.0,2019-03-13 22:16:42,刺网
754,30.36225,123.74975,1.2,106.0,2019-03-13 22:26:42,刺网
754,30.362305555555555,123.74975,0.9,28.0,2019-03-13 22:36:42,刺网
754,30.362361111111113,123.74975,1.4,0.0,2019-03-13 22:46:42,刺网
754,30.362305555555555,123.74977777777778,1.7,12.0,2019-03-13 22:56:42,刺网
754,30.362305555555555,123.74977777777778,0.9,25.0,2019-03-13 23:06:42,刺网
754,30.362527777777785,123.74980555555555,1.2,35.0,2019-03-13 23:16:42,刺网
754,30.362527777777785,123.74980555555555,0.6,0.0,2019-03-13 23:26:42,刺网
754,30.362527777777785,123.74986111111107,0.0,0.0,2019-03-13 23:36:42,刺网
754,30.362472222222234,123.74986111111107,0.5,195.0,2019-03-13 23:47:08,刺网
754,30.36255555555556,123.74991666666666,0.1,0.0,2019-03-13 23:56:42,刺网
754,30.36255555555556,123.74991666666666,2.3,21.0,2019-03-14 00:06:42,刺网
754,30.36255555555556,123.74994444444445,1.5,38.0,2019-03-14 00:16:42,刺网
754,30.36261111111111,123.7499722222222,0.1,0.0,2019-03-14 00:26:42,刺网
754,30.362666666666666,123.7499722222222,1.6,253.0,2019-03-14 00:36:42,刺网
754,30.36275,123.75005555555555,1.6,20.0,2019-03-14 00:46:42,刺网
754,30.362805555555557,123.75011111111112,1.0,127.0,2019-03-14 00:56:42,刺网
754,30.362805555555557,123.75013888888887,1.0,4.0,2019-03-14 01:06:42,刺网
754,30.36288888888889,123.75022222222222,0.4,114.0,2019-03-14 01:16:42,刺网
754,30.36288888888889,123.75022222222222,0.2,0.0,2019-03-14 01:26:42,刺网
754,30.36294444444445,123.75027777777778,0.9,15.0,2019-03-14 01:36:42,刺网
754,30.363000000000003,123.75033333333334,0.8,203.0,2019-03-14 01:46:42,刺网
754,30.36302777777778,123.75041666666668,0.8,40.0,2019-03-14 01:56:42,刺网
754,30.36302777777778,123.75047222222223,0.0,0.0,2019-03-14 02:07:07,刺网
754,30.363055555555558,123.75055555555555,0.7,36.0,2019-03-14 02:16:42,刺网
754,30.363111111111113,123.75066666666666,1.2,99.0,2019-03-14 02:26:42,刺网
754,30.363111111111113,123.75066666666666,0.2,0.0,2019-03-14 02:36:41,刺网
754,30.363138888888887,123.7507222222222,0.9,336.0,2019-03-14 02:46:41,刺网
754,30.363166666666668,123.75083333333332,0.2,0.0,2019-03-14 02:56:41,刺网
754,30.363138888888887,123.75086111111106,0.7,256.0,2019-03-14 03:06:41,刺网
754,30.363166666666668,123.75094444444444,0.8,225.0,2019-03-14 03:16:42,刺网
754,30.363138888888887,123.75097222222222,0.9,164.0,2019-03-14 03:26:41,刺网
754,30.363138888888887,123.751,0.3,0.0,2019-03-14 03:36:41,刺网
754,30.363111111111113,123.75105555555555,0.0,0.0,2019-03-14 03:46:41,刺网
754,30.363111111111113,123.75108333333333,0.2,0.0,2019-03-14 03:56:41,刺网
754,30.363055555555558,123.7512777777778,0.5,0.0,2019-03-14 04:06:41,刺网
754,30.36302777777778,123.75133333333332,1.1,180.0,2019-03-14 04:16:41,刺网
754,30.362972222222233,123.75136111111112,0.5,0.0,2019-03-14 04:26:41,刺网
754,30.36269444444445,123.75161111111107,1.9,187.0,2019-03-14 04:36:41,刺网
754,30.357833333333332,123.7515,7.9,159.0,2019-03-14 04:46:42,刺网
754,30.33669444444445,123.75758333333332,7.4,214.0,2019-03-14 04:56:42,刺网
754,30.313527777777786,123.7584722222222,8.0,203.0,2019-03-14 05:07:08,刺网
754,30.292638888888888,123.75738888888893,7.9,181.0,2019-03-14 05:16:41,刺网
754,30.27075,123.75655555555555,8.2,187.0,2019-03-14 05:26:41,刺网
754,30.24855555555556,123.7559722222222,8.3,174.0,2019-03-14 05:36:41,刺网
754,30.239472222222233,123.76694444444445,7.2,41.0,2019-03-14 05:46:41,刺网
754,30.26158333333333,123.7687222222222,7.5,9.0,2019-03-14 05:56:41,刺网
754,30.28397222222221,123.77066666666668,8.1,4.0,2019-03-14 06:06:41,刺网
754,30.27847222222222,123.77886111111107,8.6,128.0,2019-03-14 06:16:41,刺网
754,30.256166666666665,123.77852777777778,7.9,180.0,2019-03-14 06:26:41,刺网
754,30.23633333333333,123.78030555555556,8.1,94.0,2019-03-14 06:36:41,刺网
754,30.24125,123.79461111111112,0.5,323.0,2019-03-14 06:47:08,刺网
754,30.24088888888889,123.79383333333332,0.2,0.0,2019-03-14 06:56:41,刺网
754,30.240361111111113,123.79291666666666,0.2,0.0,2019-03-14 07:06:41,刺网
754,30.239555555555555,123.79216666666666,0.1,0.0,2019-03-14 07:16:41,刺网
754,30.23922222222221,123.79127777777781,0.1,0.0,2019-03-14 07:26:41,刺网
754,30.239,123.79047222222222,0.5,0.0,2019-03-14 07:36:41,刺网
754,30.23866666666667,123.78961111111113,0.0,0.0,2019-03-14 07:46:41,刺网
754,30.238416666666666,123.78891666666668,0.3,0.0,2019-03-14 07:56:41,刺网
754,30.23802777777778,123.78791666666666,0.4,0.0,2019-03-14 08:06:40,刺网
754,30.23680555555556,123.78611111111113,0.1,0.0,2019-03-14 08:16:40,刺网
754,30.23494444444445,123.78388888888887,1.4,172.0,2019-03-14 08:26:40,刺网
754,30.233277777777786,123.78183333333334,1.5,0.0,2019-03-14 08:36:40,刺网
754,30.230888888888888,123.78005555555555,1.2,196.0,2019-03-14 08:46:40,刺网
754,30.22797222222223,123.77836111111112,1.1,0.0,2019-03-14 08:56:41,刺网
754,30.225361111111113,123.77644444444445,2.1,0.0,2019-03-14 09:06:40,刺网
754,30.223305555555555,123.7745,0.3,0.0,2019-03-14 09:16:40,刺网
754,30.22138888888889,123.77208333333333,1.3,0.0,2019-03-14 09:26:40,刺网
754,30.22736111111111,123.78313888888887,3.4,28.0,2019-03-14 09:36:41,刺网
754,30.22872222222221,123.78238888888887,1.6,325.0,2019-03-14 09:47:08,刺网
754,30.231305555555554,123.7812777777778,0.9,325.0,2019-03-14 09:56:40,刺网
754,30.23413888888889,123.78119444444445,1.0,36.0,2019-03-14 10:06:40,刺网
754,30.23691666666667,123.78077777777777,0.2,0.0,2019-03-14 10:16:40,刺网
754,30.239472222222233,123.78027777777778,1.6,313.0,2019-03-14 10:26:40,刺网
754,30.2425,123.77972222222222,1.0,13.0,2019-03-14 10:36:40,刺网
754,30.24527777777779,123.779,1.1,18.0,2019-03-14 10:46:40,刺网
754,30.24852777777778,123.77802777777777,1.0,348.0,2019-03-14 10:56:40,刺网
754,30.25141666666667,123.77758333333334,1.6,341.0,2019-03-14 11:06:40,刺网
754,30.25469444444445,123.77638888888887,1.1,341.0,2019-03-14 11:16:40,刺网
754,30.258416666666665,123.7755,1.6,342.0,2019-03-14 11:26:40,刺网
754,30.261888888888887,123.77466666666666,1.0,344.0,2019-03-14 11:36:40,刺网
754,30.26469444444445,123.77372222222222,1.6,357.0,2019-03-14 11:46:40,刺网
754,30.267861111111113,123.7732777777778,1.1,332.0,2019-03-14 11:56:40,刺网
754,30.27127777777777,123.77302777777777,1.6,344.0,2019-03-14 12:07:07,刺网
754,30.27419444444445,123.77230555555555,0.9,343.0,2019-03-14 12:16:40,刺网
754,30.275472222222234,123.77108333333332,1.0,0.0,2019-03-14 12:26:40,刺网
754,30.28163888888889,123.76583333333332,7.4,325.0,2019-03-14 12:36:40,刺网
754,30.29047222222223,123.76238888888888,1.1,248.0,2019-03-14 12:46:40,刺网
754,30.290250000000004,123.76225,1.4,182.0,2019-03-14 12:56:40,刺网
754,30.28972222222223,123.76216666666666,0.5,303.0,2019-03-14 13:06:40,刺网
754,30.289472222222226,123.76213888888887,1.3,241.0,2019-03-14 13:16:40,刺网
754,30.29077777777778,123.76058333333332,1.2,318.0,2019-03-14 13:26:40,刺网
754,30.292055555555557,123.7585,0.3,291.0,2019-03-14 13:36:40,刺网
754,30.292361111111113,123.75838888888893,0.1,0.0,2019-03-14 13:46:39,刺网
754,30.29191666666667,123.75866666666668,0.6,0.0,2019-03-14 13:56:39,刺网
754,30.29180555555555,123.75883333333331,1.2,140.0,2019-03-14 14:06:39,刺网
754,30.292361111111113,123.75891666666666,1.3,127.0,2019-03-14 14:16:39,刺网
754,30.29241666666667,123.75913888888887,0.2,0.0,2019-03-14 14:26:39,刺网
754,30.29158333333333,123.75927777777778,0.6,0.0,2019-03-14 14:36:39,刺网
754,30.29852777777778,123.75819444444444,8.2,308.0,2019-03-14 14:46:39,刺网
754,30.31361111111111,123.75488888888893,0.5,0.0,2019-03-14 14:56:39,刺网
754,30.31369444444445,123.75680555555556,0.2,0.0,2019-03-14 15:06:41,刺网
754,30.31344444444445,123.75741666666669,0.7,0.0,2019-03-14 15:16:39,刺网
754,30.31513888888889,123.75575,1.3,0.0,2019-03-14 15:26:39,刺网
754,30.31669444444445,123.75369444444445,1.3,0.0,2019-03-14 15:36:41,刺网
754,30.318027777777786,123.75288888888888,0.1,0.0,2019-03-14 15:47:08,刺网
754,30.31844444444444,123.75183333333334,0.7,253.0,2019-03-14 15:56:39,刺网
754,30.31805555555556,123.75105555555555,0.9,151.0,2019-03-14 16:06:39,刺网
754,30.317972222222235,123.75277777777778,0.8,87.0,2019-03-14 16:16:39,刺网
754,30.31572222222222,123.75572222222223,1.2,147.0,2019-03-14 16:26:39,刺网
754,30.313805555555557,123.75711111111113,1.1,147.0,2019-03-14 16:36:39,刺网
754,30.31130555555556,123.75836111111113,1.1,154.0,2019-03-14 16:46:39,刺网
754,30.30852777777778,123.7595277777778,1.0,187.0,2019-03-14 16:56:39,刺网
754,30.30552777777779,123.76069444444445,2.0,198.0,2019-03-14 17:06:39,刺网
754,30.301972222222233,123.76108333333332,1.1,173.0,2019-03-14 17:16:39,刺网
754,30.298305555555558,123.76022222222224,1.4,187.0,2019-03-14 17:26:39,刺网
754,30.295861111111112,123.7579722222222,1.7,174.0,2019-03-14 17:36:39,刺网
754,30.29391666666667,123.76066666666668,0.9,128.0,2019-03-14 17:46:39,刺网
754,30.290722222222207,123.76091666666667,1.8,175.0,2019-03-14 17:56:39,刺网
754,30.287861111111113,123.76080555555555,0.5,154.0,2019-03-14 18:06:07,刺网
754,30.285472222222232,123.76066666666668,1.3,159.0,2019-03-14 18:15:39,刺网
754,30.284388888888888,123.7605,0.3,331.0,2019-03-14 18:25:39,刺网
754,30.28691666666667,123.74852777777778,5.6,37.0,2019-03-14 18:35:39,刺网
754,30.287527777777786,123.77455555555555,7.7,89.0,2019-03-14 18:45:39,刺网
754,30.28758333333333,123.78194444444445,1.0,123.0,2019-03-14 18:55:39,刺网
754,30.28605555555556,123.78216666666668,0.6,337.0,2019-03-14 19:05:39,刺网
754,30.28580555555556,123.78327777777777,1.7,90.0,2019-03-14 19:15:39,刺网
754,30.28661111111111,123.78466666666668,1.6,317.0,2019-03-14 19:25:38,刺网
754,30.28683333333333,123.7855,1.7,303.0,2019-03-14 19:35:38,刺网
754,30.28641666666667,123.78680555555556,0.7,177.0,2019-03-14 19:45:38,刺网
754,30.287388888888888,123.78675,0.7,0.0,2019-03-14 19:55:38,刺网
754,30.28908333333333,123.78736111111112,1.6,66.0,2019-03-14 20:05:38,刺网
754,30.291138888888888,123.78838888888887,1.1,330.0,2019-03-14 20:15:38,刺网
754,30.29275,123.78936111111106,1.1,32.0,2019-03-14 20:25:38,刺网
754,30.29411111111111,123.79041666666666,1.4,100.0,2019-03-14 20:35:38,刺网
754,30.29508333333333,123.79119444444444,4.8,29.0,2019-03-14 20:45:38,刺网
754,30.31119444444445,123.77675,7.4,327.0,2019-03-14 20:55:38,刺网
754,30.32441666666667,123.76558333333332,2.2,143.0,2019-03-14 21:05:38,刺网
754,30.32333333333333,123.7645277777778,1.7,237.0,2019-03-14 21:15:38,刺网
754,30.323277777777786,123.7645277777778,0.5,0.0,2019-03-14 21:25:38,刺网
754,30.323305555555557,123.76458333333332,1.0,129.0,2019-03-14 21:45:38,刺网
754,30.32336111111111,123.7645,1.1,0.0,2019-03-14 21:55:38,刺网
754,30.323555555555558,123.7642777777778,1.0,24.0,2019-03-14 22:06:07,刺网
754,30.323666666666664,123.76422222222223,0.9,178.0,2019-03-14 22:15:38,刺网
754,30.32380555555555,123.76411111111106,1.0,352.0,2019-03-14 22:25:38,刺网
754,30.324,123.76411111111106,0.2,0.0,2019-03-14 22:35:38,刺网
754,30.323916666666666,123.76411111111106,0.3,0.0,2019-03-14 22:45:38,刺网
754,30.324055555555553,123.76413888888888,0.3,0.0,2019-03-14 22:55:38,刺网
754,30.32425,123.76405555555556,0.2,0.0,2019-03-14 23:05:38,刺网
754,30.324361111111113,123.76408333333332,0.3,0.0,2019-03-14 23:15:38,刺网
754,30.324305555555554,123.76408333333332,0.2,0.0,2019-03-14 23:25:38,刺网
754,30.324388888888887,123.76408333333332,0.9,271.0,2019-03-14 23:35:42,刺网
754,30.324361111111113,123.76408333333332,0.1,0.0,2019-03-14 23:45:38,刺网
754,30.324361111111113,123.76405555555556,0.4,0.0,2019-03-14 23:55:38,刺网
754,30.324527777777767,123.76408333333332,0.4,0.0,2019-03-15 00:05:38,刺网
754,30.32469444444445,123.76413888888888,0.4,0.0,2019-03-15 00:15:38,刺网
754,30.32472222222221,123.76416666666668,0.5,48.0,2019-03-15 00:25:38,刺网
754,30.32483333333333,123.76422222222223,0.6,315.0,2019-03-15 00:35:38,刺网
754,30.324972222222208,123.7642777777778,0.4,0.0,2019-03-15 00:45:38,刺网
754,30.325,123.7642777777778,0.4,0.0,2019-03-15 00:55:38,刺网
754,30.325083333333332,123.76433333333334,0.0,0.0,2019-03-15 01:05:38,刺网
754,30.325194444444445,123.76441666666666,0.2,0.0,2019-03-15 01:15:37,刺网
754,30.32530555555556,123.76455555555556,0.3,0.0,2019-03-15 01:25:37,刺网
754,30.32544444444445,123.76466666666668,0.5,0.0,2019-03-15 01:35:37,刺网
754,30.32547222222223,123.76475,0.4,0.0,2019-03-15 01:45:37,刺网
754,30.325555555555557,123.76480555555555,0.5,0.0,2019-03-15 01:55:37,刺网
754,30.32558333333333,123.76491666666666,0.3,281.0,2019-03-15 02:06:07,刺网
754,30.32558333333333,123.76491666666666,0.6,102.0,2019-03-15 02:15:37,刺网
754,30.32561111111111,123.7649722222222,0.0,0.0,2019-03-15 02:25:37,刺网
754,30.325722222222232,123.76522222222222,0.2,0.0,2019-03-15 02:35:37,刺网
754,30.32575000000001,123.76525,0.5,359.0,2019-03-15 02:45:37,刺网
754,30.32575000000001,123.76536111111112,0.6,188.0,2019-03-15 02:55:37,刺网
754,30.325805555555558,123.76544444444444,0.1,0.0,2019-03-15 03:05:37,刺网
754,30.325833333333332,123.76561111111113,0.5,0.0,2019-03-15 03:15:37,刺网
754,30.325805555555558,123.7657222222222,1.2,184.0,2019-03-15 03:25:37,刺网
754,30.326027777777767,123.76575,1.3,0.0,2019-03-15 03:45:37,刺网
754,30.320472222222232,123.77858333333332,8.6,97.0,2019-03-15 03:55:38,刺网
754,30.31941666666667,123.80516666666666,8.5,90.0,2019-03-15 04:05:37,刺网
754,30.314722222222233,123.82908333333332,8.0,115.0,2019-03-15 04:15:37,刺网
754,30.307361111111113,123.85438888888888,8.7,112.0,2019-03-15 04:25:37,刺网
754,30.289444444444445,123.863,8.2,186.0,2019-03-15 04:35:37,刺网
754,30.267972222222234,123.86369444444445,8.2,172.0,2019-03-15 04:45:37,刺网
754,30.246527777777786,123.86397222222222,7.7,179.0,2019-03-15 04:55:37,刺网
754,30.22466666666667,123.86286111111107,8.3,182.0,2019-03-15 05:05:37,刺网
754,30.20277777777777,123.8647222222222,7.9,176.0,2019-03-15 05:15:37,刺网
754,30.188944444444445,123.86513888888888,1.6,123.0,2019-03-15 05:25:37,刺网
754,30.188666666666666,123.86677777777777,0.6,70.0,2019-03-15 05:36:08,刺网
754,30.179444444444453,123.86586111111107,7.8,181.0,2019-03-15 05:45:37,刺网
754,30.157722222222233,123.86497222222219,7.8,182.0,2019-03-15 05:55:37,刺网
754,30.15644444444445,123.86177777777776,0.5,17.0,2019-03-15 06:05:37,刺网
754,30.157916666666665,123.86241666666666,0.5,23.0,2019-03-15 06:15:36,刺网
754,30.159305555555548,123.86313888888887,1.0,39.0,2019-03-15 06:25:36,刺网
754,30.160555555555554,123.86391666666664,1.1,305.0,2019-03-15 06:35:36,刺网
754,30.16177777777777,123.86494444444445,0.7,34.0,2019-03-15 06:45:36,刺网
754,30.162861111111113,123.86633333333332,1.5,58.0,2019-03-15 06:55:36,刺网
754,30.163527777777766,123.86813888888888,1.1,110.0,2019-03-15 07:05:36,刺网
754,30.16308333333333,123.87024999999998,0.4,111.0,2019-03-15 07:15:36,刺网
754,30.161222222222207,123.87411111111106,0.4,0.0,2019-03-15 07:35:36,刺网
754,30.160222222222234,123.87627777777777,1.7,117.0,2019-03-15 07:45:36,刺网
754,30.15908333333333,123.87844444444444,0.8,111.0,2019-03-15 07:55:36,刺网
754,30.15811111111111,123.88072222222222,1.5,122.0,2019-03-15 08:06:07,刺网
754,30.15708333333333,123.88252777777777,0.1,0.0,2019-03-15 08:15:35,刺网
754,30.15613888888889,123.8847222222222,1.8,124.0,2019-03-15 08:25:36,刺网
754,30.155166666666666,123.88694444444445,1.1,116.0,2019-03-15 08:35:35,刺网
754,30.15438888888889,123.88911111111112,0.4,0.0,2019-03-15 08:45:36,刺网
754,30.153277777777767,123.89125,0.8,121.0,2019-03-15 08:55:35,刺网
754,30.15211111111111,123.89325,0.7,125.0,2019-03-15 09:05:35,刺网
754,30.155305555555554,123.89069444444445,6.6,322.0,2019-03-15 09:15:35,刺网
754,30.15491666666667,123.88338888888893,1.9,350.0,2019-03-15 09:25:35,刺网
754,30.15858333333333,123.88438888888888,1.3,32.0,2019-03-15 09:35:36,刺网
754,30.16252777777777,123.88563888888888,1.6,23.0,2019-03-15 09:45:35,刺网
754,30.166555555555554,123.88622222222223,1.2,6.0,2019-03-15 09:55:35,刺网
754,30.169638888888887,123.88705555555555,0.9,27.0,2019-03-15 10:05:35,刺网
754,30.171944444444453,123.88775,1.3,18.0,2019-03-15 10:15:35,刺网
754,30.17463888888889,123.88847222222222,0.7,0.0,2019-03-15 10:25:35,刺网
754,30.176333333333336,123.88922222222223,0.9,23.0,2019-03-15 10:35:35,刺网
754,30.18869444444445,123.8917777777778,5.2,358.0,2019-03-15 10:45:35,刺网
754,30.191527777777768,123.89072222222224,1.3,0.0,2019-03-15 10:55:35,刺网
754,30.19525,123.891,1.1,335.0,2019-03-15 11:05:35,刺网
754,30.19880555555556,123.8912777777778,1.3,347.0,2019-03-15 11:15:35,刺网
754,30.202638888888888,123.89088888888894,1.3,0.0,2019-03-15 11:25:35,刺网
754,30.206416666666666,123.89102777777778,1.3,33.0,2019-03-15 11:35:35,刺网
754,30.210694444444442,123.89083333333332,2.2,26.0,2019-03-15 11:46:07,刺网
754,30.214055555555554,123.89072222222224,0.1,0.0,2019-03-15 11:55:34,刺网
754,30.21733333333333,123.89072222222224,1.7,354.0,2019-03-15 12:05:34,刺网
754,30.220805555555554,123.89105555555555,0.1,0.0,2019-03-15 12:15:34,刺网
754,30.2245,123.89125,1.2,0.0,2019-03-15 12:25:34,刺网
754,30.228055555555553,123.89080555555556,0.3,0.0,2019-03-15 12:35:34,刺网
754,30.231333333333332,123.89033333333334,0.7,0.0,2019-03-15 12:45:34,刺网
754,30.233305555555557,123.8915,0.4,0.0,2019-03-15 12:55:34,刺网
754,30.235527777777786,123.89180555555555,0.4,0.0,2019-03-15 13:05:34,刺网
754,30.23980555555556,123.89297222222223,1.4,9.0,2019-03-15 13:15:34,刺网
754,30.24463888888889,123.89369444444445,1.8,1.0,2019-03-15 13:25:34,刺网
754,30.255111111111113,123.89430555555555,1.0,0.0,2019-03-15 13:45:34,刺网
754,30.260638888888888,123.8935277777778,1.6,7.0,2019-03-15 13:56:07,刺网
754,30.265777777777767,123.8935277777778,2.5,0.0,2019-03-15 14:05:34,刺网
754,30.270861111111113,123.89208333333332,2.4,347.0,2019-03-15 14:15:34,刺网
754,30.27558333333333,123.89113888888888,2.4,354.0,2019-03-15 14:25:34,刺网
754,30.28044444444444,123.89133333333334,1.0,45.0,2019-03-15 14:35:34,刺网
754,30.28325,123.89283333333334,2.0,17.0,2019-03-15 14:45:34,刺网
754,30.287888888888887,123.89405555555555,1.7,45.0,2019-03-15 14:55:34,刺网
754,30.29291666666667,123.8949722222222,2.2,9.0,2019-03-15 15:05:34,刺网
754,30.298333333333336,123.89627777777778,1.7,19.0,2019-03-15 15:15:34,刺网
754,30.303472222222233,123.89744444444445,2.2,357.0,2019-03-15 15:25:34,刺网
754,30.307861111111112,123.89825,1.3,29.0,2019-03-15 15:35:34,刺网
754,30.31233333333333,123.89638888888894,8.2,273.0,2019-03-15 15:45:34,刺网
754,30.31119444444445,123.86963888888887,8.3,261.0,2019-03-15 15:55:34,刺网
754,30.30708333333333,123.84155555555556,8.3,257.0,2019-03-15 16:06:06,刺网
754,30.30052777777778,123.82011111111107,0.3,0.0,2019-03-15 16:15:34,刺网
754,30.30125,123.82255555555555,0.9,167.0,2019-03-15 16:25:34,刺网
754,30.30075,123.82269444444445,0.9,14.0,2019-03-15 16:35:34,刺网
754,30.300638888888887,123.82266666666666,0.7,13.0,2019-03-15 16:45:34,刺网
754,30.300500000000003,123.82269444444445,0.0,0.0,2019-03-15 16:55:34,刺网
754,30.30041666666667,123.82266666666666,0.2,0.0,2019-03-15 17:05:33,刺网
754,30.30044444444445,123.82266666666666,1.1,5.0,2019-03-15 17:15:33,刺网
754,30.300305555555557,123.82263888888887,0.0,0.0,2019-03-15 17:25:34,刺网
754,30.300166666666666,123.82263888888887,0.3,0.0,2019-03-15 17:35:33,刺网
754,30.29977777777778,123.82255555555555,0.4,0.0,2019-03-15 17:45:33,刺网
754,30.29958333333333,123.82241666666668,0.2,0.0,2019-03-15 17:55:33,刺网
754,30.29958333333333,123.82244444444444,0.7,203.0,2019-03-15 18:05:33,刺网
754,30.299722222222233,123.8225,0.6,0.0,2019-03-15 18:15:34,刺网
754,30.299555555555557,123.82244444444444,0.0,0.0,2019-03-15 18:25:33,刺网
754,30.29947222222223,123.82241666666668,0.0,0.0,2019-03-15 18:36:01,刺网
754,30.29947222222223,123.82241666666668,0.1,0.0,2019-03-15 18:45:33,刺网
754,30.29944444444445,123.82238888888894,0.5,82.0,2019-03-15 18:55:33,刺网
754,30.299277777777768,123.82230555555556,0.0,0.0,2019-03-15 19:05:33,刺网
754,30.29936111111111,123.82236111111106,0.6,48.0,2019-03-15 19:15:33,刺网
754,30.299277777777768,123.82230555555556,0.3,140.0,2019-03-15 19:25:33,刺网
754,30.299222222222234,123.82225,0.7,309.0,2019-03-15 19:35:33,刺网
754,30.299083333333336,123.82219444444445,0.5,239.0,2019-03-15 19:45:33,刺网
754,30.299027777777766,123.82208333333332,0.3,0.0,2019-03-15 19:55:33,刺网
754,30.298972222222233,123.822,0.4,0.0,2019-03-15 20:05:33,刺网
754,30.29888888888889,123.82191666666664,0.6,0.0,2019-03-15 20:15:33,刺网
754,30.298861111111112,123.82186111111106,0.3,0.0,2019-03-15 20:25:33,刺网
754,30.29875,123.82175,0.3,0.0,2019-03-15 20:35:33,刺网
754,30.29858333333333,123.8215,0.7,0.0,2019-03-15 20:45:33,刺网
754,30.29852777777778,123.82152777777776,0.0,0.0,2019-03-15 20:55:33,刺网
754,30.298472222222234,123.82138888888888,0.7,322.0,2019-03-15 21:05:33,刺网
754,30.298444444444453,123.82130555555555,0.7,0.0,2019-03-15 21:15:33,刺网
754,30.298361111111113,123.82094444444445,0.2,0.0,2019-03-15 21:25:33,刺网
754,30.29819444444445,123.82080555555555,0.6,0.0,2019-03-15 21:35:33,刺网
754,30.298222222222233,123.82036111111113,0.9,300.0,2019-03-15 21:45:33,刺网
754,30.29813888888889,123.82052777777777,0.6,109.0,2019-03-15 21:55:33,刺网
754,30.29819444444445,123.82033333333334,0.3,0.0,2019-03-15 22:06:07,刺网
754,30.29819444444445,123.82025,0.6,0.0,2019-03-15 22:15:33,刺网
754,30.29819444444445,123.82016666666668,0.4,0.0,2019-03-15 22:25:32,刺网
754,30.29819444444445,123.82,0.2,0.0,2019-03-15 22:35:32,刺网
754,30.29819444444445,123.81997222222222,0.0,0.0,2019-03-15 22:45:32,刺网
754,30.29816666666667,123.82002777777777,0.8,146.0,2019-03-15 22:55:32,刺网
754,30.29816666666667,123.81980555555555,0.5,0.0,2019-03-15 23:05:32,刺网
754,30.298222222222233,123.81969444444445,0.3,0.0,2019-03-15 23:15:32,刺网
754,30.298222222222233,123.81952777777781,0.2,0.0,2019-03-15 23:25:33,刺网
754,30.298055555555557,123.81936111111106,0.4,0.0,2019-03-15 23:35:34,刺网
754,30.298222222222233,123.81933333333332,0.2,0.0,2019-03-15 23:45:33,刺网
754,30.298250000000003,123.81936111111106,0.3,0.0,2019-03-15 23:55:32,刺网
754,30.298333333333336,123.81916666666666,0.5,0.0,2019-03-16 00:05:32,刺网
754,30.298305555555558,123.8192222222222,0.2,0.0,2019-03-16 00:15:32,刺网
754,30.29827777777778,123.81938888888888,0.1,0.0,2019-03-16 00:25:32,刺网
754,30.29827777777778,123.8192222222222,0.4,0.0,2019-03-16 00:35:32,刺网
754,30.298305555555558,123.81911111111107,0.6,112.0,2019-03-16 00:46:01,刺网
754,30.298333333333336,123.81902777777776,0.2,0.0,2019-03-16 00:55:32,刺网
754,30.298361111111113,123.81891666666664,0.4,0.0,2019-03-16 01:05:32,刺网
754,30.298472222222234,123.81869444444445,0.0,0.0,2019-03-16 01:15:32,刺网
754,30.298472222222234,123.81872222222222,0.7,329.0,2019-03-16 01:25:32,刺网
754,30.298444444444453,123.81877777777778,0.6,142.0,2019-03-16 01:35:32,刺网
754,30.298388888888887,123.81888888888888,0.4,16.0,2019-03-16 01:45:32,刺网
754,30.298444444444453,123.81877777777778,0.4,0.0,2019-03-16 01:55:32,刺网
754,30.298444444444453,123.81875,0.3,0.0,2019-03-16 02:05:32,刺网
754,30.2985,123.81875,0.1,0.0,2019-03-16 02:15:32,刺网
754,30.29852777777778,123.81866666666667,0.2,0.0,2019-03-16 02:25:32,刺网
754,30.29855555555556,123.81869444444445,0.2,0.0,2019-03-16 02:35:32,刺网
754,30.29858333333333,123.81863888888887,0.2,0.0,2019-03-16 02:45:32,刺网
754,30.298472222222234,123.81875,0.4,0.0,2019-03-16 02:55:32,刺网
754,30.29855555555556,123.81858333333332,0.2,0.0,2019-03-16 03:15:32,刺网
754,30.29855555555556,123.81858333333332,0.9,0.0,2019-03-16 03:25:32,刺网
754,30.29852777777778,123.81866666666667,0.3,120.0,2019-03-16 03:35:32,刺网
754,30.2985,123.81877777777778,0.0,0.0,2019-03-16 03:45:32,刺网
754,30.298444444444453,123.81883333333332,0.1,0.0,2019-03-16 03:55:31,刺网
754,30.298388888888887,123.8189722222222,0.3,174.0,2019-03-16 04:06:00,刺网
754,30.30080555555556,123.82011111111107,0.3,0.0,2019-03-16 04:15:31,刺网
754,30.28608333333333,123.82122222222222,8.2,181.0,2019-03-16 04:25:31,刺网
754,30.26347222222222,123.82013888888888,8.1,185.0,2019-03-16 04:35:31,刺网
754,30.24083333333333,123.81980555555555,8.1,189.0,2019-03-16 04:45:31,刺网
754,30.218138888888888,123.82133333333331,8.2,184.0,2019-03-16 04:55:31,刺网
754,30.19550000000001,123.82038888888887,8.0,175.0,2019-03-16 05:05:31,刺网
754,30.17280555555556,123.82041666666666,8.3,180.0,2019-03-16 05:15:31,刺网
754,30.156999999999996,123.82058333333332,1.4,166.0,2019-03-16 05:25:31,刺网
754,30.155777777777786,123.82227777777778,0.5,0.0,2019-03-16 05:35:31,刺网
754,30.15513888888889,123.82355555555556,0.5,0.0,2019-03-16 05:45:31,刺网
754,30.15447222222221,123.82505555555555,1.4,84.0,2019-03-16 05:55:31,刺网
754,30.15361111111111,123.82644444444445,0.6,0.0,2019-03-16 06:05:31,刺网
754,30.152555555555555,123.82808333333332,0.9,106.0,2019-03-16 06:15:31,刺网
754,30.151527777777765,123.82991666666666,0.4,0.0,2019-03-16 06:25:31,刺网
754,30.150444444444442,123.83166666666666,0.7,126.0,2019-03-16 06:35:31,刺网
754,30.14922222222221,123.83375,0.7,0.0,2019-03-16 06:45:31,刺网
754,30.147805555555554,123.83572222222222,1.0,0.0,2019-03-16 06:55:31,刺网
754,30.146361111111112,123.83741666666668,0.9,170.0,2019-03-16 07:06:01,刺网
754,30.14508333333333,123.83913888888887,1.0,181.0,2019-03-16 07:15:31,刺网
754,30.14388888888889,123.84130555555555,0.7,121.0,2019-03-16 07:25:31,刺网
754,30.14241666666667,123.84344444444444,0.9,148.0,2019-03-16 07:35:31,刺网
754,30.14097222222221,123.84577777777777,1.1,142.0,2019-03-16 07:45:31,刺网
754,30.139777777777766,123.84838888888888,1.6,132.0,2019-03-16 07:55:31,刺网
754,30.13877777777777,123.85072222222222,1.3,62.0,2019-03-16 08:05:31,刺网
754,30.13780555555556,123.85261111111107,1.5,151.0,2019-03-16 08:15:31,刺网
754,30.13675,123.85475,2.3,149.0,2019-03-16 08:25:31,刺网
754,30.135388888888887,123.85677777777776,0.7,132.0,2019-03-16 08:35:31,刺网
754,30.13405555555555,123.85875,0.6,0.0,2019-03-16 08:45:31,刺网
754,30.132444444444445,123.8610277777778,0.9,113.0,2019-03-16 08:55:31,刺网
754,30.13077777777778,123.86322222222222,2.6,157.0,2019-03-16 09:05:30,刺网
754,30.12713888888889,123.8629722222222,7.0,276.0,2019-03-16 09:15:30,刺网
754,30.14466666666667,123.854,8.6,350.0,2019-03-16 09:25:30,刺网
754,30.16691666666667,123.84891666666664,8.3,344.0,2019-03-16 09:35:30,刺网
754,30.1895,123.84577777777777,8.3,16.0,2019-03-16 09:45:30,刺网
754,30.21225,123.84466666666664,8.4,354.0,2019-03-16 09:55:30,刺网
754,30.23622222222221,123.84161111111106,8.5,351.0,2019-03-16 10:06:00,刺网
754,30.258166666666664,123.84202777777777,8.1,353.0,2019-03-16 10:15:30,刺网
754,30.28094444444445,123.84436111111113,8.2,355.0,2019-03-16 10:25:30,刺网
754,30.29433333333333,123.84644444444444,0.0,0.0,2019-03-16 10:35:30,刺网
754,30.29069444444445,123.8462222222222,2.2,177.0,2019-03-16 10:45:30,刺网
754,30.285750000000004,123.84661111111107,2.0,184.0,2019-03-16 10:55:30,刺网
754,30.280638888888888,123.84702777777778,1.6,169.0,2019-03-16 11:05:30,刺网
754,30.275805555555557,123.84702777777778,1.8,175.0,2019-03-16 11:15:30,刺网
754,30.270861111111113,123.84675,1.2,179.0,2019-03-16 11:25:30,刺网
754,30.266027777777786,123.846,1.9,184.0,2019-03-16 11:35:30,刺网
754,30.260638888888888,123.84605555555555,1.2,176.0,2019-03-16 11:45:30,刺网
754,30.25608333333333,123.84672222222223,1.9,180.0,2019-03-16 11:55:30,刺网
754,30.251805555555553,123.84669444444445,2.1,184.0,2019-03-16 12:05:30,刺网
754,30.247138888888887,123.84513888888887,1.7,195.0,2019-03-16 12:15:30,刺网
754,30.24313888888889,123.84383333333332,2.3,167.0,2019-03-16 12:25:30,刺网
754,30.238888888888887,123.84291666666664,1.7,185.0,2019-03-16 12:35:30,刺网
754,30.23483333333333,123.84238888888888,1.6,182.0,2019-03-16 12:45:30,刺网
754,30.231388888888887,123.84266666666667,0.7,146.0,2019-03-16 12:55:30,刺网
754,30.22894444444444,123.84358333333331,1.0,196.0,2019-03-16 13:05:30,刺网
754,30.22719444444445,123.84627777777777,1.6,123.0,2019-03-16 13:15:30,刺网
754,30.225388888888887,123.84641666666666,1.3,170.0,2019-03-16 13:26:01,刺网
754,30.22633333333333,123.8465,0.2,0.0,2019-03-16 13:35:30,刺网
754,30.223777777777766,123.84611111111107,2.2,154.0,2019-03-16 13:45:30,刺网
754,30.22063888888889,123.8465,1.3,173.0,2019-03-16 13:55:30,刺网
754,30.217277777777767,123.84738888888887,1.4,187.0,2019-03-16 14:05:30,刺网
754,30.21436111111111,123.84708333333332,1.2,230.0,2019-03-16 14:15:29,刺网
754,30.21258333333333,123.84508333333332,1.1,257.0,2019-03-16 14:25:29,刺网
754,30.21080555555556,123.84230555555555,1.4,251.0,2019-03-16 14:35:29,刺网
754,30.2085,123.83991666666668,0.5,0.0,2019-03-16 14:45:29,刺网
754,30.20675,123.83883333333333,0.6,0.0,2019-03-16 14:55:29,刺网
754,30.20491666666667,123.83794444444445,0.2,0.0,2019-03-16 15:05:29,刺网
754,30.203027777777766,123.8372222222222,0.8,209.0,2019-03-16 15:15:29,刺网
754,30.201527777777766,123.83661111111113,0.7,89.0,2019-03-16 15:25:29,刺网
754,30.19961111111111,123.83605555555555,0.6,217.0,2019-03-16 15:35:29,刺网
754,30.197944444444442,123.83563888888888,0.6,217.0,2019-03-16 15:45:29,刺网
754,30.197055555555554,123.83569444444444,0.4,0.0,2019-03-16 15:55:29,刺网
754,30.19586111111111,123.83555555555556,0.6,103.0,2019-03-16 16:06:00,刺网
754,30.194944444444445,123.83566666666664,1.0,265.0,2019-03-16 16:15:29,刺网
754,30.19511111111111,123.83563888888888,0.4,0.0,2019-03-16 16:25:29,刺网
754,30.19619444444445,123.83555555555556,0.9,8.0,2019-03-16 16:35:29,刺网
754,30.197,123.8359722222222,0.1,0.0,2019-03-16 16:45:29,刺网
754,30.19386111111111,123.83663888888887,1.7,207.0,2019-03-16 16:55:29,刺网
754,30.18991666666667,123.83144444444444,3.7,237.0,2019-03-16 17:05:29,刺网
754,30.18958333333333,123.82827777777777,0.8,138.0,2019-03-16 17:15:29,刺网
754,30.191111111111113,123.82944444444445,1.3,15.0,2019-03-16 17:25:29,刺网
754,30.19425,123.83025,0.9,27.0,2019-03-16 17:35:29,刺网
754,30.1975,123.83133333333332,0.7,0.0,2019-03-16 17:45:29,刺网
754,30.20105555555556,123.83269444444444,2.3,142.0,2019-03-16 17:55:29,刺网
754,30.202527777777767,123.83538888888887,2.3,80.0,2019-03-16 18:05:29,刺网
754,30.201999999999998,123.83666666666666,0.3,0.0,2019-03-16 18:15:29,刺网
754,30.202277777777766,123.83733333333332,0.7,0.0,2019-03-16 18:25:29,刺网
754,30.188527777777786,123.83538888888887,7.5,204.0,2019-03-16 18:35:29,刺网
754,30.167055555555557,123.83236111111107,8.2,181.0,2019-03-16 18:45:29,刺网
754,30.145222222222234,123.83022222222222,7.6,185.0,2019-03-16 18:55:29,刺网
754,30.12380555555556,123.82761111111112,8.0,194.0,2019-03-16 19:05:29,刺网
754,30.118861111111112,123.82080555555555,0.8,100.0,2019-03-16 19:15:29,刺网
754,30.118805555555557,123.82091666666666,0.5,0.0,2019-03-16 19:25:28,刺网
754,30.118805555555557,123.82091666666666,1.1,149.0,2019-03-16 19:35:28,刺网
754,30.11875,123.8209722222222,1.2,129.0,2019-03-16 19:45:28,刺网
754,30.118777777777765,123.82094444444445,0.1,0.0,2019-03-16 19:55:28,刺网
754,30.118777777777765,123.82091666666666,0.6,5.0,2019-03-16 20:06:00,刺网
754,30.118777777777765,123.8209722222222,0.7,202.0,2019-03-16 20:15:28,刺网
754,30.11872222222221,123.82108333333332,0.5,114.0,2019-03-16 20:25:28,刺网
754,30.11875,123.82105555555556,0.9,334.0,2019-03-16 20:35:28,刺网
754,30.11869444444445,123.82116666666668,0.2,0.0,2019-03-16 20:45:28,刺网
754,30.11872222222221,123.82111111111112,0.5,0.0,2019-03-16 20:55:28,刺网
754,30.11869444444445,123.82113888888887,0.2,0.0,2019-03-16 21:05:28,刺网
754,30.11872222222221,123.82111111111112,0.4,197.0,2019-03-16 21:15:28,刺网
754,30.11875,123.82102777777777,0.2,0.0,2019-03-16 21:25:28,刺网
754,30.11875,123.821,0.4,345.0,2019-03-16 21:35:28,刺网
754,30.11872222222221,123.82116666666668,0.1,0.0,2019-03-16 21:45:28,刺网
754,30.11872222222221,123.82111111111112,0.4,196.0,2019-03-16 21:55:28,刺网
754,30.11872222222221,123.82105555555556,0.4,0.0,2019-03-16 22:05:28,刺网
754,30.11875,123.82094444444445,0.2,0.0,2019-03-16 22:15:28,刺网
754,30.118777777777765,123.82088888888887,0.6,211.0,2019-03-16 22:25:28,刺网
754,30.11883333333333,123.82083333333333,0.0,0.0,2019-03-16 22:35:28,刺网
754,30.11883333333333,123.82080555555555,0.1,0.0,2019-03-16 22:45:28,刺网
754,30.118805555555557,123.82075,0.6,0.0,2019-03-16 22:55:28,刺网
754,30.11883333333333,123.82066666666668,0.2,0.0,2019-03-16 23:05:31,刺网
754,30.118805555555557,123.8204722222222,0.7,0.0,2019-03-16 23:15:28,刺网
754,30.11883333333333,123.82058333333332,0.4,0.0,2019-03-16 23:25:28,刺网
754,30.118861111111112,123.82061111111112,0.3,0.0,2019-03-16 23:36:01,刺网
754,30.11888888888889,123.82052777777777,0.2,0.0,2019-03-16 23:45:28,刺网
754,30.118861111111112,123.82058333333332,0.4,68.0,2019-03-16 23:55:28,刺网
754,30.118861111111112,123.82058333333332,0.5,37.0,2019-03-17 00:05:28,刺网
754,30.11883333333333,123.82075,0.7,87.0,2019-03-17 00:15:28,刺网
754,30.11888888888889,123.82058333333332,0.3,279.0,2019-03-17 00:25:28,刺网
754,30.118861111111112,123.82061111111112,0.6,99.0,2019-03-17 00:35:27,刺网
754,30.11872222222221,123.82105555555556,0.6,11.0,2019-03-17 00:45:27,刺网
754,30.11883333333333,123.82072222222223,1.1,72.0,2019-03-17 00:55:27,刺网
754,30.11883333333333,123.82069444444444,1.0,243.0,2019-03-17 01:05:27,刺网
754,30.118777777777765,123.82094444444445,0.0,0.0,2019-03-17 01:15:27,刺网
754,30.118861111111112,123.82061111111112,0.7,173.0,2019-03-17 01:25:27,刺网
754,30.118861111111112,123.8204722222222,0.3,0.0,2019-03-17 01:35:27,刺网
754,30.11883333333333,123.8207777777778,0.2,0.0,2019-03-17 01:45:27,刺网
754,30.118861111111112,123.82066666666668,1.2,228.0,2019-03-17 01:55:27,刺网
754,30.118861111111112,123.82063888888894,0.4,48.0,2019-03-17 02:06:01,刺网
754,30.11888888888889,123.8204722222222,0.4,320.0,2019-03-17 02:15:27,刺网
754,30.11888888888889,123.82055555555556,1.4,291.0,2019-03-17 02:25:27,刺网
754,30.11888888888889,123.82044444444445,0.2,0.0,2019-03-17 02:35:27,刺网
754,30.11891666666667,123.82030555555555,0.2,0.0,2019-03-17 02:45:27,刺网
754,30.11891666666667,123.8202777777778,0.4,157.0,2019-03-17 02:55:27,刺网
754,30.11888888888889,123.82013888888888,0.1,0.0,2019-03-17 03:05:27,刺网
754,30.11888888888889,123.82016666666668,0.3,0.0,2019-03-17 03:15:27,刺网
754,30.11888888888889,123.82016666666668,0.3,0.0,2019-03-17 03:25:27,刺网
754,30.11888888888889,123.82005555555556,0.3,0.0,2019-03-17 03:35:27,刺网
754,30.118861111111112,123.82,0.4,0.0,2019-03-17 03:45:27,刺网
754,30.118444444444442,123.82011111111107,1.6,200.0,2019-03-17 03:55:27,刺网
754,30.110194444444453,123.81761111111106,5.4,174.0,2019-03-17 04:05:27,刺网
754,30.12369444444445,123.81552777777777,7.4,358.0,2019-03-17 04:15:27,刺网
754,30.14416666666667,123.81680555555555,6.9,3.0,2019-03-17 04:25:27,刺网
754,30.16558333333333,123.8160277777778,8.1,350.0,2019-03-17 04:35:27,刺网
754,30.18708333333333,123.81738888888887,7.7,11.0,2019-03-17 04:45:27,刺网
754,30.21019444444445,123.81658333333333,8.2,354.0,2019-03-17 04:55:55,刺网
754,30.23247222222221,123.81644444444444,9.0,4.0,2019-03-17 05:05:27,刺网
754,30.25597222222222,123.81575,8.8,4.0,2019-03-17 05:15:26,刺网
754,30.244694444444452,123.82133333333331,6.3,159.0,2019-03-17 05:25:26,刺网
754,30.22786111111111,123.8204722222222,3.2,267.0,2019-03-17 05:35:26,刺网
754,30.231222222222208,123.81761111111106,1.9,359.0,2019-03-17 05:45:26,刺网
754,30.235027777777766,123.81711111111113,1.0,347.0,2019-03-17 05:55:26,刺网
754,30.238833333333336,123.81672222222224,2.3,8.0,2019-03-17 06:05:26,刺网
754,30.242611111111113,123.81655555555555,1.9,1.0,2019-03-17 06:15:26,刺网
754,30.24644444444445,123.81647222222222,0.4,0.0,2019-03-17 06:25:26,刺网
754,30.250277777777786,123.81647222222222,1.5,7.0,2019-03-17 06:35:26,刺网
754,30.253916666666665,123.81694444444445,0.2,0.0,2019-03-17 06:45:26,刺网
754,30.25794444444445,123.81780555555555,1.0,12.0,2019-03-17 06:55:55,刺网
754,30.261416666666666,123.81875,1.5,13.0,2019-03-17 07:05:26,刺网
754,30.26508333333333,123.81972222222224,1.3,22.0,2019-03-17 07:15:26,刺网
754,30.268666666666665,123.82086111111107,1.5,16.0,2019-03-17 07:25:26,刺网
754,30.27213888888889,123.82216666666666,0.6,3.0,2019-03-17 07:35:26,刺网
754,30.275472222222234,123.82366666666668,0.3,0.0,2019-03-17 07:45:26,刺网
754,30.27869444444445,123.8252222222222,0.8,23.0,2019-03-17 07:55:26,刺网
754,30.28183333333333,123.82672222222223,0.8,22.0,2019-03-17 08:05:26,刺网
754,30.28483333333333,123.82813888888887,0.4,26.0,2019-03-17 08:15:26,刺网
754,30.28769444444445,123.82969444444444,0.6,26.0,2019-03-17 08:25:26,刺网
754,30.290527777777786,123.8315,1.6,35.0,2019-03-17 08:35:26,刺网
754,30.293138888888887,123.83377777777778,1.8,31.0,2019-03-17 08:45:26,刺网
754,30.295666666666666,123.8359722222222,0.8,45.0,2019-03-17 08:55:26,刺网
754,30.29797222222223,123.83841666666666,0.3,0.0,2019-03-17 09:05:26,刺网
754,30.30019444444445,123.84083333333332,0.5,46.0,2019-03-17 09:15:26,刺网
754,30.302277777777785,123.8432222222222,0.3,0.0,2019-03-17 09:25:26,刺网
754,30.30419444444445,123.84591666666668,0.8,77.0,2019-03-17 09:35:26,刺网
754,30.298472222222234,123.84033333333332,6.7,202.0,2019-03-17 09:45:25,刺网
754,30.28783333333333,123.83013888888887,1.6,197.0,2019-03-17 09:55:25,刺网
754,30.28408333333333,123.83075,2.3,155.0,2019-03-17 10:05:54,刺网
754,30.27983333333333,123.83191666666666,2.0,156.0,2019-03-17 10:15:25,刺网
754,30.275166666666664,123.83266666666668,1.4,172.0,2019-03-17 10:25:25,刺网
754,30.27036111111111,123.83355555555555,2.0,161.0,2019-03-17 10:35:25,刺网
754,30.265472222222233,123.83436111111112,1.9,181.0,2019-03-17 10:45:25,刺网
754,30.2605,123.83483333333332,1.7,178.0,2019-03-17 10:55:24,刺网
754,30.255527777777786,123.83577777777776,1.9,190.0,2019-03-17 11:05:24,刺网
754,30.25038888888889,123.83669444444445,2.2,178.0,2019-03-17 11:15:24,刺网
754,30.24519444444445,123.83711111111113,2.3,168.0,2019-03-17 11:25:24,刺网
754,30.23991666666667,123.83713888888887,2.0,175.0,2019-03-17 11:35:24,刺网
754,30.23491666666667,123.83652777777776,1.6,173.0,2019-03-17 11:45:25,刺网
754,30.229805555555554,123.83536111111113,1.8,182.0,2019-03-17 11:55:24,刺网
754,30.224694444444445,123.83519444444444,1.4,190.0,2019-03-17 12:05:24,刺网
754,30.219361111111112,123.83488888888887,1.5,178.0,2019-03-17 12:15:24,刺网
754,30.214055555555554,123.83375,2.5,210.0,2019-03-17 12:25:24,刺网
754,30.209083333333336,123.83252777777777,1.7,197.0,2019-03-17 12:35:24,刺网
754,30.20427777777777,123.83144444444444,1.7,217.0,2019-03-17 12:45:24,刺网
754,30.199277777777766,123.83033333333334,1.6,200.0,2019-03-17 12:55:24,刺网
754,30.194472222222235,123.82958333333332,1.5,202.0,2019-03-17 13:05:24,刺网
754,30.19013888888889,123.82852777777778,2.1,203.0,2019-03-17 13:15:24,刺网
754,30.18572222222221,123.82741666666666,2.1,195.0,2019-03-17 13:25:24,刺网
754,30.18122222222221,123.8262777777778,1.9,187.0,2019-03-17 13:35:24,刺网
754,30.17677777777779,123.82519444444445,1.6,188.0,2019-03-17 13:45:36,刺网
754,30.172527777777766,123.82408333333332,1.3,206.0,2019-03-17 13:55:24,刺网
