渔船ID,lat,lon,速度,方向,time,type
962,29.944277777777767,122.29569444444445,0.0,0.0,2018-08-22 22:34:01,围网
962,29.944277777777767,122.29563888888887,0.0,0.0,2018-08-22 22:44:01,围网
962,29.944277777777767,122.29558333333333,0.0,0.0,2018-08-22 22:54:01,围网
962,29.944305555555548,122.29552777777776,0.1,0.0,2018-08-22 23:04:01,围网
962,29.94433333333333,122.29563888888887,0.1,0.0,2018-08-22 23:14:01,围网
962,29.944277777777767,122.29558333333333,0.0,0.0,2018-08-22 23:24:01,围网
962,29.94433333333333,122.29561111111113,0.0,0.0,2018-08-22 23:34:01,围网
962,29.944277777777767,122.29561111111113,0.1,0.0,2018-08-22 23:44:01,围网
962,29.944388888888888,122.29547222222222,0.3,0.0,2018-08-22 23:54:01,围网
962,29.944277777777767,122.29566666666666,0.0,0.0,2018-08-23 00:05:01,围网
962,29.944277777777767,122.29566666666666,0.0,0.0,2018-08-23 00:14:01,围网
962,29.94425,122.29569444444445,0.0,0.0,2018-08-23 00:24:01,围网
962,29.94425,122.29563888888887,0.0,0.0,2018-08-23 00:34:01,围网
962,29.94425,122.29566666666666,0.0,0.0,2018-08-23 00:44:01,围网
962,29.94425,122.29566666666666,0.0,0.0,2018-08-23 00:54:01,围网
962,29.944305555555548,122.29566666666666,0.0,0.0,2018-08-23 01:04:01,围网
962,29.944277777777767,122.29566666666666,0.0,0.0,2018-08-23 01:14:01,围网
962,29.944305555555548,122.29569444444445,0.0,0.0,2018-08-23 01:24:01,围网
962,29.944305555555548,122.29566666666666,0.0,0.0,2018-08-23 01:34:01,围网
962,29.944305555555548,122.29569444444445,0.0,0.0,2018-08-23 01:44:01,围网
962,29.944305555555548,122.2957222222222,0.0,0.0,2018-08-23 02:04:01,围网
962,29.94425,122.29566666666666,0.0,0.0,2018-08-23 02:14:01,围网
962,29.944277777777767,122.29563888888887,0.0,0.0,2018-08-23 02:24:01,围网
962,29.944277777777767,122.29575,0.0,0.0,2018-08-23 02:34:01,围网
962,29.94425,122.29569444444445,0.0,0.0,2018-08-23 02:44:01,围网
962,29.944222222222226,122.2957222222222,0.0,0.0,2018-08-23 02:54:01,围网
962,29.944222222222226,122.29566666666666,0.0,0.0,2018-08-23 03:04:01,围网
962,29.944222222222226,122.2957222222222,0.0,0.0,2018-08-23 03:14:01,围网
962,29.94425,122.29563888888887,0.0,0.0,2018-08-23 03:24:01,围网
962,29.94416666666667,122.29563888888887,0.5,0.0,2018-08-23 03:34:01,围网
962,29.944222222222226,122.29569444444445,0.0,0.0,2018-08-23 03:45:01,围网
962,29.944222222222226,122.29569444444445,0.0,0.0,2018-08-23 03:54:01,围网
962,29.944222222222226,122.29561111111113,0.0,0.0,2018-08-23 04:04:01,围网
962,29.94425,122.29558333333333,0.0,0.0,2018-08-23 04:14:01,围网
962,29.944222222222226,122.29561111111113,0.0,0.0,2018-08-23 04:24:01,围网
962,29.944194444444445,122.29555555555555,0.0,0.0,2018-08-23 04:34:01,围网
962,29.944222222222226,122.29555555555555,0.0,0.0,2018-08-23 04:44:01,围网
962,29.944277777777767,122.29561111111113,0.0,0.0,2018-08-23 04:54:01,围网
962,29.94425,122.29558333333333,0.0,0.0,2018-08-23 05:04:01,围网
962,29.944222222222226,122.29561111111113,0.0,0.0,2018-08-23 05:14:01,围网
962,29.94444444444445,122.29544444444444,0.0,0.0,2018-08-23 05:24:01,围网
962,29.94433333333333,122.2955,0.0,0.0,2018-08-23 05:44:01,围网
962,29.94433333333333,122.2955,0.3,5.0,2018-08-23 05:54:01,围网
962,29.94425,122.29566666666666,0.0,0.0,2018-08-23 06:05:01,围网
962,29.944222222222226,122.29558333333333,0.0,0.0,2018-08-23 06:14:01,围网
962,29.944277777777767,122.29566666666666,0.0,0.0,2018-08-23 06:24:01,围网
962,29.94425,122.29561111111113,0.0,0.0,2018-08-23 06:34:01,围网
962,29.94425,122.29563888888887,0.0,0.0,2018-08-23 06:44:01,围网
962,29.944277777777767,122.29563888888887,0.0,0.0,2018-08-23 06:54:01,围网
962,29.944222222222226,122.29566666666666,0.0,0.0,2018-08-23 07:04:01,围网
962,29.944305555555548,122.29561111111113,0.0,0.0,2018-08-23 07:14:01,围网
962,29.944305555555548,122.29566666666666,0.0,0.0,2018-08-23 07:24:01,围网
962,29.944277777777767,122.29566666666666,0.1,0.0,2018-08-23 07:34:01,围网
962,29.944305555555548,122.29566666666666,0.1,0.0,2018-08-23 07:44:01,围网
962,29.944222222222226,122.29569444444445,0.1,0.0,2018-08-23 07:54:01,围网
962,29.944277777777767,122.29563888888887,0.0,0.0,2018-08-23 08:04:01,围网
962,29.94425,122.29569444444445,0.0,0.0,2018-08-23 08:14:01,围网
962,29.94425,122.2957222222222,0.1,0.0,2018-08-23 08:24:01,围网
962,29.944222222222226,122.29575,0.3,0.0,2018-08-23 08:34:01,围网
962,29.94433333333333,122.29561111111113,0.3,0.0,2018-08-23 08:44:01,围网
962,29.94433333333333,122.29563888888887,0.6,131.0,2018-08-23 08:54:01,围网
962,29.944194444444445,122.29583333333332,0.3,0.0,2018-08-23 09:04:01,围网
962,29.944194444444445,122.29583333333332,0.4,134.0,2018-08-23 09:14:01,围网
962,29.944472222222235,122.29536111111106,0.3,0.0,2018-08-23 09:24:01,围网
962,29.944194444444445,122.29577777777777,0.0,0.0,2018-08-23 09:34:01,围网
962,29.944277777777767,122.29561111111113,0.3,0.0,2018-08-23 09:44:01,围网
962,29.944277777777767,122.29561111111113,0.2,0.0,2018-08-23 09:54:01,围网
962,29.94425,122.29569444444445,0.0,0.0,2018-08-23 10:05:01,围网
962,29.944277777777767,122.29569444444445,0.0,0.0,2018-08-23 10:14:01,围网
962,29.944277777777767,122.29566666666666,0.0,0.0,2018-08-23 10:24:01,围网
962,29.94425,122.29566666666666,0.0,0.0,2018-08-23 10:34:01,围网
962,29.944222222222226,122.29569444444445,0.0,0.0,2018-08-23 10:44:01,围网
962,29.94425,122.29566666666666,0.0,0.0,2018-08-23 10:54:01,围网
962,29.944277777777767,122.29569444444445,0.0,0.0,2018-08-23 11:04:01,围网
962,29.944305555555548,122.29566666666666,0.0,0.0,2018-08-23 11:14:01,围网
962,29.94433333333333,122.29566666666666,0.0,0.0,2018-08-23 11:24:01,围网
962,29.944305555555548,122.2957222222222,0.0,0.0,2018-08-23 11:34:01,围网
962,29.944277777777767,122.29563888888887,0.3,0.0,2018-08-23 11:44:01,围网
962,29.944305555555548,122.2957222222222,0.1,0.0,2018-08-23 11:54:01,围网
962,29.944277777777767,122.29569444444445,0.0,0.0,2018-08-23 12:04:01,围网
962,29.944277777777767,122.29566666666666,0.0,0.0,2018-08-23 12:14:01,围网
962,29.944305555555548,122.29566666666666,0.0,0.0,2018-08-23 12:24:01,围网
962,29.944277777777767,122.2957222222222,0.1,0.0,2018-08-23 12:34:01,围网
962,29.944305555555548,122.29566666666666,0.0,0.0,2018-08-23 12:44:01,围网
962,29.944277777777767,122.29569444444445,0.0,0.0,2018-08-23 12:54:01,围网
962,29.94433333333333,122.29575,0.0,0.0,2018-08-23 13:04:01,围网
962,29.944222222222226,122.29769444444445,2.8,79.0,2018-08-23 13:14:01,围网
962,29.942027777777767,122.3165,6.7,76.0,2018-08-23 13:24:01,围网
962,29.94958333333333,122.3249722222222,6.0,32.0,2018-08-23 13:35:01,围网
962,29.963416666666664,122.33477777777777,6.5,50.0,2018-08-23 13:44:01,围网
962,29.970222222222233,122.35508333333333,8.5,94.0,2018-08-23 13:54:01,围网
962,29.970916666666664,122.38516666666668,9.5,85.0,2018-08-23 14:04:01,围网
962,29.975055555555553,122.41430555555556,8.2,93.0,2018-08-23 14:14:01,围网
962,29.974416666666666,122.43963888888894,7.3,81.0,2018-08-23 14:24:01,围网
962,29.972527777777767,122.46436111111113,9.9,125.0,2018-08-23 14:34:01,围网
962,29.955472222222234,122.48961111111113,8.6,110.0,2018-08-23 14:44:01,围网
962,29.946361111111113,122.51597222222222,9.2,116.0,2018-08-23 14:54:01,围网
962,29.93686111111111,122.54102777777777,8.4,109.0,2018-08-23 15:04:01,围网
962,29.93066666666667,122.56508333333332,8.8,115.0,2018-08-23 15:14:01,围网
962,29.9225,122.58938888888888,8.0,108.0,2018-08-23 15:24:01,围网
962,29.91147222222222,122.61519444444444,8.9,110.0,2018-08-23 15:34:01,围网
962,29.903666666666666,122.64086111111112,7.9,104.0,2018-08-23 15:44:01,围网
962,29.89852777777779,122.66616666666668,7.9,107.0,2018-08-23 15:54:01,围网
962,29.88525,122.7164722222222,8.8,116.0,2018-08-23 16:14:01,围网
962,29.877,122.74058333333332,7.9,113.0,2018-08-23 16:24:01,围网
962,29.871333333333336,122.76416666666668,7.4,99.0,2018-08-23 16:34:01,围网
962,29.862361111111113,122.7877777777778,8.5,123.0,2018-08-23 16:44:01,围网
962,29.85375,122.81133333333332,8.4,112.0,2018-08-23 16:54:01,围网
962,29.845861111111113,122.8345,7.8,109.0,2018-08-23 17:04:01,围网
962,29.839166666666664,122.85816666666666,7.9,94.0,2018-08-23 17:14:01,围网
962,29.83430555555555,122.88180555555556,7.8,97.0,2018-08-23 17:24:01,围网
962,29.82925,122.90538888888894,7.6,99.0,2018-08-23 17:34:01,围网
962,29.824388888888887,122.92922222222224,7.2,91.0,2018-08-23 17:44:01,围网
962,29.81944444444445,122.95252777777776,7.3,114.0,2018-08-23 17:54:01,围网
962,29.80741666666667,122.9735277777778,8.6,124.0,2018-08-23 18:04:01,围网
962,29.794305555555557,122.99433333333334,6.9,121.0,2018-08-23 18:14:01,围网
962,29.78097222222221,123.01491666666666,7.9,142.0,2018-08-23 18:24:01,围网
962,29.766416666666668,123.0325,7.1,113.0,2018-08-23 18:34:01,围网
962,29.755805555555558,123.05469444444445,7.7,120.0,2018-08-23 18:44:01,围网
962,29.748472222222233,123.07788888888888,7.1,107.0,2018-08-23 18:54:01,围网
962,29.74288888888889,123.1020277777778,8.5,102.0,2018-08-23 19:04:01,围网
962,29.73619444444445,123.12788888888888,7.9,111.0,2018-08-23 19:15:01,围网
962,29.72813888888889,123.15058333333332,8.0,123.0,2018-08-23 19:24:01,围网
962,29.71919444444445,123.17408333333334,8.3,114.0,2018-08-23 19:34:01,围网
962,29.710472222222233,123.19730555555556,7.1,110.0,2018-08-23 19:44:01,围网
962,29.703194444444442,123.22133333333332,8.7,107.0,2018-08-23 19:54:01,围网
962,29.697111111111113,123.24597222222219,8.6,102.0,2018-08-23 20:04:01,围网
962,29.692222222222235,123.27108333333332,8.1,106.0,2018-08-23 20:14:01,围网
962,29.68788888888889,123.29611111111107,8.2,98.0,2018-08-23 20:24:01,围网
962,29.683722222222233,123.32094444444445,8.1,99.0,2018-08-23 20:34:01,围网
962,29.68258333333333,123.34086111111107,1.0,0.0,2018-08-23 20:44:01,围网
962,29.6845,123.34105555555556,2.6,100.0,2018-08-23 20:54:01,围网
962,29.682055555555557,123.34786111111113,2.1,126.0,2018-08-23 21:04:01,围网
962,29.68047222222223,123.35261111111107,1.0,91.0,2018-08-23 21:15:01,围网
962,29.67897222222221,123.35725,2.1,106.0,2018-08-23 21:24:01,围网
962,29.677722222222233,123.36225,1.7,102.0,2018-08-23 21:34:01,围网
962,29.676222222222233,123.36724999999998,1.8,131.0,2018-08-23 21:44:01,围网
962,29.675,123.37236111111108,1.8,128.0,2018-08-23 21:54:01,围网
962,29.67394444444445,123.37766666666668,2.1,101.0,2018-08-23 22:04:01,围网
962,29.673027777777786,123.383,1.7,84.0,2018-08-23 22:14:01,围网
962,29.672305555555557,123.38838888888893,2.1,86.0,2018-08-23 22:24:01,围网
962,29.67166666666667,123.39375,2.0,109.0,2018-08-23 22:34:01,围网
962,29.670666666666666,123.39913888888887,2.3,103.0,2018-08-23 22:44:01,围网
962,29.668055555555558,123.40444444444445,2.3,125.0,2018-08-23 22:54:01,围网
962,29.665222222222226,123.40947222222222,2.9,118.0,2018-08-23 23:04:01,围网
962,29.662277777777767,123.41438888888894,2.8,142.0,2018-08-23 23:14:01,围网
962,29.659277777777767,123.41930555555555,2.6,123.0,2018-08-23 23:24:01,围网
962,29.654416666666666,123.42288888888888,3.2,137.0,2018-08-23 23:34:01,围网
962,29.6495,123.42619444444445,1.9,136.0,2018-08-23 23:44:01,围网
962,29.64463888888889,123.42930555555556,2.7,146.0,2018-08-23 23:54:01,围网
962,29.63952777777777,123.43280555555555,2.6,165.0,2018-08-24 00:05:01,围网
962,29.634888888888888,123.43588888888893,2.9,163.0,2018-08-24 00:14:01,围网
962,29.630472222222235,123.43986111111113,2.2,127.0,2018-08-24 00:24:01,围网
962,29.62755555555556,123.44544444444445,2.0,119.0,2018-08-24 00:34:01,围网
962,29.624527777777786,123.45038888888894,2.8,140.0,2018-08-24 00:44:01,围网
962,29.621472222222234,123.45525,1.8,98.0,2018-08-24 00:54:01,围网
962,29.61855555555556,123.46,2.3,99.0,2018-08-24 01:04:01,围网
962,29.61569444444445,123.46475,2.9,143.0,2018-08-24 01:14:01,围网
962,29.61133333333333,123.46883333333334,1.9,141.0,2018-08-24 01:24:01,围网
962,29.606333333333332,123.47230555555555,3.0,159.0,2018-08-24 01:34:01,围网
962,29.6015,123.47555555555556,2.2,158.0,2018-08-24 01:44:01,围网
962,29.59675,123.47891666666666,1.3,150.0,2018-08-24 01:54:01,围网
962,29.591805555555553,123.48169444444444,1.9,176.0,2018-08-24 02:04:01,围网
962,29.58658333333333,123.48383333333334,2.2,165.0,2018-08-24 02:14:01,围网
962,29.58138888888889,123.4857222222222,2.7,163.0,2018-08-24 02:24:01,围网
962,29.578277777777767,123.48508333333334,1.2,296.0,2018-08-24 02:34:01,围网
962,29.57927777777777,123.48288888888894,0.2,0.0,2018-08-24 02:44:01,围网
962,29.577666666666666,123.48319444444445,1.7,131.0,2018-08-24 02:54:01,围网
962,29.574527777777767,123.48338888888892,3.2,192.0,2018-08-24 03:04:01,围网
962,29.57108333333333,123.48375,1.1,178.0,2018-08-24 03:14:01,围网
962,29.567694444444445,123.48208333333334,5.5,273.0,2018-08-24 03:24:01,围网
962,29.56483333333333,123.47341666666668,3.0,199.0,2018-08-24 03:35:01,围网
962,29.559527777777767,123.47080555555556,2.2,200.0,2018-08-24 03:44:01,围网
962,29.554000000000002,123.46963888888894,2.6,171.0,2018-08-24 03:54:01,围网
962,29.54858333333333,123.46911111111108,2.3,181.0,2018-08-24 04:05:01,围网
962,29.543861111111113,123.46883333333334,1.7,164.0,2018-08-24 04:14:01,围网
962,29.53911111111111,123.46847222222222,1.5,204.0,2018-08-24 04:24:01,围网
962,29.53444444444445,123.46794444444444,1.0,182.0,2018-08-24 04:34:01,围网
962,29.52986111111111,123.46733333333331,1.9,205.0,2018-08-24 04:44:01,围网
962,29.525388888888887,123.46661111111106,2.0,187.0,2018-08-24 04:54:01,围网
962,29.52108333333333,123.46577777777777,1.6,221.0,2018-08-24 05:04:01,围网
962,29.51691666666667,123.46483333333332,0.9,168.0,2018-08-24 05:14:01,围网
962,29.512888888888888,123.46388888888887,2.4,188.0,2018-08-24 05:24:01,围网
962,29.508861111111113,123.4625,0.9,203.0,2018-08-24 05:34:01,围网
962,29.50525,123.46025,1.8,190.0,2018-08-24 05:44:01,围网
962,29.501805555555553,123.45775,2.0,235.0,2018-08-24 05:54:01,围网
962,29.49866666666667,123.45491666666668,2.1,221.0,2018-08-24 06:04:01,围网
962,29.496388888888887,123.45069444444445,1.6,256.0,2018-08-24 06:14:01,围网
962,29.49594444444445,123.4455,1.6,275.0,2018-08-24 06:24:01,围网
962,29.49630555555556,123.44061111111112,1.3,297.0,2018-08-24 06:34:01,围网
962,29.497750000000003,123.43641666666667,1.2,322.0,2018-08-24 06:44:01,围网
962,29.501444444444445,123.43322222222223,2.1,353.0,2018-08-24 06:55:01,围网
962,29.505111111111113,123.43166666666669,1.0,357.0,2018-08-24 07:04:01,围网
962,29.50861111111111,123.43,1.2,341.0,2018-08-24 07:14:01,围网
962,29.51216666666667,123.42844444444445,1.8,332.0,2018-08-24 07:24:01,围网
962,29.515555555555554,123.42669444444445,2.0,312.0,2018-08-24 07:34:01,围网
962,29.518916666666666,123.4249722222222,1.6,346.0,2018-08-24 07:44:01,围网
962,29.52219444444445,123.42322222222224,1.1,339.0,2018-08-24 07:54:01,围网
962,29.5255,123.42166666666668,1.8,347.0,2018-08-24 08:04:01,围网
962,29.52883333333333,123.42025,0.9,330.0,2018-08-24 08:14:01,围网
962,29.53211111111111,123.41888888888887,1.2,340.0,2018-08-24 08:24:01,围网
962,29.53388888888889,123.41911111111106,1.0,133.0,2018-08-24 08:34:01,围网
962,29.531666666666666,123.4220277777778,2.0,183.0,2018-08-24 08:44:01,围网
962,29.530277777777766,123.42294444444444,3.3,178.0,2018-08-24 08:54:01,围网
962,29.530055555555553,123.42288888888888,1.2,128.0,2018-08-24 09:04:01,围网
962,29.529888888888888,123.42288888888888,0.5,0.0,2018-08-24 09:14:01,围网
962,29.530638888888888,123.41605555555556,0.7,338.0,2018-08-24 09:24:01,围网
962,29.52883333333333,123.41313888888894,1.7,211.0,2018-08-24 09:34:01,围网
962,29.52558333333333,123.41111111111113,3.0,177.0,2018-08-24 09:44:01,围网
962,29.52175,123.419,2.9,94.0,2018-08-24 09:54:01,围网
962,29.520111111111113,123.42505555555556,2.2,108.0,2018-08-24 10:05:01,围网
962,29.51969444444445,123.43022222222223,2.0,75.0,2018-08-24 10:14:01,围网
962,29.5205,123.43536111111112,1.5,81.0,2018-08-24 10:24:01,围网
962,29.520777777777766,123.44022222222222,1.4,105.0,2018-08-24 10:34:01,围网
962,29.519222222222233,123.44522222222223,1.6,132.0,2018-08-24 10:44:01,围网
962,29.517972222222234,123.45005555555555,1.8,123.0,2018-08-24 10:54:01,围网
962,29.516472222222234,123.45483333333334,2.8,134.0,2018-08-24 11:04:01,围网
962,29.51433333333333,123.45944444444444,2.8,122.0,2018-08-24 11:14:01,围网
962,29.51144444444445,123.46391666666666,2.9,114.0,2018-08-24 11:24:01,围网
962,29.508138888888887,123.46805555555555,2.2,139.0,2018-08-24 11:34:01,围网
962,29.50363888888889,123.47088888888894,1.9,166.0,2018-08-24 11:44:01,围网
962,29.49897222222221,123.47313888888893,1.9,0.0,2018-08-24 11:54:01,围网
962,29.493944444444452,123.47497222222222,1.3,159.0,2018-08-24 12:05:01,围网
962,29.48941666666667,123.47647222222223,2.2,166.0,2018-08-24 12:14:01,围网
962,29.48475,123.47791666666666,1.8,177.0,2018-08-24 12:24:01,围网
962,29.479861111111113,123.47936111111113,2.1,166.0,2018-08-24 12:34:01,围网
962,29.47486111111111,123.48061111111113,2.0,188.0,2018-08-24 12:44:01,围网
962,29.469805555555553,123.48158333333332,2.0,179.0,2018-08-24 12:54:01,围网
962,29.46463888888889,123.48225,1.7,168.0,2018-08-24 13:04:01,围网
962,29.45944444444445,123.4825277777778,2.1,172.0,2018-08-24 13:14:01,围网
962,29.45422222222221,123.4825277777778,1.9,185.0,2018-08-24 13:24:01,围网
962,29.44908333333333,123.48213888888893,1.4,178.0,2018-08-24 13:34:01,围网
962,29.44400000000001,123.48125,1.5,185.0,2018-08-24 13:44:01,围网
962,29.439138888888888,123.48,1.4,183.0,2018-08-24 13:54:01,围网
962,29.434277777777766,123.47855555555556,1.5,212.0,2018-08-24 14:04:01,围网
962,29.429444444444453,123.47672222222224,2.7,183.0,2018-08-24 14:14:01,围网
962,29.424722222222233,123.47458333333331,2.3,218.0,2018-08-24 14:24:01,围网
962,29.41991666666667,123.47252777777777,2.1,205.0,2018-08-24 14:34:01,围网
962,29.414666666666665,123.47130555555556,2.1,199.0,2018-08-24 14:44:01,围网
962,29.411222222222207,123.46911111111108,0.7,318.0,2018-08-24 14:54:01,围网
962,29.412972222222226,123.4687777777778,1.2,36.0,2018-08-24 15:04:01,围网
962,29.41233333333333,123.46911111111108,0.9,209.0,2018-08-24 15:14:01,围网
962,29.409527777777768,123.46561111111113,1.3,219.0,2018-08-24 15:24:01,围网
962,29.41175,123.46266666666668,5.1,351.0,2018-08-24 15:34:01,围网
962,29.415222222222226,123.45783333333334,6.2,342.0,2018-08-24 15:44:01,围网
962,29.417666666666666,123.45291666666668,1.6,288.0,2018-08-24 15:55:01,围网
962,29.41922222222223,123.44886111111113,2.1,297.0,2018-08-24 16:04:01,围网
962,29.42094444444445,123.44516666666668,1.4,337.0,2018-08-24 16:14:01,围网
962,29.424138888888887,123.44338888888893,1.2,8.0,2018-08-24 16:24:01,围网
962,29.427027777777766,123.44108333333332,1.3,337.0,2018-08-24 16:34:01,围网
962,29.43,123.43894444444445,1.7,333.0,2018-08-24 16:44:01,围网
962,29.433138888888887,123.43669444444444,0.2,0.0,2018-08-24 16:54:01,围网
962,29.43625,123.43447222222223,1.5,315.0,2018-08-24 17:04:01,围网
962,29.439416666666666,123.4322222222222,1.9,319.0,2018-08-24 17:14:01,围网
962,29.442555555555554,123.42994444444444,1.7,322.0,2018-08-24 17:24:01,围网
962,29.44580555555555,123.4275,0.8,339.0,2018-08-24 17:34:01,围网
962,29.44925,123.42541666666666,2.0,326.0,2018-08-24 17:44:01,围网
962,29.45277777777777,123.42375,2.5,321.0,2018-08-24 17:54:01,围网
962,29.45644444444445,123.42169444444444,1.4,335.0,2018-08-24 18:05:01,围网
962,29.463527777777767,123.422,1.0,11.0,2018-08-24 18:24:01,围网
962,29.46708333333333,123.42266666666669,1.6,26.0,2018-08-24 18:34:01,围网
962,29.47063888888889,123.42361111111113,0.8,34.0,2018-08-24 18:44:01,围网
962,29.47433333333333,123.42455555555556,1.5,41.0,2018-08-24 18:54:01,围网
962,29.47855555555555,123.42383333333332,1.8,341.0,2018-08-24 19:04:01,围网
962,29.482805555555554,123.42247222222224,1.2,341.0,2018-08-24 19:14:01,围网
962,29.487055555555557,123.42113888888888,2.4,331.0,2018-08-24 19:24:01,围网
962,29.49138888888889,123.41975,1.6,358.0,2018-08-24 19:34:01,围网
962,29.49580555555556,123.41816666666666,1.7,356.0,2018-08-24 19:44:01,围网
962,29.499972222222233,123.41613888888894,2.2,337.0,2018-08-24 19:54:01,围网
962,29.50425,123.41386111111113,1.2,350.0,2018-08-24 20:04:01,围网
962,29.508388888888888,123.41180555555556,1.2,343.0,2018-08-24 20:14:01,围网
962,29.511999999999997,123.40922222222223,1.7,330.0,2018-08-24 20:24:01,围网
962,29.515777777777767,123.40663888888888,2.4,313.0,2018-08-24 20:35:01,围网
962,29.519416666666668,123.40475,1.8,342.0,2018-08-24 20:44:01,围网
962,29.51955555555555,123.40688888888887,1.5,144.0,2018-08-24 20:54:01,围网
962,29.516527777777767,123.4080277777778,2.2,296.0,2018-08-24 21:04:01,围网
962,29.518638888888887,123.406,1.3,291.0,2018-08-24 21:14:01,围网
962,29.52083333333333,123.40294444444444,1.4,308.0,2018-08-24 21:24:01,围网
962,29.523666666666664,123.40200000000002,4.2,79.0,2018-08-24 21:34:01,围网
962,29.526111111111113,123.41094444444445,1.8,94.0,2018-08-24 21:44:01,围网
962,29.52722222222221,123.41547222222223,1.9,55.0,2018-08-24 21:54:01,围网
962,29.52813888888889,123.42005555555555,1.6,74.0,2018-08-24 22:04:01,围网
962,29.52922222222222,123.42461111111112,1.8,70.0,2018-08-24 22:14:01,围网
962,29.530166666666666,123.42927777777778,1.6,117.0,2018-08-24 22:24:01,围网
962,29.531055555555557,123.43383333333334,2.0,128.0,2018-08-24 22:34:01,围网
962,29.531527777777768,123.43858333333333,2.3,98.0,2018-08-24 22:44:01,围网
962,29.530527777777767,123.44380555555556,1.7,90.0,2018-08-24 22:54:01,围网
962,29.52933333333333,123.44888888888887,1.0,0.0,2018-08-24 23:04:01,围网
962,29.527972222222232,123.45369444444445,3.5,127.0,2018-08-24 23:14:01,围网
962,29.52658333333333,123.45836111111113,5.3,118.0,2018-08-24 23:24:01,围网
962,29.52494444444445,123.46330555555555,2.0,87.0,2018-08-24 23:35:01,围网
962,29.52172222222222,123.46716666666669,2.2,154.0,2018-08-24 23:44:01,围网
962,29.51775,123.47058333333334,1.9,149.0,2018-08-24 23:54:01,围网
962,29.514111111111113,123.47397222222223,1.4,123.0,2018-08-25 00:04:01,围网
962,29.510055555555557,123.47686111111112,2.2,141.0,2018-08-25 00:14:01,围网
962,29.50597222222222,123.47969444444445,2.0,141.0,2018-08-25 00:24:01,围网
962,29.50188888888889,123.48255555555555,2.1,152.0,2018-08-25 00:34:01,围网
962,29.497277777777786,123.48441666666666,1.6,145.0,2018-08-25 00:44:01,围网
962,29.49286111111111,123.48619444444445,2.0,170.0,2018-08-25 00:54:01,围网
962,29.48838888888889,123.488,1.2,139.0,2018-08-25 01:04:01,围网
962,29.484055555555553,123.48983333333334,1.7,159.0,2018-08-25 01:14:01,围网
962,29.47958333333333,123.49163888888887,1.7,157.0,2018-08-25 01:24:01,围网
962,29.47513888888889,123.49344444444445,2.0,172.0,2018-08-25 01:34:01,围网
962,29.47075,123.49519444444445,1.0,170.0,2018-08-25 01:44:01,围网
962,29.466444444444445,123.49691666666666,2.0,158.0,2018-08-25 01:54:01,围网
962,29.46188888888889,123.49883333333334,1.9,157.0,2018-08-25 02:05:01,围网
962,29.45788888888889,123.5005,1.1,161.0,2018-08-25 02:14:01,围网
962,29.45363888888889,123.50230555555555,1.4,190.0,2018-08-25 02:24:01,围网
962,29.44941666666667,123.50402777777781,2.2,172.0,2018-08-25 02:34:01,围网
962,29.445166666666665,123.50583333333331,1.5,159.0,2018-08-25 02:44:01,围网
962,29.44080555555556,123.50683333333332,2.6,194.0,2018-08-25 02:54:01,围网
962,29.436,123.50569444444444,1.7,188.0,2018-08-25 03:04:01,围网
962,29.43166666666667,123.50436111111112,1.9,182.0,2018-08-25 03:14:01,围网
962,29.430611111111112,123.50230555555555,0.2,0.0,2018-08-25 03:24:01,围网
962,29.434277777777766,123.50355555555555,1.1,204.0,2018-08-25 03:44:01,围网
962,29.43411111111111,123.50255555555556,1.4,271.0,2018-08-25 03:54:01,围网
962,29.434722222222234,123.50147222222222,0.7,298.0,2018-08-25 04:04:01,围网
962,29.433083333333336,123.50722222222224,3.8,108.0,2018-08-25 04:14:01,围网
962,29.42991666666667,123.5097222222222,2.3,184.0,2018-08-25 04:24:01,围网
962,29.42505555555556,123.5097222222222,1.2,189.0,2018-08-25 04:34:01,围网
962,29.42072222222221,123.50802777777777,1.7,191.0,2018-08-25 04:44:01,围网
962,29.41708333333333,123.50577777777778,1.5,220.0,2018-08-25 04:54:01,围网
962,29.41419444444445,123.502,1.5,227.0,2018-08-25 05:04:01,围网
962,29.41158333333333,123.49847222222222,2.4,172.0,2018-08-25 05:14:01,围网
962,29.40908333333333,123.4950277777778,0.7,0.0,2018-08-25 05:24:01,围网
962,29.407138888888888,123.49080555555555,1.7,240.0,2018-08-25 05:34:01,围网
962,29.40580555555556,123.48597222222222,1.6,240.0,2018-08-25 05:45:01,围网
962,29.40633333333333,123.48069444444445,1.9,289.0,2018-08-25 05:54:01,围网
962,29.41113888888889,123.4712777777778,1.7,302.0,2018-08-25 06:14:01,围网
962,29.41375,123.46694444444445,1.8,293.0,2018-08-25 06:24:01,围网
962,29.41625,123.46266666666668,2.5,322.0,2018-08-25 06:34:01,围网
962,29.418861111111113,123.45836111111113,1.9,305.0,2018-08-25 06:44:01,围网
962,29.42208333333333,123.45466666666668,2.4,343.0,2018-08-25 06:54:01,围网
962,29.42613888888889,123.45180555555555,1.5,333.0,2018-08-25 07:04:01,围网
962,29.43025,123.4495,1.6,321.0,2018-08-25 07:14:01,围网
962,29.434361111111112,123.44719444444445,2.3,4.0,2018-08-25 07:24:01,围网
962,29.43844444444445,123.44488888888893,1.3,322.0,2018-08-25 07:34:01,围网
962,29.442555555555554,123.44261111111112,2.1,341.0,2018-08-25 07:44:01,围网
962,29.44686111111111,123.44055555555555,1.2,0.0,2018-08-25 07:54:01,围网
962,29.451305555555557,123.43888888888893,1.5,333.0,2018-08-25 08:05:01,围网
962,29.45555555555556,123.43755555555555,1.8,323.0,2018-08-25 08:14:01,围网
962,29.459944444444453,123.4365,1.6,322.0,2018-08-25 08:24:01,围网
962,29.46433333333333,123.43561111111113,1.8,352.0,2018-08-25 08:34:01,围网
962,29.46869444444444,123.43455555555555,1.9,353.0,2018-08-25 08:44:01,围网
962,29.473027777777766,123.43347222222219,2.3,328.0,2018-08-25 08:54:01,围网
962,29.47741666666667,123.43316666666666,1.1,1.0,2018-08-25 09:04:01,围网
962,29.481805555555553,123.43316666666666,1.7,3.0,2018-08-25 09:14:01,围网
962,29.48613888888889,123.43299999999999,1.6,322.0,2018-08-25 09:24:01,围网
962,29.490361111111113,123.4327777777778,0.7,0.0,2018-08-25 09:34:01,围网
962,29.49444444444445,123.43233333333332,2.2,305.0,2018-08-25 09:44:01,围网
962,29.495555555555555,123.43430555555555,1.4,0.0,2018-08-25 09:54:01,围网
962,29.492027777777786,123.43530555555556,3.0,148.0,2018-08-25 10:04:01,围网
962,29.49233333333333,123.43491666666668,1.1,358.0,2018-08-25 10:14:01,围网
962,29.49388888888889,123.43530555555556,1.7,0.0,2018-08-25 10:24:01,围网
962,29.49588888888889,123.43516666666667,1.1,0.0,2018-08-25 10:34:01,围网
962,29.49766666666667,123.4350277777778,1.3,0.0,2018-08-25 10:44:01,围网
962,29.4985,123.43591666666669,2.1,201.0,2018-08-25 10:55:01,围网
962,29.49152777777777,123.43569444444445,0.6,141.0,2018-08-25 11:04:01,围网
962,29.488194444444453,123.4387222222222,2.1,128.0,2018-08-25 11:14:01,围网
962,29.48536111111111,123.44288888888887,2.1,124.0,2018-08-25 11:24:01,围网
962,29.483027777777767,123.44738888888894,2.0,139.0,2018-08-25 11:34:01,围网
962,29.48075,123.45183333333334,2.0,142.0,2018-08-25 11:44:01,围网
962,29.4785,123.45619444444445,1.5,115.0,2018-08-25 11:54:01,围网
962,29.47633333333333,123.46069444444444,3.0,147.0,2018-08-25 12:04:01,围网
962,29.473888888888887,123.46511111111113,1.9,118.0,2018-08-25 12:14:01,围网
962,29.47111111111111,123.46925,1.5,94.0,2018-08-25 12:24:01,围网
962,29.46808333333333,123.47311111111112,1.6,148.0,2018-08-25 12:34:01,围网
962,29.46483333333333,123.47675,1.5,133.0,2018-08-25 12:44:01,围网
962,29.46175,123.48063888888888,2.8,147.0,2018-08-25 12:54:01,围网
962,29.458,123.48369444444445,2.2,126.0,2018-08-25 13:04:01,围网
962,29.454027777777767,123.48641666666668,1.7,160.0,2018-08-25 13:14:01,围网
962,29.450111111111113,123.48911111111113,1.1,0.0,2018-08-25 13:24:01,围网
962,29.446,123.49141666666668,2.1,127.0,2018-08-25 13:34:01,围网
962,29.44175,123.49316666666668,2.5,124.0,2018-08-25 13:44:01,围网
962,29.43722222222221,123.49441666666668,2.3,170.0,2018-08-25 13:54:01,围网
962,29.432277777777767,123.4944722222222,2.4,191.0,2018-08-25 14:05:01,围网
962,29.427833333333336,123.49408333333334,1.4,180.0,2018-08-25 14:14:01,围网
962,29.423055555555557,123.49283333333334,1.3,175.0,2018-08-25 14:24:01,围网
962,29.41836111111111,123.49175,1.7,160.0,2018-08-25 14:34:01,围网
962,29.41369444444444,123.49125,2.0,185.0,2018-08-25 14:44:01,围网
962,29.408777777777768,123.49266666666668,2.0,151.0,2018-08-25 14:54:01,围网
962,29.40463888888889,123.49480555555556,1.4,156.0,2018-08-25 15:04:01,围网
962,29.40058333333333,123.4964722222222,1.5,183.0,2018-08-25 15:14:01,围网
962,29.396166666666666,123.49675,1.3,160.0,2018-08-25 15:24:01,围网
962,29.392,123.49763888888887,2.5,160.0,2018-08-25 15:34:01,围网
962,29.38827777777778,123.49938888888887,0.7,171.0,2018-08-25 15:45:01,围网
962,29.384888888888888,123.50055555555555,1.6,153.0,2018-08-25 15:54:01,围网
962,29.38136111111111,123.50108333333333,2.4,200.0,2018-08-25 16:04:01,围网
962,29.38213888888889,123.4965,0.8,339.0,2018-08-25 16:14:01,围网
962,29.38511111111111,123.49602777777778,0.4,77.0,2018-08-25 16:24:01,围网
962,29.38422222222221,123.49216666666666,2.0,255.0,2018-08-25 16:34:01,围网
962,29.38333333333333,123.4860277777778,1.8,303.0,2018-08-25 16:44:01,围网
962,29.386083333333332,123.48411111111106,4.5,26.0,2018-08-25 16:54:01,围网
962,29.390555555555554,123.48172222222223,2.8,302.0,2018-08-25 17:04:01,围网
962,29.394361111111113,123.47055555555555,3.2,286.0,2018-08-25 17:24:01,围网
962,29.397861111111112,123.45850000000002,2.2,294.0,2018-08-25 17:44:01,围网
962,29.399472222222233,123.45277777777778,1.6,310.0,2018-08-25 17:54:01,围网
962,29.404805555555555,123.45108333333332,1.3,2.0,2018-08-25 18:04:01,围网
962,29.40875,123.45055555555555,3.8,352.0,2018-08-25 18:14:01,围网
962,29.41261111111111,123.44919444444444,0.1,0.0,2018-08-25 18:24:01,围网
962,29.416472222222207,123.44791666666669,2.9,335.0,2018-08-25 18:34:01,围网
962,29.420361111111113,123.44647222222223,1.0,348.0,2018-08-25 18:44:01,围网
962,29.424277777777768,123.44522222222223,0.6,344.0,2018-08-25 18:54:01,围网
962,29.428305555555557,123.44383333333332,1.2,2.0,2018-08-25 19:04:01,围网
962,29.432444444444453,123.44186111111112,1.9,334.0,2018-08-25 19:14:01,围网
962,29.436694444444445,123.44086111111106,2.0,344.0,2018-08-25 19:24:01,围网
962,29.441,123.43966666666668,1.1,29.0,2018-08-25 19:34:01,围网
962,29.44519444444445,123.43863888888887,1.6,349.0,2018-08-25 19:44:01,围网
962,29.44955555555555,123.43783333333334,4.2,312.0,2018-08-25 19:54:01,围网
962,29.453916666666665,123.43680555555555,3.1,340.0,2018-08-25 20:04:01,围网
962,29.458361111111113,123.43625,3.1,331.0,2018-08-25 20:14:01,围网
962,29.462777777777767,123.43602777777778,5.1,321.0,2018-08-25 20:24:01,围网
962,29.46716666666667,123.436,1.6,2.0,2018-08-25 20:34:01,围网
962,29.471611111111113,123.43583333333332,1.0,0.0,2018-08-25 20:44:01,围网
962,29.47619444444444,123.43558333333333,2.0,334.0,2018-08-25 20:54:01,围网
962,29.480638888888887,123.43541666666668,2.2,30.0,2018-08-25 21:04:01,围网
962,29.485111111111113,123.43547222222223,1.4,19.0,2018-08-25 21:14:01,围网
962,29.48958333333333,123.43563888888887,2.5,352.0,2018-08-25 21:24:01,围网
962,29.494083333333336,123.43575,1.7,13.0,2018-08-25 21:34:01,围网
962,29.4985,123.43558333333333,1.0,332.0,2018-08-25 21:44:01,围网
962,29.502777777777766,123.43461111111112,1.1,319.0,2018-08-25 21:54:01,围网
962,29.507222222222207,123.43447222222223,1.6,18.0,2018-08-25 22:04:01,围网
962,29.51161111111111,123.4352222222222,2.5,26.0,2018-08-25 22:14:01,围网
962,29.515777777777767,123.43533333333336,1.4,7.0,2018-08-25 22:24:01,围网
962,29.51919444444445,123.43533333333336,1.8,108.0,2018-08-25 22:34:01,围网
962,29.517194444444453,123.43797222222223,2.3,174.0,2018-08-25 22:44:01,围网
962,29.51575,123.43786111111113,1.8,276.0,2018-08-25 22:54:01,围网
962,29.51694444444445,123.43641666666667,1.2,0.0,2018-08-25 23:04:01,围网
962,29.517166666666668,123.43558333333333,1.6,104.0,2018-08-25 23:14:01,围网
962,29.518361111111112,123.43530555555556,2.5,89.0,2018-08-25 23:24:01,围网
962,29.5175,123.44422222222224,2.2,121.0,2018-08-25 23:34:01,围网
962,29.516416666666668,123.44863888888894,2.1,107.0,2018-08-25 23:44:01,围网
962,29.51469444444445,123.45291666666668,2.7,113.0,2018-08-25 23:54:01,围网
962,29.512722222222234,123.45755555555556,1.5,117.0,2018-08-26 00:04:01,围网
962,29.510222222222232,123.46175,1.6,153.0,2018-08-26 00:14:01,围网
962,29.506694444444445,123.46536111111112,1.6,129.0,2018-08-26 00:24:01,围网
962,29.503166666666665,123.46905555555556,1.0,147.0,2018-08-26 00:34:01,围网
962,29.499527777777786,123.47216666666668,2.5,163.0,2018-08-26 00:44:01,围网
962,29.49513888888889,123.47413888888887,3.3,128.0,2018-08-26 00:54:01,围网
962,29.490805555555557,123.47525,1.6,179.0,2018-08-26 01:04:01,围网
962,29.487027777777786,123.47802777777777,1.8,165.0,2018-08-26 01:14:01,围网
962,29.48319444444445,123.48102777777778,1.8,156.0,2018-08-26 01:24:01,围网
962,29.47944444444445,123.48405555555556,1.9,156.0,2018-08-26 01:34:01,围网
962,29.47569444444445,123.48722222222223,2.4,103.0,2018-08-26 01:44:01,围网
962,29.471805555555548,123.49019444444444,2.2,198.0,2018-08-26 01:54:01,围网
962,29.46830555555556,123.49333333333334,2.4,116.0,2018-08-26 02:04:01,围网
962,29.46461111111111,123.49661111111112,2.3,138.0,2018-08-26 02:14:01,围网
962,29.46102777777779,123.50016666666669,2.0,127.0,2018-08-26 02:24:01,围网
962,29.457027777777768,123.50308333333334,2.6,121.0,2018-08-26 02:34:01,围网
962,29.452472222222234,123.5049722222222,2.2,160.0,2018-08-26 02:44:01,围网
962,29.44766666666667,123.50536111111113,1.9,187.0,2018-08-26 02:54:01,围网
962,29.443166666666666,123.5055,1.8,189.0,2018-08-26 03:04:01,围网
962,29.438805555555557,123.506,1.5,188.0,2018-08-26 03:14:01,围网
962,29.43458333333333,123.5065277777778,2.4,153.0,2018-08-26 03:24:01,围网
962,29.43052777777779,123.50725,1.5,151.0,2018-08-26 03:34:01,围网
962,29.426416666666668,123.50786111111113,1.9,141.0,2018-08-26 03:44:01,围网
962,29.42241666666667,123.50836111111113,1.1,168.0,2018-08-26 03:54:01,围网
962,29.41861111111111,123.5085277777778,1.6,195.0,2018-08-26 04:04:01,围网
962,29.41475,123.50861111111112,1.4,167.0,2018-08-26 04:14:01,围网
962,29.41097222222221,123.50825,1.2,209.0,2018-08-26 04:24:01,围网
962,29.40733333333333,123.50775,1.7,162.0,2018-08-26 04:34:01,围网
962,29.40375,123.50719444444445,1.7,160.0,2018-08-26 04:44:01,围网
962,29.40033333333333,123.5065,1.4,191.0,2018-08-26 04:54:01,围网
962,29.40288888888889,123.50519444444444,2.5,354.0,2018-08-26 05:04:01,围网
962,29.406166666666664,123.50530555555555,0.9,3.0,2018-08-26 05:14:01,围网
962,29.40661111111111,123.50513888888888,0.6,17.0,2018-08-26 05:24:01,围网
962,29.409861111111113,123.50572222222223,2.0,359.0,2018-08-26 05:34:01,围网
962,29.41372222222222,123.5059722222222,0.6,0.0,2018-08-26 05:44:01,围网
962,29.41158333333333,123.509,3.7,152.0,2018-08-26 05:54:01,围网
962,29.408555555555555,123.5094722222222,1.5,97.0,2018-08-26 06:04:01,围网
962,29.40597222222221,123.50788888888887,1.2,215.0,2018-08-26 06:14:01,围网
962,29.40394444444444,123.50375,1.0,245.0,2018-08-26 06:24:01,围网
962,29.40286111111111,123.49980555555555,0.7,240.0,2018-08-26 06:34:01,围网
962,29.40219444444445,123.496,1.8,257.0,2018-08-26 06:44:01,围网
962,29.402472222222233,123.49136111111108,1.7,266.0,2018-08-26 06:54:01,围网
962,29.403861111111112,123.48633333333332,1.4,292.0,2018-08-26 07:04:01,围网
962,29.406111111111112,123.48161111111106,1.3,306.0,2018-08-26 07:14:01,围网
962,29.409000000000002,123.47719444444445,0.4,330.0,2018-08-26 07:24:01,围网
962,29.41175,123.47297222222224,2.1,325.0,2018-08-26 07:34:01,围网
962,29.41488888888889,123.469,2.0,308.0,2018-08-26 07:44:01,围网
962,29.418111111111113,123.46516666666668,2.9,316.0,2018-08-26 07:54:01,围网
962,29.421111111111113,123.46122222222222,1.6,319.0,2018-08-26 08:04:01,围网
962,29.424,123.45725,1.2,340.0,2018-08-26 08:14:01,围网
962,29.427611111111112,123.45383333333334,1.0,324.0,2018-08-26 08:24:01,围网
962,29.43113888888889,123.45038888888894,2.7,327.0,2018-08-26 08:34:01,围网
962,29.434722222222234,123.44713888888893,1.4,340.0,2018-08-26 08:44:01,围网
962,29.438416666666665,123.44425,1.5,305.0,2018-08-26 08:54:01,围网
962,29.442138888888888,123.44141666666668,2.0,339.0,2018-08-26 09:04:01,围网
962,29.44583333333333,123.43858333333333,2.3,335.0,2018-08-26 09:14:01,围网
962,29.449388888888887,123.43577777777777,2.0,334.0,2018-08-26 09:24:01,围网
962,29.45269444444445,123.43297222222223,0.7,0.0,2018-08-26 09:34:01,围网
962,29.456027777777766,123.43038888888893,1.7,290.0,2018-08-26 09:44:01,围网
962,29.45925,123.42775,0.9,346.0,2018-08-26 09:54:01,围网
962,29.462611111111112,123.42538888888888,0.9,341.0,2018-08-26 10:04:01,围网
962,29.46694444444445,123.42447222222222,1.4,332.0,2018-08-26 10:14:01,围网
962,29.471027777777767,123.42336111111106,1.5,356.0,2018-08-26 10:24:01,围网
962,29.47483333333333,123.4219722222222,1.2,342.0,2018-08-26 10:34:01,围网
962,29.478638888888888,123.42075,2.3,12.0,2018-08-26 10:44:01,围网
962,29.482833333333332,123.42047222222223,2.6,27.0,2018-08-26 10:54:01,围网
962,29.48725,123.42144444444445,1.6,13.0,2018-08-26 11:04:01,围网
962,29.49144444444445,123.42266666666669,1.7,15.0,2018-08-26 11:14:01,围网
962,29.490250000000003,123.42561111111112,0.5,63.0,2018-08-26 11:24:01,围网
962,29.487361111111113,123.42644444444444,1.7,205.0,2018-08-26 11:34:01,围网
962,29.488777777777766,123.42705555555555,1.1,58.0,2018-08-26 11:44:01,围网
962,29.490250000000003,123.42925,1.1,43.0,2018-08-26 11:54:01,围网
962,29.49058333333333,123.42108333333331,6.2,257.0,2018-08-26 12:04:01,围网
962,29.488777777777766,123.40286111111112,2.8,205.0,2018-08-26 12:14:01,围网
962,29.48177777777777,123.40583333333332,1.9,146.0,2018-08-26 12:24:01,围网
962,29.47819444444444,123.40780555555556,0.8,202.0,2018-08-26 12:34:01,围网
962,29.4745,123.41,1.2,159.0,2018-08-26 12:44:01,围网
962,29.470777777777766,123.4122777777778,2.0,125.0,2018-08-26 12:54:01,围网
962,29.467111111111112,123.41516666666668,2.0,168.0,2018-08-26 13:04:01,围网
962,29.463916666666666,123.41838888888893,1.7,145.0,2018-08-26 13:14:01,围网
962,29.46088888888889,123.42216666666668,1.6,174.0,2018-08-26 13:24:01,围网
962,29.45808333333333,123.42644444444444,1.9,112.0,2018-08-26 13:34:01,围网
962,29.45475,123.43016666666668,1.8,120.0,2018-08-26 13:44:01,围网
962,29.45127777777777,123.43380555555555,1.9,135.0,2018-08-26 13:54:01,围网
962,29.44758333333333,123.43722222222223,2.8,184.0,2018-08-26 14:04:01,围网
962,29.44400000000001,123.44055555555555,1.8,161.0,2018-08-26 14:14:01,围网
962,29.43994444444445,123.44333333333334,2.2,164.0,2018-08-26 14:24:01,围网
962,29.43563888888889,123.4454722222222,1.5,160.0,2018-08-26 14:34:01,围网
962,29.43119444444445,123.44727777777778,1.3,153.0,2018-08-26 14:44:01,围网
962,29.42688888888889,123.44908333333332,2.1,169.0,2018-08-26 14:54:01,围网
962,29.42258333333333,123.45108333333332,1.9,157.0,2018-08-26 15:04:01,围网
962,29.41836111111111,123.45280555555556,1.6,157.0,2018-08-26 15:14:01,围网
962,29.41397222222221,123.45419444444444,2.1,184.0,2018-08-26 15:24:01,围网
962,29.40963888888889,123.4555,1.2,176.0,2018-08-26 15:34:01,围网
962,29.405277777777766,123.45669444444445,3.7,195.0,2018-08-26 15:44:01,围网
962,29.40088888888889,123.45758333333332,3.4,216.0,2018-08-26 15:54:01,围网
962,29.39625,123.4579722222222,1.0,171.0,2018-08-26 16:04:01,围网
962,29.392166666666668,123.45908333333334,1.2,169.0,2018-08-26 16:14:01,围网
962,29.388055555555557,123.46016666666668,1.0,169.0,2018-08-26 16:24:01,围网
962,29.38408333333333,123.4609722222222,0.7,150.0,2018-08-26 16:34:01,围网
962,29.380305555555548,123.46191666666668,1.6,151.0,2018-08-26 16:44:01,围网
962,29.37641666666667,123.46255555555555,1.7,143.0,2018-08-26 16:54:01,围网
962,29.372666666666664,123.46322222222223,1.7,194.0,2018-08-26 17:04:01,围网
962,29.36863888888889,123.46252777777778,1.3,197.0,2018-08-26 17:14:01,围网
962,29.36480555555556,123.46138888888888,0.8,181.0,2018-08-26 17:24:01,围网
962,29.363277777777785,123.45838888888893,0.2,0.0,2018-08-26 17:34:01,围网
962,29.367361111111112,123.45752777777777,1.7,22.0,2018-08-26 17:44:01,围网
962,29.36869444444445,123.45705555555556,2.5,182.0,2018-08-26 17:54:01,围网
962,29.36991666666667,123.45297222222223,0.7,0.0,2018-08-26 18:04:01,围网
962,29.37061111111111,123.45363888888888,3.1,239.0,2018-08-26 18:14:01,围网
962,29.373666666666665,123.45913888888887,0.9,21.0,2018-08-26 18:24:01,围网
962,29.377861111111113,123.45925,1.1,357.0,2018-08-26 18:34:01,围网
962,29.382388888888887,123.45833333333334,1.2,9.0,2018-08-26 18:44:01,围网
962,29.386972222222226,123.4562777777778,1.4,330.0,2018-08-26 18:54:01,围网
962,29.39155555555555,123.45338888888894,1.8,327.0,2018-08-26 19:04:01,围网
962,29.395944444444442,123.44963888888893,2.4,308.0,2018-08-26 19:14:01,围网
962,29.40008333333333,123.4454722222222,1.6,309.0,2018-08-26 19:24:01,围网
962,29.404166666666665,123.44130555555556,2.1,320.0,2018-08-26 19:34:01,围网
962,29.408555555555555,123.43772222222222,1.3,314.0,2018-08-26 19:44:01,围网
962,29.413055555555548,123.43405555555556,3.0,320.0,2018-08-26 19:54:01,围网
962,29.41761111111111,123.43052777777778,1.3,5.0,2018-08-26 20:04:01,围网
962,29.42208333333333,123.42730555555555,1.5,337.0,2018-08-26 20:14:01,围网
962,29.426972222222233,123.42436111111112,2.1,336.0,2018-08-26 20:24:01,围网
962,29.43183333333333,123.42152777777778,1.3,359.0,2018-08-26 20:34:01,围网
962,29.43663888888889,123.4187777777778,1.4,334.0,2018-08-26 20:44:01,围网
962,29.441555555555553,123.41633333333334,2.4,340.0,2018-08-26 20:54:01,围网
962,29.4465,123.41411111111113,1.9,346.0,2018-08-26 21:04:01,围网
962,29.451555555555554,123.41225,1.8,3.0,2018-08-26 21:14:01,围网
962,29.45666666666667,123.41055555555555,1.8,6.0,2018-08-26 21:24:01,围网
962,29.461861111111112,123.40922222222223,2.3,348.0,2018-08-26 21:34:01,围网
962,29.46708333333333,123.40819444444445,2.1,354.0,2018-08-26 21:44:01,围网
962,29.472305555555554,123.40772222222222,2.4,348.0,2018-08-26 21:54:01,围网
962,29.47794444444445,123.40791666666668,1.8,247.0,2018-08-26 22:04:01,围网
962,29.48319444444445,123.4087222222222,2.5,359.0,2018-08-26 22:14:01,围网
962,29.48838888888889,123.40975,1.4,46.0,2018-08-26 22:24:01,围网
962,29.4935,123.41097222222223,1.6,28.0,2018-08-26 22:34:01,围网
962,29.49838888888889,123.41230555555555,2.2,11.0,2018-08-26 22:44:01,围网
962,29.503166666666665,123.41394444444445,1.0,72.0,2018-08-26 22:54:01,围网
962,29.50791666666667,123.41547222222223,2.1,38.0,2018-08-26 23:04:01,围网
962,29.51244444444445,123.4175277777778,2.4,31.0,2018-08-26 23:14:01,围网
962,29.51677777777777,123.4198888888889,1.9,48.0,2018-08-26 23:24:01,围网
962,29.514888888888887,123.42188888888887,1.6,0.0,2018-08-26 23:34:01,围网
962,29.513444444444442,123.42108333333331,0.4,0.0,2018-08-26 23:44:01,围网
962,29.51722222222222,123.42258333333334,1.9,348.0,2018-08-26 23:54:01,围网
962,29.521555555555555,123.42286111111113,3.5,337.0,2018-08-27 00:04:01,围网
962,29.52063888888889,123.42591666666668,4.3,156.0,2018-08-27 00:14:01,围网
962,29.516388888888887,123.42791666666666,2.2,235.0,2018-08-27 00:24:01,围网
962,29.51325000000001,123.4272777777778,1.6,201.0,2018-08-27 00:34:01,围网
962,29.510388888888887,123.42672222222224,1.5,234.0,2018-08-27 00:44:01,围网
962,29.50719444444445,123.42755555555556,1.6,132.0,2018-08-27 00:54:01,围网
962,29.50397222222222,123.43013888888888,1.5,123.0,2018-08-27 01:04:01,围网
962,29.500916666666665,123.43263888888887,1.6,135.0,2018-08-27 01:14:01,围网
962,29.49819444444445,123.43505555555555,1.3,157.0,2018-08-27 01:24:01,围网
962,29.49538888888889,123.43819444444445,1.3,178.0,2018-08-27 01:34:01,围网
962,29.49294444444445,123.44213888888888,2.2,102.0,2018-08-27 01:44:01,围网
962,29.49077777777779,123.44619444444444,2.7,82.0,2018-08-27 01:54:01,围网
962,29.488555555555557,123.45066666666666,2.0,133.0,2018-08-27 02:04:01,围网
962,29.48622222222221,123.45475,1.6,109.0,2018-08-27 02:14:01,围网
962,29.483277777777786,123.45869444444445,1.5,153.0,2018-08-27 02:24:01,围网
962,29.480166666666666,123.46258333333334,2.3,125.0,2018-08-27 02:34:01,围网
962,29.477027777777767,123.46633333333334,2.0,117.0,2018-08-27 02:44:01,围网
962,29.474027777777767,123.46988888888893,1.0,144.0,2018-08-27 02:54:01,围网
962,29.470916666666664,123.47322222222223,1.3,149.0,2018-08-27 03:04:01,围网
962,29.46772222222221,123.47638888888888,2.1,100.0,2018-08-27 03:14:01,围网
962,29.464555555555553,123.47941666666668,1.7,122.0,2018-08-27 03:24:01,围网
962,29.46191666666667,123.48288888888894,1.6,131.0,2018-08-27 03:34:01,围网
962,29.45833333333333,123.48536111111113,1.8,142.0,2018-08-27 03:44:01,围网
962,29.45344444444445,123.48472222222222,1.6,169.0,2018-08-27 03:54:01,围网
962,29.449361111111113,123.48477777777778,1.1,172.0,2018-08-27 04:04:01,围网
962,29.44552777777778,123.48519444444445,2.0,207.0,2018-08-27 04:14:01,围网
962,29.441555555555553,123.48405555555556,1.2,222.0,2018-08-27 04:24:01,围网
962,29.43788888888889,123.48405555555556,1.8,197.0,2018-08-27 04:34:01,围网
962,29.434305555555554,123.48425,0.5,0.0,2018-08-27 04:44:01,围网
962,29.43063888888889,123.48419444444444,1.7,193.0,2018-08-27 04:54:01,围网
962,29.427055555555555,123.48344444444444,1.0,189.0,2018-08-27 05:04:01,围网
962,29.42355555555556,123.48216666666669,1.5,197.0,2018-08-27 05:14:01,围网
962,29.42025000000001,123.48097222222222,1.1,190.0,2018-08-27 05:24:01,围网
962,29.41991666666667,123.47877777777781,0.8,33.0,2018-08-27 05:44:01,围网
962,29.42297222222223,123.47958333333332,1.6,71.0,2018-08-27 05:54:01,围网
962,29.42466666666667,123.47844444444445,1.0,338.0,2018-08-27 06:04:01,围网
962,29.427944444444453,123.47691666666668,3.2,326.0,2018-08-27 06:14:01,围网
962,29.42902777777777,123.4772222222222,3.3,175.0,2018-08-27 06:24:01,围网
962,29.423972222222233,123.47808333333332,1.6,120.0,2018-08-27 06:34:01,围网
962,29.425638888888887,123.48211111111112,2.9,42.0,2018-08-27 06:44:01,围网
962,29.43044444444445,123.4842777777778,2.3,5.0,2018-08-27 06:54:01,围网
962,29.43533333333333,123.48363888888888,1.1,8.0,2018-08-27 07:04:01,围网
962,29.439722222222233,123.4820277777778,1.5,0.0,2018-08-27 07:14:01,围网
962,29.444111111111113,123.48030555555556,2.9,330.0,2018-08-27 07:24:01,围网
962,29.44844444444445,123.47861111111106,1.5,346.0,2018-08-27 07:34:01,围网
962,29.452916666666663,123.47708333333333,1.8,335.0,2018-08-27 07:44:01,围网
962,29.45802777777779,123.47563888888894,2.0,353.0,2018-08-27 07:54:01,围网
962,29.462944444444442,123.47388888888894,2.1,350.0,2018-08-27 08:04:01,围网
962,29.46744444444445,123.47219444444444,2.3,347.0,2018-08-27 08:14:01,围网
962,29.472055555555553,123.47055555555555,1.6,343.0,2018-08-27 08:24:01,围网
962,29.47669444444445,123.4692777777778,2.7,350.0,2018-08-27 08:34:01,围网
962,29.481361111111113,123.46808333333333,1.1,340.0,2018-08-27 08:44:01,围网
962,29.48605555555556,123.4670277777778,1.3,343.0,2018-08-27 08:54:01,围网
962,29.49069444444445,123.46613888888888,1.7,338.0,2018-08-27 09:04:01,围网
962,29.495305555555557,123.46516666666668,2.7,6.0,2018-08-27 09:14:01,围网
962,29.499861111111112,123.46447222222223,1.0,348.0,2018-08-27 09:24:01,围网
962,29.504305555555554,123.464,1.8,355.0,2018-08-27 09:34:01,围网
962,29.50866666666667,123.46361111111112,1.5,349.0,2018-08-27 09:44:01,围网
962,29.51294444444445,123.46355555555556,1.1,333.0,2018-08-27 09:54:01,围网
962,29.517166666666668,123.46363888888894,1.3,319.0,2018-08-27 10:04:01,围网
962,29.52133333333333,123.46402777777777,2.3,23.0,2018-08-27 10:14:01,围网
962,29.52983333333333,123.46466666666667,1.7,0.0,2018-08-27 10:34:01,围网
962,29.53388888888889,123.46505555555555,0.2,0.0,2018-08-27 10:44:01,围网
962,29.537722222222232,123.46580555555555,1.1,93.0,2018-08-27 10:54:01,围网
962,29.54133333333333,123.46658333333332,1.4,11.0,2018-08-27 11:04:01,围网
962,29.544555555555558,123.46744444444445,1.4,26.0,2018-08-27 11:14:01,围网
962,29.54783333333333,123.46844444444444,0.6,298.0,2018-08-27 11:24:01,围网
962,29.55102777777779,123.46941666666666,0.6,329.0,2018-08-27 11:34:01,围网
962,29.551416666666668,123.47158333333334,3.2,164.0,2018-08-27 11:44:01,围网
962,29.54750000000001,123.47144444444444,1.8,207.0,2018-08-27 11:54:01,围网
962,29.54816666666667,123.47058333333334,2.5,83.0,2018-08-27 12:04:01,围网
962,29.549750000000003,123.47183333333334,1.4,99.0,2018-08-27 12:14:01,围网
962,29.55238888888889,123.4737222222222,1.9,117.0,2018-08-27 12:24:01,围网
962,29.555111111111113,123.47583333333334,1.5,29.0,2018-08-27 12:34:01,围网
962,29.55775,123.47802777777777,1.4,37.0,2018-08-27 12:44:01,围网
962,29.560222222222233,123.48008333333334,1.2,29.0,2018-08-27 12:54:01,围网
962,29.56286111111111,123.48305555555555,3.5,41.0,2018-08-27 13:04:01,围网
962,29.577361111111113,123.48775,6.1,21.0,2018-08-27 13:14:01,围网
962,29.61108333333333,123.50655555555555,6.9,44.0,2018-08-27 13:34:01,围网
962,29.62641666666667,123.52077777777778,8.4,67.0,2018-08-27 13:44:01,围网
962,29.640555555555554,123.53697222222222,7.5,52.0,2018-08-27 13:54:01,围网
962,29.66611111111111,123.57572222222224,8.1,62.0,2018-08-27 14:14:01,围网
962,29.677861111111113,123.59711111111113,8.3,58.0,2018-08-27 14:24:01,围网
962,29.69372222222221,123.61491666666666,7.9,69.0,2018-08-27 14:34:01,围网
962,29.70488888888889,123.63619444444444,8.1,73.0,2018-08-27 14:44:01,围网
962,29.717361111111106,123.65636111111112,7.3,65.0,2018-08-27 14:54:01,围网
962,29.729416666666665,123.6765,7.6,54.0,2018-08-27 15:04:01,围网
962,29.74130555555556,123.69708333333334,7.0,71.0,2018-08-27 15:14:01,围网
962,29.753611111111113,123.717,7.9,45.0,2018-08-27 15:24:01,围网
962,29.766638888888888,123.73630555555556,8.2,54.0,2018-08-27 15:34:01,围网
962,29.779527777777766,123.75555555555556,8.3,75.0,2018-08-27 15:44:01,围网
962,29.790972222222226,123.77608333333332,7.7,62.0,2018-08-27 15:54:01,围网
962,29.80238888888889,123.79633333333332,7.4,57.0,2018-08-27 16:04:01,围网
962,29.81308333333333,123.81566666666666,7.3,49.0,2018-08-27 16:14:01,围网
962,29.82383333333333,123.83388888888888,5.7,60.0,2018-08-27 16:24:01,围网
962,29.83622222222222,123.85161111111107,7.1,56.0,2018-08-27 16:34:01,围网
962,29.849027777777767,123.86875,6.9,46.0,2018-08-27 16:44:01,围网
962,29.86180555555556,123.88563888888888,6.9,66.0,2018-08-27 16:54:01,围网
962,29.874388888888888,123.9025,5.3,65.0,2018-08-27 17:04:01,围网
962,29.88744444444445,123.9200277777778,7.7,45.0,2018-08-27 17:14:01,围网
962,29.89988888888889,123.93555555555555,6.4,37.0,2018-08-27 17:24:01,围网
962,29.91222222222222,123.95166666666668,6.7,57.0,2018-08-27 17:34:01,围网
962,29.924555555555557,123.96791666666668,6.1,50.0,2018-08-27 17:44:01,围网
962,29.93663888888889,123.98438888888887,6.6,59.0,2018-08-27 17:54:01,围网
962,29.949222222222208,124.00133333333332,7.5,38.0,2018-08-27 18:04:01,围网
962,29.96183333333333,124.01827777777777,7.6,37.0,2018-08-27 18:14:01,围网
962,29.97394444444444,124.03436111111112,7.4,47.0,2018-08-27 18:24:01,围网
962,29.98569444444445,124.05027777777778,6.8,43.0,2018-08-27 18:34:01,围网
962,29.997916666666665,124.06644444444444,6.8,48.0,2018-08-27 18:44:01,围网
962,30.009888888888888,124.08211111111113,7.7,52.0,2018-08-27 18:54:01,围网
962,30.021611111111113,124.09755555555556,6.6,48.0,2018-08-27 19:04:01,围网
962,30.03322222222221,124.1129722222222,6.3,44.0,2018-08-27 19:14:01,围网
962,30.045472222222234,124.12913888888887,6.5,37.0,2018-08-27 19:24:01,围网
962,30.05666666666667,124.14408333333334,6.9,38.0,2018-08-27 19:34:01,围网
962,30.06825000000001,124.15958333333332,6.2,45.0,2018-08-27 19:44:01,围网
962,30.080055555555553,124.17538888888888,6.3,43.0,2018-08-27 19:54:01,围网
962,30.09216666666667,124.19125,6.1,42.0,2018-08-27 20:04:01,围网
962,30.10383333333333,124.2072777777778,6.9,56.0,2018-08-27 20:14:01,围网
962,30.11658333333333,124.22344444444445,7.3,60.0,2018-08-27 20:24:01,围网
962,30.130416666666665,124.24002777777777,7.1,39.0,2018-08-27 20:34:01,围网
962,30.144361111111113,124.25675,7.8,49.0,2018-08-27 20:44:01,围网
962,30.159305555555548,124.27377777777778,7.8,47.0,2018-08-27 20:54:01,围网
962,30.17355555555556,124.29044444444445,7.3,47.0,2018-08-27 21:04:01,围网
962,30.187722222222234,124.30727777777778,9.5,40.0,2018-08-27 21:14:01,围网
962,30.20202777777777,124.32438888888888,7.5,54.0,2018-08-27 21:24:01,围网
962,30.21675,124.34188888888887,7.0,55.0,2018-08-27 21:34:01,围网
962,30.232027777777766,124.35977777777778,8.2,49.0,2018-08-27 21:44:01,围网
962,30.24786111111111,124.37811111111112,8.4,47.0,2018-08-27 21:54:01,围网
962,30.27919444444445,124.41505555555555,8.0,38.0,2018-08-27 22:14:01,围网
962,30.295222222222232,124.43391666666666,8.9,47.0,2018-08-27 22:24:01,围网
962,30.31091666666667,124.4524722222222,8.3,47.0,2018-08-27 22:34:01,围网
962,30.326583333333332,124.47086111111106,8.9,46.0,2018-08-27 22:44:01,围网
962,30.34258333333333,124.48961111111113,8.6,43.0,2018-08-27 22:54:01,围网
962,30.358611111111113,124.50833333333334,8.2,21.0,2018-08-27 23:04:01,围网
962,30.37472222222221,124.5275,8.6,49.0,2018-08-27 23:14:01,围网
962,30.391027777777786,124.54675,7.9,53.0,2018-08-27 23:24:01,围网
962,30.40758333333333,124.56638888888888,8.0,48.0,2018-08-27 23:34:01,围网
962,30.42444444444445,124.5859722222222,8.4,45.0,2018-08-27 23:44:01,围网
962,30.44,124.60644444444445,9.7,36.0,2018-08-27 23:54:01,围网
962,30.456027777777766,124.62755555555556,8.3,61.0,2018-08-28 00:04:01,围网
962,30.472222222222207,124.64911111111113,8.8,50.0,2018-08-28 00:14:01,围网
962,30.48844444444445,124.67027777777778,8.6,50.0,2018-08-28 00:24:01,围网
962,30.50466666666667,124.69194444444445,9.2,46.0,2018-08-28 00:34:01,围网
962,30.52127777777777,124.71394444444445,9.3,40.0,2018-08-28 00:44:01,围网
962,30.53791666666667,124.73588888888894,9.0,55.0,2018-08-28 00:54:01,围网
962,30.55441666666667,124.75761111111107,8.7,52.0,2018-08-28 01:04:01,围网
962,30.57075,124.77930555555555,9.5,48.0,2018-08-28 01:14:01,围网
962,30.587916666666665,124.80205555555555,8.7,43.0,2018-08-28 01:24:01,围网
962,30.60366666666667,124.82308333333332,8.4,54.0,2018-08-28 01:34:01,围网
962,30.619944444444453,124.84455555555556,9.3,49.0,2018-08-28 01:44:01,围网
962,30.636138888888887,124.86611111111112,9.5,51.0,2018-08-28 01:54:01,围网
962,30.652527777777767,124.88758333333334,8.5,51.0,2018-08-28 02:04:01,围网
962,30.668388888888888,124.90891666666668,8.1,52.0,2018-08-28 02:14:01,围网
962,30.68425,124.93019444444445,8.2,48.0,2018-08-28 02:24:01,围网
962,30.700166666666664,124.95116666666668,8.2,50.0,2018-08-28 02:34:01,围网
962,30.71605555555556,124.9724722222222,8.3,58.0,2018-08-28 02:44:01,围网
962,30.73188888888889,124.99341666666668,7.8,56.0,2018-08-28 02:54:01,围网
962,30.747805555555555,125.01413888888888,8.1,44.0,2018-08-28 03:04:01,围网
962,30.763416666666664,125.03441666666666,7.6,45.0,2018-08-28 03:14:01,围网
962,30.7795,125.05508333333331,7.9,52.0,2018-08-28 03:24:01,围网
962,30.79391666666667,125.074,8.4,52.0,2018-08-28 03:34:01,围网
962,30.808777777777767,125.09375,8.2,56.0,2018-08-28 03:44:01,围网
962,30.82372222222222,125.1135277777778,8.6,56.0,2018-08-28 03:54:01,围网
962,30.83933333333333,125.13419444444445,8.0,54.0,2018-08-28 04:04:01,围网
962,30.854222222222226,125.15422222222223,8.0,51.0,2018-08-28 04:14:01,围网
962,30.868444444444442,125.17327777777778,7.7,43.0,2018-08-28 04:24:01,围网
962,30.882666666666665,125.19222222222223,8.1,42.0,2018-08-28 04:34:01,围网
962,30.89697222222221,125.21122222222222,8.0,55.0,2018-08-28 04:44:01,围网
962,30.911555555555548,125.23036111111112,8.0,56.0,2018-08-28 04:54:01,围网
962,30.925916666666666,125.24941666666666,8.3,54.0,2018-08-28 05:04:01,围网
962,30.94008333333333,125.26758333333332,7.3,56.0,2018-08-28 05:14:01,围网
962,30.95397222222222,125.28452777777778,7.7,65.0,2018-08-28 05:24:01,围网
962,30.96875,125.30272222222222,7.6,56.0,2018-08-28 05:34:01,围网
962,30.98322222222221,125.32052777777777,7.8,45.0,2018-08-28 05:44:01,围网
962,30.99811111111111,125.33888888888887,7.3,57.0,2018-08-28 05:54:01,围网
962,31.013638888888888,125.35763888888887,7.1,29.0,2018-08-28 06:04:01,围网
962,31.027166666666666,125.37469444444444,6.3,58.0,2018-08-28 06:14:01,围网
962,31.04122222222223,125.39322222222224,7.9,54.0,2018-08-28 06:24:01,围网
962,31.05455555555556,125.41302777777777,6.7,43.0,2018-08-28 06:34:01,围网
962,31.06808333333333,125.43302777777778,8.6,52.0,2018-08-28 06:44:01,围网
962,31.081722222222233,125.45263888888887,7.6,47.0,2018-08-28 06:54:01,围网
962,31.09483333333333,125.47186111111112,8.2,50.0,2018-08-28 07:04:01,围网
962,31.10769444444445,125.491,8.0,57.0,2018-08-28 07:14:01,围网
962,31.12108333333333,125.5095,7.5,49.0,2018-08-28 07:24:01,围网
962,31.13525,125.52761111111113,7.0,57.0,2018-08-28 07:34:01,围网
962,31.16469444444445,125.56483333333333,7.8,46.0,2018-08-28 07:54:01,围网
962,31.17969444444445,125.58372222222219,9.3,46.0,2018-08-28 08:04:01,围网
962,31.194722222222207,125.60294444444445,7.8,50.0,2018-08-28 08:14:01,围网
962,31.209277777777768,125.62186111111107,7.1,75.0,2018-08-28 08:24:01,围网
962,31.22172222222222,125.64219444444444,7.6,59.0,2018-08-28 08:34:01,围网
962,31.23433333333333,125.66269444444444,7.8,58.0,2018-08-28 08:44:01,围网
962,31.246972222222233,125.68319444444445,8.0,57.0,2018-08-28 08:54:01,围网
962,31.259555555555554,125.704,8.1,65.0,2018-08-28 09:04:01,围网
962,31.272361111111113,125.725,8.7,56.0,2018-08-28 09:14:01,围网
962,31.28533333333333,125.74608333333332,8.0,60.0,2018-08-28 09:24:01,围网
962,31.29816666666667,125.767,7.9,52.0,2018-08-28 09:34:01,围网
962,31.311805555555555,125.78791666666666,9.3,45.0,2018-08-28 09:44:01,围网
962,31.326138888888888,125.80802777777777,7.8,52.0,2018-08-28 09:54:01,围网
962,31.34208333333333,125.82863888888888,8.5,41.0,2018-08-28 10:04:01,围网
962,31.349416666666666,125.83491666666666,1.3,335.0,2018-08-28 10:14:01,围网
962,31.35219444444445,125.83288888888887,1.6,343.0,2018-08-28 10:24:01,围网
962,31.35458333333333,125.83052777777776,2.4,226.0,2018-08-28 10:34:01,围网
962,31.35741666666667,125.83855555555556,0.9,65.0,2018-08-28 10:44:01,围网
962,31.36141666666667,125.84188888888887,1.6,9.0,2018-08-28 10:54:01,围网
962,31.36663888888889,125.84261111111113,1.3,348.0,2018-08-28 11:04:01,围网
962,31.371111111111112,125.84191666666666,1.3,8.0,2018-08-28 11:14:01,围网
962,31.37580555555556,125.84169444444444,1.5,1.0,2018-08-28 11:24:01,围网
962,31.38063888888889,125.84191666666666,1.4,12.0,2018-08-28 11:34:01,围网
962,31.385444444444442,125.84219444444444,2.1,357.0,2018-08-28 11:44:01,围网
962,31.39038888888889,125.84358333333331,1.3,26.0,2018-08-28 11:54:01,围网
962,31.39525,125.84552777777776,1.7,26.0,2018-08-28 12:04:01,围网
962,31.39997222222223,125.84777777777781,2.4,25.0,2018-08-28 12:14:01,围网
962,31.40444444444445,125.85030555555555,1.8,23.0,2018-08-28 12:24:01,围网
962,31.413027777777767,125.85630555555555,1.1,45.0,2018-08-28 12:44:01,围网
962,31.417222222222208,125.85908333333332,1.4,8.0,2018-08-28 12:54:01,围网
962,31.42144444444445,125.86202777777777,1.4,19.0,2018-08-28 13:04:01,围网
962,31.42513888888889,125.86505555555556,1.8,46.0,2018-08-28 13:14:01,围网
962,31.42886111111111,125.86822222222222,2.1,28.0,2018-08-28 13:24:01,围网
962,31.432361111111113,125.87155555555556,1.4,58.0,2018-08-28 13:34:01,围网
962,31.435472222222234,125.87561111111113,1.9,44.0,2018-08-28 13:44:01,围网
962,31.43844444444445,125.87963888888888,2.5,61.0,2018-08-28 13:54:01,围网
962,31.44116666666667,125.88355555555556,1.3,43.0,2018-08-28 14:04:01,围网
962,31.44383333333333,125.88736111111113,2.0,56.0,2018-08-28 14:14:01,围网
962,31.44641666666667,125.89105555555555,1.4,44.0,2018-08-28 14:24:01,围网
962,31.44894444444445,125.89469444444444,1.6,67.0,2018-08-28 14:34:01,围网
962,31.450944444444442,125.89916666666667,1.8,81.0,2018-08-28 14:44:01,围网
962,31.45294444444444,125.90338888888893,1.8,35.0,2018-08-28 14:54:01,围网
962,31.454638888888887,125.90797222222223,2.3,42.0,2018-08-28 15:04:01,围网
962,31.45597222222222,125.91280555555555,2.1,99.0,2018-08-28 15:14:01,围网
962,31.457694444444453,125.91694444444445,1.4,72.0,2018-08-28 15:24:01,围网
962,31.45947222222221,125.921,1.1,0.0,2018-08-28 15:34:01,围网
962,31.461222222222233,125.925,1.2,60.0,2018-08-28 15:44:01,围网
962,31.460777777777786,125.9285,1.5,188.0,2018-08-28 15:54:01,围网
962,31.456722222222233,125.9265,2.0,225.0,2018-08-28 16:04:01,围网
962,31.45508333333333,125.92616666666667,3.6,191.0,2018-08-28 16:14:01,围网
962,31.454472222222233,125.92600000000002,0.7,262.0,2018-08-28 16:24:01,围网
962,31.45441666666667,125.92627777777778,0.3,0.0,2018-08-28 16:34:01,围网
962,31.45441666666667,125.93369444444444,3.5,103.0,2018-08-28 16:44:01,围网
962,31.45358333333333,125.93797222222223,1.2,118.0,2018-08-28 16:54:01,围网
962,31.451694444444442,125.94205555555556,1.8,102.0,2018-08-28 17:04:01,围网
962,31.449388888888887,125.94583333333334,2.3,170.0,2018-08-28 17:14:01,围网
962,31.44569444444444,125.9487777777778,2.8,173.0,2018-08-28 17:24:01,围网
962,31.44236111111111,125.95116666666668,2.1,174.0,2018-08-28 17:34:01,围网
962,31.43833333333333,125.95258333333334,2.3,181.0,2018-08-28 17:44:01,围网
962,31.433555555555557,125.95230555555555,1.9,181.0,2018-08-28 17:54:01,围网
962,31.42913888888889,125.95152777777777,1.7,194.0,2018-08-28 18:04:01,围网
962,31.424916666666668,125.95058333333333,1.6,180.0,2018-08-28 18:14:01,围网
962,31.42094444444445,125.94838888888893,1.2,204.0,2018-08-28 18:24:01,围网
962,31.417222222222208,125.9459722222222,1.4,204.0,2018-08-28 18:34:01,围网
962,31.41372222222222,125.943,0.8,217.0,2018-08-28 18:44:01,围网
962,31.41075,125.93883333333332,2.0,222.0,2018-08-28 18:54:01,围网
962,31.40833333333333,125.93369444444444,2.1,239.0,2018-08-28 19:04:01,围网
962,31.408416666666664,125.92655555555555,2.4,295.0,2018-08-28 19:14:01,围网
962,31.410166666666665,125.92044444444444,1.8,299.0,2018-08-28 19:24:01,围网
962,31.412194444444445,125.91469444444445,2.3,313.0,2018-08-28 19:34:01,围网
962,31.414277777777766,125.90902777777778,1.8,289.0,2018-08-28 19:44:01,围网
962,31.41636111111111,125.90338888888893,1.8,287.0,2018-08-28 19:54:01,围网
962,31.41836111111111,125.89755555555556,2.1,303.0,2018-08-28 20:04:01,围网
962,31.42041666666667,125.89180555555555,1.8,288.0,2018-08-28 20:14:01,围网
962,31.4225,125.88575,2.8,312.0,2018-08-28 20:24:01,围网
962,31.424861111111113,125.8797222222222,1.7,287.0,2018-08-28 20:34:01,围网
962,31.42752777777779,125.87402777777777,2.3,292.0,2018-08-28 20:44:01,围网
962,31.430111111111113,125.86833333333333,1.8,282.0,2018-08-28 20:54:01,围网
962,31.43261111111111,125.86269444444444,1.6,287.0,2018-08-28 21:04:01,围网
962,31.435166666666664,125.85733333333332,1.7,311.0,2018-08-28 21:14:01,围网
962,31.438111111111112,125.8522222222222,2.7,325.0,2018-08-28 21:24:01,围网
962,31.441416666666665,125.84741666666666,2.2,316.0,2018-08-28 21:34:01,围网
962,31.445166666666665,125.84269444444445,1.9,312.0,2018-08-28 21:44:01,围网
962,31.448916666666666,125.83822222222223,1.4,318.0,2018-08-28 21:54:01,围网
962,31.450166666666664,125.83925,1.6,134.0,2018-08-28 22:04:01,围网
962,31.44975,125.8419722222222,1.0,159.0,2018-08-28 22:14:01,围网
962,31.4525,125.8395,0.9,343.0,2018-08-28 22:24:01,围网
962,31.45669444444445,125.83780555555555,1.9,337.0,2018-08-28 22:34:01,围网
962,31.46130555555556,125.8365,2.0,347.0,2018-08-28 22:44:01,围网
962,31.465944444444442,125.8352777777778,1.4,359.0,2018-08-28 22:54:01,围网
962,31.47058333333333,125.83419444444445,2.2,349.0,2018-08-28 23:04:01,围网
962,31.47525,125.8334722222222,2.3,346.0,2018-08-28 23:14:01,围网
962,31.47783333333333,125.83469444444445,4.5,125.0,2018-08-28 23:24:01,围网
962,31.481805555555553,125.83555555555556,4.2,22.0,2018-08-28 23:34:01,围网
962,31.483611111111113,125.84575,1.1,85.0,2018-08-28 23:44:01,围网
962,31.485194444444453,125.85041666666666,2.6,43.0,2018-08-28 23:54:01,围网
962,31.48858333333333,125.85486111111106,2.0,35.0,2018-08-29 00:04:01,围网
962,31.492527777777767,125.85866666666666,1.9,41.0,2018-08-29 00:14:01,围网
962,31.496527777777786,125.86225,1.4,39.0,2018-08-29 00:24:01,围网
962,31.5005,125.86558333333332,2.6,32.0,2018-08-29 00:34:01,围网
962,31.5045,125.869,1.5,35.0,2018-08-29 00:44:01,围网
962,31.508416666666665,125.87222222222222,1.6,28.0,2018-08-29 00:54:01,围网
962,31.51211111111111,125.87575,1.8,49.0,2018-08-29 01:04:01,围网
962,31.515611111111113,125.88,1.6,51.0,2018-08-29 01:14:01,围网
962,31.517166666666668,125.88511111111113,2.1,87.0,2018-08-29 01:24:01,围网
962,31.51738888888889,125.89147222222223,1.6,89.0,2018-08-29 01:34:01,围网
962,31.51730555555555,125.89705555555555,1.6,106.0,2018-08-29 01:44:01,围网
962,31.51575,125.90258333333334,1.6,107.0,2018-08-29 01:54:01,围网
962,31.51416666666667,125.90788888888888,2.3,105.0,2018-08-29 02:04:01,围网
962,31.51225,125.9129722222222,1.9,120.0,2018-08-29 02:14:01,围网
962,31.510222222222232,125.91797222222223,1.7,145.0,2018-08-29 02:24:01,围网
962,31.508138888888887,125.92283333333334,1.4,124.0,2018-08-29 02:34:01,围网
962,31.506166666666665,125.92780555555555,1.6,140.0,2018-08-29 02:44:01,围网
962,31.504166666666666,125.93280555555555,1.9,102.0,2018-08-29 02:54:01,围网
962,31.50225,125.93780555555556,1.9,140.0,2018-08-29 03:04:01,围网
962,31.500277777777786,125.94283333333334,1.8,107.0,2018-08-29 03:14:01,围网
962,31.49827777777778,125.94788888888893,1.9,133.0,2018-08-29 03:24:01,围网
962,31.496388888888887,125.95305555555555,1.7,129.0,2018-08-29 03:34:01,围网
962,31.4945,125.95811111111112,2.3,82.0,2018-08-29 03:44:01,围网
962,31.49258333333333,125.96311111111113,2.2,126.0,2018-08-29 03:54:01,围网
962,31.48919444444445,125.97277777777781,1.7,118.0,2018-08-29 04:14:01,围网
962,31.4875,125.97725,2.5,150.0,2018-08-29 04:24:01,围网
962,31.47991666666667,125.97519444444444,2.0,188.0,2018-08-29 04:34:01,围网
962,31.47544444444444,125.97616666666669,1.7,151.0,2018-08-29 04:44:01,围网
962,31.476388888888888,125.97411111111113,1.3,16.0,2018-08-29 04:54:01,围网
962,31.479111111111113,125.97430555555556,1.7,114.0,2018-08-29 05:04:01,围网
962,31.477722222222226,125.97475,1.1,259.0,2018-08-29 05:14:01,围网
962,31.476416666666665,125.97480555555555,0.7,256.0,2018-08-29 05:24:01,围网
962,31.48222222222222,125.98211111111112,6.3,42.0,2018-08-29 05:34:01,围网
962,31.47936111111111,125.99625,1.3,159.0,2018-08-29 05:54:01,围网
962,31.474694444444445,125.99725,2.3,177.0,2018-08-29 06:04:01,围网
962,31.469777777777768,125.99630555555555,2.3,209.0,2018-08-29 06:14:01,围网
962,31.46544444444445,125.99455555555555,1.9,206.0,2018-08-29 06:24:01,围网
962,31.461194444444452,125.99272222222223,1.9,210.0,2018-08-29 06:34:01,围网
962,31.457472222222233,125.99108333333332,1.3,189.0,2018-08-29 06:44:01,围网
962,31.453527777777786,125.98913888888887,1.6,204.0,2018-08-29 06:54:01,围网
962,31.44955555555555,125.98736111111113,1.2,214.0,2018-08-29 07:04:01,围网
962,31.445777777777767,125.9857222222222,1.7,204.0,2018-08-29 07:14:01,围网
962,31.442138888888888,125.98394444444445,1.5,218.0,2018-08-29 07:24:01,围网
962,31.43888888888889,125.98041666666668,1.6,235.0,2018-08-29 07:34:01,围网
962,31.43619444444445,125.97583333333334,2.3,256.0,2018-08-29 07:44:01,围网
962,31.4345,125.97016666666669,3.0,286.0,2018-08-29 07:54:01,围网
962,31.434027777777768,125.96383333333334,1.8,255.0,2018-08-29 08:04:01,围网
962,31.433916666666665,125.95769444444444,1.9,263.0,2018-08-29 08:14:01,围网
962,31.434,125.95166666666668,2.3,290.0,2018-08-29 08:24:01,围网
962,31.4345,125.94555555555556,2.4,289.0,2018-08-29 08:34:01,围网
962,31.435166666666664,125.93938888888887,1.5,263.0,2018-08-29 08:44:01,围网
962,31.43569444444445,125.93327777777776,2.3,295.0,2018-08-29 08:54:01,围网
962,31.43666666666667,125.92716666666666,1.5,265.0,2018-08-29 09:04:01,围网
962,31.43813888888889,125.92119444444445,2.2,273.0,2018-08-29 09:14:01,围网
962,31.440222222222232,125.91541666666667,2.3,304.0,2018-08-29 09:24:01,围网
962,31.442638888888887,125.90983333333334,1.8,311.0,2018-08-29 09:34:01,围网
962,31.445611111111113,125.90441666666666,1.4,307.0,2018-08-29 09:44:01,围网
962,31.4485,125.89916666666667,2.6,316.0,2018-08-29 09:54:01,围网
962,31.451555555555554,125.89397222222223,1.9,312.0,2018-08-29 10:04:01,围网
962,31.454472222222233,125.88936111111113,1.4,295.0,2018-08-29 10:14:01,围网
962,31.45775,125.88477777777778,2.4,328.0,2018-08-29 10:24:01,围网
962,31.461388888888887,125.88063888888887,2.6,324.0,2018-08-29 10:34:01,围网
962,31.465166666666665,125.87686111111113,2.3,342.0,2018-08-29 10:44:01,围网
962,31.468000000000004,125.87772222222222,1.1,105.0,2018-08-29 10:54:01,围网
962,31.465611111111112,125.88038888888887,1.6,117.0,2018-08-29 11:04:01,围网
962,31.466666666666665,125.88022222222222,1.5,352.0,2018-08-29 11:14:01,围网
962,31.47075,125.87961111111107,0.9,354.0,2018-08-29 11:24:01,围网
962,31.47519444444445,125.87933333333334,0.6,20.0,2018-08-29 11:34:01,围网
962,31.47780555555555,125.88686111111113,1.1,102.0,2018-08-29 11:44:01,围网
962,31.48019444444445,125.89147222222223,2.6,35.0,2018-08-29 11:54:01,围网
962,31.484638888888888,125.89538888888887,2.3,26.0,2018-08-29 12:04:01,围网
962,31.48938888888889,125.89833333333334,2.1,75.0,2018-08-29 12:14:01,围网
962,31.494111111111113,125.90086111111113,2.5,18.0,2018-08-29 12:24:01,围网
962,31.49894444444445,125.90294444444444,2.2,41.0,2018-08-29 12:34:01,围网
962,31.503777777777767,125.90416666666668,2.2,357.0,2018-08-29 12:44:01,围网
962,31.50844444444445,125.90533333333336,2.0,31.0,2018-08-29 12:54:01,围网
962,31.51311111111111,125.90725,2.7,17.0,2018-08-29 13:04:01,围网
962,31.51683333333333,125.91086111111113,1.5,40.0,2018-08-29 13:14:01,围网
962,31.520166666666665,125.91555555555556,2.3,28.0,2018-08-29 13:24:01,围网
962,31.523944444444442,125.9189722222222,1.2,37.0,2018-08-29 13:34:01,围网
962,31.52697222222222,125.92294444444444,2.5,51.0,2018-08-29 13:44:01,围网
962,31.527638888888887,125.92980555555555,1.8,97.0,2018-08-29 13:54:01,围网
962,31.52758333333333,125.93591666666669,1.6,98.0,2018-08-29 14:04:01,围网
962,31.52663888888889,125.94152777777781,2.9,81.0,2018-08-29 14:14:01,围网
962,31.52572222222221,125.94677777777778,1.8,106.0,2018-08-29 14:24:01,围网
962,31.524638888888887,125.95175,1.4,106.0,2018-08-29 14:34:01,围网
962,31.52336111111111,125.95666666666666,1.3,113.0,2018-08-29 14:44:01,围网
962,31.52194444444445,125.96138888888888,1.8,109.0,2018-08-29 14:54:01,围网
962,31.520416666666666,125.96594444444445,1.5,118.0,2018-08-29 15:04:01,围网
962,31.518416666666663,125.97038888888888,1.8,99.0,2018-08-29 15:14:01,围网
962,31.516444444444453,125.97475,1.4,117.0,2018-08-29 15:24:01,围网
962,31.51436111111111,125.97897222222224,2.1,93.0,2018-08-29 15:34:01,围网
962,31.512888888888888,125.98363888888888,2.0,115.0,2018-08-29 15:44:01,围网
962,31.51091666666667,125.98836111111108,1.5,95.0,2018-08-29 15:54:01,围网
962,31.508527777777786,125.99311111111112,1.5,148.0,2018-08-29 16:04:01,围网
962,31.50536111111111,125.99688888888888,1.9,120.0,2018-08-29 16:14:01,围网
962,31.502222222222233,126.00077777777777,1.2,131.0,2018-08-29 16:24:01,围网
962,31.49969444444445,126.00508333333332,1.6,123.0,2018-08-29 16:34:01,围网
962,31.49711111111111,126.00925,1.7,116.0,2018-08-29 16:44:01,围网
962,31.494944444444453,126.00888888888888,2.6,275.0,2018-08-29 16:54:01,围网
962,31.496194444444445,126.00508333333332,1.3,316.0,2018-08-29 17:04:01,围网
962,31.496277777777767,126.00533333333334,1.3,107.0,2018-08-29 17:14:01,围网
962,31.495444444444445,126.00661111111113,0.3,0.0,2018-08-29 17:24:01,围网
962,31.494972222222234,126.00752777777777,0.9,85.0,2018-08-29 17:34:01,围网
962,31.497027777777767,126.01038888888887,8.2,24.0,2018-08-29 17:44:01,围网
962,31.51075,126.03027777777778,8.2,88.0,2018-08-29 17:54:01,围网
962,31.512472222222208,126.03877777777778,2.6,6.0,2018-08-29 18:04:01,围网
962,31.5095,126.04752777777777,1.4,146.0,2018-08-29 18:14:01,围网
962,31.50638888888889,126.05008333333332,1.8,173.0,2018-08-29 18:24:01,围网
962,31.501583333333336,126.05061111111112,2.4,189.0,2018-08-29 18:34:01,围网
962,31.496861111111112,126.04947222222222,2.2,192.0,2018-08-29 18:44:01,围网
962,31.492555555555555,126.04683333333334,1.9,220.0,2018-08-29 18:54:01,围网
962,31.48858333333333,126.04322222222223,1.2,220.0,2018-08-29 19:04:01,围网
962,31.48566666666667,126.0390277777778,1.9,236.0,2018-08-29 19:14:01,围网
962,31.48366666666667,126.0335277777778,2.1,265.0,2018-08-29 19:24:01,围网
962,31.482777777777766,126.02766666666668,2.0,254.0,2018-08-29 19:34:01,围网
962,31.482777777777766,126.02177777777777,1.5,271.0,2018-08-29 19:44:01,围网
962,31.48325,126.01602777777778,1.6,282.0,2018-08-29 19:54:01,围网
962,31.48394444444445,126.01044444444445,1.9,290.0,2018-08-29 20:04:01,围网
962,31.48525,126.00491666666667,1.8,289.0,2018-08-29 20:14:01,围网
962,31.487055555555557,125.9995277777778,1.8,294.0,2018-08-29 20:24:01,围网
962,31.489472222222233,125.99433333333334,1.8,300.0,2018-08-29 20:34:01,围网
962,31.49258333333333,125.98952777777778,1.6,301.0,2018-08-29 20:44:01,围网
962,31.49616666666667,125.98513888888887,1.8,318.0,2018-08-29 20:54:01,围网
962,31.499972222222233,125.98105555555556,1.6,317.0,2018-08-29 21:04:01,围网
962,31.503888888888888,125.97719444444445,1.8,325.0,2018-08-29 21:14:01,围网
962,31.50769444444445,125.97311111111112,1.6,317.0,2018-08-29 21:24:01,围网
962,31.51144444444445,125.96886111111112,2.1,332.0,2018-08-29 21:34:01,围网
962,31.51511111111111,125.96477777777778,1.8,308.0,2018-08-29 21:44:01,围网
962,31.51894444444445,125.96058333333332,1.6,326.0,2018-08-29 21:54:01,围网
962,31.523000000000003,125.95669444444445,1.9,317.0,2018-08-29 22:04:01,围网
962,31.52683333333333,125.95341666666668,2.1,338.0,2018-08-29 22:14:01,围网
962,31.53075,125.95013888888887,1.6,320.0,2018-08-29 22:24:01,围网
962,31.53463888888889,125.94691666666668,1.9,328.0,2018-08-29 22:34:01,围网
962,31.53838888888889,125.94363888888887,1.5,328.0,2018-08-29 22:44:01,围网
962,31.54225000000001,125.94086111111106,1.8,334.0,2018-08-29 22:54:01,围网
962,31.54616666666667,125.93836111111106,1.7,339.0,2018-08-29 23:04:01,围网
962,31.550166666666666,125.93638888888893,1.6,348.0,2018-08-29 23:14:01,围网
962,31.552555555555557,125.93752777777777,0.9,90.0,2018-08-29 23:24:01,围网
962,31.55005555555556,125.94013888888887,1.2,145.0,2018-08-29 23:34:01,围网
962,31.55080555555556,125.9395,1.1,343.0,2018-08-29 23:44:01,围网
962,31.55455555555556,125.9397777777778,1.9,10.0,2018-08-29 23:54:01,围网
962,31.55833333333333,125.94069444444445,1.5,22.0,2018-08-30 00:04:01,围网
962,31.561722222222233,125.94263888888894,2.5,127.0,2018-08-30 00:14:01,围网
962,31.560194444444452,125.95163888888888,2.1,88.0,2018-08-30 00:24:01,围网
962,31.55961111111111,125.95633333333332,1.3,108.0,2018-08-30 00:34:01,围网
962,31.55919444444445,125.96108333333332,1.8,94.0,2018-08-30 00:44:01,围网
962,31.5595,125.96622222222223,1.7,112.0,2018-08-30 00:54:01,围网
962,31.55852777777778,125.97644444444445,1.3,99.0,2018-08-30 01:14:01,围网
962,31.55822222222222,125.98130555555555,1.6,85.0,2018-08-30 01:24:01,围网
962,31.558055555555555,125.98661111111113,1.8,94.0,2018-08-30 01:34:01,围网
962,31.557972222222233,125.99211111111113,1.8,87.0,2018-08-30 01:44:01,围网
962,31.558277777777786,125.99783333333336,2.5,77.0,2018-08-30 01:54:01,围网
962,31.558694444444445,126.00330555555556,2.0,103.0,2018-08-30 02:04:01,围网
962,31.558055555555555,126.00902777777776,1.8,100.0,2018-08-30 02:14:01,围网
962,31.557361111111113,126.01475,1.9,99.0,2018-08-30 02:24:01,围网
962,31.556611111111113,126.02038888888887,1.3,101.0,2018-08-30 02:34:01,围网
962,31.555888888888887,126.02605555555556,2.0,89.0,2018-08-30 02:44:01,围网
962,31.554805555555557,126.03169444444444,1.7,104.0,2018-08-30 02:54:01,围网
962,31.55258333333333,126.03713888888888,2.1,128.0,2018-08-30 03:04:01,围网
962,31.549722222222233,126.04211111111113,2.0,109.0,2018-08-30 03:14:01,围网
962,31.546972222222234,126.04688888888887,2.1,120.0,2018-08-30 03:24:01,围网
962,31.543861111111113,126.05155555555555,2.7,167.0,2018-08-30 03:34:01,围网
962,31.540805555555558,126.05611111111112,2.6,100.0,2018-08-30 03:44:01,围网
962,31.537722222222232,126.06055555555555,2.1,130.0,2018-08-30 03:54:01,围网
962,31.53394444444445,126.06483333333333,1.6,146.0,2018-08-30 04:04:01,围网
962,31.529888888888888,126.06819444444444,1.9,136.0,2018-08-30 04:14:01,围网
962,31.52569444444445,126.07147222222223,2.2,158.0,2018-08-30 04:24:01,围网
962,31.52180555555555,126.07463888888887,2.3,141.0,2018-08-30 04:34:01,围网
962,31.517555555555553,126.07741666666666,1.7,164.0,2018-08-30 04:44:01,围网
962,31.51327777777778,126.07988888888887,2.3,156.0,2018-08-30 04:54:01,围网
962,31.508777777777766,126.08183333333334,1.8,164.0,2018-08-30 05:04:01,围网
962,31.504305555555554,126.08402777777776,1.5,162.0,2018-08-30 05:14:01,围网
962,31.500222222222234,126.08563888888888,2.6,194.0,2018-08-30 05:24:01,围网
962,31.495638888888887,126.08647222222223,1.9,188.0,2018-08-30 05:34:01,围网
962,31.494027777777767,126.08558333333332,1.2,329.0,2018-08-30 05:44:01,围网
962,31.497027777777767,126.08380555555556,1.4,0.0,2018-08-30 05:54:01,围网
962,31.49733333333333,126.08491666666666,1.3,168.0,2018-08-30 06:04:01,围网
962,31.49416666666667,126.08625,1.1,164.0,2018-08-30 06:24:01,围网
962,31.4915,126.09336111111112,1.4,135.0,2018-08-30 06:34:01,围网
962,31.487361111111113,126.09502777777777,2.3,192.0,2018-08-30 06:44:01,围网
962,31.482916666666664,126.09527777777777,1.5,161.0,2018-08-30 06:54:01,围网
962,31.478388888888887,126.09416666666668,1.8,209.0,2018-08-30 07:04:01,围网
962,31.47427777777777,126.09130555555555,1.8,200.0,2018-08-30 07:14:01,围网
962,31.471027777777767,126.08705555555555,2.2,206.0,2018-08-30 07:24:01,围网
962,31.468666666666664,126.08225,1.8,252.0,2018-08-30 07:34:01,围网
962,31.467416666666665,126.07661111111106,1.6,258.0,2018-08-30 07:44:01,围网
962,31.466555555555555,126.07108333333332,1.9,279.0,2018-08-30 07:54:01,围网
962,31.466,126.06516666666668,1.6,265.0,2018-08-30 08:04:01,围网
962,31.465888888888887,126.05961111111112,1.7,272.0,2018-08-30 08:14:01,围网
962,31.466305555555557,126.05375,1.8,272.0,2018-08-30 08:24:01,围网
962,31.46725,126.04788888888888,2.0,281.0,2018-08-30 08:34:01,围网
962,31.468666666666664,126.0422222222222,2.0,303.0,2018-08-30 08:44:01,围网
962,31.470416666666665,126.0367222222222,2.7,318.0,2018-08-30 08:54:01,围网
962,31.47219444444445,126.0312777777778,2.0,272.0,2018-08-30 09:04:01,围网
962,31.474027777777767,126.02586111111113,1.7,276.0,2018-08-30 09:14:01,围网
962,31.476055555555554,126.02052777777777,1.6,283.0,2018-08-30 09:24:01,围网
962,31.47819444444444,126.01527777777778,1.8,281.0,2018-08-30 09:34:01,围网
962,31.480611111111113,126.01011111111113,1.4,290.0,2018-08-30 09:44:01,围网
962,31.482944444444442,126.00502777777777,2.4,314.0,2018-08-30 09:54:01,围网
962,31.48483333333333,125.99980555555555,1.7,294.0,2018-08-30 10:04:01,围网
962,31.48641666666667,125.99475,1.9,281.0,2018-08-30 10:14:01,围网
962,31.48791666666667,125.98961111111113,1.4,282.0,2018-08-30 10:24:01,围网
962,31.48941666666667,125.98463888888894,2.1,301.0,2018-08-30 10:34:01,围网
962,31.491194444444453,125.97975,1.4,0.0,2018-08-30 10:44:01,围网
962,31.493333333333336,125.97497222222222,1.6,0.0,2018-08-30 10:54:01,围网
962,31.495694444444442,125.97025,2.3,332.0,2018-08-30 11:04:01,围网
962,31.499194444444445,125.96616666666668,1.3,325.0,2018-08-30 11:14:01,围网
962,31.504027777777768,125.9632777777778,1.6,341.0,2018-08-30 11:24:01,围网
962,31.50911111111111,125.96163888888887,3.3,357.0,2018-08-30 11:34:01,围网
962,31.511805555555554,125.96305555555556,1.4,0.0,2018-08-30 11:44:01,围网
962,31.509888888888888,125.96525,0.6,0.0,2018-08-30 11:54:01,围网
962,31.511333333333337,125.96458333333334,1.6,2.0,2018-08-30 12:04:01,围网
962,31.515277777777786,125.96430555555555,0.9,16.0,2018-08-30 12:14:01,围网
962,31.519388888888887,125.97125,6.4,82.0,2018-08-30 12:24:01,围网
962,31.52269444444445,125.98072222222223,6.0,104.0,2018-08-30 12:34:01,围网
962,31.525444444444442,125.98963888888888,1.6,46.0,2018-08-30 12:44:01,围网
962,31.529027777777767,125.99394444444445,2.5,36.0,2018-08-30 12:54:01,围网
962,31.53338888888889,125.99713888888893,2.0,24.0,2018-08-30 13:04:01,围网
962,31.538138888888888,125.99936111111113,2.4,0.0,2018-08-30 13:14:01,围网
962,31.54261111111111,126.00147222222222,1.4,11.0,2018-08-30 13:24:01,围网
962,31.546805555555554,126.00413888888887,1.5,30.0,2018-08-30 13:34:01,围网
962,31.550666666666665,126.00758333333332,2.0,46.0,2018-08-30 13:44:01,围网
962,31.554277777777767,126.01152777777777,2.0,25.0,2018-08-30 13:54:01,围网
962,31.55777777777779,126.01586111111112,1.4,37.0,2018-08-30 14:04:01,围网
962,31.56077777777778,126.01991666666667,2.0,41.0,2018-08-30 14:14:01,围网
962,31.563861111111112,126.02461111111113,3.4,25.0,2018-08-30 14:24:01,围网
962,31.56625,126.03008333333334,1.7,70.0,2018-08-30 14:34:01,围网
962,31.568361111111113,126.03513888888888,1.7,323.0,2018-08-30 14:44:01,围网
962,31.56933333333333,126.04094444444445,1.7,81.0,2018-08-30 14:54:01,围网
962,31.570138888888888,126.05283333333334,2.0,83.0,2018-08-30 15:14:01,围网
962,31.57050000000001,126.05841666666667,2.1,74.0,2018-08-30 15:24:01,围网
962,31.57044444444445,126.06413888888888,3.5,58.0,2018-08-30 15:34:01,围网
962,31.570027777777767,126.07005555555556,2.3,116.0,2018-08-30 15:44:01,围网
962,31.568638888888888,126.07591666666669,2.1,72.0,2018-08-30 15:54:01,围网
962,31.56663888888889,126.08152777777777,2.5,134.0,2018-08-30 16:04:01,围网
962,31.56369444444445,126.08666666666666,1.6,134.0,2018-08-30 16:14:01,围网
962,31.560527777777786,126.0912222222222,2.2,133.0,2018-08-30 16:24:01,围网
962,31.55763888888889,126.09575,2.5,114.0,2018-08-30 16:34:01,围网
962,31.554861111111112,126.10033333333334,2.5,107.0,2018-08-30 16:44:01,围网
962,31.552222222222234,126.10494444444444,1.5,100.0,2018-08-30 16:54:01,围网
962,31.548388888888887,126.10908333333332,2.3,129.0,2018-08-30 17:04:01,围网
962,31.544555555555558,126.11225,2.5,111.0,2018-08-30 17:14:01,围网
962,31.540722222222207,126.11552777777777,1.5,143.0,2018-08-30 17:24:01,围网
962,31.537111111111113,126.11886111111107,1.7,148.0,2018-08-30 17:34:01,围网
962,31.533777777777786,126.12213888888887,1.9,184.0,2018-08-30 17:44:01,围网
962,31.53025,126.1249722222222,2.3,143.0,2018-08-30 17:54:01,围网
962,31.52863888888889,126.12441666666665,0.8,305.0,2018-08-30 18:04:01,围网
962,31.53038888888889,126.1214722222222,0.9,335.0,2018-08-30 18:14:01,围网
962,31.53069444444445,126.12158333333332,1.2,79.0,2018-08-30 18:24:01,围网
962,31.53144444444445,126.12225,0.0,0.0,2018-08-30 18:34:01,围网
962,31.53247222222221,126.12316666666666,1.0,108.0,2018-08-30 18:44:01,围网
962,31.529055555555548,126.13058333333332,1.8,93.0,2018-08-30 18:54:01,围网
962,31.52438888888889,126.13116666666667,1.7,177.0,2018-08-30 19:04:01,围网
962,31.51972222222221,126.12927777777777,1.7,186.0,2018-08-30 19:14:01,围网
962,31.51594444444445,126.12563888888887,2.1,224.0,2018-08-30 19:24:01,围网
962,31.513527777777767,126.11455555555555,2.1,264.0,2018-08-30 19:44:01,围网
962,31.51358333333333,126.10941666666666,1.4,258.0,2018-08-30 19:54:01,围网
962,31.514222222222234,126.10408333333334,1.8,251.0,2018-08-30 20:04:01,围网
962,31.514277777777767,126.09927777777777,1.0,262.0,2018-08-30 20:14:01,围网
962,31.513666666666666,126.09416666666668,1.6,235.0,2018-08-30 20:24:01,围网
962,31.515277777777786,126.08380555555556,2.0,310.0,2018-08-30 20:44:01,围网
962,31.52052777777779,126.08091666666668,2.0,350.0,2018-08-30 20:54:01,围网
962,31.52533333333333,126.07933333333334,2.0,320.0,2018-08-30 21:04:01,围网
962,31.529166666666665,126.07538888888888,1.9,316.0,2018-08-30 21:14:01,围网
962,31.533027777777786,126.07147222222223,1.5,327.0,2018-08-30 21:24:01,围网
962,31.53675,126.06744444444445,1.4,323.0,2018-08-30 21:34:01,围网
962,31.54066666666667,126.06375,1.7,320.0,2018-08-30 21:44:01,围网
962,31.544555555555558,126.06027777777777,1.8,314.0,2018-08-30 21:54:01,围网
962,31.54813888888889,126.05536111111113,2.0,308.0,2018-08-30 22:04:01,围网
962,31.55155555555556,126.05030555555555,2.0,322.0,2018-08-30 22:14:01,围网
962,31.557444444444453,126.04016666666666,2.7,332.0,2018-08-30 22:34:01,围网
962,31.560527777777786,126.03555555555555,2.2,311.0,2018-08-30 22:44:01,围网
962,31.563416666666665,126.03080555555556,1.9,298.0,2018-08-30 22:54:01,围网
962,31.56630555555556,126.02625,1.5,308.0,2018-08-30 23:04:01,围网
962,31.569111111111113,126.02197222222222,1.8,322.0,2018-08-30 23:14:01,围网
962,31.572944444444442,126.01886111111112,2.6,335.0,2018-08-30 23:24:01,围网
962,31.576777777777767,126.01605555555555,1.7,332.0,2018-08-30 23:34:01,围网
962,31.581055555555558,126.01286111111106,2.0,339.0,2018-08-30 23:44:01,围网
962,31.58847222222222,126.0077222222222,2.2,326.0,2018-08-31 00:04:01,围网
962,31.59208333333333,126.00508333333332,1.8,339.0,2018-08-31 00:14:01,围网
962,31.59558333333333,126.0025,1.4,330.0,2018-08-31 00:24:01,围网
962,31.5985,126.00394444444444,1.4,92.0,2018-08-31 00:34:01,围网
962,31.59572222222221,126.00711111111113,1.3,120.0,2018-08-31 00:44:01,围网
962,31.59458333333333,126.00775,1.8,25.0,2018-08-31 00:54:01,围网
962,31.5975,126.00961111111113,1.2,40.0,2018-08-31 01:04:01,围网
962,31.60511111111111,126.01630555555555,3.0,25.0,2018-08-31 01:24:01,围网
962,31.608833333333337,126.01972222222223,1.7,40.0,2018-08-31 01:34:01,围网
962,31.60391666666667,126.02777777777777,1.4,134.0,2018-08-31 01:54:01,围网
962,31.60141666666667,126.02975,1.8,127.0,2018-08-31 02:04:01,围网
962,31.59911111111111,126.03105555555555,1.7,124.0,2018-08-31 02:14:01,围网
962,31.59675,126.03255555555555,1.1,208.0,2018-08-31 02:24:01,围网
962,31.594305555555554,126.03375,1.2,151.0,2018-08-31 02:34:01,围网
962,31.59183333333333,126.03552777777777,1.2,124.0,2018-08-31 02:44:01,围网
962,31.58958333333333,126.03980555555556,2.2,108.0,2018-08-31 02:54:01,围网
962,31.58775,126.045,2.8,96.0,2018-08-31 03:04:01,围网
962,31.586166666666664,126.0497222222222,1.4,145.0,2018-08-31 03:14:01,围网
962,31.583527777777785,126.05397222222223,2.3,134.0,2018-08-31 03:24:01,围网
962,31.580805555555557,126.05811111111113,1.5,130.0,2018-08-31 03:34:01,围网
962,31.57802777777778,126.06227777777778,2.9,129.0,2018-08-31 03:44:01,围网
962,31.575166666666664,126.06655555555555,2.3,128.0,2018-08-31 03:54:01,围网
962,31.572277777777767,126.07088888888887,1.6,0.0,2018-08-31 04:04:01,围网
962,31.56933333333333,126.07519444444445,1.6,157.0,2018-08-31 04:14:01,围网
962,31.56641666666667,126.07952777777777,1.4,125.0,2018-08-31 04:24:01,围网
962,31.563805555555557,126.08408333333333,1.8,124.0,2018-08-31 04:34:01,围网
962,31.561277777777786,126.08855555555556,2.7,159.0,2018-08-31 04:44:01,围网
962,31.55858333333333,126.09288888888888,2.1,158.0,2018-08-31 04:54:01,围网
962,31.555694444444452,126.09719444444444,2.8,174.0,2018-08-31 05:04:01,围网
962,31.552805555555555,126.10158333333332,1.8,170.0,2018-08-31 05:14:01,围网
962,31.54966666666667,126.10502777777776,1.6,157.0,2018-08-31 05:24:01,围网
962,31.54641666666667,126.10830555555556,1.6,134.0,2018-08-31 05:34:01,围网
962,31.542972222222232,126.11141666666666,1.5,155.0,2018-08-31 05:44:01,围网
962,31.539055555555557,126.1137222222222,1.9,157.0,2018-08-31 05:54:01,围网
962,31.53488888888889,126.11511111111106,1.7,189.0,2018-08-31 06:04:01,围网
962,31.530555555555555,126.11580555555555,1.9,170.0,2018-08-31 06:14:01,围网
962,31.52658333333333,126.11655555555555,1.9,169.0,2018-08-31 06:24:01,围网
962,31.522527777777768,126.11724999999998,1.6,178.0,2018-08-31 06:34:01,围网
962,31.518611111111113,126.11783333333334,1.6,0.0,2018-08-31 06:44:01,围网
962,31.52036111111111,126.11516666666668,0.4,0.0,2018-08-31 06:54:01,围网
962,31.52263888888889,126.11455555555555,1.4,100.0,2018-08-31 07:04:01,围网
962,31.521027777777785,126.11525,0.9,0.0,2018-08-31 07:14:01,围网
962,31.519972222222233,126.11608333333332,2.0,147.0,2018-08-31 07:24:01,围网
962,31.51458333333333,126.11616666666669,6.2,196.0,2018-08-31 07:34:01,围网
962,31.50575000000001,126.11319444444445,0.1,0.0,2018-08-31 07:44:01,围网
962,31.505,126.11305555555555,0.6,217.0,2018-08-31 07:54:01,围网
962,31.50425,126.11311111111112,0.8,315.0,2018-08-31 08:04:01,围网
962,31.503722222222233,126.1129722222222,0.1,0.0,2018-08-31 08:14:01,围网
962,31.503277777777786,126.11272222222222,0.3,0.0,2018-08-31 08:24:01,围网
962,31.50294444444444,126.11230555555555,0.3,0.0,2018-08-31 08:34:01,围网
962,31.502805555555554,126.11186111111112,2.6,150.0,2018-08-31 08:44:01,围网
962,31.494222222222234,126.10936111111113,1.8,250.0,2018-08-31 08:54:01,围网
962,31.49225,126.10372222222222,2.6,261.0,2018-08-31 09:04:01,围网
962,31.49183333333333,126.0972777777778,2.1,264.0,2018-08-31 09:14:01,围网
962,31.49191666666667,126.09144444444445,1.9,264.0,2018-08-31 09:24:01,围网
962,31.49225,126.08572222222222,2.7,291.0,2018-08-31 09:34:01,围网
962,31.492638888888887,126.08019444444444,1.6,272.0,2018-08-31 09:44:01,围网
962,31.493,126.07477777777778,2.0,295.0,2018-08-31 09:54:01,围网
962,31.49363888888889,126.06916666666666,1.9,300.0,2018-08-31 10:04:01,围网
962,31.494555555555557,126.06408333333331,1.5,286.0,2018-08-31 10:14:01,围网
962,31.49558333333333,126.05880555555555,1.6,281.0,2018-08-31 10:24:01,围网
962,31.49655555555556,126.05358333333332,1.7,283.0,2018-08-31 10:34:01,围网
962,31.497722222222233,126.04841666666668,3.1,309.0,2018-08-31 10:44:01,围网
962,31.49888888888889,126.04333333333334,1.7,306.0,2018-08-31 10:54:01,围网
962,31.50011111111111,126.03836111111107,2.7,310.0,2018-08-31 11:04:01,围网
962,31.50122222222221,126.03341666666668,2.4,293.0,2018-08-31 11:14:01,围网
962,31.50233333333333,126.02858333333332,1.7,299.0,2018-08-31 11:24:01,围网
962,31.505111111111113,126.02394444444445,1.7,314.0,2018-08-31 11:34:01,围网
962,31.508527777777786,126.01983333333334,1.9,318.0,2018-08-31 11:44:01,围网
962,31.51169444444445,126.01586111111112,2.4,320.0,2018-08-31 11:54:01,围网
962,31.51463888888889,126.01188888888888,1.4,311.0,2018-08-31 12:04:01,围网
962,31.517555555555553,126.0079722222222,2.0,316.0,2018-08-31 12:14:01,围网
962,31.520027777777766,126.00380555555556,1.2,297.0,2018-08-31 12:24:01,围网
962,31.52186111111111,125.99966666666668,1.0,281.0,2018-08-31 12:34:01,围网
962,31.52294444444444,125.99558333333331,1.1,254.0,2018-08-31 12:44:01,围网
962,31.521583333333336,125.9947222222222,5.3,33.0,2018-08-31 12:54:01,围网
962,31.52572222222221,125.99325,4.5,303.0,2018-08-31 13:04:01,围网
962,31.52963888888889,125.99011111111106,2.7,346.0,2018-08-31 13:14:01,围网
962,31.53361111111111,125.98777777777778,1.6,335.0,2018-08-31 13:24:01,围网
962,31.537861111111113,125.98597222222222,1.5,344.0,2018-08-31 13:34:01,围网
962,31.54216666666667,125.98463888888894,1.9,351.0,2018-08-31 13:44:01,围网
962,31.54644444444445,125.98366666666668,1.0,353.0,2018-08-31 13:54:01,围网
962,31.55041666666667,125.9824722222222,1.2,343.0,2018-08-31 14:04:01,围网
962,31.55325,125.98391666666666,1.0,101.0,2018-08-31 14:14:01,围网
962,31.55013888888889,125.98711111111112,1.9,144.0,2018-08-31 14:24:01,围网
962,31.549055555555555,125.98822222222223,4.1,30.0,2018-08-31 14:34:01,围网
962,31.55177777777777,125.99088888888888,2.8,21.0,2018-08-31 14:44:01,围网
962,31.554000000000002,125.99383333333333,4.1,291.0,2018-08-31 14:54:01,围网
962,31.55108333333333,125.98233333333332,0.7,0.0,2018-08-31 15:04:01,围网
962,31.548388888888887,125.97858333333332,1.8,258.0,2018-08-31 15:14:01,围网
962,31.54969444444445,125.97616666666669,1.4,325.0,2018-08-31 15:24:01,围网
962,31.55308333333333,125.97522222222223,1.5,6.0,2018-08-31 15:34:01,围网
962,31.557277777777767,125.97630555555556,2.1,35.0,2018-08-31 15:44:01,围网
962,31.56091666666667,125.97902777777777,1.3,38.0,2018-08-31 15:54:01,围网
962,31.56375,125.98347222222222,2.2,75.0,2018-08-31 16:04:01,围网
962,31.56558333333333,125.98875,1.7,65.0,2018-08-31 16:14:01,围网
962,31.56688888888889,125.99377777777778,1.9,85.0,2018-08-31 16:24:01,围网
962,31.568305555555558,125.99797222222223,1.2,85.0,2018-08-31 16:34:01,围网
962,31.567027777777767,126.00313888888893,1.7,123.0,2018-08-31 16:44:01,围网
962,31.56369444444445,126.00769444444445,2.1,150.0,2018-08-31 16:54:01,围网
962,31.55891666666667,126.0097222222222,1.3,164.0,2018-08-31 17:04:01,围网
962,31.555055555555555,126.01019444444445,1.4,205.0,2018-08-31 17:14:01,围网
962,31.551444444444453,126.01052777777777,1.5,182.0,2018-08-31 17:24:01,围网
962,31.54783333333333,126.01030555555555,1.9,177.0,2018-08-31 17:34:01,围网
962,31.54438888888889,126.00988888888894,1.4,200.0,2018-08-31 17:44:01,围网
962,31.54091666666667,126.0094722222222,1.4,200.0,2018-08-31 17:54:01,围网
962,31.5375,126.00863888888887,1.7,201.0,2018-08-31 18:04:01,围网
962,31.534027777777766,126.00783333333334,1.7,221.0,2018-08-31 18:14:01,围网
962,31.530361111111112,126.00725,1.7,167.0,2018-08-31 18:24:01,围网
962,31.52663888888889,126.00636111111106,1.6,190.0,2018-08-31 18:34:01,围网
962,31.522861111111112,126.00536111111113,2.0,227.0,2018-08-31 18:44:01,围网
962,31.51983333333333,126.00225,1.5,238.0,2018-08-31 18:54:01,围网
962,31.51669444444445,125.99980555555555,0.6,210.0,2018-08-31 19:04:01,围网
962,31.51311111111111,125.99788888888894,1.5,203.0,2018-08-31 19:14:01,围网
962,31.509555555555554,125.99594444444445,1.8,172.0,2018-08-31 19:24:01,围网
962,31.50625,125.99380555555555,1.2,199.0,2018-08-31 19:34:01,围网
962,31.503027777777767,125.99163888888887,1.6,217.0,2018-08-31 19:44:01,围网
962,31.50008333333333,125.98916666666666,1.8,256.0,2018-08-31 19:54:01,围网
962,31.50194444444445,125.98766666666668,0.7,0.0,2018-08-31 20:04:01,围网
962,31.503722222222233,125.99069444444444,1.1,38.0,2018-08-31 20:14:01,围网
962,31.504972222222232,125.99111111111112,1.5,345.0,2018-08-31 20:24:01,围网
962,31.50719444444445,125.99083333333333,0.7,7.0,2018-08-31 20:34:01,围网
962,31.510361111111113,125.9909722222222,1.2,359.0,2018-08-31 20:44:01,围网
962,31.513527777777767,125.99125,2.1,306.0,2018-08-31 20:54:01,围网
962,31.507444444444445,125.9887222222222,1.2,222.0,2018-08-31 21:04:01,围网
962,31.50708333333333,125.98338888888892,2.0,274.0,2018-08-31 21:14:01,围网
962,31.508166666666664,125.97794444444445,1.0,267.0,2018-08-31 21:24:01,围网
962,31.509694444444445,125.97333333333331,1.4,295.0,2018-08-31 21:34:01,围网
962,31.51152777777777,125.96897222222222,1.5,280.0,2018-08-31 21:44:01,围网
962,31.51313888888889,125.96330555555555,2.5,312.0,2018-08-31 21:54:01,围网
962,31.516305555555558,125.95938888888894,0.6,0.0,2018-08-31 22:03:01,围网
962,31.520027777777766,125.95711111111113,2.7,338.0,2018-08-31 22:13:01,围网
962,31.52358333333333,125.95369444444445,1.2,335.0,2018-08-31 22:23:01,围网
962,31.527166666666666,125.95011111111113,1.2,309.0,2018-08-31 22:33:01,围网
962,31.53075,125.9465,0.7,0.0,2018-08-31 22:43:01,围网
962,31.53461111111111,125.94325,1.5,323.0,2018-08-31 22:54:01,围网
962,31.53852777777778,125.94041666666666,1.1,308.0,2018-08-31 23:03:01,围网
962,31.5425,125.93747222222223,2.0,328.0,2018-08-31 23:13:01,围网
962,31.54658333333333,125.93472222222222,2.8,342.0,2018-08-31 23:23:01,围网
962,31.55086111111111,125.93238888888894,1.6,333.0,2018-08-31 23:33:01,围网
962,31.555222222222234,125.93038888888893,1.1,330.0,2018-08-31 23:43:01,围网
962,31.559722222222234,125.92877777777778,2.4,352.0,2018-08-31 23:53:01,围网
962,31.56419444444445,125.92719444444445,2.1,359.0,2018-09-01 00:03:01,围网
962,31.568666666666665,125.92583333333334,1.5,0.0,2018-09-01 00:13:01,围网
962,31.573277777777786,125.925,2.0,0.0,2018-09-01 00:23:01,围网
962,31.57802777777778,125.92402777777778,1.7,356.0,2018-09-01 00:33:01,围网
962,31.58275,125.92341666666668,1.1,333.0,2018-09-01 00:43:01,围网
962,31.58736111111111,125.92336111111106,1.3,0.0,2018-09-01 00:53:01,围网
962,31.592027777777766,125.92347222222222,1.4,356.0,2018-09-01 01:03:01,围网
962,31.59669444444444,125.92344444444444,1.6,357.0,2018-09-01 01:13:01,围网
962,31.601222222222226,125.9235,1.5,1.0,2018-09-01 01:23:01,围网
962,31.605694444444445,125.92336111111106,1.3,3.0,2018-09-01 01:33:01,围网
962,31.61002777777778,125.92330555555556,1.1,5.0,2018-09-01 01:43:01,围网
962,31.614305555555557,125.92291666666668,1.6,349.0,2018-09-01 01:54:01,围网
962,31.618250000000003,125.92275,1.4,356.0,2018-09-01 02:03:01,围网
962,31.622055555555555,125.92216666666668,1.2,351.0,2018-09-01 02:13:01,围网
962,31.62530555555556,125.92083333333332,1.6,337.0,2018-09-01 02:23:01,围网
962,31.62558333333333,125.91977777777781,5.5,91.0,2018-09-01 02:33:01,围网
962,31.63,125.92191666666666,1.1,5.0,2018-09-01 02:43:01,围网
962,31.630305555555548,125.92491666666668,1.7,170.0,2018-09-01 02:53:01,围网
962,31.62761111111111,125.9262222222222,2.0,116.0,2018-09-01 03:03:01,围网
962,31.626527777777767,125.92755555555556,3.1,73.0,2018-09-01 03:13:01,围网
962,31.6275,125.93205555555555,1.1,56.0,2018-09-01 03:23:01,围网
962,31.62919444444445,125.93777777777778,2.0,66.0,2018-09-01 03:33:01,围网
962,31.63075000000001,125.94363888888887,2.4,61.0,2018-09-01 03:43:01,围网
962,31.62161111111111,125.95047222222223,6.7,159.0,2018-09-01 03:53:01,围网
962,31.610750000000003,125.95822222222223,7.9,157.0,2018-09-01 04:04:01,围网
962,31.606805555555557,125.96363888888894,2.1,122.0,2018-09-01 04:13:01,围网
962,31.60388888888889,125.96866666666668,1.4,119.0,2018-09-01 04:23:01,围网
962,31.601527777777786,125.97383333333332,0.9,0.0,2018-09-01 04:33:01,围网
962,31.594805555555553,125.9825277777778,1.7,130.0,2018-09-01 04:53:01,围网
962,31.59122222222221,125.98638888888892,1.7,153.0,2018-09-01 05:03:01,围网
962,31.587527777777765,125.98997222222219,2.2,134.0,2018-09-01 05:13:01,围网
962,31.58397222222222,125.99361111111112,2.4,152.0,2018-09-01 05:23:01,围网
962,31.580388888888887,125.99716666666669,1.9,135.0,2018-09-01 05:33:01,围网
962,31.57605555555556,125.99963888888892,2.6,160.0,2018-09-01 05:43:01,围网
962,31.57116666666667,126.00094444444444,4.0,153.0,2018-09-01 05:53:01,围网
962,31.566472222222234,126.00163888888888,1.7,181.0,2018-09-01 06:04:01,围网
962,31.56211111111111,126.00230555555555,1.8,170.0,2018-09-01 06:13:01,围网
962,31.557666666666666,126.00302777777777,1.4,177.0,2018-09-01 06:23:01,围网
962,31.55311111111111,126.0034722222222,1.0,173.0,2018-09-01 06:33:01,围网
962,31.54863888888889,126.00397222222223,1.7,166.0,2018-09-01 06:43:01,围网
962,31.54419444444445,126.00438888888887,1.5,177.0,2018-09-01 06:53:01,围网
962,31.53988888888889,126.00469444444445,1.6,181.0,2018-09-01 07:03:01,围网
962,31.535722222222233,126.00513888888888,1.1,176.0,2018-09-01 07:13:01,围网
962,31.53163888888889,126.00544444444445,1.9,205.0,2018-09-01 07:23:01,围网
962,31.52758333333333,126.00533333333334,1.5,200.0,2018-09-01 07:33:01,围网
962,31.52336111111111,126.00394444444444,1.7,203.0,2018-09-01 07:43:01,围网
962,31.519444444444442,126.0015,1.6,220.0,2018-09-01 07:53:01,围网
962,31.51613888888889,125.99766666666667,1.7,215.0,2018-09-01 08:03:01,围网
962,31.5135,125.99344444444445,2.1,224.0,2018-09-01 08:13:01,围网
962,31.51158333333333,125.98875,1.8,251.0,2018-09-01 08:23:01,围网
962,31.51011111111111,125.98402777777777,1.9,218.0,2018-09-01 08:33:01,围网
962,31.508805555555558,125.97944444444445,1.3,245.0,2018-09-01 08:43:01,围网
962,31.50758333333333,125.975,2.2,231.0,2018-09-01 08:53:01,围网
962,31.506638888888887,125.9705277777778,1.0,272.0,2018-09-01 09:03:01,围网
962,31.50675,125.96816666666666,0.6,0.0,2018-09-01 09:13:01,围网
962,31.508722222222207,125.97086111111106,1.4,63.0,2018-09-01 09:23:01,围网
962,31.50861111111111,125.97180555555555,0.4,0.0,2018-09-01 09:33:01,围网
962,31.50769444444445,125.97105555555555,0.1,0.0,2018-09-01 09:43:01,围网
962,31.506527777777766,125.96933333333334,3.2,53.0,2018-09-01 10:04:01,围网
962,31.49955555555556,125.965,1.5,246.0,2018-09-01 10:13:01,围网
962,31.49794444444445,125.96016666666668,1.7,251.0,2018-09-01 10:23:01,围网
962,31.496805555555554,125.95547222222223,1.2,247.0,2018-09-01 10:33:01,围网
962,31.496,125.95058333333333,1.2,248.0,2018-09-01 10:43:01,围网
962,31.49558333333333,125.94563888888894,2.0,242.0,2018-09-01 10:53:01,围网
962,31.495500000000003,125.94088888888888,1.1,259.0,2018-09-01 11:03:01,围网
962,31.49613888888889,125.936,2.3,285.0,2018-09-01 11:13:01,围网
962,31.49733333333333,125.93111111111112,1.3,299.0,2018-09-01 11:23:01,围网
962,31.498472222222233,125.92630555555556,1.8,304.0,2018-09-01 11:33:01,围网
962,31.49941666666667,125.92169444444444,1.8,300.0,2018-09-01 11:43:01,围网
962,31.50169444444445,125.91716666666667,1.3,282.0,2018-09-01 11:53:01,围网
962,31.504,125.9129722222222,1.6,319.0,2018-09-01 12:03:01,围网
962,31.50611111111111,125.90888888888892,1.3,262.0,2018-09-01 12:13:01,围网
962,31.50869444444445,125.905,1.0,0.0,2018-09-01 12:23:01,围网
962,31.51116666666667,125.90108333333332,1.6,335.0,2018-09-01 12:33:01,围网
962,31.51355555555556,125.89719444444445,1.1,320.0,2018-09-01 12:43:01,围网
962,31.516,125.89311111111112,2.0,356.0,2018-09-01 12:53:01,围网
962,31.51894444444445,125.88997222222223,1.0,0.0,2018-09-01 13:03:01,围网
962,31.52180555555555,125.88663888888892,1.3,348.0,2018-09-01 13:13:01,围网
962,31.52558333333333,125.88419444444445,1.5,0.0,2018-09-01 13:23:01,围网
962,31.529722222222233,125.88213888888887,1.5,0.0,2018-09-01 13:33:01,围网
962,31.53413888888889,125.88086111111107,0.6,0.0,2018-09-01 13:43:01,围网
962,31.538694444444445,125.88038888888887,1.8,0.0,2018-09-01 13:53:01,围网
962,31.54347222222223,125.88013888888888,1.8,10.0,2018-09-01 14:04:01,围网
962,31.547916666666666,125.88058333333332,2.4,37.0,2018-09-01 14:13:01,围网
962,31.55247222222223,125.88122222222222,1.9,21.0,2018-09-01 14:23:01,围网
962,31.55697222222221,125.88244444444445,1.7,25.0,2018-09-01 14:33:01,围网
962,31.56136111111111,125.88427777777778,2.0,23.0,2018-09-01 14:43:01,围网
962,31.565444444444445,125.88641666666668,1.7,12.0,2018-09-01 14:53:01,围网
962,31.569555555555553,125.88847222222222,1.5,38.0,2018-09-01 15:03:01,围网
962,31.573666666666664,125.89097222222222,1.7,39.0,2018-09-01 15:13:01,围网
962,31.577444444444453,125.8937222222222,1.8,46.0,2018-09-01 15:23:01,围网
962,31.57758333333333,125.89644444444444,1.8,198.0,2018-09-01 15:33:01,围网
962,31.574277777777766,125.895,1.2,175.0,2018-09-01 15:43:01,围网
962,31.57836111111111,125.89838888888893,1.0,49.0,2018-09-01 16:03:01,围网
962,31.58069444444445,125.9015,1.3,65.0,2018-09-01 16:13:01,围网
962,31.583388888888887,125.90394444444445,3.9,68.0,2018-09-01 16:23:01,围网
962,31.57686111111111,125.91083333333334,2.7,93.0,2018-09-01 16:33:01,围网
962,31.574361111111113,125.91475,1.5,135.0,2018-09-01 16:43:01,围网
962,31.571305555555558,125.91797222222223,1.4,140.0,2018-09-01 16:54:01,围网
962,31.56827777777778,125.92119444444445,0.9,144.0,2018-09-01 17:03:01,围网
962,31.56511111111111,125.92425,1.6,150.0,2018-09-01 17:13:01,围网
962,31.56186111111111,125.92744444444445,1.8,166.0,2018-09-01 17:23:01,围网
962,31.5585,125.93030555555555,1.6,134.0,2018-09-01 17:33:01,围网
962,31.555138888888887,125.93327777777776,2.0,137.0,2018-09-01 17:43:01,围网
962,31.5515,125.93525,2.7,144.0,2018-09-01 17:53:01,围网
962,31.547694444444453,125.93636111111113,2.2,128.0,2018-09-01 18:03:01,围网
962,31.544,125.9370277777778,1.0,188.0,2018-09-01 18:13:01,围网
962,31.54033333333333,125.93730555555555,2.1,146.0,2018-09-01 18:23:01,围网
962,31.53669444444445,125.93738888888893,1.7,221.0,2018-09-01 18:33:01,围网
962,31.53305555555556,125.93763888888887,1.0,169.0,2018-09-01 18:43:01,围网
962,31.52947222222221,125.93794444444444,1.5,160.0,2018-09-01 18:53:01,围网
962,31.525861111111112,125.93833333333332,1.8,144.0,2018-09-01 19:03:01,围网
962,31.52233333333333,125.93880555555555,1.2,168.0,2018-09-01 19:13:01,围网
962,31.51883333333333,125.9392777777778,0.8,169.0,2018-09-01 19:23:01,围网
962,31.515166666666666,125.93941666666666,1.4,164.0,2018-09-01 19:33:01,围网
962,31.511555555555553,125.93930555555555,1.3,178.0,2018-09-01 19:43:01,围网
962,31.50791666666667,125.93891666666669,1.7,179.0,2018-09-01 19:53:01,围网
962,31.50408333333333,125.93827777777778,1.6,205.0,2018-09-01 20:04:01,围网
962,31.50063888888889,125.9375,1.2,195.0,2018-09-01 20:13:01,围网
962,31.49708333333333,125.93647222222224,1.5,173.0,2018-09-01 20:23:01,围网
962,31.493777777777765,125.93491666666668,1.5,192.0,2018-09-01 20:33:01,围网
962,31.49055555555556,125.9335,1.3,213.0,2018-09-01 20:43:01,围网
962,31.487416666666668,125.93158333333334,1.4,220.0,2018-09-01 20:53:01,围网
962,31.48455555555556,125.92908333333334,1.7,237.0,2018-09-01 21:03:01,围网
962,31.48183333333333,125.92675,1.0,228.0,2018-09-01 21:13:01,围网
962,31.47936111111111,125.92394444444444,1.4,246.0,2018-09-01 21:23:01,围网
962,31.477694444444445,125.91972222222223,1.5,261.0,2018-09-01 21:33:01,围网
962,31.481222222222208,125.92030555555556,1.2,61.0,2018-09-01 21:43:01,围网
962,31.482833333333332,125.92347222222222,0.5,197.0,2018-09-01 21:53:01,围网
962,31.48319444444445,125.92266666666669,2.5,264.0,2018-09-01 22:03:01,围网
962,31.48605555555556,125.92261111111112,0.8,11.0,2018-09-01 22:13:01,围网
962,31.488777777777766,125.92322222222224,0.8,310.0,2018-09-01 22:23:01,围网
962,31.48419444444445,125.91841666666667,1.2,236.0,2018-09-01 22:33:01,围网
962,31.48341666666667,125.9140277777778,1.1,263.0,2018-09-01 22:43:01,围网
962,31.483,125.90972222222223,1.5,251.0,2018-09-01 22:53:01,围网
962,31.482861111111113,125.9055,1.6,295.0,2018-09-01 23:03:01,围网
962,31.483027777777767,125.90161111111112,0.8,0.0,2018-09-01 23:13:01,围网
962,31.4835,125.8975,0.6,0.0,2018-09-01 23:23:01,围网
962,31.484222222222233,125.89341666666668,0.7,0.0,2018-09-01 23:33:01,围网
962,31.484861111111112,125.88941666666666,0.7,145.0,2018-09-01 23:43:01,围网
962,31.489305555555553,125.88619444444444,1.0,0.0,2018-09-01 23:53:01,围网
962,31.493194444444452,125.88413888888887,0.8,313.0,2018-09-02 00:04:01,围网
962,31.49708333333333,125.88319444444444,1.0,15.0,2018-09-02 00:13:01,围网
962,31.501277777777766,125.88386111111113,1.4,352.0,2018-09-02 00:23:01,围网
962,31.505472222222235,125.88438888888888,1.4,327.0,2018-09-02 00:33:01,围网
962,31.50958333333333,125.88522222222224,1.9,43.0,2018-09-02 00:43:01,围网
962,31.5135,125.88680555555555,1.6,14.0,2018-09-02 00:53:01,围网
962,31.51747222222221,125.88791666666668,2.3,17.0,2018-09-02 01:03:01,围网
962,31.52180555555555,125.88891666666667,1.6,337.0,2018-09-02 01:13:01,围网
962,31.526416666666666,125.88980555555555,2.0,12.0,2018-09-02 01:23:01,围网
962,31.53094444444445,125.89072222222224,2.2,16.0,2018-09-02 01:33:01,围网
962,31.53550000000001,125.89186111111113,1.3,339.0,2018-09-02 01:43:01,围网
962,31.540138888888887,125.89319444444445,2.4,25.0,2018-09-02 01:53:01,围网
962,31.544583333333332,125.89519444444444,1.4,25.0,2018-09-02 02:03:01,围网
962,31.54872222222223,125.89788888888893,1.7,36.0,2018-09-02 02:13:01,围网
962,31.552611111111112,125.901,1.6,33.0,2018-09-02 02:23:01,围网
962,31.55638888888889,125.90433333333334,1.6,33.0,2018-09-02 02:33:01,围网
962,31.559777777777786,125.90813888888893,1.8,47.0,2018-09-02 02:43:01,围网
962,31.56658333333333,125.91594444444445,1.3,55.0,2018-09-02 03:03:01,围网
962,31.569138888888887,125.92097222222222,2.2,76.0,2018-09-02 03:13:01,围网
962,31.57208333333333,125.92547222222224,1.8,60.0,2018-09-02 03:23:01,围网
962,31.57494444444445,125.93005555555555,1.4,60.0,2018-09-02 03:33:01,围网
962,31.578055555555554,125.9349722222222,2.1,64.0,2018-09-02 03:44:01,围网
962,31.58069444444445,125.93952777777778,1.5,49.0,2018-09-02 03:53:01,围网
962,31.583111111111112,125.94430555555556,1.9,62.0,2018-09-02 04:03:01,围网
962,31.58397222222222,125.94930555555555,3.0,197.0,2018-09-02 04:13:01,围网
962,31.581611111111112,125.94619444444444,1.8,223.0,2018-09-02 04:23:01,围网
962,31.58241666666667,125.94447222222222,0.9,35.0,2018-09-02 04:33:01,围网
962,31.58327777777778,125.94822222222223,4.4,81.0,2018-09-02 04:43:01,围网
962,31.5835,125.95352777777778,1.9,86.0,2018-09-02 04:53:01,围网
962,31.584138888888887,125.96030555555555,5.5,63.0,2018-09-02 05:03:01,围网
962,31.59144444444444,125.94813888888888,4.8,311.0,2018-09-02 05:13:01,围网
962,31.58738888888889,125.9475,5.2,170.0,2018-09-02 05:23:01,围网
962,31.583222222222233,125.94905555555556,0.4,167.0,2018-09-02 05:33:01,围网
962,31.57991666666667,125.94841666666667,1.4,173.0,2018-09-02 05:43:01,围网
962,31.576694444444453,125.9484722222222,1.3,171.0,2018-09-02 05:53:01,围网
962,31.57041666666667,125.94986111111106,1.8,149.0,2018-09-02 06:13:01,围网
962,31.567416666666666,125.95288888888888,1.0,125.0,2018-09-02 06:23:01,围网
962,31.56505555555556,125.95644444444444,1.7,146.0,2018-09-02 06:33:01,围网
962,31.561694444444445,125.95911111111113,1.4,146.0,2018-09-02 06:43:01,围网
962,31.55791666666667,125.96133333333331,1.8,174.0,2018-09-02 06:53:01,围网
962,31.55366666666667,125.96125,1.3,183.0,2018-09-02 07:03:01,围网
962,31.549833333333336,125.96166666666667,1.0,185.0,2018-09-02 07:13:01,围网
962,31.546138888888887,125.96211111111113,1.2,163.0,2018-09-02 07:23:01,围网
962,31.54255555555555,125.96275,1.5,160.0,2018-09-02 07:33:01,围网
962,31.539055555555557,125.96336111111113,1.4,178.0,2018-09-02 07:43:01,围网
962,31.53558333333333,125.96402777777777,0.8,158.0,2018-09-02 07:53:01,围网
962,31.531999999999996,125.96386111111113,1.0,185.0,2018-09-02 08:03:01,围网
962,31.52861111111111,125.96344444444445,1.2,185.0,2018-09-02 08:13:01,围网
962,31.525277777777767,125.963,1.9,152.0,2018-09-02 08:23:01,围网
962,31.52197222222221,125.96205555555555,1.1,176.0,2018-09-02 08:33:01,围网
962,31.518694444444442,125.96113888888887,1.4,167.0,2018-09-02 08:43:01,围网
962,31.515555555555554,125.96008333333334,1.3,190.0,2018-09-02 08:53:01,围网
962,31.512583333333332,125.95819444444444,0.8,0.0,2018-09-02 09:03:01,围网
962,31.509777777777767,125.95594444444444,1.1,0.0,2018-09-02 09:13:01,围网
962,31.50716666666667,125.95355555555555,1.2,0.0,2018-09-02 09:23:01,围网
962,31.504361111111113,125.9512777777778,1.2,0.0,2018-09-02 09:33:01,围网
962,31.50183333333333,125.94844444444445,0.8,0.0,2018-09-02 09:43:01,围网
962,31.49941666666667,125.94533333333334,1.2,0.0,2018-09-02 09:53:01,围网
962,31.495361111111112,125.93844444444444,1.4,246.0,2018-09-02 10:13:01,围网
962,31.493361111111113,125.93508333333334,1.4,215.0,2018-09-02 10:23:01,围网
962,31.495361111111112,125.9337777777778,1.6,16.0,2018-09-02 10:33:01,围网
962,31.4985,125.93641666666667,1.0,113.0,2018-09-02 10:43:01,围网
962,31.49825,125.93666666666668,2.7,212.0,2018-09-02 10:53:01,围网
962,31.49991666666667,125.93672222222223,0.5,86.0,2018-09-02 11:03:01,围网
962,31.50161111111111,125.93722222222223,1.5,16.0,2018-09-02 11:13:01,围网
962,31.497972222222234,125.93138888888888,1.3,272.0,2018-09-02 11:23:01,围网
962,31.496472222222234,125.92805555555556,0.5,239.0,2018-09-02 11:33:01,围网
962,31.495444444444445,125.92425,1.1,272.0,2018-09-02 11:43:01,围网
962,31.49458333333333,125.92044444444444,0.9,240.0,2018-09-02 11:53:01,围网
962,31.49391666666667,125.91669444444445,1.7,278.0,2018-09-02 12:03:01,围网
962,31.493666666666666,125.91263888888888,1.0,250.0,2018-09-02 12:13:01,围网
962,31.493944444444452,125.90863888888887,1.2,280.0,2018-09-02 12:23:01,围网
962,31.494722222222233,125.9045277777778,0.4,0.0,2018-09-02 12:33:01,围网
962,31.49552777777778,125.90041666666669,1.4,0.0,2018-09-02 12:43:01,围网
962,31.496333333333336,125.89675,0.3,0.0,2018-09-02 12:53:01,围网
962,31.499527777777786,125.89269444444444,1.3,319.0,2018-09-02 13:03:01,围网
962,31.50352777777778,125.88977777777781,0.9,0.0,2018-09-02 13:13:01,围网
962,31.50772222222223,125.88769444444445,1.8,318.0,2018-09-02 13:23:01,围网
962,31.511944444444445,125.886,1.7,0.0,2018-09-02 13:33:01,围网
962,31.51597222222221,125.88475,0.4,0.0,2018-09-02 13:43:01,围网
962,31.520055555555555,125.88380555555555,1.1,0.0,2018-09-02 13:53:01,围网
962,31.52422222222221,125.88177777777777,2.4,359.0,2018-09-02 14:04:01,围网
962,31.528444444444442,125.8809722222222,1.9,335.0,2018-09-02 14:13:01,围网
962,31.532916666666665,125.88075,1.9,329.0,2018-09-02 14:23:01,围网
962,31.53725,125.88075,1.5,4.0,2018-09-02 14:33:01,围网
962,31.541472222222207,125.88102777777777,1.5,7.0,2018-09-02 14:43:01,围网
962,31.54575,125.88163888888887,1.6,353.0,2018-09-02 14:53:01,围网
962,31.55005555555556,125.88230555555555,1.7,16.0,2018-09-02 15:03:01,围网
962,31.554388888888887,125.88319444444444,1.5,1.0,2018-09-02 15:13:01,围网
962,31.55863888888889,125.88427777777778,1.5,37.0,2018-09-02 15:23:01,围网
962,31.562666666666665,125.88541666666669,1.1,20.0,2018-09-02 15:33:01,围网
962,31.56661111111111,125.88677777777778,1.5,43.0,2018-09-02 15:43:01,围网
962,31.570611111111113,125.88836111111112,2.2,38.0,2018-09-02 15:53:01,围网
962,31.574638888888888,125.89030555555556,2.0,31.0,2018-09-02 16:03:01,围网
962,31.578555555555557,125.89213888888894,1.9,57.0,2018-09-02 16:13:01,围网
962,31.582527777777766,125.89422222222224,1.7,14.0,2018-09-02 16:23:01,围网
962,31.58602777777779,125.89758333333334,3.2,60.0,2018-09-02 16:33:01,围网
962,31.58513888888889,125.89991666666668,0.5,0.0,2018-09-02 16:43:01,围网
962,31.58297222222223,125.89930555555556,0.5,245.0,2018-09-02 16:54:01,围网
962,31.584555555555553,125.89938888888894,1.5,72.0,2018-09-02 17:03:01,围网
962,31.58608333333333,125.9014722222222,1.6,43.0,2018-09-02 17:13:01,围网
962,31.587861111111113,125.90388888888893,1.6,55.0,2018-09-02 17:23:01,围网
962,31.58744444444445,125.90719444444444,6.5,151.0,2018-09-02 17:33:01,围网
962,31.582027777777785,125.91075,1.3,188.0,2018-09-02 17:43:01,围网
962,31.57980555555556,125.91461111111113,1.6,158.0,2018-09-02 17:53:01,围网
962,31.578277777777767,125.919,1.7,82.0,2018-09-02 18:03:01,围网
962,31.57761111111111,125.92358333333333,1.2,80.0,2018-09-02 18:13:01,围网
962,31.57641666666667,125.92772222222223,1.4,151.0,2018-09-02 18:23:01,围网
962,31.57380555555555,125.93105555555556,2.2,138.0,2018-09-02 18:33:01,围网
962,31.56952777777777,125.93158333333334,1.5,167.0,2018-09-02 18:43:01,围网
962,31.56616666666667,125.93191666666668,1.1,168.0,2018-09-02 18:53:01,围网
962,31.56288888888889,125.93255555555555,1.7,155.0,2018-09-02 19:03:01,围网
962,31.55925,125.93291666666669,1.3,166.0,2018-09-02 19:13:01,围网
962,31.55552777777779,125.93341666666667,1.3,157.0,2018-09-02 19:23:01,围网
962,31.551805555555553,125.934,1.4,161.0,2018-09-02 19:33:01,围网
962,31.54813888888889,125.93427777777778,1.6,193.0,2018-09-02 19:43:01,围网
962,31.54438888888889,125.93441666666666,1.8,189.0,2018-09-02 19:53:01,围网
962,31.54044444444445,125.93433333333334,1.7,178.0,2018-09-02 20:04:01,围网
962,31.53686111111111,125.93422222222223,1.8,198.0,2018-09-02 20:13:01,围网
962,31.53313888888889,125.93411111111112,1.1,195.0,2018-09-02 20:23:01,围网
962,31.52944444444445,125.93372222222223,1.1,172.0,2018-09-02 20:33:01,围网
962,31.525666666666666,125.93333333333334,1.6,189.0,2018-09-02 20:43:01,围网
962,31.521916666666666,125.93294444444444,1.2,177.0,2018-09-02 20:53:01,围网
962,31.51825,125.93255555555555,1.2,193.0,2018-09-02 21:03:01,围网
962,31.514611111111112,125.93205555555555,2.3,139.0,2018-09-02 21:13:01,围网
962,31.511055555555558,125.93141666666666,1.2,211.0,2018-09-02 21:23:01,围网
962,31.5075,125.93047222222224,2.1,221.0,2018-09-02 21:33:01,围网
962,31.504,125.92916666666667,1.7,169.0,2018-09-02 21:43:01,围网
962,31.500555555555554,125.92775,1.9,229.0,2018-09-02 21:53:01,围网
962,31.49719444444445,125.92630555555556,1.1,177.0,2018-09-02 22:03:01,围网
962,31.493944444444452,125.92494444444445,1.4,190.0,2018-09-02 22:13:01,围网
962,31.490805555555557,125.92308333333334,1.4,231.0,2018-09-02 22:23:01,围网
962,31.48802777777778,125.92030555555556,1.0,232.0,2018-09-02 22:33:01,围网
962,31.488222222222234,125.91583333333334,2.3,35.0,2018-09-02 22:43:01,围网
962,31.491194444444453,125.91852777777778,1.3,109.0,2018-09-02 22:53:01,围网
962,31.49213888888889,125.91936111111113,2.8,274.0,2018-09-02 23:03:01,围网
962,31.49452777777779,125.91858333333332,1.0,0.0,2018-09-02 23:13:01,围网
962,31.4975,125.91819444444445,0.5,0.0,2018-09-02 23:23:01,围网
962,31.50058333333333,125.91830555555555,0.2,0.0,2018-09-02 23:34:01,围网
962,31.50358333333333,125.91844444444445,0.2,0.0,2018-09-02 23:43:01,围网
962,31.50675,125.91875,1.3,12.0,2018-09-02 23:53:01,围网
962,31.50991666666667,125.91927777777778,1.8,14.0,2018-09-03 00:03:01,围网
962,31.513333333333332,125.91975,1.7,358.0,2018-09-03 00:13:01,围网
962,31.50058333333333,125.91602777777778,6.3,205.0,2018-09-03 00:23:01,围网
962,31.48761111111111,125.90541666666668,6.6,267.0,2018-09-03 00:33:01,围网
962,31.485527777777786,125.89933333333336,5.5,251.0,2018-09-03 00:43:01,围网
962,31.485055555555554,125.89383333333332,2.4,303.0,2018-09-03 00:53:01,围网
962,31.487277777777766,125.88891666666667,1.4,308.0,2018-09-03 01:03:01,围网
962,31.49227777777779,125.88536111111112,3.1,4.0,2018-09-03 01:13:01,围网
962,31.49822222222221,125.88416666666667,1.6,335.0,2018-09-03 01:23:01,围网
962,31.5035,125.88375,2.0,329.0,2018-09-03 01:33:01,围网
962,31.50830555555555,125.88244444444445,1.4,339.0,2018-09-03 01:43:01,围网
962,31.51311111111111,125.88144444444444,1.9,356.0,2018-09-03 01:53:01,围网
962,31.52255555555555,125.88458333333334,1.8,27.0,2018-09-03 02:13:01,围网
962,31.527305555555554,125.88563888888888,1.7,10.0,2018-09-03 02:23:01,围网
962,31.53208333333333,125.88666666666668,1.5,19.0,2018-09-03 02:33:01,围网
962,31.536777777777786,125.88788888888894,1.7,14.0,2018-09-03 02:43:01,围网
962,31.541527777777766,125.88919444444444,1.6,23.0,2018-09-03 02:53:01,围网
962,31.54616666666667,125.89072222222224,1.8,26.0,2018-09-03 03:03:01,围网
962,31.550638888888887,125.89261111111112,1.6,14.0,2018-09-03 03:13:01,围网
962,31.55905555555556,125.8975,1.5,34.0,2018-09-03 03:33:01,围网
962,31.56308333333333,125.90036111111112,1.7,24.0,2018-09-03 03:43:01,围网
962,31.566972222222233,125.90344444444445,1.8,32.0,2018-09-03 03:53:01,围网
962,31.570666666666664,125.90658333333334,1.5,44.0,2018-09-03 04:03:01,围网
962,31.57425,125.90988888888893,1.6,26.0,2018-09-03 04:13:01,围网
962,31.577666666666666,125.91347222222224,1.8,55.0,2018-09-03 04:23:01,围网
962,31.58088888888889,125.91733333333332,1.8,52.0,2018-09-03 04:33:01,围网
962,31.58397222222222,125.92116666666668,1.7,52.0,2018-09-03 04:43:01,围网
962,31.58683333333333,125.92508333333336,1.8,58.0,2018-09-03 04:53:01,围网
962,31.58958333333333,125.92922222222224,1.7,39.0,2018-09-03 05:03:01,围网
962,31.592027777777766,125.93338888888893,1.6,73.0,2018-09-03 05:13:01,围网
962,31.59413888888889,125.93811111111113,1.6,81.0,2018-09-03 05:24:01,围网
962,31.59561111111111,125.94255555555556,1.4,80.0,2018-09-03 05:33:01,围网
962,31.596805555555548,125.94727777777778,2.2,95.0,2018-09-03 05:43:01,围网
962,31.59788888888889,125.9520277777778,1.5,72.0,2018-09-03 05:53:01,围网
962,31.599,125.95680555555555,1.8,96.0,2018-09-03 06:03:01,围网
962,31.59986111111111,125.96161111111113,1.9,93.0,2018-09-03 06:13:01,围网
962,31.600472222222226,125.9665,2.0,93.0,2018-09-03 06:23:01,围网
962,31.60072222222221,125.97152777777778,2.5,121.0,2018-09-03 06:33:01,围网
962,31.60019444444445,125.97663888888887,1.2,84.0,2018-09-03 06:43:01,围网
962,31.59875,125.98133333333334,2.2,184.0,2018-09-03 06:53:01,围网
962,31.597,125.97777777777776,1.3,262.0,2018-09-03 07:03:01,围网
962,31.59819444444444,125.97608333333334,1.6,130.0,2018-09-03 07:13:01,围网
962,31.597277777777766,125.97922222222223,0.9,64.0,2018-09-03 07:23:01,围网
962,31.59686111111111,125.98219444444445,0.9,89.0,2018-09-03 07:33:01,围网
962,31.59619444444445,125.98444444444445,1.3,131.0,2018-09-03 07:43:01,围网
962,31.58833333333333,125.98391666666666,1.3,205.0,2018-09-03 07:53:01,围网
962,31.58436111111111,125.98227777777778,1.1,218.0,2018-09-03 08:04:01,围网
962,31.58083333333333,125.98055555555555,1.4,192.0,2018-09-03 08:13:01,围网
962,31.57741666666667,125.979,0.9,213.0,2018-09-03 08:23:01,围网
962,31.57383333333333,125.97775,1.2,171.0,2018-09-03 08:33:01,围网
962,31.57008333333333,125.97688888888894,1.5,176.0,2018-09-03 08:43:01,围网
962,31.5625,125.97525,1.7,198.0,2018-09-03 09:03:01,围网
962,31.558611111111112,125.97430555555556,1.5,199.0,2018-09-03 09:13:01,围网
962,31.554305555555555,125.97327777777778,1.3,205.0,2018-09-03 09:23:01,围网
962,31.55013888888889,125.97213888888888,1.5,193.0,2018-09-03 09:33:01,围网
962,31.546,125.97083333333332,1.6,191.0,2018-09-03 09:43:01,围网
962,31.54208333333333,125.9695,1.6,188.0,2018-09-03 09:53:01,围网
962,31.53819444444445,125.96830555555556,1.8,194.0,2018-09-03 10:03:01,围网
962,31.5345,125.9669722222222,1.5,174.0,2018-09-03 10:13:01,围网
962,31.53086111111111,125.96544444444444,1.7,0.0,2018-09-03 10:23:01,围网
962,31.52733333333333,125.96366666666668,1.4,0.0,2018-09-03 10:33:01,围网
962,31.52441666666667,125.96044444444445,1.3,0.0,2018-09-03 10:43:01,围网
962,31.52197222222221,125.95672222222224,1.3,0.0,2018-09-03 10:53:01,围网
962,31.51963888888889,125.95288888888888,1.4,0.0,2018-09-03 11:03:01,围网
962,31.51747222222221,125.949,1.0,0.0,2018-09-03 11:13:01,围网
962,31.515277777777786,125.94544444444445,1.3,0.0,2018-09-03 11:23:01,围网
962,31.513027777777786,125.94194444444445,1.3,0.0,2018-09-03 11:33:01,围网
962,31.51091666666667,125.93808333333334,1.6,252.0,2018-09-03 11:44:01,围网
962,31.51061111111111,125.93341666666667,3.4,3.0,2018-09-03 11:53:01,围网
962,31.513416666666664,125.9362777777778,1.4,21.0,2018-09-03 12:03:01,围网
962,31.5145,125.93866666666668,0.8,116.0,2018-09-03 12:13:01,围网
962,31.516333333333336,125.93694444444445,1.3,336.0,2018-09-03 12:23:01,围网
962,31.51880555555556,125.93591666666669,2.1,353.0,2018-09-03 12:33:01,围网
962,31.502722222222232,125.93227777777778,7.2,190.0,2018-09-03 12:43:01,围网
962,31.482388888888888,125.92825,7.5,185.0,2018-09-03 12:53:01,围网
962,31.461972222222233,125.92427777777776,6.9,189.0,2018-09-03 13:03:01,围网
962,31.441333333333336,125.92094444444444,7.4,196.0,2018-09-03 13:13:01,围网
962,31.420638888888888,125.91755555555555,7.1,189.0,2018-09-03 13:23:01,围网
962,31.4,125.91444444444444,7.4,186.0,2018-09-03 13:33:01,围网
962,31.37988888888889,125.91169444444445,7.6,186.0,2018-09-03 13:43:01,围网
962,31.360388888888888,125.90816666666667,5.6,187.0,2018-09-03 13:53:01,围网
962,31.358277777777786,125.90713888888894,6.9,204.0,2018-09-03 14:04:01,围网
962,31.355611111111113,125.9015,1.3,274.0,2018-09-03 14:13:01,围网
962,31.356583333333337,125.89633333333332,1.6,274.0,2018-09-03 14:23:01,围网
962,31.35805555555556,125.89166666666668,1.6,298.0,2018-09-03 14:33:01,围网
962,31.360416666666666,125.88736111111113,1.5,296.0,2018-09-03 14:43:01,围网
962,31.36255555555556,125.88319444444444,1.3,305.0,2018-09-03 14:53:01,围网
962,31.36513888888889,125.87919444444445,0.9,301.0,2018-09-03 15:03:01,围网
962,31.36780555555556,125.87544444444444,1.4,332.0,2018-09-03 15:13:01,围网
962,31.370222222222232,125.87163888888887,1.4,255.0,2018-09-03 15:23:01,围网
962,31.37011111111111,125.86630555555556,1.0,324.0,2018-09-03 15:33:01,围网
962,31.3745,125.86330555555556,2.1,333.0,2018-09-03 15:43:01,围网
962,31.37908333333333,125.86152777777777,1.7,330.0,2018-09-03 15:53:01,围网
962,31.38375,125.86061111111113,2.1,14.0,2018-09-03 16:03:01,围网
962,31.38825000000001,125.86025,1.2,0.0,2018-09-03 16:13:01,围网
962,31.39275,125.85975,1.6,0.0,2018-09-03 16:23:01,围网
962,31.39713888888889,125.85958333333332,1.7,32.0,2018-09-03 16:33:01,围网
962,31.401805555555548,125.86063888888887,1.5,359.0,2018-09-03 16:44:01,围网
962,31.40588888888889,125.86269444444444,1.8,34.0,2018-09-03 16:53:01,围网
962,31.40963888888889,125.86636111111108,1.7,54.0,2018-09-03 17:03:01,围网
962,31.41263888888889,125.87036111111112,1.6,64.0,2018-09-03 17:13:01,围网
962,31.414972222222207,125.87488888888888,1.5,71.0,2018-09-03 17:23:01,围网
962,31.416777777777767,125.87955555555556,1.7,66.0,2018-09-03 17:33:01,围网
962,31.417777777777786,125.88455555555555,1.6,91.0,2018-09-03 17:43:01,围网
962,31.417638888888888,125.88966666666668,1.7,94.0,2018-09-03 17:53:01,围网
962,31.414388888888887,125.89363888888887,1.8,154.0,2018-09-03 18:03:01,围网
962,31.412555555555553,125.89780555555555,1.6,126.0,2018-09-03 18:13:01,围网
962,31.40961111111111,125.90125,2.1,143.0,2018-09-03 18:23:01,围网
962,31.406305555555555,125.90391666666667,1.2,173.0,2018-09-03 18:33:01,围网
962,31.402361111111112,125.90538888888894,1.1,168.0,2018-09-03 18:44:01,围网
962,31.3985,125.9057777777778,1.0,192.0,2018-09-03 18:53:01,围网
962,31.395666666666664,125.90541666666668,1.8,357.0,2018-09-03 19:03:01,围网
962,31.398833333333336,125.90530555555556,0.8,342.0,2018-09-03 19:13:01,围网
962,31.401555555555554,125.90533333333336,0.5,28.0,2018-09-03 19:23:01,围网
962,31.40288888888889,125.90686111111113,0.2,0.0,2018-09-03 19:33:01,围网
962,31.40719444444445,125.90602777777778,2.7,245.0,2018-09-03 19:43:01,围网
962,31.400666666666666,125.90572222222224,1.3,167.0,2018-09-03 19:53:01,围网
962,31.396666666666665,125.905,1.4,169.0,2018-09-03 20:03:01,围网
962,31.39263888888889,125.90586111111112,2.4,149.0,2018-09-03 20:13:01,围网
962,31.38872222222221,125.90661111111113,1.8,156.0,2018-09-03 20:23:01,围网
962,31.38494444444445,125.90752777777777,1.7,150.0,2018-09-03 20:33:01,围网
962,31.38111111111111,125.90816666666667,0.8,177.0,2018-09-03 20:43:01,围网
962,31.377277777777767,125.90891666666668,1.3,187.0,2018-09-03 20:53:01,围网
962,31.373361111111112,125.90963888888888,0.9,184.0,2018-09-03 21:03:01,围网
962,31.36947222222221,125.91038888888887,1.2,145.0,2018-09-03 21:13:01,围网
962,31.365527777777785,125.91113888888887,1.6,161.0,2018-09-03 21:23:01,围网
962,31.361527777777766,125.91191666666668,1.3,170.0,2018-09-03 21:33:01,围网
962,31.357555555555557,125.9125,1.9,172.0,2018-09-03 21:43:01,围网
962,31.35372222222223,125.91313888888894,1.2,181.0,2018-09-03 21:53:01,围网
962,31.349777777777767,125.91383333333334,1.6,164.0,2018-09-03 22:04:01,围网
962,31.34633333333333,125.91438888888894,1.2,208.0,2018-09-03 22:13:01,围网
962,31.34272222222221,125.9147222222222,1.0,193.0,2018-09-03 22:23:01,围网
962,31.339000000000002,125.91444444444444,1.1,179.0,2018-09-03 22:33:01,围网
962,31.33533333333333,125.91258333333334,1.7,220.0,2018-09-03 22:43:01,围网
962,31.331999999999997,125.90975,1.4,227.0,2018-09-03 22:53:01,围网
962,31.328805555555558,125.90716666666668,1.5,193.0,2018-09-03 23:03:01,围网
962,31.32575000000001,125.90486111111113,1.6,185.0,2018-09-03 23:13:01,围网
962,31.322972222222226,125.90211111111113,1.6,246.0,2018-09-03 23:23:01,围网
962,31.321222222222207,125.8984722222222,2.0,254.0,2018-09-03 23:33:01,围网
962,31.3195,125.89519444444444,1.4,245.0,2018-09-03 23:43:01,围网
962,31.317805555555548,125.8915,1.2,247.0,2018-09-03 23:53:01,围网
962,31.316388888888888,125.8877777777778,1.8,269.0,2018-09-04 00:03:01,围网
962,31.31494444444445,125.88422222222223,0.8,0.0,2018-09-04 00:13:01,围网
962,31.31369444444445,125.88077777777777,1.1,262.0,2018-09-04 00:23:01,围网
962,31.312444444444445,125.87730555555555,2.4,274.0,2018-09-04 00:33:01,围网
962,31.31144444444445,125.87375,0.5,0.0,2018-09-04 00:43:01,围网
962,31.31358333333333,125.87408333333332,1.0,69.0,2018-09-04 01:03:01,围网
962,31.31430555555556,125.8767777777778,1.0,4.0,2018-09-04 01:13:01,围网
962,31.316277777777767,125.87841666666668,1.0,51.0,2018-09-04 01:23:01,围网
962,31.318555555555548,125.88105555555555,1.3,58.0,2018-09-04 01:33:01,围网
962,31.32080555555555,125.88380555555555,1.4,54.0,2018-09-04 01:43:01,围网
962,31.317694444444445,125.87955555555556,1.6,272.0,2018-09-04 01:53:01,围网
962,31.317972222222235,125.87533333333332,2.0,287.0,2018-09-04 02:03:01,围网
962,31.318666666666665,125.87133333333333,1.8,287.0,2018-09-04 02:13:01,围网
962,31.321,125.86775,2.1,297.0,2018-09-04 02:23:01,围网
962,31.324305555555554,125.86419444444445,1.9,342.0,2018-09-04 02:33:01,围网
962,31.32694444444445,125.86105555555555,1.3,350.0,2018-09-04 02:43:01,围网
962,31.32944444444445,125.85802777777776,0.4,0.0,2018-09-04 02:53:01,围网
962,31.332027777777785,125.85494444444444,1.5,313.0,2018-09-04 03:03:01,围网
962,31.33661111111111,125.85411111111112,1.8,26.0,2018-09-04 03:13:01,围网
962,31.341361111111112,125.85575,1.7,3.0,2018-09-04 03:23:01,围网
962,31.34533333333333,125.85908333333332,1.2,42.0,2018-09-04 03:33:01,围网
962,31.348888888888887,125.86258333333332,1.7,46.0,2018-09-04 03:44:01,围网
962,31.35222222222223,125.86558333333332,2.2,356.0,2018-09-04 03:53:01,围网
962,31.35608333333333,125.86861111111112,2.3,64.0,2018-09-04 04:03:01,围网
962,31.356277777777766,125.87430555555555,1.9,103.0,2018-09-04 04:13:01,围网
962,31.354805555555558,125.87938888888887,1.6,140.0,2018-09-04 04:23:01,围网
962,31.35361111111111,125.88394444444445,0.8,128.0,2018-09-04 04:33:01,围网
962,31.35244444444445,125.88841666666669,1.7,107.0,2018-09-04 04:43:01,围网
962,31.351222222222226,125.89277777777778,2.5,141.0,2018-09-04 04:53:01,围网
962,31.349638888888887,125.89711111111113,1.6,132.0,2018-09-04 05:03:01,围网
962,31.348027777777766,125.90166666666669,1.5,127.0,2018-09-04 05:13:01,围网
962,31.34533333333333,125.90563888888893,2.6,135.0,2018-09-04 05:23:01,围网
962,31.34241666666667,125.90938888888893,3.2,126.0,2018-09-04 05:33:01,围网
962,31.34,125.9135277777778,3.3,113.0,2018-09-04 05:43:01,围网
962,31.33758333333333,125.91769444444445,1.7,127.0,2018-09-04 05:53:01,围网
962,31.335527777777767,125.92261111111112,1.6,161.0,2018-09-04 06:04:01,围网
962,31.33347222222222,125.92691666666668,1.3,134.0,2018-09-04 06:13:01,围网
962,31.33133333333333,125.93155555555555,1.9,153.0,2018-09-04 06:23:01,围网
962,31.328805555555558,125.93566666666666,2.1,107.0,2018-09-04 06:33:01,围网
962,31.32622222222221,125.93972222222223,1.9,129.0,2018-09-04 06:43:01,围网
962,31.323694444444442,125.94380555555556,1.7,116.0,2018-09-04 06:53:01,围网
962,31.32094444444445,125.94788888888893,0.9,137.0,2018-09-04 07:03:01,围网
962,31.31941666666667,125.9477777777778,2.2,312.0,2018-09-04 07:13:01,围网
962,31.321361111111113,125.94530555555555,1.1,339.0,2018-09-04 07:23:01,围网
962,31.32075,125.94711111111113,1.9,132.0,2018-09-04 07:33:01,围网
962,31.31716666666667,125.95125,1.6,137.0,2018-09-04 07:43:01,围网
962,31.31294444444445,125.95466666666668,2.7,142.0,2018-09-04 07:53:01,围网
962,31.32266666666667,125.946,5.5,331.0,2018-09-04 08:03:01,围网
962,31.33466666666667,125.93613888888888,5.8,318.0,2018-09-04 08:13:01,围网
962,31.34711111111111,125.92744444444445,3.8,315.0,2018-09-04 08:23:01,围网
962,31.360527777777786,125.91855555555556,5.0,331.0,2018-09-04 08:33:01,围网
962,31.368194444444452,125.9122777777778,2.1,154.0,2018-09-04 08:43:01,围网
962,31.363861111111113,125.91491666666668,1.3,146.0,2018-09-04 08:53:01,围网
962,31.36002777777778,125.91766666666668,2.3,144.0,2018-09-04 09:03:01,围网
962,31.356,125.91991666666668,1.0,0.0,2018-09-04 09:13:01,围网
962,31.351861111111113,125.92163888888888,2.3,155.0,2018-09-04 09:23:01,围网
962,31.347305555555554,125.92336111111106,2.8,139.0,2018-09-04 09:33:01,围网
962,31.34272222222221,125.9250277777778,2.0,151.0,2018-09-04 09:43:01,围网
962,31.33822222222221,125.92666666666668,1.4,0.0,2018-09-04 09:53:01,围网
962,31.33333333333333,125.92788888888887,2.7,167.0,2018-09-04 10:04:01,围网
962,31.32911111111111,125.92888888888888,2.2,148.0,2018-09-04 10:13:01,围网
962,31.329305555555553,125.92297222222223,4.1,283.0,2018-09-04 10:23:01,围网
962,31.330277777777766,125.91916666666668,2.3,275.0,2018-09-04 10:33:01,围网
962,31.3315,125.91558333333332,1.0,306.0,2018-09-04 10:43:01,围网
962,31.331916666666668,125.91138888888894,0.0,0.0,2018-09-04 10:53:01,围网
962,31.33294444444445,125.9075,1.1,328.0,2018-09-04 11:03:01,围网
962,31.33408333333333,125.90352777777778,1.4,297.0,2018-09-04 11:13:01,围网
962,31.33505555555555,125.89944444444444,1.9,279.0,2018-09-04 11:23:01,围网
962,31.33580555555556,125.89541666666666,2.3,273.0,2018-09-04 11:33:01,围网
962,31.33622222222222,125.891,1.7,276.0,2018-09-04 11:43:01,围网
962,31.337,125.88658333333336,1.9,315.0,2018-09-04 11:53:01,围网
962,31.337416666666666,125.88213888888887,2.1,260.0,2018-09-04 12:03:01,围网
962,31.339972222222233,125.8737222222222,0.9,277.0,2018-09-04 12:23:01,围网
962,31.34186111111111,125.86908333333332,2.9,272.0,2018-09-04 12:34:01,围网
962,31.343805555555555,125.86508333333332,1.5,340.0,2018-09-04 12:43:01,围网
962,31.345861111111113,125.86088888888894,1.6,347.0,2018-09-04 12:53:01,围网
962,31.348055555555554,125.85675,1.4,333.0,2018-09-04 13:03:01,围网
962,31.350222222222232,125.85269444444445,1.4,291.0,2018-09-04 13:13:01,围网
962,31.35250000000001,125.8487222222222,1.2,307.0,2018-09-04 13:23:01,围网
962,31.355305555555557,125.84491666666666,1.5,335.0,2018-09-04 13:33:01,围网
962,31.35805555555556,125.84111111111108,2.2,304.0,2018-09-04 13:43:01,围网
962,31.360722222222233,125.83744444444444,1.6,313.0,2018-09-04 13:53:01,围网
962,31.36336111111111,125.83411111111107,1.2,352.0,2018-09-04 14:03:01,围网
962,31.365972222222233,125.8309722222222,1.1,316.0,2018-09-04 14:13:01,围网
962,31.368055555555557,125.82786111111106,1.5,275.0,2018-09-04 14:23:01,围网
962,31.37027777777779,125.82516666666668,1.0,315.0,2018-09-04 14:33:01,围网
962,31.372138888888887,125.82258333333333,0.9,0.0,2018-09-04 14:43:01,围网
962,31.374000000000002,125.82055555555556,1.2,225.0,2018-09-04 14:53:01,围网
962,31.374972222222233,125.82172222222222,1.8,127.0,2018-09-04 15:03:01,围网
962,31.37258333333333,125.82463888888887,1.6,204.0,2018-09-04 15:13:01,围网
962,31.37191666666667,125.82372222222222,1.1,0.0,2018-09-04 15:23:01,围网
962,31.39461111111111,125.80827777777776,2.6,42.0,2018-09-04 16:33:01,围网
962,31.398694444444452,125.80827777777776,1.3,358.0,2018-09-04 16:43:01,围网
962,31.402777777777768,125.80880555555555,2.1,345.0,2018-09-04 16:53:01,围网
962,31.40675,125.8094722222222,2.2,329.0,2018-09-04 17:03:01,围网
962,31.41058333333333,125.81063888888887,1.3,356.0,2018-09-04 17:13:01,围网
962,31.414305555555554,125.81225,2.1,58.0,2018-09-04 17:23:01,围网
962,31.417805555555557,125.81405555555556,2.8,339.0,2018-09-04 17:33:01,围网
962,31.420972222222233,125.81677777777777,1.3,50.0,2018-09-04 17:43:01,围网
962,31.424027777777766,125.82002777777777,1.5,54.0,2018-09-04 17:53:01,围网
962,31.425555555555558,125.82491666666668,1.5,78.0,2018-09-04 18:04:01,围网
962,31.425611111111113,125.82975,1.7,76.0,2018-09-04 18:13:01,围网
962,31.425500000000003,125.83438888888887,1.3,97.0,2018-09-04 18:23:01,围网
962,31.425166666666666,125.83880555555555,1.6,89.0,2018-09-04 18:33:01,围网
962,31.425611111111113,125.84330555555556,2.1,123.0,2018-09-04 18:43:01,围网
962,31.425611111111113,125.84775,1.2,112.0,2018-09-04 18:53:01,围网
962,31.426111111111112,125.85224999999998,1.8,88.0,2018-09-04 19:03:01,围网
962,31.42686111111113,125.85672222222222,1.2,94.0,2018-09-04 19:13:01,围网
962,31.42747222222223,125.86113888888887,1.2,91.0,2018-09-04 19:23:01,围网
962,31.428027777777785,125.86569444444444,1.4,98.0,2018-09-04 19:33:01,围网
962,31.42866666666667,125.87019444444445,1.5,76.0,2018-09-04 19:43:01,围网
962,31.428916666666666,125.87491666666666,1.8,0.0,2018-09-04 19:53:01,围网
962,31.42825,125.87975,1.0,131.0,2018-09-04 20:04:01,围网
962,31.427111111111113,125.88408333333334,2.3,91.0,2018-09-04 20:13:01,围网
962,31.425305555555557,125.88830555555555,1.6,135.0,2018-09-04 20:23:01,围网
962,31.421111111111113,125.89691666666668,1.8,134.0,2018-09-04 20:43:01,围网
962,31.41966666666667,125.90136111111113,1.4,131.0,2018-09-04 20:53:01,围网
962,31.418388888888888,125.90588888888892,1.5,93.0,2018-09-04 21:03:01,围网
962,31.415194444444445,125.9147222222222,2.2,97.0,2018-09-04 21:23:01,围网
962,31.41344444444444,125.91883333333334,1.6,101.0,2018-09-04 21:33:01,围网
962,31.412555555555553,125.91719444444445,1.1,311.0,2018-09-04 21:43:01,围网
962,31.41369444444444,125.91375,0.6,336.0,2018-09-04 21:53:01,围网
962,31.414361111111113,125.91563888888888,1.9,77.0,2018-09-04 22:03:01,围网
962,31.413611111111113,125.91786111111112,0.9,116.0,2018-09-04 22:13:01,围网
962,31.41336111111111,125.92055555555555,1.6,96.0,2018-09-04 22:23:01,围网
962,31.40561111111111,125.91677777777778,2.2,170.0,2018-09-04 22:33:01,围网
962,31.401138888888887,125.91811111111113,2.3,134.0,2018-09-04 22:43:01,围网
962,31.397111111111112,125.9200277777778,2.7,130.0,2018-09-04 22:54:01,围网
962,31.393638888888887,125.9220277777778,1.2,147.0,2018-09-04 23:03:01,围网
962,31.390527777777766,125.92475,1.2,122.0,2018-09-04 23:13:01,围网
962,31.38725,125.92688888888893,1.4,190.0,2018-09-04 23:23:01,围网
962,31.383055555555558,125.9265277777778,1.8,230.0,2018-09-04 23:33:01,围网
962,31.380472222222235,125.9198888888889,1.8,267.0,2018-09-04 23:43:01,围网
962,31.378138888888888,125.91555555555556,1.5,221.0,2018-09-04 23:53:01,围网
962,31.37613888888889,125.91108333333334,2.2,234.0,2018-09-05 00:03:01,围网
962,31.376777777777786,125.90544444444444,1.7,259.0,2018-09-05 00:13:01,围网
962,31.378166666666665,125.90038888888893,1.9,268.0,2018-09-05 00:23:01,围网
962,31.38077777777778,125.89608333333334,1.9,311.0,2018-09-05 00:33:01,围网
962,31.383888888888887,125.89283333333334,1.4,333.0,2018-09-05 00:43:01,围网
962,31.3865,125.88955555555556,1.9,319.0,2018-09-05 00:53:01,围网
962,31.38877777777777,125.88588888888893,1.2,303.0,2018-09-05 01:03:01,围网
962,31.391055555555557,125.88224999999998,1.4,312.0,2018-09-05 01:13:01,围网
962,31.393277777777786,125.87877777777777,1.2,315.0,2018-09-05 01:23:01,围网
962,31.39572222222222,125.8757222222222,1.5,320.0,2018-09-05 01:33:01,围网
962,31.398833333333336,125.87363888888888,1.5,325.0,2018-09-05 01:43:01,围网
962,31.40186111111111,125.87158333333332,1.0,322.0,2018-09-05 01:53:01,围网
962,31.403805555555557,125.86780555555555,1.5,318.0,2018-09-05 02:04:01,围网
962,31.40533333333333,125.8642222222222,1.3,269.0,2018-09-05 02:13:01,围网
962,31.40747222222221,125.86116666666666,1.5,295.0,2018-09-05 02:23:01,围网
962,31.40961111111111,125.85811111111113,1.4,282.0,2018-09-05 02:33:01,围网
962,31.41133333333333,125.85466666666666,1.6,309.0,2018-09-05 02:43:01,围网
962,31.412888888888887,125.85111111111112,1.6,274.0,2018-09-05 02:53:01,围网
962,31.41547222222223,125.84766666666668,2.0,333.0,2018-09-05 03:03:01,围网
962,31.41916666666667,125.84511111111112,1.6,325.0,2018-09-05 03:13:01,围网
962,31.42297222222223,125.84330555555556,1.0,349.0,2018-09-05 03:23:01,围网
962,31.426444444444453,125.84158333333332,1.4,313.0,2018-09-05 03:33:01,围网
962,31.42972222222223,125.83933333333331,1.5,337.0,2018-09-05 03:43:01,围网
962,31.433000000000003,125.83691666666664,1.1,0.0,2018-09-05 03:53:01,围网
962,31.43611111111111,125.83455555555555,1.2,0.0,2018-09-05 04:03:01,围网
962,31.43936111111111,125.83294444444445,3.2,63.0,2018-09-05 04:13:01,围网
962,31.436722222222233,125.83588888888887,1.8,118.0,2018-09-05 04:23:01,围网
962,31.43441666666667,125.83641666666666,0.9,291.0,2018-09-05 04:33:01,围网
962,31.43508333333333,125.8372777777778,0.2,0.0,2018-09-05 04:43:01,围网
962,31.435111111111112,125.83797222222222,0.9,0.0,2018-09-05 04:53:01,围网
962,31.43483333333333,125.83786111111112,3.7,349.0,2018-09-05 05:03:01,围网
962,31.435,125.84755555555556,1.3,94.0,2018-09-05 05:14:01,围网
962,31.43480555555556,125.8514722222222,1.5,81.0,2018-09-05 05:23:01,围网
962,31.43486111111111,125.85575,1.3,102.0,2018-09-05 05:33:01,围网
962,31.43486111111111,125.86013888888887,1.2,139.0,2018-09-05 05:43:01,围网
962,31.43491666666667,125.86466666666666,1.3,94.0,2018-09-05 05:53:01,围网
962,31.435,125.86922222222222,1.3,91.0,2018-09-05 06:03:01,围网
962,31.43508333333333,125.87380555555555,1.5,105.0,2018-09-05 06:13:01,围网
962,31.434972222222232,125.87827777777777,1.4,98.0,2018-09-05 06:23:01,围网
962,31.434638888888887,125.88291666666666,1.8,125.0,2018-09-05 06:33:01,围网
962,31.43438888888889,125.88761111111113,1.1,76.0,2018-09-05 06:43:01,围网
962,31.43413888888889,125.89230555555555,1.3,95.0,2018-09-05 06:53:01,围网
962,31.433888888888887,125.89711111111113,1.8,79.0,2018-09-05 07:03:01,围网
962,31.433833333333336,125.90194444444445,1.6,114.0,2018-09-05 07:13:01,围网
962,31.43305555555556,125.90666666666668,1.4,116.0,2018-09-05 07:23:01,围网
962,31.43255555555556,125.9117777777778,1.9,123.0,2018-09-05 07:33:01,围网
962,31.432055555555557,125.91669444444445,1.9,108.0,2018-09-05 07:43:01,围网
962,31.43166666666667,125.92141666666667,2.8,127.0,2018-09-05 07:53:01,围网
962,31.431583333333336,125.9265,1.7,110.0,2018-09-05 08:04:01,围网
962,31.431694444444453,125.93116666666668,1.7,102.0,2018-09-05 08:13:01,围网
962,31.43186111111111,125.9362777777778,2.3,111.0,2018-09-05 08:23:01,围网
962,31.432,125.94133333333332,1.6,92.0,2018-09-05 08:33:01,围网
962,31.432222222222233,125.94641666666666,1.4,85.0,2018-09-05 08:43:01,围网
962,31.432472222222234,125.95125,1.1,84.0,2018-09-05 08:53:01,围网
962,31.43277777777779,125.95613888888887,1.9,106.0,2018-09-05 09:03:01,围网
962,31.432972222222233,125.96086111111113,1.6,75.0,2018-09-05 09:13:01,围网
962,31.43311111111111,125.96563888888888,2.3,110.0,2018-09-05 09:23:01,围网
962,31.433277777777786,125.97027777777778,1.7,112.0,2018-09-05 09:33:01,围网
962,31.431777777777786,125.97502777777778,1.7,108.0,2018-09-05 09:43:01,围网
962,31.429111111111112,125.97955555555555,1.7,134.0,2018-09-05 09:53:01,围网
962,31.42544444444445,125.98319444444445,2.0,127.0,2018-09-05 10:03:01,围网
962,31.42208333333333,125.98641666666668,1.9,143.0,2018-09-05 10:13:01,围网
962,31.418194444444445,125.98897222222223,2.7,142.0,2018-09-05 10:23:01,围网
962,31.41416666666667,125.99052777777777,1.7,153.0,2018-09-05 10:33:01,围网
962,31.409972222222233,125.99219444444445,1.7,0.0,2018-09-05 10:43:01,围网
962,31.40594444444444,125.99377777777778,1.7,143.0,2018-09-05 10:53:01,围网
962,31.40544444444444,125.99244444444444,0.9,0.0,2018-09-05 11:03:01,围网
962,31.40825,125.99063888888894,1.6,86.0,2018-09-05 11:14:01,围网
962,31.40694444444444,125.99169444444445,0.3,0.0,2018-09-05 11:23:01,围网
962,31.405666666666665,125.99194444444444,1.8,181.0,2018-09-05 11:33:01,围网
962,31.404138888888887,125.99213888888887,1.7,188.0,2018-09-05 11:43:01,围网
962,31.40130555555556,125.98419444444444,2.0,272.0,2018-09-05 11:53:01,围网
962,31.400166666666664,125.97916666666669,2.1,278.0,2018-09-05 12:03:01,围网
962,31.398888888888887,125.97416666666666,2.5,228.0,2018-09-05 12:13:01,围网
962,31.39822222222222,125.96922222222223,1.7,248.0,2018-09-05 12:23:01,围网
962,31.39866666666667,125.96413888888887,1.6,241.0,2018-09-05 12:33:01,围网
962,31.399444444444452,125.95913888888887,1.5,280.0,2018-09-05 12:43:01,围网
962,31.400166666666664,125.95411111111113,1.9,260.0,2018-09-05 12:53:01,围网
962,31.40147222222221,125.94936111111113,1.0,298.0,2018-09-05 13:03:01,围网
962,31.403305555555555,125.94480555555555,1.6,311.0,2018-09-05 13:13:01,围网
962,31.405361111111112,125.94041666666666,1.4,308.0,2018-09-05 13:23:01,围网
962,31.407527777777766,125.93611111111113,1.1,0.0,2018-09-05 13:33:01,围网
962,31.40958333333333,125.93180555555556,1.2,0.0,2018-09-05 13:43:01,围网
962,31.411416666666664,125.927,0.5,0.0,2018-09-05 13:53:01,围网
962,31.413527777777766,125.92191666666666,2.1,307.0,2018-09-05 14:04:01,围网
962,31.41530555555555,125.91758333333334,1.3,289.0,2018-09-05 14:13:01,围网
962,31.41719444444445,125.91327777777781,1.3,322.0,2018-09-05 14:23:01,围网
962,31.41925,125.90902777777778,1.5,314.0,2018-09-05 14:33:01,围网
962,31.421527777777786,125.90491666666668,1.7,285.0,2018-09-05 14:43:01,围网
962,31.424166666666668,125.90094444444445,1.4,307.0,2018-09-05 14:53:01,围网
962,31.42716666666667,125.89697222222223,1.6,307.0,2018-09-05 15:03:01,围网
962,31.43044444444445,125.89333333333336,1.6,297.0,2018-09-05 15:13:01,围网
962,31.43375,125.88944444444445,1.7,292.0,2018-09-05 15:23:01,围网
962,31.43733333333333,125.88541666666669,1.4,294.0,2018-09-05 15:34:01,围网
962,31.44433333333333,125.87830555555556,1.8,312.0,2018-09-05 15:53:01,围网
962,31.44819444444445,125.8749722222222,1.5,325.0,2018-09-05 16:03:01,围网
962,31.45197222222221,125.87152777777777,1.9,328.0,2018-09-05 16:13:01,围网
962,31.455805555555557,125.8685,1.7,334.0,2018-09-05 16:23:01,围网
962,31.459611111111112,125.86563888888887,1.7,338.0,2018-09-05 16:33:01,围网
962,31.463416666666664,125.86272222222222,1.7,336.0,2018-09-05 16:43:01,围网
962,31.467305555555548,125.85977777777778,1.5,327.0,2018-09-05 16:53:01,围网
962,31.47111111111111,125.85708333333332,1.8,333.0,2018-09-05 17:03:01,围网
962,31.471027777777767,125.85897222222222,2.5,148.0,2018-09-05 17:13:01,围网
962,31.46763888888889,125.86052777777776,0.7,186.0,2018-09-05 17:23:01,围网
962,31.46897222222222,125.85925,1.1,321.0,2018-09-05 17:33:01,围网
962,31.470666666666666,125.85861111111107,2.1,342.0,2018-09-05 17:43:01,围网
962,31.472916666666666,125.85852777777778,1.0,335.0,2018-09-05 17:53:01,围网
962,31.47652777777777,125.86530555555555,1.4,69.0,2018-09-05 18:04:01,围网
962,31.48008333333333,125.86838888888887,2.1,16.0,2018-09-05 18:13:01,围网
962,31.48380555555556,125.87125,1.5,45.0,2018-09-05 18:23:01,围网
962,31.48758333333333,125.8737777777778,1.5,49.0,2018-09-05 18:33:01,围网
962,31.491416666666666,125.87597222222222,1.4,23.0,2018-09-05 18:43:01,围网
962,31.49475,125.87888888888888,1.5,41.0,2018-09-05 18:53:01,围网
962,31.49808333333333,125.88213888888887,1.3,68.0,2018-09-05 19:03:01,围网
962,31.501305555555557,125.8852777777778,1.6,48.0,2018-09-05 19:13:01,围网
962,31.50466666666667,125.88852777777778,1.6,55.0,2018-09-05 19:23:01,围网
962,31.50622222222221,125.88844444444445,0.1,0.0,2018-09-05 19:33:01,围网
962,31.50863888888889,125.891,1.7,0.0,2018-09-05 19:43:01,围网
962,31.510527777777767,125.89558333333332,2.0,0.0,2018-09-05 19:53:01,围网
962,31.51205555555555,125.9005,1.7,68.0,2018-09-05 20:04:01,围网
962,31.512694444444445,125.9050277777778,1.5,81.0,2018-09-05 20:13:01,围网
962,31.51222222222221,125.90983333333334,1.3,99.0,2018-09-05 20:23:01,围网
962,31.512138888888888,125.9145277777778,1.5,85.0,2018-09-05 20:33:01,围网
962,31.51236111111111,125.91930555555555,1.4,98.0,2018-09-05 20:43:01,围网
962,31.512527777777766,125.92408333333334,1.6,108.0,2018-09-05 20:53:01,围网
962,31.512555555555554,125.92897222222223,1.5,79.0,2018-09-05 21:03:01,围网
962,31.5125,125.9337777777778,1.6,109.0,2018-09-05 21:13:01,围网
962,31.51238888888889,125.93863888888887,1.2,106.0,2018-09-05 21:23:01,围网
962,31.51236111111111,125.94358333333334,1.6,100.0,2018-09-05 21:33:01,围网
962,31.511833333333332,125.9484722222222,1.8,95.0,2018-09-05 21:43:01,围网
962,31.51102777777778,125.95347222222222,1.7,118.0,2018-09-05 21:53:01,围网
962,31.51019444444445,125.95811111111112,1.7,93.0,2018-09-05 22:03:01,围网
962,31.50911111111111,125.96311111111113,2.1,93.0,2018-09-05 22:13:01,围网
962,31.507805555555557,125.96808333333333,1.8,107.0,2018-09-05 22:23:01,围网
962,31.50608333333333,125.97291666666666,1.2,107.0,2018-09-05 22:34:01,围网
962,31.504444444444445,125.97730555555556,1.6,120.0,2018-09-05 22:43:01,围网
962,31.502666666666666,125.98177777777778,1.5,125.0,2018-09-05 22:53:01,围网
962,31.500555555555554,125.98613888888887,1.6,111.0,2018-09-05 23:03:01,围网
962,31.498361111111112,125.99025,1.2,135.0,2018-09-05 23:13:01,围网
962,31.49597222222221,125.99425,1.8,139.0,2018-09-05 23:23:01,围网
962,31.49330555555556,125.99680555555555,1.2,290.0,2018-09-05 23:33:01,围网
962,31.49438888888889,125.9935277777778,1.5,303.0,2018-09-05 23:43:01,围网
962,31.49575,125.9922777777778,0.8,76.0,2018-09-05 23:53:01,围网
962,31.495555555555555,125.99430555555556,0.8,98.0,2018-09-06 00:03:01,围网
962,31.49575,125.9952222222222,5.2,353.0,2018-09-06 00:13:01,围网
962,31.493111111111112,126.0155,7.5,111.0,2018-09-06 00:23:01,围网
962,31.485055555555554,126.0384722222222,6.7,99.0,2018-09-06 00:33:01,围网
962,31.49130555555556,126.03555555555555,1.9,320.0,2018-09-06 00:43:01,围网
962,31.49280555555556,126.031,1.4,280.0,2018-09-06 00:53:01,围网
962,31.49275,126.02575,1.4,286.0,2018-09-06 01:03:01,围网
962,31.49280555555556,126.02083333333331,1.6,296.0,2018-09-06 01:13:01,围网
962,31.49302777777779,126.01583333333332,1.9,243.0,2018-09-06 01:23:01,围网
962,31.493194444444452,126.01080555555555,1.5,261.0,2018-09-06 01:33:01,围网
962,31.49361111111111,126.00575,1.9,256.0,2018-09-06 01:43:01,围网
962,31.494111111111113,126.00061111111113,1.8,251.0,2018-09-06 01:53:01,围网
962,31.494694444444452,125.99530555555555,1.7,265.0,2018-09-06 02:04:01,围网
962,31.495222222222232,125.99044444444445,1.6,273.0,2018-09-06 02:13:01,围网
962,31.495777777777786,125.98536111111113,1.6,277.0,2018-09-06 02:23:01,围网
962,31.496194444444445,125.98030555555556,1.5,267.0,2018-09-06 02:33:01,围网
962,31.496861111111112,125.9752777777778,1.8,303.0,2018-09-06 02:43:01,围网
962,31.49763888888889,125.97016666666669,1.8,290.0,2018-09-06 02:53:01,围网
962,31.49852777777778,125.96505555555555,1.7,277.0,2018-09-06 03:03:01,围网
962,31.50025,125.96005555555556,1.5,307.0,2018-09-06 03:13:01,围网
962,31.50338888888889,125.9560277777778,1.3,303.0,2018-09-06 03:23:01,围网
962,31.50625,125.95219444444444,1.3,319.0,2018-09-06 03:33:01,围网
962,31.50933333333333,125.94830555555555,1.4,318.0,2018-09-06 03:43:01,围网
962,31.51244444444445,125.94458333333333,1.3,323.0,2018-09-06 03:53:01,围网
962,31.515638888888887,125.94127777777778,1.6,337.0,2018-09-06 04:03:01,围网
962,31.51888888888889,125.93780555555556,1.6,301.0,2018-09-06 04:13:01,围网
962,31.521361111111112,125.9335,1.2,288.0,2018-09-06 04:23:01,围网
962,31.52336111111111,125.92944444444444,2.0,310.0,2018-09-06 04:33:01,围网
962,31.526,125.92552777777777,1.6,340.0,2018-09-06 04:43:01,围网
962,31.529055555555548,125.92222222222223,1.8,0.0,2018-09-06 04:53:01,围网
962,31.53183333333333,125.91869444444444,1.5,302.0,2018-09-06 05:03:01,围网
962,31.533305555555557,125.91441666666668,1.3,267.0,2018-09-06 05:13:01,围网
962,31.53533333333333,125.9105,1.4,331.0,2018-09-06 05:23:01,围网
962,31.538694444444445,125.90780555555556,1.2,314.0,2018-09-06 05:33:01,围网
962,31.54211111111111,125.90558333333334,1.1,330.0,2018-09-06 05:43:01,围网
962,31.543222222222226,125.90738888888893,1.1,132.0,2018-09-06 06:03:01,围网
962,31.54133333333333,125.90861111111113,0.9,343.0,2018-09-06 06:13:01,围网
962,31.54288888888889,125.90816666666667,0.8,309.0,2018-09-06 06:23:01,围网
962,31.550027777777785,125.90636111111112,3.1,302.0,2018-09-06 06:43:01,围网
962,31.55072222222222,125.916,1.2,78.0,2018-09-06 06:53:01,围网
962,31.55094444444445,125.92047222222223,1.5,76.0,2018-09-06 07:03:01,围网
962,31.55113888888889,125.92494444444445,1.4,80.0,2018-09-06 07:13:01,围网
962,31.55116666666667,125.92947222222222,1.2,102.0,2018-09-06 07:23:01,围网
962,31.551055555555557,125.93402777777777,1.3,104.0,2018-09-06 07:33:01,围网
962,31.55097222222221,125.93861111111113,1.2,106.0,2018-09-06 07:43:01,围网
962,31.55094444444445,125.94336111111113,1.6,109.0,2018-09-06 07:53:01,围网
962,31.55083333333333,125.94819444444445,1.7,89.0,2018-09-06 08:03:01,围网
962,31.55075,125.9530277777778,2.0,89.0,2018-09-06 08:13:01,围网
962,31.550638888888887,125.95794444444445,1.5,110.0,2018-09-06 08:23:01,围网
962,31.550666666666665,125.96302777777777,2.2,103.0,2018-09-06 08:33:01,围网
962,31.550777777777785,125.9680277777778,1.8,104.0,2018-09-06 08:43:01,围网
962,31.55058333333333,125.97311111111112,1.5,113.0,2018-09-06 08:53:01,围网
962,31.55041666666667,125.97822222222223,2.1,90.0,2018-09-06 09:03:01,围网
962,31.55013888888889,125.9835,1.9,97.0,2018-09-06 09:13:01,围网
962,31.549611111111112,125.98888888888894,1.6,93.0,2018-09-06 09:23:01,围网
962,31.54858333333333,125.99386111111107,1.8,100.0,2018-09-06 09:33:01,围网
962,31.54738888888889,125.99897222222219,1.8,102.0,2018-09-06 09:43:01,围网
962,31.54602777777778,126.00422222222224,1.7,120.0,2018-09-06 09:53:01,围网
962,31.54422222222223,126.00936111111113,1.8,123.0,2018-09-06 10:03:01,围网
962,31.542388888888887,126.01436111111113,1.5,119.0,2018-09-06 10:13:01,围网
962,31.54066666666667,126.01927777777777,1.7,104.0,2018-09-06 10:23:01,围网
962,31.538888888888888,126.02416666666666,1.5,117.0,2018-09-06 10:33:01,围网
962,31.53702777777778,126.02891666666666,1.9,101.0,2018-09-06 10:43:01,围网
962,31.535138888888888,126.0337222222222,1.8,102.0,2018-09-06 10:53:01,围网
962,31.53327777777778,126.03866666666669,1.6,115.0,2018-09-06 11:03:01,围网
962,31.53147222222222,126.04347222222222,1.8,110.0,2018-09-06 11:13:01,围网
962,31.529305555555553,126.04805555555555,1.9,131.0,2018-09-06 11:23:01,围网
962,31.52686111111111,126.0525,1.6,126.0,2018-09-06 11:33:01,围网
962,31.52433333333333,126.05663888888887,1.6,126.0,2018-09-06 11:43:01,围网
962,31.52188888888889,126.06080555555555,1.5,130.0,2018-09-06 11:53:01,围网
962,31.5145,126.07297222222222,1.6,160.0,2018-09-06 12:23:01,围网
962,31.513444444444442,126.07080555555555,1.1,266.0,2018-09-06 12:33:01,围网
962,31.51519444444445,126.06755555555556,0.7,346.0,2018-09-06 12:43:01,围网
962,31.514777777777766,126.06855555555555,1.6,25.0,2018-09-06 12:53:01,围网
962,31.514194444444453,126.06958333333333,0.6,166.0,2018-09-06 13:03:01,围网
962,31.51355555555556,126.06991666666669,3.0,65.0,2018-09-06 13:13:01,围网
962,31.513222222222232,126.06191666666666,1.5,259.0,2018-09-06 13:23:01,围网
962,31.51369444444445,126.0572222222222,1.6,278.0,2018-09-06 13:33:01,围网
962,31.513805555555557,126.05230555555555,1.6,275.0,2018-09-06 13:43:01,围网
962,31.513666666666666,126.04736111111107,1.5,287.0,2018-09-06 13:53:01,围网
962,31.514,126.0425,1.2,273.0,2018-09-06 14:03:01,围网
962,31.514388888888888,126.03761111111106,1.2,277.0,2018-09-06 14:13:01,围网
962,31.514611111111112,126.03258333333332,1.8,266.0,2018-09-06 14:23:01,围网
962,31.5145,126.02741666666668,1.4,268.0,2018-09-06 14:33:01,围网
962,31.51447222222221,126.02222222222224,1.6,267.0,2018-09-06 14:43:01,围网
962,31.51447222222221,126.01694444444445,1.5,258.0,2018-09-06 14:53:01,围网
962,31.51444444444445,126.01144444444445,1.6,269.0,2018-09-06 15:03:01,围网
962,31.514833333333332,126.00625,1.9,293.0,2018-09-06 15:13:01,围网
962,31.515694444444442,126.00097222222222,1.6,286.0,2018-09-06 15:23:01,围网
962,31.51688888888889,125.99580555555555,1.5,281.0,2018-09-06 15:33:01,围网
962,31.517972222222234,125.99061111111112,1.3,291.0,2018-09-06 15:43:01,围网
962,31.51916666666667,125.98541666666668,1.9,262.0,2018-09-06 15:53:01,围网
962,31.52119444444445,125.98052777777778,2.0,328.0,2018-09-06 16:03:01,围网
962,31.52466666666667,125.97666666666667,1.6,311.0,2018-09-06 16:13:01,围网
962,31.52769444444445,125.97294444444445,1.6,302.0,2018-09-06 16:23:01,围网
962,31.530916666666666,125.96961111111112,1.6,315.0,2018-09-06 16:33:01,围网
962,31.53466666666667,125.96663888888888,1.9,321.0,2018-09-06 16:43:01,围网
962,31.53852777777778,125.96386111111113,1.6,339.0,2018-09-06 16:53:01,围网
962,31.542222222222232,125.96069444444444,1.7,307.0,2018-09-06 17:03:01,围网
962,31.54508333333333,125.95641666666668,1.5,302.0,2018-09-06 17:13:01,围网
962,31.54808333333333,125.95258333333334,1.5,313.0,2018-09-06 17:23:01,围网
962,31.551666666666666,125.94927777777778,1.5,339.0,2018-09-06 17:33:01,围网
962,31.555888888888887,125.94752777777781,1.4,328.0,2018-09-06 17:43:01,围网
962,31.56013888888889,125.94627777777778,1.3,2.0,2018-09-06 17:53:01,围网
962,31.56430555555556,125.94502777777778,1.4,357.0,2018-09-06 18:03:01,围网
962,31.56825000000001,125.9440277777778,1.5,343.0,2018-09-06 18:13:01,围网
962,31.57233333333333,125.94180555555555,1.8,335.0,2018-09-06 18:23:01,围网
962,31.57641666666667,125.93930555555555,1.6,333.0,2018-09-06 18:33:01,围网
962,31.576694444444453,125.94027777777778,1.2,146.0,2018-09-06 18:43:01,围网
962,31.57341666666667,125.94169444444445,0.6,149.0,2018-09-06 18:53:01,围网
962,31.57530555555556,125.93961111111112,4.3,16.0,2018-09-06 19:03:01,围网
962,31.57919444444445,125.93855555555555,1.5,344.0,2018-09-06 19:13:01,围网
962,31.576166666666666,125.94180555555555,5.8,146.0,2018-09-06 19:23:01,围网
962,31.569305555555548,125.94733333333332,1.8,176.0,2018-09-06 19:33:01,围网
962,31.563805555555557,125.95088888888893,1.0,131.0,2018-09-06 19:43:01,围网
962,31.56288888888889,125.95438888888887,0.9,0.0,2018-09-06 19:53:01,围网
962,31.56213888888889,125.95836111111113,1.5,114.0,2018-09-06 20:03:01,围网
962,31.560944444444445,125.96177777777778,1.2,177.0,2018-09-06 20:13:01,围网
962,31.558138888888887,125.96286111111112,0.9,172.0,2018-09-06 20:23:01,围网
962,31.55325,125.96672222222223,1.5,106.0,2018-09-06 20:43:01,围网
962,31.55113888888889,125.97561111111112,1.6,92.0,2018-09-06 21:03:01,围网
962,31.55027777777779,125.9802777777778,1.5,96.0,2018-09-06 21:13:01,围网
962,31.549888888888887,125.98519444444445,2.0,79.0,2018-09-06 21:23:01,围网
962,31.55083333333333,125.99019444444444,1.3,95.0,2018-09-06 21:33:01,围网
962,31.549833333333336,125.99533333333332,1.7,107.0,2018-09-06 21:43:01,围网
962,31.547138888888888,125.99955555555556,1.9,134.0,2018-09-06 21:53:01,围网
962,31.546,126.00458333333331,1.6,89.0,2018-09-06 22:03:01,围网
962,31.545638888888888,126.00983333333332,1.3,91.0,2018-09-06 22:13:01,围网
962,31.545333333333332,126.01519444444445,1.8,94.0,2018-09-06 22:23:01,围网
962,31.54391666666667,126.02008333333332,1.7,104.0,2018-09-06 22:33:01,围网
962,31.543138888888887,126.02522222222223,1.7,104.0,2018-09-06 22:43:01,围网
962,31.541999999999998,126.03047222222223,1.5,102.0,2018-09-06 22:53:01,围网
962,31.541277777777786,126.03588888888888,2.0,104.0,2018-09-06 23:03:01,围网
962,31.54102777777778,126.04127777777781,3.0,105.0,2018-09-06 23:13:01,围网
962,31.54069444444445,126.0462222222222,2.9,105.0,2018-09-06 23:23:01,围网
962,31.53994444444445,126.0515,3.5,104.0,2018-09-06 23:33:01,围网
962,31.53680555555556,126.05594444444445,1.5,137.0,2018-09-06 23:43:01,围网
962,31.533777777777786,126.05963888888887,1.3,139.0,2018-09-06 23:53:01,围网
962,31.52975,126.06805555555556,2.2,109.0,2018-09-07 00:13:01,围网
962,31.52802777777778,126.07233333333332,1.0,105.0,2018-09-07 00:23:01,围网
962,31.525916666666664,126.07608333333332,1.6,124.0,2018-09-07 00:33:01,围网
962,31.52322222222222,126.07941666666666,1.3,144.0,2018-09-07 00:43:01,围网
962,31.51888888888889,126.08105555555555,1.6,171.0,2018-09-07 00:53:01,围网
962,31.51694444444445,126.08186111111112,0.9,319.0,2018-09-07 01:03:01,围网
962,31.51888888888889,126.07911111111108,0.6,287.0,2018-09-07 01:13:01,围网
962,31.52052777777779,126.07980555555555,3.3,172.0,2018-09-07 01:23:01,围网
962,31.52097222222222,126.08213888888888,1.1,59.0,2018-09-07 01:33:01,围网
962,31.522527777777768,126.08530555555555,1.4,54.0,2018-09-07 01:43:01,围网
962,31.52283333333333,126.08838888888887,3.3,198.0,2018-09-07 01:53:01,围网
962,31.51166666666667,126.08627777777778,1.4,211.0,2018-09-07 02:13:01,围网
962,31.50863888888889,126.08413888888887,1.8,208.0,2018-09-07 02:23:01,围网
962,31.50575000000001,126.0822222222222,1.2,209.0,2018-09-07 02:33:01,围网
962,31.503166666666665,126.08080555555556,1.0,206.0,2018-09-07 02:43:01,围网
962,31.50075,126.07925,1.1,213.0,2018-09-07 02:53:01,围网
962,31.498916666666666,126.0762222222222,1.3,215.0,2018-09-07 03:03:01,围网
962,31.497805555555555,126.0725,1.8,273.0,2018-09-07 03:13:01,围网
962,31.49736111111111,126.06833333333331,1.2,265.0,2018-09-07 03:23:01,围网
962,31.49738888888889,126.0642777777778,2.1,279.0,2018-09-07 03:33:01,围网
962,31.497777777777767,126.0594722222222,1.7,296.0,2018-09-07 03:43:01,围网
962,31.49822222222221,126.05466666666666,2.1,294.0,2018-09-07 03:53:01,围网
962,31.498722222222234,126.04994444444445,1.6,253.0,2018-09-07 04:03:01,围网
962,31.499277777777767,126.04525,1.1,268.0,2018-09-07 04:13:01,围网
962,31.49983333333333,126.04069444444444,2.2,303.0,2018-09-07 04:23:01,围网
962,31.49988888888889,126.03630555555556,1.6,0.0,2018-09-07 04:33:01,围网
962,31.50336111111111,126.03186111111113,1.5,319.0,2018-09-07 04:43:01,围网
962,31.50611111111111,126.02738888888894,1.2,0.0,2018-09-07 04:53:01,围网
962,31.507305555555554,126.0227222222222,1.0,0.0,2018-09-07 05:03:01,围网
962,31.5085,126.01830555555556,1.5,267.0,2018-09-07 05:13:01,围网
962,31.51019444444445,126.01416666666668,1.8,308.0,2018-09-07 05:23:01,围网
962,31.511972222222226,126.01027777777777,1.2,272.0,2018-09-07 05:33:01,围网
962,31.51394444444445,126.00633333333332,3.5,342.0,2018-09-07 05:43:01,围网
962,31.51575,126.00252777777777,1.1,282.0,2018-09-07 05:53:01,围网
962,31.517861111111113,125.999,1.3,296.0,2018-09-07 06:03:01,围网
962,31.52063888888889,125.99594444444445,1.8,336.0,2018-09-07 06:13:01,围网
962,31.523611111111112,125.99313888888894,1.3,319.0,2018-09-07 06:23:01,围网
962,31.526611111111112,125.9904722222222,1.4,319.0,2018-09-07 06:33:01,围网
962,31.529555555555554,125.98783333333334,1.0,297.0,2018-09-07 06:43:01,围网
962,31.53294444444445,125.98594444444444,1.7,340.0,2018-09-07 06:53:01,围网
962,31.53625,125.98416666666668,1.3,324.0,2018-09-07 07:03:01,围网
962,31.54000000000001,125.98283333333336,1.9,347.0,2018-09-07 07:13:01,围网
962,31.543944444444445,125.98255555555555,3.3,25.0,2018-09-07 07:23:01,围网
962,31.54786111111111,125.98263888888887,1.8,4.0,2018-09-07 07:33:01,围网
962,31.549722222222233,125.98486111111107,1.2,152.0,2018-09-07 07:43:01,围网
962,31.54519444444445,125.98536111111113,3.0,232.0,2018-09-07 07:53:01,围网
962,31.545027777777786,125.98425,1.0,115.0,2018-09-07 08:03:01,围网
962,31.54480555555556,125.98652777777778,1.7,139.0,2018-09-07 08:13:01,围网
962,31.54391666666667,125.9890277777778,1.0,134.0,2018-09-07 08:23:01,围网
962,31.54008333333333,125.99225,6.5,188.0,2018-09-07 08:33:01,围网
962,31.53669444444445,125.99433333333334,1.7,141.0,2018-09-07 08:43:01,围网
962,31.534527777777786,125.99661111111112,1.0,0.0,2018-09-07 08:53:01,围网
962,31.53238888888889,125.99886111111113,1.1,131.0,2018-09-07 09:03:01,围网
962,31.530277777777766,126.00191666666666,1.9,127.0,2018-09-07 09:13:01,围网
962,31.52822222222222,126.00538888888887,1.8,142.0,2018-09-07 09:23:01,围网
962,31.526055555555555,126.00877777777778,1.9,154.0,2018-09-07 09:33:01,围网
962,31.52419444444445,126.01319444444445,3.8,143.0,2018-09-07 09:43:01,围网
962,31.52263888888889,126.01888888888887,2.2,129.0,2018-09-07 09:53:01,围网
962,31.522305555555555,126.02602777777778,2.3,73.0,2018-09-07 10:03:01,围网
962,31.52258333333333,126.03191666666666,2.2,91.0,2018-09-07 10:13:01,围网
962,31.52263888888889,126.03769444444444,1.8,91.0,2018-09-07 10:23:01,围网
962,31.52272222222221,126.04333333333334,2.6,110.0,2018-09-07 10:33:01,围网
962,31.52333333333333,126.04894444444444,1.5,74.0,2018-09-07 10:43:01,围网
962,31.523916666666665,126.05466666666666,2.2,104.0,2018-09-07 10:53:01,围网
962,31.52375,126.06019444444445,1.6,105.0,2018-09-07 11:03:01,围网
962,31.522972222222233,126.06544444444445,2.5,117.0,2018-09-07 11:13:01,围网
962,31.52225,126.07063888888894,2.1,110.0,2018-09-07 11:23:01,围网
962,31.52125,126.07572222222224,1.4,117.0,2018-09-07 11:33:01,围网
962,31.520222222222234,126.08086111111106,1.7,71.0,2018-09-07 11:43:01,围网
962,31.518277777777786,126.0859722222222,1.7,86.0,2018-09-07 11:53:01,围网
962,31.51552777777778,126.09058333333333,1.6,138.0,2018-09-07 12:03:01,围网
962,31.51283333333333,126.09508333333332,1.5,103.0,2018-09-07 12:13:01,围网
962,31.510277777777766,126.09963888888888,2.2,122.0,2018-09-07 12:23:01,围网
962,31.50791666666667,126.10425,2.6,141.0,2018-09-07 12:33:01,围网
962,31.505527777777786,126.10863888888888,2.1,112.0,2018-09-07 12:43:01,围网
962,31.503138888888888,126.11319444444445,1.8,98.0,2018-09-07 12:53:01,围网
962,31.50094444444445,126.1173611111111,1.8,95.0,2018-09-07 13:03:01,围网
962,31.49869444444445,126.12152777777777,1.8,0.0,2018-09-07 13:13:01,围网
962,31.496388888888887,126.126,1.6,130.0,2018-09-07 13:23:01,围网
962,31.49433333333333,126.12958333333331,2.3,148.0,2018-09-07 13:33:01,围网
962,31.491944444444453,126.13280555555555,1.6,141.0,2018-09-07 13:43:01,围网
962,31.488777777777766,126.13319444444444,0.8,314.0,2018-09-07 13:53:01,围网
962,31.48975,126.12933333333334,1.5,297.0,2018-09-07 14:03:01,围网
962,31.490305555555555,126.12844444444444,0.5,192.0,2018-09-07 14:13:01,围网
962,31.488722222222233,126.12794444444445,1.0,203.0,2018-09-07 14:23:01,围网
962,31.487527777777785,126.12766666666668,1.0,222.0,2018-09-07 14:33:01,围网
962,31.490805555555557,126.1112222222222,7.5,276.0,2018-09-07 14:43:01,围网
962,31.490222222222233,126.09002777777776,0.9,210.0,2018-09-07 14:53:01,围网
962,31.4905,126.08091666666668,1.9,250.0,2018-09-07 15:03:01,围网
962,31.49088888888889,126.07616666666668,1.6,270.0,2018-09-07 15:13:01,围网
962,31.4915,126.07141666666666,1.2,297.0,2018-09-07 15:23:01,围网
962,31.49213888888889,126.06666666666666,1.1,301.0,2018-09-07 15:33:01,围网
962,31.492916666666666,126.06183333333334,1.2,280.0,2018-09-07 15:43:01,围网
962,31.49361111111111,126.05666666666666,1.7,293.0,2018-09-07 15:53:01,围网
962,31.49433333333333,126.05116666666667,1.7,274.0,2018-09-07 16:03:01,围网
962,31.495,126.04580555555556,1.6,288.0,2018-09-07 16:13:01,围网
962,31.49580555555556,126.04036111111112,1.7,278.0,2018-09-07 16:23:01,围网
962,31.49683333333333,126.03488888888887,2.2,312.0,2018-09-07 16:33:01,围网
962,31.49822222222221,126.02941666666666,1.9,294.0,2018-09-07 16:43:01,围网
962,31.49966666666667,126.02397222222223,1.6,306.0,2018-09-07 16:53:01,围网
962,31.50275,126.013,2.2,303.0,2018-09-07 17:13:01,围网
962,31.50413888888889,126.00747222222222,1.9,290.0,2018-09-07 17:23:01,围网
962,31.5055,126.00194444444445,1.6,296.0,2018-09-07 17:33:01,围网
962,31.50702777777777,125.99661111111112,1.5,293.0,2018-09-07 17:43:01,围网
962,31.50866666666667,125.99130555555556,1.5,278.0,2018-09-07 17:53:01,围网
962,31.510444444444442,125.9860277777778,1.6,275.0,2018-09-07 18:03:01,围网
962,31.512611111111113,125.98088888888893,1.7,294.0,2018-09-07 18:13:01,围网
962,31.51544444444445,125.97608333333334,1.6,305.0,2018-09-07 18:23:01,围网
962,31.51847222222222,125.97161111111113,1.9,319.0,2018-09-07 18:33:01,围网
962,31.521555555555555,125.96719444444444,2.5,334.0,2018-09-07 18:43:01,围网
962,31.524777777777768,125.96280555555555,1.8,323.0,2018-09-07 18:53:01,围网
962,31.52783333333333,125.95838888888893,1.6,304.0,2018-09-07 19:03:01,围网
962,31.531111111111112,125.95411111111113,1.2,312.0,2018-09-07 19:13:01,围网
962,31.534527777777786,125.9502222222222,1.3,0.0,2018-09-07 19:23:01,围网
962,31.53805555555556,125.94644444444445,1.5,316.0,2018-09-07 19:33:01,围网
962,31.54869444444445,125.94241666666667,1.2,265.0,2018-09-07 20:23:01,围网
962,31.55158333333333,125.94166666666668,2.6,154.0,2018-09-07 20:33:01,围网
962,31.56416666666667,125.91799999999999,1.1,346.0,2018-09-07 21:23:01,围网
962,31.573305555555557,125.9202222222222,3.1,63.0,2018-09-07 21:43:01,围网
962,31.578833333333336,125.93544444444444,1.3,84.0,2018-09-07 22:13:01,围网
962,31.57927777777777,125.94038888888888,1.5,84.0,2018-09-07 22:23:01,围网
962,31.57944444444445,125.94519444444445,1.7,103.0,2018-09-07 22:33:01,围网
962,31.57922222222221,125.95019444444445,2.0,101.0,2018-09-07 22:43:01,围网
962,31.574972222222208,125.97472222222223,1.3,114.0,2018-09-07 23:33:01,围网
962,31.246111111111112,125.93347222222219,1.8,89.0,2018-09-08 00:03:01,围网
962,31.56238888888889,125.99799999999999,1.5,116.0,2018-09-08 00:23:01,围网
962,31.55305555555556,126.01019444444445,1.9,132.0,2018-09-08 00:53:01,围网
962,31.54969444444445,126.014,1.5,135.0,2018-09-08 01:03:01,围网
962,31.54616666666667,126.0174722222222,1.4,120.0,2018-09-08 01:13:01,围网
962,31.542361111111113,126.02086111111107,1.4,146.0,2018-09-08 01:23:01,围网
962,31.53880555555556,126.02377777777778,1.8,130.0,2018-09-08 01:33:01,围网
962,31.516472222222234,126.0362222222222,1.7,171.0,2018-09-08 02:33:01,围网
962,31.50869444444445,126.03666666666666,1.6,180.0,2018-09-08 02:53:01,围网
962,31.48788888888889,126.0330277777778,1.3,169.0,2018-09-08 03:53:01,围网
962,31.48116666666667,125.97022222222222,2.0,326.0,2018-09-08 06:33:01,围网
962,31.48236111111111,125.9652777777778,1.9,287.0,2018-09-08 06:43:01,围网
962,31.48402777777777,125.96041666666666,1.6,327.0,2018-09-08 06:53:01,围网
962,31.497694444444452,125.94533333333334,1.3,321.0,2018-09-08 07:33:01,围网
962,31.50075,125.94197222222222,1.2,328.0,2018-09-08 07:43:01,围网
962,31.50375,125.9385,1.8,336.0,2018-09-08 07:53:01,围网
962,31.50683333333333,125.93527777777778,1.4,327.0,2018-09-08 08:03:01,围网
962,31.51072222222221,125.93291666666669,2.0,343.0,2018-09-08 08:13:01,围网
962,31.51508333333333,125.9315,1.6,359.0,2018-09-08 08:23:01,围网
962,31.54255555555555,125.92855555555555,1.9,318.0,2018-09-08 09:33:01,围网
962,31.545972222222233,125.92830555555555,1.7,2.0,2018-09-08 09:43:01,围网
962,31.549555555555557,125.92969444444445,1.3,36.0,2018-09-08 09:53:01,围网
962,31.552861111111113,125.93152777777777,2.1,5.0,2018-09-08 10:03:01,围网
962,31.551805555555553,125.93488888888888,1.8,155.0,2018-09-08 10:13:01,围网
962,31.547694444444453,125.93347222222219,1.0,231.0,2018-09-08 10:23:01,围网
962,31.54883333333333,125.93366666666668,3.5,46.0,2018-09-08 10:33:01,围网
962,31.549111111111113,125.93855555555555,6.9,26.0,2018-09-08 11:03:01,围网
962,31.55341666666667,125.94425,2.1,80.0,2018-09-08 11:13:01,围网
962,31.55375,125.9505,2.0,94.0,2018-09-08 11:23:01,围网
962,31.552611111111112,125.95661111111113,1.8,97.0,2018-09-08 11:33:01,围网
962,31.550638888888887,125.96208333333333,1.9,129.0,2018-09-08 11:43:01,围网
962,31.548222222222233,125.96719444444444,1.9,133.0,2018-09-08 11:53:01,围网
962,31.54552777777778,125.972,1.5,133.0,2018-09-08 12:03:01,围网
962,31.542527777777767,125.97644444444445,1.8,113.0,2018-09-08 12:13:01,围网
962,31.53919444444445,125.98055555555555,2.3,106.0,2018-09-08 12:23:01,围网
962,31.53544444444445,125.98397222222222,2.0,118.0,2018-09-08 12:33:01,围网
962,31.50936111111111,125.99833333333332,2.0,0.0,2018-09-08 13:33:01,围网
962,31.50475,126.00011111111112,2.7,124.0,2018-09-08 13:43:01,围网
962,31.500277777777786,126.00183333333334,1.7,0.0,2018-09-08 13:53:01,围网
962,31.49558333333333,126.00338888888888,1.4,157.0,2018-09-08 14:03:01,围网
962,31.47858333333333,126.01044444444445,1.8,165.0,2018-09-08 14:43:01,围网
962,31.474305555555553,126.01180555555555,3.2,195.0,2018-09-08 14:53:01,围网
962,31.470194444444445,126.01330555555555,2.2,174.0,2018-09-08 15:03:01,围网
962,31.46611111111111,126.01486111111107,2.5,188.0,2018-09-08 15:13:01,围网
962,31.462111111111113,126.016,2.3,192.0,2018-09-08 15:23:01,围网
962,31.458055555555553,126.01661111111108,1.9,212.0,2018-09-08 15:33:01,围网
962,31.453805555555558,126.01613888888888,1.6,194.0,2018-09-08 15:43:01,围网
962,31.44966666666667,126.01541666666668,1.9,155.0,2018-09-08 15:53:01,围网
962,31.45066666666667,126.01291666666664,1.2,317.0,2018-09-08 16:03:01,围网
962,31.45347222222221,126.01183333333334,0.9,186.0,2018-09-08 16:13:01,围网
962,31.45111111111111,126.01075,2.6,198.0,2018-09-08 16:23:01,围网
962,31.449277777777766,126.00844444444445,2.7,97.0,2018-09-08 16:33:01,围网
962,31.448277777777786,126.00575,3.0,49.0,2018-09-08 16:43:01,围网
962,31.445916666666665,126.00413888888887,0.9,207.0,2018-09-08 16:53:01,围网
962,31.44383333333333,126.002,1.4,273.0,2018-09-08 17:03:01,围网
962,31.44244444444445,125.99863888888888,4.0,339.0,2018-09-08 17:13:01,围网
962,31.430111111111113,126.01544444444444,6.5,120.0,2018-09-08 17:23:01,围网
962,31.41419444444445,126.0300277777778,7.1,147.0,2018-09-08 17:33:01,围网
962,31.39233333333333,126.03544444444445,7.9,192.0,2018-09-08 17:43:01,围网
962,31.37161111111111,126.03427777777777,8.0,187.0,2018-09-08 17:53:01,围网
962,31.350027777777786,126.03233333333333,8.0,187.0,2018-09-08 18:03:01,围网
962,31.32836111111111,126.03280555555556,8.3,179.0,2018-09-08 18:13:01,围网
962,31.31575,126.01319444444445,8.9,253.0,2018-09-08 18:23:01,围网
962,31.309777777777786,125.98580555555556,8.4,252.0,2018-09-08 18:33:01,围网
962,31.300166666666666,125.96033333333334,7.7,218.0,2018-09-08 18:43:01,围网
962,31.283027777777786,125.94333333333334,8.1,216.0,2018-09-08 18:53:01,围网
962,31.267027777777766,125.92461111111112,8.1,223.0,2018-09-08 19:03:01,围网
962,31.252194444444445,125.9048888888889,8.4,237.0,2018-09-08 19:13:01,围网
962,31.24975,125.89783333333335,2.6,9.0,2018-09-08 19:23:01,围网
962,31.246333333333336,125.89041666666668,1.4,270.0,2018-09-08 19:33:01,围网
962,31.24719444444445,125.88516666666668,1.4,284.0,2018-09-08 19:43:01,围网
962,31.24875,125.88022222222222,2.0,303.0,2018-09-08 19:53:01,围网
962,31.249944444444452,125.87544444444444,2.2,297.0,2018-09-08 20:03:01,围网
962,31.250416666666666,125.87141666666666,1.0,259.0,2018-09-08 20:13:01,围网
962,31.25113888888889,125.86733333333332,1.7,221.0,2018-09-08 20:23:01,围网
962,31.253277777777786,125.86319444444445,2.5,313.0,2018-09-08 20:33:01,围网
962,31.25625,125.85944444444445,1.5,289.0,2018-09-08 20:43:01,围网
962,31.2595,125.85638888888887,1.3,325.0,2018-09-08 20:53:01,围网
962,31.26286111111111,125.85383333333333,2.5,352.0,2018-09-08 21:03:01,围网
962,31.26391666666667,125.85080555555555,1.8,219.0,2018-09-08 21:13:01,围网
962,31.25825,125.85283333333334,2.4,136.0,2018-09-08 21:23:01,围网
962,31.25555555555556,125.85791666666664,3.1,89.0,2018-09-08 21:33:01,围网
962,31.25397222222222,125.8624722222222,1.2,96.0,2018-09-08 21:43:01,围网
962,31.25263888888889,125.86705555555555,1.2,103.0,2018-09-08 21:53:01,围网
962,31.251666666666665,125.8714722222222,1.1,97.0,2018-09-08 22:03:01,围网
962,31.251027777777786,125.87613888888887,1.5,93.0,2018-09-08 22:13:01,围网
962,31.250138888888888,125.88072222222222,1.2,94.0,2018-09-08 22:23:01,围网
962,31.24936111111111,125.88547222222223,1.2,110.0,2018-09-08 22:33:01,围网
962,31.24855555555556,125.89036111111112,1.3,102.0,2018-09-08 22:43:01,围网
962,31.24766666666667,125.89525,1.6,110.0,2018-09-08 22:53:01,围网
962,31.24669444444445,125.9002777777778,1.3,106.0,2018-09-08 23:03:01,围网
962,31.246055555555557,125.90566666666668,2.3,85.0,2018-09-08 23:13:01,围网
962,31.24588888888889,125.91130555555556,2.3,84.0,2018-09-08 23:23:01,围网
962,31.24588888888889,125.9172222222222,1.2,79.0,2018-09-08 23:33:01,围网
962,31.24575,125.92263888888887,1.9,100.0,2018-09-08 23:43:01,围网
962,31.24586111111111,125.92819444444444,2.3,115.0,2018-09-08 23:53:01,围网
962,31.246194444444445,125.93880555555555,1.9,98.0,2018-09-09 00:13:01,围网
962,31.24608333333333,125.94419444444445,1.8,82.0,2018-09-09 00:23:01,围网
962,31.24572222222222,125.94969444444445,1.8,108.0,2018-09-09 00:33:01,围网
962,31.245166666666666,125.95502777777777,2.3,115.0,2018-09-09 00:43:01,围网
962,31.24430555555556,125.96033333333334,1.3,86.0,2018-09-09 00:53:01,围网
962,31.243250000000003,125.96558333333333,1.3,107.0,2018-09-09 01:03:01,围网
962,31.24219444444445,125.97072222222224,2.2,119.0,2018-09-09 01:13:01,围网
962,31.241,125.97561111111112,1.5,106.0,2018-09-09 01:23:01,围网
962,31.23922222222221,125.97866666666668,0.4,0.0,2018-09-09 01:33:01,围网
962,31.238777777777766,125.97444444444444,0.5,320.0,2018-09-09 01:43:01,围网
962,31.238888888888887,125.97441666666666,1.3,107.0,2018-09-09 01:53:01,围网
962,31.23788888888889,125.97752777777778,1.4,107.0,2018-09-09 02:03:01,围网
962,31.236,125.98041666666668,1.0,142.0,2018-09-09 02:13:01,围网
962,31.234,125.98299999999999,1.1,141.0,2018-09-09 02:23:01,围网
962,31.23172222222221,125.98558333333332,1.2,152.0,2018-09-09 02:33:01,围网
962,31.23266666666667,125.99183333333336,7.3,75.0,2018-09-09 02:43:01,围网
962,31.230888888888888,125.99886111111113,2.1,123.0,2018-09-09 02:53:01,围网
962,31.22644444444445,126.00244444444445,2.1,142.0,2018-09-09 03:03:01,围网
962,31.22175,126.00466666666668,1.6,157.0,2018-09-09 03:13:01,围网
962,31.21669444444445,126.00491666666667,2.6,191.0,2018-09-09 03:23:01,围网
962,31.21216666666667,126.00005555555555,1.2,0.0,2018-09-09 03:33:01,围网
962,31.208416666666665,125.99716666666669,3.1,105.0,2018-09-09 03:43:01,围网
962,31.205861111111112,125.99294444444445,2.0,236.0,2018-09-09 03:53:01,围网
962,31.202972222222233,125.98897222222223,1.5,0.0,2018-09-09 04:03:01,围网
962,31.20036111111111,125.98472222222222,3.2,151.0,2018-09-09 04:13:01,围网
962,31.197722222222232,125.98036111111112,2.5,253.0,2018-09-09 04:23:01,围网
962,31.19613888888889,125.9755,1.4,240.0,2018-09-09 04:33:01,围网
962,31.19491666666667,125.97011111111112,1.7,300.0,2018-09-09 04:43:01,围网
962,31.194861111111113,125.96436111111113,2.1,258.0,2018-09-09 04:53:01,围网
962,31.19511111111111,125.95866666666667,1.5,296.0,2018-09-09 05:03:01,围网
962,31.19572222222222,125.95297222222223,1.9,264.0,2018-09-09 05:13:01,围网
962,31.19469444444445,125.94744444444444,1.9,251.0,2018-09-09 05:23:01,围网
962,31.19388888888889,125.942,1.4,267.0,2018-09-09 05:33:01,围网
962,31.193666666666665,125.93636111111113,1.8,268.0,2018-09-09 05:43:01,围网
962,31.19352777777778,125.93083333333334,1.7,288.0,2018-09-09 05:53:01,围网
962,31.19352777777778,125.92530555555555,2.2,279.0,2018-09-09 06:03:01,围网
962,31.193666666666665,125.91977777777781,1.9,279.0,2018-09-09 06:13:01,围网
962,31.19388888888889,125.91419444444445,1.7,280.0,2018-09-09 06:23:01,围网
962,31.19391666666667,125.9092777777778,1.6,281.0,2018-09-09 06:33:01,围网
962,31.19425,125.90405555555556,1.9,296.0,2018-09-09 06:43:01,围网
962,31.194805555555554,125.89883333333334,1.8,264.0,2018-09-09 06:53:01,围网
962,31.195555555555554,125.89355555555555,1.7,282.0,2018-09-09 07:03:01,围网
962,31.19641666666667,125.88833333333334,1.4,272.0,2018-09-09 07:13:01,围网
962,31.19758333333333,125.88294444444445,1.4,288.0,2018-09-09 07:23:01,围网
962,31.19958333333333,125.87761111111112,1.9,299.0,2018-09-09 07:33:01,围网
962,31.20197222222221,125.87258333333332,1.6,300.0,2018-09-09 07:43:01,围网
962,31.203861111111113,125.86791666666666,1.9,327.0,2018-09-09 07:53:01,围网
962,31.20594444444444,125.86325,2.4,318.0,2018-09-09 08:03:01,围网
962,31.208166666666664,125.85880555555555,1.9,293.0,2018-09-09 08:13:01,围网
962,31.21038888888889,125.8545277777778,1.6,300.0,2018-09-09 08:23:01,围网
962,31.212555555555554,125.85041666666666,1.6,271.0,2018-09-09 08:33:01,围网
962,31.21483333333333,125.84644444444444,2.1,296.0,2018-09-09 08:43:01,围网
962,31.217555555555553,125.84269444444445,1.7,319.0,2018-09-09 08:53:01,围网
962,31.220472222222234,125.83930555555555,1.4,299.0,2018-09-09 09:03:01,围网
962,31.22333333333333,125.84205555555555,4.2,62.0,2018-09-09 09:13:01,围网
962,31.22288888888889,125.84630555555556,2.5,0.0,2018-09-09 09:23:01,围网
962,31.22436111111111,125.84686111111112,2.8,11.0,2018-09-09 09:33:01,围网
962,31.22511111111111,125.849,2.0,118.0,2018-09-09 09:43:01,围网
962,31.225555555555548,125.85083333333333,1.3,62.0,2018-09-09 09:53:01,围网
962,31.197138888888887,125.76205555555555,6.8,235.0,2018-09-09 10:43:01,围网
962,31.130472222222235,125.7835277777778,2.5,162.0,2018-09-09 13:23:01,围网
962,31.125055555555555,125.78369444444445,1.8,170.0,2018-09-09 13:33:01,围网
962,31.11941666666667,125.78341666666668,2.0,200.0,2018-09-09 13:43:01,围网
962,31.114027777777785,125.7832222222222,2.5,181.0,2018-09-09 13:53:01,围网
962,31.10866666666667,125.78286111111113,1.7,185.0,2018-09-09 14:03:01,围网
962,31.10333333333333,125.78230555555555,2.8,181.0,2018-09-09 14:13:01,围网
962,31.09800000000001,125.78166666666668,1.6,213.0,2018-09-09 14:23:01,围网
962,31.092555555555553,125.78080555555556,2.0,194.0,2018-09-09 14:33:01,围网
962,31.086944444444452,125.7794722222222,1.5,203.0,2018-09-09 14:43:01,围网
962,31.081888888888887,125.77813888888888,2.7,192.0,2018-09-09 14:53:01,围网
962,31.076638888888887,125.77636111111107,1.4,207.0,2018-09-09 15:03:01,围网
962,31.071666666666665,125.77483333333332,2.3,185.0,2018-09-09 15:13:01,围网
962,31.066805555555554,125.77316666666668,1.7,199.0,2018-09-09 15:23:01,围网
962,31.061972222222234,125.77130555555556,1.9,206.0,2018-09-09 15:33:01,围网
962,31.057194444444452,125.7695,2.2,190.0,2018-09-09 15:43:01,围网
962,31.052777777777766,125.76683333333334,1.5,253.0,2018-09-09 15:53:01,围网
962,31.048416666666668,125.76394444444445,1.5,199.0,2018-09-09 16:03:01,围网
962,31.04405555555556,125.761,1.4,215.0,2018-09-09 16:13:01,围网
962,31.045361111111113,125.76025,0.3,0.0,2018-09-09 16:23:01,围网
962,31.04716666666667,125.762,4.4,188.0,2018-09-09 16:33:01,围网
962,31.043944444444445,125.76008333333334,1.7,197.0,2018-09-09 16:43:01,围网
962,31.03966666666667,125.7567222222222,1.9,219.0,2018-09-09 16:53:01,围网
962,31.041083333333336,125.70136111111113,9.1,278.0,2018-09-09 17:23:01,围网
962,31.04225000000001,125.67322222222224,9.4,260.0,2018-09-09 17:33:01,围网
962,31.04288888888889,125.6445,8.9,275.0,2018-09-09 17:43:01,围网
962,31.04575,125.61658333333332,8.9,286.0,2018-09-09 17:53:01,围网
962,31.04944444444445,125.5870277777778,9.3,275.0,2018-09-09 18:03:01,围网
962,31.046888888888887,125.56358333333333,7.2,242.0,2018-09-09 18:13:01,围网
962,31.04283333333333,125.5409722222222,3.9,227.0,2018-09-09 18:23:01,围网
962,31.041305555555557,125.53586111111107,1.7,261.0,2018-09-09 18:33:01,围网
962,31.03994444444445,125.5305277777778,2.0,260.0,2018-09-09 18:43:01,围网
962,31.03416666666667,125.5245,2.0,239.0,2018-09-09 18:53:01,围网
962,31.03386111111111,125.51736111111107,2.1,262.0,2018-09-09 19:03:01,围网
962,31.03483333333333,125.51027777777777,2.3,299.0,2018-09-09 19:13:01,围网
962,31.036166666666666,125.50355555555555,2.0,277.0,2018-09-09 19:23:01,围网
962,31.03775000000001,125.49711111111112,2.2,266.0,2018-09-09 19:33:01,围网
962,31.039444444444445,125.49091666666666,2.3,270.0,2018-09-09 19:43:01,围网
962,31.04119444444445,125.48513888888887,2.0,291.0,2018-09-09 19:53:01,围网
962,31.043138888888887,125.47938888888888,2.0,293.0,2018-09-09 20:03:01,围网
962,31.04519444444445,125.4737222222222,2.1,282.0,2018-09-09 20:13:01,围网
962,31.047361111111112,125.4682222222222,1.9,288.0,2018-09-09 20:23:01,围网
962,31.049805555555558,125.463,1.7,290.0,2018-09-09 20:33:01,围网
962,31.05247222222223,125.45805555555555,2.4,293.0,2018-09-09 20:43:01,围网
962,31.05525,125.4535,1.7,340.0,2018-09-09 20:53:01,围网
962,31.05811111111111,125.44916666666668,2.5,277.0,2018-09-09 21:03:01,围网
962,31.061222222222234,125.44508333333334,1.7,319.0,2018-09-09 21:13:01,围网
962,31.06447222222221,125.44136111111106,0.9,320.0,2018-09-09 21:23:01,围网
962,31.067694444444445,125.43786111111113,1.4,321.0,2018-09-09 21:33:01,围网
962,31.07133333333333,125.43480555555556,2.0,354.0,2018-09-09 21:43:01,围网
962,31.075027777777766,125.43219444444445,1.6,339.0,2018-09-09 21:53:01,围网
962,31.07908333333333,125.43,3.0,295.0,2018-09-09 22:03:01,围网
962,31.08280555555556,125.42847222222224,2.4,316.0,2018-09-09 22:13:01,围网
962,31.086861111111112,125.42772222222223,1.2,329.0,2018-09-09 22:23:01,围网
962,31.090666666666664,125.42691666666668,1.8,16.0,2018-09-09 22:33:01,围网
962,31.094527777777767,125.42744444444445,1.3,26.0,2018-09-09 22:43:01,围网
962,31.098305555555555,125.42808333333332,1.2,2.0,2018-09-09 22:53:01,围网
962,31.102027777777767,125.42955555555555,1.6,29.0,2018-09-09 23:03:01,围网
962,31.1035,125.43363888888894,1.2,159.0,2018-09-09 23:13:01,围网
962,31.10086111111111,125.436,1.4,164.0,2018-09-09 23:23:01,围网
962,31.10041666666667,125.43516666666667,1.1,143.0,2018-09-09 23:33:01,围网
962,31.10147222222223,125.43694444444445,0.3,0.0,2018-09-09 23:43:01,围网
962,31.10158333333333,125.439,1.1,83.0,2018-09-09 23:53:01,围网
962,31.103444444444445,125.43788888888888,3.4,76.0,2018-09-10 00:13:01,围网
962,31.10566666666667,125.4485,2.2,108.0,2018-09-10 00:23:01,围网
962,31.104527777777786,125.45438888888887,3.1,131.0,2018-09-10 00:33:01,围网
962,31.10327777777778,125.45994444444445,1.8,103.0,2018-09-10 00:43:01,围网
962,31.10169444444445,125.4652777777778,2.1,108.0,2018-09-10 00:53:01,围网
962,31.099805555555548,125.4695,2.6,72.0,2018-09-10 01:03:01,围网
962,31.097916666666666,125.47405555555555,2.3,130.0,2018-09-10 01:13:01,围网
962,31.09597222222222,125.47916666666669,2.1,85.0,2018-09-10 01:23:01,围网
962,31.09363888888889,125.48391666666666,2.8,142.0,2018-09-10 01:33:01,围网
962,31.09111111111111,125.48830555555556,1.7,119.0,2018-09-10 01:43:01,围网
962,31.08844444444444,125.49258333333334,2.2,148.0,2018-09-10 01:53:01,围网
962,31.08572222222222,125.49625,1.5,99.0,2018-09-10 02:03:01,围网
962,31.08333333333333,125.5005,1.4,140.0,2018-09-10 02:13:01,围网
962,31.08058333333333,125.50444444444445,0.5,138.0,2018-09-10 02:23:01,围网
962,31.077444444444453,125.50805555555556,2.4,144.0,2018-09-10 02:33:01,围网
962,31.07413888888889,125.5115,1.5,120.0,2018-09-10 02:43:01,围网
962,31.07058333333333,125.5149722222222,1.3,143.0,2018-09-10 02:53:01,围网
962,31.06669444444445,125.51838888888894,1.8,119.0,2018-09-10 03:03:01,围网
962,31.06241666666667,125.52127777777778,1.0,131.0,2018-09-10 03:13:01,围网
962,31.05808333333333,125.52391666666666,2.3,166.0,2018-09-10 03:23:01,围网
962,31.0535,125.52586111111113,2.7,172.0,2018-09-10 03:33:01,围网
962,31.04883333333333,125.52725,2.7,168.0,2018-09-10 03:43:01,围网
962,31.044138888888888,125.52827777777777,1.2,132.0,2018-09-10 03:53:01,围网
962,31.039305555555554,125.52891666666666,3.0,186.0,2018-09-10 04:03:01,围网
962,31.034527777777786,125.52938888888887,3.5,189.0,2018-09-10 04:13:01,围网
962,31.02983333333333,125.52933333333334,2.3,183.0,2018-09-10 04:23:01,围网
962,31.02508333333333,125.52930555555555,1.7,153.0,2018-09-10 04:33:01,围网
962,31.020416666666666,125.52894444444445,1.4,160.0,2018-09-10 04:43:01,围网
962,31.015638888888887,125.52841666666669,2.8,181.0,2018-09-10 04:53:01,围网
962,31.011055555555558,125.52744444444444,2.9,184.0,2018-09-10 05:03:01,围网
962,31.006472222222207,125.52638888888887,3.1,186.0,2018-09-10 05:13:01,围网
962,31.001916666666666,125.52511111111113,2.6,189.0,2018-09-10 05:23:01,围网
962,31.00197222222221,125.52094444444445,0.9,0.0,2018-09-10 05:33:01,围网
962,31.00508333333333,125.51936111111112,0.5,0.0,2018-09-10 05:43:01,围网
962,31.00363888888889,125.5165,1.6,268.0,2018-09-10 05:53:01,围网
962,31.000472222222232,125.51205555555555,2.1,234.0,2018-09-10 06:03:01,围网
962,30.997277777777786,125.50691666666664,3.7,204.0,2018-09-10 06:13:01,围网
962,31.002388888888888,125.50427777777777,2.1,6.0,2018-09-10 06:23:01,围网
962,31.00569444444445,125.50163888888888,3.0,300.0,2018-09-10 06:33:01,围网
962,31.00919444444445,125.49891666666666,1.5,340.0,2018-09-10 06:43:01,围网
962,31.01294444444445,125.49541666666666,2.3,316.0,2018-09-10 06:53:01,围网
962,31.016805555555553,125.49186111111112,1.5,336.0,2018-09-10 07:03:01,围网
962,31.023916666666665,125.48266666666667,1.8,299.0,2018-09-10 07:23:01,围网
962,31.027555555555555,125.47766666666668,2.0,311.0,2018-09-10 07:33:01,围网
962,31.03038888888889,125.47183333333334,2.0,289.0,2018-09-10 07:43:01,围网
962,31.033027777777786,125.46577777777777,1.7,309.0,2018-09-10 07:53:01,围网
962,31.03525,125.45908333333334,2.6,286.0,2018-09-10 08:03:01,围网
962,31.037055555555558,125.45313888888893,1.9,306.0,2018-09-10 08:13:01,围网
962,31.03894444444445,125.44705555555555,2.1,301.0,2018-09-10 08:23:01,围网
962,31.040972222222226,125.44113888888887,2.2,308.0,2018-09-10 08:33:01,围网
962,31.04336111111111,125.43561111111113,2.3,297.0,2018-09-10 08:43:01,围网
962,31.04591666666667,125.43016666666668,2.5,274.0,2018-09-10 08:53:01,围网
962,31.04852777777778,125.42511111111112,2.0,338.0,2018-09-10 09:03:01,围网
962,31.051222222222233,125.42033333333336,0.8,298.0,2018-09-10 09:13:01,围网
962,31.05383333333333,125.41583333333334,2.3,342.0,2018-09-10 09:23:01,围网
962,31.057027777777765,125.41161111111113,1.5,282.0,2018-09-10 09:33:01,围网
962,31.060194444444452,125.40766666666669,2.2,350.0,2018-09-10 09:43:01,围网
962,31.06363888888889,125.40411111111112,1.3,303.0,2018-09-10 09:53:01,围网
962,31.06708333333333,125.40075,1.5,333.0,2018-09-10 10:03:01,围网
962,31.07072222222222,125.39788888888893,2.5,357.0,2018-09-10 10:13:01,围网
962,31.07802777777778,125.39302777777776,1.3,0.0,2018-09-10 10:33:01,围网
962,31.08302777777779,125.39175000000002,2.4,311.0,2018-09-10 10:43:01,围网
962,31.0875,125.39186111111113,1.1,0.0,2018-09-10 10:53:01,围网
962,31.091916666666666,125.39208333333332,1.5,324.0,2018-09-10 11:03:01,围网
962,31.096,125.39322222222224,1.9,24.0,2018-09-10 11:13:01,围网
962,31.10008333333333,125.39494444444445,1.9,1.0,2018-09-10 11:23:01,围网
962,31.10250000000001,125.39769444444444,1.8,116.0,2018-09-10 11:33:01,围网
962,31.09958333333333,125.4002777777778,0.8,212.0,2018-09-10 11:43:01,围网
962,31.09922222222221,125.40083333333334,2.8,163.0,2018-09-10 11:53:01,围网
962,31.09983333333333,125.40125,1.8,118.0,2018-09-10 12:03:01,围网
962,31.099888888888888,125.4020277777778,0.9,73.0,2018-09-10 12:13:01,围网
962,31.10675,125.40213888888893,2.5,84.0,2018-09-10 12:23:01,围网
962,31.11375,125.40580555555556,1.6,31.0,2018-09-10 12:33:01,围网
962,31.1185,125.41525,3.0,91.0,2018-09-10 12:53:01,围网
962,31.11916666666667,125.42116666666668,2.5,98.0,2018-09-10 13:03:01,围网
962,31.119277777777786,125.42688888888893,2.5,103.0,2018-09-10 13:13:01,围网
962,31.120500000000003,125.43177777777778,3.8,100.0,2018-09-10 13:23:01,围网
962,31.12125,125.4370277777778,2.1,85.0,2018-09-10 13:33:01,围网
962,31.12113888888889,125.44236111111113,2.7,93.0,2018-09-10 13:43:01,围网
962,31.120666666666665,125.44761111111113,2.5,106.0,2018-09-10 13:53:01,围网
962,31.11813888888889,125.45841666666668,1.7,108.0,2018-09-10 14:13:01,围网
962,31.11575,125.46388888888887,2.1,105.0,2018-09-10 14:23:01,围网
962,31.113166666666668,125.46855555555555,1.9,15.0,2018-09-10 14:33:01,围网
962,31.113555555555557,125.47330555555556,2.5,117.0,2018-09-10 14:43:01,围网
962,31.11219444444445,125.4772777777778,1.3,122.0,2018-09-10 14:53:01,围网
962,31.10994444444445,125.48091666666667,2.1,101.0,2018-09-10 15:03:01,围网
962,31.106027777777786,125.48397222222222,2.1,148.0,2018-09-10 15:13:01,围网
962,31.101555555555557,125.48719444444444,0.9,145.0,2018-09-10 15:23:01,围网
962,31.09697222222222,125.48911111111113,1.8,112.0,2018-09-10 15:33:01,围网
962,31.09644444444445,125.49430555555556,1.9,76.0,2018-09-10 15:43:01,围网
962,31.093416666666666,125.4975277777778,3.9,146.0,2018-09-10 15:53:01,围网
962,31.088777777777768,125.49988888888888,1.7,122.0,2018-09-10 16:03:01,围网
962,31.084777777777767,125.50255555555556,3.0,127.0,2018-09-10 16:13:01,围网
962,31.081083333333336,125.50480555555555,3.1,112.0,2018-09-10 16:23:01,围网
962,31.064694444444445,125.50194444444445,3.8,204.0,2018-09-10 16:53:01,围网
962,31.05966666666667,125.49919444444444,2.3,202.0,2018-09-10 17:03:01,围网
962,31.05472222222223,125.49572222222223,3.1,251.0,2018-09-10 17:13:01,围网
962,31.05080555555556,125.48961111111113,1.8,239.0,2018-09-10 17:23:01,围网
962,31.05108333333333,125.48633333333332,1.1,62.0,2018-09-10 17:33:01,围网
962,31.052805555555555,125.48797222222224,0.9,134.0,2018-09-10 17:43:01,围网
962,31.052194444444453,125.4865,0.3,0.0,2018-09-10 17:53:01,围网
962,31.04963888888889,125.48,1.3,245.0,2018-09-10 18:03:01,围网
962,31.04933333333333,125.47419444444445,4.6,37.0,2018-09-10 18:13:01,围网
962,31.058416666666666,125.48330555555556,5.2,39.0,2018-09-10 18:23:01,围网
962,31.06908333333333,125.49183333333336,4.1,31.0,2018-09-10 18:33:01,围网
962,31.06877777777777,125.48661111111113,3.7,282.0,2018-09-10 18:43:01,围网
962,31.07258333333333,125.47558333333332,3.5,252.0,2018-09-10 18:53:01,围网
962,31.07141666666667,125.46736111111107,3.2,252.0,2018-09-10 19:03:01,围网
962,31.07072222222222,125.45988888888893,2.8,268.0,2018-09-10 19:13:01,围网
962,31.069972222222226,125.45263888888887,2.2,0.0,2018-09-10 19:23:01,围网
962,31.070277777777786,125.44475,2.9,293.0,2018-09-10 19:33:01,围网
962,31.071055555555557,125.43766666666669,2.1,270.0,2018-09-10 19:43:01,围网
962,31.071666666666665,125.43044444444445,2.8,281.0,2018-09-10 19:53:01,围网
962,31.072777777777766,125.42319444444445,2.4,265.0,2018-09-10 20:03:01,围网
962,31.074055555555553,125.41613888888894,2.9,281.0,2018-09-10 20:13:01,围网
962,31.07536111111111,125.40919444444445,1.8,269.0,2018-09-10 20:23:01,围网
962,31.07719444444445,125.40241666666668,2.1,282.0,2018-09-10 20:33:01,围网
962,31.079027777777767,125.39644444444444,2.4,294.0,2018-09-10 20:43:01,围网
962,31.08125,125.39072222222224,2.2,286.0,2018-09-10 20:53:01,围网
962,31.08447222222221,125.38486111111106,2.3,292.0,2018-09-10 21:03:01,围网
962,31.087861111111113,125.37916666666666,3.2,324.0,2018-09-10 21:13:01,围网
962,31.091277777777766,125.37330555555555,2.8,290.0,2018-09-10 21:23:01,围网
962,31.094166666666666,125.36816666666664,1.6,336.0,2018-09-10 21:33:01,围网
962,31.097361111111113,125.36291666666664,1.7,314.0,2018-09-10 21:43:01,围网
962,31.10025000000001,125.35774999999998,3.1,320.0,2018-09-10 21:53:01,围网
962,31.10325000000001,125.35286111111112,2.8,322.0,2018-09-10 22:03:01,围网
962,31.10580555555556,125.34802777777777,1.9,290.0,2018-09-10 22:13:01,围网
962,31.10808333333333,125.34333333333332,2.3,319.0,2018-09-10 22:23:01,围网
962,31.110750000000003,125.33891666666666,2.3,326.0,2018-09-10 22:33:01,围网
962,31.12052777777778,125.3287222222222,3.0,326.0,2018-09-10 23:03:01,围网
962,31.12741666666667,125.32425,2.2,291.0,2018-09-10 23:23:01,围网
962,31.13408333333333,125.32119444444444,2.1,23.0,2018-09-10 23:43:01,围网
962,31.189,125.31419444444445,0.8,189.0,2018-09-11 00:03:01,围网
962,31.178777777777785,125.34369444444445,1.2,7.0,2018-09-11 11:13:01,围网
962,31.178777777777785,125.34369444444445,1.2,7.0,2018-09-11 11:13:02,围网
962,31.18647222222221,125.3414722222222,2.0,14.0,2018-09-11 11:33:01,围网
962,31.19902777777777,125.34888888888888,1.8,54.0,2018-09-11 12:43:01,围网
962,31.19902777777777,125.34888888888888,1.8,54.0,2018-09-11 12:43:02,围网
962,31.200777777777766,125.39091666666668,1.7,103.0,2018-09-11 14:03:01,围网
962,31.197527777777786,125.41819444444445,1.0,109.0,2018-09-11 14:53:00,围网
962,31.197527777777786,125.41819444444445,1.0,109.0,2018-09-11 14:53:01,围网
962,31.195166666666665,125.4335,2.2,126.0,2018-09-11 15:23:00,围网
962,31.195166666666665,125.4335,2.2,126.0,2018-09-11 15:23:01,围网
962,31.194194444444445,125.43833333333332,2.0,101.0,2018-09-11 15:33:00,围网
962,31.194194444444445,125.43833333333332,2.0,101.0,2018-09-11 15:33:01,围网
962,31.19305555555556,125.44316666666668,1.9,149.0,2018-09-11 15:43:00,围网
962,31.19305555555556,125.44316666666668,1.9,149.0,2018-09-11 15:43:01,围网
962,31.191861111111113,125.44783333333336,2.1,122.0,2018-09-11 15:53:00,围网
962,31.191861111111113,125.44783333333336,2.1,122.0,2018-09-11 15:53:01,围网
962,31.18888888888889,125.45680555555555,2.4,150.0,2018-09-11 16:13:00,围网
962,31.18888888888889,125.45680555555555,2.4,150.0,2018-09-11 16:13:01,围网
962,31.18622222222222,125.46080555555555,1.5,112.0,2018-09-11 16:23:00,围网
962,31.18622222222222,125.46080555555555,1.5,112.0,2018-09-11 16:23:01,围网
962,31.18216666666667,125.4639722222222,1.4,142.0,2018-09-11 16:33:01,围网
962,31.17616666666667,125.47077777777778,0.7,0.0,2018-09-11 16:53:01,围网
962,31.17241666666667,125.47338888888888,1.4,150.0,2018-09-11 17:03:01,围网
962,31.16827777777778,125.47516666666668,2.1,174.0,2018-09-11 17:13:01,围网
962,31.159666666666666,125.47713888888887,1.1,172.0,2018-09-11 17:33:01,围网
962,31.15522222222221,125.47730555555556,3.3,192.0,2018-09-11 17:43:01,围网
962,31.15075,125.47663888888887,1.3,177.0,2018-09-11 17:53:01,围网
962,31.14613888888889,125.47569444444444,0.6,0.0,2018-09-11 18:03:01,围网
962,31.142,125.47413888888887,2.2,213.0,2018-09-11 18:13:01,围网
962,31.143583333333336,125.47041666666668,1.9,16.0,2018-09-11 18:23:01,围网
962,31.14641666666667,125.47005555555555,1.0,240.0,2018-09-11 18:33:01,围网
962,31.144222222222233,125.46755555555555,1.6,227.0,2018-09-11 18:43:01,围网
962,31.14177777777777,125.46372222222223,0.4,0.0,2018-09-11 18:53:01,围网
962,31.13925,125.46038888888887,5.3,224.0,2018-09-11 19:03:01,围网
962,31.14008333333333,125.44838888888893,2.3,252.0,2018-09-11 19:13:01,围网
962,31.14019444444445,125.4415,1.8,293.0,2018-09-11 19:23:01,围网
962,31.140472222222233,125.43461111111112,1.8,255.0,2018-09-11 19:33:01,围网
962,31.140777777777767,125.42766666666668,1.8,291.0,2018-09-11 19:43:01,围网
962,31.14113888888889,125.42086111111112,2.4,268.0,2018-09-11 19:53:01,围网
962,31.14169444444445,125.41416666666667,2.2,288.0,2018-09-11 20:03:01,围网
962,31.14269444444445,125.40738888888893,2.3,262.0,2018-09-11 20:13:01,围网
962,31.144000000000002,125.40063888888888,2.7,270.0,2018-09-11 20:23:01,围网
962,31.14536111111111,125.39391666666668,2.0,285.0,2018-09-11 20:33:01,围网
962,31.14672222222222,125.38730555555556,2.3,252.0,2018-09-11 20:43:01,围网
962,31.1485,125.38083333333331,2.3,304.0,2018-09-11 20:53:01,围网
962,31.15033333333333,125.37436111111107,2.1,301.0,2018-09-11 21:03:01,围网
962,31.15208333333333,125.36827777777776,2.0,309.0,2018-09-11 21:13:01,围网
962,31.153527777777786,125.3622777777778,1.8,302.0,2018-09-11 21:23:01,围网
962,31.15519444444445,125.35675,1.5,309.0,2018-09-11 21:33:01,围网
962,31.15736111111111,125.35108333333332,2.3,314.0,2018-09-11 21:43:01,围网
962,31.159388888888888,125.34563888888887,1.7,304.0,2018-09-11 21:53:01,围网
962,31.161666666666665,125.34041666666666,2.9,297.0,2018-09-11 22:03:01,围网
962,31.16416666666667,125.33569444444444,2.3,327.0,2018-09-11 22:13:01,围网
962,31.166638888888887,125.33125,1.8,295.0,2018-09-11 22:23:01,围网
962,31.169083333333337,125.32713888888887,1.8,312.0,2018-09-11 22:33:01,围网
962,31.171861111111113,125.32316666666668,2.0,324.0,2018-09-11 22:43:01,围网
962,31.17447222222223,125.31938888888888,1.9,331.0,2018-09-11 22:53:01,围网
962,31.177138888888887,125.31619444444445,1.5,0.0,2018-09-11 23:03:01,围网
962,31.18025,125.31341666666668,2.1,328.0,2018-09-11 23:13:01,围网
962,31.18366666666667,125.31113888888888,1.8,338.0,2018-09-11 23:23:01,围网
962,31.186416666666666,125.30863888888888,2.2,333.0,2018-09-11 23:33:01,围网
962,31.188944444444445,125.30622222222222,0.8,0.0,2018-09-11 23:43:01,围网
962,31.190666666666665,125.30975,2.5,58.0,2018-09-11 23:53:01,围网
962,31.178916666666666,125.32783333333332,2.0,2.0,2018-09-12 00:02:01,围网
962,31.19,125.31472222222222,1.5,325.0,2018-09-12 00:13:01,围网
962,31.191861111111113,125.31561111111112,0.8,262.0,2018-09-12 00:23:01,围网
962,31.193666666666665,125.31233333333331,7.1,282.0,2018-09-12 00:33:01,围网
962,31.195638888888887,125.30216666666666,2.0,84.0,2018-09-12 00:43:01,围网
962,31.197277777777767,125.31208333333332,1.8,77.0,2018-09-12 00:53:01,围网
962,31.197944444444442,125.31736111111107,1.1,71.0,2018-09-12 01:03:01,围网
962,31.198138888888888,125.32061111111112,1.2,72.0,2018-09-12 01:13:01,围网
962,31.197861111111113,125.31769444444444,3.1,330.0,2018-09-12 01:23:01,围网
962,31.19769444444445,125.3145,1.5,108.0,2018-09-12 01:33:01,围网
962,31.1985,125.31811111111112,0.7,132.0,2018-09-12 01:43:01,围网
962,31.198638888888887,125.3209722222222,1.1,97.0,2018-09-12 01:53:01,围网
962,31.199055555555553,125.32752777777776,7.9,105.0,2018-09-12 02:03:01,围网
962,31.19747222222223,125.33725,1.4,114.0,2018-09-12 02:13:01,围网
962,31.196222222222207,125.34827777777777,2.5,82.0,2018-09-12 02:33:01,围网
962,31.19491666666667,125.35480555555556,1.6,121.0,2018-09-12 02:43:01,围网
962,31.193027777777786,125.36097222222222,2.2,112.0,2018-09-12 02:53:01,围网
962,31.191555555555553,125.36708333333333,1.7,98.0,2018-09-12 03:03:01,围网
962,31.19011111111111,125.37316666666666,4.1,127.0,2018-09-12 03:13:01,围网
962,31.188972222222233,125.37888888888888,3.0,121.0,2018-09-12 03:23:01,围网
962,31.145916666666665,125.41575,2.3,262.0,2018-09-12 07:12:01,围网
962,31.14644444444445,125.40888888888892,2.9,267.0,2018-09-12 07:22:01,围网
962,31.147277777777767,125.40247222222222,2.0,293.0,2018-09-12 07:32:01,围网
962,31.148277777777786,125.39597222222223,1.6,282.0,2018-09-12 07:42:01,围网
962,31.14875,125.38938888888887,1.3,257.0,2018-09-12 07:53:01,围网
962,31.149305555555554,125.38233333333332,3.0,250.0,2018-09-12 08:03:01,围网
962,31.14991666666667,125.37575,1.5,245.0,2018-09-12 08:12:01,围网
962,31.15063888888889,125.36913888888887,1.7,282.0,2018-09-12 08:22:01,围网
962,31.151888888888887,125.3625,3.0,317.0,2018-09-12 08:32:01,围网
962,31.153388888888887,125.35591666666666,2.2,286.0,2018-09-12 08:42:01,围网
962,31.15508333333333,125.34944444444444,1.8,289.0,2018-09-12 08:52:01,围网
962,31.15683333333333,125.34319444444445,2.2,290.0,2018-09-12 09:02:01,围网
962,31.15894444444445,125.33697222222222,2.5,311.0,2018-09-12 09:12:01,围网
962,31.161222222222207,125.33094444444444,2.0,316.0,2018-09-12 09:22:01,围网
962,31.16338888888889,125.3250277777778,1.8,298.0,2018-09-12 09:32:01,围网
962,31.16494444444445,125.31933333333332,2.2,305.0,2018-09-12 09:42:01,围网
962,31.16675,125.3137777777778,1.9,310.0,2018-09-12 09:52:01,围网
962,31.170222222222232,125.30313888888894,1.4,284.0,2018-09-12 10:12:01,围网
962,31.17211111111111,125.29808333333332,1.6,308.0,2018-09-12 10:22:01,围网
962,31.174111111111113,125.29330555555555,1.4,288.0,2018-09-12 10:32:01,围网
962,31.176277777777766,125.28880555555556,0.9,299.0,2018-09-12 10:42:01,围网
962,31.17838888888889,125.28455555555556,1.5,304.0,2018-09-12 10:52:01,围网
962,31.180555555555557,125.2805277777778,2.0,320.0,2018-09-12 11:02:01,围网
962,31.18305555555556,125.27672222222223,1.3,300.0,2018-09-12 11:12:01,围网
962,31.18577777777778,125.27313888888894,1.1,307.0,2018-09-12 11:22:01,围网
962,31.18911111111111,125.27008333333332,1.2,315.0,2018-09-12 11:32:01,围网
962,31.19669444444445,125.26541666666668,0.8,0.0,2018-09-12 11:52:01,围网
962,31.198583333333332,125.26786111111113,1.0,123.0,2018-09-12 12:03:01,围网
962,31.19633333333333,125.27091666666666,0.5,127.0,2018-09-12 12:12:01,围网
962,31.1985,125.27069444444444,1.6,9.0,2018-09-12 12:22:01,围网
962,31.202,125.27058333333332,1.1,345.0,2018-09-12 12:32:01,围网
962,31.205277777777766,125.27094444444445,1.4,334.0,2018-09-12 12:42:01,围网
962,31.206555555555553,125.27572222222223,6.9,118.0,2018-09-12 12:52:01,围网
962,31.206611111111112,125.28358333333333,1.9,87.0,2018-09-12 13:02:01,围网
962,31.20636111111111,125.28913888888887,2.0,83.0,2018-09-12 13:12:01,围网
962,31.20608333333333,125.29477777777778,1.9,87.0,2018-09-12 13:22:01,围网
962,31.205472222222234,125.30030555555555,1.7,88.0,2018-09-12 13:32:01,围网
962,31.204666666666668,125.30580555555555,1.6,101.0,2018-09-12 13:42:01,围网
962,31.203861111111113,125.31116666666668,1.5,114.0,2018-09-12 13:52:01,围网
962,31.203138888888887,125.31686111111112,2.0,98.0,2018-09-12 14:02:01,围网
962,31.203027777777766,125.32227777777778,1.3,82.0,2018-09-12 14:12:01,围网
962,31.20277777777777,125.32780555555556,2.5,91.0,2018-09-12 14:22:01,围网
962,31.20213888888889,125.33372222222219,1.6,110.0,2018-09-12 14:32:01,围网
962,31.201777777777767,125.33911111111112,2.8,59.0,2018-09-12 14:42:01,围网
962,31.201166666666666,125.3449722222222,1.8,103.0,2018-09-12 14:52:01,围网
962,31.20058333333333,125.351,2.0,86.0,2018-09-12 15:03:01,围网
962,31.19975,125.35733333333332,2.0,91.0,2018-09-12 15:12:01,围网
962,31.198027777777767,125.36902777777777,1.8,98.0,2018-09-12 15:32:01,围网
962,31.196472222222226,125.37552777777776,3.1,130.0,2018-09-12 15:42:01,围网
962,31.195305555555557,125.38224999999998,1.8,108.0,2018-09-12 15:52:01,围网
962,31.193444444444445,125.3877777777778,2.2,106.0,2018-09-12 16:02:01,围网
962,31.191,125.39294444444445,2.5,96.0,2018-09-12 16:12:01,围网
962,31.18563888888889,125.40183333333334,1.4,135.0,2018-09-12 16:32:01,围网
962,31.1835,125.40641666666669,1.6,138.0,2018-09-12 16:42:01,围网
962,31.1805,125.4105,1.4,131.0,2018-09-12 16:52:01,围网
962,31.17708333333333,125.41394444444445,1.8,153.0,2018-09-12 17:02:01,围网
962,31.17319444444445,125.41713888888893,1.8,152.0,2018-09-12 17:12:01,围网
962,31.16919444444445,125.42005555555555,1.7,160.0,2018-09-12 17:22:01,围网
962,31.165194444444445,125.42258333333334,2.1,152.0,2018-09-12 17:32:01,围网
962,31.161416666666664,125.42555555555555,1.9,123.0,2018-09-12 17:42:01,围网
962,31.15808333333333,125.42944444444444,2.0,111.0,2018-09-12 17:52:01,围网
962,31.154805555555555,125.43302777777778,2.1,160.0,2018-09-12 18:03:01,围网
962,31.15125,125.43313888888888,1.6,296.0,2018-09-12 18:12:01,围网
962,31.15369444444445,125.43002777777778,1.4,302.0,2018-09-12 18:22:01,围网
962,31.154722222222233,125.4297777777778,2.6,205.0,2018-09-12 18:32:01,围网
962,31.15183333333333,125.42930555555556,1.4,179.0,2018-09-12 18:42:01,围网
962,31.14941666666667,125.42794444444445,1.5,210.0,2018-09-12 18:52:01,围网
962,31.14725,125.42822222222223,7.1,189.0,2018-09-12 19:02:01,围网
962,31.144305555555555,125.43183333333334,6.8,103.0,2018-09-12 19:12:01,围网
962,31.13952777777777,125.45183333333334,5.7,108.0,2018-09-12 19:22:01,围网
962,31.13241666666667,125.45644444444444,2.4,253.0,2018-09-12 19:42:01,围网
962,31.13208333333333,125.45016666666668,1.8,275.0,2018-09-12 19:52:01,围网
962,31.13186111111111,125.44394444444444,1.5,259.0,2018-09-12 20:02:01,围网
962,31.131611111111113,125.43772222222222,1.9,275.0,2018-09-12 20:12:01,围网
962,31.131305555555556,125.4315,2.1,273.0,2018-09-12 20:22:01,围网
962,31.13119444444445,125.42533333333334,1.9,266.0,2018-09-12 20:32:01,围网
962,31.13127777777777,125.41913888888888,1.9,274.0,2018-09-12 20:42:01,围网
962,31.131611111111113,125.41294444444445,2.0,272.0,2018-09-12 20:52:01,围网
962,31.132277777777766,125.40686111111113,2.2,274.0,2018-09-12 21:02:01,围网
962,31.133250000000004,125.4007777777778,1.4,294.0,2018-09-12 21:12:01,围网
962,31.134555555555554,125.3947777777778,1.9,269.0,2018-09-12 21:22:01,围网
962,31.136083333333332,125.38886111111113,1.6,295.0,2018-09-12 21:32:01,围网
962,31.13786111111111,125.38322222222222,2.4,281.0,2018-09-12 21:42:01,围网
962,31.140027777777767,125.37766666666668,1.2,282.0,2018-09-12 21:52:01,围网
962,31.142277777777768,125.37208333333332,1.9,307.0,2018-09-12 22:03:01,围网
962,31.14461111111111,125.3670277777778,2.6,318.0,2018-09-12 22:12:01,围网
962,31.14708333333333,125.36211111111106,2.2,313.0,2018-09-12 22:22:01,围网
962,31.149638888888887,125.3574722222222,3.0,321.0,2018-09-12 22:32:01,围网
962,31.152555555555555,125.35305555555556,2.1,314.0,2018-09-12 22:42:01,围网
962,31.155666666666665,125.349,1.2,298.0,2018-09-12 22:52:01,围网
962,31.15869444444445,125.34511111111112,1.3,327.0,2018-09-12 23:02:01,围网
962,31.16183333333333,125.3415,2.9,331.0,2018-09-12 23:12:01,围网
962,31.165,125.33805555555556,1.0,295.0,2018-09-12 23:22:01,围网
962,31.168222222222226,125.33494444444445,1.2,342.0,2018-09-12 23:32:01,围网
962,31.1715,125.33208333333332,2.1,324.0,2018-09-12 23:42:01,围网
962,31.17508333333333,125.32975,1.2,337.0,2018-09-12 23:52:01,围网
962,29.847916666666666,124.70888888888894,0.6,316.0,2018-09-13 00:02:01,围网
962,31.183138888888887,125.3269722222222,2.0,340.0,2018-09-13 00:12:01,围网
962,31.18758333333333,125.32702777777777,3.0,36.0,2018-09-13 00:22:01,围网
962,31.1885,125.33036111111113,1.1,144.0,2018-09-13 00:32:01,围网
962,31.18513888888889,125.3324722222222,0.5,0.0,2018-09-13 00:42:01,围网
962,31.18583333333333,125.33233333333332,0.5,0.0,2018-09-13 00:52:01,围网
962,31.18844444444445,125.33413888888887,1.2,60.0,2018-09-13 01:02:01,围网
962,31.191194444444445,125.33533333333334,1.2,37.0,2018-09-13 01:12:01,围网
962,31.194138888888887,125.33672222222219,1.1,79.0,2018-09-13 01:22:01,围网
962,31.185527777777786,125.33158333333333,7.1,207.0,2018-09-13 01:32:01,围网
962,31.16605555555555,125.32930555555555,6.9,197.0,2018-09-13 01:42:01,围网
962,31.148277777777786,125.31875,7.1,195.0,2018-09-13 01:52:01,围网
962,31.111638888888887,125.30219444444445,7.3,196.0,2018-09-13 02:12:01,围网
962,31.10908333333333,125.30197222222222,0.8,58.0,2018-09-13 02:22:01,围网
962,31.11044444444445,125.30413888888887,0.8,55.0,2018-09-13 02:32:01,围网
962,31.103361111111113,125.30125,5.7,200.0,2018-09-13 02:42:01,围网
962,31.087805555555555,125.29469444444445,5.7,200.0,2018-09-13 02:52:01,围网
962,31.07236111111111,125.28719444444445,6.1,216.0,2018-09-13 03:02:01,围网
962,31.05558333333333,125.2807222222222,6.3,198.0,2018-09-13 03:12:01,围网
962,31.03744444444445,125.27616666666668,5.7,197.0,2018-09-13 03:22:01,围网
962,31.018361111111112,125.2702777777778,6.6,204.0,2018-09-13 03:32:01,围网
962,31.00019444444445,125.26005555555555,7.3,198.0,2018-09-13 03:42:01,围网
962,30.980305555555553,125.25299999999999,7.5,204.0,2018-09-13 03:52:01,围网
962,30.94080555555556,125.23472222222222,7.2,199.0,2018-09-13 04:12:01,围网
962,30.92163888888889,125.22416666666666,8.0,200.0,2018-09-13 04:22:01,围网
962,30.89986111111111,125.217,8.1,184.0,2018-09-13 04:32:01,围网
962,30.87763888888889,125.213,7.2,188.0,2018-09-13 04:42:01,围网
962,30.856388888888887,125.207,7.6,175.0,2018-09-13 04:52:01,围网
962,30.835916666666666,125.20088888888893,7.4,200.0,2018-09-13 05:02:01,围网
962,30.81569444444445,125.19336111111113,8.0,195.0,2018-09-13 05:12:01,围网
962,30.79513888888889,125.18569444444445,7.8,195.0,2018-09-13 05:22:01,围网
962,30.774277777777765,125.17761111111112,8.2,197.0,2018-09-13 05:32:01,围网
962,30.75338888888889,125.16858333333332,8.3,191.0,2018-09-13 05:42:01,围网
962,30.732111111111113,125.15958333333332,7.8,196.0,2018-09-13 05:52:01,围网
962,30.71005555555556,125.15022222222223,8.6,206.0,2018-09-13 06:03:01,围网
962,30.68919444444445,125.14116666666668,8.3,196.0,2018-09-13 06:12:01,围网
962,30.668222222222226,125.13205555555555,8.1,199.0,2018-09-13 06:22:01,围网
962,30.64708333333333,125.12274999999998,7.9,200.0,2018-09-13 06:32:01,围网
962,30.62538888888889,125.11308333333332,8.3,204.0,2018-09-13 06:42:01,围网
962,30.603583333333336,125.10258333333331,8.3,203.0,2018-09-13 06:52:01,围网
962,30.58205555555556,125.09238888888888,9.4,200.0,2018-09-13 07:02:01,围网
962,30.560277777777767,125.0822222222222,7.5,201.0,2018-09-13 07:12:01,围网
962,30.538694444444445,125.07241666666668,8.6,208.0,2018-09-13 07:22:01,围网
962,30.517027777777766,125.06183333333334,8.2,203.0,2018-09-13 07:32:01,围网
962,30.49561111111111,125.0509722222222,8.5,203.0,2018-09-13 07:42:01,围网
962,30.474777777777767,125.03975,8.5,203.0,2018-09-13 07:52:01,围网
962,30.454611111111113,125.03105555555555,7.1,202.0,2018-09-13 08:02:01,围网
962,30.434305555555554,125.02211111111113,8.0,201.0,2018-09-13 08:12:01,围网
962,30.413777777777767,125.01305555555555,8.3,197.0,2018-09-13 08:22:01,围网
962,30.393361111111112,125.00458333333331,7.6,195.0,2018-09-13 08:32:01,围网
962,30.372972222222234,124.99680555555555,7.9,198.0,2018-09-13 08:42:01,围网
962,30.352750000000004,124.98866666666667,8.1,193.0,2018-09-13 08:52:01,围网
962,30.333055555555557,124.97938888888888,7.3,202.0,2018-09-13 09:02:01,围网
962,30.31369444444445,124.96888888888887,8.2,195.0,2018-09-13 09:12:01,围网
962,30.294888888888888,124.95836111111113,7.9,196.0,2018-09-13 09:22:01,围网
962,30.27647222222221,124.94861111111112,8.2,193.0,2018-09-13 09:32:01,围网
962,30.25791666666667,124.93988888888893,7.1,202.0,2018-09-13 09:42:01,围网
962,30.239638888888887,124.93094444444445,7.4,196.0,2018-09-13 09:52:01,围网
962,30.220777777777766,124.922,7.3,204.0,2018-09-13 10:03:01,围网
962,30.20330555555556,124.914,7.1,204.0,2018-09-13 10:12:01,围网
962,30.185305555555555,124.90602777777778,7.3,194.0,2018-09-13 10:22:01,围网
962,30.16725,124.89841666666668,6.9,197.0,2018-09-13 10:32:01,围网
962,30.149027777777768,124.89058333333334,7.7,201.0,2018-09-13 10:42:01,围网
962,30.131305555555556,124.88316666666664,3.3,182.0,2018-09-13 10:52:01,围网
962,30.13272222222223,124.88308333333332,2.2,347.0,2018-09-13 11:02:01,围网
962,30.136083333333332,124.88261111111107,1.8,352.0,2018-09-13 11:12:01,围网
962,30.13936111111111,124.88247222222219,0.7,8.0,2018-09-13 11:22:01,围网
962,30.13722222222221,124.8875277777778,1.6,111.0,2018-09-13 11:32:01,围网
962,30.136055555555558,124.89011111111112,1.6,98.0,2018-09-13 11:42:01,围网
962,30.13458333333333,124.89272222222223,0.9,133.0,2018-09-13 11:52:01,围网
962,30.13294444444445,124.89530555555555,1.3,0.0,2018-09-13 12:02:01,围网
962,30.133250000000004,124.90130555555555,2.8,70.0,2018-09-13 12:12:01,围网
962,30.13441666666667,124.90741666666668,2.5,61.0,2018-09-13 12:22:01,围网
962,30.13533333333333,124.91338888888893,3.3,91.0,2018-09-13 12:32:01,围网
962,30.13622222222222,124.91927777777778,3.4,83.0,2018-09-13 12:42:01,围网
962,30.136888888888887,124.92600000000002,3.1,67.0,2018-09-13 12:53:01,围网
962,30.13733333333333,124.9320277777778,1.9,82.0,2018-09-13 13:02:01,围网
962,30.13775,124.93841666666668,1.8,86.0,2018-09-13 13:12:01,围网
962,30.138055555555557,124.94494444444445,2.1,90.0,2018-09-13 13:22:01,围网
962,30.138333333333332,124.95161111111106,2.2,89.0,2018-09-13 13:32:01,围网
962,30.13827777777778,124.95827777777778,2.2,93.0,2018-09-13 13:42:01,围网
962,30.13811111111111,124.96505555555555,2.3,95.0,2018-09-13 13:52:01,围网
962,30.13786111111111,124.97186111111112,2.3,85.0,2018-09-13 14:02:01,围网
962,30.13661111111111,124.98525,1.7,96.0,2018-09-13 14:22:01,围网
962,30.13591666666667,124.99191666666668,2.6,112.0,2018-09-13 14:32:01,围网
962,30.13525,124.99861111111113,2.5,99.0,2018-09-13 14:42:01,围网
962,30.13425,125.00533333333334,1.9,105.0,2018-09-13 14:52:01,围网
962,30.133138888888887,125.01202777777776,2.1,103.0,2018-09-13 15:02:01,围网
962,30.13183333333333,125.0187222222222,2.1,100.0,2018-09-13 15:12:01,围网
962,30.12775,125.03158333333332,2.4,114.0,2018-09-13 15:32:01,围网
962,30.12536111111111,125.03783333333334,2.0,114.0,2018-09-13 15:42:01,围网
962,30.122972222222234,125.04391666666666,2.5,109.0,2018-09-13 15:52:01,围网
962,30.119972222222234,125.04983333333332,2.4,149.0,2018-09-13 16:03:01,围网
962,30.11666666666667,125.05491666666668,2.1,143.0,2018-09-13 16:12:01,围网
962,30.113166666666668,125.0600277777778,2.1,135.0,2018-09-13 16:22:01,围网
962,30.10972222222223,125.065,2.0,122.0,2018-09-13 16:32:01,围网
962,30.10608333333333,125.06969444444445,3.0,186.0,2018-09-13 16:42:01,围网
962,30.10619444444445,125.0674722222222,0.6,266.0,2018-09-13 16:52:01,围网
962,30.106333333333332,125.06719444444445,1.3,101.0,2018-09-13 17:02:01,围网
962,30.105,125.06891666666664,0.7,126.0,2018-09-13 17:12:01,围网
962,30.10416666666667,125.07111111111112,0.9,144.0,2018-09-13 17:22:01,围网
962,30.090666666666664,125.05880555555555,8.4,213.0,2018-09-13 17:32:01,围网
962,30.07269444444445,125.04355555555556,8.0,213.0,2018-09-13 17:42:01,围网
962,30.05408333333333,125.02819444444445,8.5,214.0,2018-09-13 17:52:01,围网
962,30.03475000000001,125.01288888888888,8.5,216.0,2018-09-13 18:02:01,围网
962,30.015027777777767,124.99716666666669,8.8,216.0,2018-09-13 18:12:01,围网
962,29.994888888888887,124.98119444444444,8.7,214.0,2018-09-13 18:22:01,围网
962,29.974611111111113,124.96513888888887,8.6,211.0,2018-09-13 18:32:01,围网
962,29.95444444444445,124.94916666666668,8.7,211.0,2018-09-13 18:42:01,围网
962,29.93397222222222,124.93305555555555,8.8,212.0,2018-09-13 18:52:01,围网
962,29.913527777777766,124.91697222222223,9.1,212.0,2018-09-13 19:02:01,围网
962,29.89322222222221,124.8997777777778,8.9,222.0,2018-09-13 19:12:01,围网
962,29.872527777777766,124.88144444444444,9.0,217.0,2018-09-13 19:23:01,围网
962,29.853972222222207,124.864,8.2,219.0,2018-09-13 19:32:01,围网
962,29.836527777777768,124.84561111111113,8.6,221.0,2018-09-13 19:42:01,围网
962,29.81269444444445,124.82238888888894,1.1,291.0,2018-09-13 20:02:01,围网
962,29.806472222222233,124.81952777777781,1.7,247.0,2018-09-13 20:12:01,围网
962,29.80463888888889,124.81430555555555,1.8,233.0,2018-09-13 20:22:01,围网
962,29.8035,124.80883333333333,1.8,256.0,2018-09-13 20:32:01,围网
962,29.803166666666666,124.80291666666666,1.6,265.0,2018-09-13 20:42:01,围网
962,29.80388888888889,124.79655555555556,2.3,291.0,2018-09-13 20:52:01,围网
962,29.805166666666665,124.79038888888887,2.5,298.0,2018-09-13 21:02:01,围网
962,29.80633333333333,124.78430555555555,1.8,282.0,2018-09-13 21:12:01,围网
962,29.8075,124.77825,3.0,306.0,2018-09-13 21:22:01,围网
962,29.80866666666667,124.77238888888893,1.6,295.0,2018-09-13 21:32:01,围网
962,29.81063888888889,124.76672222222223,1.3,272.0,2018-09-13 21:42:01,围网
962,29.81280555555556,124.76133333333333,1.3,306.0,2018-09-13 21:52:01,围网
962,29.814888888888888,124.75575,1.7,283.0,2018-09-13 22:03:01,围网
962,29.81683333333333,124.75075,1.9,282.0,2018-09-13 22:12:01,围网
962,29.82072222222222,124.74055555555556,1.6,285.0,2018-09-13 22:32:01,围网
962,29.822888888888887,124.73569444444445,2.1,324.0,2018-09-13 22:42:01,围网
962,29.828777777777766,124.73299999999999,2.1,346.0,2018-09-13 22:52:01,围网
962,29.83316666666667,124.72994444444444,1.5,316.0,2018-09-13 23:02:01,围网
962,29.83683333333333,124.72627777777778,2.1,332.0,2018-09-13 23:12:01,围网
962,29.839555555555553,124.72244444444445,2.3,324.0,2018-09-13 23:22:01,围网
962,29.84169444444445,124.7187777777778,1.4,300.0,2018-09-13 23:32:01,围网
962,29.84372222222222,124.71519444444445,0.9,298.0,2018-09-13 23:42:01,围网
962,29.845777777777766,124.71188888888894,2.0,327.0,2018-09-13 23:52:01,围网
962,29.975527777777767,124.22466666666666,0.4,0.0,2018-09-14 00:02:01,围网
962,29.85025000000001,124.7062222222222,1.9,337.0,2018-09-14 00:12:01,围网
962,29.85425,124.70577777777778,2.6,77.0,2018-09-14 00:22:01,围网
962,29.854861111111113,124.71158333333334,2.3,106.0,2018-09-14 00:32:01,围网
962,29.85477777777778,124.71383333333334,0.5,54.0,2018-09-14 00:42:01,围网
962,29.8575,124.71575,1.4,32.0,2018-09-14 00:52:01,围网
962,29.85983333333333,124.71319444444444,7.3,261.0,2018-09-14 01:02:01,围网
962,29.85391666666667,124.69038888888888,6.9,250.0,2018-09-14 01:12:01,围网
962,29.844277777777766,124.67047222222223,6.9,236.0,2018-09-14 01:22:01,围网
962,29.831083333333336,124.65336111111112,7.2,232.0,2018-09-14 01:32:01,围网
962,29.816055555555558,124.63805555555555,7.0,219.0,2018-09-14 01:42:01,围网
962,29.80058333333333,124.62313888888887,7.2,220.0,2018-09-14 01:52:01,围网
962,29.77113888888889,124.59461111111106,6.6,220.0,2018-09-14 02:12:01,围网
962,29.75627777777777,124.58016666666668,7.1,217.0,2018-09-14 02:22:01,围网
962,29.74163888888889,124.5659722222222,6.5,222.0,2018-09-14 02:32:01,围网
962,29.727,124.552,6.9,219.0,2018-09-14 02:42:01,围网
962,29.7125,124.53791666666666,6.8,218.0,2018-09-14 02:52:01,围网
962,29.69716666666667,124.52416666666666,7.9,219.0,2018-09-14 03:02:01,围网
962,29.67955555555556,124.51013888888887,7.9,215.0,2018-09-14 03:12:01,围网
962,29.66938888888889,124.50180555555555,0.7,123.0,2018-09-14 03:22:01,围网
962,29.6635,124.49986111111107,1.4,169.0,2018-09-14 03:32:01,围网
962,29.65822222222221,124.50341666666668,2.2,149.0,2018-09-14 03:42:01,围网
962,29.65375,124.5077222222222,1.4,144.0,2018-09-14 03:52:01,围网
962,29.64925,124.50938888888888,1.8,166.0,2018-09-14 04:02:01,围网
962,29.64458333333333,124.51116666666668,2.1,156.0,2018-09-14 04:12:01,围网
962,29.639833333333332,124.51311111111113,1.9,158.0,2018-09-14 04:22:01,围网
962,29.63508333333333,124.51541666666668,2.0,143.0,2018-09-14 04:32:01,围网
962,29.63055555555556,124.51916666666666,2.2,132.0,2018-09-14 04:42:01,围网
962,29.626555555555555,124.52363888888887,2.4,131.0,2018-09-14 04:52:01,围网
962,29.622805555555555,124.52825,1.9,123.0,2018-09-14 05:02:01,围网
962,29.619194444444453,124.53275,2.8,157.0,2018-09-14 05:12:01,围网
962,29.61569444444445,124.53705555555555,2.0,152.0,2018-09-14 05:22:01,围网
962,29.612361111111113,124.54125,2.1,137.0,2018-09-14 05:32:01,围网
962,29.608833333333337,124.5450277777778,1.9,158.0,2018-09-14 05:42:01,围网
962,29.60433333333333,124.54713888888894,2.0,172.0,2018-09-14 05:52:01,围网
962,29.59936111111111,124.54799999999999,1.7,186.0,2018-09-14 06:03:01,围网
962,29.59494444444445,124.54752777777777,1.7,182.0,2018-09-14 06:12:01,围网
962,29.59044444444444,124.54627777777776,1.4,195.0,2018-09-14 06:22:01,围网
962,29.586111111111112,124.54466666666666,1.8,217.0,2018-09-14 06:32:01,围网
962,29.581611111111112,124.54316666666666,1.4,195.0,2018-09-14 06:42:01,围网
962,29.57719444444445,124.54130555555555,1.5,201.0,2018-09-14 06:52:01,围网
962,29.56872222222221,124.53683333333332,1.9,195.0,2018-09-14 07:12:01,围网
962,29.56466666666667,124.53422222222223,1.5,189.0,2018-09-14 07:22:01,围网
962,29.56075,124.53133333333334,1.3,221.0,2018-09-14 07:32:01,围网
962,29.557277777777767,124.52805555555555,1.2,209.0,2018-09-14 07:42:01,围网
962,29.55413888888889,124.52483333333332,1.5,222.0,2018-09-14 07:52:01,围网
962,29.55125,124.52113888888887,1.5,229.0,2018-09-14 08:02:01,围网
962,29.552750000000003,124.5195,1.2,309.0,2018-09-14 08:12:01,围网
962,29.55552777777779,124.52008333333332,2.8,111.0,2018-09-14 08:22:01,围网
962,29.554944444444452,124.51941666666666,0.3,0.0,2018-09-14 08:32:01,围网
962,29.555194444444453,124.51838888888894,0.7,194.0,2018-09-14 08:42:01,围网
962,29.550555555555555,124.51005555555555,2.0,246.0,2018-09-14 09:02:01,围网
962,29.549138888888887,124.50480555555555,2.1,270.0,2018-09-14 09:12:01,围网
962,29.549138888888887,124.50480555555555,2.1,270.0,2018-09-14 09:12:46,围网
962,29.54936111111111,124.49872222222223,1.6,279.0,2018-09-14 09:22:01,围网
962,29.54936111111111,124.49872222222223,1.6,279.0,2018-09-14 09:22:46,围网
962,29.55008333333333,124.49286111111113,1.6,277.0,2018-09-14 09:32:01,围网
962,29.55008333333333,124.49286111111113,1.6,277.0,2018-09-14 09:32:47,围网
962,29.55394444444445,124.48130555555555,1.7,298.0,2018-09-14 09:53:01,围网
962,29.55394444444445,124.48130555555555,1.7,298.0,2018-09-14 09:53:13,围网
962,29.55638888888889,124.47627777777778,1.7,299.0,2018-09-14 10:02:01,围网
962,29.55638888888889,124.47627777777778,1.7,299.0,2018-09-14 10:02:46,围网
962,29.569055555555554,124.45891666666668,1.8,316.0,2018-09-14 10:42:01,围网
962,29.573583333333332,124.4565,1.8,351.0,2018-09-14 10:52:01,围网
962,29.57836111111111,124.45513888888887,1.9,341.0,2018-09-14 11:02:01,围网
962,29.58258333333333,124.45244444444445,1.7,320.0,2018-09-14 11:12:01,围网
962,29.586,124.44833333333334,1.6,343.0,2018-09-14 11:22:01,围网
962,29.590555555555554,124.44608333333332,2.0,335.0,2018-09-14 11:32:01,围网
962,29.595055555555554,124.44377777777778,1.6,322.0,2018-09-14 11:42:01,围网
962,29.599555555555554,124.44163888888887,1.7,322.0,2018-09-14 11:52:01,围网
962,29.604111111111113,124.43941666666666,1.3,345.0,2018-09-14 12:03:01,围网
962,29.608166666666666,124.43738888888893,1.3,335.0,2018-09-14 12:12:01,围网
962,29.612305555555555,124.4355277777778,2.5,350.0,2018-09-14 12:22:01,围网
962,29.61630555555556,124.43363888888894,1.8,334.0,2018-09-14 12:32:01,围网
962,29.62019444444445,124.43183333333334,1.5,342.0,2018-09-14 12:42:01,围网
962,29.624000000000002,124.43019444444445,1.5,313.0,2018-09-14 12:52:01,围网
962,29.62761111111111,124.42861111111112,1.9,0.0,2018-09-14 13:02:01,围网
962,29.63105555555556,124.42702777777778,1.0,334.0,2018-09-14 13:12:01,围网
962,29.63441666666667,124.42569444444445,0.6,335.0,2018-09-14 13:22:01,围网
962,29.63797222222223,124.42494444444445,2.2,31.0,2018-09-14 13:32:01,围网
962,29.64275,124.42747222222219,2.0,43.0,2018-09-14 13:42:01,围网
962,29.64038888888889,124.43338888888893,2.0,172.0,2018-09-14 14:02:01,围网
962,29.6405,124.43483333333332,1.2,122.0,2018-09-14 14:12:01,围网
962,29.640527777777766,124.43847222222222,0.9,93.0,2018-09-14 14:23:01,围网
962,29.64177777777777,124.43752777777777,6.6,316.0,2018-09-14 14:32:01,围网
962,29.6545,124.42233333333334,6.6,309.0,2018-09-14 14:42:01,围网
962,29.66911111111111,124.40891666666668,6.9,338.0,2018-09-14 14:52:01,围网
962,29.6865,124.399,7.4,331.0,2018-09-14 15:02:01,围网
962,29.70336111111111,124.38825,6.7,334.0,2018-09-14 15:12:01,围网
962,29.71941666666667,124.37680555555555,6.8,326.0,2018-09-14 15:22:01,围网
962,29.73633333333333,124.36625,6.9,359.0,2018-09-14 15:32:01,围网
962,29.756305555555556,124.36694444444444,6.9,3.0,2018-09-14 15:42:01,围网
962,29.775916666666664,124.36741666666666,7.1,357.0,2018-09-14 15:52:01,围网
962,29.79511111111111,124.36688888888888,6.9,6.0,2018-09-14 16:02:01,围网
962,29.81441666666667,124.3673611111111,7.5,348.0,2018-09-14 16:12:01,围网
962,29.834027777777766,124.36638888888888,7.0,2.0,2018-09-14 16:22:01,围网
962,29.85408333333333,124.3665,7.0,359.0,2018-09-14 16:32:01,围网
962,29.87369444444445,124.3647222222222,6.7,358.0,2018-09-14 16:42:01,围网
962,29.892194444444453,124.36025,7.3,343.0,2018-09-14 16:52:01,围网
962,29.907888888888888,124.35936111111113,1.3,320.0,2018-09-14 17:02:01,围网
962,29.90283333333333,124.3594722222222,2.0,181.0,2018-09-14 17:22:01,围网
962,29.899777777777786,124.35986111111107,0.8,175.0,2018-09-14 17:32:01,围网
962,29.893583333333336,124.35952777777777,0.6,160.0,2018-09-14 17:52:01,围网
962,29.894972222222233,124.35383333333333,1.2,268.0,2018-09-14 18:02:01,围网
962,29.89397222222221,124.34955555555555,2.2,234.0,2018-09-14 18:12:01,围网
962,29.89208333333333,124.34527777777777,1.8,235.0,2018-09-14 18:22:01,围网
962,29.89022222222223,124.34105555555556,0.9,250.0,2018-09-14 18:32:01,围网
962,29.88872222222221,124.33669444444445,1.5,244.0,2018-09-14 18:42:01,围网
962,29.887694444444445,124.33216666666668,1.4,259.0,2018-09-14 18:52:01,围网
962,29.88705555555555,124.32744444444445,1.5,258.0,2018-09-14 19:02:01,围网
962,29.886805555555554,124.32255555555555,2.2,264.0,2018-09-14 19:12:01,围网
962,29.88705555555555,124.31755555555556,0.6,0.0,2018-09-14 19:22:01,围网
962,29.88727777777777,124.31244444444445,1.1,0.0,2018-09-14 19:32:01,围网
962,29.886972222222226,124.30658333333334,1.5,275.0,2018-09-14 19:43:01,围网
962,29.886944444444445,124.30111111111113,1.6,271.0,2018-09-14 19:52:01,围网
962,29.88738888888889,124.29533333333332,1.8,270.0,2018-09-14 20:02:01,围网
962,29.88875,124.2897222222222,1.4,291.0,2018-09-14 20:12:01,围网
962,29.891222222222233,124.28463888888888,2.1,321.0,2018-09-14 20:22:01,围网
962,29.89558333333333,124.28188888888887,2.3,344.0,2018-09-14 20:32:01,围网
962,29.899777777777786,124.27983333333331,1.8,344.0,2018-09-14 20:42:01,围网
962,29.903666666666666,124.27719444444445,1.8,336.0,2018-09-14 20:52:01,围网
962,29.90763888888889,124.27430555555556,2.3,328.0,2018-09-14 21:02:01,围网
962,29.91186111111111,124.27308333333332,1.5,347.0,2018-09-14 21:12:01,围网
962,29.91625,124.27188888888887,1.7,338.0,2018-09-14 21:22:01,围网
962,29.920777777777786,124.27002777777777,1.9,351.0,2018-09-14 21:32:01,围网
962,29.92541666666667,124.26777777777778,1.8,329.0,2018-09-14 21:42:01,围网
962,29.92963888888889,124.26363888888888,1.9,304.0,2018-09-14 21:52:01,围网
962,29.93780555555556,124.25611111111112,2.1,319.0,2018-09-14 22:12:01,围网
962,29.942027777777767,124.25266666666668,1.6,324.0,2018-09-14 22:22:01,围网
962,29.944194444444445,124.24677777777778,2.0,281.0,2018-09-14 22:32:01,围网
962,29.94661111111111,124.24155555555555,1.7,305.0,2018-09-14 22:42:01,围网
962,29.950277777777767,124.2372777777778,1.8,316.0,2018-09-14 22:52:01,围网
962,29.95427777777777,124.23341666666668,1.7,325.0,2018-09-14 23:02:01,围网
962,29.958444444444442,124.22994444444444,2.0,306.0,2018-09-14 23:12:01,围网
962,29.962916666666665,124.22708333333333,2.4,333.0,2018-09-14 23:22:01,围网
962,29.967777777777766,124.22486111111112,2.6,324.0,2018-09-14 23:32:01,围网
962,29.97286111111111,124.22338888888888,1.9,357.0,2018-09-14 23:42:01,围网
962,29.9775,124.22322222222223,1.9,133.0,2018-09-14 23:52:01,围网
962,30.52944444444445,124.41738888888894,8.1,78.0,2018-09-15 00:02:01,围网
962,29.97313888888889,124.22436111111112,2.3,163.0,2018-09-15 00:12:01,围网
962,29.97583333333333,124.22355555555555,1.5,326.0,2018-09-15 00:22:01,围网
962,29.977888888888888,124.22261111111106,0.8,343.0,2018-09-15 00:32:01,围网
962,29.97966666666667,124.22141666666668,2.6,348.0,2018-09-15 00:42:01,围网
962,29.98419444444445,124.23063888888888,1.5,75.0,2018-09-15 00:52:01,围网
962,29.9865,124.23519444444445,1.8,45.0,2018-09-15 01:02:01,围网
962,29.989305555555553,124.23972222222223,2.0,59.0,2018-09-15 01:12:01,围网
962,29.992555555555555,124.24408333333334,2.1,61.0,2018-09-15 01:22:01,围网
962,29.996472222222234,124.24799999999999,2.3,64.0,2018-09-15 01:32:01,围网
962,30.00183333333333,124.24991666666666,2.4,30.0,2018-09-15 01:42:01,围网
962,30.00702777777777,124.25102777777781,1.6,25.0,2018-09-15 01:52:01,围网
962,30.015666666666664,124.2554722222222,1.1,29.0,2018-09-15 02:12:01,围网
962,30.01975,124.25808333333332,1.2,39.0,2018-09-15 02:22:01,围网
962,30.02363888888889,124.26055555555556,1.4,29.0,2018-09-15 02:32:01,围网
962,30.027638888888887,124.26263888888887,1.5,27.0,2018-09-15 02:42:01,围网
962,30.031111111111112,124.26588888888894,1.7,61.0,2018-09-15 02:52:01,围网
962,30.03355555555556,124.27108333333332,1.7,56.0,2018-09-15 03:02:01,围网
962,30.034944444444452,124.27683333333334,1.8,69.0,2018-09-15 03:12:01,围网
962,30.03625,124.28241666666666,2.1,55.0,2018-09-15 03:22:01,围网
962,30.03694444444445,124.28788888888887,1.6,97.0,2018-09-15 03:32:01,围网
962,30.03744444444445,124.29336111111112,1.7,78.0,2018-09-15 03:42:01,围网
962,30.037972222222226,124.2987777777778,1.8,67.0,2018-09-15 03:52:01,围网
962,30.038305555555556,124.30427777777777,1.4,58.0,2018-09-15 04:02:01,围网
962,30.038777777777767,124.31544444444445,1.5,0.0,2018-09-15 04:22:01,围网
962,30.03880555555556,124.3209722222222,2.1,108.0,2018-09-15 04:32:01,围网
962,30.038722222222226,124.32644444444445,1.6,93.0,2018-09-15 04:42:01,围网
962,30.038777777777767,124.33183333333334,1.0,119.0,2018-09-15 04:52:01,围网
962,30.03841666666667,124.3372777777778,2.0,115.0,2018-09-15 05:02:01,围网
962,30.03777777777778,124.34269444444445,1.3,95.0,2018-09-15 05:12:01,围网
962,30.03669444444445,124.34808333333332,1.6,121.0,2018-09-15 05:22:01,围网
962,30.034861111111113,124.35308333333332,1.8,125.0,2018-09-15 05:32:01,围网
962,30.03258333333333,124.35758333333332,2.0,133.0,2018-09-15 05:42:01,围网
962,30.02994444444445,124.36175,2.0,126.0,2018-09-15 05:52:01,围网
962,30.02691666666667,124.36586111111107,1.7,151.0,2018-09-15 06:03:01,围网
962,30.02333333333333,124.36836111111107,1.9,155.0,2018-09-15 06:12:01,围网
962,30.01913888888889,124.37008333333333,2.0,152.0,2018-09-15 06:22:01,围网
962,30.014777777777766,124.37100000000001,1.9,168.0,2018-09-15 06:32:01,围网
962,30.012472222222208,124.37027777777777,1.0,347.0,2018-09-15 06:42:01,围网
962,30.014277777777767,124.36858333333332,1.0,339.0,2018-09-15 06:52:01,围网
962,30.01458333333333,124.36888888888888,1.1,137.0,2018-09-15 07:02:01,围网
962,30.011777777777766,124.36811111111106,1.0,0.0,2018-09-15 07:12:01,围网
962,30.009,124.36677777777777,1.5,192.0,2018-09-15 07:22:01,围网
962,30.01008333333333,124.35811111111113,2.0,246.0,2018-09-15 07:32:01,围网
962,30.009527777777766,124.35280555555555,1.2,269.0,2018-09-15 07:42:01,围网
962,30.00905555555555,124.34227777777778,1.9,249.0,2018-09-15 08:02:01,围网
962,30.00891666666667,124.33688888888888,1.8,273.0,2018-09-15 08:12:01,围网
962,30.00891666666667,124.3315,1.5,266.0,2018-09-15 08:22:01,围网
962,30.008805555555558,124.32591666666669,1.4,268.0,2018-09-15 08:32:01,围网
962,30.00788888888889,124.32044444444445,1.1,0.0,2018-09-15 08:42:01,围网
962,30.007361111111113,124.3149722222222,1.9,272.0,2018-09-15 08:52:01,围网
962,30.00708333333333,124.30952777777777,1.0,0.0,2018-09-15 09:02:01,围网
962,30.00683333333333,124.30413888888887,1.9,0.0,2018-09-15 09:12:01,围网
962,30.006694444444445,124.29858333333333,2.0,284.0,2018-09-15 09:23:01,围网
962,30.006805555555548,124.29361111111106,1.8,284.0,2018-09-15 09:32:01,围网
962,30.00691666666667,124.2884722222222,1.5,279.0,2018-09-15 09:42:01,围网
962,30.00725,124.28291666666668,2.2,234.0,2018-09-15 09:52:01,围网
962,30.00775,124.27755555555555,1.3,296.0,2018-09-15 10:02:01,围网
962,30.00836111111111,124.27225,1.6,265.0,2018-09-15 10:12:01,围网
962,30.009138888888888,124.26688888888887,1.4,287.0,2018-09-15 10:22:01,围网
962,30.01008333333333,124.2615,1.7,276.0,2018-09-15 10:32:01,围网
962,30.011111111111113,124.25616666666667,1.7,256.0,2018-09-15 10:42:01,围网
962,30.01211111111111,124.25077777777777,1.6,275.0,2018-09-15 10:52:01,围网
962,30.01286111111111,124.24533333333332,2.0,273.0,2018-09-15 11:02:01,围网
962,30.01369444444445,124.23988888888893,1.3,296.0,2018-09-15 11:12:01,围网
962,30.014722222222233,124.2345,2.8,289.0,2018-09-15 11:22:01,围网
962,30.01552777777778,124.22922222222223,1.4,268.0,2018-09-15 11:32:01,围网
962,30.016388888888887,124.22405555555555,1.5,250.0,2018-09-15 11:42:01,围网
962,30.01725,124.21894444444445,1.2,0.0,2018-09-15 11:52:01,围网
962,30.018305555555557,124.21391666666666,1.3,289.0,2018-09-15 12:03:01,围网
962,30.019305555555555,124.20933333333336,1.7,285.0,2018-09-15 12:12:01,围网
962,30.020555555555553,124.20455555555556,2.6,309.0,2018-09-15 12:22:01,围网
962,30.022,124.19988888888888,2.6,312.0,2018-09-15 12:32:01,围网
962,30.02344444444445,124.19533333333334,1.4,267.0,2018-09-15 12:42:01,围网
962,30.025277777777767,124.19872222222223,1.8,107.0,2018-09-15 13:02:01,围网
962,30.02555555555556,124.19863888888894,0.5,21.0,2018-09-15 13:12:01,围网
962,30.027444444444445,124.19836111111113,0.8,353.0,2018-09-15 13:22:01,围网
962,30.02925,124.19794444444445,0.4,0.0,2018-09-15 13:32:01,围网
962,30.028527777777786,124.20322222222224,4.5,106.0,2018-09-15 13:42:01,围网
962,30.02822222222222,124.20880555555556,1.8,76.0,2018-09-15 13:52:01,围网
962,30.028166666666664,124.21388888888887,1.7,75.0,2018-09-15 14:02:01,围网
962,30.02858333333333,124.21933333333334,2.0,90.0,2018-09-15 14:12:01,围网
962,30.02933333333333,124.22488888888893,1.6,0.0,2018-09-15 14:22:01,围网
962,30.02991666666667,124.23044444444444,1.8,95.0,2018-09-15 14:32:01,围网
962,30.03061111111111,124.236,1.3,58.0,2018-09-15 14:42:01,围网
962,30.03136111111111,124.24172222222224,1.7,70.0,2018-09-15 14:53:01,围网
962,30.032416666666666,124.24683333333334,2.1,89.0,2018-09-15 15:02:01,围网
962,30.033583333333336,124.25213888888894,1.8,100.0,2018-09-15 15:12:01,围网
962,30.03463888888889,124.2575,1.6,79.0,2018-09-15 15:22:01,围网
962,30.035277777777786,124.26302777777776,1.9,108.0,2018-09-15 15:32:01,围网
962,30.035611111111113,124.26863888888887,2.2,110.0,2018-09-15 15:42:01,围网
962,30.03608333333333,124.27419444444445,1.7,72.0,2018-09-15 15:52:01,围网
962,30.03661111111111,124.27977777777778,2.1,98.0,2018-09-15 16:02:01,围网
962,30.036972222222232,124.28519444444444,1.7,76.0,2018-09-15 16:12:01,围网
962,30.03694444444445,124.2905,1.5,43.0,2018-09-15 16:22:01,围网
962,30.03625,124.29583333333332,2.0,119.0,2018-09-15 16:32:01,围网
962,30.035472222222232,124.30108333333332,1.4,79.0,2018-09-15 16:42:01,围网
962,30.034722222222232,124.30630555555555,1.9,81.0,2018-09-15 16:52:01,围网
962,30.03397222222221,124.31152777777777,2.2,115.0,2018-09-15 17:02:01,围网
962,30.03191666666667,124.32169444444445,1.7,119.0,2018-09-15 17:22:01,围网
962,30.029805555555555,124.3265,2.0,119.0,2018-09-15 17:32:01,围网
962,30.027722222222234,124.33147222222222,2.0,117.0,2018-09-15 17:43:01,围网
962,30.02577777777779,124.336,2.1,132.0,2018-09-15 17:52:01,围网
962,30.023805555555555,124.34063888888888,2.2,99.0,2018-09-15 18:02:01,围网
962,30.021666666666665,124.34513888888887,2.6,133.0,2018-09-15 18:12:01,围网
962,30.01947222222222,124.34961111111113,1.7,122.0,2018-09-15 18:22:01,围网
962,30.017416666666666,124.354,2.0,120.0,2018-09-15 18:32:01,围网
962,30.01544444444445,124.35830555555556,1.8,133.0,2018-09-15 18:42:01,围网
962,30.013666666666666,124.3624722222222,1.0,0.0,2018-09-15 18:52:01,围网
962,30.011944444444445,124.36666666666666,1.0,114.0,2018-09-15 19:02:01,围网
962,30.00922222222221,124.37047222222222,2.1,160.0,2018-09-15 19:13:01,围网
962,30.00544444444445,124.37024999999998,1.5,320.0,2018-09-15 19:22:01,围网
962,30.00775,124.367,0.7,250.0,2018-09-15 19:32:01,围网
962,30.00883333333333,124.36608333333332,0.8,170.0,2018-09-15 19:42:01,围网
962,30.00733333333333,124.36388888888888,0.8,219.0,2018-09-15 19:52:01,围网
962,30.00611111111111,124.36105555555555,1.3,228.0,2018-09-15 20:02:01,围网
962,30.02458333333333,124.36147222222222,7.6,4.0,2018-09-15 20:12:01,围网
962,30.04591666666667,124.36244444444445,6.8,7.0,2018-09-15 20:22:01,围网
962,30.067527777777766,124.36336111111108,8.6,5.0,2018-09-15 20:32:01,围网
962,30.089027777777765,124.36416666666666,7.3,354.0,2018-09-15 20:42:01,围网
962,30.11063888888889,124.365,8.7,4.0,2018-09-15 20:52:01,围网
962,30.1325,124.36536111111113,7.8,357.0,2018-09-15 21:02:01,围网
962,30.15436111111111,124.36558333333332,8.4,7.0,2018-09-15 21:12:01,围网
962,30.17602777777779,124.36663888888887,7.6,355.0,2018-09-15 21:22:01,围网
962,30.198472222222208,124.36675,8.4,3.0,2018-09-15 21:32:01,围网
962,30.22119444444445,124.3670277777778,8.9,357.0,2018-09-15 21:42:01,围网
962,30.24391666666667,124.36719444444445,7.8,358.0,2018-09-15 21:52:01,围网
962,30.267888888888887,124.36741666666666,6.9,4.0,2018-09-15 22:03:01,围网
962,30.289805555555557,124.36766666666666,8.5,0.0,2018-09-15 22:12:01,围网
962,30.312916666666666,124.36805555555556,9.4,1.0,2018-09-15 22:22:01,围网
962,30.33586111111111,124.36836111111107,8.4,6.0,2018-09-15 22:32:01,围网
962,30.358888888888888,124.36875,7.4,1.0,2018-09-15 22:42:01,围网
962,30.38127777777777,124.37263888888887,7.2,12.0,2018-09-15 22:52:01,围网
962,30.403444444444442,124.37763888888887,8.4,0.0,2018-09-15 23:02:01,围网
962,30.4265,124.38088888888888,8.3,10.0,2018-09-15 23:12:01,围网
962,30.44961111111111,124.38377777777781,8.7,8.0,2018-09-15 23:22:01,围网
962,30.47344444444445,124.38525,7.8,3.0,2018-09-15 23:32:01,围网
962,30.496388888888887,124.39155555555556,9.1,6.0,2018-09-15 23:42:01,围网
962,30.51994444444445,124.39872222222223,8.9,13.0,2018-09-15 23:52:01,围网
962,30.529805555555555,124.43969444444444,7.2,99.0,2018-09-16 00:12:01,围网
962,30.52986111111111,124.46194444444444,7.2,85.0,2018-09-16 00:22:01,围网
962,30.52908333333333,124.4845277777778,7.7,94.0,2018-09-16 00:32:01,围网
962,30.52794444444445,124.50888888888888,6.9,78.0,2018-09-16 00:43:01,围网
962,30.52488888888889,124.53016666666667,6.1,99.0,2018-09-16 00:52:01,围网
962,30.528444444444442,124.53152777777777,3.7,55.0,2018-09-16 01:02:01,围网
962,30.52633333333333,124.5397222222222,1.7,100.0,2018-09-16 01:12:01,围网
962,30.52666666666667,124.5437777777778,1.6,86.0,2018-09-16 01:22:01,围网
962,30.527,124.54819444444445,1.1,96.0,2018-09-16 01:32:01,围网
962,30.527027777777768,124.55266666666668,1.8,74.0,2018-09-16 01:42:01,围网
962,30.52713888888889,124.55736111111106,1.6,77.0,2018-09-16 01:52:01,围网
962,30.52722222222221,124.56225,1.7,96.0,2018-09-16 02:02:01,围网
962,30.52711111111111,124.5672222222222,1.5,109.0,2018-09-16 02:12:01,围网
962,30.527055555555553,124.57236111111106,1.7,105.0,2018-09-16 02:22:01,围网
962,30.527055555555553,124.57758333333334,1.3,89.0,2018-09-16 02:32:01,围网
962,30.52713888888889,124.58288888888887,1.4,68.0,2018-09-16 02:42:01,围网
962,30.52722222222221,124.58830555555555,1.5,91.0,2018-09-16 02:52:01,围网
962,30.527277777777766,124.5937222222222,1.7,107.0,2018-09-16 03:02:01,围网
962,30.52733333333333,124.59916666666666,2.0,85.0,2018-09-16 03:12:01,围网
962,30.52738888888889,124.60461111111113,1.9,101.0,2018-09-16 03:22:01,围网
962,30.527444444444445,124.61008333333334,1.5,97.0,2018-09-16 03:32:01,围网
962,30.52738888888889,124.61561111111112,1.4,83.0,2018-09-16 03:42:01,围网
962,30.527,124.62094444444445,2.1,109.0,2018-09-16 03:52:01,围网
962,30.52663888888889,124.6265,1.3,91.0,2018-09-16 04:03:01,围网
962,30.52633333333333,124.63133333333332,2.2,110.0,2018-09-16 04:12:01,围网
962,30.52597222222222,124.6362777777778,1.7,89.0,2018-09-16 04:22:01,围网
962,30.52572222222221,124.64136111111112,1.8,88.0,2018-09-16 04:32:01,围网
962,30.525361111111113,124.64644444444444,2.2,67.0,2018-09-16 04:42:01,围网
962,30.524916666666666,124.65152777777777,1.8,111.0,2018-09-16 04:52:01,围网
962,30.524444444444452,124.65655555555556,1.6,120.0,2018-09-16 05:02:01,围网
962,30.524,124.6615,1.5,85.0,2018-09-16 05:12:01,围网
962,30.52363888888889,124.66638888888887,1.6,68.0,2018-09-16 05:22:01,围网
962,30.52325,124.67130555555555,1.6,99.0,2018-09-16 05:32:01,围网
962,30.522861111111112,124.67611111111113,2.1,111.0,2018-09-16 05:42:01,围网
962,30.522444444444453,124.68086111111113,1.8,124.0,2018-09-16 05:52:01,围网
962,30.521027777777785,124.68547222222223,2.7,132.0,2018-09-16 06:02:01,围网
962,30.51958333333333,124.69011111111112,2.1,133.0,2018-09-16 06:12:01,围网
962,30.51819444444445,124.69463888888887,1.5,122.0,2018-09-16 06:22:01,围网
962,30.516861111111112,124.69908333333332,2.9,135.0,2018-09-16 06:32:01,围网
962,30.51416666666667,124.70175,1.9,265.0,2018-09-16 06:42:01,围网
962,30.514777777777766,124.69755555555555,0.4,0.0,2018-09-16 06:52:01,围网
962,30.51550000000001,124.69586111111113,0.5,0.0,2018-09-16 07:02:01,围网
962,30.513416666666664,124.69472222222224,0.9,136.0,2018-09-16 07:12:01,围网
962,30.511999999999997,124.69330555555555,0.9,0.0,2018-09-16 07:22:01,围网
962,30.51069444444445,124.69172222222224,1.8,129.0,2018-09-16 07:32:01,围网
962,30.508944444444445,124.69016666666668,1.8,166.0,2018-09-16 07:42:01,围网
962,30.506888888888888,124.69730555555556,2.4,125.0,2018-09-16 07:52:01,围网
962,30.50344444444445,124.70072222222224,2.6,154.0,2018-09-16 08:03:01,围网
962,30.497888888888887,124.70277777777778,1.7,128.0,2018-09-16 08:12:01,围网
962,30.49894444444445,124.70719444444444,2.2,15.0,2018-09-16 08:22:01,围网
962,30.50461111111111,124.706,1.1,341.0,2018-09-16 08:32:01,围网
962,30.507388888888887,124.70019444444445,2.6,291.0,2018-09-16 08:42:01,围网
962,30.50875,124.69505555555556,1.7,295.0,2018-09-16 08:52:01,围网
962,30.508861111111113,124.6924722222222,2.2,213.0,2018-09-16 09:02:01,围网
962,30.506722222222226,124.69538888888887,1.2,114.0,2018-09-16 09:12:01,围网
962,30.50508333333333,124.69463888888887,1.2,245.0,2018-09-16 09:22:01,围网
962,30.50441666666667,124.69152777777781,1.4,237.0,2018-09-16 09:32:01,围网
962,30.493,124.67638888888894,9.4,223.0,2018-09-16 09:42:01,围网
962,30.474527777777766,124.65527777777778,9.4,231.0,2018-09-16 09:52:01,围网
962,30.456611111111112,124.63313888888888,9.6,232.0,2018-09-16 10:02:01,围网
962,30.44088888888889,124.60933333333334,8.9,223.0,2018-09-16 10:12:01,围网
962,30.425,124.58755555555555,8.4,212.0,2018-09-16 10:22:01,围网
962,30.40886111111111,124.56619444444445,8.7,222.0,2018-09-16 10:32:01,围网
962,30.39188888888889,124.54769444444445,8.3,216.0,2018-09-16 10:42:01,围网
962,30.375611111111112,124.52883333333332,9.2,228.0,2018-09-16 10:52:01,围网
962,30.36033333333333,124.50775,7.9,228.0,2018-09-16 11:02:01,围网
962,30.34425,124.4875,8.4,218.0,2018-09-16 11:12:01,围网
962,30.324472222222226,124.47147222222223,9.8,221.0,2018-09-16 11:22:01,围网
962,30.28519444444445,124.4412222222222,8.2,214.0,2018-09-16 11:42:01,围网
962,30.26658333333333,124.42261111111112,8.2,221.0,2018-09-16 11:53:01,围网
962,30.251277777777766,124.4042777777778,7.9,232.0,2018-09-16 12:02:01,围网
962,30.235888888888887,124.38480555555556,7.7,219.0,2018-09-16 12:12:01,围网
962,30.21875,124.36819444444444,8.3,222.0,2018-09-16 12:22:01,围网
962,30.201583333333332,124.35188888888888,8.4,214.0,2018-09-16 12:32:01,围网
962,30.18461111111111,124.3355,8.4,215.0,2018-09-16 12:42:01,围网
962,30.16755555555555,124.31963888888887,8.3,229.0,2018-09-16 12:52:01,围网
962,30.15069444444444,124.30419444444445,7.7,213.0,2018-09-16 13:02:01,围网
962,30.13308333333333,124.29163888888887,6.8,200.0,2018-09-16 13:12:01,围网
962,30.11519444444445,124.27880555555555,8.2,215.0,2018-09-16 13:22:01,围网
962,30.09847222222221,124.26369444444444,7.9,226.0,2018-09-16 13:32:01,围网
962,30.08302777777779,124.24713888888893,7.8,226.0,2018-09-16 13:42:01,围网
962,30.06722222222221,124.23194444444445,6.9,216.0,2018-09-16 13:52:01,围网
962,30.05,124.21733333333331,6.6,209.0,2018-09-16 14:03:01,围网
962,30.034000000000002,124.20569444444445,7.7,228.0,2018-09-16 14:12:01,围网
962,30.021583333333336,124.18847222222222,8.2,278.0,2018-09-16 14:22:01,围网
962,30.021166666666666,124.18475,2.1,352.0,2018-09-16 14:32:01,围网
962,30.01669444444445,124.18736111111113,1.7,87.0,2018-09-16 14:42:01,围网
962,30.01655555555556,124.19372222222222,2.0,77.0,2018-09-16 14:52:01,围网
962,30.01661111111111,124.19913888888887,1.3,81.0,2018-09-16 15:02:01,围网
962,30.016527777777767,124.20433333333334,2.1,60.0,2018-09-16 15:12:01,围网
962,30.016527777777767,124.20963888888888,1.6,92.0,2018-09-16 15:22:01,围网
962,30.0165,124.215,2.1,83.0,2018-09-16 15:32:01,围网
962,30.0165,124.2205,1.7,88.0,2018-09-16 15:42:01,围网
962,30.016472222222234,124.22594444444445,1.8,100.0,2018-09-16 15:52:01,围网
962,30.016277777777766,124.2315,1.9,129.0,2018-09-16 16:02:01,围网
962,30.015888888888888,124.23702777777778,2.1,76.0,2018-09-16 16:12:01,围网
962,30.01552777777778,124.24258333333334,2.2,74.0,2018-09-16 16:22:01,围网
962,30.01491666666667,124.2482222222222,2.2,101.0,2018-09-16 16:32:01,围网
962,30.014555555555553,124.25388888888894,2.2,88.0,2018-09-16 16:42:01,围网
962,30.014388888888888,124.25969444444445,3.1,56.0,2018-09-16 16:52:01,围网
962,30.01425,124.26544444444444,2.1,112.0,2018-09-16 17:02:01,围网
962,30.013666666666666,124.27125,1.7,91.0,2018-09-16 17:12:01,围网
962,30.01316666666667,124.277,2.0,121.0,2018-09-16 17:22:01,围网
962,30.012638888888887,124.28280555555556,1.3,106.0,2018-09-16 17:32:01,围网
962,30.012027777777767,124.28852777777777,2.2,94.0,2018-09-16 17:42:01,围网
962,30.0115,124.29416666666668,1.2,73.0,2018-09-16 17:52:01,围网
962,30.010805555555557,124.29994444444445,2.4,119.0,2018-09-16 18:03:01,围网
962,30.00980555555555,124.30527777777776,1.6,103.0,2018-09-16 18:12:01,围网
962,30.00861111111111,124.31069444444445,1.2,115.0,2018-09-16 18:22:01,围网
962,30.00769444444445,124.3159722222222,1.7,90.0,2018-09-16 18:32:01,围网
962,30.006805555555548,124.32094444444445,2.1,142.0,2018-09-16 18:42:01,围网
962,30.005138888888887,124.32583333333334,1.8,82.0,2018-09-16 18:52:01,围网
962,30.00330555555556,124.33088888888894,2.5,165.0,2018-09-16 19:03:01,围网
962,30.00186111111111,124.33544444444445,1.9,125.0,2018-09-16 19:12:01,围网
962,30.000166666666665,124.34008333333333,1.7,125.0,2018-09-16 19:22:01,围网
962,29.99736111111111,124.3442777777778,1.9,116.0,2018-09-16 19:32:01,围网
962,29.99447222222223,124.34805555555555,1.8,139.0,2018-09-16 19:42:01,围网
962,29.99175,124.35191666666664,2.2,134.0,2018-09-16 19:52:01,围网
962,29.990416666666665,124.3502777777778,1.5,315.0,2018-09-16 20:02:01,围网
962,29.992444444444452,124.3475,1.1,3.0,2018-09-16 20:12:01,围网
962,29.992555555555555,124.34777777777781,0.9,215.0,2018-09-16 20:22:01,围网
962,29.99241666666667,124.34711111111113,0.5,192.0,2018-09-16 20:32:01,围网
962,29.99258333333333,124.34652777777777,0.3,0.0,2018-09-16 20:42:01,围网
962,29.99519444444445,124.34077777777777,3.4,278.0,2018-09-16 20:52:01,围网
962,29.996861111111112,124.33627777777778,1.1,295.0,2018-09-16 21:02:01,围网
962,29.996861111111112,124.3312777777778,0.8,0.0,2018-09-16 21:12:01,围网
962,29.99683333333333,124.32644444444445,1.3,0.0,2018-09-16 21:22:01,围网
962,29.99683333333333,124.32175,2.7,257.0,2018-09-16 21:32:01,围网
962,29.996861111111112,124.31672222222224,1.6,288.0,2018-09-16 21:42:01,围网
962,29.99669444444445,124.31166666666668,1.2,290.0,2018-09-16 21:53:01,围网
962,29.99663888888889,124.30705555555555,1.7,274.0,2018-09-16 22:02:01,围网
962,29.99663888888889,124.30219444444445,2.1,298.0,2018-09-16 22:12:01,围网
962,29.996777777777766,124.29733333333333,1.5,263.0,2018-09-16 22:22:01,围网
962,29.997055555555555,124.2925277777778,1.6,275.0,2018-09-16 22:32:01,围网
962,29.997777777777767,124.28294444444445,1.4,284.0,2018-09-16 22:52:01,围网
962,29.99825,124.278,1.8,240.0,2018-09-16 23:02:01,围网
962,29.99880555555556,124.27313888888894,1.9,276.0,2018-09-16 23:12:01,围网
962,29.99936111111111,124.26827777777777,1.6,270.0,2018-09-16 23:22:01,围网
962,30.0,124.26344444444445,1.3,280.0,2018-09-16 23:32:01,围网
962,30.001444444444445,124.25386111111106,2.3,300.0,2018-09-16 23:52:01,围网
962,30.01158333333333,124.21230555555556,1.9,305.0,2018-09-17 00:02:01,围网
962,30.0035,124.24427777777778,1.1,303.0,2018-09-17 00:12:01,围网
962,30.00483333333333,124.23975,1.2,268.0,2018-09-17 00:22:01,围网
962,30.006055555555548,124.23513888888887,1.7,309.0,2018-09-17 00:32:01,围网
962,30.007055555555553,124.23033333333336,1.2,256.0,2018-09-17 00:42:01,围网
962,30.00769444444445,124.22558333333332,1.1,272.0,2018-09-17 00:52:01,围网
962,30.008277777777767,124.22094444444444,2.8,287.0,2018-09-17 01:02:01,围网
962,30.008888888888887,124.21641666666666,1.7,302.0,2018-09-17 01:12:01,围网
962,30.00925,124.21205555555555,0.8,261.0,2018-09-17 01:22:01,围网
962,30.00925,124.20783333333334,0.8,281.0,2018-09-17 01:32:01,围网
962,30.007555555555548,124.20466666666668,2.5,178.0,2018-09-17 01:42:01,围网
962,30.01086111111111,124.20141666666666,2.2,321.0,2018-09-17 01:52:01,围网
962,30.014111111111113,124.19763888888887,1.0,0.0,2018-09-17 02:02:01,围网
962,30.017111111111113,124.19761111111113,1.7,123.0,2018-09-17 02:13:01,围网
962,30.015888888888888,124.20158333333332,1.5,107.0,2018-09-17 02:22:01,围网
962,30.01583333333333,124.20241666666666,0.2,0.0,2018-09-17 02:32:01,围网
962,30.019000000000002,124.20288888888888,0.5,11.0,2018-09-17 02:42:01,围网
962,30.02208333333333,124.1940277777778,6.9,267.0,2018-09-17 02:52:01,围网
962,30.0215,124.1717777777778,7.1,269.0,2018-09-17 03:02:01,围网
962,30.02411111111111,124.15944444444445,2.6,10.0,2018-09-17 03:12:01,围网
962,30.01886111111111,124.1627777777778,1.6,110.0,2018-09-17 03:22:01,围网
962,30.018555555555555,124.1689722222222,1.4,83.0,2018-09-17 03:32:01,围网
962,30.01933333333333,124.17466666666668,1.6,82.0,2018-09-17 03:42:01,围网
962,30.020138888888887,124.17994444444444,1.6,80.0,2018-09-17 03:52:01,围网
962,30.02113888888889,124.18525,1.8,111.0,2018-09-17 04:02:01,围网
962,30.02216666666667,124.19058333333334,1.5,114.0,2018-09-17 04:12:01,围网
962,30.023055555555555,124.19583333333334,2.0,87.0,2018-09-17 04:22:01,围网
962,30.02325,124.2012777777778,2.7,75.0,2018-09-17 04:32:01,围网
962,30.023027777777767,124.20666666666666,1.5,119.0,2018-09-17 04:42:01,围网
962,30.022666666666666,124.212,2.2,104.0,2018-09-17 04:52:01,围网
962,30.02208333333333,124.21738888888888,1.0,135.0,2018-09-17 05:02:01,围网
962,30.021611111111113,124.22269444444444,2.3,101.0,2018-09-17 05:12:01,围网
962,30.021027777777785,124.22802777777777,1.9,111.0,2018-09-17 05:22:01,围网
962,30.020555555555553,124.23338888888892,2.0,88.0,2018-09-17 05:32:01,围网
962,30.020027777777766,124.23877777777778,2.7,140.0,2018-09-17 05:42:01,围网
962,30.01961111111111,124.24411111111112,2.2,89.0,2018-09-17 05:52:01,围网
962,30.019111111111112,124.24961111111112,1.5,98.0,2018-09-17 06:03:01,围网
962,30.01844444444444,124.25452777777778,1.5,97.0,2018-09-17 06:12:01,围网
962,30.01783333333333,124.25966666666666,1.7,110.0,2018-09-17 06:22:01,围网
962,30.017194444444453,124.26477777777778,2.0,101.0,2018-09-17 06:32:01,围网
962,30.01675,124.26988888888893,3.1,155.0,2018-09-17 06:42:01,围网
962,30.016277777777766,124.27491666666668,1.7,121.0,2018-09-17 06:52:01,围网
962,30.015777777777767,124.27991666666668,1.3,79.0,2018-09-17 07:02:01,围网
962,30.01491666666667,124.285,1.5,116.0,2018-09-17 07:12:01,围网
962,30.01369444444445,124.28994444444444,1.9,126.0,2018-09-17 07:22:01,围网
962,30.011972222222226,124.29475,1.4,143.0,2018-09-17 07:32:01,围网
962,30.01025000000001,124.29933333333334,1.6,87.0,2018-09-17 07:42:01,围网
962,30.008527777777786,124.30386111111108,1.0,123.0,2018-09-17 07:52:01,围网
962,30.00638888888889,124.30819444444445,1.9,104.0,2018-09-17 08:02:01,围网
962,30.004027777777768,124.31236111111107,2.4,143.0,2018-09-17 08:12:01,围网
962,30.001444444444445,124.31616666666667,1.9,137.0,2018-09-17 08:22:01,围网
962,29.99736111111111,124.31822222222222,0.7,161.0,2018-09-17 08:32:01,围网
962,30.00125,124.31425,0.3,0.0,2018-09-17 08:52:01,围网
962,30.00097222222222,124.31441666666666,0.5,0.0,2018-09-17 09:02:01,围网
962,30.001027777777786,124.31458333333332,1.3,140.0,2018-09-17 09:12:01,围网
962,30.007444444444445,124.31366666666668,2.5,332.0,2018-09-17 09:22:01,围网
962,30.00925,124.30866666666668,3.1,277.0,2018-09-17 09:32:01,围网
962,30.00941666666667,124.30327777777778,1.5,0.0,2018-09-17 09:42:01,围网
962,30.009027777777767,124.29897222222222,1.5,311.0,2018-09-17 09:52:01,围网
962,30.009027777777767,124.29027777777776,1.4,250.0,2018-09-17 10:12:01,围网
962,30.009305555555553,124.28577777777777,1.5,246.0,2018-09-17 10:22:01,围网
962,30.009611111111113,124.28130555555555,2.0,297.0,2018-09-17 10:32:01,围网
962,30.00980555555555,124.27680555555555,2.1,303.0,2018-09-17 10:42:01,围网
962,30.01,124.27236111111112,1.1,273.0,2018-09-17 10:52:01,围网
962,30.01016666666667,124.26780555555555,1.8,266.0,2018-09-17 11:02:01,围网
962,30.01058333333333,124.26325,0.8,285.0,2018-09-17 11:12:01,围网
962,30.011083333333332,124.25877777777778,1.2,0.0,2018-09-17 11:22:01,围网
962,30.01136111111111,124.25419444444445,0.7,274.0,2018-09-17 11:32:01,围网
962,30.01147222222221,124.24919444444444,1.4,277.0,2018-09-17 11:42:01,围网
962,30.01169444444445,124.24455555555555,2.5,310.0,2018-09-17 11:52:01,围网
962,30.012027777777767,124.23983333333334,2.3,281.0,2018-09-17 12:02:01,围网
962,30.0125,124.23513888888887,2.1,287.0,2018-09-17 12:12:01,围网
962,30.01308333333333,124.23052777777778,2.5,239.0,2018-09-17 12:22:01,围网
962,30.01369444444445,124.22583333333334,1.7,274.0,2018-09-17 12:32:01,围网
962,30.014194444444453,124.22111111111113,1.4,244.0,2018-09-17 12:42:01,围网
962,30.01441666666667,124.2164722222222,1.4,241.0,2018-09-17 12:52:01,围网
962,30.014555555555553,124.21188888888894,1.3,254.0,2018-09-17 13:02:01,围网
962,30.015361111111112,124.20744444444445,1.6,284.0,2018-09-17 13:12:01,围网
962,30.016444444444453,124.20291666666668,1.4,229.0,2018-09-17 13:22:01,围网
962,30.017805555555555,124.1984722222222,2.0,301.0,2018-09-17 13:32:01,围网
962,30.01908333333333,124.19397222222223,1.5,266.0,2018-09-17 13:42:01,围网
962,30.02036111111111,124.18941666666666,1.5,292.0,2018-09-17 13:52:01,围网
962,30.021472222222233,124.18488888888888,1.2,276.0,2018-09-17 14:02:01,围网
962,30.02272222222221,124.18030555555555,1.8,289.0,2018-09-17 14:12:01,围网
962,30.023888888888887,124.17580555555556,1.4,304.0,2018-09-17 14:22:01,围网
962,30.02488888888889,124.17133333333334,1.5,295.0,2018-09-17 14:32:01,围网
962,30.02769444444445,124.16977777777781,0.9,42.0,2018-09-17 14:42:01,围网
962,30.027277777777766,124.17427777777776,1.2,77.0,2018-09-17 14:52:01,围网
962,30.02691666666667,124.17530555555555,0.1,0.0,2018-09-17 15:02:01,围网
962,30.02897222222222,124.17561111111112,0.4,41.0,2018-09-17 15:12:01,围网
962,30.03119444444444,124.17669444444445,4.5,35.0,2018-09-17 15:22:01,围网
962,30.03375,124.15630555555555,7.0,262.0,2018-09-17 15:32:01,围网
962,30.031277777777767,124.15088888888893,5.7,170.0,2018-09-17 15:42:01,围网
962,30.026138888888887,124.15430555555555,1.8,129.0,2018-09-17 15:52:01,围网
962,30.026027777777767,124.16063888888893,1.7,91.0,2018-09-17 16:02:01,围网
962,30.02697222222222,124.1659722222222,1.7,62.0,2018-09-17 16:12:01,围网
962,30.029555555555554,124.17088888888892,2.0,36.0,2018-09-17 16:22:01,围网
962,30.032416666666666,124.18058333333332,1.7,106.0,2018-09-17 16:42:01,围网
962,30.03216666666667,124.18580555555555,1.9,86.0,2018-09-17 16:52:01,围网
962,30.03233333333333,124.19091666666668,1.8,120.0,2018-09-17 17:02:01,围网
962,30.031666666666666,124.1959722222222,2.0,91.0,2018-09-17 17:12:01,围网
962,30.03038888888889,124.20086111111112,2.9,153.0,2018-09-17 17:22:01,围网
962,30.02894444444444,124.20558333333334,1.4,114.0,2018-09-17 17:32:01,围网
962,30.02775,124.21036111111113,1.9,148.0,2018-09-17 17:42:01,围网
962,30.02583333333333,124.21511111111113,1.8,91.0,2018-09-17 17:52:01,围网
962,30.02322222222222,124.21911111111108,1.7,127.0,2018-09-17 18:02:01,围网
962,30.02063888888889,124.223,2.3,133.0,2018-09-17 18:12:01,围网
962,30.01811111111111,124.22708333333333,1.4,118.0,2018-09-17 18:22:01,围网
962,30.015888888888888,124.23144444444445,1.9,97.0,2018-09-17 18:32:01,围网
962,30.01533333333333,124.23697222222222,1.7,106.0,2018-09-17 18:42:01,围网
962,30.01430555555556,124.24197222222222,2.1,126.0,2018-09-17 18:52:01,围网
962,30.01275,124.24688888888888,1.7,102.0,2018-09-17 19:02:01,围网
962,30.010777777777786,124.25138888888887,1.8,136.0,2018-09-17 19:12:01,围网
962,30.00858333333333,124.25577777777778,1.6,112.0,2018-09-17 19:22:01,围网
962,30.006472222222207,124.26019444444445,1.4,118.0,2018-09-17 19:32:01,围网
962,30.004305555555554,124.2645277777778,1.4,108.0,2018-09-17 19:42:01,围网
962,30.001527777777767,124.26838888888894,2.2,151.0,2018-09-17 19:52:01,围网
962,29.99897222222221,124.27219444444445,2.5,104.0,2018-09-17 20:02:01,围网
962,29.99613888888889,124.27588888888893,1.9,141.0,2018-09-17 20:12:01,围网
962,29.99302777777779,124.27902777777777,1.3,144.0,2018-09-17 20:22:01,围网
962,29.99002777777779,124.28219444444444,1.8,151.0,2018-09-17 20:32:01,围网
962,29.98708333333333,124.28527777777781,1.7,94.0,2018-09-17 20:42:01,围网
962,29.98394444444445,124.2855,2.5,326.0,2018-09-17 20:52:01,围网
962,29.98680555555556,124.28408333333331,0.8,321.0,2018-09-17 21:02:01,围网
962,29.98836111111111,124.28333333333332,3.4,155.0,2018-09-17 21:12:01,围网
962,29.98772222222223,124.28113888888888,2.1,239.0,2018-09-17 21:22:01,围网
962,29.987388888888887,124.2787222222222,0.0,0.0,2018-09-17 21:32:01,围网
962,29.98725,124.27591666666667,2.4,14.0,2018-09-17 21:42:01,围网
962,29.994555555555557,124.27413888888887,1.2,327.0,2018-09-17 21:52:01,围网
962,29.996972222222233,124.27016666666668,1.8,300.0,2018-09-17 22:02:01,围网
962,29.997694444444452,124.26502777777776,1.9,261.0,2018-09-17 22:12:01,围网
962,29.99808333333333,124.26008333333334,2.4,240.0,2018-09-17 22:22:01,围网
962,29.99897222222221,124.25555555555556,1.6,310.0,2018-09-17 22:32:01,围网
962,30.00011111111111,124.25105555555555,1.3,291.0,2018-09-17 22:42:01,围网
962,30.00105555555556,124.24616666666668,1.6,293.0,2018-09-17 22:52:01,围网
962,30.00197222222221,124.24133333333332,1.7,302.0,2018-09-17 23:02:01,围网
962,30.00308333333333,124.2365,1.3,287.0,2018-09-17 23:12:01,围网
962,30.004527777777767,124.23175,1.3,281.0,2018-09-17 23:22:01,围网
962,30.00611111111111,124.22677777777778,1.8,310.0,2018-09-17 23:32:01,围网
962,30.00786111111111,124.22188888888887,2.0,293.0,2018-09-17 23:42:01,围网
962,30.00966666666667,124.21705555555555,1.9,264.0,2018-09-17 23:52:01,围网
962,29.85519444444445,123.48077777777776,0.8,57.0,2018-09-18 00:02:01,围网
962,30.013666666666666,124.20758333333332,1.7,320.0,2018-09-18 00:12:01,围网
962,30.015888888888888,124.20291666666668,1.3,308.0,2018-09-18 00:22:01,围网
962,30.018166666666666,124.19825,2.9,330.0,2018-09-18 00:32:01,围网
962,30.02058333333333,124.19361111111112,2.0,300.0,2018-09-18 00:42:01,围网
962,30.023000000000003,124.18897222222223,1.3,303.0,2018-09-18 00:52:01,围网
962,30.02569444444445,124.1845277777778,1.5,307.0,2018-09-18 01:02:01,围网
962,30.02783333333333,124.1797777777778,1.8,297.0,2018-09-18 01:12:01,围网
962,30.03,124.1750277777778,1.8,310.0,2018-09-18 01:22:01,围网
962,30.03216666666667,124.17036111111112,1.1,312.0,2018-09-18 01:32:01,围网
962,30.03436111111111,124.16563888888888,1.5,303.0,2018-09-18 01:42:01,围网
962,30.03791666666667,124.16172222222224,1.7,319.0,2018-09-18 01:52:01,围网
962,30.04191666666667,124.1587222222222,2.4,337.0,2018-09-18 02:02:01,围网
962,30.04625,124.15608333333331,1.6,324.0,2018-09-18 02:12:01,围网
962,30.049555555555557,124.15194444444445,2.0,314.0,2018-09-18 02:22:01,围网
962,30.05236111111111,124.1475,1.3,304.0,2018-09-18 02:32:01,围网
962,30.05472222222223,124.14302777777776,1.5,303.0,2018-09-18 02:42:01,围网
962,30.05675,124.13847222222222,1.5,286.0,2018-09-18 02:52:01,围网
962,30.058888888888887,124.13852777777778,0.8,102.0,2018-09-18 03:02:01,围网
962,30.057722222222232,124.1425277777778,1.0,124.0,2018-09-18 03:12:01,围网
962,30.05880555555556,124.14280555555555,1.4,0.0,2018-09-18 03:22:01,围网
962,30.06241666666667,124.1422777777778,2.0,341.0,2018-09-18 03:32:01,围网
962,30.06625,124.14161111111113,1.3,8.0,2018-09-18 03:42:01,围网
962,30.069138888888887,124.13844444444445,7.0,243.0,2018-09-18 03:52:01,围网
962,30.05108333333333,124.1045,7.2,254.0,2018-09-18 04:12:01,围网
962,30.04483333333333,124.08177777777777,7.5,254.0,2018-09-18 04:22:01,围网
962,30.038555555555558,124.05891666666666,7.4,250.0,2018-09-18 04:32:01,围网
962,30.03211111111111,124.03586111111107,7.3,257.0,2018-09-18 04:42:01,围网
962,30.025277777777767,124.01338888888893,7.2,244.0,2018-09-18 04:52:01,围网
962,30.01897222222221,123.99075,7.6,257.0,2018-09-18 05:02:01,围网
962,30.01313888888889,123.96766666666667,7.5,257.0,2018-09-18 05:12:01,围网
962,30.00761111111111,123.9445,7.4,253.0,2018-09-18 05:22:01,围网
962,30.001583333333336,123.92155555555556,7.5,251.0,2018-09-18 05:32:01,围网
962,29.994222222222234,123.89983333333332,7.5,252.0,2018-09-18 05:42:01,围网
962,29.987861111111112,123.87716666666664,7.6,260.0,2018-09-18 05:52:01,围网
962,29.982833333333332,123.85433333333332,7.3,260.0,2018-09-18 06:02:01,围网
962,29.977,123.83163888888888,7.6,246.0,2018-09-18 06:12:01,围网
962,29.97008333333333,123.80888888888887,7.3,256.0,2018-09-18 06:22:01,围网
962,29.96586111111111,123.78491666666666,7.3,258.0,2018-09-18 06:32:01,围网
962,29.96169444444445,123.7607777777778,7.7,257.0,2018-09-18 06:42:01,围网
962,29.958361111111113,123.73730555555555,7.7,275.0,2018-09-18 06:52:01,围网
962,29.955111111111112,123.71427777777778,7.7,258.0,2018-09-18 07:02:01,围网
962,29.95033333333333,123.6910277777778,7.1,245.0,2018-09-18 07:12:01,围网
962,29.943805555555556,123.66925,7.1,255.0,2018-09-18 07:22:01,围网
962,29.93858333333333,123.64616666666667,6.9,250.0,2018-09-18 07:32:01,围网
962,29.933083333333336,123.62305555555555,7.3,247.0,2018-09-18 07:42:01,围网
962,29.927222222222234,123.60025,7.6,260.0,2018-09-18 07:52:01,围网
962,29.923111111111112,123.57605555555556,7.4,257.0,2018-09-18 08:02:01,围网
962,29.919027777777767,123.55288888888887,7.2,256.0,2018-09-18 08:12:01,围网
962,29.91619444444445,123.529,7.4,272.0,2018-09-18 08:22:01,围网
962,29.91472222222221,123.5067222222222,3.0,151.0,2018-09-18 08:32:01,围网
962,29.914305555555554,123.51030555555555,2.5,207.0,2018-09-18 08:42:01,围网
962,29.913805555555548,123.50144444444445,1.6,215.0,2018-09-18 08:52:01,围网
962,29.910166666666665,123.49844444444444,1.6,185.0,2018-09-18 09:02:01,围网
962,29.90622222222222,123.49680555555555,1.4,0.0,2018-09-18 09:12:01,围网
962,29.90238888888889,123.49577777777776,1.1,0.0,2018-09-18 09:22:01,围网
962,29.898555555555557,123.49486111111106,1.8,160.0,2018-09-18 09:32:01,围网
962,29.89458333333333,123.49430555555556,1.3,145.0,2018-09-18 09:42:01,围网
962,29.890611111111113,123.494,2.0,157.0,2018-09-18 09:52:01,围网
962,29.88633333333333,123.49377777777778,1.7,0.0,2018-09-18 10:02:01,围网
962,29.88213888888889,123.49341666666668,2.0,0.0,2018-09-18 10:12:01,围网
962,29.87802777777778,123.49266666666668,1.5,192.0,2018-09-18 10:22:01,围网
962,29.87408333333333,123.49219444444445,1.4,161.0,2018-09-18 10:32:01,围网
962,29.869944444444453,123.49183333333336,1.4,212.0,2018-09-18 10:42:01,围网
962,29.86591666666667,123.49147222222223,1.4,186.0,2018-09-18 10:52:01,围网
962,29.86197222222223,123.49088888888888,1.5,209.0,2018-09-18 11:02:01,围网
962,29.85838888888889,123.48775,1.3,227.0,2018-09-18 11:12:01,围网
962,29.85566666666667,123.48372222222223,1.8,222.0,2018-09-18 11:22:01,围网
962,29.85372222222223,123.47922222222223,1.8,251.0,2018-09-18 11:32:01,围网
962,29.851944444444445,123.47466666666666,1.7,264.0,2018-09-18 11:42:01,围网
962,29.854888888888887,123.46905555555556,3.4,356.0,2018-09-18 11:52:01,围网
962,29.860916666666668,123.46836111111112,1.2,312.0,2018-09-18 12:02:01,围网
962,29.864527777777766,123.46691666666666,1.9,341.0,2018-09-18 12:12:01,围网
962,29.86358333333333,123.46819444444445,2.6,154.0,2018-09-18 12:32:01,围网
962,29.86213888888889,123.46794444444444,0.5,295.0,2018-09-18 12:42:01,围网
962,29.86347222222221,123.46755555555555,0.1,0.0,2018-09-18 12:52:01,围网
962,29.865500000000004,123.4675277777778,3.0,77.0,2018-09-18 13:02:01,围网
962,29.873583333333336,123.46875,1.8,332.0,2018-09-18 13:12:01,围网
962,29.87741666666667,123.4652777777778,1.9,289.0,2018-09-18 13:22:01,围网
962,29.88008333333333,123.46083333333334,1.6,286.0,2018-09-18 13:32:01,围网
962,29.88275,123.45686111111112,1.7,280.0,2018-09-18 13:42:01,围网
962,29.88502777777777,123.45275,1.3,302.0,2018-09-18 13:52:01,围网
962,29.88727777777777,123.44841666666667,1.9,316.0,2018-09-18 14:02:01,围网
962,29.88936111111111,123.44441666666668,1.7,315.0,2018-09-18 14:12:01,围网
962,29.89230555555556,123.44088888888888,1.7,314.0,2018-09-18 14:22:01,围网
962,29.895555555555553,123.43772222222222,1.4,319.0,2018-09-18 14:32:01,围网
962,29.899,123.43466666666669,1.2,330.0,2018-09-18 14:42:01,围网
962,29.902527777777767,123.4315,1.3,332.0,2018-09-18 14:52:01,围网
962,29.906555555555553,123.42913888888887,1.4,351.0,2018-09-18 15:02:01,围网
962,29.911,123.42775,2.2,11.0,2018-09-18 15:12:01,围网
962,29.91547222222223,123.4267777777778,1.7,16.0,2018-09-18 15:22:01,围网
962,29.91975,123.42591666666668,1.5,356.0,2018-09-18 15:32:01,围网
962,29.924083333333336,123.42475,1.7,0.0,2018-09-18 15:42:01,围网
962,29.92827777777779,123.42333333333332,1.5,0.0,2018-09-18 15:52:01,围网
962,29.932472222222234,123.42188888888887,1.6,10.0,2018-09-18 16:02:01,围网
962,29.95425,123.41425,1.4,341.0,2018-09-18 16:52:01,围网
962,29.95869444444445,123.41308333333332,1.6,341.0,2018-09-18 17:02:01,围网
962,29.96313888888889,123.41213888888888,1.5,346.0,2018-09-18 17:12:01,围网
962,29.967527777777768,123.4112222222222,1.2,342.0,2018-09-18 17:22:01,围网
962,29.968555555555554,123.41275,1.4,173.0,2018-09-18 17:32:01,围网
962,29.96597222222222,123.41413888888887,0.9,194.0,2018-09-18 17:42:01,围网
962,29.96572222222222,123.4135,1.5,353.0,2018-09-18 17:52:01,围网
962,29.9665,123.41497222222222,0.4,0.0,2018-09-18 18:02:01,围网
962,29.96697222222221,123.41638888888887,0.6,0.0,2018-09-18 18:12:01,围网
962,29.96080555555556,123.41905555555556,1.3,162.0,2018-09-18 18:22:01,围网
962,29.95808333333333,123.42191666666666,1.0,137.0,2018-09-18 18:32:01,围网
962,29.955388888888887,123.425,1.8,125.0,2018-09-18 18:42:01,围网
962,29.95272222222223,123.42811111111112,1.2,149.0,2018-09-18 18:52:01,围网
962,29.950027777777766,123.43080555555555,1.1,128.0,2018-09-18 19:02:01,围网
962,29.94708333333333,123.43341666666667,1.3,166.0,2018-09-18 19:12:01,围网
962,29.94388888888889,123.43580555555555,1.1,140.0,2018-09-18 19:22:01,围网
962,29.94075,123.43833333333332,1.3,140.0,2018-09-18 19:32:01,围网
962,29.93758333333333,123.44094444444444,1.5,171.0,2018-09-18 19:42:01,围网
962,29.934444444444445,123.44361111111112,1.5,121.0,2018-09-18 19:52:01,围网
962,29.931305555555557,123.44633333333331,1.2,135.0,2018-09-18 20:02:01,围网
962,29.92811111111111,123.44888888888887,1.6,142.0,2018-09-18 20:12:01,围网
962,29.924777777777766,123.45163888888888,1.5,154.0,2018-09-18 20:22:01,围网
962,29.921277777777767,123.45388888888893,1.6,163.0,2018-09-18 20:32:01,围网
962,29.91769444444445,123.45611111111113,1.4,137.0,2018-09-18 20:42:01,围网
962,29.91402777777777,123.45808333333332,1.5,151.0,2018-09-18 20:52:01,围网
962,29.910305555555553,123.45997222222222,1.5,157.0,2018-09-18 21:02:01,围网
962,29.90658333333333,123.46177777777778,1.4,148.0,2018-09-18 21:12:01,围网
962,29.90283333333333,123.4635,1.6,149.0,2018-09-18 21:22:01,围网
962,29.89897222222222,123.46538888888894,1.5,160.0,2018-09-18 21:32:01,围网
962,29.895138888888887,123.46680555555555,2.1,128.0,2018-09-18 21:42:01,围网
962,29.89116666666667,123.46813888888887,1.4,161.0,2018-09-18 21:52:01,围网
962,29.88736111111111,123.46941666666666,1.8,157.0,2018-09-18 22:02:01,围网
962,29.8835,123.47083333333332,1.6,161.0,2018-09-18 22:12:01,围网
962,29.87961111111111,123.47213888888888,1.4,165.0,2018-09-18 22:22:01,围网
962,29.87580555555556,123.4735,1.2,159.0,2018-09-18 22:32:01,围网
962,29.872,123.47488888888893,1.6,180.0,2018-09-18 22:42:01,围网
962,29.86816666666667,123.47625,1.2,178.0,2018-09-18 22:52:01,围网
962,29.86433333333333,123.47766666666668,1.4,166.0,2018-09-18 23:02:01,围网
962,29.8605,123.47902777777777,1.4,153.0,2018-09-18 23:12:01,围网
962,29.85672222222223,123.48047222222223,1.4,162.0,2018-09-18 23:22:01,围网
962,29.85311111111111,123.48180555555555,1.2,167.0,2018-09-18 23:32:01,围网
962,29.849472222222207,123.48236111111108,2.1,246.0,2018-09-18 23:42:01,围网
962,29.852472222222232,123.48055555555555,1.3,338.0,2018-09-18 23:52:01,围网
962,29.80563888888889,123.5052777777778,0.4,0.0,2018-09-19 00:02:01,围网
962,29.85541666666667,123.48058333333331,0.4,349.0,2018-09-19 00:12:01,围网
962,29.85444444444445,123.48086111111112,3.9,292.0,2018-09-19 00:22:01,围网
962,29.855694444444445,123.48083333333334,1.9,43.0,2018-09-19 00:32:01,围网
962,29.85972222222223,123.48911111111113,1.9,9.0,2018-09-19 00:42:01,围网
962,29.86519444444445,123.48766666666668,1.5,356.0,2018-09-19 00:52:01,围网
962,29.869194444444453,123.48402777777777,1.7,318.0,2018-09-19 01:02:01,围网
962,29.87191666666667,123.47983333333332,1.7,289.0,2018-09-19 01:12:01,围网
962,29.87413888888889,123.476,1.4,317.0,2018-09-19 01:22:01,围网
962,29.87713888888889,123.47308333333334,1.1,307.0,2018-09-19 01:32:01,围网
962,29.87938888888889,123.46911111111108,1.4,305.0,2018-09-19 01:42:01,围网
962,29.88166666666667,123.46505555555555,1.4,302.0,2018-09-19 01:52:01,围网
962,29.88438888888889,123.46136111111107,1.4,316.0,2018-09-19 02:02:01,围网
962,29.887555555555554,123.45816666666668,1.1,326.0,2018-09-19 02:12:01,围网
962,29.89108333333333,123.45530555555555,1.3,332.0,2018-09-19 02:22:01,围网
962,29.895416666666666,123.45380555555555,1.6,322.0,2018-09-19 02:32:01,围网
962,29.89994444444445,123.45308333333334,1.2,0.0,2018-09-19 02:42:01,围网
962,29.90447222222221,123.45241666666666,1.8,0.0,2018-09-19 02:52:01,围网
962,29.90883333333333,123.45097222222222,2.2,313.0,2018-09-19 03:02:01,围网
962,29.913138888888888,123.44883333333334,1.7,0.0,2018-09-19 03:12:01,围网
962,29.91686111111111,123.4460277777778,0.8,0.0,2018-09-19 03:22:01,围网
962,29.92027777777778,123.44263888888894,2.3,291.0,2018-09-19 03:32:01,围网
962,29.92394444444445,123.43933333333334,1.7,317.0,2018-09-19 03:42:01,围网
962,29.92691666666667,123.43611111111113,1.2,311.0,2018-09-19 03:52:01,围网
962,29.930111111111113,123.4327777777778,1.0,313.0,2018-09-19 04:02:01,围网
962,29.93375,123.42988888888893,1.5,322.0,2018-09-19 04:12:01,围网
962,29.9375,123.42708333333331,1.3,309.0,2018-09-19 04:22:01,围网
962,29.941388888888888,123.42447222222222,1.4,312.0,2018-09-19 04:32:01,围网
962,29.94536111111111,123.42188888888887,1.3,329.0,2018-09-19 04:42:01,围网
962,29.949472222222226,123.41941666666666,2.0,346.0,2018-09-19 04:52:01,围网
962,29.953722222222233,123.41747222222222,1.6,323.0,2018-09-19 05:02:01,围网
962,29.957611111111113,123.41508333333334,1.4,326.0,2018-09-19 05:12:01,围网
962,29.96175,123.41330555555555,1.9,346.0,2018-09-19 05:22:01,围网
962,29.96622222222221,123.41233333333334,1.7,355.0,2018-09-19 05:32:01,围网
962,29.97044444444445,123.41066666666669,1.4,339.0,2018-09-19 05:42:01,围网
962,29.9745,123.40850000000002,1.4,350.0,2018-09-19 05:52:01,围网
962,29.97875,123.40702777777778,1.5,341.0,2018-09-19 06:02:01,围网
962,29.982722222222232,123.40580555555556,1.4,337.0,2018-09-19 06:12:01,围网
962,29.98225,123.40833333333336,2.0,169.0,2018-09-19 06:22:01,围网
962,29.97922222222222,123.4092777777778,1.2,196.0,2018-09-19 06:32:01,围网
962,29.98083333333333,123.40938888888893,2.4,76.0,2018-09-19 06:42:01,围网
962,29.98252777777777,123.41069444444445,0.5,26.0,2018-09-19 06:52:01,围网
962,29.98258333333333,123.41119444444445,5.5,214.0,2018-09-19 07:02:01,围网
962,29.96941666666667,123.40613888888888,1.5,4.0,2018-09-19 07:12:01,围网
962,29.963305555555557,123.40908333333334,1.2,141.0,2018-09-19 07:22:01,围网
962,29.960305555555554,123.4099722222222,1.1,165.0,2018-09-19 07:32:01,围网
962,29.95722222222221,123.41191666666668,1.2,162.0,2018-09-19 07:42:01,围网
962,29.954,123.4135277777778,1.1,160.0,2018-09-19 07:52:01,围网
962,29.95072222222222,123.41475,1.1,175.0,2018-09-19 08:02:01,围网
962,29.9475,123.41644444444445,1.8,144.0,2018-09-19 08:12:01,围网
962,29.944277777777767,123.41811111111113,1.4,178.0,2018-09-19 08:22:01,围网
962,29.941055555555558,123.41997222222223,1.0,163.0,2018-09-19 08:32:01,围网
962,29.937972222222232,123.42233333333334,1.5,163.0,2018-09-19 08:42:01,围网
962,29.93480555555556,123.42458333333332,1.5,148.0,2018-09-19 08:52:01,围网
962,29.9315,123.42680555555555,1.2,150.0,2018-09-19 09:02:01,围网
962,29.92813888888889,123.42905555555555,1.6,138.0,2018-09-19 09:12:01,围网
962,29.924805555555555,123.43130555555555,1.3,136.0,2018-09-19 09:22:01,围网
962,29.92130555555556,123.43358333333332,1.7,138.0,2018-09-19 09:32:01,围网
962,29.917805555555557,123.43594444444444,1.8,138.0,2018-09-19 09:42:01,围网
962,29.914222222222207,123.43827777777778,1.4,148.0,2018-09-19 09:52:01,围网
962,29.91044444444444,123.44086111111106,1.7,140.0,2018-09-19 10:02:01,围网
962,29.90694444444444,123.44311111111112,1.4,149.0,2018-09-19 10:12:01,围网
962,29.903305555555555,123.44552777777777,1.3,167.0,2018-09-19 10:22:01,围网
962,29.89913888888889,123.44622222222222,1.5,187.0,2018-09-19 10:32:01,围网
962,29.894972222222233,123.44586111111113,1.7,180.0,2018-09-19 10:42:01,围网
962,29.89086111111111,123.44694444444444,1.5,154.0,2018-09-19 10:52:01,围网
962,29.886944444444445,123.44936111111113,1.6,171.0,2018-09-19 11:02:01,围网
962,29.883194444444445,123.45155555555556,1.4,143.0,2018-09-19 11:12:01,围网
962,29.879472222222233,123.45386111111112,1.7,154.0,2018-09-19 11:22:01,围网
962,29.87566666666667,123.45616666666668,1.4,147.0,2018-09-19 11:32:01,围网
962,29.87183333333333,123.45850000000002,1.4,170.0,2018-09-19 11:42:01,围网
962,29.868222222222233,123.46080555555555,1.4,152.0,2018-09-19 11:52:01,围网
962,29.864694444444453,123.46297222222222,1.5,147.0,2018-09-19 12:02:01,围网
962,29.861,123.46469444444445,1.0,163.0,2018-09-19 12:12:01,围网
962,29.860055555555558,123.46402777777777,0.7,355.0,2018-09-19 12:22:01,围网
962,29.862805555555557,123.4620277777778,1.7,338.0,2018-09-19 12:32:01,围网
962,29.86408333333333,123.46252777777778,0.2,0.0,2018-09-19 12:42:01,围网
962,29.86502777777779,123.46358333333332,0.2,0.0,2018-09-19 12:52:01,围网
962,29.85355555555556,123.47205555555556,6.9,140.0,2018-09-19 13:02:01,围网
962,29.838305555555557,123.48630555555556,7.2,137.0,2018-09-19 13:12:01,围网
962,29.82908333333333,123.49466666666666,2.9,85.0,2018-09-19 13:22:01,围网
962,29.821305555555558,123.49783333333336,1.5,197.0,2018-09-19 13:32:01,围网
962,29.817472222222207,123.49477777777778,1.6,218.0,2018-09-19 13:42:01,围网
962,29.814222222222234,123.49258333333334,1.2,179.0,2018-09-19 13:52:01,围网
962,29.80775,123.48877777777778,1.2,219.0,2018-09-19 14:12:01,围网
962,29.80461111111111,123.48658333333334,1.3,190.0,2018-09-19 14:22:01,围网
962,29.80241666666667,123.48238888888888,2.5,271.0,2018-09-19 14:32:01,围网
962,29.80625,123.47558333333332,2.2,320.0,2018-09-19 14:42:01,围网
962,29.81072222222221,123.47197222222222,1.7,318.0,2018-09-19 14:52:01,围网
962,29.81458333333333,123.46888888888887,1.8,337.0,2018-09-19 15:02:01,围网
962,29.819138888888887,123.46736111111107,1.8,356.0,2018-09-19 15:12:01,围网
962,29.82386111111111,123.46605555555556,2.0,354.0,2018-09-19 15:22:01,围网
962,29.832694444444453,123.46263888888888,1.5,340.0,2018-09-19 15:42:01,围网
962,29.83725,123.46158333333334,1.5,359.0,2018-09-19 15:52:01,围网
962,29.841916666666666,123.46108333333332,1.8,357.0,2018-09-19 16:02:01,围网
962,29.84669444444444,123.4610277777778,1.6,0.0,2018-09-19 16:12:01,围网
962,29.851277777777767,123.46163888888887,1.4,7.0,2018-09-19 16:22:01,围网
962,29.85583333333333,123.4620277777778,1.3,354.0,2018-09-19 16:32:01,围网
962,29.86047222222223,123.46177777777778,1.8,358.0,2018-09-19 16:42:01,围网
962,29.865111111111112,123.46091666666668,1.7,4.0,2018-09-19 16:52:01,围网
962,29.86947222222221,123.45847222222223,2.5,348.0,2018-09-19 17:02:01,围网
962,29.873444444444445,123.45572222222224,1.6,333.0,2018-09-19 17:12:01,围网
962,29.87708333333333,123.45288888888888,1.8,347.0,2018-09-19 17:22:01,围网
962,29.88061111111111,123.45008333333334,2.6,351.0,2018-09-19 17:32:01,围网
962,29.88419444444445,123.44761111111113,1.1,324.0,2018-09-19 17:42:01,围网
962,29.888,123.44591666666668,1.5,3.0,2018-09-19 17:52:01,围网
962,29.89172222222221,123.44541666666666,0.9,356.0,2018-09-19 18:02:01,围网
962,29.891222222222233,123.44769444444445,0.4,129.0,2018-09-19 18:12:01,围网
962,29.887527777777766,123.44838888888893,2.8,190.0,2018-09-19 18:22:01,围网
962,29.888333333333332,123.44755555555555,0.7,357.0,2018-09-19 18:32:01,围网
962,29.89058333333333,123.4485,2.2,113.0,2018-09-19 18:42:01,围网
962,29.89194444444445,123.44866666666668,3.2,55.0,2018-09-19 18:52:01,围网
962,29.893916666666666,123.44975,0.9,26.0,2018-09-19 19:02:01,围网
962,29.896555555555555,123.45138888888887,1.4,34.0,2018-09-19 19:12:01,围网
962,29.89897222222222,123.45383333333334,0.7,49.0,2018-09-19 19:22:01,围网
962,29.900027777777765,123.44936111111113,4.2,212.0,2018-09-19 19:32:01,围网
962,29.889111111111113,123.44883333333334,1.0,145.0,2018-09-19 19:42:01,围网
962,29.89025,123.45133333333334,1.7,186.0,2018-09-19 19:52:01,围网
962,29.88383333333333,123.45505555555556,1.0,151.0,2018-09-19 20:02:01,围网
962,29.88102777777778,123.45730555555555,1.2,125.0,2018-09-19 20:12:01,围网
962,29.87833333333333,123.46019444444444,1.1,148.0,2018-09-19 20:22:01,围网
962,29.87533333333333,123.46247222222222,1.3,152.0,2018-09-19 20:32:01,围网
962,29.87233333333333,123.46480555555556,1.0,149.0,2018-09-19 20:42:01,围网
962,29.86925,123.46708333333332,1.6,128.0,2018-09-19 20:52:01,围网
962,29.86605555555556,123.46922222222223,1.7,162.0,2018-09-19 21:02:01,围网
962,29.863111111111113,123.47213888888888,0.3,0.0,2018-09-19 21:12:01,围网
962,29.860194444444453,123.47491666666667,1.1,137.0,2018-09-19 21:22:01,围网
962,29.85386111111111,123.4802777777778,0.9,164.0,2018-09-19 21:42:01,围网
962,29.85083333333333,123.48269444444445,2.3,130.0,2018-09-19 21:52:01,围网
962,29.847555555555555,123.48541666666668,1.4,149.0,2018-09-19 22:02:01,围网
962,29.84461111111111,123.48791666666666,1.3,139.0,2018-09-19 22:12:01,围网
962,29.84133333333333,123.49019444444444,0.5,0.0,2018-09-19 22:22:01,围网
962,29.83811111111111,123.4922222222222,1.8,157.0,2018-09-19 22:32:01,围网
962,29.83094444444445,123.49580555555555,0.7,173.0,2018-09-19 22:52:01,围网
962,29.82725,123.49713888888893,1.9,135.0,2018-09-19 23:02:01,围网
962,29.82375,123.49861111111113,1.5,159.0,2018-09-19 23:12:01,围网
962,29.820166666666665,123.49983333333331,1.4,140.0,2018-09-19 23:22:01,围网
962,29.816666666666666,123.50113888888887,2.0,155.0,2018-09-19 23:32:01,围网
962,29.81288888888889,123.50238888888887,1.5,156.0,2018-09-19 23:42:01,围网
962,29.80919444444445,123.50377777777778,1.3,151.0,2018-09-19 23:52:01,围网
962,29.776694444444445,123.25252777777777,1.5,161.0,2018-09-20 00:02:01,围网
962,29.802,123.50663888888887,1.3,187.0,2018-09-20 00:12:01,围网
962,29.798222222222233,123.50805555555556,2.3,155.0,2018-09-20 00:22:01,围网
962,29.79486111111111,123.50944444444444,1.7,169.0,2018-09-20 00:32:01,围网
962,29.79241666666667,123.50452777777778,2.1,250.0,2018-09-20 00:42:01,围网
962,29.794777777777767,123.50341666666668,2.0,42.0,2018-09-20 00:52:01,围网
962,29.796999999999997,123.50530555555555,2.6,35.0,2018-09-20 01:02:01,围网
962,29.79819444444445,123.50730555555555,3.1,31.0,2018-09-20 01:12:01,围网
962,29.80011111111111,123.50891666666666,1.0,290.0,2018-09-20 01:22:01,围网
962,29.80191666666667,123.5109722222222,0.4,54.0,2018-09-20 01:32:01,围网
962,29.80397222222221,123.51263888888887,1.9,24.0,2018-09-20 01:42:01,围网
962,29.806,123.51461111111112,3.2,60.0,2018-09-20 01:52:01,围网
962,29.80808333333333,123.5165,2.0,36.0,2018-09-20 02:02:01,围网
962,29.80983333333333,123.51869444444445,2.6,169.0,2018-09-20 02:12:01,围网
962,29.80102777777779,123.51369444444444,4.3,172.0,2018-09-20 02:22:01,围网
962,29.80094444444445,123.514,4.0,24.0,2018-09-20 02:32:01,围网
962,29.80352777777778,123.51563888888887,2.3,21.0,2018-09-20 02:42:01,围网
962,29.806305555555557,123.51602777777778,1.4,264.0,2018-09-20 02:52:01,围网
962,29.80019444444445,123.51455555555556,1.6,230.0,2018-09-20 03:02:01,围网
962,29.798222222222233,123.51166666666668,1.3,208.0,2018-09-20 03:12:01,围网
962,29.796527777777786,123.50877777777778,1.5,258.0,2018-09-20 03:22:01,围网
962,29.796777777777766,123.50386111111106,1.5,280.0,2018-09-20 03:32:01,围网
962,29.79925,123.49888888888887,3.0,333.0,2018-09-20 03:42:01,围网
962,29.80333333333333,123.49505555555555,1.4,0.0,2018-09-20 03:52:01,围网
962,29.80758333333333,123.4920277777778,2.3,321.0,2018-09-20 04:02:01,围网
962,29.81130555555556,123.48944444444444,3.2,347.0,2018-09-20 04:12:01,围网
962,29.815472222222233,123.48683333333334,2.7,351.0,2018-09-20 04:22:01,围网
962,29.819027777777766,123.48358333333331,1.5,305.0,2018-09-20 04:32:01,围网
962,29.82208333333333,123.47944444444445,2.6,321.0,2018-09-20 04:42:01,围网
962,29.8255,123.47591666666668,1.0,320.0,2018-09-20 04:52:01,围网
962,29.828194444444442,123.47175,1.4,307.0,2018-09-20 05:02:01,围网
962,29.83125,123.46794444444444,1.0,307.0,2018-09-20 05:12:01,围网
962,29.832611111111113,123.46388888888887,1.9,316.0,2018-09-20 05:22:01,围网
962,29.83544444444444,123.46002777777778,0.6,280.0,2018-09-20 05:32:01,围网
962,29.838777777777768,123.45636111111112,2.9,333.0,2018-09-20 05:42:01,围网
962,29.843611111111112,123.454,2.1,350.0,2018-09-20 05:52:01,围网
962,29.84883333333333,123.45386111111112,2.2,9.0,2018-09-20 06:02:01,围网
962,29.851944444444445,123.45525,0.9,31.0,2018-09-20 06:12:01,围网
962,29.851138888888887,123.45680555555555,1.6,153.0,2018-09-20 06:22:01,围网
962,29.847666666666665,123.45688888888887,2.2,192.0,2018-09-20 06:32:01,围网
962,29.848777777777766,123.45730555555555,1.3,346.0,2018-09-20 06:42:01,围网
962,29.851861111111113,123.45975,1.5,26.0,2018-09-20 06:52:01,围网
962,29.859861111111112,123.46497222222222,1.9,20.0,2018-09-20 07:12:01,围网
962,29.863888888888887,123.46797222222223,2.7,43.0,2018-09-20 07:22:01,围网
962,29.867916666666666,123.47116666666668,2.4,30.0,2018-09-20 07:32:01,围网
962,29.871972222222233,123.47475,1.5,95.0,2018-09-20 07:42:01,围网
962,29.87583333333333,123.47841666666667,2.9,69.0,2018-09-20 07:52:01,围网
962,29.87980555555556,123.48241666666668,3.8,31.0,2018-09-20 08:02:01,围网
962,29.88636111111111,123.49019444444444,1.7,47.0,2018-09-20 08:22:01,围网
962,29.88727777777777,123.49416666666669,3.9,241.0,2018-09-20 08:32:01,围网
962,29.887305555555553,123.477,6.6,281.0,2018-09-20 08:42:01,围网
962,29.88733333333333,123.45891666666668,3.8,273.0,2018-09-20 08:52:01,围网
962,29.88741666666667,123.44752777777781,4.7,264.0,2018-09-20 09:02:01,围网
962,29.886055555555558,123.42875,5.6,264.0,2018-09-20 09:12:01,围网
962,29.8855,123.40894444444444,6.6,279.0,2018-09-20 09:22:01,围网
962,29.88494444444445,123.38852777777778,6.1,271.0,2018-09-20 09:32:01,围网
962,29.88480555555555,123.3694722222222,5.2,277.0,2018-09-20 09:42:01,围网
962,29.88347222222221,123.35094444444445,6.3,269.0,2018-09-20 09:52:01,围网
962,29.88333333333333,123.33952777777776,4.5,286.0,2018-09-20 10:02:01,围网
962,29.88375,123.32541666666664,4.3,256.0,2018-09-20 10:12:01,围网
962,29.882055555555556,123.30966666666666,5.7,253.0,2018-09-20 10:22:01,围网
962,29.87691666666667,123.2939722222222,5.4,251.0,2018-09-20 10:32:01,围网
962,29.87116666666667,123.27816666666666,5.1,233.0,2018-09-20 10:42:01,围网
962,29.86175,123.26775,5.8,222.0,2018-09-20 10:52:01,围网
962,29.84825,123.25891666666666,7.3,201.0,2018-09-20 11:02:01,围网
962,29.832916666666666,123.25116666666668,5.6,188.0,2018-09-20 11:12:01,围网
962,29.814138888888888,123.24872222222223,7.0,182.0,2018-09-20 11:22:01,围网
962,29.797555555555558,123.24419444444445,6.4,196.0,2018-09-20 11:32:01,围网
962,29.78247222222221,123.24091666666666,2.0,70.0,2018-09-20 11:42:01,围网
962,29.783722222222234,123.24458333333332,0.9,163.0,2018-09-20 11:52:01,围网
962,29.784861111111113,123.24813888888887,1.3,40.0,2018-09-20 12:02:01,围网
962,29.78475000000001,123.25152777777777,2.9,191.0,2018-09-20 12:12:01,围网
962,29.77691666666667,123.252,0.9,173.0,2018-09-20 12:22:01,围网
962,29.77308333333333,123.25311111111112,1.8,177.0,2018-09-20 12:32:01,围网
962,29.769305555555555,123.25363888888887,1.4,161.0,2018-09-20 12:42:01,围网
962,29.765555555555554,123.2545,1.4,186.0,2018-09-20 12:52:01,围网
962,29.761833333333332,123.25558333333332,1.3,171.0,2018-09-20 13:02:01,围网
962,29.75844444444445,123.25791666666666,1.2,150.0,2018-09-20 13:12:01,围网
962,29.754638888888888,123.25894444444445,2.3,175.0,2018-09-20 13:22:01,围网
962,29.750666666666664,123.25922222222223,1.4,183.0,2018-09-20 13:32:01,围网
962,29.746861111111112,123.25980555555556,1.4,157.0,2018-09-20 13:42:01,围网
962,29.74316666666667,123.2605,3.3,196.0,2018-09-20 13:52:01,围网
962,29.735833333333336,123.26188888888888,1.3,189.0,2018-09-20 14:12:01,围网
962,29.73216666666667,123.26219444444445,1.7,197.0,2018-09-20 14:22:01,围网
962,29.728444444444442,123.26255555555555,1.4,207.0,2018-09-20 14:32:01,围网
962,29.724777777777767,123.26294444444444,1.0,170.0,2018-09-20 14:42:01,围网
962,29.721277777777768,123.26319444444445,1.4,187.0,2018-09-20 14:52:01,围网
962,29.717805555555554,123.26286111111106,1.1,169.0,2018-09-20 15:02:01,围网
962,29.71441666666667,123.26216666666666,1.8,159.0,2018-09-20 15:12:01,围网
962,29.714277777777767,123.26091666666667,1.3,274.0,2018-09-20 15:22:01,围网
962,29.717416666666665,123.26055555555556,1.2,333.0,2018-09-20 15:32:01,围网
962,29.71875,123.2614722222222,0.9,356.0,2018-09-20 15:42:01,围网
962,29.720027777777766,123.26313888888888,0.9,89.0,2018-09-20 15:52:01,围网
962,29.721527777777766,123.26683333333334,7.5,84.0,2018-09-20 16:02:01,围网
962,29.723527777777786,123.27333333333333,1.9,35.0,2018-09-20 16:12:01,围网
962,29.72875,123.27483333333332,2.4,350.0,2018-09-20 16:22:01,围网
962,29.733777777777767,123.27516666666668,1.9,357.0,2018-09-20 16:32:01,围网
962,29.73858333333333,123.27372222222222,1.2,335.0,2018-09-20 16:42:01,围网
962,29.74288888888889,123.27122222222219,1.8,313.0,2018-09-20 16:52:01,围网
962,29.74663888888889,123.26825,2.2,285.0,2018-09-20 17:02:01,围网
962,29.750138888888888,123.26502777777776,1.4,296.0,2018-09-20 17:12:01,围网
962,29.753416666666666,123.26186111111113,2.2,337.0,2018-09-20 17:22:01,围网
962,29.75683333333333,123.25880555555555,1.5,334.0,2018-09-20 17:32:01,围网
962,29.76058333333333,123.25602777777777,2.3,357.0,2018-09-20 17:42:01,围网
962,29.764388888888888,123.25305555555555,1.8,354.0,2018-09-20 17:52:01,围网
962,29.76894444444445,123.25102777777781,3.6,8.0,2018-09-20 18:02:01,围网
962,29.773194444444442,123.24922222222223,2.3,354.0,2018-09-20 18:12:01,围网
962,29.777638888888887,123.24758333333334,1.8,330.0,2018-09-20 18:22:01,围网
962,29.78211111111111,123.24583333333334,1.4,347.0,2018-09-20 18:32:01,围网
962,29.786583333333336,123.24402777777777,2.6,1.0,2018-09-20 18:42:01,围网
962,29.79122222222223,123.24261111111113,2.2,350.0,2018-09-20 18:52:01,围网
962,29.80025,123.24002777777777,2.4,339.0,2018-09-20 19:12:01,围网
962,29.804805555555557,123.23908333333334,1.6,0.0,2018-09-20 19:22:01,围网
962,29.80941666666667,123.23836111111108,2.3,0.0,2018-09-20 19:32:01,围网
962,29.81886111111111,123.23775,1.9,5.0,2018-09-20 19:52:01,围网
962,29.823638888888887,123.23769444444444,1.6,3.0,2018-09-20 20:02:01,围网
962,29.827805555555557,123.23569444444445,1.1,0.0,2018-09-20 20:12:01,围网
962,29.831111111111113,123.23311111111113,1.2,316.0,2018-09-20 20:22:01,围网
962,29.83491666666667,123.23125,3.4,2.0,2018-09-20 20:32:01,围网
962,29.838694444444442,123.23016666666668,1.6,26.0,2018-09-20 20:42:01,围网
962,29.837111111111113,123.23413888888888,2.1,175.0,2018-09-20 20:52:01,围网
962,29.83425,123.23516666666669,0.8,201.0,2018-09-20 21:02:01,围网
962,29.835472222222233,123.23586111111106,1.0,60.0,2018-09-20 21:12:01,围网
962,29.836111111111112,123.23822222222223,0.8,101.0,2018-09-20 21:22:01,围网
962,29.8365,123.24158333333334,0.5,0.0,2018-09-20 21:32:01,围网
962,29.83458333333333,123.23336111111112,2.1,252.0,2018-09-20 21:42:01,围网
962,29.829138888888888,123.23547222222223,3.6,187.0,2018-09-20 21:52:01,围网
962,29.825277777777767,123.23575,1.2,199.0,2018-09-20 22:02:01,围网
962,29.82186111111111,123.23575,1.5,173.0,2018-09-20 22:12:01,围网
962,29.818388888888887,123.23566666666666,1.5,160.0,2018-09-20 22:22:01,围网
962,29.81458333333333,123.23686111111112,2.6,135.0,2018-09-20 22:32:01,围网
962,29.81063888888889,123.23802777777777,1.5,147.0,2018-09-20 22:42:01,围网
962,29.806583333333336,123.23913888888887,2.0,137.0,2018-09-20 22:52:01,围网
962,29.80252777777779,123.24077777777778,0.9,0.0,2018-09-20 23:02:01,围网
962,29.798361111111113,123.24269444444445,1.7,149.0,2018-09-20 23:12:01,围网
962,29.794138888888888,123.24477777777778,2.3,144.0,2018-09-20 23:22:01,围网
962,29.78986111111111,123.24719444444445,2.4,137.0,2018-09-20 23:32:01,围网
962,29.78525,123.24955555555556,1.6,172.0,2018-09-20 23:42:01,围网
962,29.781111111111112,123.25133333333332,1.9,155.0,2018-09-20 23:52:01,围网
962,29.798444444444453,123.23,2.1,164.0,2018-09-21 00:02:01,围网
962,29.77216666666667,123.2535,1.7,165.0,2018-09-21 00:12:01,围网
962,29.767555555555553,123.25419444444445,1.6,171.0,2018-09-21 00:22:01,围网
962,29.763,123.25466666666668,1.9,164.0,2018-09-21 00:32:01,围网
962,29.758416666666665,123.25544444444445,1.9,170.0,2018-09-21 00:42:01,围网
962,29.753833333333336,123.25627777777778,1.5,178.0,2018-09-21 00:52:01,围网
962,29.749277777777767,123.25711111111113,1.5,173.0,2018-09-21 01:02:01,围网
962,29.74483333333333,123.2579722222222,1.6,172.0,2018-09-21 01:12:01,围网
962,29.740472222222234,123.25886111111107,1.8,175.0,2018-09-21 01:22:01,围网
962,29.73627777777777,123.25969444444445,1.7,179.0,2018-09-21 01:32:01,围网
962,29.732083333333332,123.26063888888888,2.3,204.0,2018-09-21 01:42:01,围网
962,29.727777777777767,123.26172222222223,1.6,163.0,2018-09-21 01:52:01,围网
962,29.72394444444444,123.26269444444445,1.5,151.0,2018-09-21 02:02:01,围网
962,29.719916666666666,123.26369444444444,1.2,182.0,2018-09-21 02:12:01,围网
962,29.71225,123.26422222222223,1.3,173.0,2018-09-21 02:32:01,围网
962,29.708527777777785,123.26391666666666,0.9,189.0,2018-09-21 02:42:01,围网
962,29.70483333333333,123.26402777777777,1.3,186.0,2018-09-21 02:52:01,围网
962,29.70136111111111,123.2645,1.0,193.0,2018-09-21 03:02:01,围网
962,29.703861111111113,123.2615,1.7,352.0,2018-09-21 03:12:01,围网
962,29.70675,123.26330555555555,0.6,206.0,2018-09-21 03:22:01,围网
962,29.706138888888887,123.2624722222222,3.2,266.0,2018-09-21 03:32:01,围网
962,29.707555555555555,123.26155555555556,0.3,0.0,2018-09-21 03:42:01,围网
962,29.707611111111113,123.26136111111107,3.1,146.0,2018-09-21 03:52:01,围网
962,29.71161111111111,123.2702777777778,6.9,58.0,2018-09-21 04:02:01,围网
962,29.716527777777767,123.27536111111112,2.3,347.0,2018-09-21 04:12:01,围网
962,29.72669444444445,123.27316666666668,1.5,349.0,2018-09-21 04:32:01,围网
962,29.731333333333332,123.2717222222222,1.9,329.0,2018-09-21 04:42:01,围网
962,29.735944444444453,123.27013888888888,1.8,340.0,2018-09-21 04:52:01,围网
962,29.74061111111111,123.2687222222222,1.4,4.0,2018-09-21 05:02:01,围网
962,29.74527777777779,123.26741666666666,1.7,342.0,2018-09-21 05:12:01,围网
962,29.749944444444452,123.26611111111113,1.9,356.0,2018-09-21 05:22:01,围网
962,29.754472222222233,123.2637777777778,1.7,324.0,2018-09-21 05:32:01,围网
962,29.75858333333333,123.2605,1.5,327.0,2018-09-21 05:42:01,围网
962,29.762472222222208,123.25702777777781,1.6,332.0,2018-09-21 05:52:01,围网
962,29.766638888888888,123.25416666666666,1.7,326.0,2018-09-21 06:02:01,围网
962,29.77141666666667,123.25211111111112,1.7,349.0,2018-09-21 06:12:01,围网
962,29.77630555555556,123.25033333333334,2.0,354.0,2018-09-21 06:22:01,围网
962,29.781277777777767,123.2487777777778,1.4,350.0,2018-09-21 06:32:01,围网
962,29.78625,123.24741666666668,1.3,340.0,2018-09-21 06:42:01,围网
962,29.79119444444445,123.24597222222219,1.1,0.0,2018-09-21 06:52:01,围网
962,29.796,123.24455555555555,1.5,0.0,2018-09-21 07:02:01,围网
962,29.80075,123.24308333333332,1.2,0.0,2018-09-21 07:12:01,围网
962,29.80536111111111,123.24163888888887,1.6,0.0,2018-09-21 07:22:01,围网
962,29.81494444444445,123.23966666666666,1.1,0.0,2018-09-21 07:42:01,围网
962,29.829361111111112,123.23833333333332,1.9,358.0,2018-09-21 08:12:01,围网
962,29.834138888888887,123.2385277777778,1.5,5.0,2018-09-21 08:22:01,围网
962,29.838611111111113,123.23919444444445,2.1,17.0,2018-09-21 08:32:01,围网
962,29.84272222222221,123.24022222222222,1.1,1.0,2018-09-21 08:42:01,围网
962,29.845166666666664,123.24213888888887,1.0,143.0,2018-09-21 08:52:01,围网
962,29.841638888888887,123.24216666666666,0.7,0.0,2018-09-21 09:02:01,围网
962,29.84086111111111,123.24163888888887,0.5,0.0,2018-09-21 09:12:01,围网
962,29.842194444444445,123.24266666666668,0.9,27.0,2018-09-21 09:22:01,围网
962,29.8435,123.24358333333332,0.7,336.0,2018-09-21 09:32:01,围网
962,29.84483333333333,123.24455555555555,0.4,0.0,2018-09-21 09:42:01,围网
962,29.84638888888889,123.24511111111113,0.7,38.0,2018-09-21 09:52:01,围网
962,29.847722222222234,123.24641666666666,1.5,36.0,2018-09-21 10:02:01,围网
962,29.84911111111111,123.24761111111113,1.4,31.0,2018-09-21 10:12:01,围网
962,29.850222222222232,123.24875,0.3,0.0,2018-09-21 10:22:01,围网
962,29.850666666666665,123.2494722222222,0.2,0.0,2018-09-21 10:32:01,围网
962,29.851055555555558,123.25016666666669,0.2,0.0,2018-09-21 10:42:01,围网
962,29.85141666666667,123.25094444444444,0.0,0.0,2018-09-21 10:52:01,围网
962,29.85211111111111,123.25208333333332,0.9,121.0,2018-09-21 11:02:01,围网
962,29.852611111111113,123.25408333333334,1.2,71.0,2018-09-21 11:12:01,围网
962,29.85333333333333,123.25677777777777,1.2,68.0,2018-09-21 11:22:01,围网
962,29.850388888888887,123.25655555555555,0.9,185.0,2018-09-21 11:32:01,围网
962,29.851388888888888,123.2575,0.9,172.0,2018-09-21 11:42:01,围网
962,29.851805555555554,123.25505555555556,0.9,56.0,2018-09-21 11:52:01,围网
962,29.853055555555557,123.25694444444444,0.6,42.0,2018-09-21 12:02:01,围网
962,29.85388888888889,123.25911111111112,0.9,48.0,2018-09-21 12:12:01,围网
962,29.85461111111111,123.26091666666667,0.5,35.0,2018-09-21 12:22:01,围网
962,29.85691666666667,123.2625,0.5,25.0,2018-09-21 12:32:01,围网
962,29.85758333333333,123.26547222222223,0.9,53.0,2018-09-21 12:42:01,围网
962,29.8575,123.26855555555555,1.5,127.0,2018-09-21 12:52:01,围网
962,29.855,123.27213888888888,2.6,147.0,2018-09-21 13:02:01,围网
962,29.85052777777778,123.27366666666668,1.5,170.0,2018-09-21 13:12:01,围网
962,29.841777777777768,123.27658333333332,1.7,211.0,2018-09-21 13:22:01,围网
962,29.837777777777767,123.27811111111113,2.1,154.0,2018-09-21 13:32:01,围网
962,29.83369444444445,123.2805277777778,1.5,158.0,2018-09-21 13:42:01,围网
962,29.829472222222233,123.28272222222222,1.5,171.0,2018-09-21 13:52:01,围网
962,29.82044444444445,123.28594444444445,2.0,157.0,2018-09-21 14:12:01,围网
962,29.81583333333333,123.28688888888887,1.5,174.0,2018-09-21 14:22:01,围网
962,29.81091666666667,123.28775,1.5,182.0,2018-09-21 14:32:01,围网
962,29.80566666666667,123.28811111111112,2.4,177.0,2018-09-21 14:42:01,围网
962,29.80052777777778,123.28838888888887,1.6,178.0,2018-09-21 14:52:01,围网
962,29.79541666666667,123.28816666666668,2.5,182.0,2018-09-21 15:02:01,围网
962,29.790388888888888,123.28755555555556,2.7,170.0,2018-09-21 15:12:01,围网
962,29.785694444444445,123.287,2.8,170.0,2018-09-21 15:22:01,围网
962,29.77938888888889,123.28533333333334,7.2,179.0,2018-09-21 15:32:01,围网
962,29.75611111111111,123.27966666666666,8.8,187.0,2018-09-21 15:42:01,围网
962,29.73569444444445,123.2789722222222,2.9,164.0,2018-09-21 15:52:01,围网
962,29.731305555555554,123.28013888888887,1.5,179.0,2018-09-21 16:02:01,围网
962,29.727555555555554,123.28,1.9,177.0,2018-09-21 16:12:01,围网
962,29.724,123.27913888888888,0.8,195.0,2018-09-21 16:22:01,围网
962,29.72044444444445,123.27811111111113,1.6,188.0,2018-09-21 16:32:01,围网
962,29.71725,123.27741666666668,0.0,0.0,2018-09-21 16:42:01,围网
962,29.714055555555554,123.27669444444444,2.7,195.0,2018-09-21 16:52:01,围网
962,29.711,123.27602777777778,0.4,0.0,2018-09-21 17:02:01,围网
962,29.70808333333333,123.27516666666668,1.8,200.0,2018-09-21 17:12:01,围网
962,29.702916666666663,123.2729722222222,0.3,0.0,2018-09-21 17:32:01,围网
962,29.70141666666667,123.27255555555556,1.4,223.0,2018-09-21 17:42:01,围网
962,29.699472222222226,123.27002777777777,1.4,214.0,2018-09-21 17:52:01,围网
962,29.70047222222223,123.26836111111106,6.4,46.0,2018-09-21 18:02:01,围网
962,29.707472222222233,123.26938888888887,1.6,313.0,2018-09-21 18:12:01,围网
962,29.711777777777765,123.26836111111106,1.6,346.0,2018-09-21 18:22:01,围网
962,29.71613888888889,123.26769444444444,1.4,6.0,2018-09-21 18:32:01,围网
962,29.72058333333333,123.26711111111112,1.5,348.0,2018-09-21 18:42:01,围网
962,29.72511111111111,123.2665,1.4,3.0,2018-09-21 18:52:01,围网
962,29.73416666666667,123.26455555555556,2.0,322.0,2018-09-21 19:12:01,围网
962,29.743,123.26125,2.0,347.0,2018-09-21 19:32:01,围网
962,29.74733333333333,123.26033333333334,1.2,344.0,2018-09-21 19:42:01,围网
962,29.751305555555557,123.25836111111113,1.2,348.0,2018-09-21 19:52:01,围网
962,29.75555555555556,123.25747222222222,1.6,348.0,2018-09-21 20:02:01,围网
962,29.759777777777767,123.25655555555555,1.7,4.0,2018-09-21 20:12:01,围网
962,29.764222222222234,123.25594444444445,1.6,1.0,2018-09-21 20:22:01,围网
962,29.768277777777786,123.25438888888887,0.8,0.0,2018-09-21 20:32:01,围网
962,29.772055555555553,123.25261111111112,1.4,336.0,2018-09-21 20:42:01,围网
962,29.776,123.25080555555556,0.7,0.0,2018-09-21 20:52:01,围网
962,29.77958333333333,123.24888888888887,1.7,299.0,2018-09-21 21:02:01,围网
962,29.783472222222233,123.24775,2.0,0.0,2018-09-21 21:12:01,围网
962,29.78802777777778,123.24811111111113,1.2,0.0,2018-09-21 21:22:01,围网
962,29.79183333333333,123.24794444444444,1.5,359.0,2018-09-21 21:32:01,围网
962,29.79569444444445,123.24786111111112,1.5,351.0,2018-09-21 21:42:01,围网
962,29.79963888888889,123.24808333333333,1.3,11.0,2018-09-21 21:52:01,围网
962,29.80088888888889,123.24891666666666,1.9,170.0,2018-09-21 22:02:01,围网
962,29.798027777777786,123.25025,1.2,157.0,2018-09-21 22:12:01,围网
962,29.796,123.25041666666668,0.6,248.0,2018-09-21 22:22:01,围网
962,29.79466666666667,123.2480277777778,0.5,267.0,2018-09-21 22:32:01,围网
962,29.79272222222223,123.24480555555556,2.9,272.0,2018-09-21 22:42:01,围网
962,29.810222222222233,123.24255555555555,6.8,1.0,2018-09-21 22:52:01,围网
962,29.828555555555557,123.24066666666668,6.5,346.0,2018-09-21 23:02:01,围网
962,29.82488888888889,123.23502777777777,1.7,244.0,2018-09-21 23:12:01,围网
962,29.821361111111113,123.23236111111108,1.6,215.0,2018-09-21 23:22:01,围网
962,29.816777777777766,123.22994444444444,2.4,208.0,2018-09-21 23:32:01,围网
962,29.81055555555556,123.22863888888888,2.7,183.0,2018-09-21 23:42:01,围网
962,29.80472222222223,123.22844444444445,0.6,278.0,2018-09-21 23:52:01,围网
962,29.84294444444444,123.2577222222222,7.9,161.0,2018-09-22 00:02:01,围网
962,29.79291666666667,123.23227777777778,2.0,160.0,2018-09-22 00:12:01,围网
962,29.78766666666667,123.23486111111107,1.8,152.0,2018-09-22 00:22:01,围网
962,29.78247222222221,123.2374722222222,2.2,160.0,2018-09-22 00:32:01,围网
962,29.77733333333333,123.23994444444445,1.9,158.0,2018-09-22 00:42:01,围网
962,29.772222222222233,123.24244444444444,1.9,159.0,2018-09-22 00:52:01,围网
962,29.767111111111113,123.24486111111106,1.8,162.0,2018-09-22 01:02:01,围网
962,29.76205555555555,123.24727777777778,1.8,155.0,2018-09-22 01:12:01,围网
962,29.75713888888889,123.24966666666668,2.0,165.0,2018-09-22 01:22:01,围网
962,29.75197222222221,123.25166666666668,2.0,170.0,2018-09-22 01:32:01,围网
962,29.74663888888889,123.25316666666667,1.9,171.0,2018-09-22 01:42:01,围网
962,29.74238888888889,123.24730555555556,1.7,219.0,2018-09-22 01:52:01,围网
962,29.73605555555556,123.24730555555556,2.6,171.0,2018-09-22 02:02:01,围网
962,29.73027777777777,123.24888888888887,1.9,165.0,2018-09-22 02:12:01,围网
962,29.725222222222207,123.25077777777777,1.8,155.0,2018-09-22 02:22:01,围网
962,29.720472222222234,123.25263888888887,1.5,153.0,2018-09-22 02:32:01,围网
962,29.715916666666665,123.25436111111112,1.7,162.0,2018-09-22 02:42:01,围网
962,29.711388888888887,123.25611111111112,1.6,167.0,2018-09-22 02:52:01,围网
962,29.706722222222233,123.25691666666664,1.8,174.0,2018-09-22 03:02:01,围网
962,29.70213888888889,123.2577222222222,1.3,160.0,2018-09-22 03:12:01,围网
962,29.69769444444445,123.25855555555556,1.5,154.0,2018-09-22 03:22:01,围网
962,29.69313888888889,123.2595,1.8,173.0,2018-09-22 03:32:01,围网
962,29.68875,123.26027777777777,2.0,154.0,2018-09-22 03:42:01,围网
962,29.68419444444445,123.2612777777778,1.4,165.0,2018-09-22 03:52:01,围网
962,29.680222222222234,123.26202777777776,1.5,169.0,2018-09-22 04:02:01,围网
962,29.676055555555557,123.26266666666668,1.3,169.0,2018-09-22 04:12:01,围网
962,29.671611111111112,123.26213888888887,1.8,197.0,2018-09-22 04:22:01,围网
962,29.67219444444445,123.25880555555555,1.2,288.0,2018-09-22 04:32:01,围网
962,29.676111111111112,123.25763888888888,2.4,47.0,2018-09-22 04:42:01,围网
962,29.67508333333333,123.25661111111113,1.0,249.0,2018-09-22 04:52:01,围网
962,29.674722222222233,123.25358333333332,1.1,251.0,2018-09-22 05:02:01,围网
962,29.675500000000003,123.2507222222222,2.6,53.0,2018-09-22 05:12:01,围网
962,29.682472222222234,123.25483333333334,2.1,348.0,2018-09-22 05:22:01,围网
962,29.687361111111112,123.25386111111106,1.9,345.0,2018-09-22 05:32:01,围网
962,29.692027777777767,123.25283333333334,1.3,350.0,2018-09-22 05:42:01,围网
962,29.69669444444445,123.2525,1.7,7.0,2018-09-22 05:52:01,围网
962,29.70172222222222,123.25202777777778,1.8,7.0,2018-09-22 06:02:01,围网
962,29.706277777777768,123.25155555555556,1.6,8.0,2018-09-22 06:12:01,围网
962,29.71116666666667,123.25075,1.8,352.0,2018-09-22 06:22:01,围网
962,29.71611111111111,123.25041666666668,1.6,358.0,2018-09-22 06:32:01,围网
962,29.721277777777768,123.25047222222223,1.7,354.0,2018-09-22 06:42:01,围网
962,29.731222222222208,123.25025,1.6,355.0,2018-09-22 07:02:01,围网
962,29.736305555555557,123.24991666666666,1.8,1.0,2018-09-22 07:12:01,围网
962,29.74144444444445,123.2495277777778,2.2,342.0,2018-09-22 07:22:01,围网
962,29.746472222222234,123.2492777777778,2.0,353.0,2018-09-22 07:32:01,围网
962,29.751555555555555,123.24894444444445,1.9,357.0,2018-09-22 07:42:01,围网
962,29.756527777777766,123.24819444444445,1.6,2.0,2018-09-22 07:52:01,围网
962,29.76147222222221,123.24727777777778,1.8,341.0,2018-09-22 08:02:01,围网
962,29.766333333333336,123.24622222222222,1.8,7.0,2018-09-22 08:12:01,围网
962,29.77119444444445,123.24555555555555,2.2,346.0,2018-09-22 08:22:01,围网
962,29.775916666666664,123.2445277777778,1.8,335.0,2018-09-22 08:32:01,围网
962,29.77991666666667,123.24216666666666,1.6,342.0,2018-09-22 08:42:01,围网
962,29.78433333333333,123.24108333333332,1.9,0.0,2018-09-22 08:52:01,围网
962,29.789,123.24094444444445,2.3,21.0,2018-09-22 09:02:01,围网
962,29.79347222222223,123.24125,1.4,0.0,2018-09-22 09:12:01,围网
962,29.798027777777786,123.24158333333334,1.3,2.0,2018-09-22 09:22:01,围网
962,29.802111111111113,123.24161111111113,1.5,13.0,2018-09-22 09:32:01,围网
962,29.810222222222233,123.24155555555555,1.4,12.0,2018-09-22 09:52:01,围网
962,29.814,123.242,1.4,24.0,2018-09-22 10:02:01,围网
962,29.817722222222233,123.24261111111113,1.1,22.0,2018-09-22 10:12:01,围网
962,29.817027777777767,123.24436111111113,1.5,163.0,2018-09-22 10:22:01,围网
962,29.81294444444445,123.24463888888887,3.1,208.0,2018-09-22 10:32:01,围网
962,29.81283333333333,123.24408333333334,3.1,282.0,2018-09-22 10:42:01,围网
962,29.813,123.24455555555555,0.0,0.0,2018-09-22 10:52:01,围网
962,29.813527777777786,123.24552777777777,3.3,176.0,2018-09-22 11:02:01,围网
962,29.81211111111111,123.24466666666666,0.6,136.0,2018-09-22 11:12:01,围网
962,29.813805555555557,123.24308333333332,6.8,342.0,2018-09-22 11:22:01,围网
962,29.834972222222234,123.24072222222223,7.9,359.0,2018-09-22 11:32:01,围网
962,29.856583333333337,123.23858333333332,8.1,358.0,2018-09-22 11:42:01,围网
962,29.87788888888889,123.23669444444445,8.1,358.0,2018-09-22 11:52:01,围网
962,29.90008333333333,123.23441666666666,7.3,343.0,2018-09-22 12:02:01,围网
962,29.902055555555553,123.23372222222223,1.6,56.0,2018-09-22 12:12:01,围网
962,29.907777777777767,123.2302777777778,2.9,243.0,2018-09-22 12:22:01,围网
962,29.90583333333333,123.22452777777778,2.0,225.0,2018-09-22 12:32:01,围网
962,29.901166666666665,123.2212222222222,2.4,185.0,2018-09-22 12:42:01,围网
962,29.89483333333333,123.22172222222223,2.1,168.0,2018-09-22 12:52:01,围网
962,29.8895,123.22330555555556,1.8,154.0,2018-09-22 13:02:01,围网
962,29.88458333333333,123.22483333333334,1.8,181.0,2018-09-22 13:12:01,围网
962,29.87969444444445,123.22475,1.6,191.0,2018-09-22 13:22:01,围网
962,29.87483333333333,123.22488888888893,2.2,182.0,2018-09-22 13:32:01,围网
962,29.869888888888887,123.22530555555555,2.3,185.0,2018-09-22 13:42:01,围网
962,29.86494444444445,123.22580555555555,1.9,184.0,2018-09-22 13:52:01,围网
962,29.860111111111113,123.22775,1.7,156.0,2018-09-22 14:02:01,围网
962,29.85522222222223,123.229,2.1,185.0,2018-09-22 14:12:01,围网
962,29.849888888888888,123.22858333333332,1.9,184.0,2018-09-22 14:22:01,围网
962,29.845111111111112,123.22816666666668,1.7,184.0,2018-09-22 14:32:01,围网
962,29.840166666666665,123.22861111111106,2.1,172.0,2018-09-22 14:42:01,围网
962,29.835305555555554,123.22955555555555,1.5,161.0,2018-09-22 14:52:01,围网
962,29.83061111111111,123.231,1.7,167.0,2018-09-22 15:02:01,围网
962,29.82608333333333,123.23241666666668,1.3,161.0,2018-09-22 15:12:01,围网
962,29.821388888888887,123.23333333333332,1.9,187.0,2018-09-22 15:22:01,围网
962,29.81663888888889,123.23380555555555,1.9,183.0,2018-09-22 15:32:01,围网
962,29.81208333333333,123.23430555555555,1.4,175.0,2018-09-22 15:42:01,围网
962,29.8075,123.23463888888894,1.6,173.0,2018-09-22 15:52:01,围网
962,29.80308333333333,123.23480555555555,1.9,186.0,2018-09-22 16:02:01,围网
962,29.79883333333333,123.23466666666668,1.0,177.0,2018-09-22 16:12:01,围网
962,29.794611111111113,123.23430555555555,1.5,190.0,2018-09-22 16:22:01,围网
962,29.790555555555557,123.23405555555556,1.5,187.0,2018-09-22 16:32:01,围网
962,29.78641666666667,123.23366666666668,1.5,197.0,2018-09-22 16:42:01,围网
962,29.78327777777778,123.23144444444445,3.1,343.0,2018-09-22 16:52:01,围网
962,29.787138888888887,123.22986111111106,0.8,329.0,2018-09-22 17:02:01,围网
962,29.78908333333333,123.22969444444445,0.7,257.0,2018-09-22 17:12:01,围网
962,29.7885,123.22638888888888,1.7,249.0,2018-09-22 17:22:01,围网
962,29.788000000000004,123.22208333333332,3.3,336.0,2018-09-22 17:32:01,围网
962,29.783361111111113,123.238,5.9,123.0,2018-09-22 17:42:01,围网
962,29.77769444444445,123.25441666666666,6.0,118.0,2018-09-22 17:52:01,围网
962,29.78133333333333,123.25922222222223,3.8,36.0,2018-09-22 18:02:01,围网
962,29.785166666666665,123.26036111111112,1.6,2.0,2018-09-22 18:12:01,围网
962,29.78966666666667,123.25977777777778,1.6,5.0,2018-09-22 18:22:01,围网
962,29.793972222222234,123.25938888888888,1.8,357.0,2018-09-22 18:32:01,围网
962,29.798222222222233,123.25886111111107,1.6,359.0,2018-09-22 18:42:01,围网
962,29.80252777777779,123.25861111111112,1.5,355.0,2018-09-22 18:52:01,围网
962,29.80691666666667,123.25858333333332,1.8,338.0,2018-09-22 19:02:01,围网
962,29.811555555555554,123.25808333333332,2.0,341.0,2018-09-22 19:12:01,围网
962,29.81586111111111,123.25755555555556,1.8,0.0,2018-09-22 19:22:01,围网
962,29.820555555555554,123.25716666666666,1.8,13.0,2018-09-22 19:32:01,围网
962,29.82530555555556,123.25680555555556,1.5,344.0,2018-09-22 19:42:01,围网
962,29.82997222222223,123.25663888888887,1.7,359.0,2018-09-22 19:52:01,围网
962,29.834722222222233,123.25655555555555,2.1,353.0,2018-09-22 20:02:01,围网
962,29.83947222222222,123.25627777777778,1.5,0.0,2018-09-22 20:12:01,围网
962,29.84438888888889,123.25561111111112,2.2,0.0,2018-09-22 20:22:01,围网
962,29.84925,123.25486111111113,1.7,355.0,2018-09-22 20:32:01,围网
962,29.85408333333333,123.25413888888887,1.8,347.0,2018-09-22 20:42:01,围网
962,29.85880555555556,123.25325,1.5,356.0,2018-09-22 20:52:01,围网
962,29.863416666666666,123.25244444444445,1.9,342.0,2018-09-22 21:02:01,围网
962,29.868055555555557,123.25186111111113,2.1,346.0,2018-09-22 21:12:01,围网
962,29.872694444444445,123.25144444444445,1.6,13.0,2018-09-22 21:22:01,围网
962,29.87733333333333,123.2515,1.6,14.0,2018-09-22 21:32:01,围网
962,29.88186111111111,123.25166666666668,1.6,12.0,2018-09-22 21:42:01,围网
962,29.88636111111111,123.2517777777778,1.5,0.0,2018-09-22 21:52:01,围网
962,29.89086111111111,123.25158333333331,1.9,341.0,2018-09-22 22:02:01,围网
962,29.89488888888889,123.2512777777778,1.4,9.0,2018-09-22 22:12:01,围网
962,29.89905555555555,123.25094444444444,1.5,347.0,2018-09-22 22:22:01,围网
962,29.903166666666664,123.25047222222223,1.8,338.0,2018-09-22 22:32:01,围网
962,29.90719444444445,123.24972222222222,1.1,349.0,2018-09-22 22:42:01,围网
962,29.91,123.25005555555555,1.5,174.0,2018-09-22 22:52:01,围网
962,29.906861111111112,123.2525,1.6,127.0,2018-09-22 23:02:01,围网
962,29.90513888888889,123.25205555555556,3.5,320.0,2018-09-22 23:12:01,围网
962,29.905666666666665,123.25113888888887,0.3,0.0,2018-09-22 23:22:01,围网
962,29.906027777777766,123.24941666666666,3.7,354.0,2018-09-22 23:32:01,围网
962,29.88813888888889,123.25269444444444,8.1,184.0,2018-09-22 23:42:01,围网
962,29.865527777777785,123.25333333333332,8.2,177.0,2018-09-22 23:52:01,围网
962,29.88711111111111,123.21238888888894,7.1,83.0,2018-09-23 00:01:01,围网
962,29.821472222222226,123.26752777777777,8.0,150.0,2018-09-23 00:12:01,围网
962,29.8015,123.27338888888887,4.9,157.0,2018-09-23 00:22:01,围网
962,29.797583333333336,123.27208333333333,7.8,237.0,2018-09-23 00:32:01,围网
962,29.793888888888887,123.26794444444445,1.7,193.0,2018-09-23 00:42:01,围网
962,29.788611111111113,123.2672777777778,2.1,166.0,2018-09-23 00:52:01,围网
962,29.783361111111113,123.26752777777777,2.0,179.0,2018-09-23 01:02:01,围网
962,29.77833333333333,123.26788888888888,2.0,174.0,2018-09-23 01:12:01,围网
962,29.77325,123.26869444444445,2.1,165.0,2018-09-23 01:22:01,围网
962,29.76783333333333,123.26938888888887,1.9,167.0,2018-09-23 01:32:01,围网
962,29.76286111111111,123.27,2.1,172.0,2018-09-23 01:42:01,围网
962,29.75769444444445,123.27063888888893,1.9,171.0,2018-09-23 01:52:01,围网
962,29.752277777777767,123.27133333333332,2.0,188.0,2018-09-23 02:02:01,围网
962,29.74741666666667,123.27191666666666,2.1,181.0,2018-09-23 02:12:01,围网
962,29.742361111111112,123.27247222222222,1.8,180.0,2018-09-23 02:22:01,围网
962,29.73733333333333,123.27316666666668,1.8,178.0,2018-09-23 02:32:01,围网
962,29.73233333333333,123.27372222222222,1.5,177.0,2018-09-23 02:42:01,围网
962,29.72741666666667,123.27425,1.6,174.0,2018-09-23 02:52:01,围网
962,29.722555555555548,123.2747222222222,1.2,171.0,2018-09-23 03:02:01,围网
962,29.718000000000004,123.27527777777777,1.6,200.0,2018-09-23 03:12:01,围网
962,29.71327777777779,123.27580555555555,1.6,0.0,2018-09-23 03:22:01,围网
962,29.70894444444445,123.27619444444444,1.2,163.0,2018-09-23 03:32:01,围网
962,29.704722222222234,123.27655555555555,2.0,171.0,2018-09-23 03:42:01,围网
962,29.70033333333333,123.2769722222222,1.5,175.0,2018-09-23 03:52:01,围网
962,29.696527777777767,123.27730555555556,1.7,184.0,2018-09-23 04:02:01,围网
962,29.692888888888888,123.27761111111113,1.2,173.0,2018-09-23 04:12:01,围网
962,29.689277777777768,123.27786111111112,1.5,174.0,2018-09-23 04:22:01,围网
962,29.685805555555557,123.27808333333333,1.5,173.0,2018-09-23 04:32:01,围网
962,29.682388888888887,123.27819444444445,1.1,172.0,2018-09-23 04:42:01,围网
962,29.67908333333333,123.27830555555555,1.6,163.0,2018-09-23 04:52:01,围网
962,29.676111111111112,123.27847222222222,1.5,168.0,2018-09-23 05:02:01,围网
962,29.673250000000003,123.27847222222222,1.4,193.0,2018-09-23 05:12:01,围网
962,29.670444444444453,123.27594444444445,4.6,295.0,2018-09-23 05:22:01,围网
962,29.674888888888887,123.27433333333332,2.7,10.0,2018-09-23 05:32:01,围网
962,29.677555555555557,123.27422222222219,2.8,49.0,2018-09-23 05:42:01,围网
962,29.67916666666667,123.26980555555555,0.7,287.0,2018-09-23 06:02:01,围网
962,29.667472222222226,123.26919444444445,6.3,137.0,2018-09-23 06:12:01,围网
962,29.67094444444445,123.27580555555555,3.2,14.0,2018-09-23 06:22:01,围网
962,29.676111111111112,123.27611111111106,2.0,354.0,2018-09-23 06:32:01,围网
962,29.68686111111111,123.27383333333331,1.7,349.0,2018-09-23 06:52:01,围网
962,29.692472222222232,123.27263888888888,1.9,351.0,2018-09-23 07:02:01,围网
962,29.69761111111111,123.27138888888894,1.8,355.0,2018-09-23 07:12:01,围网
962,29.702805555555553,123.27005555555556,1.7,347.0,2018-09-23 07:22:01,围网
962,29.70813888888889,123.26925,1.6,10.0,2018-09-23 07:32:01,围网
962,29.713666666666665,123.26955555555556,1.6,353.0,2018-09-23 07:42:01,围网
962,29.719305555555554,123.2687777777778,2.0,340.0,2018-09-23 07:52:01,围网
962,29.72483333333333,123.26625,2.2,340.0,2018-09-23 08:02:01,围网
962,29.729722222222208,123.2635,2.1,342.0,2018-09-23 08:12:01,围网
962,29.73475,123.26108333333332,1.9,336.0,2018-09-23 08:22:01,围网
962,29.739527777777766,123.25869444444444,1.8,336.0,2018-09-23 08:32:01,围网
962,29.74458333333333,123.25716666666666,1.9,351.0,2018-09-23 08:42:01,围网
962,29.74991666666667,123.25713888888887,1.8,355.0,2018-09-23 08:52:01,围网
962,29.755055555555554,123.25802777777777,2.1,350.0,2018-09-23 09:02:01,围网
962,29.76008333333333,123.25888888888888,2.0,6.0,2018-09-23 09:12:01,围网
962,29.765027777777767,123.25958333333332,1.7,16.0,2018-09-23 09:22:01,围网
962,29.76983333333333,123.25944444444444,1.7,354.0,2018-09-23 09:32:01,围网
962,29.77458333333333,123.25902777777776,1.6,351.0,2018-09-23 09:42:01,围网
962,29.779166666666665,123.25844444444445,1.8,343.0,2018-09-23 09:52:01,围网
962,29.78361111111111,123.25830555555555,1.5,355.0,2018-09-23 10:02:01,围网
962,29.787972222222226,123.25825,1.3,354.0,2018-09-23 10:12:01,围网
962,29.792333333333332,123.25858333333332,1.5,358.0,2018-09-23 10:22:01,围网
962,29.79630555555556,123.25869444444444,1.8,8.0,2018-09-23 10:32:01,围网
962,29.800305555555557,123.25880555555555,1.3,11.0,2018-09-23 10:42:01,围网
962,29.80408333333333,123.25922222222223,1.5,9.0,2018-09-23 10:52:01,围网
962,29.807666666666666,123.26055555555556,1.5,29.0,2018-09-23 11:02:01,围网
962,29.80775,123.26308333333333,0.7,155.0,2018-09-23 11:12:01,围网
962,29.803722222222234,123.26352777777778,1.6,215.0,2018-09-23 11:22:01,围网
962,29.80338888888889,123.26294444444444,0.5,32.0,2018-09-23 11:32:01,围网
962,29.802611111111112,123.26327777777777,0.8,144.0,2018-09-23 11:42:01,围网
962,29.800361111111112,123.26352777777778,1.0,178.0,2018-09-23 11:52:01,围网
962,29.805194444444453,123.26425,6.8,16.0,2018-09-23 12:01:01,围网
962,29.823166666666665,123.26577777777777,6.6,350.0,2018-09-23 12:11:01,围网
962,29.83963888888889,123.25680555555556,6.4,315.0,2018-09-23 12:21:01,围网
962,29.842527777777768,123.25094444444444,1.3,189.0,2018-09-23 12:31:01,围网
962,29.839555555555553,123.25008333333334,0.9,197.0,2018-09-23 12:41:01,围网
962,29.83655555555555,123.24930555555555,1.2,194.0,2018-09-23 12:51:01,围网
962,29.833444444444442,123.24838888888893,1.3,191.0,2018-09-23 13:01:01,围网
962,29.83019444444445,123.2475,1.4,195.0,2018-09-23 13:11:01,围网
962,29.82683333333333,123.24663888888887,1.7,196.0,2018-09-23 13:21:01,围网
962,29.82333333333333,123.24558333333331,2.0,197.0,2018-09-23 13:31:01,围网
962,29.82627777777777,123.24838888888893,0.7,0.0,2018-09-23 13:41:01,围网
962,29.825166666666664,123.25413888888887,2.0,120.0,2018-09-23 13:52:01,围网
962,29.82113888888889,123.25913888888887,2.5,147.0,2018-09-23 14:01:01,围网
962,29.81538888888889,123.26177777777778,2.4,173.0,2018-09-23 14:11:01,围网
962,29.80941666666667,123.26225,2.1,183.0,2018-09-23 14:21:01,围网
962,29.80383333333333,123.262,2.0,182.0,2018-09-23 14:31:01,围网
962,29.798388888888887,123.26122222222222,1.7,187.0,2018-09-23 14:41:01,围网
962,29.793055555555558,123.26055555555556,2.4,200.0,2018-09-23 14:51:01,围网
962,29.787805555555558,123.25983333333332,2.1,188.0,2018-09-23 15:01:01,围网
962,29.782527777777766,123.2585277777778,1.9,193.0,2018-09-23 15:11:01,围网
962,29.77783333333333,123.25483333333334,2.1,215.0,2018-09-23 15:21:01,围网
962,29.773611111111112,123.25066666666666,1.8,232.0,2018-09-23 15:31:01,围网
962,29.76961111111111,123.24633333333333,1.9,230.0,2018-09-23 15:41:01,围网
962,29.766,123.24177777777778,1.8,235.0,2018-09-23 15:51:01,围网
962,29.75922222222221,123.23263888888887,1.8,233.0,2018-09-23 16:11:01,围网
962,29.75611111111111,123.22808333333332,2.3,223.0,2018-09-23 16:21:01,围网
962,29.75311111111111,123.22363888888887,1.8,229.0,2018-09-23 16:31:01,围网
962,29.75030555555556,123.21888888888887,2.1,229.0,2018-09-23 16:41:01,围网
962,29.74783333333333,123.21408333333332,1.8,244.0,2018-09-23 16:51:01,围网
962,29.74561111111111,123.20925,1.3,236.0,2018-09-23 17:01:01,围网
962,29.74661111111111,123.20705555555556,1.0,355.0,2018-09-23 17:11:01,围网
962,29.74883333333333,123.2085277777778,0.9,221.0,2018-09-23 17:21:01,围网
962,29.747750000000003,123.20561111111112,1.8,240.0,2018-09-23 17:31:01,围网
962,29.74552777777778,123.20122222222223,1.7,234.0,2018-09-23 17:41:01,围网
962,29.748,123.20013888888887,6.4,34.0,2018-09-23 17:51:01,围网
962,29.752805555555554,123.20144444444445,1.2,30.0,2018-09-23 18:01:01,围网
962,29.75708333333333,123.20091666666669,1.4,359.0,2018-09-23 18:11:01,围网
962,29.761194444444445,123.20091666666669,1.5,11.0,2018-09-23 18:21:01,围网
962,29.76572222222222,123.20038888888894,1.3,354.0,2018-09-23 18:32:01,围网
962,29.770166666666665,123.19961111111112,1.4,346.0,2018-09-23 18:41:01,围网
962,29.774777777777768,123.19880555555555,1.3,356.0,2018-09-23 18:51:01,围网
962,29.77938888888889,123.19816666666668,1.7,345.0,2018-09-23 19:01:01,围网
962,29.784111111111113,123.19744444444444,1.8,344.0,2018-09-23 19:11:01,围网
962,29.789,123.19594444444445,1.6,342.0,2018-09-23 19:21:01,围网
962,29.79391666666667,123.19452777777781,1.7,345.0,2018-09-23 19:31:01,围网
962,29.79888888888889,123.19341666666668,1.9,347.0,2018-09-23 19:41:01,围网
962,29.80388888888889,123.19125,1.6,350.0,2018-09-23 19:51:01,围网
962,29.80894444444445,123.19169444444445,1.7,7.0,2018-09-23 20:01:01,围网
962,29.81313888888889,123.19394444444444,1.9,346.0,2018-09-23 20:11:01,围网
962,29.81825000000001,123.19369444444445,2.1,4.0,2018-09-23 20:21:01,围网
